appointment_id,location_id,service_type_id,scheduled_date,travel_minutes,override_flag,urgency,complexity_score,cancelled_label,day_of_week,is_weekend,month,is_winter,week_of_year,day_index
APT-000001,LOC-05,SVC-02,2025-08-02,4,False,Routine,34.2,1,5,1,8,1,31,1
APT-000003,LOC-05,SVC-01,2025-08-01,33,False,Routine,9.9,1,4,0,8,1,31,0
APT-000004,LOC-10,SVC-02,2025-08-01,15,False,Routine,85.4,1,4,0,8,1,31,0
APT-000005,LOC-10,SVC-02,2025-08-01,16,False,Urgent,26.6,1,4,0,8,1,31,0
APT-000006,LOC-07,SVC-07,2025-08-01,61,False,Priority,71.5,1,4,0,8,1,31,0
APT-000009,LOC-06,SVC-07,2025-08-02,28,False,Routine,62.1,1,5,1,8,1,31,1
APT-000011,LOC-02,SVC-07,2025-08-02,18,False,Routine,37.6,1,5,1,8,1,31,1
APT-000014,LOC-03,SVC-04,2025-08-01,6,False,Priority,7.6,1,4,0,8,1,31,0
APT-000015,LOC-09,SVC-03,2025-08-02,74,False,Routine,12.3,1,5,1,8,1,31,1
APT-000018,LOC-01,SVC-07,2025-08-02,19,False,Priority,42.9,1,5,1,8,1,31,1
APT-000022,LOC-06,SVC-03,2025-08-02,30,False,Priority,33.4,1,5,1,8,1,31,1
APT-000025,LOC-03,SVC-05,2025-08-02,33,False,Emergency,69.4,1,5,1,8,1,31,1
APT-000028,LOC-04,SVC-01,2025-08-02,3,False,Routine,88.0,1,5,1,8,1,31,1
APT-000029,LOC-05,SVC-02,2025-08-03,28,False,Routine,46.5,1,6,1,8,1,31,2
APT-000031,LOC-06,SVC-02,2025-08-06,49,False,Routine,36.5,1,2,0,8,1,32,5
APT-000036,LOC-09,SVC-06,2025-08-04,47,False,Routine,26.2,1,0,0,8,1,32,3
APT-000037,LOC-06,SVC-06,2025-08-05,3,False,Priority,65.8,1,1,0,8,1,32,4
APT-000041,LOC-08,SVC-02,2025-08-04,19,False,Priority,44.9,1,0,0,8,1,32,3
APT-000044,LOC-07,SVC-02,2025-08-05,21,False,Priority,53.3,1,1,0,8,1,32,4
APT-000045,LOC-01,SVC-07,2025-08-05,35,False,Routine,68.4,1,1,0,8,1,32,4
APT-000046,LOC-07,SVC-05,2025-08-05,7,False,Routine,42.8,1,1,0,8,1,32,4
APT-000058,LOC-01,SVC-01,2025-08-06,3,False,Routine,41.2,1,2,0,8,1,32,5
APT-000061,LOC-03,SVC-04,2025-08-04,25,False,Priority,36.6,1,0,0,8,1,32,3
APT-000063,LOC-08,SVC-02,2025-08-05,51,False,Routine,10.4,1,1,0,8,1,32,4
APT-000064,LOC-04,SVC-05,2025-08-05,17,False,Routine,17.7,1,1,0,8,1,32,4
APT-000068,LOC-06,SVC-01,2025-08-06,53,False,Priority,89.3,1,2,0,8,1,32,5
APT-000076,LOC-05,SVC-01,2025-08-06,35,False,Routine,70.3,1,2,0,8,1,32,5
APT-000084,LOC-08,SVC-01,2025-08-07,41,False,Routine,58.1,1,3,0,8,1,32,6
APT-000085,LOC-02,SVC-04,2025-08-05,44,False,Priority,67.4,1,1,0,8,1,32,4
APT-000086,LOC-03,SVC-05,2025-08-05,11,False,Routine,37.4,1,1,0,8,1,32,4
APT-000092,LOC-05,SVC-02,2025-08-07,13,False,Urgent,67.4,1,3,0,8,1,32,6
APT-000094,LOC-10,SVC-05,2025-08-07,16,False,Routine,11.3,1,3,0,8,1,32,6
APT-000095,LOC-08,SVC-05,2025-08-06,21,False,Routine,18.4,1,2,0,8,1,32,5
APT-000106,LOC-02,SVC-05,2025-08-06,3,False,Priority,31.1,1,2,0,8,1,32,5
APT-000110,LOC-07,SVC-06,2025-08-07,42,True,Urgent,55.5,1,3,0,8,1,32,6
APT-000113,LOC-08,SVC-06,2025-08-07,12,False,Routine,37.2,1,3,0,8,1,32,6
APT-000115,LOC-08,SVC-02,2025-08-11,15,False,Priority,34.5,1,0,0,8,1,33,10
APT-000130,LOC-10,SVC-05,2025-08-08,32,False,Routine,11.5,1,4,0,8,1,32,7
APT-000133,LOC-02,SVC-01,2025-08-07,16,False,Routine,32.8,1,3,0,8,1,32,6
APT-000134,LOC-07,SVC-09,2025-08-07,61,False,Priority,91.2,1,3,0,8,1,32,6
APT-000136,LOC-08,SVC-01,2025-08-07,39,True,Routine,16.3,1,3,0,8,1,32,6
APT-000138,LOC-10,SVC-05,2025-08-08,22,False,Routine,72.2,1,4,0,8,1,32,7
APT-000140,LOC-06,SVC-06,2025-08-11,33,False,Routine,40.8,1,0,0,8,1,33,10
APT-000141,LOC-10,SVC-06,2025-08-08,26,False,Routine,14.3,1,4,0,8,1,32,7
APT-000145,LOC-05,SVC-01,2025-08-08,12,False,Priority,13.2,1,4,0,8,1,32,7
APT-000147,LOC-06,SVC-05,2025-08-09,12,False,Routine,61.1,1,5,1,8,1,32,8
APT-000148,LOC-04,SVC-09,2025-08-09,20,False,Routine,45.7,1,5,1,8,1,32,8
APT-000152,LOC-04,SVC-02,2025-08-08,21,False,Routine,14.6,1,4,0,8,1,32,7
APT-000153,LOC-02,SVC-05,2025-08-08,31,False,Routine,16.6,1,4,0,8,1,32,7
APT-000154,LOC-01,SVC-03,2025-08-09,3,False,Routine,34.6,1,5,1,8,1,32,8
APT-000155,LOC-01,SVC-06,2025-08-08,38,False,Priority,39.2,1,4,0,8,1,32,7
APT-000159,LOC-10,SVC-07,2025-08-08,28,False,Priority,59.4,1,4,0,8,1,32,7
APT-000160,LOC-10,SVC-03,2025-08-08,24,False,Routine,65.0,1,4,0,8,1,32,7
APT-000161,LOC-05,SVC-06,2025-08-10,7,False,Routine,33.1,1,6,1,8,1,32,9
APT-000162,LOC-09,SVC-06,2025-08-09,21,False,Routine,43.5,1,5,1,8,1,32,8
APT-000163,LOC-05,SVC-07,2025-08-11,8,False,Routine,64.8,1,0,0,8,1,33,10
APT-000167,LOC-09,SVC-02,2025-08-12,15,False,Priority,59.2,1,1,0,8,1,33,11
APT-000168,LOC-06,SVC-05,2025-08-11,30,False,Routine,8.3,1,0,0,8,1,33,10
APT-000178,LOC-06,SVC-08,2025-08-10,3,True,Routine,16.1,1,6,1,8,1,32,9
APT-000181,LOC-05,SVC-02,2025-08-10,14,False,Priority,65.3,1,6,1,8,1,32,9
APT-000184,LOC-01,SVC-07,2025-08-11,8,False,Routine,7.9,1,0,0,8,1,33,10
APT-000189,LOC-10,SVC-03,2025-08-11,3,False,Routine,25.9,1,0,0,8,1,33,10
APT-000190,LOC-06,SVC-06,2025-08-12,30,False,Urgent,78.1,1,1,0,8,1,33,11
APT-000198,LOC-05,SVC-09,2025-08-11,14,False,Urgent,80.4,1,0,0,8,1,33,10
APT-000205,LOC-03,SVC-02,2025-08-12,24,False,Routine,85.7,1,1,0,8,1,33,11
APT-000207,LOC-03,SVC-05,2025-08-11,38,False,Routine,15.9,1,0,0,8,1,33,10
APT-000208,LOC-09,SVC-04,2025-08-12,23,True,Routine,38.0,1,1,0,8,1,33,11
APT-000209,LOC-09,SVC-05,2025-08-12,17,False,Routine,67.0,1,1,0,8,1,33,11
APT-000215,LOC-05,SVC-05,2025-08-13,29,True,Routine,48.4,1,2,0,8,1,33,12
APT-000227,LOC-03,SVC-06,2025-08-12,29,False,Routine,87.6,1,1,0,8,1,33,11
APT-000232,LOC-04,SVC-02,2025-08-14,16,False,Priority,65.4,1,3,0,8,1,33,13
APT-000233,LOC-08,SVC-06,2025-08-13,18,False,Routine,9.6,1,2,0,8,1,33,12
APT-000237,LOC-10,SVC-02,2025-08-14,30,False,Routine,12.9,1,3,0,8,1,33,13
APT-000238,LOC-09,SVC-04,2025-08-14,23,False,Routine,65.6,1,3,0,8,1,33,13
APT-000239,LOC-03,SVC-02,2025-08-15,3,False,Routine,65.0,1,4,0,8,1,33,14
APT-000243,LOC-06,SVC-01,2025-08-15,27,False,Routine,38.9,1,4,0,8,1,33,14
APT-000244,LOC-09,SVC-07,2025-08-14,47,False,Routine,36.9,1,3,0,8,1,33,13
APT-000251,LOC-01,SVC-04,2025-08-15,45,False,Routine,60.9,1,4,0,8,1,33,14
APT-000255,LOC-10,SVC-01,2025-08-14,40,False,Routine,13.4,1,3,0,8,1,33,13
APT-000260,LOC-05,SVC-07,2025-08-17,42,False,Routine,58.6,1,6,1,8,1,33,16
APT-000263,LOC-01,SVC-05,2025-08-14,36,False,Priority,13.2,1,3,0,8,1,33,13
APT-000264,LOC-05,SVC-01,2025-08-15,27,False,Priority,16.5,1,4,0,8,1,33,14
APT-000266,LOC-06,SVC-02,2025-08-15,19,False,Routine,27.7,1,4,0,8,1,33,14
APT-000270,LOC-02,SVC-02,2025-08-17,6,False,Routine,78.4,1,6,1,8,1,33,16
APT-000271,LOC-03,SVC-08,2025-08-16,25,False,Routine,33.2,1,5,1,8,1,33,15
APT-000272,LOC-10,SVC-05,2025-08-14,47,False,Priority,33.8,1,3,0,8,1,33,13
APT-000273,LOC-06,SVC-09,2025-08-14,30,False,Routine,26.6,1,3,0,8,1,33,13
APT-000274,LOC-07,SVC-05,2025-08-14,15,True,Urgent,91.6,1,3,0,8,1,33,13
APT-000275,LOC-07,SVC-02,2025-08-15,3,False,Priority,75.7,1,4,0,8,1,33,14
APT-000276,LOC-02,SVC-02,2025-08-16,36,False,Urgent,40.1,1,5,1,8,1,33,15
APT-000277,LOC-08,SVC-08,2025-08-15,8,False,Routine,13.3,1,4,0,8,1,33,14
APT-000285,LOC-01,SVC-02,2025-08-16,34,False,Routine,39.0,1,5,1,8,1,33,15
APT-000287,LOC-06,SVC-02,2025-08-17,18,False,Routine,86.9,1,6,1,8,1,33,16
APT-000291,LOC-07,SVC-03,2025-08-16,43,False,Routine,37.3,1,5,1,8,1,33,15
APT-000293,LOC-04,SVC-02,2025-08-15,16,False,Routine,79.7,1,4,0,8,1,33,14
APT-000296,LOC-03,SVC-02,2025-08-18,23,False,Priority,35.8,1,0,0,8,1,34,17
APT-000297,LOC-08,SVC-04,2025-08-16,13,False,Routine,16.0,1,5,1,8,1,33,15
APT-000298,LOC-05,SVC-01,2025-08-18,18,False,Routine,17.6,1,0,0,8,1,34,17
APT-000306,LOC-10,SVC-01,2025-08-17,64,False,Urgent,79.4,1,6,1,8,1,33,16
APT-000308,LOC-01,SVC-08,2025-08-18,28,False,Routine,21.2,1,0,0,8,1,34,17
APT-000313,LOC-07,SVC-02,2025-08-19,49,True,Routine,47.8,1,1,0,8,1,34,18
APT-000316,LOC-07,SVC-08,2025-08-18,32,False,Priority,61.9,1,0,0,8,1,34,17
APT-000317,LOC-01,SVC-03,2025-08-18,40,False,Priority,24.4,1,0,0,8,1,34,17
APT-000320,LOC-03,SVC-05,2025-08-18,46,False,Routine,22.1,1,0,0,8,1,34,17
APT-000321,LOC-09,SVC-09,2025-08-18,35,False,Routine,7.8,1,0,0,8,1,34,17
APT-000322,LOC-10,SVC-08,2025-08-18,7,True,Routine,5.7,1,0,0,8,1,34,17
APT-000323,LOC-05,SVC-02,2025-08-18,11,False,Urgent,59.0,1,0,0,8,1,34,17
APT-000325,LOC-01,SVC-01,2025-08-20,9,False,Routine,8.4,1,2,0,8,1,34,19
APT-000332,LOC-05,SVC-01,2025-08-19,11,False,Routine,43.3,1,1,0,8,1,34,18
APT-000342,LOC-09,SVC-05,2025-08-18,14,False,Routine,11.2,1,0,0,8,1,34,17
APT-000343,LOC-07,SVC-08,2025-08-18,41,False,Priority,9.8,1,0,0,8,1,34,17
APT-000347,LOC-04,SVC-02,2025-08-19,21,False,Routine,18.2,1,1,0,8,1,34,18
APT-000355,LOC-10,SVC-01,2025-08-23,32,False,Routine,28.6,1,5,1,8,1,34,22
APT-000356,LOC-04,SVC-03,2025-08-20,20,False,Priority,63.1,1,2,0,8,1,34,19
APT-000359,LOC-07,SVC-02,2025-08-20,49,False,Routine,31.9,1,2,0,8,1,34,19
APT-000360,LOC-07,SVC-02,2025-08-20,65,False,Routine,10.3,1,2,0,8,1,34,19
APT-000367,LOC-10,SVC-01,2025-08-20,11,False,Routine,36.3,1,2,0,8,1,34,19
APT-000369,LOC-07,SVC-09,2025-08-20,36,False,Emergency,91.6,1,2,0,8,1,34,19
APT-000376,LOC-03,SVC-07,2025-08-21,35,False,Routine,45.0,1,3,0,8,1,34,20
APT-000380,LOC-05,SVC-06,2025-08-20,25,False,Priority,37.0,1,2,0,8,1,34,19
APT-000381,LOC-06,SVC-01,2025-08-23,24,False,Routine,32.8,1,5,1,8,1,34,22
APT-000385,LOC-08,SVC-05,2025-08-20,36,False,Priority,16.3,1,2,0,8,1,34,19
APT-000387,LOC-07,SVC-04,2025-08-20,23,False,Priority,72.5,1,2,0,8,1,34,19
APT-000391,LOC-01,SVC-06,2025-08-22,14,False,Routine,36.5,1,4,0,8,1,34,21
APT-000392,LOC-09,SVC-02,2025-08-24,20,False,Routine,36.3,1,6,1,8,1,34,23
APT-000395,LOC-08,SVC-06,2025-08-25,46,False,Routine,24.8,1,0,0,8,1,35,24
APT-000397,LOC-10,SVC-05,2025-08-22,10,False,Routine,12.8,1,4,0,8,1,34,21
APT-000405,LOC-02,SVC-05,2025-08-21,16,False,Routine,24.0,1,3,0,8,1,34,20
APT-000406,LOC-04,SVC-07,2025-08-21,24,False,Routine,10.5,1,3,0,8,1,34,20
APT-000407,LOC-08,SVC-06,2025-08-21,8,False,Routine,34.7,1,3,0,8,1,34,20
APT-000409,LOC-05,SVC-06,2025-08-22,6,False,Routine,32.9,1,4,0,8,1,34,21
APT-000410,LOC-06,SVC-01,2025-08-23,3,False,Routine,13.8,1,5,1,8,1,34,22
APT-000413,LOC-07,SVC-07,2025-08-22,16,False,Routine,12.8,1,4,0,8,1,34,21
APT-000414,LOC-04,SVC-03,2025-08-22,24,False,Routine,16.2,1,4,0,8,1,34,21
APT-000416,LOC-04,SVC-04,2025-08-23,34,False,Routine,38.3,1,5,1,8,1,34,22
APT-000419,LOC-08,SVC-08,2025-08-25,30,False,Routine,11.9,1,0,0,8,1,35,24
APT-000421,LOC-06,SVC-07,2025-08-22,38,False,Routine,7.9,1,4,0,8,1,34,21
APT-000426,LOC-06,SVC-02,2025-08-23,48,False,Urgent,59.9,1,5,1,8,1,34,22
APT-000432,LOC-07,SVC-03,2025-08-24,35,False,Priority,14.4,1,6,1,8,1,34,23
APT-000442,LOC-06,SVC-02,2025-08-24,60,False,Routine,15.6,1,6,1,8,1,34,23
APT-000446,LOC-03,SVC-03,2025-08-24,24,False,Priority,35.3,1,6,1,8,1,34,23
APT-000448,LOC-01,SVC-08,2025-08-26,15,False,Routine,46.0,1,1,0,8,1,35,25
APT-000453,LOC-02,SVC-05,2025-08-25,38,False,Emergency,54.0,1,0,0,8,1,35,24
APT-000455,LOC-03,SVC-02,2025-08-25,18,False,Routine,16.1,1,0,0,8,1,35,24
APT-000456,LOC-06,SVC-02,2025-08-26,33,False,Routine,32.5,1,1,0,8,1,35,25
APT-000457,LOC-10,SVC-01,2025-08-26,44,False,Routine,14.4,1,1,0,8,1,35,25
APT-000458,LOC-04,SVC-05,2025-08-26,40,False,Routine,83.8,1,1,0,8,1,35,25
APT-000460,LOC-05,SVC-07,2025-08-25,38,True,Routine,41.0,1,0,0,8,1,35,24
APT-000463,LOC-08,SVC-04,2025-08-26,10,False,Routine,36.4,1,1,0,8,1,35,25
APT-000470,LOC-09,SVC-09,2025-08-26,44,False,Routine,49.5,1,1,0,8,1,35,25
APT-000471,LOC-07,SVC-01,2025-08-26,28,False,Priority,69.5,1,1,0,8,1,35,25
APT-000474,LOC-10,SVC-07,2025-08-25,9,False,Priority,25.5,1,0,0,8,1,35,24
APT-000483,LOC-08,SVC-01,2025-08-26,41,False,Routine,36.3,1,1,0,8,1,35,25
APT-000484,LOC-06,SVC-01,2025-08-27,37,False,Routine,14.1,1,2,0,8,1,35,26
APT-000489,LOC-07,SVC-06,2025-08-27,46,False,Urgent,66.0,1,2,0,8,1,35,26
APT-000493,LOC-10,SVC-03,2025-08-27,52,False,Routine,37.4,1,2,0,8,1,35,26
APT-000495,LOC-07,SVC-03,2025-08-28,9,False,Priority,67.8,1,3,0,8,1,35,27
APT-000508,LOC-02,SVC-01,2025-08-30,12,False,Routine,52.5,1,5,1,8,1,35,29
APT-000510,LOC-01,SVC-06,2025-08-27,12,False,Routine,13.5,1,2,0,8,1,35,26
APT-000511,LOC-03,SVC-01,2025-08-29,28,False,Routine,8.8,1,4,0,8,1,35,28
APT-000513,LOC-07,SVC-01,2025-08-29,28,False,Routine,32.6,1,4,0,8,1,35,28
APT-000521,LOC-06,SVC-05,2025-08-27,41,False,Priority,46.8,1,2,0,8,1,35,26
APT-000530,LOC-01,SVC-05,2025-08-28,12,False,Priority,65.8,1,3,0,8,1,35,27
APT-000531,LOC-09,SVC-01,2025-08-29,29,False,Priority,61.0,1,4,0,8,1,35,28
APT-000541,LOC-05,SVC-02,2025-08-29,38,False,Routine,1.0,1,4,0,8,1,35,28
APT-000543,LOC-03,SVC-07,2025-08-29,3,False,Routine,12.5,1,4,0,8,1,35,28
APT-000547,LOC-01,SVC-02,2025-08-30,29,False,Priority,29.4,1,5,1,8,1,35,29
APT-000548,LOC-02,SVC-02,2025-08-29,7,False,Routine,70.6,1,4,0,8,1,35,28
APT-000549,LOC-08,SVC-06,2025-08-29,8,False,Priority,55.4,1,4,0,8,1,35,28
APT-000555,LOC-07,SVC-09,2025-08-29,17,False,Routine,32.1,1,4,0,8,1,35,28
APT-000556,LOC-03,SVC-04,2025-08-28,14,False,Priority,13.7,1,3,0,8,1,35,27
APT-000560,LOC-09,SVC-06,2025-08-29,28,False,Priority,94.9,1,4,0,8,1,35,28
APT-000563,LOC-09,SVC-05,2025-08-29,12,False,Routine,36.1,1,4,0,8,1,35,28
APT-000564,LOC-08,SVC-02,2025-08-30,33,False,Routine,8.6,1,5,1,8,1,35,29
APT-000567,LOC-06,SVC-01,2025-08-29,3,False,Priority,27.7,1,4,0,8,1,35,28
APT-000572,LOC-06,SVC-02,2025-08-31,23,False,Routine,9.2,1,6,1,8,1,35,30
APT-000575,LOC-06,SVC-02,2025-08-30,27,False,Routine,9.0,1,5,1,8,1,35,29
APT-000577,LOC-02,SVC-05,2025-08-29,7,False,Priority,37.7,1,4,0,8,1,35,28
APT-000604,LOC-01,SVC-03,2025-09-01,27,False,Routine,35.0,1,0,0,9,0,36,31
APT-000607,LOC-09,SVC-02,2025-09-01,33,True,Urgent,65.0,1,0,0,9,0,36,31
APT-000609,LOC-06,SVC-08,2025-09-01,17,False,Urgent,79.9,1,0,0,9,0,36,31
APT-000617,LOC-03,SVC-02,2025-09-02,16,False,Routine,49.6,1,1,0,9,0,36,32
APT-000619,LOC-07,SVC-01,2025-09-04,39,False,Routine,4.9,1,3,0,9,0,36,34
APT-000623,LOC-08,SVC-01,2025-09-06,55,False,Routine,63.4,1,5,1,9,0,36,36
APT-000627,LOC-06,SVC-05,2025-09-02,40,False,Routine,23.2,1,1,0,9,0,36,32
APT-000628,LOC-08,SVC-06,2025-09-03,11,False,Routine,16.2,1,2,0,9,0,36,33
APT-000630,LOC-09,SVC-07,2025-09-03,29,False,Routine,73.1,1,2,0,9,0,36,33
APT-000634,LOC-01,SVC-02,2025-09-02,42,False,Routine,12.3,1,1,0,9,0,36,32
APT-000639,LOC-08,SVC-09,2025-09-02,19,False,Routine,9.4,1,1,0,9,0,36,32
APT-000642,LOC-07,SVC-04,2025-09-06,16,False,Routine,48.8,1,5,1,9,0,36,36
APT-000643,LOC-01,SVC-05,2025-09-03,39,False,Routine,40.9,1,2,0,9,0,36,33
APT-000645,LOC-03,SVC-07,2025-09-03,30,False,Priority,42.1,1,2,0,9,0,36,33
APT-000657,LOC-10,SVC-05,2025-09-05,18,False,Routine,35.1,1,4,0,9,0,36,35
APT-000660,LOC-03,SVC-01,2025-09-09,29,False,Routine,77.7,1,1,0,9,0,37,39
APT-000663,LOC-07,SVC-07,2025-09-05,40,False,Routine,64.3,1,4,0,9,0,36,35
APT-000665,LOC-02,SVC-08,2025-09-05,15,False,Priority,85.1,1,4,0,9,0,36,35
APT-000667,LOC-07,SVC-05,2025-09-09,39,False,Priority,72.8,1,1,0,9,0,37,39
APT-000668,LOC-04,SVC-06,2025-09-05,16,True,Routine,82.6,1,4,0,9,0,36,35
APT-000670,LOC-07,SVC-05,2025-09-05,11,False,Routine,37.7,1,4,0,9,0,36,35
APT-000673,LOC-05,SVC-02,2025-09-05,35,False,Routine,29.9,1,4,0,9,0,36,35
APT-000674,LOC-04,SVC-03,2025-09-07,46,False,Routine,20.3,1,6,1,9,0,36,37
APT-000677,LOC-01,SVC-02,2025-09-05,31,False,Priority,36.3,1,4,0,9,0,36,35
APT-000678,LOC-03,SVC-02,2025-09-05,12,False,Urgent,36.3,1,4,0,9,0,36,35
APT-000682,LOC-04,SVC-06,2025-09-05,25,True,Priority,59.4,1,4,0,9,0,36,35
APT-000683,LOC-04,SVC-02,2025-09-07,34,False,Routine,58.3,1,6,1,9,0,36,37
APT-000685,LOC-07,SVC-01,2025-09-05,7,False,Urgent,53.6,1,4,0,9,0,36,35
APT-000688,LOC-10,SVC-02,2025-09-05,39,False,Routine,15.6,1,4,0,9,0,36,35
APT-000691,LOC-01,SVC-08,2025-09-05,9,False,Routine,16.5,1,4,0,9,0,36,35
APT-000698,LOC-02,SVC-02,2025-09-07,21,False,Routine,14.1,1,6,1,9,0,36,37
APT-000700,LOC-06,SVC-02,2025-09-07,42,False,Routine,21.4,1,6,1,9,0,36,37
APT-000706,LOC-07,SVC-02,2025-09-07,44,True,Priority,63.1,1,6,1,9,0,36,37
APT-000708,LOC-09,SVC-05,2025-09-06,33,False,Routine,20.0,1,5,1,9,0,36,36
APT-000714,LOC-05,SVC-01,2025-09-07,3,False,Priority,36.3,1,6,1,9,0,36,37
APT-000715,LOC-09,SVC-05,2025-09-08,22,False,Routine,29.6,1,0,0,9,0,37,38
APT-000721,LOC-05,SVC-06,2025-09-09,21,False,Routine,64.3,1,1,0,9,0,37,39
APT-000722,LOC-02,SVC-02,2025-09-09,14,True,Routine,59.6,1,1,0,9,0,37,39
APT-000723,LOC-07,SVC-07,2025-09-08,25,False,Routine,14.9,1,0,0,9,0,37,38
APT-000730,LOC-10,SVC-01,2025-09-09,29,True,Routine,46.6,1,1,0,9,0,37,39
APT-000731,LOC-09,SVC-01,2025-09-08,9,False,Routine,16.6,1,0,0,9,0,37,38
APT-000733,LOC-04,SVC-02,2025-09-09,26,False,Routine,69.3,1,1,0,9,0,37,39
APT-000734,LOC-10,SVC-06,2025-09-11,31,False,Routine,18.3,1,3,0,9,0,37,41
APT-000738,LOC-09,SVC-04,2025-09-09,30,False,Routine,36.3,1,1,0,9,0,37,39
APT-000747,LOC-03,SVC-07,2025-09-11,13,False,Routine,9.0,1,3,0,9,0,37,41
APT-000749,LOC-04,SVC-03,2025-09-09,15,False,Routine,24.5,1,1,0,9,0,37,39
APT-000750,LOC-05,SVC-05,2025-09-09,8,False,Routine,36.8,1,1,0,9,0,37,39
APT-000752,LOC-07,SVC-06,2025-09-11,13,False,Routine,36.3,1,3,0,9,0,37,41
APT-000759,LOC-06,SVC-02,2025-09-10,39,False,Priority,17.3,1,2,0,9,0,37,40
APT-000761,LOC-03,SVC-01,2025-09-10,30,False,Routine,22.2,1,2,0,9,0,37,40
APT-000774,LOC-09,SVC-02,2025-09-10,35,False,Urgent,82.3,1,2,0,9,0,37,40
APT-000779,LOC-08,SVC-02,2025-09-11,10,False,Priority,8.7,1,3,0,9,0,37,41
APT-000781,LOC-06,SVC-02,2025-09-12,10,False,Routine,21.2,1,4,0,9,0,37,42
APT-000785,LOC-08,SVC-04,2025-09-11,23,False,Routine,43.0,1,3,0,9,0,37,41
APT-000786,LOC-07,SVC-02,2025-09-12,4,False,Priority,43.5,1,4,0,9,0,37,42
APT-000787,LOC-05,SVC-06,2025-09-11,13,False,Priority,16.8,1,3,0,9,0,37,41
APT-000789,LOC-08,SVC-04,2025-09-11,25,False,Routine,67.2,1,3,0,9,0,37,41
APT-000792,LOC-04,SVC-06,2025-09-11,36,False,Urgent,39.6,1,3,0,9,0,37,41
APT-000793,LOC-08,SVC-01,2025-09-12,30,False,Routine,13.2,1,4,0,9,0,37,42
APT-000800,LOC-08,SVC-01,2025-09-12,26,False,Routine,13.3,1,4,0,9,0,37,42
APT-000803,LOC-09,SVC-02,2025-09-15,21,False,Routine,94.1,1,0,0,9,0,38,45
APT-000805,LOC-02,SVC-02,2025-09-13,6,False,Urgent,88.8,1,5,1,9,0,37,43
APT-000807,LOC-06,SVC-03,2025-09-16,36,False,Routine,71.4,1,1,0,9,0,38,46
APT-000818,LOC-09,SVC-01,2025-09-12,28,False,Routine,36.3,1,4,0,9,0,37,42
APT-000822,LOC-03,SVC-02,2025-09-14,20,False,Priority,44.1,1,6,1,9,0,37,44
APT-000823,LOC-10,SVC-09,2025-09-13,24,False,Routine,2.2,1,5,1,9,0,37,43
APT-000825,LOC-05,SVC-02,2025-09-14,3,False,Routine,40.6,1,6,1,9,0,37,44
APT-000832,LOC-08,SVC-05,2025-09-16,3,False,Routine,29.4,1,1,0,9,0,38,46
APT-000839,LOC-07,SVC-02,2025-09-14,34,False,Routine,17.0,1,6,1,9,0,37,44
APT-000847,LOC-03,SVC-05,2025-09-15,3,False,Routine,39.7,1,0,0,9,0,38,45
APT-000851,LOC-02,SVC-08,2025-09-15,41,False,Priority,66.3,1,0,0,9,0,38,45
APT-000852,LOC-08,SVC-07,2025-09-15,19,False,Routine,9.9,1,0,0,9,0,38,45
APT-000854,LOC-09,SVC-01,2025-09-15,23,False,Priority,35.7,1,0,0,9,0,38,45
APT-000856,LOC-10,SVC-06,2025-09-15,35,False,Priority,33.2,1,0,0,9,0,38,45
APT-000861,LOC-05,SVC-05,2025-09-15,26,False,Priority,35.7,1,0,0,9,0,38,45
APT-000862,LOC-08,SVC-09,2025-09-15,19,False,Routine,16.1,1,0,0,9,0,38,45
APT-000865,LOC-08,SVC-05,2025-09-18,27,False,Routine,4.2,1,3,0,9,0,38,48
APT-000867,LOC-07,SVC-01,2025-09-19,16,False,Routine,60.3,1,4,0,9,0,38,49
APT-000871,LOC-01,SVC-04,2025-09-17,13,False,Routine,20.4,1,2,0,9,0,38,47
APT-000873,LOC-07,SVC-06,2025-09-18,22,False,Priority,87.9,1,3,0,9,0,38,48
APT-000875,LOC-02,SVC-06,2025-09-17,42,False,Priority,16.3,1,2,0,9,0,38,47
APT-000878,LOC-09,SVC-07,2025-09-18,20,False,Routine,29.9,1,3,0,9,0,38,48
APT-000879,LOC-09,SVC-02,2025-09-17,43,False,Routine,11.8,1,2,0,9,0,38,47
APT-000881,LOC-06,SVC-05,2025-09-16,40,False,Routine,47.6,1,1,0,9,0,38,46
APT-000883,LOC-02,SVC-07,2025-09-19,3,False,Priority,62.6,1,4,0,9,0,38,49
APT-000884,LOC-08,SVC-05,2025-09-17,47,False,Routine,11.8,1,2,0,9,0,38,47
APT-000886,LOC-02,SVC-05,2025-09-17,24,False,Routine,38.5,1,2,0,9,0,38,47
APT-000889,LOC-08,SVC-02,2025-09-17,3,False,Urgent,59.6,1,2,0,9,0,38,47
APT-000890,LOC-08,SVC-03,2025-09-17,19,False,Routine,13.6,1,2,0,9,0,38,47
APT-000893,LOC-08,SVC-01,2025-09-17,29,False,Routine,15.7,1,2,0,9,0,38,47
APT-000896,LOC-08,SVC-06,2025-09-19,45,False,Routine,37.6,1,4,0,9,0,38,49
APT-000898,LOC-02,SVC-03,2025-09-22,19,False,Routine,91.4,1,0,0,9,0,39,52
APT-000899,LOC-03,SVC-03,2025-09-17,19,False,Priority,36.3,1,2,0,9,0,38,47
APT-000910,LOC-06,SVC-03,2025-09-19,46,True,Routine,39.4,1,4,0,9,0,38,49
APT-000911,LOC-08,SVC-01,2025-09-19,56,False,Routine,19.7,1,4,0,9,0,38,49
APT-000920,LOC-08,SVC-06,2025-09-20,15,False,Priority,39.7,1,5,1,9,0,38,50
APT-000922,LOC-10,SVC-07,2025-09-21,8,False,Routine,33.5,1,6,1,9,0,38,51
APT-000923,LOC-01,SVC-01,2025-09-19,6,False,Routine,17.5,1,4,0,9,0,38,49
APT-000924,LOC-10,SVC-06,2025-09-19,3,False,Priority,60.2,1,4,0,9,0,38,49
APT-000926,LOC-02,SVC-08,2025-09-22,21,False,Routine,83.1,1,0,0,9,0,39,52
APT-000930,LOC-10,SVC-02,2025-09-19,20,False,Priority,36.3,1,4,0,9,0,38,49
APT-000932,LOC-02,SVC-04,2025-09-19,39,False,Urgent,63.6,1,4,0,9,0,38,49
APT-000935,LOC-09,SVC-01,2025-09-22,28,False,Routine,64.2,1,0,0,9,0,39,52
APT-000936,LOC-04,SVC-06,2025-09-19,19,False,Emergency,94.1,1,4,0,9,0,38,49
APT-000937,LOC-06,SVC-01,2025-09-19,9,False,Priority,36.3,1,4,0,9,0,38,49
APT-000948,LOC-04,SVC-03,2025-09-20,22,False,Routine,21.1,1,5,1,9,0,38,50
APT-000949,LOC-07,SVC-06,2025-09-22,46,False,Routine,8.4,1,0,0,9,0,39,52
APT-000951,LOC-10,SVC-05,2025-09-20,28,False,Routine,31.2,1,5,1,9,0,38,50
APT-000953,LOC-08,SVC-02,2025-09-21,17,False,Routine,17.2,1,6,1,9,0,38,51
APT-000955,LOC-04,SVC-05,2025-09-22,32,False,Routine,18.1,1,0,0,9,0,39,52
APT-000956,LOC-07,SVC-01,2025-09-22,41,False,Priority,36.0,1,0,0,9,0,39,52
APT-000957,LOC-03,SVC-09,2025-09-21,3,False,Routine,36.4,1,6,1,9,0,38,51
APT-000961,LOC-05,SVC-02,2025-09-24,17,True,Routine,40.1,1,2,0,9,0,39,54
APT-000964,LOC-08,SVC-04,2025-09-28,47,False,Routine,16.8,1,6,1,9,0,39,58
APT-000966,LOC-09,SVC-09,2025-09-26,3,False,Routine,54.5,1,4,0,9,0,39,56
APT-000970,LOC-09,SVC-02,2025-09-23,3,False,Urgent,81.1,1,1,0,9,0,39,53
APT-000972,LOC-07,SVC-09,2025-09-26,15,False,Routine,60.7,1,4,0,9,0,39,56
APT-000975,LOC-01,SVC-02,2025-09-23,24,False,Routine,48.5,1,1,0,9,0,39,53
APT-000983,LOC-06,SVC-08,2025-09-23,31,False,Routine,40.2,1,1,0,9,0,39,53
APT-000990,LOC-08,SVC-02,2025-09-24,12,False,Routine,14.3,1,2,0,9,0,39,54
APT-000995,LOC-01,SVC-04,2025-09-23,21,False,Routine,14.2,1,1,0,9,0,39,53
APT-000997,LOC-06,SVC-09,2025-09-24,4,False,Routine,33.0,1,2,0,9,0,39,54
APT-001000,LOC-04,SVC-02,2025-09-24,36,False,Priority,83.7,1,2,0,9,0,39,54
APT-001003,LOC-07,SVC-01,2025-09-25,51,False,Routine,62.8,1,3,0,9,0,39,55
APT-001006,LOC-07,SVC-02,2025-09-24,46,False,Priority,38.0,1,2,0,9,0,39,54
APT-001009,LOC-06,SVC-05,2025-09-29,26,False,Routine,36.6,1,0,0,9,0,40,59
APT-001010,LOC-03,SVC-03,2025-09-24,20,False,Priority,44.6,1,2,0,9,0,39,54
APT-001012,LOC-10,SVC-01,2025-09-24,11,False,Urgent,84.8,1,2,0,9,0,39,54
APT-001021,LOC-10,SVC-02,2025-09-24,13,False,Emergency,91.1,1,2,0,9,0,39,54
APT-001023,LOC-06,SVC-02,2025-09-27,41,False,Priority,48.7,1,5,1,9,0,39,57
APT-001024,LOC-07,SVC-01,2025-09-27,40,False,Routine,59.6,1,5,1,9,0,39,57
APT-001029,LOC-07,SVC-03,2025-09-25,20,False,Routine,29.3,1,3,0,9,0,39,55
APT-001030,LOC-06,SVC-05,2025-09-26,25,False,Priority,88.9,1,4,0,9,0,39,56
APT-001031,LOC-02,SVC-06,2025-09-25,3,False,Urgent,50.6,1,3,0,9,0,39,55
APT-001032,LOC-01,SVC-07,2025-09-26,37,False,Routine,9.7,1,4,0,9,0,39,56
APT-001034,LOC-04,SVC-07,2025-09-26,39,True,Routine,77.7,1,4,0,9,0,39,56
APT-001037,LOC-07,SVC-09,2025-09-26,49,False,Urgent,39.1,1,4,0,9,0,39,56
APT-001043,LOC-05,SVC-05,2025-09-26,41,False,Priority,38.1,1,4,0,9,0,39,56
APT-001045,LOC-10,SVC-05,2025-09-26,28,False,Routine,12.4,1,4,0,9,0,39,56
APT-001048,LOC-01,SVC-04,2025-09-27,19,False,Routine,45.2,1,5,1,9,0,39,57
APT-001057,LOC-05,SVC-09,2025-09-26,53,False,Priority,75.8,1,4,0,9,0,39,56
APT-001058,LOC-09,SVC-07,2025-09-28,51,False,Routine,33.3,1,6,1,9,0,39,58
APT-001059,LOC-10,SVC-01,2025-09-28,36,False,Urgent,94.0,1,6,1,9,0,39,58
APT-001061,LOC-02,SVC-04,2025-09-30,40,False,Routine,34.5,1,1,0,9,0,40,60
APT-001063,LOC-02,SVC-02,2025-09-30,30,False,Routine,58.2,1,1,0,9,0,40,60
APT-001067,LOC-08,SVC-04,2025-09-28,36,False,Routine,11.6,1,6,1,9,0,39,58
APT-001068,LOC-01,SVC-03,2025-09-29,28,False,Priority,29.5,1,0,0,9,0,40,59
APT-001069,LOC-03,SVC-03,2025-09-29,19,False,Routine,26.1,1,0,0,9,0,40,59
APT-001072,LOC-07,SVC-04,2025-09-29,43,False,Routine,16.7,1,0,0,9,0,40,59
APT-001073,LOC-05,SVC-03,2025-09-29,12,False,Urgent,60.6,1,0,0,9,0,40,59
APT-001074,LOC-08,SVC-04,2025-09-29,20,False,Urgent,38.3,1,0,0,9,0,40,59
APT-001076,LOC-07,SVC-05,2025-09-29,35,False,Routine,19.9,1,0,0,9,0,40,59
APT-001079,LOC-01,SVC-01,2025-10-01,22,False,Urgent,59.0,1,2,0,10,0,40,61
APT-001084,LOC-06,SVC-03,2025-09-30,34,False,Priority,24.6,1,1,0,9,0,40,60
APT-001086,LOC-10,SVC-01,2025-10-02,25,True,Priority,74.6,1,3,0,10,0,40,62
APT-001108,LOC-04,SVC-05,2025-10-01,18,True,Routine,32.9,1,2,0,10,0,40,61
APT-001118,LOC-09,SVC-09,2025-10-05,61,False,Routine,64.4,1,6,1,10,0,40,65
APT-001119,LOC-09,SVC-02,2025-10-03,16,False,Urgent,43.5,1,4,0,10,0,40,63
APT-001124,LOC-09,SVC-06,2025-10-02,17,False,Urgent,16.1,1,3,0,10,0,40,62
APT-001128,LOC-04,SVC-02,2025-10-03,33,False,Routine,36.3,1,4,0,10,0,40,63
APT-001129,LOC-03,SVC-07,2025-10-03,7,False,Routine,13.4,1,4,0,10,0,40,63
APT-001131,LOC-04,SVC-07,2025-10-02,16,False,Priority,24.0,1,3,0,10,0,40,62
APT-001147,LOC-06,SVC-02,2025-10-04,43,False,Priority,68.9,1,5,1,10,0,40,64
APT-001151,LOC-03,SVC-08,2025-10-04,20,False,Routine,15.8,1,5,1,10,0,40,64
APT-001152,LOC-01,SVC-01,2025-10-03,46,False,Priority,25.3,1,4,0,10,0,40,63
APT-001158,LOC-03,SVC-06,2025-10-05,15,False,Routine,18.2,1,6,1,10,0,40,65
APT-001159,LOC-06,SVC-03,2025-10-04,37,False,Routine,15.2,1,5,1,10,0,40,64
APT-001173,LOC-04,SVC-09,2025-10-05,32,False,Routine,13.6,1,6,1,10,0,40,65
APT-001176,LOC-04,SVC-01,2025-10-06,33,False,Priority,14.0,1,0,0,10,0,41,66
APT-001178,LOC-10,SVC-01,2025-10-06,11,False,Routine,17.2,1,0,0,10,0,41,66
APT-001180,LOC-03,SVC-05,2025-10-06,3,False,Priority,30.3,1,0,0,10,0,41,66
APT-001183,LOC-05,SVC-03,2025-10-06,19,False,Routine,19.5,1,0,0,10,0,41,66
APT-001197,LOC-09,SVC-02,2025-10-07,11,False,Routine,15.9,1,1,0,10,0,41,67
APT-001204,LOC-04,SVC-05,2025-10-08,26,False,Routine,24.9,1,2,0,10,0,41,68
APT-001209,LOC-08,SVC-02,2025-10-09,6,False,Routine,36.2,1,3,0,10,0,41,69
APT-001212,LOC-08,SVC-07,2025-10-11,31,False,Routine,39.9,1,5,1,10,0,41,71
APT-001213,LOC-09,SVC-02,2025-10-08,40,False,Routine,13.5,1,2,0,10,0,41,68
APT-001216,LOC-05,SVC-01,2025-10-08,39,False,Priority,35.7,1,2,0,10,0,41,68
APT-001217,LOC-08,SVC-08,2025-10-08,28,False,Routine,52.5,1,2,0,10,0,41,68
APT-001219,LOC-03,SVC-02,2025-10-10,22,False,Priority,71.1,1,4,0,10,0,41,70
APT-001220,LOC-03,SVC-05,2025-10-08,14,False,Routine,11.8,1,2,0,10,0,41,68
APT-001222,LOC-06,SVC-09,2025-10-11,17,False,Routine,61.7,1,5,1,10,0,41,71
APT-001224,LOC-02,SVC-02,2025-10-09,9,False,Routine,40.2,1,3,0,10,0,41,69
APT-001231,LOC-03,SVC-01,2025-10-09,36,False,Priority,14.4,1,3,0,10,0,41,69
APT-001232,LOC-07,SVC-06,2025-10-10,25,False,Routine,46.4,1,4,0,10,0,41,70
APT-001233,LOC-09,SVC-03,2025-10-10,12,True,Routine,34.1,1,4,0,10,0,41,70
APT-001236,LOC-07,SVC-02,2025-10-10,50,False,Routine,32.0,1,4,0,10,0,41,70
APT-001239,LOC-09,SVC-02,2025-10-10,26,False,Routine,13.8,1,4,0,10,0,41,70
APT-001242,LOC-03,SVC-01,2025-10-10,47,False,Routine,4.5,1,4,0,10,0,41,70
APT-001243,LOC-08,SVC-01,2025-10-09,26,False,Routine,45.1,1,3,0,10,0,41,69
APT-001244,LOC-03,SVC-08,2025-10-10,27,False,Routine,37.2,1,4,0,10,0,41,70
APT-001246,LOC-06,SVC-04,2025-10-18,48,False,Routine,49.1,1,5,1,10,0,42,78
APT-001254,LOC-06,SVC-06,2025-10-15,37,False,Routine,85.0,1,2,0,10,0,42,75
APT-001257,LOC-08,SVC-07,2025-10-11,7,False,Routine,57.5,1,5,1,10,0,41,71
APT-001258,LOC-08,SVC-03,2025-10-09,12,False,Priority,17.3,1,3,0,10,0,41,69
APT-001259,LOC-08,SVC-06,2025-10-09,25,False,Routine,10.7,1,3,0,10,0,41,69
APT-001260,LOC-05,SVC-01,2025-10-10,26,False,Routine,30.7,1,4,0,10,0,41,70
APT-001262,LOC-10,SVC-06,2025-10-15,36,False,Routine,28.6,1,2,0,10,0,42,75
APT-001265,LOC-02,SVC-05,2025-10-10,39,False,Priority,93.9,1,4,0,10,0,41,70
APT-001267,LOC-04,SVC-02,2025-10-10,3,False,Routine,57.6,1,4,0,10,0,41,70
APT-001269,LOC-03,SVC-03,2025-10-12,37,False,Priority,91.9,1,6,1,10,0,41,72
APT-001270,LOC-08,SVC-01,2025-10-10,36,False,Priority,8.6,1,4,0,10,0,41,70
APT-001271,LOC-06,SVC-05,2025-10-11,57,False,Routine,16.5,1,5,1,10,0,41,71
APT-001277,LOC-08,SVC-01,2025-10-10,18,False,Routine,13.7,1,4,0,10,0,41,70
APT-001283,LOC-09,SVC-02,2025-10-13,23,False,Priority,94.8,1,0,0,10,0,42,73
APT-001284,LOC-05,SVC-09,2025-10-12,29,False,Routine,46.3,1,6,1,10,0,41,72
APT-001292,LOC-01,SVC-09,2025-10-13,26,False,Routine,19.9,1,0,0,10,0,42,73
APT-001297,LOC-02,SVC-01,2025-10-13,24,False,Routine,17.5,1,0,0,10,0,42,73
APT-001304,LOC-06,SVC-04,2025-10-13,32,False,Routine,27.9,1,0,0,10,0,42,73
APT-001306,LOC-02,SVC-09,2025-10-13,14,False,Routine,17.5,1,0,0,10,0,42,73
APT-001309,LOC-06,SVC-09,2025-10-13,3,False,Routine,63.9,1,0,0,10,0,42,73
APT-001311,LOC-08,SVC-01,2025-10-14,37,False,Routine,45.0,1,1,0,10,0,42,74
APT-001312,LOC-07,SVC-02,2025-10-14,32,False,Routine,11.6,1,1,0,10,0,42,74
APT-001314,LOC-10,SVC-03,2025-10-16,17,False,Priority,59.0,1,3,0,10,0,42,76
APT-001315,LOC-08,SVC-02,2025-10-16,18,False,Routine,75.3,1,3,0,10,0,42,76
APT-001317,LOC-09,SVC-02,2025-10-16,39,False,Urgent,58.9,1,3,0,10,0,42,76
APT-001319,LOC-05,SVC-05,2025-10-14,17,False,Routine,38.9,1,1,0,10,0,42,74
APT-001321,LOC-03,SVC-05,2025-10-15,27,False,Routine,20.0,1,2,0,10,0,42,75
APT-001322,LOC-03,SVC-05,2025-10-15,24,False,Routine,34.6,1,2,0,10,0,42,75
APT-001323,LOC-05,SVC-02,2025-10-15,41,False,Routine,47.5,1,2,0,10,0,42,75
APT-001332,LOC-05,SVC-07,2025-10-15,26,False,Priority,64.3,1,2,0,10,0,42,75
APT-001344,LOC-08,SVC-02,2025-10-17,27,False,Priority,61.7,1,4,0,10,0,42,77
APT-001346,LOC-04,SVC-01,2025-10-16,47,False,Routine,11.2,1,3,0,10,0,42,76
APT-001349,LOC-10,SVC-02,2025-10-15,23,False,Routine,32.8,1,2,0,10,0,42,75
APT-001350,LOC-01,SVC-07,2025-10-17,12,False,Urgent,68.0,1,4,0,10,0,42,77
APT-001359,LOC-09,SVC-01,2025-10-16,18,False,Priority,36.3,1,3,0,10,0,42,76
APT-001363,LOC-09,SVC-05,2025-10-17,13,False,Routine,36.2,1,4,0,10,0,42,77
APT-001364,LOC-01,SVC-01,2025-10-18,3,False,Routine,81.9,1,5,1,10,0,42,78
APT-001370,LOC-04,SVC-05,2025-10-16,14,False,Routine,21.7,1,3,0,10,0,42,76
APT-001371,LOC-05,SVC-01,2025-10-16,38,False,Routine,73.8,1,3,0,10,0,42,76
APT-001373,LOC-08,SVC-01,2025-10-17,17,False,Priority,38.2,1,4,0,10,0,42,77
APT-001374,LOC-03,SVC-01,2025-10-17,24,False,Priority,20.2,1,4,0,10,0,42,77
APT-001375,LOC-02,SVC-03,2025-10-19,20,False,Routine,22.3,1,6,1,10,0,42,79
APT-001382,LOC-03,SVC-05,2025-10-17,23,False,Routine,15.6,1,4,0,10,0,42,77
APT-001383,LOC-07,SVC-01,2025-10-18,13,False,Priority,56.5,1,5,1,10,0,42,78
APT-001387,LOC-07,SVC-02,2025-10-18,50,False,Priority,24.3,1,5,1,10,0,42,78
APT-001390,LOC-08,SVC-02,2025-10-17,39,False,Urgent,8.3,1,4,0,10,0,42,77
APT-001393,LOC-10,SVC-02,2025-10-17,24,True,Priority,44.6,1,4,0,10,0,42,77
APT-001394,LOC-05,SVC-03,2025-10-17,17,False,Priority,64.5,1,4,0,10,0,42,77
APT-001395,LOC-03,SVC-05,2025-10-17,36,False,Priority,44.6,1,4,0,10,0,42,77
APT-001401,LOC-02,SVC-01,2025-10-19,32,False,Priority,71.3,1,6,1,10,0,42,79
APT-001402,LOC-08,SVC-01,2025-10-20,27,False,Priority,36.3,1,0,0,10,0,43,80
APT-001403,LOC-06,SVC-06,2025-10-19,31,False,Emergency,63.2,1,6,1,10,0,42,79
APT-001404,LOC-06,SVC-02,2025-10-21,19,False,Routine,20.6,1,1,0,10,0,43,81
APT-001412,LOC-09,SVC-05,2025-10-20,24,False,Routine,37.4,1,0,0,10,0,43,80
APT-001413,LOC-08,SVC-01,2025-10-21,45,False,Routine,20.7,1,1,0,10,0,43,81
APT-001415,LOC-03,SVC-05,2025-10-20,3,False,Priority,26.4,1,0,0,10,0,43,80
APT-001417,LOC-10,SVC-01,2025-10-20,50,False,Urgent,25.8,1,0,0,10,0,43,80
APT-001420,LOC-07,SVC-05,2025-10-21,34,False,Routine,23.9,1,1,0,10,0,43,81
APT-001422,LOC-07,SVC-06,2025-10-20,34,False,Emergency,37.6,1,0,0,10,0,43,80
APT-001423,LOC-06,SVC-05,2025-10-21,38,False,Routine,11.5,1,1,0,10,0,43,81
APT-001428,LOC-06,SVC-06,2025-10-20,39,False,Routine,64.4,1,0,0,10,0,43,80
APT-001433,LOC-08,SVC-01,2025-10-21,18,False,Routine,14.6,1,1,0,10,0,43,81
APT-001446,LOC-01,SVC-06,2025-10-21,28,False,Routine,38.5,1,1,0,10,0,43,81
APT-001447,LOC-03,SVC-02,2025-10-21,27,False,Routine,8.9,1,1,0,10,0,43,81
APT-001451,LOC-01,SVC-02,2025-10-22,20,False,Priority,48.0,1,2,0,10,0,43,82
APT-001454,LOC-03,SVC-07,2025-10-24,16,False,Routine,16.4,1,4,0,10,0,43,84
APT-001455,LOC-03,SVC-06,2025-10-22,27,False,Urgent,50.2,1,2,0,10,0,43,82
APT-001457,LOC-07,SVC-06,2025-10-22,63,False,Routine,15.1,1,2,0,10,0,43,82
APT-001465,LOC-03,SVC-06,2025-10-26,16,False,Routine,20.2,1,6,1,10,0,43,86
APT-001466,LOC-07,SVC-09,2025-10-27,12,False,Priority,42.3,1,0,0,10,0,44,87
APT-001471,LOC-05,SVC-06,2025-10-24,3,False,Routine,37.6,1,4,0,10,0,43,84
APT-001473,LOC-03,SVC-07,2025-10-24,20,False,Routine,20.0,1,4,0,10,0,43,84
APT-001474,LOC-04,SVC-01,2025-10-24,38,False,Priority,51.2,1,4,0,10,0,43,84
APT-001479,LOC-01,SVC-01,2025-10-24,29,False,Routine,14.8,1,4,0,10,0,43,84
APT-001480,LOC-02,SVC-06,2025-10-23,12,False,Routine,34.2,1,3,0,10,0,43,83
APT-001483,LOC-06,SVC-05,2025-10-24,16,False,Routine,13.5,1,4,0,10,0,43,84
APT-001486,LOC-09,SVC-09,2025-10-25,56,False,Priority,95.8,1,5,1,10,0,43,85
APT-001487,LOC-10,SVC-02,2025-10-26,11,False,Routine,27.0,1,6,1,10,0,43,86
APT-001488,LOC-08,SVC-02,2025-10-24,16,False,Priority,9.0,1,4,0,10,0,43,84
APT-001490,LOC-10,SVC-03,2025-10-24,55,True,Priority,42.7,1,4,0,10,0,43,84
APT-001495,LOC-07,SVC-02,2025-10-27,41,False,Routine,13.9,1,0,0,10,0,44,87
APT-001497,LOC-10,SVC-08,2025-10-25,59,False,Priority,42.6,1,5,1,10,0,43,85
APT-001510,LOC-07,SVC-06,2025-10-28,3,False,Routine,37.3,1,1,0,10,0,44,88
APT-001516,LOC-08,SVC-05,2025-10-26,45,False,Routine,23.8,1,6,1,10,0,43,86
APT-001517,LOC-02,SVC-06,2025-10-26,21,True,Priority,35.1,1,6,1,10,0,43,86
APT-001518,LOC-06,SVC-04,2025-10-26,40,False,Emergency,77.7,1,6,1,10,0,43,86
APT-001520,LOC-03,SVC-07,2025-10-26,25,False,Routine,3.7,1,6,1,10,0,43,86
APT-001521,LOC-01,SVC-03,2025-10-28,36,True,Routine,42.2,1,1,0,10,0,44,88
APT-001522,LOC-09,SVC-01,2025-10-27,33,False,Priority,36.5,1,0,0,10,0,44,87
APT-001525,LOC-01,SVC-08,2025-10-27,6,False,Routine,37.9,1,0,0,10,0,44,87
APT-001526,LOC-10,SVC-02,2025-10-28,36,False,Routine,37.2,1,1,0,10,0,44,88
APT-001530,LOC-05,SVC-01,2025-10-27,36,False,Routine,8.7,1,0,0,10,0,44,87
APT-001533,LOC-10,SVC-09,2025-10-27,24,False,Priority,20.3,1,0,0,10,0,44,87
APT-001542,LOC-10,SVC-03,2025-10-28,13,False,Priority,70.2,1,1,0,10,0,44,88
APT-001546,LOC-06,SVC-07,2025-10-29,39,False,Routine,24.4,1,2,0,10,0,44,89
APT-001547,LOC-04,SVC-02,2025-10-28,18,False,Routine,12.6,1,1,0,10,0,44,88
APT-001551,LOC-08,SVC-08,2025-10-28,32,False,Routine,23.3,1,1,0,10,0,44,88
APT-001564,LOC-03,SVC-06,2025-10-29,27,False,Priority,35.9,1,2,0,10,0,44,89
APT-001568,LOC-06,SVC-09,2025-11-03,38,False,Routine,35.7,1,0,0,11,0,45,94
APT-001570,LOC-03,SVC-07,2025-10-29,18,False,Routine,43.7,1,2,0,10,0,44,89
APT-001574,LOC-07,SVC-02,2025-11-01,37,False,Routine,10.5,1,5,1,11,0,44,92
APT-001579,LOC-02,SVC-09,2025-10-29,31,False,Routine,12.2,1,2,0,10,0,44,89
APT-001580,LOC-02,SVC-06,2025-10-29,32,False,Emergency,78.2,1,2,0,10,0,44,89
APT-001587,LOC-09,SVC-08,2025-10-31,55,False,Routine,72.1,1,4,0,10,0,44,91
APT-001590,LOC-04,SVC-02,2025-10-31,8,False,Routine,47.7,1,4,0,10,0,44,91
APT-001594,LOC-01,SVC-05,2025-10-30,12,False,Routine,32.5,1,3,0,10,0,44,90
APT-001596,LOC-10,SVC-02,2025-10-31,53,False,Priority,18.5,1,4,0,10,0,44,91
APT-001598,LOC-06,SVC-04,2025-10-30,37,False,Routine,10.8,1,3,0,10,0,44,90
APT-001600,LOC-07,SVC-07,2025-11-03,34,False,Routine,76.5,1,0,0,11,0,45,94
APT-001601,LOC-08,SVC-05,2025-10-30,39,False,Routine,22.5,1,3,0,10,0,44,90
APT-001602,LOC-01,SVC-09,2025-10-31,9,False,Urgent,92.8,1,4,0,10,0,44,91
APT-001605,LOC-05,SVC-02,2025-10-31,14,False,Priority,32.5,1,4,0,10,0,44,91
APT-001611,LOC-01,SVC-01,2025-11-02,13,False,Routine,66.2,1,6,1,11,0,44,93
APT-001618,LOC-05,SVC-04,2025-11-01,20,False,Routine,33.4,1,5,1,11,0,44,92
APT-001619,LOC-08,SVC-06,2025-10-31,45,False,Urgent,69.4,1,4,0,10,0,44,91
APT-001625,LOC-03,SVC-01,2025-11-03,3,False,Routine,72.9,1,0,0,11,0,45,94
APT-001630,LOC-01,SVC-01,2025-11-01,4,False,Routine,1.0,1,5,1,11,0,44,92
APT-001633,LOC-06,SVC-06,2025-11-03,39,True,Priority,38.2,1,0,0,11,0,45,94
APT-001634,LOC-01,SVC-01,2025-11-03,39,False,Routine,36.3,1,0,0,11,0,45,94
APT-001641,LOC-07,SVC-06,2025-11-03,31,False,Routine,38.3,1,0,0,11,0,45,94
APT-001644,LOC-03,SVC-02,2025-11-04,12,False,Routine,90.9,1,1,0,11,0,45,95
APT-001646,LOC-09,SVC-01,2025-11-03,18,False,Urgent,56.6,1,0,0,11,0,45,94
APT-001648,LOC-08,SVC-05,2025-11-03,27,False,Priority,18.0,1,0,0,11,0,45,94
APT-001651,LOC-07,SVC-06,2025-11-04,63,False,Priority,20.4,1,1,0,11,0,45,95
APT-001653,LOC-10,SVC-07,2025-11-04,47,False,Routine,11.7,1,1,0,11,0,45,95
APT-001654,LOC-09,SVC-01,2025-11-04,40,False,Routine,38.8,1,1,0,11,0,45,95
APT-001655,LOC-06,SVC-09,2025-11-04,5,False,Routine,19.9,1,1,0,11,0,45,95
APT-001662,LOC-05,SVC-01,2025-11-03,12,True,Routine,41.8,1,0,0,11,0,45,94
APT-001669,LOC-06,SVC-04,2025-11-07,46,False,Routine,45.0,1,4,0,11,0,45,98
APT-001672,LOC-06,SVC-06,2025-11-04,24,True,Priority,17.9,1,1,0,11,0,45,95
APT-001679,LOC-07,SVC-01,2025-11-06,3,False,Routine,16.0,1,3,0,11,0,45,97
APT-001682,LOC-07,SVC-06,2025-11-05,3,False,Routine,14.5,1,2,0,11,0,45,96
APT-001685,LOC-01,SVC-07,2025-11-04,31,False,Priority,56.8,1,1,0,11,0,45,95
APT-001690,LOC-04,SVC-01,2025-11-05,19,False,Routine,16.4,1,2,0,11,0,45,96
APT-001692,LOC-01,SVC-02,2025-11-05,36,False,Routine,5.2,1,2,0,11,0,45,96
APT-001693,LOC-09,SVC-06,2025-11-06,42,False,Priority,88.0,1,3,0,11,0,45,97
APT-001697,LOC-04,SVC-05,2025-11-07,11,False,Routine,22.7,1,4,0,11,0,45,98
APT-001706,LOC-04,SVC-06,2025-11-06,26,False,Routine,10.9,1,3,0,11,0,45,97
APT-001712,LOC-04,SVC-03,2025-11-08,21,False,Routine,10.5,1,5,1,11,0,45,99
APT-001717,LOC-03,SVC-06,2025-11-10,21,False,Routine,14.2,1,0,0,11,0,46,101
APT-001719,LOC-04,SVC-03,2025-11-06,41,False,Routine,17.5,1,3,0,11,0,45,97
APT-001720,LOC-04,SVC-03,2025-11-09,36,False,Routine,25.1,1,6,1,11,0,45,100
APT-001723,LOC-04,SVC-01,2025-11-07,3,False,Routine,12.7,1,4,0,11,0,45,98
APT-001725,LOC-04,SVC-02,2025-11-07,23,False,Urgent,86.1,1,4,0,11,0,45,98
APT-001739,LOC-06,SVC-05,2025-11-08,49,False,Priority,41.2,1,5,1,11,0,45,99
APT-001744,LOC-08,SVC-04,2025-11-08,3,False,Routine,24.3,1,5,1,11,0,45,99
APT-001750,LOC-03,SVC-08,2025-11-12,17,False,Routine,41.4,1,2,0,11,0,46,103
APT-001752,LOC-07,SVC-07,2025-11-10,46,False,Routine,13.5,1,0,0,11,0,46,101
APT-001754,LOC-10,SVC-06,2025-11-11,32,False,Routine,46.2,1,1,0,11,0,46,102
APT-001760,LOC-04,SVC-01,2025-11-11,26,False,Priority,16.7,1,1,0,11,0,46,102
APT-001769,LOC-02,SVC-01,2025-11-10,26,False,Priority,8.0,1,0,0,11,0,46,101
APT-001771,LOC-08,SVC-01,2025-11-11,3,False,Routine,36.3,1,1,0,11,0,46,102
APT-001774,LOC-03,SVC-01,2025-11-12,3,False,Routine,65.7,1,2,0,11,0,46,103
APT-001775,LOC-10,SVC-01,2025-11-15,3,False,Routine,46.8,1,5,1,11,0,46,106
APT-001779,LOC-03,SVC-02,2025-11-11,35,False,Routine,8.3,1,1,0,11,0,46,102
APT-001781,LOC-02,SVC-06,2025-11-12,13,False,Routine,43.7,1,2,0,11,0,46,103
APT-001786,LOC-09,SVC-02,2025-11-11,31,False,Routine,77.3,1,1,0,11,0,46,102
APT-001792,LOC-05,SVC-01,2025-11-12,12,False,Routine,43.2,1,2,0,11,0,46,103
APT-001799,LOC-06,SVC-04,2025-11-12,19,False,Priority,32.4,1,2,0,11,0,46,103
APT-001800,LOC-02,SVC-02,2025-11-13,31,False,Routine,30.3,1,3,0,11,0,46,104
APT-001801,LOC-01,SVC-02,2025-11-12,38,False,Urgent,29.5,1,2,0,11,0,46,103
APT-001802,LOC-03,SVC-06,2025-11-12,21,False,Routine,20.3,1,2,0,11,0,46,103
APT-001805,LOC-06,SVC-03,2025-11-13,38,False,Routine,18.4,1,3,0,11,0,46,104
APT-001807,LOC-03,SVC-07,2025-11-14,19,False,Routine,42.2,1,4,0,11,0,46,105
APT-001812,LOC-01,SVC-03,2025-11-14,35,False,Priority,15.7,1,4,0,11,0,46,105
APT-001815,LOC-10,SVC-03,2025-11-15,49,False,Routine,36.3,1,5,1,11,0,46,106
APT-001818,LOC-08,SVC-07,2025-11-14,39,True,Routine,17.2,1,4,0,11,0,46,105
APT-001820,LOC-06,SVC-05,2025-11-13,35,False,Routine,2.3,1,3,0,11,0,46,104
APT-001822,LOC-07,SVC-02,2025-11-14,40,False,Routine,20.8,1,4,0,11,0,46,105
APT-001828,LOC-06,SVC-06,2025-11-14,44,False,Routine,26.2,1,4,0,11,0,46,105
APT-001833,LOC-08,SVC-02,2025-11-14,45,False,Priority,35.9,1,4,0,11,0,46,105
APT-001836,LOC-03,SVC-04,2025-11-14,17,False,Routine,38.7,1,4,0,11,0,46,105
APT-001839,LOC-01,SVC-07,2025-11-14,45,False,Routine,39.5,1,4,0,11,0,46,105
APT-001849,LOC-09,SVC-02,2025-11-17,44,False,Routine,45.6,1,0,0,11,0,47,108
APT-001851,LOC-01,SVC-09,2025-11-14,20,False,Priority,59.4,1,4,0,11,0,46,105
APT-001860,LOC-04,SVC-03,2025-11-16,26,False,Routine,11.5,1,6,1,11,0,46,107
APT-001867,LOC-06,SVC-01,2025-11-17,3,False,Urgent,27.1,1,0,0,11,0,47,108
APT-001868,LOC-06,SVC-05,2025-11-18,59,False,Routine,6.3,1,1,0,11,0,47,109
APT-001874,LOC-06,SVC-06,2025-11-17,18,True,Routine,15.3,1,0,0,11,0,47,108
APT-001875,LOC-07,SVC-04,2025-11-18,20,False,Priority,96.2,1,1,0,11,0,47,109
APT-001877,LOC-01,SVC-08,2025-11-17,24,False,Urgent,53.1,1,0,0,11,0,47,108
APT-001884,LOC-10,SVC-06,2025-11-17,25,False,Priority,36.3,1,0,0,11,0,47,108
APT-001887,LOC-06,SVC-02,2025-11-19,67,False,Priority,41.9,1,2,0,11,0,47,110
APT-001890,LOC-03,SVC-02,2025-11-17,3,False,Routine,9.3,1,0,0,11,0,47,108
APT-001891,LOC-10,SVC-01,2025-11-18,13,False,Priority,24.8,1,1,0,11,0,47,109
APT-001894,LOC-06,SVC-01,2025-11-18,41,False,Routine,11.4,1,1,0,11,0,47,109
APT-001904,LOC-05,SVC-05,2025-11-18,10,False,Routine,41.0,1,1,0,11,0,47,109
APT-001908,LOC-04,SVC-07,2025-11-18,34,False,Priority,62.7,1,1,0,11,0,47,109
APT-001911,LOC-07,SVC-01,2025-11-19,36,False,Routine,5.4,1,2,0,11,0,47,110
APT-001913,LOC-07,SVC-02,2025-11-21,21,False,Routine,51.3,1,4,0,11,0,47,112
APT-001918,LOC-09,SVC-06,2025-11-21,10,False,Priority,30.0,1,4,0,11,0,47,112
APT-001920,LOC-08,SVC-06,2025-11-20,29,False,Routine,44.8,1,3,0,11,0,47,111
APT-001922,LOC-06,SVC-05,2025-11-18,18,False,Routine,8.0,1,1,0,11,0,47,109
APT-001929,LOC-06,SVC-02,2025-11-19,3,False,Urgent,80.0,1,2,0,11,0,47,110
APT-001930,LOC-06,SVC-06,2025-11-21,18,True,Urgent,94.5,1,4,0,11,0,47,112
APT-001931,LOC-09,SVC-01,2025-11-19,49,False,Routine,18.4,1,2,0,11,0,47,110
APT-001934,LOC-04,SVC-02,2025-11-21,19,False,Routine,15.9,1,4,0,11,0,47,112
APT-001936,LOC-04,SVC-06,2025-11-21,33,False,Routine,8.8,1,4,0,11,0,47,112
APT-001937,LOC-08,SVC-02,2025-11-20,15,False,Urgent,35.9,1,3,0,11,0,47,111
APT-001940,LOC-08,SVC-02,2025-11-21,40,False,Routine,31.1,1,4,0,11,0,47,112
APT-001946,LOC-07,SVC-02,2025-11-20,40,False,Urgent,36.3,1,3,0,11,0,47,111
APT-001950,LOC-03,SVC-07,2025-11-21,34,False,Routine,1.3,1,4,0,11,0,47,112
APT-001952,LOC-05,SVC-07,2025-11-21,23,False,Priority,50.8,1,4,0,11,0,47,112
APT-001954,LOC-08,SVC-07,2025-11-21,40,False,Priority,36.3,1,4,0,11,0,47,112
APT-001959,LOC-03,SVC-03,2025-11-21,23,False,Emergency,54.8,1,4,0,11,0,47,112
APT-001961,LOC-03,SVC-06,2025-11-22,29,False,Routine,19.1,1,5,1,11,0,47,113
APT-001962,LOC-08,SVC-05,2025-11-21,30,False,Routine,10.5,1,4,0,11,0,47,112
APT-001963,LOC-09,SVC-01,2025-11-22,27,False,Priority,38.1,1,5,1,11,0,47,113
APT-001967,LOC-02,SVC-06,2025-11-22,28,False,Routine,24.5,1,5,1,11,0,47,113
APT-001970,LOC-04,SVC-02,2025-11-23,20,False,Routine,27.4,1,6,1,11,0,47,114
APT-001973,LOC-04,SVC-02,2025-11-22,37,False,Routine,14.2,1,5,1,11,0,47,113
APT-001974,LOC-10,SVC-03,2025-11-22,40,False,Routine,14.6,1,5,1,11,0,47,113
APT-001975,LOC-03,SVC-06,2025-11-23,23,False,Routine,32.3,1,6,1,11,0,47,114
APT-001976,LOC-09,SVC-09,2025-11-22,14,False,Routine,37.9,1,5,1,11,0,47,113
APT-001979,LOC-09,SVC-02,2025-11-23,33,False,Urgent,83.8,1,6,1,11,0,47,114
APT-001980,LOC-01,SVC-01,2025-11-23,5,False,Priority,35.8,1,6,1,11,0,47,114
APT-001982,LOC-03,SVC-06,2025-11-24,21,False,Routine,17.8,1,0,0,11,0,48,115
APT-001983,LOC-05,SVC-06,2025-11-22,28,False,Priority,47.7,1,5,1,11,0,47,113
APT-001986,LOC-06,SVC-04,2025-11-22,24,False,Routine,67.8,1,5,1,11,0,47,113
APT-001988,LOC-05,SVC-03,2025-11-24,10,False,Urgent,38.5,1,0,0,11,0,48,115
APT-001996,LOC-01,SVC-02,2025-11-25,28,False,Routine,6.9,1,1,0,11,0,48,116
APT-002000,LOC-05,SVC-07,2025-11-24,18,False,Priority,54.3,1,0,0,11,0,48,115
APT-002002,LOC-07,SVC-02,2025-11-26,42,False,Routine,37.7,1,2,0,11,0,48,117
APT-002007,LOC-08,SVC-06,2025-11-24,9,False,Urgent,9.5,1,0,0,11,0,48,115
APT-002011,LOC-06,SVC-06,2025-11-24,25,False,Emergency,15.7,1,0,0,11,0,48,115
APT-002016,LOC-07,SVC-06,2025-11-25,12,False,Priority,43.6,1,1,0,11,0,48,116
APT-002020,LOC-03,SVC-03,2025-11-26,8,False,Routine,11.4,1,2,0,11,0,48,117
APT-002021,LOC-07,SVC-08,2025-11-30,28,False,Routine,19.5,1,6,1,11,0,48,121
APT-002022,LOC-08,SVC-06,2025-11-25,6,False,Routine,14.6,1,1,0,11,0,48,116
APT-002025,LOC-07,SVC-06,2025-11-27,35,False,Routine,33.2,1,3,0,11,0,48,118
APT-002034,LOC-02,SVC-07,2025-11-25,34,False,Routine,50.7,1,1,0,11,0,48,116
APT-002041,LOC-04,SVC-03,2025-11-28,24,False,Routine,16.8,1,4,0,11,0,48,119
APT-002042,LOC-05,SVC-07,2025-11-28,28,True,Priority,41.1,1,4,0,11,0,48,119
APT-002044,LOC-01,SVC-01,2025-11-28,22,False,Routine,17.4,1,4,0,11,0,48,119
APT-002047,LOC-02,SVC-03,2025-11-27,18,False,Routine,41.1,1,3,0,11,0,48,118
APT-000002,LOC-05,SVC-01,2025-08-01,26,False,Routine,35.2,0,4,0,8,1,31,0
APT-000008,LOC-01,SVC-09,2025-08-01,28,False,Urgent,36.3,0,4,0,8,1,31,0
APT-000010,LOC-08,SVC-06,2025-08-02,29,False,Routine,15.8,0,5,1,8,1,31,1
APT-000013,LOC-10,SVC-05,2025-08-03,3,False,Routine,65.1,0,6,1,8,1,31,2
APT-000019,LOC-06,SVC-09,2025-08-04,3,False,Routine,37.8,0,0,0,8,1,32,3
APT-000020,LOC-09,SVC-05,2025-08-02,38,False,Routine,41.1,0,5,1,8,1,31,1
APT-000021,LOC-02,SVC-01,2025-08-02,29,False,Priority,38.3,0,5,1,8,1,31,1
APT-000023,LOC-07,SVC-01,2025-08-02,54,False,Routine,12.8,0,5,1,8,1,31,1
APT-000024,LOC-01,SVC-04,2025-08-03,17,True,Routine,54.7,0,6,1,8,1,31,2
APT-000026,LOC-03,SVC-09,2025-08-03,12,False,Priority,7.8,0,6,1,8,1,31,2
APT-000027,LOC-01,SVC-01,2025-08-02,18,False,Routine,34.2,0,5,1,8,1,31,1
APT-000030,LOC-05,SVC-07,2025-08-03,18,False,Urgent,34.6,0,6,1,8,1,31,2
APT-000032,LOC-07,SVC-03,2025-08-05,41,False,Priority,34.4,0,1,0,8,1,32,4
APT-000033,LOC-01,SVC-02,2025-08-03,3,False,Priority,35.4,0,6,1,8,1,31,2
APT-000034,LOC-06,SVC-01,2025-08-06,41,False,Routine,29.4,0,2,0,8,1,32,5
APT-000035,LOC-02,SVC-07,2025-08-03,19,False,Urgent,76.1,0,6,1,8,1,31,2
APT-000038,LOC-10,SVC-04,2025-08-05,8,False,Routine,11.7,0,1,0,8,1,32,4
APT-000039,LOC-02,SVC-01,2025-08-05,17,False,Urgent,54.7,0,1,0,8,1,32,4
APT-000040,LOC-10,SVC-01,2025-08-05,13,False,Routine,42.1,0,1,0,8,1,32,4
APT-000042,LOC-10,SVC-08,2025-08-07,30,False,Priority,36.1,0,3,0,8,1,32,6
APT-000043,LOC-07,SVC-05,2025-08-05,26,False,Priority,39.4,0,1,0,8,1,32,4
APT-000047,LOC-08,SVC-07,2025-08-05,20,True,Priority,62.2,0,1,0,8,1,32,4
APT-000048,LOC-07,SVC-09,2025-08-04,32,False,Priority,46.6,0,0,0,8,1,32,3
APT-000049,LOC-04,SVC-03,2025-08-06,25,False,Routine,34.3,0,2,0,8,1,32,5
APT-000050,LOC-06,SVC-03,2025-08-04,42,False,Priority,69.8,0,0,0,8,1,32,3
APT-000051,LOC-04,SVC-08,2025-08-05,11,False,Priority,7.5,0,1,0,8,1,32,4
APT-000052,LOC-08,SVC-05,2025-08-05,3,False,Priority,65.7,0,1,0,8,1,32,4
APT-000053,LOC-01,SVC-07,2025-08-05,12,False,Urgent,14.2,0,1,0,8,1,32,4
APT-000054,LOC-01,SVC-03,2025-08-05,15,False,Routine,30.5,0,1,0,8,1,32,4
APT-000055,LOC-01,SVC-02,2025-08-04,16,False,Priority,61.0,0,0,0,8,1,32,3
APT-000056,LOC-02,SVC-01,2025-08-07,14,False,Priority,91.8,0,3,0,8,1,32,6
APT-000057,LOC-06,SVC-05,2025-08-08,54,False,Routine,45.2,0,4,0,8,1,32,7
APT-000059,LOC-08,SVC-05,2025-08-04,28,False,Emergency,79.6,0,0,0,8,1,32,3
APT-000060,LOC-08,SVC-02,2025-08-05,50,False,Routine,3.2,0,1,0,8,1,32,4
APT-000062,LOC-09,SVC-09,2025-08-04,31,False,Priority,36.3,0,0,0,8,1,32,3
APT-000065,LOC-08,SVC-01,2025-08-06,40,False,Emergency,12.4,0,2,0,8,1,32,5
APT-000066,LOC-01,SVC-03,2025-08-07,44,False,Urgent,64.4,0,3,0,8,1,32,6
APT-000067,LOC-06,SVC-05,2025-08-06,17,False,Routine,31.8,0,2,0,8,1,32,5
APT-000069,LOC-02,SVC-03,2025-08-06,43,False,Priority,52.9,0,2,0,8,1,32,5
APT-000070,LOC-03,SVC-07,2025-08-05,13,False,Routine,21.0,0,1,0,8,1,32,4
APT-000071,LOC-10,SVC-06,2025-08-06,24,False,Priority,57.7,0,2,0,8,1,32,5
APT-000072,LOC-03,SVC-01,2025-08-05,21,False,Urgent,84.0,0,1,0,8,1,32,4
APT-000073,LOC-01,SVC-01,2025-08-06,22,False,Routine,37.2,0,2,0,8,1,32,5
APT-000074,LOC-03,SVC-02,2025-08-05,14,False,Urgent,46.3,0,1,0,8,1,32,4
APT-000075,LOC-06,SVC-05,2025-08-06,51,False,Emergency,51.0,0,2,0,8,1,32,5
APT-000077,LOC-06,SVC-01,2025-08-05,3,False,Urgent,32.5,0,1,0,8,1,32,4
APT-000078,LOC-10,SVC-09,2025-08-05,3,False,Routine,12.2,0,1,0,8,1,32,4
APT-000079,LOC-09,SVC-02,2025-08-06,25,False,Priority,40.4,0,2,0,8,1,32,5
APT-000080,LOC-07,SVC-05,2025-08-07,12,False,Routine,8.5,0,3,0,8,1,32,6
APT-000081,LOC-07,SVC-05,2025-08-05,16,False,Routine,17.1,0,1,0,8,1,32,4
APT-000082,LOC-03,SVC-08,2025-08-07,24,False,Routine,16.0,0,3,0,8,1,32,6
APT-000083,LOC-10,SVC-03,2025-08-05,13,False,Routine,24.5,0,1,0,8,1,32,4
APT-000087,LOC-04,SVC-05,2025-08-05,33,False,Routine,14.9,0,1,0,8,1,32,4
APT-000088,LOC-04,SVC-02,2025-08-07,19,False,Priority,40.3,0,3,0,8,1,32,6
APT-000089,LOC-10,SVC-05,2025-08-07,3,False,Priority,41.5,0,3,0,8,1,32,6
APT-000093,LOC-09,SVC-01,2025-08-08,24,False,Routine,30.1,0,4,0,8,1,32,7
APT-000097,LOC-03,SVC-01,2025-08-07,30,False,Routine,18.4,0,3,0,8,1,32,6
APT-000098,LOC-10,SVC-02,2025-08-06,10,False,Priority,65.6,0,2,0,8,1,32,5
APT-000100,LOC-10,SVC-05,2025-08-06,19,True,Routine,22.2,0,2,0,8,1,32,5
APT-000101,LOC-08,SVC-05,2025-08-07,14,False,Urgent,79.2,0,3,0,8,1,32,6
APT-000103,LOC-09,SVC-05,2025-08-06,3,False,Emergency,56.5,0,2,0,8,1,32,5
APT-000104,LOC-03,SVC-01,2025-08-09,15,True,Priority,26.1,0,5,1,8,1,32,8
APT-000107,LOC-08,SVC-07,2025-08-07,27,False,Urgent,39.1,0,3,0,8,1,32,6
APT-000111,LOC-02,SVC-05,2025-08-06,16,True,Urgent,64.6,0,2,0,8,1,32,5
APT-000112,LOC-08,SVC-02,2025-08-12,22,False,Routine,75.4,0,1,0,8,1,33,11
APT-000114,LOC-10,SVC-01,2025-08-08,38,False,Urgent,68.6,0,4,0,8,1,32,7
APT-000116,LOC-04,SVC-09,2025-08-08,12,False,Routine,46.7,0,4,0,8,1,32,7
APT-000117,LOC-06,SVC-02,2025-08-08,3,False,Urgent,42.0,0,4,0,8,1,32,7
APT-000118,LOC-03,SVC-01,2025-08-07,13,False,Routine,24.7,0,3,0,8,1,32,6
APT-000119,LOC-08,SVC-05,2025-08-07,16,False,Emergency,82.5,0,3,0,8,1,32,6
APT-000121,LOC-02,SVC-04,2025-08-07,16,False,Priority,51.5,0,3,0,8,1,32,6
APT-000123,LOC-07,SVC-01,2025-08-10,33,False,Urgent,72.1,0,6,1,8,1,32,9
APT-000124,LOC-04,SVC-09,2025-08-07,21,False,Priority,22.8,0,3,0,8,1,32,6
APT-000126,LOC-06,SVC-01,2025-08-09,8,False,Routine,15.8,0,5,1,8,1,32,8
APT-000127,LOC-02,SVC-06,2025-08-07,48,False,Priority,40.6,0,3,0,8,1,32,6
APT-000128,LOC-09,SVC-01,2025-08-07,15,False,Priority,11.7,0,3,0,8,1,32,6
APT-000131,LOC-01,SVC-01,2025-08-07,22,False,Urgent,86.8,0,3,0,8,1,32,6
APT-000137,LOC-02,SVC-03,2025-08-07,30,False,Routine,35.7,0,3,0,8,1,32,6
APT-000143,LOC-04,SVC-01,2025-08-09,28,False,Urgent,35.4,0,5,1,8,1,32,8
APT-000146,LOC-06,SVC-07,2025-08-08,27,False,Priority,27.1,0,4,0,8,1,32,7
APT-000149,LOC-03,SVC-02,2025-08-09,4,False,Routine,27.6,0,5,1,8,1,32,8
APT-000150,LOC-01,SVC-05,2025-08-09,26,False,Urgent,93.0,0,5,1,8,1,32,8
APT-000156,LOC-01,SVC-04,2025-08-08,33,False,Urgent,62.4,0,4,0,8,1,32,7
APT-000158,LOC-06,SVC-09,2025-08-08,14,False,Urgent,66.4,0,4,0,8,1,32,7
APT-000164,LOC-07,SVC-03,2025-08-09,29,False,Urgent,8.2,0,5,1,8,1,32,8
APT-000165,LOC-07,SVC-09,2025-08-09,29,False,Urgent,20.0,0,5,1,8,1,32,8
APT-000166,LOC-10,SVC-05,2025-08-10,6,False,Urgent,55.6,0,6,1,8,1,32,9
APT-000169,LOC-05,SVC-02,2025-08-09,38,False,Urgent,40.8,0,5,1,8,1,32,8
APT-000170,LOC-09,SVC-03,2025-08-11,3,False,Urgent,34.8,0,0,0,8,1,33,10
APT-000171,LOC-03,SVC-04,2025-08-11,3,False,Urgent,74.0,0,0,0,8,1,33,10
APT-000173,LOC-09,SVC-05,2025-08-09,22,False,Routine,14.7,0,5,1,8,1,32,8
APT-000174,LOC-05,SVC-04,2025-08-09,4,False,Urgent,55.3,0,5,1,8,1,32,8
APT-000175,LOC-01,SVC-01,2025-08-09,7,False,Urgent,39.7,0,5,1,8,1,32,8
APT-000176,LOC-10,SVC-03,2025-08-10,29,False,Urgent,28.7,0,6,1,8,1,32,9
APT-000177,LOC-09,SVC-04,2025-08-12,22,False,Routine,11.5,0,1,0,8,1,33,11
APT-000179,LOC-01,SVC-01,2025-08-10,46,False,Routine,30.5,0,6,1,8,1,32,9
APT-000180,LOC-05,SVC-07,2025-08-11,24,False,Priority,7.4,0,0,0,8,1,33,10
APT-000182,LOC-09,SVC-02,2025-08-11,28,False,Urgent,86.3,0,0,0,8,1,33,10
APT-000185,LOC-05,SVC-01,2025-08-11,13,False,Priority,35.9,0,0,0,8,1,33,10
APT-000186,LOC-07,SVC-08,2025-08-11,43,True,Urgent,17.4,0,0,0,8,1,33,10
APT-000187,LOC-07,SVC-05,2025-08-13,24,False,Routine,38.3,0,2,0,8,1,33,12
APT-000188,LOC-04,SVC-01,2025-08-11,22,True,Routine,12.0,0,0,0,8,1,33,10
APT-000191,LOC-02,SVC-07,2025-08-12,29,True,Urgent,83.2,0,1,0,8,1,33,11
APT-000192,LOC-08,SVC-01,2025-08-12,17,True,Routine,22.6,0,1,0,8,1,33,11
APT-000193,LOC-03,SVC-07,2025-08-11,57,False,Urgent,63.8,0,0,0,8,1,33,10
APT-000195,LOC-10,SVC-01,2025-08-12,53,False,Routine,28.0,0,1,0,8,1,33,11
APT-000196,LOC-01,SVC-01,2025-08-12,13,False,Routine,11.7,0,1,0,8,1,33,11
APT-000197,LOC-02,SVC-01,2025-08-13,11,False,Routine,18.6,0,2,0,8,1,33,12
APT-000199,LOC-03,SVC-05,2025-08-12,20,False,Priority,42.8,0,1,0,8,1,33,11
APT-000200,LOC-10,SVC-01,2025-08-12,35,False,Routine,63.5,0,1,0,8,1,33,11
APT-000201,LOC-04,SVC-08,2025-08-12,22,False,Routine,36.3,0,1,0,8,1,33,11
APT-000202,LOC-03,SVC-06,2025-08-11,10,False,Routine,36.3,0,0,0,8,1,33,10
APT-000203,LOC-01,SVC-06,2025-08-11,34,False,Urgent,83.6,0,0,0,8,1,33,10
APT-000204,LOC-09,SVC-01,2025-08-14,13,False,Priority,87.0,0,3,0,8,1,33,13
APT-000210,LOC-05,SVC-07,2025-08-13,14,False,Routine,14.6,0,2,0,8,1,33,12
APT-000211,LOC-06,SVC-05,2025-08-13,40,False,Routine,15.1,0,2,0,8,1,33,12
APT-000212,LOC-05,SVC-02,2025-08-13,27,False,Urgent,84.8,0,2,0,8,1,33,12
APT-000213,LOC-02,SVC-09,2025-08-14,3,False,Routine,4.0,0,3,0,8,1,33,13
APT-000214,LOC-08,SVC-09,2025-08-14,22,False,Routine,32.5,0,3,0,8,1,33,13
APT-000216,LOC-03,SVC-04,2025-08-12,28,False,Routine,12.8,0,1,0,8,1,33,11
APT-000217,LOC-07,SVC-02,2025-08-17,10,False,Routine,38.7,0,6,1,8,1,33,16
APT-000220,LOC-08,SVC-08,2025-08-12,28,False,Urgent,45.3,0,1,0,8,1,33,11
APT-000221,LOC-10,SVC-01,2025-08-12,3,False,Priority,23.6,0,1,0,8,1,33,11
APT-000222,LOC-07,SVC-02,2025-08-12,3,False,Urgent,26.6,0,1,0,8,1,33,11
APT-000223,LOC-01,SVC-06,2025-08-13,21,False,Routine,35.7,0,2,0,8,1,33,12
APT-000224,LOC-05,SVC-01,2025-08-12,36,False,Urgent,54.5,0,1,0,8,1,33,11
APT-000225,LOC-01,SVC-05,2025-08-12,19,False,Priority,54.7,0,1,0,8,1,33,11
APT-000226,LOC-04,SVC-08,2025-08-13,31,False,Routine,36.3,0,2,0,8,1,33,12
APT-000228,LOC-04,SVC-01,2025-08-12,10,False,Priority,41.4,0,1,0,8,1,33,11
APT-000229,LOC-08,SVC-05,2025-08-13,41,False,Priority,9.4,0,2,0,8,1,33,12
APT-000230,LOC-01,SVC-06,2025-08-12,6,False,Routine,43.7,0,1,0,8,1,33,11
APT-000231,LOC-04,SVC-05,2025-08-13,24,False,Routine,16.0,0,2,0,8,1,33,12
APT-000234,LOC-01,SVC-05,2025-08-13,56,False,Emergency,93.9,0,2,0,8,1,33,12
APT-000235,LOC-03,SVC-06,2025-08-13,48,False,Priority,19.8,0,2,0,8,1,33,12
APT-000236,LOC-06,SVC-06,2025-08-13,26,False,Urgent,70.1,0,2,0,8,1,33,12
APT-000242,LOC-01,SVC-09,2025-08-13,38,False,Routine,17.9,0,2,0,8,1,33,12
APT-000245,LOC-02,SVC-08,2025-08-14,9,False,Urgent,60.8,0,3,0,8,1,33,13
APT-000246,LOC-08,SVC-03,2025-08-14,37,False,Priority,14.4,0,3,0,8,1,33,13
APT-000247,LOC-03,SVC-01,2025-08-14,16,False,Routine,22.3,0,3,0,8,1,33,13
APT-000248,LOC-01,SVC-05,2025-08-14,21,False,Routine,62.1,0,3,0,8,1,33,13
APT-000249,LOC-02,SVC-02,2025-08-15,28,False,Routine,31.5,0,4,0,8,1,33,14
APT-000250,LOC-01,SVC-06,2025-08-15,30,False,Priority,43.6,0,4,0,8,1,33,14
APT-000252,LOC-01,SVC-05,2025-08-16,4,False,Priority,68.4,0,5,1,8,1,33,15
APT-000253,LOC-04,SVC-01,2025-08-14,35,False,Urgent,77.7,0,3,0,8,1,33,13
APT-000254,LOC-09,SVC-02,2025-08-14,36,False,Urgent,36.3,0,3,0,8,1,33,13
APT-000256,LOC-02,SVC-07,2025-08-14,23,False,Priority,17.7,0,3,0,8,1,33,13
APT-000257,LOC-04,SVC-04,2025-08-14,28,False,Routine,21.5,0,3,0,8,1,33,13
APT-000258,LOC-02,SVC-08,2025-08-14,21,False,Routine,62.8,0,3,0,8,1,33,13
APT-000261,LOC-04,SVC-02,2025-08-14,23,False,Urgent,12.7,0,3,0,8,1,33,13
APT-000262,LOC-08,SVC-07,2025-08-15,19,False,Routine,11.0,0,4,0,8,1,33,14
APT-000267,LOC-08,SVC-07,2025-08-17,31,False,Routine,23.6,0,6,1,8,1,33,16
APT-000268,LOC-02,SVC-05,2025-08-15,15,False,Urgent,85.4,0,4,0,8,1,33,14
APT-000278,LOC-06,SVC-07,2025-08-16,8,False,Routine,9.1,0,5,1,8,1,33,15
APT-000279,LOC-10,SVC-05,2025-08-17,26,False,Routine,40.8,0,6,1,8,1,33,16
APT-000280,LOC-01,SVC-01,2025-08-15,24,False,Urgent,69.2,0,4,0,8,1,33,14
APT-000282,LOC-02,SVC-03,2025-08-17,19,False,Routine,67.4,0,6,1,8,1,33,16
APT-000283,LOC-02,SVC-07,2025-08-16,43,False,Urgent,80.5,0,5,1,8,1,33,15
APT-000284,LOC-07,SVC-04,2025-08-16,21,False,Routine,13.0,0,5,1,8,1,33,15
APT-000286,LOC-06,SVC-08,2025-08-15,25,False,Urgent,99.0,0,4,0,8,1,33,14
APT-000288,LOC-02,SVC-08,2025-08-15,17,False,Priority,34.5,0,4,0,8,1,33,14
APT-000289,LOC-05,SVC-01,2025-08-15,19,False,Priority,36.3,0,4,0,8,1,33,14
APT-000290,LOC-10,SVC-05,2025-08-15,60,False,Emergency,28.6,0,4,0,8,1,33,14
APT-000294,LOC-09,SVC-09,2025-08-19,32,False,Routine,27.1,0,1,0,8,1,34,18
APT-000301,LOC-04,SVC-09,2025-08-17,31,False,Routine,13.1,0,6,1,8,1,33,16
APT-000303,LOC-09,SVC-05,2025-08-17,11,False,Routine,36.3,0,6,1,8,1,33,16
APT-000304,LOC-08,SVC-01,2025-08-16,31,False,Urgent,13.4,0,5,1,8,1,33,15
APT-000305,LOC-08,SVC-07,2025-08-16,49,False,Priority,10.5,0,5,1,8,1,33,15
APT-000307,LOC-02,SVC-03,2025-08-17,12,False,Urgent,61.9,0,6,1,8,1,33,16
APT-000309,LOC-04,SVC-01,2025-08-18,3,False,Routine,19.3,0,0,0,8,1,34,17
APT-000310,LOC-08,SVC-02,2025-08-17,20,False,Emergency,2.2,0,6,1,8,1,33,16
APT-000311,LOC-09,SVC-01,2025-08-17,29,False,Routine,17.4,0,6,1,8,1,33,16
APT-000312,LOC-04,SVC-04,2025-08-17,3,False,Urgent,64.6,0,6,1,8,1,33,16
APT-000314,LOC-04,SVC-07,2025-08-17,26,False,Priority,15.0,0,6,1,8,1,33,16
APT-000315,LOC-10,SVC-04,2025-08-19,58,True,Routine,38.0,0,1,0,8,1,34,18
APT-000318,LOC-08,SVC-05,2025-08-18,35,False,Routine,9.5,0,0,0,8,1,34,17
APT-000324,LOC-04,SVC-08,2025-08-18,30,False,Routine,12.3,0,0,0,8,1,34,17
APT-000326,LOC-04,SVC-09,2025-08-20,15,False,Priority,43.1,0,2,0,8,1,34,19
APT-000327,LOC-04,SVC-08,2025-08-18,4,False,Urgent,17.2,0,0,0,8,1,34,17
APT-000328,LOC-02,SVC-05,2025-08-19,39,False,Routine,64.2,0,1,0,8,1,34,18
APT-000329,LOC-10,SVC-02,2025-08-19,34,True,Routine,6.7,0,1,0,8,1,34,18
APT-000330,LOC-01,SVC-08,2025-08-18,30,False,Priority,47.1,0,0,0,8,1,34,17
APT-000331,LOC-03,SVC-01,2025-08-19,18,False,Routine,34.3,0,1,0,8,1,34,18
APT-000333,LOC-08,SVC-01,2025-08-20,12,False,Routine,63.8,0,2,0,8,1,34,19
APT-000334,LOC-06,SVC-05,2025-08-18,23,False,Urgent,36.3,0,0,0,8,1,34,17
APT-000336,LOC-10,SVC-01,2025-08-19,14,False,Urgent,62.3,0,1,0,8,1,34,18
APT-000337,LOC-05,SVC-01,2025-08-19,17,False,Routine,69.9,0,1,0,8,1,34,18
APT-000338,LOC-03,SVC-07,2025-08-19,30,False,Routine,20.6,0,1,0,8,1,34,18
APT-000339,LOC-09,SVC-06,2025-08-19,26,False,Urgent,61.5,0,1,0,8,1,34,18
APT-000340,LOC-08,SVC-03,2025-08-20,3,False,Routine,33.0,0,2,0,8,1,34,19
APT-000341,LOC-05,SVC-09,2025-08-18,26,False,Routine,19.6,0,0,0,8,1,34,17
APT-000344,LOC-09,SVC-09,2025-08-21,9,False,Urgent,94.9,0,3,0,8,1,34,20
APT-000345,LOC-01,SVC-03,2025-08-19,27,False,Priority,36.4,0,1,0,8,1,34,18
APT-000346,LOC-03,SVC-01,2025-08-21,35,False,Routine,18.2,0,3,0,8,1,34,20
APT-000348,LOC-02,SVC-04,2025-08-20,3,False,Routine,25.2,0,2,0,8,1,34,19
APT-000349,LOC-09,SVC-03,2025-08-20,16,False,Routine,16.1,0,2,0,8,1,34,19
APT-000350,LOC-03,SVC-01,2025-08-20,14,False,Priority,61.2,0,2,0,8,1,34,19
APT-000351,LOC-10,SVC-09,2025-08-19,19,False,Routine,12.8,0,1,0,8,1,34,18
APT-000352,LOC-02,SVC-03,2025-08-20,33,True,Priority,63.5,0,2,0,8,1,34,19
APT-000353,LOC-04,SVC-07,2025-08-19,7,False,Routine,15.8,0,1,0,8,1,34,18
APT-000354,LOC-10,SVC-02,2025-08-19,16,False,Urgent,68.9,0,1,0,8,1,34,18
APT-000357,LOC-02,SVC-07,2025-08-19,11,False,Priority,63.5,0,1,0,8,1,34,18
APT-000358,LOC-01,SVC-01,2025-08-20,20,False,Priority,47.4,0,2,0,8,1,34,19
APT-000361,LOC-09,SVC-07,2025-08-21,18,False,Routine,12.9,0,3,0,8,1,34,20
APT-000363,LOC-04,SVC-05,2025-08-21,34,True,Priority,9.2,0,3,0,8,1,34,20
APT-000364,LOC-06,SVC-01,2025-08-20,18,False,Priority,14.2,0,2,0,8,1,34,19
APT-000365,LOC-08,SVC-01,2025-08-20,37,False,Routine,19.2,0,2,0,8,1,34,19
APT-000366,LOC-10,SVC-06,2025-08-20,3,False,Urgent,44.3,0,2,0,8,1,34,19
APT-000370,LOC-02,SVC-07,2025-08-21,16,False,Urgent,54.0,0,3,0,8,1,34,20
APT-000371,LOC-03,SVC-05,2025-08-21,16,False,Priority,38.1,0,3,0,8,1,34,20
APT-000372,LOC-02,SVC-07,2025-08-20,24,False,Routine,14.2,0,2,0,8,1,34,19
APT-000373,LOC-07,SVC-07,2025-08-22,22,False,Routine,40.1,0,4,0,8,1,34,21
APT-000374,LOC-01,SVC-04,2025-08-22,25,False,Priority,36.3,0,4,0,8,1,34,21
APT-000375,LOC-05,SVC-05,2025-08-21,28,False,Priority,39.6,0,3,0,8,1,34,20
APT-000377,LOC-07,SVC-03,2025-08-21,25,False,Routine,19.7,0,3,0,8,1,34,20
APT-000378,LOC-07,SVC-03,2025-08-26,10,False,Routine,36.3,0,1,0,8,1,35,25
APT-000379,LOC-09,SVC-06,2025-08-21,20,False,Urgent,25.5,0,3,0,8,1,34,20
APT-000382,LOC-07,SVC-01,2025-08-21,50,False,Urgent,42.6,0,3,0,8,1,34,20
APT-000383,LOC-03,SVC-01,2025-08-20,20,False,Routine,37.9,0,2,0,8,1,34,19
APT-000384,LOC-01,SVC-06,2025-08-20,30,False,Routine,36.3,0,2,0,8,1,34,19
APT-000386,LOC-03,SVC-01,2025-08-21,23,False,Routine,36.0,0,3,0,8,1,34,20
APT-000388,LOC-08,SVC-08,2025-08-23,42,False,Routine,6.1,0,5,1,8,1,34,22
APT-000389,LOC-07,SVC-01,2025-08-21,30,False,Routine,33.3,0,3,0,8,1,34,20
APT-000390,LOC-10,SVC-04,2025-08-22,21,False,Routine,6.4,0,4,0,8,1,34,21
APT-000394,LOC-02,SVC-07,2025-08-21,21,True,Priority,67.8,0,3,0,8,1,34,20
APT-000396,LOC-08,SVC-05,2025-08-21,18,False,Urgent,36.3,0,3,0,8,1,34,20
APT-000398,LOC-06,SVC-06,2025-08-21,52,False,Urgent,74.6,0,3,0,8,1,34,20
APT-000400,LOC-09,SVC-06,2025-08-21,27,False,Priority,17.3,0,3,0,8,1,34,20
APT-000401,LOC-09,SVC-09,2025-08-21,18,False,Urgent,75.4,0,3,0,8,1,34,20
APT-000402,LOC-03,SVC-05,2025-08-23,23,False,Priority,29.6,0,5,1,8,1,34,22
APT-000403,LOC-03,SVC-05,2025-08-23,30,False,Routine,20.2,0,5,1,8,1,34,22
APT-000404,LOC-06,SVC-03,2025-08-22,38,False,Priority,65.4,0,4,0,8,1,34,21
APT-000408,LOC-08,SVC-05,2025-08-21,16,False,Routine,15.8,0,3,0,8,1,34,20
APT-000412,LOC-10,SVC-07,2025-08-23,30,False,Routine,37.8,0,5,1,8,1,34,22
APT-000417,LOC-04,SVC-01,2025-08-22,47,False,Urgent,68.1,0,4,0,8,1,34,21
APT-000418,LOC-01,SVC-04,2025-08-23,14,False,Routine,47.6,0,5,1,8,1,34,22
APT-000420,LOC-07,SVC-07,2025-08-23,29,False,Routine,34.9,0,5,1,8,1,34,22
APT-000422,LOC-06,SVC-07,2025-08-23,29,False,Priority,61.5,0,5,1,8,1,34,22
APT-000423,LOC-07,SVC-02,2025-08-23,25,False,Priority,75.2,0,5,1,8,1,34,22
APT-000424,LOC-10,SVC-01,2025-08-23,32,False,Urgent,59.6,0,5,1,8,1,34,22
APT-000425,LOC-05,SVC-01,2025-08-24,33,False,Priority,21.4,0,6,1,8,1,34,23
APT-000427,LOC-02,SVC-08,2025-08-23,31,False,Priority,59.7,0,5,1,8,1,34,22
APT-000428,LOC-03,SVC-01,2025-08-22,21,False,Priority,8.4,0,4,0,8,1,34,21
APT-000429,LOC-02,SVC-01,2025-08-22,32,False,Priority,63.3,0,4,0,8,1,34,21
APT-000430,LOC-10,SVC-03,2025-08-22,19,False,Emergency,38.2,0,4,0,8,1,34,21
APT-000431,LOC-10,SVC-02,2025-08-22,3,False,Priority,12.6,0,4,0,8,1,34,21
APT-000433,LOC-09,SVC-06,2025-08-24,11,False,Routine,39.2,0,6,1,8,1,34,23
APT-000434,LOC-07,SVC-07,2025-08-26,15,False,Routine,91.4,0,1,0,8,1,35,25
APT-000435,LOC-02,SVC-07,2025-08-24,8,False,Priority,11.4,0,6,1,8,1,34,23
APT-000436,LOC-03,SVC-07,2025-08-24,34,False,Routine,21.8,0,6,1,8,1,34,23
APT-000437,LOC-10,SVC-02,2025-08-23,17,False,Priority,21.3,0,5,1,8,1,34,22
APT-000438,LOC-09,SVC-03,2025-08-25,22,False,Priority,85.5,0,0,0,8,1,35,24
APT-000439,LOC-10,SVC-08,2025-08-24,14,False,Priority,28.9,0,6,1,8,1,34,23
APT-000440,LOC-04,SVC-09,2025-08-24,3,False,Priority,68.5,0,6,1,8,1,34,23
APT-000441,LOC-02,SVC-06,2025-08-23,22,False,Routine,35.7,0,5,1,8,1,34,22
APT-000443,LOC-03,SVC-02,2025-08-25,24,False,Routine,41.2,0,0,0,8,1,35,24
APT-000444,LOC-04,SVC-07,2025-08-26,25,False,Routine,4.8,0,1,0,8,1,35,25
APT-000445,LOC-02,SVC-07,2025-08-26,15,False,Urgent,70.2,0,1,0,8,1,35,25
APT-000447,LOC-02,SVC-03,2025-08-25,18,False,Routine,14.9,0,0,0,8,1,35,24
APT-000449,LOC-06,SVC-07,2025-08-25,24,False,Urgent,65.1,0,0,0,8,1,35,24
APT-000450,LOC-03,SVC-08,2025-08-24,26,True,Routine,26.6,0,6,1,8,1,34,23
APT-000451,LOC-03,SVC-09,2025-08-24,26,False,Urgent,42.1,0,6,1,8,1,34,23
APT-000454,LOC-03,SVC-06,2025-08-25,10,False,Routine,9.6,0,0,0,8,1,35,24
APT-000459,LOC-08,SVC-08,2025-08-26,7,False,Routine,16.6,0,1,0,8,1,35,25
APT-000461,LOC-09,SVC-06,2025-08-26,51,False,Urgent,16.0,0,1,0,8,1,35,25
APT-000462,LOC-04,SVC-01,2025-08-26,12,False,Priority,18.8,0,1,0,8,1,35,25
APT-000464,LOC-05,SVC-02,2025-08-26,33,False,Priority,65.3,0,1,0,8,1,35,25
APT-000465,LOC-06,SVC-09,2025-08-25,48,False,Priority,19.4,0,0,0,8,1,35,24
APT-000466,LOC-09,SVC-09,2025-08-26,45,False,Routine,4.5,0,1,0,8,1,35,25
APT-000467,LOC-07,SVC-05,2025-08-25,26,False,Urgent,67.2,0,0,0,8,1,35,24
APT-000468,LOC-02,SVC-05,2025-08-27,41,False,Urgent,60.1,0,2,0,8,1,35,26
APT-000469,LOC-06,SVC-01,2025-08-25,3,False,Routine,9.5,0,0,0,8,1,35,24
APT-000472,LOC-05,SVC-07,2025-08-25,21,False,Routine,13.7,0,0,0,8,1,35,24
APT-000473,LOC-03,SVC-04,2025-08-25,37,False,Priority,47.0,0,0,0,8,1,35,24
APT-000475,LOC-03,SVC-02,2025-08-25,23,False,Routine,13.2,0,0,0,8,1,35,24
APT-000476,LOC-02,SVC-06,2025-08-26,23,False,Priority,17.7,0,1,0,8,1,35,25
APT-000477,LOC-02,SVC-02,2025-08-26,37,False,Urgent,18.0,0,1,0,8,1,35,25
APT-000478,LOC-02,SVC-01,2025-08-25,33,False,Priority,37.3,0,0,0,8,1,35,24
APT-000479,LOC-05,SVC-07,2025-08-26,13,False,Routine,5.2,0,1,0,8,1,35,25
APT-000480,LOC-06,SVC-07,2025-08-26,18,False,Priority,41.1,0,1,0,8,1,35,25
APT-000481,LOC-05,SVC-02,2025-08-25,25,False,Urgent,66.8,0,0,0,8,1,35,24
APT-000482,LOC-09,SVC-02,2025-08-26,24,False,Urgent,87.7,0,1,0,8,1,35,25
APT-000485,LOC-06,SVC-05,2025-08-26,3,False,Priority,42.3,0,1,0,8,1,35,25
APT-000486,LOC-06,SVC-01,2025-08-27,19,False,Urgent,49.4,0,2,0,8,1,35,26
APT-000488,LOC-04,SVC-04,2025-08-26,9,False,Priority,14.6,0,1,0,8,1,35,25
APT-000491,LOC-08,SVC-05,2025-08-27,21,False,Routine,40.3,0,2,0,8,1,35,26
APT-000492,LOC-09,SVC-03,2025-08-27,21,False,Routine,14.4,0,2,0,8,1,35,26
APT-000496,LOC-02,SVC-04,2025-08-26,25,False,Urgent,36.2,0,1,0,8,1,35,25
APT-000497,LOC-01,SVC-04,2025-08-27,22,False,Priority,72.6,0,2,0,8,1,35,26
APT-000498,LOC-01,SVC-03,2025-08-28,6,False,Priority,64.7,0,3,0,8,1,35,27
APT-000499,LOC-01,SVC-02,2025-08-26,25,False,Priority,39.6,0,1,0,8,1,35,25
APT-000500,LOC-10,SVC-01,2025-08-28,46,False,Routine,8.8,0,3,0,8,1,35,27
APT-000501,LOC-04,SVC-02,2025-08-28,13,False,Priority,56.9,0,3,0,8,1,35,27
APT-000502,LOC-04,SVC-01,2025-08-26,43,False,Urgent,37.3,0,1,0,8,1,35,25
APT-000503,LOC-10,SVC-01,2025-08-27,15,False,Emergency,65.6,0,2,0,8,1,35,26
APT-000504,LOC-07,SVC-01,2025-08-28,30,False,Urgent,40.1,0,3,0,8,1,35,27
APT-000505,LOC-03,SVC-08,2025-08-27,38,False,Urgent,15.0,0,2,0,8,1,35,26
APT-000506,LOC-06,SVC-08,2025-08-28,3,False,Routine,44.0,0,3,0,8,1,35,27
APT-000509,LOC-05,SVC-01,2025-08-27,17,False,Priority,29.2,0,2,0,8,1,35,26
APT-000512,LOC-04,SVC-08,2025-08-28,58,False,Priority,67.2,0,3,0,8,1,35,27
APT-000515,LOC-07,SVC-03,2025-08-28,15,False,Urgent,32.3,0,3,0,8,1,35,27
APT-000516,LOC-06,SVC-07,2025-08-30,26,False,Routine,43.7,0,5,1,8,1,35,29
APT-000517,LOC-07,SVC-03,2025-08-29,39,False,Priority,45.2,0,4,0,8,1,35,28
APT-000518,LOC-10,SVC-05,2025-08-27,26,False,Routine,17.8,0,2,0,8,1,35,26
APT-000519,LOC-10,SVC-06,2025-08-28,18,False,Priority,29.1,0,3,0,8,1,35,27
APT-000520,LOC-05,SVC-01,2025-08-27,14,False,Priority,76.0,0,2,0,8,1,35,26
APT-000522,LOC-07,SVC-01,2025-08-27,3,False,Routine,11.7,0,2,0,8,1,35,26
APT-000523,LOC-10,SVC-01,2025-08-28,37,False,Routine,18.4,0,3,0,8,1,35,27
APT-000524,LOC-08,SVC-07,2025-08-30,21,False,Routine,41.3,0,5,1,8,1,35,29
APT-000525,LOC-07,SVC-07,2025-08-30,3,False,Routine,59.7,0,5,1,8,1,35,29
APT-000526,LOC-01,SVC-02,2025-08-27,5,False,Routine,11.3,0,2,0,8,1,35,26
APT-000527,LOC-03,SVC-08,2025-08-28,14,False,Routine,14.1,0,3,0,8,1,35,27
APT-000528,LOC-03,SVC-08,2025-08-27,12,False,Routine,32.1,0,2,0,8,1,35,26
APT-000529,LOC-08,SVC-06,2025-08-28,12,False,Routine,36.7,0,3,0,8,1,35,27
APT-000532,LOC-09,SVC-09,2025-08-28,46,False,Urgent,89.6,0,3,0,8,1,35,27
APT-000533,LOC-04,SVC-01,2025-08-28,21,False,Routine,68.6,0,3,0,8,1,35,27
APT-000534,LOC-10,SVC-05,2025-08-28,10,False,Routine,11.0,0,3,0,8,1,35,27
APT-000535,LOC-02,SVC-07,2025-08-28,36,False,Emergency,36.6,0,3,0,8,1,35,27
APT-000536,LOC-01,SVC-04,2025-08-28,25,False,Routine,91.4,0,3,0,8,1,35,27
APT-000537,LOC-10,SVC-01,2025-08-28,25,False,Routine,33.3,0,3,0,8,1,35,27
APT-000538,LOC-07,SVC-07,2025-08-28,26,False,Routine,40.1,0,3,0,8,1,35,27
APT-000539,LOC-08,SVC-09,2025-08-28,26,False,Priority,8.5,0,3,0,8,1,35,27
APT-000540,LOC-05,SVC-02,2025-08-28,26,False,Emergency,37.3,0,3,0,8,1,35,27
APT-000544,LOC-09,SVC-08,2025-08-28,30,False,Urgent,11.1,0,3,0,8,1,35,27
APT-000545,LOC-08,SVC-05,2025-08-29,3,False,Routine,36.9,0,4,0,8,1,35,28
APT-000546,LOC-06,SVC-07,2025-08-30,11,False,Priority,48.8,0,5,1,8,1,35,29
APT-000550,LOC-09,SVC-06,2025-08-28,27,True,Emergency,29.4,0,3,0,8,1,35,27
APT-000551,LOC-05,SVC-06,2025-08-28,39,False,Routine,39.7,0,3,0,8,1,35,27
APT-000552,LOC-09,SVC-01,2025-08-30,46,False,Routine,7.6,0,5,1,8,1,35,29
APT-000554,LOC-01,SVC-05,2025-08-30,21,False,Routine,64.9,0,5,1,8,1,35,29
APT-000557,LOC-08,SVC-07,2025-08-29,16,False,Routine,37.2,0,4,0,8,1,35,28
APT-000559,LOC-03,SVC-01,2025-08-28,4,False,Routine,10.8,0,3,0,8,1,35,27
APT-000561,LOC-10,SVC-01,2025-08-31,50,False,Priority,16.2,0,6,1,8,1,35,30
APT-000566,LOC-09,SVC-01,2025-08-31,3,False,Priority,78.0,0,6,1,8,1,35,30
APT-000568,LOC-01,SVC-04,2025-08-29,10,False,Urgent,66.7,0,4,0,8,1,35,28
APT-000570,LOC-01,SVC-05,2025-08-30,3,False,Priority,32.9,0,5,1,8,1,35,29
APT-000571,LOC-07,SVC-02,2025-08-30,3,True,Routine,18.1,0,5,1,8,1,35,29
APT-000573,LOC-10,SVC-08,2025-08-29,34,False,Routine,61.9,0,4,0,8,1,35,28
APT-000574,LOC-01,SVC-02,2025-08-30,37,False,Routine,14.6,0,5,1,8,1,35,29
APT-000576,LOC-05,SVC-07,2025-08-30,25,False,Routine,57.2,0,5,1,8,1,35,29
APT-000578,LOC-08,SVC-03,2025-08-31,3,False,Priority,9.6,0,6,1,8,1,35,30
APT-000579,LOC-09,SVC-06,2025-08-29,18,False,Emergency,85.7,0,4,0,8,1,35,28
APT-000580,LOC-03,SVC-04,2025-08-30,26,False,Routine,15.8,0,5,1,8,1,35,29
APT-000581,LOC-01,SVC-02,2025-08-30,21,False,Routine,18.0,0,5,1,8,1,35,29
APT-000582,LOC-02,SVC-01,2025-09-01,26,False,Routine,14.3,0,0,0,9,0,36,31
APT-000583,LOC-07,SVC-01,2025-08-30,33,False,Routine,73.9,0,5,1,8,1,35,29
APT-000584,LOC-02,SVC-04,2025-08-31,3,False,Routine,33.4,0,6,1,8,1,35,30
APT-000585,LOC-06,SVC-04,2025-09-01,38,False,Priority,36.0,0,0,0,9,0,36,31
APT-000586,LOC-02,SVC-08,2025-08-30,27,False,Routine,23.6,0,5,1,8,1,35,29
APT-000587,LOC-10,SVC-03,2025-08-30,38,False,Priority,36.0,0,5,1,8,1,35,29
APT-000588,LOC-02,SVC-02,2025-08-31,27,False,Priority,68.0,0,6,1,8,1,35,30
APT-000589,LOC-04,SVC-02,2025-09-02,26,False,Routine,29.2,0,1,0,9,0,36,32
APT-000590,LOC-08,SVC-02,2025-08-30,15,False,Priority,20.8,0,5,1,8,1,35,29
APT-000591,LOC-05,SVC-03,2025-08-31,18,False,Routine,15.1,0,6,1,8,1,35,30
APT-000592,LOC-06,SVC-07,2025-09-01,27,False,Priority,58.6,0,0,0,9,0,36,31
APT-000593,LOC-09,SVC-04,2025-08-31,8,False,Routine,14.1,0,6,1,8,1,35,30
APT-000595,LOC-03,SVC-07,2025-09-01,21,False,Routine,43.4,0,0,0,9,0,36,31
APT-000596,LOC-07,SVC-05,2025-09-01,26,False,Urgent,66.3,0,0,0,9,0,36,31
APT-000597,LOC-02,SVC-01,2025-09-01,28,False,Priority,63.9,0,0,0,9,0,36,31
APT-000598,LOC-08,SVC-05,2025-09-02,54,False,Priority,64.2,0,1,0,9,0,36,32
APT-000599,LOC-07,SVC-07,2025-09-01,46,True,Routine,5.4,0,0,0,9,0,36,31
APT-000600,LOC-06,SVC-02,2025-09-02,23,False,Routine,37.6,0,1,0,9,0,36,32
APT-000602,LOC-01,SVC-08,2025-09-03,22,False,Routine,25.7,0,2,0,9,0,36,33
APT-000603,LOC-04,SVC-05,2025-09-04,19,False,Priority,18.9,0,3,0,9,0,36,34
APT-000605,LOC-01,SVC-01,2025-09-02,5,False,Routine,28.4,0,1,0,9,0,36,32
APT-000606,LOC-07,SVC-01,2025-09-02,50,False,Emergency,37.6,0,1,0,9,0,36,32
APT-000610,LOC-03,SVC-07,2025-09-02,27,False,Priority,15.7,0,1,0,9,0,36,32
APT-000611,LOC-06,SVC-07,2025-09-02,37,False,Urgent,28.5,0,1,0,9,0,36,32
APT-000612,LOC-03,SVC-07,2025-09-03,31,False,Urgent,88.3,0,2,0,9,0,36,33
APT-000613,LOC-03,SVC-02,2025-09-01,25,False,Routine,19.0,0,0,0,9,0,36,31
APT-000614,LOC-07,SVC-02,2025-09-02,39,False,Urgent,8.9,0,1,0,9,0,36,32
APT-000615,LOC-05,SVC-02,2025-09-02,25,False,Urgent,64.5,0,1,0,9,0,36,32
APT-000616,LOC-06,SVC-07,2025-09-02,22,False,Routine,14.3,0,1,0,9,0,36,32
APT-000618,LOC-02,SVC-01,2025-09-04,8,False,Routine,32.6,0,3,0,9,0,36,34
APT-000620,LOC-02,SVC-04,2025-09-02,29,False,Priority,44.5,0,1,0,9,0,36,32
APT-000621,LOC-03,SVC-05,2025-09-02,21,False,Emergency,35.2,0,1,0,9,0,36,32
APT-000622,LOC-08,SVC-07,2025-09-02,17,False,Priority,20.0,0,1,0,9,0,36,32
APT-000624,LOC-02,SVC-05,2025-09-02,26,False,Emergency,86.4,0,1,0,9,0,36,32
APT-000625,LOC-07,SVC-01,2025-09-02,65,False,Urgent,32.5,0,1,0,9,0,36,32
APT-000626,LOC-05,SVC-05,2025-09-02,29,False,Urgent,86.5,0,1,0,9,0,36,32
APT-000629,LOC-07,SVC-01,2025-09-04,34,False,Urgent,62.4,0,3,0,9,0,36,34
APT-000631,LOC-06,SVC-01,2025-09-02,43,False,Urgent,36.3,0,1,0,9,0,36,32
APT-000632,LOC-06,SVC-07,2025-09-06,33,False,Routine,66.3,0,5,1,9,0,36,36
APT-000633,LOC-09,SVC-01,2025-09-03,17,False,Routine,16.2,0,2,0,9,0,36,33
APT-000635,LOC-05,SVC-05,2025-09-05,16,True,Priority,6.1,0,4,0,9,0,36,35
APT-000636,LOC-07,SVC-01,2025-09-03,41,False,Urgent,59.8,0,2,0,9,0,36,33
APT-000637,LOC-04,SVC-01,2025-09-04,23,False,Priority,83.2,0,3,0,9,0,36,34
APT-000638,LOC-07,SVC-01,2025-09-03,17,False,Routine,39.5,0,2,0,9,0,36,33
APT-000640,LOC-04,SVC-01,2025-09-02,3,True,Priority,33.4,0,1,0,9,0,36,32
APT-000641,LOC-05,SVC-05,2025-09-02,16,False,Routine,45.4,0,1,0,9,0,36,32
APT-000644,LOC-06,SVC-01,2025-09-04,4,False,Routine,36.3,0,3,0,9,0,36,34
APT-000646,LOC-06,SVC-02,2025-09-04,30,False,Routine,6.1,0,3,0,9,0,36,34
APT-000648,LOC-10,SVC-05,2025-09-03,32,False,Routine,14.1,0,2,0,9,0,36,33
APT-000649,LOC-06,SVC-01,2025-09-03,25,False,Urgent,59.5,0,2,0,9,0,36,33
APT-000650,LOC-01,SVC-06,2025-09-04,12,False,Routine,15.0,0,3,0,9,0,36,34
APT-000651,LOC-05,SVC-03,2025-09-06,16,False,Routine,38.4,0,5,1,9,0,36,36
APT-000652,LOC-08,SVC-05,2025-09-03,17,False,Priority,42.8,0,2,0,9,0,36,33
APT-000654,LOC-01,SVC-02,2025-09-04,25,False,Priority,37.3,0,3,0,9,0,36,34
APT-000655,LOC-04,SVC-05,2025-09-03,17,False,Priority,20.0,0,2,0,9,0,36,33
APT-000656,LOC-09,SVC-09,2025-09-03,37,False,Priority,6.3,0,2,0,9,0,36,33
APT-000659,LOC-09,SVC-09,2025-09-04,33,False,Routine,32.4,0,3,0,9,0,36,34
APT-000661,LOC-05,SVC-01,2025-09-04,7,False,Priority,38.1,0,3,0,9,0,36,34
APT-000662,LOC-03,SVC-07,2025-09-04,9,False,Emergency,35.2,0,3,0,9,0,36,34
APT-000666,LOC-06,SVC-01,2025-09-04,52,False,Routine,13.1,0,3,0,9,0,36,34
APT-000669,LOC-07,SVC-01,2025-09-06,6,False,Routine,12.9,0,5,1,9,0,36,36
APT-000671,LOC-10,SVC-08,2025-09-04,3,False,Routine,9.9,0,3,0,9,0,36,34
APT-000675,LOC-09,SVC-05,2025-09-07,43,False,Urgent,49.0,0,6,1,9,0,36,37
APT-000676,LOC-06,SVC-02,2025-09-06,42,False,Routine,67.7,0,5,1,9,0,36,36
APT-000679,LOC-07,SVC-02,2025-09-06,23,False,Routine,10.3,0,5,1,9,0,36,36
APT-000680,LOC-04,SVC-07,2025-09-06,10,False,Routine,15.5,0,5,1,9,0,36,36
APT-000681,LOC-01,SVC-02,2025-09-05,14,False,Urgent,6.8,0,4,0,9,0,36,35
APT-000684,LOC-10,SVC-02,2025-09-06,58,False,Routine,32.1,0,5,1,9,0,36,36
APT-000686,LOC-09,SVC-03,2025-09-06,41,False,Emergency,87.5,0,5,1,9,0,36,36
APT-000687,LOC-07,SVC-07,2025-09-05,45,False,Urgent,87.7,0,4,0,9,0,36,35
APT-000690,LOC-04,SVC-04,2025-09-05,28,False,Urgent,62.0,0,4,0,9,0,36,35
APT-000692,LOC-02,SVC-02,2025-09-05,3,False,Priority,57.7,0,4,0,9,0,36,35
APT-000695,LOC-10,SVC-02,2025-09-06,39,False,Priority,12.3,0,5,1,9,0,36,36
APT-000696,LOC-07,SVC-05,2025-09-07,15,False,Routine,45.3,0,6,1,9,0,36,37
APT-000697,LOC-01,SVC-03,2025-09-09,20,False,Routine,39.0,0,1,0,9,0,37,39
APT-000699,LOC-09,SVC-01,2025-09-07,53,False,Priority,32.7,0,6,1,9,0,36,37
APT-000702,LOC-08,SVC-01,2025-09-07,24,False,Routine,15.1,0,6,1,9,0,36,37
APT-000703,LOC-10,SVC-03,2025-09-07,11,False,Urgent,82.7,0,6,1,9,0,36,37
APT-000704,LOC-05,SVC-09,2025-09-07,13,False,Routine,41.7,0,6,1,9,0,36,37
APT-000705,LOC-05,SVC-01,2025-09-06,26,False,Priority,64.4,0,5,1,9,0,36,36
APT-000707,LOC-01,SVC-06,2025-09-07,41,False,Priority,26.9,0,6,1,9,0,36,37
APT-000709,LOC-03,SVC-08,2025-09-07,12,False,Priority,71.4,0,6,1,9,0,36,37
APT-000710,LOC-05,SVC-06,2025-09-08,20,False,Priority,72.7,0,0,0,9,0,37,38
APT-000711,LOC-08,SVC-02,2025-09-07,36,False,Urgent,72.4,0,6,1,9,0,36,37
APT-000712,LOC-06,SVC-01,2025-09-07,19,False,Priority,66.8,0,6,1,9,0,36,37
APT-000713,LOC-04,SVC-01,2025-09-07,27,False,Priority,3.5,0,6,1,9,0,36,37
APT-000716,LOC-03,SVC-05,2025-09-07,21,False,Routine,28.2,0,6,1,9,0,36,37
APT-000717,LOC-02,SVC-05,2025-09-09,24,False,Priority,77.8,0,1,0,9,0,37,39
APT-000718,LOC-07,SVC-08,2025-09-08,43,False,Routine,39.4,0,0,0,9,0,37,38
APT-000719,LOC-08,SVC-05,2025-09-09,25,False,Routine,18.4,0,1,0,9,0,37,39
APT-000720,LOC-02,SVC-04,2025-09-09,52,False,Routine,16.4,0,1,0,9,0,37,39
APT-000724,LOC-08,SVC-02,2025-09-11,33,False,Routine,26.3,0,3,0,9,0,37,41
APT-000725,LOC-02,SVC-05,2025-09-09,9,False,Urgent,65.5,0,1,0,9,0,37,39
APT-000726,LOC-08,SVC-01,2025-09-09,40,False,Priority,36.2,0,1,0,9,0,37,39
APT-000727,LOC-03,SVC-01,2025-09-09,6,False,Priority,34.9,0,1,0,9,0,37,39
APT-000728,LOC-05,SVC-05,2025-09-12,15,False,Routine,45.0,0,4,0,9,0,37,42
APT-000732,LOC-10,SVC-02,2025-09-08,23,False,Priority,18.4,0,0,0,9,0,37,38
APT-000735,LOC-04,SVC-05,2025-09-08,36,False,Urgent,23.3,0,0,0,9,0,37,38
APT-000737,LOC-04,SVC-07,2025-09-09,16,False,Urgent,59.7,0,1,0,9,0,37,39
APT-000741,LOC-04,SVC-04,2025-09-09,23,False,Priority,45.2,0,1,0,9,0,37,39
APT-000742,LOC-06,SVC-01,2025-09-10,29,False,Urgent,90.6,0,2,0,9,0,37,40
APT-000743,LOC-07,SVC-03,2025-09-10,36,False,Routine,34.8,0,2,0,9,0,37,40
APT-000744,LOC-02,SVC-04,2025-09-10,17,False,Routine,46.2,0,2,0,9,0,37,40
APT-000745,LOC-02,SVC-06,2025-09-09,24,False,Urgent,33.3,0,1,0,9,0,37,39
APT-000746,LOC-05,SVC-06,2025-09-09,5,False,Routine,39.0,0,1,0,9,0,37,39
APT-000748,LOC-09,SVC-02,2025-09-09,8,False,Emergency,72.3,0,1,0,9,0,37,39
APT-000751,LOC-07,SVC-01,2025-09-10,43,False,Urgent,55.3,0,2,0,9,0,37,40
APT-000753,LOC-01,SVC-02,2025-09-09,22,False,Routine,34.3,0,1,0,9,0,37,39
APT-000754,LOC-10,SVC-02,2025-09-11,4,False,Routine,55.8,0,3,0,9,0,37,41
APT-000755,LOC-01,SVC-03,2025-09-10,32,False,Emergency,79.1,0,2,0,9,0,37,40
APT-000756,LOC-04,SVC-01,2025-09-12,25,False,Priority,63.9,0,4,0,9,0,37,42
APT-000757,LOC-04,SVC-09,2025-09-11,45,False,Routine,46.1,0,3,0,9,0,37,41
APT-000758,LOC-03,SVC-08,2025-09-10,22,False,Emergency,12.9,0,2,0,9,0,37,40
APT-000760,LOC-06,SVC-01,2025-09-10,39,False,Urgent,17.6,0,2,0,9,0,37,40
APT-000762,LOC-07,SVC-07,2025-09-14,27,False,Routine,34.2,0,6,1,9,0,37,44
APT-000763,LOC-03,SVC-03,2025-09-10,17,False,Urgent,36.3,0,2,0,9,0,37,40
APT-000764,LOC-03,SVC-01,2025-09-10,15,False,Priority,17.9,0,2,0,9,0,37,40
APT-000765,LOC-08,SVC-01,2025-09-10,31,False,Urgent,36.3,0,2,0,9,0,37,40
APT-000766,LOC-05,SVC-07,2025-09-11,15,False,Priority,27.5,0,3,0,9,0,37,41
APT-000767,LOC-07,SVC-04,2025-09-11,28,False,Routine,14.3,0,3,0,9,0,37,41
APT-000768,LOC-03,SVC-05,2025-09-11,15,False,Priority,12.0,0,3,0,9,0,37,41
APT-000769,LOC-10,SVC-02,2025-09-11,32,False,Priority,16.6,0,3,0,9,0,37,41
APT-000771,LOC-08,SVC-02,2025-09-10,14,False,Priority,59.2,0,2,0,9,0,37,40
APT-000772,LOC-03,SVC-01,2025-09-11,32,True,Priority,12.6,0,3,0,9,0,37,41
APT-000773,LOC-03,SVC-02,2025-09-10,12,False,Priority,45.7,0,2,0,9,0,37,40
APT-000775,LOC-06,SVC-05,2025-09-10,21,False,Routine,10.4,0,2,0,9,0,37,40
APT-000777,LOC-10,SVC-06,2025-09-13,19,False,Priority,61.0,0,5,1,9,0,37,43
APT-000778,LOC-03,SVC-01,2025-09-11,27,False,Priority,33.8,0,3,0,9,0,37,41
APT-000780,LOC-03,SVC-01,2025-09-10,24,False,Routine,10.9,0,2,0,9,0,37,40
APT-000782,LOC-01,SVC-01,2025-09-11,43,False,Priority,39.4,0,3,0,9,0,37,41
APT-000784,LOC-06,SVC-09,2025-09-11,30,False,Priority,35.2,0,3,0,9,0,37,41
APT-000788,LOC-10,SVC-03,2025-09-11,58,False,Emergency,96.3,0,3,0,9,0,37,41
APT-000790,LOC-04,SVC-03,2025-09-11,11,False,Routine,40.3,0,3,0,9,0,37,41
APT-000791,LOC-05,SVC-01,2025-09-11,39,True,Routine,32.0,0,3,0,9,0,37,41
APT-000794,LOC-06,SVC-01,2025-09-11,34,False,Urgent,36.0,0,3,0,9,0,37,41
APT-000796,LOC-03,SVC-05,2025-09-13,30,True,Routine,26.0,0,5,1,9,0,37,43
APT-000797,LOC-10,SVC-08,2025-09-11,27,False,Urgent,45.7,0,3,0,9,0,37,41
APT-000798,LOC-07,SVC-09,2025-09-12,15,False,Urgent,55.9,0,4,0,9,0,37,42
APT-000799,LOC-03,SVC-03,2025-09-13,40,False,Routine,12.4,0,5,1,9,0,37,43
APT-000801,LOC-09,SVC-09,2025-09-13,3,False,Routine,18.4,0,5,1,9,0,37,43
APT-000804,LOC-05,SVC-07,2025-09-14,28,False,Routine,42.5,0,6,1,9,0,37,44
APT-000806,LOC-06,SVC-05,2025-09-13,29,False,Priority,9.8,0,5,1,9,0,37,43
APT-000808,LOC-10,SVC-01,2025-09-12,21,False,Routine,80.0,0,4,0,9,0,37,42
APT-000809,LOC-01,SVC-09,2025-09-12,38,False,Routine,9.5,0,4,0,9,0,37,42
APT-000810,LOC-03,SVC-04,2025-09-12,34,False,Priority,39.7,0,4,0,9,0,37,42
APT-000812,LOC-02,SVC-04,2025-09-12,18,False,Emergency,54.4,0,4,0,9,0,37,42
APT-000813,LOC-06,SVC-06,2025-09-13,25,False,Priority,63.0,0,5,1,9,0,37,43
APT-000815,LOC-06,SVC-04,2025-09-13,28,False,Priority,65.8,0,5,1,9,0,37,43
APT-000816,LOC-01,SVC-01,2025-09-13,21,False,Routine,7.7,0,5,1,9,0,37,43
APT-000817,LOC-08,SVC-01,2025-09-12,3,False,Urgent,30.3,0,4,0,9,0,37,42
APT-000820,LOC-01,SVC-01,2025-09-14,19,False,Routine,22.4,0,6,1,9,0,37,44
APT-000821,LOC-02,SVC-01,2025-09-15,34,False,Urgent,60.1,0,0,0,9,0,38,45
APT-000824,LOC-03,SVC-01,2025-09-13,18,False,Urgent,15.0,0,5,1,9,0,37,43
APT-000827,LOC-09,SVC-03,2025-09-13,22,False,Routine,33.8,0,5,1,9,0,37,43
APT-000828,LOC-09,SVC-01,2025-09-13,15,False,Priority,14.3,0,5,1,9,0,37,43
APT-000829,LOC-08,SVC-04,2025-09-13,17,False,Priority,62.6,0,5,1,9,0,37,43
APT-000830,LOC-03,SVC-06,2025-09-13,12,False,Urgent,68.0,0,5,1,9,0,37,43
APT-000833,LOC-09,SVC-01,2025-09-13,24,False,Routine,36.9,0,5,1,9,0,37,43
APT-000835,LOC-05,SVC-07,2025-09-14,13,True,Emergency,33.7,0,6,1,9,0,37,44
APT-000836,LOC-04,SVC-08,2025-09-14,13,False,Urgent,60.5,0,6,1,9,0,37,44
APT-000837,LOC-05,SVC-04,2025-09-14,16,True,Urgent,56.4,0,6,1,9,0,37,44
APT-000838,LOC-03,SVC-02,2025-09-15,21,True,Routine,8.5,0,0,0,9,0,38,45
APT-000840,LOC-08,SVC-07,2025-09-15,11,False,Routine,16.4,0,0,0,9,0,38,45
APT-000841,LOC-09,SVC-09,2025-09-16,14,False,Routine,8.6,0,1,0,9,0,38,46
APT-000844,LOC-02,SVC-05,2025-09-15,10,False,Priority,16.7,0,0,0,9,0,38,45
APT-000845,LOC-06,SVC-04,2025-09-16,22,False,Routine,59.5,0,1,0,9,0,38,46
APT-000846,LOC-09,SVC-01,2025-09-16,31,False,Priority,43.4,0,1,0,9,0,38,46
APT-000849,LOC-08,SVC-02,2025-09-16,18,False,Routine,15.2,0,1,0,9,0,38,46
APT-000850,LOC-02,SVC-07,2025-09-16,28,False,Emergency,81.1,0,1,0,9,0,38,46
APT-000853,LOC-03,SVC-01,2025-09-16,3,False,Routine,47.7,0,1,0,9,0,38,46
APT-000855,LOC-08,SVC-02,2025-09-18,3,False,Routine,15.8,0,3,0,9,0,38,48
APT-000857,LOC-02,SVC-03,2025-09-15,28,False,Priority,16.7,0,0,0,9,0,38,45
APT-000858,LOC-10,SVC-07,2025-09-15,40,False,Routine,37.4,0,0,0,9,0,38,45
APT-000859,LOC-10,SVC-07,2025-09-17,55,False,Priority,60.1,0,2,0,9,0,38,47
APT-000860,LOC-09,SVC-09,2025-09-19,23,False,Priority,51.8,0,4,0,9,0,38,49
APT-000863,LOC-01,SVC-06,2025-09-16,23,False,Priority,62.3,0,1,0,9,0,38,46
APT-000864,LOC-10,SVC-01,2025-09-18,43,False,Routine,40.4,0,3,0,9,0,38,48
APT-000866,LOC-05,SVC-07,2025-09-18,30,False,Routine,36.3,0,3,0,9,0,38,48
APT-000868,LOC-07,SVC-08,2025-09-17,23,False,Routine,44.3,0,2,0,9,0,38,47
APT-000869,LOC-02,SVC-03,2025-09-17,29,False,Routine,85.6,0,2,0,9,0,38,47
APT-000872,LOC-09,SVC-01,2025-09-18,24,False,Routine,29.8,0,3,0,9,0,38,48
APT-000874,LOC-08,SVC-01,2025-09-17,46,False,Priority,41.4,0,2,0,9,0,38,47
APT-000876,LOC-05,SVC-01,2025-09-16,3,False,Routine,11.3,0,1,0,9,0,38,46
APT-000877,LOC-02,SVC-01,2025-09-17,32,False,Priority,46.7,0,2,0,9,0,38,47
APT-000880,LOC-02,SVC-06,2025-09-17,25,False,Routine,41.5,0,2,0,9,0,38,47
APT-000885,LOC-09,SVC-01,2025-09-17,30,False,Routine,58.9,0,2,0,9,0,38,47
APT-000887,LOC-10,SVC-03,2025-09-17,12,False,Urgent,87.8,0,2,0,9,0,38,47
APT-000888,LOC-07,SVC-02,2025-09-17,48,True,Priority,12.9,0,2,0,9,0,38,47
APT-000891,LOC-06,SVC-09,2025-09-17,12,False,Routine,33.2,0,2,0,9,0,38,47
APT-000892,LOC-03,SVC-05,2025-09-18,6,False,Routine,27.8,0,3,0,9,0,38,48
APT-000894,LOC-10,SVC-08,2025-09-17,57,False,Routine,15.5,0,2,0,9,0,38,47
APT-000895,LOC-02,SVC-05,2025-09-18,22,False,Routine,29.3,0,3,0,9,0,38,48
APT-000897,LOC-10,SVC-07,2025-09-17,35,False,Routine,35.1,0,2,0,9,0,38,47
APT-000900,LOC-07,SVC-04,2025-09-17,49,False,Routine,35.4,0,2,0,9,0,38,47
APT-000901,LOC-09,SVC-04,2025-09-18,16,False,Routine,40.5,0,3,0,9,0,38,48
APT-000902,LOC-05,SVC-03,2025-09-18,15,False,Routine,39.6,0,3,0,9,0,38,48
APT-000903,LOC-08,SVC-01,2025-09-18,36,False,Urgent,32.9,0,3,0,9,0,38,48
APT-000905,LOC-07,SVC-06,2025-09-18,42,False,Priority,58.5,0,3,0,9,0,38,48
APT-000906,LOC-01,SVC-01,2025-09-18,31,False,Urgent,29.2,0,3,0,9,0,38,48
APT-000907,LOC-03,SVC-04,2025-09-21,24,False,Routine,31.0,0,6,1,9,0,38,51
APT-000908,LOC-05,SVC-04,2025-09-18,42,False,Routine,15.3,0,3,0,9,0,38,48
APT-000909,LOC-10,SVC-02,2025-09-19,18,False,Routine,14.7,0,4,0,9,0,38,49
APT-000912,LOC-10,SVC-01,2025-09-18,32,True,Routine,17.1,0,3,0,9,0,38,48
APT-000913,LOC-09,SVC-04,2025-09-18,25,False,Priority,35.2,0,3,0,9,0,38,48
APT-000914,LOC-07,SVC-05,2025-09-19,31,False,Priority,23.9,0,4,0,9,0,38,49
APT-000915,LOC-03,SVC-05,2025-09-18,51,False,Routine,13.0,0,3,0,9,0,38,48
APT-000919,LOC-07,SVC-08,2025-09-20,24,False,Routine,33.1,0,5,1,9,0,38,50
APT-000921,LOC-06,SVC-07,2025-09-20,15,False,Routine,21.6,0,5,1,9,0,38,50
APT-000927,LOC-05,SVC-05,2025-09-19,21,False,Urgent,10.5,0,4,0,9,0,38,49
APT-000928,LOC-08,SVC-06,2025-09-20,19,False,Routine,20.1,0,5,1,9,0,38,50
APT-000929,LOC-02,SVC-01,2025-09-19,18,False,Routine,48.5,0,4,0,9,0,38,49
APT-000933,LOC-01,SVC-08,2025-09-19,20,False,Routine,36.3,0,4,0,9,0,38,49
APT-000934,LOC-05,SVC-06,2025-09-20,10,False,Urgent,66.5,0,5,1,9,0,38,50
APT-000939,LOC-01,SVC-07,2025-09-19,14,False,Priority,55.2,0,4,0,9,0,38,49
APT-000941,LOC-06,SVC-07,2025-09-19,7,False,Urgent,26.3,0,4,0,9,0,38,49
APT-000942,LOC-01,SVC-04,2025-09-20,33,False,Urgent,65.3,0,5,1,9,0,38,50
APT-000943,LOC-08,SVC-02,2025-09-19,21,False,Priority,20.0,0,4,0,9,0,38,49
APT-000944,LOC-06,SVC-01,2025-09-19,5,False,Routine,16.6,0,4,0,9,0,38,49
APT-000945,LOC-04,SVC-01,2025-09-20,16,False,Emergency,64.3,0,5,1,9,0,38,50
APT-000946,LOC-01,SVC-09,2025-09-19,33,False,Urgent,60.8,0,4,0,9,0,38,49
APT-000947,LOC-07,SVC-05,2025-09-19,27,False,Routine,31.8,0,4,0,9,0,38,49
APT-000950,LOC-06,SVC-09,2025-09-21,23,False,Priority,39.6,0,6,1,9,0,38,51
APT-000954,LOC-09,SVC-08,2025-09-22,26,False,Routine,24.2,0,0,0,9,0,39,52
APT-000958,LOC-03,SVC-02,2025-09-21,16,True,Priority,38.7,0,6,1,9,0,38,51
APT-000959,LOC-07,SVC-07,2025-09-21,22,False,Urgent,22.6,0,6,1,9,0,38,51
APT-000960,LOC-02,SVC-07,2025-09-21,16,False,Priority,64.5,0,6,1,9,0,38,51
APT-000962,LOC-02,SVC-02,2025-09-22,6,False,Priority,66.1,0,0,0,9,0,39,52
APT-000963,LOC-01,SVC-03,2025-09-22,48,False,Urgent,18.5,0,0,0,9,0,39,52
APT-000965,LOC-04,SVC-01,2025-09-22,14,False,Urgent,39.7,0,0,0,9,0,39,52
APT-000967,LOC-05,SVC-01,2025-09-22,11,False,Priority,51.4,0,0,0,9,0,39,52
APT-000968,LOC-08,SVC-04,2025-09-24,94,False,Urgent,93.3,0,2,0,9,0,39,54
APT-000969,LOC-07,SVC-07,2025-09-22,42,True,Routine,36.4,0,0,0,9,0,39,52
APT-000973,LOC-07,SVC-01,2025-09-23,27,False,Routine,16.6,0,1,0,9,0,39,53
APT-000976,LOC-10,SVC-09,2025-09-22,31,False,Priority,30.3,0,0,0,9,0,39,52
APT-000977,LOC-02,SVC-05,2025-09-22,23,False,Priority,43.8,0,0,0,9,0,39,52
APT-000978,LOC-06,SVC-06,2025-09-22,45,False,Routine,8.4,0,0,0,9,0,39,52
APT-000979,LOC-07,SVC-06,2025-09-23,57,False,Priority,35.2,0,1,0,9,0,39,53
APT-000980,LOC-01,SVC-05,2025-09-25,40,False,Priority,9.4,0,3,0,9,0,39,55
APT-000981,LOC-07,SVC-01,2025-09-23,28,False,Routine,22.9,0,1,0,9,0,39,53
APT-000982,LOC-07,SVC-01,2025-09-23,20,False,Emergency,96.7,0,1,0,9,0,39,53
APT-000984,LOC-08,SVC-07,2025-09-23,3,False,Urgent,32.7,0,1,0,9,0,39,53
APT-000985,LOC-01,SVC-07,2025-09-24,20,False,Routine,17.5,0,2,0,9,0,39,54
APT-000988,LOC-08,SVC-05,2025-09-23,7,False,Emergency,65.8,0,1,0,9,0,39,53
APT-000989,LOC-02,SVC-06,2025-09-24,18,False,Priority,28.8,0,2,0,9,0,39,54
APT-000991,LOC-04,SVC-07,2025-09-23,45,False,Priority,88.0,0,1,0,9,0,39,53
APT-000992,LOC-01,SVC-07,2025-09-24,3,False,Priority,65.9,0,2,0,9,0,39,54
APT-000993,LOC-04,SVC-05,2025-09-24,33,False,Routine,20.3,0,2,0,9,0,39,54
APT-000994,LOC-01,SVC-01,2025-09-25,37,False,Routine,19.0,0,3,0,9,0,39,55
APT-000996,LOC-07,SVC-03,2025-09-23,40,False,Routine,11.4,0,1,0,9,0,39,53
APT-000998,LOC-01,SVC-02,2025-09-23,21,False,Priority,43.2,0,1,0,9,0,39,53
APT-000999,LOC-08,SVC-01,2025-09-23,7,False,Urgent,17.3,0,1,0,9,0,39,53
APT-001001,LOC-06,SVC-01,2025-09-23,24,False,Routine,24.9,0,1,0,9,0,39,53
APT-001002,LOC-02,SVC-06,2025-09-27,10,False,Routine,61.3,0,5,1,9,0,39,57
APT-001005,LOC-03,SVC-01,2025-09-24,36,False,Routine,16.6,0,2,0,9,0,39,54
APT-001007,LOC-05,SVC-04,2025-09-24,28,False,Urgent,36.3,0,2,0,9,0,39,54
APT-001008,LOC-10,SVC-01,2025-09-25,39,False,Priority,23.4,0,3,0,9,0,39,55
APT-001011,LOC-07,SVC-04,2025-09-24,48,False,Urgent,36.3,0,2,0,9,0,39,54
APT-001013,LOC-01,SVC-05,2025-09-24,7,False,Routine,22.8,0,2,0,9,0,39,54
APT-001014,LOC-09,SVC-01,2025-09-24,31,False,Emergency,87.9,0,2,0,9,0,39,54
APT-001015,LOC-02,SVC-06,2025-09-24,30,False,Priority,70.6,0,2,0,9,0,39,54
APT-001016,LOC-08,SVC-02,2025-09-24,29,False,Urgent,49.1,0,2,0,9,0,39,54
APT-001017,LOC-09,SVC-01,2025-09-24,22,False,Routine,36.3,0,2,0,9,0,39,54
APT-001018,LOC-06,SVC-01,2025-09-24,8,False,Priority,61.5,0,2,0,9,0,39,54
APT-001019,LOC-01,SVC-01,2025-09-25,23,False,Urgent,36.3,0,3,0,9,0,39,55
APT-001020,LOC-04,SVC-02,2025-09-24,21,False,Routine,24.7,0,2,0,9,0,39,54
APT-001022,LOC-10,SVC-05,2025-09-25,61,False,Urgent,74.6,0,3,0,9,0,39,55
APT-001025,LOC-07,SVC-05,2025-09-26,37,False,Routine,7.2,0,4,0,9,0,39,56
APT-001026,LOC-06,SVC-05,2025-09-29,22,True,Priority,57.4,0,0,0,9,0,40,59
APT-001027,LOC-09,SVC-01,2025-09-25,21,False,Emergency,64.0,0,3,0,9,0,39,55
APT-001028,LOC-01,SVC-05,2025-09-25,3,False,Priority,36.3,0,3,0,9,0,39,55
APT-001033,LOC-05,SVC-01,2025-09-26,22,False,Priority,58.3,0,4,0,9,0,39,56
APT-001035,LOC-09,SVC-02,2025-09-25,52,False,Routine,22.4,0,3,0,9,0,39,55
APT-001038,LOC-06,SVC-01,2025-09-25,23,False,Routine,37.5,0,3,0,9,0,39,55
APT-001039,LOC-03,SVC-01,2025-09-25,21,False,Priority,72.3,0,3,0,9,0,39,55
APT-001040,LOC-02,SVC-07,2025-09-27,13,False,Priority,33.8,0,5,1,9,0,39,57
APT-001041,LOC-02,SVC-03,2025-09-26,23,False,Routine,38.3,0,4,0,9,0,39,56
APT-001044,LOC-08,SVC-05,2025-09-26,34,False,Routine,39.0,0,4,0,9,0,39,56
APT-001046,LOC-01,SVC-01,2025-09-26,40,False,Urgent,11.9,0,4,0,9,0,39,56
APT-001047,LOC-10,SVC-09,2025-09-26,35,False,Priority,11.0,0,4,0,9,0,39,56
APT-001051,LOC-08,SVC-01,2025-09-27,34,False,Priority,18.2,0,5,1,9,0,39,57
APT-001052,LOC-06,SVC-05,2025-09-27,49,False,Routine,14.6,0,5,1,9,0,39,57
APT-001053,LOC-05,SVC-08,2025-09-29,29,False,Routine,43.3,0,0,0,9,0,40,59
APT-001054,LOC-10,SVC-09,2025-09-27,39,False,Urgent,89.6,0,5,1,9,0,39,57
APT-001055,LOC-04,SVC-07,2025-09-27,22,False,Priority,57.2,0,5,1,9,0,39,57
APT-001056,LOC-09,SVC-01,2025-09-27,33,False,Routine,48.2,0,5,1,9,0,39,57
APT-001060,LOC-02,SVC-02,2025-09-27,13,False,Priority,36.3,0,5,1,9,0,39,57
APT-001062,LOC-05,SVC-07,2025-09-27,6,False,Routine,6.4,0,5,1,9,0,39,57
APT-001064,LOC-02,SVC-07,2025-09-29,34,False,Urgent,95.0,0,0,0,9,0,40,59
APT-001065,LOC-08,SVC-01,2025-09-29,14,False,Routine,22.2,0,0,0,9,0,40,59
APT-001070,LOC-09,SVC-05,2025-09-30,8,False,Routine,36.3,0,1,0,9,0,40,60
APT-001071,LOC-03,SVC-05,2025-09-29,20,False,Urgent,17.8,0,0,0,9,0,40,59
APT-001075,LOC-05,SVC-05,2025-09-30,12,False,Routine,35.4,0,1,0,9,0,40,60
APT-001077,LOC-09,SVC-01,2025-10-02,44,False,Priority,58.9,0,3,0,10,0,40,62
APT-001078,LOC-02,SVC-09,2025-09-29,16,False,Priority,62.2,0,0,0,9,0,40,59
APT-001080,LOC-07,SVC-06,2025-09-29,12,False,Priority,62.1,0,0,0,9,0,40,59
APT-001081,LOC-06,SVC-05,2025-10-01,39,False,Urgent,61.7,0,2,0,10,0,40,61
APT-001082,LOC-06,SVC-09,2025-10-01,19,False,Routine,36.3,0,2,0,10,0,40,61
APT-001085,LOC-08,SVC-07,2025-09-30,33,False,Routine,15.4,0,1,0,9,0,40,60
APT-001087,LOC-10,SVC-08,2025-10-02,53,True,Routine,33.3,0,3,0,10,0,40,62
APT-001090,LOC-08,SVC-06,2025-09-30,20,False,Priority,45.3,0,1,0,9,0,40,60
APT-001091,LOC-07,SVC-05,2025-10-01,31,False,Routine,19.1,0,2,0,10,0,40,61
APT-001092,LOC-06,SVC-04,2025-10-02,24,False,Routine,35.3,0,3,0,10,0,40,62
APT-001093,LOC-02,SVC-03,2025-10-02,7,False,Priority,63.2,0,3,0,10,0,40,62
APT-001094,LOC-06,SVC-01,2025-09-30,35,False,Routine,15.1,0,1,0,9,0,40,60
APT-001095,LOC-05,SVC-09,2025-10-01,24,False,Urgent,28.7,0,2,0,10,0,40,61
APT-001096,LOC-06,SVC-04,2025-10-01,24,False,Urgent,45.5,0,2,0,10,0,40,61
APT-001097,LOC-01,SVC-05,2025-10-01,36,False,Priority,37.6,0,2,0,10,0,40,61
APT-001098,LOC-08,SVC-02,2025-09-30,32,False,Emergency,48.5,0,1,0,9,0,40,60
APT-001099,LOC-04,SVC-03,2025-10-01,14,False,Routine,15.2,0,2,0,10,0,40,61
APT-001100,LOC-10,SVC-04,2025-10-01,22,False,Urgent,20.8,0,2,0,10,0,40,61
APT-001101,LOC-02,SVC-05,2025-09-30,16,False,Urgent,66.2,0,1,0,9,0,40,60
APT-001102,LOC-02,SVC-03,2025-10-01,25,False,Urgent,60.9,0,2,0,10,0,40,61
APT-001104,LOC-03,SVC-08,2025-10-01,11,False,Urgent,26.4,0,2,0,10,0,40,61
APT-001105,LOC-05,SVC-09,2025-10-02,18,False,Routine,42.5,0,3,0,10,0,40,62
APT-001107,LOC-08,SVC-06,2025-10-01,21,False,Urgent,66.9,0,2,0,10,0,40,61
APT-001109,LOC-03,SVC-05,2025-10-01,21,False,Emergency,39.4,0,2,0,10,0,40,61
APT-001110,LOC-04,SVC-08,2025-10-01,3,False,Priority,8.0,0,2,0,10,0,40,61
APT-001111,LOC-05,SVC-02,2025-10-02,9,False,Priority,36.2,0,3,0,10,0,40,62
APT-001112,LOC-09,SVC-02,2025-10-01,21,False,Routine,11.5,0,2,0,10,0,40,61
APT-001113,LOC-08,SVC-07,2025-10-01,22,False,Routine,24.3,0,2,0,10,0,40,61
APT-001115,LOC-09,SVC-01,2025-10-02,39,False,Priority,47.1,0,3,0,10,0,40,62
APT-001116,LOC-10,SVC-05,2025-10-01,5,False,Priority,11.7,0,2,0,10,0,40,61
APT-001117,LOC-02,SVC-08,2025-10-01,3,False,Priority,17.1,0,2,0,10,0,40,61
APT-001120,LOC-06,SVC-05,2025-10-04,29,False,Priority,65.5,0,5,1,10,0,40,64
APT-001121,LOC-06,SVC-01,2025-10-02,15,False,Routine,12.7,0,3,0,10,0,40,62
APT-001122,LOC-02,SVC-07,2025-10-02,19,False,Priority,40.9,0,3,0,10,0,40,62
APT-001123,LOC-03,SVC-06,2025-10-02,35,False,Routine,24.7,0,3,0,10,0,40,62
APT-001125,LOC-09,SVC-03,2025-10-02,6,True,Routine,42.8,0,3,0,10,0,40,62
APT-001126,LOC-04,SVC-05,2025-10-02,33,False,Urgent,16.4,0,3,0,10,0,40,62
APT-001127,LOC-04,SVC-08,2025-10-02,16,False,Routine,45.6,0,3,0,10,0,40,62
APT-001130,LOC-03,SVC-03,2025-10-03,24,False,Routine,35.3,0,4,0,10,0,40,63
APT-001132,LOC-09,SVC-02,2025-10-02,36,False,Routine,45.3,0,3,0,10,0,40,62
APT-001133,LOC-05,SVC-06,2025-10-03,27,False,Priority,54.7,0,4,0,10,0,40,63
APT-001134,LOC-08,SVC-04,2025-10-02,8,False,Routine,37.7,0,3,0,10,0,40,62
APT-001135,LOC-03,SVC-01,2025-10-02,38,False,Routine,9.9,0,3,0,10,0,40,62
APT-001136,LOC-02,SVC-02,2025-10-02,48,False,Emergency,17.0,0,3,0,10,0,40,62
APT-001139,LOC-03,SVC-02,2025-10-03,20,False,Routine,39.6,0,4,0,10,0,40,63
APT-001140,LOC-10,SVC-09,2025-10-05,3,False,Priority,72.7,0,6,1,10,0,40,65
APT-001141,LOC-02,SVC-07,2025-10-03,3,False,Urgent,36.3,0,4,0,10,0,40,63
APT-001142,LOC-06,SVC-08,2025-10-05,24,False,Priority,68.8,0,6,1,10,0,40,65
APT-001143,LOC-02,SVC-07,2025-10-03,16,False,Urgent,92.9,0,4,0,10,0,40,63
APT-001144,LOC-09,SVC-05,2025-10-04,15,False,Routine,40.9,0,5,1,10,0,40,64
APT-001145,LOC-10,SVC-08,2025-10-04,24,False,Routine,19.2,0,5,1,10,0,40,64
APT-001146,LOC-02,SVC-03,2025-10-04,3,False,Routine,13.3,0,5,1,10,0,40,64
APT-001148,LOC-03,SVC-07,2025-10-03,22,False,Priority,8.4,0,4,0,10,0,40,63
APT-001149,LOC-04,SVC-01,2025-10-03,18,False,Routine,13.9,0,4,0,10,0,40,63
APT-001150,LOC-10,SVC-01,2025-10-03,24,False,Routine,20.5,0,4,0,10,0,40,63
APT-001153,LOC-07,SVC-05,2025-10-04,8,False,Routine,25.6,0,5,1,10,0,40,64
APT-001155,LOC-02,SVC-07,2025-10-04,10,False,Priority,34.0,0,5,1,10,0,40,64
APT-001156,LOC-04,SVC-02,2025-10-03,11,False,Routine,40.8,0,4,0,10,0,40,63
APT-001157,LOC-04,SVC-04,2025-10-03,23,False,Urgent,83.0,0,4,0,10,0,40,63
APT-001160,LOC-04,SVC-02,2025-10-04,19,False,Urgent,28.6,0,5,1,10,0,40,64
APT-001161,LOC-05,SVC-07,2025-10-05,15,False,Routine,77.1,0,6,1,10,0,40,65
APT-001162,LOC-09,SVC-08,2025-10-04,8,False,Priority,52.6,0,5,1,10,0,40,64
APT-001164,LOC-02,SVC-04,2025-10-04,3,False,Urgent,81.5,0,5,1,10,0,40,64
APT-001165,LOC-04,SVC-01,2025-10-04,14,False,Priority,30.0,0,5,1,10,0,40,64
APT-001166,LOC-10,SVC-08,2025-10-05,19,False,Routine,15.6,0,6,1,10,0,40,65
APT-001167,LOC-08,SVC-01,2025-10-05,54,False,Priority,30.8,0,6,1,10,0,40,65
APT-001168,LOC-06,SVC-06,2025-10-06,24,False,Routine,17.6,0,0,0,10,0,41,66
APT-001170,LOC-06,SVC-01,2025-10-05,24,True,Routine,27.3,0,6,1,10,0,40,65
APT-001171,LOC-04,SVC-02,2025-10-05,31,False,Routine,36.3,0,6,1,10,0,40,65
APT-001172,LOC-06,SVC-05,2025-10-06,33,False,Priority,37.1,0,0,0,10,0,41,66
APT-001174,LOC-09,SVC-08,2025-10-08,23,False,Priority,90.7,0,2,0,10,0,41,68
APT-001175,LOC-10,SVC-03,2025-10-08,3,False,Priority,37.1,0,2,0,10,0,41,68
APT-001177,LOC-01,SVC-04,2025-10-07,13,False,Routine,39.8,0,1,0,10,0,41,67
APT-001179,LOC-03,SVC-08,2025-10-06,19,False,Urgent,21.7,0,0,0,10,0,41,66
APT-001181,LOC-06,SVC-08,2025-10-07,49,True,Routine,28.9,0,1,0,10,0,41,67
APT-001182,LOC-07,SVC-05,2025-10-07,12,False,Urgent,33.9,0,1,0,10,0,41,67
APT-001184,LOC-08,SVC-08,2025-10-06,34,False,Urgent,27.7,0,0,0,10,0,41,66
APT-001185,LOC-06,SVC-04,2025-10-07,32,False,Routine,34.7,0,1,0,10,0,41,67
APT-001186,LOC-03,SVC-04,2025-10-07,30,False,Routine,40.4,0,1,0,10,0,41,67
APT-001188,LOC-03,SVC-06,2025-10-08,41,False,Routine,19.9,0,2,0,10,0,41,68
APT-001189,LOC-07,SVC-06,2025-10-09,31,False,Priority,10.0,0,3,0,10,0,41,69
APT-001190,LOC-08,SVC-01,2025-10-07,25,False,Routine,42.6,0,1,0,10,0,41,67
APT-001191,LOC-01,SVC-02,2025-10-07,28,False,Routine,13.2,0,1,0,10,0,41,67
APT-001192,LOC-06,SVC-03,2025-10-07,34,False,Priority,34.9,0,1,0,10,0,41,67
APT-001194,LOC-02,SVC-04,2025-10-07,19,False,Emergency,36.3,0,1,0,10,0,41,67
APT-001195,LOC-06,SVC-06,2025-10-07,37,False,Urgent,15.8,0,1,0,10,0,41,67
APT-001196,LOC-07,SVC-08,2025-10-08,33,False,Routine,45.1,0,2,0,10,0,41,68
APT-001198,LOC-10,SVC-07,2025-10-08,37,False,Routine,22.4,0,2,0,10,0,41,68
APT-001200,LOC-09,SVC-07,2025-10-08,25,False,Routine,18.4,0,2,0,10,0,41,68
APT-001201,LOC-03,SVC-06,2025-10-07,26,False,Routine,18.8,0,1,0,10,0,41,67
APT-001203,LOC-03,SVC-03,2025-10-07,13,False,Priority,37.8,0,1,0,10,0,41,67
APT-001205,LOC-10,SVC-05,2025-10-07,19,False,Routine,36.3,0,1,0,10,0,41,67
APT-001206,LOC-06,SVC-01,2025-10-07,39,False,Priority,16.3,0,1,0,10,0,41,67
APT-001207,LOC-10,SVC-02,2025-10-07,44,False,Emergency,61.3,0,1,0,10,0,41,67
APT-001208,LOC-01,SVC-01,2025-10-08,37,False,Routine,88.8,0,2,0,10,0,41,68
APT-001211,LOC-07,SVC-04,2025-10-11,39,False,Routine,86.0,0,5,1,10,0,41,71
APT-001215,LOC-01,SVC-07,2025-10-08,46,False,Urgent,59.8,0,2,0,10,0,41,68
APT-001218,LOC-02,SVC-07,2025-10-09,25,False,Routine,67.3,0,3,0,10,0,41,69
APT-001221,LOC-05,SVC-05,2025-10-08,20,False,Urgent,43.9,0,2,0,10,0,41,68
APT-001223,LOC-02,SVC-08,2025-10-08,35,False,Routine,16.4,0,2,0,10,0,41,68
APT-001225,LOC-02,SVC-02,2025-10-08,42,False,Urgent,60.0,0,2,0,10,0,41,68
APT-001226,LOC-01,SVC-09,2025-10-10,15,False,Routine,64.5,0,4,0,10,0,41,70
APT-001227,LOC-07,SVC-02,2025-10-08,40,False,Urgent,34.3,0,2,0,10,0,41,68
APT-001228,LOC-02,SVC-04,2025-10-08,26,False,Routine,13.9,0,2,0,10,0,41,68
APT-001229,LOC-08,SVC-01,2025-10-09,3,False,Routine,42.1,0,3,0,10,0,41,69
APT-001230,LOC-08,SVC-01,2025-10-08,3,False,Priority,33.6,0,2,0,10,0,41,68
APT-001234,LOC-06,SVC-08,2025-10-09,52,False,Routine,23.4,0,3,0,10,0,41,69
APT-001235,LOC-01,SVC-02,2025-10-09,17,False,Routine,68.2,0,3,0,10,0,41,69
APT-001237,LOC-05,SVC-06,2025-10-10,15,False,Urgent,36.3,0,4,0,10,0,41,70
APT-001238,LOC-09,SVC-05,2025-10-09,53,False,Priority,57.2,0,3,0,10,0,41,69
APT-001240,LOC-04,SVC-01,2025-10-09,12,False,Urgent,56.6,0,3,0,10,0,41,69
APT-001241,LOC-06,SVC-04,2025-10-11,30,False,Urgent,68.2,0,5,1,10,0,41,71
APT-001245,LOC-06,SVC-05,2025-10-11,7,False,Urgent,58.4,0,5,1,10,0,41,71
APT-001247,LOC-05,SVC-03,2025-10-09,29,False,Urgent,31.6,0,3,0,10,0,41,69
APT-001248,LOC-01,SVC-01,2025-10-10,33,False,Urgent,65.5,0,4,0,10,0,41,70
APT-001249,LOC-01,SVC-06,2025-10-09,28,False,Priority,61.6,0,3,0,10,0,41,69
APT-001251,LOC-02,SVC-04,2025-10-11,20,False,Priority,60.1,0,5,1,10,0,41,71
APT-001252,LOC-01,SVC-05,2025-10-09,3,False,Urgent,26.1,0,3,0,10,0,41,69
APT-001253,LOC-02,SVC-08,2025-10-09,47,False,Emergency,85.0,0,3,0,10,0,41,69
APT-001255,LOC-10,SVC-05,2025-10-10,12,False,Routine,5.4,0,4,0,10,0,41,70
APT-001256,LOC-07,SVC-02,2025-10-10,14,False,Priority,30.7,0,4,0,10,0,41,70
APT-001261,LOC-09,SVC-02,2025-10-09,12,False,Urgent,21.4,0,3,0,10,0,41,69
APT-001263,LOC-02,SVC-08,2025-10-11,16,False,Priority,67.3,0,5,1,10,0,41,71
APT-001264,LOC-09,SVC-05,2025-10-11,40,False,Priority,21.8,0,5,1,10,0,41,71
APT-001266,LOC-01,SVC-04,2025-10-10,13,False,Urgent,92.0,0,4,0,10,0,41,70
APT-001268,LOC-09,SVC-09,2025-10-11,16,False,Urgent,76.9,0,5,1,10,0,41,71
APT-001272,LOC-08,SVC-02,2025-10-13,26,False,Routine,19.2,0,0,0,10,0,42,73
APT-001273,LOC-05,SVC-05,2025-10-10,4,False,Priority,40.8,0,4,0,10,0,41,70
APT-001274,LOC-05,SVC-05,2025-10-11,10,False,Priority,30.4,0,5,1,10,0,41,71
APT-001278,LOC-10,SVC-05,2025-10-12,15,False,Urgent,93.5,0,6,1,10,0,41,72
APT-001280,LOC-08,SVC-02,2025-10-14,23,False,Urgent,59.5,0,1,0,10,0,42,74
APT-001282,LOC-03,SVC-05,2025-10-11,28,False,Priority,37.0,0,5,1,10,0,41,71
APT-001285,LOC-01,SVC-08,2025-10-12,35,False,Priority,63.9,0,6,1,10,0,41,72
APT-001286,LOC-10,SVC-01,2025-10-11,36,False,Routine,5.4,0,5,1,10,0,41,71
APT-001287,LOC-07,SVC-03,2025-10-13,55,False,Urgent,36.3,0,0,0,10,0,42,73
APT-001289,LOC-01,SVC-05,2025-10-12,3,False,Routine,21.7,0,6,1,10,0,41,72
APT-001290,LOC-10,SVC-03,2025-10-14,14,False,Priority,24.6,0,1,0,10,0,42,74
APT-001291,LOC-01,SVC-02,2025-10-13,18,False,Urgent,59.1,0,0,0,10,0,42,73
APT-001293,LOC-02,SVC-02,2025-10-12,3,False,Priority,39.4,0,6,1,10,0,41,72
APT-001295,LOC-01,SVC-01,2025-10-15,29,False,Routine,20.9,0,2,0,10,0,42,75
APT-001296,LOC-08,SVC-07,2025-10-15,3,False,Routine,67.5,0,2,0,10,0,42,75
APT-001298,LOC-09,SVC-07,2025-10-14,10,False,Priority,33.3,0,1,0,10,0,42,74
APT-001299,LOC-07,SVC-08,2025-10-16,38,False,Priority,82.9,0,3,0,10,0,42,76
APT-001300,LOC-02,SVC-02,2025-10-14,20,False,Priority,38.3,0,1,0,10,0,42,74
APT-001301,LOC-02,SVC-06,2025-10-14,34,False,Emergency,15.2,0,1,0,10,0,42,74
APT-001303,LOC-01,SVC-01,2025-10-14,21,False,Routine,21.5,0,1,0,10,0,42,74
APT-001305,LOC-02,SVC-09,2025-10-14,34,False,Priority,54.1,0,1,0,10,0,42,74
APT-001307,LOC-08,SVC-05,2025-10-13,24,True,Routine,22.1,0,0,0,10,0,42,73
APT-001310,LOC-03,SVC-06,2025-10-13,7,False,Urgent,48.5,0,0,0,10,0,42,73
APT-001313,LOC-08,SVC-05,2025-10-13,23,False,Routine,9.4,0,0,0,10,0,42,73
APT-001316,LOC-03,SVC-05,2025-10-14,25,False,Priority,36.4,0,1,0,10,0,42,74
APT-001318,LOC-04,SVC-07,2025-10-14,22,False,Routine,16.0,0,1,0,10,0,42,74
APT-001320,LOC-03,SVC-07,2025-10-14,32,False,Urgent,40.3,0,1,0,10,0,42,74
APT-001324,LOC-10,SVC-09,2025-10-17,25,False,Routine,22.5,0,4,0,10,0,42,77
APT-001325,LOC-05,SVC-06,2025-10-15,16,False,Routine,28.3,0,2,0,10,0,42,75
APT-001326,LOC-05,SVC-01,2025-10-14,19,False,Urgent,82.3,0,1,0,10,0,42,74
APT-001327,LOC-05,SVC-04,2025-10-14,3,False,Priority,64.4,0,1,0,10,0,42,74
APT-001328,LOC-01,SVC-07,2025-10-15,58,False,Routine,13.1,0,2,0,10,0,42,75
APT-001329,LOC-08,SVC-06,2025-10-16,29,False,Routine,40.3,0,3,0,10,0,42,76
APT-001330,LOC-09,SVC-01,2025-10-14,25,False,Priority,32.8,0,1,0,10,0,42,74
APT-001331,LOC-03,SVC-02,2025-10-15,31,False,Routine,72.7,0,2,0,10,0,42,75
APT-001334,LOC-02,SVC-07,2025-10-18,30,False,Routine,64.5,0,5,1,10,0,42,78
APT-001335,LOC-03,SVC-08,2025-10-16,7,False,Routine,14.4,0,3,0,10,0,42,76
APT-001336,LOC-02,SVC-02,2025-10-14,8,False,Routine,41.1,0,1,0,10,0,42,74
APT-001337,LOC-01,SVC-07,2025-10-15,8,True,Urgent,90.4,0,2,0,10,0,42,75
APT-001338,LOC-04,SVC-04,2025-10-15,27,True,Urgent,84.7,0,2,0,10,0,42,75
APT-001339,LOC-06,SVC-02,2025-10-16,23,False,Priority,38.5,0,3,0,10,0,42,76
APT-001341,LOC-01,SVC-01,2025-10-15,25,False,Urgent,71.8,0,2,0,10,0,42,75
APT-001342,LOC-10,SVC-08,2025-10-16,43,True,Routine,27.5,0,3,0,10,0,42,76
APT-001343,LOC-10,SVC-05,2025-10-16,27,False,Priority,39.5,0,3,0,10,0,42,76
APT-001345,LOC-05,SVC-02,2025-10-15,32,False,Urgent,38.9,0,2,0,10,0,42,75
APT-001347,LOC-06,SVC-06,2025-10-16,7,False,Priority,61.7,0,3,0,10,0,42,76
APT-001348,LOC-03,SVC-01,2025-10-16,7,False,Urgent,21.0,0,3,0,10,0,42,76
APT-001352,LOC-02,SVC-06,2025-10-15,17,False,Urgent,71.3,0,2,0,10,0,42,75
APT-001353,LOC-02,SVC-07,2025-10-16,19,False,Routine,19.8,0,3,0,10,0,42,76
APT-001354,LOC-02,SVC-07,2025-10-18,13,False,Routine,13.2,0,5,1,10,0,42,78
APT-001358,LOC-10,SVC-09,2025-10-17,33,False,Routine,9.8,0,4,0,10,0,42,77
APT-001360,LOC-01,SVC-05,2025-10-16,23,False,Priority,31.5,0,3,0,10,0,42,76
APT-001362,LOC-01,SVC-05,2025-10-17,20,False,Routine,36.3,0,4,0,10,0,42,77
APT-001365,LOC-01,SVC-09,2025-10-17,30,False,Priority,50.8,0,4,0,10,0,42,77
APT-001367,LOC-08,SVC-02,2025-10-16,46,False,Routine,36.3,0,3,0,10,0,42,76
APT-001369,LOC-03,SVC-05,2025-10-16,28,False,Routine,21.0,0,3,0,10,0,42,76
APT-001372,LOC-06,SVC-02,2025-10-17,43,False,Routine,66.7,0,4,0,10,0,42,77
APT-001376,LOC-02,SVC-01,2025-10-19,16,False,Routine,13.4,0,6,1,10,0,42,79
APT-001378,LOC-07,SVC-05,2025-10-18,55,False,Priority,37.7,0,5,1,10,0,42,78
APT-001379,LOC-08,SVC-03,2025-10-18,3,False,Urgent,58.1,0,5,1,10,0,42,78
APT-001381,LOC-10,SVC-05,2025-10-17,18,False,Priority,45.7,0,4,0,10,0,42,77
APT-001384,LOC-05,SVC-04,2025-10-18,16,False,Priority,46.4,0,5,1,10,0,42,78
APT-001385,LOC-09,SVC-05,2025-10-21,42,False,Routine,69.4,0,1,0,10,0,43,81
APT-001386,LOC-09,SVC-03,2025-10-19,44,False,Priority,44.7,0,6,1,10,0,42,79
APT-001388,LOC-02,SVC-07,2025-10-18,26,False,Routine,45.1,0,5,1,10,0,42,78
APT-001389,LOC-09,SVC-05,2025-10-17,15,False,Routine,28.6,0,4,0,10,0,42,77
APT-001391,LOC-10,SVC-09,2025-10-22,39,False,Routine,14.1,0,2,0,10,0,43,82
APT-001396,LOC-02,SVC-08,2025-10-18,15,False,Priority,65.7,0,5,1,10,0,42,78
APT-001398,LOC-07,SVC-06,2025-10-18,47,False,Routine,43.3,0,5,1,10,0,42,78
APT-001399,LOC-07,SVC-03,2025-10-19,17,False,Urgent,36.3,0,6,1,10,0,42,79
APT-001400,LOC-03,SVC-08,2025-10-19,26,False,Routine,18.7,0,6,1,10,0,42,79
APT-001405,LOC-08,SVC-08,2025-10-21,30,False,Priority,38.9,0,1,0,10,0,43,81
APT-001406,LOC-02,SVC-04,2025-10-21,12,False,Urgent,91.1,0,1,0,10,0,43,81
APT-001407,LOC-07,SVC-09,2025-10-20,37,False,Priority,33.3,0,0,0,10,0,43,80
APT-001408,LOC-05,SVC-07,2025-10-20,3,False,Routine,37.1,0,0,0,10,0,43,80
APT-001409,LOC-05,SVC-02,2025-10-21,20,False,Routine,35.1,0,1,0,10,0,43,81
APT-001411,LOC-07,SVC-01,2025-10-20,7,False,Priority,30.8,0,0,0,10,0,43,80
APT-001414,LOC-04,SVC-05,2025-10-20,18,False,Priority,39.1,0,0,0,10,0,43,80
APT-001416,LOC-09,SVC-03,2025-10-21,19,False,Urgent,45.0,0,1,0,10,0,43,81
APT-001418,LOC-09,SVC-02,2025-10-21,39,False,Priority,32.8,0,1,0,10,0,43,81
APT-001419,LOC-01,SVC-01,2025-10-20,16,False,Urgent,34.7,0,0,0,10,0,43,80
APT-001421,LOC-05,SVC-09,2025-10-20,14,False,Emergency,14.6,0,0,0,10,0,43,80
APT-001424,LOC-07,SVC-05,2025-10-21,35,True,Routine,6.3,0,1,0,10,0,43,81
APT-001425,LOC-03,SVC-01,2025-10-21,19,False,Routine,43.4,0,1,0,10,0,43,81
APT-001426,LOC-05,SVC-09,2025-10-20,28,False,Urgent,43.5,0,0,0,10,0,43,80
APT-001427,LOC-03,SVC-01,2025-10-20,26,False,Priority,35.3,0,0,0,10,0,43,80
APT-001429,LOC-09,SVC-06,2025-10-22,12,False,Routine,10.9,0,2,0,10,0,43,82
APT-001430,LOC-03,SVC-05,2025-10-21,3,False,Priority,61.8,0,1,0,10,0,43,81
APT-001431,LOC-05,SVC-07,2025-10-21,10,False,Urgent,61.3,0,1,0,10,0,43,81
APT-001432,LOC-10,SVC-01,2025-10-23,23,False,Routine,41.6,0,3,0,10,0,43,83
APT-001434,LOC-04,SVC-08,2025-10-21,18,False,Urgent,67.4,0,1,0,10,0,43,81
APT-001435,LOC-09,SVC-02,2025-10-22,22,False,Routine,51.1,0,2,0,10,0,43,82
APT-001436,LOC-10,SVC-04,2025-10-22,53,False,Priority,36.3,0,2,0,10,0,43,82
APT-001437,LOC-03,SVC-03,2025-10-23,4,False,Routine,28.9,0,3,0,10,0,43,83
APT-001438,LOC-10,SVC-09,2025-10-24,8,False,Routine,7.1,0,4,0,10,0,43,84
APT-001439,LOC-02,SVC-01,2025-10-21,25,False,Routine,28.6,0,1,0,10,0,43,81
APT-001440,LOC-08,SVC-05,2025-10-21,24,False,Emergency,40.1,0,1,0,10,0,43,81
APT-001441,LOC-04,SVC-03,2025-10-21,31,False,Priority,35.4,0,1,0,10,0,43,81
APT-001442,LOC-10,SVC-01,2025-10-21,6,False,Routine,17.7,0,1,0,10,0,43,81
APT-001444,LOC-05,SVC-06,2025-10-21,13,True,Priority,66.2,0,1,0,10,0,43,81
APT-001445,LOC-08,SVC-09,2025-10-21,11,False,Routine,19.2,0,1,0,10,0,43,81
APT-001448,LOC-09,SVC-06,2025-10-22,33,False,Routine,34.1,0,2,0,10,0,43,82
APT-001449,LOC-05,SVC-03,2025-10-21,15,False,Priority,30.6,0,1,0,10,0,43,81
APT-001450,LOC-06,SVC-02,2025-10-22,16,False,Urgent,22.7,0,2,0,10,0,43,82
APT-001453,LOC-06,SVC-01,2025-10-22,36,False,Routine,15.8,0,2,0,10,0,43,82
APT-001458,LOC-02,SVC-06,2025-10-22,29,False,Emergency,61.9,0,2,0,10,0,43,82
APT-001459,LOC-01,SVC-05,2025-10-23,6,True,Priority,40.6,0,3,0,10,0,43,83
APT-001460,LOC-03,SVC-06,2025-10-22,31,False,Urgent,38.8,0,2,0,10,0,43,82
APT-001461,LOC-08,SVC-04,2025-10-23,46,False,Priority,30.5,0,3,0,10,0,43,83
APT-001462,LOC-06,SVC-04,2025-10-23,63,False,Priority,26.1,0,3,0,10,0,43,83
APT-001464,LOC-02,SVC-07,2025-10-23,26,False,Urgent,8.0,0,3,0,10,0,43,83
APT-001467,LOC-10,SVC-03,2025-10-23,44,False,Priority,13.8,0,3,0,10,0,43,83
APT-001468,LOC-06,SVC-07,2025-10-26,14,False,Routine,36.4,0,6,1,10,0,43,86
APT-001469,LOC-06,SVC-05,2025-10-23,17,False,Routine,60.9,0,3,0,10,0,43,83
APT-001470,LOC-06,SVC-07,2025-10-25,42,True,Priority,51.4,0,5,1,10,0,43,85
APT-001472,LOC-10,SVC-01,2025-10-25,3,False,Priority,37.5,0,5,1,10,0,43,85
APT-001475,LOC-02,SVC-06,2025-10-24,3,False,Routine,63.0,0,4,0,10,0,43,84
APT-001477,LOC-10,SVC-06,2025-10-23,12,False,Routine,35.1,0,3,0,10,0,43,83
APT-001478,LOC-09,SVC-07,2025-10-23,15,False,Priority,67.1,0,3,0,10,0,43,83
APT-001481,LOC-02,SVC-01,2025-10-28,3,False,Routine,66.0,0,1,0,10,0,44,88
APT-001482,LOC-07,SVC-04,2025-10-25,35,False,Routine,36.7,0,5,1,10,0,43,85
APT-001484,LOC-06,SVC-04,2025-10-26,25,False,Routine,63.2,0,6,1,10,0,43,86
APT-001489,LOC-07,SVC-01,2025-10-24,20,False,Routine,65.3,0,4,0,10,0,43,84
APT-001491,LOC-06,SVC-05,2025-10-25,32,False,Routine,23.9,0,5,1,10,0,43,85
APT-001492,LOC-06,SVC-05,2025-10-25,30,False,Priority,44.3,0,5,1,10,0,43,85
APT-001493,LOC-05,SVC-08,2025-10-25,40,False,Emergency,79.9,0,5,1,10,0,43,85
APT-001494,LOC-04,SVC-09,2025-10-25,34,True,Routine,66.1,0,5,1,10,0,43,85
APT-001498,LOC-01,SVC-05,2025-10-24,20,False,Urgent,59.2,0,4,0,10,0,43,84
APT-001500,LOC-09,SVC-07,2025-10-25,34,False,Priority,37.8,0,5,1,10,0,43,85
APT-001501,LOC-10,SVC-07,2025-10-24,29,False,Urgent,86.0,0,4,0,10,0,43,84
APT-001504,LOC-07,SVC-02,2025-10-25,3,False,Urgent,30.1,0,5,1,10,0,43,85
APT-001505,LOC-09,SVC-05,2025-10-25,12,False,Routine,42.6,0,5,1,10,0,43,85
APT-001506,LOC-01,SVC-03,2025-10-26,22,False,Priority,24.2,0,6,1,10,0,43,86
APT-001507,LOC-05,SVC-05,2025-10-26,22,False,Priority,73.6,0,6,1,10,0,43,86
APT-001508,LOC-08,SVC-02,2025-10-25,3,False,Urgent,43.3,0,5,1,10,0,43,85
APT-001509,LOC-08,SVC-02,2025-10-25,24,False,Emergency,67.4,0,5,1,10,0,43,85
APT-001511,LOC-02,SVC-01,2025-10-26,38,False,Routine,7.6,0,6,1,10,0,43,86
APT-001512,LOC-05,SVC-01,2025-10-25,45,False,Emergency,60.2,0,5,1,10,0,43,85
APT-001513,LOC-08,SVC-01,2025-10-26,50,False,Urgent,81.3,0,6,1,10,0,43,86
APT-001514,LOC-09,SVC-01,2025-10-25,50,False,Routine,49.5,0,5,1,10,0,43,85
APT-001515,LOC-07,SVC-03,2025-10-26,35,False,Priority,58.0,0,6,1,10,0,43,86
APT-001519,LOC-05,SVC-05,2025-10-26,26,False,Urgent,33.7,0,6,1,10,0,43,86
APT-001524,LOC-04,SVC-04,2025-10-27,33,False,Priority,33.2,0,0,0,10,0,44,87
APT-001527,LOC-09,SVC-04,2025-10-30,15,False,Priority,63.1,0,3,0,10,0,44,90
APT-001528,LOC-08,SVC-01,2025-10-29,21,False,Routine,41.7,0,2,0,10,0,44,89
APT-001529,LOC-10,SVC-02,2025-10-27,39,False,Routine,20.9,0,0,0,10,0,44,87
APT-001531,LOC-04,SVC-09,2025-10-27,30,False,Urgent,81.9,0,0,0,10,0,44,87
APT-001534,LOC-02,SVC-01,2025-10-27,28,False,Routine,20.9,0,0,0,10,0,44,87
APT-001535,LOC-10,SVC-01,2025-10-28,36,False,Emergency,46.2,0,1,0,10,0,44,88
APT-001536,LOC-02,SVC-08,2025-10-29,17,False,Routine,12.9,0,2,0,10,0,44,89
APT-001537,LOC-03,SVC-01,2025-10-28,28,False,Routine,12.6,0,1,0,10,0,44,88
APT-001538,LOC-03,SVC-04,2025-10-28,4,False,Urgent,7.4,0,1,0,10,0,44,88
APT-001539,LOC-06,SVC-05,2025-10-28,10,False,Priority,89.3,0,1,0,10,0,44,88
APT-001540,LOC-08,SVC-08,2025-10-28,9,False,Urgent,20.4,0,1,0,10,0,44,88
APT-001541,LOC-09,SVC-05,2025-10-29,38,False,Routine,78.7,0,2,0,10,0,44,89
APT-001543,LOC-10,SVC-06,2025-10-28,32,False,Emergency,31.9,0,1,0,10,0,44,88
APT-001544,LOC-07,SVC-02,2025-11-01,27,False,Routine,53.0,0,5,1,11,0,44,92
APT-001545,LOC-06,SVC-09,2025-10-29,12,False,Priority,55.1,0,2,0,10,0,44,89
APT-001548,LOC-09,SVC-01,2025-10-28,22,True,Emergency,38.9,0,1,0,10,0,44,88
APT-001549,LOC-05,SVC-04,2025-10-28,23,False,Emergency,37.3,0,1,0,10,0,44,88
APT-001550,LOC-03,SVC-02,2025-10-28,20,False,Urgent,44.0,0,1,0,10,0,44,88
APT-001552,LOC-06,SVC-07,2025-10-28,34,False,Routine,48.9,0,1,0,10,0,44,88
APT-001553,LOC-01,SVC-07,2025-10-28,39,False,Urgent,38.2,0,1,0,10,0,44,88
APT-001554,LOC-07,SVC-06,2025-10-28,12,False,Priority,56.4,0,1,0,10,0,44,88
APT-001555,LOC-08,SVC-09,2025-10-29,14,False,Routine,17.2,0,2,0,10,0,44,89
APT-001556,LOC-06,SVC-02,2025-10-29,3,False,Routine,87.1,0,2,0,10,0,44,89
APT-001557,LOC-10,SVC-09,2025-10-28,42,False,Urgent,96.6,0,1,0,10,0,44,88
APT-001559,LOC-07,SVC-05,2025-10-28,25,False,Urgent,58.8,0,1,0,10,0,44,88
APT-001560,LOC-10,SVC-05,2025-10-30,46,False,Routine,20.7,0,3,0,10,0,44,90
APT-001561,LOC-06,SVC-08,2025-10-28,43,False,Routine,28.0,0,1,0,10,0,44,88
APT-001562,LOC-01,SVC-01,2025-10-29,23,False,Priority,46.1,0,2,0,10,0,44,89
APT-001563,LOC-07,SVC-03,2025-10-28,35,False,Routine,55.4,0,1,0,10,0,44,88
APT-001565,LOC-09,SVC-07,2025-10-29,21,False,Priority,37.6,0,2,0,10,0,44,89
APT-001566,LOC-10,SVC-01,2025-10-30,32,False,Routine,15.1,0,3,0,10,0,44,90
APT-001569,LOC-08,SVC-03,2025-10-29,38,True,Urgent,29.0,0,2,0,10,0,44,89
APT-001571,LOC-03,SVC-03,2025-10-30,19,False,Routine,7.8,0,3,0,10,0,44,90
APT-001572,LOC-07,SVC-07,2025-10-29,10,False,Priority,67.4,0,2,0,10,0,44,89
APT-001573,LOC-09,SVC-01,2025-10-29,9,True,Priority,62.9,0,2,0,10,0,44,89
APT-001575,LOC-08,SVC-01,2025-10-30,9,False,Priority,40.9,0,3,0,10,0,44,90
APT-001576,LOC-05,SVC-02,2025-10-29,27,False,Priority,14.0,0,2,0,10,0,44,89
APT-001577,LOC-01,SVC-01,2025-10-30,25,False,Priority,30.9,0,3,0,10,0,44,90
APT-001578,LOC-10,SVC-03,2025-10-31,53,False,Routine,13.0,0,4,0,10,0,44,91
APT-001581,LOC-09,SVC-02,2025-10-29,35,False,Urgent,36.3,0,2,0,10,0,44,89
APT-001582,LOC-03,SVC-07,2025-10-29,12,False,Priority,46.1,0,2,0,10,0,44,89
APT-001583,LOC-05,SVC-05,2025-10-30,33,False,Routine,25.8,0,3,0,10,0,44,90
APT-001584,LOC-01,SVC-09,2025-10-30,41,False,Urgent,63.0,0,3,0,10,0,44,90
APT-001585,LOC-02,SVC-09,2025-10-30,9,False,Priority,40.3,0,3,0,10,0,44,90
APT-001586,LOC-05,SVC-05,2025-10-30,10,True,Urgent,71.3,0,3,0,10,0,44,90
APT-001588,LOC-08,SVC-08,2025-10-31,33,False,Priority,16.7,0,4,0,10,0,44,91
APT-001591,LOC-03,SVC-04,2025-11-01,6,False,Priority,69.1,0,5,1,11,0,44,92
APT-001592,LOC-10,SVC-06,2025-10-30,3,False,Emergency,39.8,0,3,0,10,0,44,90
APT-001593,LOC-04,SVC-01,2025-10-30,36,False,Priority,64.5,0,3,0,10,0,44,90
APT-001597,LOC-04,SVC-02,2025-10-30,16,False,Priority,27.0,0,3,0,10,0,44,90
APT-001599,LOC-10,SVC-01,2025-11-01,4,False,Routine,13.7,0,5,1,11,0,44,92
APT-001603,LOC-06,SVC-03,2025-11-01,29,False,Routine,34.9,0,5,1,11,0,44,92
APT-001604,LOC-10,SVC-03,2025-10-31,48,False,Routine,11.9,0,4,0,10,0,44,91
APT-001606,LOC-01,SVC-02,2025-11-01,33,False,Urgent,66.8,0,5,1,11,0,44,92
APT-001607,LOC-09,SVC-04,2025-10-31,35,False,Emergency,61.3,0,4,0,10,0,44,91
APT-001608,LOC-01,SVC-01,2025-10-31,31,False,Urgent,34.1,0,4,0,10,0,44,91
APT-001609,LOC-04,SVC-06,2025-11-01,22,False,Routine,1.5,0,5,1,11,0,44,92
APT-001612,LOC-09,SVC-09,2025-11-01,8,False,Priority,16.1,0,5,1,11,0,44,92
APT-001613,LOC-07,SVC-02,2025-10-31,3,False,Urgent,35.3,0,4,0,10,0,44,91
APT-001614,LOC-01,SVC-03,2025-11-02,33,False,Routine,38.9,0,6,1,11,0,44,93
APT-001615,LOC-05,SVC-07,2025-10-31,39,False,Priority,19.3,0,4,0,10,0,44,91
APT-001616,LOC-06,SVC-08,2025-11-01,11,False,Routine,40.1,0,5,1,11,0,44,92
APT-001617,LOC-01,SVC-01,2025-11-01,32,False,Priority,32.5,0,5,1,11,0,44,92
APT-001620,LOC-05,SVC-03,2025-11-02,3,False,Priority,75.5,0,6,1,11,0,44,93
APT-001621,LOC-09,SVC-01,2025-11-06,5,False,Routine,63.4,0,3,0,11,0,45,97
APT-001622,LOC-09,SVC-01,2025-11-01,17,False,Urgent,87.7,0,5,1,11,0,44,92
APT-001623,LOC-09,SVC-01,2025-11-02,26,False,Routine,34.6,0,6,1,11,0,44,93
APT-001626,LOC-08,SVC-03,2025-11-02,50,False,Routine,15.9,0,6,1,11,0,44,93
APT-001629,LOC-03,SVC-07,2025-11-01,20,False,Routine,14.2,0,5,1,11,0,44,92
APT-001631,LOC-07,SVC-01,2025-11-02,48,False,Routine,47.0,0,6,1,11,0,44,93
APT-001636,LOC-02,SVC-09,2025-11-02,12,False,Priority,34.5,0,6,1,11,0,44,93
APT-001637,LOC-08,SVC-09,2025-11-05,11,False,Routine,35.4,0,2,0,11,0,45,96
APT-001638,LOC-06,SVC-07,2025-11-02,30,False,Urgent,61.1,0,6,1,11,0,44,93
APT-001639,LOC-08,SVC-09,2025-11-02,13,False,Urgent,85.6,0,6,1,11,0,44,93
APT-001640,LOC-02,SVC-07,2025-11-02,3,False,Routine,11.0,0,6,1,11,0,44,93
APT-001642,LOC-10,SVC-04,2025-11-02,23,False,Routine,14.7,0,6,1,11,0,44,93
APT-001643,LOC-02,SVC-05,2025-11-05,36,False,Urgent,37.7,0,2,0,11,0,45,96
APT-001645,LOC-06,SVC-01,2025-11-05,27,False,Routine,67.8,0,2,0,11,0,45,96
APT-001647,LOC-01,SVC-07,2025-11-04,12,False,Priority,62.4,0,1,0,11,0,45,95
APT-001649,LOC-02,SVC-09,2025-11-05,25,False,Routine,36.7,0,2,0,11,0,45,96
APT-001650,LOC-09,SVC-02,2025-11-06,30,True,Routine,50.2,0,3,0,11,0,45,97
APT-001652,LOC-10,SVC-01,2025-11-04,37,False,Routine,19.9,0,1,0,11,0,45,95
APT-001656,LOC-07,SVC-01,2025-11-05,17,False,Priority,36.3,0,2,0,11,0,45,96
APT-001657,LOC-02,SVC-07,2025-11-04,12,False,Routine,28.9,0,1,0,11,0,45,95
APT-001658,LOC-10,SVC-01,2025-11-04,44,False,Routine,27.9,0,1,0,11,0,45,95
APT-001659,LOC-06,SVC-01,2025-11-04,7,False,Priority,36.3,0,1,0,11,0,45,95
APT-001660,LOC-07,SVC-07,2025-11-06,8,False,Priority,30.1,0,3,0,11,0,45,97
APT-001661,LOC-10,SVC-04,2025-11-04,41,False,Urgent,28.3,0,1,0,11,0,45,95
APT-001664,LOC-08,SVC-03,2025-11-05,31,False,Routine,20.3,0,2,0,11,0,45,96
APT-001665,LOC-09,SVC-01,2025-11-03,6,False,Priority,42.2,0,0,0,11,0,45,94
APT-001666,LOC-05,SVC-06,2025-11-03,26,False,Routine,41.5,0,0,0,11,0,45,94
APT-001667,LOC-10,SVC-06,2025-11-05,16,False,Priority,38.3,0,2,0,11,0,45,96
APT-001668,LOC-03,SVC-08,2025-11-03,15,False,Priority,17.8,0,0,0,11,0,45,94
APT-001671,LOC-03,SVC-09,2025-11-05,13,False,Urgent,86.3,0,2,0,11,0,45,96
APT-001673,LOC-08,SVC-09,2025-11-05,20,False,Routine,14.0,0,2,0,11,0,45,96
APT-001674,LOC-02,SVC-07,2025-11-05,26,False,Urgent,80.0,0,2,0,11,0,45,96
APT-001675,LOC-09,SVC-05,2025-11-04,22,False,Routine,28.3,0,1,0,11,0,45,95
APT-001676,LOC-10,SVC-01,2025-11-05,38,False,Routine,37.9,0,2,0,11,0,45,96
APT-001677,LOC-06,SVC-01,2025-11-07,39,False,Routine,36.5,0,4,0,11,0,45,98
APT-001678,LOC-01,SVC-04,2025-11-06,33,False,Routine,35.9,0,3,0,11,0,45,97
APT-001680,LOC-06,SVC-07,2025-11-04,26,False,Routine,16.9,0,1,0,11,0,45,95
APT-001681,LOC-08,SVC-05,2025-11-05,13,False,Urgent,59.0,0,2,0,11,0,45,96
APT-001683,LOC-07,SVC-06,2025-11-04,15,False,Routine,21.5,0,1,0,11,0,45,95
APT-001684,LOC-10,SVC-04,2025-11-04,40,False,Routine,73.7,0,1,0,11,0,45,95
APT-001686,LOC-05,SVC-08,2025-11-04,12,False,Routine,42.3,0,1,0,11,0,45,95
APT-001687,LOC-02,SVC-07,2025-11-05,15,False,Urgent,89.3,0,2,0,11,0,45,96
APT-001689,LOC-04,SVC-01,2025-11-04,32,True,Routine,36.0,0,1,0,11,0,45,95
APT-001691,LOC-06,SVC-07,2025-11-08,20,False,Priority,66.3,0,5,1,11,0,45,99
APT-001694,LOC-07,SVC-04,2025-11-06,41,False,Priority,23.6,0,3,0,11,0,45,97
APT-001695,LOC-05,SVC-04,2025-11-06,19,True,Routine,61.1,0,3,0,11,0,45,97
APT-001696,LOC-04,SVC-01,2025-11-05,20,False,Urgent,88.6,0,2,0,11,0,45,96
APT-001698,LOC-06,SVC-01,2025-11-07,22,False,Routine,25.4,0,4,0,11,0,45,98
APT-001699,LOC-05,SVC-04,2025-11-05,12,False,Routine,67.6,0,2,0,11,0,45,96
APT-001701,LOC-07,SVC-06,2025-11-06,16,False,Priority,28.1,0,3,0,11,0,45,97
APT-001704,LOC-01,SVC-05,2025-11-06,26,False,Urgent,36.4,0,3,0,11,0,45,97
APT-001705,LOC-09,SVC-05,2025-11-06,13,False,Routine,48.6,0,3,0,11,0,45,97
APT-001707,LOC-03,SVC-04,2025-11-06,27,False,Priority,35.3,0,3,0,11,0,45,97
APT-001708,LOC-01,SVC-08,2025-11-12,24,False,Routine,57.5,0,2,0,11,0,46,103
APT-001709,LOC-03,SVC-04,2025-11-06,17,False,Routine,36.6,0,3,0,11,0,45,97
APT-001710,LOC-01,SVC-01,2025-11-06,17,False,Urgent,86.5,0,3,0,11,0,45,97
APT-001711,LOC-02,SVC-09,2025-11-08,23,False,Priority,34.9,0,5,1,11,0,45,99
APT-001713,LOC-06,SVC-07,2025-11-06,30,False,Routine,66.5,0,3,0,11,0,45,97
APT-001714,LOC-02,SVC-07,2025-11-07,27,False,Urgent,67.8,0,4,0,11,0,45,98
APT-001715,LOC-01,SVC-06,2025-11-06,42,False,Priority,42.7,0,3,0,11,0,45,97
APT-001718,LOC-06,SVC-01,2025-11-06,17,False,Emergency,34.9,0,3,0,11,0,45,97
APT-001722,LOC-09,SVC-01,2025-11-08,28,False,Routine,38.1,0,5,1,11,0,45,99
APT-001724,LOC-06,SVC-02,2025-11-09,32,False,Routine,46.6,0,6,1,11,0,45,100
APT-001726,LOC-09,SVC-07,2025-11-08,20,False,Routine,2.7,0,5,1,11,0,45,99
APT-001727,LOC-04,SVC-06,2025-11-07,11,False,Priority,21.4,0,4,0,11,0,45,98
APT-001728,LOC-01,SVC-02,2025-11-07,29,False,Priority,92.1,0,4,0,11,0,45,98
APT-001729,LOC-08,SVC-01,2025-11-09,36,False,Priority,14.7,0,6,1,11,0,45,100
APT-001730,LOC-09,SVC-01,2025-11-07,36,False,Priority,38.1,0,4,0,11,0,45,98
APT-001731,LOC-10,SVC-01,2025-11-10,28,False,Routine,48.7,0,0,0,11,0,46,101
APT-001732,LOC-07,SVC-03,2025-11-08,12,False,Priority,14.1,0,5,1,11,0,45,99
APT-001733,LOC-08,SVC-04,2025-11-08,26,False,Routine,52.5,0,5,1,11,0,45,99
APT-001734,LOC-07,SVC-08,2025-11-07,45,False,Routine,11.3,0,4,0,11,0,45,98
APT-001735,LOC-02,SVC-01,2025-11-09,31,False,Urgent,71.2,0,6,1,11,0,45,100
APT-001736,LOC-03,SVC-05,2025-11-07,11,False,Routine,16.1,0,4,0,11,0,45,98
APT-001737,LOC-09,SVC-07,2025-11-08,17,False,Emergency,44.2,0,5,1,11,0,45,99
APT-001738,LOC-01,SVC-01,2025-11-08,33,False,Priority,65.0,0,5,1,11,0,45,99
APT-001740,LOC-01,SVC-09,2025-11-09,22,False,Routine,59.7,0,6,1,11,0,45,100
APT-001741,LOC-07,SVC-02,2025-11-08,21,False,Routine,38.4,0,5,1,11,0,45,99
APT-001742,LOC-04,SVC-01,2025-11-09,20,False,Routine,67.1,0,6,1,11,0,45,100
APT-001743,LOC-07,SVC-01,2025-11-08,34,False,Urgent,71.4,0,5,1,11,0,45,99
APT-001746,LOC-06,SVC-04,2025-11-08,17,False,Emergency,80.9,0,5,1,11,0,45,99
APT-001747,LOC-10,SVC-01,2025-11-08,14,True,Routine,14.2,0,5,1,11,0,45,99
APT-001749,LOC-08,SVC-03,2025-11-09,25,False,Routine,43.3,0,6,1,11,0,45,100
APT-001751,LOC-03,SVC-07,2025-11-11,15,False,Routine,37.4,0,1,0,11,0,46,102
APT-001755,LOC-07,SVC-07,2025-11-12,20,False,Priority,32.2,0,2,0,11,0,46,103
APT-001756,LOC-06,SVC-04,2025-11-13,16,False,Routine,18.2,0,3,0,11,0,46,104
APT-001757,LOC-07,SVC-05,2025-11-10,7,False,Urgent,33.6,0,0,0,11,0,46,101
APT-001759,LOC-03,SVC-01,2025-11-10,3,False,Emergency,90.9,0,0,0,11,0,46,101
APT-001761,LOC-02,SVC-01,2025-11-11,5,False,Routine,43.6,0,1,0,11,0,46,102
APT-001763,LOC-08,SVC-01,2025-11-11,14,False,Routine,49.9,0,1,0,11,0,46,102
APT-001764,LOC-02,SVC-07,2025-11-11,26,False,Urgent,48.8,0,1,0,11,0,46,102
APT-001765,LOC-02,SVC-01,2025-11-10,27,False,Routine,11.9,0,0,0,11,0,46,101
APT-001766,LOC-05,SVC-04,2025-11-10,6,False,Urgent,58.3,0,0,0,11,0,46,101
APT-001767,LOC-09,SVC-07,2025-11-12,24,False,Routine,70.9,0,2,0,11,0,46,103
APT-001768,LOC-07,SVC-01,2025-11-11,32,False,Routine,24.0,0,1,0,11,0,46,102
APT-001770,LOC-05,SVC-08,2025-11-10,10,False,Emergency,86.2,0,0,0,11,0,46,101
APT-001772,LOC-09,SVC-01,2025-11-10,28,False,Routine,16.0,0,0,0,11,0,46,101
APT-001776,LOC-04,SVC-01,2025-11-11,24,False,Priority,42.6,0,1,0,11,0,46,102
APT-001777,LOC-07,SVC-01,2025-11-11,30,False,Priority,35.0,0,1,0,11,0,46,102
APT-001778,LOC-10,SVC-07,2025-11-11,12,False,Routine,17.1,0,1,0,11,0,46,102
APT-001780,LOC-04,SVC-02,2025-11-12,16,False,Routine,58.3,0,2,0,11,0,46,103
APT-001782,LOC-05,SVC-02,2025-11-11,16,False,Priority,32.5,0,1,0,11,0,46,102
APT-001783,LOC-09,SVC-05,2025-11-11,30,False,Routine,19.1,0,1,0,11,0,46,102
APT-001785,LOC-07,SVC-05,2025-11-11,24,False,Priority,47.6,0,1,0,11,0,46,102
APT-001787,LOC-04,SVC-06,2025-11-12,19,False,Urgent,62.3,0,2,0,11,0,46,103
APT-001788,LOC-08,SVC-04,2025-11-12,31,False,Routine,15.8,0,2,0,11,0,46,103
APT-001789,LOC-08,SVC-01,2025-11-12,48,False,Urgent,44.3,0,2,0,11,0,46,103
APT-001790,LOC-10,SVC-09,2025-11-11,25,False,Priority,12.6,0,1,0,11,0,46,102
APT-001791,LOC-03,SVC-03,2025-11-11,19,False,Priority,21.5,0,1,0,11,0,46,102
APT-001793,LOC-04,SVC-02,2025-11-13,29,False,Routine,15.0,0,3,0,11,0,46,104
APT-001795,LOC-01,SVC-05,2025-11-12,31,False,Urgent,70.5,0,2,0,11,0,46,103
APT-001796,LOC-06,SVC-04,2025-11-13,41,False,Routine,56.9,0,3,0,11,0,46,104
APT-001797,LOC-08,SVC-07,2025-11-12,32,False,Routine,1.0,0,2,0,11,0,46,103
APT-001798,LOC-07,SVC-07,2025-11-12,40,False,Routine,1.0,0,2,0,11,0,46,103
APT-001803,LOC-08,SVC-02,2025-11-12,55,False,Urgent,55.5,0,2,0,11,0,46,103
APT-001804,LOC-07,SVC-04,2025-11-12,3,False,Priority,19.0,0,2,0,11,0,46,103
APT-001808,LOC-07,SVC-04,2025-11-13,43,False,Priority,37.5,0,3,0,11,0,46,104
APT-001809,LOC-09,SVC-01,2025-11-13,54,False,Emergency,86.0,0,3,0,11,0,46,104
APT-001810,LOC-09,SVC-01,2025-11-12,3,True,Priority,11.5,0,2,0,11,0,46,103
APT-001813,LOC-10,SVC-03,2025-11-12,39,False,Emergency,76.0,0,2,0,11,0,46,103
APT-001814,LOC-04,SVC-06,2025-11-12,11,False,Urgent,48.0,0,2,0,11,0,46,103
APT-001817,LOC-09,SVC-08,2025-11-12,19,False,Priority,45.2,0,2,0,11,0,46,103
APT-001819,LOC-02,SVC-01,2025-11-12,30,False,Priority,43.8,0,2,0,11,0,46,103
APT-001821,LOC-07,SVC-07,2025-11-13,71,True,Emergency,88.2,0,3,0,11,0,46,104
APT-001823,LOC-05,SVC-05,2025-11-13,6,False,Routine,31.9,0,3,0,11,0,46,104
APT-001824,LOC-05,SVC-05,2025-11-13,3,False,Priority,28.2,0,3,0,11,0,46,104
APT-001825,LOC-02,SVC-05,2025-11-13,33,False,Emergency,88.1,0,3,0,11,0,46,104
APT-001826,LOC-10,SVC-05,2025-11-14,21,False,Routine,20.6,0,4,0,11,0,46,105
APT-001829,LOC-07,SVC-02,2025-11-19,3,False,Routine,17.9,0,2,0,11,0,47,110
APT-001830,LOC-02,SVC-01,2025-11-13,25,False,Urgent,15.5,0,3,0,11,0,46,104
APT-001832,LOC-03,SVC-06,2025-11-14,11,False,Priority,36.6,0,4,0,11,0,46,105
APT-001838,LOC-04,SVC-01,2025-11-16,27,False,Priority,86.4,0,6,1,11,0,46,107
APT-001840,LOC-05,SVC-07,2025-11-16,30,False,Routine,39.3,0,6,1,11,0,46,107
APT-001841,LOC-06,SVC-02,2025-11-16,19,False,Priority,65.1,0,6,1,11,0,46,107
APT-001843,LOC-05,SVC-05,2025-11-15,25,False,Priority,33.8,0,5,1,11,0,46,106
APT-001845,LOC-02,SVC-05,2025-11-15,20,False,Routine,25.6,0,5,1,11,0,46,106
APT-001846,LOC-03,SVC-04,2025-11-17,30,False,Routine,45.4,0,0,0,11,0,47,108
APT-001847,LOC-10,SVC-01,2025-11-15,40,False,Routine,20.1,0,5,1,11,0,46,106
APT-001848,LOC-03,SVC-04,2025-11-14,23,False,Routine,40.3,0,4,0,11,0,46,105
APT-001850,LOC-06,SVC-03,2025-11-15,20,False,Emergency,80.8,0,5,1,11,0,46,106
APT-001852,LOC-07,SVC-01,2025-11-14,16,False,Priority,23.1,0,4,0,11,0,46,105
APT-001853,LOC-04,SVC-07,2025-11-14,5,False,Priority,17.6,0,4,0,11,0,46,105
APT-001854,LOC-01,SVC-06,2025-11-14,34,False,Priority,69.9,0,4,0,11,0,46,105
APT-001855,LOC-03,SVC-07,2025-11-16,17,False,Urgent,89.2,0,6,1,11,0,46,107
APT-001856,LOC-01,SVC-03,2025-11-15,25,False,Routine,8.4,0,5,1,11,0,46,106
APT-001861,LOC-04,SVC-05,2025-11-15,15,False,Routine,36.3,0,5,1,11,0,46,106
APT-001862,LOC-04,SVC-01,2025-11-15,21,False,Routine,12.5,0,5,1,11,0,46,106
APT-001863,LOC-07,SVC-04,2025-11-16,31,False,Routine,17.1,0,6,1,11,0,46,107
APT-001864,LOC-07,SVC-04,2025-11-15,47,False,Urgent,18.3,0,5,1,11,0,46,106
APT-001865,LOC-05,SVC-02,2025-11-15,14,False,Priority,32.2,0,5,1,11,0,46,106
APT-001866,LOC-02,SVC-09,2025-11-16,25,False,Priority,63.8,0,6,1,11,0,46,107
APT-001869,LOC-09,SVC-06,2025-11-16,20,False,Urgent,35.0,0,6,1,11,0,46,107
APT-001870,LOC-09,SVC-07,2025-11-16,50,False,Emergency,88.4,0,6,1,11,0,46,107
APT-001871,LOC-03,SVC-01,2025-11-17,11,False,Routine,19.0,0,0,0,11,0,47,108
APT-001872,LOC-07,SVC-05,2025-11-18,18,False,Priority,88.9,0,1,0,11,0,47,109
APT-001873,LOC-08,SVC-09,2025-11-16,23,False,Routine,15.4,0,6,1,11,0,46,107
APT-001876,LOC-07,SVC-06,2025-11-18,9,False,Routine,6.3,0,1,0,11,0,47,109
APT-001878,LOC-08,SVC-05,2025-11-18,19,False,Priority,34.8,0,1,0,11,0,47,109
APT-001879,LOC-08,SVC-04,2025-11-17,34,True,Priority,11.1,0,0,0,11,0,47,108
APT-001880,LOC-03,SVC-09,2025-11-18,8,False,Priority,82.7,0,1,0,11,0,47,109
APT-001881,LOC-05,SVC-04,2025-11-20,13,False,Routine,19.4,0,3,0,11,0,47,111
APT-001882,LOC-08,SVC-08,2025-11-20,19,False,Routine,65.5,0,3,0,11,0,47,111
APT-001883,LOC-07,SVC-03,2025-11-18,46,False,Routine,5.9,0,1,0,11,0,47,109
APT-001885,LOC-07,SVC-01,2025-11-17,13,False,Routine,6.5,0,0,0,11,0,47,108
APT-001888,LOC-09,SVC-04,2025-11-17,31,False,Urgent,31.7,0,0,0,11,0,47,108
APT-001892,LOC-10,SVC-03,2025-11-19,35,False,Routine,36.3,0,2,0,11,0,47,110
APT-001893,LOC-06,SVC-08,2025-11-18,14,False,Urgent,64.6,0,1,0,11,0,47,109
APT-001897,LOC-02,SVC-02,2025-11-18,3,False,Routine,11.2,0,1,0,11,0,47,109
APT-001898,LOC-01,SVC-01,2025-11-18,19,False,Routine,58.0,0,1,0,11,0,47,109
APT-001899,LOC-02,SVC-05,2025-11-19,19,False,Urgent,49.0,0,2,0,11,0,47,110
APT-001900,LOC-08,SVC-07,2025-11-19,24,False,Priority,47.0,0,2,0,11,0,47,110
APT-001901,LOC-07,SVC-08,2025-11-19,39,False,Routine,7.0,0,2,0,11,0,47,110
APT-001902,LOC-07,SVC-02,2025-11-18,37,False,Priority,41.7,0,1,0,11,0,47,109
APT-001903,LOC-01,SVC-01,2025-11-20,37,False,Priority,58.3,0,3,0,11,0,47,111
APT-001906,LOC-05,SVC-01,2025-11-18,4,False,Routine,63.4,0,1,0,11,0,47,109
APT-001907,LOC-08,SVC-07,2025-11-19,29,False,Routine,39.1,0,2,0,11,0,47,110
APT-001909,LOC-07,SVC-01,2025-11-20,28,False,Routine,38.8,0,3,0,11,0,47,111
APT-001910,LOC-01,SVC-06,2025-11-19,25,False,Urgent,54.7,0,2,0,11,0,47,110
APT-001912,LOC-03,SVC-02,2025-11-18,35,True,Priority,12.4,0,1,0,11,0,47,109
APT-001914,LOC-07,SVC-09,2025-11-18,41,False,Priority,39.3,0,1,0,11,0,47,109
APT-001915,LOC-04,SVC-09,2025-11-20,22,False,Routine,10.4,0,3,0,11,0,47,111
APT-001916,LOC-03,SVC-04,2025-11-19,39,False,Routine,46.6,0,2,0,11,0,47,110
APT-001917,LOC-03,SVC-03,2025-11-18,12,False,Priority,19.3,0,1,0,11,0,47,109
APT-001919,LOC-10,SVC-01,2025-11-18,37,False,Priority,10.7,0,1,0,11,0,47,109
APT-001921,LOC-01,SVC-01,2025-11-18,18,False,Emergency,36.3,0,1,0,11,0,47,109
APT-001923,LOC-07,SVC-06,2025-11-19,20,True,Urgent,61.1,0,2,0,11,0,47,110
APT-001924,LOC-10,SVC-03,2025-11-19,23,False,Routine,36.3,0,2,0,11,0,47,110
APT-001925,LOC-01,SVC-05,2025-11-21,3,False,Routine,16.4,0,4,0,11,0,47,112
APT-001927,LOC-06,SVC-09,2025-11-19,4,False,Urgent,63.2,0,2,0,11,0,47,110
APT-001928,LOC-07,SVC-09,2025-11-20,23,False,Routine,17.3,0,3,0,11,0,47,111
APT-001932,LOC-08,SVC-03,2025-11-20,19,False,Routine,36.3,0,3,0,11,0,47,111
APT-001933,LOC-09,SVC-05,2025-11-19,29,False,Priority,62.4,0,2,0,11,0,47,110
APT-001938,LOC-10,SVC-07,2025-11-20,8,False,Priority,45.1,0,3,0,11,0,47,111
APT-001939,LOC-03,SVC-05,2025-11-21,21,False,Urgent,40.8,0,4,0,11,0,47,112
APT-001941,LOC-09,SVC-02,2025-11-21,23,False,Priority,66.6,0,4,0,11,0,47,112
APT-001943,LOC-09,SVC-03,2025-11-20,6,False,Routine,4.7,0,3,0,11,0,47,111
APT-001944,LOC-09,SVC-02,2025-11-20,10,False,Priority,10.6,0,3,0,11,0,47,111
APT-001945,LOC-01,SVC-09,2025-11-21,3,False,Routine,1.0,0,4,0,11,0,47,112
APT-001947,LOC-09,SVC-09,2025-11-21,44,False,Priority,57.0,0,4,0,11,0,47,112
APT-001948,LOC-07,SVC-08,2025-11-22,75,False,Priority,39.8,0,5,1,11,0,47,113
APT-001949,LOC-03,SVC-06,2025-11-21,21,False,Routine,4.1,0,4,0,11,0,47,112
APT-001951,LOC-09,SVC-01,2025-11-21,21,False,Priority,31.7,0,4,0,11,0,47,112
APT-001956,LOC-01,SVC-05,2025-11-20,25,False,Priority,41.6,0,3,0,11,0,47,111
APT-001957,LOC-07,SVC-01,2025-11-21,15,False,Routine,66.1,0,4,0,11,0,47,112
APT-001960,LOC-03,SVC-04,2025-11-21,4,False,Urgent,88.2,0,4,0,11,0,47,112
APT-001964,LOC-10,SVC-01,2025-11-21,10,False,Priority,6.7,0,4,0,11,0,47,112
APT-001965,LOC-01,SVC-07,2025-11-21,45,False,Urgent,62.3,0,4,0,11,0,47,112
APT-001966,LOC-07,SVC-01,2025-11-22,3,False,Urgent,30.5,0,5,1,11,0,47,113
APT-001968,LOC-03,SVC-01,2025-11-22,6,False,Routine,23.2,0,5,1,11,0,47,113
APT-001969,LOC-09,SVC-09,2025-11-21,23,False,Priority,66.8,0,4,0,11,0,47,112
APT-001971,LOC-10,SVC-01,2025-11-21,35,False,Urgent,34.5,0,4,0,11,0,47,112
APT-001972,LOC-06,SVC-03,2025-11-21,21,False,Urgent,29.5,0,4,0,11,0,47,112
APT-001977,LOC-06,SVC-06,2025-11-23,21,False,Routine,50.6,0,6,1,11,0,47,114
APT-001978,LOC-02,SVC-01,2025-11-24,37,False,Routine,36.5,0,0,0,11,0,48,115
APT-001984,LOC-10,SVC-01,2025-11-22,28,False,Routine,12.3,0,5,1,11,0,47,113
APT-001985,LOC-09,SVC-07,2025-11-23,36,False,Routine,39.0,0,6,1,11,0,47,114
APT-001987,LOC-02,SVC-02,2025-11-24,13,False,Routine,41.1,0,0,0,11,0,48,115
APT-001990,LOC-09,SVC-01,2025-11-23,3,False,Routine,42.1,0,6,1,11,0,47,114
APT-001991,LOC-04,SVC-05,2025-11-23,8,False,Routine,8.5,0,6,1,11,0,47,114
APT-001992,LOC-10,SVC-03,2025-11-23,25,False,Priority,19.3,0,6,1,11,0,47,114
APT-001993,LOC-02,SVC-03,2025-11-25,9,False,Urgent,64.7,0,1,0,11,0,48,116
APT-001994,LOC-10,SVC-08,2025-11-24,33,False,Priority,38.0,0,0,0,11,0,48,115
APT-001995,LOC-05,SVC-07,2025-11-24,20,False,Urgent,39.3,0,0,0,11,0,48,115
APT-001997,LOC-09,SVC-05,2025-11-24,67,False,Emergency,42.4,0,0,0,11,0,48,115
APT-001998,LOC-03,SVC-02,2025-11-24,9,False,Priority,20.9,0,0,0,11,0,48,115
APT-001999,LOC-08,SVC-01,2025-11-25,27,False,Routine,41.1,0,1,0,11,0,48,116
APT-002001,LOC-06,SVC-04,2025-11-26,41,False,Routine,25.7,0,2,0,11,0,48,117
APT-002003,LOC-07,SVC-05,2025-11-24,43,False,Priority,36.3,0,0,0,11,0,48,115
APT-002004,LOC-01,SVC-04,2025-11-24,23,True,Urgent,65.4,0,0,0,11,0,48,115
APT-002005,LOC-10,SVC-07,2025-11-28,8,False,Priority,36.3,0,4,0,11,0,48,119
APT-002006,LOC-06,SVC-05,2025-11-25,35,False,Routine,12.0,0,1,0,11,0,48,116
APT-002008,LOC-06,SVC-06,2025-11-26,3,False,Priority,92.9,0,2,0,11,0,48,117
APT-002009,LOC-07,SVC-01,2025-11-27,7,False,Routine,23.4,0,3,0,11,0,48,118
APT-002013,LOC-10,SVC-09,2025-11-27,25,False,Routine,25.5,0,3,0,11,0,48,118
APT-002014,LOC-02,SVC-01,2025-11-26,28,False,Priority,95.9,0,2,0,11,0,48,117
APT-002015,LOC-07,SVC-01,2025-11-26,46,False,Priority,39.7,0,2,0,11,0,48,117
APT-002017,LOC-08,SVC-05,2025-11-26,34,False,Priority,13.9,0,2,0,11,0,48,117
APT-002023,LOC-09,SVC-03,2025-11-26,17,False,Routine,17.1,0,2,0,11,0,48,117
APT-002026,LOC-02,SVC-09,2025-11-26,40,False,Priority,66.1,0,2,0,11,0,48,117
APT-002027,LOC-01,SVC-01,2025-11-26,29,False,Routine,52.2,0,2,0,11,0,48,117
APT-002028,LOC-10,SVC-07,2025-11-26,20,False,Routine,12.3,0,2,0,11,0,48,117
APT-002029,LOC-02,SVC-01,2025-11-25,38,False,Routine,36.3,0,1,0,11,0,48,116
APT-002030,LOC-05,SVC-01,2025-11-27,19,False,Priority,26.4,0,3,0,11,0,48,118
APT-002032,LOC-03,SVC-05,2025-11-27,28,False,Priority,9.2,0,3,0,11,0,48,118
APT-002033,LOC-06,SVC-05,2025-11-26,9,False,Priority,36.3,0,2,0,11,0,48,117
APT-002035,LOC-02,SVC-01,2025-11-26,7,False,Routine,9.2,0,2,0,11,0,48,117
APT-002037,LOC-02,SVC-01,2025-11-25,3,False,Emergency,16.8,0,1,0,11,0,48,116
APT-002038,LOC-01,SVC-09,2025-11-27,16,False,Routine,12.9,0,3,0,11,0,48,118
APT-002039,LOC-02,SVC-01,2025-11-25,13,False,Priority,90.8,0,1,0,11,0,48,116
APT-002040,LOC-09,SVC-01,2025-11-27,6,False,Routine,42.0,0,3,0,11,0,48,118
APT-002043,LOC-01,SVC-08,2025-11-26,16,False,Priority,37.3,0,2,0,11,0,48,117
APT-002045,LOC-09,SVC-04,2025-11-27,21,False,Priority,68.7,0,3,0,11,0,48,118
APT-002046,LOC-04,SVC-01,2025-11-27,17,False,Priority,64.4,0,3,0,11,0,48,118
APT-002048,LOC-05,SVC-06,2025-11-26,13,False,Emergency,74.1,0,2,0,11,0,48,117
APT-000012,LOC-07,SVC-09,2025-08-03,14,False,Priority,57.2,0,6,1,8,1,31,2
APT-000016,LOC-10,SVC-04,2025-08-01,39,False,Urgent,11.8,0,4,0,8,1,31,0
APT-000090,LOC-01,SVC-09,2025-08-06,35,False,Routine,10.0,0,2,0,8,1,32,5
APT-000091,LOC-09,SVC-05,2025-08-06,42,False,Routine,41.3,0,2,0,8,1,32,5
APT-000096,LOC-04,SVC-04,2025-08-07,17,False,Priority,62.7,0,3,0,8,1,32,6
APT-000102,LOC-05,SVC-07,2025-08-08,20,False,Routine,86.4,0,4,0,8,1,32,7
APT-000105,LOC-08,SVC-01,2025-08-09,35,False,Routine,12.4,0,5,1,8,1,32,8
APT-000108,LOC-06,SVC-05,2025-08-06,36,True,Emergency,38.9,0,2,0,8,1,32,5
APT-000109,LOC-02,SVC-06,2025-08-06,33,False,Priority,31.7,0,2,0,8,1,32,5
APT-000122,LOC-01,SVC-02,2025-08-08,25,False,Routine,32.1,0,4,0,8,1,32,7
APT-000129,LOC-10,SVC-06,2025-08-09,28,False,Priority,41.8,0,5,1,8,1,32,8
APT-000157,LOC-03,SVC-01,2025-08-08,30,False,Urgent,66.5,0,4,0,8,1,32,7
APT-000172,LOC-07,SVC-05,2025-08-10,3,False,Routine,59.6,0,6,1,8,1,32,9
APT-000219,LOC-03,SVC-09,2025-08-12,8,False,Routine,25.2,0,1,0,8,1,33,11
APT-000240,LOC-06,SVC-01,2025-08-13,22,False,Routine,43.1,0,2,0,8,1,33,12
APT-000259,LOC-02,SVC-08,2025-08-15,49,False,Routine,36.2,0,4,0,8,1,33,14
APT-000281,LOC-10,SVC-01,2025-08-16,16,False,Urgent,84.3,0,5,1,8,1,33,15
APT-000319,LOC-06,SVC-05,2025-08-21,27,False,Routine,8.9,0,3,0,8,1,34,20
APT-000368,LOC-04,SVC-02,2025-08-20,43,False,Routine,27.0,0,2,0,8,1,34,19
APT-000393,LOC-05,SVC-01,2025-08-21,12,False,Priority,57.9,0,3,0,8,1,34,20
APT-000399,LOC-08,SVC-05,2025-08-22,31,False,Routine,5.1,0,4,0,8,1,34,21
APT-000411,LOC-01,SVC-06,2025-08-22,9,False,Urgent,57.6,0,4,0,8,1,34,21
APT-000415,LOC-02,SVC-06,2025-08-22,13,False,Priority,30.6,0,4,0,8,1,34,21
APT-000452,LOC-09,SVC-01,2025-08-27,15,False,Routine,37.9,0,2,0,8,1,35,26
APT-000494,LOC-08,SVC-05,2025-08-28,11,False,Routine,18.9,0,3,0,8,1,35,27
APT-000507,LOC-07,SVC-08,2025-08-30,46,False,Priority,67.6,0,5,1,8,1,35,29
APT-000514,LOC-01,SVC-07,2025-08-27,5,False,Priority,36.3,0,2,0,8,1,35,26
APT-000553,LOC-06,SVC-08,2025-08-28,6,False,Routine,7.9,0,3,0,8,1,35,27
APT-000558,LOC-07,SVC-04,2025-09-02,6,True,Priority,67.2,0,1,0,9,0,36,32
APT-000594,LOC-06,SVC-01,2025-09-01,37,False,Priority,35.3,0,0,0,9,0,36,31
APT-000601,LOC-03,SVC-03,2025-09-03,7,False,Routine,46.3,0,2,0,9,0,36,33
APT-000608,LOC-02,SVC-07,2025-09-01,4,False,Routine,18.6,0,0,0,9,0,36,31
APT-000647,LOC-06,SVC-02,2025-09-05,38,False,Priority,34.4,0,4,0,9,0,36,35
APT-000664,LOC-03,SVC-03,2025-09-05,36,False,Priority,12.3,0,4,0,9,0,36,35
APT-000689,LOC-01,SVC-09,2025-09-05,12,False,Priority,19.7,0,4,0,9,0,36,35
APT-000693,LOC-04,SVC-01,2025-09-08,32,False,Priority,40.3,0,0,0,9,0,37,38
APT-000694,LOC-10,SVC-01,2025-09-06,21,False,Routine,37.7,0,5,1,9,0,36,36
APT-000701,LOC-06,SVC-02,2025-09-06,3,False,Priority,59.3,0,5,1,9,0,36,36
APT-000736,LOC-07,SVC-09,2025-09-09,53,False,Routine,63.2,0,1,0,9,0,37,39
APT-000739,LOC-06,SVC-01,2025-09-09,12,False,Routine,10.3,0,1,0,9,0,37,39
APT-000740,LOC-04,SVC-03,2025-09-10,19,False,Routine,21.1,0,2,0,9,0,37,40
APT-000770,LOC-03,SVC-02,2025-09-10,3,False,Priority,39.4,0,2,0,9,0,37,40
APT-000783,LOC-04,SVC-06,2025-09-11,22,False,Emergency,55.9,0,3,0,9,0,37,41
APT-000795,LOC-07,SVC-03,2025-09-11,31,False,Urgent,17.6,0,3,0,9,0,37,41
APT-000802,LOC-05,SVC-06,2025-09-13,30,False,Routine,6.2,0,5,1,9,0,37,43
APT-000811,LOC-02,SVC-02,2025-09-13,35,False,Routine,27.4,0,5,1,9,0,37,43
APT-000819,LOC-06,SVC-07,2025-09-12,3,False,Routine,14.3,0,4,0,9,0,37,42
APT-000834,LOC-09,SVC-02,2025-09-18,32,False,Routine,69.5,0,3,0,9,0,38,48
APT-000842,LOC-10,SVC-01,2025-09-17,22,False,Priority,58.1,0,2,0,9,0,38,47
APT-000848,LOC-06,SVC-06,2025-09-16,38,False,Urgent,99.0,0,1,0,9,0,38,46
APT-000870,LOC-05,SVC-08,2025-09-17,32,False,Routine,36.3,0,2,0,9,0,38,47
APT-000882,LOC-03,SVC-03,2025-09-17,26,False,Routine,36.3,0,2,0,9,0,38,47
APT-000917,LOC-08,SVC-07,2025-09-18,14,False,Routine,10.9,0,3,0,9,0,38,48
APT-000918,LOC-06,SVC-01,2025-09-19,37,False,Urgent,38.0,0,4,0,9,0,38,49
APT-000931,LOC-03,SVC-07,2025-09-19,7,False,Emergency,87.4,0,4,0,9,0,38,49
APT-000940,LOC-04,SVC-08,2025-09-19,6,False,Routine,22.4,0,4,0,9,0,38,49
APT-000952,LOC-01,SVC-07,2025-09-21,25,False,Routine,69.6,0,6,1,9,0,38,51
APT-000971,LOC-01,SVC-02,2025-09-23,29,False,Priority,42.1,0,1,0,9,0,39,53
APT-000974,LOC-04,SVC-01,2025-09-22,27,False,Urgent,65.4,0,0,0,9,0,39,52
APT-000986,LOC-01,SVC-02,2025-09-23,3,True,Urgent,63.4,0,1,0,9,0,39,53
APT-000987,LOC-03,SVC-02,2025-09-23,18,False,Routine,12.9,0,1,0,9,0,39,53
APT-001050,LOC-09,SVC-01,2025-09-27,30,False,Routine,27.2,0,5,1,9,0,39,57
APT-001066,LOC-01,SVC-07,2025-09-28,3,False,Priority,36.3,0,6,1,9,0,39,58
APT-001088,LOC-08,SVC-05,2025-10-03,32,False,Routine,23.3,0,4,0,10,0,40,63
APT-001089,LOC-09,SVC-01,2025-09-30,39,False,Priority,55.9,0,1,0,9,0,40,60
APT-001103,LOC-08,SVC-01,2025-10-04,3,False,Priority,14.3,0,5,1,10,0,40,64
APT-001137,LOC-06,SVC-09,2025-10-04,31,False,Routine,7.3,0,5,1,10,0,40,64
APT-001138,LOC-05,SVC-07,2025-10-04,16,False,Urgent,34.2,0,5,1,10,0,40,64
APT-001163,LOC-02,SVC-07,2025-10-04,34,False,Routine,10.0,0,5,1,10,0,40,64
APT-001187,LOC-07,SVC-03,2025-10-06,43,False,Priority,13.3,0,0,0,10,0,41,66
APT-001199,LOC-08,SVC-05,2025-10-08,44,False,Routine,65.8,0,2,0,10,0,41,68
APT-001210,LOC-10,SVC-03,2025-10-07,26,False,Urgent,18.3,0,1,0,10,0,41,67
APT-001214,LOC-10,SVC-02,2025-10-08,27,False,Priority,5.3,0,2,0,10,0,41,68
APT-001250,LOC-06,SVC-03,2025-10-09,36,False,Priority,11.5,0,3,0,10,0,41,69
APT-001279,LOC-08,SVC-05,2025-10-15,15,False,Routine,55.9,0,2,0,10,0,42,75
APT-001288,LOC-10,SVC-04,2025-10-12,19,False,Routine,18.2,0,6,1,10,0,41,72
APT-001294,LOC-08,SVC-04,2025-10-13,16,False,Routine,22.2,0,0,0,10,0,42,73
APT-001351,LOC-03,SVC-07,2025-10-17,29,False,Routine,23.1,0,4,0,10,0,42,77
APT-001355,LOC-02,SVC-05,2025-10-15,27,False,Urgent,7.9,0,2,0,10,0,42,75
APT-001356,LOC-01,SVC-01,2025-10-15,30,False,Priority,36.3,0,2,0,10,0,42,75
APT-001357,LOC-07,SVC-02,2025-10-16,29,False,Routine,7.0,0,3,0,10,0,42,76
APT-001361,LOC-02,SVC-02,2025-10-17,14,False,Routine,35.3,0,4,0,10,0,42,77
APT-001366,LOC-01,SVC-06,2025-10-16,18,False,Priority,22.5,0,3,0,10,0,42,76
APT-001368,LOC-07,SVC-02,2025-10-19,36,False,Routine,28.0,0,6,1,10,0,42,79
APT-001377,LOC-08,SVC-01,2025-10-17,28,False,Routine,32.0,0,4,0,10,0,42,77
APT-001392,LOC-03,SVC-01,2025-10-20,22,False,Routine,50.6,0,0,0,10,0,43,80
APT-001452,LOC-01,SVC-07,2025-10-22,35,False,Routine,16.3,0,2,0,10,0,43,82
APT-001456,LOC-07,SVC-07,2025-10-25,52,False,Routine,43.5,0,5,1,10,0,43,85
APT-001463,LOC-06,SVC-02,2025-10-26,6,False,Routine,9.6,0,6,1,10,0,43,86
APT-001476,LOC-01,SVC-01,2025-10-26,19,False,Routine,81.1,0,6,1,10,0,43,86
APT-001485,LOC-04,SVC-07,2025-10-24,24,False,Urgent,37.4,0,4,0,10,0,43,84
APT-001496,LOC-06,SVC-02,2025-10-24,23,False,Routine,16.7,0,4,0,10,0,43,84
APT-001499,LOC-06,SVC-02,2025-10-25,24,False,Priority,14.3,0,5,1,10,0,43,85
APT-001503,LOC-10,SVC-06,2025-10-30,39,False,Routine,26.9,0,3,0,10,0,44,90
APT-001523,LOC-04,SVC-05,2025-10-27,24,False,Emergency,55.8,0,0,0,10,0,44,87
APT-001532,LOC-02,SVC-06,2025-10-27,5,False,Priority,46.1,0,0,0,10,0,44,87
APT-001567,LOC-04,SVC-01,2025-10-28,20,False,Routine,66.2,0,1,0,10,0,44,88
APT-001589,LOC-08,SVC-09,2025-11-01,30,False,Priority,64.6,0,5,1,11,0,44,92
APT-001595,LOC-03,SVC-03,2025-11-02,27,False,Priority,36.1,0,6,1,11,0,44,93
APT-001610,LOC-06,SVC-03,2025-10-31,22,False,Urgent,24.5,0,4,0,10,0,44,91
APT-001624,LOC-04,SVC-07,2025-10-31,11,False,Priority,3.0,0,4,0,10,0,44,91
APT-001627,LOC-01,SVC-05,2025-11-03,3,False,Routine,41.3,0,0,0,11,0,45,94
APT-001632,LOC-10,SVC-04,2025-11-04,29,False,Urgent,44.2,0,1,0,11,0,45,95
APT-001635,LOC-02,SVC-02,2025-11-02,20,False,Priority,35.7,0,6,1,11,0,44,93
APT-001663,LOC-05,SVC-01,2025-11-04,34,False,Routine,33.8,0,1,0,11,0,45,95
APT-001688,LOC-06,SVC-01,2025-11-05,24,False,Routine,3.0,0,2,0,11,0,45,96
APT-001703,LOC-05,SVC-02,2025-11-06,30,False,Routine,43.3,0,3,0,11,0,45,97
APT-001721,LOC-07,SVC-03,2025-11-09,50,False,Routine,39.2,0,6,1,11,0,45,100
APT-001753,LOC-07,SVC-02,2025-11-10,23,False,Routine,43.6,0,0,0,11,0,46,101
APT-001762,LOC-09,SVC-07,2025-11-12,3,False,Priority,41.3,0,2,0,11,0,46,103
APT-001773,LOC-10,SVC-08,2025-11-11,38,False,Routine,17.4,0,1,0,11,0,46,102
APT-001794,LOC-01,SVC-04,2025-11-12,10,False,Priority,34.5,0,2,0,11,0,46,103
APT-001806,LOC-07,SVC-01,2025-11-12,36,False,Routine,32.1,0,2,0,11,0,46,103
APT-001811,LOC-05,SVC-02,2025-11-13,23,False,Priority,54.8,0,3,0,11,0,46,104
APT-001816,LOC-06,SVC-06,2025-11-13,28,False,Urgent,26.4,0,3,0,11,0,46,104
APT-001827,LOC-02,SVC-03,2025-11-13,23,False,Urgent,76.7,0,3,0,11,0,46,104
APT-001835,LOC-04,SVC-02,2025-11-15,12,False,Urgent,84.1,0,5,1,11,0,46,106
APT-001837,LOC-10,SVC-03,2025-11-15,12,False,Routine,35.0,0,5,1,11,0,46,106
APT-001842,LOC-08,SVC-03,2025-11-15,43,False,Routine,13.2,0,5,1,11,0,46,106
APT-001858,LOC-07,SVC-04,2025-11-17,4,False,Routine,61.9,0,0,0,11,0,47,108
APT-001859,LOC-03,SVC-08,2025-11-14,30,False,Routine,56.2,0,4,0,11,0,46,105
APT-001889,LOC-06,SVC-04,2025-11-18,45,False,Routine,8.7,0,1,0,11,0,47,109
APT-001895,LOC-07,SVC-04,2025-11-17,16,False,Priority,64.8,0,0,0,11,0,47,108
APT-001896,LOC-02,SVC-04,2025-11-18,16,False,Routine,62.5,0,1,0,11,0,47,109
APT-001905,LOC-10,SVC-05,2025-11-18,29,False,Priority,13.3,0,1,0,11,0,47,109
APT-001926,LOC-05,SVC-01,2025-11-20,24,False,Priority,64.6,0,3,0,11,0,47,111
APT-001935,LOC-09,SVC-03,2025-11-21,39,False,Priority,36.7,0,4,0,11,0,47,112
APT-001958,LOC-05,SVC-02,2025-11-21,7,False,Routine,17.9,0,4,0,11,0,47,112
APT-001981,LOC-01,SVC-06,2025-11-22,7,False,Routine,7.5,0,5,1,11,0,47,113
APT-001989,LOC-03,SVC-04,2025-11-23,11,False,Priority,17.2,0,6,1,11,0,47,114
APT-002010,LOC-02,SVC-01,2025-11-25,30,False,Routine,61.0,0,1,0,11,0,48,116
APT-002018,LOC-06,SVC-06,2025-11-25,26,False,Emergency,30.6,0,1,0,11,0,48,116
APT-002019,LOC-08,SVC-01,2025-11-27,22,False,Routine,43.9,0,3,0,11,0,48,118
APT-002024,LOC-10,SVC-07,2025-11-25,49,False,Routine,48.6,0,1,0,11,0,48,116
APT-002036,LOC-10,SVC-01,2025-11-26,56,False,Routine,14.1,0,2,0,11,0,48,117
APT-002056,LOC-10,SVC-07,2025-11-28,29,False,Routine,38.4,1,4,0,11,0,48,119
APT-002057,LOC-06,SVC-02,2025-11-28,18,False,Priority,56.1,1,4,0,11,0,48,119
APT-002061,LOC-08,SVC-05,2025-11-28,21,True,Priority,23.8,1,4,0,11,0,48,119
APT-002072,LOC-01,SVC-09,2025-12-02,50,False,Routine,56.4,1,1,0,12,0,49,123
APT-002087,LOC-10,SVC-08,2025-11-30,32,False,Priority,59.3,1,6,1,11,0,48,121
APT-002090,LOC-07,SVC-03,2025-11-30,54,False,Priority,19.6,1,6,1,11,0,48,121
APT-002093,LOC-07,SVC-03,2025-11-29,4,False,Routine,54.8,1,5,1,11,0,48,120
APT-002097,LOC-05,SVC-02,2025-11-29,8,False,Priority,50.7,1,5,1,11,0,48,120
APT-002098,LOC-10,SVC-01,2025-11-29,32,False,Routine,36.3,1,5,1,11,0,48,120
APT-002100,LOC-01,SVC-01,2025-11-30,33,False,Routine,40.5,1,6,1,11,0,48,121
APT-002103,LOC-02,SVC-06,2025-11-29,3,False,Routine,38.6,1,5,1,11,0,48,120
APT-002106,LOC-08,SVC-02,2025-11-30,34,False,Priority,86.4,1,6,1,11,0,48,121
APT-002109,LOC-08,SVC-02,2025-11-29,52,False,Priority,19.8,1,5,1,11,0,48,120
APT-002110,LOC-04,SVC-07,2025-12-01,22,False,Routine,58.7,1,0,0,12,0,49,122
APT-002114,LOC-01,SVC-02,2025-12-01,29,False,Routine,24.9,1,0,0,12,0,49,122
APT-002115,LOC-09,SVC-03,2025-12-02,28,False,Priority,68.2,1,1,0,12,0,49,123
APT-002118,LOC-02,SVC-01,2025-12-02,3,False,Priority,66.2,1,1,0,12,0,49,123
APT-002125,LOC-06,SVC-09,2025-12-01,12,False,Routine,17.8,1,0,0,12,0,49,122
APT-002126,LOC-07,SVC-01,2025-12-02,50,False,Routine,13.8,1,1,0,12,0,49,123
APT-002128,LOC-05,SVC-01,2025-12-04,27,False,Routine,55.5,1,3,0,12,0,49,125
APT-002131,LOC-09,SVC-01,2025-12-01,39,False,Priority,63.9,1,0,0,12,0,49,122
APT-002134,LOC-05,SVC-06,2025-12-01,3,False,Urgent,63.6,1,0,0,12,0,49,122
APT-002135,LOC-07,SVC-06,2025-12-03,19,False,Routine,36.3,1,2,0,12,0,49,124
APT-002143,LOC-03,SVC-07,2025-12-04,46,False,Urgent,67.1,1,3,0,12,0,49,125
APT-002151,LOC-02,SVC-02,2025-12-02,42,False,Routine,14.3,1,1,0,12,0,49,123
APT-002160,LOC-01,SVC-01,2025-12-03,13,False,Routine,26.4,1,2,0,12,0,49,124
APT-002162,LOC-10,SVC-05,2025-12-04,49,False,Routine,20.8,1,3,0,12,0,49,125
APT-002164,LOC-04,SVC-02,2025-12-03,20,False,Priority,11.7,1,2,0,12,0,49,124
APT-002166,LOC-09,SVC-02,2025-12-04,12,False,Routine,37.4,1,3,0,12,0,49,125
APT-002167,LOC-02,SVC-07,2025-12-03,36,False,Routine,12.9,1,2,0,12,0,49,124
APT-002174,LOC-05,SVC-07,2025-12-03,16,False,Routine,12.5,1,2,0,12,0,49,124
APT-002179,LOC-03,SVC-07,2025-12-05,7,False,Routine,23.2,1,4,0,12,0,49,126
APT-002180,LOC-07,SVC-06,2025-12-06,22,False,Routine,12.4,1,5,1,12,0,49,127
APT-002184,LOC-10,SVC-06,2025-12-05,13,False,Routine,16.2,1,4,0,12,0,49,126
APT-002191,LOC-03,SVC-05,2025-12-04,43,False,Routine,12.6,1,3,0,12,0,49,125
APT-002196,LOC-08,SVC-07,2025-12-05,3,False,Routine,12.2,1,4,0,12,0,49,126
APT-002197,LOC-01,SVC-05,2025-12-05,7,False,Routine,61.5,1,4,0,12,0,49,126
APT-002198,LOC-09,SVC-06,2025-12-04,17,False,Routine,1.0,1,3,0,12,0,49,125
APT-002202,LOC-07,SVC-01,2025-12-05,3,False,Routine,10.7,1,4,0,12,0,49,126
APT-002210,LOC-02,SVC-02,2025-12-05,39,False,Urgent,60.0,1,4,0,12,0,49,126
APT-002211,LOC-06,SVC-02,2025-12-07,59,False,Routine,22.0,1,6,1,12,0,49,128
APT-002214,LOC-09,SVC-08,2025-12-07,35,False,Routine,56.2,1,6,1,12,0,49,128
APT-002217,LOC-10,SVC-06,2025-12-05,74,False,Emergency,96.0,1,4,0,12,0,49,126
APT-002219,LOC-10,SVC-07,2025-12-05,5,False,Routine,42.0,1,4,0,12,0,49,126
APT-002222,LOC-01,SVC-01,2025-12-05,17,False,Routine,8.0,1,4,0,12,0,49,126
APT-002226,LOC-08,SVC-04,2025-12-06,18,False,Routine,10.0,1,5,1,12,0,49,127
APT-002228,LOC-03,SVC-03,2025-12-06,6,False,Priority,8.8,1,5,1,12,0,49,127
APT-002229,LOC-02,SVC-05,2025-12-05,18,False,Routine,40.4,1,4,0,12,0,49,126
APT-002230,LOC-04,SVC-04,2025-12-05,39,False,Priority,19.3,1,4,0,12,0,49,126
APT-002244,LOC-03,SVC-02,2025-12-07,17,False,Routine,9.8,1,6,1,12,0,49,128
APT-002245,LOC-02,SVC-05,2025-12-08,34,True,Routine,46.2,1,0,0,12,0,50,129
APT-002247,LOC-01,SVC-03,2025-12-08,4,False,Routine,38.3,1,0,0,12,0,50,129
APT-002248,LOC-10,SVC-03,2025-12-08,48,False,Priority,77.6,1,0,0,12,0,50,129
APT-002254,LOC-08,SVC-02,2025-12-08,3,False,Routine,18.4,1,0,0,12,0,50,129
APT-002257,LOC-10,SVC-02,2025-12-08,10,False,Routine,5.2,1,0,0,12,0,50,129
APT-002262,LOC-04,SVC-04,2025-12-09,24,False,Routine,23.6,1,1,0,12,0,50,130
APT-002269,LOC-01,SVC-05,2025-12-13,36,False,Priority,61.9,1,5,1,12,0,50,134
APT-002271,LOC-01,SVC-06,2025-12-09,27,False,Urgent,47.4,1,1,0,12,0,50,130
APT-002272,LOC-06,SVC-05,2025-12-08,23,False,Urgent,6.4,1,0,0,12,0,50,129
APT-002278,LOC-03,SVC-03,2025-12-10,22,False,Routine,64.7,1,2,0,12,0,50,131
APT-002280,LOC-01,SVC-03,2025-12-09,13,True,Routine,19.7,1,1,0,12,0,50,130
APT-002283,LOC-10,SVC-05,2025-12-12,3,True,Routine,23.0,1,4,0,12,0,50,133
APT-002285,LOC-02,SVC-05,2025-12-10,19,False,Priority,56.5,1,2,0,12,0,50,131
APT-002287,LOC-04,SVC-06,2025-12-09,21,False,Routine,40.1,1,1,0,12,0,50,130
APT-002292,LOC-09,SVC-04,2025-12-12,29,False,Routine,9.3,1,4,0,12,0,50,133
APT-002298,LOC-09,SVC-08,2025-12-11,27,False,Routine,38.5,1,3,0,12,0,50,132
APT-002307,LOC-03,SVC-01,2025-12-13,11,False,Routine,92.2,1,5,1,12,0,50,134
APT-002313,LOC-06,SVC-06,2025-12-12,38,False,Routine,8.2,1,4,0,12,0,50,133
APT-002315,LOC-10,SVC-09,2025-12-11,9,False,Priority,41.0,1,3,0,12,0,50,132
APT-002317,LOC-06,SVC-07,2025-12-12,11,False,Routine,13.1,1,4,0,12,0,50,133
APT-002318,LOC-07,SVC-02,2025-12-12,47,False,Routine,44.5,1,4,0,12,0,50,133
APT-002328,LOC-10,SVC-06,2025-12-13,37,False,Priority,33.4,1,5,1,12,0,50,134
APT-002330,LOC-04,SVC-07,2025-12-13,18,False,Routine,14.8,1,5,1,12,0,50,134
APT-002334,LOC-04,SVC-04,2025-12-15,10,False,Priority,22.0,1,0,0,12,0,51,136
APT-002337,LOC-02,SVC-01,2025-12-12,20,False,Priority,58.1,1,4,0,12,0,50,133
APT-002348,LOC-06,SVC-05,2025-12-15,41,False,Routine,7.7,1,0,0,12,0,51,136
APT-002349,LOC-06,SVC-02,2025-12-13,38,False,Urgent,62.6,1,5,1,12,0,50,134
APT-002366,LOC-10,SVC-02,2025-12-18,41,False,Routine,11.5,1,3,0,12,0,51,139
APT-002369,LOC-01,SVC-08,2025-12-17,28,True,Routine,72.9,1,2,0,12,0,51,138
APT-002370,LOC-04,SVC-01,2025-12-15,39,False,Routine,15.2,1,0,0,12,0,51,136
APT-002371,LOC-06,SVC-01,2025-12-16,61,False,Urgent,65.1,1,1,0,12,0,51,137
APT-002379,LOC-05,SVC-03,2025-12-16,3,False,Routine,9.7,1,1,0,12,0,51,137
APT-002382,LOC-07,SVC-03,2025-12-16,46,False,Priority,62.7,1,1,0,12,0,51,137
APT-002384,LOC-03,SVC-01,2025-12-15,30,False,Priority,43.2,1,0,0,12,0,51,136
APT-002393,LOC-09,SVC-02,2025-12-16,37,False,Emergency,40.9,1,1,0,12,0,51,137
APT-002400,LOC-02,SVC-02,2025-12-16,13,False,Urgent,20.1,1,1,0,12,0,51,137
APT-002403,LOC-03,SVC-03,2025-12-17,12,False,Routine,3.1,1,2,0,12,0,51,138
APT-002409,LOC-01,SVC-07,2025-12-17,16,False,Routine,62.1,1,2,0,12,0,51,138
APT-002414,LOC-06,SVC-01,2025-12-18,46,False,Routine,19.0,1,3,0,12,0,51,139
APT-002416,LOC-01,SVC-07,2025-12-18,18,False,Routine,18.5,1,3,0,12,0,51,139
APT-002424,LOC-01,SVC-05,2025-12-18,40,False,Routine,38.2,1,3,0,12,0,51,139
APT-002425,LOC-01,SVC-04,2025-12-20,18,False,Routine,64.2,1,5,1,12,0,51,141
APT-002426,LOC-04,SVC-02,2025-12-19,27,False,Priority,8.3,1,4,0,12,0,51,140
APT-002428,LOC-07,SVC-04,2025-12-18,36,False,Urgent,60.3,1,3,0,12,0,51,139
APT-002431,LOC-04,SVC-01,2025-12-19,3,False,Routine,54.2,1,4,0,12,0,51,140
APT-002434,LOC-02,SVC-04,2025-12-19,27,False,Priority,82.7,1,4,0,12,0,51,140
APT-002435,LOC-09,SVC-02,2025-12-19,36,False,Routine,14.6,1,4,0,12,0,51,140
APT-002440,LOC-05,SVC-07,2025-12-18,27,False,Routine,71.2,1,3,0,12,0,51,139
APT-002443,LOC-01,SVC-02,2025-12-20,34,False,Routine,39.2,1,5,1,12,0,51,141
APT-002446,LOC-09,SVC-06,2025-12-20,39,False,Priority,54.4,1,5,1,12,0,51,141
APT-002450,LOC-05,SVC-04,2025-12-19,3,False,Priority,39.8,1,4,0,12,0,51,140
APT-002455,LOC-04,SVC-02,2025-12-19,21,False,Routine,25.2,1,4,0,12,0,51,140
APT-002457,LOC-04,SVC-06,2025-12-21,22,False,Priority,34.1,1,6,1,12,0,51,142
APT-002461,LOC-03,SVC-06,2025-12-21,32,False,Routine,12.7,1,6,1,12,0,51,142
APT-002466,LOC-10,SVC-06,2025-12-20,12,False,Routine,13.0,1,5,1,12,0,51,141
APT-002467,LOC-03,SVC-01,2025-12-20,27,False,Routine,34.9,1,5,1,12,0,51,141
APT-002471,LOC-04,SVC-04,2025-12-23,20,False,Routine,11.1,1,1,0,12,0,52,144
APT-002473,LOC-08,SVC-02,2025-12-25,28,False,Routine,36.3,1,3,0,12,0,52,146
APT-002477,LOC-06,SVC-06,2025-12-22,50,False,Priority,55.7,1,0,0,12,0,52,143
APT-002481,LOC-02,SVC-06,2025-12-22,25,False,Routine,13.5,1,0,0,12,0,52,143
APT-002486,LOC-09,SVC-02,2025-12-22,33,False,Routine,21.5,1,0,0,12,0,52,143
APT-002487,LOC-02,SVC-09,2025-12-22,17,True,Priority,80.2,1,0,0,12,0,52,143
APT-002488,LOC-02,SVC-01,2025-12-22,27,False,Priority,65.5,1,0,0,12,0,52,143
APT-002489,LOC-05,SVC-06,2025-12-22,15,False,Urgent,78.3,1,0,0,12,0,52,143
APT-002507,LOC-03,SVC-02,2025-12-23,6,False,Routine,11.0,1,1,0,12,0,52,144
APT-002513,LOC-10,SVC-01,2025-12-24,38,False,Priority,19.0,1,2,0,12,0,52,145
APT-002516,LOC-06,SVC-06,2025-12-24,26,False,Urgent,50.3,1,2,0,12,0,52,145
APT-002521,LOC-05,SVC-02,2025-12-25,3,False,Routine,38.2,1,3,0,12,0,52,146
APT-002524,LOC-03,SVC-03,2025-12-25,28,False,Routine,19.3,1,3,0,12,0,52,146
APT-002525,LOC-07,SVC-01,2025-12-24,30,False,Emergency,66.1,1,2,0,12,0,52,145
APT-002528,LOC-10,SVC-01,2025-12-24,38,False,Routine,16.3,1,2,0,12,0,52,145
APT-002534,LOC-02,SVC-02,2025-12-24,29,False,Priority,94.7,1,2,0,12,0,52,145
APT-002538,LOC-03,SVC-02,2025-12-26,16,False,Routine,15.6,1,4,0,12,0,52,147
APT-002541,LOC-07,SVC-07,2025-12-26,45,False,Routine,37.4,1,4,0,12,0,52,147
APT-002547,LOC-06,SVC-07,2025-12-27,27,False,Routine,21.1,1,5,1,12,0,52,148
APT-002559,LOC-09,SVC-07,2025-12-27,36,False,Urgent,28.0,1,5,1,12,0,52,148
APT-002563,LOC-07,SVC-02,2025-12-28,22,False,Routine,10.0,1,6,1,12,0,52,149
APT-002567,LOC-01,SVC-07,2025-12-26,42,False,Routine,43.7,1,4,0,12,0,52,147
APT-002569,LOC-04,SVC-09,2025-12-26,17,False,Priority,71.2,1,4,0,12,0,52,147
APT-002570,LOC-03,SVC-02,2025-12-29,10,False,Routine,36.3,1,0,0,12,0,1,150
APT-002574,LOC-07,SVC-07,2025-12-26,36,False,Routine,19.6,1,4,0,12,0,52,147
APT-002576,LOC-10,SVC-06,2025-12-26,27,False,Priority,66.6,1,4,0,12,0,52,147
APT-002579,LOC-03,SVC-01,2025-12-27,15,False,Routine,12.9,1,5,1,12,0,52,148
APT-002581,LOC-01,SVC-05,2025-12-28,22,False,Routine,50.8,1,6,1,12,0,52,149
APT-002590,LOC-01,SVC-06,2025-12-29,35,False,Priority,63.2,1,0,0,12,0,1,150
APT-002591,LOC-09,SVC-01,2025-12-29,20,False,Routine,11.1,1,0,0,12,0,1,150
APT-002592,LOC-08,SVC-03,2025-12-30,50,False,Priority,41.8,1,1,0,12,0,1,151
APT-002594,LOC-08,SVC-05,2025-12-28,37,False,Routine,5.7,1,6,1,12,0,52,149
APT-002595,LOC-10,SVC-01,2025-12-29,23,False,Routine,70.3,1,0,0,12,0,1,150
APT-002597,LOC-08,SVC-02,2025-12-29,27,False,Priority,32.6,1,0,0,12,0,1,150
APT-002598,LOC-07,SVC-06,2025-12-29,3,False,Routine,17.4,1,0,0,12,0,1,150
APT-002602,LOC-01,SVC-01,2025-12-29,29,False,Priority,65.6,1,0,0,12,0,1,150
APT-002608,LOC-01,SVC-05,2025-12-30,20,False,Routine,34.5,1,1,0,12,0,1,151
APT-002620,LOC-08,SVC-05,2025-12-30,36,False,Priority,22.2,1,1,0,12,0,1,151
APT-002622,LOC-06,SVC-08,2025-12-30,5,False,Priority,7.6,1,1,0,12,0,1,151
APT-002624,LOC-07,SVC-02,2025-12-31,3,True,Routine,77.8,1,2,0,12,0,1,152
APT-002627,LOC-09,SVC-02,2025-12-30,29,False,Routine,41.4,1,1,0,12,0,1,151
APT-002628,LOC-02,SVC-04,2025-12-30,26,False,Priority,86.1,1,1,0,12,0,1,151
APT-002630,LOC-06,SVC-02,2025-12-31,30,False,Urgent,46.9,1,2,0,12,0,1,152
APT-002632,LOC-10,SVC-04,2025-12-31,48,False,Routine,88.9,1,2,0,12,0,1,152
APT-002638,LOC-08,SVC-01,2026-01-02,38,False,Urgent,84.7,1,4,0,1,0,1,154
APT-002642,LOC-02,SVC-03,2025-12-31,32,False,Urgent,87.3,1,2,0,12,0,1,152
APT-002650,LOC-06,SVC-02,2026-01-01,3,False,Priority,42.0,1,3,0,1,0,1,153
APT-002653,LOC-10,SVC-02,2026-01-01,19,False,Routine,24.5,1,3,0,1,0,1,153
APT-002654,LOC-06,SVC-05,2026-01-02,14,False,Routine,19.3,1,4,0,1,0,1,154
APT-002658,LOC-10,SVC-03,2026-01-01,9,False,Priority,66.7,1,3,0,1,0,1,153
APT-002659,LOC-08,SVC-02,2025-12-31,22,False,Emergency,35.6,1,2,0,12,0,1,152
APT-002662,LOC-01,SVC-07,2025-12-31,18,False,Routine,42.5,1,2,0,12,0,1,152
APT-002663,LOC-07,SVC-03,2026-01-01,35,False,Routine,21.5,1,3,0,1,0,1,153
APT-002664,LOC-06,SVC-07,2026-01-04,3,False,Routine,33.0,1,6,1,1,0,1,156
APT-002671,LOC-06,SVC-07,2026-01-02,29,False,Routine,13.0,1,4,0,1,0,1,154
APT-002674,LOC-05,SVC-08,2026-01-02,24,False,Routine,27.2,1,4,0,1,0,1,154
APT-002675,LOC-02,SVC-09,2026-01-02,16,False,Routine,15.8,1,4,0,1,0,1,154
APT-002677,LOC-01,SVC-02,2026-01-03,17,False,Priority,39.0,1,5,1,1,0,1,155
APT-002678,LOC-07,SVC-09,2026-01-02,26,False,Routine,19.7,1,4,0,1,0,1,154
APT-002680,LOC-03,SVC-05,2026-01-02,19,False,Routine,36.0,1,4,0,1,0,1,154
APT-002686,LOC-10,SVC-06,2026-01-03,4,False,Priority,87.9,1,5,1,1,0,1,155
APT-002688,LOC-09,SVC-05,2026-01-02,31,False,Routine,64.7,1,4,0,1,0,1,154
APT-002689,LOC-09,SVC-02,2026-01-02,32,False,Priority,19.6,1,4,0,1,0,1,154
APT-002691,LOC-08,SVC-04,2026-01-02,41,False,Emergency,40.4,1,4,0,1,0,1,154
APT-002692,LOC-06,SVC-02,2026-01-03,14,False,Urgent,36.3,1,5,1,1,0,1,155
APT-002693,LOC-03,SVC-02,2026-01-04,22,False,Routine,17.2,1,6,1,1,0,1,156
APT-002699,LOC-08,SVC-06,2026-01-03,27,False,Routine,37.0,1,5,1,1,0,1,155
APT-002703,LOC-08,SVC-03,2026-01-02,17,False,Routine,20.2,1,4,0,1,0,1,154
APT-002704,LOC-10,SVC-05,2026-01-05,43,False,Routine,8.0,1,0,0,1,0,2,157
APT-002707,LOC-04,SVC-02,2026-01-02,48,False,Urgent,36.5,1,4,0,1,0,1,154
APT-002708,LOC-03,SVC-06,2026-01-02,23,False,Priority,36.0,1,4,0,1,0,1,154
APT-002714,LOC-06,SVC-01,2026-01-05,51,False,Routine,71.1,1,0,0,1,0,2,157
APT-002721,LOC-07,SVC-01,2026-01-08,13,False,Routine,55.6,1,3,0,1,0,2,160
APT-002728,LOC-07,SVC-06,2026-01-05,40,True,Priority,99.0,1,0,0,1,0,2,157
APT-002729,LOC-05,SVC-01,2026-01-05,19,False,Routine,18.6,1,0,0,1,0,2,157
APT-002733,LOC-03,SVC-01,2026-01-05,34,False,Urgent,43.0,1,0,0,1,0,2,157
APT-002736,LOC-07,SVC-01,2026-01-06,19,False,Routine,19.2,1,1,0,1,0,2,158
APT-002743,LOC-08,SVC-03,2026-01-05,13,False,Routine,44.5,1,0,0,1,0,2,157
APT-002745,LOC-07,SVC-06,2026-01-07,38,False,Routine,36.3,1,2,0,1,0,2,159
APT-002746,LOC-01,SVC-01,2026-01-05,14,False,Urgent,83.1,1,0,0,1,0,2,157
APT-002749,LOC-02,SVC-01,2026-01-06,13,False,Routine,85.2,1,1,0,1,0,2,158
APT-002750,LOC-07,SVC-02,2026-01-06,9,False,Urgent,84.9,1,1,0,1,0,2,158
APT-002751,LOC-08,SVC-03,2026-01-06,17,False,Priority,10.0,1,1,0,1,0,2,158
APT-002757,LOC-09,SVC-06,2026-01-07,11,False,Routine,6.8,1,2,0,1,0,2,159
APT-002759,LOC-07,SVC-01,2026-01-07,14,False,Routine,35.9,1,2,0,1,0,2,159
APT-002774,LOC-10,SVC-05,2026-01-07,13,False,Routine,17.0,1,2,0,1,0,2,159
APT-002778,LOC-03,SVC-02,2026-01-07,14,False,Routine,18.6,1,2,0,1,0,2,159
APT-002781,LOC-09,SVC-06,2026-01-09,7,False,Routine,63.2,1,4,0,1,0,2,161
APT-002782,LOC-02,SVC-02,2026-01-09,3,False,Routine,54.2,1,4,0,1,0,2,161
APT-002783,LOC-08,SVC-04,2026-01-09,23,False,Routine,5.3,1,4,0,1,0,2,161
APT-002784,LOC-07,SVC-01,2026-01-08,34,False,Routine,44.7,1,3,0,1,0,2,160
APT-002789,LOC-01,SVC-06,2026-01-10,37,False,Routine,69.9,1,5,1,1,0,2,162
APT-002790,LOC-07,SVC-01,2026-01-08,3,False,Priority,8.6,1,3,0,1,0,2,160
APT-002792,LOC-03,SVC-05,2026-01-09,34,True,Routine,10.6,1,4,0,1,0,2,161
APT-002793,LOC-03,SVC-04,2026-01-08,12,False,Routine,9.8,1,3,0,1,0,2,160
APT-002794,LOC-06,SVC-06,2026-01-10,17,False,Routine,40.7,1,5,1,1,0,2,162
APT-002804,LOC-01,SVC-05,2026-01-08,16,False,Emergency,65.7,1,3,0,1,0,2,160
APT-002808,LOC-02,SVC-02,2026-01-09,18,False,Priority,30.9,1,4,0,1,0,2,161
APT-002810,LOC-06,SVC-02,2026-01-10,31,False,Routine,10.4,1,5,1,1,0,2,162
APT-002811,LOC-02,SVC-04,2026-01-10,18,False,Priority,65.3,1,5,1,1,0,2,162
APT-002813,LOC-07,SVC-02,2026-01-10,24,False,Routine,37.2,1,5,1,1,0,2,162
APT-002816,LOC-06,SVC-06,2026-01-09,26,False,Urgent,37.0,1,4,0,1,0,2,161
APT-002817,LOC-05,SVC-01,2026-01-10,31,False,Routine,27.9,1,5,1,1,0,2,162
APT-002823,LOC-03,SVC-02,2026-01-10,11,False,Priority,42.4,1,5,1,1,0,2,162
APT-002824,LOC-08,SVC-06,2026-01-12,3,False,Routine,34.5,1,0,0,1,0,3,164
APT-002827,LOC-06,SVC-07,2026-01-10,33,False,Routine,36.3,1,5,1,1,0,2,162
APT-002835,LOC-07,SVC-01,2026-01-11,25,False,Priority,59.1,1,6,1,1,0,2,163
APT-002837,LOC-04,SVC-07,2026-01-11,32,False,Routine,38.1,1,6,1,1,0,2,163
APT-002838,LOC-01,SVC-01,2026-01-12,24,False,Routine,34.5,1,0,0,1,0,3,164
APT-002840,LOC-09,SVC-05,2026-01-12,23,False,Routine,60.8,1,0,0,1,0,3,164
APT-002848,LOC-06,SVC-02,2026-01-13,28,True,Priority,61.1,1,1,0,1,0,3,165
APT-002851,LOC-07,SVC-01,2026-01-13,32,False,Routine,68.9,1,1,0,1,0,3,165
APT-002853,LOC-06,SVC-03,2026-01-13,43,False,Routine,35.0,1,1,0,1,0,3,165
APT-002855,LOC-05,SVC-03,2026-01-12,36,False,Routine,37.9,1,0,0,1,0,3,164
APT-002859,LOC-10,SVC-01,2026-01-12,3,False,Routine,63.3,1,0,0,1,0,3,164
APT-002862,LOC-08,SVC-04,2026-01-12,17,False,Routine,11.1,1,0,0,1,0,3,164
APT-002866,LOC-07,SVC-01,2026-01-14,52,False,Priority,12.5,1,2,0,1,0,3,166
APT-002867,LOC-06,SVC-06,2026-01-15,52,False,Priority,30.4,1,3,0,1,0,3,167
APT-002875,LOC-07,SVC-06,2026-01-13,44,False,Routine,4.4,1,1,0,1,0,3,165
APT-002877,LOC-07,SVC-07,2026-01-13,41,False,Routine,6.1,1,1,0,1,0,3,165
APT-002880,LOC-05,SVC-05,2026-01-14,32,False,Routine,36.3,1,2,0,1,0,3,166
APT-002881,LOC-10,SVC-03,2026-01-16,50,False,Routine,67.7,1,4,0,1,0,3,168
APT-002882,LOC-04,SVC-02,2026-01-14,17,False,Routine,10.5,1,2,0,1,0,3,166
APT-002883,LOC-02,SVC-04,2026-01-16,13,False,Routine,37.7,1,4,0,1,0,3,168
APT-002886,LOC-06,SVC-01,2026-01-16,5,False,Priority,73.5,1,4,0,1,0,3,168
APT-002889,LOC-08,SVC-01,2026-01-16,5,False,Routine,16.5,1,4,0,1,0,3,168
APT-002890,LOC-10,SVC-07,2026-01-14,34,False,Priority,7.8,1,2,0,1,0,3,166
APT-002896,LOC-09,SVC-06,2026-01-16,14,False,Routine,37.3,1,4,0,1,0,3,168
APT-002898,LOC-04,SVC-03,2026-01-15,23,True,Priority,76.6,1,3,0,1,0,3,167
APT-002902,LOC-06,SVC-04,2026-01-16,30,False,Routine,36.1,1,4,0,1,0,3,168
APT-002907,LOC-06,SVC-01,2026-01-15,43,False,Routine,36.3,1,3,0,1,0,3,167
APT-002913,LOC-09,SVC-03,2026-01-19,29,False,Routine,39.5,1,0,0,1,0,4,171
APT-002916,LOC-08,SVC-04,2026-01-16,37,False,Routine,4.9,1,4,0,1,0,3,168
APT-002920,LOC-07,SVC-04,2026-01-16,10,False,Priority,63.0,1,4,0,1,0,3,168
APT-002921,LOC-08,SVC-09,2026-01-15,32,False,Routine,6.8,1,3,0,1,0,3,167
APT-002928,LOC-06,SVC-02,2026-01-16,41,False,Priority,33.8,1,4,0,1,0,3,168
APT-002930,LOC-07,SVC-08,2026-01-17,62,False,Routine,66.7,1,5,1,1,0,3,169
APT-002931,LOC-05,SVC-04,2026-01-18,43,False,Priority,35.2,1,6,1,1,0,3,170
APT-002935,LOC-09,SVC-07,2026-01-16,44,False,Priority,43.0,1,4,0,1,0,3,168
APT-002942,LOC-09,SVC-09,2026-01-16,18,False,Routine,30.2,1,4,0,1,0,3,168
APT-002945,LOC-10,SVC-08,2026-01-16,49,False,Routine,36.2,1,4,0,1,0,3,168
APT-002950,LOC-09,SVC-04,2026-01-17,15,False,Routine,16.5,1,5,1,1,0,3,169
APT-002954,LOC-01,SVC-08,2026-01-17,61,False,Routine,48.9,1,5,1,1,0,3,169
APT-002960,LOC-07,SVC-03,2026-01-19,44,False,Routine,52.7,1,0,0,1,0,4,171
APT-002963,LOC-07,SVC-02,2026-01-18,28,False,Routine,17.3,1,6,1,1,0,3,170
APT-002966,LOC-10,SVC-04,2026-01-19,38,False,Routine,36.3,1,0,0,1,0,4,171
APT-002973,LOC-06,SVC-07,2026-01-23,63,False,Routine,34.5,1,4,0,1,0,4,175
APT-002977,LOC-10,SVC-01,2026-01-23,27,False,Routine,31.4,1,4,0,1,0,4,175
APT-002979,LOC-05,SVC-01,2026-01-19,12,False,Priority,30.6,1,0,0,1,0,4,171
APT-002983,LOC-10,SVC-04,2026-01-20,25,False,Urgent,95.6,1,1,0,1,0,4,172
APT-002987,LOC-08,SVC-02,2026-01-21,23,False,Routine,7.5,1,2,0,1,0,4,173
APT-002989,LOC-03,SVC-05,2026-01-21,10,False,Priority,77.3,1,2,0,1,0,4,173
APT-002990,LOC-08,SVC-02,2026-01-21,15,False,Routine,18.6,1,2,0,1,0,4,173
APT-002992,LOC-01,SVC-01,2026-01-20,32,False,Urgent,56.7,1,1,0,1,0,4,172
APT-002993,LOC-06,SVC-01,2026-01-20,38,False,Routine,16.2,1,1,0,1,0,4,172
APT-002994,LOC-01,SVC-02,2026-01-22,22,False,Routine,3.0,1,3,0,1,0,4,174
APT-003003,LOC-05,SVC-01,2026-01-20,3,False,Routine,64.0,1,1,0,1,0,4,172
APT-003007,LOC-03,SVC-03,2026-01-23,45,False,Priority,86.2,1,4,0,1,0,4,175
APT-003010,LOC-01,SVC-08,2026-01-22,23,False,Routine,77.6,1,3,0,1,0,4,174
APT-003017,LOC-06,SVC-02,2026-01-21,57,False,Priority,60.3,1,2,0,1,0,4,173
APT-003019,LOC-06,SVC-02,2026-01-23,38,False,Priority,70.6,1,4,0,1,0,4,175
APT-003022,LOC-02,SVC-02,2026-01-21,39,False,Routine,19.1,1,2,0,1,0,4,173
APT-003026,LOC-03,SVC-06,2026-01-21,15,False,Priority,43.2,1,2,0,1,0,4,173
APT-003027,LOC-06,SVC-03,2026-01-22,52,False,Priority,40.8,1,3,0,1,0,4,174
APT-003036,LOC-05,SVC-02,2026-01-23,17,False,Priority,28.2,1,4,0,1,0,4,175
APT-003041,LOC-06,SVC-06,2026-01-23,17,False,Routine,13.4,1,4,0,1,0,4,175
APT-003043,LOC-09,SVC-05,2026-01-24,45,False,Routine,19.3,1,5,1,1,0,4,176
APT-003046,LOC-05,SVC-07,2026-01-24,11,False,Routine,35.2,1,5,1,1,0,4,176
APT-003047,LOC-08,SVC-01,2026-01-23,31,False,Routine,12.9,1,4,0,1,0,4,175
APT-003048,LOC-04,SVC-06,2026-01-23,23,False,Routine,23.1,1,4,0,1,0,4,175
APT-003050,LOC-08,SVC-01,2026-01-23,32,False,Routine,11.9,1,4,0,1,0,4,175
APT-003054,LOC-08,SVC-02,2026-01-23,37,False,Urgent,37.3,1,4,0,1,0,4,175
APT-003055,LOC-02,SVC-06,2026-01-23,23,False,Priority,43.7,1,4,0,1,0,4,175
APT-003059,LOC-05,SVC-09,2026-01-24,14,False,Routine,44.6,1,5,1,1,0,4,176
APT-003060,LOC-05,SVC-02,2026-01-23,26,False,Priority,15.6,1,4,0,1,0,4,175
APT-003069,LOC-01,SVC-06,2026-01-24,35,False,Routine,40.7,1,5,1,1,0,4,176
APT-003074,LOC-09,SVC-02,2026-01-26,43,False,Routine,30.9,1,0,0,1,0,5,178
APT-003078,LOC-04,SVC-01,2026-01-26,9,False,Priority,37.4,1,0,0,1,0,5,178
APT-003082,LOC-01,SVC-02,2026-01-25,31,False,Routine,64.6,1,6,1,1,0,4,177
APT-003087,LOC-03,SVC-06,2026-01-26,31,False,Routine,23.5,1,0,0,1,0,5,178
APT-003090,LOC-08,SVC-01,2026-01-26,37,False,Routine,6.2,1,0,0,1,0,5,178
APT-003097,LOC-08,SVC-01,2026-01-26,30,False,Routine,33.3,1,0,0,1,0,5,178
APT-003098,LOC-05,SVC-02,2026-01-26,20,False,Priority,39.2,1,0,0,1,0,5,178
APT-003100,LOC-01,SVC-06,2026-01-27,34,False,Priority,33.1,1,1,0,1,0,5,179
APT-003102,LOC-06,SVC-02,2026-01-26,37,False,Urgent,12.3,1,0,0,1,0,5,178
APT-003103,LOC-02,SVC-01,2026-01-29,32,False,Routine,36.3,1,3,0,1,0,5,181
APT-003116,LOC-06,SVC-02,2026-01-29,25,False,Routine,40.5,1,3,0,1,0,5,181
APT-003130,LOC-07,SVC-06,2026-01-29,20,False,Routine,35.9,1,3,0,1,0,5,181
APT-003134,LOC-07,SVC-02,2026-01-31,18,False,Routine,41.9,1,5,1,1,0,5,183
APT-003137,LOC-06,SVC-04,2026-01-30,57,False,Priority,90.8,1,4,0,1,0,5,182
APT-003138,LOC-09,SVC-04,2026-01-28,39,False,Priority,38.2,1,2,0,1,0,5,180
APT-003142,LOC-06,SVC-01,2026-01-30,52,False,Routine,47.1,1,4,0,1,0,5,182
APT-003148,LOC-03,SVC-04,2026-01-28,18,False,Routine,60.9,1,2,0,1,0,5,180
APT-003155,LOC-06,SVC-01,2026-01-31,27,True,Routine,11.3,1,5,1,1,0,5,183
APT-003163,LOC-07,SVC-02,2026-01-29,10,False,Urgent,33.7,1,3,0,1,0,5,181
APT-003166,LOC-04,SVC-02,2026-01-30,7,False,Routine,27.6,1,4,0,1,0,5,182
APT-003169,LOC-08,SVC-02,2026-01-30,30,False,Routine,61.2,1,4,0,1,0,5,182
APT-003171,LOC-10,SVC-03,2026-01-29,44,False,Routine,71.4,1,3,0,1,0,5,181
APT-003179,LOC-10,SVC-07,2026-01-31,44,False,Routine,12.7,1,5,1,1,0,5,183
APT-003180,LOC-07,SVC-08,2026-02-02,23,False,Routine,10.4,1,0,0,2,0,6,185
APT-003184,LOC-09,SVC-07,2026-02-02,19,False,Priority,36.2,1,0,0,2,0,6,185
APT-003189,LOC-06,SVC-07,2026-01-30,45,False,Emergency,68.1,1,4,0,1,0,5,182
APT-003207,LOC-02,SVC-03,2026-02-01,20,False,Routine,30.1,1,6,1,2,0,5,184
APT-003211,LOC-03,SVC-05,2026-02-01,3,False,Priority,36.3,1,6,1,2,0,5,184
APT-003215,LOC-09,SVC-05,2026-02-03,42,False,Routine,38.4,1,1,0,2,0,6,186
APT-003218,LOC-10,SVC-05,2026-02-02,16,False,Priority,13.0,1,0,0,2,0,6,185
APT-003227,LOC-02,SVC-02,2026-02-03,21,False,Urgent,82.9,1,1,0,2,0,6,186
APT-003228,LOC-06,SVC-03,2026-02-03,38,False,Urgent,81.3,1,1,0,2,0,6,186
APT-003230,LOC-09,SVC-03,2026-02-03,53,False,Routine,30.9,1,1,0,2,0,6,186
APT-003233,LOC-04,SVC-02,2026-02-04,29,False,Routine,1.9,1,2,0,2,0,6,187
APT-003235,LOC-05,SVC-08,2026-02-03,44,False,Routine,26.0,1,1,0,2,0,6,186
APT-003236,LOC-02,SVC-01,2026-02-04,17,False,Routine,36.9,1,2,0,2,0,6,187
APT-003237,LOC-08,SVC-02,2026-02-03,44,False,Routine,15.1,1,1,0,2,0,6,186
APT-003248,LOC-07,SVC-06,2026-02-04,41,False,Priority,49.7,1,2,0,2,0,6,187
APT-003253,LOC-03,SVC-02,2026-02-05,3,False,Routine,66.0,1,3,0,2,0,6,188
APT-003257,LOC-06,SVC-05,2026-02-05,21,False,Routine,7.3,1,3,0,2,0,6,188
APT-003261,LOC-07,SVC-05,2026-02-04,24,False,Urgent,93.3,1,2,0,2,0,6,187
APT-003263,LOC-01,SVC-06,2026-02-04,14,False,Priority,37.0,1,2,0,2,0,6,187
APT-003268,LOC-09,SVC-04,2026-02-05,10,False,Routine,31.4,1,3,0,2,0,6,188
APT-003271,LOC-08,SVC-01,2026-02-06,37,False,Routine,34.8,1,4,0,2,0,6,189
APT-003276,LOC-08,SVC-07,2026-02-05,36,False,Routine,6.9,1,3,0,2,0,6,188
APT-003277,LOC-04,SVC-05,2026-02-05,10,False,Routine,9.7,1,3,0,2,0,6,188
APT-003286,LOC-10,SVC-08,2026-02-06,46,False,Routine,10.2,1,4,0,2,0,6,189
APT-003295,LOC-08,SVC-02,2026-02-05,41,False,Emergency,72.1,1,3,0,2,0,6,188
APT-003296,LOC-05,SVC-03,2026-02-06,10,False,Routine,12.6,1,4,0,2,0,6,189
APT-003298,LOC-08,SVC-07,2026-02-06,19,False,Routine,36.3,1,4,0,2,0,6,189
APT-003300,LOC-01,SVC-05,2026-02-06,21,False,Routine,13.1,1,4,0,2,0,6,189
APT-003307,LOC-03,SVC-05,2026-02-06,18,False,Routine,20.2,1,4,0,2,0,6,189
APT-003308,LOC-07,SVC-02,2026-02-08,30,False,Routine,69.2,1,6,1,2,0,6,191
APT-003309,LOC-06,SVC-04,2026-02-07,12,False,Routine,35.3,1,5,1,2,0,6,190
APT-003313,LOC-09,SVC-07,2026-02-06,25,False,Priority,64.4,1,4,0,2,0,6,189
APT-003314,LOC-05,SVC-02,2026-02-06,16,False,Routine,47.0,1,4,0,2,0,6,189
APT-003316,LOC-08,SVC-06,2026-02-06,18,False,Routine,21.9,1,4,0,2,0,6,189
APT-003317,LOC-08,SVC-02,2026-02-06,34,False,Routine,32.3,1,4,0,2,0,6,189
APT-003320,LOC-10,SVC-04,2026-02-06,12,False,Priority,88.1,1,4,0,2,0,6,189
APT-003323,LOC-05,SVC-08,2026-02-08,36,False,Routine,85.9,1,6,1,2,0,6,191
APT-003325,LOC-08,SVC-01,2026-02-06,13,False,Priority,32.1,1,4,0,2,0,6,189
APT-003326,LOC-01,SVC-06,2026-02-10,21,True,Routine,59.8,1,1,0,2,0,7,193
APT-003327,LOC-09,SVC-01,2026-02-06,32,False,Priority,36.3,1,4,0,2,0,6,189
APT-003332,LOC-06,SVC-02,2026-02-07,43,False,Routine,4.2,1,5,1,2,0,6,190
APT-003333,LOC-08,SVC-02,2026-02-08,32,False,Priority,63.3,1,6,1,2,0,6,191
APT-003335,LOC-07,SVC-02,2026-02-10,28,False,Routine,10.9,1,1,0,2,0,7,193
APT-003338,LOC-09,SVC-04,2026-02-08,34,False,Routine,14.9,1,6,1,2,0,6,191
APT-003343,LOC-05,SVC-01,2026-02-09,26,False,Priority,37.2,1,0,0,2,0,7,192
APT-003348,LOC-07,SVC-03,2026-02-09,36,False,Routine,40.7,1,0,0,2,0,7,192
APT-003354,LOC-06,SVC-06,2026-02-10,6,False,Emergency,92.4,1,1,0,2,0,7,193
APT-003358,LOC-06,SVC-05,2026-02-10,37,False,Routine,22.4,1,1,0,2,0,7,193
APT-003360,LOC-10,SVC-04,2026-02-09,29,False,Priority,63.3,1,0,0,2,0,7,192
APT-003364,LOC-10,SVC-03,2026-02-10,23,False,Urgent,75.9,1,1,0,2,0,7,193
APT-003366,LOC-06,SVC-03,2026-02-12,35,False,Routine,17.0,1,3,0,2,0,7,195
APT-003367,LOC-01,SVC-06,2026-02-11,16,False,Urgent,21.7,1,2,0,2,0,7,194
APT-003371,LOC-07,SVC-05,2026-02-10,26,False,Emergency,39.6,1,1,0,2,0,7,193
APT-003372,LOC-01,SVC-07,2026-02-11,41,False,Routine,35.9,1,2,0,2,0,7,194
APT-003380,LOC-06,SVC-05,2026-02-13,40,False,Routine,34.4,1,4,0,2,0,7,196
APT-003383,LOC-08,SVC-02,2026-02-12,8,False,Routine,34.0,1,3,0,2,0,7,195
APT-003386,LOC-01,SVC-03,2026-02-10,26,False,Urgent,11.9,1,1,0,2,0,7,193
APT-003389,LOC-10,SVC-01,2026-02-10,40,False,Priority,22.0,1,1,0,2,0,7,193
APT-003394,LOC-02,SVC-02,2026-02-10,10,False,Routine,44.8,1,1,0,2,0,7,193
APT-003398,LOC-01,SVC-08,2026-02-12,27,False,Routine,18.0,1,3,0,2,0,7,195
APT-003400,LOC-06,SVC-01,2026-02-16,32,False,Routine,26.7,1,0,0,2,0,8,199
APT-003406,LOC-06,SVC-02,2026-02-12,36,False,Routine,26.6,1,3,0,2,0,7,195
APT-003418,LOC-02,SVC-01,2026-02-12,16,False,Priority,39.1,1,3,0,2,0,7,195
APT-003427,LOC-10,SVC-06,2026-02-13,34,False,Urgent,55.3,1,4,0,2,0,7,196
APT-003433,LOC-10,SVC-07,2026-02-12,45,False,Priority,65.3,1,3,0,2,0,7,195
APT-003435,LOC-08,SVC-03,2026-02-12,34,False,Emergency,66.7,1,3,0,2,0,7,195
APT-003437,LOC-07,SVC-02,2026-02-13,58,False,Routine,13.3,1,4,0,2,0,7,196
APT-003440,LOC-07,SVC-06,2026-02-13,25,False,Priority,69.2,1,4,0,2,0,7,196
APT-003442,LOC-05,SVC-08,2026-02-13,31,False,Routine,41.2,1,4,0,2,0,7,196
APT-003443,LOC-06,SVC-02,2026-02-14,49,False,Routine,35.4,1,5,1,2,0,7,197
APT-003444,LOC-06,SVC-03,2026-02-12,3,False,Urgent,34.8,1,3,0,2,0,7,195
APT-003445,LOC-02,SVC-09,2026-02-13,24,False,Routine,20.9,1,4,0,2,0,7,196
APT-003446,LOC-07,SVC-02,2026-02-13,66,False,Priority,84.2,1,4,0,2,0,7,196
APT-003448,LOC-07,SVC-01,2026-02-13,36,False,Priority,36.5,1,4,0,2,0,7,196
APT-003453,LOC-01,SVC-06,2026-02-14,41,False,Routine,40.9,1,5,1,2,0,7,197
APT-003455,LOC-07,SVC-02,2026-02-14,31,False,Routine,15.4,1,5,1,2,0,7,197
APT-003460,LOC-08,SVC-05,2026-02-14,15,False,Priority,14.1,1,5,1,2,0,7,197
APT-003465,LOC-07,SVC-02,2026-02-16,30,False,Routine,36.4,1,0,0,2,0,8,199
APT-003467,LOC-06,SVC-05,2026-02-13,48,False,Priority,31.7,1,4,0,2,0,7,196
APT-003468,LOC-07,SVC-04,2026-02-13,45,False,Urgent,9.3,1,4,0,2,0,7,196
APT-003472,LOC-06,SVC-01,2026-02-13,28,False,Routine,8.8,1,4,0,2,0,7,196
APT-003475,LOC-08,SVC-05,2026-02-13,19,False,Priority,15.6,1,4,0,2,0,7,196
APT-003478,LOC-09,SVC-03,2026-02-15,32,False,Routine,6.7,1,6,1,2,0,7,198
APT-003487,LOC-01,SVC-04,2026-02-15,4,False,Routine,49.7,1,6,1,2,0,7,198
APT-003488,LOC-07,SVC-01,2026-02-16,59,False,Priority,9.3,1,0,0,2,0,8,199
APT-003490,LOC-06,SVC-06,2026-02-17,67,False,Routine,30.1,1,1,0,2,0,8,200
APT-003492,LOC-08,SVC-06,2026-02-17,15,False,Routine,25.2,1,1,0,2,0,8,200
APT-003493,LOC-07,SVC-09,2026-02-16,29,False,Routine,14.8,1,0,0,2,0,8,199
APT-003495,LOC-06,SVC-07,2026-02-16,23,False,Priority,34.9,1,0,0,2,0,8,199
APT-003496,LOC-03,SVC-06,2026-02-16,27,False,Routine,3.8,1,0,0,2,0,8,199
APT-003497,LOC-09,SVC-08,2026-02-18,22,False,Routine,54.5,1,2,0,2,0,8,201
APT-003499,LOC-10,SVC-04,2026-02-16,43,False,Routine,21.0,1,0,0,2,0,8,199
APT-003501,LOC-03,SVC-02,2026-02-16,24,False,Routine,30.1,1,0,0,2,0,8,199
APT-003504,LOC-05,SVC-06,2026-02-17,30,False,Routine,41.6,1,1,0,2,0,8,200
APT-003507,LOC-10,SVC-02,2026-02-18,48,False,Routine,21.2,1,2,0,2,0,8,201
APT-003510,LOC-06,SVC-05,2026-02-17,18,False,Urgent,74.5,1,1,0,2,0,8,200
APT-003511,LOC-02,SVC-09,2026-02-17,21,False,Routine,27.3,1,1,0,2,0,8,200
APT-003518,LOC-05,SVC-06,2026-02-18,22,False,Priority,53.9,1,2,0,2,0,8,201
APT-003519,LOC-06,SVC-02,2026-02-18,22,False,Priority,18.4,1,2,0,2,0,8,201
APT-003525,LOC-08,SVC-06,2026-02-19,9,True,Priority,54.4,1,3,0,2,0,8,202
APT-003532,LOC-09,SVC-05,2026-02-18,29,False,Routine,26.0,1,2,0,2,0,8,201
APT-003537,LOC-10,SVC-01,2026-02-19,63,False,Routine,40.8,1,3,0,2,0,8,202
APT-003544,LOC-06,SVC-03,2026-02-20,7,False,Routine,17.9,1,4,0,2,0,8,203
APT-003546,LOC-01,SVC-07,2026-02-19,29,False,Routine,39.6,1,3,0,2,0,8,202
APT-003547,LOC-07,SVC-03,2026-02-19,3,False,Routine,10.7,1,3,0,2,0,8,202
APT-003558,LOC-09,SVC-07,2026-02-20,3,False,Routine,47.7,1,4,0,2,0,8,203
APT-003566,LOC-05,SVC-04,2026-02-20,15,True,Routine,43.4,1,4,0,2,0,8,203
APT-003568,LOC-09,SVC-02,2026-02-23,50,False,Priority,64.7,1,0,0,2,0,9,206
APT-003572,LOC-06,SVC-01,2026-02-24,29,False,Priority,83.3,1,1,0,2,0,9,207
APT-003575,LOC-01,SVC-03,2026-02-20,3,False,Priority,22.4,1,4,0,2,0,8,203
APT-003579,LOC-10,SVC-05,2026-02-22,3,False,Routine,39.7,1,6,1,2,0,8,205
APT-003582,LOC-01,SVC-04,2026-02-24,3,False,Routine,71.3,1,1,0,2,0,9,207
APT-003586,LOC-09,SVC-01,2026-02-21,75,False,Routine,33.6,1,5,1,2,0,8,204
APT-003589,LOC-02,SVC-02,2026-02-20,30,False,Priority,64.0,1,4,0,2,0,8,203
APT-003591,LOC-02,SVC-03,2026-02-22,26,False,Priority,83.1,1,6,1,2,0,8,205
APT-003594,LOC-10,SVC-09,2026-02-20,31,False,Priority,51.6,1,4,0,2,0,8,203
APT-003601,LOC-06,SVC-02,2026-02-23,42,False,Routine,34.2,1,0,0,2,0,9,206
APT-003603,LOC-02,SVC-06,2026-02-23,4,False,Priority,68.5,1,0,0,2,0,9,206
APT-003604,LOC-08,SVC-03,2026-02-24,36,False,Routine,10.8,1,1,0,2,0,9,207
APT-003605,LOC-07,SVC-07,2026-02-22,3,False,Routine,7.9,1,6,1,2,0,8,205
APT-003613,LOC-01,SVC-01,2026-02-23,3,False,Priority,35.9,1,0,0,2,0,9,206
APT-003621,LOC-09,SVC-05,2026-02-25,37,False,Routine,36.3,1,2,0,2,0,9,208
APT-003622,LOC-02,SVC-01,2026-02-23,23,False,Routine,65.1,1,0,0,2,0,9,206
APT-003632,LOC-06,SVC-06,2026-02-25,14,False,Priority,33.6,1,2,0,2,0,9,208
APT-003633,LOC-02,SVC-07,2026-02-24,8,False,Routine,45.9,1,1,0,2,0,9,207
APT-003640,LOC-05,SVC-02,2026-02-24,3,False,Priority,12.1,1,1,0,2,0,9,207
APT-003644,LOC-08,SVC-03,2026-02-24,47,False,Routine,11.8,1,1,0,2,0,9,207
APT-003647,LOC-01,SVC-07,2026-02-24,23,False,Routine,84.6,1,1,0,2,0,9,207
APT-003650,LOC-10,SVC-07,2026-02-27,8,False,Routine,10.6,1,4,0,2,0,9,210
APT-003651,LOC-03,SVC-01,2026-02-26,40,False,Routine,17.4,1,3,0,2,0,9,209
APT-003653,LOC-03,SVC-02,2026-02-26,23,False,Urgent,31.7,1,3,0,2,0,9,209
APT-003654,LOC-07,SVC-05,2026-02-25,12,False,Routine,59.3,1,2,0,2,0,9,208
APT-003655,LOC-04,SVC-06,2026-02-25,29,False,Priority,48.2,1,2,0,2,0,9,208
APT-003657,LOC-06,SVC-05,2026-02-25,3,False,Priority,44.2,1,2,0,2,0,9,208
APT-003662,LOC-03,SVC-07,2026-02-26,26,False,Routine,24.1,1,3,0,2,0,9,209
APT-003666,LOC-07,SVC-06,2026-02-26,37,False,Priority,38.6,1,3,0,2,0,9,209
APT-003668,LOC-08,SVC-05,2026-02-27,20,True,Routine,65.5,1,4,0,2,0,9,210
APT-003671,LOC-10,SVC-07,2026-02-27,21,False,Routine,38.6,1,4,0,2,0,9,210
APT-003675,LOC-03,SVC-06,2026-02-27,7,False,Emergency,44.8,1,4,0,2,0,9,210
APT-003679,LOC-01,SVC-01,2026-02-27,23,False,Routine,46.8,1,4,0,2,0,9,210
APT-003680,LOC-01,SVC-01,2026-02-27,40,False,Routine,66.1,1,4,0,2,0,9,210
APT-003681,LOC-06,SVC-05,2026-02-27,43,False,Routine,11.0,1,4,0,2,0,9,210
APT-003689,LOC-09,SVC-06,2026-03-01,12,False,Routine,35.1,1,6,1,3,0,9,212
APT-003690,LOC-05,SVC-06,2026-02-28,19,False,Routine,34.0,1,5,1,2,0,9,211
APT-003692,LOC-04,SVC-06,2026-02-27,22,False,Priority,15.1,1,4,0,2,0,9,210
APT-003693,LOC-09,SVC-05,2026-02-27,43,False,Routine,28.7,1,4,0,2,0,9,210
APT-003698,LOC-04,SVC-01,2026-02-27,29,False,Priority,52.9,1,4,0,2,0,9,210
APT-003699,LOC-08,SVC-03,2026-02-27,42,False,Urgent,26.5,1,4,0,2,0,9,210
APT-003701,LOC-09,SVC-05,2026-03-01,29,True,Priority,46.1,1,6,1,3,0,9,212
APT-003703,LOC-02,SVC-01,2026-02-28,37,False,Routine,16.4,1,5,1,2,0,9,211
APT-003708,LOC-10,SVC-01,2026-03-01,15,False,Priority,60.3,1,6,1,3,0,9,212
APT-003709,LOC-07,SVC-05,2026-03-02,34,False,Routine,38.4,1,0,0,3,0,10,213
APT-003713,LOC-05,SVC-01,2026-03-01,3,False,Routine,42.1,1,6,1,3,0,9,212
APT-003719,LOC-05,SVC-07,2026-03-01,24,False,Routine,30.7,1,6,1,3,0,9,212
APT-003722,LOC-07,SVC-08,2026-03-02,22,False,Routine,15.0,1,0,0,3,0,10,213
APT-003724,LOC-10,SVC-02,2026-03-01,6,False,Routine,5.9,1,6,1,3,0,9,212
APT-003726,LOC-05,SVC-01,2026-03-02,3,False,Routine,5.6,1,0,0,3,0,10,213
APT-003727,LOC-06,SVC-05,2026-03-02,44,False,Routine,20.2,1,0,0,3,0,10,213
APT-003728,LOC-08,SVC-03,2026-03-03,3,False,Priority,44.4,1,1,0,3,0,10,214
APT-003736,LOC-06,SVC-04,2026-03-04,43,False,Routine,45.0,1,2,0,3,0,10,215
APT-003740,LOC-04,SVC-05,2026-03-04,15,False,Routine,64.5,1,2,0,3,0,10,215
APT-003742,LOC-06,SVC-03,2026-03-02,3,False,Routine,36.3,1,0,0,3,0,10,213
APT-003744,LOC-03,SVC-04,2026-03-06,19,False,Routine,34.4,1,4,0,3,0,10,217
APT-003749,LOC-04,SVC-02,2026-03-04,26,False,Priority,91.0,1,2,0,3,0,10,215
APT-003752,LOC-10,SVC-05,2026-03-03,33,False,Routine,6.9,1,1,0,3,0,10,214
APT-003754,LOC-01,SVC-04,2026-03-03,7,False,Priority,61.5,1,1,0,3,0,10,214
APT-003758,LOC-02,SVC-01,2026-03-05,15,False,Routine,34.3,1,3,0,3,0,10,216
APT-003763,LOC-08,SVC-06,2026-03-03,28,False,Urgent,79.9,1,1,0,3,0,10,214
APT-003767,LOC-02,SVC-07,2026-03-05,24,False,Routine,14.9,1,3,0,3,0,10,216
APT-003777,LOC-06,SVC-02,2026-03-04,55,False,Routine,7.2,1,2,0,3,0,10,215
APT-003779,LOC-02,SVC-01,2026-03-06,37,False,Priority,61.7,1,4,0,3,0,10,217
APT-003783,LOC-01,SVC-02,2026-03-08,3,False,Routine,46.2,1,6,1,3,0,10,219
APT-003784,LOC-10,SVC-01,2026-03-06,55,False,Priority,84.0,1,4,0,3,0,10,217
APT-003785,LOC-01,SVC-01,2026-03-07,11,False,Routine,63.6,1,5,1,3,0,10,218
APT-003790,LOC-06,SVC-03,2026-03-06,40,False,Routine,9.4,1,4,0,3,0,10,217
APT-003791,LOC-10,SVC-09,2026-03-07,44,False,Routine,36.9,1,5,1,3,0,10,218
APT-003795,LOC-05,SVC-06,2026-03-07,25,False,Routine,87.0,1,5,1,3,0,10,218
APT-003796,LOC-02,SVC-02,2026-03-06,26,False,Priority,86.0,1,4,0,3,0,10,217
APT-003798,LOC-09,SVC-02,2026-03-05,53,False,Priority,58.7,1,3,0,3,0,10,216
APT-003801,LOC-02,SVC-04,2026-03-05,34,False,Priority,39.7,1,3,0,3,0,10,216
APT-003803,LOC-07,SVC-01,2026-03-09,24,False,Routine,60.1,1,0,0,3,0,11,220
APT-003807,LOC-02,SVC-06,2026-03-06,14,False,Routine,46.5,1,4,0,3,0,10,217
APT-003813,LOC-02,SVC-07,2026-03-07,17,False,Routine,50.6,1,5,1,3,0,10,218
APT-003816,LOC-01,SVC-05,2026-03-06,29,False,Routine,62.7,1,4,0,3,0,10,217
APT-003825,LOC-07,SVC-05,2026-03-08,38,False,Priority,62.1,1,6,1,3,0,10,219
APT-003827,LOC-07,SVC-06,2026-03-09,29,False,Routine,43.0,1,0,0,3,0,11,220
APT-003829,LOC-08,SVC-04,2026-03-07,6,False,Priority,19.7,1,5,1,3,0,10,218
APT-003831,LOC-08,SVC-04,2026-03-09,29,False,Routine,11.1,1,0,0,3,0,11,220
APT-003834,LOC-04,SVC-05,2026-03-07,29,False,Routine,14.0,1,5,1,3,0,10,218
APT-003836,LOC-06,SVC-01,2026-03-08,47,False,Routine,36.3,1,6,1,3,0,10,219
APT-003840,LOC-10,SVC-05,2026-03-09,22,False,Priority,36.9,1,0,0,3,0,11,220
APT-003841,LOC-01,SVC-05,2026-03-09,24,False,Routine,33.8,1,0,0,3,0,11,220
APT-003845,LOC-05,SVC-05,2026-03-08,16,False,Routine,25.8,1,6,1,3,0,10,219
APT-003846,LOC-05,SVC-09,2026-03-09,18,False,Routine,44.8,1,0,0,3,0,11,220
APT-003850,LOC-03,SVC-06,2026-03-09,23,False,Priority,36.2,1,0,0,3,0,11,220
APT-003853,LOC-08,SVC-06,2026-03-10,32,False,Routine,12.3,1,1,0,3,0,11,221
APT-003859,LOC-06,SVC-03,2026-03-10,43,False,Priority,61.5,1,1,0,3,0,11,221
APT-003864,LOC-05,SVC-02,2026-03-11,3,True,Routine,53.3,1,2,0,3,0,11,222
APT-003879,LOC-02,SVC-03,2026-03-10,3,False,Priority,62.5,1,1,0,3,0,11,221
APT-003880,LOC-09,SVC-02,2026-03-10,21,False,Urgent,94.1,1,1,0,3,0,11,221
APT-003889,LOC-10,SVC-07,2026-03-13,44,False,Priority,30.3,1,4,0,3,0,11,224
APT-003891,LOC-07,SVC-01,2026-03-11,30,False,Priority,61.4,1,2,0,3,0,11,222
APT-003892,LOC-06,SVC-05,2026-03-17,22,False,Routine,37.9,1,1,0,3,0,12,228
APT-003894,LOC-09,SVC-05,2026-03-12,31,False,Routine,16.7,1,3,0,3,0,11,223
APT-003896,LOC-10,SVC-06,2026-03-12,32,False,Routine,15.1,1,3,0,3,0,11,223
APT-003904,LOC-02,SVC-05,2026-03-15,21,False,Routine,39.8,1,6,1,3,0,11,226
APT-003906,LOC-04,SVC-01,2026-03-13,43,False,Routine,64.6,1,4,0,3,0,11,224
APT-003907,LOC-07,SVC-02,2026-03-14,29,False,Priority,31.4,1,5,1,3,0,11,225
APT-003913,LOC-10,SVC-02,2026-03-12,3,False,Routine,12.7,1,3,0,3,0,11,223
APT-003914,LOC-07,SVC-02,2026-03-13,49,False,Routine,65.8,1,4,0,3,0,11,224
APT-003925,LOC-08,SVC-02,2026-03-12,11,True,Routine,27.1,1,3,0,3,0,11,223
APT-003933,LOC-06,SVC-05,2026-03-13,3,False,Routine,7.9,1,4,0,3,0,11,224
APT-003939,LOC-08,SVC-06,2026-03-15,23,False,Routine,14.9,1,6,1,3,0,11,226
APT-003945,LOC-07,SVC-06,2026-03-13,30,False,Routine,18.5,1,4,0,3,0,11,224
APT-003947,LOC-09,SVC-02,2026-03-14,26,False,Priority,18.6,1,5,1,3,0,11,225
APT-003948,LOC-02,SVC-05,2026-03-15,37,False,Routine,65.3,1,6,1,3,0,11,226
APT-003954,LOC-04,SVC-02,2026-03-15,3,False,Priority,10.1,1,6,1,3,0,11,226
APT-003968,LOC-01,SVC-08,2026-03-16,23,False,Priority,59.9,1,0,0,3,0,12,227
APT-003972,LOC-03,SVC-01,2026-03-16,37,False,Priority,41.1,1,0,0,3,0,12,227
APT-003977,LOC-09,SVC-01,2026-03-16,11,False,Priority,57.9,1,0,0,3,0,12,227
APT-003980,LOC-10,SVC-03,2026-03-16,26,False,Routine,18.3,1,0,0,3,0,12,227
APT-003982,LOC-06,SVC-05,2026-03-16,34,False,Routine,39.9,1,0,0,3,0,12,227
APT-003987,LOC-08,SVC-04,2026-03-20,45,False,Routine,34.2,1,4,0,3,0,12,231
APT-003991,LOC-08,SVC-01,2026-03-19,29,True,Priority,27.3,1,3,0,3,0,12,230
APT-003992,LOC-03,SVC-01,2026-03-18,22,False,Routine,27.2,1,2,0,3,0,12,229
APT-003994,LOC-08,SVC-07,2026-03-16,18,False,Routine,36.3,1,0,0,3,0,12,227
APT-003995,LOC-06,SVC-02,2026-03-16,10,False,Urgent,43.6,1,0,0,3,0,12,227
APT-004002,LOC-03,SVC-05,2026-03-17,20,False,Priority,31.8,1,1,0,3,0,12,228
APT-004003,LOC-05,SVC-09,2026-03-18,36,False,Routine,50.5,1,2,0,3,0,12,229
APT-004004,LOC-06,SVC-04,2026-03-17,44,False,Routine,34.9,1,1,0,3,0,12,228
APT-004011,LOC-02,SVC-06,2026-03-18,24,False,Routine,43.5,1,2,0,3,0,12,229
APT-004012,LOC-09,SVC-07,2026-03-21,26,False,Routine,62.1,1,5,1,3,0,12,232
APT-004013,LOC-06,SVC-02,2026-03-17,27,False,Routine,33.9,1,1,0,3,0,12,228
APT-004016,LOC-10,SVC-01,2026-03-20,23,False,Priority,61.9,1,4,0,3,0,12,231
APT-004020,LOC-10,SVC-06,2026-03-17,22,False,Routine,41.1,1,1,0,3,0,12,228
APT-004021,LOC-10,SVC-06,2026-03-18,32,False,Urgent,84.2,1,2,0,3,0,12,229
APT-004031,LOC-10,SVC-01,2026-03-20,47,False,Routine,16.8,1,4,0,3,0,12,231
APT-004045,LOC-02,SVC-03,2026-03-20,27,False,Routine,27.3,1,4,0,3,0,12,231
APT-004049,LOC-07,SVC-01,2026-03-18,49,False,Priority,37.9,1,2,0,3,0,12,229
APT-004056,LOC-06,SVC-02,2026-03-19,33,False,Routine,42.1,1,3,0,3,0,12,230
APT-004059,LOC-04,SVC-03,2026-03-20,19,False,Routine,15.6,1,4,0,3,0,12,231
APT-004063,LOC-04,SVC-05,2026-03-20,3,False,Priority,57.1,1,4,0,3,0,12,231
APT-004064,LOC-09,SVC-02,2026-03-20,21,False,Routine,14.2,1,4,0,3,0,12,231
APT-004065,LOC-01,SVC-02,2026-03-22,9,True,Routine,62.1,1,6,1,3,0,12,233
APT-004066,LOC-06,SVC-01,2026-03-21,22,False,Routine,42.2,1,5,1,3,0,12,232
APT-004079,LOC-07,SVC-04,2026-03-24,59,False,Routine,38.0,1,1,0,3,0,13,235
APT-004081,LOC-02,SVC-04,2026-03-20,3,False,Priority,29.3,1,4,0,3,0,12,231
APT-004082,LOC-03,SVC-05,2026-03-20,22,False,Emergency,66.1,1,4,0,3,0,12,231
APT-004087,LOC-07,SVC-07,2026-03-22,37,False,Routine,65.6,1,6,1,3,0,12,233
APT-004092,LOC-10,SVC-01,2026-03-21,37,False,Urgent,47.4,1,5,1,3,0,12,232
APT-004093,LOC-01,SVC-07,2026-03-20,11,False,Urgent,33.5,1,4,0,3,0,12,231
APT-004094,LOC-09,SVC-07,2026-03-22,11,False,Priority,63.7,1,6,1,3,0,12,233
APT-004096,LOC-07,SVC-01,2026-03-20,41,False,Priority,46.6,1,4,0,3,0,12,231
APT-002049,LOC-10,SVC-09,2025-11-26,9,False,Urgent,62.9,0,2,0,11,0,48,117
APT-002050,LOC-04,SVC-05,2025-11-27,33,False,Routine,13.7,0,3,0,11,0,48,118
APT-002051,LOC-04,SVC-07,2025-11-26,33,False,Urgent,36.3,0,2,0,11,0,48,117
APT-002052,LOC-09,SVC-01,2025-11-29,16,False,Routine,16.9,0,5,1,11,0,48,120
APT-002053,LOC-06,SVC-02,2025-11-27,32,False,Priority,5.5,0,3,0,11,0,48,118
APT-002054,LOC-04,SVC-04,2025-11-27,15,False,Routine,23.4,0,3,0,11,0,48,118
APT-002055,LOC-08,SVC-02,2025-11-27,46,False,Routine,15.6,0,3,0,11,0,48,118
APT-002059,LOC-06,SVC-03,2025-11-28,24,False,Priority,4.0,0,4,0,11,0,48,119
APT-002060,LOC-03,SVC-04,2025-11-28,11,False,Priority,36.3,0,4,0,11,0,48,119
APT-002062,LOC-09,SVC-01,2025-11-27,14,False,Priority,43.1,0,3,0,11,0,48,118
APT-002064,LOC-02,SVC-05,2025-11-27,29,False,Urgent,89.8,0,3,0,11,0,48,118
APT-002065,LOC-09,SVC-05,2025-11-28,10,False,Priority,4.0,0,4,0,11,0,48,119
APT-002067,LOC-03,SVC-05,2025-11-27,29,False,Emergency,78.1,0,3,0,11,0,48,118
APT-002068,LOC-03,SVC-07,2025-11-27,34,False,Routine,39.8,0,3,0,11,0,48,118
APT-002069,LOC-08,SVC-07,2025-11-28,49,False,Routine,36.3,0,4,0,11,0,48,119
APT-002070,LOC-10,SVC-01,2025-11-28,14,False,Routine,19.1,0,4,0,11,0,48,119
APT-002071,LOC-04,SVC-04,2025-11-29,11,False,Routine,13.8,0,5,1,11,0,48,120
APT-002073,LOC-07,SVC-02,2025-11-29,13,False,Routine,11.0,0,5,1,11,0,48,120
APT-002074,LOC-09,SVC-02,2025-11-29,3,False,Routine,14.1,0,5,1,11,0,48,120
APT-002075,LOC-02,SVC-03,2025-11-27,21,False,Routine,48.1,0,3,0,11,0,48,118
APT-002076,LOC-02,SVC-04,2025-11-27,32,False,Routine,14.9,0,3,0,11,0,48,118
APT-002077,LOC-10,SVC-02,2025-11-28,7,False,Routine,19.9,0,4,0,11,0,48,119
APT-002078,LOC-10,SVC-01,2025-11-28,35,False,Urgent,23.5,0,4,0,11,0,48,119
APT-002079,LOC-03,SVC-02,2025-11-27,14,False,Emergency,86.5,0,3,0,11,0,48,118
APT-002080,LOC-04,SVC-01,2025-11-28,5,False,Routine,22.0,0,4,0,11,0,48,119
APT-002081,LOC-05,SVC-06,2025-11-27,3,False,Routine,37.5,0,3,0,11,0,48,118
APT-002084,LOC-07,SVC-05,2025-11-29,54,False,Urgent,64.0,0,5,1,11,0,48,120
APT-002085,LOC-03,SVC-05,2025-11-29,3,False,Priority,80.0,0,5,1,11,0,48,120
APT-002086,LOC-04,SVC-07,2025-11-29,26,False,Routine,12.9,0,5,1,11,0,48,120
APT-002088,LOC-05,SVC-05,2025-11-29,30,False,Priority,60.6,0,5,1,11,0,48,120
APT-002089,LOC-07,SVC-01,2025-11-29,38,False,Routine,36.3,0,5,1,11,0,48,120
APT-002092,LOC-09,SVC-01,2025-11-28,6,False,Urgent,49.6,0,4,0,11,0,48,119
APT-002094,LOC-06,SVC-06,2025-11-28,36,False,Emergency,38.3,0,4,0,11,0,48,119
APT-002095,LOC-08,SVC-02,2025-11-29,22,False,Routine,19.7,0,5,1,11,0,48,120
APT-002096,LOC-08,SVC-01,2025-11-28,20,False,Urgent,24.6,0,4,0,11,0,48,119
APT-002099,LOC-07,SVC-01,2025-11-29,42,False,Routine,21.2,0,5,1,11,0,48,120
APT-002101,LOC-08,SVC-05,2025-11-29,35,False,Urgent,2.3,0,5,1,11,0,48,120
APT-002102,LOC-04,SVC-01,2025-11-28,18,False,Routine,27.7,0,4,0,11,0,48,119
APT-002104,LOC-06,SVC-05,2025-11-30,30,False,Urgent,39.3,0,6,1,11,0,48,121
APT-002105,LOC-10,SVC-04,2025-11-29,13,False,Priority,23.1,0,5,1,11,0,48,120
APT-002107,LOC-05,SVC-01,2025-11-29,9,False,Urgent,82.5,0,5,1,11,0,48,120
APT-002108,LOC-10,SVC-05,2025-11-29,26,False,Routine,37.9,0,5,1,11,0,48,120
APT-002111,LOC-04,SVC-04,2025-11-30,4,False,Urgent,13.4,0,6,1,11,0,48,121
APT-002113,LOC-08,SVC-04,2025-12-01,26,False,Priority,44.8,0,0,0,12,0,49,122
APT-002116,LOC-07,SVC-05,2025-11-30,47,False,Routine,39.2,0,6,1,11,0,48,121
APT-002117,LOC-03,SVC-05,2025-11-30,16,False,Emergency,90.0,0,6,1,11,0,48,121
APT-002119,LOC-03,SVC-08,2025-11-30,28,False,Urgent,32.5,0,6,1,11,0,48,121
APT-002120,LOC-02,SVC-04,2025-11-30,11,False,Urgent,77.6,0,6,1,11,0,48,121
APT-002121,LOC-02,SVC-02,2025-12-02,24,False,Routine,31.4,0,1,0,12,0,49,123
APT-002122,LOC-10,SVC-01,2025-12-01,33,False,Urgent,34.3,0,0,0,12,0,49,122
APT-002123,LOC-08,SVC-08,2025-12-03,20,False,Routine,25.0,0,2,0,12,0,49,124
APT-002124,LOC-01,SVC-05,2025-12-01,48,False,Urgent,42.3,0,0,0,12,0,49,122
APT-002127,LOC-01,SVC-09,2025-12-02,4,False,Routine,40.8,0,1,0,12,0,49,123
APT-002129,LOC-09,SVC-01,2025-12-02,31,False,Routine,38.7,0,1,0,12,0,49,123
APT-002130,LOC-04,SVC-01,2025-12-01,28,False,Priority,17.8,0,0,0,12,0,49,122
APT-002132,LOC-04,SVC-05,2025-12-02,20,False,Routine,79.9,0,1,0,12,0,49,123
APT-002136,LOC-09,SVC-07,2025-12-02,34,False,Routine,5.5,0,1,0,12,0,49,123
APT-002137,LOC-06,SVC-07,2025-12-02,32,False,Priority,37.5,0,1,0,12,0,49,123
APT-002138,LOC-07,SVC-03,2025-12-03,9,False,Routine,18.4,0,2,0,12,0,49,124
APT-002141,LOC-02,SVC-06,2025-12-02,3,False,Urgent,82.0,0,1,0,12,0,49,123
APT-002142,LOC-07,SVC-09,2025-12-03,77,False,Urgent,40.2,0,2,0,12,0,49,124
APT-002144,LOC-04,SVC-05,2025-12-02,10,False,Routine,22.7,0,1,0,12,0,49,123
APT-002145,LOC-03,SVC-01,2025-12-02,14,False,Priority,18.0,0,1,0,12,0,49,123
APT-002146,LOC-06,SVC-07,2025-12-02,25,False,Priority,64.5,0,1,0,12,0,49,123
APT-002148,LOC-08,SVC-02,2025-12-03,35,False,Routine,24.7,0,2,0,12,0,49,124
APT-002149,LOC-09,SVC-09,2025-12-03,14,False,Routine,33.5,0,2,0,12,0,49,124
APT-002152,LOC-04,SVC-03,2025-12-02,13,False,Urgent,50.3,0,1,0,12,0,49,123
APT-002154,LOC-08,SVC-02,2025-12-02,49,False,Emergency,42.2,0,1,0,12,0,49,123
APT-002155,LOC-02,SVC-02,2025-12-03,23,False,Emergency,80.7,0,2,0,12,0,49,124
APT-002157,LOC-05,SVC-04,2025-12-03,21,False,Priority,63.0,0,2,0,12,0,49,124
APT-002158,LOC-06,SVC-04,2025-12-03,22,False,Priority,44.7,0,2,0,12,0,49,124
APT-002161,LOC-10,SVC-02,2025-12-06,28,False,Priority,60.6,0,5,1,12,0,49,127
APT-002163,LOC-07,SVC-09,2025-12-04,12,False,Routine,15.6,0,3,0,12,0,49,125
APT-002165,LOC-08,SVC-06,2025-12-03,3,False,Routine,9.0,0,2,0,12,0,49,124
APT-002168,LOC-03,SVC-02,2025-12-03,31,False,Routine,36.0,0,2,0,12,0,49,124
APT-002169,LOC-05,SVC-02,2025-12-03,33,False,Urgent,69.1,0,2,0,12,0,49,124
APT-002170,LOC-08,SVC-06,2025-12-04,11,False,Routine,85.3,0,3,0,12,0,49,125
APT-002172,LOC-05,SVC-02,2025-12-03,24,False,Priority,40.8,0,2,0,12,0,49,124
APT-002173,LOC-05,SVC-03,2025-12-04,26,False,Priority,32.0,0,3,0,12,0,49,125
APT-002175,LOC-05,SVC-07,2025-12-04,13,False,Routine,42.9,0,3,0,12,0,49,125
APT-002176,LOC-06,SVC-09,2025-12-03,67,False,Emergency,58.7,0,2,0,12,0,49,124
APT-002178,LOC-01,SVC-02,2025-12-04,14,False,Priority,41.7,0,3,0,12,0,49,125
APT-002181,LOC-04,SVC-03,2025-12-03,11,False,Priority,12.1,0,2,0,12,0,49,124
APT-002182,LOC-02,SVC-08,2025-12-03,16,False,Priority,18.4,0,2,0,12,0,49,124
APT-002185,LOC-06,SVC-08,2025-12-06,21,False,Routine,21.1,0,5,1,12,0,49,127
APT-002186,LOC-01,SVC-07,2025-12-03,14,False,Urgent,33.3,0,2,0,12,0,49,124
APT-002187,LOC-05,SVC-05,2025-12-03,21,False,Priority,41.1,0,2,0,12,0,49,124
APT-002188,LOC-08,SVC-01,2025-12-06,22,False,Routine,24.1,0,5,1,12,0,49,127
APT-002189,LOC-05,SVC-01,2025-12-03,23,False,Urgent,72.0,0,2,0,12,0,49,124
APT-002190,LOC-07,SVC-01,2025-12-05,9,False,Priority,41.2,0,4,0,12,0,49,126
APT-002193,LOC-05,SVC-02,2025-12-04,17,False,Priority,42.3,0,3,0,12,0,49,125
APT-002194,LOC-02,SVC-07,2025-12-06,17,False,Routine,37.4,0,5,1,12,0,49,127
APT-002195,LOC-03,SVC-01,2025-12-04,25,False,Urgent,36.2,0,3,0,12,0,49,125
APT-002199,LOC-01,SVC-07,2025-12-04,17,False,Urgent,16.1,0,3,0,12,0,49,125
APT-002200,LOC-07,SVC-02,2025-12-04,45,False,Priority,38.2,0,3,0,12,0,49,125
APT-002201,LOC-01,SVC-06,2025-12-04,13,False,Priority,36.3,0,3,0,12,0,49,125
APT-002204,LOC-03,SVC-02,2025-12-04,17,False,Emergency,47.4,0,3,0,12,0,49,125
APT-002205,LOC-06,SVC-01,2025-12-06,32,False,Routine,59.7,0,5,1,12,0,49,127
APT-002206,LOC-06,SVC-01,2025-12-05,26,True,Urgent,58.5,0,4,0,12,0,49,126
APT-002208,LOC-10,SVC-04,2025-12-06,12,False,Routine,13.6,0,5,1,12,0,49,127
APT-002209,LOC-01,SVC-08,2025-12-06,5,False,Routine,34.8,0,5,1,12,0,49,127
APT-002212,LOC-02,SVC-03,2025-12-06,27,False,Routine,22.1,0,5,1,12,0,49,127
APT-002213,LOC-02,SVC-02,2025-12-05,31,False,Urgent,64.6,0,4,0,12,0,49,126
APT-002216,LOC-08,SVC-06,2025-12-05,25,False,Priority,36.3,0,4,0,12,0,49,126
APT-002218,LOC-06,SVC-08,2025-12-05,29,False,Priority,40.1,0,4,0,12,0,49,126
APT-002220,LOC-03,SVC-02,2025-12-06,3,False,Routine,36.3,0,5,1,12,0,49,127
APT-002221,LOC-07,SVC-02,2025-12-06,23,False,Urgent,93.8,0,5,1,12,0,49,127
APT-002223,LOC-05,SVC-06,2025-12-06,3,False,Routine,76.7,0,5,1,12,0,49,127
APT-002224,LOC-10,SVC-09,2025-12-05,9,False,Priority,70.1,0,4,0,12,0,49,126
APT-002225,LOC-01,SVC-06,2025-12-05,17,False,Priority,42.1,0,4,0,12,0,49,126
APT-002227,LOC-01,SVC-04,2025-12-06,10,False,Urgent,32.0,0,5,1,12,0,49,127
APT-002232,LOC-02,SVC-01,2025-12-06,19,False,Emergency,37.0,0,5,1,12,0,49,127
APT-002233,LOC-05,SVC-01,2025-12-07,3,False,Routine,33.1,0,6,1,12,0,49,128
APT-002234,LOC-03,SVC-01,2025-12-06,23,True,Priority,14.9,0,5,1,12,0,49,127
APT-002235,LOC-05,SVC-01,2025-12-06,18,False,Urgent,36.3,0,5,1,12,0,49,127
APT-002240,LOC-08,SVC-01,2025-12-06,62,False,Routine,42.8,0,5,1,12,0,49,127
APT-002241,LOC-07,SVC-01,2025-12-06,6,False,Emergency,24.9,0,5,1,12,0,49,127
APT-002242,LOC-06,SVC-02,2025-12-06,7,False,Emergency,36.8,0,5,1,12,0,49,127
APT-002243,LOC-03,SVC-09,2025-12-07,3,False,Routine,63.5,0,6,1,12,0,49,128
APT-002246,LOC-10,SVC-01,2025-12-07,35,False,Emergency,64.6,0,6,1,12,0,49,128
APT-002249,LOC-03,SVC-01,2025-12-07,14,False,Priority,79.5,0,6,1,12,0,49,128
APT-002250,LOC-02,SVC-03,2025-12-07,33,False,Routine,19.0,0,6,1,12,0,49,128
APT-002251,LOC-06,SVC-02,2025-12-09,32,False,Priority,41.3,0,1,0,12,0,50,130
APT-002252,LOC-09,SVC-07,2025-12-09,20,False,Urgent,66.0,0,1,0,12,0,50,130
APT-002253,LOC-06,SVC-04,2025-12-08,40,False,Priority,30.0,0,0,0,12,0,50,129
APT-002255,LOC-05,SVC-07,2025-12-08,20,False,Emergency,80.1,0,0,0,12,0,50,129
APT-002256,LOC-04,SVC-05,2025-12-08,13,False,Routine,8.8,0,0,0,12,0,50,129
APT-002258,LOC-04,SVC-06,2025-12-09,3,False,Routine,18.9,0,1,0,12,0,50,130
APT-002259,LOC-01,SVC-08,2025-12-08,27,False,Priority,46.3,0,0,0,12,0,50,129
APT-002260,LOC-06,SVC-04,2025-12-10,3,False,Priority,39.7,0,2,0,12,0,50,131
APT-002261,LOC-03,SVC-03,2025-12-08,19,True,Routine,27.8,0,0,0,12,0,50,129
APT-002263,LOC-01,SVC-01,2025-12-09,22,False,Routine,4.4,0,1,0,12,0,50,130
APT-002264,LOC-07,SVC-05,2025-12-09,25,False,Urgent,66.6,0,1,0,12,0,50,130
APT-002266,LOC-05,SVC-01,2025-12-08,7,True,Routine,66.9,0,0,0,12,0,50,129
APT-002268,LOC-09,SVC-01,2025-12-08,13,False,Emergency,36.8,0,0,0,12,0,50,129
APT-002270,LOC-01,SVC-03,2025-12-11,20,False,Priority,89.6,0,3,0,12,0,50,132
APT-002273,LOC-03,SVC-07,2025-12-09,34,False,Urgent,61.8,0,1,0,12,0,50,130
APT-002274,LOC-03,SVC-05,2025-12-09,34,False,Urgent,30.4,0,1,0,12,0,50,130
APT-002275,LOC-03,SVC-01,2025-12-10,20,True,Routine,39.1,0,2,0,12,0,50,131
APT-002276,LOC-03,SVC-05,2025-12-09,9,False,Urgent,31.6,0,1,0,12,0,50,130
APT-002277,LOC-06,SVC-06,2025-12-09,52,False,Urgent,51.4,0,1,0,12,0,50,130
APT-002279,LOC-07,SVC-08,2025-12-10,52,False,Priority,32.2,0,2,0,12,0,50,131
APT-002281,LOC-08,SVC-07,2025-12-11,27,False,Routine,15.9,0,3,0,12,0,50,132
APT-002282,LOC-10,SVC-04,2025-12-10,42,False,Routine,15.8,0,2,0,12,0,50,131
APT-002284,LOC-01,SVC-07,2025-12-09,9,False,Priority,39.5,0,1,0,12,0,50,130
APT-002288,LOC-08,SVC-03,2025-12-10,19,False,Urgent,31.0,0,2,0,12,0,50,131
APT-002289,LOC-01,SVC-02,2025-12-09,3,False,Priority,35.9,0,1,0,12,0,50,130
APT-002290,LOC-03,SVC-01,2025-12-11,8,False,Urgent,41.7,0,3,0,12,0,50,132
APT-002293,LOC-08,SVC-03,2025-12-11,22,False,Priority,67.9,0,3,0,12,0,50,132
APT-002294,LOC-08,SVC-03,2025-12-11,6,False,Urgent,39.1,0,3,0,12,0,50,132
APT-002295,LOC-08,SVC-04,2025-12-10,3,False,Routine,11.2,0,2,0,12,0,50,131
APT-002296,LOC-03,SVC-06,2025-12-10,23,False,Routine,28.3,0,2,0,12,0,50,131
APT-002297,LOC-08,SVC-03,2025-12-11,37,False,Routine,18.5,0,3,0,12,0,50,132
APT-002299,LOC-02,SVC-08,2025-12-10,32,False,Priority,42.9,0,2,0,12,0,50,131
APT-002300,LOC-04,SVC-07,2025-12-11,17,False,Urgent,66.9,0,3,0,12,0,50,132
APT-002301,LOC-09,SVC-03,2025-12-11,18,False,Priority,41.1,0,3,0,12,0,50,132
APT-002302,LOC-10,SVC-02,2025-12-12,21,False,Routine,62.5,0,4,0,12,0,50,133
APT-002304,LOC-07,SVC-06,2025-12-10,43,False,Emergency,94.0,0,2,0,12,0,50,131
APT-002305,LOC-02,SVC-01,2025-12-11,14,False,Priority,76.1,0,3,0,12,0,50,132
APT-002306,LOC-07,SVC-03,2025-12-11,3,False,Routine,71.6,0,3,0,12,0,50,132
APT-002308,LOC-06,SVC-05,2025-12-11,66,False,Emergency,39.9,0,3,0,12,0,50,132
APT-002309,LOC-09,SVC-01,2025-12-13,15,False,Routine,39.5,0,5,1,12,0,50,134
APT-002310,LOC-10,SVC-07,2025-12-14,36,False,Priority,20.1,0,6,1,12,0,50,135
APT-002311,LOC-04,SVC-01,2025-12-11,19,False,Routine,45.6,0,3,0,12,0,50,132
APT-002314,LOC-05,SVC-05,2025-12-11,22,False,Emergency,24.9,0,3,0,12,0,50,132
APT-002316,LOC-09,SVC-03,2025-12-11,3,False,Priority,20.0,0,3,0,12,0,50,132
APT-002319,LOC-03,SVC-01,2025-12-11,22,False,Routine,36.3,0,3,0,12,0,50,132
APT-002320,LOC-02,SVC-01,2025-12-11,36,False,Routine,34.1,0,3,0,12,0,50,132
APT-002321,LOC-03,SVC-02,2025-12-11,9,False,Routine,33.5,0,3,0,12,0,50,132
APT-002322,LOC-01,SVC-03,2025-12-12,18,False,Routine,16.5,0,4,0,12,0,50,133
APT-002324,LOC-08,SVC-03,2025-12-12,39,False,Urgent,83.6,0,4,0,12,0,50,133
APT-002325,LOC-06,SVC-05,2025-12-11,29,False,Routine,23.2,0,3,0,12,0,50,132
APT-002326,LOC-08,SVC-06,2025-12-15,24,False,Routine,66.5,0,0,0,12,0,51,136
APT-002327,LOC-08,SVC-02,2025-12-11,3,False,Priority,66.0,0,3,0,12,0,50,132
APT-002329,LOC-10,SVC-01,2025-12-14,3,False,Urgent,78.2,0,6,1,12,0,50,135
APT-002331,LOC-05,SVC-03,2025-12-12,37,False,Routine,20.7,0,4,0,12,0,50,133
APT-002332,LOC-01,SVC-06,2025-12-14,24,False,Urgent,63.6,0,6,1,12,0,50,135
APT-002336,LOC-06,SVC-01,2025-12-16,35,False,Priority,36.3,0,1,0,12,0,51,137
APT-002338,LOC-07,SVC-07,2025-12-14,42,False,Routine,12.4,0,6,1,12,0,50,135
APT-002339,LOC-07,SVC-04,2025-12-17,21,False,Routine,37.8,0,2,0,12,0,51,138
APT-002340,LOC-09,SVC-01,2025-12-12,16,False,Urgent,79.4,0,4,0,12,0,50,133
APT-002342,LOC-01,SVC-02,2025-12-13,8,True,Urgent,83.0,0,5,1,12,0,50,134
APT-002343,LOC-07,SVC-09,2025-12-13,54,False,Routine,42.6,0,5,1,12,0,50,134
APT-002344,LOC-05,SVC-01,2025-12-15,21,False,Priority,41.4,0,0,0,12,0,51,136
APT-002345,LOC-04,SVC-07,2025-12-14,30,False,Routine,43.4,0,6,1,12,0,50,135
APT-002346,LOC-02,SVC-06,2025-12-16,14,True,Priority,10.0,0,1,0,12,0,51,137
APT-002347,LOC-06,SVC-02,2025-12-16,32,False,Routine,15.2,0,1,0,12,0,51,137
APT-002350,LOC-07,SVC-01,2025-12-14,44,False,Routine,12.6,0,6,1,12,0,50,135
APT-002352,LOC-05,SVC-05,2025-12-13,14,False,Routine,35.0,0,5,1,12,0,50,134
APT-002353,LOC-07,SVC-02,2025-12-16,27,False,Priority,35.5,0,1,0,12,0,51,137
APT-002354,LOC-08,SVC-01,2025-12-14,11,False,Emergency,80.4,0,6,1,12,0,50,135
APT-002355,LOC-10,SVC-03,2025-12-14,39,True,Routine,10.8,0,6,1,12,0,50,135
APT-002356,LOC-06,SVC-02,2025-12-16,39,False,Emergency,80.9,0,1,0,12,0,51,137
APT-002357,LOC-06,SVC-01,2025-12-14,26,False,Routine,26.6,0,6,1,12,0,50,135
APT-002358,LOC-10,SVC-07,2025-12-14,28,False,Urgent,38.9,0,6,1,12,0,50,135
APT-002359,LOC-03,SVC-05,2025-12-14,26,False,Priority,18.8,0,6,1,12,0,50,135
APT-002360,LOC-06,SVC-07,2025-12-14,26,False,Priority,34.4,0,6,1,12,0,50,135
APT-002361,LOC-08,SVC-09,2025-12-17,21,False,Urgent,99.0,0,2,0,12,0,51,138
APT-002362,LOC-03,SVC-02,2025-12-15,33,False,Priority,18.3,0,0,0,12,0,51,136
APT-002363,LOC-01,SVC-01,2025-12-17,25,False,Priority,39.1,0,2,0,12,0,51,138
APT-002364,LOC-09,SVC-03,2025-12-18,14,False,Priority,35.0,0,3,0,12,0,51,139
APT-002365,LOC-09,SVC-05,2025-12-16,19,False,Urgent,59.4,0,1,0,12,0,51,137
APT-002367,LOC-05,SVC-03,2025-12-16,37,False,Routine,34.0,0,1,0,12,0,51,137
APT-002368,LOC-01,SVC-07,2025-12-18,23,False,Routine,24.0,0,3,0,12,0,51,139
APT-002372,LOC-02,SVC-05,2025-12-15,36,False,Emergency,81.5,0,0,0,12,0,51,136
APT-002373,LOC-09,SVC-01,2025-12-16,35,False,Routine,55.4,0,1,0,12,0,51,137
APT-002374,LOC-03,SVC-01,2025-12-15,15,False,Routine,10.2,0,0,0,12,0,51,136
APT-002375,LOC-04,SVC-01,2025-12-15,24,False,Urgent,46.4,0,0,0,12,0,51,136
APT-002376,LOC-05,SVC-01,2025-12-15,17,True,Priority,16.4,0,0,0,12,0,51,136
APT-002377,LOC-08,SVC-07,2025-12-15,20,False,Priority,32.2,0,0,0,12,0,51,136
APT-002378,LOC-09,SVC-04,2025-12-17,24,False,Routine,6.6,0,2,0,12,0,51,138
APT-002380,LOC-06,SVC-01,2025-12-17,4,False,Priority,39.0,0,2,0,12,0,51,138
APT-002381,LOC-09,SVC-05,2025-12-17,27,False,Routine,66.2,0,2,0,12,0,51,138
APT-002383,LOC-03,SVC-06,2025-12-15,25,False,Priority,16.2,0,0,0,12,0,51,136
APT-002385,LOC-07,SVC-01,2025-12-15,38,False,Routine,35.4,0,0,0,12,0,51,136
APT-002386,LOC-03,SVC-02,2025-12-16,24,False,Urgent,19.5,0,1,0,12,0,51,137
APT-002387,LOC-10,SVC-01,2025-12-16,47,False,Routine,11.0,0,1,0,12,0,51,137
APT-002388,LOC-03,SVC-03,2025-12-17,21,False,Routine,38.5,0,2,0,12,0,51,138
APT-002390,LOC-04,SVC-05,2025-12-16,15,False,Routine,63.5,0,1,0,12,0,51,137
APT-002391,LOC-09,SVC-02,2025-12-16,34,False,Urgent,86.0,0,1,0,12,0,51,137
APT-002392,LOC-08,SVC-04,2025-12-16,61,False,Routine,63.3,0,1,0,12,0,51,137
APT-002394,LOC-07,SVC-01,2025-12-18,41,False,Emergency,63.6,0,3,0,12,0,51,139
APT-002395,LOC-03,SVC-02,2025-12-16,25,False,Urgent,39.3,0,1,0,12,0,51,137
APT-002396,LOC-07,SVC-03,2025-12-18,58,False,Priority,61.3,0,3,0,12,0,51,139
APT-002397,LOC-04,SVC-01,2025-12-16,13,False,Priority,61.2,0,1,0,12,0,51,137
APT-002398,LOC-07,SVC-01,2025-12-16,25,False,Routine,36.4,0,1,0,12,0,51,137
APT-002401,LOC-08,SVC-04,2025-12-16,34,False,Priority,40.9,0,1,0,12,0,51,137
APT-002402,LOC-01,SVC-04,2025-12-17,12,False,Routine,25.3,0,2,0,12,0,51,138
APT-002404,LOC-01,SVC-02,2025-12-17,35,False,Urgent,34.3,0,2,0,12,0,51,138
APT-002405,LOC-08,SVC-05,2025-12-17,36,False,Priority,17.3,0,2,0,12,0,51,138
APT-002407,LOC-10,SVC-01,2025-12-18,33,False,Priority,12.4,0,3,0,12,0,51,139
APT-002408,LOC-04,SVC-05,2025-12-17,29,False,Emergency,87.0,0,2,0,12,0,51,138
APT-002410,LOC-01,SVC-03,2025-12-17,11,False,Routine,14.9,0,2,0,12,0,51,138
APT-002411,LOC-02,SVC-09,2025-12-18,16,True,Priority,44.7,0,3,0,12,0,51,139
APT-002412,LOC-01,SVC-02,2025-12-17,30,False,Priority,41.6,0,2,0,12,0,51,138
APT-002413,LOC-01,SVC-03,2025-12-17,19,False,Priority,30.2,0,2,0,12,0,51,138
APT-002415,LOC-08,SVC-03,2025-12-17,51,False,Routine,33.0,0,2,0,12,0,51,138
APT-002417,LOC-05,SVC-03,2025-12-18,21,False,Routine,35.1,0,3,0,12,0,51,139
APT-002419,LOC-04,SVC-08,2025-12-18,24,False,Routine,38.6,0,3,0,12,0,51,139
APT-002420,LOC-06,SVC-01,2025-12-17,36,False,Urgent,29.7,0,2,0,12,0,51,138
APT-002421,LOC-06,SVC-07,2025-12-17,28,False,Priority,13.5,0,2,0,12,0,51,138
APT-002422,LOC-08,SVC-06,2025-12-17,38,False,Priority,20.7,0,2,0,12,0,51,138
APT-002423,LOC-08,SVC-05,2025-12-18,50,True,Routine,26.7,0,3,0,12,0,51,139
APT-002427,LOC-04,SVC-01,2025-12-19,13,False,Priority,15.9,0,4,0,12,0,51,140
APT-002429,LOC-06,SVC-05,2025-12-18,42,False,Routine,16.8,0,3,0,12,0,51,139
APT-002430,LOC-08,SVC-08,2025-12-18,8,False,Urgent,66.5,0,3,0,12,0,51,139
APT-002432,LOC-02,SVC-02,2025-12-18,26,False,Priority,59.8,0,3,0,12,0,51,139
APT-002433,LOC-02,SVC-08,2025-12-18,9,False,Urgent,81.6,0,3,0,12,0,51,139
APT-002436,LOC-07,SVC-09,2025-12-20,20,False,Priority,61.7,0,5,1,12,0,51,141
APT-002437,LOC-07,SVC-03,2025-12-21,45,False,Priority,55.1,0,6,1,12,0,51,142
APT-002438,LOC-09,SVC-01,2025-12-18,3,False,Priority,35.9,0,3,0,12,0,51,139
APT-002439,LOC-08,SVC-07,2025-12-18,3,False,Emergency,85.1,0,3,0,12,0,51,139
APT-002441,LOC-02,SVC-01,2025-12-18,16,False,Priority,59.6,0,3,0,12,0,51,139
APT-002444,LOC-08,SVC-01,2025-12-20,25,False,Routine,22.8,0,5,1,12,0,51,141
APT-002445,LOC-09,SVC-06,2025-12-21,59,False,Routine,38.4,0,6,1,12,0,51,142
APT-002447,LOC-06,SVC-09,2025-12-22,27,False,Priority,82.7,0,0,0,12,0,52,143
APT-002448,LOC-10,SVC-01,2025-12-20,42,False,Routine,18.7,0,5,1,12,0,51,141
APT-002449,LOC-06,SVC-07,2025-12-20,33,False,Priority,36.3,0,5,1,12,0,51,141
APT-002451,LOC-08,SVC-02,2025-12-20,48,False,Priority,35.5,0,5,1,12,0,51,141
APT-002452,LOC-03,SVC-01,2025-12-19,6,False,Routine,18.9,0,4,0,12,0,51,140
APT-002453,LOC-09,SVC-07,2025-12-20,21,False,Routine,44.3,0,5,1,12,0,51,141
APT-002456,LOC-02,SVC-06,2025-12-19,23,False,Urgent,19.9,0,4,0,12,0,51,140
APT-002458,LOC-03,SVC-07,2025-12-20,11,False,Routine,11.8,0,5,1,12,0,51,141
APT-002460,LOC-04,SVC-08,2025-12-20,5,False,Urgent,41.4,0,5,1,12,0,51,141
APT-002462,LOC-01,SVC-02,2025-12-21,16,True,Routine,16.4,0,6,1,12,0,51,142
APT-002463,LOC-03,SVC-05,2025-12-20,6,False,Priority,36.9,0,5,1,12,0,51,141
APT-002464,LOC-02,SVC-01,2025-12-21,3,False,Priority,43.6,0,6,1,12,0,51,142
APT-002465,LOC-03,SVC-07,2025-12-23,6,False,Routine,13.3,0,1,0,12,0,52,144
APT-002468,LOC-04,SVC-02,2025-12-20,17,False,Priority,12.1,0,5,1,12,0,51,141
APT-002469,LOC-05,SVC-05,2025-12-20,17,False,Emergency,81.1,0,5,1,12,0,51,141
APT-002470,LOC-04,SVC-05,2025-12-22,17,False,Routine,14.5,0,0,0,12,0,52,143
APT-002472,LOC-08,SVC-04,2025-12-20,43,False,Priority,39.4,0,5,1,12,0,51,141
APT-002474,LOC-01,SVC-07,2025-12-21,28,False,Urgent,9.9,0,6,1,12,0,51,142
APT-002475,LOC-05,SVC-05,2025-12-21,23,False,Priority,17.7,0,6,1,12,0,51,142
APT-002476,LOC-09,SVC-05,2025-12-21,38,False,Urgent,39.2,0,6,1,12,0,51,142
APT-002478,LOC-10,SVC-01,2025-12-21,11,False,Priority,14.2,0,6,1,12,0,51,142
APT-002479,LOC-08,SVC-06,2025-12-21,47,False,Urgent,55.4,0,6,1,12,0,51,142
APT-002482,LOC-01,SVC-02,2025-12-22,5,False,Priority,7.2,0,0,0,12,0,52,143
APT-002483,LOC-02,SVC-03,2025-12-22,15,True,Priority,63.2,0,0,0,12,0,52,143
APT-002485,LOC-01,SVC-04,2025-12-23,26,False,Priority,34.7,0,1,0,12,0,52,144
APT-002490,LOC-01,SVC-01,2025-12-26,29,False,Routine,26.2,0,4,0,12,0,52,147
APT-002492,LOC-10,SVC-05,2025-12-22,12,False,Routine,12.7,0,0,0,12,0,52,143
APT-002493,LOC-03,SVC-07,2025-12-24,40,True,Priority,89.8,0,2,0,12,0,52,145
APT-002494,LOC-04,SVC-06,2025-12-23,13,False,Routine,6.1,0,1,0,12,0,52,144
APT-002495,LOC-02,SVC-05,2025-12-22,12,False,Emergency,10.6,0,0,0,12,0,52,143
APT-002496,LOC-09,SVC-07,2025-12-23,36,False,Urgent,24.8,0,1,0,12,0,52,144
APT-002497,LOC-04,SVC-02,2025-12-22,6,False,Routine,80.0,0,0,0,12,0,52,143
APT-002498,LOC-02,SVC-02,2025-12-23,34,False,Priority,46.3,0,1,0,12,0,52,144
APT-002499,LOC-10,SVC-05,2025-12-26,17,False,Urgent,94.6,0,4,0,12,0,52,147
APT-002500,LOC-03,SVC-01,2025-12-23,5,False,Priority,45.7,0,1,0,12,0,52,144
APT-002501,LOC-04,SVC-02,2025-12-23,37,False,Emergency,10.6,0,1,0,12,0,52,144
APT-002502,LOC-07,SVC-09,2025-12-23,58,False,Urgent,15.3,0,1,0,12,0,52,144
APT-002503,LOC-01,SVC-02,2025-12-24,28,False,Urgent,61.8,0,2,0,12,0,52,145
APT-002504,LOC-08,SVC-01,2025-12-23,33,False,Routine,36.3,0,1,0,12,0,52,144
APT-002505,LOC-01,SVC-05,2025-12-23,32,False,Priority,39.4,0,1,0,12,0,52,144
APT-002506,LOC-03,SVC-07,2025-12-23,27,False,Urgent,39.4,0,1,0,12,0,52,144
APT-002508,LOC-03,SVC-02,2025-12-23,27,False,Routine,19.5,0,1,0,12,0,52,144
APT-002509,LOC-07,SVC-09,2025-12-26,3,False,Routine,28.7,0,4,0,12,0,52,147
APT-002510,LOC-05,SVC-01,2025-12-23,3,False,Priority,6.9,0,1,0,12,0,52,144
APT-002511,LOC-02,SVC-03,2025-12-24,8,False,Priority,47.7,0,2,0,12,0,52,145
APT-002512,LOC-04,SVC-04,2025-12-23,12,False,Priority,20.9,0,1,0,12,0,52,144
APT-002514,LOC-10,SVC-01,2025-12-23,52,False,Routine,17.0,0,1,0,12,0,52,144
APT-002515,LOC-07,SVC-09,2025-12-23,41,False,Routine,20.0,0,1,0,12,0,52,144
APT-002517,LOC-03,SVC-05,2025-12-25,17,True,Priority,38.0,0,3,0,12,0,52,146
APT-002518,LOC-04,SVC-01,2025-12-27,21,False,Priority,44.3,0,5,1,12,0,52,148
APT-002519,LOC-01,SVC-05,2025-12-24,18,False,Emergency,76.4,0,2,0,12,0,52,145
APT-002520,LOC-06,SVC-06,2025-12-26,30,False,Priority,42.1,0,4,0,12,0,52,147
APT-002522,LOC-05,SVC-04,2025-12-27,15,False,Routine,72.5,0,5,1,12,0,52,148
APT-002523,LOC-03,SVC-03,2025-12-24,31,False,Routine,11.0,0,2,0,12,0,52,145
APT-002526,LOC-08,SVC-02,2025-12-24,31,False,Routine,16.2,0,2,0,12,0,52,145
APT-002527,LOC-09,SVC-05,2025-12-24,32,False,Priority,30.7,0,2,0,12,0,52,145
APT-002529,LOC-05,SVC-02,2025-12-24,36,False,Urgent,82.4,0,2,0,12,0,52,145
APT-002530,LOC-05,SVC-07,2025-12-25,12,False,Emergency,63.2,0,3,0,12,0,52,146
APT-002531,LOC-10,SVC-05,2025-12-25,16,False,Routine,15.2,0,3,0,12,0,52,146
APT-002532,LOC-09,SVC-07,2025-12-25,32,False,Routine,45.1,0,3,0,12,0,52,146
APT-002533,LOC-01,SVC-07,2025-12-24,32,False,Urgent,35.6,0,2,0,12,0,52,145
APT-002535,LOC-07,SVC-08,2025-12-26,37,True,Routine,23.0,0,4,0,12,0,52,147
APT-002536,LOC-08,SVC-06,2025-12-26,30,False,Urgent,58.4,0,4,0,12,0,52,147
APT-002537,LOC-02,SVC-04,2025-12-27,14,False,Priority,43.0,0,5,1,12,0,52,148
APT-002539,LOC-02,SVC-07,2025-12-27,19,False,Priority,85.3,0,5,1,12,0,52,148
APT-002540,LOC-05,SVC-04,2025-12-25,6,False,Urgent,60.3,0,3,0,12,0,52,146
APT-002542,LOC-06,SVC-06,2025-12-25,27,False,Priority,45.1,0,3,0,12,0,52,146
APT-002543,LOC-04,SVC-05,2025-12-25,25,False,Urgent,26.2,0,3,0,12,0,52,146
APT-002544,LOC-03,SVC-01,2025-12-28,33,False,Routine,18.6,0,6,1,12,0,52,149
APT-002545,LOC-03,SVC-05,2025-12-27,35,False,Routine,46.0,0,5,1,12,0,52,148
APT-002546,LOC-07,SVC-01,2025-12-25,7,False,Emergency,72.5,0,3,0,12,0,52,146
APT-002548,LOC-06,SVC-05,2025-12-26,10,False,Priority,21.3,0,4,0,12,0,52,147
APT-002549,LOC-03,SVC-03,2025-12-26,15,False,Priority,4.9,0,4,0,12,0,52,147
APT-002550,LOC-08,SVC-04,2025-12-25,4,False,Urgent,41.1,0,3,0,12,0,52,146
APT-002551,LOC-07,SVC-05,2025-12-25,10,False,Routine,19.3,0,3,0,12,0,52,146
APT-002552,LOC-03,SVC-03,2025-12-25,23,False,Routine,17.3,0,3,0,12,0,52,146
APT-002554,LOC-10,SVC-01,2025-12-26,30,False,Routine,37.3,0,4,0,12,0,52,147
APT-002555,LOC-02,SVC-06,2025-12-25,26,False,Urgent,66.7,0,3,0,12,0,52,146
APT-002556,LOC-02,SVC-08,2025-12-26,33,False,Urgent,57.6,0,4,0,12,0,52,147
APT-002557,LOC-01,SVC-04,2025-12-27,9,False,Routine,34.7,0,5,1,12,0,52,148
APT-002558,LOC-10,SVC-01,2025-12-27,27,False,Routine,23.9,0,5,1,12,0,52,148
APT-002560,LOC-05,SVC-08,2025-12-26,28,False,Urgent,66.4,0,4,0,12,0,52,147
APT-002561,LOC-04,SVC-04,2025-12-27,27,False,Priority,44.8,0,5,1,12,0,52,148
APT-002565,LOC-08,SVC-07,2025-12-26,5,False,Routine,11.2,0,4,0,12,0,52,147
APT-002566,LOC-02,SVC-07,2025-12-26,7,False,Urgent,85.3,0,4,0,12,0,52,147
APT-002571,LOC-10,SVC-01,2025-12-27,26,False,Routine,35.8,0,5,1,12,0,52,148
APT-002572,LOC-06,SVC-09,2025-12-26,31,False,Routine,4.4,0,4,0,12,0,52,147
APT-002573,LOC-02,SVC-08,2025-12-27,32,False,Priority,77.1,0,5,1,12,0,52,148
APT-002575,LOC-10,SVC-03,2025-12-27,37,False,Urgent,41.8,0,5,1,12,0,52,148
APT-002577,LOC-06,SVC-06,2025-12-27,3,False,Routine,25.8,0,5,1,12,0,52,148
APT-002578,LOC-02,SVC-05,2025-12-27,3,False,Urgent,45.7,0,5,1,12,0,52,148
APT-002580,LOC-01,SVC-09,2025-12-28,34,False,Routine,19.7,0,6,1,12,0,52,149
APT-002582,LOC-08,SVC-07,2025-12-28,29,False,Urgent,49.8,0,6,1,12,0,52,149
APT-002583,LOC-06,SVC-01,2025-12-28,27,False,Routine,10.3,0,6,1,12,0,52,149
APT-002584,LOC-09,SVC-03,2025-12-27,55,False,Urgent,44.7,0,5,1,12,0,52,148
APT-002585,LOC-04,SVC-01,2025-12-27,34,False,Urgent,70.4,0,5,1,12,0,52,148
APT-002587,LOC-08,SVC-06,2025-12-27,39,False,Urgent,64.5,0,5,1,12,0,52,148
APT-002588,LOC-01,SVC-01,2025-12-29,3,False,Priority,33.4,0,0,0,12,0,1,150
APT-002589,LOC-05,SVC-08,2025-12-29,27,False,Priority,63.2,0,0,0,12,0,1,150
APT-002593,LOC-10,SVC-06,2025-12-30,40,False,Priority,36.3,0,1,0,12,0,1,151
APT-002596,LOC-03,SVC-02,2025-12-28,8,False,Priority,38.8,0,6,1,12,0,52,149
APT-002599,LOC-04,SVC-04,2025-12-29,48,False,Urgent,56.6,0,0,0,12,0,1,150
APT-002600,LOC-05,SVC-06,2025-12-30,27,False,Urgent,37.9,0,1,0,12,0,1,151
APT-002601,LOC-04,SVC-01,2025-12-31,10,False,Priority,39.3,0,2,0,12,0,1,152
APT-002603,LOC-10,SVC-06,2025-12-30,40,True,Priority,89.3,0,1,0,12,0,1,151
APT-002604,LOC-10,SVC-01,2025-12-29,16,False,Urgent,60.0,0,0,0,12,0,1,150
APT-002605,LOC-04,SVC-04,2025-12-30,19,False,Priority,36.3,0,1,0,12,0,1,151
APT-002606,LOC-09,SVC-03,2025-12-30,3,False,Routine,36.4,0,1,0,12,0,1,151
APT-002607,LOC-04,SVC-05,2025-12-31,34,False,Routine,10.3,0,2,0,12,0,1,152
APT-002609,LOC-10,SVC-01,2025-12-30,15,False,Routine,36.3,0,1,0,12,0,1,151
APT-002610,LOC-10,SVC-09,2025-12-29,41,False,Emergency,59.2,0,0,0,12,0,1,150
APT-002611,LOC-07,SVC-06,2025-12-30,35,False,Priority,36.3,0,1,0,12,0,1,151
APT-002612,LOC-03,SVC-09,2025-12-30,24,False,Routine,10.3,0,1,0,12,0,1,151
APT-002613,LOC-06,SVC-05,2025-12-29,36,False,Priority,61.0,0,0,0,12,0,1,150
APT-002614,LOC-04,SVC-03,2025-12-29,38,False,Urgent,79.0,0,0,0,12,0,1,150
APT-002615,LOC-02,SVC-06,2025-12-30,22,False,Priority,46.4,0,1,0,12,0,1,151
APT-002618,LOC-07,SVC-06,2025-12-29,24,True,Routine,36.1,0,0,0,12,0,1,150
APT-002621,LOC-03,SVC-05,2025-12-30,27,False,Emergency,91.1,0,1,0,12,0,1,151
APT-002625,LOC-04,SVC-09,2025-12-31,25,False,Routine,21.8,0,2,0,12,0,1,152
APT-002626,LOC-02,SVC-05,2025-12-30,12,False,Routine,6.8,0,1,0,12,0,1,151
APT-002629,LOC-08,SVC-04,2025-12-30,3,False,Routine,4.6,0,1,0,12,0,1,151
APT-002633,LOC-01,SVC-09,2025-12-30,25,False,Routine,12.7,0,1,0,12,0,1,151
APT-002635,LOC-09,SVC-07,2025-12-31,45,False,Emergency,84.1,0,2,0,12,0,1,152
APT-002636,LOC-09,SVC-05,2026-01-01,37,False,Routine,62.0,0,3,0,1,0,1,153
APT-002637,LOC-06,SVC-04,2025-12-31,49,False,Routine,43.9,0,2,0,12,0,1,152
APT-002639,LOC-10,SVC-01,2026-01-02,3,False,Priority,79.5,0,4,0,1,0,1,154
APT-002640,LOC-07,SVC-01,2026-01-03,4,False,Routine,39.6,0,5,1,1,0,1,155
APT-002641,LOC-03,SVC-05,2025-12-31,19,False,Routine,48.5,0,2,0,12,0,1,152
APT-002643,LOC-06,SVC-05,2025-12-31,8,True,Routine,13.5,0,2,0,12,0,1,152
APT-002644,LOC-07,SVC-05,2025-12-31,24,False,Urgent,18.1,0,2,0,12,0,1,152
APT-002645,LOC-04,SVC-01,2025-12-30,24,False,Priority,13.0,0,1,0,12,0,1,151
APT-002646,LOC-02,SVC-01,2025-12-31,19,False,Routine,17.4,0,2,0,12,0,1,152
APT-002647,LOC-07,SVC-04,2025-12-31,40,False,Routine,5.0,0,2,0,12,0,1,152
APT-002648,LOC-06,SVC-06,2026-01-05,22,False,Routine,48.2,0,0,0,1,0,2,157
APT-002649,LOC-05,SVC-02,2026-01-01,11,False,Routine,61.5,0,3,0,1,0,1,153
APT-002652,LOC-04,SVC-04,2025-12-31,43,False,Urgent,64.5,0,2,0,12,0,1,152
APT-002655,LOC-07,SVC-07,2025-12-31,27,False,Routine,25.1,0,2,0,12,0,1,152
APT-002656,LOC-01,SVC-03,2026-01-01,59,False,Routine,33.9,0,3,0,1,0,1,153
APT-002657,LOC-05,SVC-05,2026-01-02,21,False,Routine,46.2,0,4,0,1,0,1,154
APT-002660,LOC-05,SVC-03,2026-01-01,31,False,Urgent,36.9,0,3,0,1,0,1,153
APT-002661,LOC-01,SVC-01,2025-12-31,22,False,Routine,5.9,0,2,0,12,0,1,152
APT-002665,LOC-10,SVC-03,2025-12-31,26,False,Priority,55.7,0,2,0,12,0,1,152
APT-002666,LOC-07,SVC-01,2025-12-31,12,True,Routine,12.1,0,2,0,12,0,1,152
APT-002667,LOC-05,SVC-04,2025-12-31,3,False,Emergency,47.0,0,2,0,12,0,1,152
APT-002668,LOC-09,SVC-05,2026-01-02,18,False,Priority,39.6,0,4,0,1,0,1,154
APT-002669,LOC-05,SVC-07,2026-01-02,31,False,Routine,40.5,0,4,0,1,0,1,154
APT-002670,LOC-01,SVC-05,2026-01-01,3,False,Urgent,42.4,0,3,0,1,0,1,153
APT-002672,LOC-02,SVC-09,2026-01-01,35,False,Priority,58.2,0,3,0,1,0,1,153
APT-002673,LOC-09,SVC-07,2026-01-01,26,False,Routine,15.1,0,3,0,1,0,1,153
APT-002676,LOC-04,SVC-07,2026-01-01,14,False,Urgent,30.1,0,3,0,1,0,1,153
APT-002679,LOC-03,SVC-06,2026-01-01,39,False,Urgent,37.5,0,3,0,1,0,1,153
APT-002681,LOC-06,SVC-09,2026-01-02,14,False,Routine,9.2,0,4,0,1,0,1,154
APT-002682,LOC-01,SVC-03,2026-01-02,34,False,Routine,24.2,0,4,0,1,0,1,154
APT-002683,LOC-03,SVC-03,2026-01-02,30,False,Priority,21.5,0,4,0,1,0,1,154
APT-002684,LOC-09,SVC-07,2026-01-02,16,False,Priority,18.1,0,4,0,1,0,1,154
APT-002685,LOC-02,SVC-01,2026-01-01,18,False,Urgent,14.8,0,3,0,1,0,1,153
APT-002687,LOC-07,SVC-02,2026-01-02,35,False,Priority,7.1,0,4,0,1,0,1,154
APT-002690,LOC-05,SVC-05,2026-01-04,15,False,Routine,43.1,0,6,1,1,0,1,156
APT-002694,LOC-10,SVC-05,2026-01-03,26,False,Priority,21.7,0,5,1,1,0,1,155
APT-002695,LOC-02,SVC-02,2026-01-02,15,True,Routine,12.4,0,4,0,1,0,1,154
APT-002696,LOC-05,SVC-04,2026-01-04,24,False,Routine,60.0,0,6,1,1,0,1,156
APT-002697,LOC-06,SVC-07,2026-01-03,35,False,Urgent,18.6,0,5,1,1,0,1,155
APT-002698,LOC-05,SVC-02,2026-01-02,28,False,Routine,39.8,0,4,0,1,0,1,154
APT-002700,LOC-06,SVC-02,2026-01-03,44,False,Routine,21.5,0,5,1,1,0,1,155
APT-002701,LOC-08,SVC-05,2026-01-03,30,False,Priority,22.8,0,5,1,1,0,1,155
APT-002702,LOC-03,SVC-07,2026-01-04,25,False,Priority,36.1,0,6,1,1,0,1,156
APT-002705,LOC-06,SVC-09,2026-01-04,38,False,Routine,15.5,0,6,1,1,0,1,156
APT-002706,LOC-10,SVC-04,2026-01-03,14,False,Urgent,83.6,0,5,1,1,0,1,155
APT-002709,LOC-05,SVC-03,2026-01-03,11,False,Priority,60.6,0,5,1,1,0,1,155
APT-002710,LOC-07,SVC-01,2026-01-04,30,False,Priority,40.7,0,6,1,1,0,1,156
APT-002711,LOC-04,SVC-03,2026-01-03,28,False,Routine,11.4,0,5,1,1,0,1,155
APT-002712,LOC-07,SVC-04,2026-01-04,21,False,Urgent,68.8,0,6,1,1,0,1,156
APT-002715,LOC-08,SVC-05,2026-01-03,29,False,Routine,12.1,0,5,1,1,0,1,155
APT-002717,LOC-10,SVC-02,2026-01-03,35,False,Routine,20.6,0,5,1,1,0,1,155
APT-002718,LOC-06,SVC-04,2026-01-03,28,False,Routine,8.5,0,5,1,1,0,1,155
APT-002719,LOC-05,SVC-07,2026-01-03,22,False,Urgent,59.8,0,5,1,1,0,1,155
APT-002720,LOC-10,SVC-02,2026-01-05,3,False,Priority,36.3,0,0,0,1,0,2,157
APT-002722,LOC-03,SVC-05,2026-01-05,29,False,Emergency,89.4,0,0,0,1,0,2,157
APT-002723,LOC-02,SVC-05,2026-01-04,34,False,Urgent,43.5,0,6,1,1,0,1,156
APT-002724,LOC-10,SVC-06,2026-01-05,27,False,Routine,11.6,0,0,0,1,0,2,157
APT-002726,LOC-07,SVC-05,2026-01-07,48,False,Urgent,37.3,0,2,0,1,0,2,159
APT-002730,LOC-06,SVC-01,2026-01-07,19,False,Routine,61.9,0,2,0,1,0,2,159
APT-002731,LOC-06,SVC-07,2026-01-06,20,False,Routine,15.1,0,1,0,1,0,2,158
APT-002732,LOC-03,SVC-01,2026-01-05,24,False,Routine,12.6,0,0,0,1,0,2,157
APT-002734,LOC-07,SVC-01,2026-01-07,13,False,Routine,15.8,0,2,0,1,0,2,159
APT-002735,LOC-07,SVC-01,2026-01-05,9,False,Routine,5.2,0,0,0,1,0,2,157
APT-002737,LOC-02,SVC-01,2026-01-05,40,False,Urgent,80.6,0,0,0,1,0,2,157
APT-002738,LOC-10,SVC-07,2026-01-05,41,False,Urgent,25.6,0,0,0,1,0,2,157
APT-002739,LOC-03,SVC-08,2026-01-05,17,False,Priority,36.3,0,0,0,1,0,2,157
APT-002740,LOC-01,SVC-02,2026-01-05,9,False,Priority,1.0,0,0,0,1,0,2,157
APT-002741,LOC-05,SVC-03,2026-01-05,5,False,Priority,29.9,0,0,0,1,0,2,157
APT-002742,LOC-09,SVC-04,2026-01-07,33,False,Urgent,83.3,0,2,0,1,0,2,159
APT-002747,LOC-02,SVC-06,2026-01-06,15,False,Routine,39.2,0,1,0,1,0,2,158
APT-002752,LOC-07,SVC-01,2026-01-06,35,False,Routine,8.8,0,1,0,1,0,2,158
APT-002753,LOC-06,SVC-03,2026-01-07,43,False,Routine,16.9,0,2,0,1,0,2,159
APT-002754,LOC-08,SVC-06,2026-01-06,10,False,Priority,34.7,0,1,0,1,0,2,158
APT-002755,LOC-08,SVC-01,2026-01-07,19,False,Routine,65.7,0,2,0,1,0,2,159
APT-002756,LOC-07,SVC-01,2026-01-07,27,False,Priority,40.4,0,2,0,1,0,2,159
APT-002758,LOC-08,SVC-09,2026-01-08,10,False,Routine,11.3,0,3,0,1,0,2,160
APT-002761,LOC-06,SVC-05,2026-01-06,37,False,Priority,56.8,0,1,0,1,0,2,158
APT-002762,LOC-01,SVC-05,2026-01-06,32,False,Routine,37.1,0,1,0,1,0,2,158
APT-002763,LOC-05,SVC-04,2026-01-06,3,False,Urgent,18.5,0,1,0,1,0,2,158
APT-002764,LOC-03,SVC-09,2026-01-06,11,False,Routine,12.6,0,1,0,1,0,2,158
APT-002765,LOC-02,SVC-03,2026-01-08,5,False,Urgent,83.0,0,3,0,1,0,2,160
APT-002767,LOC-07,SVC-08,2026-01-08,21,False,Priority,27.6,0,3,0,1,0,2,160
APT-002768,LOC-08,SVC-01,2026-01-07,19,False,Emergency,43.6,0,2,0,1,0,2,159
APT-002769,LOC-08,SVC-01,2026-01-07,15,False,Routine,41.1,0,2,0,1,0,2,159
APT-002770,LOC-03,SVC-05,2026-01-08,24,False,Routine,37.6,0,3,0,1,0,2,160
APT-002771,LOC-07,SVC-07,2026-01-07,66,False,Urgent,41.9,0,2,0,1,0,2,159
APT-002772,LOC-09,SVC-02,2026-01-12,21,False,Routine,60.9,0,0,0,1,0,3,164
APT-002775,LOC-04,SVC-03,2026-01-07,18,False,Priority,64.1,0,2,0,1,0,2,159
APT-002776,LOC-08,SVC-05,2026-01-07,47,False,Routine,18.1,0,2,0,1,0,2,159
APT-002777,LOC-03,SVC-02,2026-01-07,20,False,Priority,40.8,0,2,0,1,0,2,159
APT-002779,LOC-08,SVC-09,2026-01-07,11,False,Urgent,38.0,0,2,0,1,0,2,159
APT-002780,LOC-08,SVC-09,2026-01-07,14,False,Urgent,41.0,0,2,0,1,0,2,159
APT-002785,LOC-08,SVC-03,2026-01-09,31,False,Routine,10.8,0,4,0,1,0,2,161
APT-002786,LOC-08,SVC-08,2026-01-08,44,False,Priority,46.1,0,3,0,1,0,2,160
APT-002787,LOC-06,SVC-03,2026-01-08,26,False,Priority,43.3,0,3,0,1,0,2,160
APT-002791,LOC-09,SVC-06,2026-01-10,50,False,Priority,74.7,0,5,1,1,0,2,162
APT-002795,LOC-06,SVC-01,2026-01-09,48,False,Urgent,74.1,0,4,0,1,0,2,161
APT-002796,LOC-03,SVC-08,2026-01-10,3,False,Urgent,79.0,0,5,1,1,0,2,162
APT-002797,LOC-02,SVC-09,2026-01-09,3,False,Routine,57.4,0,4,0,1,0,2,161
APT-002798,LOC-07,SVC-09,2026-01-09,3,False,Routine,31.9,0,4,0,1,0,2,161
APT-002799,LOC-03,SVC-01,2026-01-08,20,False,Priority,41.5,0,3,0,1,0,2,160
APT-002800,LOC-03,SVC-05,2026-01-09,32,False,Routine,20.9,0,4,0,1,0,2,161
APT-002802,LOC-06,SVC-04,2026-01-10,21,False,Routine,6.1,0,5,1,1,0,2,162
APT-002803,LOC-03,SVC-03,2026-01-08,30,False,Urgent,82.6,0,3,0,1,0,2,160
APT-002806,LOC-05,SVC-05,2026-01-11,16,False,Routine,64.2,0,6,1,1,0,2,163
APT-002807,LOC-04,SVC-05,2026-01-09,19,False,Urgent,70.5,0,4,0,1,0,2,161
APT-002814,LOC-09,SVC-07,2026-01-10,38,False,Routine,32.2,0,5,1,1,0,2,162
APT-002815,LOC-02,SVC-01,2026-01-11,28,False,Routine,30.7,0,6,1,1,0,2,163
APT-002818,LOC-01,SVC-06,2026-01-09,16,False,Routine,41.3,0,4,0,1,0,2,161
APT-002819,LOC-07,SVC-05,2026-01-11,52,False,Priority,47.7,0,6,1,1,0,2,163
APT-002820,LOC-07,SVC-08,2026-01-12,27,False,Routine,35.5,0,0,0,1,0,3,164
APT-002821,LOC-01,SVC-05,2026-01-10,14,False,Urgent,77.5,0,5,1,1,0,2,162
APT-002825,LOC-06,SVC-04,2026-01-12,35,False,Urgent,87.9,0,0,0,1,0,3,164
APT-002826,LOC-10,SVC-02,2026-01-11,10,False,Priority,37.1,0,6,1,1,0,2,163
APT-002828,LOC-05,SVC-07,2026-01-13,9,False,Routine,71.2,0,1,0,1,0,3,165
APT-002829,LOC-10,SVC-08,2026-01-11,7,False,Routine,40.3,0,6,1,1,0,2,163
APT-002830,LOC-01,SVC-03,2026-01-11,30,False,Urgent,30.2,0,6,1,1,0,2,163
APT-002831,LOC-02,SVC-05,2026-01-10,42,False,Routine,8.6,0,5,1,1,0,2,162
APT-002832,LOC-04,SVC-02,2026-01-11,9,False,Routine,12.1,0,6,1,1,0,2,163
APT-002833,LOC-07,SVC-03,2026-01-12,12,False,Routine,34.5,0,0,0,1,0,3,164
APT-002834,LOC-08,SVC-01,2026-01-10,19,False,Priority,17.6,0,5,1,1,0,2,162
APT-002836,LOC-09,SVC-09,2026-01-13,32,False,Routine,13.4,0,1,0,1,0,3,165
APT-002839,LOC-10,SVC-01,2026-01-14,20,False,Routine,56.1,0,2,0,1,0,3,166
APT-002841,LOC-01,SVC-05,2026-01-11,9,True,Routine,3.7,0,6,1,1,0,2,163
APT-002842,LOC-10,SVC-07,2026-01-14,8,False,Routine,16.0,0,2,0,1,0,3,166
APT-002843,LOC-01,SVC-03,2026-01-11,17,False,Routine,36.3,0,6,1,1,0,2,163
APT-002844,LOC-03,SVC-05,2026-01-11,25,False,Routine,57.6,0,6,1,1,0,2,163
APT-002845,LOC-07,SVC-03,2026-01-13,47,False,Routine,12.6,0,1,0,1,0,3,165
APT-002846,LOC-05,SVC-07,2026-01-12,20,False,Routine,63.0,0,0,0,1,0,3,164
APT-002849,LOC-06,SVC-05,2026-01-12,46,False,Urgent,58.1,0,0,0,1,0,3,164
APT-002852,LOC-03,SVC-08,2026-01-12,31,False,Urgent,52.5,0,0,0,1,0,3,164
APT-002854,LOC-10,SVC-05,2026-01-13,37,False,Routine,49.2,0,1,0,1,0,3,165
APT-002856,LOC-02,SVC-07,2026-01-13,12,False,Routine,21.3,0,1,0,1,0,3,165
APT-002857,LOC-08,SVC-09,2026-01-12,6,False,Routine,5.0,0,0,0,1,0,3,164
APT-002860,LOC-02,SVC-05,2026-01-12,12,False,Priority,18.1,0,0,0,1,0,3,164
APT-002861,LOC-08,SVC-09,2026-01-12,37,False,Urgent,21.6,0,0,0,1,0,3,164
APT-002863,LOC-10,SVC-08,2026-01-14,24,False,Priority,79.3,0,2,0,1,0,3,166
APT-002864,LOC-07,SVC-06,2026-01-12,34,False,Emergency,39.5,0,0,0,1,0,3,164
APT-002865,LOC-06,SVC-09,2026-01-14,29,False,Urgent,65.7,0,2,0,1,0,3,166
APT-002868,LOC-08,SVC-08,2026-01-13,28,False,Urgent,40.1,0,1,0,1,0,3,165
APT-002869,LOC-09,SVC-01,2026-01-14,29,False,Urgent,31.3,0,2,0,1,0,3,166
APT-002870,LOC-09,SVC-01,2026-01-13,25,False,Priority,70.7,0,1,0,1,0,3,165
APT-002871,LOC-10,SVC-03,2026-01-13,32,False,Priority,16.0,0,1,0,1,0,3,165
APT-002873,LOC-10,SVC-04,2026-01-14,15,False,Routine,89.6,0,2,0,1,0,3,166
APT-002874,LOC-07,SVC-05,2026-01-14,35,False,Routine,8.5,0,2,0,1,0,3,166
APT-002876,LOC-01,SVC-01,2026-01-13,19,False,Routine,39.7,0,1,0,1,0,3,165
APT-002878,LOC-09,SVC-03,2026-01-13,39,False,Priority,61.2,0,1,0,1,0,3,165
APT-002879,LOC-01,SVC-01,2026-01-13,5,False,Routine,44.8,0,1,0,1,0,3,165
APT-002884,LOC-02,SVC-06,2026-01-14,29,False,Priority,3.8,0,2,0,1,0,3,166
APT-002885,LOC-01,SVC-05,2026-01-15,37,False,Routine,33.5,0,3,0,1,0,3,167
APT-002887,LOC-05,SVC-04,2026-01-14,6,False,Priority,37.9,0,2,0,1,0,3,166
APT-002888,LOC-10,SVC-01,2026-01-14,10,False,Priority,6.4,0,2,0,1,0,3,166
APT-002891,LOC-06,SVC-08,2026-01-14,21,False,Urgent,65.9,0,2,0,1,0,3,166
APT-002892,LOC-10,SVC-07,2026-01-18,5,True,Routine,61.6,0,6,1,1,0,3,170
APT-002893,LOC-01,SVC-05,2026-01-14,37,False,Priority,13.9,0,2,0,1,0,3,166
APT-002894,LOC-01,SVC-07,2026-01-14,28,False,Urgent,92.9,0,2,0,1,0,3,166
APT-002895,LOC-07,SVC-03,2026-01-14,41,False,Routine,38.8,0,2,0,1,0,3,166
APT-002897,LOC-05,SVC-01,2026-01-15,27,False,Routine,36.1,0,3,0,1,0,3,167
APT-002899,LOC-02,SVC-05,2026-01-16,29,False,Routine,59.4,0,4,0,1,0,3,168
APT-002900,LOC-09,SVC-07,2026-01-14,25,False,Routine,40.9,0,2,0,1,0,3,166
APT-002901,LOC-02,SVC-08,2026-01-15,5,False,Routine,36.7,0,3,0,1,0,3,167
APT-002903,LOC-04,SVC-07,2026-01-15,13,False,Priority,19.2,0,3,0,1,0,3,167
APT-002904,LOC-02,SVC-01,2026-01-16,14,False,Priority,47.3,0,4,0,1,0,3,168
APT-002905,LOC-09,SVC-01,2026-01-14,15,False,Urgent,65.5,0,2,0,1,0,3,166
APT-002908,LOC-01,SVC-01,2026-01-15,8,False,Emergency,98.7,0,3,0,1,0,3,167
APT-002909,LOC-09,SVC-08,2026-01-16,32,False,Routine,15.0,0,4,0,1,0,3,168
APT-002911,LOC-07,SVC-05,2026-01-15,36,False,Priority,36.8,0,3,0,1,0,3,167
APT-002912,LOC-01,SVC-07,2026-01-15,41,False,Priority,44.4,0,3,0,1,0,3,167
APT-002914,LOC-07,SVC-01,2026-01-17,13,False,Routine,28.3,0,5,1,1,0,3,169
APT-002917,LOC-02,SVC-08,2026-01-15,26,False,Routine,7.4,0,3,0,1,0,3,167
APT-002918,LOC-01,SVC-01,2026-01-16,20,False,Routine,6.9,0,4,0,1,0,3,168
APT-002919,LOC-06,SVC-02,2026-01-15,11,False,Routine,7.9,0,3,0,1,0,3,167
APT-002922,LOC-05,SVC-01,2026-01-16,25,False,Priority,14.3,0,4,0,1,0,3,168
APT-002923,LOC-06,SVC-01,2026-01-16,4,False,Emergency,11.8,0,4,0,1,0,3,168
APT-002924,LOC-01,SVC-09,2026-01-17,14,False,Priority,59.2,0,5,1,1,0,3,169
APT-002925,LOC-01,SVC-05,2026-01-16,22,False,Urgent,56.7,0,4,0,1,0,3,168
APT-002926,LOC-09,SVC-01,2026-01-17,57,False,Urgent,33.0,0,5,1,1,0,3,169
APT-002929,LOC-08,SVC-07,2026-01-18,29,False,Routine,38.0,0,6,1,1,0,3,170
APT-002932,LOC-02,SVC-08,2026-01-17,12,False,Urgent,29.7,0,5,1,1,0,3,169
APT-002933,LOC-05,SVC-02,2026-01-17,30,False,Routine,43.9,0,5,1,1,0,3,169
APT-002934,LOC-08,SVC-01,2026-01-18,30,False,Priority,63.8,0,6,1,1,0,3,170
APT-002936,LOC-06,SVC-01,2026-01-16,9,False,Priority,5.7,0,4,0,1,0,3,168
APT-002937,LOC-04,SVC-02,2026-01-16,9,False,Urgent,68.2,0,4,0,1,0,3,168
APT-002938,LOC-06,SVC-05,2026-01-18,12,True,Routine,13.9,0,6,1,1,0,3,170
APT-002939,LOC-03,SVC-04,2026-01-18,3,False,Routine,15.9,0,6,1,1,0,3,170
APT-002940,LOC-05,SVC-02,2026-01-16,21,False,Emergency,36.3,0,4,0,1,0,3,168
APT-002941,LOC-02,SVC-01,2026-01-16,25,False,Emergency,89.6,0,4,0,1,0,3,168
APT-002943,LOC-05,SVC-03,2026-01-18,33,False,Priority,33.5,0,6,1,1,0,3,170
APT-002944,LOC-02,SVC-07,2026-01-17,26,False,Routine,19.2,0,5,1,1,0,3,169
APT-002946,LOC-01,SVC-04,2026-01-16,25,False,Priority,82.8,0,4,0,1,0,3,168
APT-002947,LOC-03,SVC-05,2026-01-17,40,False,Urgent,35.6,0,5,1,1,0,3,169
APT-002951,LOC-06,SVC-08,2026-01-17,16,False,Urgent,57.5,0,5,1,1,0,3,169
APT-002953,LOC-05,SVC-09,2026-01-17,4,False,Priority,30.1,0,5,1,1,0,3,169
APT-002956,LOC-04,SVC-05,2026-01-17,14,False,Routine,8.7,0,5,1,1,0,3,169
APT-002957,LOC-02,SVC-05,2026-01-17,16,False,Urgent,62.5,0,5,1,1,0,3,169
APT-002958,LOC-04,SVC-06,2026-01-17,28,False,Urgent,64.8,0,5,1,1,0,3,169
APT-002959,LOC-07,SVC-04,2026-01-17,7,False,Emergency,32.8,0,5,1,1,0,3,169
APT-002961,LOC-04,SVC-07,2026-01-19,17,False,Routine,36.3,0,0,0,1,0,4,171
APT-002962,LOC-01,SVC-05,2026-01-18,5,False,Routine,24.1,0,6,1,1,0,3,170
APT-002964,LOC-10,SVC-01,2026-01-20,9,False,Priority,67.0,0,1,0,1,0,4,172
APT-002965,LOC-05,SVC-02,2026-01-18,25,False,Urgent,17.9,0,6,1,1,0,3,170
APT-002968,LOC-10,SVC-08,2026-01-22,33,False,Routine,36.5,0,3,0,1,0,4,174
APT-002969,LOC-10,SVC-09,2026-01-21,49,False,Urgent,66.5,0,2,0,1,0,4,173
APT-002970,LOC-06,SVC-01,2026-01-20,4,False,Priority,27.7,0,1,0,1,0,4,172
APT-002971,LOC-01,SVC-01,2026-01-20,26,False,Priority,33.8,0,1,0,1,0,4,172
APT-002972,LOC-10,SVC-03,2026-01-19,19,False,Routine,12.9,0,0,0,1,0,4,171
APT-002974,LOC-06,SVC-04,2026-01-21,33,False,Priority,33.6,0,2,0,1,0,4,173
APT-002975,LOC-06,SVC-07,2026-01-19,10,False,Priority,60.6,0,0,0,1,0,4,171
APT-002976,LOC-05,SVC-01,2026-01-22,31,False,Routine,44.2,0,3,0,1,0,4,174
APT-002978,LOC-09,SVC-07,2026-01-20,32,False,Urgent,63.0,0,1,0,1,0,4,172
APT-002980,LOC-06,SVC-05,2026-01-20,50,False,Emergency,86.4,0,1,0,1,0,4,172
APT-002981,LOC-01,SVC-09,2026-01-20,31,False,Routine,35.6,0,1,0,1,0,4,172
APT-002982,LOC-01,SVC-01,2026-01-20,3,False,Emergency,62.0,0,1,0,1,0,4,172
APT-002984,LOC-09,SVC-09,2026-01-21,38,False,Urgent,32.0,0,2,0,1,0,4,173
APT-002985,LOC-06,SVC-07,2026-01-20,17,False,Priority,11.0,0,1,0,1,0,4,172
APT-002988,LOC-03,SVC-06,2026-01-20,4,False,Priority,61.9,0,1,0,1,0,4,172
APT-002991,LOC-01,SVC-01,2026-01-21,15,False,Routine,16.9,0,2,0,1,0,4,173
APT-002995,LOC-04,SVC-05,2026-01-21,30,False,Urgent,86.8,0,2,0,1,0,4,173
APT-002996,LOC-05,SVC-06,2026-01-20,15,False,Routine,23.9,0,1,0,1,0,4,172
APT-002997,LOC-03,SVC-01,2026-01-20,23,False,Priority,57.4,0,1,0,1,0,4,172
APT-002998,LOC-06,SVC-06,2026-01-20,36,False,Urgent,36.3,0,1,0,1,0,4,172
APT-002999,LOC-07,SVC-05,2026-01-21,3,False,Urgent,35.2,0,2,0,1,0,4,173
APT-003000,LOC-02,SVC-04,2026-01-21,25,False,Priority,36.9,0,2,0,1,0,4,173
APT-003001,LOC-09,SVC-04,2026-01-20,21,False,Routine,5.4,0,1,0,1,0,4,172
APT-003002,LOC-07,SVC-07,2026-01-21,40,False,Priority,41.2,0,2,0,1,0,4,173
APT-003004,LOC-10,SVC-04,2026-01-21,44,True,Routine,20.0,0,2,0,1,0,4,173
APT-003005,LOC-06,SVC-05,2026-01-20,54,False,Priority,31.8,0,1,0,1,0,4,172
APT-003006,LOC-08,SVC-09,2026-01-21,14,False,Priority,16.4,0,2,0,1,0,4,173
APT-003008,LOC-01,SVC-01,2026-01-21,14,False,Routine,11.0,0,2,0,1,0,4,173
APT-003009,LOC-07,SVC-05,2026-01-23,32,False,Priority,74.6,0,4,0,1,0,4,175
APT-003011,LOC-07,SVC-03,2026-01-21,31,False,Routine,16.0,0,2,0,1,0,4,173
APT-003013,LOC-03,SVC-09,2026-01-21,5,False,Routine,46.4,0,2,0,1,0,4,173
APT-003014,LOC-10,SVC-01,2026-01-21,15,False,Routine,19.3,0,2,0,1,0,4,173
APT-003015,LOC-05,SVC-03,2026-01-22,14,False,Priority,47.0,0,3,0,1,0,4,174
APT-003016,LOC-06,SVC-02,2026-01-22,11,False,Priority,40.2,0,3,0,1,0,4,174
APT-003018,LOC-02,SVC-01,2026-01-21,11,False,Priority,33.0,0,2,0,1,0,4,173
APT-003020,LOC-05,SVC-04,2026-01-21,16,False,Emergency,34.8,0,2,0,1,0,4,173
APT-003023,LOC-01,SVC-05,2026-01-23,9,False,Routine,64.0,0,4,0,1,0,4,175
APT-003024,LOC-01,SVC-06,2026-01-21,17,False,Priority,40.3,0,2,0,1,0,4,173
APT-003025,LOC-10,SVC-07,2026-01-22,3,False,Urgent,70.0,0,3,0,1,0,4,174
APT-003028,LOC-07,SVC-05,2026-01-23,18,False,Urgent,61.2,0,4,0,1,0,4,175
APT-003029,LOC-03,SVC-03,2026-01-22,31,False,Routine,21.3,0,3,0,1,0,4,174
APT-003030,LOC-09,SVC-02,2026-01-23,24,False,Urgent,36.9,0,4,0,1,0,4,175
APT-003031,LOC-09,SVC-04,2026-01-23,14,False,Priority,22.6,0,4,0,1,0,4,175
APT-003032,LOC-07,SVC-04,2026-01-22,17,False,Urgent,19.3,0,3,0,1,0,4,174
APT-003033,LOC-09,SVC-07,2026-01-22,20,False,Emergency,33.1,0,3,0,1,0,4,174
APT-003034,LOC-06,SVC-08,2026-01-22,32,False,Urgent,90.5,0,3,0,1,0,4,174
APT-003035,LOC-03,SVC-01,2026-01-26,23,False,Routine,13.3,0,0,0,1,0,5,178
APT-003037,LOC-03,SVC-06,2026-01-22,31,False,Priority,21.8,0,3,0,1,0,4,174
APT-003038,LOC-03,SVC-05,2026-01-22,48,False,Priority,36.5,0,3,0,1,0,4,174
APT-003039,LOC-09,SVC-02,2026-01-23,43,False,Priority,65.2,0,4,0,1,0,4,175
APT-003040,LOC-08,SVC-05,2026-01-23,30,False,Routine,31.2,0,4,0,1,0,4,175
APT-003042,LOC-04,SVC-01,2026-01-24,14,False,Priority,41.1,0,5,1,1,0,4,176
APT-003044,LOC-03,SVC-01,2026-01-22,3,False,Priority,32.2,0,3,0,1,0,4,174
APT-003045,LOC-08,SVC-04,2026-01-23,27,False,Priority,31.3,0,4,0,1,0,4,175
APT-003049,LOC-08,SVC-02,2026-01-24,41,False,Routine,19.6,0,5,1,1,0,4,176
APT-003051,LOC-10,SVC-07,2026-01-24,60,False,Routine,11.8,0,5,1,1,0,4,176
APT-003053,LOC-04,SVC-05,2026-01-23,25,False,Routine,10.6,0,4,0,1,0,4,175
APT-003056,LOC-06,SVC-03,2026-01-23,15,False,Urgent,3.6,0,4,0,1,0,4,175
APT-003057,LOC-01,SVC-01,2026-01-25,18,False,Urgent,83.2,0,6,1,1,0,4,177
APT-003058,LOC-09,SVC-07,2026-01-24,12,False,Routine,22.5,0,5,1,1,0,4,176
APT-003061,LOC-09,SVC-01,2026-01-23,18,False,Emergency,68.9,0,4,0,1,0,4,175
APT-003062,LOC-09,SVC-06,2026-01-24,36,False,Priority,27.2,0,5,1,1,0,4,176
APT-003063,LOC-08,SVC-09,2026-01-25,22,False,Routine,23.7,0,6,1,1,0,4,177
APT-003064,LOC-09,SVC-05,2026-01-24,21,False,Priority,1.0,0,5,1,1,0,4,176
APT-003066,LOC-02,SVC-07,2026-01-26,4,False,Routine,47.1,0,0,0,1,0,5,178
APT-003067,LOC-04,SVC-01,2026-01-24,23,False,Routine,65.1,0,5,1,1,0,4,176
APT-003070,LOC-04,SVC-04,2026-01-24,16,False,Urgent,91.3,0,5,1,1,0,4,176
APT-003071,LOC-03,SVC-04,2026-01-24,19,False,Priority,24.2,0,5,1,1,0,4,176
APT-003072,LOC-05,SVC-05,2026-01-23,27,False,Urgent,57.1,0,4,0,1,0,4,175
APT-003073,LOC-08,SVC-02,2026-01-23,15,False,Routine,15.3,0,4,0,1,0,4,175
APT-003075,LOC-06,SVC-03,2026-01-26,10,False,Priority,75.0,0,0,0,1,0,5,178
APT-003076,LOC-06,SVC-04,2026-01-24,10,False,Urgent,19.8,0,5,1,1,0,4,176
APT-003077,LOC-09,SVC-04,2026-01-25,21,False,Routine,20.9,0,6,1,1,0,4,177
APT-003080,LOC-08,SVC-06,2026-01-27,28,False,Routine,17.4,0,1,0,1,0,5,179
APT-003081,LOC-05,SVC-03,2026-01-25,11,False,Routine,25.2,0,6,1,1,0,4,177
APT-003083,LOC-03,SVC-06,2026-01-26,17,False,Priority,44.1,0,0,0,1,0,5,178
APT-003084,LOC-03,SVC-09,2026-01-27,3,False,Routine,17.6,0,1,0,1,0,5,179
APT-003085,LOC-04,SVC-03,2026-01-26,36,False,Priority,18.8,0,0,0,1,0,5,178
APT-003086,LOC-02,SVC-05,2026-01-26,25,False,Urgent,70.6,0,0,0,1,0,5,178
APT-003088,LOC-06,SVC-03,2026-01-27,55,False,Priority,13.1,0,1,0,1,0,5,179
APT-003089,LOC-07,SVC-01,2026-01-26,27,True,Emergency,44.0,0,0,0,1,0,5,178
APT-003091,LOC-10,SVC-04,2026-01-28,16,False,Routine,16.7,0,2,0,1,0,5,180
APT-003092,LOC-04,SVC-03,2026-01-29,14,False,Routine,66.3,0,3,0,1,0,5,181
APT-003093,LOC-06,SVC-09,2026-01-28,42,False,Routine,23.3,0,2,0,1,0,5,180
APT-003094,LOC-02,SVC-06,2026-01-26,3,False,Priority,29.3,0,0,0,1,0,5,178
APT-003095,LOC-09,SVC-04,2026-01-27,25,False,Routine,20.2,0,1,0,1,0,5,179
APT-003099,LOC-10,SVC-01,2026-01-27,34,False,Routine,20.2,0,1,0,1,0,5,179
APT-003101,LOC-03,SVC-08,2026-01-27,31,False,Urgent,83.8,0,1,0,1,0,5,179
APT-003104,LOC-08,SVC-03,2026-01-27,13,False,Priority,13.5,0,1,0,1,0,5,179
APT-003105,LOC-10,SVC-04,2026-01-26,13,False,Urgent,16.2,0,0,0,1,0,5,178
APT-003106,LOC-09,SVC-05,2026-01-26,55,False,Priority,12.5,0,0,0,1,0,5,178
APT-003107,LOC-05,SVC-03,2026-01-27,20,False,Urgent,66.3,0,1,0,1,0,5,179
APT-003108,LOC-07,SVC-01,2026-01-27,20,False,Routine,17.5,0,1,0,1,0,5,179
APT-003109,LOC-10,SVC-01,2026-01-28,17,False,Priority,36.2,0,2,0,1,0,5,180
APT-003110,LOC-03,SVC-06,2026-01-28,3,False,Priority,44.5,0,2,0,1,0,5,180
APT-003111,LOC-03,SVC-05,2026-01-27,12,False,Priority,38.6,0,1,0,1,0,5,179
APT-003112,LOC-08,SVC-01,2026-01-27,4,False,Routine,17.0,0,1,0,1,0,5,179
APT-003113,LOC-02,SVC-02,2026-01-27,21,False,Emergency,80.7,0,1,0,1,0,5,179
APT-003114,LOC-02,SVC-09,2026-01-27,6,False,Urgent,19.7,0,1,0,1,0,5,179
APT-003117,LOC-06,SVC-03,2026-01-27,26,False,Priority,18.4,0,1,0,1,0,5,179
APT-003119,LOC-07,SVC-02,2026-01-29,20,True,Urgent,57.1,0,3,0,1,0,5,181
APT-003120,LOC-07,SVC-01,2026-01-29,7,False,Routine,14.2,0,3,0,1,0,5,181
APT-003121,LOC-01,SVC-01,2026-01-28,25,False,Routine,34.7,0,2,0,1,0,5,180
APT-003122,LOC-04,SVC-03,2026-01-27,13,False,Priority,41.8,0,1,0,1,0,5,179
APT-003123,LOC-09,SVC-03,2026-01-27,45,True,Emergency,42.9,0,1,0,1,0,5,179
APT-003124,LOC-01,SVC-05,2026-01-27,31,False,Routine,23.4,0,1,0,1,0,5,179
APT-003125,LOC-09,SVC-01,2026-01-27,34,False,Urgent,73.9,0,1,0,1,0,5,179
APT-003126,LOC-06,SVC-04,2026-01-28,21,True,Routine,38.1,0,2,0,1,0,5,180
APT-003127,LOC-04,SVC-01,2026-01-28,27,False,Routine,20.0,0,2,0,1,0,5,180
APT-003128,LOC-06,SVC-02,2026-01-28,21,False,Routine,21.3,0,2,0,1,0,5,180
APT-003129,LOC-03,SVC-01,2026-01-27,38,False,Priority,38.8,0,1,0,1,0,5,179
APT-003131,LOC-05,SVC-03,2026-01-28,12,False,Emergency,34.8,0,2,0,1,0,5,180
APT-003132,LOC-08,SVC-08,2026-01-28,39,False,Emergency,24.7,0,2,0,1,0,5,180
APT-003133,LOC-01,SVC-06,2026-01-28,9,False,Routine,9.5,0,2,0,1,0,5,180
APT-003136,LOC-05,SVC-05,2026-01-29,7,False,Urgent,63.8,0,3,0,1,0,5,181
APT-003139,LOC-05,SVC-02,2026-01-28,3,False,Routine,92.3,0,2,0,1,0,5,180
APT-003140,LOC-01,SVC-04,2026-01-28,11,False,Priority,36.2,0,2,0,1,0,5,180
APT-003141,LOC-03,SVC-08,2026-01-28,16,False,Routine,19.1,0,2,0,1,0,5,180
APT-003143,LOC-08,SVC-04,2026-01-30,27,False,Priority,62.8,0,4,0,1,0,5,182
APT-003144,LOC-10,SVC-02,2026-01-29,3,False,Urgent,61.2,0,3,0,1,0,5,181
APT-003145,LOC-09,SVC-02,2026-01-28,36,False,Priority,42.4,0,2,0,1,0,5,180
APT-003146,LOC-10,SVC-05,2026-01-30,45,False,Routine,6.0,0,4,0,1,0,5,182
APT-003147,LOC-02,SVC-01,2026-01-29,15,False,Priority,52.5,0,3,0,1,0,5,181
APT-003149,LOC-09,SVC-07,2026-01-30,15,True,Routine,40.2,0,4,0,1,0,5,182
APT-003150,LOC-06,SVC-05,2026-01-29,36,False,Routine,39.9,0,3,0,1,0,5,181
APT-003151,LOC-10,SVC-03,2026-01-30,22,False,Routine,68.1,0,4,0,1,0,5,182
APT-003152,LOC-03,SVC-08,2026-01-29,6,False,Routine,28.9,0,3,0,1,0,5,181
APT-003153,LOC-06,SVC-08,2026-01-28,25,False,Urgent,76.1,0,2,0,1,0,5,180
APT-003154,LOC-05,SVC-09,2026-01-30,30,False,Priority,65.6,0,4,0,1,0,5,182
APT-003156,LOC-01,SVC-09,2026-01-30,32,False,Urgent,67.7,0,4,0,1,0,5,182
APT-003157,LOC-01,SVC-07,2026-01-30,22,False,Priority,86.7,0,4,0,1,0,5,182
APT-003158,LOC-06,SVC-02,2026-01-29,20,False,Routine,21.0,0,3,0,1,0,5,181
APT-003159,LOC-09,SVC-01,2026-02-01,19,False,Priority,46.9,0,6,1,2,0,5,184
APT-003160,LOC-10,SVC-03,2026-01-30,30,False,Priority,27.5,0,4,0,1,0,5,182
APT-003162,LOC-06,SVC-05,2026-01-29,11,True,Urgent,49.2,0,3,0,1,0,5,181
APT-003164,LOC-10,SVC-01,2026-01-30,23,False,Routine,20.0,0,4,0,1,0,5,182
APT-003165,LOC-10,SVC-07,2026-01-31,28,False,Routine,21.2,0,5,1,1,0,5,183
APT-003167,LOC-06,SVC-08,2026-01-30,48,False,Routine,11.3,0,4,0,1,0,5,182
APT-003168,LOC-05,SVC-01,2026-01-29,19,False,Routine,1.0,0,3,0,1,0,5,181
APT-003174,LOC-09,SVC-01,2026-01-31,30,True,Urgent,91.1,0,5,1,1,0,5,183
APT-003175,LOC-07,SVC-06,2026-01-30,6,False,Routine,48.4,0,4,0,1,0,5,182
APT-003176,LOC-05,SVC-08,2026-01-30,32,False,Urgent,49.5,0,4,0,1,0,5,182
APT-003177,LOC-03,SVC-01,2026-01-31,23,False,Urgent,88.7,0,5,1,1,0,5,183
APT-003178,LOC-03,SVC-07,2026-02-01,20,False,Priority,36.3,0,6,1,2,0,5,184
APT-003182,LOC-01,SVC-07,2026-01-31,22,False,Priority,36.3,0,5,1,1,0,5,183
APT-003183,LOC-01,SVC-07,2026-01-30,39,False,Priority,36.3,0,4,0,1,0,5,182
APT-003185,LOC-01,SVC-06,2026-02-02,23,False,Routine,44.8,0,0,0,2,0,6,185
APT-003186,LOC-10,SVC-09,2026-02-01,34,False,Urgent,77.9,0,6,1,2,0,5,184
APT-003187,LOC-10,SVC-07,2026-01-30,44,False,Routine,2.4,0,4,0,1,0,5,182
APT-003190,LOC-09,SVC-02,2026-01-30,9,False,Urgent,14.4,0,4,0,1,0,5,182
APT-003191,LOC-04,SVC-05,2026-01-31,3,False,Priority,37.8,0,5,1,1,0,5,183
APT-003192,LOC-04,SVC-01,2026-01-30,19,False,Priority,10.7,0,4,0,1,0,5,182
APT-003193,LOC-03,SVC-03,2026-01-31,23,False,Priority,8.7,0,5,1,1,0,5,183
APT-003194,LOC-07,SVC-04,2026-02-01,32,False,Routine,7.9,0,6,1,2,0,5,184
APT-003195,LOC-03,SVC-03,2026-02-02,12,False,Priority,7.3,0,0,0,2,0,6,185
APT-003197,LOC-08,SVC-05,2026-01-31,3,False,Priority,57.2,0,5,1,1,0,5,183
APT-003198,LOC-01,SVC-06,2026-01-31,11,False,Urgent,86.9,0,5,1,1,0,5,183
APT-003200,LOC-07,SVC-03,2026-01-31,24,False,Urgent,82.4,0,5,1,1,0,5,183
APT-003201,LOC-08,SVC-01,2026-02-01,24,False,Routine,14.9,0,6,1,2,0,5,184
APT-003202,LOC-05,SVC-01,2026-02-01,27,False,Emergency,36.3,0,6,1,2,0,5,184
APT-003205,LOC-06,SVC-03,2026-02-01,17,False,Routine,28.0,0,6,1,2,0,5,184
APT-003208,LOC-01,SVC-05,2026-02-02,28,False,Priority,83.1,0,0,0,2,0,6,185
APT-003209,LOC-05,SVC-07,2026-02-02,29,False,Priority,24.6,0,0,0,2,0,6,185
APT-003210,LOC-01,SVC-04,2026-02-01,27,False,Priority,45.6,0,6,1,2,0,5,184
APT-003212,LOC-03,SVC-06,2026-02-04,14,False,Routine,23.2,0,2,0,2,0,6,187
APT-003213,LOC-03,SVC-01,2026-02-05,18,False,Routine,63.2,0,3,0,2,0,6,188
APT-003214,LOC-07,SVC-06,2026-02-03,33,False,Routine,13.6,0,1,0,2,0,6,186
APT-003216,LOC-10,SVC-04,2026-02-02,53,False,Priority,72.2,0,0,0,2,0,6,185
APT-003217,LOC-06,SVC-05,2026-02-04,15,False,Priority,29.2,0,2,0,2,0,6,187
APT-003219,LOC-06,SVC-04,2026-02-02,9,False,Emergency,65.4,0,0,0,2,0,6,185
APT-003222,LOC-10,SVC-07,2026-02-02,5,False,Priority,23.3,0,0,0,2,0,6,185
APT-003223,LOC-02,SVC-01,2026-02-05,44,False,Routine,65.6,0,3,0,2,0,6,188
APT-003224,LOC-04,SVC-01,2026-02-02,17,False,Priority,17.3,0,0,0,2,0,6,185
APT-003225,LOC-04,SVC-05,2026-02-04,12,False,Priority,12.5,0,2,0,2,0,6,187
APT-003226,LOC-01,SVC-08,2026-02-03,18,False,Routine,33.8,0,1,0,2,0,6,186
APT-003229,LOC-09,SVC-02,2026-02-03,3,False,Priority,21.6,0,1,0,2,0,6,186
APT-003231,LOC-05,SVC-04,2026-02-03,14,False,Priority,39.0,0,1,0,2,0,6,186
APT-003232,LOC-07,SVC-06,2026-02-04,12,False,Routine,29.2,0,2,0,2,0,6,187
APT-003234,LOC-05,SVC-07,2026-02-04,15,False,Routine,9.3,0,2,0,2,0,6,187
APT-003238,LOC-09,SVC-04,2026-02-04,3,False,Routine,21.1,0,2,0,2,0,6,187
APT-003239,LOC-04,SVC-05,2026-02-03,24,False,Routine,33.7,0,1,0,2,0,6,186
APT-003240,LOC-06,SVC-03,2026-02-05,3,False,Priority,40.2,0,3,0,2,0,6,188
APT-003241,LOC-01,SVC-02,2026-02-05,22,False,Routine,66.8,0,3,0,2,0,6,188
APT-003242,LOC-02,SVC-03,2026-02-03,27,False,Urgent,36.3,0,1,0,2,0,6,186
APT-003243,LOC-09,SVC-03,2026-02-04,28,False,Urgent,24.9,0,2,0,2,0,6,187
APT-003244,LOC-03,SVC-01,2026-02-03,28,False,Urgent,61.1,0,1,0,2,0,6,186
APT-003245,LOC-03,SVC-02,2026-02-03,5,False,Routine,15.6,0,1,0,2,0,6,186
APT-003246,LOC-07,SVC-09,2026-02-03,15,False,Routine,22.5,0,1,0,2,0,6,186
APT-003247,LOC-01,SVC-08,2026-02-03,26,False,Urgent,83.4,0,1,0,2,0,6,186
APT-003249,LOC-08,SVC-02,2026-02-03,29,False,Priority,7.9,0,1,0,2,0,6,186
APT-003250,LOC-04,SVC-07,2026-02-03,9,False,Routine,19.2,0,1,0,2,0,6,186
APT-003251,LOC-04,SVC-01,2026-02-05,22,False,Routine,6.6,0,3,0,2,0,6,188
APT-003252,LOC-06,SVC-08,2026-02-08,25,False,Routine,30.7,0,6,1,2,0,6,191
APT-003254,LOC-06,SVC-07,2026-02-05,12,False,Priority,62.7,0,3,0,2,0,6,188
APT-003255,LOC-02,SVC-02,2026-02-05,31,False,Urgent,92.2,0,3,0,2,0,6,188
APT-003256,LOC-09,SVC-01,2026-02-06,52,False,Priority,57.5,0,4,0,2,0,6,189
APT-003258,LOC-03,SVC-05,2026-02-04,8,False,Priority,19.6,0,2,0,2,0,6,187
APT-003259,LOC-08,SVC-04,2026-02-05,18,False,Routine,23.3,0,3,0,2,0,6,188
APT-003260,LOC-05,SVC-04,2026-02-05,23,False,Priority,31.8,0,3,0,2,0,6,188
APT-003262,LOC-01,SVC-05,2026-02-04,3,False,Routine,15.3,0,2,0,2,0,6,187
APT-003264,LOC-09,SVC-02,2026-02-05,19,False,Routine,31.6,0,3,0,2,0,6,188
APT-003265,LOC-10,SVC-03,2026-02-04,63,False,Priority,86.8,0,2,0,2,0,6,187
APT-003267,LOC-10,SVC-01,2026-02-04,15,False,Urgent,38.8,0,2,0,2,0,6,187
APT-003269,LOC-03,SVC-01,2026-02-05,13,False,Routine,20.6,0,3,0,2,0,6,188
APT-003270,LOC-02,SVC-03,2026-02-04,9,False,Priority,4.3,0,2,0,2,0,6,187
APT-003272,LOC-04,SVC-05,2026-02-06,12,False,Priority,59.7,0,4,0,2,0,6,189
APT-003273,LOC-03,SVC-06,2026-02-04,32,False,Priority,14.8,0,2,0,2,0,6,187
APT-003275,LOC-08,SVC-01,2026-02-05,22,False,Urgent,36.3,0,3,0,2,0,6,188
APT-003278,LOC-04,SVC-09,2026-02-07,31,False,Routine,1.4,0,5,1,2,0,6,190
APT-003279,LOC-02,SVC-01,2026-02-05,4,False,Priority,35.0,0,3,0,2,0,6,188
APT-003280,LOC-06,SVC-04,2026-02-07,31,False,Routine,27.5,0,5,1,2,0,6,190
APT-003281,LOC-01,SVC-06,2026-02-05,11,False,Priority,65.6,0,3,0,2,0,6,188
APT-003282,LOC-05,SVC-07,2026-02-06,25,False,Routine,65.6,0,4,0,2,0,6,189
APT-003284,LOC-02,SVC-01,2026-02-05,26,False,Emergency,33.8,0,3,0,2,0,6,188
APT-003285,LOC-08,SVC-02,2026-02-05,26,False,Priority,11.0,0,3,0,2,0,6,188
APT-003287,LOC-04,SVC-05,2026-02-05,21,False,Urgent,18.5,0,3,0,2,0,6,188
APT-003288,LOC-06,SVC-02,2026-02-05,44,False,Priority,47.9,0,3,0,2,0,6,188
APT-003289,LOC-07,SVC-01,2026-02-06,44,False,Routine,22.5,0,4,0,2,0,6,189
APT-003290,LOC-04,SVC-03,2026-02-05,3,False,Urgent,74.4,0,3,0,2,0,6,188
APT-003291,LOC-08,SVC-04,2026-02-07,17,False,Priority,70.4,0,5,1,2,0,6,190
APT-003292,LOC-07,SVC-05,2026-02-06,35,False,Priority,45.5,0,4,0,2,0,6,189
APT-003293,LOC-10,SVC-01,2026-02-05,24,False,Emergency,59.2,0,3,0,2,0,6,188
APT-003294,LOC-02,SVC-01,2026-02-06,28,False,Priority,88.8,0,4,0,2,0,6,189
APT-003297,LOC-09,SVC-01,2026-02-06,31,False,Urgent,71.3,0,4,0,2,0,6,189
APT-003299,LOC-07,SVC-05,2026-02-08,18,False,Urgent,62.1,0,6,1,2,0,6,191
APT-003301,LOC-07,SVC-04,2026-02-07,10,False,Priority,49.9,0,5,1,2,0,6,190
APT-003302,LOC-09,SVC-04,2026-02-07,50,False,Urgent,40.0,0,5,1,2,0,6,190
APT-003303,LOC-01,SVC-01,2026-02-07,3,False,Routine,11.0,0,5,1,2,0,6,190
APT-003304,LOC-06,SVC-05,2026-02-08,23,False,Routine,28.7,0,6,1,2,0,6,191
APT-003306,LOC-04,SVC-06,2026-02-09,21,False,Routine,21.1,0,0,0,2,0,7,192
APT-003311,LOC-01,SVC-02,2026-02-07,32,False,Routine,21.5,0,5,1,2,0,6,190
APT-003312,LOC-08,SVC-02,2026-02-08,6,False,Priority,16.6,0,6,1,2,0,6,191
APT-003315,LOC-01,SVC-01,2026-02-07,5,False,Routine,27.4,0,5,1,2,0,6,190
APT-003318,LOC-07,SVC-04,2026-02-07,50,False,Routine,9.0,0,5,1,2,0,6,190
APT-003319,LOC-06,SVC-06,2026-02-07,25,False,Routine,14.5,0,5,1,2,0,6,190
APT-003321,LOC-06,SVC-01,2026-02-07,18,False,Priority,14.9,0,5,1,2,0,6,190
APT-003322,LOC-07,SVC-01,2026-02-07,3,False,Routine,43.6,0,5,1,2,0,6,190
APT-003324,LOC-06,SVC-02,2026-02-07,50,False,Urgent,27.8,0,5,1,2,0,6,190
APT-003328,LOC-07,SVC-09,2026-02-07,28,False,Priority,42.9,0,5,1,2,0,6,190
APT-003329,LOC-08,SVC-05,2026-02-08,40,False,Routine,13.8,0,6,1,2,0,6,191
APT-003330,LOC-05,SVC-03,2026-02-09,18,False,Routine,37.1,0,0,0,2,0,7,192
APT-003331,LOC-07,SVC-07,2026-02-09,24,False,Routine,27.9,0,0,0,2,0,7,192
APT-003334,LOC-03,SVC-03,2026-02-10,27,False,Routine,36.3,0,1,0,2,0,7,193
APT-003336,LOC-10,SVC-03,2026-02-08,20,False,Urgent,67.7,0,6,1,2,0,6,191
APT-003337,LOC-06,SVC-02,2026-02-08,23,False,Priority,44.6,0,6,1,2,0,6,191
APT-003339,LOC-10,SVC-04,2026-02-09,15,False,Routine,46.8,0,0,0,2,0,7,192
APT-003341,LOC-03,SVC-07,2026-02-08,3,True,Priority,77.5,0,6,1,2,0,6,191
APT-003342,LOC-06,SVC-02,2026-02-09,33,False,Routine,38.2,0,0,0,2,0,7,192
APT-003344,LOC-08,SVC-02,2026-02-09,21,False,Priority,56.5,0,0,0,2,0,7,192
APT-003345,LOC-03,SVC-04,2026-02-09,33,False,Emergency,33.2,0,0,0,2,0,7,192
APT-003346,LOC-01,SVC-06,2026-02-09,30,False,Priority,82.2,0,0,0,2,0,7,192
APT-003349,LOC-08,SVC-05,2026-02-09,3,False,Urgent,42.8,0,0,0,2,0,7,192
APT-003351,LOC-05,SVC-01,2026-02-10,33,False,Priority,46.8,0,1,0,2,0,7,193
APT-003352,LOC-01,SVC-06,2026-02-10,12,True,Priority,12.9,0,1,0,2,0,7,193
APT-003353,LOC-06,SVC-05,2026-02-09,22,False,Priority,33.0,0,0,0,2,0,7,192
APT-003355,LOC-06,SVC-03,2026-02-10,22,False,Routine,53.6,0,1,0,2,0,7,193
APT-003356,LOC-01,SVC-05,2026-02-11,7,False,Priority,39.1,0,2,0,2,0,7,194
APT-003357,LOC-06,SVC-01,2026-02-10,31,False,Routine,38.8,0,1,0,2,0,7,193
APT-003359,LOC-10,SVC-06,2026-02-09,33,False,Routine,1.4,0,0,0,2,0,7,192
APT-003361,LOC-04,SVC-03,2026-02-10,30,False,Routine,17.3,0,1,0,2,0,7,193
APT-003362,LOC-07,SVC-07,2026-02-14,3,False,Priority,58.9,0,5,1,2,0,7,197
APT-003363,LOC-01,SVC-06,2026-02-10,24,False,Urgent,68.1,0,1,0,2,0,7,193
APT-003365,LOC-02,SVC-05,2026-02-13,3,False,Priority,63.3,0,4,0,2,0,7,196
APT-003368,LOC-08,SVC-01,2026-02-13,28,False,Routine,23.7,0,4,0,2,0,7,196
APT-003370,LOC-06,SVC-01,2026-02-10,26,False,Urgent,17.0,0,1,0,2,0,7,193
APT-003373,LOC-01,SVC-06,2026-02-10,5,False,Priority,36.3,0,1,0,2,0,7,193
APT-003374,LOC-06,SVC-06,2026-02-10,31,False,Priority,33.5,0,1,0,2,0,7,193
APT-003375,LOC-03,SVC-06,2026-02-10,37,False,Routine,16.6,0,1,0,2,0,7,193
APT-003376,LOC-03,SVC-01,2026-02-13,6,False,Routine,48.8,0,4,0,2,0,7,196
APT-003377,LOC-03,SVC-01,2026-02-11,27,False,Routine,17.9,0,2,0,2,0,7,194
APT-003378,LOC-08,SVC-04,2026-02-11,3,False,Routine,17.1,0,2,0,2,0,7,194
APT-003379,LOC-06,SVC-01,2026-02-10,34,False,Emergency,62.6,0,1,0,2,0,7,193
APT-003382,LOC-06,SVC-07,2026-02-10,40,False,Urgent,32.3,0,1,0,2,0,7,193
APT-003384,LOC-10,SVC-06,2026-02-10,39,False,Priority,27.4,0,1,0,2,0,7,193
APT-003385,LOC-05,SVC-09,2026-02-11,25,False,Urgent,43.1,0,2,0,2,0,7,194
APT-003387,LOC-03,SVC-01,2026-02-10,8,False,Routine,22.3,0,1,0,2,0,7,193
APT-003388,LOC-05,SVC-05,2026-02-10,23,False,Routine,41.9,0,1,0,2,0,7,193
APT-003391,LOC-09,SVC-06,2026-02-15,12,False,Routine,86.2,0,6,1,2,0,7,198
APT-003392,LOC-03,SVC-01,2026-02-11,35,False,Emergency,78.0,0,2,0,2,0,7,194
APT-003393,LOC-01,SVC-04,2026-02-11,31,False,Priority,37.5,0,2,0,2,0,7,194
APT-003395,LOC-04,SVC-01,2026-02-11,3,False,Priority,38.4,0,2,0,2,0,7,194
APT-003396,LOC-01,SVC-06,2026-02-11,22,False,Routine,18.9,0,2,0,2,0,7,194
APT-003397,LOC-05,SVC-02,2026-02-11,16,False,Priority,86.6,0,2,0,2,0,7,194
APT-003399,LOC-09,SVC-04,2026-02-12,24,False,Priority,44.1,0,3,0,2,0,7,195
APT-003401,LOC-06,SVC-03,2026-02-12,55,False,Routine,29.8,0,3,0,2,0,7,195
APT-003402,LOC-02,SVC-05,2026-02-12,7,False,Priority,55.0,0,3,0,2,0,7,195
APT-003403,LOC-10,SVC-01,2026-02-14,38,True,Routine,73.6,0,5,1,2,0,7,197
APT-003404,LOC-10,SVC-03,2026-02-12,32,False,Priority,39.8,0,3,0,2,0,7,195
APT-003405,LOC-06,SVC-04,2026-02-11,39,False,Priority,22.1,0,2,0,2,0,7,194
APT-003407,LOC-02,SVC-01,2026-02-11,19,False,Urgent,12.0,0,2,0,2,0,7,194
APT-003408,LOC-03,SVC-04,2026-02-11,8,False,Urgent,58.1,0,2,0,2,0,7,194
APT-003409,LOC-02,SVC-02,2026-02-13,34,False,Priority,20.6,0,4,0,2,0,7,196
APT-003410,LOC-03,SVC-06,2026-02-11,11,False,Urgent,42.6,0,2,0,2,0,7,194
APT-003411,LOC-09,SVC-01,2026-02-13,46,False,Routine,32.4,0,4,0,2,0,7,196
APT-003412,LOC-03,SVC-07,2026-02-11,16,False,Routine,26.6,0,2,0,2,0,7,194
APT-003413,LOC-08,SVC-04,2026-02-11,3,False,Routine,11.9,0,2,0,2,0,7,194
APT-003414,LOC-08,SVC-01,2026-02-14,40,False,Routine,46.6,0,5,1,2,0,7,197
APT-003415,LOC-04,SVC-01,2026-02-12,16,False,Priority,31.7,0,3,0,2,0,7,195
APT-003416,LOC-07,SVC-01,2026-02-13,19,False,Routine,45.6,0,4,0,2,0,7,196
APT-003419,LOC-04,SVC-02,2026-02-11,38,False,Routine,6.1,0,2,0,2,0,7,194
APT-003420,LOC-02,SVC-07,2026-02-12,22,False,Priority,38.6,0,3,0,2,0,7,195
APT-003421,LOC-07,SVC-05,2026-02-13,46,False,Routine,10.9,0,4,0,2,0,7,196
APT-003422,LOC-03,SVC-06,2026-02-12,13,False,Routine,9.2,0,3,0,2,0,7,195
APT-003423,LOC-06,SVC-07,2026-02-12,24,False,Routine,24.3,0,3,0,2,0,7,195
APT-003424,LOC-01,SVC-01,2026-02-12,35,False,Routine,35.9,0,3,0,2,0,7,195
APT-003425,LOC-07,SVC-04,2026-02-14,31,False,Routine,18.3,0,5,1,2,0,7,197
APT-003428,LOC-08,SVC-02,2026-02-13,24,False,Routine,42.2,0,4,0,2,0,7,196
APT-003429,LOC-07,SVC-09,2026-02-13,36,False,Routine,13.3,0,4,0,2,0,7,196
APT-003430,LOC-05,SVC-05,2026-02-12,23,False,Priority,36.3,0,3,0,2,0,7,195
APT-003431,LOC-05,SVC-05,2026-02-12,3,False,Urgent,80.5,0,3,0,2,0,7,195
APT-003432,LOC-02,SVC-09,2026-02-13,17,False,Routine,15.0,0,4,0,2,0,7,196
APT-003434,LOC-02,SVC-01,2026-02-12,29,False,Urgent,30.5,0,3,0,2,0,7,195
APT-003436,LOC-06,SVC-01,2026-02-12,27,False,Priority,27.0,0,3,0,2,0,7,195
APT-003438,LOC-10,SVC-06,2026-02-13,14,False,Routine,15.3,0,4,0,2,0,7,196
APT-003439,LOC-04,SVC-02,2026-02-12,18,False,Routine,35.6,0,3,0,2,0,7,195
APT-003441,LOC-02,SVC-07,2026-02-15,26,False,Priority,88.8,0,6,1,2,0,7,198
APT-003447,LOC-01,SVC-01,2026-02-12,15,False,Routine,37.7,0,3,0,2,0,7,195
APT-003449,LOC-10,SVC-01,2026-02-13,30,False,Urgent,14.1,0,4,0,2,0,7,196
APT-003450,LOC-03,SVC-01,2026-02-12,20,False,Priority,36.3,0,3,0,2,0,7,195
APT-003451,LOC-10,SVC-04,2026-02-14,68,False,Routine,14.6,0,5,1,2,0,7,197
APT-003452,LOC-07,SVC-07,2026-02-13,50,False,Urgent,38.6,0,4,0,2,0,7,196
APT-003454,LOC-10,SVC-02,2026-02-14,16,False,Urgent,41.5,0,5,1,2,0,7,197
APT-003456,LOC-01,SVC-07,2026-02-13,37,False,Routine,14.9,0,4,0,2,0,7,196
APT-003457,LOC-10,SVC-01,2026-02-13,21,False,Priority,79.0,0,4,0,2,0,7,196
APT-003458,LOC-03,SVC-01,2026-02-14,25,False,Routine,17.4,0,5,1,2,0,7,197
APT-003459,LOC-01,SVC-07,2026-02-14,26,False,Priority,30.7,0,5,1,2,0,7,197
APT-003461,LOC-06,SVC-07,2026-02-15,46,False,Urgent,23.3,0,6,1,2,0,7,198
APT-003462,LOC-08,SVC-03,2026-02-13,46,False,Urgent,39.4,0,4,0,2,0,7,196
APT-003463,LOC-06,SVC-07,2026-02-13,22,False,Priority,25.3,0,4,0,2,0,7,196
APT-003469,LOC-08,SVC-05,2026-02-13,21,False,Routine,7.1,0,4,0,2,0,7,196
APT-003470,LOC-07,SVC-01,2026-02-13,43,False,Priority,41.4,0,4,0,2,0,7,196
APT-003471,LOC-06,SVC-03,2026-02-15,21,False,Routine,19.9,0,6,1,2,0,7,198
APT-003473,LOC-09,SVC-04,2026-02-13,28,False,Urgent,36.3,0,4,0,2,0,7,196
APT-003474,LOC-08,SVC-02,2026-02-16,22,False,Routine,24.3,0,0,0,2,0,8,199
APT-003476,LOC-03,SVC-04,2026-02-15,18,False,Routine,40.6,0,6,1,2,0,7,198
APT-003477,LOC-05,SVC-01,2026-02-14,35,False,Priority,74.0,0,5,1,2,0,7,197
APT-003479,LOC-01,SVC-05,2026-02-15,14,False,Priority,26.9,0,6,1,2,0,7,198
APT-003480,LOC-06,SVC-05,2026-02-14,25,False,Routine,16.3,0,5,1,2,0,7,197
APT-003482,LOC-09,SVC-01,2026-02-14,14,False,Urgent,39.6,0,5,1,2,0,7,197
APT-003484,LOC-08,SVC-04,2026-02-17,27,False,Routine,5.8,0,1,0,2,0,8,200
APT-003489,LOC-03,SVC-05,2026-02-15,21,False,Priority,15.5,0,6,1,2,0,7,198
APT-003494,LOC-07,SVC-03,2026-02-17,27,False,Routine,37.9,0,1,0,2,0,8,200
APT-003498,LOC-02,SVC-05,2026-02-16,33,False,Priority,20.0,0,0,0,2,0,8,199
APT-003500,LOC-07,SVC-01,2026-02-16,39,False,Routine,14.6,0,0,0,2,0,8,199
APT-003502,LOC-01,SVC-05,2026-02-16,58,False,Urgent,50.4,0,0,0,2,0,8,199
APT-003503,LOC-02,SVC-05,2026-02-18,3,False,Routine,82.9,0,2,0,2,0,8,201
APT-003505,LOC-09,SVC-01,2026-02-19,3,False,Priority,71.6,0,3,0,2,0,8,202
APT-003506,LOC-03,SVC-06,2026-02-17,33,False,Priority,62.9,0,1,0,2,0,8,200
APT-003508,LOC-03,SVC-05,2026-02-17,26,False,Priority,83.4,0,1,0,2,0,8,200
APT-003509,LOC-01,SVC-05,2026-02-20,27,False,Routine,69.6,0,4,0,2,0,8,203
APT-003512,LOC-06,SVC-03,2026-02-17,39,False,Priority,64.6,0,1,0,2,0,8,200
APT-003513,LOC-09,SVC-06,2026-02-18,32,False,Routine,46.7,0,2,0,2,0,8,201
APT-003514,LOC-06,SVC-01,2026-02-19,5,False,Priority,71.8,0,3,0,2,0,8,202
APT-003515,LOC-05,SVC-01,2026-02-17,23,False,Routine,51.1,0,1,0,2,0,8,200
APT-003516,LOC-05,SVC-08,2026-02-17,13,False,Urgent,61.6,0,1,0,2,0,8,200
APT-003517,LOC-06,SVC-05,2026-02-17,36,False,Urgent,64.8,0,1,0,2,0,8,200
APT-003520,LOC-03,SVC-02,2026-02-18,45,False,Priority,43.9,0,2,0,2,0,8,201
APT-003521,LOC-07,SVC-01,2026-02-18,41,False,Urgent,34.2,0,2,0,2,0,8,201
APT-003522,LOC-09,SVC-02,2026-02-18,8,False,Priority,27.4,0,2,0,2,0,8,201
APT-003523,LOC-07,SVC-03,2026-02-21,58,False,Routine,19.8,0,5,1,2,0,8,204
APT-003526,LOC-06,SVC-05,2026-02-19,22,False,Routine,16.7,0,3,0,2,0,8,202
APT-003527,LOC-09,SVC-06,2026-02-19,17,False,Routine,35.1,0,3,0,2,0,8,202
APT-003528,LOC-04,SVC-06,2026-02-17,18,False,Urgent,32.5,0,1,0,2,0,8,200
APT-003530,LOC-07,SVC-01,2026-02-19,19,True,Urgent,45.7,0,3,0,2,0,8,202
APT-003531,LOC-08,SVC-03,2026-02-18,50,False,Priority,36.4,0,2,0,2,0,8,201
APT-003533,LOC-10,SVC-03,2026-02-19,18,False,Urgent,66.9,0,3,0,2,0,8,202
APT-003534,LOC-03,SVC-05,2026-02-18,15,False,Routine,10.9,0,2,0,2,0,8,201
APT-003535,LOC-10,SVC-04,2026-02-19,32,False,Routine,13.0,0,3,0,2,0,8,202
APT-003536,LOC-05,SVC-01,2026-02-19,18,False,Routine,41.2,0,3,0,2,0,8,202
APT-003538,LOC-08,SVC-04,2026-02-18,18,False,Routine,40.9,0,2,0,2,0,8,201
APT-003539,LOC-09,SVC-04,2026-02-19,5,False,Routine,50.5,0,3,0,2,0,8,202
APT-003540,LOC-08,SVC-01,2026-02-19,20,False,Priority,98.7,0,3,0,2,0,8,202
APT-003541,LOC-03,SVC-07,2026-02-19,26,False,Routine,35.5,0,3,0,2,0,8,202
APT-003542,LOC-05,SVC-03,2026-02-19,25,False,Routine,24.6,0,3,0,2,0,8,202
APT-003545,LOC-03,SVC-08,2026-02-18,27,False,Urgent,14.5,0,2,0,2,0,8,201
APT-003548,LOC-09,SVC-01,2026-02-20,10,False,Priority,33.4,0,4,0,2,0,8,203
APT-003549,LOC-08,SVC-02,2026-02-22,30,False,Routine,10.9,0,6,1,2,0,8,205
APT-003550,LOC-06,SVC-05,2026-02-19,27,False,Routine,43.8,0,3,0,2,0,8,202
APT-003551,LOC-05,SVC-05,2026-02-19,19,False,Urgent,34.6,0,3,0,2,0,8,202
APT-003552,LOC-01,SVC-06,2026-02-19,27,False,Routine,13.5,0,3,0,2,0,8,202
APT-003553,LOC-02,SVC-09,2026-02-19,40,False,Urgent,56.3,0,3,0,2,0,8,202
APT-003554,LOC-02,SVC-02,2026-02-20,14,False,Priority,40.1,0,4,0,2,0,8,203
APT-003555,LOC-06,SVC-07,2026-02-19,31,False,Routine,13.6,0,3,0,2,0,8,202
APT-003556,LOC-10,SVC-06,2026-02-19,25,False,Routine,4.8,0,3,0,2,0,8,202
APT-003557,LOC-04,SVC-02,2026-02-19,25,False,Urgent,84.2,0,3,0,2,0,8,202
APT-003559,LOC-10,SVC-02,2026-02-20,25,False,Routine,12.9,0,4,0,2,0,8,203
APT-003560,LOC-10,SVC-05,2026-02-19,39,False,Routine,7.0,0,3,0,2,0,8,202
APT-003561,LOC-02,SVC-01,2026-02-19,21,False,Priority,39.9,0,3,0,2,0,8,202
APT-003562,LOC-06,SVC-02,2026-02-20,30,False,Routine,16.7,0,4,0,2,0,8,203
APT-003563,LOC-05,SVC-04,2026-02-20,3,False,Priority,55.1,0,4,0,2,0,8,203
APT-003564,LOC-01,SVC-05,2026-02-21,12,False,Routine,52.7,0,5,1,2,0,8,204
APT-003565,LOC-05,SVC-05,2026-02-19,12,False,Urgent,60.4,0,3,0,2,0,8,202
APT-003567,LOC-09,SVC-06,2026-02-22,27,False,Routine,39.8,0,6,1,2,0,8,205
APT-003570,LOC-05,SVC-05,2026-02-19,3,False,Priority,62.0,0,3,0,2,0,8,202
APT-003571,LOC-10,SVC-08,2026-02-20,15,False,Routine,43.7,0,4,0,2,0,8,203
APT-003573,LOC-01,SVC-03,2026-02-20,19,False,Routine,53.3,0,4,0,2,0,8,203
APT-003576,LOC-03,SVC-09,2026-02-20,13,False,Urgent,91.0,0,4,0,2,0,8,203
APT-003577,LOC-09,SVC-03,2026-02-23,45,False,Priority,65.9,0,0,0,2,0,9,206
APT-003578,LOC-05,SVC-07,2026-02-20,28,True,Priority,15.6,0,4,0,2,0,8,203
APT-003580,LOC-08,SVC-01,2026-02-20,47,False,Urgent,41.6,0,4,0,2,0,8,203
APT-003581,LOC-08,SVC-05,2026-02-20,15,False,Routine,65.5,0,4,0,2,0,8,203
APT-003583,LOC-04,SVC-05,2026-02-20,21,False,Emergency,85.1,0,4,0,2,0,8,203
APT-003584,LOC-01,SVC-01,2026-02-22,29,False,Routine,12.8,0,6,1,2,0,8,205
APT-003585,LOC-05,SVC-01,2026-02-20,30,True,Priority,63.3,0,4,0,2,0,8,203
APT-003587,LOC-06,SVC-09,2026-02-22,31,False,Priority,40.6,0,6,1,2,0,8,205
APT-003590,LOC-06,SVC-06,2026-02-21,35,False,Urgent,82.6,0,5,1,2,0,8,204
APT-003593,LOC-07,SVC-09,2026-02-21,12,False,Routine,24.6,0,5,1,2,0,8,204
APT-003595,LOC-06,SVC-09,2026-02-22,37,False,Urgent,33.6,0,6,1,2,0,8,205
APT-003596,LOC-08,SVC-04,2026-02-21,11,False,Routine,11.6,0,5,1,2,0,8,204
APT-003597,LOC-02,SVC-09,2026-02-21,37,False,Priority,38.1,0,5,1,2,0,8,204
APT-003598,LOC-02,SVC-03,2026-02-21,36,False,Urgent,12.4,0,5,1,2,0,8,204
APT-003599,LOC-06,SVC-01,2026-02-22,45,False,Routine,43.2,0,6,1,2,0,8,205
APT-003600,LOC-04,SVC-09,2026-02-21,15,False,Emergency,63.4,0,5,1,2,0,8,204
APT-003602,LOC-08,SVC-05,2026-02-23,17,False,Routine,18.8,0,0,0,2,0,9,206
APT-003606,LOC-05,SVC-06,2026-02-22,37,False,Routine,17.4,0,6,1,2,0,8,205
APT-003607,LOC-07,SVC-07,2026-02-25,40,False,Urgent,36.3,0,2,0,2,0,9,208
APT-003609,LOC-07,SVC-03,2026-02-23,7,False,Routine,14.5,0,0,0,2,0,9,206
APT-003610,LOC-07,SVC-07,2026-02-24,40,False,Urgent,82.0,0,1,0,2,0,9,207
APT-003612,LOC-02,SVC-05,2026-02-23,26,False,Emergency,65.4,0,0,0,2,0,9,206
APT-003615,LOC-10,SVC-01,2026-02-24,34,False,Routine,13.8,0,1,0,2,0,9,207
APT-003619,LOC-01,SVC-03,2026-02-24,10,False,Priority,39.6,0,1,0,2,0,9,207
APT-003620,LOC-01,SVC-01,2026-02-24,26,True,Routine,47.2,0,1,0,2,0,9,207
APT-003624,LOC-06,SVC-05,2026-02-25,22,False,Routine,25.8,0,2,0,2,0,9,208
APT-003625,LOC-10,SVC-01,2026-02-23,27,False,Routine,15.0,0,0,0,2,0,9,206
APT-003626,LOC-02,SVC-05,2026-02-23,3,False,Urgent,82.2,0,0,0,2,0,9,206
APT-003627,LOC-04,SVC-01,2026-02-24,17,False,Priority,47.3,0,1,0,2,0,9,207
APT-003629,LOC-03,SVC-03,2026-02-24,3,False,Urgent,47.4,0,1,0,2,0,9,207
APT-003630,LOC-07,SVC-01,2026-02-25,23,False,Urgent,37.4,0,2,0,2,0,9,208
APT-003634,LOC-01,SVC-07,2026-02-24,37,False,Priority,6.3,0,1,0,2,0,9,207
APT-003635,LOC-08,SVC-01,2026-02-26,30,False,Routine,5.6,0,3,0,2,0,9,209
APT-003636,LOC-03,SVC-02,2026-02-24,23,False,Routine,25.3,0,1,0,2,0,9,207
APT-003637,LOC-03,SVC-04,2026-02-25,21,False,Priority,13.0,0,2,0,2,0,9,208
APT-003638,LOC-10,SVC-01,2026-02-26,40,False,Routine,20.0,0,3,0,2,0,9,209
APT-003639,LOC-03,SVC-05,2026-02-25,30,False,Routine,30.4,0,2,0,2,0,9,208
APT-003642,LOC-05,SVC-05,2026-02-24,9,False,Urgent,69.1,0,1,0,2,0,9,207
APT-003643,LOC-08,SVC-01,2026-02-25,12,False,Priority,34.8,0,2,0,2,0,9,208
APT-003645,LOC-04,SVC-01,2026-02-24,8,False,Routine,5.1,0,1,0,2,0,9,207
APT-003646,LOC-10,SVC-01,2026-02-24,32,False,Priority,67.2,0,1,0,2,0,9,207
APT-003648,LOC-09,SVC-04,2026-02-25,25,False,Priority,8.9,0,2,0,2,0,9,208
APT-003649,LOC-01,SVC-01,2026-02-24,23,False,Priority,63.8,0,1,0,2,0,9,207
APT-003652,LOC-07,SVC-08,2026-03-02,9,False,Routine,76.8,0,0,0,3,0,10,213
APT-003656,LOC-07,SVC-05,2026-02-27,37,False,Routine,37.5,0,4,0,2,0,9,210
APT-003658,LOC-01,SVC-05,2026-02-25,11,False,Routine,36.3,0,2,0,2,0,9,208
APT-003660,LOC-01,SVC-07,2026-02-25,28,False,Emergency,76.4,0,2,0,2,0,9,208
APT-003661,LOC-02,SVC-03,2026-02-25,14,True,Urgent,62.4,0,2,0,2,0,9,208
APT-003664,LOC-05,SVC-09,2026-02-26,13,False,Routine,35.4,0,3,0,2,0,9,209
APT-003665,LOC-10,SVC-05,2026-02-26,29,False,Priority,24.5,0,3,0,2,0,9,209
APT-003669,LOC-04,SVC-09,2026-02-28,3,False,Routine,27.0,0,5,1,2,0,9,211
APT-003670,LOC-09,SVC-07,2026-02-27,31,False,Priority,27.6,0,4,0,2,0,9,210
APT-003672,LOC-04,SVC-02,2026-02-27,27,False,Urgent,55.0,0,4,0,2,0,9,210
APT-003673,LOC-10,SVC-04,2026-02-27,10,False,Routine,63.3,0,4,0,2,0,9,210
APT-003674,LOC-01,SVC-01,2026-02-26,50,False,Routine,57.8,0,3,0,2,0,9,209
APT-003676,LOC-06,SVC-08,2026-02-28,12,False,Priority,44.2,0,5,1,2,0,9,211
APT-003677,LOC-01,SVC-08,2026-02-26,25,True,Priority,60.6,0,3,0,2,0,9,209
APT-003682,LOC-10,SVC-01,2026-02-26,42,False,Emergency,16.0,0,3,0,2,0,9,209
APT-003683,LOC-08,SVC-01,2026-02-28,26,False,Routine,6.5,0,5,1,2,0,9,211
APT-003684,LOC-05,SVC-01,2026-02-26,28,False,Urgent,81.0,0,3,0,2,0,9,209
APT-003685,LOC-10,SVC-01,2026-02-26,3,False,Urgent,70.8,0,3,0,2,0,9,209
APT-003686,LOC-06,SVC-01,2026-02-28,32,False,Routine,12.9,0,5,1,2,0,9,211
APT-003687,LOC-06,SVC-04,2026-02-27,36,False,Urgent,47.7,0,4,0,2,0,9,210
APT-003688,LOC-10,SVC-01,2026-03-01,14,False,Priority,87.6,0,6,1,3,0,9,212
APT-003694,LOC-03,SVC-03,2026-03-01,19,False,Routine,60.0,0,6,1,3,0,9,212
APT-003695,LOC-04,SVC-04,2026-02-28,20,False,Routine,16.6,0,5,1,2,0,9,211
APT-003696,LOC-03,SVC-09,2026-02-28,20,False,Priority,58.3,0,5,1,2,0,9,211
APT-003704,LOC-10,SVC-02,2026-02-28,19,True,Priority,8.1,0,5,1,2,0,9,211
APT-003705,LOC-05,SVC-02,2026-02-28,23,True,Priority,68.1,0,5,1,2,0,9,211
APT-003706,LOC-05,SVC-06,2026-02-28,34,False,Urgent,38.9,0,5,1,2,0,9,211
APT-003710,LOC-05,SVC-03,2026-03-03,12,True,Routine,23.2,0,1,0,3,0,10,214
APT-003711,LOC-01,SVC-09,2026-02-28,22,False,Routine,6.3,0,5,1,2,0,9,211
APT-003712,LOC-06,SVC-01,2026-02-28,22,False,Priority,21.8,0,5,1,2,0,9,211
APT-003714,LOC-05,SVC-08,2026-03-01,20,False,Routine,68.0,0,6,1,3,0,9,212
APT-003715,LOC-07,SVC-01,2026-03-01,60,False,Urgent,35.3,0,6,1,3,0,9,212
APT-003716,LOC-02,SVC-01,2026-03-04,12,False,Routine,51.8,0,2,0,3,0,10,215
APT-003717,LOC-01,SVC-04,2026-03-02,20,True,Priority,55.1,0,0,0,3,0,10,213
APT-003720,LOC-05,SVC-06,2026-03-01,34,False,Urgent,63.2,0,6,1,3,0,9,212
APT-003721,LOC-04,SVC-06,2026-03-02,14,False,Priority,72.5,0,0,0,3,0,10,213
APT-003723,LOC-10,SVC-01,2026-03-01,14,False,Priority,59.9,0,6,1,3,0,9,212
APT-003725,LOC-04,SVC-01,2026-03-02,25,False,Routine,5.6,0,0,0,3,0,10,213
APT-003729,LOC-10,SVC-04,2026-03-03,32,False,Routine,11.9,0,1,0,3,0,10,214
APT-003731,LOC-08,SVC-06,2026-03-03,15,False,Routine,14.7,0,1,0,3,0,10,214
APT-003732,LOC-06,SVC-08,2026-03-03,61,False,Emergency,90.4,0,1,0,3,0,10,214
APT-003734,LOC-08,SVC-02,2026-03-03,9,False,Priority,6.7,0,1,0,3,0,10,214
APT-003735,LOC-05,SVC-07,2026-03-02,4,False,Routine,31.5,0,0,0,3,0,10,213
APT-003737,LOC-05,SVC-09,2026-03-03,23,False,Urgent,33.3,0,1,0,3,0,10,214
APT-003738,LOC-08,SVC-01,2026-03-03,15,False,Urgent,57.8,0,1,0,3,0,10,214
APT-003739,LOC-01,SVC-07,2026-03-03,10,False,Routine,33.4,0,1,0,3,0,10,214
APT-003741,LOC-01,SVC-01,2026-03-04,37,False,Routine,31.4,0,2,0,3,0,10,215
APT-003743,LOC-10,SVC-02,2026-03-03,4,False,Urgent,36.3,0,1,0,3,0,10,214
APT-003745,LOC-01,SVC-05,2026-03-03,3,False,Priority,16.2,0,1,0,3,0,10,214
APT-003746,LOC-06,SVC-04,2026-03-06,60,False,Routine,62.3,0,4,0,3,0,10,217
APT-003747,LOC-01,SVC-01,2026-03-03,13,False,Urgent,14.3,0,1,0,3,0,10,214
APT-003748,LOC-10,SVC-07,2026-03-04,9,False,Routine,39.9,0,2,0,3,0,10,215
APT-003750,LOC-08,SVC-04,2026-03-03,17,False,Routine,24.8,0,1,0,3,0,10,214
APT-003753,LOC-09,SVC-09,2026-03-04,33,False,Emergency,88.2,0,2,0,3,0,10,215
APT-003755,LOC-02,SVC-05,2026-03-04,30,False,Priority,37.7,0,2,0,3,0,10,215
APT-003756,LOC-06,SVC-05,2026-03-04,26,False,Priority,16.6,0,2,0,3,0,10,215
APT-003757,LOC-07,SVC-08,2026-03-04,28,False,Priority,84.7,0,2,0,3,0,10,215
APT-003759,LOC-02,SVC-06,2026-03-04,21,False,Routine,8.2,0,2,0,3,0,10,215
APT-003760,LOC-10,SVC-04,2026-03-04,24,False,Priority,88.1,0,2,0,3,0,10,215
APT-003761,LOC-01,SVC-09,2026-03-06,52,False,Routine,83.9,0,4,0,3,0,10,217
APT-003762,LOC-05,SVC-07,2026-03-04,28,False,Priority,82.6,0,2,0,3,0,10,215
APT-003764,LOC-05,SVC-05,2026-03-05,27,False,Routine,20.7,0,3,0,3,0,10,216
APT-003765,LOC-05,SVC-05,2026-03-04,18,False,Routine,18.4,0,2,0,3,0,10,215
APT-003766,LOC-10,SVC-01,2026-03-04,41,False,Emergency,78.8,0,2,0,3,0,10,215
APT-003768,LOC-04,SVC-01,2026-03-06,17,False,Priority,21.3,0,4,0,3,0,10,217
APT-003769,LOC-03,SVC-01,2026-03-05,14,False,Routine,30.6,0,3,0,3,0,10,216
APT-003770,LOC-01,SVC-04,2026-03-04,21,False,Urgent,50.5,0,2,0,3,0,10,215
APT-003772,LOC-01,SVC-01,2026-03-04,26,False,Priority,96.3,0,2,0,3,0,10,215
APT-003773,LOC-02,SVC-05,2026-03-04,8,False,Emergency,86.6,0,2,0,3,0,10,215
APT-003774,LOC-07,SVC-02,2026-03-05,43,True,Routine,12.1,0,3,0,3,0,10,216
APT-003775,LOC-04,SVC-04,2026-03-04,28,False,Priority,33.9,0,2,0,3,0,10,215
APT-003776,LOC-10,SVC-08,2026-03-04,27,False,Priority,42.7,0,2,0,3,0,10,215
APT-003780,LOC-08,SVC-07,2026-03-05,17,False,Urgent,61.1,0,3,0,3,0,10,216
APT-003781,LOC-02,SVC-09,2026-03-06,36,False,Priority,34.5,0,4,0,3,0,10,217
APT-003782,LOC-09,SVC-01,2026-03-05,30,False,Routine,30.9,0,3,0,3,0,10,216
APT-003786,LOC-09,SVC-09,2026-03-06,7,False,Routine,40.3,0,4,0,3,0,10,217
APT-003787,LOC-06,SVC-02,2026-03-05,52,False,Urgent,16.4,0,3,0,3,0,10,216
APT-003789,LOC-03,SVC-07,2026-03-05,25,False,Priority,40.1,0,3,0,3,0,10,216
APT-003792,LOC-07,SVC-01,2026-03-09,3,False,Priority,46.3,0,0,0,3,0,11,220
APT-003793,LOC-10,SVC-05,2026-03-05,16,False,Routine,18.6,0,3,0,3,0,10,216
APT-003794,LOC-06,SVC-08,2026-03-06,8,False,Routine,39.6,0,4,0,3,0,10,217
APT-003797,LOC-08,SVC-03,2026-03-06,11,False,Urgent,85.6,0,4,0,3,0,10,217
APT-003799,LOC-09,SVC-02,2026-03-06,18,False,Priority,35.5,0,4,0,3,0,10,217
APT-003800,LOC-02,SVC-01,2026-03-05,3,False,Priority,37.4,0,3,0,3,0,10,216
APT-003802,LOC-03,SVC-02,2026-03-05,17,False,Emergency,55.3,0,3,0,3,0,10,216
APT-003804,LOC-08,SVC-01,2026-03-08,29,False,Routine,41.7,0,6,1,3,0,10,219
APT-003805,LOC-01,SVC-01,2026-03-07,32,False,Priority,41.0,0,5,1,3,0,10,218
APT-003806,LOC-01,SVC-03,2026-03-06,32,False,Urgent,90.3,0,4,0,3,0,10,217
APT-003808,LOC-03,SVC-07,2026-03-06,15,False,Routine,37.8,0,4,0,3,0,10,217
APT-003809,LOC-06,SVC-07,2026-03-07,3,False,Routine,19.1,0,5,1,3,0,10,218
APT-003810,LOC-03,SVC-03,2026-03-07,35,False,Routine,19.9,0,5,1,3,0,10,218
APT-003811,LOC-02,SVC-01,2026-03-06,50,True,Priority,93.3,0,4,0,3,0,10,217
APT-003812,LOC-02,SVC-08,2026-03-08,10,False,Routine,37.7,0,6,1,3,0,10,219
APT-003814,LOC-06,SVC-01,2026-03-07,14,False,Routine,25.6,0,5,1,3,0,10,218
APT-003815,LOC-10,SVC-01,2026-03-07,16,False,Urgent,86.1,0,5,1,3,0,10,218
APT-003817,LOC-01,SVC-04,2026-03-07,3,False,Routine,71.5,0,5,1,3,0,10,218
APT-003818,LOC-09,SVC-07,2026-03-06,22,False,Routine,28.8,0,4,0,3,0,10,217
APT-003819,LOC-04,SVC-06,2026-03-06,22,False,Urgent,77.2,0,4,0,3,0,10,217
APT-003820,LOC-06,SVC-06,2026-03-07,29,False,Priority,54.7,0,5,1,3,0,10,218
APT-003821,LOC-05,SVC-07,2026-03-07,13,False,Urgent,37.9,0,5,1,3,0,10,218
APT-003822,LOC-02,SVC-04,2026-03-07,14,False,Urgent,54.5,0,5,1,3,0,10,218
APT-003823,LOC-09,SVC-05,2026-03-07,38,False,Routine,11.6,0,5,1,3,0,10,218
APT-003824,LOC-03,SVC-03,2026-03-07,7,False,Routine,14.9,0,5,1,3,0,10,218
APT-003826,LOC-05,SVC-05,2026-03-07,22,False,Priority,20.2,0,5,1,3,0,10,218
APT-003830,LOC-08,SVC-05,2026-03-08,19,False,Routine,20.9,0,6,1,3,0,10,219
APT-003832,LOC-03,SVC-05,2026-03-07,14,False,Routine,5.4,0,5,1,3,0,10,218
APT-003833,LOC-08,SVC-08,2026-03-07,20,False,Urgent,57.1,0,5,1,3,0,10,218
APT-003835,LOC-09,SVC-09,2026-03-08,40,False,Priority,43.9,0,6,1,3,0,10,219
APT-003837,LOC-04,SVC-08,2026-03-07,36,False,Priority,7.1,0,5,1,3,0,10,218
APT-003838,LOC-07,SVC-05,2026-03-08,33,True,Routine,14.5,0,6,1,3,0,10,219
APT-003839,LOC-06,SVC-02,2026-03-08,34,False,Routine,20.2,0,6,1,3,0,10,219
APT-003842,LOC-01,SVC-01,2026-03-08,6,False,Priority,14.9,0,6,1,3,0,10,219
APT-003843,LOC-05,SVC-01,2026-03-09,25,False,Emergency,83.3,0,0,0,3,0,11,220
APT-003844,LOC-08,SVC-06,2026-03-08,32,False,Priority,14.1,0,6,1,3,0,10,219
APT-003847,LOC-06,SVC-01,2026-03-09,23,False,Urgent,65.3,0,0,0,3,0,11,220
APT-003848,LOC-06,SVC-03,2026-03-11,42,True,Routine,66.5,0,2,0,3,0,11,222
APT-003849,LOC-01,SVC-03,2026-03-11,33,False,Priority,60.7,0,2,0,3,0,11,222
APT-003851,LOC-08,SVC-06,2026-03-10,24,False,Priority,45.6,0,1,0,3,0,11,221
APT-003852,LOC-10,SVC-01,2026-03-13,32,False,Routine,18.0,0,4,0,3,0,11,224
APT-003854,LOC-01,SVC-04,2026-03-10,14,False,Routine,54.0,0,1,0,3,0,11,221
APT-003856,LOC-10,SVC-03,2026-03-09,47,False,Priority,3.5,0,0,0,3,0,11,220
APT-003858,LOC-06,SVC-02,2026-03-11,51,False,Routine,16.2,0,2,0,3,0,11,222
APT-003860,LOC-07,SVC-02,2026-03-09,43,True,Urgent,60.4,0,0,0,3,0,11,220
APT-003861,LOC-05,SVC-05,2026-03-09,22,False,Priority,47.6,0,0,0,3,0,11,220
APT-003862,LOC-07,SVC-06,2026-03-10,30,False,Priority,35.6,0,1,0,3,0,11,221
APT-003863,LOC-09,SVC-05,2026-03-09,52,False,Priority,36.3,0,0,0,3,0,11,220
APT-003865,LOC-10,SVC-09,2026-03-09,13,False,Urgent,36.3,0,0,0,3,0,11,220
APT-003868,LOC-04,SVC-02,2026-03-10,49,False,Priority,56.0,0,1,0,3,0,11,221
APT-003870,LOC-07,SVC-05,2026-03-12,50,False,Routine,36.0,0,3,0,3,0,11,223
APT-003874,LOC-05,SVC-05,2026-03-10,17,False,Priority,7.5,0,1,0,3,0,11,221
APT-003875,LOC-03,SVC-06,2026-03-12,34,False,Urgent,32.5,0,3,0,3,0,11,223
APT-003876,LOC-03,SVC-01,2026-03-10,26,False,Priority,51.0,0,1,0,3,0,11,221
APT-003877,LOC-08,SVC-01,2026-03-10,24,False,Routine,24.4,0,1,0,3,0,11,221
APT-003878,LOC-03,SVC-02,2026-03-11,11,False,Routine,40.0,0,2,0,3,0,11,222
APT-003881,LOC-05,SVC-01,2026-03-10,18,False,Routine,68.7,0,1,0,3,0,11,221
APT-003882,LOC-02,SVC-02,2026-03-10,5,False,Routine,37.6,0,1,0,3,0,11,221
APT-003883,LOC-08,SVC-01,2026-03-10,44,True,Urgent,42.9,0,1,0,3,0,11,221
APT-003884,LOC-09,SVC-02,2026-03-12,11,False,Routine,20.6,0,3,0,3,0,11,223
APT-003885,LOC-03,SVC-03,2026-03-10,20,False,Urgent,85.7,0,1,0,3,0,11,221
APT-003886,LOC-01,SVC-05,2026-03-12,20,False,Priority,27.4,0,3,0,3,0,11,223
APT-003887,LOC-09,SVC-03,2026-03-12,3,False,Urgent,91.3,0,3,0,3,0,11,223
APT-003888,LOC-02,SVC-06,2026-03-12,30,True,Priority,88.3,0,3,0,3,0,11,223
APT-003890,LOC-08,SVC-01,2026-03-11,13,False,Emergency,6.6,0,2,0,3,0,11,222
APT-003893,LOC-07,SVC-02,2026-03-13,54,False,Priority,35.9,0,4,0,3,0,11,224
APT-003895,LOC-06,SVC-05,2026-03-11,27,False,Priority,13.8,0,2,0,3,0,11,222
APT-003897,LOC-04,SVC-07,2026-03-11,15,False,Routine,16.4,0,2,0,3,0,11,222
APT-003898,LOC-02,SVC-05,2026-03-11,12,False,Emergency,63.8,0,2,0,3,0,11,222
APT-003899,LOC-07,SVC-01,2026-03-12,21,False,Urgent,55.9,0,3,0,3,0,11,223
APT-003900,LOC-03,SVC-01,2026-03-12,8,False,Routine,38.3,0,3,0,3,0,11,223
APT-003901,LOC-06,SVC-07,2026-03-12,29,False,Priority,35.0,0,3,0,3,0,11,223
APT-003902,LOC-07,SVC-02,2026-03-11,62,False,Urgent,44.0,0,2,0,3,0,11,222
APT-003903,LOC-06,SVC-07,2026-03-12,22,False,Priority,42.2,0,3,0,3,0,11,223
APT-003905,LOC-07,SVC-01,2026-03-12,39,False,Priority,26.9,0,3,0,3,0,11,223
APT-003908,LOC-09,SVC-01,2026-03-13,7,False,Urgent,57.0,0,4,0,3,0,11,224
APT-003909,LOC-08,SVC-05,2026-03-12,37,False,Priority,37.8,0,3,0,3,0,11,223
APT-003911,LOC-07,SVC-09,2026-03-12,55,False,Routine,16.6,0,3,0,3,0,11,223
APT-003916,LOC-09,SVC-05,2026-03-13,19,False,Priority,19.0,0,4,0,3,0,11,224
APT-003917,LOC-04,SVC-01,2026-03-12,41,True,Urgent,55.8,0,3,0,3,0,11,223
APT-003918,LOC-02,SVC-03,2026-03-15,17,False,Routine,43.3,0,6,1,3,0,11,226
APT-003920,LOC-05,SVC-08,2026-03-12,47,False,Routine,34.3,0,3,0,3,0,11,223
APT-003921,LOC-08,SVC-02,2026-03-12,24,False,Urgent,21.5,0,3,0,3,0,11,223
APT-003922,LOC-08,SVC-04,2026-03-12,57,False,Routine,30.1,0,3,0,3,0,11,223
APT-003923,LOC-10,SVC-02,2026-03-12,22,False,Priority,14.4,0,3,0,3,0,11,223
APT-003924,LOC-03,SVC-04,2026-03-14,11,False,Routine,45.9,0,5,1,3,0,11,225
APT-003926,LOC-06,SVC-03,2026-03-12,42,False,Routine,21.8,0,3,0,3,0,11,223
APT-003927,LOC-03,SVC-09,2026-03-15,17,False,Urgent,89.4,0,6,1,3,0,11,226
APT-003928,LOC-01,SVC-03,2026-03-13,34,False,Urgent,76.6,0,4,0,3,0,11,224
APT-003929,LOC-01,SVC-04,2026-03-14,22,False,Priority,83.3,0,5,1,3,0,11,225
APT-003930,LOC-10,SVC-02,2026-03-16,3,False,Routine,19.8,0,0,0,3,0,12,227
APT-003931,LOC-03,SVC-04,2026-03-13,17,True,Routine,10.9,0,4,0,3,0,11,224
APT-003932,LOC-04,SVC-03,2026-03-14,3,False,Urgent,68.5,0,5,1,3,0,11,225
APT-003934,LOC-09,SVC-09,2026-03-14,3,True,Urgent,45.4,0,5,1,3,0,11,225
APT-003935,LOC-07,SVC-01,2026-03-14,32,False,Priority,34.0,0,5,1,3,0,11,225
APT-003936,LOC-03,SVC-08,2026-03-13,26,False,Routine,18.7,0,4,0,3,0,11,224
APT-003937,LOC-05,SVC-03,2026-03-13,15,False,Priority,32.2,0,4,0,3,0,11,224
APT-003938,LOC-02,SVC-01,2026-03-14,16,False,Priority,16.6,0,5,1,3,0,11,225
APT-003940,LOC-07,SVC-01,2026-03-13,32,False,Routine,9.3,0,4,0,3,0,11,224
APT-003941,LOC-04,SVC-03,2026-03-16,24,False,Priority,70.4,0,0,0,3,0,12,227
APT-003942,LOC-04,SVC-04,2026-03-14,18,False,Routine,61.7,0,5,1,3,0,11,225
APT-003944,LOC-02,SVC-09,2026-03-14,36,False,Urgent,59.4,0,5,1,3,0,11,225
APT-003949,LOC-01,SVC-01,2026-03-15,35,False,Routine,1.0,0,6,1,3,0,11,226
APT-003950,LOC-04,SVC-02,2026-03-14,3,False,Routine,45.2,0,5,1,3,0,11,225
APT-003951,LOC-02,SVC-01,2026-03-14,21,False,Urgent,16.5,0,5,1,3,0,11,225
APT-003952,LOC-06,SVC-01,2026-03-14,19,False,Priority,62.3,0,5,1,3,0,11,225
APT-003953,LOC-09,SVC-05,2026-03-16,17,False,Routine,44.5,0,0,0,3,0,12,227
APT-003956,LOC-05,SVC-03,2026-03-14,13,False,Urgent,38.3,0,5,1,3,0,11,225
APT-003957,LOC-05,SVC-09,2026-03-16,13,False,Routine,84.7,0,0,0,3,0,12,227
APT-003958,LOC-09,SVC-06,2026-03-17,11,True,Routine,19.8,0,1,0,3,0,12,228
APT-003959,LOC-02,SVC-06,2026-03-15,34,False,Urgent,24.3,0,6,1,3,0,11,226
APT-003960,LOC-04,SVC-01,2026-03-16,13,False,Priority,16.3,0,0,0,3,0,12,227
APT-003961,LOC-09,SVC-06,2026-03-15,29,False,Priority,36.1,0,6,1,3,0,11,226
APT-003962,LOC-06,SVC-06,2026-03-15,3,False,Priority,41.3,0,6,1,3,0,11,226
APT-003963,LOC-10,SVC-07,2026-03-15,40,False,Urgent,54.4,0,6,1,3,0,11,226
APT-003964,LOC-03,SVC-08,2026-03-16,28,False,Priority,42.9,0,0,0,3,0,12,227
APT-003965,LOC-03,SVC-07,2026-03-15,3,False,Routine,38.4,0,6,1,3,0,11,226
APT-003966,LOC-03,SVC-07,2026-03-15,34,False,Urgent,44.5,0,6,1,3,0,11,226
APT-003967,LOC-06,SVC-01,2026-03-19,15,False,Routine,28.7,0,3,0,3,0,12,230
APT-003969,LOC-10,SVC-01,2026-03-17,35,False,Routine,11.6,0,1,0,3,0,12,228
APT-003970,LOC-07,SVC-09,2026-03-17,37,False,Urgent,64.5,0,1,0,3,0,12,228
APT-003971,LOC-01,SVC-02,2026-03-20,26,False,Routine,45.3,0,4,0,3,0,12,231
APT-003973,LOC-07,SVC-08,2026-03-20,35,False,Routine,67.8,0,4,0,3,0,12,231
APT-003974,LOC-06,SVC-03,2026-03-17,3,False,Routine,14.2,0,1,0,3,0,12,228
APT-003975,LOC-05,SVC-06,2026-03-17,3,False,Priority,63.8,0,1,0,3,0,12,228
APT-003976,LOC-06,SVC-08,2026-03-17,12,False,Emergency,36.3,0,1,0,3,0,12,228
APT-003978,LOC-02,SVC-09,2026-03-16,8,False,Urgent,34.8,0,0,0,3,0,12,227
APT-003979,LOC-09,SVC-03,2026-03-16,32,False,Urgent,45.0,0,0,0,3,0,12,227
APT-003981,LOC-02,SVC-08,2026-03-17,20,True,Priority,40.7,0,1,0,3,0,12,228
APT-003983,LOC-04,SVC-03,2026-03-17,3,False,Priority,44.5,0,1,0,3,0,12,228
APT-003984,LOC-02,SVC-04,2026-03-16,21,False,Urgent,68.3,0,0,0,3,0,12,227
APT-003985,LOC-01,SVC-01,2026-03-17,3,False,Priority,91.8,0,1,0,3,0,12,228
APT-003986,LOC-10,SVC-06,2026-03-18,26,False,Routine,16.7,0,2,0,3,0,12,229
APT-003988,LOC-03,SVC-07,2026-03-16,32,False,Routine,19.0,0,0,0,3,0,12,227
APT-003989,LOC-05,SVC-08,2026-03-17,20,False,Routine,38.2,0,1,0,3,0,12,228
APT-003990,LOC-09,SVC-02,2026-03-17,7,False,Urgent,62.2,0,1,0,3,0,12,228
APT-003993,LOC-05,SVC-06,2026-03-17,16,False,Routine,18.3,0,1,0,3,0,12,228
APT-003998,LOC-04,SVC-04,2026-03-18,18,False,Priority,61.8,0,2,0,3,0,12,229
APT-003999,LOC-03,SVC-01,2026-03-18,45,False,Routine,39.6,0,2,0,3,0,12,229
APT-004000,LOC-04,SVC-05,2026-03-17,18,False,Routine,10.5,0,1,0,3,0,12,228
APT-004001,LOC-02,SVC-08,2026-03-17,19,False,Urgent,59.2,0,1,0,3,0,12,228
APT-004005,LOC-01,SVC-01,2026-03-18,21,False,Urgent,65.1,0,2,0,3,0,12,229
APT-004006,LOC-04,SVC-01,2026-03-17,20,False,Routine,9.1,0,1,0,3,0,12,228
APT-004007,LOC-10,SVC-01,2026-03-17,28,False,Routine,19.4,0,1,0,3,0,12,228
APT-004008,LOC-03,SVC-04,2026-03-17,27,False,Priority,11.1,0,1,0,3,0,12,228
APT-004009,LOC-08,SVC-01,2026-03-18,28,True,Emergency,67.0,0,2,0,3,0,12,229
APT-004014,LOC-08,SVC-07,2026-03-17,42,False,Routine,16.6,0,1,0,3,0,12,228
APT-004015,LOC-08,SVC-01,2026-03-18,46,False,Urgent,35.8,0,2,0,3,0,12,229
APT-004017,LOC-04,SVC-03,2026-03-17,24,False,Urgent,22.3,0,1,0,3,0,12,228
APT-004018,LOC-08,SVC-04,2026-03-19,17,True,Routine,64.7,0,3,0,3,0,12,230
APT-004022,LOC-02,SVC-07,2026-03-17,10,False,Emergency,93.4,0,1,0,3,0,12,228
APT-004023,LOC-07,SVC-01,2026-03-19,12,False,Routine,21.2,0,3,0,3,0,12,230
APT-004024,LOC-08,SVC-08,2026-03-18,25,False,Urgent,55.8,0,2,0,3,0,12,229
APT-004025,LOC-04,SVC-01,2026-03-17,8,False,Routine,36.2,0,1,0,3,0,12,228
APT-004026,LOC-03,SVC-03,2026-03-17,13,False,Emergency,87.3,0,1,0,3,0,12,228
APT-004027,LOC-04,SVC-01,2026-03-17,13,False,Routine,41.1,0,1,0,3,0,12,228
APT-004028,LOC-01,SVC-08,2026-03-18,26,False,Routine,31.2,0,2,0,3,0,12,229
APT-004029,LOC-08,SVC-05,2026-03-19,27,False,Routine,33.2,0,3,0,3,0,12,230
APT-004030,LOC-07,SVC-05,2026-03-18,18,False,Urgent,38.1,0,2,0,3,0,12,229
APT-004032,LOC-08,SVC-03,2026-03-18,49,False,Urgent,14.4,0,2,0,3,0,12,229
APT-004033,LOC-02,SVC-06,2026-03-21,22,False,Routine,31.1,0,5,1,3,0,12,232
APT-004034,LOC-01,SVC-03,2026-03-18,18,False,Priority,40.2,0,2,0,3,0,12,229
APT-004035,LOC-01,SVC-08,2026-03-19,9,False,Priority,36.3,0,3,0,3,0,12,230
APT-004036,LOC-09,SVC-08,2026-03-18,19,False,Routine,43.6,0,2,0,3,0,12,229
APT-004037,LOC-03,SVC-03,2026-03-18,24,False,Priority,9.7,0,2,0,3,0,12,229
APT-004038,LOC-07,SVC-01,2026-03-18,25,False,Routine,33.7,0,2,0,3,0,12,229
APT-004039,LOC-08,SVC-04,2026-03-19,24,False,Routine,38.5,0,3,0,3,0,12,230
APT-004040,LOC-06,SVC-09,2026-03-18,33,False,Priority,69.8,0,2,0,3,0,12,229
APT-004042,LOC-09,SVC-06,2026-03-21,14,False,Priority,42.1,0,5,1,3,0,12,232
APT-004043,LOC-02,SVC-02,2026-03-18,25,False,Priority,54.9,0,2,0,3,0,12,229
APT-004046,LOC-06,SVC-01,2026-03-18,6,False,Emergency,37.5,0,2,0,3,0,12,229
APT-004047,LOC-02,SVC-08,2026-03-19,17,False,Priority,47.6,0,3,0,3,0,12,230
APT-004048,LOC-09,SVC-01,2026-03-19,15,False,Urgent,30.0,0,3,0,3,0,12,230
APT-004050,LOC-09,SVC-03,2026-03-22,50,False,Routine,15.6,0,6,1,3,0,12,233
APT-004051,LOC-10,SVC-09,2026-03-19,3,False,Urgent,18.7,0,3,0,3,0,12,230
APT-004052,LOC-01,SVC-01,2026-03-19,3,False,Emergency,29.2,0,3,0,3,0,12,230
APT-004053,LOC-06,SVC-08,2026-03-19,3,False,Urgent,64.3,0,3,0,3,0,12,230
APT-004054,LOC-10,SVC-01,2026-03-24,39,False,Routine,36.3,0,1,0,3,0,13,235
APT-004055,LOC-04,SVC-05,2026-03-19,13,False,Urgent,89.2,0,3,0,3,0,12,230
APT-004057,LOC-09,SVC-03,2026-03-19,65,False,Routine,24.7,0,3,0,3,0,12,230
APT-004058,LOC-06,SVC-05,2026-03-21,5,False,Routine,30.4,0,5,1,3,0,12,232
APT-004060,LOC-08,SVC-08,2026-03-20,17,False,Priority,37.9,0,4,0,3,0,12,231
APT-004061,LOC-10,SVC-07,2026-03-21,48,False,Routine,19.6,0,5,1,3,0,12,232
APT-004067,LOC-07,SVC-08,2026-03-20,48,False,Emergency,50.2,0,4,0,3,0,12,231
APT-004068,LOC-07,SVC-07,2026-03-21,32,False,Routine,19.0,0,5,1,3,0,12,232
APT-004070,LOC-07,SVC-06,2026-03-22,26,False,Routine,36.3,0,6,1,3,0,12,233
APT-004071,LOC-10,SVC-05,2026-03-21,50,False,Priority,36.3,0,5,1,3,0,12,232
APT-004072,LOC-06,SVC-01,2026-03-20,16,False,Routine,10.9,0,4,0,3,0,12,231
APT-004073,LOC-03,SVC-02,2026-03-20,29,False,Urgent,19.4,0,4,0,3,0,12,231
APT-004074,LOC-02,SVC-01,2026-03-21,19,False,Urgent,94.3,0,5,1,3,0,12,232
APT-004075,LOC-02,SVC-07,2026-03-21,16,False,Priority,68.7,0,5,1,3,0,12,232
APT-004076,LOC-10,SVC-01,2026-03-20,8,False,Priority,66.7,0,4,0,3,0,12,231
APT-004077,LOC-10,SVC-04,2026-03-21,31,False,Routine,8.8,0,5,1,3,0,12,232
APT-004078,LOC-06,SVC-08,2026-03-20,50,False,Routine,18.3,0,4,0,3,0,12,231
APT-004083,LOC-09,SVC-09,2026-03-21,21,False,Routine,41.7,0,5,1,3,0,12,232
APT-004084,LOC-03,SVC-02,2026-03-20,15,False,Urgent,16.5,0,4,0,3,0,12,231
APT-004085,LOC-09,SVC-03,2026-03-21,11,False,Routine,17.8,0,5,1,3,0,12,232
APT-004086,LOC-04,SVC-09,2026-03-21,13,False,Routine,34.4,0,5,1,3,0,12,232
APT-004088,LOC-06,SVC-01,2026-03-21,24,False,Routine,39.9,0,5,1,3,0,12,232
APT-004089,LOC-04,SVC-06,2026-03-21,18,False,Routine,33.5,0,5,1,3,0,12,232
APT-004090,LOC-01,SVC-02,2026-03-20,3,False,Emergency,41.2,0,4,0,3,0,12,231
APT-004091,LOC-04,SVC-01,2026-03-20,12,False,Priority,38.8,0,4,0,3,0,12,231
APT-004095,LOC-06,SVC-01,2026-03-21,13,False,Urgent,69.7,0,5,1,3,0,12,232
APT-002058,LOC-02,SVC-03,2025-11-27,5,False,Priority,41.0,0,3,0,11,0,48,118
APT-002063,LOC-08,SVC-01,2025-11-27,10,False,Routine,11.9,0,3,0,11,0,48,118
APT-002066,LOC-01,SVC-05,2025-11-27,25,False,Routine,32.5,0,3,0,11,0,48,118
APT-002082,LOC-06,SVC-01,2025-11-30,18,False,Routine,93.5,0,6,1,11,0,48,121
APT-002091,LOC-05,SVC-07,2025-11-28,51,False,Routine,61.9,0,4,0,11,0,48,119
APT-002133,LOC-01,SVC-01,2025-12-01,16,False,Urgent,35.0,0,0,0,12,0,49,122
APT-002171,LOC-04,SVC-05,2025-12-04,19,False,Routine,25.1,0,3,0,12,0,49,125
APT-002177,LOC-05,SVC-05,2025-12-03,15,True,Urgent,29.1,0,2,0,12,0,49,124
APT-002183,LOC-08,SVC-01,2025-12-04,53,False,Priority,47.2,0,3,0,12,0,49,125
APT-002203,LOC-03,SVC-02,2025-12-05,3,False,Priority,33.6,0,4,0,12,0,49,126
APT-002207,LOC-03,SVC-07,2025-12-06,16,False,Routine,15.9,0,5,1,12,0,49,127
APT-002231,LOC-07,SVC-09,2025-12-07,48,False,Priority,62.5,0,6,1,12,0,49,128
APT-002236,LOC-02,SVC-01,2025-12-06,3,False,Routine,11.5,0,5,1,12,0,49,127
APT-002237,LOC-02,SVC-07,2025-12-08,16,False,Routine,42.4,0,0,0,12,0,50,129
APT-002267,LOC-02,SVC-01,2025-12-11,20,False,Routine,47.8,0,3,0,12,0,50,132
APT-002286,LOC-02,SVC-01,2025-12-09,18,False,Emergency,84.5,0,1,0,12,0,50,130
APT-002303,LOC-06,SVC-02,2025-12-10,3,True,Priority,68.5,0,2,0,12,0,50,131
APT-002312,LOC-04,SVC-03,2025-12-14,14,True,Routine,85.1,0,6,1,12,0,50,135
APT-002333,LOC-02,SVC-06,2025-12-13,3,False,Routine,13.9,0,5,1,12,0,50,134
APT-002335,LOC-09,SVC-08,2025-12-12,40,False,Emergency,35.3,0,4,0,12,0,50,133
APT-002389,LOC-04,SVC-01,2025-12-17,54,False,Urgent,86.7,0,2,0,12,0,51,138
APT-002406,LOC-02,SVC-08,2025-12-17,23,True,Routine,45.7,0,2,0,12,0,51,138
APT-002442,LOC-07,SVC-02,2025-12-22,14,False,Priority,14.7,0,0,0,12,0,52,143
APT-002454,LOC-10,SVC-05,2025-12-19,46,False,Routine,14.4,0,4,0,12,0,51,140
APT-002459,LOC-03,SVC-05,2025-12-20,31,False,Priority,24.5,0,5,1,12,0,51,141
APT-002484,LOC-02,SVC-04,2025-12-22,8,False,Routine,20.1,0,0,0,12,0,52,143
APT-002491,LOC-08,SVC-08,2025-12-23,15,False,Priority,63.5,0,1,0,12,0,52,144
APT-002564,LOC-08,SVC-06,2025-12-26,29,False,Emergency,62.8,0,4,0,12,0,52,147
APT-002586,LOC-05,SVC-01,2025-12-27,7,False,Urgent,90.9,0,5,1,12,0,52,148
APT-002616,LOC-10,SVC-08,2025-12-30,34,False,Routine,24.5,0,1,0,12,0,1,151
APT-002631,LOC-02,SVC-03,2025-12-30,25,False,Emergency,92.8,0,1,0,12,0,1,151
APT-002651,LOC-10,SVC-03,2026-01-02,32,False,Routine,26.9,0,4,0,1,0,1,154
APT-002725,LOC-04,SVC-05,2026-01-05,24,False,Routine,32.2,0,0,0,1,0,2,157
APT-002727,LOC-10,SVC-03,2026-01-07,27,False,Routine,13.2,0,2,0,1,0,2,159
APT-002748,LOC-05,SVC-02,2026-01-07,13,False,Priority,64.6,0,2,0,1,0,2,159
APT-002766,LOC-02,SVC-01,2026-01-09,23,False,Routine,36.8,0,4,0,1,0,2,161
APT-002773,LOC-04,SVC-05,2026-01-07,20,False,Urgent,13.9,0,2,0,1,0,2,159
APT-002788,LOC-03,SVC-02,2026-01-08,19,False,Routine,26.5,0,3,0,1,0,2,160
APT-002801,LOC-05,SVC-02,2026-01-08,17,False,Priority,14.6,0,3,0,1,0,2,160
APT-002805,LOC-09,SVC-01,2026-01-10,15,False,Priority,34.4,0,5,1,1,0,2,162
APT-002809,LOC-09,SVC-06,2026-01-12,60,False,Priority,38.7,0,0,0,1,0,3,164
APT-002812,LOC-06,SVC-07,2026-01-09,38,False,Urgent,28.7,0,4,0,1,0,2,161
APT-002847,LOC-03,SVC-06,2026-01-14,32,False,Routine,51.5,0,2,0,1,0,3,166
APT-002850,LOC-03,SVC-05,2026-01-13,5,False,Routine,22.8,0,1,0,1,0,3,165
APT-002858,LOC-09,SVC-01,2026-01-12,55,False,Priority,14.1,0,0,0,1,0,3,164
APT-002872,LOC-04,SVC-04,2026-01-15,40,False,Routine,14.9,0,3,0,1,0,3,167
APT-002948,LOC-04,SVC-01,2026-01-17,29,False,Routine,21.1,0,5,1,1,0,3,169
APT-002949,LOC-02,SVC-05,2026-01-19,31,False,Routine,45.0,0,0,0,1,0,4,171
APT-002952,LOC-08,SVC-02,2026-01-17,21,False,Routine,7.6,0,5,1,1,0,3,169
APT-002967,LOC-10,SVC-07,2026-01-20,38,False,Priority,25.7,0,1,0,1,0,4,172
APT-002986,LOC-10,SVC-05,2026-01-22,10,False,Routine,42.1,0,3,0,1,0,4,174
APT-003065,LOC-09,SVC-08,2026-01-25,25,False,Routine,16.8,0,6,1,1,0,4,177
APT-003068,LOC-05,SVC-05,2026-01-24,9,False,Routine,28.2,0,5,1,1,0,4,176
APT-003079,LOC-07,SVC-04,2026-01-28,26,False,Routine,37.5,0,2,0,1,0,5,180
APT-003096,LOC-02,SVC-03,2026-01-28,25,False,Routine,14.5,0,2,0,1,0,5,180
APT-003118,LOC-07,SVC-07,2026-01-27,29,False,Priority,10.9,0,1,0,1,0,5,179
APT-003135,LOC-09,SVC-06,2026-01-28,9,False,Routine,10.4,0,2,0,1,0,5,180
APT-003170,LOC-04,SVC-02,2026-01-30,9,False,Urgent,97.1,0,4,0,1,0,5,182
APT-003172,LOC-03,SVC-05,2026-01-30,45,False,Routine,42.4,0,4,0,1,0,5,182
APT-003173,LOC-10,SVC-06,2026-01-31,35,False,Routine,23.0,0,5,1,1,0,5,183
APT-003196,LOC-09,SVC-03,2026-02-01,24,False,Priority,87.9,0,6,1,2,0,5,184
APT-003203,LOC-08,SVC-08,2026-02-03,26,False,Priority,51.6,0,1,0,2,0,6,186
APT-003206,LOC-01,SVC-05,2026-02-01,32,False,Routine,24.4,0,6,1,2,0,5,184
APT-003305,LOC-10,SVC-01,2026-02-07,45,False,Routine,19.8,0,5,1,2,0,6,190
APT-003310,LOC-10,SVC-09,2026-02-09,18,False,Routine,14.8,0,0,0,2,0,7,192
APT-003340,LOC-03,SVC-07,2026-02-08,37,False,Priority,18.3,0,6,1,2,0,6,191
APT-003417,LOC-02,SVC-06,2026-02-11,34,False,Urgent,38.5,0,2,0,2,0,7,194
APT-003426,LOC-03,SVC-01,2026-02-13,25,False,Routine,15.4,0,4,0,2,0,7,196
APT-003483,LOC-07,SVC-04,2026-02-17,14,False,Routine,37.1,0,1,0,2,0,8,200
APT-003485,LOC-01,SVC-08,2026-02-15,9,False,Priority,74.2,0,6,1,2,0,7,198
APT-003486,LOC-03,SVC-01,2026-02-15,19,False,Routine,22.2,0,6,1,2,0,7,198
APT-003524,LOC-02,SVC-02,2026-02-17,27,False,Emergency,72.6,0,1,0,2,0,8,200
APT-003529,LOC-04,SVC-08,2026-02-18,39,False,Urgent,63.8,0,2,0,2,0,8,201
APT-003569,LOC-02,SVC-03,2026-02-19,3,False,Routine,17.5,0,3,0,2,0,8,202
APT-003588,LOC-06,SVC-04,2026-02-22,35,False,Emergency,90.8,0,6,1,2,0,8,205
APT-003614,LOC-05,SVC-01,2026-02-25,14,False,Routine,39.4,0,2,0,2,0,9,208
APT-003617,LOC-08,SVC-05,2026-02-23,44,False,Priority,21.3,0,0,0,2,0,9,206
APT-003623,LOC-10,SVC-04,2026-02-24,33,True,Routine,24.6,0,1,0,2,0,9,207
APT-003631,LOC-10,SVC-07,2026-02-24,12,False,Routine,7.6,0,1,0,2,0,9,207
APT-003641,LOC-05,SVC-01,2026-02-25,34,True,Urgent,55.3,0,2,0,2,0,9,208
APT-003663,LOC-07,SVC-02,2026-02-26,51,False,Routine,15.3,0,3,0,2,0,9,209
APT-003678,LOC-05,SVC-06,2026-02-26,16,False,Urgent,56.4,0,3,0,2,0,9,209
APT-003691,LOC-01,SVC-05,2026-02-27,29,False,Priority,13.6,0,4,0,2,0,9,210
APT-003697,LOC-05,SVC-09,2026-02-27,22,False,Priority,39.6,0,4,0,2,0,9,210
APT-003702,LOC-02,SVC-08,2026-03-01,19,False,Priority,43.4,0,6,1,3,0,9,212
APT-003707,LOC-06,SVC-02,2026-02-28,46,False,Routine,38.7,0,5,1,2,0,9,211
APT-003718,LOC-02,SVC-02,2026-03-03,40,False,Routine,40.2,0,1,0,3,0,10,214
APT-003730,LOC-04,SVC-05,2026-03-03,21,False,Urgent,56.3,0,1,0,3,0,10,214
APT-003751,LOC-09,SVC-09,2026-03-04,3,False,Priority,62.2,0,2,0,3,0,10,215
APT-003788,LOC-07,SVC-06,2026-03-07,21,False,Routine,59.4,0,5,1,3,0,10,218
APT-003855,LOC-10,SVC-04,2026-03-09,4,False,Priority,18.3,0,0,0,3,0,11,220
APT-003857,LOC-07,SVC-03,2026-03-11,27,False,Priority,29.1,0,2,0,3,0,11,222
APT-003867,LOC-05,SVC-04,2026-03-10,15,False,Priority,33.4,0,1,0,3,0,11,221
APT-003873,LOC-08,SVC-01,2026-03-10,3,False,Priority,21.6,0,1,0,3,0,11,221
APT-003910,LOC-08,SVC-02,2026-03-15,26,False,Routine,36.7,0,6,1,3,0,11,226
APT-003912,LOC-01,SVC-07,2026-03-13,9,False,Urgent,18.9,0,4,0,3,0,11,224
APT-003943,LOC-09,SVC-02,2026-03-14,21,False,Routine,38.7,0,5,1,3,0,11,225
APT-003946,LOC-03,SVC-05,2026-03-14,6,False,Priority,15.5,0,5,1,3,0,11,225
APT-004010,LOC-08,SVC-03,2026-03-18,8,False,Priority,40.0,0,2,0,3,0,12,229
APT-004019,LOC-07,SVC-05,2026-03-18,33,False,Routine,36.3,0,2,0,3,0,12,229
APT-004044,LOC-04,SVC-02,2026-03-18,8,False,Priority,67.5,0,2,0,3,0,12,229
APT-004062,LOC-08,SVC-06,2026-03-20,5,False,Urgent,34.8,0,4,0,3,0,12,231
APT-004098,LOC-10,SVC-02,2026-03-20,35,False,Priority,37.7,1,4,0,3,0,12,231
APT-004099,LOC-04,SVC-05,2026-03-21,14,False,Routine,38.2,1,5,1,3,0,12,232
APT-004100,LOC-09,SVC-06,2026-03-21,38,False,Priority,13.7,1,5,1,3,0,12,232
APT-004108,LOC-08,SVC-01,2026-03-22,19,False,Routine,13.6,1,6,1,3,0,12,233
APT-004113,LOC-02,SVC-07,2026-03-23,16,False,Routine,12.4,1,0,0,3,0,13,234
APT-004114,LOC-09,SVC-05,2026-03-23,48,False,Emergency,86.9,1,0,0,3,0,13,234
APT-004119,LOC-02,SVC-02,2026-03-22,28,False,Routine,45.1,1,6,1,3,0,12,233
APT-004120,LOC-05,SVC-04,2026-03-23,7,False,Priority,71.1,1,0,0,3,0,13,234
APT-004122,LOC-10,SVC-01,2026-03-25,21,False,Priority,21.3,1,2,0,3,0,13,236
APT-004127,LOC-08,SVC-04,2026-03-23,19,False,Routine,35.3,1,0,0,3,0,13,234
APT-004128,LOC-07,SVC-01,2026-03-24,13,False,Routine,21.0,1,1,0,3,0,13,235
APT-004129,LOC-09,SVC-05,2026-03-23,33,False,Priority,10.8,1,0,0,3,0,13,234
APT-004130,LOC-06,SVC-01,2026-03-24,49,False,Routine,19.2,1,1,0,3,0,13,235
APT-004137,LOC-07,SVC-03,2026-03-26,42,False,Urgent,97.9,1,3,0,3,0,13,237
APT-004140,LOC-08,SVC-09,2026-03-24,48,False,Routine,37.5,1,1,0,3,0,13,235
APT-004143,LOC-07,SVC-03,2026-03-24,39,False,Emergency,39.6,1,1,0,3,0,13,235
APT-004150,LOC-02,SVC-07,2026-03-24,25,False,Routine,12.8,1,1,0,3,0,13,235
APT-004152,LOC-08,SVC-09,2026-03-24,36,False,Routine,13.6,1,1,0,3,0,13,235
APT-004159,LOC-04,SVC-02,2026-03-25,14,False,Urgent,43.8,1,2,0,3,0,13,236
APT-004160,LOC-05,SVC-02,2026-03-25,13,False,Routine,41.0,1,2,0,3,0,13,236
APT-004163,LOC-02,SVC-01,2026-03-26,24,False,Routine,66.1,1,3,0,3,0,13,237
APT-004165,LOC-01,SVC-06,2026-03-27,37,False,Routine,42.8,1,4,0,3,0,13,238
APT-004166,LOC-06,SVC-06,2026-03-27,17,False,Routine,34.1,1,4,0,3,0,13,238
APT-004171,LOC-07,SVC-04,2026-03-27,19,False,Routine,15.1,1,4,0,3,0,13,238
APT-004173,LOC-08,SVC-08,2026-03-26,23,False,Routine,20.7,1,3,0,3,0,13,237
APT-004175,LOC-10,SVC-02,2026-03-26,6,False,Routine,69.9,1,3,0,3,0,13,237
APT-004181,LOC-07,SVC-07,2026-03-27,3,False,Routine,86.2,1,4,0,3,0,13,238
APT-004188,LOC-02,SVC-01,2026-03-27,29,False,Routine,65.2,1,4,0,3,0,13,238
APT-004199,LOC-02,SVC-02,2026-03-27,14,False,Urgent,34.9,1,4,0,3,0,13,238
APT-004200,LOC-09,SVC-03,2026-03-28,11,False,Routine,11.3,1,5,1,3,0,13,239
APT-004201,LOC-10,SVC-05,2026-03-27,47,False,Routine,10.2,1,4,0,3,0,13,238
APT-004206,LOC-03,SVC-06,2026-03-27,36,False,Urgent,40.7,1,4,0,3,0,13,238
APT-004207,LOC-06,SVC-09,2026-03-28,21,False,Routine,40.0,1,5,1,3,0,13,239
APT-004209,LOC-07,SVC-05,2026-03-31,8,False,Routine,39.2,1,1,0,3,0,14,242
APT-004210,LOC-07,SVC-01,2026-03-27,27,False,Routine,45.4,1,4,0,3,0,13,238
APT-004212,LOC-08,SVC-07,2026-03-27,46,False,Urgent,40.0,1,4,0,3,0,13,238
APT-004219,LOC-08,SVC-05,2026-03-30,24,False,Priority,42.1,1,0,0,3,0,14,241
APT-004220,LOC-10,SVC-02,2026-03-29,32,True,Priority,81.6,1,6,1,3,0,13,240
APT-004222,LOC-05,SVC-05,2026-03-28,9,False,Routine,4.3,1,5,1,3,0,13,239
APT-004225,LOC-03,SVC-02,2026-03-28,29,False,Priority,36.6,1,5,1,3,0,13,239
APT-004230,LOC-06,SVC-03,2026-03-29,41,False,Routine,13.4,1,6,1,3,0,13,240
APT-004231,LOC-09,SVC-02,2026-04-02,37,False,Routine,17.4,1,3,0,4,0,14,244
APT-004237,LOC-06,SVC-01,2026-03-29,25,True,Priority,40.1,1,6,1,3,0,13,240
APT-004239,LOC-09,SVC-08,2026-03-29,18,False,Priority,44.6,1,6,1,3,0,13,240
APT-004245,LOC-01,SVC-01,2026-03-30,36,False,Routine,9.2,1,0,0,3,0,14,241
APT-004249,LOC-01,SVC-09,2026-04-02,39,False,Routine,19.7,1,3,0,4,0,14,244
APT-004255,LOC-07,SVC-06,2026-03-30,42,False,Priority,63.6,1,0,0,3,0,14,241
APT-004261,LOC-03,SVC-04,2026-04-03,16,False,Priority,75.0,1,4,0,4,0,14,245
APT-004262,LOC-09,SVC-01,2026-03-31,26,False,Urgent,47.1,1,1,0,3,0,14,242
APT-004263,LOC-09,SVC-06,2026-03-31,18,False,Routine,48.4,1,1,0,3,0,14,242
APT-004268,LOC-04,SVC-02,2026-03-30,29,False,Routine,8.8,1,0,0,3,0,14,241
APT-004269,LOC-03,SVC-02,2026-04-01,27,False,Routine,36.7,1,2,0,4,0,14,243
APT-004276,LOC-10,SVC-05,2026-03-31,3,False,Routine,21.5,1,1,0,3,0,14,242
APT-004278,LOC-08,SVC-07,2026-04-01,49,False,Priority,46.7,1,2,0,4,0,14,243
APT-004279,LOC-04,SVC-01,2026-03-31,17,False,Routine,15.3,1,1,0,3,0,14,242
APT-004283,LOC-01,SVC-02,2026-04-01,46,False,Routine,6.1,1,2,0,4,0,14,243
APT-004286,LOC-03,SVC-02,2026-03-31,36,False,Urgent,52.9,1,1,0,3,0,14,242
APT-004291,LOC-04,SVC-02,2026-03-31,31,False,Routine,33.1,1,1,0,3,0,14,242
APT-004292,LOC-10,SVC-01,2026-03-31,5,False,Routine,30.6,1,1,0,3,0,14,242
APT-004294,LOC-06,SVC-03,2026-04-01,53,False,Routine,27.7,1,2,0,4,0,14,243
APT-004296,LOC-02,SVC-01,2026-03-31,3,False,Routine,13.3,1,1,0,3,0,14,242
APT-004297,LOC-09,SVC-07,2026-04-03,16,False,Urgent,43.1,1,4,0,4,0,14,245
APT-004298,LOC-03,SVC-01,2026-04-02,39,False,Routine,36.3,1,3,0,4,0,14,244
APT-004300,LOC-06,SVC-01,2026-04-03,60,False,Routine,36.3,1,4,0,4,0,14,245
APT-004303,LOC-05,SVC-02,2026-04-02,47,False,Routine,8.3,1,3,0,4,0,14,244
APT-004309,LOC-02,SVC-06,2026-04-01,15,False,Urgent,55.8,1,2,0,4,0,14,243
APT-004312,LOC-07,SVC-01,2026-04-02,29,False,Priority,59.3,1,3,0,4,0,14,244
APT-004320,LOC-03,SVC-09,2026-04-02,27,False,Routine,34.0,1,3,0,4,0,14,244
APT-004325,LOC-01,SVC-06,2026-04-03,30,False,Priority,36.3,1,4,0,4,0,14,245
APT-004332,LOC-01,SVC-06,2026-04-04,29,False,Routine,56.2,1,5,1,4,0,14,246
APT-004344,LOC-04,SVC-02,2026-04-03,6,False,Routine,70.1,1,4,0,4,0,14,245
APT-004347,LOC-04,SVC-02,2026-04-03,32,False,Routine,15.6,1,4,0,4,0,14,245
APT-004348,LOC-03,SVC-09,2026-04-03,6,False,Routine,33.5,1,4,0,4,0,14,245
APT-004350,LOC-06,SVC-03,2026-04-03,44,False,Routine,12.0,1,4,0,4,0,14,245
APT-004351,LOC-01,SVC-01,2026-04-04,45,False,Routine,33.1,1,5,1,4,0,14,246
APT-004359,LOC-02,SVC-04,2026-04-03,13,False,Routine,19.2,1,4,0,4,0,14,245
APT-004365,LOC-04,SVC-01,2026-04-07,21,False,Routine,61.0,1,1,0,4,0,15,249
APT-004366,LOC-08,SVC-01,2026-04-03,10,False,Routine,10.0,1,4,0,4,0,14,245
APT-004367,LOC-04,SVC-01,2026-04-03,18,False,Routine,13.6,1,4,0,4,0,14,245
APT-004379,LOC-05,SVC-04,2026-04-06,36,False,Routine,44.0,1,0,0,4,0,15,248
APT-004381,LOC-05,SVC-06,2026-04-05,30,False,Routine,35.6,1,6,1,4,0,14,247
APT-004390,LOC-02,SVC-04,2026-04-06,25,False,Routine,34.8,1,0,0,4,0,15,248
APT-004393,LOC-02,SVC-06,2026-04-06,23,True,Urgent,37.1,1,0,0,4,0,15,248
APT-004394,LOC-06,SVC-05,2026-04-07,24,False,Routine,36.7,1,1,0,4,0,15,249
APT-004395,LOC-10,SVC-07,2026-04-07,38,False,Urgent,83.9,1,1,0,4,0,15,249
APT-004399,LOC-01,SVC-01,2026-04-06,6,False,Routine,17.9,1,0,0,4,0,15,248
APT-004402,LOC-06,SVC-02,2026-04-06,37,False,Priority,14.1,1,0,0,4,0,15,248
APT-004403,LOC-01,SVC-02,2026-04-07,20,False,Routine,53.5,1,1,0,4,0,15,249
APT-004405,LOC-06,SVC-05,2026-04-06,20,False,Urgent,93.6,1,0,0,4,0,15,248
APT-004408,LOC-02,SVC-02,2026-04-06,33,False,Urgent,66.5,1,0,0,4,0,15,248
APT-004411,LOC-05,SVC-06,2026-04-07,9,False,Routine,37.3,1,1,0,4,0,15,249
APT-004413,LOC-09,SVC-02,2026-04-10,53,False,Priority,32.2,1,4,0,4,0,15,252
APT-004415,LOC-03,SVC-04,2026-04-09,31,False,Routine,15.4,1,3,0,4,0,15,251
APT-004417,LOC-03,SVC-02,2026-04-07,18,False,Routine,36.3,1,1,0,4,0,15,249
APT-004421,LOC-03,SVC-02,2026-04-09,20,False,Routine,14.3,1,3,0,4,0,15,251
APT-004424,LOC-03,SVC-03,2026-04-09,26,False,Routine,38.8,1,3,0,4,0,15,251
APT-004426,LOC-09,SVC-01,2026-04-07,37,False,Urgent,62.7,1,1,0,4,0,15,249
APT-004432,LOC-03,SVC-02,2026-04-08,7,False,Routine,42.9,1,2,0,4,0,15,250
APT-004435,LOC-01,SVC-01,2026-04-09,26,False,Routine,17.4,1,3,0,4,0,15,251
APT-004439,LOC-07,SVC-02,2026-04-13,19,False,Routine,35.2,1,0,0,4,0,16,255
APT-004442,LOC-01,SVC-05,2026-04-09,23,False,Routine,13.2,1,3,0,4,0,15,251
APT-004451,LOC-07,SVC-07,2026-04-10,42,False,Routine,28.2,1,4,0,4,0,15,252
APT-004453,LOC-09,SVC-03,2026-04-10,38,False,Priority,15.8,1,4,0,4,0,15,252
APT-004454,LOC-09,SVC-06,2026-04-09,50,False,Urgent,32.4,1,3,0,4,0,15,251
APT-004457,LOC-07,SVC-02,2026-04-09,17,False,Priority,7.6,1,3,0,4,0,15,251
APT-004458,LOC-03,SVC-06,2026-04-10,22,False,Priority,18.4,1,4,0,4,0,15,252
APT-004461,LOC-04,SVC-01,2026-04-11,9,False,Routine,18.1,1,5,1,4,0,15,253
APT-004464,LOC-10,SVC-07,2026-04-10,17,False,Routine,65.0,1,4,0,4,0,15,252
APT-004465,LOC-07,SVC-03,2026-04-15,41,False,Priority,42.6,1,2,0,4,0,16,257
APT-004466,LOC-05,SVC-06,2026-04-10,12,False,Routine,71.0,1,4,0,4,0,15,252
APT-004468,LOC-05,SVC-08,2026-04-10,12,False,Routine,65.1,1,4,0,4,0,15,252
APT-004470,LOC-04,SVC-08,2026-04-10,32,False,Routine,64.7,1,4,0,4,0,15,252
APT-004472,LOC-01,SVC-06,2026-04-11,20,True,Routine,32.5,1,5,1,4,0,15,253
APT-004474,LOC-10,SVC-09,2026-04-11,3,False,Routine,22.3,1,5,1,4,0,15,253
APT-004475,LOC-01,SVC-07,2026-04-11,32,False,Routine,12.9,1,5,1,4,0,15,253
APT-004480,LOC-01,SVC-05,2026-04-12,18,False,Routine,51.8,1,6,1,4,0,15,254
APT-004481,LOC-07,SVC-03,2026-04-11,56,False,Priority,99.0,1,5,1,4,0,15,253
APT-004484,LOC-07,SVC-08,2026-04-10,6,False,Routine,18.7,1,4,0,4,0,15,252
APT-004488,LOC-02,SVC-03,2026-04-12,6,False,Routine,42.9,1,6,1,4,0,15,254
APT-004489,LOC-04,SVC-08,2026-04-11,3,False,Routine,10.9,1,5,1,4,0,15,253
APT-004491,LOC-07,SVC-02,2026-04-12,41,False,Routine,6.1,1,6,1,4,0,15,254
APT-004493,LOC-10,SVC-04,2026-04-14,39,False,Routine,42.4,1,1,0,4,0,16,256
APT-004501,LOC-10,SVC-02,2026-04-13,15,False,Routine,35.9,1,0,0,4,0,16,255
APT-004508,LOC-01,SVC-01,2026-04-14,46,False,Priority,89.2,1,1,0,4,0,16,256
APT-004511,LOC-06,SVC-05,2026-04-13,19,False,Routine,11.6,1,0,0,4,0,16,255
APT-004512,LOC-03,SVC-02,2026-04-13,14,False,Routine,12.1,1,0,0,4,0,16,255
APT-004515,LOC-05,SVC-08,2026-04-14,34,False,Priority,51.0,1,1,0,4,0,16,256
APT-004516,LOC-05,SVC-01,2026-04-13,24,False,Routine,8.5,1,0,0,4,0,16,255
APT-004522,LOC-09,SVC-01,2026-04-13,18,False,Priority,35.3,1,0,0,4,0,16,255
APT-004527,LOC-03,SVC-02,2026-04-14,44,False,Routine,8.1,1,1,0,4,0,16,256
APT-004528,LOC-07,SVC-05,2026-04-13,21,False,Priority,9.3,1,0,0,4,0,16,255
APT-004532,LOC-06,SVC-01,2026-04-14,61,False,Routine,41.1,1,1,0,4,0,16,256
APT-004534,LOC-01,SVC-04,2026-04-14,3,True,Routine,1.0,1,1,0,4,0,16,256
APT-004544,LOC-07,SVC-06,2026-04-17,45,False,Priority,69.4,1,4,0,4,0,16,259
APT-004547,LOC-09,SVC-02,2026-04-16,17,False,Urgent,41.0,1,3,0,4,0,16,258
APT-004550,LOC-08,SVC-06,2026-04-14,34,False,Urgent,31.1,1,1,0,4,0,16,256
APT-004551,LOC-05,SVC-02,2026-04-15,34,False,Routine,93.0,1,2,0,4,0,16,257
APT-004557,LOC-08,SVC-05,2026-04-15,15,False,Routine,16.9,1,2,0,4,0,16,257
APT-004560,LOC-05,SVC-03,2026-04-15,9,False,Routine,27.4,1,2,0,4,0,16,257
APT-004566,LOC-09,SVC-01,2026-04-15,24,False,Urgent,83.1,1,2,0,4,0,16,257
APT-004576,LOC-08,SVC-08,2026-04-17,20,False,Routine,5.0,1,4,0,4,0,16,259
APT-004583,LOC-10,SVC-02,2026-04-18,43,False,Routine,44.3,1,5,1,4,0,16,260
APT-004585,LOC-01,SVC-05,2026-04-17,37,False,Priority,13.9,1,4,0,4,0,16,259
APT-004589,LOC-02,SVC-05,2026-04-16,40,False,Routine,33.1,1,3,0,4,0,16,258
APT-004590,LOC-03,SVC-01,2026-04-18,21,False,Routine,36.7,1,5,1,4,0,16,260
APT-004591,LOC-08,SVC-06,2026-04-16,24,False,Routine,36.4,1,3,0,4,0,16,258
APT-004592,LOC-07,SVC-07,2026-04-16,64,False,Routine,12.8,1,3,0,4,0,16,258
APT-004593,LOC-04,SVC-01,2026-04-17,36,False,Routine,12.7,1,4,0,4,0,16,259
APT-004595,LOC-05,SVC-03,2026-04-17,45,False,Priority,32.5,1,4,0,4,0,16,259
APT-004601,LOC-02,SVC-03,2026-04-21,35,False,Routine,74.5,1,1,0,4,0,17,263
APT-004605,LOC-02,SVC-02,2026-04-18,3,False,Routine,11.0,1,5,1,4,0,16,260
APT-004606,LOC-03,SVC-01,2026-04-17,6,False,Urgent,24.9,1,4,0,4,0,16,259
APT-004607,LOC-01,SVC-03,2026-04-17,33,False,Routine,4.0,1,4,0,4,0,16,259
APT-004610,LOC-02,SVC-02,2026-04-17,26,False,Priority,41.2,1,4,0,4,0,16,259
APT-004618,LOC-07,SVC-06,2026-04-17,15,False,Routine,34.1,1,4,0,4,0,16,259
APT-004621,LOC-07,SVC-06,2026-04-17,67,True,Priority,16.1,1,4,0,4,0,16,259
APT-004626,LOC-04,SVC-01,2026-04-18,14,False,Urgent,75.8,1,5,1,4,0,16,260
APT-004629,LOC-03,SVC-02,2026-04-20,15,False,Routine,12.9,1,0,0,4,0,17,262
APT-004635,LOC-01,SVC-02,2026-04-23,54,False,Routine,66.5,1,3,0,4,0,17,265
APT-004636,LOC-02,SVC-01,2026-04-21,25,False,Priority,87.2,1,1,0,4,0,17,263
APT-004639,LOC-05,SVC-06,2026-04-20,27,False,Priority,19.9,1,0,0,4,0,17,262
APT-004640,LOC-09,SVC-01,2026-04-20,49,False,Routine,16.3,1,0,0,4,0,17,262
APT-004643,LOC-05,SVC-02,2026-04-21,21,False,Priority,21.9,1,1,0,4,0,17,263
APT-004652,LOC-01,SVC-03,2026-04-20,11,False,Priority,36.3,1,0,0,4,0,17,262
APT-004653,LOC-03,SVC-07,2026-04-21,29,False,Routine,37.4,1,1,0,4,0,17,263
APT-004656,LOC-07,SVC-09,2026-04-23,60,False,Routine,34.2,1,3,0,4,0,17,265
APT-004658,LOC-08,SVC-06,2026-04-21,33,False,Routine,14.2,1,1,0,4,0,17,263
APT-004661,LOC-09,SVC-08,2026-04-23,19,False,Routine,40.4,1,3,0,4,0,17,265
APT-004664,LOC-09,SVC-01,2026-04-22,17,False,Priority,63.8,1,2,0,4,0,17,264
APT-004671,LOC-07,SVC-02,2026-04-22,3,True,Priority,36.3,1,2,0,4,0,17,264
APT-004673,LOC-08,SVC-02,2026-04-23,46,False,Routine,15.3,1,3,0,4,0,17,265
APT-004674,LOC-08,SVC-07,2026-04-23,37,False,Priority,61.7,1,3,0,4,0,17,265
APT-004676,LOC-03,SVC-04,2026-04-26,14,False,Routine,13.5,1,6,1,4,0,17,268
APT-004683,LOC-08,SVC-02,2026-04-23,17,False,Routine,6.6,1,3,0,4,0,17,265
APT-004686,LOC-09,SVC-06,2026-04-22,46,False,Routine,17.7,1,2,0,4,0,17,264
APT-004687,LOC-02,SVC-02,2026-04-24,3,True,Priority,27.3,1,4,0,4,0,17,266
APT-004690,LOC-04,SVC-03,2026-04-22,30,False,Routine,5.6,1,2,0,4,0,17,264
APT-004694,LOC-09,SVC-07,2026-04-24,19,False,Priority,38.2,1,4,0,4,0,17,266
APT-004698,LOC-07,SVC-01,2026-04-23,52,False,Routine,18.7,1,3,0,4,0,17,265
APT-004699,LOC-09,SVC-02,2026-04-23,59,False,Priority,35.8,1,3,0,4,0,17,265
APT-004700,LOC-02,SVC-07,2026-04-24,16,False,Routine,35.7,1,4,0,4,0,17,266
APT-004701,LOC-07,SVC-01,2026-04-24,77,False,Routine,23.9,1,4,0,4,0,17,266
APT-004715,LOC-01,SVC-01,2026-04-24,32,False,Routine,17.3,1,4,0,4,0,17,266
APT-004722,LOC-01,SVC-07,2026-04-24,15,False,Routine,14.7,1,4,0,4,0,17,266
APT-004723,LOC-10,SVC-04,2026-04-24,44,False,Priority,18.8,1,4,0,4,0,17,266
APT-004724,LOC-05,SVC-06,2026-04-25,23,False,Emergency,62.7,1,5,1,4,0,17,267
APT-004727,LOC-03,SVC-04,2026-04-27,32,False,Priority,36.3,1,0,0,4,0,18,269
APT-004730,LOC-09,SVC-02,2026-04-26,14,False,Priority,37.1,1,6,1,4,0,17,268
APT-004733,LOC-07,SVC-06,2026-04-26,10,False,Priority,71.1,1,6,1,4,0,17,268
APT-004734,LOC-10,SVC-02,2026-04-26,53,False,Routine,14.5,1,6,1,4,0,17,268
APT-004740,LOC-10,SVC-02,2026-04-26,23,False,Priority,3.2,1,6,1,4,0,17,268
APT-004746,LOC-06,SVC-07,2026-04-27,26,False,Routine,42.6,1,0,0,4,0,18,269
APT-004747,LOC-01,SVC-01,2026-04-27,21,False,Urgent,62.6,1,0,0,4,0,18,269
APT-004748,LOC-06,SVC-05,2026-04-27,41,False,Priority,7.1,1,0,0,4,0,18,269
APT-004749,LOC-06,SVC-07,2026-04-29,31,False,Routine,19.0,1,2,0,4,0,18,271
APT-004750,LOC-02,SVC-01,2026-05-02,36,False,Routine,25.7,1,5,1,5,0,18,274
APT-004753,LOC-01,SVC-05,2026-04-28,31,False,Routine,35.4,1,1,0,4,0,18,270
APT-004757,LOC-10,SVC-05,2026-04-28,43,False,Routine,11.0,1,1,0,4,0,18,270
APT-004758,LOC-04,SVC-01,2026-04-27,14,False,Routine,20.6,1,0,0,4,0,18,269
APT-004760,LOC-09,SVC-03,2026-04-30,32,False,Routine,19.6,1,3,0,4,0,18,272
APT-004762,LOC-02,SVC-04,2026-04-28,4,False,Routine,38.3,1,1,0,4,0,18,270
APT-004763,LOC-02,SVC-07,2026-04-27,39,False,Priority,58.6,1,0,0,4,0,18,269
APT-004765,LOC-02,SVC-07,2026-04-27,36,False,Priority,96.9,1,0,0,4,0,18,269
APT-004769,LOC-10,SVC-04,2026-05-01,23,False,Routine,27.4,1,4,0,5,0,18,273
APT-004777,LOC-07,SVC-02,2026-05-01,36,False,Priority,43.6,1,4,0,5,0,18,273
APT-004780,LOC-06,SVC-02,2026-05-01,44,True,Priority,20.0,1,4,0,5,0,18,273
APT-004781,LOC-07,SVC-01,2026-04-28,12,False,Routine,15.9,1,1,0,4,0,18,270
APT-004788,LOC-06,SVC-06,2026-04-29,15,False,Routine,26.5,1,2,0,4,0,18,271
APT-004793,LOC-02,SVC-07,2026-04-29,45,False,Routine,50.8,1,2,0,4,0,18,271
APT-004807,LOC-03,SVC-08,2026-04-29,8,False,Priority,89.9,1,2,0,4,0,18,271
APT-004808,LOC-03,SVC-09,2026-05-01,13,False,Routine,36.3,1,4,0,5,0,18,273
APT-004810,LOC-10,SVC-07,2026-04-29,46,False,Routine,46.8,1,2,0,4,0,18,271
APT-004811,LOC-08,SVC-06,2026-05-01,15,False,Routine,26.2,1,4,0,5,0,18,273
APT-004814,LOC-05,SVC-05,2026-04-30,12,False,Routine,53.8,1,3,0,4,0,18,272
APT-004817,LOC-04,SVC-05,2026-04-30,22,False,Priority,13.6,1,3,0,4,0,18,272
APT-004818,LOC-03,SVC-05,2026-05-01,17,False,Routine,41.9,1,4,0,5,0,18,273
APT-004819,LOC-04,SVC-02,2026-04-30,5,False,Routine,21.7,1,3,0,4,0,18,272
APT-004822,LOC-05,SVC-06,2026-05-02,27,False,Routine,31.9,1,5,1,5,0,18,274
APT-004825,LOC-09,SVC-08,2026-05-03,30,False,Routine,39.4,1,6,1,5,0,18,275
APT-004827,LOC-08,SVC-08,2026-05-01,36,False,Routine,16.1,1,4,0,5,0,18,273
APT-004829,LOC-08,SVC-02,2026-05-01,57,False,Routine,42.9,1,4,0,5,0,18,273
APT-004831,LOC-09,SVC-01,2026-04-30,38,False,Routine,17.3,1,3,0,4,0,18,272
APT-004833,LOC-10,SVC-09,2026-05-01,39,False,Priority,37.3,1,4,0,5,0,18,273
APT-004834,LOC-05,SVC-07,2026-05-01,22,False,Priority,49.8,1,4,0,5,0,18,273
APT-004835,LOC-09,SVC-01,2026-04-30,50,False,Routine,4.4,1,3,0,4,0,18,272
APT-004845,LOC-03,SVC-01,2026-05-02,14,False,Routine,14.6,1,5,1,5,0,18,274
APT-004849,LOC-04,SVC-05,2026-05-01,23,False,Routine,13.3,1,4,0,5,0,18,273
APT-004855,LOC-09,SVC-02,2026-05-01,43,False,Priority,47.5,1,4,0,5,0,18,273
APT-004856,LOC-07,SVC-07,2026-05-01,14,False,Routine,10.5,1,4,0,5,0,18,273
APT-004858,LOC-08,SVC-02,2026-05-01,18,False,Routine,20.9,1,4,0,5,0,18,273
APT-004860,LOC-01,SVC-06,2026-05-03,18,False,Routine,22.1,1,6,1,5,0,18,275
APT-004864,LOC-01,SVC-02,2026-05-02,3,False,Routine,14.7,1,5,1,5,0,18,274
APT-004865,LOC-02,SVC-01,2026-05-01,5,False,Emergency,91.8,1,4,0,5,0,18,273
APT-004867,LOC-01,SVC-02,2026-05-01,3,True,Priority,27.9,1,4,0,5,0,18,273
APT-004875,LOC-09,SVC-02,2026-05-02,21,False,Routine,37.0,1,5,1,5,0,18,274
APT-004879,LOC-08,SVC-06,2026-05-03,33,False,Routine,13.6,1,6,1,5,0,18,275
APT-004880,LOC-03,SVC-01,2026-05-04,6,False,Routine,19.1,1,0,0,5,0,19,276
APT-004881,LOC-10,SVC-05,2026-05-05,40,False,Routine,44.2,1,1,0,5,0,19,277
APT-004882,LOC-10,SVC-04,2026-05-04,5,False,Priority,24.3,1,0,0,5,0,19,276
APT-004884,LOC-03,SVC-07,2026-05-03,28,False,Routine,32.5,1,6,1,5,0,18,275
APT-004889,LOC-02,SVC-01,2026-05-03,17,False,Priority,83.1,1,6,1,5,0,18,275
APT-004892,LOC-05,SVC-05,2026-05-04,30,False,Priority,13.5,1,0,0,5,0,19,276
APT-004894,LOC-09,SVC-03,2026-05-05,38,True,Routine,68.1,1,1,0,5,0,19,277
APT-004895,LOC-01,SVC-02,2026-05-04,54,False,Routine,9.3,1,0,0,5,0,19,276
APT-004897,LOC-10,SVC-06,2026-05-08,15,False,Routine,21.0,1,4,0,5,0,19,280
APT-004898,LOC-09,SVC-05,2026-05-04,17,False,Priority,16.7,1,0,0,5,0,19,276
APT-004900,LOC-10,SVC-02,2026-05-08,3,False,Routine,72.4,1,4,0,5,0,19,280
APT-004901,LOC-09,SVC-05,2026-05-05,25,False,Routine,18.4,1,1,0,5,0,19,277
APT-004902,LOC-01,SVC-07,2026-05-04,43,False,Routine,12.8,1,0,0,5,0,19,276
APT-004911,LOC-07,SVC-09,2026-05-06,35,False,Routine,16.3,1,2,0,5,0,19,278
APT-004916,LOC-03,SVC-06,2026-05-05,16,False,Urgent,32.4,1,1,0,5,0,19,277
APT-004920,LOC-02,SVC-02,2026-05-05,36,False,Priority,62.8,1,1,0,5,0,19,277
APT-004922,LOC-05,SVC-01,2026-05-06,45,False,Urgent,80.3,1,2,0,5,0,19,278
APT-004928,LOC-03,SVC-01,2026-05-05,31,False,Routine,23.8,1,1,0,5,0,19,277
APT-004932,LOC-01,SVC-01,2026-05-05,21,False,Routine,15.3,1,1,0,5,0,19,277
APT-004945,LOC-09,SVC-02,2026-05-09,21,True,Routine,54.0,1,5,1,5,0,19,281
APT-004946,LOC-02,SVC-06,2026-05-08,20,False,Routine,58.4,1,4,0,5,0,19,280
APT-004949,LOC-09,SVC-01,2026-05-08,38,False,Routine,11.0,1,4,0,5,0,19,280
APT-004950,LOC-08,SVC-07,2026-05-06,41,False,Urgent,66.6,1,2,0,5,0,19,278
APT-004953,LOC-09,SVC-03,2026-05-08,3,False,Routine,15.3,1,4,0,5,0,19,280
APT-004954,LOC-05,SVC-07,2026-05-06,12,False,Routine,19.3,1,2,0,5,0,19,278
APT-004955,LOC-05,SVC-01,2026-05-06,8,False,Priority,4.3,1,2,0,5,0,19,278
APT-004960,LOC-05,SVC-01,2026-05-09,15,True,Routine,9.2,1,5,1,5,0,19,281
APT-004964,LOC-01,SVC-02,2026-05-07,25,False,Priority,36.4,1,3,0,5,0,19,279
APT-004965,LOC-01,SVC-02,2026-05-07,25,False,Routine,38.0,1,3,0,5,0,19,279
APT-004969,LOC-04,SVC-07,2026-05-08,28,False,Routine,4.1,1,4,0,5,0,19,280
APT-004972,LOC-02,SVC-01,2026-05-08,9,False,Routine,45.5,1,4,0,5,0,19,280
APT-004976,LOC-01,SVC-01,2026-05-08,25,False,Routine,9.7,1,4,0,5,0,19,280
APT-004981,LOC-09,SVC-06,2026-05-10,24,False,Routine,48.2,1,6,1,5,0,19,282
APT-004983,LOC-06,SVC-06,2026-05-07,28,False,Routine,21.0,1,3,0,5,0,19,279
APT-004984,LOC-07,SVC-01,2026-05-08,46,False,Routine,69.1,1,4,0,5,0,19,280
APT-004987,LOC-08,SVC-02,2026-05-07,12,False,Routine,26.7,1,3,0,5,0,19,279
APT-004989,LOC-06,SVC-02,2026-05-07,52,False,Urgent,19.3,1,3,0,5,0,19,279
APT-004992,LOC-09,SVC-05,2026-05-08,46,False,Urgent,18.5,1,4,0,5,0,19,280
APT-004993,LOC-05,SVC-04,2026-05-08,23,False,Routine,57.1,1,4,0,5,0,19,280
APT-004994,LOC-02,SVC-03,2026-05-08,48,False,Priority,45.7,1,4,0,5,0,19,280
APT-004995,LOC-03,SVC-06,2026-05-08,14,False,Priority,40.0,1,4,0,5,0,19,280
APT-004998,LOC-08,SVC-05,2026-05-08,7,False,Urgent,74.7,1,4,0,5,0,19,280
APT-004999,LOC-10,SVC-02,2026-05-08,39,False,Urgent,85.0,1,4,0,5,0,19,280
APT-005001,LOC-09,SVC-02,2026-05-09,14,False,Routine,89.3,1,5,1,5,0,19,281
APT-005009,LOC-07,SVC-08,2026-05-09,32,False,Routine,26.0,1,5,1,5,0,19,281
APT-005010,LOC-01,SVC-05,2026-05-08,30,False,Routine,7.8,1,4,0,5,0,19,280
APT-005011,LOC-07,SVC-01,2026-05-09,6,False,Routine,12.3,1,5,1,5,0,19,281
APT-005013,LOC-03,SVC-01,2026-05-08,28,False,Routine,36.8,1,4,0,5,0,19,280
APT-005014,LOC-10,SVC-09,2026-05-09,19,False,Priority,11.3,1,5,1,5,0,19,281
APT-005015,LOC-07,SVC-03,2026-05-08,49,False,Urgent,55.7,1,4,0,5,0,19,280
APT-005018,LOC-07,SVC-05,2026-05-13,8,False,Routine,39.7,1,2,0,5,0,20,285
APT-005019,LOC-08,SVC-02,2026-05-11,46,False,Routine,36.3,1,0,0,5,0,20,283
APT-005020,LOC-10,SVC-03,2026-05-09,22,False,Routine,48.2,1,5,1,5,0,19,281
APT-005022,LOC-07,SVC-06,2026-05-09,17,False,Urgent,64.4,1,5,1,5,0,19,281
APT-005025,LOC-02,SVC-05,2026-05-11,3,False,Routine,60.0,1,0,0,5,0,20,283
APT-005026,LOC-08,SVC-05,2026-05-10,6,False,Urgent,84.7,1,6,1,5,0,19,282
APT-005027,LOC-10,SVC-08,2026-05-12,15,False,Routine,29.0,1,1,0,5,0,20,284
APT-005033,LOC-03,SVC-06,2026-05-10,32,False,Priority,12.6,1,6,1,5,0,19,282
APT-005034,LOC-01,SVC-05,2026-05-11,3,False,Routine,15.2,1,0,0,5,0,20,283
APT-005037,LOC-09,SVC-06,2026-05-10,41,False,Emergency,41.6,1,6,1,5,0,19,282
APT-005039,LOC-02,SVC-01,2026-05-10,20,False,Routine,20.1,1,6,1,5,0,19,282
APT-005045,LOC-07,SVC-01,2026-05-11,34,False,Urgent,68.5,1,0,0,5,0,20,283
APT-005046,LOC-10,SVC-02,2026-05-12,43,False,Priority,14.7,1,1,0,5,0,20,284
APT-005047,LOC-06,SVC-02,2026-05-13,19,False,Routine,5.7,1,2,0,5,0,20,285
APT-005048,LOC-03,SVC-02,2026-05-12,38,False,Routine,36.3,1,1,0,5,0,20,284
APT-005052,LOC-02,SVC-05,2026-05-11,24,False,Routine,25.1,1,0,0,5,0,20,283
APT-005058,LOC-10,SVC-01,2026-05-11,31,False,Urgent,3.6,1,0,0,5,0,20,283
APT-005062,LOC-01,SVC-07,2026-05-12,9,False,Routine,9.8,1,1,0,5,0,20,284
APT-005066,LOC-10,SVC-02,2026-05-12,30,False,Urgent,15.1,1,1,0,5,0,20,284
APT-005067,LOC-04,SVC-04,2026-05-12,21,False,Routine,64.9,1,1,0,5,0,20,284
APT-005070,LOC-05,SVC-06,2026-05-12,33,False,Routine,40.5,1,1,0,5,0,20,284
APT-005071,LOC-01,SVC-05,2026-05-12,25,False,Routine,34.6,1,1,0,5,0,20,284
APT-005073,LOC-07,SVC-02,2026-05-12,30,False,Urgent,73.1,1,1,0,5,0,20,284
APT-005076,LOC-04,SVC-04,2026-05-13,6,False,Routine,19.1,1,2,0,5,0,20,285
APT-005078,LOC-09,SVC-05,2026-05-13,46,False,Routine,22.6,1,2,0,5,0,20,285
APT-005084,LOC-02,SVC-08,2026-05-13,24,False,Routine,12.4,1,2,0,5,0,20,285
APT-005085,LOC-02,SVC-04,2026-05-13,15,False,Routine,27.5,1,2,0,5,0,20,285
APT-005087,LOC-07,SVC-03,2026-05-15,23,True,Routine,36.3,1,4,0,5,0,20,287
APT-005089,LOC-06,SVC-01,2026-05-14,8,False,Routine,18.6,1,3,0,5,0,20,286
APT-005091,LOC-09,SVC-01,2026-05-14,33,False,Routine,28.9,1,3,0,5,0,20,286
APT-005096,LOC-05,SVC-02,2026-05-15,16,False,Routine,36.3,1,4,0,5,0,20,287
APT-005097,LOC-03,SVC-07,2026-05-15,44,False,Priority,90.9,1,4,0,5,0,20,287
APT-005099,LOC-07,SVC-05,2026-05-15,29,False,Routine,47.2,1,4,0,5,0,20,287
APT-005100,LOC-05,SVC-04,2026-05-14,16,False,Priority,67.2,1,3,0,5,0,20,286
APT-005115,LOC-01,SVC-09,2026-05-14,11,False,Routine,35.1,1,3,0,5,0,20,286
APT-005118,LOC-04,SVC-05,2026-05-14,16,False,Routine,14.0,1,3,0,5,0,20,286
APT-005122,LOC-02,SVC-02,2026-05-14,20,False,Routine,19.1,1,3,0,5,0,20,286
APT-005125,LOC-01,SVC-01,2026-05-14,30,False,Routine,36.3,1,3,0,5,0,20,286
APT-005132,LOC-01,SVC-06,2026-05-17,14,False,Routine,77.3,1,6,1,5,0,20,289
APT-005133,LOC-08,SVC-02,2026-05-16,26,False,Priority,31.9,1,5,1,5,0,20,288
APT-005138,LOC-07,SVC-01,2026-05-15,53,False,Routine,16.0,1,4,0,5,0,20,287
APT-005142,LOC-10,SVC-01,2026-05-18,32,False,Routine,54.7,1,0,0,5,0,21,290
APT-005145,LOC-10,SVC-04,2026-05-15,49,False,Emergency,92.7,1,4,0,5,0,20,287
APT-005149,LOC-06,SVC-05,2026-05-17,40,False,Routine,13.8,1,6,1,5,0,20,289
APT-005153,LOC-10,SVC-06,2026-05-15,18,False,Routine,20.1,1,4,0,5,0,20,287
APT-005154,LOC-07,SVC-07,2026-05-15,15,False,Priority,42.3,1,4,0,5,0,20,287
APT-005156,LOC-06,SVC-06,2026-05-16,43,False,Priority,89.6,1,5,1,5,0,20,288
APT-005157,LOC-03,SVC-03,2026-05-15,29,False,Routine,37.7,1,4,0,5,0,20,287
APT-005158,LOC-02,SVC-04,2026-05-15,30,False,Priority,39.1,1,4,0,5,0,20,287
APT-005159,LOC-10,SVC-02,2026-05-16,38,False,Routine,6.5,1,5,1,5,0,20,288
APT-005161,LOC-06,SVC-05,2026-05-17,44,False,Priority,66.6,1,6,1,5,0,20,289
APT-005163,LOC-06,SVC-02,2026-05-17,46,False,Urgent,14.1,1,6,1,5,0,20,289
APT-005165,LOC-01,SVC-01,2026-05-19,25,False,Routine,63.5,1,1,0,5,0,21,291
APT-005168,LOC-07,SVC-01,2026-05-17,58,False,Routine,32.7,1,6,1,5,0,20,289
APT-005174,LOC-02,SVC-02,2026-05-18,9,False,Routine,15.8,1,0,0,5,0,21,290
APT-005180,LOC-07,SVC-01,2026-05-17,35,False,Routine,28.4,1,6,1,5,0,20,289
APT-005190,LOC-09,SVC-02,2026-05-18,3,False,Routine,9.9,1,0,0,5,0,21,290
APT-005194,LOC-06,SVC-08,2026-05-19,50,False,Routine,50.6,1,1,0,5,0,21,291
APT-005195,LOC-06,SVC-05,2026-05-18,11,False,Routine,25.8,1,0,0,5,0,21,290
APT-005196,LOC-05,SVC-02,2026-05-18,17,False,Routine,17.8,1,0,0,5,0,21,290
APT-005202,LOC-01,SVC-04,2026-05-18,17,False,Routine,50.6,1,0,0,5,0,21,290
APT-005203,LOC-02,SVC-01,2026-05-21,12,False,Routine,74.8,1,3,0,5,0,21,293
APT-005204,LOC-02,SVC-02,2026-05-19,12,False,Priority,68.4,1,1,0,5,0,21,291
APT-005208,LOC-05,SVC-05,2026-05-20,26,False,Routine,15.6,1,2,0,5,0,21,292
APT-005209,LOC-06,SVC-01,2026-05-20,17,False,Routine,13.8,1,2,0,5,0,21,292
APT-005213,LOC-09,SVC-01,2026-05-20,43,False,Routine,14.7,1,2,0,5,0,21,292
APT-005227,LOC-01,SVC-04,2026-05-19,24,False,Priority,46.0,1,1,0,5,0,21,291
APT-005229,LOC-08,SVC-03,2026-05-20,26,False,Routine,69.5,1,2,0,5,0,21,292
APT-005234,LOC-08,SVC-02,2026-05-20,19,False,Priority,13.6,1,2,0,5,0,21,292
APT-005235,LOC-01,SVC-06,2026-05-21,20,False,Priority,59.4,1,3,0,5,0,21,293
APT-005237,LOC-08,SVC-06,2026-05-21,20,False,Routine,18.1,1,3,0,5,0,21,293
APT-005238,LOC-06,SVC-02,2026-05-21,23,False,Urgent,30.2,1,3,0,5,0,21,293
APT-005242,LOC-03,SVC-01,2026-05-22,21,False,Routine,49.9,1,4,0,5,0,21,294
APT-005243,LOC-01,SVC-05,2026-05-21,11,False,Routine,18.3,1,3,0,5,0,21,293
APT-005245,LOC-06,SVC-06,2026-05-21,37,False,Urgent,41.1,1,3,0,5,0,21,293
APT-005252,LOC-01,SVC-01,2026-05-25,44,False,Routine,59.8,1,0,0,5,0,22,297
APT-005256,LOC-10,SVC-07,2026-05-21,40,False,Routine,13.4,1,3,0,5,0,21,293
APT-005258,LOC-01,SVC-06,2026-05-22,46,False,Priority,44.3,1,4,0,5,0,21,294
APT-005259,LOC-02,SVC-09,2026-05-22,24,False,Routine,36.3,1,4,0,5,0,21,294
APT-005261,LOC-10,SVC-02,2026-05-21,37,False,Routine,41.0,1,3,0,5,0,21,293
APT-005263,LOC-01,SVC-03,2026-05-22,25,False,Routine,45.0,1,4,0,5,0,21,294
APT-005264,LOC-05,SVC-06,2026-05-22,42,False,Routine,43.0,1,4,0,5,0,21,294
APT-005267,LOC-03,SVC-05,2026-05-21,9,False,Routine,16.7,1,3,0,5,0,21,293
APT-005269,LOC-06,SVC-09,2026-05-21,13,False,Routine,52.7,1,3,0,5,0,21,293
APT-005276,LOC-02,SVC-03,2026-05-21,34,False,Routine,34.8,1,3,0,5,0,21,293
APT-005279,LOC-02,SVC-01,2026-05-22,22,False,Urgent,80.0,1,4,0,5,0,21,294
APT-005282,LOC-05,SVC-01,2026-05-22,23,True,Routine,33.9,1,4,0,5,0,21,294
APT-005285,LOC-10,SVC-07,2026-05-22,23,False,Urgent,14.6,1,4,0,5,0,21,294
APT-005287,LOC-05,SVC-07,2026-05-24,18,False,Routine,16.1,1,6,1,5,0,21,296
APT-005288,LOC-04,SVC-01,2026-05-22,21,False,Priority,64.4,1,4,0,5,0,21,294
APT-005294,LOC-10,SVC-05,2026-05-23,39,False,Routine,23.6,1,5,1,5,0,21,295
APT-005295,LOC-05,SVC-05,2026-05-23,8,False,Priority,39.7,1,5,1,5,0,21,295
APT-005298,LOC-02,SVC-05,2026-05-22,52,False,Routine,18.3,1,4,0,5,0,21,294
APT-005305,LOC-06,SVC-02,2026-05-24,15,False,Routine,81.7,1,6,1,5,0,21,296
APT-005307,LOC-08,SVC-02,2026-05-22,11,False,Routine,17.4,1,4,0,5,0,21,294
APT-005309,LOC-05,SVC-05,2026-05-22,32,False,Emergency,63.3,1,4,0,5,0,21,294
APT-005311,LOC-02,SVC-02,2026-05-22,27,False,Routine,42.4,1,4,0,5,0,21,294
APT-005313,LOC-05,SVC-04,2026-05-24,4,False,Routine,13.5,1,6,1,5,0,21,296
APT-005314,LOC-05,SVC-01,2026-05-23,28,False,Routine,41.8,1,5,1,5,0,21,295
APT-005317,LOC-03,SVC-02,2026-05-24,14,False,Routine,26.3,1,6,1,5,0,21,296
APT-005321,LOC-09,SVC-01,2026-05-24,17,False,Routine,45.4,1,6,1,5,0,21,296
APT-005322,LOC-02,SVC-09,2026-05-25,29,False,Priority,73.1,1,0,0,5,0,22,297
APT-005324,LOC-09,SVC-05,2026-05-24,41,False,Routine,21.9,1,6,1,5,0,21,296
APT-005329,LOC-07,SVC-08,2026-05-25,38,False,Urgent,63.4,1,0,0,5,0,22,297
APT-005330,LOC-10,SVC-02,2026-05-25,35,False,Routine,11.5,1,0,0,5,0,22,297
APT-005337,LOC-10,SVC-02,2026-05-25,4,False,Routine,21.6,1,0,0,5,0,22,297
APT-005344,LOC-03,SVC-02,2026-05-25,25,False,Priority,14.8,1,0,0,5,0,22,297
APT-005345,LOC-04,SVC-03,2026-05-28,28,False,Routine,15.3,1,3,0,5,0,22,300
APT-005346,LOC-10,SVC-04,2026-05-26,29,False,Priority,92.3,1,1,0,5,0,22,298
APT-005347,LOC-01,SVC-02,2026-05-26,11,False,Priority,11.2,1,1,0,5,0,22,298
APT-005348,LOC-04,SVC-07,2026-05-25,15,False,Emergency,61.9,1,0,0,5,0,22,297
APT-005351,LOC-08,SVC-02,2026-05-27,27,False,Routine,67.4,1,2,0,5,0,22,299
APT-005353,LOC-07,SVC-01,2026-05-25,38,False,Emergency,68.0,1,0,0,5,0,22,297
APT-005354,LOC-07,SVC-03,2026-05-27,43,False,Urgent,56.5,1,2,0,5,0,22,299
APT-005357,LOC-03,SVC-03,2026-05-26,11,False,Routine,45.8,1,1,0,5,0,22,298
APT-005361,LOC-08,SVC-06,2026-05-26,33,False,Priority,28.3,1,1,0,5,0,22,298
APT-005363,LOC-04,SVC-02,2026-05-28,25,False,Routine,43.0,1,3,0,5,0,22,300
APT-005374,LOC-02,SVC-04,2026-05-27,9,False,Priority,61.9,1,2,0,5,0,22,299
APT-005375,LOC-01,SVC-07,2026-05-29,22,False,Routine,31.2,1,4,0,5,0,22,301
APT-005378,LOC-04,SVC-09,2026-05-26,35,False,Routine,10.3,1,1,0,5,0,22,298
APT-005379,LOC-07,SVC-07,2026-05-26,41,False,Routine,23.0,1,1,0,5,0,22,298
APT-005383,LOC-06,SVC-07,2026-05-28,51,False,Priority,28.9,1,3,0,5,0,22,300
APT-005389,LOC-02,SVC-06,2026-05-28,28,False,Routine,22.3,1,3,0,5,0,22,300
APT-005405,LOC-06,SVC-06,2026-05-29,26,False,Routine,43.7,1,4,0,5,0,22,301
APT-005412,LOC-07,SVC-06,2026-05-29,32,False,Routine,27.3,1,4,0,5,0,22,301
APT-005414,LOC-02,SVC-05,2026-05-28,16,False,Routine,61.6,1,3,0,5,0,22,300
APT-005425,LOC-02,SVC-01,2026-05-28,25,True,Routine,48.7,1,3,0,5,0,22,300
APT-005427,LOC-01,SVC-05,2026-05-28,3,False,Routine,41.9,1,3,0,5,0,22,300
APT-005429,LOC-07,SVC-09,2026-05-29,18,False,Routine,32.6,1,4,0,5,0,22,301
APT-005432,LOC-05,SVC-04,2026-05-29,19,False,Urgent,47.7,1,4,0,5,0,22,301
APT-005434,LOC-04,SVC-02,2026-05-29,6,False,Routine,36.3,1,4,0,5,0,22,301
APT-005437,LOC-04,SVC-03,2026-05-28,12,False,Urgent,93.0,1,3,0,5,0,22,300
APT-005439,LOC-06,SVC-01,2026-05-31,31,False,Routine,13.6,1,6,1,5,0,22,303
APT-005445,LOC-08,SVC-06,2026-05-29,33,False,Routine,20.4,1,4,0,5,0,22,301
APT-005447,LOC-01,SVC-01,2026-05-30,22,False,Routine,72.1,1,5,1,5,0,22,302
APT-005454,LOC-08,SVC-01,2026-05-29,40,True,Priority,10.0,1,4,0,5,0,22,301
APT-005462,LOC-01,SVC-01,2026-05-30,27,False,Priority,42.2,1,5,1,5,0,22,302
APT-005478,LOC-05,SVC-02,2026-06-01,22,False,Priority,38.0,1,0,0,6,1,23,304
APT-005479,LOC-08,SVC-01,2026-06-01,18,False,Priority,35.0,1,0,0,6,1,23,304
APT-005481,LOC-01,SVC-06,2026-06-01,13,False,Priority,36.9,1,0,0,6,1,23,304
APT-005485,LOC-03,SVC-02,2026-06-01,29,False,Routine,36.3,1,0,0,6,1,23,304
APT-005490,LOC-08,SVC-06,2026-06-02,40,False,Priority,25.4,1,1,0,6,1,23,305
APT-005498,LOC-10,SVC-01,2026-06-01,42,False,Routine,17.7,1,0,0,6,1,23,304
APT-005501,LOC-05,SVC-02,2026-06-02,3,False,Routine,42.1,1,1,0,6,1,23,305
APT-005503,LOC-07,SVC-04,2026-06-02,52,False,Routine,17.1,1,1,0,6,1,23,305
APT-005509,LOC-07,SVC-03,2026-06-03,55,False,Routine,18.7,1,2,0,6,1,23,306
APT-005511,LOC-06,SVC-02,2026-06-02,38,False,Priority,38.6,1,1,0,6,1,23,305
APT-005516,LOC-10,SVC-01,2026-06-03,40,False,Priority,87.6,1,2,0,6,1,23,306
APT-005520,LOC-01,SVC-06,2026-06-02,39,False,Urgent,77.9,1,1,0,6,1,23,305
APT-005522,LOC-10,SVC-07,2026-06-02,22,False,Priority,36.3,1,1,0,6,1,23,305
APT-005526,LOC-08,SVC-06,2026-06-04,39,False,Priority,99.0,1,3,0,6,1,23,307
APT-005528,LOC-08,SVC-02,2026-06-02,24,False,Urgent,21.8,1,1,0,6,1,23,305
APT-005529,LOC-04,SVC-02,2026-06-03,35,False,Routine,15.0,1,2,0,6,1,23,306
APT-005531,LOC-04,SVC-02,2026-06-03,10,False,Priority,39.9,1,2,0,6,1,23,306
APT-005533,LOC-08,SVC-02,2026-06-04,46,False,Routine,39.8,1,3,0,6,1,23,307
APT-005536,LOC-10,SVC-02,2026-06-02,17,False,Routine,9.0,1,1,0,6,1,23,305
APT-005537,LOC-06,SVC-04,2026-06-05,24,False,Priority,48.9,1,4,0,6,1,23,308
APT-005538,LOC-08,SVC-02,2026-06-03,47,False,Priority,36.3,1,2,0,6,1,23,306
APT-005542,LOC-02,SVC-05,2026-06-03,18,True,Routine,16.8,1,2,0,6,1,23,306
APT-005545,LOC-03,SVC-06,2026-06-05,15,False,Routine,50.5,1,4,0,6,1,23,308
APT-005547,LOC-03,SVC-01,2026-06-05,29,False,Routine,45.9,1,4,0,6,1,23,308
APT-005550,LOC-06,SVC-06,2026-06-03,24,False,Routine,42.3,1,2,0,6,1,23,306
APT-005552,LOC-08,SVC-05,2026-06-04,33,True,Routine,36.8,1,3,0,6,1,23,307
APT-005558,LOC-03,SVC-02,2026-06-03,32,False,Routine,21.0,1,2,0,6,1,23,306
APT-005565,LOC-06,SVC-05,2026-06-05,17,False,Urgent,65.3,1,4,0,6,1,23,308
APT-005566,LOC-03,SVC-05,2026-06-04,13,False,Routine,66.4,1,3,0,6,1,23,307
APT-005569,LOC-02,SVC-05,2026-06-05,11,False,Priority,28.8,1,4,0,6,1,23,308
APT-005570,LOC-10,SVC-07,2026-06-05,24,False,Routine,39.2,1,4,0,6,1,23,308
APT-005573,LOC-07,SVC-05,2026-06-05,4,False,Priority,47.2,1,4,0,6,1,23,308
APT-005576,LOC-02,SVC-09,2026-06-07,30,False,Routine,61.4,1,6,1,6,1,23,310
APT-005580,LOC-09,SVC-06,2026-06-05,7,False,Priority,37.2,1,4,0,6,1,23,308
APT-005582,LOC-06,SVC-03,2026-06-09,47,False,Routine,84.9,1,1,0,6,1,24,312
APT-005584,LOC-06,SVC-01,2026-06-05,33,False,Routine,14.9,1,4,0,6,1,23,308
APT-005586,LOC-03,SVC-01,2026-06-04,14,True,Priority,87.5,1,3,0,6,1,23,307
APT-005588,LOC-08,SVC-01,2026-06-05,3,False,Priority,17.2,1,4,0,6,1,23,308
APT-005590,LOC-04,SVC-05,2026-06-05,21,False,Routine,83.9,1,4,0,6,1,23,308
APT-005592,LOC-06,SVC-05,2026-06-05,27,False,Routine,11.9,1,4,0,6,1,23,308
APT-005594,LOC-01,SVC-03,2026-06-05,27,False,Routine,17.2,1,4,0,6,1,23,308
APT-005598,LOC-03,SVC-06,2026-06-05,14,False,Routine,7.3,1,4,0,6,1,23,308
APT-005599,LOC-10,SVC-06,2026-06-05,30,False,Routine,16.9,1,4,0,6,1,23,308
APT-005601,LOC-08,SVC-05,2026-06-05,3,False,Priority,70.8,1,4,0,6,1,23,308
APT-005602,LOC-04,SVC-02,2026-06-05,7,False,Routine,12.9,1,4,0,6,1,23,308
APT-005606,LOC-07,SVC-04,2026-06-05,35,False,Priority,18.1,1,4,0,6,1,23,308
APT-005608,LOC-04,SVC-04,2026-06-06,33,False,Routine,14.3,1,5,1,6,1,23,309
APT-005611,LOC-03,SVC-03,2026-06-05,26,False,Routine,48.2,1,4,0,6,1,23,308
APT-005614,LOC-02,SVC-07,2026-06-06,3,False,Priority,45.0,1,5,1,6,1,23,309
APT-005615,LOC-02,SVC-03,2026-06-06,21,False,Routine,36.3,1,5,1,6,1,23,309
APT-005616,LOC-10,SVC-06,2026-06-06,6,False,Routine,17.0,1,5,1,6,1,23,309
APT-005617,LOC-05,SVC-05,2026-06-08,38,False,Routine,15.0,1,0,0,6,1,24,311
APT-005618,LOC-07,SVC-02,2026-06-06,29,False,Routine,8.3,1,5,1,6,1,23,309
APT-005622,LOC-06,SVC-02,2026-06-08,60,False,Routine,18.0,1,0,0,6,1,24,311
APT-005624,LOC-01,SVC-06,2026-06-06,22,False,Urgent,89.5,1,5,1,6,1,23,309
APT-005630,LOC-03,SVC-02,2026-06-11,22,False,Routine,24.9,1,3,0,6,1,24,314
APT-005636,LOC-02,SVC-06,2026-06-07,3,False,Priority,63.3,1,6,1,6,1,23,310
APT-005637,LOC-09,SVC-03,2026-06-08,23,False,Routine,42.2,1,0,0,6,1,24,311
APT-005639,LOC-07,SVC-01,2026-06-08,41,False,Routine,21.5,1,0,0,6,1,24,311
APT-005645,LOC-06,SVC-09,2026-06-09,14,False,Routine,43.1,1,1,0,6,1,24,312
APT-005646,LOC-10,SVC-05,2026-06-10,31,False,Routine,41.8,1,2,0,6,1,24,313
APT-005649,LOC-10,SVC-01,2026-06-08,42,False,Urgent,79.8,1,0,0,6,1,24,311
APT-005650,LOC-07,SVC-02,2026-06-09,62,False,Urgent,88.7,1,1,0,6,1,24,312
APT-005651,LOC-01,SVC-01,2026-06-08,18,False,Routine,67.4,1,0,0,6,1,24,311
APT-005655,LOC-05,SVC-06,2026-06-09,17,False,Routine,61.4,1,1,0,6,1,24,312
APT-005658,LOC-02,SVC-03,2026-06-08,34,True,Routine,53.2,1,0,0,6,1,24,311
APT-005660,LOC-04,SVC-07,2026-06-08,12,False,Emergency,56.8,1,0,0,6,1,24,311
APT-005662,LOC-03,SVC-02,2026-06-10,3,False,Routine,35.2,1,2,0,6,1,24,313
APT-005665,LOC-08,SVC-02,2026-06-09,29,False,Routine,8.3,1,1,0,6,1,24,312
APT-005672,LOC-03,SVC-07,2026-06-11,37,False,Routine,60.4,1,3,0,6,1,24,314
APT-005673,LOC-07,SVC-04,2026-06-15,25,False,Routine,71.6,1,0,0,6,1,25,318
APT-005677,LOC-07,SVC-04,2026-06-09,23,True,Routine,12.3,1,1,0,6,1,24,312
APT-005686,LOC-03,SVC-05,2026-06-10,28,True,Routine,33.6,1,2,0,6,1,24,313
APT-005689,LOC-10,SVC-06,2026-06-10,29,False,Routine,13.2,1,2,0,6,1,24,313
APT-005704,LOC-03,SVC-02,2026-06-12,17,False,Priority,33.1,1,4,0,6,1,24,315
APT-005707,LOC-10,SVC-08,2026-06-12,18,True,Routine,40.9,1,4,0,6,1,24,315
APT-005721,LOC-01,SVC-03,2026-06-12,25,False,Priority,34.1,1,4,0,6,1,24,315
APT-005725,LOC-02,SVC-01,2026-06-12,21,True,Priority,8.6,1,4,0,6,1,24,315
APT-005727,LOC-01,SVC-01,2026-06-12,33,False,Priority,29.8,1,4,0,6,1,24,315
APT-005728,LOC-01,SVC-07,2026-06-11,10,False,Urgent,91.5,1,3,0,6,1,24,314
APT-005730,LOC-07,SVC-06,2026-06-12,3,False,Priority,59.1,1,4,0,6,1,24,315
APT-005731,LOC-10,SVC-01,2026-06-12,24,False,Routine,9.7,1,4,0,6,1,24,315
APT-005734,LOC-02,SVC-08,2026-06-12,22,False,Priority,63.0,1,4,0,6,1,24,315
APT-005736,LOC-05,SVC-01,2026-06-13,14,False,Routine,41.7,1,5,1,6,1,24,316
APT-005737,LOC-01,SVC-04,2026-06-12,26,False,Priority,40.6,1,4,0,6,1,24,315
APT-005739,LOC-06,SVC-01,2026-06-13,29,True,Priority,14.1,1,5,1,6,1,24,316
APT-005740,LOC-07,SVC-01,2026-06-12,37,False,Routine,12.4,1,4,0,6,1,24,315
APT-005744,LOC-03,SVC-02,2026-06-12,12,True,Priority,32.4,1,4,0,6,1,24,315
APT-005745,LOC-02,SVC-04,2026-06-12,53,False,Emergency,65.6,1,4,0,6,1,24,315
APT-005746,LOC-07,SVC-08,2026-06-13,24,False,Priority,15.5,1,5,1,6,1,24,316
APT-005747,LOC-05,SVC-08,2026-06-15,24,False,Routine,40.1,1,0,0,6,1,25,318
APT-005749,LOC-01,SVC-05,2026-06-12,44,False,Urgent,40.4,1,4,0,6,1,24,315
APT-005750,LOC-03,SVC-09,2026-06-13,25,False,Routine,29.9,1,5,1,6,1,24,316
APT-005752,LOC-02,SVC-01,2026-06-15,21,False,Routine,62.4,1,0,0,6,1,25,318
APT-005753,LOC-06,SVC-07,2026-06-15,24,False,Routine,38.3,1,0,0,6,1,25,318
APT-005754,LOC-08,SVC-04,2026-06-13,33,False,Routine,12.2,1,5,1,6,1,24,316
APT-005755,LOC-10,SVC-03,2026-06-12,37,True,Routine,32.1,1,4,0,6,1,24,315
APT-005757,LOC-08,SVC-02,2026-06-15,34,False,Routine,63.9,1,0,0,6,1,25,318
APT-005758,LOC-05,SVC-05,2026-06-12,23,False,Priority,83.7,1,4,0,6,1,24,315
APT-005760,LOC-06,SVC-08,2026-06-12,49,False,Routine,9.2,1,4,0,6,1,24,315
APT-005762,LOC-07,SVC-03,2026-06-13,54,False,Urgent,88.0,1,5,1,6,1,24,316
APT-005765,LOC-05,SVC-09,2026-06-13,15,False,Routine,20.4,1,5,1,6,1,24,316
APT-005766,LOC-06,SVC-01,2026-06-14,40,False,Routine,37.8,1,6,1,6,1,24,317
APT-005770,LOC-03,SVC-01,2026-06-15,8,False,Routine,13.7,1,0,0,6,1,25,318
APT-005772,LOC-01,SVC-02,2026-06-13,36,True,Routine,15.9,1,5,1,6,1,24,316
APT-005773,LOC-07,SVC-07,2026-06-15,28,False,Routine,23.4,1,0,0,6,1,25,318
APT-005774,LOC-01,SVC-05,2026-06-14,40,False,Routine,58.2,1,6,1,6,1,24,317
APT-005778,LOC-03,SVC-02,2026-06-14,15,False,Routine,35.9,1,6,1,6,1,24,317
APT-005779,LOC-02,SVC-01,2026-06-15,29,False,Priority,33.3,1,0,0,6,1,25,318
APT-005790,LOC-09,SVC-07,2026-06-15,37,False,Routine,27.2,1,0,0,6,1,25,318
APT-005793,LOC-09,SVC-06,2026-06-16,32,False,Routine,16.9,1,1,0,6,1,25,319
APT-005797,LOC-08,SVC-02,2026-06-16,32,False,Urgent,65.4,1,1,0,6,1,25,319
APT-005799,LOC-07,SVC-05,2026-06-15,57,False,Routine,19.4,1,0,0,6,1,25,318
APT-005800,LOC-10,SVC-06,2026-06-16,15,False,Routine,12.2,1,1,0,6,1,25,319
APT-005802,LOC-02,SVC-01,2026-06-15,17,False,Routine,11.0,1,0,0,6,1,25,318
APT-005803,LOC-05,SVC-06,2026-06-15,22,True,Priority,29.4,1,0,0,6,1,25,318
APT-005806,LOC-03,SVC-01,2026-06-19,20,False,Routine,65.7,1,4,0,6,1,25,322
APT-005807,LOC-07,SVC-01,2026-06-17,29,False,Priority,38.0,1,2,0,6,1,25,320
APT-005823,LOC-07,SVC-06,2026-06-18,26,False,Priority,41.4,1,3,0,6,1,25,321
APT-005825,LOC-06,SVC-06,2026-06-16,18,False,Routine,40.9,1,1,0,6,1,25,319
APT-005832,LOC-07,SVC-05,2026-06-16,19,False,Routine,36.3,1,1,0,6,1,25,319
APT-005835,LOC-05,SVC-02,2026-06-16,36,False,Urgent,60.7,1,1,0,6,1,25,319
APT-005839,LOC-02,SVC-02,2026-06-16,3,False,Routine,72.4,1,1,0,6,1,25,319
APT-005842,LOC-09,SVC-02,2026-06-17,31,False,Priority,44.5,1,2,0,6,1,25,320
APT-005855,LOC-09,SVC-01,2026-06-17,8,True,Priority,42.5,1,2,0,6,1,25,320
APT-005859,LOC-02,SVC-09,2026-06-23,30,False,Priority,68.8,1,1,0,6,1,26,326
APT-005871,LOC-09,SVC-03,2026-06-17,29,False,Routine,15.1,1,2,0,6,1,25,320
APT-005872,LOC-08,SVC-02,2026-06-17,36,False,Priority,12.0,1,2,0,6,1,25,320
APT-005873,LOC-09,SVC-01,2026-06-20,9,False,Routine,61.4,1,5,1,6,1,25,323
APT-005877,LOC-09,SVC-02,2026-06-20,23,False,Routine,40.9,1,5,1,6,1,25,323
APT-005880,LOC-04,SVC-03,2026-06-18,8,False,Routine,44.4,1,3,0,6,1,25,321
APT-005887,LOC-04,SVC-02,2026-06-19,34,False,Priority,38.3,1,4,0,6,1,25,322
APT-005888,LOC-02,SVC-01,2026-06-18,7,False,Priority,38.3,1,3,0,6,1,25,321
APT-005891,LOC-09,SVC-02,2026-06-18,37,True,Priority,13.8,1,3,0,6,1,25,321
APT-005893,LOC-05,SVC-01,2026-06-19,12,False,Routine,36.3,1,4,0,6,1,25,322
APT-005901,LOC-10,SVC-09,2026-06-19,59,False,Routine,46.4,1,4,0,6,1,25,322
APT-005903,LOC-07,SVC-06,2026-06-19,34,False,Routine,56.6,1,4,0,6,1,25,322
APT-005907,LOC-04,SVC-03,2026-06-18,3,False,Priority,32.6,1,3,0,6,1,25,321
APT-005908,LOC-05,SVC-07,2026-06-19,25,False,Routine,11.4,1,4,0,6,1,25,322
APT-005916,LOC-03,SVC-02,2026-06-20,53,False,Priority,21.6,1,5,1,6,1,25,323
APT-005918,LOC-08,SVC-06,2026-06-19,18,False,Routine,11.5,1,4,0,6,1,25,322
APT-005919,LOC-09,SVC-09,2026-06-19,41,False,Priority,58.6,1,4,0,6,1,25,322
APT-005921,LOC-01,SVC-07,2026-06-19,8,False,Priority,9.2,1,4,0,6,1,25,322
APT-005923,LOC-03,SVC-02,2026-06-19,34,False,Urgent,87.3,1,4,0,6,1,25,322
APT-005924,LOC-05,SVC-09,2026-06-19,21,False,Routine,69.2,1,4,0,6,1,25,322
APT-005931,LOC-07,SVC-05,2026-06-19,26,False,Routine,13.7,1,4,0,6,1,25,322
APT-005942,LOC-04,SVC-01,2026-06-21,17,False,Priority,33.0,1,6,1,6,1,25,324
APT-005944,LOC-08,SVC-03,2026-06-22,18,False,Priority,13.3,1,0,0,6,1,26,325
APT-005951,LOC-10,SVC-01,2026-06-22,35,False,Urgent,83.2,1,0,0,6,1,26,325
APT-005952,LOC-03,SVC-04,2026-06-22,17,False,Routine,49.1,1,0,0,6,1,26,325
APT-005956,LOC-08,SVC-01,2026-06-21,34,False,Routine,41.2,1,6,1,6,1,25,324
APT-005958,LOC-10,SVC-02,2026-06-21,41,False,Routine,6.0,1,6,1,6,1,25,324
APT-005960,LOC-03,SVC-06,2026-06-22,39,False,Priority,15.5,1,0,0,6,1,26,325
APT-005961,LOC-03,SVC-02,2026-06-24,34,False,Routine,28.5,1,2,0,6,1,26,327
APT-005967,LOC-07,SVC-07,2026-06-26,19,False,Routine,50.0,1,4,0,6,1,26,329
APT-005968,LOC-06,SVC-02,2026-06-24,40,False,Priority,72.1,1,2,0,6,1,26,327
APT-005969,LOC-08,SVC-05,2026-06-23,44,True,Routine,11.6,1,1,0,6,1,26,326
APT-005974,LOC-10,SVC-01,2026-06-22,35,False,Priority,16.7,1,0,0,6,1,26,325
APT-005978,LOC-01,SVC-03,2026-06-24,12,False,Routine,89.5,1,2,0,6,1,26,327
APT-005983,LOC-05,SVC-01,2026-06-23,28,False,Routine,20.1,1,1,0,6,1,26,326
APT-005984,LOC-09,SVC-04,2026-06-24,26,False,Routine,11.4,1,2,0,6,1,26,327
APT-005987,LOC-07,SVC-01,2026-06-24,35,True,Routine,64.4,1,2,0,6,1,26,327
APT-005988,LOC-04,SVC-01,2026-06-24,21,False,Priority,9.1,1,2,0,6,1,26,327
APT-005989,LOC-07,SVC-05,2026-06-24,13,False,Routine,12.1,1,2,0,6,1,26,327
APT-005991,LOC-03,SVC-04,2026-06-24,25,False,Priority,37.0,1,2,0,6,1,26,327
APT-005994,LOC-02,SVC-01,2026-06-23,7,False,Urgent,40.2,1,1,0,6,1,26,326
APT-005995,LOC-08,SVC-01,2026-06-23,44,False,Routine,15.8,1,1,0,6,1,26,326
APT-006002,LOC-08,SVC-01,2026-06-23,35,False,Routine,39.1,1,1,0,6,1,26,326
APT-006004,LOC-10,SVC-01,2026-06-25,64,False,Routine,31.2,1,3,0,6,1,26,328
APT-006012,LOC-03,SVC-08,2026-06-24,22,False,Routine,18.5,1,2,0,6,1,26,327
APT-006018,LOC-07,SVC-03,2026-06-26,25,False,Routine,5.8,1,4,0,6,1,26,329
APT-006023,LOC-02,SVC-02,2026-06-25,26,False,Routine,67.0,1,3,0,6,1,26,328
APT-006024,LOC-03,SVC-02,2026-06-25,26,False,Routine,33.0,1,3,0,6,1,26,328
APT-006026,LOC-06,SVC-05,2026-06-26,45,False,Routine,66.2,1,4,0,6,1,26,329
APT-006028,LOC-02,SVC-01,2026-06-26,18,False,Priority,41.3,1,4,0,6,1,26,329
APT-006033,LOC-08,SVC-01,2026-06-26,3,False,Priority,54.2,1,4,0,6,1,26,329
APT-006035,LOC-07,SVC-01,2026-06-25,39,False,Routine,34.1,1,3,0,6,1,26,328
APT-006039,LOC-04,SVC-05,2026-06-26,16,False,Priority,81.8,1,4,0,6,1,26,329
APT-006041,LOC-07,SVC-09,2026-06-26,34,False,Routine,58.8,1,4,0,6,1,26,329
APT-006046,LOC-08,SVC-02,2026-06-26,5,False,Priority,48.1,1,4,0,6,1,26,329
APT-006048,LOC-08,SVC-02,2026-06-26,27,False,Routine,37.6,1,4,0,6,1,26,329
APT-006051,LOC-01,SVC-07,2026-06-26,16,False,Priority,36.2,1,4,0,6,1,26,329
APT-006052,LOC-08,SVC-05,2026-06-26,34,False,Routine,38.0,1,4,0,6,1,26,329
APT-006056,LOC-10,SVC-02,2026-06-25,43,False,Emergency,41.0,1,3,0,6,1,26,328
APT-006061,LOC-04,SVC-01,2026-06-26,29,False,Routine,7.2,1,4,0,6,1,26,329
APT-006064,LOC-07,SVC-04,2026-06-26,31,False,Urgent,58.8,1,4,0,6,1,26,329
APT-006067,LOC-04,SVC-01,2026-06-26,35,False,Routine,16.0,1,4,0,6,1,26,329
APT-006071,LOC-07,SVC-03,2026-06-27,40,False,Routine,36.3,1,5,1,6,1,26,330
APT-006072,LOC-03,SVC-03,2026-06-27,44,False,Routine,8.4,1,5,1,6,1,26,330
APT-006091,LOC-07,SVC-05,2026-06-27,10,False,Urgent,63.4,1,5,1,6,1,26,330
APT-006093,LOC-02,SVC-01,2026-06-29,37,False,Priority,41.4,1,0,0,6,1,27,332
APT-006103,LOC-04,SVC-09,2026-06-28,17,False,Routine,14.6,1,6,1,6,1,26,331
APT-006107,LOC-04,SVC-02,2026-06-29,25,False,Priority,32.9,1,0,0,6,1,27,332
APT-006108,LOC-05,SVC-02,2026-06-29,16,False,Urgent,55.6,1,0,0,6,1,27,332
APT-006109,LOC-04,SVC-02,2026-06-29,23,False,Urgent,68.5,1,0,0,6,1,27,332
APT-006114,LOC-03,SVC-06,2026-06-29,30,False,Priority,11.5,1,0,0,6,1,27,332
APT-006116,LOC-09,SVC-05,2026-06-29,38,False,Priority,30.0,1,0,0,6,1,27,332
APT-006119,LOC-08,SVC-02,2026-06-29,30,False,Routine,7.2,1,0,0,6,1,27,332
APT-006121,LOC-07,SVC-04,2026-06-29,39,False,Priority,44.8,1,0,0,6,1,27,332
APT-006122,LOC-06,SVC-06,2026-06-29,24,False,Emergency,87.4,1,0,0,6,1,27,332
APT-006123,LOC-02,SVC-02,2026-06-29,16,False,Urgent,12.5,1,0,0,6,1,27,332
APT-006125,LOC-09,SVC-03,2026-06-30,13,False,Routine,16.4,1,1,0,6,1,27,333
APT-006127,LOC-10,SVC-06,2026-06-30,55,False,Routine,31.7,1,1,0,6,1,27,333
APT-006128,LOC-08,SVC-04,2026-06-29,43,False,Priority,36.3,1,0,0,6,1,27,332
APT-006137,LOC-07,SVC-02,2026-06-30,70,False,Routine,58.1,1,1,0,6,1,27,333
APT-006142,LOC-09,SVC-07,2026-07-01,24,False,Routine,21.1,1,2,0,7,1,27,334
APT-006144,LOC-09,SVC-04,2026-07-02,27,False,Priority,42.3,1,3,0,7,1,27,335
APT-004097,LOC-09,SVC-01,2026-03-22,31,False,Priority,12.0,0,6,1,3,0,12,233
APT-004101,LOC-07,SVC-03,2026-03-21,45,False,Priority,19.3,0,5,1,3,0,12,232
APT-004102,LOC-02,SVC-08,2026-03-21,27,False,Emergency,80.9,0,5,1,3,0,12,232
APT-004103,LOC-06,SVC-09,2026-03-24,60,False,Routine,36.3,0,1,0,3,0,13,235
APT-004104,LOC-03,SVC-05,2026-03-23,3,False,Priority,56.3,0,0,0,3,0,13,234
APT-004105,LOC-02,SVC-02,2026-03-21,7,False,Routine,27.7,0,5,1,3,0,12,232
APT-004106,LOC-10,SVC-05,2026-03-22,27,False,Routine,7.3,0,6,1,3,0,12,233
APT-004107,LOC-06,SVC-05,2026-03-21,3,False,Priority,33.7,0,5,1,3,0,12,232
APT-004109,LOC-04,SVC-01,2026-03-21,13,False,Priority,63.5,0,5,1,3,0,12,232
APT-004110,LOC-01,SVC-01,2026-03-21,21,False,Emergency,91.6,0,5,1,3,0,12,232
APT-004111,LOC-02,SVC-02,2026-03-23,36,False,Priority,84.3,0,0,0,3,0,13,234
APT-004112,LOC-06,SVC-08,2026-03-21,31,False,Emergency,61.0,0,5,1,3,0,12,232
APT-004115,LOC-02,SVC-01,2026-03-24,13,False,Urgent,79.3,0,1,0,3,0,13,235
APT-004116,LOC-10,SVC-03,2026-03-23,27,False,Priority,24.1,0,0,0,3,0,13,234
APT-004117,LOC-02,SVC-04,2026-03-23,21,False,Urgent,77.2,0,0,0,3,0,13,234
APT-004118,LOC-01,SVC-05,2026-03-25,3,False,Priority,67.2,0,2,0,3,0,13,236
APT-004121,LOC-02,SVC-07,2026-03-26,30,False,Routine,65.4,0,3,0,3,0,13,237
APT-004123,LOC-10,SVC-09,2026-03-24,13,True,Routine,13.0,0,1,0,3,0,13,235
APT-004124,LOC-03,SVC-07,2026-03-24,28,False,Urgent,60.2,0,1,0,3,0,13,235
APT-004125,LOC-07,SVC-04,2026-03-25,14,False,Routine,34.5,0,2,0,3,0,13,236
APT-004126,LOC-07,SVC-02,2026-03-24,19,False,Routine,10.9,0,1,0,3,0,13,235
APT-004132,LOC-03,SVC-03,2026-03-23,30,False,Urgent,58.7,0,0,0,3,0,13,234
APT-004133,LOC-09,SVC-02,2026-03-23,13,False,Urgent,88.4,0,0,0,3,0,13,234
APT-004134,LOC-08,SVC-09,2026-03-24,18,False,Routine,63.7,0,1,0,3,0,13,235
APT-004135,LOC-06,SVC-01,2026-03-26,43,False,Routine,26.9,0,3,0,3,0,13,237
APT-004136,LOC-02,SVC-03,2026-03-23,5,False,Routine,12.3,0,0,0,3,0,13,234
APT-004138,LOC-08,SVC-02,2026-03-24,3,False,Routine,42.0,0,1,0,3,0,13,235
APT-004139,LOC-03,SVC-01,2026-03-26,15,False,Routine,15.1,0,3,0,3,0,13,237
APT-004141,LOC-06,SVC-05,2026-03-25,49,False,Routine,56.1,0,2,0,3,0,13,236
APT-004142,LOC-03,SVC-09,2026-03-24,32,False,Urgent,17.1,0,1,0,3,0,13,235
APT-004144,LOC-02,SVC-09,2026-03-24,14,False,Emergency,37.1,0,1,0,3,0,13,235
APT-004145,LOC-08,SVC-05,2026-03-25,18,False,Routine,28.2,0,2,0,3,0,13,236
APT-004146,LOC-08,SVC-01,2026-03-24,46,False,Priority,32.3,0,1,0,3,0,13,235
APT-004147,LOC-06,SVC-01,2026-03-24,48,False,Routine,36.3,0,1,0,3,0,13,235
APT-004148,LOC-04,SVC-03,2026-03-26,26,False,Priority,68.1,0,3,0,3,0,13,237
APT-004149,LOC-08,SVC-06,2026-03-24,24,False,Routine,33.7,0,1,0,3,0,13,235
APT-004151,LOC-05,SVC-02,2026-03-24,9,False,Urgent,73.2,0,1,0,3,0,13,235
APT-004153,LOC-02,SVC-02,2026-03-24,25,False,Urgent,19.1,0,1,0,3,0,13,235
APT-004154,LOC-10,SVC-08,2026-03-26,35,False,Priority,45.8,0,3,0,3,0,13,237
APT-004155,LOC-10,SVC-06,2026-03-26,28,False,Routine,9.7,0,3,0,3,0,13,237
APT-004156,LOC-10,SVC-09,2026-03-26,38,False,Urgent,91.2,0,3,0,3,0,13,237
APT-004157,LOC-03,SVC-06,2026-03-26,24,False,Urgent,36.3,0,3,0,3,0,13,237
APT-004158,LOC-10,SVC-02,2026-03-25,14,False,Routine,22.0,0,2,0,3,0,13,236
APT-004161,LOC-09,SVC-04,2026-03-25,8,False,Priority,33.3,0,2,0,3,0,13,236
APT-004162,LOC-01,SVC-01,2026-03-25,45,False,Priority,61.1,0,2,0,3,0,13,236
APT-004164,LOC-05,SVC-07,2026-03-26,6,False,Routine,36.3,0,3,0,3,0,13,237
APT-004169,LOC-03,SVC-09,2026-03-25,35,False,Urgent,98.9,0,2,0,3,0,13,236
APT-004170,LOC-04,SVC-01,2026-03-26,28,False,Routine,16.9,0,3,0,3,0,13,237
APT-004172,LOC-06,SVC-07,2026-03-27,3,False,Routine,35.1,0,4,0,3,0,13,238
APT-004174,LOC-07,SVC-08,2026-03-27,19,False,Priority,62.9,0,4,0,3,0,13,238
APT-004176,LOC-09,SVC-05,2026-03-29,65,False,Routine,60.5,0,6,1,3,0,13,240
APT-004177,LOC-04,SVC-01,2026-03-26,21,False,Emergency,63.2,0,3,0,3,0,13,237
APT-004180,LOC-03,SVC-01,2026-03-26,25,False,Urgent,42.7,0,3,0,3,0,13,237
APT-004183,LOC-07,SVC-01,2026-03-26,36,False,Emergency,69.1,0,3,0,3,0,13,237
APT-004184,LOC-08,SVC-09,2026-03-27,17,False,Urgent,61.9,0,4,0,3,0,13,238
APT-004185,LOC-05,SVC-01,2026-03-28,42,False,Priority,64.9,0,5,1,3,0,13,239
APT-004186,LOC-01,SVC-04,2026-03-27,40,False,Routine,12.0,0,4,0,3,0,13,238
APT-004187,LOC-08,SVC-08,2026-03-27,20,False,Routine,37.1,0,4,0,3,0,13,238
APT-004189,LOC-06,SVC-03,2026-03-27,40,False,Priority,16.6,0,4,0,3,0,13,238
APT-004191,LOC-08,SVC-08,2026-03-27,26,False,Urgent,35.4,0,4,0,3,0,13,238
APT-004192,LOC-05,SVC-03,2026-03-29,27,False,Routine,8.3,0,6,1,3,0,13,240
APT-004194,LOC-05,SVC-08,2026-03-27,32,False,Priority,68.8,0,4,0,3,0,13,238
APT-004195,LOC-02,SVC-04,2026-03-28,27,False,Routine,33.6,0,5,1,3,0,13,239
APT-004196,LOC-02,SVC-03,2026-03-28,16,False,Priority,46.8,0,5,1,3,0,13,239
APT-004198,LOC-04,SVC-05,2026-03-28,3,False,Routine,28.5,0,5,1,3,0,13,239
APT-004202,LOC-05,SVC-01,2026-03-30,17,False,Routine,61.2,0,0,0,3,0,14,241
APT-004204,LOC-03,SVC-05,2026-03-27,22,False,Urgent,50.5,0,4,0,3,0,13,238
APT-004205,LOC-10,SVC-01,2026-03-28,35,False,Priority,85.5,0,5,1,3,0,13,239
APT-004208,LOC-05,SVC-03,2026-03-28,7,False,Priority,40.9,0,5,1,3,0,13,239
APT-004211,LOC-03,SVC-08,2026-03-29,21,False,Routine,67.2,0,6,1,3,0,13,240
APT-004213,LOC-05,SVC-05,2026-03-27,8,False,Urgent,38.9,0,4,0,3,0,13,238
APT-004214,LOC-06,SVC-06,2026-03-28,33,False,Routine,22.5,0,5,1,3,0,13,239
APT-004215,LOC-09,SVC-09,2026-03-27,21,False,Priority,14.5,0,4,0,3,0,13,238
APT-004216,LOC-08,SVC-08,2026-03-28,37,False,Urgent,18.1,0,5,1,3,0,13,239
APT-004217,LOC-10,SVC-06,2026-03-28,44,False,Priority,85.6,0,5,1,3,0,13,239
APT-004218,LOC-03,SVC-03,2026-03-30,21,False,Routine,63.9,0,0,0,3,0,14,241
APT-004221,LOC-07,SVC-09,2026-03-29,56,False,Routine,12.3,0,6,1,3,0,13,240
APT-004223,LOC-02,SVC-05,2026-03-28,3,False,Routine,32.7,0,5,1,3,0,13,239
APT-004224,LOC-04,SVC-08,2026-03-29,12,True,Urgent,66.6,0,6,1,3,0,13,240
APT-004226,LOC-04,SVC-01,2026-04-02,9,False,Routine,55.2,0,3,0,4,0,14,244
APT-004227,LOC-05,SVC-04,2026-03-28,13,False,Priority,40.8,0,5,1,3,0,13,239
APT-004228,LOC-04,SVC-05,2026-03-29,31,False,Urgent,33.8,0,6,1,3,0,13,240
APT-004229,LOC-05,SVC-05,2026-03-28,17,False,Priority,44.3,0,5,1,3,0,13,239
APT-004232,LOC-08,SVC-01,2026-03-28,49,False,Urgent,40.5,0,5,1,3,0,13,239
APT-004233,LOC-07,SVC-01,2026-03-29,19,False,Routine,23.9,0,6,1,3,0,13,240
APT-004234,LOC-07,SVC-02,2026-04-01,3,False,Priority,42.2,0,2,0,4,0,14,243
APT-004235,LOC-02,SVC-06,2026-03-29,28,False,Urgent,45.4,0,6,1,3,0,13,240
APT-004236,LOC-09,SVC-07,2026-03-30,14,False,Routine,34.2,0,0,0,3,0,14,241
APT-004238,LOC-01,SVC-07,2026-03-29,19,False,Priority,40.3,0,6,1,3,0,13,240
APT-004240,LOC-04,SVC-09,2026-03-29,24,False,Routine,20.4,0,6,1,3,0,13,240
APT-004241,LOC-04,SVC-08,2026-03-29,5,False,Routine,13.3,0,6,1,3,0,13,240
APT-004243,LOC-05,SVC-05,2026-03-31,12,False,Routine,18.9,0,1,0,3,0,14,242
APT-004246,LOC-03,SVC-05,2026-03-31,36,False,Routine,18.3,0,1,0,3,0,14,242
APT-004247,LOC-02,SVC-02,2026-03-31,34,False,Urgent,54.5,0,1,0,3,0,14,242
APT-004248,LOC-05,SVC-01,2026-03-31,29,False,Priority,40.3,0,1,0,3,0,14,242
APT-004250,LOC-10,SVC-07,2026-03-30,24,False,Urgent,27.0,0,0,0,3,0,14,241
APT-004251,LOC-06,SVC-07,2026-03-30,46,False,Urgent,63.7,0,0,0,3,0,14,241
APT-004252,LOC-03,SVC-06,2026-03-30,30,False,Priority,38.3,0,0,0,3,0,14,241
APT-004253,LOC-02,SVC-01,2026-03-30,11,False,Priority,36.3,0,0,0,3,0,14,241
APT-004254,LOC-04,SVC-05,2026-03-31,39,False,Urgent,42.4,0,1,0,3,0,14,242
APT-004257,LOC-04,SVC-05,2026-03-30,29,False,Urgent,84.6,0,0,0,3,0,14,241
APT-004258,LOC-06,SVC-01,2026-04-03,21,False,Routine,16.5,0,4,0,4,0,14,245
APT-004260,LOC-09,SVC-01,2026-04-02,30,False,Routine,43.0,0,3,0,4,0,14,244
APT-004264,LOC-03,SVC-05,2026-03-31,34,False,Priority,86.4,0,1,0,3,0,14,242
APT-004265,LOC-10,SVC-01,2026-03-30,21,False,Emergency,98.1,0,0,0,3,0,14,241
APT-004266,LOC-02,SVC-06,2026-04-01,20,False,Routine,38.9,0,2,0,4,0,14,243
APT-004267,LOC-08,SVC-05,2026-03-31,5,False,Routine,14.0,0,1,0,3,0,14,242
APT-004270,LOC-05,SVC-06,2026-03-31,12,True,Routine,31.5,0,1,0,3,0,14,242
APT-004272,LOC-06,SVC-05,2026-03-31,23,False,Priority,29.3,0,1,0,3,0,14,242
APT-004273,LOC-06,SVC-02,2026-04-01,30,False,Routine,9.3,0,2,0,4,0,14,243
APT-004274,LOC-04,SVC-03,2026-03-31,7,False,Emergency,88.6,0,1,0,3,0,14,242
APT-004275,LOC-10,SVC-04,2026-03-31,23,False,Routine,20.3,0,1,0,3,0,14,242
APT-004277,LOC-06,SVC-04,2026-03-31,29,False,Priority,66.2,0,1,0,3,0,14,242
APT-004280,LOC-01,SVC-03,2026-03-31,3,False,Urgent,38.6,0,1,0,3,0,14,242
APT-004281,LOC-06,SVC-01,2026-04-01,49,False,Routine,20.7,0,2,0,4,0,14,243
APT-004282,LOC-01,SVC-04,2026-04-03,26,False,Priority,86.1,0,4,0,4,0,14,245
APT-004284,LOC-02,SVC-03,2026-03-31,14,False,Urgent,99.0,0,1,0,3,0,14,242
APT-004285,LOC-03,SVC-04,2026-04-01,15,False,Priority,63.3,0,2,0,4,0,14,243
APT-004287,LOC-02,SVC-02,2026-03-31,15,False,Priority,89.6,0,1,0,3,0,14,242
APT-004288,LOC-02,SVC-01,2026-03-31,30,False,Priority,6.6,0,1,0,3,0,14,242
APT-004289,LOC-03,SVC-06,2026-03-31,21,False,Routine,36.0,0,1,0,3,0,14,242
APT-004293,LOC-06,SVC-01,2026-03-31,17,False,Urgent,62.1,0,1,0,3,0,14,242
APT-004295,LOC-08,SVC-09,2026-04-01,25,False,Routine,7.5,0,2,0,4,0,14,243
APT-004299,LOC-05,SVC-06,2026-04-01,5,False,Routine,23.1,0,2,0,4,0,14,243
APT-004301,LOC-04,SVC-08,2026-04-03,3,True,Routine,33.8,0,4,0,4,0,14,245
APT-004302,LOC-09,SVC-01,2026-04-01,23,False,Emergency,65.5,0,2,0,4,0,14,243
APT-004304,LOC-08,SVC-01,2026-04-02,15,False,Routine,41.2,0,3,0,4,0,14,244
APT-004305,LOC-05,SVC-02,2026-04-02,22,False,Priority,38.2,0,3,0,4,0,14,244
APT-004306,LOC-07,SVC-07,2026-04-02,61,False,Priority,42.2,0,3,0,4,0,14,244
APT-004307,LOC-01,SVC-09,2026-04-02,31,False,Urgent,18.4,0,3,0,4,0,14,244
APT-004308,LOC-10,SVC-06,2026-04-02,41,False,Priority,14.7,0,3,0,4,0,14,244
APT-004310,LOC-06,SVC-01,2026-04-02,3,False,Urgent,60.4,0,3,0,4,0,14,244
APT-004313,LOC-03,SVC-01,2026-04-01,21,False,Routine,16.8,0,2,0,4,0,14,243
APT-004315,LOC-01,SVC-05,2026-04-01,3,False,Routine,14.0,0,2,0,4,0,14,243
APT-004316,LOC-06,SVC-05,2026-04-01,32,False,Routine,17.5,0,2,0,4,0,14,243
APT-004317,LOC-01,SVC-05,2026-04-03,15,False,Urgent,92.0,0,4,0,4,0,14,245
APT-004318,LOC-03,SVC-05,2026-04-02,29,False,Priority,89.5,0,3,0,4,0,14,244
APT-004319,LOC-07,SVC-05,2026-04-02,30,False,Routine,23.9,0,3,0,4,0,14,244
APT-004321,LOC-03,SVC-07,2026-04-01,35,False,Urgent,36.3,0,2,0,4,0,14,243
APT-004322,LOC-06,SVC-01,2026-04-08,50,False,Routine,60.3,0,2,0,4,0,15,250
APT-004323,LOC-05,SVC-01,2026-04-01,21,False,Urgent,60.6,0,2,0,4,0,14,243
APT-004324,LOC-09,SVC-01,2026-04-02,35,False,Priority,20.6,0,3,0,4,0,14,244
APT-004326,LOC-07,SVC-06,2026-04-01,45,False,Urgent,69.6,0,2,0,4,0,14,243
APT-004327,LOC-06,SVC-03,2026-04-04,37,False,Routine,27.4,0,5,1,4,0,14,246
APT-004328,LOC-05,SVC-07,2026-04-01,18,False,Priority,12.3,0,2,0,4,0,14,243
APT-004329,LOC-07,SVC-06,2026-04-02,39,False,Routine,10.7,0,3,0,4,0,14,244
APT-004330,LOC-05,SVC-01,2026-04-06,35,False,Routine,78.3,0,0,0,4,0,15,248
APT-004334,LOC-06,SVC-05,2026-04-02,3,False,Priority,25.8,0,3,0,4,0,14,244
APT-004335,LOC-01,SVC-01,2026-04-03,30,False,Routine,21.9,0,4,0,4,0,14,245
APT-004336,LOC-10,SVC-08,2026-04-02,35,False,Urgent,43.6,0,3,0,4,0,14,244
APT-004337,LOC-08,SVC-09,2026-04-02,61,True,Routine,20.4,0,3,0,4,0,14,244
APT-004338,LOC-03,SVC-05,2026-04-04,8,False,Routine,7.2,0,5,1,4,0,14,246
APT-004339,LOC-04,SVC-01,2026-04-02,26,False,Priority,63.5,0,3,0,4,0,14,244
APT-004340,LOC-05,SVC-03,2026-04-02,31,False,Urgent,38.4,0,3,0,4,0,14,244
APT-004341,LOC-08,SVC-05,2026-04-04,32,True,Routine,40.0,0,5,1,4,0,14,246
APT-004342,LOC-02,SVC-01,2026-04-02,34,False,Routine,64.1,0,3,0,4,0,14,244
APT-004343,LOC-07,SVC-02,2026-04-02,17,False,Priority,36.3,0,3,0,4,0,14,244
APT-004345,LOC-02,SVC-07,2026-04-02,11,True,Priority,44.0,0,3,0,4,0,14,244
APT-004346,LOC-05,SVC-07,2026-04-02,3,True,Routine,36.3,0,3,0,4,0,14,244
APT-004349,LOC-09,SVC-02,2026-04-04,14,False,Routine,34.0,0,5,1,4,0,14,246
APT-004352,LOC-08,SVC-08,2026-04-03,15,True,Routine,41.1,0,4,0,4,0,14,245
APT-004353,LOC-03,SVC-07,2026-04-04,22,False,Priority,64.0,0,5,1,4,0,14,246
APT-004354,LOC-01,SVC-03,2026-04-04,21,False,Routine,35.2,0,5,1,4,0,14,246
APT-004355,LOC-02,SVC-01,2026-04-03,3,False,Priority,11.9,0,4,0,4,0,14,245
APT-004356,LOC-08,SVC-09,2026-04-03,16,False,Routine,14.1,0,4,0,4,0,14,245
APT-004357,LOC-03,SVC-01,2026-04-05,26,False,Routine,45.8,0,6,1,4,0,14,247
APT-004358,LOC-01,SVC-09,2026-04-04,25,False,Priority,34.2,0,5,1,4,0,14,246
APT-004360,LOC-06,SVC-03,2026-04-04,34,False,Priority,46.6,0,5,1,4,0,14,246
APT-004362,LOC-08,SVC-05,2026-04-04,41,False,Urgent,45.7,0,5,1,4,0,14,246
APT-004363,LOC-04,SVC-07,2026-04-03,14,False,Urgent,67.8,0,4,0,4,0,14,245
APT-004368,LOC-01,SVC-05,2026-04-04,17,False,Priority,37.3,0,5,1,4,0,14,246
APT-004369,LOC-03,SVC-08,2026-04-04,19,False,Routine,32.0,0,5,1,4,0,14,246
APT-004370,LOC-07,SVC-06,2026-04-07,47,False,Emergency,90.4,0,1,0,4,0,15,249
APT-004372,LOC-01,SVC-03,2026-04-04,39,False,Urgent,32.7,0,5,1,4,0,14,246
APT-004374,LOC-02,SVC-01,2026-04-05,6,False,Priority,87.9,0,6,1,4,0,14,247
APT-004375,LOC-05,SVC-01,2026-04-04,26,False,Urgent,26.2,0,5,1,4,0,14,246
APT-004380,LOC-07,SVC-09,2026-04-04,18,False,Priority,32.6,0,5,1,4,0,14,246
APT-004382,LOC-05,SVC-02,2026-04-05,3,False,Urgent,78.1,0,6,1,4,0,14,247
APT-004383,LOC-10,SVC-06,2026-04-06,28,False,Routine,21.5,0,0,0,4,0,15,248
APT-004384,LOC-07,SVC-02,2026-04-05,29,False,Urgent,33.1,0,6,1,4,0,14,247
APT-004385,LOC-01,SVC-07,2026-04-05,29,False,Emergency,84.0,0,6,1,4,0,14,247
APT-004386,LOC-02,SVC-09,2026-04-05,21,False,Priority,7.9,0,6,1,4,0,14,247
APT-004387,LOC-10,SVC-02,2026-04-05,12,False,Emergency,13.5,0,6,1,4,0,14,247
APT-004388,LOC-01,SVC-01,2026-04-07,48,False,Routine,12.8,0,1,0,4,0,15,249
APT-004389,LOC-04,SVC-09,2026-04-06,26,False,Urgent,6.7,0,0,0,4,0,15,248
APT-004391,LOC-07,SVC-07,2026-04-06,39,False,Urgent,36.1,0,0,0,4,0,15,248
APT-004392,LOC-07,SVC-07,2026-04-06,13,False,Routine,27.8,0,0,0,4,0,15,248
APT-004397,LOC-06,SVC-05,2026-04-11,6,False,Routine,37.0,0,5,1,4,0,15,253
APT-004398,LOC-06,SVC-01,2026-04-06,36,False,Urgent,42.6,0,0,0,4,0,15,248
APT-004400,LOC-08,SVC-05,2026-04-07,25,False,Urgent,73.8,0,1,0,4,0,15,249
APT-004401,LOC-08,SVC-04,2026-04-07,26,False,Priority,39.0,0,1,0,4,0,15,249
APT-004404,LOC-10,SVC-05,2026-04-06,14,False,Urgent,15.2,0,0,0,4,0,15,248
APT-004406,LOC-07,SVC-01,2026-04-07,36,False,Priority,36.3,0,1,0,4,0,15,249
APT-004409,LOC-06,SVC-01,2026-04-06,13,False,Urgent,30.8,0,0,0,4,0,15,248
APT-004410,LOC-09,SVC-02,2026-04-07,41,False,Routine,7.3,0,1,0,4,0,15,249
APT-004412,LOC-02,SVC-05,2026-04-06,14,False,Priority,36.3,0,0,0,4,0,15,248
APT-004414,LOC-06,SVC-05,2026-04-09,30,False,Routine,38.2,0,3,0,4,0,15,251
APT-004416,LOC-05,SVC-05,2026-04-07,15,False,Urgent,33.9,0,1,0,4,0,15,249
APT-004419,LOC-02,SVC-06,2026-04-09,13,False,Routine,14.2,0,3,0,4,0,15,251
APT-004420,LOC-05,SVC-01,2026-04-08,19,False,Priority,6.7,0,2,0,4,0,15,250
APT-004423,LOC-08,SVC-09,2026-04-08,24,False,Priority,50.7,0,2,0,4,0,15,250
APT-004425,LOC-02,SVC-05,2026-04-11,11,False,Priority,93.8,0,5,1,4,0,15,253
APT-004427,LOC-06,SVC-01,2026-04-08,10,True,Emergency,68.2,0,2,0,4,0,15,250
APT-004428,LOC-09,SVC-06,2026-04-08,45,False,Urgent,79.0,0,2,0,4,0,15,250
APT-004429,LOC-02,SVC-07,2026-04-07,8,False,Routine,27.4,0,1,0,4,0,15,249
APT-004430,LOC-10,SVC-04,2026-04-09,20,False,Priority,86.8,0,3,0,4,0,15,251
APT-004433,LOC-10,SVC-03,2026-04-08,48,False,Priority,11.1,0,2,0,4,0,15,250
APT-004434,LOC-01,SVC-05,2026-04-08,18,False,Urgent,63.0,0,2,0,4,0,15,250
APT-004436,LOC-05,SVC-08,2026-04-09,30,False,Urgent,60.8,0,3,0,4,0,15,251
APT-004437,LOC-10,SVC-06,2026-04-09,30,False,Routine,29.7,0,3,0,4,0,15,251
APT-004438,LOC-07,SVC-01,2026-04-09,21,False,Routine,31.9,0,3,0,4,0,15,251
APT-004440,LOC-02,SVC-01,2026-04-08,27,False,Emergency,43.0,0,2,0,4,0,15,250
APT-004441,LOC-07,SVC-05,2026-04-08,30,False,Routine,59.9,0,2,0,4,0,15,250
APT-004443,LOC-03,SVC-03,2026-04-09,16,False,Emergency,82.8,0,3,0,4,0,15,251
APT-004444,LOC-08,SVC-05,2026-04-09,22,True,Routine,1.9,0,3,0,4,0,15,251
APT-004445,LOC-02,SVC-09,2026-04-10,26,False,Routine,16.3,0,4,0,4,0,15,252
APT-004446,LOC-08,SVC-06,2026-04-09,32,False,Routine,30.4,0,3,0,4,0,15,251
APT-004447,LOC-05,SVC-09,2026-04-08,19,False,Urgent,53.8,0,2,0,4,0,15,250
APT-004448,LOC-04,SVC-01,2026-04-09,43,False,Urgent,32.2,0,3,0,4,0,15,251
APT-004449,LOC-08,SVC-07,2026-04-09,3,False,Priority,32.8,0,3,0,4,0,15,251
APT-004450,LOC-07,SVC-02,2026-04-09,32,False,Priority,26.3,0,3,0,4,0,15,251
APT-004452,LOC-09,SVC-09,2026-04-09,28,False,Emergency,29.5,0,3,0,4,0,15,251
APT-004455,LOC-04,SVC-09,2026-04-09,23,False,Routine,35.3,0,3,0,4,0,15,251
APT-004456,LOC-03,SVC-01,2026-04-09,42,False,Routine,21.8,0,3,0,4,0,15,251
APT-004459,LOC-05,SVC-09,2026-04-09,38,False,Priority,34.0,0,3,0,4,0,15,251
APT-004460,LOC-01,SVC-05,2026-04-09,22,True,Urgent,32.7,0,3,0,4,0,15,251
APT-004462,LOC-03,SVC-02,2026-04-11,30,False,Priority,65.4,0,5,1,4,0,15,253
APT-004463,LOC-10,SVC-04,2026-04-10,26,False,Routine,63.6,0,4,0,4,0,15,252
APT-004467,LOC-08,SVC-04,2026-04-11,11,False,Urgent,44.1,0,5,1,4,0,15,253
APT-004469,LOC-07,SVC-06,2026-04-12,18,False,Routine,48.6,0,6,1,4,0,15,254
APT-004471,LOC-04,SVC-04,2026-04-10,24,False,Routine,12.8,0,4,0,4,0,15,252
APT-004473,LOC-07,SVC-07,2026-04-13,13,False,Routine,11.6,0,0,0,4,0,16,255
APT-004476,LOC-10,SVC-01,2026-04-12,26,False,Routine,11.9,0,6,1,4,0,15,254
APT-004478,LOC-08,SVC-09,2026-04-11,33,False,Urgent,64.3,0,5,1,4,0,15,253
APT-004479,LOC-08,SVC-02,2026-04-11,15,False,Routine,6.7,0,5,1,4,0,15,253
APT-004483,LOC-05,SVC-01,2026-04-11,28,False,Priority,66.9,0,5,1,4,0,15,253
APT-004485,LOC-04,SVC-05,2026-04-11,14,False,Routine,45.3,0,5,1,4,0,15,253
APT-004486,LOC-02,SVC-08,2026-04-11,33,False,Urgent,28.8,0,5,1,4,0,15,253
APT-004487,LOC-02,SVC-05,2026-04-11,38,False,Priority,30.3,0,5,1,4,0,15,253
APT-004490,LOC-07,SVC-03,2026-04-11,18,False,Urgent,15.9,0,5,1,4,0,15,253
APT-004492,LOC-09,SVC-07,2026-04-12,6,False,Priority,33.9,0,6,1,4,0,15,254
APT-004494,LOC-01,SVC-05,2026-04-12,48,False,Urgent,60.8,0,6,1,4,0,15,254
APT-004496,LOC-06,SVC-06,2026-04-12,29,True,Urgent,31.5,0,6,1,4,0,15,254
APT-004498,LOC-02,SVC-06,2026-04-12,17,False,Urgent,32.4,0,6,1,4,0,15,254
APT-004499,LOC-10,SVC-03,2026-04-12,41,False,Routine,14.8,0,6,1,4,0,15,254
APT-004500,LOC-08,SVC-09,2026-04-14,3,False,Routine,33.5,0,1,0,4,0,16,256
APT-004502,LOC-08,SVC-05,2026-04-13,23,False,Priority,36.3,0,0,0,4,0,16,255
APT-004503,LOC-07,SVC-09,2026-04-13,41,False,Routine,16.5,0,0,0,4,0,16,255
APT-004504,LOC-08,SVC-01,2026-04-12,46,False,Routine,17.9,0,6,1,4,0,15,254
APT-004505,LOC-02,SVC-01,2026-04-13,13,False,Routine,31.0,0,0,0,4,0,16,255
APT-004506,LOC-04,SVC-05,2026-04-12,52,False,Routine,74.6,0,6,1,4,0,15,254
APT-004507,LOC-06,SVC-07,2026-04-16,13,False,Routine,22.2,0,3,0,4,0,16,258
APT-004509,LOC-05,SVC-07,2026-04-14,9,False,Routine,9.6,0,1,0,4,0,16,256
APT-004510,LOC-09,SVC-03,2026-04-14,16,False,Urgent,39.2,0,1,0,4,0,16,256
APT-004513,LOC-09,SVC-01,2026-04-14,23,False,Urgent,37.0,0,1,0,4,0,16,256
APT-004514,LOC-04,SVC-01,2026-04-14,14,False,Routine,18.6,0,1,0,4,0,16,256
APT-004517,LOC-03,SVC-01,2026-04-15,16,False,Routine,21.8,0,2,0,4,0,16,257
APT-004518,LOC-07,SVC-01,2026-04-14,3,False,Urgent,33.2,0,1,0,4,0,16,256
APT-004519,LOC-07,SVC-01,2026-04-13,58,False,Routine,36.3,0,0,0,4,0,16,255
APT-004520,LOC-01,SVC-02,2026-04-13,14,False,Routine,11.1,0,0,0,4,0,16,255
APT-004521,LOC-06,SVC-04,2026-04-13,3,False,Routine,48.8,0,0,0,4,0,16,255
APT-004523,LOC-02,SVC-03,2026-04-13,13,False,Priority,38.5,0,0,0,4,0,16,255
APT-004524,LOC-08,SVC-09,2026-04-14,39,False,Urgent,36.3,0,1,0,4,0,16,256
APT-004525,LOC-07,SVC-03,2026-04-14,3,False,Routine,12.2,0,1,0,4,0,16,256
APT-004526,LOC-02,SVC-05,2026-04-13,12,False,Emergency,87.0,0,0,0,4,0,16,255
APT-004529,LOC-03,SVC-01,2026-04-13,22,False,Priority,40.3,0,0,0,4,0,16,255
APT-004530,LOC-09,SVC-05,2026-04-13,13,True,Routine,41.3,0,0,0,4,0,16,255
APT-004531,LOC-08,SVC-04,2026-04-13,24,False,Urgent,70.1,0,0,0,4,0,16,255
APT-004535,LOC-04,SVC-01,2026-04-13,3,False,Urgent,88.8,0,0,0,4,0,16,255
APT-004537,LOC-10,SVC-08,2026-04-13,28,False,Priority,8.5,0,0,0,4,0,16,255
APT-004538,LOC-05,SVC-01,2026-04-15,20,False,Routine,42.7,0,2,0,4,0,16,257
APT-004539,LOC-01,SVC-05,2026-04-16,31,False,Priority,65.1,0,3,0,4,0,16,258
APT-004540,LOC-06,SVC-07,2026-04-14,12,False,Urgent,68.9,0,1,0,4,0,16,256
APT-004541,LOC-06,SVC-05,2026-04-15,25,False,Routine,65.0,0,2,0,4,0,16,257
APT-004542,LOC-04,SVC-07,2026-04-14,16,False,Routine,54.4,0,1,0,4,0,16,256
APT-004545,LOC-06,SVC-02,2026-04-15,23,False,Priority,95.8,0,2,0,4,0,16,257
APT-004546,LOC-06,SVC-02,2026-04-15,42,False,Routine,17.5,0,2,0,4,0,16,257
APT-004548,LOC-02,SVC-01,2026-04-14,10,False,Routine,87.1,0,1,0,4,0,16,256
APT-004549,LOC-05,SVC-08,2026-04-14,19,False,Priority,38.2,0,1,0,4,0,16,256
APT-004552,LOC-05,SVC-05,2026-04-14,33,False,Priority,38.3,0,1,0,4,0,16,256
APT-004553,LOC-01,SVC-05,2026-04-14,55,False,Priority,65.9,0,1,0,4,0,16,256
APT-004554,LOC-10,SVC-07,2026-04-14,56,False,Urgent,20.3,0,1,0,4,0,16,256
APT-004555,LOC-06,SVC-01,2026-04-14,40,False,Priority,59.6,0,1,0,4,0,16,256
APT-004558,LOC-06,SVC-09,2026-04-16,9,False,Priority,7.9,0,3,0,4,0,16,258
APT-004559,LOC-10,SVC-05,2026-04-16,5,False,Priority,31.1,0,3,0,4,0,16,258
APT-004562,LOC-02,SVC-09,2026-04-15,37,False,Priority,31.3,0,2,0,4,0,16,257
APT-004565,LOC-10,SVC-03,2026-04-15,24,False,Urgent,32.9,0,2,0,4,0,16,257
APT-004568,LOC-03,SVC-01,2026-04-16,13,False,Priority,68.7,0,3,0,4,0,16,258
APT-004569,LOC-05,SVC-07,2026-04-15,29,False,Urgent,38.1,0,2,0,4,0,16,257
APT-004570,LOC-04,SVC-09,2026-04-16,3,False,Routine,10.4,0,3,0,4,0,16,258
APT-004571,LOC-10,SVC-08,2026-04-16,17,False,Priority,22.4,0,3,0,4,0,16,258
APT-004573,LOC-08,SVC-01,2026-04-21,38,False,Routine,23.8,0,1,0,4,0,17,263
APT-004574,LOC-08,SVC-07,2026-04-16,11,False,Priority,11.9,0,3,0,4,0,16,258
APT-004577,LOC-05,SVC-06,2026-04-16,8,False,Urgent,68.3,0,3,0,4,0,16,258
APT-004578,LOC-09,SVC-08,2026-04-17,38,False,Priority,8.3,0,4,0,4,0,16,259
APT-004579,LOC-05,SVC-01,2026-04-16,25,False,Routine,31.5,0,3,0,4,0,16,258
APT-004580,LOC-04,SVC-07,2026-04-15,26,False,Routine,27.1,0,2,0,4,0,16,257
APT-004581,LOC-10,SVC-09,2026-04-15,32,False,Routine,12.8,0,2,0,4,0,16,257
APT-004584,LOC-07,SVC-09,2026-04-15,32,False,Routine,61.3,0,2,0,4,0,16,257
APT-004587,LOC-10,SVC-01,2026-04-16,29,True,Emergency,23.4,0,3,0,4,0,16,258
APT-004588,LOC-08,SVC-04,2026-04-17,3,False,Urgent,45.0,0,4,0,4,0,16,259
APT-004594,LOC-02,SVC-06,2026-04-16,32,False,Urgent,42.6,0,3,0,4,0,16,258
APT-004596,LOC-02,SVC-01,2026-04-16,3,False,Routine,37.1,0,3,0,4,0,16,258
APT-004597,LOC-05,SVC-09,2026-04-16,10,False,Priority,40.0,0,3,0,4,0,16,258
APT-004598,LOC-03,SVC-07,2026-04-16,22,False,Urgent,29.3,0,3,0,4,0,16,258
APT-004599,LOC-05,SVC-02,2026-04-16,22,False,Priority,29.5,0,3,0,4,0,16,258
APT-004600,LOC-06,SVC-01,2026-04-17,10,False,Priority,68.9,0,4,0,4,0,16,259
APT-004602,LOC-02,SVC-07,2026-04-16,12,False,Priority,62.9,0,3,0,4,0,16,258
APT-004603,LOC-07,SVC-05,2026-04-17,49,True,Priority,12.5,0,4,0,4,0,16,259
APT-004604,LOC-03,SVC-05,2026-04-18,25,False,Routine,11.3,0,5,1,4,0,16,260
APT-004608,LOC-05,SVC-04,2026-04-20,15,False,Urgent,85.0,0,0,0,4,0,17,262
APT-004609,LOC-06,SVC-09,2026-04-18,17,False,Priority,26.3,0,5,1,4,0,16,260
APT-004611,LOC-03,SVC-01,2026-04-17,32,False,Priority,36.6,0,4,0,4,0,16,259
APT-004612,LOC-05,SVC-01,2026-04-18,6,False,Routine,38.3,0,5,1,4,0,16,260
APT-004613,LOC-06,SVC-01,2026-04-17,10,False,Priority,9.8,0,4,0,4,0,16,259
APT-004614,LOC-10,SVC-07,2026-04-17,38,False,Urgent,86.3,0,4,0,4,0,16,259
APT-004616,LOC-10,SVC-05,2026-04-17,17,False,Priority,39.9,0,4,0,4,0,16,259
APT-004617,LOC-05,SVC-06,2026-04-18,3,False,Routine,9.9,0,5,1,4,0,16,260
APT-004619,LOC-09,SVC-01,2026-04-17,34,False,Urgent,41.9,0,4,0,4,0,16,259
APT-004620,LOC-08,SVC-01,2026-04-17,42,False,Routine,15.1,0,4,0,4,0,16,259
APT-004623,LOC-03,SVC-01,2026-04-18,4,False,Priority,8.7,0,5,1,4,0,16,260
APT-004624,LOC-09,SVC-06,2026-04-20,3,False,Routine,38.2,0,0,0,4,0,17,262
APT-004627,LOC-02,SVC-05,2026-04-18,17,False,Routine,2.2,0,5,1,4,0,16,260
APT-004628,LOC-07,SVC-01,2026-04-19,20,False,Urgent,11.1,0,6,1,4,0,16,261
APT-004630,LOC-03,SVC-03,2026-04-19,29,False,Urgent,16.0,0,6,1,4,0,16,261
APT-004631,LOC-07,SVC-02,2026-04-19,49,False,Priority,34.3,0,6,1,4,0,16,261
APT-004632,LOC-04,SVC-09,2026-04-20,10,False,Routine,36.7,0,0,0,4,0,17,262
APT-004633,LOC-08,SVC-03,2026-04-20,17,False,Emergency,49.4,0,0,0,4,0,17,262
APT-004634,LOC-09,SVC-02,2026-04-20,32,False,Priority,70.3,0,0,0,4,0,17,262
APT-004637,LOC-08,SVC-05,2026-04-20,12,False,Urgent,44.6,0,0,0,4,0,17,262
APT-004641,LOC-02,SVC-03,2026-04-20,32,False,Urgent,96.2,0,0,0,4,0,17,262
APT-004642,LOC-08,SVC-08,2026-04-21,17,False,Priority,61.2,0,1,0,4,0,17,263
APT-004644,LOC-02,SVC-02,2026-04-21,29,False,Priority,67.1,0,1,0,4,0,17,263
APT-004645,LOC-08,SVC-01,2026-04-20,8,False,Urgent,14.9,0,0,0,4,0,17,262
APT-004646,LOC-10,SVC-09,2026-04-20,39,False,Routine,13.5,0,0,0,4,0,17,262
APT-004649,LOC-10,SVC-05,2026-04-21,23,True,Emergency,73.7,0,1,0,4,0,17,263
APT-004650,LOC-10,SVC-05,2026-04-25,8,False,Priority,13.6,0,5,1,4,0,17,267
APT-004651,LOC-03,SVC-04,2026-04-21,11,False,Priority,35.0,0,1,0,4,0,17,263
APT-004654,LOC-02,SVC-03,2026-04-20,32,False,Priority,36.3,0,0,0,4,0,17,262
APT-004655,LOC-03,SVC-07,2026-04-20,21,False,Urgent,28.0,0,0,0,4,0,17,262
APT-004657,LOC-03,SVC-07,2026-04-22,16,False,Routine,17.4,0,2,0,4,0,17,264
APT-004659,LOC-05,SVC-01,2026-04-21,14,False,Urgent,42.1,0,1,0,4,0,17,263
APT-004660,LOC-09,SVC-09,2026-04-22,46,False,Routine,14.7,0,2,0,4,0,17,264
APT-004662,LOC-10,SVC-02,2026-04-21,15,False,Priority,65.4,0,1,0,4,0,17,263
APT-004663,LOC-08,SVC-04,2026-04-22,34,False,Priority,14.1,0,2,0,4,0,17,264
APT-004665,LOC-05,SVC-05,2026-04-22,28,False,Routine,36.9,0,2,0,4,0,17,264
APT-004667,LOC-06,SVC-01,2026-04-21,46,False,Routine,26.1,0,1,0,4,0,17,263
APT-004668,LOC-02,SVC-05,2026-04-23,29,False,Routine,33.8,0,3,0,4,0,17,265
APT-004669,LOC-06,SVC-07,2026-04-21,62,True,Routine,33.4,0,1,0,4,0,17,263
APT-004670,LOC-01,SVC-06,2026-04-22,4,False,Priority,43.2,0,2,0,4,0,17,264
APT-004672,LOC-01,SVC-01,2026-04-22,3,False,Emergency,37.7,0,2,0,4,0,17,264
APT-004675,LOC-10,SVC-01,2026-04-23,15,False,Priority,39.4,0,3,0,4,0,17,265
APT-004677,LOC-02,SVC-08,2026-04-24,3,False,Priority,46.5,0,4,0,4,0,17,266
APT-004679,LOC-10,SVC-01,2026-04-26,30,False,Routine,12.9,0,6,1,4,0,17,268
APT-004680,LOC-01,SVC-08,2026-04-22,46,False,Urgent,64.5,0,2,0,4,0,17,264
APT-004681,LOC-07,SVC-02,2026-04-22,30,False,Urgent,42.8,0,2,0,4,0,17,264
APT-004682,LOC-09,SVC-02,2026-04-22,13,False,Priority,13.0,0,2,0,4,0,17,264
APT-004684,LOC-07,SVC-09,2026-04-22,11,False,Priority,1.0,0,2,0,4,0,17,264
APT-004685,LOC-01,SVC-08,2026-04-23,8,False,Priority,59.0,0,3,0,4,0,17,265
APT-004688,LOC-02,SVC-01,2026-04-22,18,False,Routine,12.4,0,2,0,4,0,17,264
APT-004689,LOC-04,SVC-03,2026-04-23,14,False,Priority,33.6,0,3,0,4,0,17,265
APT-004691,LOC-01,SVC-06,2026-04-22,35,False,Routine,10.0,0,2,0,4,0,17,264
APT-004692,LOC-01,SVC-09,2026-04-23,30,False,Routine,42.8,0,3,0,4,0,17,265
APT-004693,LOC-10,SVC-03,2026-04-24,19,False,Priority,11.1,0,4,0,4,0,17,266
APT-004695,LOC-02,SVC-05,2026-04-23,16,False,Emergency,85.3,0,3,0,4,0,17,265
APT-004696,LOC-07,SVC-08,2026-04-24,31,False,Priority,65.7,0,4,0,4,0,17,266
APT-004702,LOC-03,SVC-01,2026-04-25,28,False,Routine,46.6,0,5,1,4,0,17,267
APT-004703,LOC-02,SVC-04,2026-04-24,24,False,Priority,48.3,0,4,0,4,0,17,266
APT-004704,LOC-09,SVC-05,2026-04-23,3,False,Routine,37.3,0,3,0,4,0,17,265
APT-004705,LOC-09,SVC-09,2026-04-23,16,True,Routine,39.5,0,3,0,4,0,17,265
APT-004706,LOC-05,SVC-01,2026-04-23,26,False,Urgent,49.8,0,3,0,4,0,17,265
APT-004708,LOC-05,SVC-05,2026-04-24,27,True,Routine,47.5,0,4,0,4,0,17,266
APT-004709,LOC-04,SVC-08,2026-04-23,39,False,Routine,12.9,0,3,0,4,0,17,265
APT-004710,LOC-09,SVC-01,2026-04-24,32,False,Routine,34.4,0,4,0,4,0,17,266
APT-004711,LOC-08,SVC-08,2026-04-26,39,False,Routine,43.8,0,6,1,4,0,17,268
APT-004712,LOC-08,SVC-01,2026-04-24,42,False,Urgent,13.0,0,4,0,4,0,17,266
APT-004714,LOC-03,SVC-06,2026-04-24,12,False,Routine,21.8,0,4,0,4,0,17,266
APT-004716,LOC-01,SVC-07,2026-04-25,25,False,Routine,14.1,0,5,1,4,0,17,267
APT-004717,LOC-04,SVC-07,2026-04-24,32,False,Routine,8.9,0,4,0,4,0,17,266
APT-004718,LOC-07,SVC-04,2026-04-27,45,False,Routine,39.5,0,0,0,4,0,18,269
APT-004719,LOC-05,SVC-04,2026-04-24,35,False,Urgent,26.6,0,4,0,4,0,17,266
APT-004721,LOC-03,SVC-02,2026-04-26,19,False,Routine,34.9,0,6,1,4,0,17,268
APT-004725,LOC-06,SVC-05,2026-04-25,15,False,Routine,7.4,0,5,1,4,0,17,267
APT-004726,LOC-05,SVC-02,2026-04-26,22,False,Routine,63.2,0,6,1,4,0,17,268
APT-004728,LOC-07,SVC-02,2026-04-25,18,False,Urgent,35.0,0,5,1,4,0,17,267
APT-004729,LOC-02,SVC-08,2026-04-25,32,False,Routine,14.8,0,5,1,4,0,17,267
APT-004732,LOC-07,SVC-03,2026-04-25,27,False,Priority,22.8,0,5,1,4,0,17,267
APT-004735,LOC-09,SVC-08,2026-04-25,46,True,Routine,21.2,0,5,1,4,0,17,267
APT-004736,LOC-06,SVC-08,2026-04-28,4,False,Routine,6.6,0,1,0,4,0,18,270
APT-004737,LOC-09,SVC-06,2026-04-27,32,False,Routine,42.1,0,0,0,4,0,18,269
APT-004738,LOC-02,SVC-01,2026-04-28,21,False,Routine,60.8,0,1,0,4,0,18,270
APT-004739,LOC-01,SVC-01,2026-04-26,23,False,Priority,41.5,0,6,1,4,0,17,268
APT-004741,LOC-07,SVC-05,2026-04-29,44,False,Priority,36.4,0,2,0,4,0,18,271
APT-004742,LOC-06,SVC-09,2026-04-28,48,False,Priority,40.0,0,1,0,4,0,18,270
APT-004743,LOC-08,SVC-01,2026-04-28,38,False,Routine,14.8,0,1,0,4,0,18,270
APT-004744,LOC-02,SVC-05,2026-04-28,22,False,Routine,25.6,0,1,0,4,0,18,270
APT-004745,LOC-10,SVC-01,2026-04-26,3,False,Routine,31.3,0,6,1,4,0,17,268
APT-004751,LOC-09,SVC-07,2026-04-27,23,False,Urgent,38.7,0,0,0,4,0,18,269
APT-004752,LOC-06,SVC-02,2026-04-28,8,False,Routine,30.7,0,1,0,4,0,18,270
APT-004754,LOC-05,SVC-05,2026-04-27,34,True,Routine,42.3,0,0,0,4,0,18,269
APT-004755,LOC-02,SVC-01,2026-04-27,29,False,Emergency,35.1,0,0,0,4,0,18,269
APT-004756,LOC-09,SVC-08,2026-04-27,25,False,Routine,40.5,0,0,0,4,0,18,269
APT-004759,LOC-08,SVC-02,2026-04-29,20,False,Routine,35.0,0,2,0,4,0,18,271
APT-004761,LOC-06,SVC-04,2026-04-29,20,False,Priority,36.9,0,2,0,4,0,18,271
APT-004764,LOC-03,SVC-07,2026-04-27,29,False,Urgent,29.7,0,0,0,4,0,18,269
APT-004766,LOC-04,SVC-01,2026-04-28,19,False,Priority,88.6,0,1,0,4,0,18,270
APT-004767,LOC-01,SVC-06,2026-04-28,17,False,Priority,34.7,0,1,0,4,0,18,270
APT-004768,LOC-10,SVC-05,2026-04-29,11,False,Urgent,19.3,0,2,0,4,0,18,271
APT-004770,LOC-02,SVC-01,2026-04-29,9,False,Routine,17.6,0,2,0,4,0,18,271
APT-004771,LOC-03,SVC-02,2026-04-28,31,True,Routine,32.1,0,1,0,4,0,18,270
APT-004772,LOC-04,SVC-07,2026-04-28,3,False,Urgent,62.8,0,1,0,4,0,18,270
APT-004774,LOC-01,SVC-09,2026-04-28,8,False,Urgent,84.7,0,1,0,4,0,18,270
APT-004775,LOC-06,SVC-02,2026-04-29,6,True,Urgent,67.5,0,2,0,4,0,18,271
APT-004776,LOC-02,SVC-03,2026-04-28,13,False,Priority,69.3,0,1,0,4,0,18,270
APT-004778,LOC-10,SVC-05,2026-04-28,31,False,Urgent,65.3,0,1,0,4,0,18,270
APT-004779,LOC-09,SVC-04,2026-04-30,55,False,Priority,30.1,0,3,0,4,0,18,272
APT-004782,LOC-09,SVC-03,2026-04-28,39,False,Urgent,43.7,0,1,0,4,0,18,270
APT-004783,LOC-05,SVC-08,2026-04-29,23,False,Routine,43.5,0,2,0,4,0,18,271
APT-004784,LOC-04,SVC-05,2026-04-28,29,False,Routine,11.3,0,1,0,4,0,18,270
APT-004785,LOC-03,SVC-04,2026-04-28,23,False,Urgent,87.9,0,1,0,4,0,18,270
APT-004787,LOC-06,SVC-02,2026-05-01,52,False,Routine,40.1,0,4,0,5,0,18,273
APT-004789,LOC-04,SVC-01,2026-04-29,16,False,Urgent,61.3,0,2,0,4,0,18,271
APT-004790,LOC-06,SVC-03,2026-05-02,37,False,Routine,32.8,0,5,1,5,0,18,274
APT-004791,LOC-01,SVC-05,2026-04-30,46,False,Emergency,79.2,0,3,0,4,0,18,272
APT-004792,LOC-09,SVC-03,2026-04-29,17,False,Priority,35.0,0,2,0,4,0,18,271
APT-004794,LOC-06,SVC-09,2026-04-29,42,False,Priority,15.5,0,2,0,4,0,18,271
APT-004796,LOC-05,SVC-07,2026-04-29,24,False,Urgent,22.3,0,2,0,4,0,18,271
APT-004797,LOC-03,SVC-07,2026-04-29,24,False,Emergency,76.9,0,2,0,4,0,18,271
APT-004798,LOC-01,SVC-05,2026-05-02,16,False,Routine,11.8,0,5,1,5,0,18,274
APT-004799,LOC-02,SVC-03,2026-04-29,28,False,Emergency,25.6,0,2,0,4,0,18,271
APT-004800,LOC-09,SVC-02,2026-04-29,3,False,Priority,40.8,0,2,0,4,0,18,271
APT-004801,LOC-04,SVC-08,2026-04-29,37,False,Priority,13.4,0,2,0,4,0,18,271
APT-004802,LOC-09,SVC-04,2026-04-30,38,False,Routine,23.6,0,3,0,4,0,18,272
APT-004803,LOC-10,SVC-04,2026-04-29,3,False,Routine,19.0,0,2,0,4,0,18,271
APT-004804,LOC-05,SVC-01,2026-04-30,11,False,Priority,31.1,0,3,0,4,0,18,272
APT-004805,LOC-03,SVC-08,2026-04-29,16,False,Priority,14.4,0,2,0,4,0,18,271
APT-004806,LOC-02,SVC-06,2026-04-29,15,True,Priority,16.8,0,2,0,4,0,18,271
APT-004809,LOC-02,SVC-05,2026-04-29,14,False,Priority,60.1,0,2,0,4,0,18,271
APT-004812,LOC-02,SVC-05,2026-04-29,34,False,Urgent,18.3,0,2,0,4,0,18,271
APT-004813,LOC-01,SVC-01,2026-04-30,10,False,Priority,97.7,0,3,0,4,0,18,272
APT-004816,LOC-03,SVC-01,2026-04-30,8,False,Priority,11.2,0,3,0,4,0,18,272
APT-004820,LOC-05,SVC-04,2026-04-30,22,False,Priority,36.3,0,3,0,4,0,18,272
APT-004821,LOC-06,SVC-01,2026-04-30,21,False,Routine,18.7,0,3,0,4,0,18,272
APT-004823,LOC-06,SVC-02,2026-04-30,36,False,Urgent,42.0,0,3,0,4,0,18,272
APT-004824,LOC-01,SVC-06,2026-04-30,3,False,Routine,12.1,0,3,0,4,0,18,272
APT-004826,LOC-06,SVC-07,2026-05-01,45,False,Priority,66.6,0,4,0,5,0,18,273
APT-004828,LOC-05,SVC-05,2026-04-30,12,True,Routine,33.3,0,3,0,4,0,18,272
APT-004832,LOC-07,SVC-01,2026-05-02,40,False,Routine,14.5,0,5,1,5,0,18,274
APT-004836,LOC-06,SVC-06,2026-05-02,25,False,Priority,65.5,0,5,1,5,0,18,274
APT-004837,LOC-02,SVC-07,2026-05-02,28,False,Routine,15.8,0,5,1,5,0,18,274
APT-004838,LOC-01,SVC-08,2026-04-30,22,False,Priority,46.0,0,3,0,4,0,18,272
APT-004839,LOC-06,SVC-03,2026-05-01,31,False,Urgent,33.7,0,4,0,5,0,18,273
APT-004840,LOC-09,SVC-07,2026-05-01,32,False,Routine,17.3,0,4,0,5,0,18,273
APT-004841,LOC-01,SVC-01,2026-05-01,42,False,Priority,20.6,0,4,0,5,0,18,273
APT-004842,LOC-07,SVC-05,2026-05-02,24,False,Priority,14.4,0,5,1,5,0,18,274
APT-004843,LOC-05,SVC-02,2026-05-01,19,False,Priority,31.4,0,4,0,5,0,18,273
APT-004844,LOC-07,SVC-01,2026-05-01,60,False,Routine,7.5,0,4,0,5,0,18,273
APT-004846,LOC-05,SVC-08,2026-05-02,15,False,Routine,41.1,0,5,1,5,0,18,274
APT-004847,LOC-07,SVC-08,2026-05-02,5,True,Routine,25.7,0,5,1,5,0,18,274
APT-004848,LOC-01,SVC-09,2026-05-03,44,False,Priority,84.1,0,6,1,5,0,18,275
APT-004851,LOC-05,SVC-07,2026-05-01,34,False,Emergency,66.9,0,4,0,5,0,18,273
APT-004852,LOC-07,SVC-05,2026-05-01,32,False,Urgent,36.3,0,4,0,5,0,18,273
APT-004853,LOC-03,SVC-05,2026-05-01,19,False,Priority,99.0,0,4,0,5,0,18,273
APT-004854,LOC-02,SVC-02,2026-05-01,9,False,Urgent,16.2,0,4,0,5,0,18,273
APT-004857,LOC-02,SVC-01,2026-05-01,42,False,Urgent,14.3,0,4,0,5,0,18,273
APT-004859,LOC-10,SVC-09,2026-05-01,24,False,Emergency,23.7,0,4,0,5,0,18,273
APT-004861,LOC-01,SVC-05,2026-05-01,14,False,Priority,16.3,0,4,0,5,0,18,273
APT-004862,LOC-01,SVC-01,2026-05-01,21,False,Urgent,41.0,0,4,0,5,0,18,273
APT-004863,LOC-10,SVC-07,2026-05-03,27,False,Priority,92.3,0,6,1,5,0,18,275
APT-004866,LOC-03,SVC-06,2026-05-02,23,False,Routine,10.3,0,5,1,5,0,18,274
APT-004868,LOC-08,SVC-07,2026-05-03,3,False,Routine,26.2,0,6,1,5,0,18,275
APT-004869,LOC-04,SVC-07,2026-05-03,41,False,Priority,66.7,0,6,1,5,0,18,275
APT-004870,LOC-03,SVC-05,2026-05-06,4,False,Routine,73.5,0,2,0,5,0,19,278
APT-004872,LOC-06,SVC-04,2026-05-06,11,False,Priority,66.8,0,2,0,5,0,19,278
APT-004874,LOC-02,SVC-03,2026-05-04,30,False,Priority,58.4,0,0,0,5,0,19,276
APT-004876,LOC-08,SVC-08,2026-05-03,17,False,Routine,42.8,0,6,1,5,0,18,275
APT-004878,LOC-07,SVC-03,2026-05-04,29,True,Routine,41.4,0,0,0,5,0,19,276
APT-004883,LOC-09,SVC-01,2026-05-03,11,False,Routine,47.3,0,6,1,5,0,18,275
APT-004885,LOC-05,SVC-08,2026-05-05,13,False,Routine,18.7,0,1,0,5,0,19,277
APT-004886,LOC-08,SVC-05,2026-05-03,12,False,Urgent,43.8,0,6,1,5,0,18,275
APT-004887,LOC-07,SVC-07,2026-05-09,20,True,Routine,36.3,0,5,1,5,0,19,281
APT-004888,LOC-05,SVC-01,2026-05-04,7,False,Priority,35.1,0,0,0,5,0,19,276
APT-004890,LOC-07,SVC-01,2026-05-04,43,False,Priority,37.7,0,0,0,5,0,19,276
APT-004891,LOC-08,SVC-05,2026-05-03,48,False,Urgent,71.6,0,6,1,5,0,18,275
APT-004893,LOC-01,SVC-01,2026-05-04,11,False,Routine,37.8,0,0,0,5,0,19,276
APT-004896,LOC-06,SVC-01,2026-05-08,3,False,Routine,31.7,0,4,0,5,0,19,280
APT-004899,LOC-01,SVC-03,2026-05-04,33,False,Urgent,49.4,0,0,0,5,0,19,276
APT-004903,LOC-03,SVC-05,2026-05-05,15,False,Routine,10.3,0,1,0,5,0,19,277
APT-004904,LOC-08,SVC-02,2026-05-06,16,False,Routine,29.3,0,2,0,5,0,19,278
APT-004905,LOC-04,SVC-01,2026-05-05,23,False,Emergency,95.0,0,1,0,5,0,19,277
APT-004906,LOC-05,SVC-05,2026-05-04,8,False,Urgent,37.0,0,0,0,5,0,19,276
APT-004907,LOC-06,SVC-08,2026-05-09,12,False,Priority,71.1,0,5,1,5,0,19,281
APT-004908,LOC-07,SVC-04,2026-05-05,34,False,Routine,9.0,0,1,0,5,0,19,277
APT-004909,LOC-07,SVC-07,2026-05-07,41,False,Routine,21.1,0,3,0,5,0,19,279
APT-004910,LOC-09,SVC-01,2026-05-05,49,False,Priority,47.3,0,1,0,5,0,19,277
APT-004912,LOC-05,SVC-07,2026-05-05,17,False,Urgent,44.9,0,1,0,5,0,19,277
APT-004913,LOC-09,SVC-07,2026-05-07,33,True,Routine,70.1,0,3,0,5,0,19,279
APT-004914,LOC-09,SVC-01,2026-05-06,10,False,Routine,63.8,0,2,0,5,0,19,278
APT-004915,LOC-07,SVC-08,2026-05-06,30,False,Routine,19.5,0,2,0,5,0,19,278
APT-004917,LOC-01,SVC-07,2026-05-06,7,False,Routine,65.8,0,2,0,5,0,19,278
APT-004919,LOC-05,SVC-01,2026-05-05,17,False,Urgent,42.8,0,1,0,5,0,19,277
APT-004921,LOC-08,SVC-01,2026-05-06,23,True,Priority,58.7,0,2,0,5,0,19,278
APT-004923,LOC-05,SVC-08,2026-05-05,21,False,Urgent,28.7,0,1,0,5,0,19,277
APT-004924,LOC-01,SVC-07,2026-05-05,29,False,Routine,54.6,0,1,0,5,0,19,277
APT-004925,LOC-03,SVC-05,2026-05-05,29,False,Routine,10.9,0,1,0,5,0,19,277
APT-004927,LOC-06,SVC-08,2026-05-06,29,False,Routine,36.3,0,2,0,5,0,19,278
APT-004929,LOC-03,SVC-02,2026-05-06,15,False,Routine,27.5,0,2,0,5,0,19,278
APT-004930,LOC-07,SVC-08,2026-05-07,42,False,Priority,87.5,0,3,0,5,0,19,279
APT-004931,LOC-01,SVC-05,2026-05-07,26,False,Routine,33.3,0,3,0,5,0,19,279
APT-004933,LOC-02,SVC-01,2026-05-07,12,False,Priority,63.3,0,3,0,5,0,19,279
APT-004934,LOC-08,SVC-05,2026-05-06,28,False,Priority,27.8,0,2,0,5,0,19,278
APT-004935,LOC-04,SVC-07,2026-05-06,15,False,Emergency,81.7,0,2,0,5,0,19,278
APT-004937,LOC-06,SVC-04,2026-05-07,34,False,Priority,12.1,0,3,0,5,0,19,279
APT-004938,LOC-02,SVC-07,2026-05-06,23,False,Priority,36.9,0,2,0,5,0,19,278
APT-004939,LOC-06,SVC-02,2026-05-06,19,False,Priority,72.2,0,2,0,5,0,19,278
APT-004940,LOC-01,SVC-08,2026-05-07,3,False,Priority,70.9,0,3,0,5,0,19,279
APT-004941,LOC-07,SVC-07,2026-05-07,45,False,Routine,31.3,0,3,0,5,0,19,279
APT-004943,LOC-01,SVC-01,2026-05-07,29,False,Priority,38.5,0,3,0,5,0,19,279
APT-004944,LOC-03,SVC-02,2026-05-10,12,False,Routine,26.0,0,6,1,5,0,19,282
APT-004947,LOC-02,SVC-01,2026-05-06,16,False,Urgent,85.9,0,2,0,5,0,19,278
APT-004948,LOC-06,SVC-05,2026-05-06,25,False,Priority,40.6,0,2,0,5,0,19,278
APT-004951,LOC-04,SVC-01,2026-05-07,25,False,Routine,63.8,0,3,0,5,0,19,279
APT-004952,LOC-09,SVC-01,2026-05-08,32,False,Routine,26.5,0,4,0,5,0,19,280
APT-004956,LOC-08,SVC-09,2026-05-06,35,False,Priority,9.5,0,2,0,5,0,19,278
APT-004957,LOC-07,SVC-07,2026-05-06,24,False,Priority,22.3,0,2,0,5,0,19,278
APT-004958,LOC-06,SVC-08,2026-05-07,32,False,Routine,13.2,0,3,0,5,0,19,279
APT-004959,LOC-10,SVC-07,2026-05-06,22,False,Routine,28.6,0,2,0,5,0,19,278
APT-004961,LOC-10,SVC-07,2026-05-09,22,False,Routine,14.9,0,5,1,5,0,19,281
APT-004962,LOC-01,SVC-01,2026-05-06,22,True,Routine,29.1,0,2,0,5,0,19,278
APT-004963,LOC-05,SVC-05,2026-05-07,3,False,Priority,50.4,0,3,0,5,0,19,279
APT-004966,LOC-08,SVC-05,2026-05-09,4,False,Routine,12.5,0,5,1,5,0,19,281
APT-004967,LOC-03,SVC-01,2026-05-07,34,False,Emergency,91.8,0,3,0,5,0,19,279
APT-004970,LOC-08,SVC-01,2026-05-07,35,False,Priority,67.4,0,3,0,5,0,19,279
APT-004973,LOC-05,SVC-02,2026-05-07,19,False,Priority,62.2,0,3,0,5,0,19,279
APT-004974,LOC-07,SVC-03,2026-05-08,29,False,Routine,9.7,0,4,0,5,0,19,280
APT-004979,LOC-06,SVC-04,2026-05-07,29,False,Urgent,37.8,0,3,0,5,0,19,279
APT-004980,LOC-01,SVC-03,2026-05-08,17,False,Routine,36.4,0,4,0,5,0,19,280
APT-004982,LOC-02,SVC-09,2026-05-07,25,False,Emergency,81.4,0,3,0,5,0,19,279
APT-004985,LOC-02,SVC-05,2026-05-10,28,False,Routine,52.8,0,6,1,5,0,19,282
APT-004988,LOC-10,SVC-01,2026-05-07,31,False,Emergency,85.5,0,3,0,5,0,19,279
APT-004990,LOC-09,SVC-05,2026-05-09,21,False,Routine,14.9,0,5,1,5,0,19,281
APT-004991,LOC-03,SVC-03,2026-05-07,19,True,Routine,19.8,0,3,0,5,0,19,279
APT-004997,LOC-06,SVC-03,2026-05-09,37,False,Routine,49.0,0,5,1,5,0,19,281
APT-005000,LOC-07,SVC-03,2026-05-10,34,False,Routine,36.3,0,6,1,5,0,19,282
APT-005002,LOC-03,SVC-01,2026-05-09,17,False,Priority,37.6,0,5,1,5,0,19,281
APT-005003,LOC-06,SVC-02,2026-05-10,32,False,Routine,63.7,0,6,1,5,0,19,282
APT-005005,LOC-02,SVC-03,2026-05-09,13,False,Priority,49.9,0,5,1,5,0,19,281
APT-005006,LOC-07,SVC-06,2026-05-08,25,False,Emergency,73.5,0,4,0,5,0,19,280
APT-005007,LOC-03,SVC-03,2026-05-09,12,False,Priority,41.0,0,5,1,5,0,19,281
APT-005008,LOC-02,SVC-07,2026-05-09,26,False,Priority,40.1,0,5,1,5,0,19,281
APT-005016,LOC-04,SVC-01,2026-05-10,16,False,Routine,34.8,0,6,1,5,0,19,282
APT-005017,LOC-05,SVC-06,2026-05-09,30,False,Emergency,40.6,0,5,1,5,0,19,281
APT-005021,LOC-02,SVC-06,2026-05-09,24,False,Priority,26.6,0,5,1,5,0,19,281
APT-005023,LOC-09,SVC-01,2026-05-09,31,False,Priority,33.0,0,5,1,5,0,19,281
APT-005024,LOC-04,SVC-05,2026-05-09,26,False,Emergency,31.9,0,5,1,5,0,19,281
APT-005029,LOC-05,SVC-01,2026-05-10,4,False,Routine,65.6,0,6,1,5,0,19,282
APT-005030,LOC-07,SVC-01,2026-05-11,32,False,Urgent,57.8,0,0,0,5,0,20,283
APT-005031,LOC-08,SVC-02,2026-05-10,25,False,Urgent,20.3,0,6,1,5,0,19,282
APT-005035,LOC-06,SVC-02,2026-05-11,39,False,Priority,32.7,0,0,0,5,0,20,283
APT-005036,LOC-02,SVC-08,2026-05-10,16,False,Priority,36.3,0,6,1,5,0,19,282
APT-005038,LOC-03,SVC-02,2026-05-11,32,False,Routine,23.4,0,0,0,5,0,20,283
APT-005040,LOC-05,SVC-03,2026-05-11,31,False,Priority,22.8,0,0,0,5,0,20,283
APT-005041,LOC-01,SVC-07,2026-05-12,26,False,Routine,37.0,0,1,0,5,0,20,284
APT-005043,LOC-05,SVC-04,2026-05-11,16,False,Routine,27.5,0,0,0,5,0,20,283
APT-005044,LOC-07,SVC-06,2026-05-13,32,False,Priority,28.4,0,2,0,5,0,20,285
APT-005049,LOC-06,SVC-04,2026-05-11,18,False,Urgent,60.5,0,0,0,5,0,20,283
APT-005050,LOC-03,SVC-05,2026-05-11,5,False,Emergency,32.3,0,0,0,5,0,20,283
APT-005051,LOC-09,SVC-02,2026-05-12,32,False,Priority,12.0,0,1,0,5,0,20,284
APT-005053,LOC-08,SVC-01,2026-05-12,45,False,Priority,47.1,0,1,0,5,0,20,284
APT-005054,LOC-06,SVC-07,2026-05-15,3,False,Priority,63.7,0,4,0,5,0,20,287
APT-005055,LOC-10,SVC-06,2026-05-12,27,False,Routine,14.3,0,1,0,5,0,20,284
APT-005056,LOC-05,SVC-06,2026-05-11,21,False,Routine,37.5,0,0,0,5,0,20,283
APT-005057,LOC-05,SVC-06,2026-05-12,7,False,Priority,63.6,0,1,0,5,0,20,284
APT-005059,LOC-04,SVC-01,2026-05-12,9,False,Routine,14.9,0,1,0,5,0,20,284
APT-005060,LOC-06,SVC-08,2026-05-12,29,False,Routine,64.5,0,1,0,5,0,20,284
APT-005061,LOC-08,SVC-01,2026-05-12,25,False,Priority,25.9,0,1,0,5,0,20,284
APT-005063,LOC-09,SVC-01,2026-05-12,37,False,Priority,14.3,0,1,0,5,0,20,284
APT-005064,LOC-05,SVC-06,2026-05-12,11,False,Routine,56.7,0,1,0,5,0,20,284
APT-005065,LOC-03,SVC-05,2026-05-12,12,False,Routine,36.3,0,1,0,5,0,20,284
APT-005068,LOC-08,SVC-07,2026-05-12,37,False,Routine,36.3,0,1,0,5,0,20,284
APT-005069,LOC-09,SVC-07,2026-05-16,30,False,Routine,63.0,0,5,1,5,0,20,288
APT-005072,LOC-10,SVC-02,2026-05-12,36,False,Urgent,13.7,0,1,0,5,0,20,284
APT-005074,LOC-02,SVC-03,2026-05-13,13,False,Routine,34.4,0,2,0,5,0,20,285
APT-005075,LOC-09,SVC-04,2026-05-13,18,False,Priority,35.1,0,2,0,5,0,20,285
APT-005077,LOC-03,SVC-01,2026-05-12,28,False,Priority,64.6,0,1,0,5,0,20,284
APT-005079,LOC-09,SVC-01,2026-05-13,3,False,Priority,23.4,0,2,0,5,0,20,285
APT-005080,LOC-05,SVC-06,2026-05-13,38,False,Priority,35.8,0,2,0,5,0,20,285
APT-005081,LOC-02,SVC-05,2026-05-14,21,True,Routine,38.8,0,3,0,5,0,20,286
APT-005082,LOC-08,SVC-01,2026-05-13,37,False,Priority,41.1,0,2,0,5,0,20,285
APT-005083,LOC-10,SVC-03,2026-05-15,21,False,Priority,13.6,0,4,0,5,0,20,287
APT-005086,LOC-03,SVC-05,2026-05-13,18,False,Routine,17.2,0,2,0,5,0,20,285
APT-005088,LOC-06,SVC-01,2026-05-13,26,True,Routine,23.0,0,2,0,5,0,20,285
APT-005090,LOC-05,SVC-02,2026-05-14,31,False,Urgent,65.6,0,3,0,5,0,20,286
APT-005092,LOC-08,SVC-01,2026-05-14,37,False,Routine,31.4,0,3,0,5,0,20,286
APT-005093,LOC-06,SVC-02,2026-05-13,24,False,Routine,1.6,0,2,0,5,0,20,285
APT-005094,LOC-04,SVC-01,2026-05-15,11,False,Routine,53.0,0,4,0,5,0,20,287
APT-005102,LOC-04,SVC-03,2026-05-13,33,False,Urgent,39.5,0,2,0,5,0,20,285
APT-005103,LOC-02,SVC-05,2026-05-13,18,False,Priority,75.5,0,2,0,5,0,20,285
APT-005104,LOC-02,SVC-07,2026-05-13,36,False,Emergency,60.5,0,2,0,5,0,20,285
APT-005105,LOC-10,SVC-08,2026-05-13,29,False,Priority,18.6,0,2,0,5,0,20,285
APT-005106,LOC-06,SVC-03,2026-05-13,37,False,Emergency,61.9,0,2,0,5,0,20,285
APT-005107,LOC-06,SVC-02,2026-05-14,27,False,Priority,36.8,0,3,0,5,0,20,286
APT-005108,LOC-10,SVC-04,2026-05-17,29,False,Routine,25.9,0,6,1,5,0,20,289
APT-005109,LOC-05,SVC-09,2026-05-14,13,False,Routine,32.5,0,3,0,5,0,20,286
APT-005111,LOC-09,SVC-05,2026-05-15,21,False,Routine,18.3,0,4,0,5,0,20,287
APT-005112,LOC-06,SVC-07,2026-05-15,23,False,Routine,38.3,0,4,0,5,0,20,287
APT-005113,LOC-08,SVC-06,2026-05-15,4,False,Priority,90.3,0,4,0,5,0,20,287
APT-005114,LOC-03,SVC-04,2026-05-14,19,False,Priority,32.5,0,3,0,5,0,20,286
APT-005116,LOC-07,SVC-01,2026-05-14,24,False,Priority,45.6,0,3,0,5,0,20,286
APT-005119,LOC-07,SVC-02,2026-05-15,33,False,Routine,59.5,0,4,0,5,0,20,287
APT-005120,LOC-09,SVC-06,2026-05-16,15,False,Priority,9.2,0,5,1,5,0,20,288
APT-005121,LOC-10,SVC-05,2026-05-14,19,False,Priority,14.7,0,3,0,5,0,20,286
APT-005123,LOC-06,SVC-08,2026-05-14,15,False,Emergency,89.4,0,3,0,5,0,20,286
APT-005124,LOC-02,SVC-07,2026-05-14,31,False,Urgent,63.7,0,3,0,5,0,20,286
APT-005126,LOC-09,SVC-05,2026-05-15,27,False,Routine,20.8,0,4,0,5,0,20,287
APT-005127,LOC-01,SVC-08,2026-05-14,29,False,Routine,27.3,0,3,0,5,0,20,286
APT-005128,LOC-01,SVC-08,2026-05-15,10,False,Priority,2.7,0,4,0,5,0,20,287
APT-005129,LOC-04,SVC-03,2026-05-16,23,False,Urgent,82.8,0,5,1,5,0,20,288
APT-005130,LOC-08,SVC-01,2026-05-17,19,False,Routine,14.6,0,6,1,5,0,20,289
APT-005131,LOC-07,SVC-06,2026-05-17,34,False,Routine,15.4,0,6,1,5,0,20,289
APT-005134,LOC-02,SVC-03,2026-05-15,3,False,Routine,42.3,0,4,0,5,0,20,287
APT-005136,LOC-09,SVC-02,2026-05-16,31,False,Routine,35.5,0,5,1,5,0,20,288
APT-005137,LOC-06,SVC-01,2026-05-16,27,False,Emergency,81.8,0,5,1,5,0,20,288
APT-005139,LOC-09,SVC-04,2026-05-15,30,False,Urgent,36.3,0,4,0,5,0,20,287
APT-005140,LOC-07,SVC-02,2026-05-18,8,False,Routine,32.4,0,0,0,5,0,21,290
APT-005141,LOC-08,SVC-05,2026-05-15,33,False,Urgent,58.7,0,4,0,5,0,20,287
APT-005143,LOC-02,SVC-06,2026-05-16,44,False,Priority,21.8,0,5,1,5,0,20,288
APT-005144,LOC-07,SVC-04,2026-05-16,19,False,Emergency,36.3,0,5,1,5,0,20,288
APT-005146,LOC-06,SVC-07,2026-05-16,3,False,Urgent,39.6,0,5,1,5,0,20,288
APT-005147,LOC-06,SVC-08,2026-05-16,3,True,Priority,52.5,0,5,1,5,0,20,288
APT-005150,LOC-09,SVC-01,2026-05-16,41,False,Emergency,6.0,0,5,1,5,0,20,288
APT-005151,LOC-08,SVC-04,2026-05-16,17,False,Routine,18.9,0,5,1,5,0,20,288
APT-005152,LOC-10,SVC-02,2026-05-18,26,False,Priority,34.7,0,0,0,5,0,21,290
APT-005155,LOC-02,SVC-05,2026-05-18,16,False,Priority,35.2,0,0,0,5,0,21,290
APT-005160,LOC-04,SVC-04,2026-05-16,23,False,Urgent,15.4,0,5,1,5,0,20,288
APT-005162,LOC-10,SVC-07,2026-05-16,29,False,Routine,21.1,0,5,1,5,0,20,288
APT-005164,LOC-08,SVC-08,2026-05-17,21,False,Priority,49.7,0,6,1,5,0,20,289
APT-005166,LOC-07,SVC-03,2026-05-16,24,False,Routine,34.2,0,5,1,5,0,20,288
APT-005167,LOC-03,SVC-08,2026-05-16,31,False,Priority,40.9,0,5,1,5,0,20,288
APT-005170,LOC-05,SVC-01,2026-05-16,30,False,Priority,33.6,0,5,1,5,0,20,288
APT-005171,LOC-10,SVC-01,2026-05-17,47,False,Priority,35.1,0,6,1,5,0,20,289
APT-005172,LOC-05,SVC-05,2026-05-16,31,False,Urgent,52.5,0,5,1,5,0,20,288
APT-005173,LOC-07,SVC-07,2026-05-17,38,False,Priority,64.4,0,6,1,5,0,20,289
APT-005175,LOC-01,SVC-04,2026-05-22,16,False,Routine,60.6,0,4,0,5,0,21,294
APT-005176,LOC-01,SVC-08,2026-05-20,26,False,Priority,24.2,0,2,0,5,0,21,292
APT-005178,LOC-10,SVC-06,2026-05-17,33,False,Priority,30.5,0,6,1,5,0,20,289
APT-005179,LOC-10,SVC-08,2026-05-18,15,False,Priority,17.7,0,0,0,5,0,21,290
APT-005181,LOC-08,SVC-07,2026-05-17,37,False,Emergency,19.6,0,6,1,5,0,20,289
APT-005182,LOC-08,SVC-07,2026-05-17,32,False,Priority,46.3,0,6,1,5,0,20,289
APT-005183,LOC-07,SVC-07,2026-05-18,27,False,Routine,24.2,0,0,0,5,0,21,290
APT-005184,LOC-03,SVC-05,2026-05-17,8,False,Urgent,83.7,0,6,1,5,0,20,289
APT-005185,LOC-10,SVC-02,2026-05-17,20,False,Urgent,33.4,0,6,1,5,0,20,289
APT-005186,LOC-06,SVC-07,2026-05-19,30,False,Priority,35.8,0,1,0,5,0,21,291
APT-005188,LOC-05,SVC-05,2026-05-18,31,False,Emergency,31.4,0,0,0,5,0,21,290
APT-005189,LOC-06,SVC-08,2026-05-18,16,False,Routine,10.3,0,0,0,5,0,21,290
APT-005192,LOC-07,SVC-01,2026-05-18,23,False,Priority,27.8,0,0,0,5,0,21,290
APT-005193,LOC-08,SVC-03,2026-05-20,43,False,Routine,30.7,0,2,0,5,0,21,292
APT-005197,LOC-10,SVC-07,2026-05-19,22,False,Routine,19.9,0,1,0,5,0,21,291
APT-005198,LOC-03,SVC-02,2026-05-18,21,False,Routine,36.0,0,0,0,5,0,21,290
APT-005199,LOC-03,SVC-02,2026-05-19,13,False,Routine,10.0,0,1,0,5,0,21,291
APT-005200,LOC-01,SVC-03,2026-05-18,14,False,Priority,40.3,0,0,0,5,0,21,290
APT-005201,LOC-03,SVC-09,2026-05-18,39,False,Emergency,85.5,0,0,0,5,0,21,290
APT-005205,LOC-03,SVC-06,2026-05-19,14,False,Routine,37.7,0,1,0,5,0,21,291
APT-005206,LOC-01,SVC-01,2026-05-19,40,False,Routine,36.3,0,1,0,5,0,21,291
APT-005207,LOC-09,SVC-09,2026-05-19,36,False,Urgent,82.2,0,1,0,5,0,21,291
APT-005210,LOC-06,SVC-02,2026-05-19,14,False,Routine,14.7,0,1,0,5,0,21,291
APT-005211,LOC-06,SVC-03,2026-05-20,48,False,Routine,11.7,0,2,0,5,0,21,292
APT-005212,LOC-01,SVC-08,2026-05-19,20,False,Routine,6.5,0,1,0,5,0,21,291
APT-005214,LOC-10,SVC-02,2026-05-21,45,False,Urgent,79.8,0,3,0,5,0,21,293
APT-005215,LOC-09,SVC-04,2026-05-22,25,False,Routine,35.9,0,4,0,5,0,21,294
APT-005216,LOC-02,SVC-09,2026-05-19,19,False,Routine,9.2,0,1,0,5,0,21,291
APT-005217,LOC-08,SVC-01,2026-05-21,21,False,Routine,40.9,0,3,0,5,0,21,293
APT-005218,LOC-05,SVC-04,2026-05-20,31,False,Routine,43.7,0,2,0,5,0,21,292
APT-005219,LOC-01,SVC-01,2026-05-20,23,False,Routine,33.8,0,2,0,5,0,21,292
APT-005220,LOC-08,SVC-05,2026-05-21,5,False,Routine,40.7,0,3,0,5,0,21,293
APT-005221,LOC-10,SVC-02,2026-05-21,32,False,Routine,7.5,0,3,0,5,0,21,293
APT-005222,LOC-03,SVC-01,2026-05-19,11,False,Priority,14.5,0,1,0,5,0,21,291
APT-005223,LOC-01,SVC-03,2026-05-20,25,False,Priority,38.4,0,2,0,5,0,21,292
APT-005224,LOC-06,SVC-04,2026-05-19,25,False,Priority,14.2,0,1,0,5,0,21,291
APT-005225,LOC-09,SVC-02,2026-05-19,32,False,Priority,34.6,0,1,0,5,0,21,291
APT-005226,LOC-07,SVC-07,2026-05-19,49,False,Routine,9.8,0,1,0,5,0,21,291
APT-005228,LOC-10,SVC-03,2026-05-20,32,False,Routine,20.4,0,2,0,5,0,21,292
APT-005231,LOC-06,SVC-01,2026-05-21,18,False,Priority,72.5,0,3,0,5,0,21,293
APT-005232,LOC-01,SVC-07,2026-05-20,18,False,Routine,15.7,0,2,0,5,0,21,292
APT-005233,LOC-06,SVC-06,2026-05-22,5,True,Urgent,81.3,0,4,0,5,0,21,294
APT-005236,LOC-05,SVC-04,2026-05-20,30,False,Routine,12.4,0,2,0,5,0,21,292
APT-005239,LOC-03,SVC-02,2026-05-21,10,False,Routine,23.0,0,3,0,5,0,21,293
APT-005240,LOC-06,SVC-09,2026-05-20,36,False,Urgent,81.5,0,2,0,5,0,21,292
APT-005241,LOC-06,SVC-03,2026-05-21,17,False,Routine,13.8,0,3,0,5,0,21,293
APT-005246,LOC-04,SVC-01,2026-05-20,26,False,Routine,16.8,0,2,0,5,0,21,292
APT-005248,LOC-03,SVC-07,2026-05-21,24,False,Urgent,42.6,0,3,0,5,0,21,293
APT-005249,LOC-02,SVC-01,2026-05-21,19,False,Routine,31.2,0,3,0,5,0,21,293
APT-005250,LOC-06,SVC-02,2026-05-23,30,False,Routine,31.9,0,5,1,5,0,21,295
APT-005251,LOC-05,SVC-01,2026-05-22,29,False,Priority,31.2,0,4,0,5,0,21,294
APT-005253,LOC-05,SVC-03,2026-05-21,28,False,Urgent,39.8,0,3,0,5,0,21,293
APT-005255,LOC-09,SVC-02,2026-05-24,23,False,Routine,78.6,0,6,1,5,0,21,296
APT-005257,LOC-03,SVC-01,2026-05-21,30,False,Routine,11.0,0,3,0,5,0,21,293
APT-005260,LOC-08,SVC-01,2026-05-23,26,False,Routine,40.4,0,5,1,5,0,21,295
APT-005262,LOC-09,SVC-07,2026-05-21,28,False,Emergency,86.8,0,3,0,5,0,21,293
APT-005265,LOC-05,SVC-05,2026-05-23,11,False,Emergency,81.6,0,5,1,5,0,21,295
APT-005266,LOC-03,SVC-09,2026-05-21,19,False,Routine,25.7,0,3,0,5,0,21,293
APT-005268,LOC-08,SVC-05,2026-05-23,5,False,Routine,46.9,0,5,1,5,0,21,295
APT-005270,LOC-09,SVC-06,2026-05-22,61,False,Routine,21.4,0,4,0,5,0,21,294
APT-005271,LOC-06,SVC-02,2026-05-21,26,False,Priority,38.4,0,3,0,5,0,21,293
APT-005272,LOC-08,SVC-05,2026-05-24,20,False,Routine,44.0,0,6,1,5,0,21,296
APT-005274,LOC-05,SVC-04,2026-05-22,34,False,Priority,26.4,0,4,0,5,0,21,294
APT-005275,LOC-06,SVC-01,2026-05-24,45,False,Priority,50.3,0,6,1,5,0,21,296
APT-005277,LOC-05,SVC-04,2026-05-21,19,False,Urgent,69.0,0,3,0,5,0,21,293
APT-005278,LOC-09,SVC-03,2026-05-23,3,False,Priority,73.7,0,5,1,5,0,21,295
APT-005280,LOC-03,SVC-03,2026-05-24,14,False,Routine,18.4,0,6,1,5,0,21,296
APT-005281,LOC-06,SVC-05,2026-05-23,21,False,Routine,29.2,0,5,1,5,0,21,295
APT-005284,LOC-03,SVC-01,2026-05-21,32,False,Urgent,34.1,0,3,0,5,0,21,293
APT-005286,LOC-02,SVC-01,2026-05-23,24,False,Urgent,31.8,0,5,1,5,0,21,295
APT-005289,LOC-04,SVC-02,2026-05-25,33,False,Routine,36.8,0,0,0,5,0,22,297
APT-005291,LOC-01,SVC-07,2026-05-23,30,False,Priority,38.3,0,5,1,5,0,21,295
APT-005292,LOC-01,SVC-07,2026-05-23,35,False,Routine,8.8,0,5,1,5,0,21,295
APT-005296,LOC-06,SVC-05,2026-05-24,17,False,Priority,34.4,0,6,1,5,0,21,296
APT-005299,LOC-07,SVC-01,2026-05-22,38,False,Priority,11.8,0,4,0,5,0,21,294
APT-005300,LOC-05,SVC-04,2026-05-22,40,False,Priority,36.3,0,4,0,5,0,21,294
APT-005301,LOC-02,SVC-03,2026-05-26,21,True,Priority,57.5,0,1,0,5,0,22,298
APT-005302,LOC-10,SVC-05,2026-05-22,16,False,Urgent,42.2,0,4,0,5,0,21,294
APT-005303,LOC-09,SVC-05,2026-05-25,25,False,Priority,54.8,0,0,0,5,0,22,297
APT-005304,LOC-05,SVC-05,2026-05-23,24,False,Priority,36.3,0,5,1,5,0,21,295
APT-005306,LOC-03,SVC-07,2026-05-23,32,False,Priority,34.4,0,5,1,5,0,21,295
APT-005308,LOC-08,SVC-02,2026-05-26,28,False,Routine,33.5,0,1,0,5,0,22,298
APT-005310,LOC-05,SVC-07,2026-05-24,3,False,Routine,67.2,0,6,1,5,0,21,296
APT-005312,LOC-07,SVC-09,2026-05-25,35,False,Priority,40.9,0,0,0,5,0,22,297
APT-005315,LOC-06,SVC-06,2026-05-23,24,False,Priority,24.3,0,5,1,5,0,21,295
APT-005316,LOC-03,SVC-02,2026-05-23,19,False,Routine,16.5,0,5,1,5,0,21,295
APT-005318,LOC-06,SVC-03,2026-05-23,33,True,Emergency,92.9,0,5,1,5,0,21,295
APT-005319,LOC-06,SVC-01,2026-05-24,33,False,Routine,45.8,0,6,1,5,0,21,296
APT-005320,LOC-08,SVC-05,2026-05-26,19,False,Routine,43.4,0,1,0,5,0,22,298
APT-005323,LOC-01,SVC-07,2026-05-24,33,False,Priority,45.3,0,6,1,5,0,21,296
APT-005325,LOC-04,SVC-09,2026-05-26,21,False,Routine,34.2,0,1,0,5,0,22,298
APT-005326,LOC-10,SVC-05,2026-05-24,17,False,Priority,10.0,0,6,1,5,0,21,296
APT-005327,LOC-06,SVC-01,2026-05-28,24,False,Routine,85.7,0,3,0,5,0,22,300
APT-005328,LOC-10,SVC-03,2026-05-28,23,False,Priority,45.2,0,3,0,5,0,22,300
APT-005331,LOC-03,SVC-07,2026-05-25,6,False,Emergency,95.7,0,0,0,5,0,22,297
APT-005332,LOC-08,SVC-05,2026-05-26,31,False,Priority,22.9,0,1,0,5,0,22,298
APT-005333,LOC-10,SVC-05,2026-05-26,31,False,Routine,71.1,0,1,0,5,0,22,298
APT-005334,LOC-10,SVC-01,2026-05-25,20,False,Routine,38.0,0,0,0,5,0,22,297
APT-005336,LOC-03,SVC-02,2026-05-26,14,False,Priority,66.5,0,1,0,5,0,22,298
APT-005339,LOC-01,SVC-01,2026-05-25,12,False,Routine,38.0,0,0,0,5,0,22,297
APT-005340,LOC-10,SVC-01,2026-05-26,3,False,Routine,56.9,0,1,0,5,0,22,298
APT-005341,LOC-07,SVC-07,2026-05-26,19,False,Routine,43.9,0,1,0,5,0,22,298
APT-005342,LOC-02,SVC-04,2026-05-26,12,False,Routine,10.6,0,1,0,5,0,22,298
APT-005343,LOC-07,SVC-03,2026-05-25,34,False,Priority,34.3,0,0,0,5,0,22,297
APT-005350,LOC-09,SVC-05,2026-05-25,50,False,Routine,8.5,0,0,0,5,0,22,297
APT-005352,LOC-02,SVC-04,2026-05-25,28,False,Urgent,20.5,0,0,0,5,0,22,297
APT-005355,LOC-01,SVC-03,2026-05-27,3,False,Routine,61.4,0,2,0,5,0,22,299
APT-005356,LOC-10,SVC-03,2026-05-26,34,False,Priority,55.0,0,1,0,5,0,22,298
APT-005358,LOC-06,SVC-03,2026-05-26,12,True,Priority,48.7,0,1,0,5,0,22,298
APT-005359,LOC-01,SVC-01,2026-05-27,3,False,Priority,81.9,0,2,0,5,0,22,299
APT-005360,LOC-07,SVC-09,2026-05-27,24,False,Priority,37.1,0,2,0,5,0,22,299
APT-005364,LOC-01,SVC-04,2026-05-26,8,False,Urgent,63.1,0,1,0,5,0,22,298
APT-005365,LOC-07,SVC-03,2026-05-27,24,True,Routine,23.4,0,2,0,5,0,22,299
APT-005366,LOC-03,SVC-01,2026-05-26,25,False,Routine,41.4,0,1,0,5,0,22,298
APT-005368,LOC-04,SVC-09,2026-05-28,17,False,Routine,12.4,0,3,0,5,0,22,300
APT-005369,LOC-02,SVC-07,2026-05-27,29,False,Priority,67.9,0,2,0,5,0,22,299
APT-005372,LOC-09,SVC-06,2026-05-27,8,False,Routine,32.8,0,2,0,5,0,22,299
APT-005373,LOC-10,SVC-01,2026-05-26,33,False,Routine,17.5,0,1,0,5,0,22,298
APT-005376,LOC-06,SVC-03,2026-05-30,48,False,Routine,56.8,0,5,1,5,0,22,302
APT-005377,LOC-08,SVC-03,2026-05-26,28,False,Routine,1.0,0,1,0,5,0,22,298
APT-005380,LOC-01,SVC-08,2026-05-27,47,False,Urgent,60.4,0,2,0,5,0,22,299
APT-005382,LOC-03,SVC-01,2026-05-27,16,False,Routine,54.2,0,2,0,5,0,22,299
APT-005384,LOC-01,SVC-07,2026-05-26,14,False,Priority,33.0,0,1,0,5,0,22,298
APT-005385,LOC-05,SVC-02,2026-05-26,8,False,Urgent,31.4,0,1,0,5,0,22,298
APT-005386,LOC-03,SVC-01,2026-05-27,15,False,Routine,17.7,0,2,0,5,0,22,299
APT-005387,LOC-02,SVC-02,2026-05-27,35,False,Urgent,62.3,0,2,0,5,0,22,299
APT-005390,LOC-04,SVC-01,2026-05-27,21,False,Routine,16.1,0,2,0,5,0,22,299
APT-005391,LOC-06,SVC-01,2026-05-29,33,False,Priority,7.4,0,4,0,5,0,22,301
APT-005392,LOC-06,SVC-01,2026-05-28,38,False,Routine,22.7,0,3,0,5,0,22,300
APT-005393,LOC-01,SVC-07,2026-05-28,14,False,Emergency,81.4,0,3,0,5,0,22,300
APT-005394,LOC-06,SVC-09,2026-05-27,18,True,Routine,16.4,0,2,0,5,0,22,299
APT-005395,LOC-07,SVC-02,2026-05-29,32,False,Priority,61.8,0,4,0,5,0,22,301
APT-005396,LOC-06,SVC-05,2026-05-28,39,False,Routine,36.4,0,3,0,5,0,22,300
APT-005397,LOC-05,SVC-09,2026-05-27,8,False,Urgent,56.2,0,2,0,5,0,22,299
APT-005398,LOC-07,SVC-09,2026-05-27,4,False,Urgent,31.2,0,2,0,5,0,22,299
APT-005399,LOC-05,SVC-05,2026-05-27,3,False,Priority,64.2,0,2,0,5,0,22,299
APT-005400,LOC-08,SVC-02,2026-05-27,25,False,Priority,26.4,0,2,0,5,0,22,299
APT-005401,LOC-07,SVC-07,2026-05-27,30,False,Priority,35.3,0,2,0,5,0,22,299
APT-005402,LOC-05,SVC-01,2026-05-27,28,False,Urgent,65.0,0,2,0,5,0,22,299
APT-005404,LOC-10,SVC-04,2026-05-27,28,False,Urgent,11.8,0,2,0,5,0,22,299
APT-005406,LOC-05,SVC-02,2026-05-28,20,True,Routine,32.4,0,3,0,5,0,22,300
APT-005407,LOC-01,SVC-06,2026-05-28,30,False,Routine,19.7,0,3,0,5,0,22,300
APT-005408,LOC-02,SVC-04,2026-05-28,20,False,Priority,32.3,0,3,0,5,0,22,300
APT-005409,LOC-02,SVC-01,2026-05-28,17,False,Emergency,92.5,0,3,0,5,0,22,300
APT-005410,LOC-02,SVC-01,2026-05-28,17,False,Urgent,80.3,0,3,0,5,0,22,300
APT-005411,LOC-07,SVC-01,2026-05-29,27,False,Routine,18.6,0,4,0,5,0,22,301
APT-005413,LOC-07,SVC-02,2026-05-29,24,False,Priority,10.5,0,4,0,5,0,22,301
APT-005415,LOC-03,SVC-05,2026-05-29,19,False,Routine,21.4,0,4,0,5,0,22,301
APT-005416,LOC-09,SVC-04,2026-05-30,23,False,Routine,10.3,0,5,1,5,0,22,302
APT-005418,LOC-10,SVC-05,2026-05-30,11,False,Routine,36.3,0,5,1,5,0,22,302
APT-005419,LOC-06,SVC-04,2026-05-30,8,True,Priority,35.4,0,5,1,5,0,22,302
APT-005421,LOC-10,SVC-03,2026-05-28,6,False,Priority,15.2,0,3,0,5,0,22,300
APT-005422,LOC-08,SVC-04,2026-05-28,25,False,Priority,45.5,0,3,0,5,0,22,300
APT-005423,LOC-08,SVC-01,2026-05-28,39,False,Priority,34.2,0,3,0,5,0,22,300
APT-005424,LOC-04,SVC-08,2026-05-28,25,True,Priority,6.8,0,3,0,5,0,22,300
APT-005426,LOC-10,SVC-08,2026-05-29,19,False,Urgent,85.6,0,4,0,5,0,22,301
APT-005428,LOC-09,SVC-01,2026-05-28,40,False,Routine,20.1,0,3,0,5,0,22,300
APT-005430,LOC-08,SVC-05,2026-05-28,24,False,Routine,41.8,0,3,0,5,0,22,300
APT-005431,LOC-03,SVC-05,2026-05-28,41,False,Urgent,69.8,0,3,0,5,0,22,300
APT-005433,LOC-01,SVC-09,2026-05-30,24,False,Priority,69.2,0,5,1,5,0,22,302
APT-005435,LOC-02,SVC-08,2026-05-29,19,False,Urgent,41.2,0,4,0,5,0,22,301
APT-005438,LOC-08,SVC-03,2026-05-28,28,False,Priority,21.6,0,3,0,5,0,22,300
APT-005440,LOC-06,SVC-01,2026-06-02,17,False,Routine,22.7,0,1,0,6,1,23,305
APT-005441,LOC-09,SVC-01,2026-05-31,47,False,Routine,61.2,0,6,1,5,0,22,303
APT-005442,LOC-08,SVC-01,2026-05-31,6,False,Routine,27.7,0,6,1,5,0,22,303
APT-005443,LOC-06,SVC-05,2026-05-29,33,False,Priority,25.0,0,4,0,5,0,22,301
APT-005444,LOC-09,SVC-01,2026-05-30,11,False,Routine,13.7,0,5,1,5,0,22,302
APT-005446,LOC-02,SVC-02,2026-05-29,25,False,Urgent,9.3,0,4,0,5,0,22,301
APT-005448,LOC-03,SVC-05,2026-06-01,15,False,Routine,23.4,0,0,0,6,1,23,304
APT-005449,LOC-04,SVC-01,2026-05-29,21,False,Routine,23.8,0,4,0,5,0,22,301
APT-005450,LOC-02,SVC-02,2026-05-30,3,False,Priority,36.5,0,5,1,5,0,22,302
APT-005451,LOC-01,SVC-02,2026-05-30,37,False,Priority,59.3,0,5,1,5,0,22,302
APT-005452,LOC-10,SVC-05,2026-05-30,20,False,Priority,10.1,0,5,1,5,0,22,302
APT-005453,LOC-03,SVC-04,2026-05-29,17,False,Routine,35.6,0,4,0,5,0,22,301
APT-005457,LOC-03,SVC-07,2026-05-30,24,False,Routine,43.8,0,5,1,5,0,22,302
APT-005458,LOC-10,SVC-03,2026-05-29,16,False,Emergency,23.4,0,4,0,5,0,22,301
APT-005460,LOC-07,SVC-02,2026-05-29,18,False,Emergency,85.2,0,4,0,5,0,22,301
APT-005464,LOC-02,SVC-06,2026-05-30,15,False,Urgent,81.5,0,5,1,5,0,22,302
APT-005466,LOC-03,SVC-01,2026-05-30,4,False,Routine,36.3,0,5,1,5,0,22,302
APT-005467,LOC-05,SVC-02,2026-05-30,15,False,Routine,35.0,0,5,1,5,0,22,302
APT-005468,LOC-08,SVC-01,2026-05-30,38,False,Priority,19.1,0,5,1,5,0,22,302
APT-005469,LOC-04,SVC-06,2026-05-30,15,False,Emergency,38.8,0,5,1,5,0,22,302
APT-005470,LOC-03,SVC-05,2026-05-30,26,True,Urgent,77.2,0,5,1,5,0,22,302
APT-005471,LOC-06,SVC-02,2026-06-02,47,False,Routine,69.1,0,1,0,6,1,23,305
APT-005472,LOC-05,SVC-05,2026-05-30,10,False,Urgent,20.5,0,5,1,5,0,22,302
APT-005473,LOC-01,SVC-09,2026-05-30,33,False,Routine,49.3,0,5,1,5,0,22,302
APT-005474,LOC-02,SVC-05,2026-05-30,12,False,Priority,39.2,0,5,1,5,0,22,302
APT-005475,LOC-04,SVC-01,2026-06-01,32,False,Routine,80.6,0,0,0,6,1,23,304
APT-005477,LOC-06,SVC-01,2026-06-02,42,False,Routine,15.5,0,1,0,6,1,23,305
APT-005480,LOC-07,SVC-06,2026-06-02,28,False,Priority,65.6,0,1,0,6,1,23,305
APT-005483,LOC-05,SVC-02,2026-05-31,15,False,Routine,20.7,0,6,1,5,0,22,303
APT-005484,LOC-03,SVC-01,2026-05-31,45,False,Routine,7.6,0,6,1,5,0,22,303
APT-005486,LOC-08,SVC-01,2026-06-02,40,False,Priority,3.6,0,1,0,6,1,23,305
APT-005487,LOC-04,SVC-04,2026-06-02,19,False,Routine,10.2,0,1,0,6,1,23,305
APT-005488,LOC-06,SVC-02,2026-06-02,31,False,Routine,32.2,0,1,0,6,1,23,305
APT-005489,LOC-02,SVC-05,2026-06-02,24,False,Routine,15.4,0,1,0,6,1,23,305
APT-005492,LOC-01,SVC-06,2026-06-01,3,False,Routine,18.7,0,0,0,6,1,23,304
APT-005493,LOC-08,SVC-06,2026-06-02,57,False,Priority,35.5,0,1,0,6,1,23,305
APT-005495,LOC-01,SVC-03,2026-06-02,25,False,Routine,26.9,0,1,0,6,1,23,305
APT-005496,LOC-05,SVC-09,2026-06-03,3,False,Routine,32.1,0,2,0,6,1,23,306
APT-005499,LOC-08,SVC-01,2026-06-02,10,False,Routine,36.2,0,1,0,6,1,23,305
APT-005500,LOC-09,SVC-02,2026-06-03,35,False,Routine,84.9,0,2,0,6,1,23,306
APT-005502,LOC-05,SVC-01,2026-06-01,23,False,Priority,36.9,0,0,0,6,1,23,304
APT-005504,LOC-07,SVC-08,2026-06-02,27,False,Urgent,67.6,0,1,0,6,1,23,305
APT-005506,LOC-04,SVC-02,2026-06-01,28,False,Routine,35.6,0,0,0,6,1,23,304
APT-005507,LOC-02,SVC-09,2026-06-01,13,False,Urgent,81.0,0,0,0,6,1,23,304
APT-005508,LOC-02,SVC-06,2026-06-01,27,False,Routine,38.6,0,0,0,6,1,23,304
APT-005510,LOC-02,SVC-04,2026-06-03,13,False,Routine,97.6,0,2,0,6,1,23,306
APT-005512,LOC-04,SVC-01,2026-06-04,4,False,Priority,16.0,0,3,0,6,1,23,307
APT-005513,LOC-08,SVC-06,2026-06-02,21,False,Routine,35.7,0,1,0,6,1,23,305
APT-005514,LOC-07,SVC-05,2026-06-03,29,False,Priority,24.2,0,2,0,6,1,23,306
APT-005515,LOC-10,SVC-04,2026-06-02,44,False,Urgent,80.7,0,1,0,6,1,23,305
APT-005517,LOC-02,SVC-05,2026-06-03,22,False,Priority,72.1,0,2,0,6,1,23,306
APT-005519,LOC-06,SVC-03,2026-06-07,26,False,Routine,15.9,0,6,1,6,1,23,310
APT-005521,LOC-10,SVC-01,2026-06-03,47,False,Routine,18.6,0,2,0,6,1,23,306
APT-005524,LOC-10,SVC-08,2026-06-02,33,True,Urgent,89.4,0,1,0,6,1,23,305
APT-005525,LOC-10,SVC-04,2026-06-02,13,True,Priority,22.9,0,1,0,6,1,23,305
APT-005527,LOC-02,SVC-08,2026-06-04,20,False,Priority,40.3,0,3,0,6,1,23,307
APT-005530,LOC-08,SVC-01,2026-06-02,30,False,Priority,35.4,0,1,0,6,1,23,305
APT-005532,LOC-05,SVC-03,2026-06-02,16,False,Priority,48.1,0,1,0,6,1,23,305
APT-005534,LOC-08,SVC-06,2026-06-03,21,False,Routine,16.2,0,2,0,6,1,23,306
APT-005535,LOC-10,SVC-09,2026-06-03,21,False,Routine,41.9,0,2,0,6,1,23,306
APT-005539,LOC-05,SVC-04,2026-06-03,29,False,Routine,34.0,0,2,0,6,1,23,306
APT-005540,LOC-06,SVC-01,2026-06-02,25,False,Priority,64.3,0,1,0,6,1,23,305
APT-005541,LOC-09,SVC-06,2026-06-05,26,False,Routine,34.2,0,4,0,6,1,23,308
APT-005543,LOC-01,SVC-07,2026-06-06,45,False,Routine,10.2,0,5,1,6,1,23,309
APT-005544,LOC-09,SVC-05,2026-06-03,24,True,Routine,29.4,0,2,0,6,1,23,306
APT-005546,LOC-05,SVC-05,2026-06-03,34,False,Urgent,38.3,0,2,0,6,1,23,306
APT-005548,LOC-02,SVC-01,2026-06-04,33,True,Urgent,56.5,0,3,0,6,1,23,307
APT-005549,LOC-09,SVC-03,2026-06-03,38,False,Urgent,52.8,0,2,0,6,1,23,306
APT-005551,LOC-01,SVC-01,2026-06-05,28,False,Routine,6.3,0,4,0,6,1,23,308
APT-005553,LOC-08,SVC-01,2026-06-04,14,False,Emergency,77.2,0,3,0,6,1,23,307
APT-005554,LOC-05,SVC-05,2026-06-03,12,False,Priority,43.8,0,2,0,6,1,23,306
APT-005555,LOC-01,SVC-08,2026-06-03,10,False,Priority,15.2,0,2,0,6,1,23,306
APT-005557,LOC-07,SVC-02,2026-06-04,42,False,Routine,19.9,0,3,0,6,1,23,307
APT-005559,LOC-10,SVC-07,2026-06-06,18,False,Routine,33.7,0,5,1,6,1,23,309
APT-005560,LOC-03,SVC-09,2026-06-03,27,False,Urgent,86.1,0,2,0,6,1,23,306
APT-005562,LOC-03,SVC-04,2026-06-03,16,True,Priority,72.6,0,2,0,6,1,23,306
APT-005563,LOC-02,SVC-01,2026-06-03,17,False,Urgent,81.7,0,2,0,6,1,23,306
APT-005564,LOC-01,SVC-03,2026-06-05,22,False,Priority,33.9,0,4,0,6,1,23,308
APT-005567,LOC-05,SVC-06,2026-06-04,8,False,Routine,27.8,0,3,0,6,1,23,307
APT-005568,LOC-02,SVC-02,2026-06-03,36,False,Urgent,85.3,0,2,0,6,1,23,306
APT-005571,LOC-09,SVC-09,2026-06-05,14,False,Priority,37.4,0,4,0,6,1,23,308
APT-005572,LOC-04,SVC-03,2026-06-04,29,False,Routine,68.4,0,3,0,6,1,23,307
APT-005574,LOC-04,SVC-01,2026-06-04,26,False,Priority,44.7,0,3,0,6,1,23,307
APT-005575,LOC-05,SVC-03,2026-06-05,11,False,Priority,19.1,0,4,0,6,1,23,308
APT-005577,LOC-04,SVC-01,2026-06-06,3,False,Routine,29.1,0,5,1,6,1,23,309
APT-005578,LOC-07,SVC-09,2026-06-04,24,False,Routine,9.0,0,3,0,6,1,23,307
APT-005579,LOC-07,SVC-04,2026-06-04,52,False,Urgent,18.0,0,3,0,6,1,23,307
APT-005581,LOC-03,SVC-01,2026-06-05,15,True,Priority,28.9,0,4,0,6,1,23,308
APT-005583,LOC-01,SVC-03,2026-06-04,16,False,Routine,35.3,0,3,0,6,1,23,307
APT-005585,LOC-01,SVC-01,2026-06-04,20,False,Emergency,33.3,0,3,0,6,1,23,307
APT-005587,LOC-03,SVC-01,2026-06-04,28,False,Routine,32.1,0,3,0,6,1,23,307
APT-005589,LOC-06,SVC-03,2026-06-07,3,False,Priority,37.3,0,6,1,6,1,23,310
APT-005591,LOC-05,SVC-02,2026-06-04,7,False,Priority,36.5,0,3,0,6,1,23,307
APT-005593,LOC-02,SVC-05,2026-06-04,42,False,Emergency,36.9,0,3,0,6,1,23,307
APT-005595,LOC-10,SVC-08,2026-06-07,44,False,Priority,38.1,0,6,1,6,1,23,310
APT-005596,LOC-09,SVC-07,2026-06-04,23,False,Routine,38.6,0,3,0,6,1,23,307
APT-005597,LOC-01,SVC-01,2026-06-05,6,False,Urgent,65.5,0,4,0,6,1,23,308
APT-005600,LOC-01,SVC-06,2026-06-06,17,False,Priority,13.1,0,5,1,6,1,23,309
APT-005604,LOC-10,SVC-01,2026-06-05,23,False,Priority,25.8,0,4,0,6,1,23,308
APT-005607,LOC-07,SVC-01,2026-06-05,56,False,Routine,8.4,0,4,0,6,1,23,308
APT-005609,LOC-03,SVC-04,2026-06-06,22,False,Urgent,81.3,0,5,1,6,1,23,309
APT-005612,LOC-09,SVC-04,2026-06-05,15,False,Emergency,37.7,0,4,0,6,1,23,308
APT-005613,LOC-07,SVC-02,2026-06-07,3,False,Routine,41.9,0,6,1,6,1,23,310
APT-005619,LOC-08,SVC-09,2026-06-06,10,False,Routine,10.7,0,5,1,6,1,23,309
APT-005620,LOC-03,SVC-01,2026-06-06,11,False,Urgent,31.6,0,5,1,6,1,23,309
APT-005621,LOC-08,SVC-04,2026-06-06,13,False,Routine,11.7,0,5,1,6,1,23,309
APT-005623,LOC-05,SVC-06,2026-06-06,3,False,Priority,15.0,0,5,1,6,1,23,309
APT-005625,LOC-04,SVC-08,2026-06-06,9,False,Emergency,38.5,0,5,1,6,1,23,309
APT-005626,LOC-07,SVC-01,2026-06-06,29,False,Urgent,29.3,0,5,1,6,1,23,309
APT-005627,LOC-10,SVC-05,2026-06-06,43,False,Urgent,89.6,0,5,1,6,1,23,309
APT-005628,LOC-01,SVC-01,2026-06-06,24,False,Routine,16.5,0,5,1,6,1,23,309
APT-005629,LOC-08,SVC-05,2026-06-08,24,False,Routine,71.4,0,0,0,6,1,24,311
APT-005631,LOC-04,SVC-01,2026-06-08,8,False,Urgent,35.1,0,0,0,6,1,24,311
APT-005632,LOC-02,SVC-09,2026-06-08,29,False,Priority,35.4,0,0,0,6,1,24,311
APT-005633,LOC-03,SVC-05,2026-06-07,23,False,Urgent,83.2,0,6,1,6,1,23,310
APT-005634,LOC-02,SVC-05,2026-06-07,20,False,Urgent,68.2,0,6,1,6,1,23,310
APT-005635,LOC-08,SVC-02,2026-06-07,22,False,Priority,8.4,0,6,1,6,1,23,310
APT-005638,LOC-05,SVC-03,2026-06-11,39,False,Routine,13.3,0,3,0,6,1,24,314
APT-005640,LOC-07,SVC-03,2026-06-08,55,False,Urgent,67.9,0,0,0,6,1,24,311
APT-005641,LOC-08,SVC-03,2026-06-09,37,False,Routine,22.9,0,1,0,6,1,24,312
APT-005643,LOC-10,SVC-01,2026-06-08,42,False,Emergency,87.7,0,0,0,6,1,24,311
APT-005647,LOC-07,SVC-05,2026-06-10,18,False,Urgent,66.8,0,2,0,6,1,24,313
APT-005652,LOC-04,SVC-07,2026-06-08,15,False,Priority,36.1,0,0,0,6,1,24,311
APT-005653,LOC-03,SVC-06,2026-06-09,7,False,Routine,43.6,0,1,0,6,1,24,312
APT-005654,LOC-10,SVC-03,2026-06-09,31,False,Routine,18.3,0,1,0,6,1,24,312
APT-005659,LOC-08,SVC-06,2026-06-10,13,False,Routine,36.3,0,2,0,6,1,24,313
APT-005661,LOC-03,SVC-06,2026-06-08,12,False,Priority,33.3,0,0,0,6,1,24,311
APT-005663,LOC-04,SVC-03,2026-06-11,10,False,Routine,83.3,0,3,0,6,1,24,314
APT-005664,LOC-07,SVC-01,2026-06-09,25,False,Urgent,48.3,0,1,0,6,1,24,312
APT-005666,LOC-02,SVC-05,2026-06-10,12,True,Routine,20.4,0,2,0,6,1,24,313
APT-005667,LOC-10,SVC-01,2026-06-11,15,False,Routine,45.8,0,3,0,6,1,24,314
APT-005670,LOC-10,SVC-02,2026-06-12,7,False,Routine,41.1,0,4,0,6,1,24,315
APT-005671,LOC-04,SVC-01,2026-06-09,3,False,Routine,10.6,0,1,0,6,1,24,312
APT-005674,LOC-07,SVC-04,2026-06-10,40,False,Priority,32.4,0,2,0,6,1,24,313
APT-005675,LOC-05,SVC-07,2026-06-09,12,False,Urgent,53.0,0,1,0,6,1,24,312
APT-005676,LOC-02,SVC-04,2026-06-10,14,False,Priority,64.8,0,2,0,6,1,24,313
APT-005678,LOC-04,SVC-04,2026-06-12,33,False,Routine,8.4,0,4,0,6,1,24,315
APT-005679,LOC-07,SVC-03,2026-06-09,3,False,Routine,10.2,0,1,0,6,1,24,312
APT-005680,LOC-10,SVC-09,2026-06-13,19,False,Routine,19.3,0,5,1,6,1,24,316
APT-005681,LOC-06,SVC-08,2026-06-09,29,False,Routine,7.8,0,1,0,6,1,24,312
APT-005682,LOC-05,SVC-01,2026-06-09,4,False,Routine,34.8,0,1,0,6,1,24,312
APT-005684,LOC-05,SVC-06,2026-06-10,15,False,Routine,39.4,0,2,0,6,1,24,313
APT-005685,LOC-08,SVC-05,2026-06-10,14,False,Urgent,38.8,0,2,0,6,1,24,313
APT-005687,LOC-02,SVC-02,2026-06-10,19,False,Priority,81.7,0,2,0,6,1,24,313
APT-005688,LOC-06,SVC-04,2026-06-11,33,False,Urgent,67.9,0,3,0,6,1,24,314
APT-005690,LOC-07,SVC-01,2026-06-12,49,False,Routine,13.8,0,4,0,6,1,24,315
APT-005691,LOC-10,SVC-09,2026-06-10,3,False,Routine,22.4,0,2,0,6,1,24,313
APT-005692,LOC-03,SVC-02,2026-06-10,19,False,Emergency,41.0,0,2,0,6,1,24,313
APT-005693,LOC-07,SVC-07,2026-06-10,44,False,Urgent,14.1,0,2,0,6,1,24,313
APT-005694,LOC-07,SVC-04,2026-06-12,24,False,Priority,45.9,0,4,0,6,1,24,315
APT-005695,LOC-02,SVC-06,2026-06-11,18,False,Routine,31.7,0,3,0,6,1,24,314
APT-005696,LOC-01,SVC-07,2026-06-11,33,False,Routine,32.3,0,3,0,6,1,24,314
APT-005697,LOC-07,SVC-02,2026-06-11,3,True,Routine,16.8,0,3,0,6,1,24,314
APT-005698,LOC-05,SVC-01,2026-06-11,14,False,Routine,36.3,0,3,0,6,1,24,314
APT-005699,LOC-08,SVC-01,2026-06-13,29,False,Routine,56.2,0,5,1,6,1,24,316
APT-005700,LOC-10,SVC-02,2026-06-10,28,False,Urgent,99.0,0,2,0,6,1,24,313
APT-005701,LOC-02,SVC-06,2026-06-11,10,False,Routine,9.9,0,3,0,6,1,24,314
APT-005702,LOC-06,SVC-05,2026-06-12,32,False,Routine,25.7,0,4,0,6,1,24,315
APT-005703,LOC-05,SVC-06,2026-06-10,17,True,Priority,37.4,0,2,0,6,1,24,313
APT-005705,LOC-10,SVC-03,2026-06-11,25,False,Priority,25.5,0,3,0,6,1,24,314
APT-005706,LOC-07,SVC-01,2026-06-12,50,True,Routine,35.0,0,4,0,6,1,24,315
APT-005708,LOC-10,SVC-01,2026-06-13,19,False,Priority,81.9,0,5,1,6,1,24,316
APT-005710,LOC-07,SVC-07,2026-06-18,37,False,Routine,37.9,0,3,0,6,1,25,321
APT-005711,LOC-02,SVC-02,2026-06-11,21,False,Priority,21.9,0,3,0,6,1,24,314
APT-005713,LOC-01,SVC-07,2026-06-12,22,False,Priority,42.8,0,4,0,6,1,24,315
APT-005715,LOC-10,SVC-01,2026-06-12,37,False,Routine,16.7,0,4,0,6,1,24,315
APT-005716,LOC-03,SVC-05,2026-06-11,14,False,Routine,16.5,0,3,0,6,1,24,314
APT-005717,LOC-04,SVC-05,2026-06-11,33,False,Routine,16.3,0,3,0,6,1,24,314
APT-005718,LOC-02,SVC-06,2026-06-13,17,False,Routine,64.4,0,5,1,6,1,24,316
APT-005719,LOC-05,SVC-01,2026-06-11,12,False,Urgent,34.4,0,3,0,6,1,24,314
APT-005720,LOC-08,SVC-03,2026-06-13,34,False,Routine,27.4,0,5,1,6,1,24,316
APT-005723,LOC-03,SVC-01,2026-06-11,22,False,Priority,17.3,0,3,0,6,1,24,314
APT-005724,LOC-08,SVC-01,2026-06-11,16,True,Urgent,44.1,0,3,0,6,1,24,314
APT-005729,LOC-06,SVC-09,2026-06-13,14,False,Routine,2.8,0,5,1,6,1,24,316
APT-005732,LOC-08,SVC-08,2026-06-13,13,False,Routine,43.2,0,5,1,6,1,24,316
APT-005733,LOC-06,SVC-09,2026-06-11,44,False,Emergency,90.2,0,3,0,6,1,24,314
APT-005735,LOC-03,SVC-04,2026-06-11,19,False,Emergency,35.7,0,3,0,6,1,24,314
APT-005741,LOC-07,SVC-05,2026-06-13,24,False,Priority,13.4,0,5,1,6,1,24,316
APT-005742,LOC-05,SVC-05,2026-06-13,14,False,Routine,39.5,0,5,1,6,1,24,316
APT-005743,LOC-06,SVC-04,2026-06-12,46,False,Routine,83.6,0,4,0,6,1,24,315
APT-005756,LOC-02,SVC-06,2026-06-13,14,False,Priority,61.2,0,5,1,6,1,24,316
APT-005759,LOC-08,SVC-08,2026-06-13,30,False,Urgent,57.9,0,5,1,6,1,24,316
APT-005761,LOC-05,SVC-04,2026-06-12,8,False,Priority,50.3,0,4,0,6,1,24,315
APT-005763,LOC-10,SVC-07,2026-06-12,25,False,Priority,65.1,0,4,0,6,1,24,315
APT-005764,LOC-10,SVC-01,2026-06-13,21,False,Priority,16.0,0,5,1,6,1,24,316
APT-005767,LOC-06,SVC-04,2026-06-14,28,False,Priority,35.9,0,6,1,6,1,24,317
APT-005769,LOC-10,SVC-02,2026-06-14,28,False,Priority,97.1,0,6,1,6,1,24,317
APT-005775,LOC-08,SVC-01,2026-06-14,25,False,Priority,41.9,0,6,1,6,1,24,317
APT-005777,LOC-09,SVC-05,2026-06-13,4,False,Urgent,5.1,0,5,1,6,1,24,316
APT-005780,LOC-01,SVC-05,2026-06-17,14,False,Routine,55.8,0,2,0,6,1,25,320
APT-005781,LOC-06,SVC-04,2026-06-16,34,False,Routine,70.2,0,1,0,6,1,25,319
APT-005782,LOC-04,SVC-07,2026-06-14,10,False,Urgent,30.8,0,6,1,6,1,24,317
APT-005783,LOC-06,SVC-06,2026-06-16,13,False,Routine,40.7,0,1,0,6,1,25,319
APT-005785,LOC-02,SVC-01,2026-06-14,26,False,Urgent,50.8,0,6,1,6,1,24,317
APT-005786,LOC-04,SVC-06,2026-06-14,15,False,Emergency,31.4,0,6,1,6,1,24,317
APT-005787,LOC-08,SVC-05,2026-06-16,53,False,Priority,67.3,0,1,0,6,1,25,319
APT-005788,LOC-01,SVC-02,2026-06-14,8,False,Priority,23.5,0,6,1,6,1,24,317
APT-005789,LOC-08,SVC-03,2026-06-14,30,False,Routine,23.7,0,6,1,6,1,24,317
APT-005791,LOC-10,SVC-04,2026-06-17,10,False,Priority,96.1,0,2,0,6,1,25,320
APT-005792,LOC-06,SVC-01,2026-06-16,19,False,Routine,42.2,0,1,0,6,1,25,319
APT-005794,LOC-06,SVC-04,2026-06-15,42,False,Routine,15.8,0,0,0,6,1,25,318
APT-005795,LOC-07,SVC-06,2026-06-18,35,False,Routine,35.0,0,3,0,6,1,25,321
APT-005796,LOC-10,SVC-01,2026-06-18,18,False,Routine,12.3,0,3,0,6,1,25,321
APT-005798,LOC-02,SVC-03,2026-06-17,19,False,Priority,60.8,0,2,0,6,1,25,320
APT-005801,LOC-03,SVC-01,2026-06-17,15,False,Routine,19.1,0,2,0,6,1,25,320
APT-005805,LOC-07,SVC-01,2026-06-15,23,False,Emergency,37.0,0,0,0,6,1,25,318
APT-005808,LOC-07,SVC-03,2026-06-16,3,False,Routine,23.1,0,1,0,6,1,25,319
APT-005809,LOC-02,SVC-08,2026-06-17,17,False,Priority,28.4,0,2,0,6,1,25,320
APT-005810,LOC-10,SVC-06,2026-06-15,9,False,Priority,31.8,0,0,0,6,1,25,318
APT-005811,LOC-05,SVC-05,2026-06-16,5,False,Routine,39.2,0,1,0,6,1,25,319
APT-005812,LOC-06,SVC-03,2026-06-16,3,False,Priority,66.5,0,1,0,6,1,25,319
APT-005813,LOC-07,SVC-07,2026-06-17,21,False,Routine,34.8,0,2,0,6,1,25,320
APT-005814,LOC-07,SVC-07,2026-06-16,31,False,Priority,19.5,0,1,0,6,1,25,319
APT-005815,LOC-09,SVC-01,2026-06-16,38,False,Routine,12.2,0,1,0,6,1,25,319
APT-005817,LOC-01,SVC-01,2026-06-16,44,False,Routine,57.4,0,1,0,6,1,25,319
APT-005819,LOC-06,SVC-01,2026-06-16,45,False,Routine,5.2,0,1,0,6,1,25,319
APT-005821,LOC-06,SVC-06,2026-06-17,62,False,Urgent,70.1,0,2,0,6,1,25,320
APT-005822,LOC-02,SVC-04,2026-06-18,26,False,Priority,85.2,0,3,0,6,1,25,321
APT-005824,LOC-01,SVC-06,2026-06-16,12,False,Priority,10.2,0,1,0,6,1,25,319
APT-005826,LOC-03,SVC-01,2026-06-16,10,False,Urgent,39.9,0,1,0,6,1,25,319
APT-005827,LOC-10,SVC-07,2026-06-16,43,False,Routine,7.1,0,1,0,6,1,25,319
APT-005829,LOC-05,SVC-01,2026-06-17,27,False,Routine,32.8,0,2,0,6,1,25,320
APT-005830,LOC-10,SVC-01,2026-06-17,28,True,Routine,15.7,0,2,0,6,1,25,320
APT-005833,LOC-01,SVC-01,2026-06-17,20,False,Urgent,63.8,0,2,0,6,1,25,320
APT-005837,LOC-09,SVC-04,2026-06-16,18,False,Urgent,24.0,0,1,0,6,1,25,319
APT-005840,LOC-04,SVC-05,2026-06-16,20,True,Urgent,93.2,0,1,0,6,1,25,319
APT-005841,LOC-10,SVC-05,2026-06-16,27,False,Urgent,43.5,0,1,0,6,1,25,319
APT-005843,LOC-10,SVC-07,2026-06-18,3,False,Priority,59.9,0,3,0,6,1,25,321
APT-005844,LOC-05,SVC-03,2026-06-17,37,False,Routine,35.8,0,2,0,6,1,25,320
APT-005845,LOC-10,SVC-01,2026-06-17,57,False,Routine,12.8,0,2,0,6,1,25,320
APT-005846,LOC-10,SVC-06,2026-06-19,3,False,Routine,11.0,0,4,0,6,1,25,322
APT-005847,LOC-02,SVC-01,2026-06-16,28,False,Urgent,42.6,0,1,0,6,1,25,319
APT-005848,LOC-01,SVC-01,2026-06-18,18,False,Priority,37.2,0,3,0,6,1,25,321
APT-005849,LOC-01,SVC-01,2026-06-18,35,False,Routine,52.4,0,3,0,6,1,25,321
APT-005850,LOC-07,SVC-04,2026-06-19,11,False,Routine,37.2,0,4,0,6,1,25,322
APT-005851,LOC-08,SVC-04,2026-06-17,33,True,Routine,57.2,0,2,0,6,1,25,320
APT-005852,LOC-01,SVC-01,2026-06-18,9,False,Priority,37.8,0,3,0,6,1,25,321
APT-005853,LOC-05,SVC-08,2026-06-17,35,False,Priority,59.6,0,2,0,6,1,25,320
APT-005854,LOC-08,SVC-06,2026-06-18,20,False,Urgent,40.5,0,3,0,6,1,25,321
APT-005856,LOC-09,SVC-03,2026-06-18,39,False,Urgent,40.6,0,3,0,6,1,25,321
APT-005858,LOC-10,SVC-07,2026-06-19,31,False,Priority,34.7,0,4,0,6,1,25,322
APT-005860,LOC-03,SVC-07,2026-06-21,30,False,Routine,12.4,0,6,1,6,1,25,324
APT-005861,LOC-05,SVC-05,2026-06-19,14,False,Routine,39.2,0,4,0,6,1,25,322
APT-005862,LOC-03,SVC-08,2026-06-17,30,False,Priority,19.6,0,2,0,6,1,25,320
APT-005864,LOC-10,SVC-02,2026-06-17,27,False,Urgent,79.1,0,2,0,6,1,25,320
APT-005865,LOC-06,SVC-08,2026-06-18,30,False,Routine,36.3,0,3,0,6,1,25,321
APT-005866,LOC-08,SVC-02,2026-06-19,22,False,Routine,65.7,0,4,0,6,1,25,322
APT-005867,LOC-07,SVC-03,2026-06-18,18,True,Routine,9.4,0,3,0,6,1,25,321
APT-005868,LOC-06,SVC-01,2026-06-18,36,False,Routine,14.5,0,3,0,6,1,25,321
APT-005869,LOC-10,SVC-07,2026-06-18,38,False,Urgent,78.3,0,3,0,6,1,25,321
APT-005875,LOC-04,SVC-08,2026-06-19,21,False,Routine,16.9,0,4,0,6,1,25,322
APT-005876,LOC-01,SVC-04,2026-06-18,33,True,Routine,52.8,0,3,0,6,1,25,321
APT-005878,LOC-09,SVC-05,2026-06-18,21,False,Priority,13.6,0,3,0,6,1,25,321
APT-005879,LOC-05,SVC-01,2026-06-17,17,False,Priority,62.3,0,2,0,6,1,25,320
APT-005881,LOC-08,SVC-05,2026-06-17,38,False,Urgent,19.5,0,2,0,6,1,25,320
APT-005882,LOC-03,SVC-01,2026-06-19,14,False,Routine,16.8,0,4,0,6,1,25,322
APT-005883,LOC-05,SVC-01,2026-06-18,3,False,Routine,21.5,0,3,0,6,1,25,321
APT-005884,LOC-06,SVC-06,2026-06-20,29,False,Priority,84.3,0,5,1,6,1,25,323
APT-005885,LOC-03,SVC-09,2026-06-18,26,False,Priority,30.3,0,3,0,6,1,25,321
APT-005886,LOC-07,SVC-04,2026-06-19,21,False,Routine,16.4,0,4,0,6,1,25,322
APT-005889,LOC-01,SVC-06,2026-06-20,25,False,Routine,36.7,0,5,1,6,1,25,323
APT-005890,LOC-08,SVC-08,2026-06-18,17,False,Routine,35.8,0,3,0,6,1,25,321
APT-005892,LOC-01,SVC-06,2026-06-19,40,False,Routine,7.3,0,4,0,6,1,25,322
APT-005894,LOC-05,SVC-02,2026-06-18,26,False,Routine,39.4,0,3,0,6,1,25,321
APT-005895,LOC-02,SVC-06,2026-06-19,22,False,Priority,26.5,0,4,0,6,1,25,322
APT-005896,LOC-07,SVC-05,2026-06-18,32,False,Urgent,22.0,0,3,0,6,1,25,321
APT-005897,LOC-07,SVC-09,2026-06-19,39,False,Priority,20.4,0,4,0,6,1,25,322
APT-005898,LOC-05,SVC-09,2026-06-20,33,False,Priority,36.8,0,5,1,6,1,25,323
APT-005899,LOC-02,SVC-03,2026-06-18,17,False,Routine,19.5,0,3,0,6,1,25,321
APT-005904,LOC-05,SVC-02,2026-06-20,26,False,Priority,35.7,0,5,1,6,1,25,323
APT-005906,LOC-05,SVC-05,2026-06-19,4,False,Priority,44.5,0,4,0,6,1,25,322
APT-005909,LOC-04,SVC-01,2026-06-21,14,True,Routine,56.6,0,6,1,6,1,25,324
APT-005910,LOC-04,SVC-02,2026-06-20,10,False,Routine,33.8,0,5,1,6,1,25,323
APT-005911,LOC-10,SVC-02,2026-06-22,46,False,Priority,68.8,0,0,0,6,1,26,325
APT-005912,LOC-05,SVC-03,2026-06-20,22,False,Routine,27.1,0,5,1,6,1,25,323
APT-005913,LOC-08,SVC-01,2026-06-20,30,False,Routine,22.4,0,5,1,6,1,25,323
APT-005915,LOC-09,SVC-01,2026-06-20,18,False,Priority,27.7,0,5,1,6,1,25,323
APT-005917,LOC-03,SVC-01,2026-06-21,26,False,Priority,16.7,0,6,1,6,1,25,324
APT-005920,LOC-09,SVC-01,2026-06-21,20,False,Urgent,87.9,0,6,1,6,1,25,324
APT-005922,LOC-08,SVC-03,2026-06-19,5,False,Urgent,68.7,0,4,0,6,1,25,322
APT-005925,LOC-01,SVC-06,2026-06-23,17,False,Routine,36.3,0,1,0,6,1,26,326
APT-005926,LOC-04,SVC-06,2026-06-19,18,False,Priority,36.3,0,4,0,6,1,25,322
APT-005927,LOC-01,SVC-02,2026-06-21,16,False,Routine,45.1,0,6,1,6,1,25,324
APT-005928,LOC-09,SVC-04,2026-06-21,19,True,Routine,31.1,0,6,1,6,1,25,324
APT-005929,LOC-07,SVC-03,2026-06-19,13,False,Priority,67.9,0,4,0,6,1,25,322
APT-005930,LOC-10,SVC-07,2026-06-19,28,False,Routine,16.1,0,4,0,6,1,25,322
APT-005933,LOC-02,SVC-06,2026-06-19,22,True,Priority,66.7,0,4,0,6,1,25,322
APT-005934,LOC-04,SVC-05,2026-06-20,16,False,Routine,16.0,0,5,1,6,1,25,323
APT-005935,LOC-07,SVC-08,2026-06-22,6,False,Routine,37.3,0,0,0,6,1,26,325
APT-005936,LOC-02,SVC-05,2026-06-20,6,False,Routine,48.0,0,5,1,6,1,25,323
APT-005937,LOC-09,SVC-03,2026-06-21,34,False,Priority,17.5,0,6,1,6,1,25,324
APT-005941,LOC-10,SVC-07,2026-06-21,26,False,Priority,57.9,0,6,1,6,1,25,324
APT-005943,LOC-05,SVC-01,2026-06-20,29,False,Priority,40.6,0,5,1,6,1,25,323
APT-005945,LOC-05,SVC-03,2026-06-23,28,False,Routine,42.0,0,1,0,6,1,26,326
APT-005946,LOC-04,SVC-01,2026-06-20,42,False,Routine,40.2,0,5,1,6,1,25,323
APT-005947,LOC-10,SVC-02,2026-06-21,19,False,Emergency,46.9,0,6,1,6,1,25,324
APT-005948,LOC-02,SVC-02,2026-06-20,25,False,Priority,87.4,0,5,1,6,1,25,323
APT-005949,LOC-07,SVC-07,2026-06-23,56,False,Priority,43.8,0,1,0,6,1,26,326
APT-005953,LOC-02,SVC-03,2026-06-24,26,False,Priority,90.7,0,2,0,6,1,26,327
APT-005954,LOC-10,SVC-08,2026-06-21,9,False,Routine,36.3,0,6,1,6,1,25,324
APT-005955,LOC-03,SVC-02,2026-06-21,28,False,Priority,27.2,0,6,1,6,1,25,324
APT-005957,LOC-06,SVC-02,2026-06-22,36,False,Priority,40.7,0,0,0,6,1,26,325
APT-005959,LOC-04,SVC-05,2026-06-24,26,False,Routine,37.8,0,2,0,6,1,26,327
APT-005962,LOC-03,SVC-06,2026-06-23,36,False,Priority,34.3,0,1,0,6,1,26,326
APT-005963,LOC-10,SVC-05,2026-06-24,24,True,Routine,50.3,0,2,0,6,1,26,327
APT-005970,LOC-03,SVC-01,2026-06-23,25,False,Urgent,76.0,0,1,0,6,1,26,326
APT-005971,LOC-03,SVC-08,2026-06-22,11,False,Priority,34.1,0,0,0,6,1,26,325
APT-005972,LOC-01,SVC-08,2026-06-23,20,False,Routine,33.7,0,1,0,6,1,26,326
APT-005973,LOC-04,SVC-05,2026-06-24,4,False,Priority,62.1,0,2,0,6,1,26,327
APT-005975,LOC-03,SVC-01,2026-06-22,21,False,Urgent,86.2,0,0,0,6,1,26,325
APT-005976,LOC-08,SVC-05,2026-06-22,20,False,Routine,15.0,0,0,0,6,1,26,325
APT-005977,LOC-08,SVC-03,2026-06-27,23,False,Routine,55.0,0,5,1,6,1,26,330
APT-005979,LOC-07,SVC-01,2026-06-24,6,True,Priority,34.8,0,2,0,6,1,26,327
APT-005980,LOC-03,SVC-01,2026-06-23,13,True,Routine,21.3,0,1,0,6,1,26,326
APT-005981,LOC-06,SVC-05,2026-06-24,20,False,Routine,17.1,0,2,0,6,1,26,327
APT-005982,LOC-03,SVC-05,2026-06-24,45,False,Routine,18.0,0,2,0,6,1,26,327
APT-005985,LOC-08,SVC-01,2026-06-24,26,False,Priority,13.7,0,2,0,6,1,26,327
APT-005986,LOC-04,SVC-08,2026-06-23,23,False,Routine,36.3,0,1,0,6,1,26,326
APT-005990,LOC-02,SVC-05,2026-06-25,20,False,Routine,62.3,0,3,0,6,1,26,328
APT-005992,LOC-04,SVC-03,2026-06-24,25,False,Routine,8.4,0,2,0,6,1,26,327
APT-005993,LOC-03,SVC-01,2026-06-23,16,False,Emergency,59.8,0,1,0,6,1,26,326
APT-005996,LOC-05,SVC-04,2026-06-23,29,False,Priority,60.2,0,1,0,6,1,26,326
APT-005997,LOC-02,SVC-02,2026-06-23,14,False,Urgent,83.9,0,1,0,6,1,26,326
APT-005998,LOC-01,SVC-01,2026-06-24,3,False,Priority,89.1,0,2,0,6,1,26,327
APT-005999,LOC-04,SVC-05,2026-06-25,7,False,Routine,53.1,0,3,0,6,1,26,328
APT-006000,LOC-06,SVC-04,2026-06-24,37,False,Routine,36.3,0,2,0,6,1,26,327
APT-006001,LOC-01,SVC-04,2026-06-25,3,False,Routine,44.6,0,3,0,6,1,26,328
APT-006003,LOC-06,SVC-01,2026-06-25,12,False,Routine,23.2,0,3,0,6,1,26,328
APT-006005,LOC-04,SVC-03,2026-06-24,33,False,Urgent,15.3,0,2,0,6,1,26,327
APT-006006,LOC-08,SVC-01,2026-06-24,25,False,Urgent,21.5,0,2,0,6,1,26,327
APT-006007,LOC-01,SVC-01,2026-06-24,30,False,Urgent,33.0,0,2,0,6,1,26,327
APT-006008,LOC-09,SVC-02,2026-06-25,26,False,Routine,31.1,0,3,0,6,1,26,328
APT-006009,LOC-03,SVC-01,2026-06-26,30,False,Routine,37.2,0,4,0,6,1,26,329
APT-006010,LOC-05,SVC-09,2026-06-25,19,False,Priority,61.0,0,3,0,6,1,26,328
APT-006011,LOC-05,SVC-05,2026-06-24,22,False,Emergency,51.3,0,2,0,6,1,26,327
APT-006013,LOC-01,SVC-01,2026-06-28,35,True,Routine,38.3,0,6,1,6,1,26,331
APT-006014,LOC-10,SVC-05,2026-06-24,5,False,Routine,6.1,0,2,0,6,1,26,327
APT-006015,LOC-09,SVC-05,2026-06-25,6,False,Routine,12.0,0,3,0,6,1,26,328
APT-006016,LOC-08,SVC-02,2026-06-24,13,False,Routine,11.6,0,2,0,6,1,26,327
APT-006017,LOC-06,SVC-05,2026-06-25,34,False,Urgent,58.4,0,3,0,6,1,26,328
APT-006019,LOC-01,SVC-01,2026-06-24,15,False,Priority,19.8,0,2,0,6,1,26,327
APT-006020,LOC-07,SVC-01,2026-06-25,29,False,Priority,32.1,0,3,0,6,1,26,328
APT-006021,LOC-09,SVC-01,2026-06-26,41,False,Priority,58.5,0,4,0,6,1,26,329
APT-006022,LOC-10,SVC-05,2026-06-25,21,False,Urgent,36.8,0,3,0,6,1,26,328
APT-006025,LOC-01,SVC-07,2026-06-25,25,False,Priority,52.8,0,3,0,6,1,26,328
APT-006027,LOC-05,SVC-05,2026-06-25,10,False,Urgent,30.6,0,3,0,6,1,26,328
APT-006029,LOC-02,SVC-04,2026-06-26,19,False,Routine,34.4,0,4,0,6,1,26,329
APT-006030,LOC-03,SVC-03,2026-06-25,4,False,Routine,40.6,0,3,0,6,1,26,328
APT-006031,LOC-04,SVC-06,2026-06-26,3,True,Routine,36.7,0,4,0,6,1,26,329
APT-006032,LOC-02,SVC-02,2026-06-25,53,False,Urgent,93.8,0,3,0,6,1,26,328
APT-006034,LOC-06,SVC-03,2026-06-28,30,True,Routine,42.4,0,6,1,6,1,26,331
APT-006036,LOC-03,SVC-05,2026-06-27,11,False,Routine,64.3,0,5,1,6,1,26,330
APT-006037,LOC-02,SVC-06,2026-06-27,9,False,Routine,36.8,0,5,1,6,1,26,330
APT-006038,LOC-10,SVC-02,2026-06-26,35,False,Priority,8.0,0,4,0,6,1,26,329
APT-006040,LOC-05,SVC-01,2026-06-25,12,False,Routine,39.8,0,3,0,6,1,26,328
APT-006042,LOC-05,SVC-06,2026-06-25,26,False,Emergency,91.8,0,3,0,6,1,26,328
APT-006043,LOC-02,SVC-01,2026-06-27,38,False,Routine,32.6,0,5,1,6,1,26,330
APT-006044,LOC-07,SVC-01,2026-06-26,39,False,Urgent,38.5,0,4,0,6,1,26,329
APT-006045,LOC-03,SVC-07,2026-06-25,30,False,Routine,38.8,0,3,0,6,1,26,328
APT-006047,LOC-04,SVC-05,2026-06-25,19,False,Priority,32.9,0,3,0,6,1,26,328
APT-006049,LOC-06,SVC-05,2026-06-26,29,False,Routine,62.9,0,4,0,6,1,26,329
APT-006050,LOC-03,SVC-01,2026-06-25,13,False,Priority,74.6,0,3,0,6,1,26,328
APT-006053,LOC-10,SVC-08,2026-06-26,33,False,Priority,40.0,0,4,0,6,1,26,329
APT-006054,LOC-07,SVC-09,2026-06-25,35,False,Urgent,63.6,0,3,0,6,1,26,328
APT-006055,LOC-08,SVC-09,2026-06-25,23,False,Urgent,36.6,0,3,0,6,1,26,328
APT-006058,LOC-10,SVC-01,2026-06-26,10,False,Routine,4.2,0,4,0,6,1,26,329
APT-006059,LOC-07,SVC-08,2026-06-26,3,False,Priority,9.8,0,4,0,6,1,26,329
APT-006060,LOC-07,SVC-09,2026-06-28,49,False,Routine,59.0,0,6,1,6,1,26,331
APT-006062,LOC-10,SVC-01,2026-06-27,16,False,Priority,6.6,0,5,1,6,1,26,330
APT-006063,LOC-06,SVC-04,2026-06-30,18,False,Routine,22.1,0,1,0,6,1,27,333
APT-006065,LOC-07,SVC-01,2026-06-28,23,False,Routine,61.3,0,6,1,6,1,26,331
APT-006066,LOC-10,SVC-08,2026-06-27,46,False,Routine,12.7,0,5,1,6,1,26,330
APT-006068,LOC-04,SVC-01,2026-06-26,16,False,Urgent,67.0,0,4,0,6,1,26,329
APT-006069,LOC-07,SVC-01,2026-06-28,17,False,Priority,40.5,0,6,1,6,1,26,331
APT-006070,LOC-03,SVC-02,2026-06-26,15,False,Priority,18.8,0,4,0,6,1,26,329
APT-006073,LOC-10,SVC-04,2026-06-28,6,False,Emergency,85.5,0,6,1,6,1,26,331
APT-006074,LOC-04,SVC-04,2026-06-27,29,False,Priority,30.7,0,5,1,6,1,26,330
APT-006075,LOC-04,SVC-05,2026-06-29,18,False,Routine,54.4,0,0,0,6,1,27,332
APT-006076,LOC-10,SVC-05,2026-06-26,30,False,Urgent,66.0,0,4,0,6,1,26,329
APT-006081,LOC-06,SVC-03,2026-06-29,33,False,Priority,38.7,0,0,0,6,1,27,332
APT-006082,LOC-05,SVC-06,2026-06-27,27,False,Routine,33.0,0,5,1,6,1,26,330
APT-006083,LOC-01,SVC-03,2026-06-27,20,False,Emergency,92.4,0,5,1,6,1,26,330
APT-006084,LOC-10,SVC-09,2026-06-29,30,False,Routine,47.0,0,0,0,6,1,27,332
APT-006085,LOC-10,SVC-09,2026-06-29,30,False,Priority,71.1,0,0,0,6,1,27,332
APT-006087,LOC-10,SVC-09,2026-06-29,44,False,Priority,36.6,0,0,0,6,1,27,332
APT-006088,LOC-03,SVC-08,2026-06-28,19,False,Priority,79.6,0,6,1,6,1,26,331
APT-006089,LOC-05,SVC-01,2026-06-28,23,False,Priority,45.4,0,6,1,6,1,26,331
APT-006090,LOC-09,SVC-01,2026-06-27,23,False,Urgent,61.2,0,5,1,6,1,26,330
APT-006092,LOC-06,SVC-05,2026-07-04,38,False,Routine,67.9,0,5,1,7,1,27,337
APT-006095,LOC-09,SVC-09,2026-06-28,22,False,Urgent,81.6,0,6,1,6,1,26,331
APT-006096,LOC-06,SVC-02,2026-06-28,35,False,Routine,13.3,0,6,1,6,1,26,331
APT-006097,LOC-08,SVC-02,2026-06-28,14,False,Urgent,60.5,0,6,1,6,1,26,331
APT-006098,LOC-06,SVC-01,2026-06-29,33,False,Priority,45.2,0,0,0,6,1,27,332
APT-006099,LOC-08,SVC-01,2026-06-28,40,False,Priority,10.8,0,6,1,6,1,26,331
APT-006100,LOC-05,SVC-04,2026-06-28,48,False,Priority,34.3,0,6,1,6,1,26,331
APT-006101,LOC-01,SVC-09,2026-06-29,28,False,Priority,52.8,0,0,0,6,1,27,332
APT-006102,LOC-06,SVC-04,2026-06-28,40,False,Emergency,36.2,0,6,1,6,1,26,331
APT-006104,LOC-03,SVC-05,2026-06-29,20,False,Urgent,34.9,0,0,0,6,1,27,332
APT-006105,LOC-10,SVC-09,2026-06-29,31,False,Priority,34.6,0,0,0,6,1,27,332
APT-006110,LOC-06,SVC-02,2026-06-29,3,False,Urgent,89.6,0,0,0,6,1,27,332
APT-006111,LOC-03,SVC-09,2026-06-29,30,False,Routine,13.5,0,0,0,6,1,27,332
APT-006112,LOC-04,SVC-03,2026-06-29,51,False,Priority,64.1,0,0,0,6,1,27,332
APT-006115,LOC-08,SVC-05,2026-07-02,28,False,Priority,95.0,0,3,0,7,1,27,335
APT-006117,LOC-07,SVC-01,2026-06-30,36,False,Emergency,89.0,0,1,0,6,1,27,333
APT-006118,LOC-08,SVC-01,2026-06-29,42,False,Priority,29.3,0,0,0,6,1,27,332
APT-006120,LOC-01,SVC-03,2026-07-01,10,False,Priority,55.3,0,2,0,7,1,27,334
APT-006124,LOC-10,SVC-06,2026-07-01,20,False,Routine,37.1,0,2,0,7,1,27,334
APT-006129,LOC-02,SVC-07,2026-06-29,13,False,Priority,33.1,0,0,0,6,1,27,332
APT-006130,LOC-01,SVC-08,2026-06-29,33,False,Priority,77.8,0,0,0,6,1,27,332
APT-006131,LOC-05,SVC-05,2026-06-30,28,False,Routine,42.0,0,1,0,6,1,27,333
APT-006132,LOC-03,SVC-01,2026-06-30,20,False,Routine,24.7,0,1,0,6,1,27,333
APT-006133,LOC-05,SVC-07,2026-06-29,37,False,Emergency,35.2,0,0,0,6,1,27,332
APT-006134,LOC-04,SVC-07,2026-07-01,20,False,Priority,83.2,0,2,0,7,1,27,334
APT-006135,LOC-09,SVC-09,2026-06-30,20,False,Priority,16.2,0,1,0,6,1,27,333
APT-006136,LOC-03,SVC-08,2026-06-30,12,False,Routine,38.9,0,1,0,6,1,27,333
APT-006139,LOC-06,SVC-06,2026-07-01,25,False,Priority,14.7,0,2,0,7,1,27,334
APT-006140,LOC-02,SVC-05,2026-06-30,27,True,Routine,48.9,0,1,0,6,1,27,333
APT-006143,LOC-03,SVC-07,2026-06-30,23,False,Routine,40.2,0,1,0,6,1,27,333
APT-004131,LOC-05,SVC-05,2026-03-24,32,False,Routine,9.5,0,1,0,3,0,13,235
APT-004168,LOC-06,SVC-05,2026-03-26,8,False,Priority,53.0,0,3,0,3,0,13,237
APT-004178,LOC-05,SVC-06,2026-03-27,22,False,Routine,35.8,0,4,0,3,0,13,238
APT-004182,LOC-03,SVC-02,2026-03-29,14,False,Routine,34.8,0,6,1,3,0,13,240
APT-004193,LOC-05,SVC-05,2026-03-26,16,False,Routine,16.4,0,3,0,3,0,13,237
APT-004242,LOC-02,SVC-09,2026-04-02,25,False,Routine,49.0,0,3,0,4,0,14,244
APT-004244,LOC-08,SVC-05,2026-03-31,14,False,Routine,1.0,0,1,0,3,0,14,242
APT-004256,LOC-03,SVC-04,2026-03-30,19,False,Routine,18.9,0,0,0,3,0,14,241
APT-004259,LOC-06,SVC-03,2026-03-31,14,False,Urgent,65.7,0,1,0,3,0,14,242
APT-004271,LOC-05,SVC-05,2026-03-31,11,False,Emergency,62.0,0,1,0,3,0,14,242
APT-004290,LOC-07,SVC-02,2026-03-31,15,False,Routine,41.4,0,1,0,3,0,14,242
APT-004331,LOC-01,SVC-07,2026-04-02,27,False,Priority,17.7,0,3,0,4,0,14,244
APT-004333,LOC-05,SVC-01,2026-04-03,22,False,Emergency,60.5,0,4,0,4,0,14,245
APT-004364,LOC-01,SVC-02,2026-04-05,14,False,Priority,85.7,0,6,1,4,0,14,247
APT-004371,LOC-10,SVC-09,2026-04-05,36,False,Urgent,82.9,0,6,1,4,0,14,247
APT-004376,LOC-08,SVC-06,2026-04-05,43,False,Priority,30.8,0,6,1,4,0,14,247
APT-004377,LOC-10,SVC-04,2026-04-04,5,False,Routine,23.3,0,5,1,4,0,14,246
APT-004378,LOC-04,SVC-01,2026-04-04,10,False,Emergency,13.5,0,5,1,4,0,14,246
APT-004396,LOC-01,SVC-01,2026-04-06,9,False,Priority,44.0,0,0,0,4,0,15,248
APT-004407,LOC-02,SVC-09,2026-04-06,6,False,Routine,36.4,0,0,0,4,0,15,248
APT-004418,LOC-07,SVC-04,2026-04-07,22,False,Routine,10.2,0,1,0,4,0,15,249
APT-004422,LOC-06,SVC-05,2026-04-07,25,True,Routine,64.7,0,1,0,4,0,15,249
APT-004495,LOC-07,SVC-09,2026-04-16,29,False,Routine,40.2,0,3,0,4,0,16,258
APT-004497,LOC-02,SVC-03,2026-04-12,29,False,Urgent,28.7,0,6,1,4,0,15,254
APT-004536,LOC-06,SVC-01,2026-04-13,62,False,Urgent,62.6,0,0,0,4,0,16,255
APT-004556,LOC-10,SVC-06,2026-04-14,35,False,Priority,31.7,0,1,0,4,0,16,256
APT-004561,LOC-06,SVC-04,2026-04-15,16,False,Priority,33.9,0,2,0,4,0,16,257
APT-004567,LOC-08,SVC-06,2026-04-18,19,False,Routine,43.6,0,5,1,4,0,16,260
APT-004572,LOC-07,SVC-03,2026-04-17,29,False,Priority,42.6,0,4,0,4,0,16,259
APT-004582,LOC-04,SVC-03,2026-04-15,21,False,Urgent,17.9,0,2,0,4,0,16,257
APT-004586,LOC-05,SVC-01,2026-04-17,55,False,Priority,36.7,0,4,0,4,0,16,259
APT-004622,LOC-08,SVC-03,2026-04-18,48,False,Routine,36.3,0,5,1,4,0,16,260
APT-004647,LOC-03,SVC-06,2026-04-22,33,False,Priority,84.6,0,2,0,4,0,17,264
APT-004678,LOC-05,SVC-06,2026-04-23,23,False,Priority,66.0,0,3,0,4,0,17,265
APT-004707,LOC-01,SVC-02,2026-04-23,26,False,Routine,46.3,0,3,0,4,0,17,265
APT-004713,LOC-02,SVC-02,2026-04-24,16,False,Emergency,66.7,0,4,0,4,0,17,266
APT-004731,LOC-08,SVC-03,2026-04-25,31,True,Routine,1.0,0,5,1,4,0,17,267
APT-004773,LOC-08,SVC-03,2026-04-28,39,False,Urgent,68.7,0,1,0,4,0,18,270
APT-004795,LOC-02,SVC-05,2026-04-29,8,False,Routine,44.8,0,2,0,4,0,18,271
APT-004815,LOC-09,SVC-03,2026-04-30,49,False,Priority,40.5,0,3,0,4,0,18,272
APT-004830,LOC-03,SVC-03,2026-04-30,8,False,Routine,8.5,0,3,0,4,0,18,272
APT-004873,LOC-09,SVC-06,2026-05-03,15,False,Priority,14.8,0,6,1,5,0,18,275
APT-004877,LOC-06,SVC-01,2026-05-03,47,False,Urgent,30.6,0,6,1,5,0,18,275
APT-004918,LOC-01,SVC-08,2026-05-07,32,False,Priority,36.3,0,3,0,5,0,19,279
APT-004942,LOC-06,SVC-07,2026-05-06,37,False,Urgent,38.5,0,2,0,5,0,19,278
APT-004968,LOC-01,SVC-04,2026-05-07,33,False,Priority,20.8,0,3,0,5,0,19,279
APT-004971,LOC-10,SVC-02,2026-05-07,8,False,Priority,17.3,0,3,0,5,0,19,279
APT-004975,LOC-02,SVC-01,2026-05-07,10,False,Urgent,58.1,0,3,0,5,0,19,279
APT-004977,LOC-01,SVC-04,2026-05-08,14,False,Priority,33.9,0,4,0,5,0,19,280
APT-004996,LOC-10,SVC-01,2026-05-09,27,False,Routine,12.9,0,5,1,5,0,19,281
APT-005004,LOC-04,SVC-01,2026-05-10,38,False,Routine,25.8,0,6,1,5,0,19,282
APT-005012,LOC-10,SVC-04,2026-05-09,27,False,Priority,64.5,0,5,1,5,0,19,281
APT-005101,LOC-03,SVC-04,2026-05-14,12,False,Priority,45.4,0,3,0,5,0,20,286
APT-005169,LOC-09,SVC-05,2026-05-16,47,False,Routine,11.5,0,5,1,5,0,20,288
APT-005187,LOC-09,SVC-06,2026-05-18,34,False,Priority,41.2,0,0,0,5,0,21,290
APT-005230,LOC-02,SVC-01,2026-05-21,20,False,Priority,54.2,0,3,0,5,0,21,293
APT-005247,LOC-01,SVC-02,2026-05-23,44,False,Routine,42.7,0,5,1,5,0,21,295
APT-005273,LOC-03,SVC-01,2026-05-22,31,False,Routine,33.6,0,4,0,5,0,21,294
APT-005283,LOC-10,SVC-04,2026-05-21,3,False,Urgent,86.2,0,3,0,5,0,21,293
APT-005290,LOC-02,SVC-01,2026-05-22,13,True,Urgent,19.8,0,4,0,5,0,21,294
APT-005293,LOC-06,SVC-02,2026-05-25,6,False,Urgent,64.3,0,0,0,5,0,22,297
APT-005297,LOC-02,SVC-08,2026-05-22,48,False,Routine,36.0,0,4,0,5,0,21,294
APT-005335,LOC-09,SVC-04,2026-05-27,3,False,Urgent,24.9,0,2,0,5,0,22,299
APT-005362,LOC-08,SVC-01,2026-05-26,30,False,Priority,44.8,0,1,0,5,0,22,298
APT-005367,LOC-10,SVC-09,2026-05-27,29,False,Routine,19.5,0,2,0,5,0,22,299
APT-005370,LOC-01,SVC-01,2026-05-27,21,False,Priority,43.6,0,2,0,5,0,22,299
APT-005381,LOC-02,SVC-01,2026-05-27,13,False,Priority,17.5,0,2,0,5,0,22,299
APT-005388,LOC-01,SVC-07,2026-05-28,31,False,Routine,13.6,0,3,0,5,0,22,300
APT-005417,LOC-09,SVC-05,2026-05-28,16,False,Urgent,32.2,0,3,0,5,0,22,300
APT-005455,LOC-03,SVC-08,2026-06-01,8,False,Routine,39.1,0,0,0,6,1,23,304
APT-005459,LOC-06,SVC-06,2026-05-29,37,False,Routine,36.4,0,4,0,5,0,22,301
APT-005461,LOC-06,SVC-02,2026-05-29,9,False,Urgent,17.7,0,4,0,5,0,22,301
APT-005482,LOC-06,SVC-06,2026-06-01,29,False,Routine,46.5,0,0,0,6,1,23,304
APT-005491,LOC-02,SVC-01,2026-06-01,13,False,Urgent,42.7,0,0,0,6,1,23,304
APT-005518,LOC-09,SVC-02,2026-06-02,16,False,Emergency,51.7,0,1,0,6,1,23,305
APT-005605,LOC-05,SVC-02,2026-06-06,16,False,Routine,37.9,0,5,1,6,1,23,309
APT-005648,LOC-08,SVC-01,2026-06-10,7,False,Priority,64.9,0,2,0,6,1,24,313
APT-005657,LOC-08,SVC-07,2026-06-09,32,False,Routine,44.1,0,1,0,6,1,24,312
APT-005668,LOC-10,SVC-01,2026-06-10,14,False,Priority,7.9,0,2,0,6,1,24,313
APT-005683,LOC-05,SVC-01,2026-06-10,30,False,Routine,34.7,0,2,0,6,1,24,313
APT-005714,LOC-05,SVC-07,2026-06-12,27,False,Routine,33.7,0,4,0,6,1,24,315
APT-005722,LOC-09,SVC-07,2026-06-12,29,False,Routine,36.9,0,4,0,6,1,24,315
APT-005726,LOC-08,SVC-04,2026-06-12,22,False,Routine,17.9,0,4,0,6,1,24,315
APT-005738,LOC-07,SVC-04,2026-06-12,44,False,Routine,27.5,0,4,0,6,1,24,315
APT-005748,LOC-06,SVC-07,2026-06-13,20,False,Priority,40.2,0,5,1,6,1,24,316
APT-005771,LOC-03,SVC-09,2026-06-16,36,False,Routine,36.5,0,1,0,6,1,25,319
APT-005776,LOC-01,SVC-03,2026-06-13,27,True,Urgent,62.7,0,5,1,6,1,24,316
APT-005816,LOC-10,SVC-02,2026-06-17,23,False,Urgent,30.4,0,2,0,6,1,25,320
APT-005820,LOC-10,SVC-05,2026-06-18,33,False,Priority,39.0,0,3,0,6,1,25,321
APT-005828,LOC-01,SVC-03,2026-06-19,15,False,Routine,45.6,0,4,0,6,1,25,322
APT-005831,LOC-04,SVC-01,2026-06-16,40,False,Priority,7.9,0,1,0,6,1,25,319
APT-005834,LOC-07,SVC-02,2026-06-16,57,False,Priority,9.9,0,1,0,6,1,25,319
APT-005836,LOC-04,SVC-06,2026-06-16,26,False,Emergency,33.9,0,1,0,6,1,25,319
APT-005838,LOC-07,SVC-02,2026-06-18,18,True,Routine,60.0,0,3,0,6,1,25,321
APT-005870,LOC-08,SVC-05,2026-06-18,45,False,Routine,41.7,0,3,0,6,1,25,321
APT-005874,LOC-01,SVC-06,2026-06-18,26,False,Routine,32.2,0,3,0,6,1,25,321
APT-005900,LOC-01,SVC-08,2026-06-18,28,False,Priority,53.8,0,3,0,6,1,25,321
APT-005902,LOC-08,SVC-01,2026-06-19,42,False,Routine,11.3,0,4,0,6,1,25,322
APT-005905,LOC-10,SVC-08,2026-06-19,47,False,Routine,40.6,0,4,0,6,1,25,322
APT-005932,LOC-02,SVC-07,2026-06-19,21,False,Priority,89.0,0,4,0,6,1,25,322
APT-005939,LOC-02,SVC-03,2026-06-23,12,False,Routine,41.0,0,1,0,6,1,26,326
APT-005940,LOC-01,SVC-08,2026-06-19,13,False,Emergency,83.0,0,4,0,6,1,25,322
APT-005965,LOC-07,SVC-04,2026-06-22,20,False,Routine,41.9,0,0,0,6,1,26,325
APT-006057,LOC-04,SVC-05,2026-06-25,28,False,Routine,15.4,0,3,0,6,1,26,328
APT-006078,LOC-09,SVC-06,2026-06-28,35,False,Routine,63.1,0,6,1,6,1,26,331
APT-006080,LOC-06,SVC-01,2026-06-27,15,False,Routine,30.1,0,5,1,6,1,26,330
APT-006086,LOC-04,SVC-08,2026-06-27,19,False,Routine,34.7,0,5,1,6,1,26,330
APT-006094,LOC-08,SVC-01,2026-06-29,25,False,Routine,15.6,0,0,0,6,1,27,332
APT-006106,LOC-08,SVC-02,2026-07-01,30,False,Routine,17.0,0,2,0,7,1,27,334
APT-006126,LOC-01,SVC-01,2026-06-30,18,False,Priority,64.4,0,1,0,6,1,27,333
APT-006138,LOC-06,SVC-05,2026-07-01,50,False,Routine,12.3,0,2,0,7,1,27,334
APT-006153,LOC-08,SVC-04,2026-07-02,18,False,Routine,53.4,1,3,0,7,1,27,335
APT-006161,LOC-01,SVC-04,2026-07-01,3,False,Routine,42.8,1,2,0,7,1,27,334
APT-006162,LOC-03,SVC-09,2026-06-30,13,False,Urgent,36.8,1,1,0,6,1,27,333
APT-006166,LOC-07,SVC-05,2026-07-01,50,False,Routine,11.4,1,2,0,7,1,27,334
APT-006167,LOC-10,SVC-07,2026-07-01,3,False,Routine,20.8,1,2,0,7,1,27,334
APT-006176,LOC-04,SVC-02,2026-07-02,7,False,Routine,13.9,1,3,0,7,1,27,335
APT-006178,LOC-10,SVC-02,2026-07-03,47,False,Priority,36.5,1,4,0,7,1,27,336
APT-006179,LOC-09,SVC-02,2026-07-01,49,False,Priority,32.1,1,2,0,7,1,27,334
APT-006180,LOC-04,SVC-07,2026-07-02,37,False,Priority,7.3,1,3,0,7,1,27,335
APT-006181,LOC-10,SVC-05,2026-07-03,32,False,Routine,4.5,1,4,0,7,1,27,336
APT-006182,LOC-07,SVC-06,2026-07-02,43,False,Routine,3.6,1,3,0,7,1,27,335
APT-006184,LOC-09,SVC-01,2026-07-02,3,False,Routine,32.3,1,3,0,7,1,27,335
APT-006186,LOC-02,SVC-03,2026-07-02,42,False,Routine,12.0,1,3,0,7,1,27,335
APT-006187,LOC-06,SVC-02,2026-07-02,15,False,Routine,31.0,1,3,0,7,1,27,335
APT-006192,LOC-08,SVC-04,2026-07-03,30,False,Urgent,46.8,1,4,0,7,1,27,336
APT-006193,LOC-07,SVC-01,2026-07-03,15,False,Priority,83.1,1,4,0,7,1,27,336
APT-006194,LOC-07,SVC-05,2026-07-03,13,False,Routine,40.3,1,4,0,7,1,27,336
APT-006196,LOC-04,SVC-06,2026-07-02,19,False,Urgent,88.3,1,3,0,7,1,27,335
APT-006200,LOC-08,SVC-01,2026-07-08,22,False,Routine,74.6,1,2,0,7,1,28,341
APT-006201,LOC-05,SVC-01,2026-07-02,18,False,Routine,38.4,1,3,0,7,1,27,335
APT-006204,LOC-10,SVC-05,2026-07-03,33,False,Priority,18.3,1,4,0,7,1,27,336
APT-006209,LOC-07,SVC-05,2026-07-02,6,False,Priority,1.0,1,3,0,7,1,27,335
APT-006210,LOC-07,SVC-01,2026-07-05,8,False,Priority,10.8,1,6,1,7,1,27,338
APT-006211,LOC-10,SVC-04,2026-07-03,32,True,Routine,15.6,1,4,0,7,1,27,336
APT-006218,LOC-08,SVC-03,2026-07-05,3,False,Routine,37.9,1,6,1,7,1,27,338
APT-006219,LOC-04,SVC-06,2026-07-05,6,False,Routine,18.9,1,6,1,7,1,27,338
APT-006220,LOC-05,SVC-02,2026-07-05,35,False,Routine,40.4,1,6,1,7,1,27,338
APT-006224,LOC-09,SVC-06,2026-07-06,34,False,Priority,35.1,1,0,0,7,1,28,339
APT-006225,LOC-04,SVC-02,2026-07-06,28,False,Priority,57.7,1,0,0,7,1,28,339
APT-006233,LOC-10,SVC-06,2026-07-03,48,False,Urgent,77.9,1,4,0,7,1,27,336
APT-006234,LOC-10,SVC-02,2026-07-05,19,False,Routine,13.0,1,6,1,7,1,27,338
APT-006235,LOC-01,SVC-06,2026-07-04,26,False,Priority,31.5,1,5,1,7,1,27,337
APT-006248,LOC-09,SVC-05,2026-07-04,12,False,Routine,8.0,1,5,1,7,1,27,337
APT-006249,LOC-10,SVC-01,2026-07-04,65,False,Routine,34.1,1,5,1,7,1,27,337
APT-006250,LOC-01,SVC-06,2026-07-07,22,False,Routine,52.0,1,1,0,7,1,28,340
APT-006254,LOC-09,SVC-03,2026-07-05,34,False,Routine,11.3,1,6,1,7,1,27,338
APT-006260,LOC-04,SVC-01,2026-07-07,19,False,Routine,73.7,1,1,0,7,1,28,340
APT-006261,LOC-03,SVC-06,2026-07-06,4,False,Priority,41.4,1,0,0,7,1,28,339
APT-006268,LOC-01,SVC-08,2026-07-05,55,False,Routine,7.3,1,6,1,7,1,27,338
APT-006269,LOC-04,SVC-02,2026-07-06,36,True,Routine,22.2,1,0,0,7,1,28,339
APT-006273,LOC-06,SVC-01,2026-07-08,56,False,Routine,60.9,1,2,0,7,1,28,341
APT-006278,LOC-09,SVC-02,2026-07-06,36,False,Emergency,65.5,1,0,0,7,1,28,339
APT-006282,LOC-08,SVC-01,2026-07-06,36,False,Routine,7.3,1,0,0,7,1,28,339
APT-006284,LOC-09,SVC-03,2026-07-08,39,False,Priority,65.8,1,2,0,7,1,28,341
APT-006285,LOC-02,SVC-04,2026-07-07,6,False,Routine,39.3,1,1,0,7,1,28,340
APT-006287,LOC-05,SVC-02,2026-07-06,16,False,Urgent,32.0,1,0,0,7,1,28,339
APT-006288,LOC-02,SVC-08,2026-07-06,15,False,Urgent,91.2,1,0,0,7,1,28,339
APT-006289,LOC-05,SVC-02,2026-07-07,17,False,Routine,65.3,1,1,0,7,1,28,340
APT-006290,LOC-09,SVC-05,2026-07-07,22,False,Routine,39.7,1,1,0,7,1,28,340
APT-006292,LOC-08,SVC-02,2026-07-06,28,False,Priority,50.2,1,0,0,7,1,28,339
APT-006293,LOC-03,SVC-05,2026-07-06,16,False,Routine,43.9,1,0,0,7,1,28,339
APT-006298,LOC-09,SVC-06,2026-07-07,10,False,Priority,26.2,1,1,0,7,1,28,340
APT-006300,LOC-05,SVC-05,2026-07-08,20,False,Routine,17.9,1,2,0,7,1,28,341
APT-006303,LOC-10,SVC-02,2026-07-07,24,False,Priority,16.1,1,1,0,7,1,28,340
APT-006304,LOC-02,SVC-05,2026-07-07,16,False,Routine,36.3,1,1,0,7,1,28,340
APT-006306,LOC-07,SVC-07,2026-07-08,31,False,Priority,37.8,1,2,0,7,1,28,341
APT-006308,LOC-07,SVC-05,2026-07-07,38,False,Urgent,47.3,1,1,0,7,1,28,340
APT-006316,LOC-06,SVC-01,2026-07-07,39,False,Routine,36.3,1,1,0,7,1,28,340
APT-006324,LOC-06,SVC-05,2026-07-10,39,False,Routine,28.9,1,4,0,7,1,28,343
APT-006337,LOC-06,SVC-02,2026-07-10,23,False,Routine,13.3,1,4,0,7,1,28,343
APT-006339,LOC-01,SVC-05,2026-07-09,10,False,Routine,50.2,1,3,0,7,1,28,342
APT-006342,LOC-06,SVC-05,2026-07-09,50,False,Routine,11.7,1,3,0,7,1,28,342
APT-006349,LOC-09,SVC-05,2026-07-10,23,False,Routine,35.4,1,4,0,7,1,28,343
APT-006352,LOC-10,SVC-02,2026-07-08,19,False,Urgent,9.9,1,2,0,7,1,28,341
APT-006357,LOC-07,SVC-01,2026-07-10,57,False,Priority,92.7,1,4,0,7,1,28,343
APT-006358,LOC-04,SVC-02,2026-07-10,13,True,Urgent,34.0,1,4,0,7,1,28,343
APT-006362,LOC-07,SVC-02,2026-07-09,17,False,Urgent,35.4,1,3,0,7,1,28,342
APT-006363,LOC-10,SVC-06,2026-07-10,37,False,Urgent,31.1,1,4,0,7,1,28,343
APT-006369,LOC-05,SVC-08,2026-07-10,21,False,Routine,44.4,1,4,0,7,1,28,343
APT-006370,LOC-08,SVC-03,2026-07-10,3,False,Routine,36.3,1,4,0,7,1,28,343
APT-006371,LOC-06,SVC-09,2026-07-10,26,False,Routine,37.1,1,4,0,7,1,28,343
APT-006372,LOC-01,SVC-07,2026-07-09,28,True,Routine,27.6,1,3,0,7,1,28,342
APT-006377,LOC-07,SVC-04,2026-07-12,71,False,Routine,36.3,1,6,1,7,1,28,345
APT-006378,LOC-06,SVC-05,2026-07-10,3,False,Priority,60.8,1,4,0,7,1,28,343
APT-006382,LOC-02,SVC-04,2026-07-10,21,False,Routine,16.1,1,4,0,7,1,28,343
APT-006384,LOC-07,SVC-05,2026-07-11,22,False,Routine,14.2,1,5,1,7,1,28,344
APT-006385,LOC-02,SVC-05,2026-07-10,18,False,Routine,34.8,1,4,0,7,1,28,343
APT-006386,LOC-05,SVC-01,2026-07-10,17,False,Routine,38.8,1,4,0,7,1,28,343
APT-006388,LOC-02,SVC-06,2026-07-10,22,False,Emergency,57.9,1,4,0,7,1,28,343
APT-006396,LOC-08,SVC-01,2026-07-10,42,True,Emergency,70.2,1,4,0,7,1,28,343
APT-006400,LOC-02,SVC-08,2026-07-10,32,False,Routine,40.9,1,4,0,7,1,28,343
APT-006404,LOC-07,SVC-05,2026-07-10,46,False,Priority,14.6,1,4,0,7,1,28,343
APT-006407,LOC-06,SVC-06,2026-07-10,31,False,Priority,28.9,1,4,0,7,1,28,343
APT-006413,LOC-04,SVC-02,2026-07-10,14,False,Emergency,82.1,1,4,0,7,1,28,343
APT-006415,LOC-01,SVC-01,2026-07-11,18,False,Urgent,70.6,1,5,1,7,1,28,344
APT-006417,LOC-07,SVC-06,2026-07-11,44,False,Priority,38.9,1,5,1,7,1,28,344
APT-006419,LOC-08,SVC-01,2026-07-11,29,False,Priority,17.2,1,5,1,7,1,28,344
APT-006421,LOC-02,SVC-07,2026-07-14,15,False,Priority,64.8,1,1,0,7,1,29,347
APT-006423,LOC-10,SVC-03,2026-07-12,5,False,Routine,10.0,1,6,1,7,1,28,345
APT-006424,LOC-02,SVC-03,2026-07-13,25,False,Routine,10.4,1,0,0,7,1,29,346
APT-006433,LOC-07,SVC-05,2026-07-14,18,False,Routine,18.6,1,1,0,7,1,29,347
APT-006434,LOC-06,SVC-02,2026-07-15,44,False,Routine,8.4,1,2,0,7,1,29,348
APT-006436,LOC-07,SVC-07,2026-07-13,42,False,Priority,23.8,1,0,0,7,1,29,346
APT-006437,LOC-10,SVC-05,2026-07-13,31,True,Routine,13.3,1,0,0,7,1,29,346
APT-006438,LOC-07,SVC-03,2026-07-14,13,False,Routine,35.4,1,1,0,7,1,29,347
APT-006440,LOC-06,SVC-02,2026-07-14,30,False,Priority,72.2,1,1,0,7,1,29,347
APT-006444,LOC-05,SVC-02,2026-07-12,33,False,Routine,40.8,1,6,1,7,1,28,345
APT-006446,LOC-06,SVC-03,2026-07-13,49,False,Routine,8.7,1,0,0,7,1,29,346
APT-006449,LOC-07,SVC-01,2026-07-13,11,True,Urgent,61.9,1,0,0,7,1,29,346
APT-006451,LOC-09,SVC-02,2026-07-13,14,False,Priority,30.0,1,0,0,7,1,29,346
APT-006458,LOC-03,SVC-02,2026-07-15,25,True,Routine,34.8,1,2,0,7,1,29,348
APT-006460,LOC-10,SVC-02,2026-07-15,32,False,Routine,32.1,1,2,0,7,1,29,348
APT-006461,LOC-10,SVC-01,2026-07-13,38,False,Priority,17.2,1,0,0,7,1,29,346
APT-006462,LOC-04,SVC-08,2026-07-13,17,False,Routine,61.7,1,0,0,7,1,29,346
APT-006464,LOC-10,SVC-08,2026-07-13,44,False,Routine,8.6,1,0,0,7,1,29,346
APT-006470,LOC-08,SVC-02,2026-07-15,21,False,Priority,14.2,1,2,0,7,1,29,348
APT-006475,LOC-01,SVC-01,2026-07-14,38,False,Routine,13.0,1,1,0,7,1,29,347
APT-006477,LOC-08,SVC-06,2026-07-17,50,False,Routine,22.1,1,4,0,7,1,29,350
APT-006482,LOC-10,SVC-04,2026-07-14,48,False,Priority,75.2,1,1,0,7,1,29,347
APT-006493,LOC-07,SVC-01,2026-07-14,24,False,Routine,54.7,1,1,0,7,1,29,347
APT-006498,LOC-07,SVC-02,2026-07-16,30,False,Routine,54.0,1,3,0,7,1,29,349
APT-006501,LOC-02,SVC-02,2026-07-14,10,False,Urgent,72.8,1,1,0,7,1,29,347
APT-006502,LOC-10,SVC-02,2026-07-14,27,False,Routine,20.0,1,1,0,7,1,29,347
APT-006506,LOC-09,SVC-01,2026-07-18,28,False,Priority,72.6,1,5,1,7,1,29,351
APT-006508,LOC-07,SVC-01,2026-07-17,56,False,Routine,38.0,1,4,0,7,1,29,350
APT-006511,LOC-08,SVC-01,2026-07-15,4,False,Routine,29.2,1,2,0,7,1,29,348
APT-006513,LOC-08,SVC-01,2026-07-15,27,False,Priority,83.7,1,2,0,7,1,29,348
APT-006515,LOC-07,SVC-01,2026-07-17,60,False,Urgent,59.6,1,4,0,7,1,29,350
APT-006516,LOC-10,SVC-02,2026-07-18,11,False,Routine,36.3,1,5,1,7,1,29,351
APT-006520,LOC-08,SVC-06,2026-07-15,37,False,Priority,40.2,1,2,0,7,1,29,348
APT-006527,LOC-09,SVC-03,2026-07-17,34,False,Routine,36.3,1,4,0,7,1,29,350
APT-006537,LOC-06,SVC-01,2026-07-19,23,False,Routine,12.9,1,6,1,7,1,29,352
APT-006540,LOC-03,SVC-02,2026-07-16,22,False,Priority,37.7,1,3,0,7,1,29,349
APT-006543,LOC-05,SVC-07,2026-07-17,21,True,Routine,24.2,1,4,0,7,1,29,350
APT-006548,LOC-02,SVC-02,2026-07-16,25,False,Urgent,59.9,1,3,0,7,1,29,349
APT-006549,LOC-09,SVC-01,2026-07-16,28,False,Urgent,22.6,1,3,0,7,1,29,349
APT-006557,LOC-09,SVC-07,2026-07-18,25,False,Routine,61.6,1,5,1,7,1,29,351
APT-006562,LOC-04,SVC-02,2026-07-19,8,False,Routine,23.2,1,6,1,7,1,29,352
APT-006565,LOC-10,SVC-02,2026-07-23,35,False,Routine,24.6,1,3,0,7,1,30,356
APT-006567,LOC-09,SVC-07,2026-07-20,33,False,Priority,35.3,1,0,0,7,1,30,353
APT-006571,LOC-09,SVC-03,2026-07-18,55,False,Routine,12.1,1,5,1,7,1,29,351
APT-006579,LOC-05,SVC-04,2026-07-18,23,True,Priority,39.3,1,5,1,7,1,29,351
APT-006580,LOC-02,SVC-05,2026-07-19,33,False,Routine,12.6,1,6,1,7,1,29,352
APT-006581,LOC-06,SVC-02,2026-07-19,37,False,Routine,38.4,1,6,1,7,1,29,352
APT-006582,LOC-09,SVC-02,2026-07-19,13,False,Priority,43.8,1,6,1,7,1,29,352
APT-006583,LOC-03,SVC-01,2026-07-20,20,False,Priority,13.4,1,0,0,7,1,30,353
APT-006586,LOC-01,SVC-03,2026-07-20,36,False,Routine,60.9,1,0,0,7,1,30,353
APT-006592,LOC-04,SVC-01,2026-07-20,37,False,Routine,36.2,1,0,0,7,1,30,353
APT-006593,LOC-02,SVC-02,2026-07-21,14,False,Urgent,90.4,1,1,0,7,1,30,354
APT-006594,LOC-04,SVC-05,2026-07-22,14,False,Routine,64.1,1,2,0,7,1,30,355
APT-006597,LOC-01,SVC-02,2026-07-22,23,False,Routine,11.7,1,2,0,7,1,30,355
APT-006599,LOC-03,SVC-02,2026-07-21,11,False,Routine,42.9,1,1,0,7,1,30,354
APT-006601,LOC-08,SVC-01,2026-07-20,3,False,Routine,10.6,1,0,0,7,1,30,353
APT-006602,LOC-04,SVC-09,2026-07-21,9,False,Routine,63.7,1,1,0,7,1,30,354
APT-006604,LOC-03,SVC-07,2026-07-20,8,False,Routine,36.3,1,0,0,7,1,30,353
APT-006609,LOC-09,SVC-07,2026-07-20,21,False,Priority,16.2,1,0,0,7,1,30,353
APT-006612,LOC-08,SVC-06,2026-07-20,34,False,Routine,33.9,1,0,0,7,1,30,353
APT-006613,LOC-10,SVC-02,2026-07-20,19,False,Routine,20.0,1,0,0,7,1,30,353
APT-006633,LOC-08,SVC-08,2026-07-22,45,False,Routine,33.4,1,2,0,7,1,30,355
APT-006637,LOC-09,SVC-01,2026-07-23,40,False,Routine,39.1,1,3,0,7,1,30,356
APT-006643,LOC-06,SVC-05,2026-07-22,36,False,Priority,3.6,1,2,0,7,1,30,355
APT-006646,LOC-02,SVC-01,2026-07-22,9,False,Priority,16.8,1,2,0,7,1,30,355
APT-006647,LOC-06,SVC-01,2026-07-24,25,False,Routine,34.1,1,4,0,7,1,30,357
APT-006648,LOC-08,SVC-05,2026-07-23,3,False,Routine,25.6,1,3,0,7,1,30,356
APT-006649,LOC-02,SVC-01,2026-07-22,10,False,Routine,64.5,1,2,0,7,1,30,355
APT-006651,LOC-03,SVC-01,2026-07-23,22,False,Routine,89.6,1,3,0,7,1,30,356
APT-006655,LOC-03,SVC-03,2026-07-22,37,False,Routine,37.6,1,2,0,7,1,30,355
APT-006659,LOC-05,SVC-06,2026-07-22,4,False,Priority,55.5,1,2,0,7,1,30,355
APT-006660,LOC-01,SVC-05,2026-07-24,25,False,Priority,36.3,1,4,0,7,1,30,357
APT-006661,LOC-08,SVC-03,2026-07-23,4,False,Routine,58.3,1,3,0,7,1,30,356
APT-006665,LOC-08,SVC-02,2026-07-24,40,False,Routine,1.9,1,4,0,7,1,30,357
APT-006672,LOC-03,SVC-01,2026-07-30,6,False,Routine,88.0,1,3,0,7,1,31,363
APT-006673,LOC-08,SVC-01,2026-07-24,24,False,Priority,87.9,1,4,0,7,1,30,357
APT-006675,LOC-09,SVC-02,2026-07-23,51,False,Routine,8.2,1,3,0,7,1,30,356
APT-006677,LOC-08,SVC-05,2026-07-27,35,False,Routine,29.4,1,0,0,7,1,31,360
APT-006678,LOC-01,SVC-01,2026-07-23,3,False,Routine,17.3,1,3,0,7,1,30,356
APT-006682,LOC-07,SVC-04,2026-07-23,23,False,Priority,71.0,1,3,0,7,1,30,356
APT-006684,LOC-07,SVC-03,2026-07-24,19,False,Routine,13.0,1,4,0,7,1,30,357
APT-006692,LOC-04,SVC-02,2026-07-24,23,False,Routine,20.8,1,4,0,7,1,30,357
APT-006693,LOC-07,SVC-03,2026-07-24,13,False,Urgent,62.9,1,4,0,7,1,30,357
APT-006694,LOC-04,SVC-06,2026-07-27,36,False,Routine,44.4,1,0,0,7,1,31,360
APT-006696,LOC-07,SVC-03,2026-07-25,33,False,Routine,23.0,1,5,1,7,1,30,358
APT-006700,LOC-08,SVC-09,2026-07-27,23,False,Routine,13.4,1,0,0,7,1,31,360
APT-006703,LOC-08,SVC-06,2026-07-24,3,False,Urgent,48.1,1,4,0,7,1,30,357
APT-006707,LOC-03,SVC-06,2026-07-24,27,False,Routine,41.4,1,4,0,7,1,30,357
APT-006710,LOC-01,SVC-05,2026-07-25,34,False,Routine,17.2,1,5,1,7,1,30,358
APT-006714,LOC-06,SVC-01,2026-07-24,53,False,Urgent,91.6,1,4,0,7,1,30,357
APT-006717,LOC-06,SVC-05,2026-07-28,70,False,Routine,9.1,1,1,0,7,1,31,361
APT-006718,LOC-10,SVC-04,2026-07-27,31,False,Priority,67.8,1,0,0,7,1,31,360
APT-006723,LOC-08,SVC-02,2026-07-27,30,False,Urgent,35.4,1,0,0,7,1,31,360
APT-006725,LOC-09,SVC-06,2026-07-27,36,False,Priority,63.8,1,0,0,7,1,31,360
APT-006727,LOC-09,SVC-01,2026-07-27,22,False,Routine,43.7,1,0,0,7,1,31,360
APT-006734,LOC-06,SVC-04,2026-07-27,29,False,Routine,12.5,1,0,0,7,1,31,360
APT-006736,LOC-08,SVC-05,2026-07-27,38,False,Routine,37.3,1,0,0,7,1,31,360
APT-006738,LOC-04,SVC-02,2026-07-27,25,True,Priority,80.2,1,0,0,7,1,31,360
APT-006743,LOC-07,SVC-02,2026-07-27,16,False,Routine,5.6,1,0,0,7,1,31,360
APT-006747,LOC-10,SVC-06,2026-07-27,41,True,Routine,34.5,1,0,0,7,1,31,360
APT-006749,LOC-10,SVC-01,2026-07-27,3,False,Priority,46.3,1,0,0,7,1,31,360
APT-006752,LOC-01,SVC-05,2026-07-27,43,False,Priority,13.7,1,0,0,7,1,31,360
APT-006753,LOC-07,SVC-02,2026-07-27,13,False,Routine,15.3,1,0,0,7,1,31,360
APT-006754,LOC-07,SVC-02,2026-07-27,5,False,Urgent,57.9,1,0,0,7,1,31,360
APT-006757,LOC-06,SVC-03,2026-07-28,26,False,Routine,45.1,1,1,0,7,1,31,361
APT-006758,LOC-02,SVC-02,2026-07-27,27,False,Routine,43.9,1,0,0,7,1,31,360
APT-006760,LOC-08,SVC-02,2026-07-27,37,False,Routine,40.0,1,0,0,7,1,31,360
APT-006762,LOC-03,SVC-05,2026-07-27,19,False,Urgent,26.9,1,0,0,7,1,31,360
APT-006763,LOC-06,SVC-02,2026-07-27,24,False,Urgent,53.9,1,0,0,7,1,31,360
APT-006764,LOC-01,SVC-05,2026-07-29,19,False,Routine,43.9,1,2,0,7,1,31,362
APT-006765,LOC-03,SVC-07,2026-07-29,7,False,Routine,64.3,1,2,0,7,1,31,362
APT-006774,LOC-05,SVC-01,2026-07-28,48,False,Routine,59.8,1,1,0,7,1,31,361
APT-006785,LOC-07,SVC-02,2026-07-30,42,False,Routine,42.6,1,3,0,7,1,31,363
APT-006786,LOC-08,SVC-09,2026-07-28,26,False,Routine,48.6,1,1,0,7,1,31,361
APT-006787,LOC-07,SVC-06,2026-07-31,19,False,Routine,17.5,1,4,0,7,1,31,364
APT-006795,LOC-03,SVC-02,2026-07-30,40,False,Priority,79.8,1,3,0,7,1,31,363
APT-006799,LOC-04,SVC-03,2026-07-31,3,False,Priority,87.7,1,4,0,7,1,31,364
APT-006804,LOC-06,SVC-01,2026-07-29,46,False,Routine,44.0,1,2,0,7,1,31,362
APT-006806,LOC-07,SVC-07,2026-08-03,24,False,Routine,49.9,1,0,0,8,1,32,367
APT-006815,LOC-07,SVC-03,2026-08-01,24,False,Routine,20.8,1,5,1,8,1,31,365
APT-006819,LOC-06,SVC-04,2026-07-31,32,False,Routine,9.7,1,4,0,7,1,31,364
APT-006822,LOC-08,SVC-01,2026-08-03,10,False,Routine,17.9,1,0,0,8,1,32,367
APT-006825,LOC-10,SVC-01,2026-07-31,10,False,Routine,65.1,1,4,0,7,1,31,364
APT-006828,LOC-02,SVC-01,2026-07-30,6,False,Urgent,99.0,1,3,0,7,1,31,363
APT-006829,LOC-04,SVC-07,2026-07-31,22,False,Priority,43.6,1,4,0,7,1,31,364
APT-006831,LOC-03,SVC-01,2026-08-01,41,False,Routine,43.0,1,5,1,8,1,31,365
APT-006834,LOC-04,SVC-01,2026-07-30,21,False,Routine,5.9,1,3,0,7,1,31,363
APT-006836,LOC-06,SVC-06,2026-07-30,34,False,Urgent,56.2,1,3,0,7,1,31,363
APT-006844,LOC-07,SVC-04,2026-07-31,41,False,Routine,14.1,1,4,0,7,1,31,364
APT-006846,LOC-01,SVC-01,2026-07-31,22,False,Routine,17.7,1,4,0,7,1,31,364
APT-006850,LOC-02,SVC-02,2026-07-31,42,False,Urgent,88.7,1,4,0,7,1,31,364
APT-006857,LOC-02,SVC-02,2026-07-31,37,False,Priority,63.9,1,4,0,7,1,31,364
APT-006862,LOC-09,SVC-02,2026-07-31,33,False,Routine,22.4,1,4,0,7,1,31,364
APT-006863,LOC-06,SVC-07,2026-08-02,8,False,Priority,57.5,1,6,1,8,1,31,366
APT-006865,LOC-06,SVC-06,2026-07-31,62,False,Priority,26.3,1,4,0,7,1,31,364
APT-006145,LOC-02,SVC-03,2026-07-01,15,False,Urgent,80.0,0,2,0,7,1,27,334
APT-006146,LOC-02,SVC-08,2026-07-01,37,False,Priority,37.8,0,2,0,7,1,27,334
APT-006148,LOC-03,SVC-06,2026-07-01,26,False,Urgent,80.2,0,2,0,7,1,27,334
APT-006149,LOC-02,SVC-01,2026-06-30,27,False,Urgent,54.5,0,1,0,6,1,27,333
APT-006150,LOC-07,SVC-06,2026-07-01,38,False,Routine,20.2,0,2,0,7,1,27,334
APT-006151,LOC-09,SVC-02,2026-06-30,3,False,Urgent,37.5,0,1,0,6,1,27,333
APT-006154,LOC-07,SVC-06,2026-07-02,44,False,Priority,65.7,0,3,0,7,1,27,335
APT-006155,LOC-10,SVC-08,2026-07-02,25,False,Priority,48.5,0,3,0,7,1,27,335
APT-006156,LOC-02,SVC-01,2026-07-01,14,False,Priority,7.6,0,2,0,7,1,27,334
APT-006157,LOC-06,SVC-09,2026-07-01,35,False,Urgent,50.0,0,2,0,7,1,27,334
APT-006159,LOC-01,SVC-01,2026-07-01,32,False,Routine,19.6,0,2,0,7,1,27,334
APT-006160,LOC-01,SVC-02,2026-07-02,24,False,Routine,16.9,0,3,0,7,1,27,335
APT-006163,LOC-02,SVC-03,2026-07-02,21,False,Urgent,57.3,0,3,0,7,1,27,335
APT-006164,LOC-06,SVC-03,2026-06-30,31,False,Priority,45.7,0,1,0,6,1,27,333
APT-006165,LOC-05,SVC-01,2026-06-30,22,False,Urgent,35.8,0,1,0,6,1,27,333
APT-006169,LOC-08,SVC-04,2026-07-01,28,True,Emergency,61.9,0,2,0,7,1,27,334
APT-006170,LOC-02,SVC-07,2026-07-01,23,False,Urgent,34.4,0,2,0,7,1,27,334
APT-006172,LOC-08,SVC-05,2026-07-02,16,False,Urgent,72.9,0,3,0,7,1,27,335
APT-006173,LOC-09,SVC-09,2026-07-02,44,False,Urgent,43.9,0,3,0,7,1,27,335
APT-006174,LOC-01,SVC-01,2026-07-02,10,False,Routine,38.9,0,3,0,7,1,27,335
APT-006175,LOC-05,SVC-06,2026-07-01,27,False,Priority,19.1,0,2,0,7,1,27,334
APT-006183,LOC-02,SVC-02,2026-07-04,26,False,Priority,91.4,0,5,1,7,1,27,337
APT-006188,LOC-06,SVC-01,2026-07-02,34,False,Routine,16.5,0,3,0,7,1,27,335
APT-006189,LOC-03,SVC-07,2026-07-01,18,False,Urgent,98.9,0,2,0,7,1,27,334
APT-006190,LOC-01,SVC-04,2026-07-02,15,False,Urgent,83.9,0,3,0,7,1,27,335
APT-006191,LOC-03,SVC-01,2026-07-02,30,False,Routine,40.1,0,3,0,7,1,27,335
APT-006197,LOC-07,SVC-07,2026-07-03,44,False,Routine,6.9,0,4,0,7,1,27,336
APT-006198,LOC-06,SVC-05,2026-07-02,40,True,Routine,17.9,0,3,0,7,1,27,335
APT-006199,LOC-10,SVC-04,2026-07-02,21,False,Priority,13.4,0,3,0,7,1,27,335
APT-006202,LOC-07,SVC-02,2026-07-02,36,False,Emergency,17.3,0,3,0,7,1,27,335
APT-006203,LOC-02,SVC-05,2026-07-02,48,False,Urgent,42.5,0,3,0,7,1,27,335
APT-006205,LOC-07,SVC-05,2026-07-04,56,False,Routine,64.6,0,5,1,7,1,27,337
APT-006206,LOC-04,SVC-01,2026-07-03,30,False,Priority,86.7,0,4,0,7,1,27,336
APT-006212,LOC-05,SVC-05,2026-07-03,29,False,Routine,33.2,0,4,0,7,1,27,336
APT-006213,LOC-09,SVC-01,2026-07-02,15,False,Priority,14.7,0,3,0,7,1,27,335
APT-006214,LOC-10,SVC-03,2026-07-03,11,False,Routine,19.0,0,4,0,7,1,27,336
APT-006215,LOC-07,SVC-01,2026-07-03,51,False,Routine,31.0,0,4,0,7,1,27,336
APT-006216,LOC-03,SVC-01,2026-07-02,17,False,Priority,2.9,0,3,0,7,1,27,335
APT-006221,LOC-01,SVC-05,2026-07-03,32,False,Urgent,11.9,0,4,0,7,1,27,336
APT-006222,LOC-06,SVC-08,2026-07-06,49,False,Priority,54.3,0,0,0,7,1,28,339
APT-006223,LOC-05,SVC-01,2026-07-04,26,False,Routine,14.1,0,5,1,7,1,27,337
APT-006226,LOC-03,SVC-05,2026-07-03,27,False,Urgent,38.1,0,4,0,7,1,27,336
APT-006228,LOC-07,SVC-01,2026-07-08,46,True,Priority,43.8,0,2,0,7,1,28,341
APT-006229,LOC-07,SVC-05,2026-07-08,39,False,Routine,36.3,0,2,0,7,1,28,341
APT-006230,LOC-06,SVC-01,2026-07-03,11,False,Urgent,60.8,0,4,0,7,1,27,336
APT-006231,LOC-10,SVC-08,2026-07-05,41,False,Routine,15.2,0,6,1,7,1,27,338
APT-006236,LOC-09,SVC-05,2026-07-04,26,False,Urgent,57.5,0,5,1,7,1,27,337
APT-006237,LOC-05,SVC-02,2026-07-04,23,False,Priority,67.5,0,5,1,7,1,27,337
APT-006238,LOC-10,SVC-01,2026-07-03,36,False,Routine,13.1,0,4,0,7,1,27,336
APT-006239,LOC-09,SVC-05,2026-07-03,41,False,Urgent,20.6,0,4,0,7,1,27,336
APT-006240,LOC-01,SVC-07,2026-07-03,11,False,Priority,33.0,0,4,0,7,1,27,336
APT-006241,LOC-04,SVC-06,2026-07-04,38,False,Routine,54.1,0,5,1,7,1,27,337
APT-006242,LOC-02,SVC-01,2026-07-04,16,False,Routine,45.4,0,5,1,7,1,27,337
APT-006243,LOC-04,SVC-04,2026-07-05,28,False,Priority,36.3,0,6,1,7,1,27,338
APT-006244,LOC-10,SVC-05,2026-07-03,17,False,Routine,21.7,0,4,0,7,1,27,336
APT-006245,LOC-06,SVC-06,2026-07-07,3,False,Routine,35.0,0,1,0,7,1,28,340
APT-006246,LOC-08,SVC-07,2026-07-04,39,False,Routine,57.6,0,5,1,7,1,27,337
APT-006247,LOC-09,SVC-02,2026-07-05,42,False,Priority,37.3,0,6,1,7,1,27,338
APT-006251,LOC-09,SVC-09,2026-07-05,32,False,Priority,42.6,0,6,1,7,1,27,338
APT-006252,LOC-02,SVC-01,2026-07-05,19,False,Priority,60.9,0,6,1,7,1,27,338
APT-006253,LOC-02,SVC-01,2026-07-04,16,False,Urgent,84.1,0,5,1,7,1,27,337
APT-006255,LOC-02,SVC-05,2026-07-04,30,False,Urgent,85.2,0,5,1,7,1,27,337
APT-006256,LOC-08,SVC-03,2026-07-06,11,False,Routine,39.4,0,0,0,7,1,28,339
APT-006257,LOC-05,SVC-05,2026-07-04,18,False,Routine,15.3,0,5,1,7,1,27,337
APT-006258,LOC-10,SVC-04,2026-07-05,3,True,Urgent,38.7,0,6,1,7,1,27,338
APT-006259,LOC-03,SVC-01,2026-07-05,21,False,Urgent,46.6,0,6,1,7,1,27,338
APT-006263,LOC-08,SVC-08,2026-07-05,17,False,Priority,36.9,0,6,1,7,1,27,338
APT-006264,LOC-03,SVC-05,2026-07-06,19,False,Routine,11.6,0,0,0,7,1,28,339
APT-006265,LOC-10,SVC-07,2026-07-05,16,False,Urgent,88.8,0,6,1,7,1,27,338
APT-006266,LOC-01,SVC-06,2026-07-05,29,False,Routine,36.3,0,6,1,7,1,27,338
APT-006270,LOC-06,SVC-04,2026-07-06,30,False,Priority,35.7,0,0,0,7,1,28,339
APT-006271,LOC-06,SVC-02,2026-07-05,7,False,Emergency,36.3,0,6,1,7,1,27,338
APT-006272,LOC-07,SVC-01,2026-07-05,22,False,Urgent,33.5,0,6,1,7,1,27,338
APT-006274,LOC-10,SVC-03,2026-07-07,41,False,Routine,15.4,0,1,0,7,1,28,340
APT-006275,LOC-07,SVC-03,2026-07-07,32,False,Routine,35.4,0,1,0,7,1,28,340
APT-006276,LOC-05,SVC-08,2026-07-07,6,False,Priority,39.4,0,1,0,7,1,28,340
APT-006277,LOC-08,SVC-01,2026-07-06,13,False,Priority,36.3,0,0,0,7,1,28,339
APT-006281,LOC-07,SVC-05,2026-07-07,21,True,Priority,37.0,0,1,0,7,1,28,340
APT-006283,LOC-01,SVC-06,2026-07-07,24,False,Routine,10.0,0,1,0,7,1,28,340
APT-006286,LOC-10,SVC-03,2026-07-07,31,False,Priority,64.3,0,1,0,7,1,28,340
APT-006291,LOC-05,SVC-05,2026-07-06,22,False,Emergency,39.2,0,0,0,7,1,28,339
APT-006294,LOC-02,SVC-01,2026-07-06,29,False,Urgent,38.4,0,0,0,7,1,28,339
APT-006295,LOC-04,SVC-04,2026-07-06,11,False,Emergency,78.3,0,0,0,7,1,28,339
APT-006297,LOC-07,SVC-04,2026-07-07,24,False,Routine,12.6,0,1,0,7,1,28,340
APT-006299,LOC-04,SVC-01,2026-07-07,13,False,Urgent,65.2,0,1,0,7,1,28,340
APT-006301,LOC-09,SVC-03,2026-07-07,26,False,Urgent,26.4,0,1,0,7,1,28,340
APT-006302,LOC-07,SVC-08,2026-07-08,17,False,Routine,12.3,0,2,0,7,1,28,341
APT-006305,LOC-07,SVC-09,2026-07-07,18,False,Priority,20.8,0,1,0,7,1,28,340
APT-006307,LOC-01,SVC-04,2026-07-07,25,False,Priority,3.2,0,1,0,7,1,28,340
APT-006309,LOC-06,SVC-06,2026-07-07,52,False,Emergency,65.9,0,1,0,7,1,28,340
APT-006311,LOC-03,SVC-08,2026-07-08,15,False,Routine,30.4,0,2,0,7,1,28,341
APT-006312,LOC-04,SVC-01,2026-07-07,34,False,Urgent,16.3,0,1,0,7,1,28,340
APT-006314,LOC-06,SVC-05,2026-07-08,30,False,Priority,34.3,0,2,0,7,1,28,341
APT-006315,LOC-06,SVC-06,2026-07-07,35,False,Routine,15.3,0,1,0,7,1,28,340
APT-006318,LOC-02,SVC-05,2026-07-09,4,False,Priority,30.1,0,3,0,7,1,28,342
APT-006319,LOC-07,SVC-05,2026-07-07,28,False,Priority,37.8,0,1,0,7,1,28,340
APT-006320,LOC-01,SVC-09,2026-07-09,26,False,Priority,18.0,0,3,0,7,1,28,342
APT-006321,LOC-09,SVC-05,2026-07-08,11,False,Routine,1.4,0,2,0,7,1,28,341
APT-006322,LOC-01,SVC-09,2026-07-08,39,False,Priority,22.7,0,2,0,7,1,28,341
APT-006323,LOC-03,SVC-07,2026-07-07,19,False,Priority,27.2,0,1,0,7,1,28,340
APT-006325,LOC-05,SVC-03,2026-07-08,9,False,Priority,34.8,0,2,0,7,1,28,341
APT-006326,LOC-03,SVC-09,2026-07-08,41,False,Routine,18.9,0,2,0,7,1,28,341
APT-006327,LOC-03,SVC-06,2026-07-07,27,False,Priority,34.4,0,1,0,7,1,28,340
APT-006328,LOC-10,SVC-07,2026-07-08,25,False,Routine,16.8,0,2,0,7,1,28,341
APT-006329,LOC-05,SVC-02,2026-07-08,7,False,Priority,64.1,0,2,0,7,1,28,341
APT-006330,LOC-03,SVC-05,2026-07-10,28,False,Routine,18.8,0,4,0,7,1,28,343
APT-006331,LOC-07,SVC-01,2026-07-08,10,False,Priority,36.3,0,2,0,7,1,28,341
APT-006332,LOC-10,SVC-05,2026-07-09,66,True,Routine,3.9,0,3,0,7,1,28,342
APT-006334,LOC-06,SVC-01,2026-07-08,37,False,Priority,45.2,0,2,0,7,1,28,341
APT-006335,LOC-02,SVC-04,2026-07-08,23,False,Urgent,71.2,0,2,0,7,1,28,341
APT-006338,LOC-07,SVC-06,2026-07-09,28,False,Urgent,87.9,0,3,0,7,1,28,342
APT-006340,LOC-09,SVC-07,2026-07-08,15,False,Urgent,68.1,0,2,0,7,1,28,341
APT-006341,LOC-06,SVC-03,2026-07-09,30,False,Routine,16.8,0,3,0,7,1,28,342
APT-006343,LOC-10,SVC-01,2026-07-11,29,False,Priority,61.8,0,5,1,7,1,28,344
APT-006344,LOC-06,SVC-07,2026-07-08,14,False,Routine,20.1,0,2,0,7,1,28,341
APT-006345,LOC-06,SVC-04,2026-07-08,38,False,Priority,10.3,0,2,0,7,1,28,341
APT-006346,LOC-07,SVC-03,2026-07-12,25,False,Routine,85.0,0,6,1,7,1,28,345
APT-006347,LOC-03,SVC-01,2026-07-09,24,False,Priority,64.0,0,3,0,7,1,28,342
APT-006350,LOC-01,SVC-01,2026-07-09,28,False,Routine,30.9,0,3,0,7,1,28,342
APT-006351,LOC-03,SVC-04,2026-07-08,26,False,Routine,15.4,0,2,0,7,1,28,341
APT-006353,LOC-03,SVC-01,2026-07-08,14,False,Priority,36.4,0,2,0,7,1,28,341
APT-006354,LOC-04,SVC-02,2026-07-08,33,False,Priority,92.3,0,2,0,7,1,28,341
APT-006355,LOC-03,SVC-03,2026-07-09,19,False,Priority,18.9,0,3,0,7,1,28,342
APT-006356,LOC-03,SVC-01,2026-07-09,22,False,Urgent,71.5,0,3,0,7,1,28,342
APT-006359,LOC-03,SVC-01,2026-07-09,30,True,Urgent,81.7,0,3,0,7,1,28,342
APT-006360,LOC-06,SVC-01,2026-07-11,52,False,Priority,42.4,0,5,1,7,1,28,344
APT-006361,LOC-08,SVC-02,2026-07-10,13,False,Routine,16.7,0,4,0,7,1,28,343
APT-006364,LOC-07,SVC-08,2026-07-10,26,False,Routine,65.6,0,4,0,7,1,28,343
APT-006365,LOC-05,SVC-06,2026-07-09,35,False,Priority,31.0,0,3,0,7,1,28,342
APT-006366,LOC-07,SVC-01,2026-07-09,46,False,Routine,15.3,0,3,0,7,1,28,342
APT-006367,LOC-01,SVC-07,2026-07-10,21,False,Routine,40.6,0,4,0,7,1,28,343
APT-006373,LOC-05,SVC-06,2026-07-11,17,False,Routine,15.3,0,5,1,7,1,28,344
APT-006374,LOC-08,SVC-09,2026-07-10,27,False,Priority,39.1,0,4,0,7,1,28,343
APT-006375,LOC-10,SVC-04,2026-07-09,3,False,Emergency,78.0,0,3,0,7,1,28,342
APT-006376,LOC-01,SVC-03,2026-07-09,29,False,Routine,12.4,0,3,0,7,1,28,342
APT-006379,LOC-07,SVC-03,2026-07-10,33,False,Priority,63.0,0,4,0,7,1,28,343
APT-006380,LOC-01,SVC-01,2026-07-10,12,False,Routine,22.2,0,4,0,7,1,28,343
APT-006383,LOC-06,SVC-03,2026-07-10,29,False,Routine,36.3,0,4,0,7,1,28,343
APT-006387,LOC-09,SVC-08,2026-07-12,38,False,Routine,37.3,0,6,1,7,1,28,345
APT-006389,LOC-03,SVC-02,2026-07-10,27,False,Urgent,29.8,0,4,0,7,1,28,343
APT-006390,LOC-10,SVC-09,2026-07-11,17,False,Routine,14.6,0,5,1,7,1,28,344
APT-006393,LOC-01,SVC-03,2026-07-11,8,False,Routine,40.7,0,5,1,7,1,28,344
APT-006395,LOC-01,SVC-01,2026-07-11,20,False,Routine,35.7,0,5,1,7,1,28,344
APT-006398,LOC-02,SVC-01,2026-07-12,3,False,Priority,66.8,0,6,1,7,1,28,345
APT-006399,LOC-05,SVC-04,2026-07-10,25,False,Urgent,40.7,0,4,0,7,1,28,343
APT-006401,LOC-10,SVC-01,2026-07-10,28,False,Routine,31.4,0,4,0,7,1,28,343
APT-006402,LOC-04,SVC-03,2026-07-10,19,False,Priority,14.3,0,4,0,7,1,28,343
APT-006403,LOC-05,SVC-02,2026-07-11,11,False,Routine,35.0,0,5,1,7,1,28,344
APT-006405,LOC-03,SVC-03,2026-07-11,32,False,Urgent,85.7,0,5,1,7,1,28,344
APT-006406,LOC-08,SVC-09,2026-07-14,26,False,Routine,40.2,0,1,0,7,1,29,347
APT-006409,LOC-03,SVC-05,2026-07-11,28,True,Urgent,87.2,0,5,1,7,1,28,344
APT-006410,LOC-05,SVC-06,2026-07-10,18,False,Routine,44.1,0,4,0,7,1,28,343
APT-006411,LOC-05,SVC-02,2026-07-11,5,False,Routine,36.3,0,5,1,7,1,28,344
APT-006412,LOC-08,SVC-05,2026-07-10,25,False,Urgent,36.2,0,4,0,7,1,28,343
APT-006414,LOC-04,SVC-06,2026-07-11,27,True,Routine,36.7,0,5,1,7,1,28,344
APT-006416,LOC-06,SVC-02,2026-07-11,46,False,Urgent,86.3,0,5,1,7,1,28,344
APT-006418,LOC-10,SVC-09,2026-07-12,34,False,Urgent,77.2,0,6,1,7,1,28,345
APT-006420,LOC-06,SVC-01,2026-07-12,31,True,Routine,9.3,0,6,1,7,1,28,345
APT-006422,LOC-08,SVC-04,2026-07-11,16,False,Routine,18.4,0,5,1,7,1,28,344
APT-006425,LOC-06,SVC-08,2026-07-13,38,False,Routine,14.9,0,0,0,7,1,29,346
APT-006426,LOC-10,SVC-01,2026-07-11,39,False,Routine,15.3,0,5,1,7,1,28,344
APT-006427,LOC-06,SVC-02,2026-07-11,3,False,Routine,35.2,0,5,1,7,1,28,344
APT-006429,LOC-01,SVC-01,2026-07-11,20,False,Emergency,68.5,0,5,1,7,1,28,344
APT-006430,LOC-04,SVC-05,2026-07-11,39,False,Routine,58.9,0,5,1,7,1,28,344
APT-006431,LOC-01,SVC-05,2026-07-13,3,False,Urgent,55.0,0,0,0,7,1,29,346
APT-006432,LOC-09,SVC-01,2026-07-13,48,True,Priority,37.4,0,0,0,7,1,29,346
APT-006435,LOC-07,SVC-06,2026-07-12,49,False,Urgent,51.7,0,6,1,7,1,28,345
APT-006439,LOC-03,SVC-01,2026-07-12,21,False,Emergency,78.7,0,6,1,7,1,28,345
APT-006441,LOC-07,SVC-04,2026-07-13,41,False,Routine,21.2,0,0,0,7,1,29,346
APT-006442,LOC-02,SVC-06,2026-07-12,22,False,Priority,22.5,0,6,1,7,1,28,345
APT-006443,LOC-03,SVC-05,2026-07-12,19,False,Routine,18.6,0,6,1,7,1,28,345
APT-006445,LOC-09,SVC-07,2026-07-12,20,False,Priority,29.6,0,6,1,7,1,28,345
APT-006447,LOC-09,SVC-02,2026-07-13,8,False,Urgent,38.9,0,0,0,7,1,29,346
APT-006448,LOC-07,SVC-02,2026-07-16,32,False,Routine,41.3,0,3,0,7,1,29,349
APT-006452,LOC-04,SVC-04,2026-07-13,3,False,Priority,39.6,0,0,0,7,1,29,346
APT-006453,LOC-01,SVC-02,2026-07-13,33,False,Urgent,43.7,0,0,0,7,1,29,346
APT-006454,LOC-02,SVC-07,2026-07-13,24,False,Urgent,61.5,0,0,0,7,1,29,346
APT-006457,LOC-07,SVC-03,2026-07-14,17,False,Priority,39.5,0,1,0,7,1,29,347
APT-006459,LOC-08,SVC-01,2026-07-13,17,False,Priority,14.8,0,0,0,7,1,29,346
APT-006463,LOC-10,SVC-04,2026-07-13,49,False,Urgent,60.4,0,0,0,7,1,29,346
APT-006465,LOC-04,SVC-04,2026-07-14,24,False,Routine,36.3,0,1,0,7,1,29,347
APT-006466,LOC-07,SVC-03,2026-07-14,32,False,Routine,43.9,0,1,0,7,1,29,347
APT-006467,LOC-04,SVC-06,2026-07-14,14,False,Routine,10.4,0,1,0,7,1,29,347
APT-006468,LOC-06,SVC-05,2026-07-14,29,False,Routine,38.0,0,1,0,7,1,29,347
APT-006469,LOC-06,SVC-06,2026-07-13,31,False,Routine,17.4,0,0,0,7,1,29,346
APT-006471,LOC-09,SVC-01,2026-07-13,16,False,Routine,32.3,0,0,0,7,1,29,346
APT-006472,LOC-10,SVC-01,2026-07-15,18,False,Routine,45.3,0,2,0,7,1,29,348
APT-006473,LOC-04,SVC-06,2026-07-16,5,False,Routine,45.2,0,3,0,7,1,29,349
APT-006474,LOC-10,SVC-05,2026-07-14,36,False,Priority,14.8,0,1,0,7,1,29,347
APT-006476,LOC-08,SVC-08,2026-07-15,36,False,Priority,71.8,0,2,0,7,1,29,348
APT-006478,LOC-04,SVC-01,2026-07-14,27,False,Routine,11.9,0,1,0,7,1,29,347
APT-006479,LOC-10,SVC-07,2026-07-14,35,False,Emergency,90.6,0,1,0,7,1,29,347
APT-006480,LOC-09,SVC-05,2026-07-16,25,False,Routine,20.3,0,3,0,7,1,29,349
APT-006481,LOC-07,SVC-01,2026-07-15,34,False,Routine,21.2,0,2,0,7,1,29,348
APT-006483,LOC-09,SVC-09,2026-07-14,38,False,Priority,18.0,0,1,0,7,1,29,347
APT-006484,LOC-06,SVC-07,2026-07-15,23,False,Urgent,42.1,0,2,0,7,1,29,348
APT-006485,LOC-01,SVC-04,2026-07-14,21,False,Routine,14.2,0,1,0,7,1,29,347
APT-006486,LOC-05,SVC-05,2026-07-14,21,False,Routine,17.4,0,1,0,7,1,29,347
APT-006487,LOC-07,SVC-03,2026-07-17,38,False,Routine,37.4,0,4,0,7,1,29,350
APT-006488,LOC-08,SVC-02,2026-07-15,22,False,Priority,13.1,0,2,0,7,1,29,348
APT-006489,LOC-08,SVC-04,2026-07-15,36,False,Urgent,54.4,0,2,0,7,1,29,348
APT-006492,LOC-06,SVC-05,2026-07-17,45,False,Urgent,80.9,0,4,0,7,1,29,350
APT-006494,LOC-08,SVC-03,2026-07-14,20,False,Urgent,64.3,0,1,0,7,1,29,347
APT-006496,LOC-01,SVC-03,2026-07-14,3,False,Routine,23.4,0,1,0,7,1,29,347
APT-006497,LOC-07,SVC-04,2026-07-16,26,False,Routine,18.7,0,3,0,7,1,29,349
APT-006499,LOC-07,SVC-04,2026-07-14,9,False,Emergency,33.8,0,1,0,7,1,29,347
APT-006500,LOC-08,SVC-04,2026-07-14,3,False,Priority,7.2,0,1,0,7,1,29,347
APT-006503,LOC-04,SVC-02,2026-07-15,3,False,Priority,38.2,0,2,0,7,1,29,348
APT-006504,LOC-02,SVC-01,2026-07-14,3,False,Urgent,32.7,0,1,0,7,1,29,347
APT-006507,LOC-01,SVC-05,2026-07-16,14,False,Routine,10.8,0,3,0,7,1,29,349
APT-006510,LOC-02,SVC-05,2026-07-17,9,False,Routine,34.1,0,4,0,7,1,29,350
APT-006512,LOC-04,SVC-04,2026-07-15,24,False,Priority,57.3,0,2,0,7,1,29,348
APT-006514,LOC-10,SVC-05,2026-07-15,29,False,Emergency,36.3,0,2,0,7,1,29,348
APT-006517,LOC-06,SVC-07,2026-07-15,3,False,Emergency,80.7,0,2,0,7,1,29,348
APT-006519,LOC-03,SVC-06,2026-07-16,27,False,Routine,22.2,0,3,0,7,1,29,349
APT-006521,LOC-02,SVC-05,2026-07-15,20,False,Emergency,36.3,0,2,0,7,1,29,348
APT-006522,LOC-01,SVC-05,2026-07-15,21,False,Priority,70.7,0,2,0,7,1,29,348
APT-006523,LOC-10,SVC-03,2026-07-16,20,False,Routine,11.4,0,3,0,7,1,29,349
APT-006524,LOC-01,SVC-03,2026-07-15,10,True,Emergency,39.8,0,2,0,7,1,29,348
APT-006525,LOC-07,SVC-01,2026-07-15,20,False,Routine,7.0,0,2,0,7,1,29,348
APT-006526,LOC-02,SVC-02,2026-07-15,26,False,Routine,38.9,0,2,0,7,1,29,348
APT-006529,LOC-07,SVC-05,2026-07-16,18,False,Routine,6.3,0,3,0,7,1,29,349
APT-006530,LOC-01,SVC-04,2026-07-15,27,False,Routine,40.5,0,2,0,7,1,29,348
APT-006531,LOC-07,SVC-01,2026-07-16,37,False,Priority,42.8,0,3,0,7,1,29,349
APT-006532,LOC-07,SVC-06,2026-07-15,10,False,Emergency,53.2,0,2,0,7,1,29,348
APT-006533,LOC-02,SVC-03,2026-07-15,38,False,Urgent,12.0,0,2,0,7,1,29,348
APT-006535,LOC-08,SVC-09,2026-07-17,16,False,Routine,29.4,0,4,0,7,1,29,350
APT-006536,LOC-05,SVC-08,2026-07-17,28,False,Routine,15.4,0,4,0,7,1,29,350
APT-006539,LOC-07,SVC-07,2026-07-16,30,True,Routine,8.6,0,3,0,7,1,29,349
APT-006541,LOC-10,SVC-02,2026-07-17,23,False,Routine,37.0,0,4,0,7,1,29,350
APT-006542,LOC-10,SVC-01,2026-07-17,14,False,Routine,21.1,0,4,0,7,1,29,350
APT-006545,LOC-02,SVC-03,2026-07-18,31,False,Priority,47.3,0,5,1,7,1,29,351
APT-006546,LOC-09,SVC-03,2026-07-18,42,False,Priority,35.5,0,5,1,7,1,29,351
APT-006550,LOC-03,SVC-01,2026-07-16,31,True,Urgent,65.6,0,3,0,7,1,29,349
APT-006551,LOC-01,SVC-07,2026-07-16,17,False,Priority,33.6,0,3,0,7,1,29,349
APT-006553,LOC-01,SVC-06,2026-07-17,23,False,Emergency,63.8,0,4,0,7,1,29,350
APT-006554,LOC-01,SVC-05,2026-07-18,46,False,Priority,17.3,0,5,1,7,1,29,351
APT-006556,LOC-04,SVC-03,2026-07-17,4,False,Urgent,74.3,0,4,0,7,1,29,350
APT-006558,LOC-04,SVC-01,2026-07-17,9,False,Emergency,31.8,0,4,0,7,1,29,350
APT-006559,LOC-08,SVC-07,2026-07-17,29,False,Priority,37.6,0,4,0,7,1,29,350
APT-006560,LOC-03,SVC-01,2026-07-17,15,False,Routine,40.5,0,4,0,7,1,29,350
APT-006561,LOC-06,SVC-01,2026-07-18,18,False,Priority,40.1,0,5,1,7,1,29,351
APT-006563,LOC-02,SVC-03,2026-07-17,25,False,Urgent,38.9,0,4,0,7,1,29,350
APT-006566,LOC-08,SVC-09,2026-07-17,27,False,Urgent,35.2,0,4,0,7,1,29,350
APT-006568,LOC-10,SVC-05,2026-07-18,49,False,Routine,24.2,0,5,1,7,1,29,351
APT-006569,LOC-05,SVC-01,2026-07-19,10,False,Routine,51.5,0,6,1,7,1,29,352
APT-006570,LOC-08,SVC-01,2026-07-19,20,False,Routine,34.8,0,6,1,7,1,29,352
APT-006572,LOC-10,SVC-03,2026-07-21,22,False,Routine,16.0,0,1,0,7,1,30,354
APT-006573,LOC-04,SVC-01,2026-07-19,17,False,Urgent,42.9,0,6,1,7,1,29,352
APT-006574,LOC-01,SVC-05,2026-07-18,35,False,Emergency,86.7,0,5,1,7,1,29,351
APT-006575,LOC-10,SVC-03,2026-07-20,14,False,Priority,38.7,0,0,0,7,1,30,353
APT-006576,LOC-04,SVC-05,2026-07-18,11,False,Urgent,59.8,0,5,1,7,1,29,351
APT-006577,LOC-04,SVC-07,2026-07-18,9,False,Emergency,18.0,0,5,1,7,1,29,351
APT-006578,LOC-06,SVC-01,2026-07-21,14,False,Priority,88.1,0,1,0,7,1,30,354
APT-006584,LOC-02,SVC-01,2026-07-20,30,False,Urgent,59.7,0,0,0,7,1,30,353
APT-006585,LOC-01,SVC-05,2026-07-19,22,False,Urgent,65.7,0,6,1,7,1,29,352
APT-006587,LOC-08,SVC-07,2026-07-22,31,False,Routine,41.6,0,2,0,7,1,30,355
APT-006588,LOC-01,SVC-04,2026-07-19,19,False,Routine,4.0,0,6,1,7,1,29,352
APT-006589,LOC-04,SVC-09,2026-07-20,3,False,Routine,14.0,0,0,0,7,1,30,353
APT-006590,LOC-02,SVC-05,2026-07-21,13,False,Priority,8.8,0,1,0,7,1,30,354
APT-006591,LOC-04,SVC-03,2026-07-20,21,False,Urgent,36.3,0,0,0,7,1,30,353
APT-006595,LOC-04,SVC-02,2026-07-20,11,False,Urgent,61.7,0,0,0,7,1,30,353
APT-006596,LOC-02,SVC-01,2026-07-20,15,False,Emergency,60.6,0,0,0,7,1,30,353
APT-006600,LOC-01,SVC-01,2026-07-21,28,False,Priority,73.1,0,1,0,7,1,30,354
APT-006603,LOC-09,SVC-05,2026-07-21,39,False,Routine,25.0,0,1,0,7,1,30,354
APT-006605,LOC-09,SVC-04,2026-07-22,37,False,Priority,34.4,0,2,0,7,1,30,355
APT-006607,LOC-10,SVC-06,2026-07-21,74,False,Priority,44.5,0,1,0,7,1,30,354
APT-006608,LOC-05,SVC-03,2026-07-20,34,False,Routine,41.1,0,0,0,7,1,30,353
APT-006610,LOC-02,SVC-08,2026-07-20,33,False,Routine,13.0,0,0,0,7,1,30,353
APT-006611,LOC-05,SVC-01,2026-07-20,30,False,Urgent,16.5,0,0,0,7,1,30,353
APT-006614,LOC-05,SVC-09,2026-07-20,28,False,Routine,69.8,0,0,0,7,1,30,353
APT-006615,LOC-05,SVC-02,2026-07-21,22,False,Routine,16.6,0,1,0,7,1,30,354
APT-006616,LOC-01,SVC-03,2026-07-20,16,False,Priority,54.6,0,0,0,7,1,30,353
APT-006618,LOC-05,SVC-05,2026-07-21,9,False,Routine,27.7,0,1,0,7,1,30,354
APT-006619,LOC-10,SVC-04,2026-07-21,34,False,Routine,59.1,0,1,0,7,1,30,354
APT-006620,LOC-08,SVC-01,2026-07-21,25,False,Routine,13.8,0,1,0,7,1,30,354
APT-006621,LOC-04,SVC-09,2026-07-21,22,False,Priority,12.0,0,1,0,7,1,30,354
APT-006622,LOC-05,SVC-02,2026-07-21,8,False,Routine,19.2,0,1,0,7,1,30,354
APT-006623,LOC-02,SVC-05,2026-07-22,29,False,Routine,20.2,0,2,0,7,1,30,355
APT-006624,LOC-01,SVC-05,2026-07-22,33,False,Urgent,84.8,0,2,0,7,1,30,355
APT-006626,LOC-05,SVC-02,2026-07-22,36,False,Routine,18.1,0,2,0,7,1,30,355
APT-006627,LOC-01,SVC-01,2026-07-23,13,False,Priority,36.5,0,3,0,7,1,30,356
APT-006628,LOC-05,SVC-03,2026-07-22,24,False,Urgent,60.5,0,2,0,7,1,30,355
APT-006629,LOC-03,SVC-09,2026-07-22,31,False,Routine,35.2,0,2,0,7,1,30,355
APT-006630,LOC-10,SVC-02,2026-07-22,3,False,Routine,8.4,0,2,0,7,1,30,355
APT-006632,LOC-09,SVC-02,2026-07-21,25,False,Priority,37.2,0,1,0,7,1,30,354
APT-006634,LOC-03,SVC-01,2026-07-21,3,False,Priority,17.1,0,1,0,7,1,30,354
APT-006635,LOC-05,SVC-07,2026-07-21,17,False,Priority,19.2,0,1,0,7,1,30,354
APT-006636,LOC-10,SVC-05,2026-07-23,7,False,Routine,42.9,0,3,0,7,1,30,356
APT-006639,LOC-02,SVC-09,2026-07-22,32,False,Urgent,94.2,0,2,0,7,1,30,355
APT-006641,LOC-01,SVC-05,2026-07-22,47,False,Priority,31.8,0,2,0,7,1,30,355
APT-006642,LOC-07,SVC-04,2026-07-23,3,False,Routine,31.4,0,3,0,7,1,30,356
APT-006644,LOC-08,SVC-01,2026-07-22,35,False,Urgent,43.5,0,2,0,7,1,30,355
APT-006645,LOC-03,SVC-08,2026-07-22,39,False,Priority,13.2,0,2,0,7,1,30,355
APT-006650,LOC-06,SVC-08,2026-07-23,37,False,Routine,29.8,0,3,0,7,1,30,356
APT-006652,LOC-03,SVC-01,2026-07-22,28,False,Routine,8.0,0,2,0,7,1,30,355
APT-006653,LOC-03,SVC-01,2026-07-23,18,False,Routine,15.7,0,3,0,7,1,30,356
APT-006656,LOC-08,SVC-06,2026-07-22,32,False,Routine,14.4,0,2,0,7,1,30,355
APT-006658,LOC-08,SVC-01,2026-07-23,42,False,Priority,15.3,0,3,0,7,1,30,356
APT-006663,LOC-04,SVC-01,2026-07-24,13,False,Routine,14.2,0,4,0,7,1,30,357
APT-006664,LOC-08,SVC-08,2026-07-23,41,False,Urgent,33.8,0,3,0,7,1,30,356
APT-006666,LOC-01,SVC-03,2026-07-24,18,False,Priority,31.3,0,4,0,7,1,30,357
APT-006667,LOC-04,SVC-06,2026-07-25,26,False,Routine,36.5,0,5,1,7,1,30,358
APT-006668,LOC-09,SVC-06,2026-07-23,24,False,Urgent,66.3,0,3,0,7,1,30,356
APT-006669,LOC-05,SVC-05,2026-07-23,27,False,Emergency,36.5,0,3,0,7,1,30,356
APT-006670,LOC-03,SVC-06,2026-07-23,25,False,Urgent,17.2,0,3,0,7,1,30,356
APT-006671,LOC-09,SVC-04,2026-07-24,3,False,Routine,17.0,0,4,0,7,1,30,357
APT-006674,LOC-10,SVC-05,2026-07-26,13,False,Routine,36.3,0,6,1,7,1,30,359
APT-006676,LOC-08,SVC-04,2026-07-23,26,False,Routine,17.8,0,3,0,7,1,30,356
APT-006681,LOC-07,SVC-05,2026-07-25,53,False,Routine,42.9,0,5,1,7,1,30,358
APT-006685,LOC-06,SVC-01,2026-07-23,12,False,Priority,88.4,0,3,0,7,1,30,356
APT-006686,LOC-06,SVC-08,2026-07-25,33,False,Priority,33.0,0,5,1,7,1,30,358
APT-006687,LOC-05,SVC-01,2026-07-25,29,False,Routine,42.4,0,5,1,7,1,30,358
APT-006688,LOC-07,SVC-01,2026-07-24,38,False,Emergency,67.1,0,4,0,7,1,30,357
APT-006689,LOC-09,SVC-01,2026-07-24,11,False,Priority,39.2,0,4,0,7,1,30,357
APT-006691,LOC-04,SVC-05,2026-07-24,27,False,Urgent,82.2,0,4,0,7,1,30,357
APT-006695,LOC-10,SVC-08,2026-07-24,50,False,Priority,36.3,0,4,0,7,1,30,357
APT-006698,LOC-05,SVC-05,2026-07-26,30,False,Routine,30.3,0,6,1,7,1,30,359
APT-006701,LOC-10,SVC-08,2026-07-24,46,False,Routine,1.0,0,4,0,7,1,30,357
APT-006702,LOC-06,SVC-03,2026-07-25,23,False,Priority,36.3,0,5,1,7,1,30,358
APT-006704,LOC-03,SVC-05,2026-07-24,33,False,Routine,18.2,0,4,0,7,1,30,357
APT-006705,LOC-07,SVC-05,2026-07-24,24,False,Priority,41.4,0,4,0,7,1,30,357
APT-006708,LOC-09,SVC-08,2026-07-27,28,False,Routine,41.7,0,0,0,7,1,31,360
APT-006709,LOC-08,SVC-09,2026-07-26,36,False,Priority,20.6,0,6,1,7,1,30,359
APT-006712,LOC-01,SVC-06,2026-07-25,46,True,Routine,14.3,0,5,1,7,1,30,358
APT-006713,LOC-02,SVC-04,2026-07-25,25,False,Routine,16.8,0,5,1,7,1,30,358
APT-006715,LOC-10,SVC-07,2026-07-25,8,False,Routine,21.1,0,5,1,7,1,30,358
APT-006716,LOC-03,SVC-01,2026-07-25,6,False,Urgent,31.2,0,5,1,7,1,30,358
APT-006719,LOC-06,SVC-01,2026-07-25,3,False,Urgent,55.3,0,5,1,7,1,30,358
APT-006720,LOC-07,SVC-02,2026-07-26,30,False,Routine,36.3,0,6,1,7,1,30,359
APT-006721,LOC-02,SVC-07,2026-07-26,8,False,Urgent,51.6,0,6,1,7,1,30,359
APT-006722,LOC-03,SVC-06,2026-07-26,10,False,Priority,33.6,0,6,1,7,1,30,359
APT-006724,LOC-06,SVC-01,2026-07-26,23,False,Urgent,85.0,0,6,1,7,1,30,359
APT-006726,LOC-02,SVC-06,2026-07-26,12,True,Urgent,12.0,0,6,1,7,1,30,359
APT-006728,LOC-06,SVC-07,2026-07-25,21,False,Urgent,61.4,0,5,1,7,1,30,358
APT-006729,LOC-06,SVC-01,2026-07-26,32,False,Routine,20.6,0,6,1,7,1,30,359
APT-006730,LOC-07,SVC-04,2026-07-25,17,False,Routine,18.0,0,5,1,7,1,30,358
APT-006731,LOC-01,SVC-06,2026-07-25,19,False,Urgent,34.1,0,5,1,7,1,30,358
APT-006732,LOC-05,SVC-04,2026-07-28,15,False,Routine,44.8,0,1,0,7,1,31,361
APT-006733,LOC-01,SVC-01,2026-07-31,3,False,Routine,12.8,0,4,0,7,1,31,364
APT-006735,LOC-03,SVC-05,2026-07-26,17,True,Routine,12.9,0,6,1,7,1,30,359
APT-006737,LOC-03,SVC-03,2026-07-26,26,False,Routine,36.4,0,6,1,7,1,30,359
APT-006739,LOC-01,SVC-05,2026-07-28,25,False,Routine,7.3,0,1,0,7,1,31,361
APT-006741,LOC-07,SVC-07,2026-07-29,42,False,Routine,4.3,0,2,0,7,1,31,362
APT-006742,LOC-06,SVC-06,2026-07-26,44,False,Routine,9.7,0,6,1,7,1,30,359
APT-006744,LOC-09,SVC-08,2026-07-28,25,False,Urgent,38.0,0,1,0,7,1,31,361
APT-006748,LOC-09,SVC-08,2026-07-29,36,False,Urgent,39.3,0,2,0,7,1,31,362
APT-006750,LOC-04,SVC-01,2026-07-28,24,False,Routine,14.1,0,1,0,7,1,31,361
APT-006751,LOC-06,SVC-02,2026-07-27,13,False,Priority,40.6,0,0,0,7,1,31,360
APT-006755,LOC-01,SVC-05,2026-07-28,21,False,Routine,39.0,0,1,0,7,1,31,361
APT-006756,LOC-05,SVC-01,2026-07-27,19,False,Priority,59.4,0,0,0,7,1,31,360
APT-006761,LOC-09,SVC-03,2026-07-28,24,False,Routine,24.2,0,1,0,7,1,31,361
APT-006766,LOC-03,SVC-07,2026-07-29,14,False,Routine,40.9,0,2,0,7,1,31,362
APT-006767,LOC-02,SVC-08,2026-07-28,20,False,Priority,59.1,0,1,0,7,1,31,361
APT-006770,LOC-05,SVC-01,2026-07-28,25,False,Priority,8.7,0,1,0,7,1,31,361
APT-006772,LOC-04,SVC-05,2026-07-28,6,False,Routine,36.3,0,1,0,7,1,31,361
APT-006773,LOC-04,SVC-07,2026-07-28,25,False,Urgent,30.7,0,1,0,7,1,31,361
APT-006775,LOC-05,SVC-03,2026-07-31,34,False,Routine,66.5,0,4,0,7,1,31,364
APT-006776,LOC-07,SVC-02,2026-07-28,3,False,Urgent,91.5,0,1,0,7,1,31,361
APT-006777,LOC-02,SVC-09,2026-07-30,29,False,Priority,46.3,0,3,0,7,1,31,363
APT-006778,LOC-08,SVC-03,2026-07-29,4,False,Routine,6.0,0,2,0,7,1,31,362
APT-006779,LOC-10,SVC-02,2026-07-28,34,False,Priority,60.2,0,1,0,7,1,31,361
APT-006780,LOC-01,SVC-06,2026-07-28,9,False,Emergency,61.7,0,1,0,7,1,31,361
APT-006781,LOC-02,SVC-07,2026-07-28,20,False,Urgent,87.5,0,1,0,7,1,31,361
APT-006782,LOC-07,SVC-03,2026-07-28,29,False,Urgent,56.0,0,1,0,7,1,31,361
APT-006784,LOC-10,SVC-01,2026-07-31,30,False,Priority,60.9,0,4,0,7,1,31,364
APT-006788,LOC-07,SVC-09,2026-07-28,48,False,Urgent,56.8,0,1,0,7,1,31,361
APT-006790,LOC-04,SVC-07,2026-07-30,9,False,Routine,14.0,0,3,0,7,1,31,363
APT-006791,LOC-06,SVC-01,2026-07-30,20,False,Routine,11.4,0,3,0,7,1,31,363
APT-006792,LOC-10,SVC-05,2026-07-29,17,False,Routine,17.3,0,2,0,7,1,31,362
APT-006793,LOC-01,SVC-01,2026-07-29,21,False,Priority,16.0,0,2,0,7,1,31,362
APT-006794,LOC-10,SVC-01,2026-07-29,21,False,Urgent,12.2,0,2,0,7,1,31,362
APT-006796,LOC-09,SVC-01,2026-07-30,28,False,Routine,7.0,0,3,0,7,1,31,363
APT-006797,LOC-01,SVC-09,2026-07-29,39,False,Priority,11.5,0,2,0,7,1,31,362
APT-006798,LOC-06,SVC-03,2026-07-31,59,False,Priority,31.3,0,4,0,7,1,31,364
APT-006800,LOC-02,SVC-03,2026-07-29,14,False,Routine,18.0,0,2,0,7,1,31,362
APT-006802,LOC-03,SVC-03,2026-07-30,25,False,Routine,36.9,0,3,0,7,1,31,363
APT-006803,LOC-06,SVC-01,2026-07-29,25,False,Priority,32.5,0,2,0,7,1,31,362
APT-006805,LOC-01,SVC-07,2026-07-31,10,False,Routine,19.2,0,4,0,7,1,31,364
APT-006809,LOC-02,SVC-03,2026-07-29,29,False,Priority,23.4,0,2,0,7,1,31,362
APT-006810,LOC-07,SVC-07,2026-07-29,23,False,Urgent,36.1,0,2,0,7,1,31,362
APT-006812,LOC-09,SVC-02,2026-07-29,46,True,Priority,6.7,0,2,0,7,1,31,362
APT-006816,LOC-02,SVC-03,2026-07-30,39,False,Priority,8.6,0,3,0,7,1,31,363
APT-006817,LOC-07,SVC-02,2026-08-02,29,False,Priority,38.7,0,6,1,8,1,31,366
APT-006820,LOC-08,SVC-03,2026-07-31,34,False,Routine,16.1,0,4,0,7,1,31,364
APT-006821,LOC-06,SVC-08,2026-07-31,28,False,Urgent,68.1,0,4,0,7,1,31,364
APT-006823,LOC-01,SVC-03,2026-07-30,12,False,Urgent,43.4,0,3,0,7,1,31,363
APT-006824,LOC-05,SVC-01,2026-07-30,30,False,Priority,2.3,0,3,0,7,1,31,363
APT-006826,LOC-05,SVC-06,2026-07-30,23,False,Urgent,62.5,0,3,0,7,1,31,363
APT-006827,LOC-05,SVC-01,2026-07-31,18,False,Routine,39.7,0,4,0,7,1,31,364
APT-006830,LOC-01,SVC-09,2026-08-01,22,False,Priority,38.1,0,5,1,8,1,31,365
APT-006832,LOC-08,SVC-05,2026-07-30,15,False,Emergency,85.1,0,3,0,7,1,31,363
APT-006833,LOC-09,SVC-04,2026-08-01,31,False,Priority,4.1,0,5,1,8,1,31,365
APT-006835,LOC-06,SVC-04,2026-08-01,7,False,Priority,62.5,0,5,1,8,1,31,365
APT-006837,LOC-10,SVC-01,2026-07-30,24,False,Priority,5.5,0,3,0,7,1,31,363
APT-006838,LOC-01,SVC-09,2026-08-01,18,False,Priority,16.1,0,5,1,8,1,31,365
APT-006839,LOC-04,SVC-09,2026-07-30,29,False,Priority,33.6,0,3,0,7,1,31,363
APT-006841,LOC-04,SVC-07,2026-08-01,41,False,Routine,44.1,0,5,1,8,1,31,365
APT-006842,LOC-08,SVC-06,2026-08-06,16,False,Priority,68.8,0,3,0,8,1,32,370
APT-006843,LOC-02,SVC-02,2026-07-31,35,False,Routine,39.3,0,4,0,7,1,31,364
APT-006845,LOC-09,SVC-05,2026-07-31,18,False,Emergency,89.3,0,4,0,7,1,31,364
APT-006847,LOC-09,SVC-02,2026-08-01,15,False,Priority,91.3,0,5,1,8,1,31,365
APT-006848,LOC-01,SVC-01,2026-08-01,9,True,Routine,35.9,0,5,1,8,1,31,365
APT-006849,LOC-06,SVC-01,2026-08-04,18,False,Priority,65.9,0,1,0,8,1,32,368
APT-006851,LOC-04,SVC-05,2026-08-01,14,False,Urgent,63.6,0,5,1,8,1,31,365
APT-006852,LOC-06,SVC-01,2026-07-31,40,False,Routine,18.0,0,4,0,7,1,31,364
APT-006853,LOC-08,SVC-01,2026-08-01,36,False,Routine,72.6,0,5,1,8,1,31,365
APT-006854,LOC-09,SVC-03,2026-07-31,24,True,Routine,15.4,0,4,0,7,1,31,364
APT-006855,LOC-01,SVC-01,2026-07-31,5,False,Priority,18.8,0,4,0,7,1,31,364
APT-006856,LOC-04,SVC-03,2026-08-01,13,False,Priority,20.4,0,5,1,8,1,31,365
APT-006858,LOC-08,SVC-01,2026-08-01,5,False,Priority,41.2,0,5,1,8,1,31,365
APT-006860,LOC-01,SVC-05,2026-08-01,28,False,Urgent,46.5,0,5,1,8,1,31,365
APT-006861,LOC-06,SVC-08,2026-08-03,37,False,Priority,64.9,0,0,0,8,1,32,367
APT-006864,LOC-09,SVC-04,2026-07-31,38,False,Routine,13.2,0,4,0,7,1,31,364
APT-006152,LOC-02,SVC-07,2026-06-30,27,False,Urgent,63.6,0,1,0,6,1,27,333
APT-006171,LOC-10,SVC-09,2026-07-02,72,False,Routine,14.0,0,3,0,7,1,27,335
APT-006195,LOC-10,SVC-02,2026-07-02,35,False,Priority,17.2,0,3,0,7,1,27,335
APT-006207,LOC-03,SVC-06,2026-07-03,16,False,Priority,36.3,0,4,0,7,1,27,336
APT-006208,LOC-04,SVC-01,2026-07-02,10,False,Urgent,85.4,0,3,0,7,1,27,335
APT-006217,LOC-10,SVC-01,2026-07-03,24,False,Priority,36.8,0,4,0,7,1,27,336
APT-006227,LOC-08,SVC-09,2026-07-03,16,False,Priority,36.3,0,4,0,7,1,27,336
APT-006232,LOC-03,SVC-05,2026-07-03,7,False,Routine,18.0,0,4,0,7,1,27,336
APT-006262,LOC-03,SVC-03,2026-07-05,33,False,Routine,15.9,0,6,1,7,1,27,338
APT-006267,LOC-07,SVC-07,2026-07-05,8,False,Routine,45.7,0,6,1,7,1,27,338
APT-006279,LOC-04,SVC-06,2026-07-06,27,False,Urgent,70.0,0,0,0,7,1,28,339
APT-006280,LOC-02,SVC-03,2026-07-07,15,False,Priority,87.6,0,1,0,7,1,28,340
APT-006296,LOC-09,SVC-07,2026-07-09,28,False,Routine,48.7,0,3,0,7,1,28,342
APT-006310,LOC-07,SVC-07,2026-07-07,30,False,Priority,35.9,0,1,0,7,1,28,340
APT-006336,LOC-01,SVC-01,2026-07-08,3,False,Priority,29.5,0,2,0,7,1,28,341
APT-006348,LOC-07,SVC-09,2026-07-09,50,False,Routine,23.0,0,3,0,7,1,28,342
APT-006368,LOC-04,SVC-03,2026-07-09,16,True,Urgent,36.3,0,3,0,7,1,28,342
APT-006397,LOC-06,SVC-08,2026-07-11,25,False,Priority,65.1,0,5,1,7,1,28,344
APT-006408,LOC-02,SVC-06,2026-07-11,20,False,Routine,39.7,0,5,1,7,1,28,344
APT-006428,LOC-01,SVC-02,2026-07-11,19,False,Priority,6.8,0,5,1,7,1,28,344
APT-006450,LOC-10,SVC-01,2026-07-16,21,False,Routine,7.7,0,3,0,7,1,29,349
APT-006456,LOC-01,SVC-07,2026-07-13,24,False,Priority,20.0,0,0,0,7,1,29,346
APT-006495,LOC-06,SVC-02,2026-07-15,26,False,Urgent,34.0,0,2,0,7,1,29,348
APT-006505,LOC-08,SVC-04,2026-07-14,23,False,Priority,21.1,0,1,0,7,1,29,347
APT-006509,LOC-07,SVC-08,2026-07-15,45,False,Priority,67.7,0,2,0,7,1,29,348
APT-006518,LOC-06,SVC-09,2026-07-16,24,False,Routine,26.0,0,3,0,7,1,29,349
APT-006528,LOC-06,SVC-08,2026-07-16,33,False,Routine,21.9,0,3,0,7,1,29,349
APT-006534,LOC-04,SVC-01,2026-07-19,10,False,Routine,40.4,0,6,1,7,1,29,352
APT-006547,LOC-02,SVC-05,2026-07-16,20,False,Routine,65.3,0,3,0,7,1,29,349
APT-006552,LOC-03,SVC-01,2026-07-17,33,False,Routine,36.6,0,4,0,7,1,29,350
APT-006555,LOC-07,SVC-02,2026-07-20,31,False,Routine,71.4,0,0,0,7,1,30,353
APT-006606,LOC-10,SVC-07,2026-07-21,9,False,Routine,13.9,0,1,0,7,1,30,354
APT-006638,LOC-07,SVC-08,2026-07-21,19,False,Routine,14.4,0,1,0,7,1,30,354
APT-006640,LOC-10,SVC-05,2026-07-23,16,False,Urgent,67.0,0,3,0,7,1,30,356
APT-006654,LOC-02,SVC-02,2026-07-22,19,False,Urgent,61.7,0,2,0,7,1,30,355
APT-006657,LOC-06,SVC-02,2026-07-23,14,False,Routine,31.5,0,3,0,7,1,30,356
APT-006679,LOC-10,SVC-05,2026-07-23,3,False,Priority,14.7,0,3,0,7,1,30,356
APT-006680,LOC-01,SVC-07,2026-07-23,35,False,Urgent,66.1,0,3,0,7,1,30,356
APT-006683,LOC-08,SVC-04,2026-07-24,10,False,Routine,9.5,0,4,0,7,1,30,357
APT-006697,LOC-10,SVC-06,2026-07-25,47,False,Routine,12.6,0,5,1,7,1,30,358
APT-006711,LOC-03,SVC-01,2026-07-24,25,False,Routine,84.0,0,4,0,7,1,30,357
APT-006740,LOC-01,SVC-05,2026-07-26,28,False,Routine,32.7,0,6,1,7,1,30,359
APT-006745,LOC-07,SVC-02,2026-07-29,36,False,Priority,34.4,0,2,0,7,1,31,362
APT-006759,LOC-02,SVC-01,2026-07-27,28,False,Priority,15.0,0,0,0,7,1,31,360
APT-006783,LOC-02,SVC-02,2026-07-31,38,False,Routine,44.2,0,4,0,7,1,31,364
APT-006789,LOC-07,SVC-04,2026-07-29,47,False,Routine,37.0,0,2,0,7,1,31,362
APT-006801,LOC-08,SVC-07,2026-07-30,3,False,Priority,39.8,0,3,0,7,1,31,363
APT-006808,LOC-02,SVC-06,2026-07-29,4,False,Routine,41.3,0,2,0,7,1,31,362
APT-006811,LOC-10,SVC-03,2026-07-29,44,False,Emergency,85.8,0,2,0,7,1,31,362
APT-006814,LOC-06,SVC-03,2026-07-31,21,False,Priority,14.0,0,4,0,7,1,31,364
APT-006818,LOC-03,SVC-03,2026-07-30,26,False,Priority,38.2,0,3,0,7,1,31,363
APT-006859,LOC-01,SVC-07,2026-08-02,13,False,Routine,12.3,0,6,1,8,1,31,366
