request_id,location_id,service_type_id,urgency,requested_by,requested_channel,requested_date,complexity_score,complexity_tier,day_of_week,is_weekend,month,is_winter,week_of_year,day_index
REQ-000001,LOC-05,SVC-02,Routine,Client,Portal,2025-08-01,34.2,Medium,4,0,8,1,31,0
REQ-000002,LOC-05,SVC-01,Routine,Client,Phone,2025-08-01,35.2,Medium,4,0,8,1,31,0
REQ-000003,LOC-05,SVC-01,Routine,Client,Phone,2025-08-01,9.9,Low,4,0,8,1,31,0
REQ-000004,LOC-10,SVC-02,Routine,Case Manager,Portal,2025-08-01,85.4,Critical,4,0,8,1,31,0
REQ-000005,LOC-10,SVC-02,Urgent,Case Manager,Portal,2025-08-01,26.6,Low,4,0,8,1,31,0
REQ-000006,LOC-07,SVC-07,Priority,Client,Portal,2025-08-01,71.5,High,4,0,8,1,31,0
REQ-000009,LOC-06,SVC-07,Routine,Family Member,Phone,2025-08-01,62.1,High,4,0,8,1,31,0
REQ-000011,LOC-08,SVC-06,Routine,Client,Portal,2025-08-01,15.8,Low,4,0,8,1,31,0
REQ-000012,LOC-02,SVC-07,Routine,Client,Portal,2025-08-01,37.6,Medium,4,0,8,1,31,0
REQ-000013,LOC-07,SVC-09,Priority,GP / Clinician,Phone,2025-08-01,57.2,High,4,0,8,1,31,0
REQ-000015,LOC-10,SVC-05,Routine,Family Member,Phone,2025-08-01,65.1,High,4,0,8,1,31,0
REQ-000016,LOC-03,SVC-04,Priority,Client,Portal,2025-08-01,7.6,Low,4,0,8,1,31,0
REQ-000017,LOC-09,SVC-03,Routine,Client,Portal,2025-08-01,12.3,Low,4,0,8,1,31,0
REQ-000018,LOC-10,SVC-04,Urgent,Client,Phone,2025-08-01,11.8,Low,4,0,8,1,31,0
REQ-000020,LOC-01,SVC-07,Priority,Case Manager,Phone,2025-08-01,42.9,Medium,4,0,8,1,31,0
REQ-000021,LOC-06,SVC-09,Routine,Client,Case Manager,2025-08-01,37.8,Medium,4,0,8,1,31,0
REQ-000022,LOC-09,SVC-05,Routine,Family Member,Phone,2025-08-01,41.1,Medium,4,0,8,1,31,0
REQ-000023,LOC-02,SVC-01,Priority,Client,Phone,2025-08-02,38.3,Medium,5,1,8,1,31,1
REQ-000024,LOC-06,SVC-03,Priority,Family Member,Referral,2025-08-02,33.4,Medium,5,1,8,1,31,1
REQ-000026,LOC-07,SVC-01,Routine,Client,Portal,2025-08-02,12.8,Low,5,1,8,1,31,1
REQ-000027,LOC-01,SVC-04,Routine,Client,Phone,2025-08-02,54.7,High,5,1,8,1,31,1
REQ-000028,LOC-03,SVC-05,Emergency,Case Manager,Referral,2025-08-02,69.4,High,5,1,8,1,31,1
REQ-000029,LOC-03,SVC-09,Priority,Client,Portal,2025-08-02,7.8,Low,5,1,8,1,31,1
REQ-000030,LOC-01,SVC-01,Routine,Family Member,Phone,2025-08-02,34.2,Low,5,1,8,1,31,1
REQ-000031,LOC-04,SVC-01,Routine,GP / Clinician,Referral,2025-08-02,88.0,Critical,5,1,8,1,31,1
REQ-000033,LOC-05,SVC-02,Routine,Client,Phone,2025-08-02,46.5,Medium,5,1,8,1,31,1
REQ-000034,LOC-05,SVC-07,Urgent,Client,Phone,2025-08-03,34.6,Medium,6,1,8,1,31,2
REQ-000035,LOC-06,SVC-02,Routine,Case Manager,Phone,2025-08-03,36.5,Medium,6,1,8,1,31,2
REQ-000036,LOC-07,SVC-03,Priority,Client,Referral,2025-08-03,34.4,Medium,6,1,8,1,31,2
REQ-000037,LOC-01,SVC-02,Priority,Case Manager,Portal,2025-08-03,35.4,Medium,6,1,8,1,31,2
REQ-000038,LOC-06,SVC-01,Routine,Client,Phone,2025-08-03,29.4,Medium,6,1,8,1,31,2
REQ-000039,LOC-02,SVC-07,Urgent,Case Manager,Referral,2025-08-03,76.1,High,6,1,8,1,31,2
REQ-000041,LOC-09,SVC-06,Routine,Client,Phone,2025-08-03,26.2,Medium,6,1,8,1,31,2
REQ-000042,LOC-06,SVC-06,Priority,Client,Case Manager,2025-08-03,65.8,High,6,1,8,1,31,2
REQ-000043,LOC-10,SVC-04,Routine,Case Manager,Phone,2025-08-04,11.7,Low,0,0,8,1,32,3
REQ-000044,LOC-02,SVC-01,Urgent,Family Member,Phone,2025-08-04,54.7,High,0,0,8,1,32,3
REQ-000045,LOC-10,SVC-01,Routine,Client,Case Manager,2025-08-04,42.1,Medium,0,0,8,1,32,3
REQ-000046,LOC-08,SVC-02,Priority,Client,Phone,2025-08-04,44.9,Medium,0,0,8,1,32,3
REQ-000047,LOC-10,SVC-08,Priority,Client,Referral,2025-08-04,36.1,Medium,0,0,8,1,32,3
REQ-000048,LOC-07,SVC-05,Priority,Client,Phone,2025-08-04,39.4,Medium,0,0,8,1,32,3
REQ-000049,LOC-07,SVC-02,Priority,Client,Referral,2025-08-04,53.3,High,0,0,8,1,32,3
REQ-000050,LOC-01,SVC-07,Routine,Family Member,Referral,2025-08-04,68.4,High,0,0,8,1,32,3
REQ-000051,LOC-07,SVC-05,Routine,Client,Portal,2025-08-04,42.8,Medium,0,0,8,1,32,3
REQ-000052,LOC-08,SVC-07,Priority,Client,Referral,2025-08-04,62.2,High,0,0,8,1,32,3
REQ-000053,LOC-07,SVC-09,Priority,Family Member,Referral,2025-08-04,46.6,Medium,0,0,8,1,32,3
REQ-000054,LOC-04,SVC-03,Routine,Client,Portal,2025-08-04,34.3,Medium,0,0,8,1,32,3
REQ-000055,LOC-06,SVC-03,Priority,Case Manager,Case Manager,2025-08-04,69.8,High,0,0,8,1,32,3
REQ-000056,LOC-04,SVC-08,Priority,Client,Portal,2025-08-04,7.5,Low,0,0,8,1,32,3
REQ-000057,LOC-08,SVC-05,Priority,Case Manager,Phone,2025-08-04,65.7,High,0,0,8,1,32,3
REQ-000058,LOC-01,SVC-07,Urgent,Family Member,Phone,2025-08-04,14.2,Low,0,0,8,1,32,3
REQ-000059,LOC-01,SVC-03,Routine,Case Manager,Portal,2025-08-04,30.5,Medium,0,0,8,1,32,3
REQ-000060,LOC-01,SVC-02,Priority,Family Member,Referral,2025-08-04,61.0,High,0,0,8,1,32,3
REQ-000061,LOC-02,SVC-01,Priority,GP / Clinician,Phone,2025-08-04,91.8,Critical,0,0,8,1,32,3
REQ-000062,LOC-06,SVC-05,Routine,Client,Phone,2025-08-04,45.2,Medium,0,0,8,1,32,3
REQ-000064,LOC-01,SVC-01,Routine,Client,Referral,2025-08-04,41.2,Medium,0,0,8,1,32,3
REQ-000065,LOC-08,SVC-05,Emergency,Family Member,Phone,2025-08-04,79.6,Critical,0,0,8,1,32,3
REQ-000066,LOC-08,SVC-02,Routine,Family Member,Portal,2025-08-04,3.2,Low,0,0,8,1,32,3
REQ-000067,LOC-03,SVC-04,Priority,Case Manager,Referral,2025-08-04,36.6,Medium,0,0,8,1,32,3
REQ-000069,LOC-08,SVC-02,Routine,Family Member,Portal,2025-08-05,10.4,Low,1,0,8,1,32,4
REQ-000070,LOC-04,SVC-05,Routine,Client,Portal,2025-08-05,17.7,Low,1,0,8,1,32,4
REQ-000071,LOC-08,SVC-01,Emergency,Family Member,Portal,2025-08-05,12.4,Low,1,0,8,1,32,4
REQ-000072,LOC-01,SVC-03,Urgent,Case Manager,Referral,2025-08-05,64.4,High,1,0,8,1,32,4
REQ-000073,LOC-06,SVC-05,Routine,Family Member,Portal,2025-08-05,31.8,Medium,1,0,8,1,32,4
REQ-000074,LOC-06,SVC-01,Priority,Family Member,Case Manager,2025-08-05,89.3,Critical,1,0,8,1,32,4
REQ-000075,LOC-02,SVC-03,Priority,GP / Clinician,Case Manager,2025-08-05,52.9,High,1,0,8,1,32,4
REQ-000076,LOC-03,SVC-07,Routine,Client,Portal,2025-08-05,21.0,Low,1,0,8,1,32,4
REQ-000078,LOC-10,SVC-06,Priority,Case Manager,Referral,2025-08-05,57.7,High,1,0,8,1,32,4
REQ-000079,LOC-03,SVC-01,Urgent,Family Member,Phone,2025-08-05,84.0,Critical,1,0,8,1,32,4
REQ-000080,LOC-01,SVC-01,Routine,Family Member,Portal,2025-08-05,37.2,Medium,1,0,8,1,32,4
REQ-000081,LOC-03,SVC-02,Urgent,Case Manager,Phone,2025-08-05,46.3,Medium,1,0,8,1,32,4
REQ-000082,LOC-06,SVC-05,Emergency,Client,Portal,2025-08-05,51.0,High,1,0,8,1,32,4
REQ-000083,LOC-05,SVC-01,Routine,Family Member,Referral,2025-08-05,70.3,High,1,0,8,1,32,4
REQ-000084,LOC-06,SVC-01,Urgent,Client,Case Manager,2025-08-05,32.5,Medium,1,0,8,1,32,4
REQ-000086,LOC-10,SVC-09,Routine,Client,Case Manager,2025-08-05,12.2,Low,1,0,8,1,32,4
REQ-000087,LOC-09,SVC-02,Priority,Case Manager,Phone,2025-08-05,40.4,Medium,1,0,8,1,32,4
REQ-000088,LOC-07,SVC-05,Routine,Family Member,Case Manager,2025-08-05,8.5,Low,1,0,8,1,32,4
REQ-000089,LOC-07,SVC-05,Routine,Client,Phone,2025-08-05,17.1,Low,1,0,8,1,32,4
REQ-000090,LOC-03,SVC-08,Routine,Client,Portal,2025-08-05,16.0,Low,1,0,8,1,32,4
REQ-000091,LOC-10,SVC-03,Routine,Client,Portal,2025-08-05,24.5,Low,1,0,8,1,32,4
REQ-000092,LOC-08,SVC-01,Routine,Family Member,Phone,2025-08-05,58.1,High,1,0,8,1,32,4
REQ-000093,LOC-02,SVC-04,Priority,Case Manager,Referral,2025-08-05,67.4,High,1,0,8,1,32,4
REQ-000094,LOC-03,SVC-05,Routine,Case Manager,Phone,2025-08-05,37.4,Medium,1,0,8,1,32,4
REQ-000095,LOC-04,SVC-05,Routine,Family Member,Portal,2025-08-05,14.9,Low,1,0,8,1,32,4
REQ-000096,LOC-04,SVC-02,Priority,Client,Referral,2025-08-06,40.3,Medium,2,0,8,1,32,5
REQ-000097,LOC-10,SVC-05,Priority,Family Member,Phone,2025-08-06,41.5,Medium,2,0,8,1,32,5
REQ-000098,LOC-01,SVC-09,Routine,Case Manager,Case Manager,2025-08-06,10.0,Low,2,0,8,1,32,5
REQ-000099,LOC-09,SVC-05,Routine,Client,Portal,2025-08-06,41.3,Medium,2,0,8,1,32,5
REQ-000100,LOC-05,SVC-02,Urgent,Case Manager,Referral,2025-08-06,67.4,High,2,0,8,1,32,5
REQ-000101,LOC-09,SVC-01,Routine,Client,Phone,2025-08-06,30.1,Medium,2,0,8,1,32,5
REQ-000102,LOC-10,SVC-05,Routine,Client,Referral,2025-08-06,11.3,Low,2,0,8,1,32,5
REQ-000103,LOC-08,SVC-05,Routine,Case Manager,Referral,2025-08-06,18.4,Low,2,0,8,1,32,5
REQ-000104,LOC-04,SVC-04,Priority,Family Member,Referral,2025-08-06,62.7,High,2,0,8,1,32,5
REQ-000105,LOC-03,SVC-01,Routine,Client,Portal,2025-08-06,18.4,Low,2,0,8,1,32,5
REQ-000106,LOC-10,SVC-02,Priority,Family Member,Portal,2025-08-06,65.6,High,2,0,8,1,32,5
REQ-000108,LOC-10,SVC-05,Routine,Family Member,Phone,2025-08-06,22.2,Low,2,0,8,1,32,5
REQ-000109,LOC-08,SVC-05,Urgent,Client,Portal,2025-08-06,79.2,Critical,2,0,8,1,32,5
REQ-000110,LOC-05,SVC-07,Routine,Client,Referral,2025-08-06,86.4,Critical,2,0,8,1,32,5
REQ-000111,LOC-09,SVC-05,Emergency,Family Member,Phone,2025-08-06,56.5,High,2,0,8,1,32,5
REQ-000112,LOC-03,SVC-01,Priority,Client,Portal,2025-08-06,26.1,Low,2,0,8,1,32,5
REQ-000113,LOC-08,SVC-01,Routine,Client,Portal,2025-08-06,12.4,Low,2,0,8,1,32,5
REQ-000115,LOC-02,SVC-05,Priority,Client,Portal,2025-08-06,31.1,Medium,2,0,8,1,32,5
REQ-000116,LOC-08,SVC-07,Urgent,Client,Case Manager,2025-08-06,39.1,Medium,2,0,8,1,32,5
REQ-000117,LOC-06,SVC-05,Emergency,Family Member,Referral,2025-08-06,38.9,Medium,2,0,8,1,32,5
REQ-000118,LOC-02,SVC-06,Priority,Client,Phone,2025-08-06,31.7,Medium,2,0,8,1,32,5
REQ-000119,LOC-07,SVC-06,Urgent,Case Manager,Portal,2025-08-06,55.5,High,2,0,8,1,32,5
REQ-000120,LOC-02,SVC-05,Urgent,Case Manager,Case Manager,2025-08-06,64.6,High,2,0,8,1,32,5
REQ-000121,LOC-08,SVC-02,Routine,Case Manager,Phone,2025-08-07,75.4,High,3,0,8,1,32,6
REQ-000123,LOC-08,SVC-06,Routine,Case Manager,Phone,2025-08-07,37.2,Medium,3,0,8,1,32,6
REQ-000124,LOC-10,SVC-01,Urgent,Family Member,Phone,2025-08-07,68.6,High,3,0,8,1,32,6
REQ-000125,LOC-08,SVC-02,Priority,Client,Referral,2025-08-07,34.5,Medium,3,0,8,1,32,6
REQ-000126,LOC-04,SVC-09,Routine,Client,Phone,2025-08-07,46.7,Medium,3,0,8,1,32,6
REQ-000127,LOC-06,SVC-02,Urgent,Family Member,Phone,2025-08-07,42.0,Medium,3,0,8,1,32,6
REQ-000128,LOC-03,SVC-01,Routine,Client,Phone,2025-08-07,24.7,Low,3,0,8,1,32,6
REQ-000129,LOC-08,SVC-05,Emergency,Family Member,Referral,2025-08-07,82.5,Critical,3,0,8,1,32,6
REQ-000131,LOC-02,SVC-04,Priority,Client,Case Manager,2025-08-07,51.5,High,3,0,8,1,32,6
REQ-000132,LOC-01,SVC-02,Routine,Case Manager,Referral,2025-08-07,32.1,Medium,3,0,8,1,32,6
REQ-000133,LOC-07,SVC-01,Urgent,Client,Phone,2025-08-07,72.1,High,3,0,8,1,32,6
REQ-000134,LOC-04,SVC-09,Priority,Client,Phone,2025-08-07,22.8,Low,3,0,8,1,32,6
REQ-000137,LOC-06,SVC-01,Routine,Case Manager,Portal,2025-08-07,15.8,Low,3,0,8,1,32,6
REQ-000138,LOC-02,SVC-06,Priority,Client,Referral,2025-08-07,40.6,Medium,3,0,8,1,32,6
REQ-000139,LOC-09,SVC-01,Priority,Client,Portal,2025-08-07,11.7,Low,3,0,8,1,32,6
REQ-000140,LOC-10,SVC-06,Priority,Client,Phone,2025-08-07,41.8,Medium,3,0,8,1,32,6
REQ-000141,LOC-10,SVC-05,Routine,Case Manager,Portal,2025-08-07,11.5,Low,3,0,8,1,32,6
REQ-000142,LOC-01,SVC-01,Urgent,GP / Clinician,Referral,2025-08-07,86.8,Critical,3,0,8,1,32,6
REQ-000144,LOC-02,SVC-01,Routine,Client,Portal,2025-08-07,32.8,Medium,3,0,8,1,32,6
REQ-000145,LOC-07,SVC-09,Priority,Case Manager,Case Manager,2025-08-07,91.2,Critical,3,0,8,1,32,6
REQ-000147,LOC-08,SVC-01,Routine,Client,Phone,2025-08-07,16.3,Low,3,0,8,1,32,6
REQ-000148,LOC-02,SVC-03,Routine,Client,Portal,2025-08-07,35.7,Medium,3,0,8,1,32,6
REQ-000149,LOC-10,SVC-05,Routine,Family Member,Phone,2025-08-07,72.2,High,3,0,8,1,32,6
REQ-000151,LOC-06,SVC-06,Routine,Family Member,Phone,2025-08-08,40.8,Medium,4,0,8,1,32,7
REQ-000152,LOC-10,SVC-06,Routine,Client,Portal,2025-08-08,14.3,Low,4,0,8,1,32,7
REQ-000154,LOC-04,SVC-01,Urgent,Family Member,Phone,2025-08-08,35.4,Medium,4,0,8,1,32,7
REQ-000158,LOC-05,SVC-01,Priority,Family Member,Portal,2025-08-08,13.2,Low,4,0,8,1,32,7
REQ-000159,LOC-06,SVC-07,Priority,Client,Case Manager,2025-08-08,27.1,Low,4,0,8,1,32,7
REQ-000160,LOC-06,SVC-05,Routine,Case Manager,Phone,2025-08-08,61.1,High,4,0,8,1,32,7
REQ-000161,LOC-04,SVC-09,Routine,Family Member,Portal,2025-08-08,45.7,Medium,4,0,8,1,32,7
REQ-000162,LOC-03,SVC-02,Routine,Case Manager,Portal,2025-08-08,27.6,Low,4,0,8,1,32,7
REQ-000164,LOC-01,SVC-05,Urgent,Case Manager,Phone,2025-08-08,93.0,Critical,4,0,8,1,32,7
REQ-000166,LOC-04,SVC-02,Routine,Client,Phone,2025-08-08,14.6,Low,4,0,8,1,32,7
REQ-000168,LOC-02,SVC-05,Routine,Client,Portal,2025-08-08,16.6,Low,4,0,8,1,32,7
REQ-000170,LOC-01,SVC-03,Routine,GP / Clinician,Portal,2025-08-08,34.6,Medium,4,0,8,1,32,7
REQ-000171,LOC-01,SVC-06,Priority,Client,Phone,2025-08-08,39.2,Medium,4,0,8,1,32,7
REQ-000172,LOC-01,SVC-04,Urgent,Case Manager,Portal,2025-08-08,62.4,High,4,0,8,1,32,7
REQ-000173,LOC-03,SVC-01,Urgent,GP / Clinician,Referral,2025-08-08,66.5,High,4,0,8,1,32,7
REQ-000174,LOC-06,SVC-09,Urgent,Case Manager,Phone,2025-08-08,66.4,High,4,0,8,1,32,7
REQ-000175,LOC-10,SVC-07,Priority,Case Manager,Referral,2025-08-08,59.4,High,4,0,8,1,32,7
REQ-000176,LOC-10,SVC-03,Routine,Client,Referral,2025-08-08,65.0,High,4,0,8,1,32,7
REQ-000177,LOC-05,SVC-06,Routine,Family Member,Portal,2025-08-09,33.1,Medium,5,1,8,1,32,8
REQ-000178,LOC-09,SVC-06,Routine,Family Member,Phone,2025-08-09,43.5,Medium,5,1,8,1,32,8
REQ-000179,LOC-05,SVC-07,Routine,Family Member,Phone,2025-08-09,64.8,High,5,1,8,1,32,8
REQ-000180,LOC-07,SVC-03,Urgent,Family Member,Portal,2025-08-09,8.2,Low,5,1,8,1,32,8
REQ-000181,LOC-07,SVC-09,Urgent,Client,Portal,2025-08-09,20.0,Low,5,1,8,1,32,8
REQ-000182,LOC-10,SVC-05,Urgent,GP / Clinician,Phone,2025-08-09,55.6,High,5,1,8,1,32,8
REQ-000183,LOC-09,SVC-02,Priority,Case Manager,Referral,2025-08-09,59.2,High,5,1,8,1,32,8
REQ-000185,LOC-06,SVC-05,Routine,Client,Referral,2025-08-09,8.3,Low,5,1,8,1,32,8
REQ-000186,LOC-05,SVC-02,Urgent,Family Member,Phone,2025-08-09,40.8,Medium,5,1,8,1,32,8
REQ-000187,LOC-09,SVC-03,Urgent,Family Member,Portal,2025-08-09,34.8,Medium,5,1,8,1,32,8
REQ-000188,LOC-03,SVC-04,Urgent,Family Member,Phone,2025-08-09,74.0,Critical,5,1,8,1,32,8
REQ-000189,LOC-07,SVC-05,Routine,Family Member,Portal,2025-08-09,59.6,High,5,1,8,1,32,8
REQ-000190,LOC-09,SVC-05,Routine,Client,Phone,2025-08-09,14.7,Low,5,1,8,1,32,8
REQ-000191,LOC-05,SVC-04,Urgent,Case Manager,Portal,2025-08-09,55.3,High,5,1,8,1,32,8
REQ-000192,LOC-01,SVC-01,Urgent,Case Manager,Portal,2025-08-09,39.7,Medium,5,1,8,1,32,8
REQ-000194,LOC-10,SVC-03,Urgent,Client,Case Manager,2025-08-10,28.7,Medium,6,1,8,1,32,9
REQ-000195,LOC-09,SVC-04,Routine,Family Member,Case Manager,2025-08-10,11.5,Low,6,1,8,1,32,9
REQ-000196,LOC-06,SVC-08,Routine,Client,Phone,2025-08-10,16.1,Low,6,1,8,1,32,9
REQ-000197,LOC-01,SVC-01,Routine,Client,Phone,2025-08-10,30.5,Medium,6,1,8,1,32,9
REQ-000198,LOC-05,SVC-07,Priority,Client,Referral,2025-08-10,7.4,Low,6,1,8,1,32,9
REQ-000199,LOC-05,SVC-02,Priority,Family Member,Phone,2025-08-10,65.3,High,6,1,8,1,32,9
REQ-000200,LOC-09,SVC-02,Urgent,GP / Clinician,Phone,2025-08-11,86.3,Critical,0,0,8,1,33,10
REQ-000202,LOC-01,SVC-07,Routine,Client,Case Manager,2025-08-11,7.9,Low,0,0,8,1,33,10
REQ-000203,LOC-05,SVC-01,Priority,Family Member,Portal,2025-08-11,35.9,Medium,0,0,8,1,33,10
REQ-000204,LOC-07,SVC-08,Urgent,Family Member,Case Manager,2025-08-11,17.4,Low,0,0,8,1,33,10
REQ-000205,LOC-07,SVC-05,Routine,Client,Phone,2025-08-11,38.3,Medium,0,0,8,1,33,10
REQ-000206,LOC-04,SVC-01,Routine,Client,Portal,2025-08-11,12.0,Low,0,0,8,1,33,10
REQ-000207,LOC-10,SVC-03,Routine,Case Manager,Phone,2025-08-11,25.9,Medium,0,0,8,1,33,10
REQ-000208,LOC-06,SVC-06,Urgent,Client,Phone,2025-08-11,78.1,Critical,0,0,8,1,33,10
REQ-000209,LOC-02,SVC-07,Urgent,Case Manager,Phone,2025-08-11,83.2,Critical,0,0,8,1,33,10
REQ-000210,LOC-08,SVC-01,Routine,Client,Referral,2025-08-11,22.6,Low,0,0,8,1,33,10
REQ-000211,LOC-03,SVC-07,Urgent,Case Manager,Portal,2025-08-11,63.8,High,0,0,8,1,33,10
REQ-000213,LOC-10,SVC-01,Routine,Case Manager,Referral,2025-08-11,28.0,Medium,0,0,8,1,33,10
REQ-000214,LOC-01,SVC-01,Routine,Client,Portal,2025-08-11,11.7,Low,0,0,8,1,33,10
REQ-000215,LOC-02,SVC-01,Routine,Family Member,Portal,2025-08-11,18.6,Low,0,0,8,1,33,10
REQ-000216,LOC-05,SVC-09,Urgent,GP / Clinician,Referral,2025-08-11,80.4,Critical,0,0,8,1,33,10
REQ-000217,LOC-03,SVC-05,Priority,Client,Portal,2025-08-11,42.8,Medium,0,0,8,1,33,10
REQ-000218,LOC-10,SVC-01,Routine,Family Member,Portal,2025-08-11,63.5,High,0,0,8,1,33,10
REQ-000219,LOC-04,SVC-08,Routine,Client,Phone,2025-08-11,36.3,Medium,0,0,8,1,33,10
REQ-000221,LOC-01,SVC-06,Urgent,GP / Clinician,Referral,2025-08-11,83.6,Critical,0,0,8,1,33,10
REQ-000222,LOC-09,SVC-01,Priority,GP / Clinician,Portal,2025-08-11,87.0,Critical,0,0,8,1,33,10
REQ-000223,LOC-03,SVC-02,Routine,Family Member,Phone,2025-08-11,85.7,Critical,0,0,8,1,33,10
REQ-000225,LOC-03,SVC-05,Routine,Client,Portal,2025-08-11,15.9,Low,0,0,8,1,33,10
REQ-000226,LOC-09,SVC-04,Routine,GP / Clinician,Phone,2025-08-11,38.0,Medium,0,0,8,1,33,10
REQ-000227,LOC-09,SVC-05,Routine,Case Manager,Phone,2025-08-12,67.0,High,1,0,8,1,33,11
REQ-000228,LOC-05,SVC-07,Routine,Client,Portal,2025-08-12,14.6,Low,1,0,8,1,33,11
REQ-000229,LOC-06,SVC-05,Routine,Case Manager,Portal,2025-08-12,15.1,Low,1,0,8,1,33,11
REQ-000230,LOC-05,SVC-02,Urgent,Family Member,Phone,2025-08-12,84.8,Critical,1,0,8,1,33,11
REQ-000231,LOC-02,SVC-09,Routine,Client,Portal,2025-08-12,4.0,Low,1,0,8,1,33,11
REQ-000232,LOC-08,SVC-09,Routine,Family Member,Case Manager,2025-08-12,32.5,Medium,1,0,8,1,33,11
REQ-000233,LOC-05,SVC-05,Routine,Family Member,Case Manager,2025-08-12,48.4,Medium,1,0,8,1,33,11
REQ-000234,LOC-03,SVC-04,Routine,Client,Portal,2025-08-12,12.8,Low,1,0,8,1,33,11
REQ-000235,LOC-07,SVC-02,Routine,Family Member,Portal,2025-08-12,38.7,Medium,1,0,8,1,33,11
REQ-000237,LOC-03,SVC-09,Routine,Family Member,Portal,2025-08-12,25.2,Low,1,0,8,1,33,11
REQ-000238,LOC-08,SVC-08,Urgent,Client,Phone,2025-08-12,45.3,Medium,1,0,8,1,33,11
REQ-000240,LOC-10,SVC-01,Priority,Client,Referral,2025-08-12,23.6,Low,1,0,8,1,33,11
REQ-000241,LOC-07,SVC-02,Urgent,Family Member,Referral,2025-08-12,26.6,Low,1,0,8,1,33,11
REQ-000243,LOC-01,SVC-06,Routine,Case Manager,Case Manager,2025-08-12,35.7,Medium,1,0,8,1,33,11
REQ-000244,LOC-05,SVC-01,Urgent,Client,Referral,2025-08-12,54.5,High,1,0,8,1,33,11
REQ-000245,LOC-01,SVC-05,Priority,Family Member,Phone,2025-08-12,54.7,High,1,0,8,1,33,11
REQ-000247,LOC-03,SVC-06,Routine,Case Manager,Phone,2025-08-12,87.6,Critical,1,0,8,1,33,11
REQ-000248,LOC-04,SVC-01,Priority,GP / Clinician,Phone,2025-08-12,41.4,Medium,1,0,8,1,33,11
REQ-000249,LOC-08,SVC-05,Priority,Client,Portal,2025-08-12,9.4,Low,1,0,8,1,33,11
REQ-000250,LOC-01,SVC-06,Routine,Case Manager,Phone,2025-08-12,43.7,Medium,1,0,8,1,33,11
REQ-000251,LOC-04,SVC-05,Routine,Client,Phone,2025-08-12,16.0,Low,1,0,8,1,33,11
REQ-000252,LOC-04,SVC-02,Priority,GP / Clinician,Phone,2025-08-12,65.4,High,1,0,8,1,33,11
REQ-000253,LOC-08,SVC-06,Routine,Client,Portal,2025-08-13,9.6,Low,2,0,8,1,33,12
REQ-000254,LOC-01,SVC-05,Emergency,Family Member,Portal,2025-08-13,93.9,Critical,2,0,8,1,33,12
REQ-000255,LOC-03,SVC-06,Priority,Client,Portal,2025-08-13,19.8,Low,2,0,8,1,33,12
REQ-000256,LOC-06,SVC-06,Urgent,Family Member,Referral,2025-08-13,70.1,High,2,0,8,1,33,12
REQ-000257,LOC-10,SVC-02,Routine,Family Member,Phone,2025-08-13,12.9,Low,2,0,8,1,33,12
REQ-000258,LOC-09,SVC-04,Routine,Family Member,Portal,2025-08-13,65.6,High,2,0,8,1,33,12
REQ-000259,LOC-03,SVC-02,Routine,Client,Phone,2025-08-13,65.0,High,2,0,8,1,33,12
REQ-000260,LOC-06,SVC-01,Routine,Case Manager,Portal,2025-08-13,43.1,Medium,2,0,8,1,33,12
REQ-000262,LOC-01,SVC-09,Routine,Case Manager,Portal,2025-08-13,17.9,Low,2,0,8,1,33,12
REQ-000263,LOC-06,SVC-01,Routine,Family Member,Referral,2025-08-13,38.9,Medium,2,0,8,1,33,12
REQ-000264,LOC-09,SVC-07,Routine,Client,Phone,2025-08-13,36.9,Medium,2,0,8,1,33,12
REQ-000265,LOC-02,SVC-08,Urgent,Family Member,Phone,2025-08-14,60.8,High,3,0,8,1,33,13
REQ-000266,LOC-08,SVC-03,Priority,Client,Portal,2025-08-14,14.4,Low,3,0,8,1,33,13
REQ-000267,LOC-03,SVC-01,Routine,Client,Portal,2025-08-14,22.3,Low,3,0,8,1,33,13
REQ-000268,LOC-01,SVC-05,Routine,Case Manager,Phone,2025-08-14,62.1,High,3,0,8,1,33,13
REQ-000269,LOC-02,SVC-02,Routine,Family Member,Referral,2025-08-14,31.5,Medium,3,0,8,1,33,13
REQ-000270,LOC-01,SVC-06,Priority,Family Member,Portal,2025-08-14,43.6,Medium,3,0,8,1,33,13
REQ-000272,LOC-01,SVC-04,Routine,Client,Referral,2025-08-14,60.9,High,3,0,8,1,33,13
REQ-000273,LOC-01,SVC-05,Priority,GP / Clinician,Referral,2025-08-14,68.4,High,3,0,8,1,33,13
REQ-000274,LOC-04,SVC-01,Urgent,Family Member,Case Manager,2025-08-14,77.7,Critical,3,0,8,1,33,13
REQ-000277,LOC-10,SVC-01,Routine,Client,Portal,2025-08-14,13.4,Low,3,0,8,1,33,13
REQ-000278,LOC-02,SVC-07,Priority,Client,Portal,2025-08-14,17.7,Low,3,0,8,1,33,13
REQ-000279,LOC-04,SVC-04,Routine,Client,Phone,2025-08-14,21.5,Low,3,0,8,1,33,13
REQ-000280,LOC-02,SVC-08,Routine,Case Manager,Case Manager,2025-08-14,62.8,High,3,0,8,1,33,13
REQ-000281,LOC-02,SVC-08,Routine,Client,Portal,2025-08-14,36.2,Medium,3,0,8,1,33,13
REQ-000282,LOC-05,SVC-07,Routine,Case Manager,Referral,2025-08-14,58.6,High,3,0,8,1,33,13
REQ-000283,LOC-04,SVC-02,Urgent,Family Member,Phone,2025-08-14,12.7,Low,3,0,8,1,33,13
REQ-000284,LOC-08,SVC-07,Routine,Client,Referral,2025-08-14,11.0,Low,3,0,8,1,33,13
REQ-000285,LOC-01,SVC-05,Priority,Client,Portal,2025-08-14,13.2,Low,3,0,8,1,33,13
REQ-000286,LOC-05,SVC-01,Priority,Client,Phone,2025-08-14,16.5,Low,3,0,8,1,33,13
REQ-000289,LOC-06,SVC-02,Routine,Case Manager,Portal,2025-08-14,27.7,Low,3,0,8,1,33,13
REQ-000290,LOC-08,SVC-07,Routine,Client,Portal,2025-08-14,23.6,Low,3,0,8,1,33,13
REQ-000291,LOC-02,SVC-05,Urgent,Case Manager,Phone,2025-08-14,85.4,Critical,3,0,8,1,33,13
REQ-000293,LOC-02,SVC-02,Routine,Case Manager,Phone,2025-08-14,78.4,Critical,3,0,8,1,33,13
REQ-000294,LOC-03,SVC-08,Routine,GP / Clinician,Portal,2025-08-14,33.2,Medium,3,0,8,1,33,13
REQ-000295,LOC-10,SVC-05,Priority,GP / Clinician,Phone,2025-08-14,33.8,Medium,3,0,8,1,33,13
REQ-000296,LOC-06,SVC-09,Routine,Family Member,Phone,2025-08-14,26.6,Low,3,0,8,1,33,13
REQ-000297,LOC-07,SVC-05,Urgent,Case Manager,Referral,2025-08-14,91.6,Critical,3,0,8,1,33,13
REQ-000298,LOC-07,SVC-02,Priority,Family Member,Referral,2025-08-14,75.7,High,3,0,8,1,33,13
REQ-000300,LOC-02,SVC-02,Urgent,Client,Phone,2025-08-15,40.1,Medium,4,0,8,1,33,14
REQ-000301,LOC-08,SVC-08,Routine,Client,Portal,2025-08-15,13.3,Low,4,0,8,1,33,14
REQ-000302,LOC-06,SVC-07,Routine,Client,Referral,2025-08-15,9.1,Low,4,0,8,1,33,14
REQ-000305,LOC-10,SVC-05,Routine,Client,Referral,2025-08-15,40.8,Medium,4,0,8,1,33,14
REQ-000306,LOC-01,SVC-01,Urgent,Case Manager,Phone,2025-08-15,69.2,High,4,0,8,1,33,14
REQ-000307,LOC-10,SVC-01,Urgent,Family Member,Phone,2025-08-15,84.3,Critical,4,0,8,1,33,14
REQ-000308,LOC-02,SVC-03,Routine,Case Manager,Phone,2025-08-15,67.4,High,4,0,8,1,33,14
REQ-000309,LOC-02,SVC-07,Urgent,Case Manager,Referral,2025-08-15,80.5,Critical,4,0,8,1,33,14
REQ-000310,LOC-07,SVC-04,Routine,Client,Portal,2025-08-15,13.0,Low,4,0,8,1,33,14
REQ-000312,LOC-01,SVC-02,Routine,Family Member,Portal,2025-08-15,39.0,Medium,4,0,8,1,33,14
REQ-000313,LOC-06,SVC-08,Urgent,Case Manager,Phone,2025-08-15,99.0,Critical,4,0,8,1,33,14
REQ-000315,LOC-06,SVC-02,Routine,Family Member,Phone,2025-08-15,86.9,Critical,4,0,8,1,33,14
REQ-000316,LOC-02,SVC-08,Priority,Client,Case Manager,2025-08-15,34.5,Medium,4,0,8,1,33,14
REQ-000318,LOC-10,SVC-05,Emergency,Client,Phone,2025-08-15,28.6,Medium,4,0,8,1,33,14
REQ-000319,LOC-07,SVC-03,Routine,Client,Phone,2025-08-15,37.3,Medium,4,0,8,1,33,14
REQ-000321,LOC-04,SVC-02,Routine,GP / Clinician,Referral,2025-08-15,79.7,Critical,4,0,8,1,33,14
REQ-000323,LOC-09,SVC-09,Routine,Client,Phone,2025-08-16,27.1,Low,5,1,8,1,33,15
REQ-000325,LOC-03,SVC-02,Priority,Family Member,Referral,2025-08-16,35.8,Medium,5,1,8,1,33,15
REQ-000326,LOC-08,SVC-04,Routine,Client,Referral,2025-08-16,16.0,Low,5,1,8,1,33,15
REQ-000327,LOC-05,SVC-01,Routine,Family Member,Portal,2025-08-16,17.6,Low,5,1,8,1,33,15
REQ-000330,LOC-04,SVC-09,Routine,Family Member,Phone,2025-08-16,13.1,Low,5,1,8,1,33,15
REQ-000333,LOC-08,SVC-01,Urgent,Client,Phone,2025-08-16,13.4,Low,5,1,8,1,33,15
REQ-000334,LOC-08,SVC-07,Priority,Client,Phone,2025-08-16,10.5,Low,5,1,8,1,33,15
REQ-000335,LOC-10,SVC-01,Urgent,Family Member,Referral,2025-08-17,79.4,Critical,6,1,8,1,33,16
REQ-000336,LOC-02,SVC-03,Urgent,GP / Clinician,Referral,2025-08-17,61.9,High,6,1,8,1,33,16
REQ-000337,LOC-01,SVC-08,Routine,Client,Phone,2025-08-17,21.2,Low,6,1,8,1,33,16
REQ-000338,LOC-04,SVC-01,Routine,Family Member,Phone,2025-08-17,19.3,Low,6,1,8,1,33,16
REQ-000339,LOC-08,SVC-02,Emergency,Client,Referral,2025-08-17,2.2,Low,6,1,8,1,33,16
REQ-000340,LOC-09,SVC-01,Routine,Client,Portal,2025-08-17,17.4,Low,6,1,8,1,33,16
REQ-000341,LOC-04,SVC-04,Urgent,Client,Phone,2025-08-17,64.6,High,6,1,8,1,33,16
REQ-000342,LOC-07,SVC-02,Routine,Client,Phone,2025-08-17,47.8,Medium,6,1,8,1,33,16
REQ-000344,LOC-04,SVC-07,Priority,Client,Portal,2025-08-17,15.0,Low,6,1,8,1,33,16
REQ-000345,LOC-10,SVC-04,Routine,Client,Portal,2025-08-17,38.0,Medium,6,1,8,1,33,16
REQ-000346,LOC-07,SVC-08,Priority,GP / Clinician,Referral,2025-08-17,61.9,High,6,1,8,1,33,16
REQ-000347,LOC-01,SVC-03,Priority,Client,Case Manager,2025-08-17,24.4,Low,6,1,8,1,33,16
REQ-000348,LOC-08,SVC-05,Routine,Client,Portal,2025-08-17,9.5,Low,6,1,8,1,33,16
REQ-000350,LOC-06,SVC-05,Routine,Family Member,Portal,2025-08-18,8.9,Low,0,0,8,1,34,17
REQ-000351,LOC-03,SVC-05,Routine,Client,Phone,2025-08-18,22.1,Low,0,0,8,1,34,17
REQ-000352,LOC-09,SVC-09,Routine,Client,Case Manager,2025-08-18,7.8,Low,0,0,8,1,34,17
REQ-000353,LOC-10,SVC-08,Routine,Family Member,Phone,2025-08-18,5.7,Low,0,0,8,1,34,17
REQ-000354,LOC-05,SVC-02,Urgent,Client,Portal,2025-08-18,59.0,High,0,0,8,1,34,17
REQ-000355,LOC-04,SVC-08,Routine,Client,Phone,2025-08-18,12.3,Low,0,0,8,1,34,17
REQ-000356,LOC-01,SVC-01,Routine,Family Member,Portal,2025-08-18,8.4,Low,0,0,8,1,34,17
REQ-000358,LOC-04,SVC-09,Priority,GP / Clinician,Phone,2025-08-18,43.1,Medium,0,0,8,1,34,17
REQ-000360,LOC-04,SVC-08,Urgent,Client,Case Manager,2025-08-18,17.2,Low,0,0,8,1,34,17
REQ-000361,LOC-02,SVC-05,Routine,Client,Phone,2025-08-18,64.2,High,0,0,8,1,34,17
REQ-000362,LOC-10,SVC-02,Routine,Family Member,Portal,2025-08-18,6.7,Low,0,0,8,1,34,17
REQ-000363,LOC-01,SVC-08,Priority,Client,Case Manager,2025-08-18,47.1,Medium,0,0,8,1,34,17
REQ-000364,LOC-03,SVC-01,Routine,Family Member,Portal,2025-08-18,34.3,Medium,0,0,8,1,34,17
REQ-000365,LOC-05,SVC-01,Routine,Client,Phone,2025-08-18,43.3,Medium,0,0,8,1,34,17
REQ-000366,LOC-08,SVC-01,Routine,Client,Referral,2025-08-18,63.8,High,0,0,8,1,34,17
REQ-000369,LOC-10,SVC-01,Urgent,Case Manager,Phone,2025-08-18,62.3,High,0,0,8,1,34,17
REQ-000370,LOC-05,SVC-01,Routine,Client,Phone,2025-08-18,69.9,High,0,0,8,1,34,17
REQ-000371,LOC-03,SVC-07,Routine,Family Member,Portal,2025-08-18,20.6,Low,0,0,8,1,34,17
REQ-000372,LOC-09,SVC-06,Urgent,Case Manager,Portal,2025-08-18,61.5,High,0,0,8,1,34,17
REQ-000373,LOC-08,SVC-03,Routine,Client,Phone,2025-08-18,33.0,Medium,0,0,8,1,34,17
REQ-000374,LOC-05,SVC-09,Routine,Client,Portal,2025-08-18,19.6,Low,0,0,8,1,34,17
REQ-000375,LOC-09,SVC-05,Routine,Client,Phone,2025-08-18,11.2,Low,0,0,8,1,34,17
REQ-000376,LOC-07,SVC-08,Priority,Client,Portal,2025-08-18,9.8,Low,0,0,8,1,34,17
REQ-000378,LOC-09,SVC-09,Urgent,GP / Clinician,Referral,2025-08-19,94.9,Critical,1,0,8,1,34,18
REQ-000379,LOC-01,SVC-03,Priority,Client,Phone,2025-08-19,36.4,Medium,1,0,8,1,34,18
REQ-000381,LOC-03,SVC-01,Routine,Family Member,Phone,2025-08-19,18.2,Low,1,0,8,1,34,18
REQ-000382,LOC-04,SVC-02,Routine,Client,Referral,2025-08-19,18.2,Low,1,0,8,1,34,18
REQ-000383,LOC-02,SVC-04,Routine,Case Manager,Case Manager,2025-08-19,25.2,Medium,1,0,8,1,34,18
REQ-000384,LOC-09,SVC-03,Routine,GP / Clinician,Portal,2025-08-19,16.1,Low,1,0,8,1,34,18
REQ-000387,LOC-03,SVC-01,Priority,Case Manager,Phone,2025-08-19,61.2,High,1,0,8,1,34,18
REQ-000388,LOC-10,SVC-09,Routine,Case Manager,Phone,2025-08-19,12.8,Low,1,0,8,1,34,18
REQ-000389,LOC-02,SVC-03,Priority,Client,Portal,2025-08-19,63.5,High,1,0,8,1,34,18
REQ-000390,LOC-04,SVC-07,Routine,Client,Phone,2025-08-19,15.8,Low,1,0,8,1,34,18
REQ-000391,LOC-10,SVC-02,Urgent,Client,Phone,2025-08-19,68.9,High,1,0,8,1,34,18
REQ-000392,LOC-10,SVC-01,Routine,Family Member,Portal,2025-08-19,28.6,Low,1,0,8,1,34,18
REQ-000393,LOC-04,SVC-03,Priority,Family Member,Referral,2025-08-19,63.1,High,1,0,8,1,34,18
REQ-000395,LOC-02,SVC-07,Priority,Client,Portal,2025-08-19,63.5,High,1,0,8,1,34,18
REQ-000396,LOC-01,SVC-01,Priority,Case Manager,Portal,2025-08-19,47.4,Medium,1,0,8,1,34,18
REQ-000397,LOC-07,SVC-02,Routine,Client,Referral,2025-08-19,31.9,Medium,1,0,8,1,34,18
REQ-000398,LOC-07,SVC-02,Routine,Client,Phone,2025-08-19,10.3,Low,1,0,8,1,34,18
REQ-000399,LOC-09,SVC-07,Routine,Client,Portal,2025-08-20,12.9,Low,2,0,8,1,34,19
REQ-000401,LOC-04,SVC-05,Priority,Client,Phone,2025-08-20,9.2,Low,2,0,8,1,34,19
REQ-000402,LOC-06,SVC-01,Priority,Client,Portal,2025-08-20,14.2,Low,2,0,8,1,34,19
REQ-000403,LOC-08,SVC-01,Routine,Case Manager,Portal,2025-08-20,19.2,Low,2,0,8,1,34,19
REQ-000404,LOC-10,SVC-06,Urgent,Client,Case Manager,2025-08-20,44.3,Medium,2,0,8,1,34,19
REQ-000406,LOC-04,SVC-02,Routine,Client,Phone,2025-08-20,27.0,Medium,2,0,8,1,34,19
REQ-000407,LOC-07,SVC-09,Emergency,Family Member,Portal,2025-08-20,91.6,Critical,2,0,8,1,34,19
REQ-000408,LOC-02,SVC-07,Urgent,Client,Phone,2025-08-20,54.0,High,2,0,8,1,34,19
REQ-000409,LOC-03,SVC-05,Priority,Family Member,Phone,2025-08-20,38.1,Medium,2,0,8,1,34,19
REQ-000410,LOC-02,SVC-07,Routine,Client,Case Manager,2025-08-20,14.2,Low,2,0,8,1,34,19
REQ-000411,LOC-07,SVC-07,Routine,GP / Clinician,Referral,2025-08-20,40.1,Medium,2,0,8,1,34,19
REQ-000414,LOC-05,SVC-05,Priority,Client,Referral,2025-08-20,39.6,Medium,2,0,8,1,34,19
REQ-000415,LOC-03,SVC-07,Routine,Family Member,Portal,2025-08-20,45.0,Medium,2,0,8,1,34,19
REQ-000416,LOC-07,SVC-03,Routine,Client,Portal,2025-08-20,19.7,Low,2,0,8,1,34,19
REQ-000418,LOC-09,SVC-06,Urgent,Client,Phone,2025-08-20,25.5,Medium,2,0,8,1,34,19
REQ-000419,LOC-05,SVC-06,Priority,Family Member,Referral,2025-08-20,37.0,Medium,2,0,8,1,34,19
REQ-000420,LOC-06,SVC-01,Routine,Family Member,Phone,2025-08-20,32.8,Low,2,0,8,1,34,19
REQ-000421,LOC-07,SVC-01,Urgent,GP / Clinician,Phone,2025-08-20,42.6,Medium,2,0,8,1,34,19
REQ-000422,LOC-03,SVC-01,Routine,Client,Referral,2025-08-20,37.9,Medium,2,0,8,1,34,19
REQ-000424,LOC-08,SVC-05,Priority,Client,Portal,2025-08-20,16.3,Low,2,0,8,1,34,19
REQ-000425,LOC-03,SVC-01,Routine,Client,Phone,2025-08-20,36.0,Medium,2,0,8,1,34,19
REQ-000426,LOC-07,SVC-04,Priority,Client,Portal,2025-08-20,72.5,High,2,0,8,1,34,19
REQ-000427,LOC-08,SVC-08,Routine,Family Member,Referral,2025-08-21,6.1,Low,3,0,8,1,34,20
REQ-000428,LOC-07,SVC-01,Routine,Family Member,Case Manager,2025-08-21,33.3,Medium,3,0,8,1,34,20
REQ-000429,LOC-10,SVC-04,Routine,Client,Phone,2025-08-21,6.4,Low,3,0,8,1,34,20
REQ-000430,LOC-01,SVC-06,Routine,Client,Portal,2025-08-21,36.5,Medium,3,0,8,1,34,20
REQ-000432,LOC-05,SVC-01,Priority,Client,Phone,2025-08-21,57.9,High,3,0,8,1,34,20
REQ-000433,LOC-02,SVC-07,Priority,Client,Portal,2025-08-21,67.8,High,3,0,8,1,34,20
REQ-000434,LOC-08,SVC-06,Routine,Family Member,Case Manager,2025-08-21,24.8,Medium,3,0,8,1,34,20
REQ-000436,LOC-10,SVC-05,Routine,Client,Phone,2025-08-21,12.8,Low,3,0,8,1,34,20
REQ-000437,LOC-06,SVC-06,Urgent,GP / Clinician,Case Manager,2025-08-21,74.6,Critical,3,0,8,1,34,20
REQ-000438,LOC-08,SVC-05,Routine,Case Manager,Portal,2025-08-21,5.1,Low,3,0,8,1,34,20
REQ-000439,LOC-09,SVC-06,Priority,Family Member,Portal,2025-08-21,17.3,Low,3,0,8,1,34,20
REQ-000440,LOC-09,SVC-09,Urgent,Case Manager,Referral,2025-08-21,75.4,Critical,3,0,8,1,34,20
REQ-000441,LOC-03,SVC-05,Priority,Family Member,Portal,2025-08-21,29.6,Low,3,0,8,1,34,20
REQ-000442,LOC-03,SVC-05,Routine,Client,Referral,2025-08-21,20.2,Low,3,0,8,1,34,20
REQ-000444,LOC-06,SVC-03,Priority,Family Member,Phone,2025-08-21,65.4,High,3,0,8,1,34,20
REQ-000445,LOC-02,SVC-05,Routine,Client,Portal,2025-08-21,24.0,Low,3,0,8,1,34,20
REQ-000447,LOC-04,SVC-07,Routine,Client,Portal,2025-08-21,10.5,Low,3,0,8,1,34,20
REQ-000448,LOC-08,SVC-06,Routine,Case Manager,Referral,2025-08-21,34.7,Medium,3,0,8,1,34,20
REQ-000450,LOC-08,SVC-05,Routine,Family Member,Phone,2025-08-21,15.8,Low,3,0,8,1,34,20
REQ-000451,LOC-05,SVC-06,Routine,Family Member,Portal,2025-08-22,32.9,Medium,4,0,8,1,34,21
REQ-000452,LOC-06,SVC-01,Routine,Client,Case Manager,2025-08-22,13.8,Low,4,0,8,1,34,21
REQ-000453,LOC-01,SVC-06,Urgent,Case Manager,Case Manager,2025-08-22,57.6,High,4,0,8,1,34,21
REQ-000454,LOC-10,SVC-07,Routine,Case Manager,Case Manager,2025-08-22,37.8,Medium,4,0,8,1,34,21
REQ-000455,LOC-07,SVC-07,Routine,Family Member,Portal,2025-08-22,12.8,Low,4,0,8,1,34,21
REQ-000456,LOC-04,SVC-03,Routine,Client,Phone,2025-08-22,16.2,Low,4,0,8,1,34,21
REQ-000457,LOC-02,SVC-06,Priority,Case Manager,Phone,2025-08-22,30.6,Medium,4,0,8,1,34,21
REQ-000458,LOC-04,SVC-04,Routine,Family Member,Referral,2025-08-22,38.3,Medium,4,0,8,1,34,21
REQ-000459,LOC-04,SVC-01,Urgent,Client,Case Manager,2025-08-22,68.1,High,4,0,8,1,34,21
REQ-000460,LOC-01,SVC-04,Routine,Client,Phone,2025-08-22,47.6,Medium,4,0,8,1,34,21
REQ-000461,LOC-08,SVC-08,Routine,Client,Referral,2025-08-22,11.9,Low,4,0,8,1,34,21
REQ-000462,LOC-07,SVC-07,Routine,Family Member,Phone,2025-08-22,34.9,Medium,4,0,8,1,34,21
REQ-000463,LOC-06,SVC-07,Routine,Case Manager,Portal,2025-08-22,7.9,Low,4,0,8,1,34,21
REQ-000465,LOC-06,SVC-07,Priority,Case Manager,Phone,2025-08-22,61.5,High,4,0,8,1,34,21
REQ-000466,LOC-07,SVC-02,Priority,Case Manager,Case Manager,2025-08-22,75.2,High,4,0,8,1,34,21
REQ-000467,LOC-10,SVC-01,Urgent,GP / Clinician,Case Manager,2025-08-22,59.6,High,4,0,8,1,34,21
REQ-000468,LOC-05,SVC-01,Priority,Client,Portal,2025-08-22,21.4,Low,4,0,8,1,34,21
REQ-000469,LOC-06,SVC-02,Urgent,Case Manager,Portal,2025-08-22,59.9,High,4,0,8,1,34,21
REQ-000470,LOC-02,SVC-08,Priority,Family Member,Portal,2025-08-22,59.7,High,4,0,8,1,34,21
REQ-000471,LOC-03,SVC-01,Priority,Client,Case Manager,2025-08-22,8.4,Low,4,0,8,1,34,21
REQ-000472,LOC-02,SVC-01,Priority,Family Member,Case Manager,2025-08-22,63.3,High,4,0,8,1,34,21
REQ-000473,LOC-10,SVC-03,Emergency,Family Member,Portal,2025-08-22,38.2,Medium,4,0,8,1,34,21
REQ-000474,LOC-10,SVC-02,Priority,Client,Referral,2025-08-22,12.6,Low,4,0,8,1,34,21
REQ-000475,LOC-07,SVC-03,Priority,Client,Portal,2025-08-23,14.4,Low,5,1,8,1,34,22
REQ-000476,LOC-09,SVC-06,Routine,Case Manager,Phone,2025-08-23,39.2,Medium,5,1,8,1,34,22
REQ-000477,LOC-07,SVC-07,Routine,GP / Clinician,Phone,2025-08-23,91.4,Critical,5,1,8,1,34,22
REQ-000478,LOC-02,SVC-07,Priority,Family Member,Case Manager,2025-08-23,11.4,Low,5,1,8,1,34,22
REQ-000480,LOC-03,SVC-07,Routine,Family Member,Case Manager,2025-08-23,21.8,Low,5,1,8,1,34,22
REQ-000481,LOC-10,SVC-02,Priority,Family Member,Phone,2025-08-23,21.3,Low,5,1,8,1,34,22
REQ-000482,LOC-09,SVC-03,Priority,GP / Clinician,Phone,2025-08-23,85.5,Critical,5,1,8,1,34,22
REQ-000483,LOC-10,SVC-08,Priority,Client,Referral,2025-08-23,28.9,Medium,5,1,8,1,34,22
REQ-000484,LOC-04,SVC-09,Priority,Client,Case Manager,2025-08-23,68.5,High,5,1,8,1,34,22
REQ-000485,LOC-02,SVC-06,Routine,Family Member,Phone,2025-08-23,35.7,Medium,5,1,8,1,34,22
REQ-000486,LOC-06,SVC-02,Routine,Client,Phone,2025-08-23,15.6,Low,5,1,8,1,34,22
REQ-000487,LOC-03,SVC-02,Routine,Case Manager,Referral,2025-08-24,41.2,Medium,6,1,8,1,34,23
REQ-000489,LOC-04,SVC-07,Routine,Client,Phone,2025-08-24,4.8,Low,6,1,8,1,34,23
REQ-000490,LOC-02,SVC-07,Urgent,Family Member,Referral,2025-08-24,70.2,High,6,1,8,1,34,23
REQ-000491,LOC-03,SVC-03,Priority,Case Manager,Referral,2025-08-24,35.3,Medium,6,1,8,1,34,23
REQ-000492,LOC-02,SVC-03,Routine,Client,Portal,2025-08-24,14.9,Low,6,1,8,1,34,23
REQ-000493,LOC-01,SVC-08,Routine,Case Manager,Phone,2025-08-24,46.0,Medium,6,1,8,1,34,23
REQ-000494,LOC-06,SVC-07,Urgent,GP / Clinician,Referral,2025-08-24,65.1,High,6,1,8,1,34,23
REQ-000495,LOC-03,SVC-08,Routine,Client,Phone,2025-08-24,26.6,Low,6,1,8,1,34,23
REQ-000496,LOC-03,SVC-09,Urgent,Client,Phone,2025-08-24,42.1,Medium,6,1,8,1,34,23
REQ-000497,LOC-09,SVC-01,Routine,Client,Phone,2025-08-24,37.9,Medium,6,1,8,1,34,23
REQ-000498,LOC-02,SVC-05,Emergency,Case Manager,Referral,2025-08-25,54.0,High,0,0,8,1,35,24
REQ-000499,LOC-03,SVC-06,Routine,Client,Portal,2025-08-25,9.6,Low,0,0,8,1,35,24
REQ-000500,LOC-03,SVC-02,Routine,Client,Portal,2025-08-25,16.1,Low,0,0,8,1,35,24
REQ-000501,LOC-06,SVC-02,Routine,Case Manager,Phone,2025-08-25,32.5,Medium,0,0,8,1,35,24
REQ-000502,LOC-10,SVC-01,Routine,Client,Portal,2025-08-25,14.4,Low,0,0,8,1,35,24
REQ-000503,LOC-04,SVC-05,Routine,Case Manager,Referral,2025-08-25,83.8,Critical,0,0,8,1,35,24
REQ-000504,LOC-08,SVC-08,Routine,Client,Phone,2025-08-25,16.6,Low,0,0,8,1,35,24
REQ-000505,LOC-05,SVC-07,Routine,Case Manager,Phone,2025-08-25,41.0,Medium,0,0,8,1,35,24
REQ-000506,LOC-09,SVC-06,Urgent,Client,Portal,2025-08-25,16.0,Low,0,0,8,1,35,24
REQ-000507,LOC-04,SVC-01,Priority,Client,Portal,2025-08-25,18.8,Low,0,0,8,1,35,24
REQ-000508,LOC-08,SVC-04,Routine,Client,Portal,2025-08-25,36.4,Medium,0,0,8,1,35,24
REQ-000509,LOC-05,SVC-02,Priority,GP / Clinician,Phone,2025-08-25,65.3,High,0,0,8,1,35,24
REQ-000510,LOC-06,SVC-09,Priority,Client,Portal,2025-08-25,19.4,Low,0,0,8,1,35,24
REQ-000511,LOC-09,SVC-09,Routine,Family Member,Portal,2025-08-25,4.5,Low,0,0,8,1,35,24
REQ-000512,LOC-07,SVC-05,Urgent,Case Manager,Referral,2025-08-25,67.2,High,0,0,8,1,35,24
REQ-000513,LOC-02,SVC-05,Urgent,Family Member,Portal,2025-08-25,60.1,High,0,0,8,1,35,24
REQ-000514,LOC-06,SVC-01,Routine,Family Member,Portal,2025-08-25,9.5,Low,0,0,8,1,35,24
REQ-000515,LOC-09,SVC-09,Routine,Family Member,Referral,2025-08-25,49.5,Medium,0,0,8,1,35,24
REQ-000516,LOC-07,SVC-01,Priority,Case Manager,Referral,2025-08-25,69.5,High,0,0,8,1,35,24
REQ-000517,LOC-05,SVC-07,Routine,Client,Portal,2025-08-25,13.7,Low,0,0,8,1,35,24
REQ-000518,LOC-03,SVC-04,Priority,Case Manager,Portal,2025-08-25,47.0,Medium,0,0,8,1,35,24
REQ-000519,LOC-10,SVC-07,Priority,Client,Case Manager,2025-08-25,25.5,Medium,0,0,8,1,35,24
REQ-000520,LOC-03,SVC-02,Routine,Family Member,Referral,2025-08-25,13.2,Low,0,0,8,1,35,24
REQ-000521,LOC-02,SVC-06,Priority,Case Manager,Referral,2025-08-25,17.7,Low,0,0,8,1,35,24
REQ-000522,LOC-02,SVC-02,Urgent,Client,Portal,2025-08-25,18.0,Low,0,0,8,1,35,24
REQ-000523,LOC-02,SVC-01,Priority,GP / Clinician,Phone,2025-08-25,37.3,Medium,0,0,8,1,35,24
REQ-000524,LOC-05,SVC-07,Routine,Client,Phone,2025-08-25,5.2,Low,0,0,8,1,35,24
REQ-000525,LOC-06,SVC-07,Priority,Case Manager,Phone,2025-08-25,41.1,Medium,0,0,8,1,35,24
REQ-000526,LOC-05,SVC-02,Urgent,GP / Clinician,Phone,2025-08-25,66.8,High,0,0,8,1,35,24
REQ-000527,LOC-09,SVC-02,Urgent,Case Manager,Case Manager,2025-08-25,87.7,Critical,0,0,8,1,35,24
REQ-000529,LOC-06,SVC-01,Routine,Family Member,Phone,2025-08-26,14.1,Low,1,0,8,1,35,25
REQ-000530,LOC-06,SVC-05,Priority,Client,Phone,2025-08-26,42.3,Medium,1,0,8,1,35,25
REQ-000531,LOC-06,SVC-01,Urgent,GP / Clinician,Phone,2025-08-26,49.4,Medium,1,0,8,1,35,25
REQ-000534,LOC-04,SVC-04,Priority,Family Member,Referral,2025-08-26,14.6,Low,1,0,8,1,35,25
REQ-000535,LOC-07,SVC-06,Urgent,Client,Referral,2025-08-26,66.0,High,1,0,8,1,35,25
REQ-000537,LOC-08,SVC-05,Routine,Client,Phone,2025-08-26,40.3,Medium,1,0,8,1,35,25
REQ-000538,LOC-09,SVC-03,Routine,Case Manager,Portal,2025-08-26,14.4,Low,1,0,8,1,35,25
REQ-000539,LOC-10,SVC-03,Routine,Family Member,Case Manager,2025-08-26,37.4,Medium,1,0,8,1,35,25
REQ-000540,LOC-08,SVC-05,Routine,Case Manager,Portal,2025-08-26,18.9,Low,1,0,8,1,35,25
REQ-000541,LOC-07,SVC-03,Priority,Client,Phone,2025-08-26,67.8,High,1,0,8,1,35,25
REQ-000542,LOC-02,SVC-04,Urgent,Client,Portal,2025-08-26,36.2,Medium,1,0,8,1,35,25
REQ-000543,LOC-01,SVC-04,Priority,Case Manager,Case Manager,2025-08-26,72.6,High,1,0,8,1,35,25
REQ-000544,LOC-01,SVC-03,Priority,Family Member,Phone,2025-08-26,64.7,High,1,0,8,1,35,25
REQ-000545,LOC-01,SVC-02,Priority,Client,Phone,2025-08-26,39.6,Medium,1,0,8,1,35,25
REQ-000546,LOC-10,SVC-01,Routine,Family Member,Portal,2025-08-26,8.8,Low,1,0,8,1,35,25
REQ-000547,LOC-04,SVC-02,Priority,Family Member,Phone,2025-08-26,56.9,High,1,0,8,1,35,25
REQ-000548,LOC-04,SVC-01,Urgent,GP / Clinician,Referral,2025-08-26,37.3,Medium,1,0,8,1,35,25
REQ-000549,LOC-10,SVC-01,Emergency,Client,Portal,2025-08-27,65.6,High,2,0,8,1,35,26
REQ-000550,LOC-07,SVC-01,Urgent,Family Member,Phone,2025-08-27,40.1,Medium,2,0,8,1,35,26
REQ-000551,LOC-03,SVC-08,Urgent,Case Manager,Portal,2025-08-27,15.0,Low,2,0,8,1,35,26
REQ-000552,LOC-06,SVC-08,Routine,Client,Portal,2025-08-27,44.0,Medium,2,0,8,1,35,26
REQ-000553,LOC-07,SVC-08,Priority,Case Manager,Phone,2025-08-27,67.6,High,2,0,8,1,35,26
REQ-000554,LOC-02,SVC-01,Routine,Case Manager,Portal,2025-08-27,52.5,High,2,0,8,1,35,26
REQ-000555,LOC-05,SVC-01,Priority,Family Member,Portal,2025-08-27,29.2,Medium,2,0,8,1,35,26
REQ-000556,LOC-01,SVC-06,Routine,Family Member,Phone,2025-08-27,13.5,Low,2,0,8,1,35,26
REQ-000557,LOC-03,SVC-01,Routine,Case Manager,Portal,2025-08-27,8.8,Low,2,0,8,1,35,26
REQ-000558,LOC-04,SVC-08,Priority,Case Manager,Phone,2025-08-27,67.2,High,2,0,8,1,35,26
REQ-000559,LOC-07,SVC-01,Routine,Case Manager,Phone,2025-08-27,32.6,Medium,2,0,8,1,35,26
REQ-000561,LOC-07,SVC-03,Urgent,Client,Portal,2025-08-27,32.3,Medium,2,0,8,1,35,26
REQ-000563,LOC-06,SVC-07,Routine,Case Manager,Phone,2025-08-27,43.7,Medium,2,0,8,1,35,26
REQ-000564,LOC-07,SVC-03,Priority,Client,Portal,2025-08-27,45.2,Medium,2,0,8,1,35,26
REQ-000565,LOC-10,SVC-05,Routine,Family Member,Portal,2025-08-27,17.8,Low,2,0,8,1,35,26
REQ-000566,LOC-10,SVC-06,Priority,Case Manager,Phone,2025-08-27,29.1,Medium,2,0,8,1,35,26
REQ-000567,LOC-05,SVC-01,Priority,Family Member,Referral,2025-08-27,76.0,Critical,2,0,8,1,35,26
REQ-000568,LOC-06,SVC-05,Priority,Family Member,Phone,2025-08-27,46.8,Medium,2,0,8,1,35,26
REQ-000569,LOC-07,SVC-01,Routine,Client,Case Manager,2025-08-27,11.7,Low,2,0,8,1,35,26
REQ-000570,LOC-10,SVC-01,Routine,Client,Portal,2025-08-27,18.4,Low,2,0,8,1,35,26
REQ-000571,LOC-08,SVC-07,Routine,Family Member,Referral,2025-08-27,41.3,Medium,2,0,8,1,35,26
REQ-000572,LOC-07,SVC-07,Routine,Case Manager,Referral,2025-08-27,59.7,High,2,0,8,1,35,26
REQ-000573,LOC-01,SVC-02,Routine,Family Member,Portal,2025-08-27,11.3,Low,2,0,8,1,35,26
REQ-000574,LOC-03,SVC-08,Routine,Family Member,Case Manager,2025-08-27,14.1,Low,2,0,8,1,35,26
REQ-000575,LOC-03,SVC-08,Routine,GP / Clinician,Portal,2025-08-27,32.1,Medium,2,0,8,1,35,26
REQ-000576,LOC-08,SVC-06,Routine,Family Member,Case Manager,2025-08-28,36.7,Medium,3,0,8,1,35,27
REQ-000577,LOC-01,SVC-05,Priority,Case Manager,Portal,2025-08-28,65.8,High,3,0,8,1,35,27
REQ-000578,LOC-09,SVC-01,Priority,Family Member,Phone,2025-08-28,61.0,High,3,0,8,1,35,27
REQ-000579,LOC-09,SVC-09,Urgent,GP / Clinician,Case Manager,2025-08-28,89.6,Critical,3,0,8,1,35,27
REQ-000580,LOC-04,SVC-01,Routine,Client,Portal,2025-08-28,68.6,High,3,0,8,1,35,27
REQ-000581,LOC-10,SVC-05,Routine,GP / Clinician,Case Manager,2025-08-28,11.0,Low,3,0,8,1,35,27
REQ-000582,LOC-02,SVC-07,Emergency,Family Member,Case Manager,2025-08-28,36.6,Medium,3,0,8,1,35,27
REQ-000583,LOC-01,SVC-04,Routine,Client,Phone,2025-08-28,91.4,Critical,3,0,8,1,35,27
REQ-000584,LOC-10,SVC-01,Routine,Case Manager,Portal,2025-08-28,33.3,Medium,3,0,8,1,35,27
REQ-000585,LOC-07,SVC-07,Routine,Client,Portal,2025-08-28,40.1,Medium,3,0,8,1,35,27
REQ-000586,LOC-08,SVC-09,Priority,Family Member,Portal,2025-08-28,8.5,Low,3,0,8,1,35,27
REQ-000587,LOC-05,SVC-02,Emergency,GP / Clinician,Phone,2025-08-28,37.3,Medium,3,0,8,1,35,27
REQ-000588,LOC-05,SVC-02,Routine,Client,Portal,2025-08-28,1.0,Low,3,0,8,1,35,27
REQ-000590,LOC-03,SVC-07,Routine,Family Member,Phone,2025-08-28,12.5,Low,3,0,8,1,35,27
REQ-000591,LOC-09,SVC-08,Urgent,Family Member,Case Manager,2025-08-28,11.1,Low,3,0,8,1,35,27
REQ-000592,LOC-08,SVC-05,Routine,Client,Portal,2025-08-28,36.9,Medium,3,0,8,1,35,27
REQ-000593,LOC-06,SVC-07,Priority,GP / Clinician,Case Manager,2025-08-28,48.8,Medium,3,0,8,1,35,27
REQ-000594,LOC-01,SVC-02,Priority,Case Manager,Case Manager,2025-08-28,29.4,Medium,3,0,8,1,35,27
REQ-000595,LOC-02,SVC-02,Routine,Case Manager,Phone,2025-08-28,70.6,High,3,0,8,1,35,27
REQ-000596,LOC-08,SVC-06,Priority,Client,Portal,2025-08-28,55.4,High,3,0,8,1,35,27
REQ-000597,LOC-09,SVC-06,Emergency,Client,Referral,2025-08-28,29.4,Medium,3,0,8,1,35,27
REQ-000598,LOC-05,SVC-06,Routine,Client,Phone,2025-08-28,39.7,Medium,3,0,8,1,35,27
REQ-000599,LOC-09,SVC-01,Routine,Family Member,Portal,2025-08-28,7.6,Low,3,0,8,1,35,27
REQ-000600,LOC-06,SVC-08,Routine,Family Member,Portal,2025-08-28,7.9,Low,3,0,8,1,35,27
REQ-000602,LOC-01,SVC-05,Routine,Family Member,Portal,2025-08-28,64.9,High,3,0,8,1,35,27
REQ-000603,LOC-07,SVC-09,Routine,Client,Phone,2025-08-28,32.1,Medium,3,0,8,1,35,27
REQ-000604,LOC-03,SVC-04,Priority,Client,Phone,2025-08-28,13.7,Low,3,0,8,1,35,27
REQ-000605,LOC-08,SVC-07,Routine,Client,Portal,2025-08-28,37.2,Medium,3,0,8,1,35,27
REQ-000606,LOC-07,SVC-04,Priority,GP / Clinician,Phone,2025-08-28,67.2,High,3,0,8,1,35,27
REQ-000607,LOC-03,SVC-01,Routine,Case Manager,Referral,2025-08-28,10.8,Low,3,0,8,1,35,27
REQ-000608,LOC-09,SVC-06,Priority,GP / Clinician,Phone,2025-08-28,94.9,Critical,3,0,8,1,35,27
REQ-000609,LOC-10,SVC-01,Priority,Client,Referral,2025-08-29,16.2,Low,4,0,8,1,35,28
REQ-000611,LOC-09,SVC-05,Routine,Client,Phone,2025-08-29,36.1,Medium,4,0,8,1,35,28
REQ-000612,LOC-08,SVC-02,Routine,Family Member,Phone,2025-08-29,8.6,Low,4,0,8,1,35,28
REQ-000614,LOC-09,SVC-01,Priority,GP / Clinician,Phone,2025-08-29,78.0,Critical,4,0,8,1,35,28
REQ-000615,LOC-06,SVC-01,Priority,Client,Phone,2025-08-29,27.7,Low,4,0,8,1,35,28
REQ-000616,LOC-01,SVC-04,Urgent,Client,Phone,2025-08-29,66.7,High,4,0,8,1,35,28
REQ-000618,LOC-01,SVC-05,Priority,Case Manager,Portal,2025-08-29,32.9,Medium,4,0,8,1,35,28
REQ-000619,LOC-07,SVC-02,Routine,Case Manager,Referral,2025-08-29,18.1,Low,4,0,8,1,35,28
REQ-000620,LOC-06,SVC-02,Routine,Case Manager,Case Manager,2025-08-29,9.2,Low,4,0,8,1,35,28
REQ-000621,LOC-10,SVC-08,Routine,Family Member,Phone,2025-08-29,61.9,High,4,0,8,1,35,28
REQ-000622,LOC-01,SVC-02,Routine,Family Member,Phone,2025-08-29,14.6,Low,4,0,8,1,35,28
REQ-000623,LOC-06,SVC-02,Routine,Family Member,Portal,2025-08-29,9.0,Low,4,0,8,1,35,28
REQ-000624,LOC-05,SVC-07,Routine,Case Manager,Phone,2025-08-29,57.2,High,4,0,8,1,35,28
REQ-000625,LOC-02,SVC-05,Priority,Family Member,Referral,2025-08-29,37.7,Medium,4,0,8,1,35,28
REQ-000626,LOC-08,SVC-03,Priority,Case Manager,Portal,2025-08-29,9.6,Low,4,0,8,1,35,28
REQ-000627,LOC-09,SVC-06,Emergency,GP / Clinician,Phone,2025-08-29,85.7,Critical,4,0,8,1,35,28
REQ-000628,LOC-03,SVC-04,Routine,Family Member,Portal,2025-08-29,15.8,Low,4,0,8,1,35,28
REQ-000629,LOC-01,SVC-02,Routine,Client,Portal,2025-08-29,18.0,Low,4,0,8,1,35,28
REQ-000630,LOC-02,SVC-01,Routine,Client,Case Manager,2025-08-29,14.3,Low,4,0,8,1,35,28
REQ-000631,LOC-07,SVC-01,Routine,Family Member,Referral,2025-08-29,73.9,High,4,0,8,1,35,28
REQ-000632,LOC-02,SVC-04,Routine,Client,Portal,2025-08-29,33.4,Medium,4,0,8,1,35,28
REQ-000633,LOC-06,SVC-04,Priority,Case Manager,Phone,2025-08-29,36.0,Medium,4,0,8,1,35,28
REQ-000634,LOC-02,SVC-08,Routine,Client,Referral,2025-08-29,23.6,Low,4,0,8,1,35,28
REQ-000635,LOC-10,SVC-03,Priority,Client,Portal,2025-08-29,36.0,Medium,4,0,8,1,35,28
REQ-000636,LOC-02,SVC-02,Priority,Client,Phone,2025-08-30,68.0,High,5,1,8,1,35,29
REQ-000637,LOC-04,SVC-02,Routine,Family Member,Referral,2025-08-30,29.2,Medium,5,1,8,1,35,29
REQ-000638,LOC-08,SVC-02,Priority,Client,Portal,2025-08-30,20.8,Low,5,1,8,1,35,29
REQ-000640,LOC-05,SVC-03,Routine,Client,Phone,2025-08-31,15.1,Low,6,1,8,1,35,30
REQ-000641,LOC-06,SVC-07,Priority,Family Member,Referral,2025-08-31,58.6,High,6,1,8,1,35,30
REQ-000642,LOC-09,SVC-04,Routine,Family Member,Phone,2025-08-31,14.1,Low,6,1,8,1,35,30
REQ-000643,LOC-06,SVC-01,Priority,Family Member,Portal,2025-08-31,35.3,Medium,6,1,8,1,35,30
REQ-000644,LOC-03,SVC-07,Routine,GP / Clinician,Phone,2025-08-31,43.4,Medium,6,1,8,1,35,30
REQ-000646,LOC-07,SVC-05,Urgent,Family Member,Phone,2025-08-31,66.3,High,6,1,8,1,35,30
REQ-000647,LOC-02,SVC-01,Priority,Case Manager,Phone,2025-09-01,63.9,High,0,0,9,0,36,31
REQ-000648,LOC-08,SVC-05,Priority,Client,Phone,2025-09-01,64.2,High,0,0,9,0,36,31
REQ-000649,LOC-07,SVC-07,Routine,Client,Referral,2025-09-01,5.4,Low,0,0,9,0,36,31
REQ-000650,LOC-06,SVC-02,Routine,Family Member,Portal,2025-09-01,37.6,Medium,0,0,9,0,36,31
REQ-000651,LOC-03,SVC-03,Routine,Client,Referral,2025-09-01,46.3,Medium,0,0,9,0,36,31
REQ-000652,LOC-01,SVC-08,Routine,Client,Phone,2025-09-01,25.7,Low,0,0,9,0,36,31
REQ-000653,LOC-04,SVC-05,Priority,Family Member,Phone,2025-09-01,18.9,Low,0,0,9,0,36,31
REQ-000654,LOC-01,SVC-03,Routine,Family Member,Referral,2025-09-01,35.0,Medium,0,0,9,0,36,31
REQ-000656,LOC-01,SVC-01,Routine,Case Manager,Phone,2025-09-01,28.4,Medium,0,0,9,0,36,31
REQ-000657,LOC-07,SVC-01,Emergency,Family Member,Referral,2025-09-01,37.6,Medium,0,0,9,0,36,31
REQ-000658,LOC-09,SVC-02,Urgent,GP / Clinician,Referral,2025-09-01,65.0,High,0,0,9,0,36,31
REQ-000659,LOC-02,SVC-07,Routine,Family Member,Portal,2025-09-01,18.6,Low,0,0,9,0,36,31
REQ-000660,LOC-06,SVC-08,Urgent,Client,Referral,2025-09-01,79.9,Critical,0,0,9,0,36,31
REQ-000661,LOC-03,SVC-07,Priority,Case Manager,Portal,2025-09-01,15.7,Low,0,0,9,0,36,31
REQ-000662,LOC-06,SVC-07,Urgent,Client,Phone,2025-09-01,28.5,Medium,0,0,9,0,36,31
REQ-000663,LOC-03,SVC-07,Urgent,Family Member,Phone,2025-09-01,88.3,Critical,0,0,9,0,36,31
REQ-000664,LOC-03,SVC-02,Routine,Client,Referral,2025-09-01,19.0,Low,0,0,9,0,36,31
REQ-000665,LOC-07,SVC-02,Urgent,Client,Portal,2025-09-01,8.9,Low,0,0,9,0,36,31
REQ-000666,LOC-05,SVC-02,Urgent,Case Manager,Phone,2025-09-01,64.5,High,0,0,9,0,36,31
REQ-000667,LOC-06,SVC-07,Routine,Client,Referral,2025-09-01,14.3,Low,0,0,9,0,36,31
REQ-000668,LOC-03,SVC-02,Routine,Family Member,Portal,2025-09-02,49.6,Medium,1,0,9,0,36,32
REQ-000669,LOC-02,SVC-01,Routine,Case Manager,Phone,2025-09-02,32.6,Medium,1,0,9,0,36,32
REQ-000670,LOC-07,SVC-01,Routine,Family Member,Portal,2025-09-02,4.9,Low,1,0,9,0,36,32
REQ-000671,LOC-02,SVC-04,Priority,Case Manager,Phone,2025-09-02,44.5,Medium,1,0,9,0,36,32
REQ-000672,LOC-03,SVC-05,Emergency,Case Manager,Referral,2025-09-02,35.2,Medium,1,0,9,0,36,32
REQ-000673,LOC-08,SVC-07,Priority,Family Member,Referral,2025-09-02,20.0,Low,1,0,9,0,36,32
REQ-000674,LOC-08,SVC-01,Routine,GP / Clinician,Portal,2025-09-02,63.4,High,1,0,9,0,36,32
REQ-000675,LOC-02,SVC-05,Emergency,GP / Clinician,Phone,2025-09-02,86.4,Critical,1,0,9,0,36,32
REQ-000676,LOC-07,SVC-01,Urgent,Client,Portal,2025-09-02,32.5,Medium,1,0,9,0,36,32
REQ-000677,LOC-05,SVC-05,Urgent,Case Manager,Phone,2025-09-02,86.5,Critical,1,0,9,0,36,32
REQ-000678,LOC-06,SVC-05,Routine,Case Manager,Phone,2025-09-02,23.2,Medium,1,0,9,0,36,32
REQ-000679,LOC-08,SVC-06,Routine,Client,Portal,2025-09-02,16.2,Low,1,0,9,0,36,32
REQ-000680,LOC-07,SVC-01,Urgent,Case Manager,Case Manager,2025-09-02,62.4,High,1,0,9,0,36,32
REQ-000681,LOC-09,SVC-07,Routine,Case Manager,Phone,2025-09-02,73.1,High,1,0,9,0,36,32
REQ-000683,LOC-06,SVC-07,Routine,Family Member,Case Manager,2025-09-02,66.3,High,1,0,9,0,36,32
REQ-000684,LOC-09,SVC-01,Routine,Client,Case Manager,2025-09-02,16.2,Low,1,0,9,0,36,32
REQ-000685,LOC-01,SVC-02,Routine,Client,Referral,2025-09-02,12.3,Low,1,0,9,0,36,32
REQ-000686,LOC-05,SVC-05,Priority,Client,Phone,2025-09-02,6.1,Low,1,0,9,0,36,32
REQ-000687,LOC-07,SVC-01,Urgent,Case Manager,Portal,2025-09-02,59.8,High,1,0,9,0,36,32
REQ-000688,LOC-04,SVC-01,Priority,GP / Clinician,Phone,2025-09-02,83.2,Critical,1,0,9,0,36,32
REQ-000689,LOC-07,SVC-01,Routine,Client,Phone,2025-09-02,39.5,Medium,1,0,9,0,36,32
REQ-000690,LOC-08,SVC-09,Routine,Case Manager,Phone,2025-09-02,9.4,Low,1,0,9,0,36,32
REQ-000691,LOC-04,SVC-01,Priority,Case Manager,Phone,2025-09-02,33.4,Medium,1,0,9,0,36,32
REQ-000692,LOC-05,SVC-05,Routine,Client,Phone,2025-09-02,45.4,Medium,1,0,9,0,36,32
REQ-000693,LOC-07,SVC-04,Routine,Client,Referral,2025-09-02,48.8,High,1,0,9,0,36,32
REQ-000694,LOC-01,SVC-05,Routine,Case Manager,Phone,2025-09-03,40.9,Medium,2,0,9,0,36,33
REQ-000696,LOC-03,SVC-07,Priority,GP / Clinician,Portal,2025-09-03,42.1,Medium,2,0,9,0,36,33
REQ-000697,LOC-06,SVC-02,Routine,Client,Portal,2025-09-03,6.1,Low,2,0,9,0,36,33
REQ-000698,LOC-06,SVC-02,Priority,Case Manager,Case Manager,2025-09-03,34.4,Medium,2,0,9,0,36,33
REQ-000699,LOC-10,SVC-05,Routine,Client,Portal,2025-09-03,14.1,Low,2,0,9,0,36,33
REQ-000700,LOC-06,SVC-01,Urgent,Case Manager,Referral,2025-09-03,59.5,High,2,0,9,0,36,33
REQ-000701,LOC-01,SVC-06,Routine,Family Member,Portal,2025-09-03,15.0,Low,2,0,9,0,36,33
REQ-000702,LOC-05,SVC-03,Routine,Case Manager,Phone,2025-09-03,38.4,Medium,2,0,9,0,36,33
REQ-000703,LOC-08,SVC-05,Priority,Family Member,Portal,2025-09-03,42.8,Medium,2,0,9,0,36,33
REQ-000705,LOC-01,SVC-02,Priority,Client,Case Manager,2025-09-03,37.3,Medium,2,0,9,0,36,33
REQ-000706,LOC-04,SVC-05,Priority,Client,Portal,2025-09-03,20.0,Low,2,0,9,0,36,33
REQ-000707,LOC-09,SVC-09,Priority,Case Manager,Referral,2025-09-03,6.3,Low,2,0,9,0,36,33
REQ-000708,LOC-10,SVC-05,Routine,Case Manager,Phone,2025-09-03,35.1,Medium,2,0,9,0,36,33
REQ-000710,LOC-09,SVC-09,Routine,Client,Phone,2025-09-04,32.4,Medium,3,0,9,0,36,34
REQ-000711,LOC-03,SVC-01,Routine,Family Member,Phone,2025-09-04,77.7,Critical,3,0,9,0,36,34
REQ-000712,LOC-05,SVC-01,Priority,Family Member,Case Manager,2025-09-04,38.1,Medium,3,0,9,0,36,34
REQ-000713,LOC-03,SVC-07,Emergency,Case Manager,Phone,2025-09-04,35.2,Medium,3,0,9,0,36,34
REQ-000714,LOC-07,SVC-07,Routine,Client,Case Manager,2025-09-04,64.3,High,3,0,9,0,36,34
REQ-000715,LOC-03,SVC-03,Priority,Client,Portal,2025-09-04,12.3,Low,3,0,9,0,36,34
REQ-000716,LOC-02,SVC-08,Priority,Family Member,Phone,2025-09-04,85.1,Critical,3,0,9,0,36,34
REQ-000717,LOC-06,SVC-01,Routine,Family Member,Phone,2025-09-04,13.1,Low,3,0,9,0,36,34
REQ-000718,LOC-07,SVC-05,Priority,Case Manager,Referral,2025-09-04,72.8,High,3,0,9,0,36,34
REQ-000720,LOC-04,SVC-06,Routine,Case Manager,Phone,2025-09-04,82.6,Critical,3,0,9,0,36,34
REQ-000722,LOC-07,SVC-01,Routine,Client,Referral,2025-09-04,12.9,Low,3,0,9,0,36,34
REQ-000723,LOC-07,SVC-05,Routine,Client,Portal,2025-09-04,37.7,Medium,3,0,9,0,36,34
REQ-000724,LOC-10,SVC-08,Routine,Client,Case Manager,2025-09-04,9.9,Low,3,0,9,0,36,34
REQ-000726,LOC-05,SVC-02,Routine,Family Member,Case Manager,2025-09-04,29.9,Medium,3,0,9,0,36,34
REQ-000727,LOC-04,SVC-03,Routine,Client,Portal,2025-09-04,20.3,Low,3,0,9,0,36,34
REQ-000728,LOC-09,SVC-05,Urgent,Family Member,Case Manager,2025-09-05,49.0,Medium,4,0,9,0,36,35
REQ-000729,LOC-06,SVC-02,Routine,GP / Clinician,Phone,2025-09-05,67.7,High,4,0,9,0,36,35
REQ-000732,LOC-07,SVC-02,Routine,Client,Phone,2025-09-05,10.3,Low,4,0,9,0,36,35
REQ-000733,LOC-04,SVC-07,Routine,Client,Case Manager,2025-09-05,15.5,Low,4,0,9,0,36,35
REQ-000734,LOC-01,SVC-02,Urgent,Client,Phone,2025-09-05,6.8,Low,4,0,9,0,36,35
REQ-000735,LOC-04,SVC-06,Priority,GP / Clinician,Phone,2025-09-05,59.4,High,4,0,9,0,36,35
REQ-000736,LOC-04,SVC-02,Routine,GP / Clinician,Referral,2025-09-05,58.3,High,4,0,9,0,36,35
REQ-000737,LOC-10,SVC-02,Routine,Client,Referral,2025-09-05,32.1,Low,4,0,9,0,36,35
REQ-000738,LOC-07,SVC-01,Urgent,Client,Portal,2025-09-05,53.6,High,4,0,9,0,36,35
REQ-000739,LOC-09,SVC-03,Emergency,GP / Clinician,Phone,2025-09-05,87.5,Critical,4,0,9,0,36,35
REQ-000740,LOC-07,SVC-07,Urgent,GP / Clinician,Referral,2025-09-05,87.7,Critical,4,0,9,0,36,35
REQ-000741,LOC-10,SVC-02,Routine,Case Manager,Portal,2025-09-05,15.6,Low,4,0,9,0,36,35
REQ-000742,LOC-01,SVC-09,Priority,Client,Case Manager,2025-09-05,19.7,Low,4,0,9,0,36,35
REQ-000743,LOC-04,SVC-04,Urgent,Family Member,Phone,2025-09-05,62.0,High,4,0,9,0,36,35
REQ-000744,LOC-01,SVC-08,Routine,Client,Case Manager,2025-09-05,16.5,Low,4,0,9,0,36,35
REQ-000745,LOC-02,SVC-02,Priority,Case Manager,Portal,2025-09-05,57.7,High,4,0,9,0,36,35
REQ-000746,LOC-04,SVC-01,Priority,Client,Case Manager,2025-09-05,40.3,Medium,4,0,9,0,36,35
REQ-000747,LOC-10,SVC-01,Routine,Client,Portal,2025-09-05,37.7,Medium,4,0,9,0,36,35
REQ-000748,LOC-10,SVC-02,Priority,Client,Phone,2025-09-06,12.3,Low,5,1,9,0,36,36
REQ-000750,LOC-07,SVC-05,Routine,Case Manager,Referral,2025-09-06,45.3,Medium,5,1,9,0,36,36
REQ-000751,LOC-01,SVC-03,Routine,Family Member,Referral,2025-09-06,39.0,Medium,5,1,9,0,36,36
REQ-000752,LOC-02,SVC-02,Routine,Client,Case Manager,2025-09-06,14.1,Low,5,1,9,0,36,36
REQ-000753,LOC-09,SVC-01,Priority,GP / Clinician,Portal,2025-09-06,32.7,Medium,5,1,9,0,36,36
REQ-000754,LOC-06,SVC-02,Routine,Client,Case Manager,2025-09-06,21.4,Low,5,1,9,0,36,36
REQ-000755,LOC-06,SVC-02,Priority,Case Manager,Phone,2025-09-06,59.3,High,5,1,9,0,36,36
REQ-000756,LOC-08,SVC-01,Routine,Client,Phone,2025-09-06,15.1,Low,5,1,9,0,36,36
REQ-000757,LOC-10,SVC-03,Urgent,Case Manager,Phone,2025-09-06,82.7,Critical,5,1,9,0,36,36
REQ-000758,LOC-05,SVC-09,Routine,GP / Clinician,Referral,2025-09-06,41.7,Medium,5,1,9,0,36,36
REQ-000759,LOC-05,SVC-01,Priority,GP / Clinician,Phone,2025-09-06,64.4,High,5,1,9,0,36,36
REQ-000760,LOC-07,SVC-02,Priority,Case Manager,Phone,2025-09-06,63.1,High,5,1,9,0,36,36
REQ-000761,LOC-01,SVC-06,Priority,Family Member,Portal,2025-09-06,26.9,Low,5,1,9,0,36,36
REQ-000762,LOC-09,SVC-05,Routine,Client,Referral,2025-09-06,20.0,Low,5,1,9,0,36,36
REQ-000763,LOC-03,SVC-08,Priority,GP / Clinician,Portal,2025-09-07,71.4,High,6,1,9,0,36,37
REQ-000764,LOC-05,SVC-06,Priority,Family Member,Phone,2025-09-07,72.7,High,6,1,9,0,36,37
REQ-000765,LOC-08,SVC-02,Urgent,Case Manager,Phone,2025-09-07,72.4,High,6,1,9,0,36,37
REQ-000766,LOC-06,SVC-01,Priority,Family Member,Phone,2025-09-07,66.8,High,6,1,9,0,36,37
REQ-000767,LOC-04,SVC-01,Priority,Family Member,Phone,2025-09-07,3.5,Low,6,1,9,0,36,37
REQ-000769,LOC-09,SVC-05,Routine,Client,Portal,2025-09-07,29.6,Low,6,1,9,0,36,37
REQ-000770,LOC-03,SVC-05,Routine,Client,Portal,2025-09-07,28.2,Medium,6,1,9,0,36,37
REQ-000771,LOC-02,SVC-05,Priority,Case Manager,Portal,2025-09-08,77.8,Critical,0,0,9,0,37,38
REQ-000773,LOC-07,SVC-08,Routine,Client,Referral,2025-09-08,39.4,Medium,0,0,9,0,37,38
REQ-000774,LOC-08,SVC-05,Routine,Family Member,Portal,2025-09-08,18.4,Low,0,0,9,0,37,38
REQ-000775,LOC-02,SVC-04,Routine,Case Manager,Portal,2025-09-08,16.4,Low,0,0,9,0,37,38
REQ-000776,LOC-05,SVC-06,Routine,Family Member,Phone,2025-09-08,64.3,High,0,0,9,0,37,38
REQ-000777,LOC-02,SVC-02,Routine,GP / Clinician,Phone,2025-09-08,59.6,High,0,0,9,0,37,38
REQ-000778,LOC-07,SVC-07,Routine,Client,Portal,2025-09-08,14.9,Low,0,0,9,0,37,38
REQ-000779,LOC-08,SVC-02,Routine,Client,Phone,2025-09-08,26.3,Low,0,0,9,0,37,38
REQ-000780,LOC-02,SVC-05,Urgent,GP / Clinician,Portal,2025-09-08,65.5,High,0,0,9,0,37,38
REQ-000781,LOC-08,SVC-01,Priority,Family Member,Case Manager,2025-09-08,36.2,Medium,0,0,9,0,37,38
REQ-000783,LOC-03,SVC-01,Priority,Client,Referral,2025-09-08,34.9,Medium,0,0,9,0,37,38
REQ-000784,LOC-05,SVC-05,Routine,Client,Referral,2025-09-08,45.0,Medium,0,0,9,0,37,38
REQ-000786,LOC-10,SVC-01,Routine,Case Manager,Case Manager,2025-09-08,46.6,Medium,0,0,9,0,37,38
REQ-000787,LOC-09,SVC-01,Routine,Client,Case Manager,2025-09-08,16.6,Low,0,0,9,0,37,38
REQ-000788,LOC-10,SVC-02,Priority,Family Member,Phone,2025-09-08,18.4,Low,0,0,9,0,37,38
REQ-000789,LOC-04,SVC-02,Routine,GP / Clinician,Phone,2025-09-08,69.3,High,0,0,9,0,37,38
REQ-000790,LOC-10,SVC-06,Routine,Client,Phone,2025-09-08,18.3,Low,0,0,9,0,37,38
REQ-000791,LOC-04,SVC-05,Urgent,Client,Referral,2025-09-08,23.3,Medium,0,0,9,0,37,38
REQ-000792,LOC-07,SVC-09,Routine,Family Member,Referral,2025-09-08,63.2,High,0,0,9,0,37,38
REQ-000793,LOC-04,SVC-07,Urgent,Family Member,Case Manager,2025-09-09,59.7,High,1,0,9,0,37,39
REQ-000795,LOC-06,SVC-01,Routine,Family Member,Portal,2025-09-09,10.3,Low,1,0,9,0,37,39
REQ-000798,LOC-04,SVC-03,Routine,Client,Phone,2025-09-09,21.1,Low,1,0,9,0,37,39
REQ-000799,LOC-04,SVC-04,Priority,GP / Clinician,Phone,2025-09-09,45.2,Medium,1,0,9,0,37,39
REQ-000800,LOC-06,SVC-01,Urgent,GP / Clinician,Phone,2025-09-09,90.6,Critical,1,0,9,0,37,39
REQ-000801,LOC-07,SVC-03,Routine,Family Member,Portal,2025-09-09,34.8,Medium,1,0,9,0,37,39
REQ-000802,LOC-02,SVC-04,Routine,GP / Clinician,Phone,2025-09-09,46.2,Medium,1,0,9,0,37,39
REQ-000803,LOC-02,SVC-06,Urgent,GP / Clinician,Phone,2025-09-09,33.3,Medium,1,0,9,0,37,39
REQ-000804,LOC-05,SVC-06,Routine,Case Manager,Phone,2025-09-09,39.0,Medium,1,0,9,0,37,39
REQ-000806,LOC-03,SVC-07,Routine,Client,Phone,2025-09-09,9.0,Low,1,0,9,0,37,39
REQ-000807,LOC-09,SVC-02,Emergency,Client,Referral,2025-09-09,72.3,High,1,0,9,0,37,39
REQ-000808,LOC-04,SVC-03,Routine,Family Member,Referral,2025-09-09,24.5,Low,1,0,9,0,37,39
REQ-000809,LOC-05,SVC-05,Routine,Family Member,Portal,2025-09-09,36.8,Medium,1,0,9,0,37,39
REQ-000811,LOC-07,SVC-01,Urgent,Client,Case Manager,2025-09-09,55.3,High,1,0,9,0,37,39
REQ-000813,LOC-01,SVC-02,Routine,Client,Case Manager,2025-09-09,34.3,Medium,1,0,9,0,37,39
REQ-000814,LOC-10,SVC-02,Routine,Case Manager,Phone,2025-09-09,55.8,High,1,0,9,0,37,39
REQ-000815,LOC-01,SVC-03,Emergency,Case Manager,Case Manager,2025-09-10,79.1,Critical,2,0,9,0,37,40
REQ-000816,LOC-04,SVC-01,Priority,Client,Phone,2025-09-10,63.9,High,2,0,9,0,37,40
REQ-000817,LOC-04,SVC-09,Routine,Family Member,Case Manager,2025-09-10,46.1,Medium,2,0,9,0,37,40
REQ-000818,LOC-03,SVC-08,Emergency,Family Member,Referral,2025-09-10,12.9,Low,2,0,9,0,37,40
REQ-000819,LOC-06,SVC-02,Priority,Family Member,Portal,2025-09-10,17.3,Low,2,0,9,0,37,40
REQ-000820,LOC-06,SVC-01,Urgent,Client,Portal,2025-09-10,17.6,Low,2,0,9,0,37,40
REQ-000822,LOC-03,SVC-01,Routine,Client,Phone,2025-09-10,22.2,Low,2,0,9,0,37,40
REQ-000823,LOC-07,SVC-07,Routine,Family Member,Phone,2025-09-10,34.2,Medium,2,0,9,0,37,40
REQ-000825,LOC-03,SVC-01,Priority,Client,Phone,2025-09-10,17.9,Low,2,0,9,0,37,40
REQ-000827,LOC-05,SVC-07,Priority,Client,Phone,2025-09-10,27.5,Medium,2,0,9,0,37,40
REQ-000828,LOC-07,SVC-04,Routine,Case Manager,Phone,2025-09-10,14.3,Low,2,0,9,0,37,40
REQ-000829,LOC-03,SVC-05,Priority,Client,Portal,2025-09-10,12.0,Low,2,0,9,0,37,40
REQ-000830,LOC-10,SVC-02,Priority,Client,Phone,2025-09-10,16.6,Low,2,0,9,0,37,40
REQ-000831,LOC-03,SVC-02,Priority,Family Member,Phone,2025-09-10,39.4,Medium,2,0,9,0,37,40
REQ-000832,LOC-08,SVC-02,Priority,GP / Clinician,Referral,2025-09-10,59.2,High,2,0,9,0,37,40
REQ-000833,LOC-03,SVC-01,Priority,Client,Portal,2025-09-10,12.6,Low,2,0,9,0,37,40
REQ-000834,LOC-03,SVC-02,Priority,Family Member,Phone,2025-09-10,45.7,Medium,2,0,9,0,37,40
REQ-000835,LOC-09,SVC-02,Urgent,GP / Clinician,Phone,2025-09-10,82.3,Critical,2,0,9,0,37,40
REQ-000836,LOC-06,SVC-05,Routine,Case Manager,Phone,2025-09-10,10.4,Low,2,0,9,0,37,40
REQ-000838,LOC-10,SVC-06,Priority,Client,Portal,2025-09-10,61.0,High,2,0,9,0,37,40
REQ-000839,LOC-03,SVC-01,Priority,Family Member,Portal,2025-09-10,33.8,Medium,2,0,9,0,37,40
REQ-000840,LOC-08,SVC-02,Priority,Client,Portal,2025-09-10,8.7,Low,2,0,9,0,37,40
REQ-000841,LOC-03,SVC-01,Routine,Case Manager,Referral,2025-09-10,10.9,Low,2,0,9,0,37,40
REQ-000842,LOC-06,SVC-02,Routine,Family Member,Phone,2025-09-11,21.2,Low,3,0,9,0,37,41
REQ-000843,LOC-01,SVC-01,Priority,Case Manager,Case Manager,2025-09-11,39.4,Medium,3,0,9,0,37,41
REQ-000844,LOC-04,SVC-06,Emergency,Case Manager,Case Manager,2025-09-11,55.9,High,3,0,9,0,37,41
REQ-000845,LOC-06,SVC-09,Priority,Family Member,Case Manager,2025-09-11,35.2,Medium,3,0,9,0,37,41
REQ-000847,LOC-08,SVC-04,Routine,GP / Clinician,Portal,2025-09-11,43.0,Medium,3,0,9,0,37,41
REQ-000848,LOC-07,SVC-02,Priority,Family Member,Portal,2025-09-11,43.5,Medium,3,0,9,0,37,41
REQ-000849,LOC-05,SVC-06,Priority,Client,Case Manager,2025-09-11,16.8,Low,3,0,9,0,37,41
REQ-000850,LOC-10,SVC-03,Emergency,GP / Clinician,Referral,2025-09-11,96.3,Critical,3,0,9,0,37,41
REQ-000851,LOC-08,SVC-04,Routine,Case Manager,Phone,2025-09-11,67.2,High,3,0,9,0,37,41
REQ-000853,LOC-04,SVC-03,Routine,Client,Portal,2025-09-11,40.3,Medium,3,0,9,0,37,41
REQ-000854,LOC-05,SVC-01,Routine,Client,Phone,2025-09-11,32.0,Medium,3,0,9,0,37,41
REQ-000855,LOC-04,SVC-06,Urgent,Case Manager,Portal,2025-09-11,39.6,Medium,3,0,9,0,37,41
REQ-000856,LOC-08,SVC-01,Routine,Client,Phone,2025-09-11,13.2,Low,3,0,9,0,37,41
REQ-000857,LOC-06,SVC-01,Urgent,Client,Portal,2025-09-11,36.0,Medium,3,0,9,0,37,41
REQ-000858,LOC-07,SVC-03,Urgent,Family Member,Portal,2025-09-11,17.6,Low,3,0,9,0,37,41
REQ-000859,LOC-03,SVC-05,Routine,Client,Portal,2025-09-11,26.0,Low,3,0,9,0,37,41
REQ-000860,LOC-10,SVC-08,Urgent,Family Member,Referral,2025-09-11,45.7,Medium,3,0,9,0,37,41
REQ-000861,LOC-07,SVC-09,Urgent,Case Manager,Phone,2025-09-12,55.9,High,4,0,9,0,37,42
REQ-000863,LOC-03,SVC-03,Routine,Client,Referral,2025-09-12,12.4,Low,4,0,9,0,37,42
REQ-000864,LOC-08,SVC-01,Routine,Family Member,Referral,2025-09-12,13.3,Low,4,0,9,0,37,42
REQ-000865,LOC-09,SVC-09,Routine,Client,Phone,2025-09-12,18.4,Low,4,0,9,0,37,42
REQ-000866,LOC-05,SVC-06,Routine,Client,Phone,2025-09-12,6.2,Low,4,0,9,0,37,42
REQ-000867,LOC-09,SVC-02,Routine,Case Manager,Portal,2025-09-12,94.1,Critical,4,0,9,0,37,42
REQ-000868,LOC-05,SVC-07,Routine,Case Manager,Case Manager,2025-09-12,42.5,Medium,4,0,9,0,37,42
REQ-000869,LOC-02,SVC-02,Urgent,Family Member,Phone,2025-09-12,88.8,Critical,4,0,9,0,37,42
REQ-000870,LOC-06,SVC-05,Priority,Client,Case Manager,2025-09-12,9.8,Low,4,0,9,0,37,42
REQ-000871,LOC-06,SVC-03,Routine,GP / Clinician,Referral,2025-09-12,71.4,High,4,0,9,0,37,42
REQ-000873,LOC-10,SVC-01,Routine,Family Member,Referral,2025-09-12,80.0,Critical,4,0,9,0,37,42
REQ-000874,LOC-01,SVC-09,Routine,Client,Phone,2025-09-12,9.5,Low,4,0,9,0,37,42
REQ-000875,LOC-03,SVC-04,Priority,Family Member,Phone,2025-09-12,39.7,Medium,4,0,9,0,37,42
REQ-000876,LOC-02,SVC-02,Routine,Family Member,Phone,2025-09-12,27.4,Medium,4,0,9,0,37,42
REQ-000877,LOC-02,SVC-04,Emergency,Family Member,Referral,2025-09-12,54.4,High,4,0,9,0,37,42
REQ-000878,LOC-06,SVC-06,Priority,Client,Phone,2025-09-12,63.0,High,4,0,9,0,37,42
REQ-000880,LOC-06,SVC-04,Priority,Case Manager,Phone,2025-09-12,65.8,High,4,0,9,0,37,42
REQ-000882,LOC-01,SVC-01,Routine,GP / Clinician,Phone,2025-09-12,7.7,Low,4,0,9,0,37,42
REQ-000883,LOC-08,SVC-01,Urgent,Family Member,Case Manager,2025-09-12,30.3,Medium,4,0,9,0,37,42
REQ-000885,LOC-06,SVC-07,Routine,Family Member,Portal,2025-09-12,14.3,Low,4,0,9,0,37,42
REQ-000886,LOC-01,SVC-01,Routine,Client,Phone,2025-09-12,22.4,Low,4,0,9,0,37,42
REQ-000887,LOC-02,SVC-01,Urgent,GP / Clinician,Phone,2025-09-12,60.1,High,4,0,9,0,37,42
REQ-000888,LOC-03,SVC-02,Priority,Client,Referral,2025-09-12,44.1,Medium,4,0,9,0,37,42
REQ-000889,LOC-10,SVC-09,Routine,Family Member,Phone,2025-09-12,2.2,Low,4,0,9,0,37,42
REQ-000890,LOC-03,SVC-01,Urgent,Family Member,Phone,2025-09-12,15.0,Low,4,0,9,0,37,42
REQ-000891,LOC-05,SVC-02,Routine,Case Manager,Portal,2025-09-12,40.6,Medium,4,0,9,0,37,42
REQ-000893,LOC-09,SVC-03,Routine,GP / Clinician,Phone,2025-09-13,33.8,Medium,5,1,9,0,37,43
REQ-000894,LOC-09,SVC-01,Priority,Client,Portal,2025-09-13,14.3,Low,5,1,9,0,37,43
REQ-000895,LOC-08,SVC-04,Priority,GP / Clinician,Case Manager,2025-09-13,62.6,High,5,1,9,0,37,43
REQ-000896,LOC-03,SVC-06,Urgent,GP / Clinician,Phone,2025-09-13,68.0,High,5,1,9,0,37,43
REQ-000898,LOC-08,SVC-05,Routine,Family Member,Portal,2025-09-13,29.4,Medium,5,1,9,0,37,43
REQ-000899,LOC-09,SVC-01,Routine,Family Member,Case Manager,2025-09-13,36.9,Medium,5,1,9,0,37,43
REQ-000901,LOC-09,SVC-02,Routine,Case Manager,Phone,2025-09-14,69.5,High,6,1,9,0,37,44
REQ-000902,LOC-05,SVC-07,Emergency,Client,Phone,2025-09-14,33.7,Medium,6,1,9,0,37,44
REQ-000903,LOC-04,SVC-08,Urgent,Family Member,Referral,2025-09-14,60.5,High,6,1,9,0,37,44
REQ-000904,LOC-05,SVC-04,Urgent,Client,Phone,2025-09-14,56.4,High,6,1,9,0,37,44
REQ-000905,LOC-03,SVC-02,Routine,Client,Portal,2025-09-14,8.5,Low,6,1,9,0,37,44
REQ-000906,LOC-07,SVC-02,Routine,Family Member,Referral,2025-09-14,17.0,Low,6,1,9,0,37,44
REQ-000907,LOC-08,SVC-07,Routine,Client,Phone,2025-09-14,16.4,Low,6,1,9,0,37,44
REQ-000908,LOC-09,SVC-09,Routine,Family Member,Phone,2025-09-14,8.6,Low,6,1,9,0,37,44
REQ-000909,LOC-10,SVC-01,Priority,Case Manager,Portal,2025-09-14,58.1,High,6,1,9,0,37,44
REQ-000911,LOC-02,SVC-05,Priority,Client,Referral,2025-09-15,16.7,Low,0,0,9,0,38,45
REQ-000912,LOC-06,SVC-04,Routine,Family Member,Phone,2025-09-15,59.5,High,0,0,9,0,38,45
REQ-000913,LOC-09,SVC-01,Priority,Family Member,Case Manager,2025-09-15,43.4,Medium,0,0,9,0,38,45
REQ-000914,LOC-03,SVC-05,Routine,Family Member,Portal,2025-09-15,39.7,Medium,0,0,9,0,38,45
REQ-000915,LOC-06,SVC-06,Urgent,Case Manager,Referral,2025-09-15,99.0,Critical,0,0,9,0,38,45
REQ-000916,LOC-08,SVC-02,Routine,Client,Phone,2025-09-15,15.2,Low,0,0,9,0,38,45
REQ-000917,LOC-02,SVC-07,Emergency,Family Member,Referral,2025-09-15,81.1,Critical,0,0,9,0,38,45
REQ-000918,LOC-02,SVC-08,Priority,Family Member,Phone,2025-09-15,66.3,High,0,0,9,0,38,45
REQ-000919,LOC-08,SVC-07,Routine,Family Member,Portal,2025-09-15,9.9,Low,0,0,9,0,38,45
REQ-000920,LOC-03,SVC-01,Routine,Case Manager,Referral,2025-09-15,47.7,Medium,0,0,9,0,38,45
REQ-000921,LOC-09,SVC-01,Priority,Case Manager,Case Manager,2025-09-15,35.7,Medium,0,0,9,0,38,45
REQ-000922,LOC-08,SVC-02,Routine,Case Manager,Phone,2025-09-15,15.8,Low,0,0,9,0,38,45
REQ-000923,LOC-10,SVC-06,Priority,GP / Clinician,Phone,2025-09-15,33.2,Medium,0,0,9,0,38,45
REQ-000924,LOC-02,SVC-03,Priority,Client,Case Manager,2025-09-15,16.7,Low,0,0,9,0,38,45
REQ-000925,LOC-10,SVC-07,Routine,Case Manager,Phone,2025-09-15,37.4,Medium,0,0,9,0,38,45
REQ-000926,LOC-10,SVC-07,Priority,Client,Case Manager,2025-09-15,60.1,High,0,0,9,0,38,45
REQ-000927,LOC-09,SVC-09,Priority,Family Member,Portal,2025-09-15,51.8,High,0,0,9,0,38,45
REQ-000928,LOC-05,SVC-05,Priority,Client,Phone,2025-09-15,35.7,Medium,0,0,9,0,38,45
REQ-000929,LOC-08,SVC-09,Routine,Family Member,Phone,2025-09-15,16.1,Low,0,0,9,0,38,45
REQ-000930,LOC-01,SVC-06,Priority,Case Manager,Phone,2025-09-15,62.3,High,0,0,9,0,38,45
REQ-000931,LOC-10,SVC-01,Routine,Case Manager,Phone,2025-09-16,40.4,Medium,1,0,9,0,38,46
REQ-000932,LOC-08,SVC-05,Routine,Client,Portal,2025-09-16,4.2,Low,1,0,9,0,38,46
REQ-000934,LOC-07,SVC-01,Routine,Client,Portal,2025-09-16,60.3,High,1,0,9,0,38,46
REQ-000935,LOC-07,SVC-08,Routine,Client,Portal,2025-09-16,44.3,Medium,1,0,9,0,38,46
REQ-000936,LOC-02,SVC-03,Routine,GP / Clinician,Portal,2025-09-16,85.6,Critical,1,0,9,0,38,46
REQ-000938,LOC-01,SVC-04,Routine,Family Member,Portal,2025-09-16,20.4,Low,1,0,9,0,38,46
REQ-000939,LOC-09,SVC-01,Routine,Family Member,Phone,2025-09-16,29.8,Medium,1,0,9,0,38,46
REQ-000940,LOC-07,SVC-06,Priority,Client,Portal,2025-09-16,87.9,Critical,1,0,9,0,38,46
REQ-000941,LOC-08,SVC-01,Priority,Case Manager,Phone,2025-09-16,41.4,Medium,1,0,9,0,38,46
REQ-000942,LOC-02,SVC-06,Priority,Client,Case Manager,2025-09-16,16.3,Low,1,0,9,0,38,46
REQ-000943,LOC-05,SVC-01,Routine,Client,Referral,2025-09-16,11.3,Low,1,0,9,0,38,46
REQ-000944,LOC-02,SVC-01,Priority,GP / Clinician,Phone,2025-09-16,46.7,Medium,1,0,9,0,38,46
REQ-000945,LOC-09,SVC-07,Routine,Case Manager,Portal,2025-09-16,29.9,Low,1,0,9,0,38,46
REQ-000946,LOC-09,SVC-02,Routine,Client,Portal,2025-09-16,11.8,Low,1,0,9,0,38,46
REQ-000947,LOC-02,SVC-06,Routine,Client,Phone,2025-09-16,41.5,Medium,1,0,9,0,38,46
REQ-000948,LOC-06,SVC-05,Routine,GP / Clinician,Phone,2025-09-16,47.6,Medium,1,0,9,0,38,46
REQ-000950,LOC-02,SVC-07,Priority,Case Manager,Referral,2025-09-17,62.6,High,2,0,9,0,38,47
REQ-000951,LOC-08,SVC-05,Routine,Family Member,Phone,2025-09-17,11.8,Low,2,0,9,0,38,47
REQ-000952,LOC-09,SVC-01,Routine,Client,Phone,2025-09-17,58.9,High,2,0,9,0,38,47
REQ-000953,LOC-02,SVC-05,Routine,GP / Clinician,Referral,2025-09-17,38.5,Medium,2,0,9,0,38,47
REQ-000954,LOC-10,SVC-03,Urgent,Case Manager,Portal,2025-09-17,87.8,Critical,2,0,9,0,38,47
REQ-000955,LOC-07,SVC-02,Priority,Client,Referral,2025-09-17,12.9,Low,2,0,9,0,38,47
REQ-000956,LOC-08,SVC-02,Urgent,Case Manager,Portal,2025-09-17,59.6,High,2,0,9,0,38,47
REQ-000957,LOC-08,SVC-03,Routine,Family Member,Portal,2025-09-17,13.6,Low,2,0,9,0,38,47
REQ-000958,LOC-06,SVC-09,Routine,Family Member,Portal,2025-09-17,33.2,Medium,2,0,9,0,38,47
REQ-000959,LOC-03,SVC-05,Routine,Family Member,Case Manager,2025-09-17,27.8,Medium,2,0,9,0,38,47
REQ-000960,LOC-08,SVC-01,Routine,Client,Case Manager,2025-09-17,15.7,Low,2,0,9,0,38,47
REQ-000961,LOC-10,SVC-08,Routine,Client,Portal,2025-09-17,15.5,Low,2,0,9,0,38,47
REQ-000962,LOC-02,SVC-05,Routine,Case Manager,Case Manager,2025-09-17,29.3,Medium,2,0,9,0,38,47
REQ-000963,LOC-08,SVC-06,Routine,Case Manager,Portal,2025-09-17,37.6,Medium,2,0,9,0,38,47
REQ-000964,LOC-10,SVC-07,Routine,Client,Phone,2025-09-17,35.1,Medium,2,0,9,0,38,47
REQ-000965,LOC-02,SVC-03,Routine,Family Member,Referral,2025-09-17,91.4,Critical,2,0,9,0,38,47
REQ-000967,LOC-07,SVC-04,Routine,Family Member,Phone,2025-09-17,35.4,Medium,2,0,9,0,38,47
REQ-000968,LOC-09,SVC-04,Routine,Family Member,Phone,2025-09-17,40.5,Medium,2,0,9,0,38,47
REQ-000969,LOC-05,SVC-03,Routine,Case Manager,Portal,2025-09-17,39.6,Medium,2,0,9,0,38,47
REQ-000970,LOC-08,SVC-01,Urgent,Case Manager,Phone,2025-09-17,32.9,Medium,2,0,9,0,38,47
REQ-000972,LOC-07,SVC-06,Priority,GP / Clinician,Portal,2025-09-18,58.5,High,3,0,9,0,38,48
REQ-000973,LOC-01,SVC-01,Urgent,Family Member,Portal,2025-09-18,29.2,Medium,3,0,9,0,38,48
REQ-000974,LOC-03,SVC-04,Routine,Family Member,Portal,2025-09-18,31.0,Medium,3,0,9,0,38,48
REQ-000975,LOC-05,SVC-04,Routine,Family Member,Referral,2025-09-18,15.3,Low,3,0,9,0,38,48
REQ-000976,LOC-10,SVC-02,Routine,Case Manager,Case Manager,2025-09-18,14.7,Low,3,0,9,0,38,48
REQ-000977,LOC-06,SVC-03,Routine,GP / Clinician,Case Manager,2025-09-18,39.4,Medium,3,0,9,0,38,48
REQ-000978,LOC-08,SVC-01,Routine,Case Manager,Portal,2025-09-18,19.7,Low,3,0,9,0,38,48
REQ-000979,LOC-10,SVC-01,Routine,Family Member,Phone,2025-09-18,17.1,Low,3,0,9,0,38,48
REQ-000980,LOC-09,SVC-04,Priority,Client,Phone,2025-09-18,35.2,Medium,3,0,9,0,38,48
REQ-000981,LOC-07,SVC-05,Priority,Family Member,Portal,2025-09-18,23.9,Medium,3,0,9,0,38,48
REQ-000982,LOC-03,SVC-05,Routine,Client,Portal,2025-09-18,13.0,Low,3,0,9,0,38,48
REQ-000985,LOC-08,SVC-07,Routine,Case Manager,Portal,2025-09-18,10.9,Low,3,0,9,0,38,48
REQ-000986,LOC-06,SVC-01,Urgent,Family Member,Phone,2025-09-18,38.0,Medium,3,0,9,0,38,48
REQ-000987,LOC-07,SVC-08,Routine,Family Member,Referral,2025-09-18,33.1,Medium,3,0,9,0,38,48
REQ-000988,LOC-08,SVC-06,Priority,Client,Portal,2025-09-18,39.7,Medium,3,0,9,0,38,48
REQ-000989,LOC-06,SVC-07,Routine,Client,Portal,2025-09-18,21.6,Low,3,0,9,0,38,48
REQ-000990,LOC-10,SVC-07,Routine,Client,Phone,2025-09-18,33.5,Medium,3,0,9,0,38,48
REQ-000991,LOC-01,SVC-01,Routine,Client,Phone,2025-09-18,17.5,Low,3,0,9,0,38,48
REQ-000992,LOC-10,SVC-06,Priority,Client,Referral,2025-09-18,60.2,High,3,0,9,0,38,48
REQ-000994,LOC-02,SVC-08,Routine,Family Member,Case Manager,2025-09-18,83.1,Critical,3,0,9,0,38,48
REQ-000995,LOC-05,SVC-05,Urgent,Family Member,Portal,2025-09-19,10.5,Low,4,0,9,0,38,49
REQ-000996,LOC-08,SVC-06,Routine,Family Member,Phone,2025-09-19,20.1,Low,4,0,9,0,38,49
REQ-000997,LOC-02,SVC-01,Routine,Family Member,Phone,2025-09-19,48.5,Medium,4,0,9,0,38,49
REQ-000998,LOC-10,SVC-02,Priority,Case Manager,Phone,2025-09-19,36.3,Medium,4,0,9,0,38,49
REQ-001000,LOC-03,SVC-07,Emergency,GP / Clinician,Phone,2025-09-19,87.4,Critical,4,0,9,0,38,49
REQ-001001,LOC-02,SVC-04,Urgent,Family Member,Phone,2025-09-19,63.6,High,4,0,9,0,38,49
REQ-001003,LOC-05,SVC-06,Urgent,Family Member,Phone,2025-09-19,66.5,High,4,0,9,0,38,49
REQ-001004,LOC-09,SVC-01,Routine,Client,Referral,2025-09-19,64.2,High,4,0,9,0,38,49
REQ-001005,LOC-04,SVC-06,Emergency,GP / Clinician,Phone,2025-09-19,94.1,Critical,4,0,9,0,38,49
REQ-001008,LOC-01,SVC-07,Priority,Family Member,Case Manager,2025-09-19,55.2,High,4,0,9,0,38,49
REQ-001009,LOC-04,SVC-08,Routine,Client,Phone,2025-09-19,22.4,Low,4,0,9,0,38,49
REQ-001010,LOC-06,SVC-07,Urgent,Family Member,Portal,2025-09-19,26.3,Low,4,0,9,0,38,49
REQ-001011,LOC-01,SVC-04,Urgent,Client,Case Manager,2025-09-19,65.3,High,4,0,9,0,38,49
REQ-001012,LOC-08,SVC-02,Priority,Client,Portal,2025-09-19,20.0,Low,4,0,9,0,38,49
REQ-001013,LOC-06,SVC-01,Routine,Family Member,Case Manager,2025-09-19,16.6,Low,4,0,9,0,38,49
REQ-001014,LOC-04,SVC-01,Emergency,Client,Phone,2025-09-19,64.3,High,4,0,9,0,38,49
REQ-001015,LOC-01,SVC-09,Urgent,Client,Phone,2025-09-19,60.8,High,4,0,9,0,38,49
REQ-001016,LOC-07,SVC-05,Routine,Client,Portal,2025-09-19,31.8,Medium,4,0,9,0,38,49
REQ-001017,LOC-04,SVC-03,Routine,Family Member,Portal,2025-09-19,21.1,Low,4,0,9,0,38,49
REQ-001018,LOC-07,SVC-06,Routine,Client,Portal,2025-09-20,8.4,Low,5,1,9,0,38,50
REQ-001019,LOC-06,SVC-09,Priority,Client,Referral,2025-09-20,39.6,Medium,5,1,9,0,38,50
REQ-001020,LOC-10,SVC-05,Routine,Client,Phone,2025-09-20,31.2,Medium,5,1,9,0,38,50
REQ-001021,LOC-01,SVC-07,Routine,Case Manager,Portal,2025-09-20,69.6,High,5,1,9,0,38,50
REQ-001022,LOC-08,SVC-02,Routine,Client,Phone,2025-09-20,17.2,Low,5,1,9,0,38,50
REQ-001023,LOC-09,SVC-08,Routine,Client,Referral,2025-09-20,24.2,Low,5,1,9,0,38,50
REQ-001024,LOC-04,SVC-05,Routine,Client,Portal,2025-09-20,18.1,Low,5,1,9,0,38,50
REQ-001025,LOC-07,SVC-01,Priority,Family Member,Referral,2025-09-20,36.0,Medium,5,1,9,0,38,50
REQ-001026,LOC-03,SVC-09,Routine,Case Manager,Portal,2025-09-21,36.4,Medium,6,1,9,0,38,51
REQ-001027,LOC-03,SVC-02,Priority,Client,Portal,2025-09-21,38.7,Medium,6,1,9,0,38,51
REQ-001028,LOC-07,SVC-07,Urgent,Client,Portal,2025-09-21,22.6,Low,6,1,9,0,38,51
REQ-001029,LOC-02,SVC-07,Priority,GP / Clinician,Phone,2025-09-21,64.5,High,6,1,9,0,38,51
REQ-001030,LOC-05,SVC-02,Routine,Client,Case Manager,2025-09-21,40.1,Medium,6,1,9,0,38,51
REQ-001031,LOC-02,SVC-02,Priority,Case Manager,Phone,2025-09-21,66.1,High,6,1,9,0,38,51
REQ-001032,LOC-01,SVC-03,Urgent,Case Manager,Phone,2025-09-22,18.5,Medium,0,0,9,0,39,52
REQ-001033,LOC-08,SVC-04,Routine,Client,Case Manager,2025-09-22,16.8,Low,0,0,9,0,39,52
REQ-001034,LOC-04,SVC-01,Urgent,Case Manager,Phone,2025-09-22,39.7,Medium,0,0,9,0,39,52
REQ-001035,LOC-09,SVC-09,Routine,Case Manager,Case Manager,2025-09-22,54.5,High,0,0,9,0,39,52
REQ-001036,LOC-05,SVC-01,Priority,Case Manager,Phone,2025-09-22,51.4,Medium,0,0,9,0,39,52
REQ-001037,LOC-08,SVC-04,Urgent,Client,Referral,2025-09-22,93.3,Critical,0,0,9,0,39,52
REQ-001038,LOC-07,SVC-07,Routine,Client,Case Manager,2025-09-22,36.4,Medium,0,0,9,0,39,52
REQ-001039,LOC-09,SVC-02,Urgent,GP / Clinician,Phone,2025-09-22,81.1,Critical,0,0,9,0,39,52
REQ-001040,LOC-01,SVC-02,Priority,Client,Phone,2025-09-22,42.1,Medium,0,0,9,0,39,52
REQ-001041,LOC-07,SVC-09,Routine,Family Member,Case Manager,2025-09-22,60.7,High,0,0,9,0,39,52
REQ-001042,LOC-07,SVC-01,Routine,Client,Referral,2025-09-22,16.6,Low,0,0,9,0,39,52
REQ-001043,LOC-04,SVC-01,Urgent,GP / Clinician,Referral,2025-09-22,65.4,High,0,0,9,0,39,52
REQ-001044,LOC-01,SVC-02,Routine,Case Manager,Phone,2025-09-22,48.5,Medium,0,0,9,0,39,52
REQ-001045,LOC-10,SVC-09,Priority,Family Member,Case Manager,2025-09-22,30.3,Medium,0,0,9,0,39,52
REQ-001046,LOC-02,SVC-05,Priority,Family Member,Portal,2025-09-22,43.8,Medium,0,0,9,0,39,52
REQ-001047,LOC-06,SVC-06,Routine,Client,Portal,2025-09-22,8.4,Low,0,0,9,0,39,52
REQ-001048,LOC-07,SVC-06,Priority,Client,Phone,2025-09-22,35.2,Medium,0,0,9,0,39,52
REQ-001049,LOC-01,SVC-05,Priority,Case Manager,Phone,2025-09-22,9.4,Low,0,0,9,0,39,52
REQ-001051,LOC-07,SVC-01,Routine,Client,Phone,2025-09-23,22.9,Low,1,0,9,0,39,53
REQ-001052,LOC-07,SVC-01,Emergency,Case Manager,Phone,2025-09-23,96.7,Critical,1,0,9,0,39,53
REQ-001053,LOC-06,SVC-08,Routine,Family Member,Phone,2025-09-23,40.2,Medium,1,0,9,0,39,53
REQ-001054,LOC-08,SVC-07,Urgent,Client,Referral,2025-09-23,32.7,Medium,1,0,9,0,39,53
REQ-001055,LOC-01,SVC-07,Routine,Case Manager,Phone,2025-09-23,17.5,Low,1,0,9,0,39,53
REQ-001056,LOC-01,SVC-02,Urgent,Client,Phone,2025-09-23,63.4,High,1,0,9,0,39,53
REQ-001057,LOC-03,SVC-02,Routine,Family Member,Phone,2025-09-23,12.9,Low,1,0,9,0,39,53
REQ-001058,LOC-08,SVC-05,Emergency,Case Manager,Phone,2025-09-23,65.8,High,1,0,9,0,39,53
REQ-001059,LOC-02,SVC-06,Priority,Client,Referral,2025-09-23,28.8,Medium,1,0,9,0,39,53
REQ-001060,LOC-08,SVC-02,Routine,Client,Portal,2025-09-23,14.3,Low,1,0,9,0,39,53
REQ-001061,LOC-04,SVC-07,Priority,Client,Phone,2025-09-23,88.0,Critical,1,0,9,0,39,53
REQ-001062,LOC-01,SVC-07,Priority,GP / Clinician,Case Manager,2025-09-23,65.9,High,1,0,9,0,39,53
REQ-001064,LOC-04,SVC-05,Routine,Client,Portal,2025-09-23,20.3,Low,1,0,9,0,39,53
REQ-001065,LOC-01,SVC-01,Routine,Family Member,Portal,2025-09-23,19.0,Low,1,0,9,0,39,53
REQ-001066,LOC-01,SVC-04,Routine,Family Member,Phone,2025-09-23,14.2,Low,1,0,9,0,39,53
REQ-001067,LOC-07,SVC-03,Routine,Client,Phone,2025-09-23,11.4,Low,1,0,9,0,39,53
REQ-001068,LOC-06,SVC-09,Routine,Case Manager,Phone,2025-09-23,33.0,Medium,1,0,9,0,39,53
REQ-001069,LOC-01,SVC-02,Priority,Family Member,Phone,2025-09-23,43.2,Medium,1,0,9,0,39,53
REQ-001070,LOC-08,SVC-01,Urgent,Client,Portal,2025-09-23,17.3,Low,1,0,9,0,39,53
REQ-001071,LOC-04,SVC-02,Priority,Case Manager,Phone,2025-09-23,83.7,Critical,1,0,9,0,39,53
REQ-001073,LOC-06,SVC-01,Routine,Case Manager,Portal,2025-09-23,24.9,Low,1,0,9,0,39,53
REQ-001074,LOC-02,SVC-06,Routine,Family Member,Case Manager,2025-09-23,61.3,High,1,0,9,0,39,53
REQ-001075,LOC-07,SVC-01,Routine,Family Member,Phone,2025-09-24,62.8,High,2,0,9,0,39,54
REQ-001078,LOC-03,SVC-01,Routine,Family Member,Portal,2025-09-24,16.6,Low,2,0,9,0,39,54
REQ-001079,LOC-07,SVC-02,Priority,Family Member,Phone,2025-09-24,38.0,Medium,2,0,9,0,39,54
REQ-001081,LOC-10,SVC-01,Priority,Client,Case Manager,2025-09-24,23.4,Low,2,0,9,0,39,54
REQ-001082,LOC-06,SVC-05,Routine,Family Member,Portal,2025-09-24,36.6,Medium,2,0,9,0,39,54
REQ-001083,LOC-03,SVC-03,Priority,GP / Clinician,Referral,2025-09-24,44.6,Medium,2,0,9,0,39,54
REQ-001085,LOC-10,SVC-01,Urgent,Case Manager,Referral,2025-09-24,84.8,Critical,2,0,9,0,39,54
REQ-001086,LOC-01,SVC-05,Routine,Client,Phone,2025-09-24,22.8,Low,2,0,9,0,39,54
REQ-001087,LOC-09,SVC-01,Emergency,GP / Clinician,Phone,2025-09-24,87.9,Critical,2,0,9,0,39,54
REQ-001088,LOC-02,SVC-06,Priority,Family Member,Phone,2025-09-24,70.6,High,2,0,9,0,39,54
REQ-001089,LOC-08,SVC-02,Urgent,Case Manager,Referral,2025-09-24,49.1,Medium,2,0,9,0,39,54
REQ-001091,LOC-06,SVC-01,Priority,Case Manager,Referral,2025-09-24,61.5,High,2,0,9,0,39,54
REQ-001093,LOC-04,SVC-02,Routine,Client,Phone,2025-09-24,24.7,Low,2,0,9,0,39,54
REQ-001094,LOC-10,SVC-02,Emergency,Case Manager,Phone,2025-09-24,91.1,Critical,2,0,9,0,39,54
REQ-001095,LOC-10,SVC-05,Urgent,Case Manager,Phone,2025-09-25,74.6,High,3,0,9,0,39,55
REQ-001096,LOC-06,SVC-02,Priority,Family Member,Phone,2025-09-25,48.7,High,3,0,9,0,39,55
REQ-001097,LOC-07,SVC-01,Routine,GP / Clinician,Referral,2025-09-25,59.6,High,3,0,9,0,39,55
REQ-001098,LOC-07,SVC-05,Routine,Family Member,Phone,2025-09-25,7.2,Low,3,0,9,0,39,55
REQ-001099,LOC-06,SVC-05,Priority,Client,Phone,2025-09-25,57.4,High,3,0,9,0,39,55
REQ-001100,LOC-09,SVC-01,Emergency,Family Member,Referral,2025-09-25,64.0,High,3,0,9,0,39,55
REQ-001101,LOC-01,SVC-05,Priority,Family Member,Portal,2025-09-25,36.3,Medium,3,0,9,0,39,55
REQ-001102,LOC-07,SVC-03,Routine,Client,Portal,2025-09-25,29.3,Low,3,0,9,0,39,55
REQ-001103,LOC-06,SVC-05,Priority,Case Manager,Referral,2025-09-25,88.9,Critical,3,0,9,0,39,55
REQ-001104,LOC-02,SVC-06,Urgent,Client,Portal,2025-09-25,50.6,High,3,0,9,0,39,55
REQ-001105,LOC-01,SVC-07,Routine,Client,Portal,2025-09-25,9.7,Low,3,0,9,0,39,55
REQ-001106,LOC-05,SVC-01,Priority,Family Member,Referral,2025-09-25,58.3,High,3,0,9,0,39,55
REQ-001107,LOC-04,SVC-07,Routine,GP / Clinician,Phone,2025-09-25,77.7,Critical,3,0,9,0,39,55
REQ-001108,LOC-09,SVC-02,Routine,Client,Portal,2025-09-25,22.4,Low,3,0,9,0,39,55
REQ-001110,LOC-07,SVC-09,Urgent,Family Member,Phone,2025-09-25,39.1,Medium,3,0,9,0,39,55
REQ-001111,LOC-06,SVC-01,Routine,Client,Referral,2025-09-25,37.5,Medium,3,0,9,0,39,55
REQ-001112,LOC-03,SVC-01,Priority,Case Manager,Case Manager,2025-09-25,72.3,High,3,0,9,0,39,55
REQ-001113,LOC-02,SVC-07,Priority,Client,Portal,2025-09-26,33.8,Medium,4,0,9,0,39,56
REQ-001114,LOC-02,SVC-03,Routine,Client,Phone,2025-09-26,38.3,Medium,4,0,9,0,39,56
REQ-001116,LOC-05,SVC-05,Priority,Client,Phone,2025-09-26,38.1,Medium,4,0,9,0,39,56
REQ-001117,LOC-08,SVC-05,Routine,Client,Portal,2025-09-26,39.0,Medium,4,0,9,0,39,56
REQ-001118,LOC-10,SVC-05,Routine,Family Member,Phone,2025-09-26,12.4,Low,4,0,9,0,39,56
REQ-001119,LOC-01,SVC-01,Urgent,Client,Portal,2025-09-26,11.9,Low,4,0,9,0,39,56
REQ-001120,LOC-10,SVC-09,Priority,Client,Portal,2025-09-26,11.0,Low,4,0,9,0,39,56
REQ-001121,LOC-01,SVC-04,Routine,Family Member,Case Manager,2025-09-26,45.2,Medium,4,0,9,0,39,56
REQ-001123,LOC-09,SVC-01,Routine,Client,Portal,2025-09-26,27.2,Medium,4,0,9,0,39,56
REQ-001124,LOC-08,SVC-01,Priority,Client,Phone,2025-09-26,18.2,Low,4,0,9,0,39,56
REQ-001125,LOC-06,SVC-05,Routine,Family Member,Case Manager,2025-09-26,14.6,Low,4,0,9,0,39,56
REQ-001126,LOC-05,SVC-08,Routine,Client,Phone,2025-09-26,43.3,Medium,4,0,9,0,39,56
REQ-001127,LOC-10,SVC-09,Urgent,Case Manager,Case Manager,2025-09-26,89.6,Critical,4,0,9,0,39,56
REQ-001128,LOC-04,SVC-07,Priority,Case Manager,Phone,2025-09-26,57.2,High,4,0,9,0,39,56
REQ-001129,LOC-09,SVC-01,Routine,GP / Clinician,Referral,2025-09-26,48.2,Medium,4,0,9,0,39,56
REQ-001130,LOC-05,SVC-09,Priority,GP / Clinician,Phone,2025-09-26,75.8,High,4,0,9,0,39,56
REQ-001131,LOC-09,SVC-07,Routine,Case Manager,Phone,2025-09-27,33.3,Medium,5,1,9,0,39,57
REQ-001132,LOC-10,SVC-01,Urgent,Case Manager,Phone,2025-09-27,94.0,Critical,5,1,9,0,39,57
REQ-001135,LOC-02,SVC-04,Routine,Client,Referral,2025-09-27,34.5,Medium,5,1,9,0,39,57
REQ-001136,LOC-05,SVC-07,Routine,Family Member,Portal,2025-09-27,6.4,Low,5,1,9,0,39,57
REQ-001138,LOC-02,SVC-02,Routine,Client,Case Manager,2025-09-28,58.2,High,6,1,9,0,39,58
REQ-001139,LOC-02,SVC-07,Urgent,Case Manager,Referral,2025-09-28,95.0,Critical,6,1,9,0,39,58
REQ-001140,LOC-08,SVC-01,Routine,Family Member,Portal,2025-09-28,22.2,Low,6,1,9,0,39,58
REQ-001142,LOC-08,SVC-04,Routine,Family Member,Portal,2025-09-28,11.6,Low,6,1,9,0,39,58
REQ-001143,LOC-01,SVC-03,Priority,Client,Referral,2025-09-28,29.5,Medium,6,1,9,0,39,58
REQ-001145,LOC-03,SVC-03,Routine,Family Member,Phone,2025-09-28,26.1,Low,6,1,9,0,39,58
REQ-001147,LOC-03,SVC-05,Urgent,Family Member,Portal,2025-09-29,17.8,Low,0,0,9,0,40,59
REQ-001148,LOC-07,SVC-04,Routine,Case Manager,Phone,2025-09-29,16.7,Low,0,0,9,0,40,59
REQ-001149,LOC-05,SVC-03,Urgent,Family Member,Phone,2025-09-29,60.6,High,0,0,9,0,40,59
REQ-001150,LOC-08,SVC-04,Urgent,Family Member,Phone,2025-09-29,38.3,Medium,0,0,9,0,40,59
REQ-001151,LOC-05,SVC-05,Routine,Family Member,Case Manager,2025-09-29,35.4,Medium,0,0,9,0,40,59
REQ-001152,LOC-07,SVC-05,Routine,Family Member,Phone,2025-09-29,19.9,Low,0,0,9,0,40,59
REQ-001153,LOC-09,SVC-01,Priority,Client,Case Manager,2025-09-29,58.9,High,0,0,9,0,40,59
REQ-001154,LOC-02,SVC-09,Priority,Family Member,Phone,2025-09-29,62.2,High,0,0,9,0,40,59
REQ-001155,LOC-01,SVC-01,Urgent,Client,Phone,2025-09-29,59.0,High,0,0,9,0,40,59
REQ-001156,LOC-07,SVC-06,Priority,GP / Clinician,Phone,2025-09-29,62.1,High,0,0,9,0,40,59
REQ-001157,LOC-06,SVC-05,Urgent,Family Member,Referral,2025-09-29,61.7,High,0,0,9,0,40,59
REQ-001161,LOC-06,SVC-03,Priority,Client,Referral,2025-09-29,24.6,Low,0,0,9,0,40,59
REQ-001163,LOC-08,SVC-07,Routine,Client,Portal,2025-09-30,15.4,Low,1,0,9,0,40,60
REQ-001164,LOC-10,SVC-01,Priority,Case Manager,Portal,2025-09-30,74.6,High,1,0,9,0,40,60
REQ-001165,LOC-10,SVC-08,Routine,Client,Portal,2025-09-30,33.3,Medium,1,0,9,0,40,60
REQ-001167,LOC-08,SVC-05,Routine,Family Member,Referral,2025-09-30,23.3,Low,1,0,9,0,40,60
REQ-001168,LOC-09,SVC-01,Priority,GP / Clinician,Portal,2025-09-30,55.9,High,1,0,9,0,40,60
REQ-001169,LOC-08,SVC-06,Priority,Case Manager,Case Manager,2025-09-30,45.3,Medium,1,0,9,0,40,60
REQ-001170,LOC-07,SVC-05,Routine,Client,Phone,2025-09-30,19.1,Low,1,0,9,0,40,60
REQ-001171,LOC-06,SVC-04,Routine,Client,Portal,2025-09-30,35.3,Medium,1,0,9,0,40,60
REQ-001172,LOC-02,SVC-03,Priority,Case Manager,Referral,2025-09-30,63.2,High,1,0,9,0,40,60
REQ-001173,LOC-06,SVC-01,Routine,Case Manager,Phone,2025-09-30,15.1,Low,1,0,9,0,40,60
REQ-001174,LOC-05,SVC-09,Urgent,Client,Referral,2025-09-30,28.7,Medium,1,0,9,0,40,60
REQ-001175,LOC-06,SVC-04,Urgent,Client,Referral,2025-09-30,45.5,Medium,1,0,9,0,40,60
REQ-001176,LOC-01,SVC-05,Priority,Case Manager,Case Manager,2025-09-30,37.6,Medium,1,0,9,0,40,60
REQ-001177,LOC-08,SVC-02,Emergency,Family Member,Portal,2025-09-30,48.5,Medium,1,0,9,0,40,60
REQ-001178,LOC-04,SVC-03,Routine,Client,Phone,2025-09-30,15.2,Low,1,0,9,0,40,60
REQ-001179,LOC-10,SVC-04,Urgent,Client,Portal,2025-09-30,20.8,Low,1,0,9,0,40,60
REQ-001180,LOC-02,SVC-05,Urgent,Family Member,Phone,2025-09-30,66.2,High,1,0,9,0,40,60
REQ-001181,LOC-02,SVC-03,Urgent,Case Manager,Phone,2025-10-01,60.9,High,2,0,10,0,40,61
REQ-001182,LOC-08,SVC-01,Priority,Family Member,Portal,2025-10-01,14.3,Low,2,0,10,0,40,61
REQ-001183,LOC-03,SVC-08,Urgent,Case Manager,Phone,2025-10-01,26.4,Medium,2,0,10,0,40,61
REQ-001184,LOC-05,SVC-09,Routine,Family Member,Case Manager,2025-10-01,42.5,Medium,2,0,10,0,40,61
REQ-001186,LOC-08,SVC-06,Urgent,Case Manager,Phone,2025-10-01,66.9,High,2,0,10,0,40,61
REQ-001187,LOC-04,SVC-05,Routine,Case Manager,Case Manager,2025-10-01,32.9,Medium,2,0,10,0,40,61
REQ-001188,LOC-03,SVC-05,Emergency,Case Manager,Phone,2025-10-01,39.4,Medium,2,0,10,0,40,61
REQ-001189,LOC-04,SVC-08,Priority,Family Member,Portal,2025-10-01,8.0,Low,2,0,10,0,40,61
REQ-001190,LOC-05,SVC-02,Priority,Case Manager,Phone,2025-10-01,36.2,Medium,2,0,10,0,40,61
REQ-001191,LOC-09,SVC-02,Routine,Client,Portal,2025-10-01,11.5,Low,2,0,10,0,40,61
REQ-001192,LOC-08,SVC-07,Routine,Client,Referral,2025-10-01,24.3,Low,2,0,10,0,40,61
REQ-001194,LOC-09,SVC-01,Priority,Case Manager,Portal,2025-10-01,47.1,Medium,2,0,10,0,40,61
REQ-001195,LOC-10,SVC-05,Priority,Client,Portal,2025-10-01,11.7,Low,2,0,10,0,40,61
REQ-001196,LOC-02,SVC-08,Priority,Client,Portal,2025-10-01,17.1,Low,2,0,10,0,40,61
REQ-001198,LOC-09,SVC-09,Routine,GP / Clinician,Phone,2025-10-01,64.4,High,2,0,10,0,40,61
REQ-001199,LOC-09,SVC-02,Urgent,Client,Phone,2025-10-02,43.5,Medium,3,0,10,0,40,62
REQ-001200,LOC-06,SVC-05,Priority,GP / Clinician,Phone,2025-10-02,65.5,High,3,0,10,0,40,62
REQ-001201,LOC-06,SVC-01,Routine,Client,Portal,2025-10-02,12.7,Low,3,0,10,0,40,62
REQ-001202,LOC-02,SVC-07,Priority,Client,Referral,2025-10-02,40.9,Medium,3,0,10,0,40,62
REQ-001203,LOC-03,SVC-06,Routine,Client,Case Manager,2025-10-02,24.7,Low,3,0,10,0,40,62
REQ-001204,LOC-09,SVC-06,Urgent,Client,Portal,2025-10-02,16.1,Low,3,0,10,0,40,62
REQ-001205,LOC-09,SVC-03,Routine,Client,Case Manager,2025-10-02,42.8,Medium,3,0,10,0,40,62
REQ-001206,LOC-04,SVC-05,Urgent,Family Member,Case Manager,2025-10-02,16.4,Low,3,0,10,0,40,62
REQ-001207,LOC-04,SVC-08,Routine,Client,Referral,2025-10-02,45.6,Medium,3,0,10,0,40,62
REQ-001209,LOC-03,SVC-07,Routine,Client,Portal,2025-10-02,13.4,Low,3,0,10,0,40,62
REQ-001210,LOC-03,SVC-03,Routine,Family Member,Phone,2025-10-02,35.3,Medium,3,0,10,0,40,62
REQ-001211,LOC-04,SVC-07,Priority,Case Manager,Portal,2025-10-02,24.0,Low,3,0,10,0,40,62
REQ-001212,LOC-09,SVC-02,Routine,Client,Phone,2025-10-02,45.3,Medium,3,0,10,0,40,62
REQ-001213,LOC-05,SVC-06,Priority,Case Manager,Phone,2025-10-02,54.7,High,3,0,10,0,40,62
REQ-001214,LOC-08,SVC-04,Routine,Client,Case Manager,2025-10-02,37.7,Medium,3,0,10,0,40,62
REQ-001215,LOC-03,SVC-01,Routine,Client,Case Manager,2025-10-02,9.9,Low,3,0,10,0,40,62
REQ-001216,LOC-02,SVC-02,Emergency,Client,Phone,2025-10-02,17.0,Low,3,0,10,0,40,62
REQ-001217,LOC-06,SVC-09,Routine,Family Member,Phone,2025-10-02,7.3,Low,3,0,10,0,40,62
REQ-001218,LOC-05,SVC-07,Urgent,Case Manager,Referral,2025-10-02,34.2,Medium,3,0,10,0,40,62
REQ-001219,LOC-03,SVC-02,Routine,Client,Referral,2025-10-02,39.6,Medium,3,0,10,0,40,62
REQ-001220,LOC-10,SVC-09,Priority,Case Manager,Referral,2025-10-02,72.7,High,3,0,10,0,40,62
REQ-001222,LOC-06,SVC-08,Priority,Client,Phone,2025-10-03,68.8,High,4,0,10,0,40,63
REQ-001223,LOC-02,SVC-07,Urgent,Family Member,Portal,2025-10-03,92.9,Critical,4,0,10,0,40,63
REQ-001224,LOC-09,SVC-05,Routine,Client,Portal,2025-10-03,40.9,Medium,4,0,10,0,40,63
REQ-001225,LOC-10,SVC-08,Routine,Client,Portal,2025-10-03,19.2,Low,4,0,10,0,40,63
REQ-001226,LOC-02,SVC-03,Routine,Client,Referral,2025-10-03,13.3,Low,4,0,10,0,40,63
REQ-001227,LOC-06,SVC-02,Priority,Client,Phone,2025-10-03,68.9,High,4,0,10,0,40,63
REQ-001228,LOC-03,SVC-07,Priority,Client,Phone,2025-10-03,8.4,Low,4,0,10,0,40,63
REQ-001229,LOC-04,SVC-01,Routine,Case Manager,Referral,2025-10-03,13.9,Low,4,0,10,0,40,63
REQ-001230,LOC-10,SVC-01,Routine,Client,Portal,2025-10-03,20.5,Low,4,0,10,0,40,63
REQ-001231,LOC-03,SVC-08,Routine,Family Member,Phone,2025-10-03,15.8,Low,4,0,10,0,40,63
REQ-001232,LOC-01,SVC-01,Priority,Client,Phone,2025-10-03,25.3,Medium,4,0,10,0,40,63
REQ-001233,LOC-07,SVC-05,Routine,Family Member,Portal,2025-10-03,25.6,Low,4,0,10,0,40,63
REQ-001235,LOC-02,SVC-07,Priority,Family Member,Case Manager,2025-10-03,34.0,Medium,4,0,10,0,40,63
REQ-001236,LOC-04,SVC-02,Routine,Family Member,Phone,2025-10-03,40.8,Medium,4,0,10,0,40,63
REQ-001237,LOC-04,SVC-04,Urgent,Family Member,Referral,2025-10-03,83.0,Critical,4,0,10,0,40,63
REQ-001238,LOC-03,SVC-06,Routine,Client,Portal,2025-10-03,18.2,Low,4,0,10,0,40,63
REQ-001239,LOC-06,SVC-03,Routine,Family Member,Phone,2025-10-03,15.2,Low,4,0,10,0,40,63
REQ-001240,LOC-04,SVC-02,Urgent,Client,Referral,2025-10-04,28.6,Medium,5,1,10,0,40,64
REQ-001241,LOC-05,SVC-07,Routine,GP / Clinician,Portal,2025-10-04,77.1,Critical,5,1,10,0,40,64
REQ-001242,LOC-09,SVC-08,Priority,GP / Clinician,Case Manager,2025-10-04,52.6,High,5,1,10,0,40,64
REQ-001243,LOC-02,SVC-07,Routine,Family Member,Phone,2025-10-04,10.0,Low,5,1,10,0,40,64
REQ-001244,LOC-02,SVC-04,Urgent,GP / Clinician,Referral,2025-10-04,81.5,Critical,5,1,10,0,40,64
REQ-001246,LOC-04,SVC-01,Priority,Client,Case Manager,2025-10-04,30.0,Medium,5,1,10,0,40,64
REQ-001247,LOC-10,SVC-08,Routine,Family Member,Portal,2025-10-04,15.6,Low,5,1,10,0,40,64
REQ-001249,LOC-08,SVC-01,Priority,Case Manager,Phone,2025-10-05,30.8,Medium,6,1,10,0,40,65
REQ-001250,LOC-06,SVC-06,Routine,Client,Portal,2025-10-05,17.6,Low,6,1,10,0,40,65
REQ-001252,LOC-06,SVC-01,Routine,Family Member,Portal,2025-10-05,27.3,Medium,6,1,10,0,40,65
REQ-001255,LOC-06,SVC-05,Priority,Family Member,Case Manager,2025-10-05,37.1,Medium,6,1,10,0,40,65
REQ-001257,LOC-04,SVC-09,Routine,Family Member,Referral,2025-10-05,13.6,Low,6,1,10,0,40,65
REQ-001258,LOC-09,SVC-08,Priority,GP / Clinician,Phone,2025-10-06,90.7,Critical,0,0,10,0,41,66
REQ-001259,LOC-10,SVC-03,Priority,Family Member,Phone,2025-10-06,37.1,Medium,0,0,10,0,41,66
REQ-001260,LOC-04,SVC-01,Priority,Client,Portal,2025-10-06,14.0,Low,0,0,10,0,41,66
REQ-001262,LOC-01,SVC-04,Routine,Family Member,Referral,2025-10-06,39.8,Medium,0,0,10,0,41,66
REQ-001263,LOC-10,SVC-01,Routine,Client,Portal,2025-10-06,17.2,Low,0,0,10,0,41,66
REQ-001264,LOC-03,SVC-08,Urgent,Client,Portal,2025-10-06,21.7,Low,0,0,10,0,41,66
REQ-001265,LOC-03,SVC-05,Priority,Case Manager,Portal,2025-10-06,30.3,Medium,0,0,10,0,41,66
REQ-001266,LOC-06,SVC-08,Routine,Client,Case Manager,2025-10-06,28.9,Medium,0,0,10,0,41,66
REQ-001267,LOC-07,SVC-05,Urgent,Client,Portal,2025-10-06,33.9,Medium,0,0,10,0,41,66
REQ-001268,LOC-05,SVC-03,Routine,Client,Case Manager,2025-10-06,19.5,Low,0,0,10,0,41,66
REQ-001269,LOC-08,SVC-08,Urgent,Case Manager,Phone,2025-10-06,27.7,Medium,0,0,10,0,41,66
REQ-001270,LOC-06,SVC-04,Routine,Client,Phone,2025-10-06,34.7,Medium,0,0,10,0,41,66
REQ-001271,LOC-03,SVC-04,Routine,Client,Referral,2025-10-06,40.4,Medium,0,0,10,0,41,66
REQ-001272,LOC-07,SVC-03,Priority,Family Member,Portal,2025-10-06,13.3,Low,0,0,10,0,41,66
REQ-001273,LOC-03,SVC-06,Routine,Family Member,Portal,2025-10-07,19.9,Low,1,0,10,0,41,67
REQ-001274,LOC-07,SVC-06,Priority,Client,Referral,2025-10-07,10.0,Low,1,0,10,0,41,67
REQ-001275,LOC-08,SVC-01,Routine,Case Manager,Phone,2025-10-07,42.6,Medium,1,0,10,0,41,67
REQ-001276,LOC-01,SVC-02,Routine,Client,Portal,2025-10-07,13.2,Low,1,0,10,0,41,67
REQ-001277,LOC-06,SVC-03,Priority,Case Manager,Phone,2025-10-07,34.9,Medium,1,0,10,0,41,67
REQ-001280,LOC-06,SVC-06,Urgent,Family Member,Phone,2025-10-07,15.8,Low,1,0,10,0,41,67
REQ-001281,LOC-07,SVC-08,Routine,Family Member,Portal,2025-10-07,45.1,Medium,1,0,10,0,41,67
REQ-001282,LOC-09,SVC-02,Routine,Client,Case Manager,2025-10-07,15.9,Low,1,0,10,0,41,67
REQ-001283,LOC-10,SVC-07,Routine,Client,Phone,2025-10-07,22.4,Low,1,0,10,0,41,67
REQ-001284,LOC-08,SVC-05,Routine,Case Manager,Referral,2025-10-07,65.8,High,1,0,10,0,41,67
REQ-001285,LOC-09,SVC-07,Routine,Client,Referral,2025-10-07,18.4,Low,1,0,10,0,41,67
REQ-001286,LOC-03,SVC-06,Routine,Client,Phone,2025-10-07,18.8,Low,1,0,10,0,41,67
REQ-001288,LOC-03,SVC-03,Priority,Client,Phone,2025-10-07,37.8,Medium,1,0,10,0,41,67
REQ-001289,LOC-04,SVC-05,Routine,Family Member,Portal,2025-10-07,24.9,Low,1,0,10,0,41,67
REQ-001291,LOC-06,SVC-01,Priority,Client,Phone,2025-10-07,16.3,Low,1,0,10,0,41,67
REQ-001292,LOC-10,SVC-02,Emergency,Family Member,Phone,2025-10-07,61.3,High,1,0,10,0,41,67
REQ-001293,LOC-01,SVC-01,Routine,Case Manager,Phone,2025-10-07,88.8,Critical,1,0,10,0,41,67
REQ-001294,LOC-08,SVC-02,Routine,Client,Phone,2025-10-07,36.2,Medium,1,0,10,0,41,67
REQ-001295,LOC-10,SVC-03,Urgent,Client,Phone,2025-10-07,18.3,Low,1,0,10,0,41,67
REQ-001296,LOC-07,SVC-04,Routine,GP / Clinician,Referral,2025-10-07,86.0,Critical,1,0,10,0,41,67
REQ-001298,LOC-08,SVC-07,Routine,Case Manager,Phone,2025-10-08,39.9,Medium,2,0,10,0,41,68
REQ-001299,LOC-09,SVC-02,Routine,Client,Phone,2025-10-08,13.5,Low,2,0,10,0,41,68
REQ-001300,LOC-10,SVC-02,Priority,Family Member,Phone,2025-10-08,5.3,Low,2,0,10,0,41,68
REQ-001301,LOC-01,SVC-07,Urgent,Case Manager,Case Manager,2025-10-08,59.8,High,2,0,10,0,41,68
REQ-001302,LOC-05,SVC-01,Priority,Client,Portal,2025-10-08,35.7,Medium,2,0,10,0,41,68
REQ-001303,LOC-08,SVC-08,Routine,Client,Referral,2025-10-08,52.5,High,2,0,10,0,41,68
REQ-001304,LOC-02,SVC-07,Routine,GP / Clinician,Portal,2025-10-08,67.3,High,2,0,10,0,41,68
REQ-001305,LOC-03,SVC-02,Priority,Case Manager,Phone,2025-10-08,71.1,High,2,0,10,0,41,68
REQ-001306,LOC-03,SVC-05,Routine,Client,Phone,2025-10-08,11.8,Low,2,0,10,0,41,68
REQ-001307,LOC-05,SVC-05,Urgent,Family Member,Phone,2025-10-08,43.9,Medium,2,0,10,0,41,68
REQ-001308,LOC-06,SVC-09,Routine,Case Manager,Phone,2025-10-08,61.7,High,2,0,10,0,41,68
REQ-001309,LOC-02,SVC-08,Routine,Client,Portal,2025-10-08,16.4,Low,2,0,10,0,41,68
REQ-001310,LOC-02,SVC-02,Routine,Case Manager,Portal,2025-10-08,40.2,Medium,2,0,10,0,41,68
REQ-001311,LOC-02,SVC-02,Urgent,Family Member,Portal,2025-10-08,60.0,High,2,0,10,0,41,68
REQ-001313,LOC-01,SVC-09,Routine,Client,Phone,2025-10-08,64.5,High,2,0,10,0,41,68
REQ-001314,LOC-07,SVC-02,Urgent,Case Manager,Portal,2025-10-08,34.3,Medium,2,0,10,0,41,68
REQ-001315,LOC-02,SVC-04,Routine,Case Manager,Portal,2025-10-08,13.9,Low,2,0,10,0,41,68
REQ-001316,LOC-08,SVC-01,Routine,GP / Clinician,Referral,2025-10-08,42.1,Medium,2,0,10,0,41,68
REQ-001317,LOC-08,SVC-01,Priority,Case Manager,Phone,2025-10-08,33.6,Medium,2,0,10,0,41,68
REQ-001318,LOC-03,SVC-01,Priority,Case Manager,Case Manager,2025-10-08,14.4,Low,2,0,10,0,41,68
REQ-001319,LOC-07,SVC-06,Routine,Client,Referral,2025-10-08,46.4,Medium,2,0,10,0,41,68
REQ-001320,LOC-09,SVC-03,Routine,Client,Phone,2025-10-09,34.1,Medium,3,0,10,0,41,69
REQ-001321,LOC-06,SVC-08,Routine,Client,Portal,2025-10-09,23.4,Low,3,0,10,0,41,69
REQ-001322,LOC-01,SVC-02,Routine,Family Member,Portal,2025-10-09,68.2,High,3,0,10,0,41,69
REQ-001323,LOC-07,SVC-02,Routine,Family Member,Phone,2025-10-09,32.0,Medium,3,0,10,0,41,69
REQ-001325,LOC-09,SVC-05,Priority,Client,Phone,2025-10-09,57.2,High,3,0,10,0,41,69
REQ-001326,LOC-09,SVC-02,Routine,Case Manager,Phone,2025-10-09,13.8,Low,3,0,10,0,41,69
REQ-001327,LOC-04,SVC-01,Urgent,Client,Case Manager,2025-10-09,56.6,High,3,0,10,0,41,69
REQ-001328,LOC-06,SVC-04,Urgent,Case Manager,Case Manager,2025-10-09,68.2,High,3,0,10,0,41,69
REQ-001329,LOC-03,SVC-01,Routine,Case Manager,Portal,2025-10-09,4.5,Low,3,0,10,0,41,69
REQ-001330,LOC-08,SVC-01,Routine,Client,Portal,2025-10-09,45.1,Medium,3,0,10,0,41,69
REQ-001332,LOC-03,SVC-08,Routine,Family Member,Case Manager,2025-10-09,37.2,Medium,3,0,10,0,41,69
REQ-001333,LOC-06,SVC-05,Urgent,Family Member,Referral,2025-10-09,58.4,High,3,0,10,0,41,69
REQ-001334,LOC-06,SVC-04,Routine,Family Member,Portal,2025-10-09,49.1,Medium,3,0,10,0,41,69
REQ-001335,LOC-05,SVC-03,Urgent,Case Manager,Referral,2025-10-09,31.6,Medium,3,0,10,0,41,69
REQ-001336,LOC-01,SVC-01,Urgent,Client,Portal,2025-10-09,65.5,High,3,0,10,0,41,69
REQ-001337,LOC-01,SVC-06,Priority,Family Member,Phone,2025-10-09,61.6,High,3,0,10,0,41,69
REQ-001338,LOC-06,SVC-03,Priority,Case Manager,Case Manager,2025-10-09,11.5,Low,3,0,10,0,41,69
REQ-001339,LOC-02,SVC-04,Priority,Case Manager,Referral,2025-10-09,60.1,High,3,0,10,0,41,69
REQ-001340,LOC-01,SVC-05,Urgent,Client,Referral,2025-10-09,26.1,Medium,3,0,10,0,41,69
REQ-001341,LOC-02,SVC-08,Emergency,GP / Clinician,Phone,2025-10-09,85.0,Critical,3,0,10,0,41,69
REQ-001342,LOC-06,SVC-06,Routine,Family Member,Phone,2025-10-09,85.0,Critical,3,0,10,0,41,69
REQ-001343,LOC-10,SVC-05,Routine,Client,Phone,2025-10-09,5.4,Low,3,0,10,0,41,69
REQ-001345,LOC-07,SVC-02,Priority,Family Member,Phone,2025-10-09,30.7,Medium,3,0,10,0,41,69
REQ-001346,LOC-08,SVC-07,Routine,Case Manager,Referral,2025-10-09,57.5,High,3,0,10,0,41,69
REQ-001347,LOC-08,SVC-03,Priority,Case Manager,Case Manager,2025-10-09,17.3,Low,3,0,10,0,41,69
REQ-001348,LOC-08,SVC-06,Routine,Client,Referral,2025-10-09,10.7,Low,3,0,10,0,41,69
REQ-001349,LOC-05,SVC-01,Routine,Client,Portal,2025-10-09,30.7,Medium,3,0,10,0,41,69
REQ-001350,LOC-09,SVC-02,Urgent,Family Member,Referral,2025-10-09,21.4,Low,3,0,10,0,41,69
REQ-001351,LOC-10,SVC-06,Routine,Family Member,Case Manager,2025-10-09,28.6,Medium,3,0,10,0,41,69
REQ-001352,LOC-02,SVC-08,Priority,Case Manager,Phone,2025-10-10,67.3,High,4,0,10,0,41,70
REQ-001353,LOC-09,SVC-05,Priority,Family Member,Portal,2025-10-10,21.8,Low,4,0,10,0,41,70
REQ-001355,LOC-02,SVC-05,Priority,GP / Clinician,Referral,2025-10-10,93.9,Critical,4,0,10,0,41,70
REQ-001356,LOC-01,SVC-04,Urgent,GP / Clinician,Phone,2025-10-10,92.0,Critical,4,0,10,0,41,70
REQ-001358,LOC-04,SVC-02,Routine,Client,Referral,2025-10-10,57.6,High,4,0,10,0,41,70
REQ-001359,LOC-09,SVC-09,Urgent,Case Manager,Portal,2025-10-10,76.9,Critical,4,0,10,0,41,70
REQ-001360,LOC-03,SVC-03,Priority,Client,Phone,2025-10-10,91.9,Critical,4,0,10,0,41,70
REQ-001361,LOC-08,SVC-01,Priority,Client,Portal,2025-10-10,8.6,Low,4,0,10,0,41,70
REQ-001362,LOC-06,SVC-05,Routine,Client,Referral,2025-10-10,16.5,Low,4,0,10,0,41,70
REQ-001363,LOC-08,SVC-02,Routine,Client,Portal,2025-10-10,19.2,Low,4,0,10,0,41,70
REQ-001364,LOC-05,SVC-05,Priority,Client,Case Manager,2025-10-10,40.8,Medium,4,0,10,0,41,70
REQ-001365,LOC-05,SVC-05,Priority,Client,Case Manager,2025-10-10,30.4,Medium,4,0,10,0,41,70
REQ-001368,LOC-08,SVC-01,Routine,Client,Phone,2025-10-10,13.7,Low,4,0,10,0,41,70
REQ-001369,LOC-10,SVC-05,Urgent,GP / Clinician,Referral,2025-10-11,93.5,Critical,5,1,10,0,41,71
REQ-001370,LOC-08,SVC-05,Routine,Client,Portal,2025-10-11,55.9,High,5,1,10,0,41,71
REQ-001371,LOC-08,SVC-02,Urgent,Family Member,Phone,2025-10-11,59.5,High,5,1,10,0,41,71
REQ-001373,LOC-03,SVC-05,Priority,Client,Portal,2025-10-11,37.0,Medium,5,1,10,0,41,71
REQ-001374,LOC-09,SVC-02,Priority,Family Member,Phone,2025-10-11,94.8,Critical,5,1,10,0,41,71
REQ-001375,LOC-05,SVC-09,Routine,Family Member,Portal,2025-10-11,46.3,Medium,5,1,10,0,41,71
REQ-001376,LOC-01,SVC-08,Priority,Family Member,Case Manager,2025-10-11,63.9,High,5,1,10,0,41,71
REQ-001377,LOC-10,SVC-01,Routine,Client,Portal,2025-10-11,5.4,Low,5,1,10,0,41,71
REQ-001379,LOC-10,SVC-04,Routine,Client,Phone,2025-10-12,18.2,Low,6,1,10,0,41,72
REQ-001381,LOC-01,SVC-05,Routine,Family Member,Phone,2025-10-12,21.7,Low,6,1,10,0,41,72
REQ-001382,LOC-10,SVC-03,Priority,Family Member,Phone,2025-10-12,24.6,Medium,6,1,10,0,41,72
REQ-001383,LOC-01,SVC-02,Urgent,Family Member,Phone,2025-10-12,59.1,High,6,1,10,0,41,72
REQ-001384,LOC-01,SVC-09,Routine,Client,Referral,2025-10-12,19.9,Low,6,1,10,0,41,72
REQ-001385,LOC-02,SVC-02,Priority,Client,Referral,2025-10-12,39.4,Medium,6,1,10,0,41,72
REQ-001386,LOC-08,SVC-04,Routine,Family Member,Referral,2025-10-12,22.2,Low,6,1,10,0,41,72
REQ-001389,LOC-01,SVC-01,Routine,GP / Clinician,Referral,2025-10-13,20.9,Low,0,0,10,0,42,73
REQ-001390,LOC-08,SVC-07,Routine,Family Member,Portal,2025-10-13,67.5,High,0,0,10,0,42,73
REQ-001391,LOC-02,SVC-01,Routine,Client,Referral,2025-10-13,17.5,Low,0,0,10,0,42,73
REQ-001392,LOC-09,SVC-07,Priority,Case Manager,Referral,2025-10-13,33.3,Medium,0,0,10,0,42,73
REQ-001393,LOC-07,SVC-08,Priority,Case Manager,Phone,2025-10-13,82.9,Critical,0,0,10,0,42,73
REQ-001394,LOC-02,SVC-02,Priority,Family Member,Phone,2025-10-13,38.3,Medium,0,0,10,0,42,73
REQ-001395,LOC-02,SVC-06,Emergency,Family Member,Portal,2025-10-13,15.2,Low,0,0,10,0,42,73
REQ-001397,LOC-01,SVC-01,Routine,Family Member,Portal,2025-10-13,21.5,Low,0,0,10,0,42,73
REQ-001398,LOC-06,SVC-04,Routine,Family Member,Portal,2025-10-13,27.9,Low,0,0,10,0,42,73
REQ-001400,LOC-02,SVC-09,Priority,Case Manager,Case Manager,2025-10-13,54.1,High,0,0,10,0,42,73
REQ-001401,LOC-02,SVC-09,Routine,Client,Phone,2025-10-13,17.5,Low,0,0,10,0,42,73
REQ-001402,LOC-08,SVC-05,Routine,Client,Phone,2025-10-13,22.1,Low,0,0,10,0,42,73
REQ-001404,LOC-06,SVC-09,Routine,Case Manager,Phone,2025-10-13,63.9,High,0,0,10,0,42,73
REQ-001405,LOC-03,SVC-06,Urgent,Case Manager,Referral,2025-10-13,48.5,Medium,0,0,10,0,42,73
REQ-001406,LOC-08,SVC-01,Routine,Family Member,Referral,2025-10-13,45.0,Medium,0,0,10,0,42,73
REQ-001407,LOC-07,SVC-02,Routine,Client,Phone,2025-10-13,11.6,Low,0,0,10,0,42,73
REQ-001409,LOC-08,SVC-05,Routine,Client,Case Manager,2025-10-13,9.4,Low,0,0,10,0,42,73
REQ-001410,LOC-10,SVC-03,Priority,Client,Phone,2025-10-13,59.0,High,0,0,10,0,42,73
REQ-001411,LOC-08,SVC-02,Routine,Client,Phone,2025-10-13,75.3,High,0,0,10,0,42,73
REQ-001412,LOC-03,SVC-05,Priority,Family Member,Portal,2025-10-13,36.4,Medium,0,0,10,0,42,73
REQ-001413,LOC-09,SVC-02,Urgent,Case Manager,Portal,2025-10-13,58.9,High,0,0,10,0,42,73
REQ-001414,LOC-04,SVC-07,Routine,Client,Phone,2025-10-14,16.0,Low,1,0,10,0,42,74
REQ-001415,LOC-05,SVC-05,Routine,Case Manager,Referral,2025-10-14,38.9,Medium,1,0,10,0,42,74
REQ-001416,LOC-03,SVC-07,Urgent,GP / Clinician,Phone,2025-10-14,40.3,Medium,1,0,10,0,42,74
REQ-001417,LOC-03,SVC-05,Routine,Client,Referral,2025-10-14,20.0,Low,1,0,10,0,42,74
REQ-001418,LOC-03,SVC-05,Routine,Client,Portal,2025-10-14,34.6,Medium,1,0,10,0,42,74
REQ-001419,LOC-05,SVC-02,Routine,Family Member,Portal,2025-10-14,47.5,Medium,1,0,10,0,42,74
REQ-001420,LOC-10,SVC-09,Routine,Case Manager,Phone,2025-10-14,22.5,Low,1,0,10,0,42,74
REQ-001421,LOC-05,SVC-06,Routine,Family Member,Portal,2025-10-14,28.3,Low,1,0,10,0,42,74
REQ-001422,LOC-05,SVC-01,Urgent,GP / Clinician,Referral,2025-10-14,82.3,Critical,1,0,10,0,42,74
REQ-001423,LOC-05,SVC-04,Priority,GP / Clinician,Referral,2025-10-14,64.4,High,1,0,10,0,42,74
REQ-001424,LOC-01,SVC-07,Routine,Family Member,Referral,2025-10-14,13.1,Low,1,0,10,0,42,74
REQ-001425,LOC-08,SVC-06,Routine,GP / Clinician,Phone,2025-10-14,40.3,Medium,1,0,10,0,42,74
REQ-001426,LOC-09,SVC-01,Priority,Family Member,Referral,2025-10-14,32.8,Medium,1,0,10,0,42,74
REQ-001427,LOC-03,SVC-02,Routine,GP / Clinician,Phone,2025-10-14,72.7,High,1,0,10,0,42,74
REQ-001428,LOC-05,SVC-07,Priority,Case Manager,Case Manager,2025-10-14,64.3,High,1,0,10,0,42,74
REQ-001430,LOC-02,SVC-07,Routine,GP / Clinician,Phone,2025-10-14,64.5,High,1,0,10,0,42,74
REQ-001431,LOC-03,SVC-08,Routine,Client,Phone,2025-10-14,14.4,Low,1,0,10,0,42,74
REQ-001432,LOC-02,SVC-02,Routine,Family Member,Portal,2025-10-14,41.1,Medium,1,0,10,0,42,74
REQ-001433,LOC-01,SVC-07,Urgent,Case Manager,Case Manager,2025-10-15,90.4,Critical,2,0,10,0,42,75
REQ-001434,LOC-04,SVC-04,Urgent,GP / Clinician,Referral,2025-10-15,84.7,Critical,2,0,10,0,42,75
REQ-001436,LOC-06,SVC-02,Priority,Family Member,Phone,2025-10-15,38.5,Medium,2,0,10,0,42,75
REQ-001438,LOC-01,SVC-01,Urgent,Case Manager,Phone,2025-10-15,71.8,High,2,0,10,0,42,75
REQ-001439,LOC-10,SVC-08,Routine,Client,Referral,2025-10-15,27.5,Low,2,0,10,0,42,75
REQ-001440,LOC-10,SVC-05,Priority,Client,Phone,2025-10-15,39.5,Medium,2,0,10,0,42,75
REQ-001441,LOC-08,SVC-02,Priority,Client,Portal,2025-10-15,61.7,High,2,0,10,0,42,75
REQ-001442,LOC-05,SVC-02,Urgent,GP / Clinician,Referral,2025-10-15,38.9,Medium,2,0,10,0,42,75
REQ-001443,LOC-04,SVC-01,Routine,Case Manager,Portal,2025-10-15,11.2,Low,2,0,10,0,42,75
REQ-001444,LOC-06,SVC-06,Priority,Client,Referral,2025-10-15,61.7,High,2,0,10,0,42,75
REQ-001445,LOC-03,SVC-01,Urgent,Client,Case Manager,2025-10-15,21.0,Low,2,0,10,0,42,75
REQ-001446,LOC-10,SVC-02,Routine,Case Manager,Portal,2025-10-15,32.8,Medium,2,0,10,0,42,75
REQ-001447,LOC-01,SVC-07,Urgent,Case Manager,Phone,2025-10-15,68.0,High,2,0,10,0,42,75
REQ-001448,LOC-03,SVC-07,Routine,GP / Clinician,Referral,2025-10-15,23.1,Low,2,0,10,0,42,75
REQ-001449,LOC-02,SVC-06,Urgent,Client,Case Manager,2025-10-15,71.3,High,2,0,10,0,42,75
REQ-001450,LOC-02,SVC-07,Routine,Client,Case Manager,2025-10-15,19.8,Low,2,0,10,0,42,75
REQ-001451,LOC-02,SVC-07,Routine,Case Manager,Case Manager,2025-10-15,13.2,Low,2,0,10,0,42,75
REQ-001452,LOC-02,SVC-05,Urgent,Case Manager,Portal,2025-10-15,7.9,Low,2,0,10,0,42,75
REQ-001454,LOC-07,SVC-02,Routine,Client,Case Manager,2025-10-16,7.0,Low,3,0,10,0,42,76
REQ-001455,LOC-10,SVC-09,Routine,Client,Referral,2025-10-16,9.8,Low,3,0,10,0,42,76
REQ-001457,LOC-01,SVC-05,Priority,GP / Clinician,Referral,2025-10-16,31.5,Medium,3,0,10,0,42,76
REQ-001458,LOC-02,SVC-02,Routine,Family Member,Phone,2025-10-16,35.3,Medium,3,0,10,0,42,76
REQ-001460,LOC-09,SVC-05,Routine,Case Manager,Phone,2025-10-16,36.2,Medium,3,0,10,0,42,76
REQ-001462,LOC-01,SVC-01,Routine,GP / Clinician,Phone,2025-10-16,81.9,Critical,3,0,10,0,42,76
REQ-001464,LOC-01,SVC-09,Priority,Case Manager,Portal,2025-10-16,50.8,Medium,3,0,10,0,42,76
REQ-001465,LOC-01,SVC-06,Priority,Client,Phone,2025-10-16,22.5,Medium,3,0,10,0,42,76
REQ-001468,LOC-07,SVC-02,Routine,Client,Referral,2025-10-16,28.0,Low,3,0,10,0,42,76
REQ-001469,LOC-03,SVC-05,Routine,Client,Case Manager,2025-10-16,21.0,Low,3,0,10,0,42,76
REQ-001470,LOC-04,SVC-05,Routine,Client,Case Manager,2025-10-16,21.7,Low,3,0,10,0,42,76
REQ-001471,LOC-05,SVC-01,Routine,Case Manager,Portal,2025-10-16,73.8,High,3,0,10,0,42,76
REQ-001472,LOC-06,SVC-02,Routine,GP / Clinician,Phone,2025-10-16,66.7,High,3,0,10,0,42,76
REQ-001474,LOC-08,SVC-01,Priority,GP / Clinician,Phone,2025-10-16,38.2,Medium,3,0,10,0,42,76
REQ-001475,LOC-03,SVC-01,Priority,Family Member,Portal,2025-10-17,20.2,Low,4,0,10,0,42,77
REQ-001476,LOC-02,SVC-03,Routine,Client,Portal,2025-10-17,22.3,Low,4,0,10,0,42,77
REQ-001477,LOC-02,SVC-01,Routine,Case Manager,Phone,2025-10-17,13.4,Low,4,0,10,0,42,77
REQ-001478,LOC-08,SVC-01,Routine,Client,Portal,2025-10-17,32.0,Medium,4,0,10,0,42,77
REQ-001479,LOC-07,SVC-05,Priority,Client,Phone,2025-10-17,37.7,Medium,4,0,10,0,42,77
REQ-001480,LOC-08,SVC-03,Urgent,Family Member,Portal,2025-10-17,58.1,High,4,0,10,0,42,77
REQ-001483,LOC-10,SVC-05,Priority,Client,Phone,2025-10-17,45.7,Medium,4,0,10,0,42,77
REQ-001484,LOC-03,SVC-05,Routine,Client,Phone,2025-10-17,15.6,Low,4,0,10,0,42,77
REQ-001485,LOC-07,SVC-01,Priority,Case Manager,Case Manager,2025-10-17,56.5,High,4,0,10,0,42,77
REQ-001486,LOC-05,SVC-04,Priority,Client,Portal,2025-10-17,46.4,Medium,4,0,10,0,42,77
REQ-001487,LOC-09,SVC-05,Routine,Case Manager,Referral,2025-10-17,69.4,High,4,0,10,0,42,77
REQ-001488,LOC-09,SVC-03,Priority,Case Manager,Referral,2025-10-17,44.7,Medium,4,0,10,0,42,77
REQ-001490,LOC-07,SVC-02,Priority,Case Manager,Case Manager,2025-10-17,24.3,Low,4,0,10,0,42,77
REQ-001491,LOC-02,SVC-07,Routine,Client,Phone,2025-10-17,45.1,Medium,4,0,10,0,42,77
REQ-001492,LOC-09,SVC-05,Routine,Client,Portal,2025-10-17,28.6,Low,4,0,10,0,42,77
REQ-001493,LOC-08,SVC-02,Urgent,Family Member,Portal,2025-10-17,8.3,Low,4,0,10,0,42,77
REQ-001494,LOC-10,SVC-09,Routine,Client,Portal,2025-10-17,14.1,Low,4,0,10,0,42,77
REQ-001495,LOC-03,SVC-01,Routine,Family Member,Portal,2025-10-17,50.6,Medium,4,0,10,0,42,77
REQ-001496,LOC-10,SVC-02,Priority,Client,Referral,2025-10-17,44.6,Medium,4,0,10,0,42,77
REQ-001497,LOC-05,SVC-03,Priority,Client,Phone,2025-10-17,64.5,High,4,0,10,0,42,77
REQ-001498,LOC-03,SVC-05,Priority,Family Member,Portal,2025-10-17,44.6,Medium,4,0,10,0,42,77
REQ-001499,LOC-02,SVC-08,Priority,Family Member,Referral,2025-10-17,65.7,High,4,0,10,0,42,77
REQ-001501,LOC-07,SVC-06,Routine,Client,Phone,2025-10-18,43.3,Medium,5,1,10,0,42,78
REQ-001503,LOC-03,SVC-08,Routine,Family Member,Phone,2025-10-18,18.7,Low,5,1,10,0,42,78
REQ-001504,LOC-02,SVC-01,Priority,Family Member,Portal,2025-10-18,71.3,High,5,1,10,0,42,78
REQ-001506,LOC-06,SVC-06,Emergency,GP / Clinician,Phone,2025-10-19,63.2,High,6,1,10,0,42,79
REQ-001507,LOC-06,SVC-02,Routine,GP / Clinician,Phone,2025-10-19,20.6,Low,6,1,10,0,42,79
REQ-001508,LOC-08,SVC-08,Priority,Client,Referral,2025-10-19,38.9,Medium,6,1,10,0,42,79
REQ-001509,LOC-02,SVC-04,Urgent,Case Manager,Phone,2025-10-19,91.1,Critical,6,1,10,0,42,79
REQ-001510,LOC-07,SVC-09,Priority,GP / Clinician,Phone,2025-10-19,33.3,Medium,6,1,10,0,42,79
REQ-001512,LOC-05,SVC-07,Routine,Client,Referral,2025-10-19,37.1,Medium,6,1,10,0,42,79
REQ-001513,LOC-05,SVC-02,Routine,Family Member,Referral,2025-10-19,35.1,Medium,6,1,10,0,42,79
REQ-001515,LOC-07,SVC-01,Priority,GP / Clinician,Portal,2025-10-20,30.8,Medium,0,0,10,0,43,80
REQ-001516,LOC-09,SVC-05,Routine,Client,Phone,2025-10-20,37.4,Medium,0,0,10,0,43,80
REQ-001517,LOC-08,SVC-01,Routine,Family Member,Phone,2025-10-20,20.7,Low,0,0,10,0,43,80
REQ-001518,LOC-04,SVC-05,Priority,Case Manager,Portal,2025-10-20,39.1,Medium,0,0,10,0,43,80
REQ-001519,LOC-03,SVC-05,Priority,Client,Phone,2025-10-20,26.4,Medium,0,0,10,0,43,80
REQ-001520,LOC-09,SVC-03,Urgent,Client,Portal,2025-10-20,45.0,Medium,0,0,10,0,43,80
REQ-001521,LOC-10,SVC-01,Urgent,Client,Phone,2025-10-20,25.8,Low,0,0,10,0,43,80
REQ-001522,LOC-09,SVC-02,Priority,Client,Referral,2025-10-20,32.8,Medium,0,0,10,0,43,80
REQ-001523,LOC-01,SVC-01,Urgent,Client,Referral,2025-10-20,34.7,Medium,0,0,10,0,43,80
REQ-001524,LOC-07,SVC-05,Routine,Family Member,Portal,2025-10-20,23.9,Low,0,0,10,0,43,80
REQ-001525,LOC-05,SVC-09,Emergency,Client,Phone,2025-10-20,14.6,Low,0,0,10,0,43,80
REQ-001526,LOC-07,SVC-06,Emergency,Family Member,Phone,2025-10-20,37.6,Medium,0,0,10,0,43,80
REQ-001528,LOC-06,SVC-05,Routine,Client,Portal,2025-10-20,11.5,Low,0,0,10,0,43,80
REQ-001529,LOC-07,SVC-05,Routine,GP / Clinician,Portal,2025-10-20,6.3,Low,0,0,10,0,43,80
REQ-001530,LOC-03,SVC-01,Routine,Client,Referral,2025-10-20,43.4,Medium,0,0,10,0,43,80
REQ-001531,LOC-05,SVC-09,Urgent,Client,Portal,2025-10-20,43.5,Medium,0,0,10,0,43,80
REQ-001532,LOC-03,SVC-01,Priority,Client,Case Manager,2025-10-20,35.3,Medium,0,0,10,0,43,80
REQ-001533,LOC-06,SVC-06,Routine,Family Member,Referral,2025-10-20,64.4,High,0,0,10,0,43,80
REQ-001534,LOC-09,SVC-06,Routine,Client,Portal,2025-10-20,10.9,Low,0,0,10,0,43,80
REQ-001535,LOC-03,SVC-05,Priority,Case Manager,Referral,2025-10-20,61.8,High,0,0,10,0,43,80
REQ-001537,LOC-05,SVC-07,Urgent,Client,Referral,2025-10-21,61.3,High,1,0,10,0,43,81
REQ-001539,LOC-10,SVC-01,Routine,Case Manager,Phone,2025-10-21,41.6,Medium,1,0,10,0,43,81
REQ-001540,LOC-08,SVC-01,Routine,Client,Portal,2025-10-21,14.6,Low,1,0,10,0,43,81
REQ-001541,LOC-04,SVC-08,Urgent,Family Member,Phone,2025-10-21,67.4,High,1,0,10,0,43,81
REQ-001542,LOC-09,SVC-02,Routine,Client,Portal,2025-10-21,51.1,Medium,1,0,10,0,43,81
REQ-001544,LOC-03,SVC-03,Routine,Client,Phone,2025-10-21,28.9,Medium,1,0,10,0,43,81
REQ-001545,LOC-10,SVC-09,Routine,Client,Portal,2025-10-21,7.1,Low,1,0,10,0,43,81
REQ-001546,LOC-02,SVC-01,Routine,Family Member,Phone,2025-10-21,28.6,Medium,1,0,10,0,43,81
REQ-001548,LOC-08,SVC-05,Emergency,Case Manager,Phone,2025-10-21,40.1,Medium,1,0,10,0,43,81
REQ-001549,LOC-04,SVC-03,Priority,Family Member,Portal,2025-10-21,35.4,Medium,1,0,10,0,43,81
REQ-001550,LOC-10,SVC-01,Routine,GP / Clinician,Portal,2025-10-21,17.7,Low,1,0,10,0,43,81
REQ-001552,LOC-05,SVC-06,Priority,Case Manager,Phone,2025-10-21,66.2,High,1,0,10,0,43,81
REQ-001553,LOC-08,SVC-09,Routine,Client,Portal,2025-10-21,19.2,Low,1,0,10,0,43,81
REQ-001554,LOC-01,SVC-06,Routine,Client,Phone,2025-10-21,38.5,Medium,1,0,10,0,43,81
REQ-001555,LOC-03,SVC-02,Routine,Client,Phone,2025-10-21,8.9,Low,1,0,10,0,43,81
REQ-001557,LOC-09,SVC-06,Routine,Case Manager,Phone,2025-10-21,34.1,Medium,1,0,10,0,43,81
REQ-001558,LOC-05,SVC-03,Priority,Client,Phone,2025-10-21,30.6,Medium,1,0,10,0,43,81
REQ-001559,LOC-06,SVC-02,Urgent,Family Member,Portal,2025-10-22,22.7,Low,2,0,10,0,43,82
REQ-001560,LOC-01,SVC-02,Priority,Client,Phone,2025-10-22,48.0,Medium,2,0,10,0,43,82
REQ-001561,LOC-01,SVC-07,Routine,Family Member,Phone,2025-10-22,16.3,Low,2,0,10,0,43,82
REQ-001562,LOC-06,SVC-01,Routine,Client,Phone,2025-10-22,15.8,Low,2,0,10,0,43,82
REQ-001563,LOC-03,SVC-07,Routine,Family Member,Portal,2025-10-22,16.4,Low,2,0,10,0,43,82
REQ-001565,LOC-03,SVC-06,Urgent,Client,Referral,2025-10-22,50.2,Medium,2,0,10,0,43,82
REQ-001566,LOC-07,SVC-07,Routine,Client,Portal,2025-10-22,43.5,Medium,2,0,10,0,43,82
REQ-001567,LOC-07,SVC-06,Routine,Client,Portal,2025-10-22,15.1,Low,2,0,10,0,43,82
REQ-001568,LOC-02,SVC-06,Emergency,Case Manager,Phone,2025-10-22,61.9,High,2,0,10,0,43,82
REQ-001569,LOC-01,SVC-05,Priority,Client,Referral,2025-10-22,40.6,Medium,2,0,10,0,43,82
REQ-001570,LOC-03,SVC-06,Urgent,Case Manager,Phone,2025-10-22,38.8,Medium,2,0,10,0,43,82
REQ-001571,LOC-08,SVC-04,Priority,Family Member,Phone,2025-10-22,30.5,Medium,2,0,10,0,43,82
REQ-001572,LOC-06,SVC-04,Priority,Client,Phone,2025-10-23,26.1,Medium,3,0,10,0,43,83
REQ-001573,LOC-06,SVC-02,Routine,Case Manager,Referral,2025-10-23,9.6,Low,3,0,10,0,43,83
REQ-001574,LOC-02,SVC-07,Urgent,Client,Phone,2025-10-23,8.0,Low,3,0,10,0,43,83
REQ-001575,LOC-03,SVC-06,Routine,Case Manager,Portal,2025-10-23,20.2,Low,3,0,10,0,43,83
REQ-001576,LOC-07,SVC-09,Priority,Case Manager,Case Manager,2025-10-23,42.3,Medium,3,0,10,0,43,83
REQ-001577,LOC-10,SVC-03,Priority,Case Manager,Referral,2025-10-23,13.8,Low,3,0,10,0,43,83
REQ-001578,LOC-06,SVC-07,Routine,Client,Phone,2025-10-23,36.4,Medium,3,0,10,0,43,83
REQ-001579,LOC-06,SVC-05,Routine,Case Manager,Portal,2025-10-23,60.9,High,3,0,10,0,43,83
REQ-001580,LOC-06,SVC-07,Priority,Case Manager,Phone,2025-10-23,51.4,Medium,3,0,10,0,43,83
REQ-001581,LOC-05,SVC-06,Routine,Client,Portal,2025-10-23,37.6,Medium,3,0,10,0,43,83
REQ-001583,LOC-10,SVC-01,Priority,Family Member,Phone,2025-10-23,37.5,Medium,3,0,10,0,43,83
REQ-001584,LOC-03,SVC-07,Routine,Client,Referral,2025-10-23,20.0,Low,3,0,10,0,43,83
REQ-001585,LOC-04,SVC-01,Priority,Client,Phone,2025-10-23,51.2,Medium,3,0,10,0,43,83
REQ-001586,LOC-02,SVC-06,Routine,Client,Referral,2025-10-23,63.0,High,3,0,10,0,43,83
REQ-001587,LOC-01,SVC-01,Routine,GP / Clinician,Phone,2025-10-23,81.1,Critical,3,0,10,0,43,83
REQ-001588,LOC-10,SVC-06,Routine,Family Member,Phone,2025-10-23,35.1,Medium,3,0,10,0,43,83
REQ-001589,LOC-09,SVC-07,Priority,Case Manager,Referral,2025-10-23,67.1,High,3,0,10,0,43,83
REQ-001590,LOC-01,SVC-01,Routine,Client,Phone,2025-10-23,14.8,Low,3,0,10,0,43,83
REQ-001591,LOC-02,SVC-06,Routine,GP / Clinician,Referral,2025-10-23,34.2,Medium,3,0,10,0,43,83
REQ-001592,LOC-02,SVC-01,Routine,GP / Clinician,Phone,2025-10-23,66.0,High,3,0,10,0,43,83
REQ-001593,LOC-07,SVC-04,Routine,GP / Clinician,Portal,2025-10-23,36.7,Medium,3,0,10,0,43,83
REQ-001594,LOC-06,SVC-05,Routine,Client,Phone,2025-10-23,13.5,Low,3,0,10,0,43,83
REQ-001597,LOC-06,SVC-04,Routine,Case Manager,Phone,2025-10-24,63.2,High,4,0,10,0,43,84
REQ-001598,LOC-04,SVC-07,Urgent,Client,Referral,2025-10-24,37.4,Medium,4,0,10,0,43,84
REQ-001599,LOC-09,SVC-09,Priority,Client,Referral,2025-10-24,95.8,Critical,4,0,10,0,43,84
REQ-001600,LOC-10,SVC-02,Routine,Client,Phone,2025-10-24,27.0,Low,4,0,10,0,43,84
REQ-001601,LOC-08,SVC-02,Priority,Client,Portal,2025-10-24,9.0,Low,4,0,10,0,43,84
REQ-001602,LOC-07,SVC-01,Routine,Case Manager,Phone,2025-10-24,65.3,High,4,0,10,0,43,84
REQ-001603,LOC-10,SVC-03,Priority,Client,Phone,2025-10-24,42.7,Medium,4,0,10,0,43,84
REQ-001604,LOC-06,SVC-05,Routine,Case Manager,Referral,2025-10-24,23.9,Low,4,0,10,0,43,84
REQ-001605,LOC-06,SVC-05,Priority,Client,Referral,2025-10-24,44.3,Medium,4,0,10,0,43,84
REQ-001606,LOC-05,SVC-08,Emergency,Client,Phone,2025-10-24,79.9,High,4,0,10,0,43,84
REQ-001608,LOC-04,SVC-09,Routine,Case Manager,Phone,2025-10-24,66.1,High,4,0,10,0,43,84
REQ-001609,LOC-07,SVC-02,Routine,Case Manager,Portal,2025-10-24,13.9,Low,4,0,10,0,43,84
REQ-001611,LOC-06,SVC-02,Routine,Family Member,Case Manager,2025-10-24,16.7,Low,4,0,10,0,43,84
REQ-001612,LOC-10,SVC-08,Priority,Family Member,Referral,2025-10-24,42.6,Medium,4,0,10,0,43,84
REQ-001613,LOC-01,SVC-05,Urgent,GP / Clinician,Portal,2025-10-24,59.2,High,4,0,10,0,43,84
REQ-001614,LOC-06,SVC-02,Priority,Family Member,Referral,2025-10-24,14.3,Low,4,0,10,0,43,84
REQ-001615,LOC-09,SVC-07,Priority,Client,Phone,2025-10-24,37.8,Medium,4,0,10,0,43,84
REQ-001616,LOC-10,SVC-07,Urgent,Case Manager,Phone,2025-10-24,86.0,Critical,4,0,10,0,43,84
REQ-001618,LOC-10,SVC-06,Routine,Case Manager,Phone,2025-10-25,26.9,Low,5,1,10,0,43,85
REQ-001619,LOC-07,SVC-02,Urgent,Case Manager,Referral,2025-10-25,30.1,Medium,5,1,10,0,43,85
REQ-001620,LOC-09,SVC-05,Routine,Family Member,Portal,2025-10-25,42.6,Medium,5,1,10,0,43,85
REQ-001621,LOC-01,SVC-03,Priority,Case Manager,Case Manager,2025-10-25,24.2,Low,5,1,10,0,43,85
REQ-001622,LOC-05,SVC-05,Priority,Client,Portal,2025-10-25,73.6,High,5,1,10,0,43,85
REQ-001623,LOC-08,SVC-02,Urgent,Case Manager,Referral,2025-10-25,43.3,Medium,5,1,10,0,43,85
REQ-001624,LOC-08,SVC-02,Emergency,Client,Phone,2025-10-25,67.4,High,5,1,10,0,43,85
REQ-001625,LOC-07,SVC-06,Routine,Family Member,Referral,2025-10-25,37.3,Medium,5,1,10,0,43,85
REQ-001626,LOC-02,SVC-01,Routine,Family Member,Phone,2025-10-25,7.6,Low,5,1,10,0,43,85
REQ-001627,LOC-05,SVC-01,Emergency,GP / Clinician,Referral,2025-10-25,60.2,High,5,1,10,0,43,85
REQ-001628,LOC-08,SVC-01,Urgent,Family Member,Phone,2025-10-25,81.3,Critical,5,1,10,0,43,85
REQ-001629,LOC-09,SVC-01,Routine,GP / Clinician,Portal,2025-10-25,49.5,Medium,5,1,10,0,43,85
REQ-001630,LOC-07,SVC-03,Priority,Family Member,Portal,2025-10-25,58.0,High,5,1,10,0,43,85
REQ-001631,LOC-08,SVC-05,Routine,Family Member,Case Manager,2025-10-26,23.8,Low,6,1,10,0,43,86
REQ-001633,LOC-02,SVC-06,Priority,Client,Case Manager,2025-10-26,35.1,Medium,6,1,10,0,43,86
REQ-001634,LOC-06,SVC-04,Emergency,GP / Clinician,Phone,2025-10-26,77.7,Critical,6,1,10,0,43,86
REQ-001635,LOC-05,SVC-05,Urgent,Family Member,Phone,2025-10-26,33.7,Medium,6,1,10,0,43,86
REQ-001636,LOC-03,SVC-07,Routine,Client,Phone,2025-10-26,3.7,Low,6,1,10,0,43,86
REQ-001637,LOC-01,SVC-03,Routine,Family Member,Phone,2025-10-26,42.2,Medium,6,1,10,0,43,86
REQ-001638,LOC-09,SVC-01,Priority,Client,Phone,2025-10-27,36.5,Medium,0,0,10,0,44,87
REQ-001639,LOC-04,SVC-05,Emergency,Family Member,Portal,2025-10-27,55.8,Medium,0,0,10,0,44,87
REQ-001640,LOC-04,SVC-04,Priority,Family Member,Portal,2025-10-27,33.2,Medium,0,0,10,0,44,87
REQ-001641,LOC-01,SVC-08,Routine,Family Member,Portal,2025-10-27,37.9,Medium,0,0,10,0,44,87
REQ-001643,LOC-10,SVC-02,Routine,Family Member,Case Manager,2025-10-27,37.2,Medium,0,0,10,0,44,87
REQ-001644,LOC-09,SVC-04,Priority,Case Manager,Portal,2025-10-27,63.1,High,0,0,10,0,44,87
REQ-001645,LOC-08,SVC-01,Routine,GP / Clinician,Referral,2025-10-27,41.7,Medium,0,0,10,0,44,87
REQ-001646,LOC-10,SVC-02,Routine,Client,Case Manager,2025-10-27,20.9,Low,0,0,10,0,44,87
REQ-001647,LOC-05,SVC-01,Routine,Client,Portal,2025-10-27,8.7,Low,0,0,10,0,44,87
REQ-001648,LOC-04,SVC-09,Urgent,Case Manager,Referral,2025-10-27,81.9,Critical,0,0,10,0,44,87
REQ-001649,LOC-02,SVC-06,Priority,Client,Phone,2025-10-27,46.1,Medium,0,0,10,0,44,87
REQ-001650,LOC-10,SVC-09,Priority,Family Member,Portal,2025-10-27,20.3,Medium,0,0,10,0,44,87
REQ-001651,LOC-02,SVC-01,Routine,Client,Portal,2025-10-27,20.9,Low,0,0,10,0,44,87
REQ-001653,LOC-10,SVC-01,Emergency,Client,Portal,2025-10-28,46.2,Medium,1,0,10,0,44,88
REQ-001654,LOC-02,SVC-08,Routine,Client,Phone,2025-10-28,12.9,Low,1,0,10,0,44,88
REQ-001655,LOC-03,SVC-01,Routine,Case Manager,Portal,2025-10-28,12.6,Low,1,0,10,0,44,88
REQ-001656,LOC-03,SVC-04,Urgent,Client,Phone,2025-10-28,7.4,Low,1,0,10,0,44,88
REQ-001657,LOC-06,SVC-05,Priority,Case Manager,Case Manager,2025-10-28,89.3,Critical,1,0,10,0,44,88
REQ-001658,LOC-08,SVC-08,Urgent,Client,Portal,2025-10-28,20.4,Low,1,0,10,0,44,88
REQ-001659,LOC-09,SVC-05,Routine,GP / Clinician,Referral,2025-10-28,78.7,Critical,1,0,10,0,44,88
REQ-001660,LOC-10,SVC-03,Priority,Case Manager,Referral,2025-10-28,70.2,High,1,0,10,0,44,88
REQ-001661,LOC-10,SVC-06,Emergency,Client,Phone,2025-10-28,31.9,Medium,1,0,10,0,44,88
REQ-001662,LOC-07,SVC-02,Routine,Case Manager,Referral,2025-10-28,53.0,High,1,0,10,0,44,88
REQ-001663,LOC-06,SVC-09,Priority,Case Manager,Phone,2025-10-28,55.1,High,1,0,10,0,44,88
REQ-001664,LOC-06,SVC-07,Routine,Family Member,Portal,2025-10-28,24.4,Low,1,0,10,0,44,88
REQ-001665,LOC-04,SVC-02,Routine,GP / Clinician,Phone,2025-10-28,12.6,Low,1,0,10,0,44,88
REQ-001666,LOC-09,SVC-01,Emergency,Client,Phone,2025-10-28,38.9,Medium,1,0,10,0,44,88
REQ-001667,LOC-05,SVC-04,Emergency,Client,Portal,2025-10-28,37.3,Medium,1,0,10,0,44,88
REQ-001668,LOC-03,SVC-02,Urgent,Family Member,Phone,2025-10-28,44.0,Medium,1,0,10,0,44,88
REQ-001669,LOC-08,SVC-08,Routine,Case Manager,Phone,2025-10-28,23.3,Medium,1,0,10,0,44,88
REQ-001670,LOC-06,SVC-07,Routine,Client,Referral,2025-10-28,48.9,Medium,1,0,10,0,44,88
REQ-001671,LOC-01,SVC-07,Urgent,Case Manager,Case Manager,2025-10-28,38.2,Medium,1,0,10,0,44,88
REQ-001672,LOC-07,SVC-06,Priority,Case Manager,Referral,2025-10-28,56.4,High,1,0,10,0,44,88
REQ-001674,LOC-08,SVC-09,Routine,Family Member,Portal,2025-10-28,17.2,Low,1,0,10,0,44,88
REQ-001676,LOC-06,SVC-02,Routine,GP / Clinician,Case Manager,2025-10-28,87.1,Critical,1,0,10,0,44,88
REQ-001677,LOC-10,SVC-09,Urgent,GP / Clinician,Phone,2025-10-28,96.6,Critical,1,0,10,0,44,88
REQ-001679,LOC-07,SVC-05,Urgent,Case Manager,Phone,2025-10-28,58.8,High,1,0,10,0,44,88
REQ-001680,LOC-10,SVC-05,Routine,Client,Referral,2025-10-28,20.7,Low,1,0,10,0,44,88
REQ-001681,LOC-06,SVC-08,Routine,Client,Phone,2025-10-28,28.0,Low,1,0,10,0,44,88
REQ-001682,LOC-01,SVC-01,Priority,Case Manager,Portal,2025-10-28,46.1,Medium,1,0,10,0,44,88
REQ-001683,LOC-07,SVC-03,Routine,Family Member,Referral,2025-10-28,55.4,High,1,0,10,0,44,88
REQ-001684,LOC-03,SVC-06,Priority,Family Member,Phone,2025-10-28,35.9,Medium,1,0,10,0,44,88
REQ-001685,LOC-09,SVC-07,Priority,Family Member,Portal,2025-10-28,37.6,Medium,1,0,10,0,44,88
REQ-001686,LOC-10,SVC-01,Routine,Client,Phone,2025-10-28,15.1,Low,1,0,10,0,44,88
REQ-001687,LOC-04,SVC-01,Routine,Client,Phone,2025-10-28,66.2,High,1,0,10,0,44,88
REQ-001688,LOC-06,SVC-09,Routine,Client,Portal,2025-10-29,35.7,Medium,2,0,10,0,44,89
REQ-001689,LOC-08,SVC-03,Urgent,GP / Clinician,Referral,2025-10-29,29.0,Medium,2,0,10,0,44,89
REQ-001690,LOC-03,SVC-07,Routine,Family Member,Phone,2025-10-29,43.7,Medium,2,0,10,0,44,89
REQ-001691,LOC-03,SVC-03,Routine,Client,Phone,2025-10-29,7.8,Low,2,0,10,0,44,89
REQ-001692,LOC-07,SVC-07,Priority,Case Manager,Portal,2025-10-29,67.4,High,2,0,10,0,44,89
REQ-001693,LOC-09,SVC-01,Priority,Case Manager,Phone,2025-10-29,62.9,High,2,0,10,0,44,89
REQ-001694,LOC-07,SVC-02,Routine,Family Member,Referral,2025-10-29,10.5,Low,2,0,10,0,44,89
REQ-001695,LOC-08,SVC-01,Priority,Family Member,Referral,2025-10-29,40.9,Medium,2,0,10,0,44,89
REQ-001696,LOC-05,SVC-02,Priority,Client,Phone,2025-10-29,14.0,Low,2,0,10,0,44,89
REQ-001697,LOC-01,SVC-01,Priority,Client,Portal,2025-10-29,30.9,Medium,2,0,10,0,44,89
REQ-001698,LOC-10,SVC-03,Routine,Client,Phone,2025-10-29,13.0,Low,2,0,10,0,44,89
REQ-001700,LOC-02,SVC-09,Routine,Client,Referral,2025-10-29,12.2,Low,2,0,10,0,44,89
REQ-001701,LOC-02,SVC-06,Emergency,Case Manager,Portal,2025-10-29,78.2,Critical,2,0,10,0,44,89
REQ-001704,LOC-03,SVC-07,Priority,Client,Portal,2025-10-29,46.1,Medium,2,0,10,0,44,89
REQ-001705,LOC-05,SVC-05,Routine,Client,Phone,2025-10-29,25.8,Low,2,0,10,0,44,89
REQ-001706,LOC-01,SVC-09,Urgent,Client,Portal,2025-10-30,63.0,High,3,0,10,0,44,90
REQ-001707,LOC-02,SVC-09,Priority,Case Manager,Portal,2025-10-30,40.3,Medium,3,0,10,0,44,90
REQ-001708,LOC-05,SVC-05,Urgent,Family Member,Portal,2025-10-30,71.3,High,3,0,10,0,44,90
REQ-001709,LOC-09,SVC-08,Routine,Case Manager,Phone,2025-10-30,72.1,High,3,0,10,0,44,90
REQ-001710,LOC-08,SVC-08,Priority,Family Member,Phone,2025-10-30,16.7,Low,3,0,10,0,44,90
REQ-001712,LOC-08,SVC-09,Priority,Case Manager,Portal,2025-10-30,64.6,High,3,0,10,0,44,90
REQ-001714,LOC-04,SVC-02,Routine,Case Manager,Case Manager,2025-10-30,47.7,High,3,0,10,0,44,90
REQ-001715,LOC-03,SVC-04,Priority,Case Manager,Portal,2025-10-30,69.1,High,3,0,10,0,44,90
REQ-001716,LOC-10,SVC-06,Emergency,Case Manager,Phone,2025-10-30,39.8,Medium,3,0,10,0,44,90
REQ-001717,LOC-04,SVC-01,Priority,Case Manager,Phone,2025-10-30,64.5,High,3,0,10,0,44,90
REQ-001718,LOC-01,SVC-05,Routine,Case Manager,Phone,2025-10-30,32.5,Medium,3,0,10,0,44,90
REQ-001719,LOC-03,SVC-03,Priority,Client,Phone,2025-10-30,36.1,Medium,3,0,10,0,44,90
REQ-001720,LOC-10,SVC-02,Priority,Client,Phone,2025-10-30,18.5,Low,3,0,10,0,44,90
REQ-001721,LOC-04,SVC-02,Priority,Client,Case Manager,2025-10-30,27.0,Low,3,0,10,0,44,90
REQ-001722,LOC-06,SVC-04,Routine,Client,Portal,2025-10-30,10.8,Low,3,0,10,0,44,90
REQ-001723,LOC-10,SVC-01,Routine,Case Manager,Phone,2025-10-30,13.7,Low,3,0,10,0,44,90
REQ-001724,LOC-07,SVC-07,Routine,Family Member,Phone,2025-10-30,76.5,Critical,3,0,10,0,44,90
REQ-001726,LOC-08,SVC-05,Routine,Client,Phone,2025-10-30,22.5,Low,3,0,10,0,44,90
REQ-001727,LOC-01,SVC-09,Urgent,GP / Clinician,Referral,2025-10-31,92.8,Critical,4,0,10,0,44,91
REQ-001728,LOC-06,SVC-03,Routine,Client,Referral,2025-10-31,34.9,Medium,4,0,10,0,44,91
REQ-001729,LOC-10,SVC-03,Routine,Client,Phone,2025-10-31,11.9,Low,4,0,10,0,44,91
REQ-001730,LOC-05,SVC-02,Priority,Family Member,Phone,2025-10-31,32.5,Medium,4,0,10,0,44,91
REQ-001731,LOC-01,SVC-02,Urgent,Client,Phone,2025-10-31,66.8,High,4,0,10,0,44,91
REQ-001732,LOC-09,SVC-04,Emergency,GP / Clinician,Referral,2025-10-31,61.3,High,4,0,10,0,44,91
REQ-001733,LOC-01,SVC-01,Urgent,Family Member,Phone,2025-10-31,34.1,Medium,4,0,10,0,44,91
REQ-001734,LOC-04,SVC-06,Routine,Client,Case Manager,2025-10-31,1.5,Low,4,0,10,0,44,91
REQ-001735,LOC-06,SVC-03,Urgent,Case Manager,Portal,2025-10-31,24.5,Low,4,0,10,0,44,91
REQ-001736,LOC-01,SVC-01,Routine,Family Member,Portal,2025-10-31,66.2,High,4,0,10,0,44,91
REQ-001737,LOC-09,SVC-09,Priority,Client,Portal,2025-10-31,16.1,Low,4,0,10,0,44,91
REQ-001738,LOC-07,SVC-02,Urgent,GP / Clinician,Phone,2025-10-31,35.3,Medium,4,0,10,0,44,91
REQ-001739,LOC-01,SVC-03,Routine,Client,Portal,2025-10-31,38.9,Medium,4,0,10,0,44,91
REQ-001740,LOC-05,SVC-07,Priority,Client,Portal,2025-10-31,19.3,Low,4,0,10,0,44,91
REQ-001741,LOC-06,SVC-08,Routine,GP / Clinician,Phone,2025-10-31,40.1,Medium,4,0,10,0,44,91
REQ-001742,LOC-01,SVC-01,Priority,Family Member,Phone,2025-10-31,32.5,Medium,4,0,10,0,44,91
REQ-001743,LOC-05,SVC-04,Routine,Case Manager,Referral,2025-10-31,33.4,Medium,4,0,10,0,44,91
REQ-001744,LOC-08,SVC-06,Urgent,Case Manager,Phone,2025-10-31,69.4,High,4,0,10,0,44,91
REQ-001745,LOC-05,SVC-03,Priority,GP / Clinician,Referral,2025-10-31,75.5,Critical,4,0,10,0,44,91
REQ-001746,LOC-09,SVC-01,Routine,Case Manager,Portal,2025-10-31,63.4,High,4,0,10,0,44,91
REQ-001747,LOC-09,SVC-01,Urgent,GP / Clinician,Phone,2025-10-31,87.7,Critical,4,0,10,0,44,91
REQ-001748,LOC-09,SVC-01,Routine,Client,Portal,2025-10-31,34.6,Medium,4,0,10,0,44,91
REQ-001749,LOC-04,SVC-07,Priority,Client,Phone,2025-10-31,3.0,Low,4,0,10,0,44,91
REQ-001750,LOC-03,SVC-01,Routine,Family Member,Phone,2025-11-01,72.9,High,5,1,11,0,44,92
REQ-001751,LOC-08,SVC-03,Routine,Client,Case Manager,2025-11-01,15.9,Low,5,1,11,0,44,92
REQ-001752,LOC-01,SVC-05,Routine,Client,Portal,2025-11-01,41.3,Medium,5,1,11,0,44,92
REQ-001754,LOC-03,SVC-07,Routine,Client,Phone,2025-11-01,14.2,Low,5,1,11,0,44,92
REQ-001755,LOC-01,SVC-01,Routine,Client,Portal,2025-11-01,1.0,Low,5,1,11,0,44,92
REQ-001756,LOC-07,SVC-01,Routine,Family Member,Referral,2025-11-01,47.0,Medium,5,1,11,0,44,92
REQ-001757,LOC-10,SVC-04,Urgent,Client,Referral,2025-11-02,44.2,Medium,6,1,11,0,44,93
REQ-001758,LOC-06,SVC-06,Priority,Client,Portal,2025-11-02,38.2,Medium,6,1,11,0,44,93
REQ-001760,LOC-02,SVC-02,Priority,Client,Phone,2025-11-02,35.7,Medium,6,1,11,0,44,93
REQ-001761,LOC-02,SVC-09,Priority,Client,Referral,2025-11-02,34.5,Medium,6,1,11,0,44,93
REQ-001762,LOC-08,SVC-09,Routine,Case Manager,Referral,2025-11-02,35.4,Medium,6,1,11,0,44,93
REQ-001763,LOC-06,SVC-07,Urgent,Family Member,Portal,2025-11-02,61.1,High,6,1,11,0,44,93
REQ-001764,LOC-08,SVC-09,Urgent,Case Manager,Referral,2025-11-02,85.6,Critical,6,1,11,0,44,93
REQ-001765,LOC-02,SVC-07,Routine,Family Member,Portal,2025-11-02,11.0,Low,6,1,11,0,44,93
REQ-001766,LOC-07,SVC-06,Routine,GP / Clinician,Case Manager,2025-11-02,38.3,Medium,6,1,11,0,44,93
REQ-001767,LOC-10,SVC-04,Routine,Family Member,Phone,2025-11-02,14.7,Low,6,1,11,0,44,93
REQ-001768,LOC-02,SVC-05,Urgent,Family Member,Portal,2025-11-03,37.7,Medium,0,0,11,0,45,94
REQ-001769,LOC-03,SVC-02,Routine,Case Manager,Referral,2025-11-03,90.9,Critical,0,0,11,0,45,94
REQ-001770,LOC-06,SVC-01,Routine,GP / Clinician,Referral,2025-11-03,67.8,High,0,0,11,0,45,94
REQ-001771,LOC-09,SVC-01,Urgent,Case Manager,Referral,2025-11-03,56.6,High,0,0,11,0,45,94
REQ-001772,LOC-01,SVC-07,Priority,Family Member,Phone,2025-11-03,62.4,High,0,0,11,0,45,94
REQ-001773,LOC-08,SVC-05,Priority,Client,Portal,2025-11-03,18.0,Low,0,0,11,0,45,94
REQ-001774,LOC-02,SVC-09,Routine,Family Member,Case Manager,2025-11-03,36.7,Medium,0,0,11,0,45,94
REQ-001775,LOC-09,SVC-02,Routine,Client,Phone,2025-11-03,50.2,Medium,0,0,11,0,45,94
REQ-001776,LOC-07,SVC-06,Priority,Client,Phone,2025-11-03,20.4,Low,0,0,11,0,45,94
REQ-001777,LOC-10,SVC-01,Routine,Client,Phone,2025-11-03,19.9,Low,0,0,11,0,45,94
REQ-001778,LOC-10,SVC-07,Routine,Client,Portal,2025-11-03,11.7,Low,0,0,11,0,45,94
REQ-001779,LOC-09,SVC-01,Routine,Family Member,Case Manager,2025-11-03,38.8,Medium,0,0,11,0,45,94
REQ-001782,LOC-06,SVC-09,Routine,Client,Referral,2025-11-03,19.9,Low,0,0,11,0,45,94
REQ-001784,LOC-02,SVC-07,Routine,Client,Portal,2025-11-03,28.9,Medium,0,0,11,0,45,94
REQ-001785,LOC-10,SVC-01,Routine,Family Member,Phone,2025-11-03,27.9,Medium,0,0,11,0,45,94
REQ-001787,LOC-07,SVC-07,Priority,Client,Phone,2025-11-03,30.1,Medium,0,0,11,0,45,94
REQ-001788,LOC-10,SVC-04,Urgent,Family Member,Portal,2025-11-03,28.3,Low,0,0,11,0,45,94
REQ-001789,LOC-05,SVC-01,Routine,Case Manager,Phone,2025-11-03,41.8,Medium,0,0,11,0,45,94
REQ-001790,LOC-05,SVC-01,Routine,Case Manager,Referral,2025-11-03,33.8,Medium,0,0,11,0,45,94
REQ-001791,LOC-08,SVC-03,Routine,Case Manager,Phone,2025-11-03,20.3,Low,0,0,11,0,45,94
REQ-001792,LOC-09,SVC-01,Priority,Client,Case Manager,2025-11-03,42.2,Medium,0,0,11,0,45,94
REQ-001793,LOC-05,SVC-06,Routine,Client,Portal,2025-11-03,41.5,Medium,0,0,11,0,45,94
REQ-001794,LOC-10,SVC-06,Priority,Client,Case Manager,2025-11-03,38.3,Medium,0,0,11,0,45,94
REQ-001795,LOC-03,SVC-08,Priority,Client,Phone,2025-11-03,17.8,Low,0,0,11,0,45,94
REQ-001796,LOC-06,SVC-04,Routine,Client,Portal,2025-11-04,45.0,Medium,1,0,11,0,45,95
REQ-001798,LOC-03,SVC-09,Urgent,GP / Clinician,Phone,2025-11-04,86.3,Critical,1,0,11,0,45,95
REQ-001799,LOC-06,SVC-06,Priority,Client,Referral,2025-11-04,17.9,Low,1,0,11,0,45,95
REQ-001800,LOC-08,SVC-09,Routine,GP / Clinician,Referral,2025-11-04,14.0,Low,1,0,11,0,45,95
REQ-001801,LOC-02,SVC-07,Urgent,Case Manager,Case Manager,2025-11-04,80.0,Critical,1,0,11,0,45,95
REQ-001802,LOC-09,SVC-05,Routine,Family Member,Phone,2025-11-04,28.3,Medium,1,0,11,0,45,95
REQ-001803,LOC-10,SVC-01,Routine,Case Manager,Phone,2025-11-04,37.9,Medium,1,0,11,0,45,95
REQ-001804,LOC-06,SVC-01,Routine,Client,Case Manager,2025-11-04,36.5,Medium,1,0,11,0,45,95
REQ-001805,LOC-01,SVC-04,Routine,Case Manager,Case Manager,2025-11-04,35.9,Medium,1,0,11,0,45,95
REQ-001806,LOC-07,SVC-01,Routine,Client,Phone,2025-11-04,16.0,Low,1,0,11,0,45,95
REQ-001807,LOC-06,SVC-07,Routine,Client,Portal,2025-11-04,16.9,Low,1,0,11,0,45,95
REQ-001808,LOC-08,SVC-05,Urgent,Case Manager,Case Manager,2025-11-04,59.0,High,1,0,11,0,45,95
REQ-001809,LOC-07,SVC-06,Routine,Family Member,Phone,2025-11-04,14.5,Low,1,0,11,0,45,95
REQ-001810,LOC-07,SVC-06,Routine,Client,Portal,2025-11-04,21.5,Low,1,0,11,0,45,95
REQ-001811,LOC-10,SVC-04,Routine,Family Member,Portal,2025-11-04,73.7,High,1,0,11,0,45,95
REQ-001812,LOC-01,SVC-07,Priority,Family Member,Phone,2025-11-04,56.8,High,1,0,11,0,45,95
REQ-001814,LOC-05,SVC-08,Routine,Client,Referral,2025-11-04,42.3,Medium,1,0,11,0,45,95
REQ-001815,LOC-02,SVC-07,Urgent,GP / Clinician,Phone,2025-11-04,89.3,Critical,1,0,11,0,45,95
REQ-001816,LOC-06,SVC-01,Routine,Client,Phone,2025-11-04,3.0,Low,1,0,11,0,45,95
REQ-001817,LOC-04,SVC-01,Routine,Family Member,Phone,2025-11-04,36.0,Medium,1,0,11,0,45,95
REQ-001818,LOC-04,SVC-01,Routine,Case Manager,Case Manager,2025-11-04,16.4,Low,1,0,11,0,45,95
REQ-001819,LOC-06,SVC-07,Priority,Client,Phone,2025-11-04,66.3,High,1,0,11,0,45,95
REQ-001820,LOC-01,SVC-02,Routine,Client,Portal,2025-11-05,5.2,Low,2,0,11,0,45,96
REQ-001821,LOC-09,SVC-06,Priority,Case Manager,Phone,2025-11-05,88.0,Critical,2,0,11,0,45,96
REQ-001822,LOC-07,SVC-04,Priority,Client,Portal,2025-11-05,23.6,Low,2,0,11,0,45,96
REQ-001823,LOC-05,SVC-04,Routine,GP / Clinician,Phone,2025-11-05,61.1,High,2,0,11,0,45,96
REQ-001824,LOC-04,SVC-01,Urgent,Case Manager,Referral,2025-11-05,88.6,Critical,2,0,11,0,45,96
REQ-001825,LOC-04,SVC-05,Routine,Client,Phone,2025-11-05,22.7,Low,2,0,11,0,45,96
REQ-001827,LOC-06,SVC-01,Routine,Case Manager,Referral,2025-11-05,25.4,Medium,2,0,11,0,45,96
REQ-001830,LOC-05,SVC-04,Routine,Family Member,Referral,2025-11-05,67.6,High,2,0,11,0,45,96
REQ-001833,LOC-07,SVC-06,Priority,Client,Referral,2025-11-05,28.1,Low,2,0,11,0,45,96
REQ-001836,LOC-05,SVC-02,Routine,Case Manager,Case Manager,2025-11-06,43.3,Medium,3,0,11,0,45,97
REQ-001837,LOC-01,SVC-05,Urgent,Case Manager,Phone,2025-11-06,36.4,Medium,3,0,11,0,45,97
REQ-001838,LOC-09,SVC-05,Routine,Client,Phone,2025-11-06,48.6,Medium,3,0,11,0,45,97
REQ-001839,LOC-04,SVC-06,Routine,Family Member,Portal,2025-11-06,10.9,Low,3,0,11,0,45,97
REQ-001840,LOC-03,SVC-04,Priority,Family Member,Portal,2025-11-06,35.3,Medium,3,0,11,0,45,97
REQ-001841,LOC-01,SVC-08,Routine,Case Manager,Case Manager,2025-11-06,57.5,High,3,0,11,0,45,97
REQ-001842,LOC-03,SVC-04,Routine,Case Manager,Phone,2025-11-06,36.6,Medium,3,0,11,0,45,97
REQ-001843,LOC-01,SVC-01,Urgent,Case Manager,Phone,2025-11-06,86.5,Critical,3,0,11,0,45,97
REQ-001844,LOC-02,SVC-09,Priority,GP / Clinician,Phone,2025-11-06,34.9,Medium,3,0,11,0,45,97
REQ-001846,LOC-04,SVC-03,Routine,Client,Portal,2025-11-06,10.5,Low,3,0,11,0,45,97
REQ-001847,LOC-06,SVC-07,Routine,Family Member,Referral,2025-11-06,66.5,High,3,0,11,0,45,97
REQ-001849,LOC-02,SVC-07,Urgent,Client,Phone,2025-11-06,67.8,High,3,0,11,0,45,97
REQ-001850,LOC-01,SVC-06,Priority,Client,Phone,2025-11-06,42.7,Medium,3,0,11,0,45,97
REQ-001852,LOC-03,SVC-06,Routine,Client,Referral,2025-11-06,14.2,Low,3,0,11,0,45,97
REQ-001853,LOC-06,SVC-01,Emergency,Client,Portal,2025-11-06,34.9,Medium,3,0,11,0,45,97
REQ-001854,LOC-04,SVC-03,Routine,Client,Phone,2025-11-06,17.5,Low,3,0,11,0,45,97
REQ-001855,LOC-04,SVC-03,Routine,Case Manager,Portal,2025-11-06,25.1,Low,3,0,11,0,45,97
REQ-001856,LOC-07,SVC-03,Routine,Family Member,Referral,2025-11-06,39.2,Medium,3,0,11,0,45,97
REQ-001857,LOC-09,SVC-01,Routine,Client,Phone,2025-11-07,38.1,Medium,4,0,11,0,45,98
REQ-001859,LOC-04,SVC-01,Routine,Case Manager,Portal,2025-11-07,12.7,Low,4,0,11,0,45,98
REQ-001860,LOC-06,SVC-02,Routine,Family Member,Phone,2025-11-07,46.6,Medium,4,0,11,0,45,98
REQ-001861,LOC-04,SVC-02,Urgent,GP / Clinician,Case Manager,2025-11-07,86.1,Critical,4,0,11,0,45,98
REQ-001862,LOC-09,SVC-07,Routine,Case Manager,Portal,2025-11-07,2.7,Low,4,0,11,0,45,98
REQ-001863,LOC-04,SVC-06,Priority,Client,Portal,2025-11-07,21.4,Low,4,0,11,0,45,98
REQ-001864,LOC-01,SVC-02,Priority,GP / Clinician,Referral,2025-11-07,92.1,Critical,4,0,11,0,45,98
REQ-001865,LOC-08,SVC-01,Priority,Client,Phone,2025-11-07,14.7,Low,4,0,11,0,45,98
REQ-001867,LOC-09,SVC-01,Priority,Case Manager,Phone,2025-11-07,38.1,Medium,4,0,11,0,45,98
REQ-001868,LOC-10,SVC-01,Routine,Family Member,Phone,2025-11-07,48.7,Medium,4,0,11,0,45,98
REQ-001869,LOC-07,SVC-03,Priority,Client,Phone,2025-11-07,14.1,Low,4,0,11,0,45,98
REQ-001870,LOC-08,SVC-04,Routine,GP / Clinician,Phone,2025-11-07,52.5,High,4,0,11,0,45,98
REQ-001871,LOC-07,SVC-08,Routine,Client,Portal,2025-11-07,11.3,Low,4,0,11,0,45,98
REQ-001873,LOC-02,SVC-01,Urgent,Client,Phone,2025-11-07,71.2,High,4,0,11,0,45,98
REQ-001874,LOC-03,SVC-05,Routine,Client,Portal,2025-11-07,16.1,Low,4,0,11,0,45,98
REQ-001875,LOC-09,SVC-07,Emergency,Family Member,Phone,2025-11-07,44.2,Medium,4,0,11,0,45,98
REQ-001876,LOC-01,SVC-01,Priority,GP / Clinician,Phone,2025-11-07,65.0,High,4,0,11,0,45,98
REQ-001877,LOC-06,SVC-05,Priority,Client,Referral,2025-11-07,41.2,Medium,4,0,11,0,45,98
REQ-001878,LOC-01,SVC-09,Routine,Client,Portal,2025-11-07,59.7,High,4,0,11,0,45,98
REQ-001879,LOC-07,SVC-02,Routine,Client,Portal,2025-11-07,38.4,Medium,4,0,11,0,45,98
REQ-001881,LOC-04,SVC-01,Routine,Case Manager,Phone,2025-11-08,67.1,High,5,1,11,0,45,99
REQ-001882,LOC-07,SVC-01,Urgent,Client,Case Manager,2025-11-08,71.4,High,5,1,11,0,45,99
REQ-001883,LOC-08,SVC-04,Routine,Client,Portal,2025-11-08,24.3,Low,5,1,11,0,45,99
REQ-001885,LOC-06,SVC-04,Emergency,Case Manager,Phone,2025-11-08,80.9,Critical,5,1,11,0,45,99
REQ-001886,LOC-10,SVC-01,Routine,Client,Phone,2025-11-08,14.2,Low,5,1,11,0,45,99
REQ-001888,LOC-08,SVC-03,Routine,Family Member,Portal,2025-11-09,43.3,Medium,6,1,11,0,45,100
REQ-001889,LOC-03,SVC-08,Routine,Client,Phone,2025-11-09,41.4,Medium,6,1,11,0,45,100
REQ-001890,LOC-03,SVC-07,Routine,Client,Phone,2025-11-09,37.4,Medium,6,1,11,0,45,100
REQ-001891,LOC-07,SVC-07,Routine,Client,Phone,2025-11-09,13.5,Low,6,1,11,0,45,100
REQ-001893,LOC-07,SVC-02,Routine,Client,Referral,2025-11-09,43.6,Medium,6,1,11,0,45,100
REQ-001895,LOC-10,SVC-06,Routine,Case Manager,Portal,2025-11-10,46.2,Medium,0,0,11,0,46,101
REQ-001896,LOC-07,SVC-07,Priority,Client,Referral,2025-11-10,32.2,Medium,0,0,11,0,46,101
REQ-001897,LOC-06,SVC-04,Routine,Client,Phone,2025-11-10,18.2,Low,0,0,11,0,46,101
REQ-001898,LOC-07,SVC-05,Urgent,Case Manager,Portal,2025-11-10,33.6,Medium,0,0,11,0,46,101
REQ-001900,LOC-03,SVC-01,Emergency,Case Manager,Phone,2025-11-10,90.9,Critical,0,0,11,0,46,101
REQ-001901,LOC-04,SVC-01,Priority,Family Member,Portal,2025-11-10,16.7,Low,0,0,11,0,46,101
REQ-001902,LOC-02,SVC-01,Routine,Family Member,Phone,2025-11-10,43.6,Medium,0,0,11,0,46,101
REQ-001903,LOC-09,SVC-07,Priority,Family Member,Case Manager,2025-11-10,41.3,Medium,0,0,11,0,46,101
REQ-001904,LOC-08,SVC-01,Routine,Client,Phone,2025-11-10,49.9,Medium,0,0,11,0,46,101
REQ-001905,LOC-02,SVC-07,Urgent,Family Member,Portal,2025-11-10,48.8,Medium,0,0,11,0,46,101
REQ-001906,LOC-02,SVC-01,Routine,GP / Clinician,Phone,2025-11-10,11.9,Low,0,0,11,0,46,101
REQ-001907,LOC-05,SVC-04,Urgent,GP / Clinician,Phone,2025-11-10,58.3,High,0,0,11,0,46,101
REQ-001909,LOC-09,SVC-07,Routine,GP / Clinician,Phone,2025-11-10,70.9,High,0,0,11,0,46,101
REQ-001910,LOC-07,SVC-01,Routine,Client,Portal,2025-11-10,24.0,Low,0,0,11,0,46,101
REQ-001911,LOC-02,SVC-01,Priority,Client,Phone,2025-11-10,8.0,Low,0,0,11,0,46,101
REQ-001912,LOC-05,SVC-08,Emergency,Case Manager,Case Manager,2025-11-10,86.2,Critical,0,0,11,0,46,101
REQ-001914,LOC-09,SVC-01,Routine,Case Manager,Portal,2025-11-10,16.0,Low,0,0,11,0,46,101
REQ-001915,LOC-10,SVC-08,Routine,Client,Portal,2025-11-10,17.4,Low,0,0,11,0,46,101
REQ-001916,LOC-03,SVC-01,Routine,Client,Phone,2025-11-11,65.7,High,1,0,11,0,46,102
REQ-001917,LOC-10,SVC-01,Routine,Case Manager,Referral,2025-11-11,46.8,Medium,1,0,11,0,46,102
REQ-001918,LOC-04,SVC-01,Priority,Client,Referral,2025-11-11,42.6,Medium,1,0,11,0,46,102
REQ-001919,LOC-07,SVC-01,Priority,Client,Referral,2025-11-11,35.0,Medium,1,0,11,0,46,102
REQ-001920,LOC-10,SVC-07,Routine,Family Member,Referral,2025-11-11,17.1,Low,1,0,11,0,46,102
REQ-001921,LOC-03,SVC-02,Routine,Family Member,Phone,2025-11-11,8.3,Low,1,0,11,0,46,102
REQ-001922,LOC-04,SVC-02,Routine,Client,Referral,2025-11-11,58.3,High,1,0,11,0,46,102
REQ-001923,LOC-02,SVC-06,Routine,Case Manager,Portal,2025-11-11,43.7,Medium,1,0,11,0,46,102
REQ-001924,LOC-05,SVC-02,Priority,Client,Portal,2025-11-11,32.5,Medium,1,0,11,0,46,102
REQ-001925,LOC-09,SVC-05,Routine,Client,Referral,2025-11-11,19.1,Low,1,0,11,0,46,102
REQ-001927,LOC-07,SVC-05,Priority,Family Member,Referral,2025-11-11,47.6,Medium,1,0,11,0,46,102
REQ-001928,LOC-09,SVC-02,Routine,Family Member,Portal,2025-11-11,77.3,Critical,1,0,11,0,46,102
REQ-001929,LOC-04,SVC-06,Urgent,GP / Clinician,Referral,2025-11-11,62.3,High,1,0,11,0,46,102
REQ-001930,LOC-08,SVC-04,Routine,Client,Phone,2025-11-11,15.8,Low,1,0,11,0,46,102
REQ-001931,LOC-08,SVC-01,Urgent,Client,Referral,2025-11-11,44.3,Medium,1,0,11,0,46,102
REQ-001932,LOC-10,SVC-09,Priority,Case Manager,Portal,2025-11-11,12.6,Low,1,0,11,0,46,102
REQ-001933,LOC-03,SVC-03,Priority,Client,Phone,2025-11-11,21.5,Low,1,0,11,0,46,102
REQ-001934,LOC-05,SVC-01,Routine,Client,Portal,2025-11-12,43.2,Medium,2,0,11,0,46,103
REQ-001935,LOC-04,SVC-02,Routine,Family Member,Phone,2025-11-12,15.0,Low,2,0,11,0,46,103
REQ-001936,LOC-01,SVC-04,Priority,Client,Phone,2025-11-12,34.5,Medium,2,0,11,0,46,103
REQ-001937,LOC-01,SVC-05,Urgent,GP / Clinician,Referral,2025-11-12,70.5,High,2,0,11,0,46,103
REQ-001938,LOC-06,SVC-04,Routine,Case Manager,Referral,2025-11-12,56.9,High,2,0,11,0,46,103
REQ-001939,LOC-08,SVC-07,Routine,Family Member,Phone,2025-11-12,1.0,Low,2,0,11,0,46,103
REQ-001940,LOC-07,SVC-07,Routine,Client,Portal,2025-11-12,1.0,Low,2,0,11,0,46,103
REQ-001941,LOC-06,SVC-04,Priority,Client,Phone,2025-11-12,32.4,Medium,2,0,11,0,46,103
REQ-001942,LOC-02,SVC-02,Routine,Client,Case Manager,2025-11-12,30.3,Medium,2,0,11,0,46,103
REQ-001943,LOC-01,SVC-02,Urgent,Case Manager,Case Manager,2025-11-12,29.5,Medium,2,0,11,0,46,103
REQ-001944,LOC-03,SVC-06,Routine,Client,Portal,2025-11-12,20.3,Low,2,0,11,0,46,103
REQ-001945,LOC-08,SVC-02,Urgent,Family Member,Referral,2025-11-12,55.5,High,2,0,11,0,46,103
REQ-001946,LOC-07,SVC-04,Priority,Client,Referral,2025-11-12,19.0,Low,2,0,11,0,46,103
REQ-001947,LOC-06,SVC-03,Routine,Client,Referral,2025-11-12,18.4,Low,2,0,11,0,46,103
REQ-001948,LOC-07,SVC-01,Routine,Client,Phone,2025-11-12,32.1,Medium,2,0,11,0,46,103
REQ-001949,LOC-03,SVC-07,Routine,Family Member,Portal,2025-11-12,42.2,Medium,2,0,11,0,46,103
REQ-001950,LOC-07,SVC-04,Priority,GP / Clinician,Phone,2025-11-12,37.5,Medium,2,0,11,0,46,103
REQ-001951,LOC-09,SVC-01,Emergency,Family Member,Case Manager,2025-11-12,86.0,Critical,2,0,11,0,46,103
REQ-001952,LOC-09,SVC-01,Priority,Client,Portal,2025-11-12,11.5,Low,2,0,11,0,46,103
REQ-001953,LOC-05,SVC-02,Priority,Case Manager,Referral,2025-11-12,54.8,High,2,0,11,0,46,103
REQ-001954,LOC-01,SVC-03,Priority,Family Member,Portal,2025-11-12,15.7,Low,2,0,11,0,46,103
REQ-001955,LOC-10,SVC-03,Emergency,GP / Clinician,Case Manager,2025-11-12,76.0,Critical,2,0,11,0,46,103
REQ-001956,LOC-04,SVC-06,Urgent,Client,Phone,2025-11-12,48.0,Medium,2,0,11,0,46,103
REQ-001958,LOC-06,SVC-06,Urgent,Family Member,Referral,2025-11-12,26.4,Medium,2,0,11,0,46,103
REQ-001959,LOC-09,SVC-08,Priority,Family Member,Phone,2025-11-12,45.2,Medium,2,0,11,0,46,103
REQ-001961,LOC-08,SVC-07,Routine,Client,Phone,2025-11-12,17.2,Low,2,0,11,0,46,103
REQ-001962,LOC-02,SVC-01,Priority,Client,Phone,2025-11-12,43.8,Medium,2,0,11,0,46,103
REQ-001963,LOC-06,SVC-05,Routine,Client,Referral,2025-11-13,2.3,Low,3,0,11,0,46,104
REQ-001964,LOC-07,SVC-07,Emergency,Client,Phone,2025-11-13,88.2,Critical,3,0,11,0,46,104
REQ-001965,LOC-07,SVC-02,Routine,Client,Portal,2025-11-13,20.8,Low,3,0,11,0,46,104
REQ-001966,LOC-05,SVC-05,Routine,Client,Portal,2025-11-13,31.9,Medium,3,0,11,0,46,104
REQ-001968,LOC-05,SVC-05,Priority,Family Member,Portal,2025-11-13,28.2,Low,3,0,11,0,46,104
REQ-001969,LOC-02,SVC-05,Emergency,GP / Clinician,Phone,2025-11-13,88.1,Critical,3,0,11,0,46,104
REQ-001970,LOC-10,SVC-05,Routine,Client,Phone,2025-11-13,20.6,Low,3,0,11,0,46,104
REQ-001971,LOC-02,SVC-03,Urgent,Case Manager,Referral,2025-11-13,76.7,Critical,3,0,11,0,46,104
REQ-001972,LOC-06,SVC-06,Routine,GP / Clinician,Portal,2025-11-13,26.2,Medium,3,0,11,0,46,104
REQ-001973,LOC-07,SVC-02,Routine,Client,Phone,2025-11-13,17.9,Low,3,0,11,0,46,104
REQ-001974,LOC-02,SVC-01,Urgent,Family Member,Phone,2025-11-13,15.5,Low,3,0,11,0,46,104
REQ-001976,LOC-03,SVC-06,Priority,Client,Referral,2025-11-13,36.6,Medium,3,0,11,0,46,104
REQ-001977,LOC-08,SVC-02,Priority,GP / Clinician,Phone,2025-11-13,35.9,Medium,3,0,11,0,46,104
REQ-001980,LOC-04,SVC-02,Urgent,GP / Clinician,Phone,2025-11-14,84.1,Critical,4,0,11,0,46,105
REQ-001981,LOC-03,SVC-04,Routine,Client,Portal,2025-11-14,38.7,Medium,4,0,11,0,46,105
REQ-001982,LOC-10,SVC-03,Routine,GP / Clinician,Phone,2025-11-14,35.0,Medium,4,0,11,0,46,105
REQ-001983,LOC-04,SVC-01,Priority,GP / Clinician,Referral,2025-11-14,86.4,Critical,4,0,11,0,46,105
REQ-001984,LOC-01,SVC-07,Routine,Case Manager,Phone,2025-11-14,39.5,Medium,4,0,11,0,46,105
REQ-001985,LOC-05,SVC-07,Routine,Family Member,Referral,2025-11-14,39.3,Medium,4,0,11,0,46,105
REQ-001986,LOC-06,SVC-02,Priority,Client,Portal,2025-11-14,65.1,High,4,0,11,0,46,105
REQ-001987,LOC-08,SVC-03,Routine,Client,Case Manager,2025-11-14,13.2,Low,4,0,11,0,46,105
REQ-001988,LOC-05,SVC-05,Priority,Family Member,Portal,2025-11-14,33.8,Medium,4,0,11,0,46,105
REQ-001990,LOC-02,SVC-05,Routine,Family Member,Referral,2025-11-14,25.6,Medium,4,0,11,0,46,105
REQ-001991,LOC-03,SVC-04,Routine,Client,Portal,2025-11-14,45.4,Medium,4,0,11,0,46,105
REQ-001992,LOC-10,SVC-01,Routine,Client,Phone,2025-11-14,20.1,Low,4,0,11,0,46,105
REQ-001993,LOC-03,SVC-04,Routine,Client,Portal,2025-11-14,40.3,Medium,4,0,11,0,46,105
REQ-001994,LOC-09,SVC-02,Routine,Family Member,Phone,2025-11-14,45.6,Medium,4,0,11,0,46,105
REQ-001995,LOC-06,SVC-03,Emergency,GP / Clinician,Phone,2025-11-14,80.8,Critical,4,0,11,0,46,105
REQ-001996,LOC-01,SVC-09,Priority,GP / Clinician,Referral,2025-11-14,59.4,High,4,0,11,0,46,105
REQ-001997,LOC-07,SVC-01,Priority,Client,Portal,2025-11-14,23.1,Medium,4,0,11,0,46,105
REQ-001998,LOC-04,SVC-07,Priority,Client,Portal,2025-11-14,17.6,Low,4,0,11,0,46,105
REQ-001999,LOC-01,SVC-06,Priority,Case Manager,Phone,2025-11-14,69.9,High,4,0,11,0,46,105
REQ-002000,LOC-03,SVC-07,Urgent,GP / Clinician,Phone,2025-11-14,89.2,Critical,4,0,11,0,46,105
REQ-002001,LOC-01,SVC-03,Routine,Family Member,Phone,2025-11-14,8.4,Low,4,0,11,0,46,105
REQ-002003,LOC-07,SVC-04,Routine,Case Manager,Case Manager,2025-11-14,61.9,High,4,0,11,0,46,105
REQ-002004,LOC-03,SVC-08,Routine,Case Manager,Referral,2025-11-14,56.2,High,4,0,11,0,46,105
REQ-002005,LOC-04,SVC-03,Routine,Family Member,Portal,2025-11-15,11.5,Low,5,1,11,0,46,106
REQ-002007,LOC-04,SVC-01,Routine,Family Member,Portal,2025-11-15,12.5,Low,5,1,11,0,46,106
REQ-002008,LOC-07,SVC-04,Routine,Client,Portal,2025-11-15,17.1,Low,5,1,11,0,46,106
REQ-002009,LOC-07,SVC-04,Urgent,Client,Phone,2025-11-15,18.3,Low,5,1,11,0,46,106
REQ-002010,LOC-05,SVC-02,Priority,Client,Referral,2025-11-15,32.2,Medium,5,1,11,0,46,106
REQ-002011,LOC-02,SVC-09,Priority,Family Member,Phone,2025-11-15,63.8,High,5,1,11,0,46,106
REQ-002012,LOC-06,SVC-01,Urgent,Family Member,Phone,2025-11-16,27.1,Medium,6,1,11,0,46,107
REQ-002013,LOC-06,SVC-05,Routine,Case Manager,Portal,2025-11-16,6.3,Low,6,1,11,0,46,107
REQ-002014,LOC-09,SVC-06,Urgent,Case Manager,Portal,2025-11-16,35.0,Medium,6,1,11,0,46,107
REQ-002015,LOC-09,SVC-07,Emergency,Case Manager,Referral,2025-11-16,88.4,Critical,6,1,11,0,46,107
REQ-002016,LOC-03,SVC-01,Routine,Client,Portal,2025-11-16,19.0,Low,6,1,11,0,46,107
REQ-002017,LOC-07,SVC-05,Priority,Case Manager,Phone,2025-11-16,88.9,Critical,6,1,11,0,46,107
REQ-002018,LOC-08,SVC-09,Routine,Client,Portal,2025-11-16,15.4,Low,6,1,11,0,46,107
REQ-002019,LOC-06,SVC-06,Routine,Client,Referral,2025-11-16,15.3,Low,6,1,11,0,46,107
REQ-002020,LOC-07,SVC-04,Priority,Client,Case Manager,2025-11-16,96.2,Critical,6,1,11,0,46,107
REQ-002021,LOC-07,SVC-06,Routine,Case Manager,Phone,2025-11-17,6.3,Low,0,0,11,0,47,108
REQ-002022,LOC-01,SVC-08,Urgent,Family Member,Portal,2025-11-17,53.1,High,0,0,11,0,47,108
REQ-002023,LOC-08,SVC-05,Priority,GP / Clinician,Portal,2025-11-17,34.8,Medium,0,0,11,0,47,108
REQ-002024,LOC-08,SVC-04,Priority,Client,Phone,2025-11-17,11.1,Low,0,0,11,0,47,108
REQ-002025,LOC-03,SVC-09,Priority,GP / Clinician,Portal,2025-11-17,82.7,Critical,0,0,11,0,47,108
REQ-002026,LOC-05,SVC-04,Routine,Family Member,Portal,2025-11-17,19.4,Low,0,0,11,0,47,108
REQ-002027,LOC-08,SVC-08,Routine,Client,Portal,2025-11-17,65.5,High,0,0,11,0,47,108
REQ-002030,LOC-07,SVC-03,Routine,Client,Portal,2025-11-17,5.9,Low,0,0,11,0,47,108
REQ-002032,LOC-07,SVC-01,Routine,Client,Portal,2025-11-17,6.5,Low,0,0,11,0,47,108
REQ-002034,LOC-06,SVC-02,Priority,Client,Phone,2025-11-17,41.9,Medium,0,0,11,0,47,108
REQ-002035,LOC-09,SVC-04,Urgent,Client,Phone,2025-11-17,31.7,Medium,0,0,11,0,47,108
REQ-002036,LOC-06,SVC-04,Routine,Client,Referral,2025-11-17,8.7,Low,0,0,11,0,47,108
REQ-002038,LOC-03,SVC-02,Routine,Client,Portal,2025-11-17,9.3,Low,0,0,11,0,47,108
REQ-002039,LOC-10,SVC-01,Priority,Client,Portal,2025-11-17,24.8,Low,0,0,11,0,47,108
REQ-002041,LOC-06,SVC-08,Urgent,Client,Case Manager,2025-11-17,64.6,High,0,0,11,0,47,108
REQ-002042,LOC-06,SVC-01,Routine,Case Manager,Phone,2025-11-17,11.4,Low,0,0,11,0,47,108
REQ-002043,LOC-07,SVC-04,Priority,Client,Referral,2025-11-17,64.8,High,0,0,11,0,47,108
REQ-002044,LOC-02,SVC-04,Routine,Case Manager,Referral,2025-11-17,62.5,High,0,0,11,0,47,108
REQ-002045,LOC-02,SVC-02,Routine,Client,Portal,2025-11-17,11.2,Low,0,0,11,0,47,108
REQ-002046,LOC-01,SVC-01,Routine,Client,Portal,2025-11-17,58.0,High,0,0,11,0,47,108
REQ-002047,LOC-02,SVC-05,Urgent,Case Manager,Referral,2025-11-18,49.0,Medium,1,0,11,0,47,109
REQ-002048,LOC-08,SVC-07,Priority,Family Member,Referral,2025-11-18,47.0,Medium,1,0,11,0,47,109
REQ-002049,LOC-07,SVC-08,Routine,Client,Portal,2025-11-18,7.0,Low,1,0,11,0,47,109
REQ-002050,LOC-07,SVC-02,Priority,Family Member,Portal,2025-11-18,41.7,Medium,1,0,11,0,47,109
REQ-002051,LOC-01,SVC-01,Priority,Case Manager,Phone,2025-11-18,58.3,High,1,0,11,0,47,109
REQ-002052,LOC-05,SVC-05,Routine,Client,Phone,2025-11-18,41.0,Medium,1,0,11,0,47,109
REQ-002053,LOC-10,SVC-05,Priority,Family Member,Case Manager,2025-11-18,13.3,Low,1,0,11,0,47,109
REQ-002054,LOC-05,SVC-01,Routine,Family Member,Phone,2025-11-18,63.4,High,1,0,11,0,47,109
REQ-002055,LOC-08,SVC-07,Routine,Case Manager,Portal,2025-11-18,39.1,Medium,1,0,11,0,47,109
REQ-002056,LOC-04,SVC-07,Priority,Case Manager,Case Manager,2025-11-18,62.7,High,1,0,11,0,47,109
REQ-002057,LOC-07,SVC-01,Routine,GP / Clinician,Referral,2025-11-18,38.8,Medium,1,0,11,0,47,109
REQ-002058,LOC-01,SVC-06,Urgent,Family Member,Phone,2025-11-18,54.7,High,1,0,11,0,47,109
REQ-002059,LOC-07,SVC-01,Routine,Client,Portal,2025-11-18,5.4,Low,1,0,11,0,47,109
REQ-002060,LOC-03,SVC-02,Priority,Client,Portal,2025-11-18,12.4,Low,1,0,11,0,47,109
REQ-002061,LOC-07,SVC-02,Routine,Case Manager,Referral,2025-11-18,51.3,High,1,0,11,0,47,109
REQ-002062,LOC-07,SVC-09,Priority,Client,Phone,2025-11-18,39.3,Medium,1,0,11,0,47,109
REQ-002063,LOC-04,SVC-09,Routine,Client,Portal,2025-11-18,10.4,Low,1,0,11,0,47,109
REQ-002064,LOC-03,SVC-04,Routine,Case Manager,Referral,2025-11-18,46.6,Medium,1,0,11,0,47,109
REQ-002065,LOC-03,SVC-03,Priority,Client,Portal,2025-11-18,19.3,Low,1,0,11,0,47,109
REQ-002066,LOC-09,SVC-06,Priority,Client,Portal,2025-11-18,30.0,Low,1,0,11,0,47,109
REQ-002067,LOC-10,SVC-01,Priority,Client,Portal,2025-11-18,10.7,Low,1,0,11,0,47,109
REQ-002068,LOC-08,SVC-06,Routine,Family Member,Portal,2025-11-18,44.8,Medium,1,0,11,0,47,109
REQ-002070,LOC-01,SVC-01,Emergency,Case Manager,Case Manager,2025-11-18,36.3,Medium,1,0,11,0,47,109
REQ-002071,LOC-06,SVC-05,Routine,Client,Phone,2025-11-18,8.0,Low,1,0,11,0,47,109
REQ-002072,LOC-07,SVC-06,Urgent,Family Member,Referral,2025-11-19,61.1,High,2,0,11,0,47,110
REQ-002074,LOC-01,SVC-05,Routine,Client,Portal,2025-11-19,16.4,Low,2,0,11,0,47,110
REQ-002075,LOC-05,SVC-01,Priority,Client,Phone,2025-11-19,64.6,High,2,0,11,0,47,110
REQ-002077,LOC-06,SVC-09,Urgent,Client,Phone,2025-11-19,63.2,High,2,0,11,0,47,110
REQ-002078,LOC-07,SVC-09,Routine,Client,Portal,2025-11-19,17.3,Low,2,0,11,0,47,110
REQ-002079,LOC-06,SVC-02,Urgent,Family Member,Phone,2025-11-19,80.0,Critical,2,0,11,0,47,110
REQ-002080,LOC-06,SVC-06,Urgent,Case Manager,Portal,2025-11-19,94.5,Critical,2,0,11,0,47,110
REQ-002081,LOC-09,SVC-01,Routine,Client,Portal,2025-11-19,18.4,Low,2,0,11,0,47,110
REQ-002083,LOC-09,SVC-05,Priority,Family Member,Case Manager,2025-11-19,62.4,High,2,0,11,0,47,110
REQ-002085,LOC-04,SVC-02,Routine,Client,Portal,2025-11-19,15.9,Low,2,0,11,0,47,110
REQ-002086,LOC-09,SVC-03,Priority,Client,Referral,2025-11-20,36.7,Medium,3,0,11,0,47,111
REQ-002087,LOC-04,SVC-06,Routine,Family Member,Case Manager,2025-11-20,8.8,Low,3,0,11,0,47,111
REQ-002088,LOC-08,SVC-02,Urgent,Case Manager,Portal,2025-11-20,35.9,Medium,3,0,11,0,47,111
REQ-002089,LOC-10,SVC-07,Priority,Client,Phone,2025-11-20,45.1,Medium,3,0,11,0,47,111
REQ-002090,LOC-03,SVC-05,Urgent,Client,Phone,2025-11-20,40.8,Medium,3,0,11,0,47,111
REQ-002091,LOC-08,SVC-02,Routine,Client,Phone,2025-11-20,31.1,Low,3,0,11,0,47,111
REQ-002092,LOC-09,SVC-02,Priority,Case Manager,Phone,2025-11-20,66.6,High,3,0,11,0,47,111
REQ-002094,LOC-09,SVC-03,Routine,Client,Phone,2025-11-20,4.7,Low,3,0,11,0,47,111
REQ-002095,LOC-09,SVC-02,Priority,GP / Clinician,Phone,2025-11-20,10.6,Low,3,0,11,0,47,111
REQ-002096,LOC-01,SVC-09,Routine,Family Member,Phone,2025-11-20,1.0,Low,3,0,11,0,47,111
REQ-002098,LOC-09,SVC-09,Priority,Case Manager,Phone,2025-11-20,57.0,High,3,0,11,0,47,111
REQ-002099,LOC-07,SVC-08,Priority,GP / Clinician,Portal,2025-11-20,39.8,Medium,3,0,11,0,47,111
REQ-002100,LOC-03,SVC-06,Routine,Case Manager,Referral,2025-11-20,4.1,Low,3,0,11,0,47,111
REQ-002101,LOC-03,SVC-07,Routine,Case Manager,Phone,2025-11-20,1.3,Low,3,0,11,0,47,111
REQ-002102,LOC-09,SVC-01,Priority,Client,Referral,2025-11-20,31.7,Medium,3,0,11,0,47,111
REQ-002103,LOC-05,SVC-07,Priority,Family Member,Phone,2025-11-20,50.8,Medium,3,0,11,0,47,111
REQ-002107,LOC-01,SVC-05,Priority,Client,Phone,2025-11-20,41.6,Medium,3,0,11,0,47,111
REQ-002108,LOC-07,SVC-01,Routine,Client,Phone,2025-11-20,66.1,High,3,0,11,0,47,111
REQ-002109,LOC-05,SVC-02,Routine,Family Member,Portal,2025-11-20,17.9,Low,3,0,11,0,47,111
REQ-002110,LOC-03,SVC-03,Emergency,Family Member,Phone,2025-11-21,54.8,High,4,0,11,0,47,112
REQ-002111,LOC-03,SVC-04,Urgent,GP / Clinician,Portal,2025-11-21,88.2,Critical,4,0,11,0,47,112
REQ-002112,LOC-03,SVC-06,Routine,Client,Referral,2025-11-21,19.1,Low,4,0,11,0,47,112
REQ-002113,LOC-08,SVC-05,Routine,Client,Portal,2025-11-21,10.5,Low,4,0,11,0,47,112
REQ-002114,LOC-09,SVC-01,Priority,Client,Portal,2025-11-21,38.1,Medium,4,0,11,0,47,112
REQ-002115,LOC-10,SVC-01,Priority,Client,Case Manager,2025-11-21,6.7,Low,4,0,11,0,47,112
REQ-002117,LOC-01,SVC-07,Urgent,Client,Referral,2025-11-21,62.3,High,4,0,11,0,47,112
REQ-002118,LOC-07,SVC-01,Urgent,Client,Case Manager,2025-11-21,30.5,Medium,4,0,11,0,47,112
REQ-002119,LOC-02,SVC-06,Routine,Client,Phone,2025-11-21,24.5,Low,4,0,11,0,47,112
REQ-002120,LOC-03,SVC-01,Routine,Client,Portal,2025-11-21,23.2,Low,4,0,11,0,47,112
REQ-002122,LOC-09,SVC-09,Priority,GP / Clinician,Phone,2025-11-21,66.8,High,4,0,11,0,47,112
REQ-002124,LOC-04,SVC-02,Routine,Case Manager,Portal,2025-11-21,27.4,Medium,4,0,11,0,47,112
REQ-002125,LOC-10,SVC-01,Urgent,Client,Portal,2025-11-21,34.5,Medium,4,0,11,0,47,112
REQ-002126,LOC-06,SVC-03,Urgent,Client,Phone,2025-11-21,29.5,Medium,4,0,11,0,47,112
REQ-002127,LOC-04,SVC-02,Routine,Client,Portal,2025-11-21,14.2,Low,4,0,11,0,47,112
REQ-002128,LOC-10,SVC-03,Routine,Case Manager,Phone,2025-11-21,14.6,Low,4,0,11,0,47,112
REQ-002129,LOC-03,SVC-06,Routine,Client,Portal,2025-11-22,32.3,Medium,5,1,11,0,47,113
REQ-002130,LOC-09,SVC-09,Routine,Client,Phone,2025-11-22,37.9,Medium,5,1,11,0,47,113
REQ-002131,LOC-06,SVC-06,Routine,GP / Clinician,Portal,2025-11-22,50.6,High,5,1,11,0,47,113
REQ-002132,LOC-02,SVC-01,Routine,Client,Portal,2025-11-22,36.5,Medium,5,1,11,0,47,113
REQ-002134,LOC-09,SVC-02,Urgent,Case Manager,Referral,2025-11-22,83.8,Critical,5,1,11,0,47,113
REQ-002135,LOC-01,SVC-01,Priority,Client,Phone,2025-11-22,35.8,Medium,5,1,11,0,47,113
REQ-002136,LOC-01,SVC-06,Routine,Case Manager,Portal,2025-11-22,7.5,Low,5,1,11,0,47,113
REQ-002137,LOC-03,SVC-06,Routine,Family Member,Portal,2025-11-22,17.8,Low,5,1,11,0,47,113
REQ-002138,LOC-05,SVC-06,Priority,Client,Phone,2025-11-22,47.7,Medium,5,1,11,0,47,113
REQ-002139,LOC-10,SVC-01,Routine,Client,Phone,2025-11-22,12.3,Low,5,1,11,0,47,113
REQ-002140,LOC-09,SVC-07,Routine,Case Manager,Case Manager,2025-11-22,39.0,Medium,5,1,11,0,47,113
REQ-002141,LOC-06,SVC-04,Routine,Case Manager,Portal,2025-11-22,67.8,High,5,1,11,0,47,113
REQ-002142,LOC-02,SVC-02,Routine,Family Member,Phone,2025-11-23,41.1,Medium,6,1,11,0,47,114
REQ-002143,LOC-05,SVC-03,Urgent,Case Manager,Referral,2025-11-23,38.5,Medium,6,1,11,0,47,114
REQ-002144,LOC-03,SVC-04,Priority,Case Manager,Portal,2025-11-23,17.2,Low,6,1,11,0,47,114
REQ-002145,LOC-09,SVC-01,Routine,Client,Phone,2025-11-23,42.1,Medium,6,1,11,0,47,114
REQ-002146,LOC-04,SVC-05,Routine,Client,Phone,2025-11-23,8.5,Low,6,1,11,0,47,114
REQ-002147,LOC-10,SVC-03,Priority,Client,Portal,2025-11-23,19.3,Low,6,1,11,0,47,114
REQ-002148,LOC-02,SVC-03,Urgent,GP / Clinician,Referral,2025-11-24,64.7,High,0,0,11,0,48,115
REQ-002149,LOC-10,SVC-08,Priority,GP / Clinician,Phone,2025-11-24,38.0,Medium,0,0,11,0,48,115
REQ-002150,LOC-05,SVC-07,Urgent,Family Member,Phone,2025-11-24,39.3,Medium,0,0,11,0,48,115
REQ-002151,LOC-01,SVC-02,Routine,Case Manager,Phone,2025-11-24,6.9,Low,0,0,11,0,48,115
REQ-002152,LOC-09,SVC-05,Emergency,Family Member,Phone,2025-11-24,42.4,Medium,0,0,11,0,48,115
REQ-002153,LOC-03,SVC-02,Priority,Client,Phone,2025-11-24,20.9,Low,0,0,11,0,48,115
REQ-002154,LOC-08,SVC-01,Routine,Family Member,Phone,2025-11-24,41.1,Medium,0,0,11,0,48,115
REQ-002155,LOC-05,SVC-07,Priority,Family Member,Phone,2025-11-24,54.3,Medium,0,0,11,0,48,115
REQ-002156,LOC-06,SVC-04,Routine,Client,Portal,2025-11-24,25.7,Medium,0,0,11,0,48,115
REQ-002157,LOC-07,SVC-02,Routine,Client,Portal,2025-11-24,37.7,Medium,0,0,11,0,48,115
REQ-002159,LOC-01,SVC-04,Urgent,Client,Portal,2025-11-24,65.4,High,0,0,11,0,48,115
REQ-002161,LOC-06,SVC-05,Routine,Client,Phone,2025-11-24,12.0,Low,0,0,11,0,48,115
REQ-002162,LOC-08,SVC-06,Urgent,Client,Referral,2025-11-24,9.5,Low,0,0,11,0,48,115
REQ-002163,LOC-06,SVC-06,Priority,GP / Clinician,Referral,2025-11-24,92.9,Critical,0,0,11,0,48,115
REQ-002164,LOC-07,SVC-01,Routine,Client,Portal,2025-11-24,23.4,Low,0,0,11,0,48,115
REQ-002165,LOC-02,SVC-01,Routine,Family Member,Phone,2025-11-24,61.0,High,0,0,11,0,48,115
REQ-002166,LOC-06,SVC-06,Emergency,Client,Phone,2025-11-24,15.7,Low,0,0,11,0,48,115
REQ-002168,LOC-10,SVC-09,Routine,Client,Portal,2025-11-24,25.5,Low,0,0,11,0,48,115
REQ-002169,LOC-02,SVC-01,Priority,Client,Referral,2025-11-24,95.9,Critical,0,0,11,0,48,115
REQ-002170,LOC-07,SVC-01,Priority,Client,Portal,2025-11-25,39.7,Medium,1,0,11,0,48,116
REQ-002171,LOC-07,SVC-06,Priority,Family Member,Phone,2025-11-25,43.6,Medium,1,0,11,0,48,116
REQ-002172,LOC-08,SVC-05,Priority,Client,Phone,2025-11-25,13.9,Low,1,0,11,0,48,116
REQ-002173,LOC-06,SVC-06,Emergency,Family Member,Portal,2025-11-25,30.6,Medium,1,0,11,0,48,116
REQ-002174,LOC-08,SVC-01,Routine,Client,Case Manager,2025-11-25,43.9,Medium,1,0,11,0,48,116
REQ-002175,LOC-03,SVC-03,Routine,Client,Case Manager,2025-11-25,11.4,Low,1,0,11,0,48,116
REQ-002176,LOC-07,SVC-08,Routine,Client,Portal,2025-11-25,19.5,Low,1,0,11,0,48,116
REQ-002177,LOC-08,SVC-06,Routine,Client,Portal,2025-11-25,14.6,Low,1,0,11,0,48,116
REQ-002178,LOC-09,SVC-03,Routine,Client,Portal,2025-11-25,17.1,Low,1,0,11,0,48,116
REQ-002179,LOC-10,SVC-07,Routine,Client,Referral,2025-11-25,48.6,Medium,1,0,11,0,48,116
REQ-002180,LOC-07,SVC-06,Routine,Family Member,Case Manager,2025-11-25,33.2,Medium,1,0,11,0,48,116
REQ-002182,LOC-02,SVC-09,Priority,Case Manager,Case Manager,2025-11-25,66.1,High,1,0,11,0,48,116
REQ-002183,LOC-01,SVC-01,Routine,Client,Phone,2025-11-25,52.2,Medium,1,0,11,0,48,116
REQ-002184,LOC-10,SVC-07,Routine,Client,Portal,2025-11-25,12.3,Low,1,0,11,0,48,116
REQ-002186,LOC-05,SVC-01,Priority,Family Member,Phone,2025-11-25,26.4,Medium,1,0,11,0,48,116
REQ-002188,LOC-03,SVC-05,Priority,Client,Phone,2025-11-25,9.2,Low,1,0,11,0,48,116
REQ-002190,LOC-02,SVC-07,Routine,Client,Portal,2025-11-25,50.7,Medium,1,0,11,0,48,116
REQ-002191,LOC-02,SVC-01,Routine,Client,Phone,2025-11-25,9.2,Low,1,0,11,0,48,116
REQ-002192,LOC-10,SVC-01,Routine,Client,Portal,2025-11-25,14.1,Low,1,0,11,0,48,116
REQ-002193,LOC-02,SVC-01,Emergency,Client,Portal,2025-11-25,16.8,Low,1,0,11,0,48,116
REQ-002194,LOC-01,SVC-09,Routine,Client,Referral,2025-11-25,12.9,Low,1,0,11,0,48,116
REQ-002195,LOC-02,SVC-01,Priority,Case Manager,Portal,2025-11-25,90.8,Critical,1,0,11,0,48,116
REQ-002196,LOC-09,SVC-01,Routine,Case Manager,Phone,2025-11-25,42.0,Medium,1,0,11,0,48,116
REQ-002198,LOC-04,SVC-03,Routine,Client,Portal,2025-11-26,16.8,Low,2,0,11,0,48,117
REQ-002199,LOC-05,SVC-07,Priority,Family Member,Phone,2025-11-26,41.1,Medium,2,0,11,0,48,117
REQ-002200,LOC-01,SVC-08,Priority,Family Member,Portal,2025-11-26,37.3,Medium,2,0,11,0,48,117
REQ-002201,LOC-01,SVC-01,Routine,Client,Phone,2025-11-26,17.4,Low,2,0,11,0,48,117
REQ-002202,LOC-09,SVC-04,Priority,Case Manager,Portal,2025-11-26,68.7,High,2,0,11,0,48,117
REQ-002204,LOC-04,SVC-01,Priority,Family Member,Phone,2025-11-26,64.4,High,2,0,11,0,48,117
REQ-002205,LOC-02,SVC-03,Routine,Client,Portal,2025-11-26,41.1,Medium,2,0,11,0,48,117
REQ-002206,LOC-05,SVC-06,Emergency,Client,Phone,2025-11-26,74.1,High,2,0,11,0,48,117
REQ-002207,LOC-10,SVC-09,Urgent,Case Manager,Phone,2025-11-26,62.9,High,2,0,11,0,48,117
REQ-002208,LOC-04,SVC-05,Routine,Family Member,Case Manager,2025-11-26,13.7,Low,2,0,11,0,48,117
REQ-002210,LOC-09,SVC-01,Routine,Client,Referral,2025-11-26,16.9,Low,2,0,11,0,48,117
REQ-002211,LOC-06,SVC-02,Priority,Client,Portal,2025-11-26,5.5,Low,2,0,11,0,48,117
REQ-002212,LOC-04,SVC-04,Routine,Client,Portal,2025-11-26,23.4,Low,2,0,11,0,48,117
REQ-002213,LOC-08,SVC-02,Routine,Client,Phone,2025-11-26,15.6,Low,2,0,11,0,48,117
REQ-002214,LOC-10,SVC-07,Routine,Case Manager,Case Manager,2025-11-27,38.4,Medium,3,0,11,0,48,118
REQ-002216,LOC-06,SVC-02,Priority,Client,Referral,2025-11-27,56.1,High,3,0,11,0,48,118
REQ-002217,LOC-02,SVC-03,Priority,Case Manager,Case Manager,2025-11-27,41.0,Medium,3,0,11,0,48,118
REQ-002218,LOC-06,SVC-03,Priority,Client,Portal,2025-11-27,4.0,Low,3,0,11,0,48,118
REQ-002220,LOC-08,SVC-05,Priority,Client,Phone,2025-11-27,23.8,Low,3,0,11,0,48,118
REQ-002221,LOC-09,SVC-01,Priority,Client,Portal,2025-11-27,43.1,Medium,3,0,11,0,48,118
REQ-002222,LOC-08,SVC-01,Routine,Case Manager,Portal,2025-11-27,11.9,Low,3,0,11,0,48,118
REQ-002223,LOC-02,SVC-05,Urgent,Family Member,Phone,2025-11-27,89.8,Critical,3,0,11,0,48,118
REQ-002224,LOC-09,SVC-05,Priority,Client,Portal,2025-11-27,4.0,Low,3,0,11,0,48,118
REQ-002225,LOC-01,SVC-05,Routine,GP / Clinician,Phone,2025-11-27,32.5,Medium,3,0,11,0,48,118
REQ-002226,LOC-03,SVC-05,Emergency,Family Member,Case Manager,2025-11-27,78.1,Critical,3,0,11,0,48,118
REQ-002227,LOC-03,SVC-07,Routine,Family Member,Portal,2025-11-27,39.8,Medium,3,0,11,0,48,118
REQ-002230,LOC-10,SVC-01,Routine,Family Member,Phone,2025-11-27,19.1,Low,3,0,11,0,48,118
REQ-002231,LOC-04,SVC-04,Routine,Client,Phone,2025-11-27,13.8,Low,3,0,11,0,48,118
REQ-002233,LOC-01,SVC-09,Routine,Case Manager,Case Manager,2025-11-27,56.4,High,3,0,11,0,48,118
REQ-002234,LOC-07,SVC-02,Routine,Client,Case Manager,2025-11-27,11.0,Low,3,0,11,0,48,118
REQ-002235,LOC-09,SVC-02,Routine,Client,Portal,2025-11-27,14.1,Low,3,0,11,0,48,118
REQ-002236,LOC-02,SVC-03,Routine,Family Member,Phone,2025-11-27,48.1,Medium,3,0,11,0,48,118
REQ-002237,LOC-02,SVC-04,Routine,Client,Referral,2025-11-27,14.9,Low,3,0,11,0,48,118
REQ-002238,LOC-10,SVC-02,Routine,Client,Portal,2025-11-27,19.9,Low,3,0,11,0,48,118
REQ-002239,LOC-10,SVC-01,Urgent,Client,Phone,2025-11-27,23.5,Low,3,0,11,0,48,118
REQ-002240,LOC-03,SVC-02,Emergency,Case Manager,Phone,2025-11-27,86.5,Critical,3,0,11,0,48,118
REQ-002241,LOC-04,SVC-01,Routine,Client,Case Manager,2025-11-27,22.0,Low,3,0,11,0,48,118
REQ-002242,LOC-05,SVC-06,Routine,Client,Referral,2025-11-27,37.5,Medium,3,0,11,0,48,118
REQ-002243,LOC-06,SVC-01,Routine,GP / Clinician,Referral,2025-11-27,93.5,Critical,3,0,11,0,48,118
REQ-002245,LOC-07,SVC-05,Urgent,Case Manager,Phone,2025-11-28,64.0,High,4,0,11,0,48,119
REQ-002246,LOC-03,SVC-05,Priority,GP / Clinician,Phone,2025-11-28,80.0,Critical,4,0,11,0,48,119
REQ-002247,LOC-04,SVC-07,Routine,Client,Phone,2025-11-28,12.9,Low,4,0,11,0,48,119
REQ-002248,LOC-10,SVC-08,Priority,Case Manager,Case Manager,2025-11-28,59.3,High,4,0,11,0,48,119
REQ-002249,LOC-05,SVC-05,Priority,Case Manager,Portal,2025-11-28,60.6,High,4,0,11,0,48,119
REQ-002252,LOC-07,SVC-03,Priority,Client,Phone,2025-11-28,19.6,Low,4,0,11,0,48,119
REQ-002253,LOC-05,SVC-07,Routine,Client,Phone,2025-11-28,61.9,High,4,0,11,0,48,119
REQ-002254,LOC-09,SVC-01,Urgent,Client,Case Manager,2025-11-28,49.6,Medium,4,0,11,0,48,119
REQ-002255,LOC-07,SVC-03,Routine,Case Manager,Phone,2025-11-28,54.8,High,4,0,11,0,48,119
REQ-002256,LOC-06,SVC-06,Emergency,Case Manager,Phone,2025-11-28,38.3,Medium,4,0,11,0,48,119
REQ-002257,LOC-08,SVC-02,Routine,Client,Portal,2025-11-28,19.7,Low,4,0,11,0,48,119
REQ-002258,LOC-08,SVC-01,Urgent,Case Manager,Phone,2025-11-28,24.6,Medium,4,0,11,0,48,119
REQ-002259,LOC-05,SVC-02,Priority,Case Manager,Phone,2025-11-28,50.7,High,4,0,11,0,48,119
REQ-002261,LOC-07,SVC-01,Routine,Client,Portal,2025-11-28,21.2,Low,4,0,11,0,48,119
REQ-002262,LOC-01,SVC-01,Routine,Client,Phone,2025-11-28,40.5,Medium,4,0,11,0,48,119
REQ-002263,LOC-08,SVC-05,Urgent,Client,Phone,2025-11-28,2.3,Low,4,0,11,0,48,119
REQ-002264,LOC-04,SVC-01,Routine,Case Manager,Portal,2025-11-28,27.7,Low,4,0,11,0,48,119
REQ-002265,LOC-02,SVC-06,Routine,Client,Case Manager,2025-11-28,38.6,Medium,4,0,11,0,48,119
REQ-002266,LOC-06,SVC-05,Urgent,Case Manager,Phone,2025-11-28,39.3,Medium,4,0,11,0,48,119
REQ-002268,LOC-10,SVC-04,Priority,Client,Phone,2025-11-28,23.1,Low,4,0,11,0,48,119
REQ-002269,LOC-08,SVC-02,Priority,Case Manager,Phone,2025-11-28,86.4,Critical,4,0,11,0,48,119
REQ-002271,LOC-05,SVC-01,Urgent,Client,Phone,2025-11-29,82.5,Critical,5,1,11,0,48,120
REQ-002272,LOC-10,SVC-05,Routine,Family Member,Portal,2025-11-29,37.9,Medium,5,1,11,0,48,120
REQ-002273,LOC-08,SVC-02,Priority,Client,Phone,2025-11-29,19.8,Low,5,1,11,0,48,120
REQ-002274,LOC-04,SVC-07,Routine,Client,Referral,2025-11-30,58.7,High,6,1,11,0,48,121
REQ-002275,LOC-04,SVC-04,Urgent,Client,Portal,2025-11-30,13.4,Low,6,1,11,0,48,121
REQ-002277,LOC-08,SVC-04,Priority,GP / Clinician,Portal,2025-11-30,44.8,Medium,6,1,11,0,48,121
REQ-002278,LOC-01,SVC-02,Routine,Client,Referral,2025-11-30,24.9,Medium,6,1,11,0,48,121
REQ-002279,LOC-09,SVC-03,Priority,Case Manager,Case Manager,2025-11-30,68.2,High,6,1,11,0,48,121
REQ-002280,LOC-07,SVC-05,Routine,Client,Phone,2025-11-30,39.2,Medium,6,1,11,0,48,121
REQ-002281,LOC-03,SVC-05,Emergency,Family Member,Referral,2025-11-30,90.0,Critical,6,1,11,0,48,121
REQ-002282,LOC-02,SVC-01,Priority,Client,Phone,2025-11-30,66.2,High,6,1,11,0,48,121
REQ-002283,LOC-03,SVC-08,Urgent,Family Member,Referral,2025-11-30,32.5,Medium,6,1,11,0,48,121
REQ-002284,LOC-02,SVC-04,Urgent,GP / Clinician,Referral,2025-11-30,77.6,High,6,1,11,0,48,121
REQ-002285,LOC-02,SVC-02,Routine,Family Member,Portal,2025-11-30,31.4,Medium,6,1,11,0,48,121
REQ-002286,LOC-10,SVC-01,Urgent,Family Member,Portal,2025-12-01,34.3,Medium,0,0,12,0,49,122
REQ-002287,LOC-08,SVC-08,Routine,Family Member,Referral,2025-12-01,25.0,Low,0,0,12,0,49,122
REQ-002288,LOC-01,SVC-05,Urgent,Family Member,Case Manager,2025-12-01,42.3,Medium,0,0,12,0,49,122
REQ-002289,LOC-06,SVC-09,Routine,Client,Portal,2025-12-01,17.8,Low,0,0,12,0,49,122
REQ-002290,LOC-07,SVC-01,Routine,Family Member,Portal,2025-12-01,13.8,Low,0,0,12,0,49,122
REQ-002291,LOC-01,SVC-09,Routine,GP / Clinician,Portal,2025-12-01,40.8,Medium,0,0,12,0,49,122
REQ-002293,LOC-05,SVC-01,Routine,Case Manager,Case Manager,2025-12-01,55.5,High,0,0,12,0,49,122
REQ-002294,LOC-09,SVC-01,Routine,Client,Phone,2025-12-01,38.7,Medium,0,0,12,0,49,122
REQ-002295,LOC-04,SVC-01,Priority,Client,Portal,2025-12-01,17.8,Low,0,0,12,0,49,122
REQ-002296,LOC-09,SVC-01,Priority,Family Member,Referral,2025-12-01,63.9,High,0,0,12,0,49,122
REQ-002297,LOC-04,SVC-05,Routine,Family Member,Phone,2025-12-01,79.9,Critical,0,0,12,0,49,122
REQ-002298,LOC-01,SVC-01,Urgent,Client,Portal,2025-12-01,35.0,Low,0,0,12,0,49,122
REQ-002299,LOC-05,SVC-06,Urgent,GP / Clinician,Phone,2025-12-01,63.6,High,0,0,12,0,49,122
REQ-002300,LOC-07,SVC-06,Routine,Client,Phone,2025-12-01,36.3,Medium,0,0,12,0,49,122
REQ-002301,LOC-09,SVC-07,Routine,Client,Referral,2025-12-01,5.5,Low,0,0,12,0,49,122
REQ-002302,LOC-06,SVC-07,Priority,GP / Clinician,Phone,2025-12-01,37.5,Medium,0,0,12,0,49,122
REQ-002303,LOC-07,SVC-03,Routine,Client,Portal,2025-12-02,18.4,Low,1,0,12,0,49,123
REQ-002307,LOC-02,SVC-06,Urgent,GP / Clinician,Case Manager,2025-12-02,82.0,Critical,1,0,12,0,49,123
REQ-002308,LOC-07,SVC-09,Urgent,Case Manager,Phone,2025-12-02,40.2,Medium,1,0,12,0,49,123
REQ-002309,LOC-03,SVC-07,Urgent,Case Manager,Referral,2025-12-02,67.1,High,1,0,12,0,49,123
REQ-002310,LOC-04,SVC-05,Routine,Client,Phone,2025-12-02,22.7,Low,1,0,12,0,49,123
REQ-002311,LOC-03,SVC-01,Priority,Client,Portal,2025-12-02,18.0,Low,1,0,12,0,49,123
REQ-002312,LOC-06,SVC-07,Priority,Case Manager,Referral,2025-12-02,64.5,High,1,0,12,0,49,123
REQ-002314,LOC-08,SVC-02,Routine,Client,Phone,2025-12-02,24.7,Low,1,0,12,0,49,123
REQ-002315,LOC-09,SVC-09,Routine,Family Member,Phone,2025-12-02,33.5,Medium,1,0,12,0,49,123
REQ-002317,LOC-02,SVC-02,Routine,Client,Referral,2025-12-02,14.3,Low,1,0,12,0,49,123
REQ-002318,LOC-04,SVC-03,Urgent,Case Manager,Phone,2025-12-02,50.3,High,1,0,12,0,49,123
REQ-002320,LOC-08,SVC-02,Emergency,Family Member,Referral,2025-12-02,42.2,Medium,1,0,12,0,49,123
REQ-002321,LOC-02,SVC-02,Emergency,GP / Clinician,Referral,2025-12-02,80.7,Critical,1,0,12,0,49,123
REQ-002324,LOC-05,SVC-04,Priority,Case Manager,Phone,2025-12-02,63.0,High,1,0,12,0,49,123
REQ-002325,LOC-06,SVC-04,Priority,Family Member,Phone,2025-12-02,44.7,Medium,1,0,12,0,49,123
REQ-002327,LOC-01,SVC-01,Routine,GP / Clinician,Phone,2025-12-03,26.4,Medium,2,0,12,0,49,124
REQ-002328,LOC-10,SVC-02,Priority,GP / Clinician,Referral,2025-12-03,60.6,High,2,0,12,0,49,124
REQ-002329,LOC-10,SVC-05,Routine,Family Member,Portal,2025-12-03,20.8,Low,2,0,12,0,49,124
REQ-002330,LOC-07,SVC-09,Routine,Client,Phone,2025-12-03,15.6,Low,2,0,12,0,49,124
REQ-002331,LOC-04,SVC-02,Priority,Family Member,Phone,2025-12-03,11.7,Low,2,0,12,0,49,124
REQ-002332,LOC-08,SVC-06,Routine,GP / Clinician,Phone,2025-12-03,9.0,Low,2,0,12,0,49,124
REQ-002333,LOC-09,SVC-02,Routine,Client,Portal,2025-12-03,37.4,Medium,2,0,12,0,49,124
REQ-002334,LOC-02,SVC-07,Routine,Family Member,Portal,2025-12-03,12.9,Low,2,0,12,0,49,124
REQ-002335,LOC-03,SVC-02,Routine,Family Member,Portal,2025-12-03,36.0,Medium,2,0,12,0,49,124
REQ-002336,LOC-05,SVC-02,Urgent,Family Member,Phone,2025-12-03,69.1,High,2,0,12,0,49,124
REQ-002337,LOC-08,SVC-06,Routine,Family Member,Case Manager,2025-12-03,85.3,Critical,2,0,12,0,49,124
REQ-002338,LOC-04,SVC-05,Routine,Client,Portal,2025-12-03,25.1,Low,2,0,12,0,49,124
REQ-002339,LOC-05,SVC-02,Priority,Client,Phone,2025-12-03,40.8,Medium,2,0,12,0,49,124
REQ-002340,LOC-05,SVC-03,Priority,Client,Referral,2025-12-03,32.0,Medium,2,0,12,0,49,124
REQ-002341,LOC-05,SVC-07,Routine,Client,Portal,2025-12-03,12.5,Low,2,0,12,0,49,124
REQ-002342,LOC-05,SVC-07,Routine,Client,Case Manager,2025-12-03,42.9,Medium,2,0,12,0,49,124
REQ-002344,LOC-06,SVC-09,Emergency,Case Manager,Phone,2025-12-03,58.7,High,2,0,12,0,49,124
REQ-002345,LOC-05,SVC-05,Urgent,Case Manager,Phone,2025-12-03,29.1,Medium,2,0,12,0,49,124
REQ-002346,LOC-01,SVC-02,Priority,Family Member,Phone,2025-12-03,41.7,Medium,2,0,12,0,49,124
REQ-002348,LOC-03,SVC-07,Routine,Case Manager,Phone,2025-12-03,23.2,Low,2,0,12,0,49,124
REQ-002349,LOC-07,SVC-06,Routine,Case Manager,Portal,2025-12-03,12.4,Low,2,0,12,0,49,124
REQ-002350,LOC-04,SVC-03,Priority,Client,Portal,2025-12-03,12.1,Low,2,0,12,0,49,124
REQ-002351,LOC-02,SVC-08,Priority,Family Member,Phone,2025-12-03,18.4,Low,2,0,12,0,49,124
REQ-002352,LOC-08,SVC-01,Priority,Client,Case Manager,2025-12-03,47.2,High,2,0,12,0,49,124
REQ-002353,LOC-10,SVC-06,Routine,Client,Phone,2025-12-03,16.2,Low,2,0,12,0,49,124
REQ-002354,LOC-06,SVC-08,Routine,Client,Portal,2025-12-03,21.1,Low,2,0,12,0,49,124
REQ-002355,LOC-01,SVC-07,Urgent,Client,Referral,2025-12-03,33.3,Medium,2,0,12,0,49,124
REQ-002356,LOC-05,SVC-05,Priority,Family Member,Portal,2025-12-03,41.1,Medium,2,0,12,0,49,124
REQ-002357,LOC-08,SVC-01,Routine,Client,Portal,2025-12-03,24.1,Low,2,0,12,0,49,124
REQ-002358,LOC-05,SVC-01,Urgent,Case Manager,Phone,2025-12-03,72.0,High,2,0,12,0,49,124
REQ-002360,LOC-07,SVC-01,Priority,Family Member,Phone,2025-12-04,41.2,Medium,3,0,12,0,49,125
REQ-002361,LOC-03,SVC-05,Routine,Client,Phone,2025-12-04,12.6,Low,3,0,12,0,49,125
REQ-002363,LOC-05,SVC-02,Priority,Client,Case Manager,2025-12-04,42.3,Medium,3,0,12,0,49,125
REQ-002364,LOC-02,SVC-07,Routine,Client,Phone,2025-12-04,37.4,Medium,3,0,12,0,49,125
REQ-002365,LOC-03,SVC-01,Urgent,Client,Phone,2025-12-04,36.2,Medium,3,0,12,0,49,125
REQ-002366,LOC-08,SVC-07,Routine,Client,Case Manager,2025-12-04,12.2,Low,3,0,12,0,49,125
REQ-002367,LOC-01,SVC-05,Routine,Family Member,Phone,2025-12-04,61.5,High,3,0,12,0,49,125
REQ-002368,LOC-09,SVC-06,Routine,Client,Portal,2025-12-04,1.0,Low,3,0,12,0,49,125
REQ-002369,LOC-01,SVC-07,Urgent,Family Member,Case Manager,2025-12-04,16.1,Low,3,0,12,0,49,125
REQ-002370,LOC-07,SVC-02,Priority,Client,Phone,2025-12-04,38.2,Medium,3,0,12,0,49,125
REQ-002372,LOC-07,SVC-01,Routine,Client,Case Manager,2025-12-04,10.7,Low,3,0,12,0,49,125
REQ-002373,LOC-03,SVC-02,Priority,Client,Portal,2025-12-04,33.6,Medium,3,0,12,0,49,125
REQ-002374,LOC-03,SVC-02,Emergency,Case Manager,Phone,2025-12-04,47.4,Medium,3,0,12,0,49,125
REQ-002375,LOC-06,SVC-01,Routine,Client,Case Manager,2025-12-05,59.7,High,4,0,12,0,49,126
REQ-002376,LOC-06,SVC-01,Urgent,Client,Phone,2025-12-05,58.5,High,4,0,12,0,49,126
REQ-002377,LOC-03,SVC-07,Routine,Client,Portal,2025-12-05,15.9,Low,4,0,12,0,49,126
REQ-002378,LOC-10,SVC-04,Routine,Family Member,Portal,2025-12-05,13.6,Low,4,0,12,0,49,126
REQ-002379,LOC-01,SVC-08,Routine,Case Manager,Portal,2025-12-05,34.8,Medium,4,0,12,0,49,126
REQ-002380,LOC-02,SVC-02,Urgent,Case Manager,Referral,2025-12-05,60.0,High,4,0,12,0,49,126
REQ-002381,LOC-06,SVC-02,Routine,Client,Referral,2025-12-05,22.0,Low,4,0,12,0,49,126
REQ-002382,LOC-02,SVC-03,Routine,Client,Phone,2025-12-05,22.1,Low,4,0,12,0,49,126
REQ-002383,LOC-02,SVC-02,Urgent,Case Manager,Portal,2025-12-05,64.6,High,4,0,12,0,49,126
REQ-002384,LOC-09,SVC-08,Routine,Family Member,Case Manager,2025-12-05,56.2,High,4,0,12,0,49,126
REQ-002386,LOC-08,SVC-06,Priority,Client,Phone,2025-12-05,36.3,Medium,4,0,12,0,49,126
REQ-002387,LOC-10,SVC-06,Emergency,Family Member,Referral,2025-12-05,96.0,Critical,4,0,12,0,49,126
REQ-002388,LOC-06,SVC-08,Priority,Case Manager,Phone,2025-12-05,40.1,Medium,4,0,12,0,49,126
REQ-002389,LOC-10,SVC-07,Routine,Case Manager,Phone,2025-12-05,42.0,Medium,4,0,12,0,49,126
REQ-002391,LOC-07,SVC-02,Urgent,Case Manager,Phone,2025-12-05,93.8,Critical,4,0,12,0,49,126
REQ-002392,LOC-01,SVC-01,Routine,Client,Portal,2025-12-05,8.0,Low,4,0,12,0,49,126
REQ-002393,LOC-05,SVC-06,Routine,Case Manager,Phone,2025-12-05,76.7,High,4,0,12,0,49,126
REQ-002394,LOC-10,SVC-09,Priority,Client,Referral,2025-12-05,70.1,High,4,0,12,0,49,126
REQ-002395,LOC-01,SVC-06,Priority,Case Manager,Portal,2025-12-05,42.1,Medium,4,0,12,0,49,126
REQ-002396,LOC-08,SVC-04,Routine,Client,Portal,2025-12-05,10.0,Low,4,0,12,0,49,126
REQ-002397,LOC-01,SVC-04,Urgent,Client,Phone,2025-12-05,32.0,Medium,4,0,12,0,49,126
REQ-002398,LOC-03,SVC-03,Priority,Client,Portal,2025-12-05,8.8,Low,4,0,12,0,49,126
REQ-002399,LOC-02,SVC-05,Routine,Client,Portal,2025-12-05,40.4,Medium,4,0,12,0,49,126
REQ-002400,LOC-04,SVC-04,Priority,Family Member,Phone,2025-12-05,19.3,Low,4,0,12,0,49,126
REQ-002401,LOC-07,SVC-09,Priority,Case Manager,Referral,2025-12-06,62.5,High,5,1,12,0,49,127
REQ-002402,LOC-02,SVC-01,Emergency,Case Manager,Portal,2025-12-06,37.0,Medium,5,1,12,0,49,127
REQ-002403,LOC-05,SVC-01,Routine,Family Member,Phone,2025-12-06,33.1,Medium,5,1,12,0,49,127
REQ-002405,LOC-03,SVC-01,Priority,Family Member,Portal,2025-12-06,14.9,Low,5,1,12,0,49,127
REQ-002407,LOC-02,SVC-01,Routine,Family Member,Case Manager,2025-12-06,11.5,Low,5,1,12,0,49,127
REQ-002408,LOC-02,SVC-07,Routine,Case Manager,Portal,2025-12-06,42.4,Medium,5,1,12,0,49,127
REQ-002411,LOC-08,SVC-01,Routine,Client,Portal,2025-12-06,42.8,Medium,5,1,12,0,49,127
REQ-002412,LOC-07,SVC-01,Emergency,Client,Phone,2025-12-06,24.9,Medium,5,1,12,0,49,127
REQ-002413,LOC-06,SVC-02,Emergency,Family Member,Phone,2025-12-06,36.8,Medium,5,1,12,0,49,127
REQ-002414,LOC-03,SVC-09,Routine,Case Manager,Phone,2025-12-06,63.5,High,5,1,12,0,49,127
REQ-002415,LOC-03,SVC-02,Routine,Client,Portal,2025-12-07,9.8,Low,6,1,12,0,49,128
REQ-002416,LOC-02,SVC-05,Routine,Client,Referral,2025-12-07,46.2,Medium,6,1,12,0,49,128
REQ-002418,LOC-10,SVC-01,Emergency,Client,Phone,2025-12-07,64.6,High,6,1,12,0,49,128
REQ-002419,LOC-01,SVC-03,Routine,Case Manager,Referral,2025-12-07,38.3,Medium,6,1,12,0,49,128
REQ-002420,LOC-10,SVC-03,Priority,Case Manager,Portal,2025-12-07,77.6,High,6,1,12,0,49,128
REQ-002421,LOC-03,SVC-01,Priority,Case Manager,Referral,2025-12-07,79.5,Critical,6,1,12,0,49,128
REQ-002422,LOC-02,SVC-03,Routine,Family Member,Portal,2025-12-07,19.0,Low,6,1,12,0,49,128
REQ-002423,LOC-06,SVC-02,Priority,Client,Phone,2025-12-08,41.3,Medium,0,0,12,0,50,129
REQ-002424,LOC-09,SVC-07,Urgent,GP / Clinician,Referral,2025-12-08,66.0,High,0,0,12,0,50,129
REQ-002425,LOC-06,SVC-04,Priority,Case Manager,Phone,2025-12-08,30.0,Medium,0,0,12,0,50,129
REQ-002426,LOC-08,SVC-02,Routine,Case Manager,Portal,2025-12-08,18.4,Low,0,0,12,0,50,129
REQ-002427,LOC-05,SVC-07,Emergency,Case Manager,Phone,2025-12-08,80.1,Critical,0,0,12,0,50,129
REQ-002428,LOC-04,SVC-05,Routine,Client,Phone,2025-12-08,8.8,Low,0,0,12,0,50,129
REQ-002429,LOC-10,SVC-02,Routine,Client,Portal,2025-12-08,5.2,Low,0,0,12,0,50,129
REQ-002430,LOC-04,SVC-06,Routine,Client,Phone,2025-12-08,18.9,Low,0,0,12,0,50,129
REQ-002431,LOC-01,SVC-08,Priority,Case Manager,Phone,2025-12-08,46.3,Medium,0,0,12,0,50,129
REQ-002432,LOC-06,SVC-04,Priority,Family Member,Phone,2025-12-08,39.7,Medium,0,0,12,0,50,129
REQ-002433,LOC-03,SVC-03,Routine,GP / Clinician,Phone,2025-12-08,27.8,Medium,0,0,12,0,50,129
REQ-002434,LOC-04,SVC-04,Routine,Client,Portal,2025-12-08,23.6,Low,0,0,12,0,50,129
REQ-002435,LOC-01,SVC-01,Routine,Family Member,Referral,2025-12-08,4.4,Low,0,0,12,0,50,129
REQ-002436,LOC-07,SVC-05,Urgent,Client,Phone,2025-12-08,66.6,High,0,0,12,0,50,129
REQ-002438,LOC-05,SVC-01,Routine,Client,Referral,2025-12-08,66.9,High,0,0,12,0,50,129
REQ-002439,LOC-02,SVC-01,Routine,Case Manager,Case Manager,2025-12-08,47.8,Medium,0,0,12,0,50,129
REQ-002440,LOC-09,SVC-01,Emergency,Client,Phone,2025-12-08,36.8,Medium,0,0,12,0,50,129
REQ-002441,LOC-01,SVC-05,Priority,Family Member,Phone,2025-12-08,61.9,High,0,0,12,0,50,129
REQ-002442,LOC-01,SVC-03,Priority,Family Member,Referral,2025-12-08,89.6,Critical,0,0,12,0,50,129
REQ-002443,LOC-01,SVC-06,Urgent,Client,Case Manager,2025-12-08,47.4,Medium,0,0,12,0,50,129
REQ-002445,LOC-06,SVC-05,Urgent,Case Manager,Portal,2025-12-08,6.4,Low,0,0,12,0,50,129
REQ-002446,LOC-03,SVC-07,Urgent,GP / Clinician,Phone,2025-12-09,61.8,High,1,0,12,0,50,130
REQ-002447,LOC-03,SVC-05,Urgent,Family Member,Phone,2025-12-09,30.4,Medium,1,0,12,0,50,130
REQ-002448,LOC-03,SVC-01,Routine,Family Member,Phone,2025-12-09,39.1,Medium,1,0,12,0,50,130
REQ-002449,LOC-03,SVC-05,Urgent,Client,Referral,2025-12-09,31.6,Medium,1,0,12,0,50,130
REQ-002450,LOC-06,SVC-06,Urgent,Case Manager,Case Manager,2025-12-09,51.4,High,1,0,12,0,50,130
REQ-002451,LOC-03,SVC-03,Routine,Case Manager,Referral,2025-12-09,64.7,High,1,0,12,0,50,130
REQ-002452,LOC-07,SVC-08,Priority,Family Member,Case Manager,2025-12-09,32.2,Medium,1,0,12,0,50,130
REQ-002453,LOC-01,SVC-03,Routine,Family Member,Referral,2025-12-09,19.7,Low,1,0,12,0,50,130
REQ-002454,LOC-08,SVC-07,Routine,Case Manager,Portal,2025-12-09,15.9,Low,1,0,12,0,50,130
REQ-002455,LOC-10,SVC-04,Routine,Client,Phone,2025-12-09,15.8,Low,1,0,12,0,50,130
REQ-002456,LOC-10,SVC-05,Routine,Family Member,Phone,2025-12-09,23.0,Low,1,0,12,0,50,130
REQ-002457,LOC-01,SVC-07,Priority,Case Manager,Case Manager,2025-12-09,39.5,Medium,1,0,12,0,50,130
REQ-002458,LOC-02,SVC-05,Priority,Client,Referral,2025-12-09,56.5,High,1,0,12,0,50,130
REQ-002459,LOC-02,SVC-01,Emergency,Client,Referral,2025-12-09,84.5,Critical,1,0,12,0,50,130
REQ-002460,LOC-04,SVC-06,Routine,Case Manager,Portal,2025-12-09,40.1,Medium,1,0,12,0,50,130
REQ-002462,LOC-08,SVC-03,Urgent,Case Manager,Phone,2025-12-09,31.0,Medium,1,0,12,0,50,130
REQ-002463,LOC-01,SVC-02,Priority,Client,Phone,2025-12-09,35.9,Medium,1,0,12,0,50,130
REQ-002464,LOC-03,SVC-01,Urgent,Family Member,Referral,2025-12-10,41.7,Medium,2,0,12,0,50,131
REQ-002466,LOC-09,SVC-04,Routine,Client,Portal,2025-12-10,9.3,Low,2,0,12,0,50,131
REQ-002467,LOC-08,SVC-03,Priority,Case Manager,Case Manager,2025-12-10,67.9,High,2,0,12,0,50,131
REQ-002468,LOC-08,SVC-03,Urgent,Case Manager,Phone,2025-12-10,39.1,Medium,2,0,12,0,50,131
REQ-002471,LOC-08,SVC-04,Routine,Family Member,Portal,2025-12-10,11.2,Low,2,0,12,0,50,131
REQ-002472,LOC-03,SVC-06,Routine,Client,Portal,2025-12-10,28.3,Low,2,0,12,0,50,131
REQ-002473,LOC-08,SVC-03,Routine,Client,Portal,2025-12-10,18.5,Low,2,0,12,0,50,131
REQ-002474,LOC-09,SVC-08,Routine,Case Manager,Portal,2025-12-10,38.5,Medium,2,0,12,0,50,131
REQ-002475,LOC-02,SVC-08,Priority,GP / Clinician,Portal,2025-12-10,42.9,Medium,2,0,12,0,50,131
REQ-002476,LOC-04,SVC-07,Urgent,Case Manager,Referral,2025-12-10,66.9,High,2,0,12,0,50,131
REQ-002477,LOC-09,SVC-03,Priority,Client,Referral,2025-12-10,41.1,Medium,2,0,12,0,50,131
REQ-002478,LOC-10,SVC-02,Routine,Family Member,Referral,2025-12-10,62.5,High,2,0,12,0,50,131
REQ-002479,LOC-06,SVC-02,Priority,Family Member,Phone,2025-12-10,68.5,High,2,0,12,0,50,131
REQ-002480,LOC-07,SVC-06,Emergency,Family Member,Phone,2025-12-10,94.0,Critical,2,0,12,0,50,131
REQ-002481,LOC-02,SVC-01,Priority,Case Manager,Phone,2025-12-10,76.1,Critical,2,0,12,0,50,131
REQ-002482,LOC-07,SVC-03,Routine,Case Manager,Phone,2025-12-11,71.6,High,3,0,12,0,50,132
REQ-002483,LOC-03,SVC-01,Routine,Case Manager,Referral,2025-12-11,92.2,Critical,3,0,12,0,50,132
REQ-002484,LOC-06,SVC-05,Emergency,Client,Referral,2025-12-11,39.9,Medium,3,0,12,0,50,132
REQ-002485,LOC-09,SVC-01,Routine,GP / Clinician,Portal,2025-12-11,39.5,Medium,3,0,12,0,50,132
REQ-002486,LOC-10,SVC-07,Priority,Client,Phone,2025-12-11,20.1,Low,3,0,12,0,50,132
REQ-002487,LOC-04,SVC-01,Routine,Client,Phone,2025-12-11,45.6,Medium,3,0,12,0,50,132
REQ-002488,LOC-04,SVC-03,Routine,Family Member,Phone,2025-12-11,85.1,Critical,3,0,12,0,50,132
REQ-002489,LOC-06,SVC-06,Routine,Client,Portal,2025-12-11,8.2,Low,3,0,12,0,50,132
REQ-002490,LOC-05,SVC-05,Emergency,Client,Phone,2025-12-11,24.9,Medium,3,0,12,0,50,132
REQ-002491,LOC-10,SVC-09,Priority,Case Manager,Case Manager,2025-12-11,41.0,Medium,3,0,12,0,50,132
REQ-002492,LOC-09,SVC-03,Priority,Client,Phone,2025-12-11,20.0,Low,3,0,12,0,50,132
REQ-002493,LOC-06,SVC-07,Routine,Family Member,Portal,2025-12-11,13.1,Low,3,0,12,0,50,132
REQ-002494,LOC-07,SVC-02,Routine,Client,Referral,2025-12-11,44.5,Medium,3,0,12,0,50,132
REQ-002496,LOC-02,SVC-01,Routine,Case Manager,Portal,2025-12-11,34.1,Medium,3,0,12,0,50,132
REQ-002497,LOC-03,SVC-02,Routine,Client,Referral,2025-12-11,33.5,Medium,3,0,12,0,50,132
REQ-002498,LOC-01,SVC-03,Routine,Client,Portal,2025-12-11,16.5,Low,3,0,12,0,50,132
REQ-002500,LOC-08,SVC-03,Urgent,Family Member,Referral,2025-12-11,83.6,Critical,3,0,12,0,50,132
REQ-002501,LOC-06,SVC-05,Routine,Client,Portal,2025-12-11,23.2,Low,3,0,12,0,50,132
REQ-002502,LOC-08,SVC-06,Routine,Client,Phone,2025-12-11,66.5,High,3,0,12,0,50,132
REQ-002503,LOC-08,SVC-02,Priority,Case Manager,Phone,2025-12-11,66.0,High,3,0,12,0,50,132
REQ-002505,LOC-10,SVC-06,Priority,GP / Clinician,Referral,2025-12-12,33.4,Medium,4,0,12,0,50,133
REQ-002506,LOC-10,SVC-01,Urgent,Family Member,Portal,2025-12-12,78.2,Critical,4,0,12,0,50,133
REQ-002507,LOC-04,SVC-07,Routine,Client,Referral,2025-12-12,14.8,Low,4,0,12,0,50,133
REQ-002508,LOC-05,SVC-03,Routine,Client,Phone,2025-12-12,20.7,Low,4,0,12,0,50,133
REQ-002509,LOC-01,SVC-06,Urgent,GP / Clinician,Phone,2025-12-12,63.6,High,4,0,12,0,50,133
REQ-002510,LOC-02,SVC-06,Routine,Client,Portal,2025-12-12,13.9,Low,4,0,12,0,50,133
REQ-002511,LOC-04,SVC-04,Priority,Client,Referral,2025-12-12,22.0,Low,4,0,12,0,50,133
REQ-002512,LOC-09,SVC-08,Emergency,Client,Case Manager,2025-12-12,35.3,Medium,4,0,12,0,50,133
REQ-002514,LOC-02,SVC-01,Priority,Case Manager,Phone,2025-12-12,58.1,High,4,0,12,0,50,133
REQ-002515,LOC-07,SVC-07,Routine,Family Member,Portal,2025-12-12,12.4,Low,4,0,12,0,50,133
REQ-002516,LOC-07,SVC-04,Routine,Client,Portal,2025-12-12,37.8,Medium,4,0,12,0,50,133
REQ-002517,LOC-09,SVC-01,Urgent,Case Manager,Referral,2025-12-12,79.4,Critical,4,0,12,0,50,133
REQ-002519,LOC-01,SVC-02,Urgent,GP / Clinician,Phone,2025-12-12,83.0,Critical,4,0,12,0,50,133
REQ-002521,LOC-07,SVC-09,Routine,Family Member,Referral,2025-12-12,42.6,Medium,4,0,12,0,50,133
REQ-002522,LOC-05,SVC-01,Priority,Family Member,Phone,2025-12-13,41.4,Medium,5,1,12,0,50,134
REQ-002523,LOC-04,SVC-07,Routine,GP / Clinician,Portal,2025-12-13,43.4,Medium,5,1,12,0,50,134
REQ-002525,LOC-02,SVC-06,Priority,Family Member,Phone,2025-12-13,10.0,Low,5,1,12,0,50,134
REQ-002526,LOC-06,SVC-02,Routine,GP / Clinician,Phone,2025-12-13,15.2,Low,5,1,12,0,50,134
REQ-002528,LOC-06,SVC-05,Routine,Client,Portal,2025-12-13,7.7,Low,5,1,12,0,50,134
REQ-002529,LOC-06,SVC-02,Urgent,Case Manager,Referral,2025-12-13,62.6,High,5,1,12,0,50,134
REQ-002530,LOC-07,SVC-01,Routine,Client,Referral,2025-12-13,12.6,Low,5,1,12,0,50,134
REQ-002532,LOC-05,SVC-05,Routine,Case Manager,Phone,2025-12-13,35.0,Medium,5,1,12,0,50,134
REQ-002533,LOC-07,SVC-02,Priority,Family Member,Portal,2025-12-14,35.5,Medium,6,1,12,0,50,135
REQ-002534,LOC-08,SVC-01,Emergency,Client,Case Manager,2025-12-14,80.4,Critical,6,1,12,0,50,135
REQ-002535,LOC-10,SVC-03,Routine,Family Member,Phone,2025-12-14,10.8,Low,6,1,12,0,50,135
REQ-002536,LOC-06,SVC-02,Emergency,Family Member,Referral,2025-12-14,80.9,Critical,6,1,12,0,50,135
REQ-002537,LOC-06,SVC-01,Routine,Family Member,Referral,2025-12-14,26.6,Low,6,1,12,0,50,135
REQ-002538,LOC-10,SVC-07,Urgent,Case Manager,Phone,2025-12-14,38.9,Medium,6,1,12,0,50,135
REQ-002539,LOC-03,SVC-05,Priority,Client,Portal,2025-12-14,18.8,Low,6,1,12,0,50,135
REQ-002540,LOC-06,SVC-07,Priority,Family Member,Phone,2025-12-14,34.4,Medium,6,1,12,0,50,135
REQ-002541,LOC-08,SVC-09,Urgent,GP / Clinician,Case Manager,2025-12-15,99.0,Critical,0,0,12,0,51,136
REQ-002542,LOC-03,SVC-02,Priority,Client,Portal,2025-12-15,18.3,Low,0,0,12,0,51,136
REQ-002543,LOC-01,SVC-01,Priority,Case Manager,Portal,2025-12-15,39.1,Medium,0,0,12,0,51,136
REQ-002544,LOC-09,SVC-03,Priority,Client,Portal,2025-12-15,35.0,Medium,0,0,12,0,51,136
REQ-002545,LOC-09,SVC-05,Urgent,Client,Phone,2025-12-15,59.4,High,0,0,12,0,51,136
REQ-002547,LOC-10,SVC-02,Routine,Family Member,Portal,2025-12-15,11.5,Low,0,0,12,0,51,136
REQ-002548,LOC-05,SVC-03,Routine,Family Member,Referral,2025-12-15,34.0,Medium,0,0,12,0,51,136
REQ-002549,LOC-01,SVC-07,Routine,Client,Referral,2025-12-15,24.0,Low,0,0,12,0,51,136
REQ-002550,LOC-01,SVC-08,Routine,Family Member,Referral,2025-12-15,72.9,High,0,0,12,0,51,136
REQ-002551,LOC-04,SVC-01,Routine,Client,Phone,2025-12-15,15.2,Low,0,0,12,0,51,136
REQ-002552,LOC-06,SVC-01,Urgent,Case Manager,Phone,2025-12-15,65.1,High,0,0,12,0,51,136
REQ-002553,LOC-02,SVC-05,Emergency,Case Manager,Referral,2025-12-15,81.5,Critical,0,0,12,0,51,136
REQ-002554,LOC-09,SVC-01,Routine,GP / Clinician,Phone,2025-12-15,55.4,High,0,0,12,0,51,136
REQ-002555,LOC-03,SVC-01,Routine,Family Member,Referral,2025-12-15,10.2,Low,0,0,12,0,51,136
REQ-002556,LOC-04,SVC-01,Urgent,Case Manager,Phone,2025-12-15,46.4,Medium,0,0,12,0,51,136
REQ-002557,LOC-05,SVC-01,Priority,Case Manager,Phone,2025-12-15,16.4,Low,0,0,12,0,51,136
REQ-002558,LOC-08,SVC-07,Priority,GP / Clinician,Phone,2025-12-15,32.2,Medium,0,0,12,0,51,136
REQ-002559,LOC-09,SVC-04,Routine,Client,Portal,2025-12-15,6.6,Low,0,0,12,0,51,136
REQ-002560,LOC-05,SVC-03,Routine,Client,Phone,2025-12-15,9.7,Low,0,0,12,0,51,136
REQ-002562,LOC-06,SVC-01,Priority,Client,Referral,2025-12-15,39.0,Medium,0,0,12,0,51,136
REQ-002564,LOC-09,SVC-05,Routine,Client,Referral,2025-12-15,66.2,High,0,0,12,0,51,136
REQ-002565,LOC-07,SVC-03,Priority,GP / Clinician,Phone,2025-12-15,62.7,High,0,0,12,0,51,136
REQ-002566,LOC-03,SVC-06,Priority,Client,Portal,2025-12-15,16.2,Low,0,0,12,0,51,136
REQ-002567,LOC-03,SVC-01,Priority,Client,Phone,2025-12-15,43.2,Medium,0,0,12,0,51,136
REQ-002568,LOC-07,SVC-01,Routine,Family Member,Referral,2025-12-15,35.4,Medium,0,0,12,0,51,136
REQ-002569,LOC-03,SVC-02,Urgent,Family Member,Portal,2025-12-15,19.5,Low,0,0,12,0,51,136
REQ-002570,LOC-10,SVC-01,Routine,Family Member,Case Manager,2025-12-15,11.0,Low,0,0,12,0,51,136
REQ-002571,LOC-03,SVC-03,Routine,GP / Clinician,Phone,2025-12-16,38.5,Medium,1,0,12,0,51,137
REQ-002572,LOC-04,SVC-01,Urgent,Family Member,Referral,2025-12-16,86.7,Critical,1,0,12,0,51,137
REQ-002574,LOC-04,SVC-05,Routine,GP / Clinician,Portal,2025-12-16,63.5,High,1,0,12,0,51,137
REQ-002575,LOC-09,SVC-02,Urgent,Case Manager,Phone,2025-12-16,86.0,Critical,1,0,12,0,51,137
REQ-002576,LOC-08,SVC-04,Routine,Case Manager,Phone,2025-12-16,63.3,High,1,0,12,0,51,137
REQ-002577,LOC-09,SVC-02,Emergency,Client,Referral,2025-12-16,40.9,Medium,1,0,12,0,51,137
REQ-002578,LOC-07,SVC-01,Emergency,Client,Portal,2025-12-16,63.6,High,1,0,12,0,51,137
REQ-002579,LOC-03,SVC-02,Urgent,GP / Clinician,Portal,2025-12-16,39.3,Medium,1,0,12,0,51,137
REQ-002580,LOC-07,SVC-03,Priority,Family Member,Phone,2025-12-16,61.3,High,1,0,12,0,51,137
REQ-002581,LOC-04,SVC-01,Priority,Client,Portal,2025-12-16,61.2,High,1,0,12,0,51,137
REQ-002582,LOC-07,SVC-01,Routine,Client,Portal,2025-12-16,36.4,Medium,1,0,12,0,51,137
REQ-002584,LOC-02,SVC-02,Urgent,Client,Phone,2025-12-16,20.1,Low,1,0,12,0,51,137
REQ-002585,LOC-08,SVC-04,Priority,Client,Referral,2025-12-16,40.9,Medium,1,0,12,0,51,137
REQ-002586,LOC-01,SVC-04,Routine,Family Member,Referral,2025-12-16,25.3,Medium,1,0,12,0,51,137
REQ-002588,LOC-03,SVC-03,Routine,Client,Portal,2025-12-16,3.1,Low,1,0,12,0,51,137
REQ-002589,LOC-01,SVC-02,Urgent,Case Manager,Portal,2025-12-17,34.3,Medium,2,0,12,0,51,138
REQ-002590,LOC-08,SVC-05,Priority,Client,Phone,2025-12-17,17.3,Low,2,0,12,0,51,138
REQ-002592,LOC-02,SVC-08,Routine,Client,Phone,2025-12-17,45.7,Medium,2,0,12,0,51,138
REQ-002593,LOC-10,SVC-01,Priority,Case Manager,Phone,2025-12-17,12.4,Low,2,0,12,0,51,138
REQ-002594,LOC-04,SVC-05,Emergency,Family Member,Referral,2025-12-17,87.0,Critical,2,0,12,0,51,138
REQ-002595,LOC-01,SVC-07,Routine,Family Member,Phone,2025-12-17,62.1,High,2,0,12,0,51,138
REQ-002596,LOC-01,SVC-03,Routine,Client,Phone,2025-12-17,14.9,Low,2,0,12,0,51,138
REQ-002597,LOC-02,SVC-09,Priority,Client,Phone,2025-12-17,44.7,Medium,2,0,12,0,51,138
REQ-002598,LOC-01,SVC-02,Priority,Family Member,Case Manager,2025-12-17,41.6,Medium,2,0,12,0,51,138
REQ-002599,LOC-01,SVC-03,Priority,Client,Portal,2025-12-17,30.2,Medium,2,0,12,0,51,138
REQ-002600,LOC-06,SVC-01,Routine,Client,Case Manager,2025-12-17,19.0,Low,2,0,12,0,51,138
REQ-002601,LOC-08,SVC-03,Routine,Client,Phone,2025-12-17,33.0,Medium,2,0,12,0,51,138
REQ-002602,LOC-01,SVC-07,Routine,Client,Phone,2025-12-17,18.5,Low,2,0,12,0,51,138
REQ-002603,LOC-05,SVC-03,Routine,Client,Referral,2025-12-17,35.1,Medium,2,0,12,0,51,138
REQ-002605,LOC-04,SVC-08,Routine,Client,Portal,2025-12-17,38.6,Medium,2,0,12,0,51,138
REQ-002606,LOC-06,SVC-01,Urgent,Family Member,Case Manager,2025-12-17,29.7,Medium,2,0,12,0,51,138
REQ-002607,LOC-06,SVC-07,Priority,Client,Portal,2025-12-17,13.5,Low,2,0,12,0,51,138
REQ-002608,LOC-08,SVC-06,Priority,Client,Referral,2025-12-17,20.7,Low,2,0,12,0,51,138
REQ-002609,LOC-08,SVC-05,Routine,Client,Portal,2025-12-17,26.7,Low,2,0,12,0,51,138
REQ-002610,LOC-01,SVC-05,Routine,Client,Case Manager,2025-12-18,38.2,Medium,3,0,12,0,51,139
REQ-002611,LOC-01,SVC-04,Routine,Case Manager,Phone,2025-12-18,64.2,High,3,0,12,0,51,139
REQ-002612,LOC-04,SVC-02,Priority,Client,Referral,2025-12-18,8.3,Low,3,0,12,0,51,139
REQ-002613,LOC-04,SVC-01,Priority,Client,Portal,2025-12-18,15.9,Low,3,0,12,0,51,139
REQ-002614,LOC-07,SVC-04,Urgent,Case Manager,Phone,2025-12-18,60.3,High,3,0,12,0,51,139
REQ-002615,LOC-06,SVC-05,Routine,Client,Referral,2025-12-18,16.8,Low,3,0,12,0,51,139
REQ-002616,LOC-08,SVC-08,Urgent,Client,Portal,2025-12-18,66.5,High,3,0,12,0,51,139
REQ-002618,LOC-04,SVC-01,Routine,Case Manager,Case Manager,2025-12-18,54.2,High,3,0,12,0,51,139
REQ-002619,LOC-02,SVC-02,Priority,Family Member,Portal,2025-12-18,59.8,High,3,0,12,0,51,139
REQ-002620,LOC-02,SVC-08,Urgent,Case Manager,Portal,2025-12-18,81.6,Critical,3,0,12,0,51,139
REQ-002621,LOC-02,SVC-04,Priority,Family Member,Phone,2025-12-18,82.7,Critical,3,0,12,0,51,139
REQ-002622,LOC-09,SVC-02,Routine,Family Member,Phone,2025-12-18,14.6,Low,3,0,12,0,51,139
REQ-002623,LOC-07,SVC-09,Priority,Family Member,Referral,2025-12-18,61.7,High,3,0,12,0,51,139
REQ-002624,LOC-07,SVC-03,Priority,GP / Clinician,Case Manager,2025-12-18,55.1,High,3,0,12,0,51,139
REQ-002625,LOC-09,SVC-01,Priority,Family Member,Phone,2025-12-18,35.9,Medium,3,0,12,0,51,139
REQ-002626,LOC-08,SVC-07,Emergency,Case Manager,Phone,2025-12-18,85.1,Critical,3,0,12,0,51,139
REQ-002627,LOC-05,SVC-07,Routine,Case Manager,Referral,2025-12-18,71.2,High,3,0,12,0,51,139
REQ-002628,LOC-02,SVC-01,Priority,Family Member,Case Manager,2025-12-18,59.6,High,3,0,12,0,51,139
REQ-002629,LOC-07,SVC-02,Priority,Family Member,Case Manager,2025-12-19,14.7,Low,4,0,12,0,51,140
REQ-002630,LOC-01,SVC-02,Routine,Family Member,Phone,2025-12-19,39.2,Medium,4,0,12,0,51,140
REQ-002631,LOC-08,SVC-01,Routine,Client,Portal,2025-12-19,22.8,Low,4,0,12,0,51,140
REQ-002632,LOC-09,SVC-06,Routine,Client,Phone,2025-12-19,38.4,Medium,4,0,12,0,51,140
REQ-002633,LOC-09,SVC-06,Priority,Client,Phone,2025-12-19,54.4,Medium,4,0,12,0,51,140
REQ-002634,LOC-06,SVC-09,Priority,Case Manager,Phone,2025-12-19,82.7,Critical,4,0,12,0,51,140
REQ-002635,LOC-10,SVC-01,Routine,Family Member,Portal,2025-12-19,18.7,Low,4,0,12,0,51,140
REQ-002637,LOC-05,SVC-04,Priority,Family Member,Referral,2025-12-19,39.8,Medium,4,0,12,0,51,140
REQ-002638,LOC-08,SVC-02,Priority,Family Member,Case Manager,2025-12-19,35.5,Medium,4,0,12,0,51,140
REQ-002639,LOC-03,SVC-01,Routine,Client,Phone,2025-12-19,18.9,Low,4,0,12,0,51,140
REQ-002640,LOC-09,SVC-07,Routine,Client,Referral,2025-12-19,44.3,Medium,4,0,12,0,51,140
REQ-002643,LOC-10,SVC-05,Routine,Family Member,Case Manager,2025-12-19,14.4,Low,4,0,12,0,51,140
REQ-002645,LOC-04,SVC-02,Routine,Case Manager,Portal,2025-12-19,25.2,Low,4,0,12,0,51,140
REQ-002646,LOC-02,SVC-06,Urgent,Client,Case Manager,2025-12-19,19.9,Low,4,0,12,0,51,140
REQ-002647,LOC-04,SVC-06,Priority,Case Manager,Portal,2025-12-20,34.1,Medium,5,1,12,0,51,141
REQ-002648,LOC-03,SVC-07,Routine,Client,Referral,2025-12-20,11.8,Low,5,1,12,0,51,141
REQ-002649,LOC-03,SVC-05,Priority,Family Member,Phone,2025-12-20,24.5,Medium,5,1,12,0,51,141
REQ-002650,LOC-04,SVC-08,Urgent,Client,Case Manager,2025-12-20,41.4,Medium,5,1,12,0,51,141
REQ-002651,LOC-03,SVC-06,Routine,Client,Case Manager,2025-12-20,12.7,Low,5,1,12,0,51,141
REQ-002652,LOC-01,SVC-02,Routine,Client,Portal,2025-12-20,16.4,Low,5,1,12,0,51,141
REQ-002653,LOC-03,SVC-05,Priority,GP / Clinician,Portal,2025-12-20,36.9,Medium,5,1,12,0,51,141
REQ-002654,LOC-02,SVC-01,Priority,Case Manager,Phone,2025-12-20,43.6,Medium,5,1,12,0,51,141
REQ-002655,LOC-03,SVC-07,Routine,Client,Phone,2025-12-20,13.3,Low,5,1,12,0,51,141
REQ-002656,LOC-10,SVC-06,Routine,Case Manager,Portal,2025-12-20,13.0,Low,5,1,12,0,51,141
REQ-002657,LOC-03,SVC-01,Routine,Client,Referral,2025-12-20,34.9,Medium,5,1,12,0,51,141
REQ-002658,LOC-04,SVC-02,Priority,Client,Portal,2025-12-20,12.1,Low,5,1,12,0,51,141
REQ-002659,LOC-05,SVC-05,Emergency,GP / Clinician,Portal,2025-12-20,81.1,Critical,5,1,12,0,51,141
REQ-002660,LOC-04,SVC-05,Routine,Case Manager,Phone,2025-12-20,14.5,Low,5,1,12,0,51,141
REQ-002661,LOC-04,SVC-04,Routine,Family Member,Portal,2025-12-20,11.1,Low,5,1,12,0,51,141
REQ-002662,LOC-08,SVC-04,Priority,Case Manager,Phone,2025-12-20,39.4,Medium,5,1,12,0,51,141
REQ-002664,LOC-01,SVC-07,Urgent,Family Member,Referral,2025-12-21,9.9,Low,6,1,12,0,51,142
REQ-002665,LOC-05,SVC-05,Priority,Family Member,Portal,2025-12-21,17.7,Medium,6,1,12,0,51,142
REQ-002666,LOC-09,SVC-05,Urgent,Family Member,Portal,2025-12-21,39.2,Medium,6,1,12,0,51,142
REQ-002667,LOC-06,SVC-06,Priority,Family Member,Phone,2025-12-21,55.7,High,6,1,12,0,51,142
REQ-002668,LOC-10,SVC-01,Priority,Client,Case Manager,2025-12-21,14.2,Low,6,1,12,0,51,142
REQ-002669,LOC-08,SVC-06,Urgent,Case Manager,Phone,2025-12-21,55.4,High,6,1,12,0,51,142
REQ-002671,LOC-02,SVC-06,Routine,Case Manager,Portal,2025-12-22,13.5,Low,0,0,12,0,52,143
REQ-002672,LOC-01,SVC-02,Priority,Case Manager,Portal,2025-12-22,7.2,Low,0,0,12,0,52,143
REQ-002673,LOC-02,SVC-03,Priority,Case Manager,Phone,2025-12-22,63.2,High,0,0,12,0,52,143
REQ-002674,LOC-02,SVC-04,Routine,Case Manager,Portal,2025-12-22,20.1,Low,0,0,12,0,52,143
REQ-002675,LOC-01,SVC-04,Priority,Case Manager,Referral,2025-12-22,34.7,Medium,0,0,12,0,52,143
REQ-002676,LOC-09,SVC-02,Routine,Client,Portal,2025-12-22,21.5,Low,0,0,12,0,52,143
REQ-002677,LOC-02,SVC-09,Priority,Family Member,Phone,2025-12-22,80.2,Critical,0,0,12,0,52,143
REQ-002678,LOC-02,SVC-01,Priority,Family Member,Referral,2025-12-22,65.5,High,0,0,12,0,52,143
REQ-002679,LOC-05,SVC-06,Urgent,GP / Clinician,Portal,2025-12-22,78.3,Critical,0,0,12,0,52,143
REQ-002680,LOC-01,SVC-01,Routine,Family Member,Portal,2025-12-22,26.2,Low,0,0,12,0,52,143
REQ-002681,LOC-08,SVC-08,Priority,Client,Case Manager,2025-12-22,63.5,High,0,0,12,0,52,143
REQ-002683,LOC-10,SVC-05,Routine,GP / Clinician,Phone,2025-12-22,12.7,Low,0,0,12,0,52,143
REQ-002684,LOC-03,SVC-07,Priority,Case Manager,Portal,2025-12-22,89.8,Critical,0,0,12,0,52,143
REQ-002685,LOC-04,SVC-06,Routine,Client,Portal,2025-12-22,6.1,Low,0,0,12,0,52,143
REQ-002686,LOC-02,SVC-05,Emergency,Family Member,Portal,2025-12-22,10.6,Low,0,0,12,0,52,143
REQ-002687,LOC-09,SVC-07,Urgent,Client,Phone,2025-12-22,24.8,Medium,0,0,12,0,52,143
REQ-002688,LOC-04,SVC-02,Routine,GP / Clinician,Phone,2025-12-22,80.0,Critical,0,0,12,0,52,143
REQ-002689,LOC-02,SVC-02,Priority,GP / Clinician,Portal,2025-12-23,46.3,Medium,1,0,12,0,52,144
REQ-002690,LOC-10,SVC-05,Urgent,Family Member,Phone,2025-12-23,94.6,Critical,1,0,12,0,52,144
REQ-002691,LOC-03,SVC-01,Priority,Family Member,Phone,2025-12-23,45.7,Medium,1,0,12,0,52,144
REQ-002692,LOC-04,SVC-02,Emergency,Client,Referral,2025-12-23,10.6,Low,1,0,12,0,52,144
REQ-002693,LOC-07,SVC-09,Urgent,Family Member,Portal,2025-12-23,15.3,Low,1,0,12,0,52,144
REQ-002694,LOC-01,SVC-02,Urgent,Family Member,Phone,2025-12-23,61.8,High,1,0,12,0,52,144
REQ-002695,LOC-08,SVC-01,Routine,Family Member,Portal,2025-12-23,36.3,Medium,1,0,12,0,52,144
REQ-002696,LOC-01,SVC-05,Priority,Client,Phone,2025-12-23,39.4,Medium,1,0,12,0,52,144
REQ-002697,LOC-03,SVC-07,Urgent,Client,Referral,2025-12-23,39.4,Medium,1,0,12,0,52,144
REQ-002698,LOC-03,SVC-02,Routine,Family Member,Case Manager,2025-12-23,11.0,Low,1,0,12,0,52,144
REQ-002699,LOC-03,SVC-02,Routine,Family Member,Referral,2025-12-23,19.5,Low,1,0,12,0,52,144
REQ-002700,LOC-07,SVC-09,Routine,Client,Phone,2025-12-23,28.7,Low,1,0,12,0,52,144
REQ-002701,LOC-05,SVC-01,Priority,Client,Portal,2025-12-23,6.9,Low,1,0,12,0,52,144
REQ-002702,LOC-02,SVC-03,Priority,GP / Clinician,Referral,2025-12-23,47.7,Medium,1,0,12,0,52,144
REQ-002703,LOC-04,SVC-04,Priority,Client,Phone,2025-12-23,20.9,Low,1,0,12,0,52,144
REQ-002704,LOC-10,SVC-01,Priority,Family Member,Case Manager,2025-12-23,19.0,Low,1,0,12,0,52,144
REQ-002705,LOC-10,SVC-01,Routine,Client,Portal,2025-12-23,17.0,Low,1,0,12,0,52,144
REQ-002706,LOC-07,SVC-09,Routine,Client,Portal,2025-12-23,20.0,Low,1,0,12,0,52,144
REQ-002707,LOC-06,SVC-06,Urgent,Case Manager,Referral,2025-12-23,50.3,High,1,0,12,0,52,144
REQ-002708,LOC-03,SVC-05,Priority,Client,Portal,2025-12-24,38.0,Medium,2,0,12,0,52,145
REQ-002709,LOC-04,SVC-01,Priority,Case Manager,Portal,2025-12-24,44.3,Medium,2,0,12,0,52,145
REQ-002711,LOC-01,SVC-05,Emergency,GP / Clinician,Referral,2025-12-24,76.4,Critical,2,0,12,0,52,145
REQ-002712,LOC-06,SVC-06,Priority,Family Member,Phone,2025-12-24,42.1,Medium,2,0,12,0,52,145
REQ-002713,LOC-05,SVC-02,Routine,Client,Portal,2025-12-24,38.2,Medium,2,0,12,0,52,145
REQ-002714,LOC-05,SVC-04,Routine,Family Member,Phone,2025-12-24,72.5,High,2,0,12,0,52,145
REQ-002716,LOC-03,SVC-03,Routine,Client,Portal,2025-12-24,11.0,Low,2,0,12,0,52,145
REQ-002717,LOC-03,SVC-03,Routine,Case Manager,Phone,2025-12-24,19.3,Low,2,0,12,0,52,145
REQ-002718,LOC-07,SVC-01,Emergency,GP / Clinician,Phone,2025-12-24,66.1,High,2,0,12,0,52,145
REQ-002719,LOC-08,SVC-02,Routine,Client,Portal,2025-12-24,16.2,Low,2,0,12,0,52,145
REQ-002720,LOC-09,SVC-05,Priority,Family Member,Phone,2025-12-24,30.7,Medium,2,0,12,0,52,145
REQ-002721,LOC-10,SVC-01,Routine,Client,Phone,2025-12-24,16.3,Low,2,0,12,0,52,145
REQ-002722,LOC-05,SVC-02,Urgent,Family Member,Referral,2025-12-24,82.4,High,2,0,12,0,52,145
REQ-002723,LOC-05,SVC-07,Emergency,Client,Referral,2025-12-24,63.2,High,2,0,12,0,52,145
REQ-002724,LOC-10,SVC-05,Routine,Client,Phone,2025-12-24,15.2,Low,2,0,12,0,52,145
REQ-002725,LOC-09,SVC-07,Routine,Client,Phone,2025-12-24,45.1,Medium,2,0,12,0,52,145
REQ-002726,LOC-01,SVC-07,Urgent,Family Member,Portal,2025-12-24,35.6,Medium,2,0,12,0,52,145
REQ-002727,LOC-02,SVC-02,Priority,Case Manager,Phone,2025-12-24,94.7,Critical,2,0,12,0,52,145
REQ-002728,LOC-07,SVC-08,Routine,Client,Phone,2025-12-24,23.0,Low,2,0,12,0,52,145
REQ-002729,LOC-08,SVC-06,Urgent,GP / Clinician,Referral,2025-12-24,58.4,High,2,0,12,0,52,145
REQ-002731,LOC-02,SVC-04,Priority,Family Member,Referral,2025-12-25,43.0,Medium,3,0,12,0,52,146
REQ-002732,LOC-03,SVC-02,Routine,Client,Phone,2025-12-25,15.6,Low,3,0,12,0,52,146
REQ-002733,LOC-02,SVC-07,Priority,GP / Clinician,Phone,2025-12-25,85.3,Critical,3,0,12,0,52,146
REQ-002734,LOC-05,SVC-04,Urgent,Family Member,Phone,2025-12-25,60.3,High,3,0,12,0,52,146
REQ-002736,LOC-07,SVC-07,Routine,Family Member,Phone,2025-12-25,37.4,Medium,3,0,12,0,52,146
REQ-002737,LOC-06,SVC-06,Priority,Client,Case Manager,2025-12-25,45.1,Medium,3,0,12,0,52,146
REQ-002738,LOC-04,SVC-05,Urgent,Case Manager,Phone,2025-12-25,26.2,Low,3,0,12,0,52,146
REQ-002739,LOC-03,SVC-01,Routine,Family Member,Case Manager,2025-12-25,18.6,Low,3,0,12,0,52,146
REQ-002740,LOC-03,SVC-05,Routine,Case Manager,Phone,2025-12-25,46.0,Medium,3,0,12,0,52,146
REQ-002741,LOC-07,SVC-01,Emergency,GP / Clinician,Portal,2025-12-25,72.5,High,3,0,12,0,52,146
REQ-002742,LOC-06,SVC-07,Routine,Client,Portal,2025-12-25,21.1,Low,3,0,12,0,52,146
REQ-002743,LOC-06,SVC-05,Priority,Client,Phone,2025-12-25,21.3,Low,3,0,12,0,52,146
REQ-002744,LOC-03,SVC-03,Priority,Family Member,Portal,2025-12-25,4.9,Low,3,0,12,0,52,146
REQ-002745,LOC-08,SVC-04,Urgent,Client,Referral,2025-12-25,41.1,Medium,3,0,12,0,52,146
REQ-002747,LOC-07,SVC-05,Routine,Client,Portal,2025-12-25,19.3,Low,3,0,12,0,52,146
REQ-002748,LOC-03,SVC-03,Routine,Client,Phone,2025-12-25,17.3,Low,3,0,12,0,52,146
REQ-002751,LOC-10,SVC-01,Routine,Case Manager,Phone,2025-12-25,37.3,Medium,3,0,12,0,52,146
REQ-002752,LOC-02,SVC-06,Urgent,Case Manager,Phone,2025-12-25,66.7,High,3,0,12,0,52,146
REQ-002753,LOC-02,SVC-08,Urgent,Case Manager,Phone,2025-12-26,57.6,High,4,0,12,0,52,147
REQ-002754,LOC-01,SVC-04,Routine,Client,Phone,2025-12-26,34.7,Medium,4,0,12,0,52,147
REQ-002756,LOC-10,SVC-01,Routine,Family Member,Portal,2025-12-26,23.9,Low,4,0,12,0,52,147
REQ-002757,LOC-09,SVC-07,Urgent,Family Member,Portal,2025-12-26,28.0,Medium,4,0,12,0,52,147
REQ-002758,LOC-05,SVC-08,Urgent,GP / Clinician,Case Manager,2025-12-26,66.4,High,4,0,12,0,52,147
REQ-002759,LOC-04,SVC-04,Priority,Case Manager,Portal,2025-12-26,44.8,Medium,4,0,12,0,52,147
REQ-002761,LOC-07,SVC-02,Routine,Client,Portal,2025-12-26,10.0,Low,4,0,12,0,52,147
REQ-002762,LOC-08,SVC-06,Emergency,Family Member,Portal,2025-12-26,62.8,High,4,0,12,0,52,147
REQ-002763,LOC-08,SVC-07,Routine,Client,Phone,2025-12-26,11.2,Low,4,0,12,0,52,147
REQ-002764,LOC-02,SVC-07,Urgent,GP / Clinician,Referral,2025-12-26,85.3,Critical,4,0,12,0,52,147
REQ-002765,LOC-01,SVC-07,Routine,Case Manager,Referral,2025-12-26,43.7,Medium,4,0,12,0,52,147
REQ-002767,LOC-04,SVC-09,Priority,Case Manager,Phone,2025-12-26,71.2,High,4,0,12,0,52,147
REQ-002769,LOC-10,SVC-01,Routine,Family Member,Portal,2025-12-26,35.8,Medium,4,0,12,0,52,147
REQ-002770,LOC-06,SVC-09,Routine,Client,Case Manager,2025-12-26,4.4,Low,4,0,12,0,52,147
REQ-002771,LOC-02,SVC-08,Priority,Family Member,Phone,2025-12-26,77.1,Critical,4,0,12,0,52,147
REQ-002772,LOC-07,SVC-07,Routine,Client,Portal,2025-12-26,19.6,Low,4,0,12,0,52,147
REQ-002773,LOC-10,SVC-03,Urgent,Case Manager,Phone,2025-12-26,41.8,Medium,4,0,12,0,52,147
REQ-002774,LOC-10,SVC-06,Priority,Family Member,Referral,2025-12-26,66.6,High,4,0,12,0,52,147
REQ-002775,LOC-06,SVC-06,Routine,Client,Portal,2025-12-27,25.8,Medium,5,1,12,0,52,148
REQ-002777,LOC-02,SVC-05,Urgent,GP / Clinician,Phone,2025-12-27,45.7,High,5,1,12,0,52,148
REQ-002778,LOC-03,SVC-01,Routine,Family Member,Phone,2025-12-27,12.9,Low,5,1,12,0,52,148
REQ-002779,LOC-01,SVC-09,Routine,GP / Clinician,Portal,2025-12-27,19.7,Low,5,1,12,0,52,148
REQ-002780,LOC-01,SVC-05,Routine,Case Manager,Portal,2025-12-27,50.8,Medium,5,1,12,0,52,148
REQ-002781,LOC-08,SVC-07,Urgent,Client,Referral,2025-12-27,49.8,High,5,1,12,0,52,148
REQ-002782,LOC-06,SVC-01,Routine,Client,Portal,2025-12-27,10.3,Low,5,1,12,0,52,148
REQ-002783,LOC-09,SVC-03,Urgent,Family Member,Portal,2025-12-27,44.7,Medium,5,1,12,0,52,148
REQ-002784,LOC-04,SVC-01,Urgent,Client,Phone,2025-12-27,70.4,High,5,1,12,0,52,148
REQ-002785,LOC-05,SVC-01,Urgent,Case Manager,Phone,2025-12-27,90.9,Critical,5,1,12,0,52,148
REQ-002786,LOC-08,SVC-06,Urgent,Client,Referral,2025-12-27,64.5,High,5,1,12,0,52,148
REQ-002787,LOC-01,SVC-01,Priority,Case Manager,Phone,2025-12-28,33.4,Medium,6,1,12,0,52,149
REQ-002788,LOC-05,SVC-08,Priority,Case Manager,Case Manager,2025-12-28,63.2,High,6,1,12,0,52,149
REQ-002789,LOC-01,SVC-06,Priority,Family Member,Case Manager,2025-12-28,63.2,High,6,1,12,0,52,149
REQ-002790,LOC-09,SVC-01,Routine,Family Member,Portal,2025-12-28,11.1,Low,6,1,12,0,52,149
REQ-002791,LOC-08,SVC-03,Priority,Case Manager,Phone,2025-12-28,41.8,Medium,6,1,12,0,52,149
REQ-002793,LOC-08,SVC-05,Routine,Client,Phone,2025-12-28,5.7,Low,6,1,12,0,52,149
REQ-002794,LOC-10,SVC-01,Routine,Client,Phone,2025-12-28,70.3,High,6,1,12,0,52,149
REQ-002795,LOC-03,SVC-02,Priority,Family Member,Phone,2025-12-28,38.8,Medium,6,1,12,0,52,149
REQ-002796,LOC-08,SVC-02,Priority,Client,Portal,2025-12-28,32.6,Medium,6,1,12,0,52,149
REQ-002797,LOC-07,SVC-06,Routine,Client,Phone,2025-12-28,17.4,Low,6,1,12,0,52,149
REQ-002798,LOC-04,SVC-04,Urgent,Case Manager,Case Manager,2025-12-28,56.6,High,6,1,12,0,52,149
REQ-002799,LOC-05,SVC-06,Urgent,Case Manager,Phone,2025-12-29,37.9,Medium,0,0,12,0,1,150
REQ-002800,LOC-04,SVC-01,Priority,Client,Phone,2025-12-29,39.3,Medium,0,0,12,0,1,150
REQ-002801,LOC-01,SVC-01,Priority,Client,Portal,2025-12-29,65.6,High,0,0,12,0,1,150
REQ-002802,LOC-10,SVC-06,Priority,Family Member,Phone,2025-12-29,89.3,Critical,0,0,12,0,1,150
REQ-002803,LOC-10,SVC-01,Urgent,Family Member,Phone,2025-12-29,60.0,High,0,0,12,0,1,150
REQ-002805,LOC-09,SVC-03,Routine,Family Member,Portal,2025-12-29,36.4,Medium,0,0,12,0,1,150
REQ-002806,LOC-04,SVC-05,Routine,Client,Portal,2025-12-29,10.3,Low,0,0,12,0,1,150
REQ-002807,LOC-01,SVC-05,Routine,Client,Portal,2025-12-29,34.5,Medium,0,0,12,0,1,150
REQ-002809,LOC-10,SVC-09,Emergency,Family Member,Portal,2025-12-29,59.2,High,0,0,12,0,1,150
REQ-002811,LOC-03,SVC-09,Routine,Client,Portal,2025-12-29,10.3,Low,0,0,12,0,1,150
REQ-002812,LOC-06,SVC-05,Priority,Case Manager,Portal,2025-12-29,61.0,High,0,0,12,0,1,150
REQ-002813,LOC-04,SVC-03,Urgent,Case Manager,Portal,2025-12-29,79.0,Critical,0,0,12,0,1,150
REQ-002814,LOC-02,SVC-06,Priority,Family Member,Case Manager,2025-12-29,46.4,Medium,0,0,12,0,1,150
REQ-002815,LOC-10,SVC-08,Routine,Case Manager,Case Manager,2025-12-29,24.5,Low,0,0,12,0,1,150
REQ-002817,LOC-07,SVC-06,Routine,Client,Referral,2025-12-29,36.1,Medium,0,0,12,0,1,150
REQ-002819,LOC-08,SVC-05,Priority,GP / Clinician,Phone,2025-12-30,22.2,Low,1,0,12,0,1,151
REQ-002820,LOC-03,SVC-05,Emergency,GP / Clinician,Phone,2025-12-30,91.1,Critical,1,0,12,0,1,151
REQ-002821,LOC-06,SVC-08,Priority,Client,Case Manager,2025-12-30,7.6,Low,1,0,12,0,1,151
REQ-002823,LOC-07,SVC-02,Routine,GP / Clinician,Phone,2025-12-30,77.8,High,1,0,12,0,1,151
REQ-002824,LOC-04,SVC-09,Routine,Client,Portal,2025-12-30,21.8,Low,1,0,12,0,1,151
REQ-002825,LOC-02,SVC-05,Routine,Client,Phone,2025-12-30,6.8,Low,1,0,12,0,1,151
REQ-002826,LOC-09,SVC-02,Routine,GP / Clinician,Portal,2025-12-30,41.4,Medium,1,0,12,0,1,151
REQ-002827,LOC-02,SVC-04,Priority,Family Member,Phone,2025-12-30,86.1,Critical,1,0,12,0,1,151
REQ-002828,LOC-08,SVC-04,Routine,Family Member,Phone,2025-12-30,4.6,Low,1,0,12,0,1,151
REQ-002829,LOC-06,SVC-02,Urgent,Case Manager,Phone,2025-12-30,46.9,High,1,0,12,0,1,151
REQ-002830,LOC-02,SVC-03,Emergency,Case Manager,Referral,2025-12-30,92.8,Critical,1,0,12,0,1,151
REQ-002831,LOC-10,SVC-04,Routine,Case Manager,Referral,2025-12-30,88.9,Critical,1,0,12,0,1,151
REQ-002832,LOC-01,SVC-09,Routine,Case Manager,Portal,2025-12-30,12.7,Low,1,0,12,0,1,151
REQ-002834,LOC-09,SVC-07,Emergency,Case Manager,Referral,2025-12-30,84.1,Critical,1,0,12,0,1,151
REQ-002835,LOC-09,SVC-05,Routine,Client,Referral,2025-12-30,62.0,High,1,0,12,0,1,151
REQ-002836,LOC-06,SVC-04,Routine,Client,Portal,2025-12-30,43.9,Medium,1,0,12,0,1,151
REQ-002837,LOC-08,SVC-01,Urgent,Family Member,Phone,2025-12-30,84.7,Critical,1,0,12,0,1,151
REQ-002838,LOC-10,SVC-01,Priority,Client,Phone,2025-12-30,79.5,High,1,0,12,0,1,151
REQ-002839,LOC-07,SVC-01,Routine,Client,Case Manager,2025-12-30,39.6,Medium,1,0,12,0,1,151
REQ-002840,LOC-03,SVC-05,Routine,GP / Clinician,Referral,2025-12-30,48.5,Medium,1,0,12,0,1,151
REQ-002841,LOC-02,SVC-03,Urgent,Case Manager,Phone,2025-12-30,87.3,Critical,1,0,12,0,1,151
REQ-002842,LOC-06,SVC-05,Routine,Client,Phone,2025-12-30,13.5,Low,1,0,12,0,1,151
REQ-002843,LOC-07,SVC-05,Urgent,Family Member,Referral,2025-12-30,18.1,Low,1,0,12,0,1,151
REQ-002844,LOC-04,SVC-01,Priority,Family Member,Case Manager,2025-12-30,13.0,Low,1,0,12,0,1,151
REQ-002845,LOC-02,SVC-01,Routine,Client,Case Manager,2025-12-30,17.4,Low,1,0,12,0,1,151
REQ-002846,LOC-07,SVC-04,Routine,Client,Portal,2025-12-30,5.0,Low,1,0,12,0,1,151
REQ-002847,LOC-06,SVC-06,Routine,Case Manager,Phone,2025-12-31,48.2,Medium,2,0,12,0,1,152
REQ-002848,LOC-05,SVC-02,Routine,Case Manager,Phone,2025-12-31,61.5,High,2,0,12,0,1,152
REQ-002849,LOC-06,SVC-02,Priority,Family Member,Phone,2025-12-31,42.0,Medium,2,0,12,0,1,152
REQ-002850,LOC-10,SVC-03,Routine,Family Member,Portal,2025-12-31,26.9,Medium,2,0,12,0,1,152
REQ-002851,LOC-04,SVC-04,Urgent,Family Member,Phone,2025-12-31,64.5,High,2,0,12,0,1,152
REQ-002852,LOC-10,SVC-02,Routine,Client,Phone,2025-12-31,24.5,Low,2,0,12,0,1,152
REQ-002853,LOC-06,SVC-05,Routine,Client,Portal,2025-12-31,19.3,Low,2,0,12,0,1,152
REQ-002854,LOC-07,SVC-07,Routine,Client,Portal,2025-12-31,25.1,Medium,2,0,12,0,1,152
REQ-002855,LOC-01,SVC-03,Routine,Family Member,Referral,2025-12-31,33.9,Medium,2,0,12,0,1,152
REQ-002856,LOC-05,SVC-05,Routine,Client,Case Manager,2025-12-31,46.2,Medium,2,0,12,0,1,152
REQ-002857,LOC-10,SVC-03,Priority,Client,Referral,2025-12-31,66.7,High,2,0,12,0,1,152
REQ-002858,LOC-08,SVC-02,Emergency,GP / Clinician,Phone,2025-12-31,35.6,Medium,2,0,12,0,1,152
REQ-002859,LOC-05,SVC-03,Urgent,Client,Referral,2025-12-31,36.9,Medium,2,0,12,0,1,152
REQ-002861,LOC-01,SVC-01,Routine,Client,Phone,2025-12-31,5.9,Low,2,0,12,0,1,152
REQ-002862,LOC-01,SVC-07,Routine,Case Manager,Phone,2025-12-31,42.5,Medium,2,0,12,0,1,152
REQ-002863,LOC-07,SVC-03,Routine,Family Member,Phone,2025-12-31,21.5,Low,2,0,12,0,1,152
REQ-002864,LOC-06,SVC-07,Routine,Case Manager,Portal,2025-12-31,33.0,Medium,2,0,12,0,1,152
REQ-002865,LOC-10,SVC-03,Priority,GP / Clinician,Phone,2025-12-31,55.7,High,2,0,12,0,1,152
REQ-002866,LOC-07,SVC-01,Routine,Client,Case Manager,2025-12-31,12.1,Low,2,0,12,0,1,152
REQ-002868,LOC-05,SVC-04,Emergency,Case Manager,Phone,2025-12-31,47.0,High,2,0,12,0,1,152
REQ-002869,LOC-09,SVC-05,Priority,Client,Portal,2025-12-31,39.6,Medium,2,0,12,0,1,152
REQ-002870,LOC-05,SVC-07,Routine,GP / Clinician,Phone,2026-01-01,40.5,Medium,3,0,1,0,1,153
REQ-002871,LOC-01,SVC-05,Urgent,Family Member,Phone,2026-01-01,42.4,Medium,3,0,1,0,1,153
REQ-002872,LOC-06,SVC-07,Routine,Family Member,Phone,2026-01-01,13.0,Low,3,0,1,0,1,153
REQ-002873,LOC-02,SVC-09,Priority,Client,Phone,2026-01-01,58.2,High,3,0,1,0,1,153
REQ-002874,LOC-09,SVC-07,Routine,Client,Referral,2026-01-01,15.1,Low,3,0,1,0,1,153
REQ-002875,LOC-05,SVC-08,Routine,Client,Case Manager,2026-01-01,27.2,Medium,3,0,1,0,1,153
REQ-002876,LOC-02,SVC-09,Routine,Case Manager,Phone,2026-01-01,15.8,Low,3,0,1,0,1,153
REQ-002877,LOC-04,SVC-07,Urgent,Client,Portal,2026-01-01,30.1,Medium,3,0,1,0,1,153
REQ-002878,LOC-01,SVC-02,Priority,Case Manager,Portal,2026-01-01,39.0,Medium,3,0,1,0,1,153
REQ-002879,LOC-07,SVC-09,Routine,Family Member,Referral,2026-01-01,19.7,Low,3,0,1,0,1,153
REQ-002880,LOC-03,SVC-06,Urgent,Case Manager,Phone,2026-01-01,37.5,Medium,3,0,1,0,1,153
REQ-002881,LOC-03,SVC-05,Routine,Client,Referral,2026-01-01,36.0,Medium,3,0,1,0,1,153
REQ-002882,LOC-06,SVC-09,Routine,Family Member,Phone,2026-01-01,9.2,Low,3,0,1,0,1,153
REQ-002883,LOC-01,SVC-03,Routine,Case Manager,Referral,2026-01-01,24.2,Low,3,0,1,0,1,153
REQ-002884,LOC-03,SVC-03,Priority,Family Member,Portal,2026-01-01,21.5,Low,3,0,1,0,1,153
REQ-002885,LOC-09,SVC-07,Priority,Client,Phone,2026-01-01,18.1,Low,3,0,1,0,1,153
REQ-002886,LOC-02,SVC-01,Urgent,Family Member,Portal,2026-01-01,14.8,Low,3,0,1,0,1,153
REQ-002887,LOC-10,SVC-06,Priority,Case Manager,Case Manager,2026-01-01,87.9,Critical,3,0,1,0,1,153
REQ-002888,LOC-07,SVC-02,Priority,Family Member,Portal,2026-01-02,7.1,Low,4,0,1,0,1,154
REQ-002889,LOC-09,SVC-05,Routine,Client,Portal,2026-01-02,64.7,High,4,0,1,0,1,154
REQ-002891,LOC-09,SVC-02,Priority,Client,Portal,2026-01-02,19.6,Low,4,0,1,0,1,154
REQ-002892,LOC-05,SVC-05,Routine,Case Manager,Portal,2026-01-02,43.1,Medium,4,0,1,0,1,154
REQ-002893,LOC-08,SVC-04,Emergency,Family Member,Phone,2026-01-02,40.4,Medium,4,0,1,0,1,154
REQ-002895,LOC-03,SVC-02,Routine,Client,Portal,2026-01-02,17.2,Low,4,0,1,0,1,154
REQ-002896,LOC-10,SVC-05,Priority,Client,Portal,2026-01-02,21.7,Low,4,0,1,0,1,154
REQ-002897,LOC-02,SVC-02,Routine,Client,Phone,2026-01-02,12.4,Low,4,0,1,0,1,154
REQ-002898,LOC-05,SVC-04,Routine,Family Member,Phone,2026-01-02,60.0,High,4,0,1,0,1,154
REQ-002899,LOC-06,SVC-07,Urgent,Case Manager,Phone,2026-01-02,18.6,Low,4,0,1,0,1,154
REQ-002900,LOC-05,SVC-02,Routine,Case Manager,Case Manager,2026-01-02,39.8,Medium,4,0,1,0,1,154
REQ-002901,LOC-08,SVC-06,Routine,Client,Case Manager,2026-01-02,37.0,Medium,4,0,1,0,1,154
REQ-002902,LOC-06,SVC-02,Routine,Family Member,Referral,2026-01-02,21.5,Low,4,0,1,0,1,154
REQ-002903,LOC-08,SVC-05,Priority,Case Manager,Referral,2026-01-02,22.8,Low,4,0,1,0,1,154
REQ-002904,LOC-03,SVC-07,Priority,Client,Portal,2026-01-02,36.1,Medium,4,0,1,0,1,154
REQ-002905,LOC-08,SVC-03,Routine,Client,Portal,2026-01-02,20.2,Low,4,0,1,0,1,154
REQ-002906,LOC-10,SVC-05,Routine,Client,Phone,2026-01-02,8.0,Low,4,0,1,0,1,154
REQ-002907,LOC-06,SVC-09,Routine,Client,Portal,2026-01-02,15.5,Low,4,0,1,0,1,154
REQ-002908,LOC-10,SVC-04,Urgent,Case Manager,Phone,2026-01-02,83.6,Critical,4,0,1,0,1,154
REQ-002909,LOC-04,SVC-02,Urgent,Client,Phone,2026-01-02,36.5,Medium,4,0,1,0,1,154
REQ-002910,LOC-03,SVC-06,Priority,Family Member,Phone,2026-01-02,36.0,Medium,4,0,1,0,1,154
REQ-002911,LOC-05,SVC-03,Priority,Case Manager,Referral,2026-01-02,60.6,High,4,0,1,0,1,154
REQ-002912,LOC-07,SVC-01,Priority,Client,Referral,2026-01-03,40.7,Medium,5,1,1,0,1,155
REQ-002914,LOC-04,SVC-03,Routine,Client,Portal,2026-01-03,11.4,Low,5,1,1,0,1,155
REQ-002915,LOC-07,SVC-04,Urgent,GP / Clinician,Phone,2026-01-03,68.8,High,5,1,1,0,1,155
REQ-002917,LOC-06,SVC-01,Routine,Family Member,Phone,2026-01-03,71.1,High,5,1,1,0,1,155
REQ-002918,LOC-08,SVC-05,Routine,Client,Phone,2026-01-03,12.1,Low,5,1,1,0,1,155
REQ-002920,LOC-10,SVC-02,Routine,Client,Phone,2026-01-03,20.6,Low,5,1,1,0,1,155
REQ-002921,LOC-06,SVC-04,Routine,Client,Portal,2026-01-03,8.5,Low,5,1,1,0,1,155
REQ-002922,LOC-05,SVC-07,Urgent,Family Member,Referral,2026-01-03,59.8,High,5,1,1,0,1,155
REQ-002924,LOC-07,SVC-01,Routine,Client,Phone,2026-01-04,55.6,High,6,1,1,0,1,156
REQ-002925,LOC-03,SVC-05,Emergency,Client,Referral,2026-01-04,89.4,Critical,6,1,1,0,1,156
REQ-002927,LOC-02,SVC-05,Urgent,Family Member,Case Manager,2026-01-04,43.5,Medium,6,1,1,0,1,156
REQ-002928,LOC-10,SVC-06,Routine,Family Member,Phone,2026-01-05,11.6,Low,0,0,1,0,2,157
REQ-002929,LOC-04,SVC-05,Routine,Client,Phone,2026-01-05,32.2,Medium,0,0,1,0,2,157
REQ-002930,LOC-07,SVC-05,Urgent,Family Member,Portal,2026-01-05,37.3,Medium,0,0,1,0,2,157
REQ-002931,LOC-10,SVC-03,Routine,Client,Phone,2026-01-05,13.2,Low,0,0,1,0,2,157
REQ-002932,LOC-07,SVC-06,Priority,GP / Clinician,Referral,2026-01-05,99.0,Critical,0,0,1,0,2,157
REQ-002933,LOC-05,SVC-01,Routine,Family Member,Portal,2026-01-05,18.6,Low,0,0,1,0,2,157
REQ-002934,LOC-06,SVC-01,Routine,Case Manager,Portal,2026-01-05,61.9,High,0,0,1,0,2,157
REQ-002935,LOC-06,SVC-07,Routine,Client,Portal,2026-01-05,15.1,Low,0,0,1,0,2,157
REQ-002936,LOC-03,SVC-01,Routine,Client,Portal,2026-01-05,12.6,Low,0,0,1,0,2,157
REQ-002937,LOC-03,SVC-01,Urgent,Family Member,Portal,2026-01-05,43.0,Medium,0,0,1,0,2,157
REQ-002939,LOC-07,SVC-01,Routine,Family Member,Portal,2026-01-05,15.8,Low,0,0,1,0,2,157
REQ-002940,LOC-07,SVC-01,Routine,Family Member,Phone,2026-01-05,5.2,Low,0,0,1,0,2,157
REQ-002941,LOC-07,SVC-01,Routine,Case Manager,Referral,2026-01-05,19.2,Low,0,0,1,0,2,157
REQ-002943,LOC-02,SVC-01,Urgent,Case Manager,Referral,2026-01-05,80.6,Critical,0,0,1,0,2,157
REQ-002944,LOC-10,SVC-07,Urgent,Client,Portal,2026-01-05,25.6,Low,0,0,1,0,2,157
REQ-002946,LOC-01,SVC-02,Priority,Client,Portal,2026-01-05,1.0,Low,0,0,1,0,2,157
REQ-002947,LOC-05,SVC-03,Priority,Client,Referral,2026-01-05,29.9,Medium,0,0,1,0,2,157
REQ-002948,LOC-09,SVC-04,Urgent,GP / Clinician,Phone,2026-01-05,83.3,Critical,0,0,1,0,2,157
REQ-002949,LOC-08,SVC-03,Routine,Family Member,Portal,2026-01-05,44.5,Medium,0,0,1,0,2,157
REQ-002952,LOC-01,SVC-01,Urgent,Case Manager,Phone,2026-01-05,83.1,High,0,0,1,0,2,157
REQ-002953,LOC-02,SVC-06,Routine,Case Manager,Referral,2026-01-06,39.2,Medium,1,0,1,0,2,158
REQ-002954,LOC-05,SVC-02,Priority,Case Manager,Phone,2026-01-06,64.6,High,1,0,1,0,2,158
REQ-002955,LOC-02,SVC-01,Routine,GP / Clinician,Portal,2026-01-06,85.2,Critical,1,0,1,0,2,158
REQ-002956,LOC-07,SVC-02,Urgent,Case Manager,Phone,2026-01-06,84.9,Critical,1,0,1,0,2,158
REQ-002957,LOC-08,SVC-03,Priority,Client,Case Manager,2026-01-06,10.0,Low,1,0,1,0,2,158
REQ-002959,LOC-07,SVC-01,Routine,Client,Phone,2026-01-06,8.8,Low,1,0,1,0,2,158
REQ-002960,LOC-06,SVC-03,Routine,Family Member,Portal,2026-01-06,16.9,Low,1,0,1,0,2,158
REQ-002961,LOC-08,SVC-06,Priority,Client,Referral,2026-01-06,34.7,Medium,1,0,1,0,2,158
REQ-002962,LOC-08,SVC-01,Routine,GP / Clinician,Phone,2026-01-06,65.7,High,1,0,1,0,2,158
REQ-002963,LOC-07,SVC-01,Priority,Case Manager,Referral,2026-01-06,40.4,Medium,1,0,1,0,2,158
REQ-002964,LOC-09,SVC-06,Routine,Case Manager,Phone,2026-01-06,6.8,Low,1,0,1,0,2,158
REQ-002965,LOC-08,SVC-09,Routine,Client,Phone,2026-01-06,11.3,Low,1,0,1,0,2,158
REQ-002966,LOC-07,SVC-01,Routine,Client,Case Manager,2026-01-06,35.9,Medium,1,0,1,0,2,158
REQ-002968,LOC-06,SVC-05,Priority,GP / Clinician,Phone,2026-01-06,56.8,High,1,0,1,0,2,158
REQ-002969,LOC-01,SVC-05,Routine,Family Member,Portal,2026-01-06,37.1,Medium,1,0,1,0,2,158
REQ-002970,LOC-05,SVC-04,Urgent,Client,Portal,2026-01-06,18.5,Medium,1,0,1,0,2,158
REQ-002971,LOC-03,SVC-09,Routine,Family Member,Referral,2026-01-06,12.6,Low,1,0,1,0,2,158
REQ-002973,LOC-02,SVC-03,Urgent,GP / Clinician,Phone,2026-01-07,83.0,Critical,2,0,1,0,2,159
REQ-002974,LOC-02,SVC-01,Routine,Case Manager,Phone,2026-01-07,36.8,Medium,2,0,1,0,2,159
REQ-002975,LOC-07,SVC-08,Priority,Client,Phone,2026-01-07,27.6,Medium,2,0,1,0,2,159
REQ-002976,LOC-08,SVC-01,Emergency,Client,Referral,2026-01-07,43.6,Medium,2,0,1,0,2,159
REQ-002977,LOC-08,SVC-01,Routine,Client,Case Manager,2026-01-07,41.1,Medium,2,0,1,0,2,159
REQ-002978,LOC-03,SVC-05,Routine,Case Manager,Portal,2026-01-07,37.6,Medium,2,0,1,0,2,159
REQ-002979,LOC-07,SVC-07,Urgent,GP / Clinician,Portal,2026-01-07,41.9,Medium,2,0,1,0,2,159
REQ-002980,LOC-09,SVC-02,Routine,Family Member,Phone,2026-01-07,60.9,High,2,0,1,0,2,159
REQ-002981,LOC-04,SVC-05,Urgent,Client,Phone,2026-01-07,13.9,Low,2,0,1,0,2,159
REQ-002982,LOC-10,SVC-05,Routine,Family Member,Phone,2026-01-07,17.0,Low,2,0,1,0,2,159
REQ-002983,LOC-04,SVC-03,Priority,Client,Phone,2026-01-07,64.1,High,2,0,1,0,2,159
REQ-002984,LOC-08,SVC-05,Routine,Case Manager,Portal,2026-01-07,18.1,Low,2,0,1,0,2,159
REQ-002985,LOC-03,SVC-02,Priority,Client,Referral,2026-01-07,40.8,Medium,2,0,1,0,2,159
REQ-002987,LOC-03,SVC-02,Routine,Family Member,Portal,2026-01-07,18.6,Low,2,0,1,0,2,159
REQ-002988,LOC-08,SVC-09,Urgent,GP / Clinician,Portal,2026-01-07,38.0,Medium,2,0,1,0,2,159
REQ-002989,LOC-08,SVC-09,Urgent,Case Manager,Portal,2026-01-07,41.0,Medium,2,0,1,0,2,159
REQ-002990,LOC-09,SVC-06,Routine,Case Manager,Referral,2026-01-07,63.2,High,2,0,1,0,2,159
REQ-002991,LOC-02,SVC-02,Routine,Family Member,Phone,2026-01-08,54.2,High,3,0,1,0,2,160
REQ-002992,LOC-08,SVC-04,Routine,Client,Portal,2026-01-08,5.3,Low,3,0,1,0,2,160
REQ-002993,LOC-07,SVC-01,Routine,Family Member,Referral,2026-01-08,44.7,Medium,3,0,1,0,2,160
REQ-002994,LOC-08,SVC-03,Routine,Client,Referral,2026-01-08,10.8,Low,3,0,1,0,2,160
REQ-002995,LOC-08,SVC-08,Priority,Client,Referral,2026-01-08,46.1,Medium,3,0,1,0,2,160
REQ-002996,LOC-06,SVC-03,Priority,Family Member,Phone,2026-01-08,43.3,Medium,3,0,1,0,2,160
REQ-002997,LOC-03,SVC-02,Routine,Family Member,Referral,2026-01-08,26.5,Medium,3,0,1,0,2,160
REQ-002998,LOC-01,SVC-06,Routine,Case Manager,Phone,2026-01-08,69.9,High,3,0,1,0,2,160
REQ-002999,LOC-07,SVC-01,Priority,Client,Portal,2026-01-08,8.6,Low,3,0,1,0,2,160
REQ-003000,LOC-09,SVC-06,Priority,Client,Case Manager,2026-01-08,74.7,High,3,0,1,0,2,160
REQ-003001,LOC-03,SVC-05,Routine,Family Member,Portal,2026-01-08,10.6,Low,3,0,1,0,2,160
REQ-003003,LOC-03,SVC-04,Routine,Client,Portal,2026-01-08,9.8,Low,3,0,1,0,2,160
REQ-003004,LOC-06,SVC-06,Routine,Family Member,Portal,2026-01-08,40.7,Medium,3,0,1,0,2,160
REQ-003005,LOC-06,SVC-01,Urgent,Case Manager,Phone,2026-01-08,74.1,Critical,3,0,1,0,2,160
REQ-003006,LOC-03,SVC-08,Urgent,Client,Phone,2026-01-08,79.0,High,3,0,1,0,2,160
REQ-003007,LOC-02,SVC-09,Routine,Case Manager,Case Manager,2026-01-08,57.4,High,3,0,1,0,2,160
REQ-003008,LOC-07,SVC-09,Routine,Case Manager,Portal,2026-01-08,31.9,Medium,3,0,1,0,2,160
REQ-003009,LOC-03,SVC-01,Priority,Client,Phone,2026-01-08,41.5,Medium,3,0,1,0,2,160
REQ-003010,LOC-03,SVC-05,Routine,Client,Phone,2026-01-08,20.9,Low,3,0,1,0,2,160
REQ-003011,LOC-05,SVC-02,Priority,Client,Case Manager,2026-01-08,14.6,Low,3,0,1,0,2,160
REQ-003012,LOC-06,SVC-04,Routine,Client,Portal,2026-01-08,6.1,Low,3,0,1,0,2,160
REQ-003013,LOC-03,SVC-03,Urgent,Case Manager,Phone,2026-01-08,82.6,Critical,3,0,1,0,2,160
REQ-003014,LOC-01,SVC-05,Emergency,Client,Phone,2026-01-08,65.7,High,3,0,1,0,2,160
REQ-003015,LOC-09,SVC-01,Priority,Case Manager,Phone,2026-01-08,34.4,Medium,3,0,1,0,2,160
REQ-003016,LOC-05,SVC-05,Routine,Family Member,Phone,2026-01-08,64.2,High,3,0,1,0,2,160
REQ-003017,LOC-04,SVC-05,Urgent,Case Manager,Phone,2026-01-08,70.5,High,3,0,1,0,2,160
REQ-003018,LOC-02,SVC-02,Priority,Case Manager,Phone,2026-01-09,30.9,Medium,4,0,1,0,2,161
REQ-003019,LOC-09,SVC-06,Priority,Case Manager,Phone,2026-01-09,38.7,Medium,4,0,1,0,2,161
REQ-003020,LOC-06,SVC-02,Routine,GP / Clinician,Phone,2026-01-09,10.4,Low,4,0,1,0,2,161
REQ-003021,LOC-02,SVC-04,Priority,Family Member,Referral,2026-01-09,65.3,High,4,0,1,0,2,161
REQ-003022,LOC-06,SVC-07,Urgent,Client,Case Manager,2026-01-09,28.7,Medium,4,0,1,0,2,161
REQ-003024,LOC-07,SVC-02,Routine,Case Manager,Portal,2026-01-09,37.2,Medium,4,0,1,0,2,161
REQ-003025,LOC-09,SVC-07,Routine,Client,Case Manager,2026-01-09,32.2,Medium,4,0,1,0,2,161
REQ-003026,LOC-02,SVC-01,Routine,Client,Case Manager,2026-01-09,30.7,Medium,4,0,1,0,2,161
REQ-003027,LOC-06,SVC-06,Urgent,Family Member,Portal,2026-01-09,37.0,Medium,4,0,1,0,2,161
REQ-003028,LOC-05,SVC-01,Routine,Case Manager,Referral,2026-01-09,27.9,Medium,4,0,1,0,2,161
REQ-003029,LOC-01,SVC-06,Routine,Case Manager,Referral,2026-01-09,41.3,Medium,4,0,1,0,2,161
REQ-003030,LOC-07,SVC-05,Priority,Client,Portal,2026-01-09,47.7,Medium,4,0,1,0,2,161
REQ-003031,LOC-07,SVC-08,Routine,Case Manager,Portal,2026-01-09,35.5,Medium,4,0,1,0,2,161
REQ-003032,LOC-01,SVC-05,Urgent,Case Manager,Portal,2026-01-10,77.5,Critical,5,1,1,0,2,162
REQ-003034,LOC-03,SVC-02,Priority,Case Manager,Portal,2026-01-10,42.4,Medium,5,1,1,0,2,162
REQ-003035,LOC-08,SVC-06,Routine,Family Member,Portal,2026-01-10,34.5,Medium,5,1,1,0,2,162
REQ-003036,LOC-06,SVC-04,Urgent,Client,Referral,2026-01-10,87.9,Critical,5,1,1,0,2,162
REQ-003037,LOC-10,SVC-02,Priority,Family Member,Referral,2026-01-10,37.1,Medium,5,1,1,0,2,162
REQ-003039,LOC-05,SVC-07,Routine,Client,Case Manager,2026-01-10,71.2,High,5,1,1,0,2,162
REQ-003040,LOC-10,SVC-08,Routine,Client,Phone,2026-01-10,40.3,Medium,5,1,1,0,2,162
REQ-003041,LOC-01,SVC-03,Urgent,Client,Portal,2026-01-10,30.2,Medium,5,1,1,0,2,162
REQ-003042,LOC-02,SVC-05,Routine,Family Member,Referral,2026-01-10,8.6,Low,5,1,1,0,2,162
REQ-003043,LOC-04,SVC-02,Routine,Client,Portal,2026-01-10,12.1,Low,5,1,1,0,2,162
REQ-003045,LOC-07,SVC-03,Routine,Case Manager,Portal,2026-01-10,34.5,Medium,5,1,1,0,2,162
REQ-003046,LOC-08,SVC-01,Priority,Client,Referral,2026-01-10,17.6,Low,5,1,1,0,2,162
REQ-003048,LOC-07,SVC-01,Priority,Family Member,Referral,2026-01-11,59.1,High,6,1,1,0,2,163
REQ-003049,LOC-09,SVC-09,Routine,Client,Phone,2026-01-11,13.4,Low,6,1,1,0,2,163
REQ-003051,LOC-04,SVC-07,Routine,Family Member,Portal,2026-01-11,38.1,Medium,6,1,1,0,2,163
REQ-003052,LOC-01,SVC-01,Routine,GP / Clinician,Portal,2026-01-11,34.5,Medium,6,1,1,0,2,163
REQ-003053,LOC-10,SVC-01,Routine,Client,Referral,2026-01-11,56.1,High,6,1,1,0,2,163
REQ-003054,LOC-09,SVC-05,Routine,Case Manager,Referral,2026-01-11,60.8,High,6,1,1,0,2,163
REQ-003055,LOC-01,SVC-05,Routine,Client,Portal,2026-01-11,3.7,Low,6,1,1,0,2,163
REQ-003056,LOC-10,SVC-07,Routine,Client,Portal,2026-01-11,16.0,Low,6,1,1,0,2,163
REQ-003058,LOC-03,SVC-05,Routine,Family Member,Referral,2026-01-11,57.6,High,6,1,1,0,2,163
REQ-003059,LOC-07,SVC-03,Routine,Client,Referral,2026-01-11,12.6,Low,6,1,1,0,2,163
REQ-003060,LOC-05,SVC-07,Routine,Case Manager,Phone,2026-01-12,63.0,High,0,0,1,0,3,164
REQ-003061,LOC-03,SVC-06,Routine,GP / Clinician,Portal,2026-01-12,51.5,Medium,0,0,1,0,3,164
REQ-003062,LOC-06,SVC-02,Priority,Case Manager,Phone,2026-01-12,61.1,High,0,0,1,0,3,164
REQ-003063,LOC-06,SVC-05,Urgent,Client,Portal,2026-01-12,58.1,High,0,0,1,0,3,164
REQ-003064,LOC-03,SVC-05,Routine,Family Member,Referral,2026-01-12,22.8,Low,0,0,1,0,3,164
REQ-003065,LOC-07,SVC-01,Routine,Case Manager,Phone,2026-01-12,68.9,High,0,0,1,0,3,164
REQ-003066,LOC-03,SVC-08,Urgent,Family Member,Portal,2026-01-12,52.5,Medium,0,0,1,0,3,164
REQ-003067,LOC-06,SVC-03,Routine,Case Manager,Portal,2026-01-12,35.0,Medium,0,0,1,0,3,164
REQ-003068,LOC-10,SVC-05,Routine,Client,Phone,2026-01-12,49.2,Medium,0,0,1,0,3,164
REQ-003069,LOC-05,SVC-03,Routine,Case Manager,Referral,2026-01-12,37.9,Medium,0,0,1,0,3,164
REQ-003070,LOC-02,SVC-07,Routine,Client,Portal,2026-01-12,21.3,Low,0,0,1,0,3,164
REQ-003071,LOC-08,SVC-09,Routine,Client,Phone,2026-01-12,5.0,Low,0,0,1,0,3,164
REQ-003072,LOC-09,SVC-01,Priority,Client,Portal,2026-01-12,14.1,Low,0,0,1,0,3,164
REQ-003073,LOC-10,SVC-01,Routine,Case Manager,Portal,2026-01-12,63.3,High,0,0,1,0,3,164
REQ-003074,LOC-02,SVC-05,Priority,GP / Clinician,Portal,2026-01-12,18.1,Low,0,0,1,0,3,164
REQ-003075,LOC-08,SVC-09,Urgent,Client,Portal,2026-01-12,21.6,Low,0,0,1,0,3,164
REQ-003076,LOC-08,SVC-04,Routine,GP / Clinician,Referral,2026-01-12,11.1,Low,0,0,1,0,3,164
REQ-003077,LOC-10,SVC-08,Priority,Case Manager,Phone,2026-01-12,79.3,High,0,0,1,0,3,164
REQ-003078,LOC-07,SVC-06,Emergency,Family Member,Phone,2026-01-12,39.5,Medium,0,0,1,0,3,164
REQ-003079,LOC-06,SVC-09,Urgent,Family Member,Phone,2026-01-13,65.7,High,1,0,1,0,3,165
REQ-003080,LOC-07,SVC-01,Priority,Client,Phone,2026-01-13,12.5,Low,1,0,1,0,3,165
REQ-003081,LOC-06,SVC-06,Priority,Client,Portal,2026-01-13,30.4,Medium,1,0,1,0,3,165
REQ-003082,LOC-08,SVC-08,Urgent,Family Member,Case Manager,2026-01-13,40.1,Medium,1,0,1,0,3,165
REQ-003083,LOC-09,SVC-01,Urgent,Client,Referral,2026-01-13,31.3,Medium,1,0,1,0,3,165
REQ-003084,LOC-09,SVC-01,Priority,Case Manager,Portal,2026-01-13,70.7,High,1,0,1,0,3,165
REQ-003085,LOC-10,SVC-03,Priority,Client,Referral,2026-01-13,16.0,Low,1,0,1,0,3,165
REQ-003087,LOC-04,SVC-04,Routine,Client,Portal,2026-01-13,14.9,Low,1,0,1,0,3,165
REQ-003088,LOC-10,SVC-04,Routine,Family Member,Referral,2026-01-13,89.6,Critical,1,0,1,0,3,165
REQ-003089,LOC-07,SVC-05,Routine,Family Member,Referral,2026-01-13,8.5,Low,1,0,1,0,3,165
REQ-003090,LOC-07,SVC-06,Routine,Client,Phone,2026-01-13,4.4,Low,1,0,1,0,3,165
REQ-003091,LOC-01,SVC-01,Routine,Client,Phone,2026-01-13,39.7,Medium,1,0,1,0,3,165
REQ-003092,LOC-07,SVC-07,Routine,Client,Portal,2026-01-13,6.1,Low,1,0,1,0,3,165
REQ-003093,LOC-09,SVC-03,Priority,Family Member,Referral,2026-01-13,61.2,High,1,0,1,0,3,165
REQ-003094,LOC-01,SVC-01,Routine,Case Manager,Portal,2026-01-13,44.8,Medium,1,0,1,0,3,165
REQ-003096,LOC-10,SVC-03,Routine,Client,Phone,2026-01-13,67.7,High,1,0,1,0,3,165
REQ-003098,LOC-04,SVC-02,Routine,Client,Referral,2026-01-14,10.5,Low,2,0,1,0,3,166
REQ-003099,LOC-02,SVC-04,Routine,Family Member,Portal,2026-01-14,37.7,Medium,2,0,1,0,3,166
REQ-003100,LOC-02,SVC-06,Priority,Client,Portal,2026-01-14,3.8,Low,2,0,1,0,3,166
REQ-003101,LOC-01,SVC-05,Routine,Client,Portal,2026-01-14,33.5,Medium,2,0,1,0,3,166
REQ-003102,LOC-06,SVC-01,Priority,Family Member,Phone,2026-01-14,73.5,Critical,2,0,1,0,3,166
REQ-003103,LOC-05,SVC-04,Priority,Family Member,Portal,2026-01-14,37.9,Medium,2,0,1,0,3,166
REQ-003104,LOC-10,SVC-01,Priority,Client,Phone,2026-01-14,6.4,Low,2,0,1,0,3,166
REQ-003105,LOC-08,SVC-01,Routine,Client,Referral,2026-01-14,16.5,Low,2,0,1,0,3,166
REQ-003106,LOC-10,SVC-07,Priority,Family Member,Portal,2026-01-14,7.8,Low,2,0,1,0,3,166
REQ-003107,LOC-06,SVC-08,Urgent,GP / Clinician,Portal,2026-01-14,65.9,High,2,0,1,0,3,166
REQ-003108,LOC-10,SVC-07,Routine,Case Manager,Referral,2026-01-14,61.6,High,2,0,1,0,3,166
REQ-003109,LOC-01,SVC-05,Priority,Client,Phone,2026-01-14,13.9,Low,2,0,1,0,3,166
REQ-003110,LOC-01,SVC-07,Urgent,Case Manager,Phone,2026-01-14,92.9,Critical,2,0,1,0,3,166
REQ-003111,LOC-07,SVC-03,Routine,Client,Phone,2026-01-14,38.8,Medium,2,0,1,0,3,166
REQ-003112,LOC-09,SVC-06,Routine,Family Member,Portal,2026-01-14,37.3,Medium,2,0,1,0,3,166
REQ-003113,LOC-05,SVC-01,Routine,GP / Clinician,Portal,2026-01-14,36.1,Medium,2,0,1,0,3,166
REQ-003114,LOC-04,SVC-03,Priority,GP / Clinician,Phone,2026-01-14,76.6,Critical,2,0,1,0,3,166
REQ-003115,LOC-02,SVC-05,Routine,Family Member,Phone,2026-01-14,59.4,High,2,0,1,0,3,166
REQ-003116,LOC-09,SVC-07,Routine,Case Manager,Phone,2026-01-14,40.9,Medium,2,0,1,0,3,166
REQ-003117,LOC-02,SVC-08,Routine,Client,Phone,2026-01-14,36.7,Medium,2,0,1,0,3,166
REQ-003118,LOC-06,SVC-04,Routine,Case Manager,Case Manager,2026-01-14,36.1,Medium,2,0,1,0,3,166
REQ-003119,LOC-04,SVC-07,Priority,Client,Referral,2026-01-14,19.2,Low,2,0,1,0,3,166
REQ-003122,LOC-02,SVC-01,Priority,GP / Clinician,Case Manager,2026-01-14,47.3,Medium,2,0,1,0,3,166
REQ-003123,LOC-09,SVC-01,Urgent,Client,Phone,2026-01-14,65.5,High,2,0,1,0,3,166
REQ-003126,LOC-01,SVC-01,Emergency,GP / Clinician,Referral,2026-01-15,98.7,Critical,3,0,1,0,3,167
REQ-003127,LOC-09,SVC-08,Routine,Case Manager,Referral,2026-01-15,15.0,Low,3,0,1,0,3,167
REQ-003129,LOC-07,SVC-05,Priority,Family Member,Referral,2026-01-15,36.8,Medium,3,0,1,0,3,167
REQ-003131,LOC-01,SVC-07,Priority,Client,Portal,2026-01-15,44.4,Medium,3,0,1,0,3,167
REQ-003132,LOC-09,SVC-03,Routine,Client,Portal,2026-01-15,39.5,Medium,3,0,1,0,3,167
REQ-003133,LOC-07,SVC-01,Routine,Family Member,Portal,2026-01-15,28.3,Medium,3,0,1,0,3,167
REQ-003135,LOC-08,SVC-04,Routine,Client,Phone,2026-01-15,4.9,Low,3,0,1,0,3,167
REQ-003137,LOC-02,SVC-08,Routine,Client,Portal,2026-01-15,7.4,Low,3,0,1,0,3,167
REQ-003139,LOC-01,SVC-01,Routine,Client,Phone,2026-01-15,6.9,Low,3,0,1,0,3,167
REQ-003140,LOC-06,SVC-02,Routine,Family Member,Portal,2026-01-15,7.9,Low,3,0,1,0,3,167
REQ-003141,LOC-07,SVC-04,Priority,Case Manager,Referral,2026-01-15,63.0,High,3,0,1,0,3,167
REQ-003142,LOC-08,SVC-09,Routine,Client,Referral,2026-01-15,6.8,Low,3,0,1,0,3,167
REQ-003144,LOC-05,SVC-01,Priority,Case Manager,Phone,2026-01-16,14.3,Low,4,0,1,0,3,168
REQ-003145,LOC-06,SVC-01,Emergency,Client,Referral,2026-01-16,11.8,Low,4,0,1,0,3,168
REQ-003146,LOC-01,SVC-09,Priority,Family Member,Referral,2026-01-16,59.2,High,4,0,1,0,3,168
REQ-003147,LOC-01,SVC-05,Urgent,Client,Phone,2026-01-16,56.7,High,4,0,1,0,3,168
REQ-003148,LOC-09,SVC-01,Urgent,Client,Portal,2026-01-16,33.0,Medium,4,0,1,0,3,168
REQ-003150,LOC-06,SVC-02,Priority,Client,Phone,2026-01-16,33.8,Medium,4,0,1,0,3,168
REQ-003151,LOC-08,SVC-07,Routine,Family Member,Phone,2026-01-16,38.0,Medium,4,0,1,0,3,168
REQ-003152,LOC-07,SVC-08,Routine,Client,Referral,2026-01-16,66.7,High,4,0,1,0,3,168
REQ-003153,LOC-05,SVC-04,Priority,Client,Case Manager,2026-01-16,35.2,Medium,4,0,1,0,3,168
REQ-003154,LOC-02,SVC-08,Urgent,GP / Clinician,Phone,2026-01-16,29.7,Medium,4,0,1,0,3,168
REQ-003155,LOC-05,SVC-02,Routine,Client,Portal,2026-01-16,43.9,Medium,4,0,1,0,3,168
REQ-003156,LOC-08,SVC-01,Priority,Family Member,Referral,2026-01-16,63.8,High,4,0,1,0,3,168
REQ-003157,LOC-09,SVC-07,Priority,Client,Portal,2026-01-16,43.0,Medium,4,0,1,0,3,168
REQ-003158,LOC-06,SVC-01,Priority,Client,Case Manager,2026-01-16,5.7,Low,4,0,1,0,3,168
REQ-003159,LOC-04,SVC-02,Urgent,Case Manager,Phone,2026-01-16,68.2,High,4,0,1,0,3,168
REQ-003160,LOC-06,SVC-05,Routine,Client,Case Manager,2026-01-16,13.9,Low,4,0,1,0,3,168
REQ-003161,LOC-03,SVC-04,Routine,Family Member,Phone,2026-01-16,15.9,Low,4,0,1,0,3,168
REQ-003163,LOC-02,SVC-01,Emergency,GP / Clinician,Phone,2026-01-16,89.6,Critical,4,0,1,0,3,168
REQ-003164,LOC-09,SVC-09,Routine,Case Manager,Referral,2026-01-16,30.2,Medium,4,0,1,0,3,168
REQ-003165,LOC-05,SVC-03,Priority,Family Member,Referral,2026-01-16,33.5,Medium,4,0,1,0,3,168
REQ-003166,LOC-02,SVC-07,Routine,Client,Phone,2026-01-16,19.2,Low,4,0,1,0,3,168
REQ-003167,LOC-10,SVC-08,Routine,Client,Portal,2026-01-16,36.2,Medium,4,0,1,0,3,168
REQ-003168,LOC-01,SVC-04,Priority,Family Member,Phone,2026-01-16,82.8,Critical,4,0,1,0,3,168
REQ-003169,LOC-03,SVC-05,Urgent,Client,Phone,2026-01-16,35.6,Medium,4,0,1,0,3,168
REQ-003171,LOC-04,SVC-01,Routine,Client,Portal,2026-01-17,21.1,Low,5,1,1,0,3,169
REQ-003172,LOC-02,SVC-05,Routine,Family Member,Portal,2026-01-17,45.0,Medium,5,1,1,0,3,169
REQ-003173,LOC-09,SVC-04,Routine,Case Manager,Portal,2026-01-17,16.5,Low,5,1,1,0,3,169
REQ-003174,LOC-06,SVC-08,Urgent,Family Member,Phone,2026-01-17,57.5,High,5,1,1,0,3,169
REQ-003175,LOC-08,SVC-02,Routine,Client,Portal,2026-01-17,7.6,Low,5,1,1,0,3,169
REQ-003176,LOC-05,SVC-09,Priority,Case Manager,Referral,2026-01-17,30.1,Medium,5,1,1,0,3,169
REQ-003177,LOC-01,SVC-08,Routine,Client,Phone,2026-01-17,48.9,Medium,5,1,1,0,3,169
REQ-003179,LOC-04,SVC-05,Routine,Family Member,Portal,2026-01-17,8.7,Low,5,1,1,0,3,169
REQ-003180,LOC-02,SVC-05,Urgent,Case Manager,Phone,2026-01-17,62.5,High,5,1,1,0,3,169
REQ-003182,LOC-04,SVC-06,Urgent,GP / Clinician,Phone,2026-01-17,64.8,High,5,1,1,0,3,169
REQ-003183,LOC-07,SVC-04,Emergency,Family Member,Portal,2026-01-17,32.8,Medium,5,1,1,0,3,169
REQ-003184,LOC-07,SVC-03,Routine,Family Member,Portal,2026-01-17,52.7,High,5,1,1,0,3,169
REQ-003186,LOC-01,SVC-05,Routine,Family Member,Phone,2026-01-18,24.1,Medium,6,1,1,0,3,170
REQ-003187,LOC-07,SVC-02,Routine,Family Member,Case Manager,2026-01-18,17.3,Low,6,1,1,0,3,170
REQ-003188,LOC-10,SVC-01,Priority,Family Member,Referral,2026-01-18,67.0,High,6,1,1,0,3,170
REQ-003189,LOC-05,SVC-02,Urgent,Client,Phone,2026-01-18,17.9,Low,6,1,1,0,3,170
REQ-003191,LOC-10,SVC-07,Priority,Case Manager,Portal,2026-01-19,25.7,Low,0,0,1,0,4,171
REQ-003192,LOC-10,SVC-08,Routine,Client,Portal,2026-01-19,36.5,Medium,0,0,1,0,4,171
REQ-003193,LOC-10,SVC-09,Urgent,Client,Phone,2026-01-19,66.5,High,0,0,1,0,4,171
REQ-003194,LOC-06,SVC-01,Priority,Case Manager,Portal,2026-01-19,27.7,Medium,0,0,1,0,4,171
REQ-003195,LOC-01,SVC-01,Priority,Client,Phone,2026-01-19,33.8,Medium,0,0,1,0,4,171
REQ-003196,LOC-10,SVC-03,Routine,Client,Phone,2026-01-19,12.9,Low,0,0,1,0,4,171
REQ-003197,LOC-06,SVC-07,Routine,Client,Phone,2026-01-19,34.5,Medium,0,0,1,0,4,171
REQ-003198,LOC-06,SVC-04,Priority,Case Manager,Phone,2026-01-19,33.6,Medium,0,0,1,0,4,171
REQ-003199,LOC-06,SVC-07,Priority,GP / Clinician,Portal,2026-01-19,60.6,High,0,0,1,0,4,171
REQ-003200,LOC-05,SVC-01,Routine,Client,Case Manager,2026-01-19,44.2,Medium,0,0,1,0,4,171
REQ-003201,LOC-10,SVC-01,Routine,Client,Referral,2026-01-19,31.4,Medium,0,0,1,0,4,171
REQ-003202,LOC-09,SVC-07,Urgent,GP / Clinician,Referral,2026-01-19,63.0,High,0,0,1,0,4,171
REQ-003203,LOC-05,SVC-01,Priority,Case Manager,Phone,2026-01-19,30.6,Medium,0,0,1,0,4,171
REQ-003204,LOC-06,SVC-05,Emergency,Family Member,Case Manager,2026-01-19,86.4,Critical,0,0,1,0,4,171
REQ-003205,LOC-01,SVC-09,Routine,Family Member,Case Manager,2026-01-19,35.6,Medium,0,0,1,0,4,171
REQ-003206,LOC-01,SVC-01,Emergency,Case Manager,Case Manager,2026-01-19,62.0,High,0,0,1,0,4,171
REQ-003207,LOC-10,SVC-04,Urgent,Family Member,Phone,2026-01-19,95.6,Critical,0,0,1,0,4,171
REQ-003208,LOC-09,SVC-09,Urgent,GP / Clinician,Phone,2026-01-19,32.0,Medium,0,0,1,0,4,171
REQ-003209,LOC-06,SVC-07,Priority,Client,Portal,2026-01-20,11.0,Low,1,0,1,0,4,172
REQ-003210,LOC-10,SVC-05,Routine,Case Manager,Portal,2026-01-20,42.1,Medium,1,0,1,0,4,172
REQ-003211,LOC-08,SVC-02,Routine,Family Member,Case Manager,2026-01-20,7.5,Low,1,0,1,0,4,172
REQ-003212,LOC-03,SVC-06,Priority,Family Member,Phone,2026-01-20,61.9,High,1,0,1,0,4,172
REQ-003213,LOC-03,SVC-05,Priority,Client,Referral,2026-01-20,77.3,Critical,1,0,1,0,4,172
REQ-003214,LOC-08,SVC-02,Routine,Client,Portal,2026-01-20,18.6,Low,1,0,1,0,4,172
REQ-003215,LOC-01,SVC-01,Routine,Family Member,Phone,2026-01-20,16.9,Low,1,0,1,0,4,172
REQ-003216,LOC-01,SVC-01,Urgent,Case Manager,Phone,2026-01-20,56.7,High,1,0,1,0,4,172
REQ-003217,LOC-06,SVC-01,Routine,Family Member,Phone,2026-01-20,16.2,Low,1,0,1,0,4,172
REQ-003219,LOC-01,SVC-02,Routine,Client,Portal,2026-01-20,3.0,Low,1,0,1,0,4,172
REQ-003220,LOC-04,SVC-05,Urgent,GP / Clinician,Referral,2026-01-20,86.8,Critical,1,0,1,0,4,172
REQ-003221,LOC-05,SVC-06,Routine,Case Manager,Case Manager,2026-01-20,23.9,Low,1,0,1,0,4,172
REQ-003223,LOC-03,SVC-01,Priority,Client,Phone,2026-01-20,57.4,High,1,0,1,0,4,172
REQ-003225,LOC-07,SVC-05,Urgent,Case Manager,Referral,2026-01-20,35.2,Medium,1,0,1,0,4,172
REQ-003226,LOC-02,SVC-04,Priority,Case Manager,Portal,2026-01-20,36.9,Medium,1,0,1,0,4,172
REQ-003227,LOC-09,SVC-04,Routine,Client,Phone,2026-01-20,5.4,Low,1,0,1,0,4,172
REQ-003228,LOC-07,SVC-07,Priority,Case Manager,Phone,2026-01-20,41.2,Medium,1,0,1,0,4,172
REQ-003229,LOC-05,SVC-01,Routine,Case Manager,Phone,2026-01-20,64.0,High,1,0,1,0,4,172
REQ-003230,LOC-10,SVC-04,Routine,Family Member,Portal,2026-01-20,20.0,Low,1,0,1,0,4,172
REQ-003231,LOC-06,SVC-05,Priority,GP / Clinician,Phone,2026-01-20,31.8,Medium,1,0,1,0,4,172
REQ-003232,LOC-08,SVC-09,Priority,Client,Portal,2026-01-21,16.4,Low,2,0,1,0,4,173
REQ-003233,LOC-03,SVC-03,Priority,Case Manager,Referral,2026-01-21,86.2,Critical,2,0,1,0,4,173
REQ-003234,LOC-01,SVC-01,Routine,Client,Portal,2026-01-21,11.0,Low,2,0,1,0,4,173
REQ-003235,LOC-07,SVC-05,Priority,Case Manager,Phone,2026-01-21,74.6,Critical,2,0,1,0,4,173
REQ-003236,LOC-01,SVC-08,Routine,Family Member,Case Manager,2026-01-21,77.6,Critical,2,0,1,0,4,173
REQ-003237,LOC-07,SVC-03,Routine,Client,Portal,2026-01-21,16.0,Low,2,0,1,0,4,173
REQ-003239,LOC-03,SVC-09,Routine,Family Member,Referral,2026-01-21,46.4,Medium,2,0,1,0,4,173
REQ-003241,LOC-10,SVC-01,Routine,Client,Portal,2026-01-21,19.3,Low,2,0,1,0,4,173
REQ-003242,LOC-05,SVC-03,Priority,Client,Phone,2026-01-21,47.0,Medium,2,0,1,0,4,173
REQ-003243,LOC-06,SVC-02,Priority,Client,Portal,2026-01-21,40.2,Medium,2,0,1,0,4,173
REQ-003244,LOC-06,SVC-02,Priority,Client,Referral,2026-01-21,60.3,High,2,0,1,0,4,173
REQ-003245,LOC-02,SVC-01,Priority,Case Manager,Referral,2026-01-21,33.0,Medium,2,0,1,0,4,173
REQ-003246,LOC-06,SVC-02,Priority,Family Member,Phone,2026-01-21,70.6,High,2,0,1,0,4,173
REQ-003247,LOC-05,SVC-04,Emergency,Case Manager,Portal,2026-01-21,34.8,Medium,2,0,1,0,4,173
REQ-003249,LOC-02,SVC-02,Routine,Client,Phone,2026-01-21,19.1,Low,2,0,1,0,4,173
REQ-003250,LOC-01,SVC-05,Routine,GP / Clinician,Referral,2026-01-21,64.0,High,2,0,1,0,4,173
REQ-003251,LOC-01,SVC-06,Priority,Client,Referral,2026-01-21,40.3,Medium,2,0,1,0,4,173
REQ-003252,LOC-10,SVC-07,Urgent,Case Manager,Phone,2026-01-21,70.0,High,2,0,1,0,4,173
REQ-003253,LOC-03,SVC-06,Priority,Client,Case Manager,2026-01-21,43.2,Medium,2,0,1,0,4,173
REQ-003254,LOC-06,SVC-03,Priority,Family Member,Referral,2026-01-22,40.8,Medium,3,0,1,0,4,174
REQ-003255,LOC-07,SVC-05,Urgent,GP / Clinician,Phone,2026-01-22,61.2,High,3,0,1,0,4,174
REQ-003256,LOC-03,SVC-03,Routine,Client,Phone,2026-01-22,21.3,Low,3,0,1,0,4,174
REQ-003257,LOC-09,SVC-02,Urgent,Client,Referral,2026-01-22,36.9,Medium,3,0,1,0,4,174
REQ-003258,LOC-09,SVC-04,Priority,Client,Phone,2026-01-22,22.6,Low,3,0,1,0,4,174
REQ-003259,LOC-07,SVC-04,Urgent,Case Manager,Portal,2026-01-22,19.3,Medium,3,0,1,0,4,174
REQ-003260,LOC-09,SVC-07,Emergency,Family Member,Referral,2026-01-22,33.1,Medium,3,0,1,0,4,174
REQ-003261,LOC-06,SVC-08,Urgent,Case Manager,Referral,2026-01-22,90.5,Critical,3,0,1,0,4,174
REQ-003262,LOC-03,SVC-01,Routine,Client,Phone,2026-01-22,13.3,Low,3,0,1,0,4,174
REQ-003263,LOC-05,SVC-02,Priority,Case Manager,Referral,2026-01-22,28.2,Medium,3,0,1,0,4,174
REQ-003264,LOC-03,SVC-06,Priority,Client,Phone,2026-01-22,21.8,Low,3,0,1,0,4,174
REQ-003265,LOC-03,SVC-05,Priority,Family Member,Referral,2026-01-22,36.5,Medium,3,0,1,0,4,174
REQ-003266,LOC-09,SVC-02,Priority,Client,Case Manager,2026-01-22,65.2,High,3,0,1,0,4,174
REQ-003267,LOC-08,SVC-05,Routine,Family Member,Phone,2026-01-22,31.2,Medium,3,0,1,0,4,174
REQ-003268,LOC-06,SVC-06,Routine,Client,Phone,2026-01-22,13.4,Low,3,0,1,0,4,174
REQ-003269,LOC-04,SVC-01,Priority,Family Member,Case Manager,2026-01-22,41.1,Medium,3,0,1,0,4,174
REQ-003270,LOC-09,SVC-05,Routine,Family Member,Portal,2026-01-22,19.3,Low,3,0,1,0,4,174
REQ-003271,LOC-03,SVC-01,Priority,Case Manager,Phone,2026-01-22,32.2,Medium,3,0,1,0,4,174
REQ-003272,LOC-08,SVC-04,Priority,Case Manager,Phone,2026-01-22,31.3,Medium,3,0,1,0,4,174
REQ-003273,LOC-05,SVC-07,Routine,Client,Case Manager,2026-01-23,35.2,Medium,4,0,1,0,4,175
REQ-003274,LOC-08,SVC-01,Routine,Family Member,Case Manager,2026-01-23,12.9,Low,4,0,1,0,4,175
REQ-003275,LOC-04,SVC-06,Routine,Case Manager,Phone,2026-01-23,23.1,Low,4,0,1,0,4,175
REQ-003276,LOC-08,SVC-02,Routine,Client,Portal,2026-01-23,19.6,Low,4,0,1,0,4,175
REQ-003277,LOC-08,SVC-01,Routine,Client,Portal,2026-01-23,11.9,Low,4,0,1,0,4,175
REQ-003278,LOC-10,SVC-07,Routine,Client,Phone,2026-01-23,11.8,Low,4,0,1,0,4,175
REQ-003280,LOC-04,SVC-05,Routine,Client,Portal,2026-01-23,10.6,Low,4,0,1,0,4,175
REQ-003281,LOC-08,SVC-02,Urgent,Family Member,Portal,2026-01-23,37.3,Medium,4,0,1,0,4,175
REQ-003282,LOC-02,SVC-06,Priority,Family Member,Case Manager,2026-01-23,43.7,Medium,4,0,1,0,4,175
REQ-003283,LOC-06,SVC-03,Urgent,Client,Phone,2026-01-23,3.6,Low,4,0,1,0,4,175
REQ-003284,LOC-01,SVC-01,Urgent,Case Manager,Referral,2026-01-23,83.2,Critical,4,0,1,0,4,175
REQ-003285,LOC-09,SVC-07,Routine,Client,Portal,2026-01-23,22.5,Low,4,0,1,0,4,175
REQ-003287,LOC-05,SVC-09,Routine,GP / Clinician,Referral,2026-01-23,44.6,Medium,4,0,1,0,4,175
REQ-003288,LOC-05,SVC-02,Priority,Case Manager,Portal,2026-01-23,15.6,Low,4,0,1,0,4,175
REQ-003289,LOC-09,SVC-01,Emergency,Client,Portal,2026-01-23,68.9,High,4,0,1,0,4,175
REQ-003290,LOC-09,SVC-06,Priority,Family Member,Phone,2026-01-23,27.2,Medium,4,0,1,0,4,175
REQ-003291,LOC-08,SVC-09,Routine,Case Manager,Phone,2026-01-23,23.7,Low,4,0,1,0,4,175
REQ-003292,LOC-09,SVC-05,Priority,Family Member,Referral,2026-01-23,1.0,Low,4,0,1,0,4,175
REQ-003293,LOC-09,SVC-08,Routine,Client,Phone,2026-01-23,16.8,Low,4,0,1,0,4,175
REQ-003295,LOC-02,SVC-07,Routine,Client,Phone,2026-01-23,47.1,Medium,4,0,1,0,4,175
REQ-003296,LOC-04,SVC-01,Routine,Family Member,Case Manager,2026-01-23,65.1,High,4,0,1,0,4,175
REQ-003297,LOC-05,SVC-05,Routine,Client,Phone,2026-01-23,28.2,Medium,4,0,1,0,4,175
REQ-003298,LOC-01,SVC-06,Routine,Client,Phone,2026-01-23,40.7,Medium,4,0,1,0,4,175
REQ-003299,LOC-04,SVC-04,Urgent,Case Manager,Phone,2026-01-23,91.3,Critical,4,0,1,0,4,175
REQ-003300,LOC-03,SVC-04,Priority,Client,Portal,2026-01-23,24.2,Low,4,0,1,0,4,175
REQ-003301,LOC-05,SVC-05,Urgent,Case Manager,Case Manager,2026-01-23,57.1,High,4,0,1,0,4,175
REQ-003302,LOC-08,SVC-02,Routine,Case Manager,Portal,2026-01-23,15.3,Low,4,0,1,0,4,175
REQ-003306,LOC-09,SVC-02,Routine,Case Manager,Portal,2026-01-24,30.9,Medium,5,1,1,0,4,176
REQ-003307,LOC-06,SVC-03,Priority,Case Manager,Portal,2026-01-24,75.0,High,5,1,1,0,4,176
REQ-003308,LOC-06,SVC-04,Urgent,Family Member,Referral,2026-01-24,19.8,Low,5,1,1,0,4,176
REQ-003309,LOC-09,SVC-04,Routine,Client,Phone,2026-01-24,20.9,Low,5,1,1,0,4,176
REQ-003310,LOC-04,SVC-01,Priority,Case Manager,Phone,2026-01-25,37.4,Medium,6,1,1,0,4,177
REQ-003311,LOC-07,SVC-04,Routine,Client,Phone,2026-01-25,37.5,Medium,6,1,1,0,4,177
REQ-003312,LOC-08,SVC-06,Routine,Client,Case Manager,2026-01-25,17.4,Low,6,1,1,0,4,177
REQ-003313,LOC-05,SVC-03,Routine,Case Manager,Portal,2026-01-25,25.2,Medium,6,1,1,0,4,177
REQ-003315,LOC-01,SVC-02,Routine,Family Member,Referral,2026-01-25,64.6,High,6,1,1,0,4,177
REQ-003316,LOC-03,SVC-06,Priority,Family Member,Phone,2026-01-26,44.1,Medium,0,0,1,0,5,178
REQ-003317,LOC-03,SVC-09,Routine,Client,Portal,2026-01-26,17.6,Low,0,0,1,0,5,178
REQ-003318,LOC-04,SVC-03,Priority,Family Member,Portal,2026-01-26,18.8,Low,0,0,1,0,5,178
REQ-003319,LOC-02,SVC-05,Urgent,Case Manager,Portal,2026-01-26,70.6,High,0,0,1,0,5,178
REQ-003321,LOC-03,SVC-06,Routine,Client,Portal,2026-01-26,23.5,Low,0,0,1,0,5,178
REQ-003322,LOC-06,SVC-03,Priority,Client,Phone,2026-01-26,13.1,Low,0,0,1,0,5,178
REQ-003323,LOC-07,SVC-01,Emergency,GP / Clinician,Portal,2026-01-26,44.0,Medium,0,0,1,0,5,178
REQ-003324,LOC-08,SVC-01,Routine,Client,Referral,2026-01-26,6.2,Low,0,0,1,0,5,178
REQ-003325,LOC-10,SVC-04,Routine,Client,Portal,2026-01-26,16.7,Low,0,0,1,0,5,178
REQ-003326,LOC-04,SVC-03,Routine,Case Manager,Phone,2026-01-26,66.3,High,0,0,1,0,5,178
REQ-003328,LOC-06,SVC-09,Routine,Client,Phone,2026-01-26,23.3,Low,0,0,1,0,5,178
REQ-003329,LOC-02,SVC-06,Priority,Client,Referral,2026-01-26,29.3,Medium,0,0,1,0,5,178
REQ-003330,LOC-09,SVC-04,Routine,Client,Portal,2026-01-26,20.2,Low,0,0,1,0,5,178
REQ-003331,LOC-02,SVC-03,Routine,Client,Referral,2026-01-26,14.5,Low,0,0,1,0,5,178
REQ-003332,LOC-08,SVC-01,Routine,Client,Portal,2026-01-26,33.3,Medium,0,0,1,0,5,178
REQ-003333,LOC-05,SVC-02,Priority,Case Manager,Portal,2026-01-26,39.2,Medium,0,0,1,0,5,178
REQ-003334,LOC-10,SVC-01,Routine,Client,Referral,2026-01-26,20.2,Low,0,0,1,0,5,178
REQ-003335,LOC-01,SVC-06,Priority,Family Member,Phone,2026-01-26,33.1,Medium,0,0,1,0,5,178
REQ-003336,LOC-03,SVC-08,Urgent,Family Member,Phone,2026-01-26,83.8,Critical,0,0,1,0,5,178
REQ-003338,LOC-06,SVC-02,Urgent,Family Member,Portal,2026-01-26,12.3,Low,0,0,1,0,5,178
REQ-003340,LOC-08,SVC-03,Priority,Client,Phone,2026-01-26,13.5,Low,0,0,1,0,5,178
REQ-003341,LOC-10,SVC-04,Urgent,Family Member,Referral,2026-01-26,16.2,Low,0,0,1,0,5,178
REQ-003342,LOC-09,SVC-05,Priority,Client,Portal,2026-01-26,12.5,Low,0,0,1,0,5,178
REQ-003343,LOC-05,SVC-03,Urgent,GP / Clinician,Phone,2026-01-26,66.3,High,0,0,1,0,5,178
REQ-003344,LOC-07,SVC-01,Routine,Family Member,Phone,2026-01-26,17.5,Low,0,0,1,0,5,178
REQ-003345,LOC-10,SVC-01,Priority,Client,Phone,2026-01-27,36.2,Medium,1,0,1,0,5,179
REQ-003346,LOC-03,SVC-06,Priority,Client,Portal,2026-01-27,44.5,Medium,1,0,1,0,5,179
REQ-003347,LOC-03,SVC-05,Priority,Client,Portal,2026-01-27,38.6,Medium,1,0,1,0,5,179
REQ-003348,LOC-08,SVC-01,Routine,Family Member,Case Manager,2026-01-27,17.0,Low,1,0,1,0,5,179
REQ-003349,LOC-02,SVC-02,Emergency,GP / Clinician,Referral,2026-01-27,80.7,Critical,1,0,1,0,5,179
REQ-003350,LOC-02,SVC-09,Urgent,Client,Portal,2026-01-27,19.7,Low,1,0,1,0,5,179
REQ-003352,LOC-06,SVC-02,Routine,Client,Portal,2026-01-27,40.5,Medium,1,0,1,0,5,179
REQ-003353,LOC-06,SVC-03,Priority,Family Member,Phone,2026-01-27,18.4,Low,1,0,1,0,5,179
REQ-003354,LOC-07,SVC-07,Priority,Client,Portal,2026-01-27,10.9,Low,1,0,1,0,5,179
REQ-003355,LOC-07,SVC-02,Urgent,Family Member,Portal,2026-01-27,57.1,High,1,0,1,0,5,179
REQ-003356,LOC-07,SVC-01,Routine,Client,Referral,2026-01-27,14.2,Low,1,0,1,0,5,179
REQ-003357,LOC-01,SVC-01,Routine,Case Manager,Portal,2026-01-27,34.7,Medium,1,0,1,0,5,179
REQ-003358,LOC-04,SVC-03,Priority,Family Member,Portal,2026-01-27,41.8,Medium,1,0,1,0,5,179
REQ-003359,LOC-09,SVC-03,Emergency,Client,Referral,2026-01-27,42.9,Medium,1,0,1,0,5,179
REQ-003360,LOC-01,SVC-05,Routine,Client,Portal,2026-01-27,23.4,Low,1,0,1,0,5,179
REQ-003361,LOC-09,SVC-01,Urgent,Family Member,Portal,2026-01-27,73.9,High,1,0,1,0,5,179
REQ-003363,LOC-06,SVC-04,Routine,Client,Referral,2026-01-27,38.1,Medium,1,0,1,0,5,179
REQ-003364,LOC-04,SVC-01,Routine,Client,Portal,2026-01-27,20.0,Low,1,0,1,0,5,179
REQ-003365,LOC-06,SVC-02,Routine,Client,Case Manager,2026-01-27,21.3,Low,1,0,1,0,5,179
REQ-003366,LOC-03,SVC-01,Priority,Family Member,Phone,2026-01-27,38.8,Medium,1,0,1,0,5,179
REQ-003367,LOC-07,SVC-06,Routine,Client,Phone,2026-01-27,35.9,Medium,1,0,1,0,5,179
REQ-003368,LOC-05,SVC-03,Emergency,Family Member,Phone,2026-01-28,34.8,Medium,2,0,1,0,5,180
REQ-003369,LOC-08,SVC-08,Emergency,Client,Portal,2026-01-28,24.7,Low,2,0,1,0,5,180
REQ-003370,LOC-01,SVC-06,Routine,Client,Portal,2026-01-28,9.5,Low,2,0,1,0,5,180
REQ-003371,LOC-07,SVC-02,Routine,Client,Phone,2026-01-28,41.9,Medium,2,0,1,0,5,180
REQ-003372,LOC-09,SVC-06,Routine,Client,Portal,2026-01-28,10.4,Low,2,0,1,0,5,180
REQ-003373,LOC-05,SVC-05,Urgent,Case Manager,Referral,2026-01-28,63.8,High,2,0,1,0,5,180
REQ-003374,LOC-06,SVC-04,Priority,GP / Clinician,Referral,2026-01-28,90.8,Critical,2,0,1,0,5,180
REQ-003375,LOC-09,SVC-04,Priority,Case Manager,Referral,2026-01-28,38.2,Medium,2,0,1,0,5,180
REQ-003377,LOC-05,SVC-02,Routine,Case Manager,Case Manager,2026-01-28,92.3,Critical,2,0,1,0,5,180
REQ-003378,LOC-01,SVC-04,Priority,Family Member,Portal,2026-01-28,36.2,Medium,2,0,1,0,5,180
REQ-003380,LOC-03,SVC-08,Routine,Family Member,Portal,2026-01-28,19.1,Low,2,0,1,0,5,180
REQ-003381,LOC-06,SVC-01,Routine,Client,Referral,2026-01-28,47.1,Medium,2,0,1,0,5,180
REQ-003382,LOC-08,SVC-04,Priority,Family Member,Case Manager,2026-01-28,62.8,High,2,0,1,0,5,180
REQ-003383,LOC-10,SVC-02,Urgent,Case Manager,Phone,2026-01-28,61.2,High,2,0,1,0,5,180
REQ-003384,LOC-09,SVC-02,Priority,Family Member,Phone,2026-01-28,42.4,Medium,2,0,1,0,5,180
REQ-003385,LOC-10,SVC-05,Routine,Client,Portal,2026-01-28,6.0,Low,2,0,1,0,5,180
REQ-003386,LOC-02,SVC-01,Priority,Family Member,Phone,2026-01-28,52.5,High,2,0,1,0,5,180
REQ-003388,LOC-03,SVC-04,Routine,Case Manager,Case Manager,2026-01-28,60.9,High,2,0,1,0,5,180
REQ-003389,LOC-09,SVC-07,Routine,GP / Clinician,Portal,2026-01-28,40.2,Medium,2,0,1,0,5,180
REQ-003390,LOC-06,SVC-05,Routine,Client,Portal,2026-01-28,39.9,Medium,2,0,1,0,5,180
REQ-003391,LOC-10,SVC-03,Routine,Client,Case Manager,2026-01-28,68.1,High,2,0,1,0,5,180
REQ-003392,LOC-03,SVC-08,Routine,Client,Phone,2026-01-28,28.9,Low,2,0,1,0,5,180
REQ-003393,LOC-06,SVC-08,Urgent,Family Member,Referral,2026-01-28,76.1,Critical,2,0,1,0,5,180
REQ-003394,LOC-05,SVC-09,Priority,Family Member,Phone,2026-01-29,65.6,High,3,0,1,0,5,181
REQ-003395,LOC-06,SVC-01,Routine,GP / Clinician,Case Manager,2026-01-29,11.3,Low,3,0,1,0,5,181
REQ-003396,LOC-01,SVC-09,Urgent,Client,Case Manager,2026-01-29,67.7,High,3,0,1,0,5,181
REQ-003397,LOC-01,SVC-07,Priority,Case Manager,Referral,2026-01-29,86.7,Critical,3,0,1,0,5,181
REQ-003398,LOC-06,SVC-02,Routine,Family Member,Referral,2026-01-29,21.0,Low,3,0,1,0,5,181
REQ-003399,LOC-09,SVC-01,Priority,Client,Case Manager,2026-01-29,46.9,Medium,3,0,1,0,5,181
REQ-003400,LOC-10,SVC-03,Priority,Client,Phone,2026-01-29,27.5,Medium,3,0,1,0,5,181
REQ-003402,LOC-06,SVC-05,Urgent,GP / Clinician,Portal,2026-01-29,49.2,Medium,3,0,1,0,5,181
REQ-003403,LOC-07,SVC-02,Urgent,Family Member,Phone,2026-01-29,33.7,Medium,3,0,1,0,5,181
REQ-003405,LOC-10,SVC-01,Routine,Client,Phone,2026-01-29,20.0,Low,3,0,1,0,5,181
REQ-003406,LOC-10,SVC-07,Routine,Client,Portal,2026-01-29,21.2,Low,3,0,1,0,5,181
REQ-003407,LOC-04,SVC-02,Routine,Case Manager,Portal,2026-01-29,27.6,Low,3,0,1,0,5,181
REQ-003408,LOC-06,SVC-08,Routine,Client,Portal,2026-01-29,11.3,Low,3,0,1,0,5,181
REQ-003409,LOC-05,SVC-01,Routine,Family Member,Phone,2026-01-29,1.0,Low,3,0,1,0,5,181
REQ-003410,LOC-08,SVC-02,Routine,Family Member,Referral,2026-01-29,61.2,High,3,0,1,0,5,181
REQ-003411,LOC-04,SVC-02,Urgent,Case Manager,Phone,2026-01-29,97.1,Critical,3,0,1,0,5,181
REQ-003412,LOC-10,SVC-03,Routine,Family Member,Phone,2026-01-29,71.4,High,3,0,1,0,5,181
REQ-003413,LOC-03,SVC-05,Routine,Client,Phone,2026-01-29,42.4,Medium,3,0,1,0,5,181
REQ-003414,LOC-10,SVC-06,Routine,Client,Portal,2026-01-29,23.0,Low,3,0,1,0,5,181
REQ-003415,LOC-09,SVC-01,Urgent,Case Manager,Phone,2026-01-30,91.1,Critical,4,0,1,0,5,182
REQ-003417,LOC-07,SVC-06,Routine,Client,Portal,2026-01-30,48.4,Medium,4,0,1,0,5,182
REQ-003418,LOC-05,SVC-08,Urgent,Client,Phone,2026-01-30,49.5,Medium,4,0,1,0,5,182
REQ-003419,LOC-03,SVC-01,Urgent,Family Member,Referral,2026-01-30,88.7,Critical,4,0,1,0,5,182
REQ-003421,LOC-10,SVC-07,Routine,Case Manager,Phone,2026-01-30,12.7,Low,4,0,1,0,5,182
REQ-003422,LOC-07,SVC-08,Routine,Case Manager,Portal,2026-01-30,10.4,Low,4,0,1,0,5,182
REQ-003426,LOC-09,SVC-07,Priority,Family Member,Portal,2026-01-30,36.2,Medium,4,0,1,0,5,182
REQ-003427,LOC-01,SVC-06,Routine,Family Member,Referral,2026-01-30,44.8,Medium,4,0,1,0,5,182
REQ-003428,LOC-10,SVC-09,Urgent,GP / Clinician,Phone,2026-01-30,77.9,Critical,4,0,1,0,5,182
REQ-003429,LOC-10,SVC-07,Routine,Case Manager,Portal,2026-01-30,2.4,Low,4,0,1,0,5,182
REQ-003431,LOC-06,SVC-07,Emergency,Case Manager,Phone,2026-01-30,68.1,High,4,0,1,0,5,182
REQ-003432,LOC-09,SVC-02,Urgent,Client,Phone,2026-01-30,14.4,Low,4,0,1,0,5,182
REQ-003433,LOC-04,SVC-05,Priority,Client,Referral,2026-01-30,37.8,Medium,4,0,1,0,5,182
REQ-003434,LOC-04,SVC-01,Priority,Client,Portal,2026-01-30,10.7,Low,4,0,1,0,5,182
REQ-003435,LOC-03,SVC-03,Priority,Client,Phone,2026-01-31,8.7,Low,5,1,1,0,5,183
REQ-003436,LOC-07,SVC-04,Routine,Family Member,Portal,2026-01-31,7.9,Low,5,1,1,0,5,183
REQ-003437,LOC-03,SVC-03,Priority,Family Member,Portal,2026-01-31,7.3,Low,5,1,1,0,5,183
REQ-003438,LOC-09,SVC-03,Priority,Case Manager,Case Manager,2026-01-31,87.9,Critical,5,1,1,0,5,183
REQ-003439,LOC-08,SVC-05,Priority,GP / Clinician,Phone,2026-01-31,57.2,High,5,1,1,0,5,183
REQ-003440,LOC-01,SVC-06,Urgent,Case Manager,Phone,2026-01-31,86.9,Critical,5,1,1,0,5,183
REQ-003442,LOC-07,SVC-03,Urgent,GP / Clinician,Referral,2026-01-31,82.4,Critical,5,1,1,0,5,183
REQ-003443,LOC-08,SVC-01,Routine,Client,Portal,2026-01-31,14.9,Low,5,1,1,0,5,183
REQ-003445,LOC-08,SVC-08,Priority,Client,Case Manager,2026-02-01,51.6,High,6,1,2,0,5,184
REQ-003447,LOC-06,SVC-03,Routine,Family Member,Portal,2026-02-01,28.0,Low,6,1,2,0,5,184
REQ-003448,LOC-01,SVC-05,Routine,Client,Portal,2026-02-01,24.4,Low,6,1,2,0,5,184
REQ-003449,LOC-02,SVC-03,Routine,Client,Portal,2026-02-01,30.1,Medium,6,1,2,0,5,184
REQ-003450,LOC-01,SVC-05,Priority,GP / Clinician,Portal,2026-02-01,83.1,Critical,6,1,2,0,5,184
REQ-003451,LOC-05,SVC-07,Priority,Client,Phone,2026-02-01,24.6,Low,6,1,2,0,5,184
REQ-003452,LOC-01,SVC-04,Priority,Family Member,Phone,2026-02-01,45.6,Medium,6,1,2,0,5,184
REQ-003454,LOC-03,SVC-06,Routine,Case Manager,Portal,2026-02-02,23.2,Low,0,0,2,0,6,185
REQ-003455,LOC-03,SVC-01,Routine,Family Member,Phone,2026-02-02,63.2,High,0,0,2,0,6,185
REQ-003456,LOC-07,SVC-06,Routine,Client,Portal,2026-02-02,13.6,Low,0,0,2,0,6,185
REQ-003457,LOC-09,SVC-05,Routine,Case Manager,Portal,2026-02-02,38.4,Medium,0,0,2,0,6,185
REQ-003458,LOC-10,SVC-04,Priority,Client,Portal,2026-02-02,72.2,High,0,0,2,0,6,185
REQ-003459,LOC-06,SVC-05,Priority,Case Manager,Portal,2026-02-02,29.2,Medium,0,0,2,0,6,185
REQ-003460,LOC-10,SVC-05,Priority,Family Member,Referral,2026-02-02,13.0,Low,0,0,2,0,6,185
REQ-003461,LOC-06,SVC-04,Emergency,Family Member,Phone,2026-02-02,65.4,High,0,0,2,0,6,185
REQ-003465,LOC-10,SVC-07,Priority,Case Manager,Portal,2026-02-02,23.3,Low,0,0,2,0,6,185
REQ-003466,LOC-02,SVC-01,Routine,Client,Phone,2026-02-02,65.6,High,0,0,2,0,6,185
REQ-003467,LOC-04,SVC-01,Priority,Case Manager,Phone,2026-02-02,17.3,Low,0,0,2,0,6,185
REQ-003468,LOC-04,SVC-05,Priority,Client,Portal,2026-02-03,12.5,Low,1,0,2,0,6,186
REQ-003469,LOC-01,SVC-08,Routine,Case Manager,Referral,2026-02-03,33.8,Medium,1,0,2,0,6,186
REQ-003471,LOC-02,SVC-02,Urgent,GP / Clinician,Referral,2026-02-03,82.9,Critical,1,0,2,0,6,186
REQ-003472,LOC-06,SVC-03,Urgent,Family Member,Portal,2026-02-03,81.3,Critical,1,0,2,0,6,186
REQ-003473,LOC-09,SVC-02,Priority,Client,Referral,2026-02-03,21.6,Low,1,0,2,0,6,186
REQ-003474,LOC-09,SVC-03,Routine,Client,Portal,2026-02-03,30.9,Medium,1,0,2,0,6,186
REQ-003475,LOC-05,SVC-04,Priority,Family Member,Referral,2026-02-03,39.0,Medium,1,0,2,0,6,186
REQ-003476,LOC-07,SVC-06,Routine,Case Manager,Phone,2026-02-03,29.2,Medium,1,0,2,0,6,186
REQ-003477,LOC-04,SVC-02,Routine,Client,Case Manager,2026-02-03,1.9,Low,1,0,2,0,6,186
REQ-003478,LOC-05,SVC-07,Routine,Client,Phone,2026-02-03,9.3,Low,1,0,2,0,6,186
REQ-003479,LOC-05,SVC-08,Routine,Case Manager,Portal,2026-02-03,26.0,Low,1,0,2,0,6,186
REQ-003480,LOC-02,SVC-01,Routine,Family Member,Phone,2026-02-03,36.9,Medium,1,0,2,0,6,186
REQ-003481,LOC-08,SVC-02,Routine,Client,Phone,2026-02-03,15.1,Low,1,0,2,0,6,186
REQ-003483,LOC-09,SVC-04,Routine,Client,Case Manager,2026-02-03,21.1,Low,1,0,2,0,6,186
REQ-003484,LOC-04,SVC-05,Routine,Client,Phone,2026-02-03,33.7,Medium,1,0,2,0,6,186
REQ-003485,LOC-06,SVC-03,Priority,Client,Portal,2026-02-03,40.2,Medium,1,0,2,0,6,186
REQ-003486,LOC-01,SVC-02,Routine,Client,Phone,2026-02-03,66.8,High,1,0,2,0,6,186
REQ-003488,LOC-09,SVC-03,Urgent,Client,Phone,2026-02-03,24.9,Low,1,0,2,0,6,186
REQ-003489,LOC-03,SVC-01,Urgent,Case Manager,Portal,2026-02-03,61.1,High,1,0,2,0,6,186
REQ-003490,LOC-03,SVC-02,Routine,Family Member,Portal,2026-02-03,15.6,Low,1,0,2,0,6,186
REQ-003491,LOC-07,SVC-09,Routine,Client,Portal,2026-02-03,22.5,Low,1,0,2,0,6,186
REQ-003492,LOC-01,SVC-08,Urgent,Case Manager,Phone,2026-02-03,83.4,Critical,1,0,2,0,6,186
REQ-003493,LOC-07,SVC-06,Priority,Client,Portal,2026-02-03,49.7,Medium,1,0,2,0,6,186
REQ-003494,LOC-08,SVC-02,Priority,Client,Portal,2026-02-03,7.9,Low,1,0,2,0,6,186
REQ-003495,LOC-04,SVC-07,Routine,Case Manager,Referral,2026-02-03,19.2,Low,1,0,2,0,6,186
REQ-003496,LOC-04,SVC-01,Routine,Client,Phone,2026-02-03,6.6,Low,1,0,2,0,6,186
REQ-003497,LOC-06,SVC-08,Routine,Family Member,Case Manager,2026-02-04,30.7,Medium,2,0,2,0,6,187
REQ-003499,LOC-03,SVC-02,Routine,Client,Referral,2026-02-04,66.0,High,2,0,2,0,6,187
REQ-003500,LOC-06,SVC-07,Priority,GP / Clinician,Portal,2026-02-04,62.7,High,2,0,2,0,6,187
REQ-003501,LOC-02,SVC-02,Urgent,Case Manager,Case Manager,2026-02-04,92.2,Critical,2,0,2,0,6,187
REQ-003502,LOC-09,SVC-01,Priority,Client,Case Manager,2026-02-04,57.5,High,2,0,2,0,6,187
REQ-003503,LOC-06,SVC-05,Routine,Client,Portal,2026-02-04,7.3,Low,2,0,2,0,6,187
REQ-003504,LOC-03,SVC-05,Priority,Client,Portal,2026-02-04,19.6,Low,2,0,2,0,6,187
REQ-003505,LOC-08,SVC-04,Routine,Client,Portal,2026-02-04,23.3,Medium,2,0,2,0,6,187
REQ-003506,LOC-05,SVC-04,Priority,Client,Case Manager,2026-02-04,31.8,Medium,2,0,2,0,6,187
REQ-003507,LOC-07,SVC-05,Urgent,GP / Clinician,Phone,2026-02-04,93.3,Critical,2,0,2,0,6,187
REQ-003508,LOC-01,SVC-05,Routine,Family Member,Referral,2026-02-04,15.3,Low,2,0,2,0,6,187
REQ-003509,LOC-01,SVC-06,Priority,Client,Case Manager,2026-02-04,37.0,Medium,2,0,2,0,6,187
REQ-003510,LOC-09,SVC-02,Routine,Case Manager,Case Manager,2026-02-04,31.6,Medium,2,0,2,0,6,187
REQ-003511,LOC-10,SVC-03,Priority,Case Manager,Phone,2026-02-04,86.8,Critical,2,0,2,0,6,187
REQ-003514,LOC-10,SVC-01,Urgent,Family Member,Referral,2026-02-04,38.8,Medium,2,0,2,0,6,187
REQ-003515,LOC-09,SVC-04,Routine,Case Manager,Phone,2026-02-04,31.4,Medium,2,0,2,0,6,187
REQ-003516,LOC-03,SVC-01,Routine,Family Member,Portal,2026-02-04,20.6,Low,2,0,2,0,6,187
REQ-003518,LOC-02,SVC-03,Priority,Family Member,Portal,2026-02-04,4.3,Low,2,0,2,0,6,187
REQ-003519,LOC-08,SVC-01,Routine,Family Member,Portal,2026-02-04,34.8,Medium,2,0,2,0,6,187
REQ-003520,LOC-04,SVC-05,Priority,Family Member,Phone,2026-02-04,59.7,High,2,0,2,0,6,187
REQ-003521,LOC-03,SVC-06,Priority,Client,Referral,2026-02-04,14.8,Low,2,0,2,0,6,187
REQ-003524,LOC-08,SVC-07,Routine,Client,Portal,2026-02-05,6.9,Low,3,0,2,0,6,188
REQ-003525,LOC-04,SVC-05,Routine,Client,Phone,2026-02-05,9.7,Low,3,0,2,0,6,188
REQ-003526,LOC-04,SVC-09,Routine,Client,Portal,2026-02-05,1.4,Low,3,0,2,0,6,188
REQ-003527,LOC-02,SVC-01,Priority,Client,Referral,2026-02-05,35.0,Medium,3,0,2,0,6,188
REQ-003529,LOC-06,SVC-04,Routine,Client,Portal,2026-02-05,27.5,Low,3,0,2,0,6,188
REQ-003530,LOC-01,SVC-06,Priority,Case Manager,Phone,2026-02-05,65.6,High,3,0,2,0,6,188
REQ-003531,LOC-05,SVC-07,Routine,Family Member,Phone,2026-02-05,65.6,High,3,0,2,0,6,188
REQ-003533,LOC-02,SVC-01,Emergency,Client,Portal,2026-02-05,33.8,Medium,3,0,2,0,6,188
REQ-003534,LOC-08,SVC-02,Priority,Family Member,Portal,2026-02-05,11.0,Low,3,0,2,0,6,188
REQ-003535,LOC-10,SVC-08,Routine,Case Manager,Portal,2026-02-05,10.2,Low,3,0,2,0,6,188
REQ-003536,LOC-04,SVC-05,Urgent,Client,Portal,2026-02-05,18.5,Low,3,0,2,0,6,188
REQ-003537,LOC-06,SVC-02,Priority,Case Manager,Portal,2026-02-05,47.9,Medium,3,0,2,0,6,188
REQ-003538,LOC-07,SVC-01,Routine,Client,Portal,2026-02-05,22.5,Low,3,0,2,0,6,188
REQ-003539,LOC-04,SVC-03,Urgent,Case Manager,Referral,2026-02-05,74.4,High,3,0,2,0,6,188
REQ-003541,LOC-08,SVC-04,Priority,Client,Portal,2026-02-05,70.4,High,3,0,2,0,6,188
REQ-003542,LOC-07,SVC-05,Priority,Client,Case Manager,2026-02-05,45.5,Medium,3,0,2,0,6,188
REQ-003543,LOC-10,SVC-01,Emergency,Client,Referral,2026-02-05,59.2,High,3,0,2,0,6,188
REQ-003544,LOC-02,SVC-01,Priority,GP / Clinician,Case Manager,2026-02-05,88.8,Critical,3,0,2,0,6,188
REQ-003545,LOC-08,SVC-02,Emergency,Family Member,Case Manager,2026-02-05,72.1,High,3,0,2,0,6,188
REQ-003546,LOC-05,SVC-03,Routine,Family Member,Case Manager,2026-02-05,12.6,Low,3,0,2,0,6,188
REQ-003547,LOC-09,SVC-01,Urgent,Family Member,Referral,2026-02-06,71.3,High,4,0,2,0,6,189
REQ-003549,LOC-07,SVC-05,Urgent,Family Member,Phone,2026-02-06,62.1,High,4,0,2,0,6,189
REQ-003550,LOC-01,SVC-05,Routine,Client,Phone,2026-02-06,13.1,Low,4,0,2,0,6,189
REQ-003551,LOC-07,SVC-04,Priority,Family Member,Phone,2026-02-06,49.9,Medium,4,0,2,0,6,189
REQ-003552,LOC-09,SVC-04,Urgent,Family Member,Phone,2026-02-06,40.0,Medium,4,0,2,0,6,189
REQ-003554,LOC-01,SVC-01,Routine,Case Manager,Portal,2026-02-06,11.0,Low,4,0,2,0,6,189
REQ-003555,LOC-06,SVC-05,Routine,Family Member,Case Manager,2026-02-06,28.7,Low,4,0,2,0,6,189
REQ-003556,LOC-10,SVC-01,Routine,Client,Phone,2026-02-06,19.8,Low,4,0,2,0,6,189
REQ-003558,LOC-04,SVC-06,Routine,Client,Phone,2026-02-06,21.1,Low,4,0,2,0,6,189
REQ-003559,LOC-03,SVC-05,Routine,Family Member,Case Manager,2026-02-06,20.2,Low,4,0,2,0,6,189
REQ-003560,LOC-07,SVC-02,Routine,GP / Clinician,Portal,2026-02-06,69.2,High,4,0,2,0,6,189
REQ-003561,LOC-06,SVC-04,Routine,Case Manager,Referral,2026-02-06,35.3,Medium,4,0,2,0,6,189
REQ-003562,LOC-10,SVC-09,Routine,Client,Portal,2026-02-06,14.8,Low,4,0,2,0,6,189
REQ-003563,LOC-01,SVC-02,Routine,GP / Clinician,Portal,2026-02-06,21.5,Low,4,0,2,0,6,189
REQ-003564,LOC-08,SVC-02,Priority,Client,Phone,2026-02-06,16.6,Low,4,0,2,0,6,189
REQ-003565,LOC-09,SVC-07,Priority,Case Manager,Phone,2026-02-06,64.4,High,4,0,2,0,6,189
REQ-003566,LOC-05,SVC-02,Routine,Case Manager,Phone,2026-02-06,47.0,Medium,4,0,2,0,6,189
REQ-003567,LOC-01,SVC-01,Routine,Family Member,Portal,2026-02-06,27.4,Medium,4,0,2,0,6,189
REQ-003568,LOC-08,SVC-06,Routine,Client,Phone,2026-02-06,21.9,Low,4,0,2,0,6,189
REQ-003570,LOC-08,SVC-02,Routine,Family Member,Portal,2026-02-06,32.3,Medium,4,0,2,0,6,189
REQ-003572,LOC-07,SVC-04,Routine,Client,Phone,2026-02-06,9.0,Low,4,0,2,0,6,189
REQ-003573,LOC-06,SVC-06,Routine,Client,Referral,2026-02-06,14.5,Low,4,0,2,0,6,189
REQ-003574,LOC-10,SVC-04,Priority,Case Manager,Referral,2026-02-06,88.1,Critical,4,0,2,0,6,189
REQ-003575,LOC-06,SVC-01,Priority,Client,Phone,2026-02-06,14.9,Low,4,0,2,0,6,189
REQ-003576,LOC-07,SVC-01,Routine,Case Manager,Phone,2026-02-06,43.6,Medium,4,0,2,0,6,189
REQ-003577,LOC-05,SVC-08,Routine,Case Manager,Phone,2026-02-06,85.9,Critical,4,0,2,0,6,189
REQ-003578,LOC-06,SVC-02,Urgent,Case Manager,Case Manager,2026-02-06,27.8,Medium,4,0,2,0,6,189
REQ-003579,LOC-08,SVC-01,Priority,Client,Portal,2026-02-06,32.1,Medium,4,0,2,0,6,189
REQ-003580,LOC-01,SVC-06,Routine,Family Member,Case Manager,2026-02-06,59.8,High,4,0,2,0,6,189
REQ-003583,LOC-07,SVC-09,Priority,Client,Referral,2026-02-06,42.9,Medium,4,0,2,0,6,189
REQ-003584,LOC-08,SVC-05,Routine,Client,Portal,2026-02-07,13.8,Low,5,1,2,0,6,190
REQ-003585,LOC-05,SVC-03,Routine,Client,Phone,2026-02-07,37.1,Medium,5,1,2,0,6,190
REQ-003586,LOC-07,SVC-07,Routine,Client,Phone,2026-02-07,27.9,Medium,5,1,2,0,6,190
REQ-003588,LOC-06,SVC-02,Routine,Client,Phone,2026-02-07,4.2,Low,5,1,2,0,6,190
REQ-003589,LOC-08,SVC-02,Priority,GP / Clinician,Phone,2026-02-07,63.3,High,5,1,2,0,6,190
REQ-003592,LOC-07,SVC-02,Routine,Family Member,Phone,2026-02-08,10.9,Low,6,1,2,0,6,191
REQ-003593,LOC-10,SVC-03,Urgent,GP / Clinician,Referral,2026-02-08,67.7,High,6,1,2,0,6,191
REQ-003594,LOC-06,SVC-02,Priority,Case Manager,Portal,2026-02-08,44.6,Medium,6,1,2,0,6,191
REQ-003595,LOC-09,SVC-04,Routine,Client,Phone,2026-02-08,14.9,Low,6,1,2,0,6,191
REQ-003596,LOC-10,SVC-04,Routine,Case Manager,Phone,2026-02-08,46.8,Medium,6,1,2,0,6,191
REQ-003597,LOC-03,SVC-07,Priority,Family Member,Portal,2026-02-08,18.3,Low,6,1,2,0,6,191
REQ-003598,LOC-03,SVC-07,Priority,Case Manager,Phone,2026-02-08,77.5,High,6,1,2,0,6,191
REQ-003599,LOC-06,SVC-02,Routine,Case Manager,Case Manager,2026-02-09,38.2,Medium,0,0,2,0,7,192
REQ-003600,LOC-05,SVC-01,Priority,Family Member,Phone,2026-02-09,37.2,Medium,0,0,2,0,7,192
REQ-003601,LOC-08,SVC-02,Priority,Client,Case Manager,2026-02-09,56.5,High,0,0,2,0,7,192
REQ-003602,LOC-03,SVC-04,Emergency,Client,Referral,2026-02-09,33.2,Medium,0,0,2,0,7,192
REQ-003603,LOC-01,SVC-06,Priority,Client,Phone,2026-02-09,82.2,Critical,0,0,2,0,7,192
REQ-003605,LOC-07,SVC-03,Routine,Client,Case Manager,2026-02-09,40.7,Medium,0,0,2,0,7,192
REQ-003606,LOC-08,SVC-05,Urgent,Family Member,Portal,2026-02-09,42.8,Medium,0,0,2,0,7,192
REQ-003608,LOC-05,SVC-01,Priority,Case Manager,Phone,2026-02-09,46.8,Medium,0,0,2,0,7,192
REQ-003609,LOC-01,SVC-06,Priority,Family Member,Phone,2026-02-09,12.9,Low,0,0,2,0,7,192
REQ-003610,LOC-06,SVC-05,Priority,Client,Phone,2026-02-09,33.0,Medium,0,0,2,0,7,192
REQ-003611,LOC-06,SVC-06,Emergency,Client,Portal,2026-02-09,92.4,Critical,0,0,2,0,7,192
REQ-003612,LOC-06,SVC-03,Routine,Family Member,Phone,2026-02-09,53.6,High,0,0,2,0,7,192
REQ-003613,LOC-01,SVC-05,Priority,Client,Phone,2026-02-09,39.1,Medium,0,0,2,0,7,192
REQ-003614,LOC-06,SVC-01,Routine,GP / Clinician,Case Manager,2026-02-09,38.8,Medium,0,0,2,0,7,192
REQ-003615,LOC-06,SVC-05,Routine,Family Member,Phone,2026-02-09,22.4,Low,0,0,2,0,7,192
REQ-003616,LOC-10,SVC-06,Routine,Client,Referral,2026-02-09,1.4,Low,0,0,2,0,7,192
REQ-003617,LOC-10,SVC-04,Priority,Family Member,Phone,2026-02-09,63.3,High,0,0,2,0,7,192
REQ-003618,LOC-04,SVC-03,Routine,Family Member,Portal,2026-02-09,17.3,Low,0,0,2,0,7,192
REQ-003619,LOC-07,SVC-07,Priority,Case Manager,Phone,2026-02-09,58.9,High,0,0,2,0,7,192
REQ-003621,LOC-01,SVC-06,Urgent,Family Member,Phone,2026-02-09,68.1,High,0,0,2,0,7,192
REQ-003622,LOC-10,SVC-03,Urgent,Case Manager,Phone,2026-02-09,75.9,High,0,0,2,0,7,192
REQ-003623,LOC-02,SVC-05,Priority,Family Member,Case Manager,2026-02-10,63.3,High,1,0,2,0,7,193
REQ-003624,LOC-06,SVC-03,Routine,Family Member,Portal,2026-02-10,17.0,Low,1,0,2,0,7,193
REQ-003625,LOC-01,SVC-06,Urgent,Case Manager,Portal,2026-02-10,21.7,Low,1,0,2,0,7,193
REQ-003626,LOC-08,SVC-01,Routine,Client,Portal,2026-02-10,23.7,Low,1,0,2,0,7,193
REQ-003628,LOC-06,SVC-01,Urgent,Client,Phone,2026-02-10,17.0,Low,1,0,2,0,7,193
REQ-003629,LOC-07,SVC-05,Emergency,Case Manager,Portal,2026-02-10,39.6,Medium,1,0,2,0,7,193
REQ-003630,LOC-01,SVC-07,Routine,Case Manager,Portal,2026-02-10,35.9,Medium,1,0,2,0,7,193
REQ-003632,LOC-06,SVC-06,Priority,GP / Clinician,Portal,2026-02-10,33.5,Medium,1,0,2,0,7,193
REQ-003633,LOC-03,SVC-06,Routine,Family Member,Phone,2026-02-10,16.6,Low,1,0,2,0,7,193
REQ-003634,LOC-03,SVC-01,Routine,Family Member,Phone,2026-02-10,48.8,Medium,1,0,2,0,7,193
REQ-003635,LOC-03,SVC-01,Routine,Case Manager,Case Manager,2026-02-10,17.9,Low,1,0,2,0,7,193
REQ-003636,LOC-08,SVC-04,Routine,Client,Portal,2026-02-10,17.1,Low,1,0,2,0,7,193
REQ-003637,LOC-06,SVC-01,Emergency,Case Manager,Phone,2026-02-10,62.6,High,1,0,2,0,7,193
REQ-003638,LOC-06,SVC-05,Routine,Client,Phone,2026-02-10,34.4,Medium,1,0,2,0,7,193
REQ-003640,LOC-06,SVC-07,Urgent,Case Manager,Portal,2026-02-10,32.3,Medium,1,0,2,0,7,193
REQ-003642,LOC-08,SVC-02,Routine,Family Member,Phone,2026-02-10,34.0,Medium,1,0,2,0,7,193
REQ-003643,LOC-10,SVC-06,Priority,Client,Referral,2026-02-10,27.4,Low,1,0,2,0,7,193
REQ-003644,LOC-05,SVC-09,Urgent,Family Member,Phone,2026-02-10,43.1,Medium,1,0,2,0,7,193
REQ-003645,LOC-01,SVC-03,Urgent,Client,Portal,2026-02-10,11.9,Low,1,0,2,0,7,193
REQ-003646,LOC-03,SVC-01,Routine,Client,Phone,2026-02-10,22.3,Low,1,0,2,0,7,193
REQ-003647,LOC-05,SVC-05,Routine,Family Member,Phone,2026-02-10,41.9,Medium,1,0,2,0,7,193
REQ-003648,LOC-10,SVC-01,Priority,Family Member,Phone,2026-02-10,22.0,Low,1,0,2,0,7,193
REQ-003650,LOC-09,SVC-06,Routine,Case Manager,Referral,2026-02-10,86.2,Critical,1,0,2,0,7,193
REQ-003651,LOC-03,SVC-01,Emergency,GP / Clinician,Phone,2026-02-10,78.0,Critical,1,0,2,0,7,193
REQ-003652,LOC-01,SVC-04,Priority,Client,Case Manager,2026-02-10,37.5,Medium,1,0,2,0,7,193
REQ-003653,LOC-02,SVC-02,Routine,Client,Phone,2026-02-10,44.8,Medium,1,0,2,0,7,193
REQ-003654,LOC-04,SVC-01,Priority,Client,Phone,2026-02-10,38.4,Medium,1,0,2,0,7,193
REQ-003655,LOC-01,SVC-06,Routine,Client,Portal,2026-02-10,18.9,Low,1,0,2,0,7,193
REQ-003656,LOC-05,SVC-02,Priority,GP / Clinician,Phone,2026-02-10,86.6,Critical,1,0,2,0,7,193
REQ-003657,LOC-01,SVC-08,Routine,Case Manager,Referral,2026-02-10,18.0,Low,1,0,2,0,7,193
REQ-003659,LOC-09,SVC-04,Priority,Client,Phone,2026-02-11,44.1,High,2,0,2,0,7,194
REQ-003660,LOC-06,SVC-01,Routine,Family Member,Portal,2026-02-11,26.7,Low,2,0,2,0,7,194
REQ-003661,LOC-06,SVC-03,Routine,Family Member,Phone,2026-02-11,29.8,Medium,2,0,2,0,7,194
REQ-003663,LOC-02,SVC-05,Priority,Client,Referral,2026-02-11,55.0,High,2,0,2,0,7,194
REQ-003664,LOC-10,SVC-01,Routine,GP / Clinician,Phone,2026-02-11,73.6,High,2,0,2,0,7,194
REQ-003665,LOC-10,SVC-03,Priority,Family Member,Portal,2026-02-11,39.8,Medium,2,0,2,0,7,194
REQ-003666,LOC-06,SVC-04,Priority,Client,Portal,2026-02-11,22.1,Low,2,0,2,0,7,194
REQ-003667,LOC-06,SVC-02,Routine,Case Manager,Case Manager,2026-02-11,26.6,Medium,2,0,2,0,7,194
REQ-003668,LOC-02,SVC-01,Urgent,Client,Portal,2026-02-11,12.0,Low,2,0,2,0,7,194
REQ-003669,LOC-03,SVC-04,Urgent,Case Manager,Referral,2026-02-11,58.1,High,2,0,2,0,7,194
REQ-003670,LOC-02,SVC-02,Priority,Case Manager,Referral,2026-02-11,20.6,Low,2,0,2,0,7,194
REQ-003672,LOC-03,SVC-06,Urgent,Client,Phone,2026-02-11,42.6,Medium,2,0,2,0,7,194
REQ-003673,LOC-09,SVC-01,Routine,Client,Portal,2026-02-11,32.4,Medium,2,0,2,0,7,194
REQ-003674,LOC-03,SVC-07,Routine,Client,Portal,2026-02-11,26.6,Low,2,0,2,0,7,194
REQ-003675,LOC-08,SVC-04,Routine,Client,Referral,2026-02-11,11.9,Low,2,0,2,0,7,194
REQ-003677,LOC-08,SVC-01,Routine,Client,Phone,2026-02-11,46.6,Medium,2,0,2,0,7,194
REQ-003678,LOC-04,SVC-01,Priority,Family Member,Referral,2026-02-11,31.7,Medium,2,0,2,0,7,194
REQ-003679,LOC-07,SVC-01,Routine,Client,Portal,2026-02-11,45.6,Medium,2,0,2,0,7,194
REQ-003680,LOC-02,SVC-06,Urgent,Client,Phone,2026-02-11,38.5,Medium,2,0,2,0,7,194
REQ-003681,LOC-02,SVC-01,Priority,Client,Portal,2026-02-11,39.1,Medium,2,0,2,0,7,194
REQ-003682,LOC-04,SVC-02,Routine,Client,Portal,2026-02-11,6.1,Low,2,0,2,0,7,194
REQ-003683,LOC-02,SVC-07,Priority,Family Member,Phone,2026-02-11,38.6,Medium,2,0,2,0,7,194
REQ-003684,LOC-07,SVC-05,Routine,Client,Phone,2026-02-11,10.9,Low,2,0,2,0,7,194
REQ-003685,LOC-03,SVC-06,Routine,Client,Portal,2026-02-12,9.2,Low,3,0,2,0,7,195
REQ-003686,LOC-06,SVC-07,Routine,Family Member,Portal,2026-02-12,24.3,Low,3,0,2,0,7,195
REQ-003687,LOC-01,SVC-01,Routine,Case Manager,Phone,2026-02-12,35.9,Medium,3,0,2,0,7,195
REQ-003689,LOC-07,SVC-04,Routine,Client,Phone,2026-02-12,18.3,Low,3,0,2,0,7,195
REQ-003690,LOC-03,SVC-01,Routine,Family Member,Portal,2026-02-12,15.4,Low,3,0,2,0,7,195
REQ-003691,LOC-10,SVC-06,Urgent,GP / Clinician,Phone,2026-02-12,55.3,High,3,0,2,0,7,195
REQ-003693,LOC-08,SVC-02,Routine,Family Member,Phone,2026-02-12,42.2,Medium,3,0,2,0,7,195
REQ-003694,LOC-07,SVC-09,Routine,Client,Portal,2026-02-12,13.3,Low,3,0,2,0,7,195
REQ-003696,LOC-05,SVC-05,Urgent,GP / Clinician,Phone,2026-02-12,80.5,Critical,3,0,2,0,7,195
REQ-003697,LOC-02,SVC-09,Routine,Client,Phone,2026-02-12,15.0,Low,3,0,2,0,7,195
REQ-003698,LOC-10,SVC-07,Priority,Case Manager,Portal,2026-02-12,65.3,High,3,0,2,0,7,195
REQ-003699,LOC-02,SVC-01,Urgent,Client,Portal,2026-02-12,30.5,Medium,3,0,2,0,7,195
REQ-003700,LOC-08,SVC-03,Emergency,Case Manager,Portal,2026-02-12,66.7,High,3,0,2,0,7,195
REQ-003701,LOC-06,SVC-01,Priority,Client,Referral,2026-02-12,27.0,Low,3,0,2,0,7,195
REQ-003702,LOC-07,SVC-02,Routine,Client,Phone,2026-02-12,13.3,Low,3,0,2,0,7,195
REQ-003703,LOC-10,SVC-06,Routine,Client,Phone,2026-02-12,15.3,Low,3,0,2,0,7,195
REQ-003704,LOC-04,SVC-02,Routine,Client,Case Manager,2026-02-12,35.6,Medium,3,0,2,0,7,195
REQ-003705,LOC-07,SVC-06,Priority,Client,Phone,2026-02-12,69.2,High,3,0,2,0,7,195
REQ-003706,LOC-02,SVC-07,Priority,GP / Clinician,Portal,2026-02-12,88.8,Critical,3,0,2,0,7,195
REQ-003707,LOC-05,SVC-08,Routine,Client,Portal,2026-02-12,41.2,Medium,3,0,2,0,7,195
REQ-003708,LOC-06,SVC-02,Routine,GP / Clinician,Referral,2026-02-12,35.4,Medium,3,0,2,0,7,195
REQ-003709,LOC-06,SVC-03,Urgent,Client,Referral,2026-02-12,34.8,Medium,3,0,2,0,7,195
REQ-003710,LOC-02,SVC-09,Routine,Client,Referral,2026-02-12,20.9,Low,3,0,2,0,7,195
REQ-003711,LOC-07,SVC-02,Priority,GP / Clinician,Referral,2026-02-12,84.2,Critical,3,0,2,0,7,195
REQ-003712,LOC-01,SVC-01,Routine,Client,Phone,2026-02-12,37.7,Medium,3,0,2,0,7,195
REQ-003713,LOC-07,SVC-01,Priority,Family Member,Referral,2026-02-12,36.5,Medium,3,0,2,0,7,195
REQ-003714,LOC-10,SVC-01,Urgent,Client,Portal,2026-02-12,14.1,Low,3,0,2,0,7,195
REQ-003717,LOC-10,SVC-04,Routine,Family Member,Portal,2026-02-13,14.6,Low,4,0,2,0,7,196
REQ-003718,LOC-07,SVC-07,Urgent,Client,Portal,2026-02-13,38.6,Medium,4,0,2,0,7,196
REQ-003719,LOC-01,SVC-06,Routine,Client,Portal,2026-02-13,40.9,Medium,4,0,2,0,7,196
REQ-003720,LOC-10,SVC-02,Urgent,Case Manager,Referral,2026-02-13,41.5,Medium,4,0,2,0,7,196
REQ-003721,LOC-07,SVC-02,Routine,Client,Phone,2026-02-13,15.4,Low,4,0,2,0,7,196
REQ-003722,LOC-01,SVC-07,Routine,Client,Portal,2026-02-13,14.9,Low,4,0,2,0,7,196
REQ-003723,LOC-10,SVC-01,Priority,GP / Clinician,Phone,2026-02-13,79.0,Critical,4,0,2,0,7,196
REQ-003724,LOC-03,SVC-01,Routine,Client,Referral,2026-02-13,17.4,Low,4,0,2,0,7,196
REQ-003725,LOC-01,SVC-07,Priority,GP / Clinician,Referral,2026-02-13,30.7,Medium,4,0,2,0,7,196
REQ-003726,LOC-08,SVC-05,Priority,GP / Clinician,Portal,2026-02-13,14.1,Low,4,0,2,0,7,196
REQ-003727,LOC-06,SVC-07,Urgent,Client,Case Manager,2026-02-13,23.3,Low,4,0,2,0,7,196
REQ-003728,LOC-08,SVC-03,Urgent,GP / Clinician,Portal,2026-02-13,39.4,Medium,4,0,2,0,7,196
REQ-003729,LOC-06,SVC-07,Priority,Client,Phone,2026-02-13,25.3,Low,4,0,2,0,7,196
REQ-003731,LOC-07,SVC-02,Routine,Client,Portal,2026-02-13,36.4,Medium,4,0,2,0,7,196
REQ-003733,LOC-06,SVC-05,Priority,Case Manager,Phone,2026-02-13,31.7,Medium,4,0,2,0,7,196
REQ-003734,LOC-07,SVC-04,Urgent,Client,Phone,2026-02-13,9.3,Low,4,0,2,0,7,196
REQ-003736,LOC-08,SVC-05,Routine,Client,Referral,2026-02-13,7.1,Low,4,0,2,0,7,196
REQ-003737,LOC-07,SVC-01,Priority,Family Member,Phone,2026-02-13,41.4,Medium,4,0,2,0,7,196
REQ-003738,LOC-06,SVC-03,Routine,Case Manager,Case Manager,2026-02-13,19.9,Low,4,0,2,0,7,196
REQ-003739,LOC-06,SVC-01,Routine,Client,Portal,2026-02-13,8.8,Low,4,0,2,0,7,196
REQ-003741,LOC-08,SVC-02,Routine,Client,Portal,2026-02-13,24.3,Low,4,0,2,0,7,196
REQ-003742,LOC-08,SVC-05,Priority,Case Manager,Referral,2026-02-13,15.6,Low,4,0,2,0,7,196
REQ-003743,LOC-03,SVC-04,Routine,Case Manager,Portal,2026-02-14,40.6,Medium,5,1,2,0,7,197
REQ-003744,LOC-05,SVC-01,Priority,GP / Clinician,Phone,2026-02-14,74.0,Critical,5,1,2,0,7,197
REQ-003746,LOC-09,SVC-03,Routine,Family Member,Portal,2026-02-14,6.7,Low,5,1,2,0,7,197
REQ-003748,LOC-01,SVC-05,Priority,Case Manager,Referral,2026-02-14,26.9,Medium,5,1,2,0,7,197
REQ-003749,LOC-06,SVC-05,Routine,Client,Referral,2026-02-14,16.3,Low,5,1,2,0,7,197
REQ-003751,LOC-09,SVC-01,Urgent,Client,Case Manager,2026-02-14,39.6,Medium,5,1,2,0,7,197
REQ-003752,LOC-07,SVC-04,Routine,Family Member,Phone,2026-02-15,37.1,Medium,6,1,2,0,7,198
REQ-003753,LOC-08,SVC-04,Routine,Client,Portal,2026-02-15,5.8,Low,6,1,2,0,7,198
REQ-003754,LOC-01,SVC-08,Priority,GP / Clinician,Referral,2026-02-15,74.2,High,6,1,2,0,7,198
REQ-003755,LOC-03,SVC-01,Routine,Family Member,Portal,2026-02-15,22.2,Low,6,1,2,0,7,198
REQ-003756,LOC-01,SVC-04,Routine,Family Member,Portal,2026-02-15,49.7,High,6,1,2,0,7,198
REQ-003759,LOC-07,SVC-01,Priority,Client,Portal,2026-02-15,9.3,Low,6,1,2,0,7,198
REQ-003760,LOC-03,SVC-05,Priority,Family Member,Portal,2026-02-15,15.5,Low,6,1,2,0,7,198
REQ-003761,LOC-06,SVC-06,Routine,Family Member,Phone,2026-02-16,30.1,Low,0,0,2,0,8,199
REQ-003763,LOC-08,SVC-06,Routine,Case Manager,Referral,2026-02-16,25.2,Medium,0,0,2,0,8,199
REQ-003764,LOC-07,SVC-09,Routine,Client,Portal,2026-02-16,14.8,Low,0,0,2,0,8,199
REQ-003765,LOC-07,SVC-03,Routine,Client,Phone,2026-02-16,37.9,Medium,0,0,2,0,8,199
REQ-003766,LOC-06,SVC-07,Priority,Family Member,Phone,2026-02-16,34.9,Medium,0,0,2,0,8,199
REQ-003767,LOC-03,SVC-06,Routine,Case Manager,Referral,2026-02-16,3.8,Low,0,0,2,0,8,199
REQ-003768,LOC-09,SVC-08,Routine,GP / Clinician,Referral,2026-02-16,54.5,High,0,0,2,0,8,199
REQ-003769,LOC-02,SVC-05,Priority,Family Member,Portal,2026-02-16,20.0,Low,0,0,2,0,8,199
REQ-003770,LOC-10,SVC-04,Routine,Client,Referral,2026-02-16,21.0,Low,0,0,2,0,8,199
REQ-003772,LOC-07,SVC-01,Routine,Family Member,Phone,2026-02-16,14.6,Low,0,0,2,0,8,199
REQ-003773,LOC-03,SVC-02,Routine,Client,Portal,2026-02-16,30.1,Medium,0,0,2,0,8,199
REQ-003774,LOC-01,SVC-05,Urgent,Case Manager,Portal,2026-02-16,50.4,High,0,0,2,0,8,199
REQ-003775,LOC-02,SVC-05,Routine,GP / Clinician,Case Manager,2026-02-16,82.9,Critical,0,0,2,0,8,199
REQ-003776,LOC-05,SVC-06,Routine,Family Member,Referral,2026-02-16,41.6,Medium,0,0,2,0,8,199
REQ-003777,LOC-09,SVC-01,Priority,Family Member,Referral,2026-02-16,71.6,High,0,0,2,0,8,199
REQ-003778,LOC-03,SVC-06,Priority,Case Manager,Portal,2026-02-16,62.9,High,0,0,2,0,8,199
REQ-003779,LOC-10,SVC-02,Routine,Client,Phone,2026-02-16,21.2,Low,0,0,2,0,8,199
REQ-003781,LOC-03,SVC-05,Priority,Client,Phone,2026-02-17,83.4,Critical,1,0,2,0,8,200
REQ-003782,LOC-01,SVC-05,Routine,Case Manager,Portal,2026-02-17,69.6,High,1,0,2,0,8,200
REQ-003783,LOC-06,SVC-05,Urgent,Case Manager,Phone,2026-02-17,74.5,Critical,1,0,2,0,8,200
REQ-003784,LOC-02,SVC-09,Routine,Family Member,Portal,2026-02-17,27.3,Medium,1,0,2,0,8,200
REQ-003785,LOC-06,SVC-03,Priority,Case Manager,Referral,2026-02-17,64.6,High,1,0,2,0,8,200
REQ-003786,LOC-09,SVC-06,Routine,Client,Referral,2026-02-17,46.7,Medium,1,0,2,0,8,200
REQ-003787,LOC-06,SVC-01,Priority,Family Member,Referral,2026-02-17,71.8,High,1,0,2,0,8,200
REQ-003788,LOC-05,SVC-01,Routine,GP / Clinician,Referral,2026-02-17,51.1,High,1,0,2,0,8,200
REQ-003789,LOC-05,SVC-08,Urgent,Family Member,Referral,2026-02-17,61.6,High,1,0,2,0,8,200
REQ-003790,LOC-06,SVC-05,Urgent,Family Member,Phone,2026-02-17,64.8,High,1,0,2,0,8,200
REQ-003791,LOC-05,SVC-06,Priority,GP / Clinician,Phone,2026-02-17,53.9,High,1,0,2,0,8,200
REQ-003792,LOC-06,SVC-02,Priority,Family Member,Referral,2026-02-17,18.4,Low,1,0,2,0,8,200
REQ-003793,LOC-03,SVC-02,Priority,Client,Portal,2026-02-17,43.9,Medium,1,0,2,0,8,200
REQ-003795,LOC-07,SVC-01,Urgent,Family Member,Phone,2026-02-17,34.2,Medium,1,0,2,0,8,200
REQ-003796,LOC-09,SVC-02,Priority,Client,Phone,2026-02-17,27.4,Low,1,0,2,0,8,200
REQ-003797,LOC-07,SVC-03,Routine,Family Member,Phone,2026-02-17,19.8,Medium,1,0,2,0,8,200
REQ-003798,LOC-02,SVC-02,Emergency,Case Manager,Portal,2026-02-17,72.6,High,1,0,2,0,8,200
REQ-003799,LOC-08,SVC-06,Priority,Case Manager,Phone,2026-02-17,54.4,Medium,1,0,2,0,8,200
REQ-003800,LOC-06,SVC-05,Routine,Case Manager,Portal,2026-02-17,16.7,Low,1,0,2,0,8,200
REQ-003801,LOC-09,SVC-06,Routine,Client,Portal,2026-02-17,35.1,Medium,1,0,2,0,8,200
REQ-003802,LOC-04,SVC-06,Urgent,Client,Case Manager,2026-02-17,32.5,Medium,1,0,2,0,8,200
REQ-003803,LOC-04,SVC-08,Urgent,Family Member,Phone,2026-02-18,63.8,High,2,0,2,0,8,201
REQ-003804,LOC-07,SVC-01,Urgent,Case Manager,Referral,2026-02-18,45.7,Medium,2,0,2,0,8,201
REQ-003805,LOC-08,SVC-03,Priority,Case Manager,Referral,2026-02-18,36.4,Medium,2,0,2,0,8,201
REQ-003806,LOC-09,SVC-05,Routine,Client,Case Manager,2026-02-18,26.0,Low,2,0,2,0,8,201
REQ-003807,LOC-10,SVC-03,Urgent,Client,Phone,2026-02-18,66.9,High,2,0,2,0,8,201
REQ-003808,LOC-03,SVC-05,Routine,Family Member,Referral,2026-02-18,10.9,Low,2,0,2,0,8,201
REQ-003809,LOC-10,SVC-04,Routine,Client,Portal,2026-02-18,13.0,Low,2,0,2,0,8,201
REQ-003810,LOC-05,SVC-01,Routine,Client,Phone,2026-02-18,41.2,Medium,2,0,2,0,8,201
REQ-003811,LOC-10,SVC-01,Routine,GP / Clinician,Portal,2026-02-18,40.8,Medium,2,0,2,0,8,201
REQ-003812,LOC-08,SVC-04,Routine,Client,Referral,2026-02-18,40.9,Medium,2,0,2,0,8,201
REQ-003813,LOC-09,SVC-04,Routine,Client,Phone,2026-02-18,50.5,Medium,2,0,2,0,8,201
REQ-003814,LOC-08,SVC-01,Priority,Case Manager,Phone,2026-02-18,98.7,Critical,2,0,2,0,8,201
REQ-003815,LOC-03,SVC-07,Routine,Client,Portal,2026-02-18,35.5,Medium,2,0,2,0,8,201
REQ-003816,LOC-05,SVC-03,Routine,Client,Phone,2026-02-18,24.6,Medium,2,0,2,0,8,201
REQ-003818,LOC-06,SVC-03,Routine,Family Member,Portal,2026-02-18,17.9,Low,2,0,2,0,8,201
REQ-003819,LOC-03,SVC-08,Urgent,Client,Portal,2026-02-18,14.5,Low,2,0,2,0,8,201
REQ-003820,LOC-01,SVC-07,Routine,Family Member,Case Manager,2026-02-18,39.6,Medium,2,0,2,0,8,201
REQ-003821,LOC-07,SVC-03,Routine,Client,Phone,2026-02-18,10.7,Low,2,0,2,0,8,201
REQ-003822,LOC-09,SVC-01,Priority,Client,Portal,2026-02-19,33.4,Medium,3,0,2,0,8,202
REQ-003823,LOC-08,SVC-02,Routine,Family Member,Phone,2026-02-19,10.9,Low,3,0,2,0,8,202
REQ-003824,LOC-06,SVC-05,Routine,GP / Clinician,Phone,2026-02-19,43.8,Medium,3,0,2,0,8,202
REQ-003825,LOC-05,SVC-05,Urgent,Client,Portal,2026-02-19,34.6,Medium,3,0,2,0,8,202
REQ-003826,LOC-01,SVC-06,Routine,Client,Phone,2026-02-19,13.5,Low,3,0,2,0,8,202
REQ-003827,LOC-02,SVC-09,Urgent,Case Manager,Case Manager,2026-02-19,56.3,High,3,0,2,0,8,202
REQ-003828,LOC-02,SVC-02,Priority,Client,Referral,2026-02-19,40.1,Medium,3,0,2,0,8,202
REQ-003829,LOC-06,SVC-07,Routine,GP / Clinician,Case Manager,2026-02-19,13.6,Low,3,0,2,0,8,202
REQ-003830,LOC-10,SVC-06,Routine,Client,Referral,2026-02-19,4.8,Low,3,0,2,0,8,202
REQ-003831,LOC-04,SVC-02,Urgent,GP / Clinician,Phone,2026-02-19,84.2,Critical,3,0,2,0,8,202
REQ-003832,LOC-09,SVC-07,Routine,Client,Phone,2026-02-19,47.7,Medium,3,0,2,0,8,202
REQ-003833,LOC-10,SVC-02,Routine,Client,Case Manager,2026-02-19,12.9,Low,3,0,2,0,8,202
REQ-003834,LOC-10,SVC-05,Routine,Client,Portal,2026-02-19,7.0,Low,3,0,2,0,8,202
REQ-003835,LOC-02,SVC-01,Priority,Client,Portal,2026-02-19,39.9,Medium,3,0,2,0,8,202
REQ-003836,LOC-06,SVC-02,Routine,Client,Case Manager,2026-02-19,16.7,Low,3,0,2,0,8,202
REQ-003837,LOC-05,SVC-04,Priority,GP / Clinician,Phone,2026-02-19,55.1,High,3,0,2,0,8,202
REQ-003838,LOC-01,SVC-05,Routine,Family Member,Portal,2026-02-19,52.7,High,3,0,2,0,8,202
REQ-003839,LOC-05,SVC-05,Urgent,Case Manager,Portal,2026-02-19,60.4,High,3,0,2,0,8,202
REQ-003840,LOC-05,SVC-04,Routine,Client,Phone,2026-02-19,43.4,Medium,3,0,2,0,8,202
REQ-003841,LOC-09,SVC-06,Routine,Case Manager,Phone,2026-02-19,39.8,Medium,3,0,2,0,8,202
REQ-003842,LOC-09,SVC-02,Priority,Client,Phone,2026-02-19,64.7,High,3,0,2,0,8,202
REQ-003843,LOC-02,SVC-03,Routine,Client,Phone,2026-02-19,17.5,Low,3,0,2,0,8,202
REQ-003844,LOC-05,SVC-05,Priority,GP / Clinician,Referral,2026-02-19,62.0,High,3,0,2,0,8,202
REQ-003845,LOC-10,SVC-08,Routine,Family Member,Portal,2026-02-19,43.7,Medium,3,0,2,0,8,202
REQ-003846,LOC-06,SVC-01,Priority,Family Member,Phone,2026-02-19,83.3,Critical,3,0,2,0,8,202
REQ-003847,LOC-01,SVC-03,Routine,Client,Case Manager,2026-02-19,53.3,Medium,3,0,2,0,8,202
REQ-003850,LOC-01,SVC-03,Priority,Client,Phone,2026-02-20,22.4,Low,4,0,2,0,8,203
REQ-003851,LOC-03,SVC-09,Urgent,Client,Referral,2026-02-20,91.0,Critical,4,0,2,0,8,203
REQ-003852,LOC-09,SVC-03,Priority,Case Manager,Phone,2026-02-20,65.9,High,4,0,2,0,8,203
REQ-003853,LOC-05,SVC-07,Priority,Case Manager,Phone,2026-02-20,15.6,Low,4,0,2,0,8,203
REQ-003854,LOC-10,SVC-05,Routine,GP / Clinician,Referral,2026-02-20,39.7,Medium,4,0,2,0,8,203
REQ-003855,LOC-08,SVC-01,Urgent,GP / Clinician,Phone,2026-02-20,41.6,Medium,4,0,2,0,8,203
REQ-003856,LOC-08,SVC-05,Routine,Case Manager,Case Manager,2026-02-20,65.5,High,4,0,2,0,8,203
REQ-003857,LOC-01,SVC-04,Routine,Family Member,Portal,2026-02-20,71.3,High,4,0,2,0,8,203
REQ-003858,LOC-04,SVC-05,Emergency,Family Member,Case Manager,2026-02-20,85.1,Critical,4,0,2,0,8,203
REQ-003859,LOC-01,SVC-01,Routine,Client,Case Manager,2026-02-20,12.8,Low,4,0,2,0,8,203
REQ-003860,LOC-05,SVC-01,Priority,Family Member,Referral,2026-02-20,63.3,High,4,0,2,0,8,203
REQ-003861,LOC-09,SVC-01,Routine,Family Member,Phone,2026-02-20,33.6,Medium,4,0,2,0,8,203
REQ-003862,LOC-06,SVC-09,Priority,Client,Phone,2026-02-20,40.6,Medium,4,0,2,0,8,203
REQ-003863,LOC-06,SVC-04,Emergency,GP / Clinician,Portal,2026-02-20,90.8,Critical,4,0,2,0,8,203
REQ-003864,LOC-02,SVC-02,Priority,Family Member,Referral,2026-02-20,64.0,High,4,0,2,0,8,203
REQ-003865,LOC-06,SVC-06,Urgent,Family Member,Portal,2026-02-20,82.6,Critical,4,0,2,0,8,203
REQ-003866,LOC-02,SVC-03,Priority,Case Manager,Referral,2026-02-20,83.1,Critical,4,0,2,0,8,203
REQ-003868,LOC-07,SVC-09,Routine,Client,Phone,2026-02-20,24.6,Low,4,0,2,0,8,203
REQ-003869,LOC-10,SVC-09,Priority,Case Manager,Referral,2026-02-20,51.6,High,4,0,2,0,8,203
REQ-003870,LOC-06,SVC-09,Urgent,Family Member,Portal,2026-02-21,33.6,Medium,5,1,2,0,8,204
REQ-003871,LOC-08,SVC-04,Routine,Client,Phone,2026-02-21,11.6,Low,5,1,2,0,8,204
REQ-003872,LOC-02,SVC-09,Priority,Case Manager,Portal,2026-02-21,38.1,Medium,5,1,2,0,8,204
REQ-003874,LOC-02,SVC-03,Urgent,Case Manager,Phone,2026-02-21,12.4,Low,5,1,2,0,8,204
REQ-003876,LOC-06,SVC-01,Routine,Case Manager,Phone,2026-02-21,43.2,Medium,5,1,2,0,8,204
REQ-003877,LOC-04,SVC-09,Emergency,GP / Clinician,Portal,2026-02-21,63.4,High,5,1,2,0,8,204
REQ-003878,LOC-06,SVC-02,Routine,Family Member,Case Manager,2026-02-22,34.2,Medium,6,1,2,0,8,205
REQ-003879,LOC-08,SVC-05,Routine,Case Manager,Portal,2026-02-22,18.8,Low,6,1,2,0,8,205
REQ-003880,LOC-02,SVC-06,Priority,Case Manager,Phone,2026-02-22,68.5,High,6,1,2,0,8,205
REQ-003883,LOC-08,SVC-03,Routine,Client,Phone,2026-02-22,10.8,Low,6,1,2,0,8,205
REQ-003884,LOC-07,SVC-07,Routine,Client,Phone,2026-02-22,7.9,Low,6,1,2,0,8,205
REQ-003885,LOC-05,SVC-06,Routine,Family Member,Referral,2026-02-22,17.4,Low,6,1,2,0,8,205
REQ-003888,LOC-07,SVC-03,Routine,Case Manager,Portal,2026-02-23,14.5,Low,0,0,2,0,9,206
REQ-003889,LOC-07,SVC-07,Urgent,Family Member,Phone,2026-02-23,82.0,Critical,0,0,2,0,9,206
REQ-003891,LOC-02,SVC-05,Emergency,Case Manager,Referral,2026-02-23,65.4,High,0,0,2,0,9,206
REQ-003892,LOC-01,SVC-01,Priority,Family Member,Phone,2026-02-23,35.9,Medium,0,0,2,0,9,206
REQ-003893,LOC-05,SVC-01,Routine,Client,Phone,2026-02-23,39.4,Medium,0,0,2,0,9,206
REQ-003894,LOC-10,SVC-01,Routine,Client,Case Manager,2026-02-23,13.8,Low,0,0,2,0,9,206
REQ-003896,LOC-08,SVC-05,Priority,Family Member,Portal,2026-02-23,21.3,Low,0,0,2,0,9,206
REQ-003898,LOC-01,SVC-03,Priority,Client,Case Manager,2026-02-23,39.6,Medium,0,0,2,0,9,206
REQ-003899,LOC-01,SVC-01,Routine,Client,Phone,2026-02-23,47.2,Medium,0,0,2,0,9,206
REQ-003901,LOC-02,SVC-01,Routine,Case Manager,Referral,2026-02-23,65.1,High,0,0,2,0,9,206
REQ-003902,LOC-10,SVC-04,Routine,Client,Portal,2026-02-23,24.6,Low,0,0,2,0,9,206
REQ-003903,LOC-06,SVC-05,Routine,Family Member,Portal,2026-02-23,25.8,Low,0,0,2,0,9,206
REQ-003904,LOC-10,SVC-01,Routine,Client,Portal,2026-02-23,15.0,Low,0,0,2,0,9,206
REQ-003905,LOC-02,SVC-05,Urgent,Case Manager,Phone,2026-02-23,82.2,Critical,0,0,2,0,9,206
REQ-003906,LOC-04,SVC-01,Priority,Client,Phone,2026-02-23,47.3,Medium,0,0,2,0,9,206
REQ-003908,LOC-03,SVC-03,Urgent,Client,Case Manager,2026-02-24,47.4,Medium,1,0,2,0,9,207
REQ-003910,LOC-07,SVC-01,Urgent,Family Member,Portal,2026-02-24,37.4,Medium,1,0,2,0,9,207
REQ-003911,LOC-10,SVC-07,Routine,Family Member,Portal,2026-02-24,7.6,Low,1,0,2,0,9,207
REQ-003912,LOC-06,SVC-06,Priority,Client,Referral,2026-02-24,33.6,Medium,1,0,2,0,9,207
REQ-003913,LOC-02,SVC-07,Routine,Client,Phone,2026-02-24,45.9,Medium,1,0,2,0,9,207
REQ-003914,LOC-01,SVC-07,Priority,Family Member,Portal,2026-02-24,6.3,Low,1,0,2,0,9,207
REQ-003915,LOC-08,SVC-01,Routine,Client,Phone,2026-02-24,5.6,Low,1,0,2,0,9,207
REQ-003916,LOC-03,SVC-02,Routine,Client,Portal,2026-02-24,25.3,Low,1,0,2,0,9,207
REQ-003917,LOC-03,SVC-04,Priority,Client,Phone,2026-02-24,13.0,Low,1,0,2,0,9,207
REQ-003918,LOC-10,SVC-01,Routine,Client,Referral,2026-02-24,20.0,Low,1,0,2,0,9,207
REQ-003919,LOC-03,SVC-05,Routine,Case Manager,Case Manager,2026-02-24,30.4,Medium,1,0,2,0,9,207
REQ-003920,LOC-05,SVC-02,Priority,Client,Referral,2026-02-24,12.1,Low,1,0,2,0,9,207
REQ-003921,LOC-05,SVC-01,Urgent,Family Member,Referral,2026-02-24,55.3,High,1,0,2,0,9,207
REQ-003922,LOC-05,SVC-05,Urgent,Client,Phone,2026-02-24,69.1,High,1,0,2,0,9,207
REQ-003923,LOC-08,SVC-01,Priority,Family Member,Phone,2026-02-24,34.8,Medium,1,0,2,0,9,207
REQ-003924,LOC-08,SVC-03,Routine,Case Manager,Portal,2026-02-24,11.8,Low,1,0,2,0,9,207
REQ-003925,LOC-04,SVC-01,Routine,Client,Case Manager,2026-02-24,5.1,Low,1,0,2,0,9,207
REQ-003926,LOC-10,SVC-01,Priority,Client,Phone,2026-02-24,67.2,High,1,0,2,0,9,207
REQ-003927,LOC-01,SVC-07,Routine,Case Manager,Referral,2026-02-24,84.6,Critical,1,0,2,0,9,207
REQ-003928,LOC-09,SVC-04,Priority,Family Member,Portal,2026-02-24,8.9,Low,1,0,2,0,9,207
REQ-003929,LOC-01,SVC-01,Priority,Client,Phone,2026-02-24,63.8,High,1,0,2,0,9,207
REQ-003930,LOC-10,SVC-07,Routine,Family Member,Phone,2026-02-25,10.6,Low,2,0,2,0,9,208
REQ-003931,LOC-03,SVC-01,Routine,Family Member,Portal,2026-02-25,17.4,Low,2,0,2,0,9,208
REQ-003932,LOC-07,SVC-08,Routine,GP / Clinician,Phone,2026-02-25,76.8,Critical,2,0,2,0,9,208
REQ-003933,LOC-03,SVC-02,Urgent,Family Member,Referral,2026-02-25,31.7,Medium,2,0,2,0,9,208
REQ-003934,LOC-07,SVC-05,Routine,Client,Referral,2026-02-25,59.3,High,2,0,2,0,9,208
REQ-003935,LOC-04,SVC-06,Priority,Family Member,Phone,2026-02-25,48.2,Medium,2,0,2,0,9,208
REQ-003936,LOC-07,SVC-05,Routine,Family Member,Phone,2026-02-25,37.5,Medium,2,0,2,0,9,208
REQ-003937,LOC-06,SVC-05,Priority,GP / Clinician,Portal,2026-02-25,44.2,Medium,2,0,2,0,9,208
REQ-003940,LOC-01,SVC-07,Emergency,GP / Clinician,Case Manager,2026-02-25,76.4,Critical,2,0,2,0,9,208
REQ-003941,LOC-02,SVC-03,Urgent,Client,Portal,2026-02-25,62.4,High,2,0,2,0,9,208
REQ-003942,LOC-03,SVC-07,Routine,Case Manager,Case Manager,2026-02-25,24.1,Low,2,0,2,0,9,208
REQ-003943,LOC-07,SVC-02,Routine,Client,Portal,2026-02-25,15.3,Low,2,0,2,0,9,208
REQ-003945,LOC-05,SVC-09,Routine,Case Manager,Case Manager,2026-02-25,35.4,Medium,2,0,2,0,9,208
REQ-003946,LOC-10,SVC-05,Priority,Client,Phone,2026-02-25,24.5,Low,2,0,2,0,9,208
REQ-003947,LOC-07,SVC-06,Priority,Case Manager,Portal,2026-02-25,38.6,Medium,2,0,2,0,9,208
REQ-003949,LOC-08,SVC-05,Routine,Client,Portal,2026-02-26,65.5,High,3,0,2,0,9,209
REQ-003950,LOC-04,SVC-09,Routine,Family Member,Phone,2026-02-26,27.0,Low,3,0,2,0,9,209
REQ-003951,LOC-09,SVC-07,Priority,Client,Portal,2026-02-26,27.6,Low,3,0,2,0,9,209
REQ-003952,LOC-10,SVC-07,Routine,Family Member,Portal,2026-02-26,38.6,Medium,3,0,2,0,9,209
REQ-003954,LOC-04,SVC-02,Urgent,Case Manager,Case Manager,2026-02-26,55.0,High,3,0,2,0,9,209
REQ-003955,LOC-10,SVC-04,Routine,Case Manager,Phone,2026-02-26,63.3,High,3,0,2,0,9,209
REQ-003956,LOC-01,SVC-01,Routine,Case Manager,Phone,2026-02-26,57.8,High,3,0,2,0,9,209
REQ-003957,LOC-03,SVC-06,Emergency,Client,Case Manager,2026-02-26,44.8,Medium,3,0,2,0,9,209
REQ-003958,LOC-06,SVC-08,Priority,Family Member,Referral,2026-02-26,44.2,Medium,3,0,2,0,9,209
REQ-003959,LOC-01,SVC-08,Priority,Case Manager,Portal,2026-02-26,60.6,High,3,0,2,0,9,209
REQ-003960,LOC-05,SVC-06,Urgent,Client,Case Manager,2026-02-26,56.4,High,3,0,2,0,9,209
REQ-003961,LOC-01,SVC-01,Routine,Family Member,Phone,2026-02-26,46.8,Medium,3,0,2,0,9,209
REQ-003962,LOC-01,SVC-01,Routine,GP / Clinician,Portal,2026-02-26,66.1,High,3,0,2,0,9,209
REQ-003963,LOC-06,SVC-05,Routine,Client,Portal,2026-02-26,11.0,Low,3,0,2,0,9,209
REQ-003964,LOC-10,SVC-01,Emergency,Client,Phone,2026-02-26,16.0,Low,3,0,2,0,9,209
REQ-003965,LOC-08,SVC-01,Routine,Client,Phone,2026-02-26,6.5,Low,3,0,2,0,9,209
REQ-003966,LOC-05,SVC-01,Urgent,Client,Case Manager,2026-02-26,81.0,Critical,3,0,2,0,9,209
REQ-003967,LOC-10,SVC-01,Urgent,Case Manager,Phone,2026-02-26,70.8,High,3,0,2,0,9,209
REQ-003968,LOC-06,SVC-01,Routine,Family Member,Portal,2026-02-27,12.9,Low,4,0,2,0,9,210
REQ-003970,LOC-06,SVC-04,Urgent,Case Manager,Portal,2026-02-27,47.7,Medium,4,0,2,0,9,210
REQ-003971,LOC-10,SVC-01,Priority,GP / Clinician,Case Manager,2026-02-27,87.6,Critical,4,0,2,0,9,210
REQ-003972,LOC-09,SVC-06,Routine,GP / Clinician,Phone,2026-02-27,35.1,Medium,4,0,2,0,9,210
REQ-003974,LOC-05,SVC-06,Routine,Family Member,Portal,2026-02-27,34.0,Medium,4,0,2,0,9,210
REQ-003975,LOC-01,SVC-05,Priority,Client,Portal,2026-02-27,13.6,Low,4,0,2,0,9,210
REQ-003976,LOC-04,SVC-06,Priority,Client,Phone,2026-02-27,15.1,Low,4,0,2,0,9,210
REQ-003977,LOC-09,SVC-05,Routine,Client,Portal,2026-02-27,28.7,Low,4,0,2,0,9,210
REQ-003978,LOC-03,SVC-03,Routine,Case Manager,Portal,2026-02-27,60.0,High,4,0,2,0,9,210
REQ-003979,LOC-04,SVC-04,Routine,Family Member,Portal,2026-02-27,16.6,Low,4,0,2,0,9,210
REQ-003980,LOC-03,SVC-09,Priority,Family Member,Referral,2026-02-27,58.3,High,4,0,2,0,9,210
REQ-003981,LOC-05,SVC-09,Priority,Client,Phone,2026-02-27,39.6,Medium,4,0,2,0,9,210
REQ-003982,LOC-04,SVC-01,Priority,GP / Clinician,Referral,2026-02-27,52.9,High,4,0,2,0,9,210
REQ-003983,LOC-08,SVC-03,Urgent,Family Member,Portal,2026-02-27,26.5,Medium,4,0,2,0,9,210
REQ-003985,LOC-09,SVC-05,Priority,Client,Phone,2026-02-28,46.1,Medium,5,1,2,0,9,211
REQ-003986,LOC-02,SVC-08,Priority,Case Manager,Portal,2026-02-28,43.4,Medium,5,1,2,0,9,211
REQ-003987,LOC-02,SVC-01,Routine,Case Manager,Referral,2026-02-28,16.4,Low,5,1,2,0,9,211
REQ-003988,LOC-10,SVC-02,Priority,Client,Phone,2026-02-28,8.1,Low,5,1,2,0,9,211
REQ-003989,LOC-05,SVC-02,Priority,Case Manager,Phone,2026-02-28,68.1,High,5,1,2,0,9,211
REQ-003990,LOC-05,SVC-06,Urgent,Case Manager,Phone,2026-02-28,38.9,Medium,5,1,2,0,9,211
REQ-003992,LOC-06,SVC-02,Routine,Client,Phone,2026-02-28,38.7,Medium,5,1,2,0,9,211
REQ-003993,LOC-10,SVC-01,Priority,Client,Case Manager,2026-02-28,60.3,High,5,1,2,0,9,211
REQ-003994,LOC-07,SVC-05,Routine,Client,Referral,2026-02-28,38.4,Medium,5,1,2,0,9,211
REQ-003996,LOC-05,SVC-03,Routine,Client,Portal,2026-02-28,23.2,Low,5,1,2,0,9,211
REQ-003997,LOC-01,SVC-09,Routine,Client,Phone,2026-02-28,6.3,Low,5,1,2,0,9,211
REQ-003998,LOC-06,SVC-01,Priority,Client,Portal,2026-02-28,21.8,Low,5,1,2,0,9,211
REQ-003999,LOC-05,SVC-01,Routine,GP / Clinician,Referral,2026-03-01,42.1,Medium,6,1,3,0,9,212
REQ-004000,LOC-05,SVC-08,Routine,Case Manager,Phone,2026-03-01,68.0,High,6,1,3,0,9,212
REQ-004001,LOC-07,SVC-01,Urgent,Client,Case Manager,2026-03-01,35.3,Medium,6,1,3,0,9,212
REQ-004002,LOC-02,SVC-01,Routine,Family Member,Portal,2026-03-01,51.8,High,6,1,3,0,9,212
REQ-004003,LOC-01,SVC-04,Priority,Family Member,Referral,2026-03-01,55.1,High,6,1,3,0,9,212
REQ-004004,LOC-02,SVC-02,Routine,Client,Phone,2026-03-01,40.2,Medium,6,1,3,0,9,212
REQ-004005,LOC-05,SVC-07,Routine,Client,Phone,2026-03-01,30.7,Medium,6,1,3,0,9,212
REQ-004006,LOC-05,SVC-06,Urgent,Family Member,Phone,2026-03-01,63.2,High,6,1,3,0,9,212
REQ-004007,LOC-04,SVC-06,Priority,Case Manager,Phone,2026-03-01,72.5,High,6,1,3,0,9,212
REQ-004008,LOC-07,SVC-08,Routine,Client,Phone,2026-03-01,15.0,Low,6,1,3,0,9,212
REQ-004009,LOC-10,SVC-01,Priority,Case Manager,Phone,2026-03-01,59.9,High,6,1,3,0,9,212
REQ-004010,LOC-10,SVC-02,Routine,Client,Portal,2026-03-01,5.9,Low,6,1,3,0,9,212
REQ-004011,LOC-04,SVC-01,Routine,Client,Portal,2026-03-02,5.6,Low,0,0,3,0,10,213
REQ-004012,LOC-05,SVC-01,Routine,Client,Portal,2026-03-02,5.6,Low,0,0,3,0,10,213
REQ-004013,LOC-06,SVC-05,Routine,Family Member,Phone,2026-03-02,20.2,Low,0,0,3,0,10,213
REQ-004014,LOC-08,SVC-03,Priority,Family Member,Portal,2026-03-02,44.4,Medium,0,0,3,0,10,213
REQ-004015,LOC-10,SVC-04,Routine,Client,Phone,2026-03-02,11.9,Low,0,0,3,0,10,213
REQ-004016,LOC-04,SVC-05,Urgent,Case Manager,Referral,2026-03-02,56.3,High,0,0,3,0,10,213
REQ-004017,LOC-08,SVC-06,Routine,Client,Case Manager,2026-03-02,14.7,Low,0,0,3,0,10,213
REQ-004018,LOC-06,SVC-08,Emergency,GP / Clinician,Referral,2026-03-02,90.4,Critical,0,0,3,0,10,213
REQ-004020,LOC-08,SVC-02,Priority,Client,Phone,2026-03-02,6.7,Low,0,0,3,0,10,213
REQ-004021,LOC-05,SVC-07,Routine,Client,Referral,2026-03-02,31.5,Medium,0,0,3,0,10,213
REQ-004022,LOC-06,SVC-04,Routine,GP / Clinician,Case Manager,2026-03-02,45.0,Medium,0,0,3,0,10,213
REQ-004023,LOC-05,SVC-09,Urgent,Family Member,Portal,2026-03-02,33.3,Medium,0,0,3,0,10,213
REQ-004024,LOC-08,SVC-01,Urgent,Case Manager,Portal,2026-03-02,57.8,High,0,0,3,0,10,213
REQ-004025,LOC-01,SVC-07,Routine,GP / Clinician,Phone,2026-03-02,33.4,Medium,0,0,3,0,10,213
REQ-004026,LOC-04,SVC-05,Routine,Client,Referral,2026-03-02,64.5,High,0,0,3,0,10,213
REQ-004027,LOC-01,SVC-01,Routine,Client,Portal,2026-03-02,31.4,Medium,0,0,3,0,10,213
REQ-004030,LOC-03,SVC-04,Routine,GP / Clinician,Phone,2026-03-03,34.4,Medium,1,0,3,0,10,214
REQ-004031,LOC-01,SVC-05,Priority,Client,Portal,2026-03-03,16.2,Low,1,0,3,0,10,214
REQ-004032,LOC-06,SVC-04,Routine,Family Member,Referral,2026-03-03,62.3,High,1,0,3,0,10,214
REQ-004033,LOC-01,SVC-01,Urgent,Client,Portal,2026-03-03,14.3,Low,1,0,3,0,10,214
REQ-004034,LOC-10,SVC-07,Routine,Client,Portal,2026-03-03,39.9,Medium,1,0,3,0,10,214
REQ-004035,LOC-04,SVC-02,Priority,Family Member,Phone,2026-03-03,91.0,Critical,1,0,3,0,10,214
REQ-004036,LOC-08,SVC-04,Routine,Client,Referral,2026-03-03,24.8,Medium,1,0,3,0,10,214
REQ-004037,LOC-09,SVC-09,Priority,Case Manager,Phone,2026-03-03,62.2,High,1,0,3,0,10,214
REQ-004038,LOC-10,SVC-05,Routine,Client,Case Manager,2026-03-03,6.9,Low,1,0,3,0,10,214
REQ-004039,LOC-09,SVC-09,Emergency,Family Member,Phone,2026-03-03,88.2,Critical,1,0,3,0,10,214
REQ-004040,LOC-01,SVC-04,Priority,Case Manager,Case Manager,2026-03-03,61.5,High,1,0,3,0,10,214
REQ-004041,LOC-02,SVC-05,Priority,Case Manager,Referral,2026-03-03,37.7,Medium,1,0,3,0,10,214
REQ-004042,LOC-06,SVC-05,Priority,Client,Phone,2026-03-03,16.6,Low,1,0,3,0,10,214
REQ-004043,LOC-07,SVC-08,Priority,Case Manager,Case Manager,2026-03-03,84.7,Critical,1,0,3,0,10,214
REQ-004044,LOC-02,SVC-01,Routine,GP / Clinician,Case Manager,2026-03-03,34.3,Medium,1,0,3,0,10,214
REQ-004045,LOC-02,SVC-06,Routine,Client,Referral,2026-03-03,8.2,Low,1,0,3,0,10,214
REQ-004046,LOC-10,SVC-04,Priority,Case Manager,Phone,2026-03-03,88.1,Critical,1,0,3,0,10,214
REQ-004047,LOC-01,SVC-09,Routine,Case Manager,Phone,2026-03-03,83.9,Critical,1,0,3,0,10,214
REQ-004048,LOC-05,SVC-07,Priority,Case Manager,Portal,2026-03-03,82.6,Critical,1,0,3,0,10,214
REQ-004050,LOC-08,SVC-06,Urgent,Family Member,Case Manager,2026-03-03,79.9,Critical,1,0,3,0,10,214
REQ-004051,LOC-05,SVC-05,Routine,Client,Portal,2026-03-03,20.7,Low,1,0,3,0,10,214
REQ-004052,LOC-05,SVC-05,Routine,Family Member,Phone,2026-03-04,18.4,Low,2,0,3,0,10,215
REQ-004054,LOC-10,SVC-01,Emergency,GP / Clinician,Phone,2026-03-04,78.8,Critical,2,0,3,0,10,215
REQ-004055,LOC-02,SVC-07,Routine,Client,Case Manager,2026-03-04,14.9,Low,2,0,3,0,10,215
REQ-004056,LOC-04,SVC-01,Priority,Family Member,Portal,2026-03-04,21.3,Low,2,0,3,0,10,215
REQ-004058,LOC-03,SVC-01,Routine,Client,Case Manager,2026-03-04,30.6,Medium,2,0,3,0,10,215
REQ-004059,LOC-01,SVC-04,Urgent,Client,Phone,2026-03-04,50.5,Medium,2,0,3,0,10,215
REQ-004062,LOC-01,SVC-01,Priority,Family Member,Case Manager,2026-03-04,96.3,Critical,2,0,3,0,10,215
REQ-004064,LOC-02,SVC-05,Emergency,GP / Clinician,Case Manager,2026-03-04,86.6,Critical,2,0,3,0,10,215
REQ-004065,LOC-07,SVC-02,Routine,Family Member,Portal,2026-03-04,12.1,Low,2,0,3,0,10,215
REQ-004066,LOC-04,SVC-04,Priority,Client,Portal,2026-03-04,33.9,Medium,2,0,3,0,10,215
REQ-004068,LOC-10,SVC-08,Priority,Family Member,Phone,2026-03-04,42.7,Medium,2,0,3,0,10,215
REQ-004069,LOC-06,SVC-02,Routine,Case Manager,Phone,2026-03-04,7.2,Low,2,0,3,0,10,215
REQ-004072,LOC-02,SVC-01,Priority,Client,Phone,2026-03-04,61.7,High,2,0,3,0,10,215
REQ-004073,LOC-08,SVC-07,Urgent,Family Member,Phone,2026-03-05,61.1,High,3,0,3,0,10,216
REQ-004074,LOC-02,SVC-09,Priority,Family Member,Phone,2026-03-05,34.5,Medium,3,0,3,0,10,216
REQ-004075,LOC-09,SVC-01,Routine,Case Manager,Referral,2026-03-05,30.9,Medium,3,0,3,0,10,216
REQ-004076,LOC-01,SVC-02,Routine,Family Member,Portal,2026-03-05,46.2,Medium,3,0,3,0,10,216
REQ-004077,LOC-10,SVC-01,Priority,Case Manager,Phone,2026-03-05,84.0,Critical,3,0,3,0,10,216
REQ-004079,LOC-01,SVC-01,Routine,Client,Phone,2026-03-05,63.6,High,3,0,3,0,10,216
REQ-004080,LOC-09,SVC-09,Routine,Client,Referral,2026-03-05,40.3,Medium,3,0,3,0,10,216
REQ-004082,LOC-06,SVC-02,Urgent,Client,Phone,2026-03-05,16.4,Low,3,0,3,0,10,216
REQ-004083,LOC-07,SVC-06,Routine,Family Member,Case Manager,2026-03-05,59.4,High,3,0,3,0,10,216
REQ-004084,LOC-03,SVC-07,Priority,Client,Case Manager,2026-03-05,40.1,Medium,3,0,3,0,10,216
REQ-004085,LOC-06,SVC-03,Routine,Client,Phone,2026-03-05,9.4,Low,3,0,3,0,10,216
REQ-004086,LOC-10,SVC-09,Routine,Family Member,Case Manager,2026-03-05,36.9,Medium,3,0,3,0,10,216
REQ-004087,LOC-07,SVC-01,Priority,GP / Clinician,Phone,2026-03-05,46.3,Medium,3,0,3,0,10,216
REQ-004089,LOC-10,SVC-05,Routine,Client,Portal,2026-03-05,18.6,Low,3,0,3,0,10,216
REQ-004090,LOC-06,SVC-08,Routine,Client,Case Manager,2026-03-05,39.6,Medium,3,0,3,0,10,216
REQ-004091,LOC-05,SVC-06,Routine,Family Member,Referral,2026-03-05,87.0,Critical,3,0,3,0,10,216
REQ-004092,LOC-02,SVC-02,Priority,Family Member,Portal,2026-03-05,86.0,Critical,3,0,3,0,10,216
REQ-004093,LOC-08,SVC-03,Urgent,Case Manager,Phone,2026-03-05,85.6,Critical,3,0,3,0,10,216
REQ-004094,LOC-09,SVC-02,Priority,Family Member,Case Manager,2026-03-05,58.7,High,3,0,3,0,10,216
REQ-004095,LOC-09,SVC-02,Priority,Family Member,Phone,2026-03-05,35.5,Medium,3,0,3,0,10,216
REQ-004096,LOC-02,SVC-01,Priority,Case Manager,Portal,2026-03-05,37.4,Medium,3,0,3,0,10,216
REQ-004097,LOC-02,SVC-04,Priority,Client,Phone,2026-03-05,39.7,Medium,3,0,3,0,10,216
REQ-004098,LOC-03,SVC-02,Emergency,Client,Phone,2026-03-05,55.3,High,3,0,3,0,10,216
REQ-004099,LOC-07,SVC-01,Routine,Case Manager,Portal,2026-03-06,60.1,High,4,0,3,0,10,217
REQ-004100,LOC-08,SVC-01,Routine,GP / Clinician,Phone,2026-03-06,41.7,Medium,4,0,3,0,10,217
REQ-004101,LOC-01,SVC-01,Priority,Family Member,Phone,2026-03-06,41.0,Medium,4,0,3,0,10,217
REQ-004102,LOC-01,SVC-03,Urgent,GP / Clinician,Referral,2026-03-06,90.3,Critical,4,0,3,0,10,217
REQ-004103,LOC-02,SVC-06,Routine,Case Manager,Referral,2026-03-06,46.5,Medium,4,0,3,0,10,217
REQ-004104,LOC-03,SVC-07,Routine,Client,Case Manager,2026-03-06,37.8,Medium,4,0,3,0,10,217
REQ-004105,LOC-06,SVC-07,Routine,Family Member,Case Manager,2026-03-06,19.1,Low,4,0,3,0,10,217
REQ-004106,LOC-03,SVC-03,Routine,Case Manager,Phone,2026-03-06,19.9,Low,4,0,3,0,10,217
REQ-004107,LOC-02,SVC-01,Priority,Case Manager,Phone,2026-03-06,93.3,Critical,4,0,3,0,10,217
REQ-004108,LOC-02,SVC-08,Routine,Family Member,Portal,2026-03-06,37.7,Medium,4,0,3,0,10,217
REQ-004109,LOC-02,SVC-07,Routine,Family Member,Phone,2026-03-06,50.6,Medium,4,0,3,0,10,217
REQ-004110,LOC-06,SVC-01,Routine,Client,Referral,2026-03-06,25.6,Low,4,0,3,0,10,217
REQ-004111,LOC-10,SVC-01,Urgent,GP / Clinician,Phone,2026-03-06,86.1,Critical,4,0,3,0,10,217
REQ-004112,LOC-01,SVC-05,Routine,Family Member,Phone,2026-03-06,62.7,High,4,0,3,0,10,217
REQ-004113,LOC-01,SVC-04,Routine,Family Member,Referral,2026-03-06,71.5,High,4,0,3,0,10,217
REQ-004114,LOC-09,SVC-07,Routine,Client,Portal,2026-03-06,28.8,Medium,4,0,3,0,10,217
REQ-004115,LOC-04,SVC-06,Urgent,Client,Case Manager,2026-03-06,77.2,High,4,0,3,0,10,217
REQ-004116,LOC-06,SVC-06,Priority,Client,Phone,2026-03-07,54.7,High,5,1,3,0,10,218
REQ-004117,LOC-05,SVC-07,Urgent,Family Member,Referral,2026-03-07,37.9,Medium,5,1,3,0,10,218
REQ-004118,LOC-02,SVC-04,Urgent,Case Manager,Referral,2026-03-07,54.5,High,5,1,3,0,10,218
REQ-004119,LOC-09,SVC-05,Routine,Client,Referral,2026-03-07,11.6,Low,5,1,3,0,10,218
REQ-004121,LOC-03,SVC-03,Routine,Case Manager,Portal,2026-03-07,14.9,Low,5,1,3,0,10,218
REQ-004122,LOC-07,SVC-05,Priority,Family Member,Case Manager,2026-03-07,62.1,High,5,1,3,0,10,218
REQ-004123,LOC-05,SVC-05,Priority,Client,Portal,2026-03-07,20.2,Low,5,1,3,0,10,218
REQ-004124,LOC-07,SVC-06,Routine,GP / Clinician,Referral,2026-03-07,43.0,Medium,5,1,3,0,10,218
REQ-004126,LOC-08,SVC-04,Priority,Family Member,Phone,2026-03-07,19.7,Low,5,1,3,0,10,218
REQ-004127,LOC-08,SVC-05,Routine,GP / Clinician,Referral,2026-03-07,20.9,Low,5,1,3,0,10,218
REQ-004128,LOC-08,SVC-04,Routine,Client,Referral,2026-03-07,11.1,Low,5,1,3,0,10,218
REQ-004129,LOC-03,SVC-05,Routine,Client,Phone,2026-03-07,5.4,Low,5,1,3,0,10,218
REQ-004130,LOC-08,SVC-08,Urgent,GP / Clinician,Phone,2026-03-07,57.1,High,5,1,3,0,10,218
REQ-004131,LOC-04,SVC-05,Routine,Client,Phone,2026-03-07,14.0,Low,5,1,3,0,10,218
REQ-004132,LOC-09,SVC-09,Priority,Client,Portal,2026-03-07,43.9,Medium,5,1,3,0,10,218
REQ-004134,LOC-04,SVC-08,Priority,Case Manager,Referral,2026-03-07,7.1,Low,5,1,3,0,10,218
REQ-004135,LOC-07,SVC-05,Routine,Client,Referral,2026-03-08,14.5,Low,6,1,3,0,10,219
REQ-004136,LOC-06,SVC-02,Routine,Client,Portal,2026-03-08,20.2,Low,6,1,3,0,10,219
REQ-004137,LOC-10,SVC-05,Priority,Client,Referral,2026-03-08,36.9,Medium,6,1,3,0,10,219
REQ-004138,LOC-01,SVC-05,Routine,Client,Phone,2026-03-08,33.8,Medium,6,1,3,0,10,219
REQ-004139,LOC-01,SVC-01,Priority,Client,Portal,2026-03-08,14.9,Low,6,1,3,0,10,219
REQ-004140,LOC-05,SVC-01,Emergency,Client,Referral,2026-03-08,83.3,Critical,6,1,3,0,10,219
REQ-004141,LOC-08,SVC-06,Priority,Case Manager,Portal,2026-03-08,14.1,Low,6,1,3,0,10,219
REQ-004142,LOC-05,SVC-05,Routine,Client,Portal,2026-03-08,25.8,Low,6,1,3,0,10,219
REQ-004143,LOC-05,SVC-09,Routine,Client,Portal,2026-03-08,44.8,Medium,6,1,3,0,10,219
REQ-004144,LOC-06,SVC-01,Urgent,Client,Phone,2026-03-08,65.3,High,6,1,3,0,10,219
REQ-004145,LOC-06,SVC-03,Routine,GP / Clinician,Referral,2026-03-09,66.5,High,0,0,3,0,11,220
REQ-004146,LOC-01,SVC-03,Priority,Family Member,Portal,2026-03-09,60.7,High,0,0,3,0,11,220
REQ-004147,LOC-03,SVC-06,Priority,Case Manager,Portal,2026-03-09,36.2,Medium,0,0,3,0,11,220
REQ-004148,LOC-08,SVC-06,Priority,Client,Case Manager,2026-03-09,45.6,Medium,0,0,3,0,11,220
REQ-004149,LOC-10,SVC-01,Routine,Client,Phone,2026-03-09,18.0,Low,0,0,3,0,11,220
REQ-004150,LOC-08,SVC-06,Routine,Client,Portal,2026-03-09,12.3,Low,0,0,3,0,11,220
REQ-004151,LOC-01,SVC-04,Routine,Family Member,Phone,2026-03-09,54.0,High,0,0,3,0,11,220
REQ-004152,LOC-10,SVC-04,Priority,Client,Phone,2026-03-09,18.3,Low,0,0,3,0,11,220
REQ-004153,LOC-10,SVC-03,Priority,Client,Portal,2026-03-09,3.5,Low,0,0,3,0,11,220
REQ-004154,LOC-07,SVC-03,Priority,Client,Phone,2026-03-09,29.1,Medium,0,0,3,0,11,220
REQ-004155,LOC-06,SVC-02,Routine,Client,Referral,2026-03-09,16.2,Low,0,0,3,0,11,220
REQ-004156,LOC-06,SVC-03,Priority,Family Member,Referral,2026-03-09,61.5,High,0,0,3,0,11,220
REQ-004157,LOC-07,SVC-02,Urgent,GP / Clinician,Phone,2026-03-09,60.4,High,0,0,3,0,11,220
REQ-004158,LOC-05,SVC-05,Priority,Client,Portal,2026-03-09,47.6,Medium,0,0,3,0,11,220
REQ-004159,LOC-07,SVC-06,Priority,Client,Phone,2026-03-09,35.6,Medium,0,0,3,0,11,220
REQ-004161,LOC-05,SVC-02,Routine,Client,Phone,2026-03-09,53.3,High,0,0,3,0,11,220
REQ-004164,LOC-05,SVC-04,Priority,Family Member,Referral,2026-03-09,33.4,Medium,0,0,3,0,11,220
REQ-004165,LOC-04,SVC-02,Priority,Family Member,Referral,2026-03-09,56.0,High,0,0,3,0,11,220
REQ-004167,LOC-07,SVC-05,Routine,Client,Portal,2026-03-10,36.0,Medium,1,0,3,0,11,221
REQ-004170,LOC-08,SVC-01,Priority,Client,Phone,2026-03-10,21.6,Low,1,0,3,0,11,221
REQ-004171,LOC-05,SVC-05,Priority,Family Member,Portal,2026-03-10,7.5,Low,1,0,3,0,11,221
REQ-004172,LOC-03,SVC-06,Urgent,Family Member,Phone,2026-03-10,32.5,Medium,1,0,3,0,11,221
REQ-004173,LOC-03,SVC-01,Priority,Case Manager,Case Manager,2026-03-10,51.0,Medium,1,0,3,0,11,221
REQ-004174,LOC-08,SVC-01,Routine,Family Member,Portal,2026-03-10,24.4,Low,1,0,3,0,11,221
REQ-004175,LOC-03,SVC-02,Routine,Case Manager,Phone,2026-03-10,40.0,Medium,1,0,3,0,11,221
REQ-004176,LOC-02,SVC-03,Priority,GP / Clinician,Phone,2026-03-10,62.5,High,1,0,3,0,11,221
REQ-004177,LOC-09,SVC-02,Urgent,GP / Clinician,Phone,2026-03-10,94.1,Critical,1,0,3,0,11,221
REQ-004178,LOC-05,SVC-01,Routine,Family Member,Phone,2026-03-10,68.7,High,1,0,3,0,11,221
REQ-004179,LOC-02,SVC-02,Routine,Client,Portal,2026-03-10,37.6,Medium,1,0,3,0,11,221
REQ-004180,LOC-08,SVC-01,Urgent,Case Manager,Portal,2026-03-10,42.9,Medium,1,0,3,0,11,221
REQ-004181,LOC-09,SVC-02,Routine,Family Member,Case Manager,2026-03-10,20.6,Low,1,0,3,0,11,221
REQ-004183,LOC-03,SVC-03,Urgent,Family Member,Referral,2026-03-10,85.7,Critical,1,0,3,0,11,221
REQ-004184,LOC-01,SVC-05,Priority,Family Member,Referral,2026-03-11,27.4,Low,2,0,3,0,11,222
REQ-004185,LOC-09,SVC-03,Urgent,Case Manager,Phone,2026-03-11,91.3,Critical,2,0,3,0,11,222
REQ-004186,LOC-02,SVC-06,Priority,Case Manager,Referral,2026-03-11,88.3,Critical,2,0,3,0,11,222
REQ-004188,LOC-10,SVC-07,Priority,Family Member,Portal,2026-03-11,30.3,Medium,2,0,3,0,11,222
REQ-004189,LOC-08,SVC-01,Emergency,Client,Phone,2026-03-11,6.6,Low,2,0,3,0,11,222
REQ-004190,LOC-07,SVC-01,Priority,GP / Clinician,Referral,2026-03-11,61.4,High,2,0,3,0,11,222
REQ-004191,LOC-06,SVC-05,Routine,Client,Phone,2026-03-11,37.9,Medium,2,0,3,0,11,222
REQ-004192,LOC-07,SVC-02,Priority,Client,Portal,2026-03-11,35.9,Medium,2,0,3,0,11,222
REQ-004193,LOC-09,SVC-05,Routine,Family Member,Portal,2026-03-11,16.7,Low,2,0,3,0,11,222
REQ-004194,LOC-06,SVC-05,Priority,Client,Portal,2026-03-11,13.8,Low,2,0,3,0,11,222
REQ-004195,LOC-10,SVC-06,Routine,Family Member,Portal,2026-03-11,15.1,Low,2,0,3,0,11,222
REQ-004196,LOC-04,SVC-07,Routine,Client,Portal,2026-03-11,16.4,Low,2,0,3,0,11,222
REQ-004197,LOC-02,SVC-05,Emergency,Family Member,Case Manager,2026-03-11,63.8,High,2,0,3,0,11,222
REQ-004198,LOC-07,SVC-01,Urgent,Family Member,Referral,2026-03-11,55.9,High,2,0,3,0,11,222
REQ-004199,LOC-03,SVC-01,Routine,Family Member,Case Manager,2026-03-11,38.3,Medium,2,0,3,0,11,222
REQ-004200,LOC-06,SVC-07,Priority,Client,Referral,2026-03-11,35.0,Medium,2,0,3,0,11,222
REQ-004201,LOC-07,SVC-02,Urgent,Case Manager,Phone,2026-03-11,44.0,Medium,2,0,3,0,11,222
REQ-004202,LOC-06,SVC-07,Priority,Client,Phone,2026-03-11,42.2,Medium,2,0,3,0,11,222
REQ-004203,LOC-02,SVC-05,Routine,Client,Portal,2026-03-11,39.8,Medium,2,0,3,0,11,222
REQ-004204,LOC-07,SVC-01,Priority,GP / Clinician,Portal,2026-03-11,26.9,Low,2,0,3,0,11,222
REQ-004205,LOC-04,SVC-01,Routine,Client,Phone,2026-03-12,64.6,High,3,0,3,0,11,223
REQ-004206,LOC-07,SVC-02,Priority,Family Member,Portal,2026-03-12,31.4,Medium,3,0,3,0,11,223
REQ-004207,LOC-09,SVC-01,Urgent,Family Member,Phone,2026-03-12,57.0,High,3,0,3,0,11,223
REQ-004208,LOC-08,SVC-05,Priority,GP / Clinician,Phone,2026-03-12,37.8,Medium,3,0,3,0,11,223
REQ-004209,LOC-08,SVC-02,Routine,Case Manager,Portal,2026-03-12,36.7,Medium,3,0,3,0,11,223
REQ-004210,LOC-07,SVC-09,Routine,Client,Phone,2026-03-12,16.6,Low,3,0,3,0,11,223
REQ-004211,LOC-01,SVC-07,Urgent,Family Member,Case Manager,2026-03-12,18.9,Low,3,0,3,0,11,223
REQ-004212,LOC-10,SVC-02,Routine,Client,Portal,2026-03-12,12.7,Low,3,0,3,0,11,223
REQ-004214,LOC-07,SVC-02,Routine,Case Manager,Portal,2026-03-12,65.8,High,3,0,3,0,11,223
REQ-004216,LOC-09,SVC-05,Priority,Client,Portal,2026-03-12,19.0,Low,3,0,3,0,11,223
REQ-004217,LOC-04,SVC-01,Urgent,Family Member,Phone,2026-03-12,55.8,High,3,0,3,0,11,223
REQ-004218,LOC-02,SVC-03,Routine,Client,Phone,2026-03-12,43.3,Medium,3,0,3,0,11,223
REQ-004221,LOC-05,SVC-08,Routine,GP / Clinician,Phone,2026-03-12,34.3,Medium,3,0,3,0,11,223
REQ-004222,LOC-08,SVC-02,Urgent,Case Manager,Referral,2026-03-12,21.5,Low,3,0,3,0,11,223
REQ-004223,LOC-08,SVC-04,Routine,Case Manager,Phone,2026-03-12,30.1,Medium,3,0,3,0,11,223
REQ-004224,LOC-10,SVC-02,Priority,Client,Portal,2026-03-12,14.4,Low,3,0,3,0,11,223
REQ-004225,LOC-03,SVC-04,Routine,Family Member,Portal,2026-03-12,45.9,Medium,3,0,3,0,11,223
REQ-004226,LOC-08,SVC-02,Routine,Case Manager,Referral,2026-03-12,27.1,Low,3,0,3,0,11,223
REQ-004227,LOC-06,SVC-03,Routine,Client,Phone,2026-03-12,21.8,Low,3,0,3,0,11,223
REQ-004228,LOC-03,SVC-09,Urgent,GP / Clinician,Referral,2026-03-13,89.4,Critical,4,0,3,0,11,224
REQ-004230,LOC-01,SVC-03,Urgent,GP / Clinician,Referral,2026-03-13,76.6,Critical,4,0,3,0,11,224
REQ-004231,LOC-01,SVC-04,Priority,Case Manager,Case Manager,2026-03-13,83.3,Critical,4,0,3,0,11,224
REQ-004232,LOC-10,SVC-02,Routine,Case Manager,Phone,2026-03-13,19.8,Low,4,0,3,0,11,224
REQ-004233,LOC-03,SVC-04,Routine,Client,Portal,2026-03-13,10.9,Low,4,0,3,0,11,224
REQ-004234,LOC-04,SVC-03,Urgent,Family Member,Case Manager,2026-03-13,68.5,High,4,0,3,0,11,224
REQ-004235,LOC-06,SVC-05,Routine,Client,Portal,2026-03-13,7.9,Low,4,0,3,0,11,224
REQ-004237,LOC-09,SVC-09,Urgent,Client,Portal,2026-03-13,45.4,Medium,4,0,3,0,11,224
REQ-004238,LOC-07,SVC-01,Priority,Client,Phone,2026-03-13,34.0,Medium,4,0,3,0,11,224
REQ-004239,LOC-03,SVC-08,Routine,Case Manager,Portal,2026-03-13,18.7,Low,4,0,3,0,11,224
REQ-004240,LOC-05,SVC-03,Priority,Family Member,Referral,2026-03-13,32.2,Medium,4,0,3,0,11,224
REQ-004241,LOC-02,SVC-01,Priority,Case Manager,Portal,2026-03-13,16.6,Low,4,0,3,0,11,224
REQ-004242,LOC-08,SVC-06,Routine,Family Member,Portal,2026-03-13,14.9,Low,4,0,3,0,11,224
REQ-004243,LOC-07,SVC-01,Routine,GP / Clinician,Case Manager,2026-03-13,9.3,Low,4,0,3,0,11,224
REQ-004244,LOC-04,SVC-03,Priority,Client,Phone,2026-03-13,70.4,High,4,0,3,0,11,224
REQ-004245,LOC-04,SVC-04,Routine,GP / Clinician,Phone,2026-03-13,61.7,High,4,0,3,0,11,224
REQ-004246,LOC-09,SVC-02,Routine,Family Member,Portal,2026-03-13,38.7,Medium,4,0,3,0,11,224
REQ-004247,LOC-02,SVC-09,Urgent,GP / Clinician,Phone,2026-03-13,59.4,High,4,0,3,0,11,224
REQ-004248,LOC-07,SVC-06,Routine,Client,Phone,2026-03-13,18.5,Low,4,0,3,0,11,224
REQ-004249,LOC-03,SVC-05,Priority,Family Member,Portal,2026-03-13,15.5,Low,4,0,3,0,11,224
REQ-004250,LOC-09,SVC-02,Priority,Client,Phone,2026-03-13,18.6,Low,4,0,3,0,11,224
REQ-004251,LOC-02,SVC-05,Routine,Client,Referral,2026-03-13,65.3,High,4,0,3,0,11,224
REQ-004252,LOC-01,SVC-01,Routine,Client,Portal,2026-03-14,1.0,Low,5,1,3,0,11,225
REQ-004253,LOC-04,SVC-02,Routine,Client,Phone,2026-03-14,45.2,Medium,5,1,3,0,11,225
REQ-004254,LOC-02,SVC-01,Urgent,GP / Clinician,Portal,2026-03-14,16.5,Low,5,1,3,0,11,225
REQ-004255,LOC-06,SVC-01,Priority,GP / Clinician,Phone,2026-03-14,62.3,High,5,1,3,0,11,225
REQ-004256,LOC-09,SVC-05,Routine,Family Member,Case Manager,2026-03-14,44.5,Medium,5,1,3,0,11,225
REQ-004257,LOC-04,SVC-02,Priority,Client,Portal,2026-03-14,10.1,Low,5,1,3,0,11,225
REQ-004259,LOC-05,SVC-03,Urgent,Family Member,Portal,2026-03-14,38.3,Medium,5,1,3,0,11,225
REQ-004260,LOC-05,SVC-09,Routine,Family Member,Referral,2026-03-15,84.7,Critical,6,1,3,0,11,226
REQ-004261,LOC-09,SVC-06,Routine,Family Member,Phone,2026-03-15,19.8,Low,6,1,3,0,11,226
REQ-004262,LOC-02,SVC-06,Urgent,Family Member,Case Manager,2026-03-15,24.3,Medium,6,1,3,0,11,226
REQ-004263,LOC-04,SVC-01,Priority,Client,Portal,2026-03-15,16.3,Low,6,1,3,0,11,226
REQ-004264,LOC-09,SVC-06,Priority,Family Member,Portal,2026-03-15,36.1,Medium,6,1,3,0,11,226
REQ-004265,LOC-06,SVC-06,Priority,Family Member,Phone,2026-03-15,41.3,Medium,6,1,3,0,11,226
REQ-004266,LOC-10,SVC-07,Urgent,Client,Case Manager,2026-03-15,54.4,Medium,6,1,3,0,11,226
REQ-004267,LOC-03,SVC-08,Priority,GP / Clinician,Portal,2026-03-15,42.9,Medium,6,1,3,0,11,226
REQ-004268,LOC-03,SVC-07,Routine,Client,Phone,2026-03-15,38.4,Medium,6,1,3,0,11,226
REQ-004269,LOC-03,SVC-07,Urgent,Case Manager,Portal,2026-03-15,44.5,Medium,6,1,3,0,11,226
REQ-004270,LOC-06,SVC-01,Routine,Client,Phone,2026-03-16,28.7,Medium,0,0,3,0,12,227
REQ-004271,LOC-01,SVC-08,Priority,Case Manager,Phone,2026-03-16,59.9,High,0,0,3,0,12,227
REQ-004272,LOC-10,SVC-01,Routine,Case Manager,Referral,2026-03-16,11.6,Low,0,0,3,0,12,227
REQ-004274,LOC-07,SVC-09,Urgent,Case Manager,Portal,2026-03-16,64.5,High,0,0,3,0,12,227
REQ-004275,LOC-01,SVC-02,Routine,Case Manager,Phone,2026-03-16,45.3,Medium,0,0,3,0,12,227
REQ-004276,LOC-03,SVC-01,Priority,Client,Portal,2026-03-16,41.1,Medium,0,0,3,0,12,227
REQ-004277,LOC-07,SVC-08,Routine,Case Manager,Phone,2026-03-16,67.8,High,0,0,3,0,12,227
REQ-004278,LOC-06,SVC-03,Routine,GP / Clinician,Referral,2026-03-16,14.2,Low,0,0,3,0,12,227
REQ-004279,LOC-05,SVC-06,Priority,Client,Referral,2026-03-16,63.8,High,0,0,3,0,12,227
REQ-004281,LOC-09,SVC-01,Priority,Client,Phone,2026-03-16,57.9,High,0,0,3,0,12,227
REQ-004282,LOC-02,SVC-09,Urgent,Client,Portal,2026-03-16,34.8,Medium,0,0,3,0,12,227
REQ-004283,LOC-09,SVC-03,Urgent,Case Manager,Referral,2026-03-16,45.0,Medium,0,0,3,0,12,227
REQ-004284,LOC-10,SVC-03,Routine,Family Member,Referral,2026-03-16,18.3,Low,0,0,3,0,12,227
REQ-004285,LOC-02,SVC-08,Priority,Family Member,Case Manager,2026-03-16,40.7,Medium,0,0,3,0,12,227
REQ-004286,LOC-06,SVC-05,Routine,Family Member,Portal,2026-03-16,39.9,Medium,0,0,3,0,12,227
REQ-004287,LOC-04,SVC-03,Priority,Client,Case Manager,2026-03-16,44.5,Medium,0,0,3,0,12,227
REQ-004288,LOC-02,SVC-04,Urgent,Case Manager,Phone,2026-03-16,68.3,High,0,0,3,0,12,227
REQ-004289,LOC-01,SVC-01,Priority,Case Manager,Portal,2026-03-16,91.8,Critical,0,0,3,0,12,227
REQ-004290,LOC-10,SVC-06,Routine,Case Manager,Portal,2026-03-16,16.7,Low,0,0,3,0,12,227
REQ-004291,LOC-08,SVC-04,Routine,GP / Clinician,Phone,2026-03-16,34.2,Medium,0,0,3,0,12,227
REQ-004292,LOC-03,SVC-07,Routine,Client,Case Manager,2026-03-16,19.0,Low,0,0,3,0,12,227
REQ-004293,LOC-05,SVC-08,Routine,Case Manager,Phone,2026-03-16,38.2,Medium,0,0,3,0,12,227
REQ-004294,LOC-09,SVC-02,Urgent,Client,Phone,2026-03-16,62.2,High,0,0,3,0,12,227
REQ-004295,LOC-08,SVC-01,Priority,Family Member,Phone,2026-03-16,27.3,Low,0,0,3,0,12,227
REQ-004296,LOC-03,SVC-01,Routine,Client,Case Manager,2026-03-16,27.2,Medium,0,0,3,0,12,227
REQ-004297,LOC-05,SVC-06,Routine,Family Member,Portal,2026-03-16,18.3,Low,0,0,3,0,12,227
REQ-004298,LOC-08,SVC-07,Routine,Client,Portal,2026-03-16,36.3,Medium,0,0,3,0,12,227
REQ-004299,LOC-06,SVC-02,Urgent,Family Member,Portal,2026-03-16,43.6,Medium,0,0,3,0,12,227
REQ-004302,LOC-04,SVC-04,Priority,GP / Clinician,Phone,2026-03-17,61.8,High,1,0,3,0,12,228
REQ-004303,LOC-03,SVC-01,Routine,Client,Phone,2026-03-17,39.6,Medium,1,0,3,0,12,228
REQ-004304,LOC-04,SVC-05,Routine,Client,Case Manager,2026-03-17,10.5,Low,1,0,3,0,12,228
REQ-004305,LOC-02,SVC-08,Urgent,Case Manager,Phone,2026-03-17,59.2,High,1,0,3,0,12,228
REQ-004306,LOC-03,SVC-05,Priority,Client,Case Manager,2026-03-17,31.8,Medium,1,0,3,0,12,228
REQ-004307,LOC-05,SVC-09,Routine,Client,Portal,2026-03-17,50.5,Medium,1,0,3,0,12,228
REQ-004308,LOC-06,SVC-04,Routine,Family Member,Phone,2026-03-17,34.9,Medium,1,0,3,0,12,228
REQ-004309,LOC-01,SVC-01,Urgent,Client,Portal,2026-03-17,65.1,High,1,0,3,0,12,228
REQ-004310,LOC-04,SVC-01,Routine,Case Manager,Phone,2026-03-17,9.1,Low,1,0,3,0,12,228
REQ-004311,LOC-10,SVC-01,Routine,Family Member,Portal,2026-03-17,19.4,Low,1,0,3,0,12,228
REQ-004313,LOC-03,SVC-04,Priority,Client,Portal,2026-03-17,11.1,Low,1,0,3,0,12,228
REQ-004314,LOC-08,SVC-01,Emergency,Case Manager,Phone,2026-03-17,67.0,High,1,0,3,0,12,228
REQ-004315,LOC-08,SVC-03,Priority,Case Manager,Case Manager,2026-03-17,40.0,Medium,1,0,3,0,12,228
REQ-004316,LOC-02,SVC-06,Routine,GP / Clinician,Phone,2026-03-17,43.5,Medium,1,0,3,0,12,228
REQ-004317,LOC-09,SVC-07,Routine,Client,Referral,2026-03-17,62.1,High,1,0,3,0,12,228
REQ-004318,LOC-06,SVC-02,Routine,GP / Clinician,Portal,2026-03-17,33.9,Medium,1,0,3,0,12,228
REQ-004319,LOC-08,SVC-07,Routine,Client,Portal,2026-03-17,16.6,Low,1,0,3,0,12,228
REQ-004320,LOC-08,SVC-01,Urgent,Client,Portal,2026-03-17,35.8,Medium,1,0,3,0,12,228
REQ-004321,LOC-10,SVC-01,Priority,Case Manager,Case Manager,2026-03-17,61.9,High,1,0,3,0,12,228
REQ-004322,LOC-04,SVC-03,Urgent,Family Member,Phone,2026-03-17,22.3,Low,1,0,3,0,12,228
REQ-004323,LOC-08,SVC-04,Routine,Family Member,Case Manager,2026-03-17,64.7,High,1,0,3,0,12,228
REQ-004325,LOC-10,SVC-06,Routine,Client,Phone,2026-03-17,41.1,Medium,1,0,3,0,12,228
REQ-004326,LOC-10,SVC-06,Urgent,Case Manager,Referral,2026-03-17,84.2,Critical,1,0,3,0,12,228
REQ-004327,LOC-02,SVC-07,Emergency,Family Member,Phone,2026-03-17,93.4,Critical,1,0,3,0,12,228
REQ-004328,LOC-07,SVC-01,Routine,Family Member,Portal,2026-03-17,21.2,Low,1,0,3,0,12,228
REQ-004329,LOC-08,SVC-08,Urgent,Family Member,Case Manager,2026-03-17,55.8,High,1,0,3,0,12,228
REQ-004330,LOC-04,SVC-01,Routine,Client,Phone,2026-03-17,36.2,Medium,1,0,3,0,12,228
REQ-004331,LOC-03,SVC-03,Emergency,Family Member,Referral,2026-03-17,87.3,Critical,1,0,3,0,12,228
REQ-004332,LOC-04,SVC-01,Routine,Client,Portal,2026-03-17,41.1,Medium,1,0,3,0,12,228
REQ-004333,LOC-01,SVC-08,Routine,Case Manager,Referral,2026-03-18,31.2,Medium,2,0,3,0,12,229
REQ-004334,LOC-08,SVC-05,Routine,Case Manager,Portal,2026-03-18,33.2,Medium,2,0,3,0,12,229
REQ-004335,LOC-07,SVC-05,Urgent,Client,Phone,2026-03-18,38.1,Medium,2,0,3,0,12,229
REQ-004336,LOC-10,SVC-01,Routine,Client,Portal,2026-03-18,16.8,Low,2,0,3,0,12,229
REQ-004337,LOC-08,SVC-03,Urgent,Family Member,Referral,2026-03-18,14.4,Low,2,0,3,0,12,229
REQ-004338,LOC-02,SVC-06,Routine,Client,Phone,2026-03-18,31.1,Medium,2,0,3,0,12,229
REQ-004339,LOC-01,SVC-03,Priority,Client,Phone,2026-03-18,40.2,Medium,2,0,3,0,12,229
REQ-004341,LOC-09,SVC-08,Routine,Client,Referral,2026-03-18,43.6,Medium,2,0,3,0,12,229
REQ-004342,LOC-03,SVC-03,Priority,Client,Case Manager,2026-03-18,9.7,Low,2,0,3,0,12,229
REQ-004343,LOC-07,SVC-01,Routine,Client,Phone,2026-03-18,33.7,Medium,2,0,3,0,12,229
REQ-004344,LOC-08,SVC-04,Routine,Client,Portal,2026-03-18,38.5,Medium,2,0,3,0,12,229
REQ-004345,LOC-06,SVC-09,Priority,Case Manager,Phone,2026-03-18,69.8,High,2,0,3,0,12,229
REQ-004347,LOC-09,SVC-06,Priority,Family Member,Portal,2026-03-18,42.1,Medium,2,0,3,0,12,229
REQ-004348,LOC-02,SVC-02,Priority,Client,Portal,2026-03-18,54.9,High,2,0,3,0,12,229
REQ-004349,LOC-04,SVC-02,Priority,Family Member,Phone,2026-03-18,67.5,High,2,0,3,0,12,229
REQ-004350,LOC-02,SVC-03,Routine,Client,Portal,2026-03-18,27.3,Low,2,0,3,0,12,229
REQ-004351,LOC-06,SVC-01,Emergency,Family Member,Portal,2026-03-18,37.5,Medium,2,0,3,0,12,229
REQ-004352,LOC-02,SVC-08,Priority,Client,Referral,2026-03-18,47.6,Medium,2,0,3,0,12,229
REQ-004353,LOC-09,SVC-01,Urgent,GP / Clinician,Portal,2026-03-18,30.0,Medium,2,0,3,0,12,229
REQ-004354,LOC-07,SVC-01,Priority,Client,Phone,2026-03-18,37.9,Medium,2,0,3,0,12,229
REQ-004355,LOC-09,SVC-03,Routine,Family Member,Phone,2026-03-19,15.6,Low,3,0,3,0,12,230
REQ-004356,LOC-10,SVC-09,Urgent,Client,Phone,2026-03-19,18.7,Low,3,0,3,0,12,230
REQ-004357,LOC-01,SVC-01,Emergency,Client,Portal,2026-03-19,29.2,Medium,3,0,3,0,12,230
REQ-004358,LOC-06,SVC-08,Urgent,Client,Referral,2026-03-19,64.3,High,3,0,3,0,12,230
REQ-004360,LOC-04,SVC-05,Urgent,Family Member,Phone,2026-03-19,89.2,Critical,3,0,3,0,12,230
REQ-004361,LOC-06,SVC-02,Routine,Client,Portal,2026-03-19,42.1,Medium,3,0,3,0,12,230
REQ-004362,LOC-09,SVC-03,Routine,Client,Portal,2026-03-19,24.7,Low,3,0,3,0,12,230
REQ-004363,LOC-06,SVC-05,Routine,Client,Portal,2026-03-19,30.4,Medium,3,0,3,0,12,230
REQ-004364,LOC-04,SVC-03,Routine,Client,Portal,2026-03-19,15.6,Low,3,0,3,0,12,230
REQ-004365,LOC-08,SVC-08,Priority,Case Manager,Portal,2026-03-19,37.9,Medium,3,0,3,0,12,230
REQ-004367,LOC-10,SVC-07,Routine,Family Member,Portal,2026-03-19,19.6,Low,3,0,3,0,12,230
REQ-004368,LOC-08,SVC-06,Urgent,Family Member,Phone,2026-03-19,34.8,Medium,3,0,3,0,12,230
REQ-004369,LOC-04,SVC-05,Priority,Family Member,Portal,2026-03-19,57.1,High,3,0,3,0,12,230
REQ-004371,LOC-09,SVC-02,Routine,Family Member,Referral,2026-03-19,14.2,Low,3,0,3,0,12,230
REQ-004372,LOC-01,SVC-02,Routine,GP / Clinician,Portal,2026-03-19,62.1,High,3,0,3,0,12,230
REQ-004373,LOC-06,SVC-01,Routine,Case Manager,Portal,2026-03-19,42.2,Medium,3,0,3,0,12,230
REQ-004374,LOC-07,SVC-08,Emergency,GP / Clinician,Referral,2026-03-19,50.2,High,3,0,3,0,12,230
REQ-004375,LOC-07,SVC-07,Routine,Client,Phone,2026-03-19,19.0,Low,3,0,3,0,12,230
REQ-004379,LOC-06,SVC-01,Routine,Client,Portal,2026-03-20,10.9,Low,4,0,3,0,12,231
REQ-004380,LOC-03,SVC-02,Urgent,Case Manager,Portal,2026-03-20,19.4,Low,4,0,3,0,12,231
REQ-004381,LOC-02,SVC-01,Urgent,Family Member,Referral,2026-03-20,94.3,Critical,4,0,3,0,12,231
REQ-004382,LOC-02,SVC-07,Priority,Case Manager,Referral,2026-03-20,68.7,Critical,4,0,3,0,12,231
REQ-004383,LOC-10,SVC-01,Priority,Case Manager,Phone,2026-03-20,66.7,High,4,0,3,0,12,231
REQ-004384,LOC-10,SVC-04,Routine,Family Member,Portal,2026-03-20,8.8,Low,4,0,3,0,12,231
REQ-004385,LOC-06,SVC-08,Routine,Client,Phone,2026-03-20,18.3,Low,4,0,3,0,12,231
REQ-004386,LOC-07,SVC-04,Routine,Case Manager,Case Manager,2026-03-20,38.0,Medium,4,0,3,0,12,231
REQ-004388,LOC-02,SVC-04,Priority,Case Manager,Phone,2026-03-20,29.3,Medium,4,0,3,0,12,231
REQ-004389,LOC-03,SVC-05,Emergency,Client,Case Manager,2026-03-20,66.1,High,4,0,3,0,12,231
REQ-004390,LOC-09,SVC-09,Routine,Client,Phone,2026-03-20,41.7,Medium,4,0,3,0,12,231
REQ-004391,LOC-03,SVC-02,Urgent,Client,Phone,2026-03-20,16.5,Low,4,0,3,0,12,231
REQ-004393,LOC-09,SVC-03,Routine,GP / Clinician,Referral,2026-03-20,17.8,Low,4,0,3,0,12,231
REQ-004394,LOC-04,SVC-09,Routine,Family Member,Case Manager,2026-03-20,34.4,Medium,4,0,3,0,12,231
REQ-004395,LOC-07,SVC-07,Routine,Client,Referral,2026-03-20,65.6,High,4,0,3,0,12,231
REQ-004396,LOC-06,SVC-01,Routine,Client,Portal,2026-03-20,39.9,Medium,4,0,3,0,12,231
REQ-004397,LOC-04,SVC-06,Routine,Client,Case Manager,2026-03-20,33.5,Medium,4,0,3,0,12,231
REQ-004398,LOC-01,SVC-02,Emergency,Client,Portal,2026-03-20,41.2,Medium,4,0,3,0,12,231
REQ-004399,LOC-04,SVC-01,Priority,Case Manager,Portal,2026-03-20,38.8,Medium,4,0,3,0,12,231
REQ-004400,LOC-10,SVC-01,Urgent,Case Manager,Phone,2026-03-20,47.4,Medium,4,0,3,0,12,231
REQ-004401,LOC-01,SVC-07,Urgent,Family Member,Phone,2026-03-20,33.5,Medium,4,0,3,0,12,231
REQ-004402,LOC-09,SVC-07,Priority,Family Member,Phone,2026-03-20,63.7,High,4,0,3,0,12,231
REQ-004403,LOC-06,SVC-01,Urgent,Client,Phone,2026-03-20,69.7,High,4,0,3,0,12,231
REQ-004404,LOC-07,SVC-01,Priority,Client,Referral,2026-03-20,46.6,Medium,4,0,3,0,12,231
REQ-004405,LOC-09,SVC-01,Priority,Client,Phone,2026-03-20,12.0,Low,4,0,3,0,12,231
REQ-004406,LOC-10,SVC-02,Priority,Client,Referral,2026-03-20,37.7,Medium,4,0,3,0,12,231
REQ-004407,LOC-04,SVC-05,Routine,Client,Referral,2026-03-20,38.2,Medium,4,0,3,0,12,231
REQ-004408,LOC-09,SVC-06,Priority,Client,Portal,2026-03-20,13.7,Low,4,0,3,0,12,231
REQ-004409,LOC-07,SVC-03,Priority,Client,Portal,2026-03-21,19.3,Low,5,1,3,0,12,232
REQ-004410,LOC-02,SVC-08,Emergency,GP / Clinician,Phone,2026-03-21,80.9,Critical,5,1,3,0,12,232
REQ-004412,LOC-03,SVC-05,Priority,Case Manager,Case Manager,2026-03-21,56.3,High,5,1,3,0,12,232
REQ-004413,LOC-02,SVC-02,Routine,Client,Portal,2026-03-21,27.7,Medium,5,1,3,0,12,232
REQ-004414,LOC-10,SVC-05,Routine,Client,Case Manager,2026-03-21,7.3,Low,5,1,3,0,12,232
REQ-004415,LOC-06,SVC-05,Priority,Client,Phone,2026-03-21,33.7,Medium,5,1,3,0,12,232
REQ-004416,LOC-08,SVC-01,Routine,Client,Phone,2026-03-21,13.6,Low,5,1,3,0,12,232
REQ-004417,LOC-04,SVC-01,Priority,Family Member,Phone,2026-03-21,63.5,High,5,1,3,0,12,232
REQ-004418,LOC-01,SVC-01,Emergency,Case Manager,Phone,2026-03-21,91.6,Critical,5,1,3,0,12,232
REQ-004419,LOC-02,SVC-02,Priority,Case Manager,Referral,2026-03-21,84.3,Critical,5,1,3,0,12,232
REQ-004420,LOC-06,SVC-08,Emergency,Client,Case Manager,2026-03-21,61.0,High,5,1,3,0,12,232
REQ-004421,LOC-02,SVC-07,Routine,Client,Case Manager,2026-03-22,12.4,Low,6,1,3,0,12,233
REQ-004422,LOC-09,SVC-05,Emergency,Client,Phone,2026-03-22,86.9,Critical,6,1,3,0,12,233
REQ-004423,LOC-02,SVC-01,Urgent,Family Member,Referral,2026-03-22,79.3,Critical,6,1,3,0,12,233
REQ-004424,LOC-10,SVC-03,Priority,Client,Referral,2026-03-22,24.1,Medium,6,1,3,0,12,233
REQ-004425,LOC-02,SVC-04,Urgent,Case Manager,Phone,2026-03-22,77.2,Critical,6,1,3,0,12,233
REQ-004426,LOC-01,SVC-05,Priority,Case Manager,Phone,2026-03-22,67.2,High,6,1,3,0,12,233
REQ-004427,LOC-02,SVC-02,Routine,Family Member,Phone,2026-03-22,45.1,Medium,6,1,3,0,12,233
REQ-004428,LOC-05,SVC-04,Priority,Client,Case Manager,2026-03-22,71.1,High,6,1,3,0,12,233
REQ-004429,LOC-02,SVC-07,Routine,Case Manager,Phone,2026-03-23,65.4,High,0,0,3,0,13,234
REQ-004430,LOC-10,SVC-01,Priority,Client,Portal,2026-03-23,21.3,Low,0,0,3,0,13,234
REQ-004431,LOC-10,SVC-09,Routine,Family Member,Portal,2026-03-23,13.0,Low,0,0,3,0,13,234
REQ-004433,LOC-03,SVC-07,Urgent,Family Member,Portal,2026-03-23,60.2,High,0,0,3,0,13,234
REQ-004434,LOC-07,SVC-04,Routine,Family Member,Portal,2026-03-23,34.5,Medium,0,0,3,0,13,234
REQ-004435,LOC-07,SVC-02,Routine,Family Member,Portal,2026-03-23,10.9,Low,0,0,3,0,13,234
REQ-004436,LOC-08,SVC-04,Routine,Family Member,Portal,2026-03-23,35.3,Medium,0,0,3,0,13,234
REQ-004437,LOC-07,SVC-01,Routine,Case Manager,Portal,2026-03-23,21.0,Low,0,0,3,0,13,234
REQ-004438,LOC-09,SVC-05,Priority,Client,Case Manager,2026-03-23,10.8,Low,0,0,3,0,13,234
REQ-004439,LOC-06,SVC-01,Routine,Client,Portal,2026-03-23,19.2,Low,0,0,3,0,13,234
REQ-004440,LOC-05,SVC-05,Routine,Family Member,Phone,2026-03-23,9.5,Low,0,0,3,0,13,234
REQ-004441,LOC-03,SVC-03,Urgent,GP / Clinician,Portal,2026-03-23,58.7,High,0,0,3,0,13,234
REQ-004442,LOC-09,SVC-02,Urgent,Case Manager,Referral,2026-03-23,88.4,Critical,0,0,3,0,13,234
REQ-004443,LOC-08,SVC-09,Routine,Case Manager,Phone,2026-03-23,63.7,High,0,0,3,0,13,234
REQ-004444,LOC-06,SVC-01,Routine,Client,Referral,2026-03-23,26.9,Low,0,0,3,0,13,234
REQ-004446,LOC-02,SVC-03,Routine,Family Member,Referral,2026-03-23,12.3,Low,0,0,3,0,13,234
REQ-004447,LOC-07,SVC-03,Urgent,Client,Phone,2026-03-24,97.9,Critical,1,0,3,0,13,235
REQ-004448,LOC-08,SVC-02,Routine,Family Member,Phone,2026-03-24,42.0,Medium,1,0,3,0,13,235
REQ-004449,LOC-03,SVC-01,Routine,Client,Portal,2026-03-24,15.1,Low,1,0,3,0,13,235
REQ-004451,LOC-08,SVC-09,Routine,GP / Clinician,Phone,2026-03-24,37.5,Medium,1,0,3,0,13,235
REQ-004452,LOC-06,SVC-05,Routine,Case Manager,Phone,2026-03-24,56.1,High,1,0,3,0,13,235
REQ-004453,LOC-03,SVC-09,Urgent,Client,Portal,2026-03-24,17.1,Low,1,0,3,0,13,235
REQ-004454,LOC-07,SVC-03,Emergency,Case Manager,Portal,2026-03-24,39.6,Medium,1,0,3,0,13,235
REQ-004455,LOC-02,SVC-09,Emergency,Family Member,Phone,2026-03-24,37.1,Medium,1,0,3,0,13,235
REQ-004456,LOC-08,SVC-05,Routine,Client,Portal,2026-03-24,28.2,Medium,1,0,3,0,13,235
REQ-004458,LOC-08,SVC-01,Priority,Case Manager,Referral,2026-03-24,32.3,Medium,1,0,3,0,13,235
REQ-004461,LOC-04,SVC-03,Priority,Case Manager,Phone,2026-03-24,68.1,High,1,0,3,0,13,235
REQ-004462,LOC-08,SVC-06,Routine,Client,Phone,2026-03-24,33.7,Medium,1,0,3,0,13,235
REQ-004463,LOC-02,SVC-07,Routine,Client,Portal,2026-03-24,12.8,Low,1,0,3,0,13,235
REQ-004466,LOC-05,SVC-02,Urgent,Case Manager,Referral,2026-03-24,73.2,High,1,0,3,0,13,235
REQ-004467,LOC-08,SVC-09,Routine,Client,Case Manager,2026-03-24,13.6,Low,1,0,3,0,13,235
REQ-004468,LOC-02,SVC-02,Urgent,Client,Case Manager,2026-03-24,19.1,Low,1,0,3,0,13,235
REQ-004469,LOC-10,SVC-08,Priority,GP / Clinician,Phone,2026-03-25,45.8,Medium,2,0,3,0,13,236
REQ-004470,LOC-10,SVC-06,Routine,Client,Phone,2026-03-25,9.7,Low,2,0,3,0,13,236
REQ-004473,LOC-10,SVC-09,Urgent,GP / Clinician,Case Manager,2026-03-25,91.2,Critical,2,0,3,0,13,236
REQ-004474,LOC-03,SVC-06,Urgent,Client,Portal,2026-03-25,36.3,Medium,2,0,3,0,13,236
REQ-004475,LOC-10,SVC-02,Routine,Family Member,Portal,2026-03-25,22.0,Low,2,0,3,0,13,236
REQ-004476,LOC-04,SVC-02,Urgent,GP / Clinician,Portal,2026-03-25,43.8,Medium,2,0,3,0,13,236
REQ-004477,LOC-05,SVC-02,Routine,Client,Portal,2026-03-25,41.0,Medium,2,0,3,0,13,236
REQ-004478,LOC-09,SVC-04,Priority,Family Member,Portal,2026-03-25,33.3,Medium,2,0,3,0,13,236
REQ-004479,LOC-01,SVC-01,Priority,Family Member,Phone,2026-03-25,61.1,High,2,0,3,0,13,236
REQ-004480,LOC-02,SVC-01,Routine,Case Manager,Portal,2026-03-25,66.1,High,2,0,3,0,13,236
REQ-004482,LOC-01,SVC-06,Routine,Client,Phone,2026-03-25,42.8,Medium,2,0,3,0,13,236
REQ-004483,LOC-06,SVC-06,Routine,Client,Referral,2026-03-25,34.1,Medium,2,0,3,0,13,236
REQ-004485,LOC-06,SVC-05,Priority,Case Manager,Referral,2026-03-25,53.0,High,2,0,3,0,13,236
REQ-004486,LOC-03,SVC-09,Urgent,GP / Clinician,Phone,2026-03-25,98.9,Critical,2,0,3,0,13,236
REQ-004487,LOC-04,SVC-01,Routine,Client,Referral,2026-03-25,16.9,Low,2,0,3,0,13,236
REQ-004488,LOC-07,SVC-04,Routine,Client,Case Manager,2026-03-25,15.1,Low,2,0,3,0,13,236
REQ-004489,LOC-06,SVC-07,Routine,Client,Phone,2026-03-25,35.1,Medium,2,0,3,0,13,236
REQ-004490,LOC-08,SVC-08,Routine,Client,Portal,2026-03-25,20.7,Low,2,0,3,0,13,236
REQ-004491,LOC-07,SVC-08,Priority,Client,Case Manager,2026-03-26,62.9,High,3,0,3,0,13,237
REQ-004493,LOC-10,SVC-02,Routine,Case Manager,Phone,2026-03-26,69.9,High,3,0,3,0,13,237
REQ-004494,LOC-09,SVC-05,Routine,Case Manager,Portal,2026-03-26,60.5,High,3,0,3,0,13,237
REQ-004495,LOC-04,SVC-01,Emergency,Client,Referral,2026-03-26,63.2,High,3,0,3,0,13,237
REQ-004496,LOC-05,SVC-06,Routine,Client,Portal,2026-03-26,35.8,Medium,3,0,3,0,13,237
REQ-004498,LOC-03,SVC-01,Urgent,Family Member,Phone,2026-03-26,42.7,Medium,3,0,3,0,13,237
REQ-004499,LOC-07,SVC-07,Routine,Family Member,Referral,2026-03-26,86.2,Critical,3,0,3,0,13,237
REQ-004500,LOC-03,SVC-02,Routine,Family Member,Phone,2026-03-26,34.8,Medium,3,0,3,0,13,237
REQ-004501,LOC-07,SVC-01,Emergency,Client,Phone,2026-03-26,69.1,High,3,0,3,0,13,237
REQ-004502,LOC-08,SVC-09,Urgent,Client,Referral,2026-03-26,61.9,High,3,0,3,0,13,237
REQ-004503,LOC-05,SVC-01,Priority,Family Member,Referral,2026-03-26,64.9,High,3,0,3,0,13,237
REQ-004504,LOC-01,SVC-04,Routine,Case Manager,Case Manager,2026-03-26,12.0,Low,3,0,3,0,13,237
REQ-004505,LOC-08,SVC-08,Routine,Client,Portal,2026-03-26,37.1,Medium,3,0,3,0,13,237
REQ-004506,LOC-02,SVC-01,Routine,Client,Portal,2026-03-26,65.2,High,3,0,3,0,13,237
REQ-004507,LOC-06,SVC-03,Priority,Client,Portal,2026-03-26,16.6,Low,3,0,3,0,13,237
REQ-004510,LOC-08,SVC-08,Urgent,Family Member,Referral,2026-03-26,35.4,Medium,3,0,3,0,13,237
REQ-004511,LOC-05,SVC-03,Routine,Case Manager,Portal,2026-03-26,8.3,Low,3,0,3,0,13,237
REQ-004513,LOC-05,SVC-05,Routine,Client,Portal,2026-03-26,16.4,Low,3,0,3,0,13,237
REQ-004514,LOC-05,SVC-08,Priority,Family Member,Portal,2026-03-26,68.8,High,3,0,3,0,13,237
REQ-004516,LOC-02,SVC-04,Routine,Family Member,Portal,2026-03-27,33.6,Medium,4,0,3,0,13,238
REQ-004517,LOC-02,SVC-03,Priority,Family Member,Referral,2026-03-27,46.8,Medium,4,0,3,0,13,238
REQ-004519,LOC-04,SVC-05,Routine,Client,Portal,2026-03-27,28.5,Low,4,0,3,0,13,238
REQ-004520,LOC-02,SVC-02,Urgent,Case Manager,Case Manager,2026-03-27,34.9,Medium,4,0,3,0,13,238
REQ-004521,LOC-09,SVC-03,Routine,Client,Phone,2026-03-27,11.3,Low,4,0,3,0,13,238
REQ-004522,LOC-10,SVC-05,Routine,Client,Portal,2026-03-27,10.2,Low,4,0,3,0,13,238
REQ-004523,LOC-05,SVC-01,Routine,Client,Referral,2026-03-27,61.2,High,4,0,3,0,13,238
REQ-004525,LOC-03,SVC-05,Urgent,Client,Case Manager,2026-03-27,50.5,Medium,4,0,3,0,13,238
REQ-004526,LOC-10,SVC-01,Priority,Family Member,Phone,2026-03-27,85.5,Critical,4,0,3,0,13,238
REQ-004527,LOC-03,SVC-06,Urgent,Case Manager,Case Manager,2026-03-27,40.7,Medium,4,0,3,0,13,238
REQ-004528,LOC-06,SVC-09,Routine,Family Member,Portal,2026-03-27,40.0,Medium,4,0,3,0,13,238
REQ-004529,LOC-05,SVC-03,Priority,Case Manager,Phone,2026-03-27,40.9,Medium,4,0,3,0,13,238
REQ-004530,LOC-07,SVC-05,Routine,Client,Portal,2026-03-27,39.2,Medium,4,0,3,0,13,238
REQ-004531,LOC-07,SVC-01,Routine,Family Member,Phone,2026-03-27,45.4,Medium,4,0,3,0,13,238
REQ-004532,LOC-03,SVC-08,Routine,Client,Phone,2026-03-27,67.2,High,4,0,3,0,13,238
REQ-004533,LOC-08,SVC-07,Urgent,GP / Clinician,Referral,2026-03-27,40.0,Medium,4,0,3,0,13,238
REQ-004534,LOC-05,SVC-05,Urgent,Family Member,Referral,2026-03-27,38.9,Medium,4,0,3,0,13,238
REQ-004535,LOC-06,SVC-06,Routine,Client,Phone,2026-03-27,22.5,Low,4,0,3,0,13,238
REQ-004536,LOC-09,SVC-09,Priority,Client,Referral,2026-03-27,14.5,Low,4,0,3,0,13,238
REQ-004537,LOC-08,SVC-08,Urgent,Client,Portal,2026-03-27,18.1,Low,4,0,3,0,13,238
REQ-004538,LOC-10,SVC-06,Priority,Client,Referral,2026-03-27,85.6,Critical,4,0,3,0,13,238
REQ-004539,LOC-03,SVC-03,Routine,Client,Phone,2026-03-27,63.9,High,4,0,3,0,13,238
REQ-004540,LOC-08,SVC-05,Priority,Family Member,Referral,2026-03-27,42.1,Medium,4,0,3,0,13,238
REQ-004541,LOC-10,SVC-02,Priority,Family Member,Referral,2026-03-28,81.6,Critical,5,1,3,0,13,239
REQ-004542,LOC-07,SVC-09,Routine,Client,Phone,2026-03-28,12.3,Low,5,1,3,0,13,239
REQ-004543,LOC-05,SVC-05,Routine,Client,Referral,2026-03-28,4.3,Low,5,1,3,0,13,239
REQ-004544,LOC-02,SVC-05,Routine,Case Manager,Referral,2026-03-28,32.7,Medium,5,1,3,0,13,239
REQ-004545,LOC-04,SVC-08,Urgent,Family Member,Referral,2026-03-28,66.6,High,5,1,3,0,13,239
REQ-004546,LOC-03,SVC-02,Priority,Client,Phone,2026-03-28,36.6,Medium,5,1,3,0,13,239
REQ-004547,LOC-04,SVC-01,Routine,Client,Phone,2026-03-28,55.2,High,5,1,3,0,13,239
REQ-004548,LOC-05,SVC-04,Priority,Client,Case Manager,2026-03-28,40.8,Medium,5,1,3,0,13,239
REQ-004549,LOC-04,SVC-05,Urgent,Family Member,Referral,2026-03-28,33.8,Medium,5,1,3,0,13,239
REQ-004550,LOC-05,SVC-05,Priority,Family Member,Portal,2026-03-28,44.3,Medium,5,1,3,0,13,239
REQ-004551,LOC-06,SVC-03,Routine,Family Member,Portal,2026-03-28,13.4,Low,5,1,3,0,13,239
REQ-004552,LOC-09,SVC-02,Routine,Family Member,Phone,2026-03-28,17.4,Low,5,1,3,0,13,239
REQ-004553,LOC-08,SVC-01,Urgent,Case Manager,Case Manager,2026-03-28,40.5,Medium,5,1,3,0,13,239
REQ-004554,LOC-07,SVC-01,Routine,Client,Portal,2026-03-29,23.9,Medium,6,1,3,0,13,240
REQ-004555,LOC-07,SVC-02,Priority,Client,Portal,2026-03-29,42.2,Medium,6,1,3,0,13,240
REQ-004556,LOC-02,SVC-06,Urgent,GP / Clinician,Phone,2026-03-29,45.4,Medium,6,1,3,0,13,240
REQ-004557,LOC-09,SVC-07,Routine,GP / Clinician,Referral,2026-03-29,34.2,Medium,6,1,3,0,13,240
REQ-004558,LOC-06,SVC-01,Priority,Family Member,Phone,2026-03-29,40.1,Medium,6,1,3,0,13,240
REQ-004559,LOC-01,SVC-07,Priority,Family Member,Phone,2026-03-29,40.3,Medium,6,1,3,0,13,240
REQ-004560,LOC-09,SVC-08,Priority,Client,Phone,2026-03-29,44.6,Medium,6,1,3,0,13,240
REQ-004561,LOC-04,SVC-09,Routine,Client,Portal,2026-03-29,20.4,Low,6,1,3,0,13,240
REQ-004562,LOC-04,SVC-08,Routine,Client,Portal,2026-03-29,13.3,Low,6,1,3,0,13,240
REQ-004563,LOC-02,SVC-09,Routine,Client,Phone,2026-03-30,49.0,Medium,0,0,3,0,14,241
REQ-004564,LOC-05,SVC-05,Routine,Client,Portal,2026-03-30,18.9,Low,0,0,3,0,14,241
REQ-004565,LOC-08,SVC-05,Routine,Client,Phone,2026-03-30,1.0,Low,0,0,3,0,14,241
REQ-004566,LOC-01,SVC-01,Routine,Client,Portal,2026-03-30,9.2,Low,0,0,3,0,14,241
REQ-004567,LOC-03,SVC-05,Routine,Case Manager,Phone,2026-03-30,18.3,Low,0,0,3,0,14,241
REQ-004569,LOC-02,SVC-02,Urgent,Client,Phone,2026-03-30,54.5,Medium,0,0,3,0,14,241
REQ-004570,LOC-05,SVC-01,Priority,Client,Phone,2026-03-30,40.3,Medium,0,0,3,0,14,241
REQ-004572,LOC-01,SVC-09,Routine,Family Member,Phone,2026-03-30,19.7,Low,0,0,3,0,14,241
REQ-004573,LOC-10,SVC-07,Urgent,Family Member,Portal,2026-03-30,27.0,Low,0,0,3,0,14,241
REQ-004574,LOC-06,SVC-07,Urgent,Case Manager,Portal,2026-03-30,63.7,High,0,0,3,0,14,241
REQ-004575,LOC-03,SVC-06,Priority,Case Manager,Phone,2026-03-30,38.3,Medium,0,0,3,0,14,241
REQ-004576,LOC-02,SVC-01,Priority,Case Manager,Portal,2026-03-30,36.3,Medium,0,0,3,0,14,241
REQ-004577,LOC-04,SVC-05,Urgent,Case Manager,Phone,2026-03-30,42.4,Medium,0,0,3,0,14,241
REQ-004578,LOC-07,SVC-06,Priority,Case Manager,Case Manager,2026-03-30,63.6,High,0,0,3,0,14,241
REQ-004579,LOC-03,SVC-04,Routine,Family Member,Phone,2026-03-30,18.9,Low,0,0,3,0,14,241
REQ-004580,LOC-04,SVC-05,Urgent,Family Member,Case Manager,2026-03-30,84.6,Critical,0,0,3,0,14,241
REQ-004581,LOC-06,SVC-01,Routine,Client,Portal,2026-03-30,16.5,Low,0,0,3,0,14,241
REQ-004583,LOC-06,SVC-03,Urgent,Family Member,Referral,2026-03-30,65.7,High,0,0,3,0,14,241
REQ-004584,LOC-09,SVC-01,Routine,Case Manager,Portal,2026-03-30,43.0,Medium,0,0,3,0,14,241
REQ-004585,LOC-03,SVC-04,Priority,Case Manager,Phone,2026-03-30,75.0,Critical,0,0,3,0,14,241
REQ-004586,LOC-09,SVC-01,Urgent,Case Manager,Phone,2026-03-30,47.1,Medium,0,0,3,0,14,241
REQ-004587,LOC-09,SVC-06,Routine,Family Member,Portal,2026-03-30,48.4,Medium,0,0,3,0,14,241
REQ-004588,LOC-03,SVC-05,Priority,GP / Clinician,Case Manager,2026-03-30,86.4,Critical,0,0,3,0,14,241
REQ-004589,LOC-10,SVC-01,Emergency,Family Member,Referral,2026-03-30,98.1,Critical,0,0,3,0,14,241
REQ-004590,LOC-02,SVC-06,Routine,Client,Case Manager,2026-03-30,38.9,Medium,0,0,3,0,14,241
REQ-004591,LOC-08,SVC-05,Routine,Family Member,Portal,2026-03-30,14.0,Low,0,0,3,0,14,241
REQ-004592,LOC-04,SVC-02,Routine,Client,Portal,2026-03-30,8.8,Low,0,0,3,0,14,241
REQ-004593,LOC-03,SVC-02,Routine,Family Member,Portal,2026-03-31,36.7,Medium,1,0,3,0,14,242
REQ-004594,LOC-05,SVC-06,Routine,Case Manager,Referral,2026-03-31,31.5,Medium,1,0,3,0,14,242
REQ-004595,LOC-05,SVC-05,Emergency,Case Manager,Phone,2026-03-31,62.0,High,1,0,3,0,14,242
REQ-004596,LOC-06,SVC-05,Priority,Family Member,Referral,2026-03-31,29.3,Medium,1,0,3,0,14,242
REQ-004597,LOC-06,SVC-02,Routine,Client,Case Manager,2026-03-31,9.3,Low,1,0,3,0,14,242
REQ-004598,LOC-04,SVC-03,Emergency,Family Member,Phone,2026-03-31,88.6,Critical,1,0,3,0,14,242
REQ-004599,LOC-10,SVC-04,Routine,Client,Portal,2026-03-31,20.3,Low,1,0,3,0,14,242
REQ-004600,LOC-10,SVC-05,Routine,Client,Phone,2026-03-31,21.5,Low,1,0,3,0,14,242
REQ-004601,LOC-06,SVC-04,Priority,GP / Clinician,Referral,2026-03-31,66.2,High,1,0,3,0,14,242
REQ-004602,LOC-08,SVC-07,Priority,Family Member,Portal,2026-03-31,46.7,Medium,1,0,3,0,14,242
REQ-004603,LOC-04,SVC-01,Routine,Client,Portal,2026-03-31,15.3,Low,1,0,3,0,14,242
REQ-004604,LOC-01,SVC-03,Urgent,Client,Phone,2026-03-31,38.6,Medium,1,0,3,0,14,242
REQ-004605,LOC-06,SVC-01,Routine,Client,Phone,2026-03-31,20.7,Low,1,0,3,0,14,242
REQ-004606,LOC-01,SVC-04,Priority,GP / Clinician,Referral,2026-03-31,86.1,Critical,1,0,3,0,14,242
REQ-004607,LOC-01,SVC-02,Routine,Client,Portal,2026-03-31,6.1,Low,1,0,3,0,14,242
REQ-004608,LOC-02,SVC-03,Urgent,GP / Clinician,Case Manager,2026-03-31,99.0,Critical,1,0,3,0,14,242
REQ-004609,LOC-03,SVC-04,Priority,Case Manager,Phone,2026-03-31,63.3,High,1,0,3,0,14,242
REQ-004611,LOC-03,SVC-02,Urgent,Case Manager,Case Manager,2026-03-31,52.9,High,1,0,3,0,14,242
REQ-004612,LOC-02,SVC-02,Priority,Case Manager,Referral,2026-03-31,89.6,Critical,1,0,3,0,14,242
REQ-004613,LOC-02,SVC-01,Priority,Family Member,Case Manager,2026-03-31,6.6,Low,1,0,3,0,14,242
REQ-004614,LOC-03,SVC-06,Routine,Client,Referral,2026-03-31,36.0,Medium,1,0,3,0,14,242
REQ-004615,LOC-07,SVC-02,Routine,Family Member,Phone,2026-03-31,41.4,Medium,1,0,3,0,14,242
REQ-004616,LOC-04,SVC-02,Routine,Family Member,Referral,2026-03-31,33.1,Medium,1,0,3,0,14,242
REQ-004617,LOC-10,SVC-01,Routine,Client,Portal,2026-03-31,30.6,Medium,1,0,3,0,14,242
REQ-004618,LOC-06,SVC-01,Urgent,Family Member,Case Manager,2026-03-31,62.1,High,1,0,3,0,14,242
REQ-004619,LOC-06,SVC-03,Routine,Client,Phone,2026-03-31,27.7,Medium,1,0,3,0,14,242
REQ-004620,LOC-08,SVC-09,Routine,Client,Phone,2026-03-31,7.5,Low,1,0,3,0,14,242
REQ-004621,LOC-02,SVC-01,Routine,Family Member,Portal,2026-03-31,13.3,Low,1,0,3,0,14,242
REQ-004622,LOC-09,SVC-07,Urgent,Client,Phone,2026-04-01,43.1,Medium,2,0,4,0,14,243
REQ-004624,LOC-05,SVC-06,Routine,Client,Phone,2026-04-01,23.1,Low,2,0,4,0,14,243
REQ-004626,LOC-04,SVC-08,Routine,Family Member,Phone,2026-04-01,33.8,Medium,2,0,4,0,14,243
REQ-004627,LOC-09,SVC-01,Emergency,GP / Clinician,Referral,2026-04-01,65.5,High,2,0,4,0,14,243
REQ-004628,LOC-05,SVC-02,Routine,Client,Phone,2026-04-01,8.3,Low,2,0,4,0,14,243
REQ-004630,LOC-08,SVC-01,Routine,Client,Phone,2026-04-01,41.2,Medium,2,0,4,0,14,243
REQ-004631,LOC-05,SVC-02,Priority,Family Member,Portal,2026-04-01,38.2,Medium,2,0,4,0,14,243
REQ-004632,LOC-07,SVC-07,Priority,Family Member,Phone,2026-04-01,42.2,Medium,2,0,4,0,14,243
REQ-004633,LOC-01,SVC-09,Urgent,Client,Case Manager,2026-04-01,18.4,Low,2,0,4,0,14,243
REQ-004634,LOC-10,SVC-06,Priority,Client,Portal,2026-04-01,14.7,Low,2,0,4,0,14,243
REQ-004635,LOC-02,SVC-06,Urgent,GP / Clinician,Phone,2026-04-01,55.8,High,2,0,4,0,14,243
REQ-004636,LOC-06,SVC-01,Urgent,Family Member,Referral,2026-04-01,60.4,High,2,0,4,0,14,243
REQ-004638,LOC-07,SVC-01,Priority,Family Member,Phone,2026-04-01,59.3,High,2,0,4,0,14,243
REQ-004639,LOC-03,SVC-01,Routine,Client,Portal,2026-04-01,16.8,Low,2,0,4,0,14,243
REQ-004641,LOC-01,SVC-05,Routine,Family Member,Phone,2026-04-01,14.0,Low,2,0,4,0,14,243
REQ-004642,LOC-06,SVC-05,Routine,Client,Phone,2026-04-01,17.5,Low,2,0,4,0,14,243
REQ-004643,LOC-01,SVC-05,Urgent,Case Manager,Phone,2026-04-01,92.0,Critical,2,0,4,0,14,243
REQ-004644,LOC-03,SVC-05,Priority,GP / Clinician,Phone,2026-04-01,89.5,Critical,2,0,4,0,14,243
REQ-004646,LOC-07,SVC-05,Routine,Family Member,Portal,2026-04-01,23.9,Low,2,0,4,0,14,243
REQ-004647,LOC-03,SVC-09,Routine,Client,Phone,2026-04-01,34.0,Medium,2,0,4,0,14,243
REQ-004649,LOC-06,SVC-01,Routine,Case Manager,Referral,2026-04-01,60.3,High,2,0,4,0,14,243
REQ-004650,LOC-05,SVC-01,Urgent,Family Member,Phone,2026-04-01,60.6,High,2,0,4,0,14,243
REQ-004651,LOC-09,SVC-01,Priority,Client,Portal,2026-04-01,20.6,Low,2,0,4,0,14,243
REQ-004653,LOC-07,SVC-06,Urgent,Case Manager,Referral,2026-04-01,69.6,High,2,0,4,0,14,243
REQ-004654,LOC-06,SVC-03,Routine,Client,Portal,2026-04-01,27.4,Low,2,0,4,0,14,243
REQ-004655,LOC-05,SVC-07,Priority,Family Member,Portal,2026-04-01,12.3,Low,2,0,4,0,14,243
REQ-004656,LOC-07,SVC-06,Routine,Client,Phone,2026-04-02,10.7,Low,3,0,4,0,14,244
REQ-004657,LOC-05,SVC-01,Routine,GP / Clinician,Phone,2026-04-02,78.3,Critical,3,0,4,0,14,244
REQ-004658,LOC-01,SVC-07,Priority,Client,Portal,2026-04-02,17.7,Low,3,0,4,0,14,244
REQ-004659,LOC-01,SVC-06,Routine,GP / Clinician,Phone,2026-04-02,56.2,High,3,0,4,0,14,244
REQ-004660,LOC-05,SVC-01,Emergency,Case Manager,Phone,2026-04-02,60.5,High,3,0,4,0,14,244
REQ-004661,LOC-06,SVC-05,Priority,Case Manager,Portal,2026-04-02,25.8,Medium,3,0,4,0,14,244
REQ-004662,LOC-01,SVC-01,Routine,Client,Portal,2026-04-02,21.9,Low,3,0,4,0,14,244
REQ-004663,LOC-10,SVC-08,Urgent,Client,Portal,2026-04-02,43.6,Medium,3,0,4,0,14,244
REQ-004664,LOC-08,SVC-09,Routine,Client,Portal,2026-04-02,20.4,Low,3,0,4,0,14,244
REQ-004666,LOC-03,SVC-05,Routine,Family Member,Case Manager,2026-04-02,7.2,Low,3,0,4,0,14,244
REQ-004667,LOC-04,SVC-01,Priority,Family Member,Case Manager,2026-04-02,63.5,High,3,0,4,0,14,244
REQ-004668,LOC-05,SVC-03,Urgent,Case Manager,Referral,2026-04-02,38.4,Medium,3,0,4,0,14,244
REQ-004669,LOC-08,SVC-05,Routine,Family Member,Referral,2026-04-02,40.0,Medium,3,0,4,0,14,244
REQ-004670,LOC-02,SVC-01,Routine,GP / Clinician,Phone,2026-04-02,64.1,High,3,0,4,0,14,244
REQ-004672,LOC-04,SVC-02,Routine,GP / Clinician,Portal,2026-04-02,70.1,High,3,0,4,0,14,244
REQ-004673,LOC-02,SVC-07,Priority,Family Member,Portal,2026-04-02,44.0,Medium,3,0,4,0,14,244
REQ-004675,LOC-05,SVC-07,Routine,Client,Referral,2026-04-02,36.3,Medium,3,0,4,0,14,244
REQ-004676,LOC-04,SVC-02,Routine,Case Manager,Portal,2026-04-03,15.6,Low,4,0,4,0,14,245
REQ-004677,LOC-03,SVC-09,Routine,Client,Phone,2026-04-03,33.5,Medium,4,0,4,0,14,245
REQ-004678,LOC-09,SVC-02,Routine,Family Member,Portal,2026-04-03,34.0,Medium,4,0,4,0,14,245
REQ-004679,LOC-06,SVC-03,Routine,Client,Case Manager,2026-04-03,12.0,Low,4,0,4,0,14,245
REQ-004680,LOC-01,SVC-01,Routine,Client,Portal,2026-04-03,33.1,Medium,4,0,4,0,14,245
REQ-004681,LOC-08,SVC-08,Routine,Client,Phone,2026-04-03,41.1,Medium,4,0,4,0,14,245
REQ-004682,LOC-03,SVC-07,Priority,Case Manager,Phone,2026-04-03,64.0,High,4,0,4,0,14,245
REQ-004683,LOC-01,SVC-03,Routine,Client,Case Manager,2026-04-03,35.2,Medium,4,0,4,0,14,245
REQ-004684,LOC-02,SVC-01,Priority,Client,Referral,2026-04-03,11.9,Low,4,0,4,0,14,245
REQ-004685,LOC-08,SVC-09,Routine,Client,Portal,2026-04-03,14.1,Low,4,0,4,0,14,245
REQ-004686,LOC-03,SVC-01,Routine,Client,Phone,2026-04-03,45.8,Medium,4,0,4,0,14,245
REQ-004687,LOC-01,SVC-09,Priority,GP / Clinician,Phone,2026-04-03,34.2,Medium,4,0,4,0,14,245
REQ-004688,LOC-02,SVC-04,Routine,Family Member,Phone,2026-04-03,19.2,Low,4,0,4,0,14,245
REQ-004689,LOC-06,SVC-03,Priority,Client,Phone,2026-04-03,46.6,Medium,4,0,4,0,14,245
REQ-004691,LOC-08,SVC-05,Urgent,Client,Referral,2026-04-03,45.7,Medium,4,0,4,0,14,245
REQ-004692,LOC-04,SVC-07,Urgent,Family Member,Phone,2026-04-03,67.8,High,4,0,4,0,14,245
REQ-004693,LOC-01,SVC-02,Priority,Case Manager,Phone,2026-04-03,85.7,Critical,4,0,4,0,14,245
REQ-004694,LOC-04,SVC-01,Routine,Client,Case Manager,2026-04-03,61.0,High,4,0,4,0,14,245
REQ-004695,LOC-08,SVC-01,Routine,GP / Clinician,Portal,2026-04-03,10.0,Low,4,0,4,0,14,245
REQ-004696,LOC-04,SVC-01,Routine,Client,Portal,2026-04-03,13.6,Low,4,0,4,0,14,245
REQ-004697,LOC-01,SVC-05,Priority,Family Member,Referral,2026-04-03,37.3,Medium,4,0,4,0,14,245
REQ-004698,LOC-03,SVC-08,Routine,Case Manager,Referral,2026-04-03,32.0,Medium,4,0,4,0,14,245
REQ-004699,LOC-07,SVC-06,Emergency,Case Manager,Case Manager,2026-04-04,90.4,Critical,5,1,4,0,14,246
REQ-004700,LOC-10,SVC-09,Urgent,Case Manager,Referral,2026-04-04,82.9,Critical,5,1,4,0,14,246
REQ-004701,LOC-01,SVC-03,Urgent,Client,Portal,2026-04-04,32.7,Medium,5,1,4,0,14,246
REQ-004703,LOC-02,SVC-01,Priority,Case Manager,Phone,2026-04-04,87.9,Critical,5,1,4,0,14,246
REQ-004704,LOC-05,SVC-01,Urgent,Case Manager,Portal,2026-04-04,26.2,Medium,5,1,4,0,14,246
REQ-004705,LOC-08,SVC-06,Priority,Family Member,Referral,2026-04-04,30.8,Medium,5,1,4,0,14,246
REQ-004706,LOC-10,SVC-04,Routine,Client,Referral,2026-04-04,23.3,Low,5,1,4,0,14,246
REQ-004707,LOC-04,SVC-01,Emergency,Client,Portal,2026-04-04,13.5,Low,5,1,4,0,14,246
REQ-004708,LOC-05,SVC-04,Routine,Client,Portal,2026-04-04,44.0,Medium,5,1,4,0,14,246
REQ-004709,LOC-07,SVC-09,Priority,Client,Portal,2026-04-04,32.6,Medium,5,1,4,0,14,246
REQ-004710,LOC-05,SVC-06,Routine,Case Manager,Portal,2026-04-04,35.6,Medium,5,1,4,0,14,246
REQ-004711,LOC-05,SVC-02,Urgent,Family Member,Case Manager,2026-04-05,78.1,Critical,6,1,4,0,14,247
REQ-004712,LOC-10,SVC-06,Routine,Case Manager,Portal,2026-04-05,21.5,Low,6,1,4,0,14,247
REQ-004713,LOC-07,SVC-02,Urgent,Case Manager,Portal,2026-04-05,33.1,Medium,6,1,4,0,14,247
REQ-004714,LOC-01,SVC-07,Emergency,Case Manager,Referral,2026-04-05,84.0,Critical,6,1,4,0,14,247
REQ-004715,LOC-02,SVC-09,Priority,Client,Portal,2026-04-05,7.9,Low,6,1,4,0,14,247
REQ-004716,LOC-10,SVC-02,Emergency,Client,Phone,2026-04-05,13.5,Low,6,1,4,0,14,247
REQ-004719,LOC-01,SVC-01,Routine,Case Manager,Referral,2026-04-06,12.8,Low,0,0,4,0,15,248
REQ-004721,LOC-04,SVC-09,Urgent,Client,Phone,2026-04-06,6.7,Low,0,0,4,0,15,248
REQ-004722,LOC-02,SVC-04,Routine,Case Manager,Portal,2026-04-06,34.8,Medium,0,0,4,0,15,248
REQ-004723,LOC-07,SVC-07,Urgent,Client,Phone,2026-04-06,36.1,Medium,0,0,4,0,15,248
REQ-004725,LOC-07,SVC-07,Routine,Family Member,Phone,2026-04-06,27.8,Medium,0,0,4,0,15,248
REQ-004726,LOC-02,SVC-06,Urgent,Case Manager,Phone,2026-04-06,37.1,Medium,0,0,4,0,15,248
REQ-004727,LOC-06,SVC-05,Routine,Case Manager,Case Manager,2026-04-06,36.7,Medium,0,0,4,0,15,248
REQ-004728,LOC-10,SVC-07,Urgent,Case Manager,Portal,2026-04-06,83.9,Critical,0,0,4,0,15,248
REQ-004729,LOC-01,SVC-01,Priority,Client,Portal,2026-04-06,44.0,Medium,0,0,4,0,15,248
REQ-004730,LOC-06,SVC-05,Routine,Case Manager,Phone,2026-04-06,37.0,Medium,0,0,4,0,15,248
REQ-004731,LOC-06,SVC-01,Urgent,Client,Phone,2026-04-06,42.6,Medium,0,0,4,0,15,248
REQ-004733,LOC-01,SVC-01,Routine,Case Manager,Portal,2026-04-06,17.9,Low,0,0,4,0,15,248
REQ-004734,LOC-08,SVC-05,Urgent,GP / Clinician,Case Manager,2026-04-06,73.8,Critical,0,0,4,0,15,248
REQ-004735,LOC-08,SVC-04,Priority,Client,Phone,2026-04-06,39.0,Medium,0,0,4,0,15,248
REQ-004736,LOC-06,SVC-02,Priority,Client,Portal,2026-04-06,14.1,Low,0,0,4,0,15,248
REQ-004737,LOC-01,SVC-02,Routine,Family Member,Phone,2026-04-06,53.5,High,0,0,4,0,15,248
REQ-004738,LOC-10,SVC-05,Urgent,Client,Portal,2026-04-06,15.2,Low,0,0,4,0,15,248
REQ-004739,LOC-06,SVC-05,Urgent,Case Manager,Referral,2026-04-06,93.6,Critical,0,0,4,0,15,248
REQ-004740,LOC-07,SVC-01,Priority,Case Manager,Referral,2026-04-06,36.3,Medium,0,0,4,0,15,248
REQ-004741,LOC-02,SVC-09,Routine,Family Member,Phone,2026-04-06,36.4,Medium,0,0,4,0,15,248
REQ-004742,LOC-02,SVC-02,Urgent,Client,Phone,2026-04-06,66.5,High,0,0,4,0,15,248
REQ-004744,LOC-06,SVC-01,Urgent,Family Member,Phone,2026-04-06,30.8,Medium,0,0,4,0,15,248
REQ-004745,LOC-09,SVC-02,Routine,Client,Portal,2026-04-06,7.3,Low,0,0,4,0,15,248
REQ-004746,LOC-05,SVC-06,Routine,Family Member,Phone,2026-04-06,37.3,Medium,0,0,4,0,15,248
REQ-004748,LOC-09,SVC-02,Priority,Client,Referral,2026-04-07,32.2,Medium,1,0,4,0,15,249
REQ-004749,LOC-06,SVC-05,Routine,Family Member,Portal,2026-04-07,38.2,Medium,1,0,4,0,15,249
REQ-004750,LOC-03,SVC-04,Routine,Client,Portal,2026-04-07,15.4,Low,1,0,4,0,15,249
REQ-004751,LOC-05,SVC-05,Urgent,Case Manager,Phone,2026-04-07,33.9,Medium,1,0,4,0,15,249
REQ-004753,LOC-07,SVC-04,Routine,Client,Phone,2026-04-07,10.2,Low,1,0,4,0,15,249
REQ-004754,LOC-02,SVC-06,Routine,Family Member,Portal,2026-04-07,14.2,Low,1,0,4,0,15,249
REQ-004755,LOC-05,SVC-01,Priority,Family Member,Portal,2026-04-07,6.7,Low,1,0,4,0,15,249
REQ-004756,LOC-03,SVC-02,Routine,Client,Portal,2026-04-07,14.3,Low,1,0,4,0,15,249
REQ-004757,LOC-06,SVC-05,Routine,Case Manager,Referral,2026-04-07,64.7,High,1,0,4,0,15,249
REQ-004758,LOC-08,SVC-09,Priority,Case Manager,Portal,2026-04-07,50.7,Medium,1,0,4,0,15,249
REQ-004759,LOC-03,SVC-03,Routine,Family Member,Phone,2026-04-07,38.8,Medium,1,0,4,0,15,249
REQ-004760,LOC-02,SVC-05,Priority,Case Manager,Referral,2026-04-07,93.8,Critical,1,0,4,0,15,249
REQ-004761,LOC-09,SVC-01,Urgent,GP / Clinician,Case Manager,2026-04-07,62.7,High,1,0,4,0,15,249
REQ-004762,LOC-06,SVC-01,Emergency,Client,Phone,2026-04-07,68.2,High,1,0,4,0,15,249
REQ-004763,LOC-09,SVC-06,Urgent,Client,Referral,2026-04-07,79.0,Critical,1,0,4,0,15,249
REQ-004764,LOC-02,SVC-07,Routine,Client,Phone,2026-04-07,27.4,Medium,1,0,4,0,15,249
REQ-004765,LOC-10,SVC-04,Priority,GP / Clinician,Referral,2026-04-07,86.8,Critical,1,0,4,0,15,249
REQ-004767,LOC-03,SVC-02,Routine,Client,Phone,2026-04-07,42.9,Medium,1,0,4,0,15,249
REQ-004768,LOC-10,SVC-03,Priority,Client,Phone,2026-04-07,11.1,Low,1,0,4,0,15,249
REQ-004769,LOC-01,SVC-05,Urgent,Family Member,Portal,2026-04-08,63.0,High,2,0,4,0,15,250
REQ-004770,LOC-01,SVC-01,Routine,Family Member,Referral,2026-04-08,17.4,Low,2,0,4,0,15,250
REQ-004771,LOC-05,SVC-08,Urgent,Case Manager,Phone,2026-04-08,60.8,High,2,0,4,0,15,250
REQ-004772,LOC-10,SVC-06,Routine,Family Member,Phone,2026-04-08,29.7,Medium,2,0,4,0,15,250
REQ-004773,LOC-07,SVC-01,Routine,Client,Referral,2026-04-08,31.9,Medium,2,0,4,0,15,250
REQ-004774,LOC-07,SVC-02,Routine,Case Manager,Referral,2026-04-08,35.2,Medium,2,0,4,0,15,250
REQ-004775,LOC-02,SVC-01,Emergency,Family Member,Phone,2026-04-08,43.0,Medium,2,0,4,0,15,250
REQ-004776,LOC-07,SVC-05,Routine,GP / Clinician,Portal,2026-04-08,59.9,High,2,0,4,0,15,250
REQ-004777,LOC-01,SVC-05,Routine,Client,Portal,2026-04-08,13.2,Low,2,0,4,0,15,250
REQ-004778,LOC-03,SVC-03,Emergency,Family Member,Case Manager,2026-04-08,82.8,Critical,2,0,4,0,15,250
REQ-004780,LOC-08,SVC-05,Routine,Client,Portal,2026-04-08,1.9,Low,2,0,4,0,15,250
REQ-004781,LOC-02,SVC-09,Routine,Client,Phone,2026-04-08,16.3,Low,2,0,4,0,15,250
REQ-004782,LOC-08,SVC-06,Routine,Client,Portal,2026-04-08,30.4,Low,2,0,4,0,15,250
REQ-004784,LOC-05,SVC-09,Urgent,Case Manager,Phone,2026-04-08,53.8,High,2,0,4,0,15,250
REQ-004785,LOC-04,SVC-01,Urgent,Family Member,Phone,2026-04-09,32.2,Low,3,0,4,0,15,251
REQ-004786,LOC-08,SVC-07,Priority,Client,Portal,2026-04-09,32.8,Medium,3,0,4,0,15,251
REQ-004787,LOC-07,SVC-02,Priority,Client,Case Manager,2026-04-09,26.3,Low,3,0,4,0,15,251
REQ-004788,LOC-07,SVC-07,Routine,Case Manager,Referral,2026-04-09,28.2,Medium,3,0,4,0,15,251
REQ-004789,LOC-09,SVC-09,Emergency,Case Manager,Portal,2026-04-09,29.5,Medium,3,0,4,0,15,251
REQ-004790,LOC-09,SVC-03,Priority,Client,Phone,2026-04-09,15.8,Low,3,0,4,0,15,251
REQ-004791,LOC-09,SVC-06,Urgent,Family Member,Phone,2026-04-09,32.4,Medium,3,0,4,0,15,251
REQ-004792,LOC-04,SVC-09,Routine,Client,Phone,2026-04-09,35.3,Medium,3,0,4,0,15,251
REQ-004793,LOC-03,SVC-01,Routine,Client,Referral,2026-04-09,21.8,Low,3,0,4,0,15,251
REQ-004794,LOC-07,SVC-02,Priority,Family Member,Portal,2026-04-09,7.6,Low,3,0,4,0,15,251
REQ-004795,LOC-03,SVC-06,Priority,Client,Portal,2026-04-09,18.4,Low,3,0,4,0,15,251
REQ-004796,LOC-05,SVC-09,Priority,Client,Portal,2026-04-09,34.0,Medium,3,0,4,0,15,251
REQ-004797,LOC-01,SVC-05,Urgent,Client,Case Manager,2026-04-09,32.7,Medium,3,0,4,0,15,251
REQ-004798,LOC-04,SVC-01,Routine,Case Manager,Referral,2026-04-09,18.1,Low,3,0,4,0,15,251
REQ-004799,LOC-03,SVC-02,Priority,Client,Phone,2026-04-09,65.4,High,3,0,4,0,15,251
REQ-004800,LOC-10,SVC-04,Routine,Case Manager,Referral,2026-04-09,63.6,High,3,0,4,0,15,251
REQ-004801,LOC-10,SVC-07,Routine,Client,Referral,2026-04-09,65.0,High,3,0,4,0,15,251
REQ-004802,LOC-07,SVC-03,Priority,GP / Clinician,Phone,2026-04-10,42.6,Medium,4,0,4,0,15,252
REQ-004804,LOC-05,SVC-06,Routine,Client,Phone,2026-04-10,71.0,High,4,0,4,0,15,252
REQ-004805,LOC-08,SVC-04,Urgent,Client,Phone,2026-04-10,44.1,Medium,4,0,4,0,15,252
REQ-004807,LOC-05,SVC-08,Routine,Client,Portal,2026-04-10,65.1,High,4,0,4,0,15,252
REQ-004808,LOC-07,SVC-06,Routine,Family Member,Phone,2026-04-10,48.6,Medium,4,0,4,0,15,252
REQ-004809,LOC-04,SVC-08,Routine,Case Manager,Phone,2026-04-10,64.7,High,4,0,4,0,15,252
REQ-004810,LOC-04,SVC-04,Routine,Client,Phone,2026-04-10,12.8,Low,4,0,4,0,15,252
REQ-004811,LOC-01,SVC-06,Routine,Family Member,Phone,2026-04-10,32.5,Medium,4,0,4,0,15,252
REQ-004812,LOC-07,SVC-07,Routine,Client,Referral,2026-04-10,11.6,Low,4,0,4,0,15,252
REQ-004813,LOC-10,SVC-09,Routine,Family Member,Phone,2026-04-10,22.3,Low,4,0,4,0,15,252
REQ-004814,LOC-01,SVC-07,Routine,GP / Clinician,Phone,2026-04-10,12.9,Low,4,0,4,0,15,252
REQ-004815,LOC-10,SVC-01,Routine,Client,Portal,2026-04-10,11.9,Low,4,0,4,0,15,252
REQ-004817,LOC-08,SVC-09,Urgent,GP / Clinician,Referral,2026-04-10,64.3,High,4,0,4,0,15,252
REQ-004818,LOC-08,SVC-02,Routine,Client,Portal,2026-04-10,6.7,Low,4,0,4,0,15,252
REQ-004819,LOC-01,SVC-05,Routine,Case Manager,Phone,2026-04-10,51.8,High,4,0,4,0,15,252
REQ-004820,LOC-07,SVC-03,Priority,Case Manager,Phone,2026-04-10,99.0,Critical,4,0,4,0,15,252
REQ-004822,LOC-05,SVC-01,Priority,Family Member,Referral,2026-04-10,66.9,High,4,0,4,0,15,252
REQ-004823,LOC-07,SVC-08,Routine,Client,Portal,2026-04-10,18.7,Low,4,0,4,0,15,252
REQ-004824,LOC-04,SVC-05,Routine,GP / Clinician,Portal,2026-04-10,45.3,Medium,4,0,4,0,15,252
REQ-004825,LOC-02,SVC-08,Urgent,Client,Phone,2026-04-11,28.8,Medium,5,1,4,0,15,253
REQ-004826,LOC-02,SVC-05,Priority,Client,Phone,2026-04-11,30.3,Medium,5,1,4,0,15,253
REQ-004827,LOC-02,SVC-03,Routine,Family Member,Referral,2026-04-11,42.9,Medium,5,1,4,0,15,253
REQ-004828,LOC-04,SVC-08,Routine,Family Member,Phone,2026-04-11,10.9,Low,5,1,4,0,15,253
REQ-004829,LOC-07,SVC-03,Urgent,Client,Referral,2026-04-11,15.9,Low,5,1,4,0,15,253
REQ-004830,LOC-07,SVC-02,Routine,Family Member,Case Manager,2026-04-11,6.1,Low,5,1,4,0,15,253
REQ-004831,LOC-09,SVC-07,Priority,Case Manager,Phone,2026-04-11,33.9,Medium,5,1,4,0,15,253
REQ-004833,LOC-10,SVC-04,Routine,Case Manager,Case Manager,2026-04-11,42.4,Medium,5,1,4,0,15,253
REQ-004836,LOC-01,SVC-05,Urgent,Client,Portal,2026-04-12,60.8,High,6,1,4,0,15,254
REQ-004837,LOC-07,SVC-09,Routine,Client,Portal,2026-04-12,40.2,Medium,6,1,4,0,15,254
REQ-004838,LOC-06,SVC-06,Urgent,Client,Referral,2026-04-12,31.5,Medium,6,1,4,0,15,254
REQ-004839,LOC-02,SVC-03,Urgent,Client,Portal,2026-04-12,28.7,Medium,6,1,4,0,15,254
REQ-004840,LOC-02,SVC-06,Urgent,Case Manager,Portal,2026-04-12,32.4,Medium,6,1,4,0,15,254
REQ-004842,LOC-10,SVC-03,Routine,Client,Phone,2026-04-12,14.8,Low,6,1,4,0,15,254
REQ-004843,LOC-08,SVC-09,Routine,Family Member,Portal,2026-04-12,33.5,Medium,6,1,4,0,15,254
REQ-004844,LOC-10,SVC-02,Routine,Client,Portal,2026-04-12,35.9,Medium,6,1,4,0,15,254
REQ-004846,LOC-07,SVC-09,Routine,Family Member,Portal,2026-04-12,16.5,Low,6,1,4,0,15,254
REQ-004847,LOC-08,SVC-01,Routine,Family Member,Referral,2026-04-12,17.9,Low,6,1,4,0,15,254
REQ-004849,LOC-02,SVC-01,Routine,Family Member,Portal,2026-04-12,31.0,Medium,6,1,4,0,15,254
REQ-004850,LOC-04,SVC-05,Routine,GP / Clinician,Phone,2026-04-12,74.6,High,6,1,4,0,15,254
REQ-004851,LOC-06,SVC-07,Routine,Family Member,Case Manager,2026-04-12,22.2,Low,6,1,4,0,15,254
REQ-004852,LOC-01,SVC-01,Priority,GP / Clinician,Phone,2026-04-12,89.2,Critical,6,1,4,0,15,254
REQ-004853,LOC-05,SVC-07,Routine,Client,Case Manager,2026-04-13,9.6,Low,0,0,4,0,16,255
REQ-004854,LOC-09,SVC-03,Urgent,Family Member,Case Manager,2026-04-13,39.2,Medium,0,0,4,0,16,255
REQ-004855,LOC-06,SVC-05,Routine,Client,Portal,2026-04-13,11.6,Low,0,0,4,0,16,255
REQ-004856,LOC-03,SVC-02,Routine,Family Member,Portal,2026-04-13,12.1,Low,0,0,4,0,16,255
REQ-004857,LOC-09,SVC-01,Urgent,Case Manager,Portal,2026-04-13,37.0,Medium,0,0,4,0,16,255
REQ-004858,LOC-04,SVC-01,Routine,Client,Portal,2026-04-13,18.6,Low,0,0,4,0,16,255
REQ-004859,LOC-05,SVC-08,Priority,Case Manager,Portal,2026-04-13,51.0,Medium,0,0,4,0,16,255
REQ-004860,LOC-05,SVC-01,Routine,Client,Portal,2026-04-13,8.5,Low,0,0,4,0,16,255
REQ-004861,LOC-03,SVC-01,Routine,GP / Clinician,Portal,2026-04-13,21.8,Low,0,0,4,0,16,255
REQ-004862,LOC-07,SVC-01,Urgent,GP / Clinician,Phone,2026-04-13,33.2,Medium,0,0,4,0,16,255
REQ-004864,LOC-01,SVC-02,Routine,Client,Portal,2026-04-13,11.1,Low,0,0,4,0,16,255
REQ-004865,LOC-06,SVC-04,Routine,Case Manager,Portal,2026-04-13,48.8,Medium,0,0,4,0,16,255
REQ-004866,LOC-09,SVC-01,Priority,Case Manager,Phone,2026-04-13,35.3,Medium,0,0,4,0,16,255
REQ-004867,LOC-02,SVC-03,Priority,Client,Portal,2026-04-13,38.5,Medium,0,0,4,0,16,255
REQ-004869,LOC-07,SVC-03,Routine,Family Member,Portal,2026-04-13,12.2,Low,0,0,4,0,16,255
REQ-004870,LOC-02,SVC-05,Emergency,Client,Portal,2026-04-13,87.0,Critical,0,0,4,0,16,255
REQ-004871,LOC-03,SVC-02,Routine,Client,Phone,2026-04-13,8.1,Low,0,0,4,0,16,255
REQ-004872,LOC-07,SVC-05,Priority,Family Member,Referral,2026-04-13,9.3,Low,0,0,4,0,16,255
REQ-004873,LOC-03,SVC-01,Priority,Case Manager,Phone,2026-04-13,40.3,Medium,0,0,4,0,16,255
REQ-004874,LOC-09,SVC-05,Routine,Case Manager,Phone,2026-04-13,41.3,Medium,0,0,4,0,16,255
REQ-004875,LOC-08,SVC-04,Urgent,Family Member,Phone,2026-04-13,70.1,High,0,0,4,0,16,255
REQ-004876,LOC-06,SVC-01,Routine,Client,Portal,2026-04-13,41.1,Medium,0,0,4,0,16,255
REQ-004878,LOC-01,SVC-04,Routine,Case Manager,Case Manager,2026-04-13,1.0,Low,0,0,4,0,16,255
REQ-004879,LOC-04,SVC-01,Urgent,GP / Clinician,Phone,2026-04-13,88.8,Critical,0,0,4,0,16,255
REQ-004881,LOC-06,SVC-01,Urgent,Family Member,Referral,2026-04-13,62.6,High,0,0,4,0,16,255
REQ-004882,LOC-10,SVC-08,Priority,Family Member,Phone,2026-04-13,8.5,Low,0,0,4,0,16,255
REQ-004883,LOC-05,SVC-01,Routine,Client,Phone,2026-04-14,42.7,Medium,1,0,4,0,16,256
REQ-004884,LOC-01,SVC-05,Priority,Client,Referral,2026-04-14,65.1,High,1,0,4,0,16,256
REQ-004885,LOC-06,SVC-07,Urgent,Client,Phone,2026-04-14,68.9,High,1,0,4,0,16,256
REQ-004886,LOC-06,SVC-05,Routine,Case Manager,Phone,2026-04-14,65.0,High,1,0,4,0,16,256
REQ-004887,LOC-04,SVC-07,Routine,Client,Phone,2026-04-14,54.4,High,1,0,4,0,16,256
REQ-004889,LOC-07,SVC-06,Priority,Case Manager,Phone,2026-04-14,69.4,High,1,0,4,0,16,256
REQ-004890,LOC-06,SVC-02,Priority,Family Member,Case Manager,2026-04-14,95.8,Critical,1,0,4,0,16,256
REQ-004892,LOC-06,SVC-02,Routine,Family Member,Referral,2026-04-14,17.5,Low,1,0,4,0,16,256
REQ-004895,LOC-09,SVC-02,Urgent,Family Member,Portal,2026-04-14,41.0,Medium,1,0,4,0,16,256
REQ-004896,LOC-02,SVC-01,Routine,GP / Clinician,Phone,2026-04-14,87.1,Critical,1,0,4,0,16,256
REQ-004897,LOC-05,SVC-08,Priority,Client,Phone,2026-04-14,38.2,Medium,1,0,4,0,16,256
REQ-004898,LOC-08,SVC-06,Urgent,Family Member,Referral,2026-04-14,31.1,Medium,1,0,4,0,16,256
REQ-004899,LOC-05,SVC-02,Routine,GP / Clinician,Phone,2026-04-14,93.0,Critical,1,0,4,0,16,256
REQ-004900,LOC-05,SVC-05,Priority,Client,Case Manager,2026-04-14,38.3,Medium,1,0,4,0,16,256
REQ-004901,LOC-01,SVC-05,Priority,Case Manager,Referral,2026-04-14,65.9,High,1,0,4,0,16,256
REQ-004902,LOC-10,SVC-07,Urgent,Case Manager,Portal,2026-04-14,20.3,Low,1,0,4,0,16,256
REQ-004904,LOC-06,SVC-01,Priority,Family Member,Referral,2026-04-14,59.6,High,1,0,4,0,16,256
REQ-004905,LOC-10,SVC-06,Priority,Client,Referral,2026-04-14,31.7,Medium,1,0,4,0,16,256
REQ-004906,LOC-08,SVC-05,Routine,Client,Portal,2026-04-15,16.9,Low,2,0,4,0,16,257
REQ-004907,LOC-06,SVC-09,Priority,Client,Portal,2026-04-15,7.9,Low,2,0,4,0,16,257
REQ-004908,LOC-10,SVC-05,Priority,GP / Clinician,Portal,2026-04-15,31.1,Medium,2,0,4,0,16,257
REQ-004909,LOC-05,SVC-03,Routine,Client,Phone,2026-04-15,27.4,Medium,2,0,4,0,16,257
REQ-004910,LOC-06,SVC-04,Priority,Case Manager,Phone,2026-04-15,33.9,Medium,2,0,4,0,16,257
REQ-004911,LOC-02,SVC-09,Priority,Client,Referral,2026-04-15,31.3,Low,2,0,4,0,16,257
REQ-004914,LOC-10,SVC-03,Urgent,Case Manager,Phone,2026-04-15,32.9,Medium,2,0,4,0,16,257
REQ-004915,LOC-09,SVC-01,Urgent,Case Manager,Phone,2026-04-15,83.1,Critical,2,0,4,0,16,257
REQ-004916,LOC-08,SVC-06,Routine,Case Manager,Phone,2026-04-15,43.6,Medium,2,0,4,0,16,257
REQ-004917,LOC-03,SVC-01,Priority,GP / Clinician,Referral,2026-04-15,68.7,High,2,0,4,0,16,257
REQ-004918,LOC-05,SVC-07,Urgent,Case Manager,Phone,2026-04-15,38.1,Medium,2,0,4,0,16,257
REQ-004919,LOC-04,SVC-09,Routine,Case Manager,Portal,2026-04-15,10.4,Low,2,0,4,0,16,257
REQ-004920,LOC-10,SVC-08,Priority,Client,Portal,2026-04-15,22.4,Low,2,0,4,0,16,257
REQ-004921,LOC-07,SVC-03,Priority,Family Member,Phone,2026-04-15,42.6,Medium,2,0,4,0,16,257
REQ-004922,LOC-08,SVC-01,Routine,Client,Portal,2026-04-15,23.8,Low,2,0,4,0,16,257
REQ-004923,LOC-08,SVC-07,Priority,Family Member,Phone,2026-04-15,11.9,Low,2,0,4,0,16,257
REQ-004925,LOC-08,SVC-08,Routine,Client,Phone,2026-04-15,5.0,Low,2,0,4,0,16,257
REQ-004926,LOC-05,SVC-06,Urgent,GP / Clinician,Case Manager,2026-04-15,68.3,High,2,0,4,0,16,257
REQ-004927,LOC-09,SVC-08,Priority,Client,Phone,2026-04-15,8.3,Low,2,0,4,0,16,257
REQ-004928,LOC-05,SVC-01,Routine,Client,Portal,2026-04-15,31.5,Medium,2,0,4,0,16,257
REQ-004929,LOC-04,SVC-07,Routine,Client,Portal,2026-04-15,27.1,Medium,2,0,4,0,16,257
REQ-004931,LOC-10,SVC-09,Routine,Client,Referral,2026-04-15,12.8,Low,2,0,4,0,16,257
REQ-004932,LOC-04,SVC-03,Urgent,Client,Phone,2026-04-15,17.9,Low,2,0,4,0,16,257
REQ-004933,LOC-10,SVC-02,Routine,Family Member,Referral,2026-04-15,44.3,Medium,2,0,4,0,16,257
REQ-004934,LOC-07,SVC-09,Routine,Case Manager,Case Manager,2026-04-15,61.3,High,2,0,4,0,16,257
REQ-004935,LOC-01,SVC-05,Priority,Client,Portal,2026-04-16,13.9,Low,3,0,4,0,16,258
REQ-004936,LOC-05,SVC-01,Priority,Case Manager,Referral,2026-04-16,36.7,Medium,3,0,4,0,16,258
REQ-004937,LOC-10,SVC-01,Emergency,Client,Phone,2026-04-16,23.4,Low,3,0,4,0,16,258
REQ-004938,LOC-08,SVC-04,Urgent,Case Manager,Phone,2026-04-16,45.0,Medium,3,0,4,0,16,258
REQ-004939,LOC-02,SVC-05,Routine,Client,Phone,2026-04-16,33.1,Medium,3,0,4,0,16,258
REQ-004940,LOC-03,SVC-01,Routine,Client,Referral,2026-04-16,36.7,Medium,3,0,4,0,16,258
REQ-004941,LOC-08,SVC-06,Routine,Family Member,Phone,2026-04-16,36.4,Medium,3,0,4,0,16,258
REQ-004942,LOC-07,SVC-07,Routine,Family Member,Phone,2026-04-16,12.8,Low,3,0,4,0,16,258
REQ-004943,LOC-04,SVC-01,Routine,Client,Portal,2026-04-16,12.7,Low,3,0,4,0,16,258
REQ-004944,LOC-02,SVC-06,Urgent,GP / Clinician,Phone,2026-04-16,42.6,Medium,3,0,4,0,16,258
REQ-004945,LOC-05,SVC-03,Priority,Client,Phone,2026-04-16,32.5,Medium,3,0,4,0,16,258
REQ-004946,LOC-02,SVC-01,Routine,Family Member,Phone,2026-04-16,37.1,Medium,3,0,4,0,16,258
REQ-004947,LOC-05,SVC-09,Priority,Client,Referral,2026-04-16,40.0,Medium,3,0,4,0,16,258
REQ-004948,LOC-03,SVC-07,Urgent,Family Member,Phone,2026-04-16,29.3,Medium,3,0,4,0,16,258
REQ-004949,LOC-05,SVC-02,Priority,Family Member,Portal,2026-04-16,29.5,Medium,3,0,4,0,16,258
REQ-004950,LOC-06,SVC-01,Priority,Family Member,Phone,2026-04-16,68.9,High,3,0,4,0,16,258
REQ-004951,LOC-02,SVC-03,Routine,Case Manager,Phone,2026-04-16,74.5,Critical,3,0,4,0,16,258
REQ-004952,LOC-02,SVC-07,Priority,Case Manager,Referral,2026-04-16,62.9,High,3,0,4,0,16,258
REQ-004953,LOC-07,SVC-05,Priority,Case Manager,Phone,2026-04-17,12.5,Low,4,0,4,0,16,259
REQ-004954,LOC-03,SVC-05,Routine,Client,Portal,2026-04-17,11.3,Low,4,0,4,0,16,259
REQ-004955,LOC-02,SVC-02,Routine,Client,Phone,2026-04-17,11.0,Low,4,0,4,0,16,259
REQ-004956,LOC-03,SVC-01,Urgent,Client,Phone,2026-04-17,24.9,Low,4,0,4,0,16,259
REQ-004957,LOC-01,SVC-03,Routine,Family Member,Portal,2026-04-17,4.0,Low,4,0,4,0,16,259
REQ-004958,LOC-05,SVC-04,Urgent,GP / Clinician,Phone,2026-04-17,85.0,Critical,4,0,4,0,16,259
REQ-004959,LOC-06,SVC-09,Priority,Case Manager,Portal,2026-04-17,26.3,Medium,4,0,4,0,16,259
REQ-004960,LOC-02,SVC-02,Priority,Case Manager,Phone,2026-04-17,41.2,Medium,4,0,4,0,16,259
REQ-004961,LOC-03,SVC-01,Priority,Case Manager,Phone,2026-04-17,36.6,Medium,4,0,4,0,16,259
REQ-004962,LOC-05,SVC-01,Routine,Family Member,Referral,2026-04-17,38.3,Medium,4,0,4,0,16,259
REQ-004963,LOC-06,SVC-01,Priority,Client,Portal,2026-04-17,9.8,Low,4,0,4,0,16,259
REQ-004964,LOC-10,SVC-07,Urgent,GP / Clinician,Phone,2026-04-17,86.3,Critical,4,0,4,0,16,259
REQ-004967,LOC-10,SVC-05,Priority,Case Manager,Phone,2026-04-17,39.9,Medium,4,0,4,0,16,259
REQ-004968,LOC-05,SVC-06,Routine,Case Manager,Case Manager,2026-04-17,9.9,Low,4,0,4,0,16,259
REQ-004969,LOC-07,SVC-06,Routine,Client,Referral,2026-04-17,34.1,Medium,4,0,4,0,16,259
REQ-004970,LOC-09,SVC-01,Urgent,Case Manager,Phone,2026-04-17,41.9,Medium,4,0,4,0,16,259
REQ-004971,LOC-08,SVC-01,Routine,Client,Referral,2026-04-17,15.1,Low,4,0,4,0,16,259
REQ-004972,LOC-07,SVC-06,Priority,Family Member,Portal,2026-04-17,16.1,Low,4,0,4,0,16,259
REQ-004974,LOC-03,SVC-01,Priority,Family Member,Portal,2026-04-18,8.7,Low,5,1,4,0,16,260
REQ-004975,LOC-09,SVC-06,Routine,Client,Portal,2026-04-18,38.2,Medium,5,1,4,0,16,260
REQ-004977,LOC-04,SVC-01,Urgent,Case Manager,Referral,2026-04-18,75.8,Critical,5,1,4,0,16,260
REQ-004978,LOC-02,SVC-05,Routine,Family Member,Portal,2026-04-18,2.2,Low,5,1,4,0,16,260
REQ-004979,LOC-07,SVC-01,Urgent,GP / Clinician,Portal,2026-04-19,11.1,Low,6,1,4,0,16,261
REQ-004980,LOC-03,SVC-02,Routine,Case Manager,Phone,2026-04-19,12.9,Low,6,1,4,0,16,261
REQ-004981,LOC-03,SVC-03,Urgent,Client,Phone,2026-04-19,16.0,Low,6,1,4,0,16,261
REQ-004982,LOC-07,SVC-02,Priority,Client,Referral,2026-04-19,34.3,Medium,6,1,4,0,16,261
REQ-004983,LOC-04,SVC-09,Routine,Client,Referral,2026-04-19,36.7,Medium,6,1,4,0,16,261
REQ-004984,LOC-08,SVC-03,Emergency,Case Manager,Referral,2026-04-19,49.4,Medium,6,1,4,0,16,261
REQ-004985,LOC-09,SVC-02,Priority,Case Manager,Portal,2026-04-20,70.3,High,0,0,4,0,17,262
REQ-004986,LOC-01,SVC-02,Routine,Client,Phone,2026-04-20,66.5,High,0,0,4,0,17,262
REQ-004987,LOC-02,SVC-01,Priority,GP / Clinician,Phone,2026-04-20,87.2,Critical,0,0,4,0,17,262
REQ-004988,LOC-08,SVC-05,Urgent,Case Manager,Case Manager,2026-04-20,44.6,Medium,0,0,4,0,17,262
REQ-004990,LOC-05,SVC-06,Priority,Client,Case Manager,2026-04-20,19.9,Low,0,0,4,0,17,262
REQ-004991,LOC-09,SVC-01,Routine,Client,Portal,2026-04-20,16.3,Low,0,0,4,0,17,262
REQ-004992,LOC-02,SVC-03,Urgent,Case Manager,Case Manager,2026-04-20,96.2,Critical,0,0,4,0,17,262
REQ-004993,LOC-08,SVC-08,Priority,Family Member,Case Manager,2026-04-20,61.2,High,0,0,4,0,17,262
REQ-004994,LOC-05,SVC-02,Priority,Family Member,Case Manager,2026-04-20,21.9,Low,0,0,4,0,17,262
REQ-004995,LOC-02,SVC-02,Priority,Case Manager,Case Manager,2026-04-20,67.1,High,0,0,4,0,17,262
REQ-004996,LOC-08,SVC-01,Urgent,Client,Phone,2026-04-20,14.9,Low,0,0,4,0,17,262
REQ-004997,LOC-10,SVC-09,Routine,Family Member,Portal,2026-04-20,13.5,Low,0,0,4,0,17,262
REQ-004998,LOC-03,SVC-06,Priority,Case Manager,Phone,2026-04-20,84.6,Critical,0,0,4,0,17,262
REQ-005000,LOC-10,SVC-05,Emergency,Family Member,Portal,2026-04-20,73.7,High,0,0,4,0,17,262
REQ-005001,LOC-10,SVC-05,Priority,Client,Portal,2026-04-20,13.6,Low,0,0,4,0,17,262
REQ-005002,LOC-03,SVC-04,Priority,Family Member,Case Manager,2026-04-20,35.0,Medium,0,0,4,0,17,262
REQ-005004,LOC-03,SVC-07,Routine,Family Member,Referral,2026-04-20,37.4,Medium,0,0,4,0,17,262
REQ-005006,LOC-03,SVC-07,Urgent,Case Manager,Case Manager,2026-04-20,28.0,Low,0,0,4,0,17,262
REQ-005007,LOC-07,SVC-09,Routine,Family Member,Portal,2026-04-21,34.2,Medium,1,0,4,0,17,263
REQ-005008,LOC-03,SVC-07,Routine,Client,Case Manager,2026-04-21,17.4,Low,1,0,4,0,17,263
REQ-005009,LOC-08,SVC-06,Routine,Client,Portal,2026-04-21,14.2,Low,1,0,4,0,17,263
REQ-005010,LOC-05,SVC-01,Urgent,Client,Case Manager,2026-04-21,42.1,Medium,1,0,4,0,17,263
REQ-005011,LOC-09,SVC-09,Routine,Family Member,Referral,2026-04-21,14.7,Low,1,0,4,0,17,263
REQ-005012,LOC-09,SVC-08,Routine,GP / Clinician,Portal,2026-04-21,40.4,Medium,1,0,4,0,17,263
REQ-005013,LOC-10,SVC-02,Priority,Client,Referral,2026-04-21,65.4,High,1,0,4,0,17,263
REQ-005014,LOC-08,SVC-04,Priority,Case Manager,Referral,2026-04-21,14.1,Low,1,0,4,0,17,263
REQ-005015,LOC-09,SVC-01,Priority,GP / Clinician,Phone,2026-04-21,63.8,High,1,0,4,0,17,263
REQ-005016,LOC-05,SVC-05,Routine,Client,Referral,2026-04-21,36.9,Medium,1,0,4,0,17,263
REQ-005018,LOC-06,SVC-01,Routine,Client,Portal,2026-04-21,26.1,Low,1,0,4,0,17,263
REQ-005019,LOC-02,SVC-05,Routine,Client,Case Manager,2026-04-21,33.8,Medium,1,0,4,0,17,263
REQ-005020,LOC-06,SVC-07,Routine,Client,Case Manager,2026-04-21,33.4,Medium,1,0,4,0,17,263
REQ-005021,LOC-01,SVC-06,Priority,GP / Clinician,Case Manager,2026-04-21,43.2,Medium,1,0,4,0,17,263
REQ-005023,LOC-01,SVC-01,Emergency,Client,Phone,2026-04-22,37.7,Medium,2,0,4,0,17,264
REQ-005024,LOC-08,SVC-02,Routine,Client,Phone,2026-04-22,15.3,Low,2,0,4,0,17,264
REQ-005025,LOC-08,SVC-07,Priority,Family Member,Case Manager,2026-04-22,61.7,High,2,0,4,0,17,264
REQ-005026,LOC-10,SVC-01,Priority,Client,Phone,2026-04-22,39.4,Medium,2,0,4,0,17,264
REQ-005027,LOC-03,SVC-04,Routine,Client,Phone,2026-04-22,13.5,Low,2,0,4,0,17,264
REQ-005029,LOC-02,SVC-08,Priority,Family Member,Phone,2026-04-22,46.5,Medium,2,0,4,0,17,264
REQ-005030,LOC-05,SVC-06,Priority,Case Manager,Phone,2026-04-22,66.0,High,2,0,4,0,17,264
REQ-005031,LOC-10,SVC-01,Routine,Case Manager,Phone,2026-04-22,12.9,Low,2,0,4,0,17,264
REQ-005032,LOC-01,SVC-08,Urgent,Case Manager,Case Manager,2026-04-22,64.5,High,2,0,4,0,17,264
REQ-005033,LOC-07,SVC-02,Urgent,Family Member,Referral,2026-04-22,42.8,Medium,2,0,4,0,17,264
REQ-005034,LOC-09,SVC-02,Priority,Client,Portal,2026-04-22,13.0,Low,2,0,4,0,17,264
REQ-005035,LOC-08,SVC-02,Routine,Case Manager,Phone,2026-04-22,6.6,Low,2,0,4,0,17,264
REQ-005036,LOC-07,SVC-09,Priority,Family Member,Portal,2026-04-22,1.0,Low,2,0,4,0,17,264
REQ-005037,LOC-01,SVC-08,Priority,Case Manager,Referral,2026-04-22,59.0,High,2,0,4,0,17,264
REQ-005038,LOC-09,SVC-06,Routine,Family Member,Portal,2026-04-22,17.7,Low,2,0,4,0,17,264
REQ-005039,LOC-02,SVC-02,Priority,Client,Portal,2026-04-22,27.3,Medium,2,0,4,0,17,264
REQ-005041,LOC-02,SVC-01,Routine,Family Member,Portal,2026-04-22,12.4,Low,2,0,4,0,17,264
REQ-005042,LOC-04,SVC-03,Priority,GP / Clinician,Referral,2026-04-22,33.6,Medium,2,0,4,0,17,264
REQ-005043,LOC-04,SVC-03,Routine,Family Member,Phone,2026-04-22,5.6,Low,2,0,4,0,17,264
REQ-005044,LOC-01,SVC-06,Routine,Client,Portal,2026-04-22,10.0,Low,2,0,4,0,17,264
REQ-005045,LOC-01,SVC-09,Routine,Case Manager,Case Manager,2026-04-23,42.8,Medium,3,0,4,0,17,265
REQ-005046,LOC-10,SVC-03,Priority,Client,Portal,2026-04-23,11.1,Low,3,0,4,0,17,265
REQ-005047,LOC-09,SVC-07,Priority,Client,Portal,2026-04-23,38.2,Medium,3,0,4,0,17,265
REQ-005048,LOC-02,SVC-05,Emergency,Family Member,Phone,2026-04-23,85.3,Critical,3,0,4,0,17,265
REQ-005049,LOC-07,SVC-08,Priority,Family Member,Case Manager,2026-04-23,65.7,High,3,0,4,0,17,265
REQ-005051,LOC-07,SVC-01,Routine,Client,Case Manager,2026-04-23,18.7,Low,3,0,4,0,17,265
REQ-005052,LOC-09,SVC-02,Priority,Family Member,Phone,2026-04-23,35.8,Medium,3,0,4,0,17,265
REQ-005053,LOC-02,SVC-07,Routine,Case Manager,Portal,2026-04-23,35.7,Medium,3,0,4,0,17,265
REQ-005054,LOC-07,SVC-01,Routine,Client,Phone,2026-04-23,23.9,Low,3,0,4,0,17,265
REQ-005055,LOC-03,SVC-01,Routine,Client,Case Manager,2026-04-23,46.6,Medium,3,0,4,0,17,265
REQ-005056,LOC-02,SVC-04,Priority,Client,Portal,2026-04-23,48.3,Medium,3,0,4,0,17,265
REQ-005057,LOC-09,SVC-05,Routine,Client,Phone,2026-04-23,37.3,Medium,3,0,4,0,17,265
REQ-005058,LOC-09,SVC-09,Routine,Client,Portal,2026-04-23,39.5,Medium,3,0,4,0,17,265
REQ-005059,LOC-05,SVC-01,Urgent,Client,Portal,2026-04-23,49.8,Medium,3,0,4,0,17,265
REQ-005060,LOC-01,SVC-02,Routine,Family Member,Referral,2026-04-23,46.3,Medium,3,0,4,0,17,265
REQ-005061,LOC-05,SVC-05,Routine,Case Manager,Phone,2026-04-23,47.5,Medium,3,0,4,0,17,265
REQ-005062,LOC-04,SVC-08,Routine,Client,Referral,2026-04-23,12.9,Low,3,0,4,0,17,265
REQ-005063,LOC-09,SVC-01,Routine,Client,Referral,2026-04-23,34.4,Medium,3,0,4,0,17,265
REQ-005064,LOC-08,SVC-08,Routine,Client,Portal,2026-04-23,43.8,Medium,3,0,4,0,17,265
REQ-005066,LOC-08,SVC-01,Urgent,Family Member,Phone,2026-04-24,13.0,Low,4,0,4,0,17,266
REQ-005067,LOC-02,SVC-02,Emergency,Client,Case Manager,2026-04-24,66.7,High,4,0,4,0,17,266
REQ-005068,LOC-03,SVC-06,Routine,Client,Referral,2026-04-24,21.8,Low,4,0,4,0,17,266
REQ-005069,LOC-01,SVC-01,Routine,Client,Phone,2026-04-24,17.3,Low,4,0,4,0,17,266
REQ-005070,LOC-01,SVC-07,Routine,Client,Portal,2026-04-24,14.1,Low,4,0,4,0,17,266
REQ-005071,LOC-04,SVC-07,Routine,Case Manager,Phone,2026-04-24,8.9,Low,4,0,4,0,17,266
REQ-005072,LOC-07,SVC-04,Routine,Family Member,Phone,2026-04-24,39.5,Medium,4,0,4,0,17,266
REQ-005073,LOC-05,SVC-04,Urgent,Family Member,Referral,2026-04-24,26.6,Medium,4,0,4,0,17,266
REQ-005075,LOC-03,SVC-02,Routine,Family Member,Phone,2026-04-24,34.9,Medium,4,0,4,0,17,266
REQ-005076,LOC-01,SVC-07,Routine,Family Member,Portal,2026-04-24,14.7,Low,4,0,4,0,17,266
REQ-005077,LOC-10,SVC-04,Priority,Client,Phone,2026-04-24,18.8,Low,4,0,4,0,17,266
REQ-005079,LOC-05,SVC-06,Emergency,GP / Clinician,Portal,2026-04-25,62.7,High,5,1,4,0,17,267
REQ-005080,LOC-06,SVC-05,Routine,Client,Portal,2026-04-25,7.4,Low,5,1,4,0,17,267
REQ-005081,LOC-05,SVC-02,Routine,Family Member,Portal,2026-04-25,63.2,High,5,1,4,0,17,267
REQ-005083,LOC-07,SVC-02,Urgent,Client,Phone,2026-04-25,35.0,Medium,5,1,4,0,17,267
REQ-005084,LOC-02,SVC-08,Routine,Client,Portal,2026-04-25,14.8,Low,5,1,4,0,17,267
REQ-005085,LOC-09,SVC-02,Priority,Client,Phone,2026-04-25,37.1,Medium,5,1,4,0,17,267
REQ-005086,LOC-08,SVC-03,Routine,Client,Phone,2026-04-25,1.0,Low,5,1,4,0,17,267
REQ-005087,LOC-07,SVC-03,Priority,Client,Portal,2026-04-25,22.8,Low,5,1,4,0,17,267
REQ-005089,LOC-07,SVC-06,Priority,GP / Clinician,Phone,2026-04-25,71.1,High,5,1,4,0,17,267
REQ-005090,LOC-10,SVC-02,Routine,Client,Referral,2026-04-25,14.5,Low,5,1,4,0,17,267
REQ-005091,LOC-09,SVC-08,Routine,Case Manager,Portal,2026-04-25,21.2,Low,5,1,4,0,17,267
REQ-005092,LOC-06,SVC-08,Routine,Family Member,Case Manager,2026-04-26,6.6,Low,6,1,4,0,17,268
REQ-005093,LOC-09,SVC-06,Routine,Case Manager,Portal,2026-04-26,42.1,Medium,6,1,4,0,17,268
REQ-005094,LOC-02,SVC-01,Routine,Case Manager,Referral,2026-04-26,60.8,High,6,1,4,0,17,268
REQ-005096,LOC-01,SVC-01,Priority,Family Member,Case Manager,2026-04-26,41.5,Medium,6,1,4,0,17,268
REQ-005098,LOC-10,SVC-02,Priority,Client,Referral,2026-04-26,3.2,Low,6,1,4,0,17,268
REQ-005099,LOC-07,SVC-05,Priority,Case Manager,Phone,2026-04-26,36.4,Medium,6,1,4,0,17,268
REQ-005100,LOC-06,SVC-09,Priority,Family Member,Portal,2026-04-26,40.0,Medium,6,1,4,0,17,268
REQ-005101,LOC-08,SVC-01,Routine,Client,Portal,2026-04-26,14.8,Low,6,1,4,0,17,268
REQ-005103,LOC-02,SVC-05,Routine,Case Manager,Portal,2026-04-26,25.6,Low,6,1,4,0,17,268
REQ-005104,LOC-10,SVC-01,Routine,Client,Referral,2026-04-26,31.3,Low,6,1,4,0,17,268
REQ-005105,LOC-06,SVC-07,Routine,Case Manager,Phone,2026-04-26,42.6,Medium,6,1,4,0,17,268
REQ-005106,LOC-01,SVC-01,Urgent,Case Manager,Case Manager,2026-04-27,62.6,High,0,0,4,0,18,269
REQ-005107,LOC-06,SVC-05,Priority,Client,Phone,2026-04-27,7.1,Low,0,0,4,0,18,269
REQ-005108,LOC-06,SVC-07,Routine,Family Member,Phone,2026-04-27,19.0,Low,0,0,4,0,18,269
REQ-005109,LOC-02,SVC-01,Routine,Family Member,Phone,2026-04-27,25.7,Medium,0,0,4,0,18,269
REQ-005110,LOC-09,SVC-07,Urgent,Case Manager,Referral,2026-04-27,38.7,Medium,0,0,4,0,18,269
REQ-005111,LOC-06,SVC-02,Routine,Family Member,Phone,2026-04-27,30.7,Medium,0,0,4,0,18,269
REQ-005112,LOC-01,SVC-05,Routine,Case Manager,Case Manager,2026-04-27,35.4,Medium,0,0,4,0,18,269
REQ-005113,LOC-05,SVC-05,Routine,Family Member,Phone,2026-04-27,42.3,Medium,0,0,4,0,18,269
REQ-005114,LOC-02,SVC-01,Emergency,Client,Portal,2026-04-27,35.1,Medium,0,0,4,0,18,269
REQ-005115,LOC-09,SVC-08,Routine,Client,Phone,2026-04-27,40.5,Medium,0,0,4,0,18,269
REQ-005117,LOC-10,SVC-05,Routine,Family Member,Portal,2026-04-27,11.0,Low,0,0,4,0,18,269
REQ-005118,LOC-04,SVC-01,Routine,Client,Phone,2026-04-27,20.6,Low,0,0,4,0,18,269
REQ-005119,LOC-08,SVC-02,Routine,Family Member,Phone,2026-04-27,35.0,Medium,0,0,4,0,18,269
REQ-005120,LOC-09,SVC-03,Routine,Client,Portal,2026-04-27,19.6,Low,0,0,4,0,18,269
REQ-005121,LOC-06,SVC-04,Priority,GP / Clinician,Referral,2026-04-27,36.9,Medium,0,0,4,0,18,269
REQ-005122,LOC-02,SVC-04,Routine,Family Member,Phone,2026-04-27,38.3,Medium,0,0,4,0,18,269
REQ-005123,LOC-02,SVC-07,Priority,Family Member,Phone,2026-04-27,58.6,High,0,0,4,0,18,269
REQ-005124,LOC-03,SVC-07,Urgent,Client,Portal,2026-04-27,29.7,Medium,0,0,4,0,18,269
REQ-005125,LOC-02,SVC-07,Priority,Family Member,Referral,2026-04-27,96.9,Critical,0,0,4,0,18,269
REQ-005126,LOC-04,SVC-01,Priority,Case Manager,Case Manager,2026-04-27,88.6,Critical,0,0,4,0,18,269
REQ-005127,LOC-01,SVC-06,Priority,Family Member,Phone,2026-04-27,34.7,Medium,0,0,4,0,18,269
REQ-005128,LOC-10,SVC-05,Urgent,Client,Phone,2026-04-28,19.3,Low,1,0,4,0,18,270
REQ-005129,LOC-10,SVC-04,Routine,Case Manager,Phone,2026-04-28,27.4,Medium,1,0,4,0,18,270
REQ-005130,LOC-02,SVC-01,Routine,Family Member,Portal,2026-04-28,17.6,Low,1,0,4,0,18,270
REQ-005131,LOC-03,SVC-02,Routine,Client,Portal,2026-04-28,32.1,Medium,1,0,4,0,18,270
REQ-005132,LOC-04,SVC-07,Urgent,Family Member,Portal,2026-04-28,62.8,High,1,0,4,0,18,270
REQ-005133,LOC-08,SVC-03,Urgent,Client,Portal,2026-04-28,68.7,High,1,0,4,0,18,270
REQ-005134,LOC-01,SVC-09,Urgent,Case Manager,Portal,2026-04-28,84.7,Critical,1,0,4,0,18,270
REQ-005135,LOC-06,SVC-02,Urgent,Case Manager,Phone,2026-04-28,67.5,High,1,0,4,0,18,270
REQ-005136,LOC-02,SVC-03,Priority,Family Member,Case Manager,2026-04-28,69.3,High,1,0,4,0,18,270
REQ-005138,LOC-07,SVC-02,Priority,Family Member,Phone,2026-04-28,43.6,Medium,1,0,4,0,18,270
REQ-005139,LOC-10,SVC-05,Urgent,Case Manager,Phone,2026-04-28,65.3,High,1,0,4,0,18,270
REQ-005140,LOC-09,SVC-04,Priority,Client,Referral,2026-04-28,30.1,Medium,1,0,4,0,18,270
REQ-005141,LOC-06,SVC-02,Priority,Family Member,Phone,2026-04-28,20.0,Low,1,0,4,0,18,270
REQ-005142,LOC-07,SVC-01,Routine,Client,Portal,2026-04-28,15.9,Low,1,0,4,0,18,270
REQ-005143,LOC-09,SVC-03,Urgent,Family Member,Referral,2026-04-28,43.7,Medium,1,0,4,0,18,270
REQ-005144,LOC-05,SVC-08,Routine,Family Member,Portal,2026-04-28,43.5,Medium,1,0,4,0,18,270
REQ-005145,LOC-04,SVC-05,Routine,Case Manager,Referral,2026-04-28,11.3,Low,1,0,4,0,18,270
REQ-005146,LOC-03,SVC-04,Urgent,Case Manager,Phone,2026-04-28,87.9,Critical,1,0,4,0,18,270
REQ-005149,LOC-06,SVC-02,Routine,Client,Referral,2026-04-29,40.1,Medium,2,0,4,0,18,271
REQ-005150,LOC-06,SVC-06,Routine,Client,Phone,2026-04-29,26.5,Low,2,0,4,0,18,271
REQ-005151,LOC-04,SVC-01,Urgent,GP / Clinician,Phone,2026-04-29,61.3,High,2,0,4,0,18,271
REQ-005153,LOC-06,SVC-03,Routine,Case Manager,Portal,2026-04-29,32.8,Medium,2,0,4,0,18,271
REQ-005154,LOC-01,SVC-05,Emergency,Case Manager,Phone,2026-04-29,79.2,Critical,2,0,4,0,18,271
REQ-005155,LOC-09,SVC-03,Priority,GP / Clinician,Referral,2026-04-29,35.0,Medium,2,0,4,0,18,271
REQ-005156,LOC-02,SVC-07,Routine,Case Manager,Portal,2026-04-29,50.8,High,2,0,4,0,18,271
REQ-005157,LOC-06,SVC-09,Priority,Client,Portal,2026-04-29,15.5,Low,2,0,4,0,18,271
REQ-005158,LOC-02,SVC-05,Routine,Case Manager,Portal,2026-04-29,44.8,Medium,2,0,4,0,18,271
REQ-005159,LOC-05,SVC-07,Urgent,Family Member,Phone,2026-04-29,22.3,Medium,2,0,4,0,18,271
REQ-005160,LOC-03,SVC-07,Emergency,Client,Referral,2026-04-29,76.9,Critical,2,0,4,0,18,271
REQ-005162,LOC-01,SVC-05,Routine,Client,Portal,2026-04-29,11.8,Low,2,0,4,0,18,271
REQ-005163,LOC-02,SVC-03,Emergency,GP / Clinician,Portal,2026-04-29,25.6,Medium,2,0,4,0,18,271
REQ-005164,LOC-09,SVC-02,Priority,Case Manager,Case Manager,2026-04-29,40.8,Medium,2,0,4,0,18,271
REQ-005165,LOC-04,SVC-08,Priority,Family Member,Phone,2026-04-29,13.4,Low,2,0,4,0,18,271
REQ-005166,LOC-09,SVC-04,Routine,Client,Phone,2026-04-29,23.6,Low,2,0,4,0,18,271
REQ-005167,LOC-10,SVC-04,Routine,Client,Case Manager,2026-04-29,19.0,Low,2,0,4,0,18,271
REQ-005168,LOC-05,SVC-01,Priority,Client,Portal,2026-04-29,31.1,Medium,2,0,4,0,18,271
REQ-005169,LOC-03,SVC-08,Priority,Client,Referral,2026-04-29,14.4,Low,2,0,4,0,18,271
REQ-005170,LOC-02,SVC-06,Priority,Client,Phone,2026-04-29,16.8,Low,2,0,4,0,18,271
REQ-005171,LOC-03,SVC-08,Priority,Case Manager,Phone,2026-04-29,89.9,Critical,2,0,4,0,18,271
REQ-005173,LOC-02,SVC-05,Priority,Family Member,Case Manager,2026-04-29,60.1,High,2,0,4,0,18,271
REQ-005174,LOC-10,SVC-07,Routine,Family Member,Phone,2026-04-29,46.8,Medium,2,0,4,0,18,271
REQ-005175,LOC-08,SVC-06,Routine,Family Member,Portal,2026-04-29,26.2,Low,2,0,4,0,18,271
REQ-005176,LOC-02,SVC-05,Urgent,Client,Portal,2026-04-29,18.3,Low,2,0,4,0,18,271
REQ-005177,LOC-01,SVC-01,Priority,Case Manager,Phone,2026-04-30,97.7,Critical,3,0,4,0,18,272
REQ-005178,LOC-05,SVC-05,Routine,Case Manager,Referral,2026-04-30,53.8,High,3,0,4,0,18,272
REQ-005179,LOC-09,SVC-03,Priority,Case Manager,Referral,2026-04-30,40.5,Medium,3,0,4,0,18,272
REQ-005180,LOC-03,SVC-01,Priority,Client,Phone,2026-04-30,11.2,Low,3,0,4,0,18,272
REQ-005181,LOC-04,SVC-05,Priority,Client,Referral,2026-04-30,13.6,Low,3,0,4,0,18,272
REQ-005182,LOC-03,SVC-05,Routine,Family Member,Portal,2026-04-30,41.9,Medium,3,0,4,0,18,272
REQ-005183,LOC-04,SVC-02,Routine,Client,Portal,2026-04-30,21.7,Low,3,0,4,0,18,272
REQ-005185,LOC-06,SVC-01,Routine,Client,Portal,2026-04-30,18.7,Low,3,0,4,0,18,272
REQ-005186,LOC-05,SVC-06,Routine,Family Member,Portal,2026-04-30,31.9,Medium,3,0,4,0,18,272
REQ-005187,LOC-06,SVC-02,Urgent,Client,Phone,2026-04-30,42.0,Medium,3,0,4,0,18,272
REQ-005189,LOC-01,SVC-06,Routine,Family Member,Portal,2026-04-30,12.1,Low,3,0,4,0,18,272
REQ-005190,LOC-09,SVC-08,Routine,Family Member,Case Manager,2026-04-30,39.4,Medium,3,0,4,0,18,272
REQ-005191,LOC-06,SVC-07,Priority,Family Member,Case Manager,2026-04-30,66.6,High,3,0,4,0,18,272
REQ-005192,LOC-08,SVC-08,Routine,Family Member,Portal,2026-04-30,16.1,Low,3,0,4,0,18,272
REQ-005193,LOC-05,SVC-05,Routine,GP / Clinician,Portal,2026-04-30,33.3,Medium,3,0,4,0,18,272
REQ-005194,LOC-08,SVC-02,Routine,Family Member,Referral,2026-04-30,42.9,Medium,3,0,4,0,18,272
REQ-005195,LOC-03,SVC-03,Routine,Client,Portal,2026-04-30,8.5,Low,3,0,4,0,18,272
REQ-005196,LOC-09,SVC-01,Routine,Client,Phone,2026-04-30,17.3,Low,3,0,4,0,18,272
REQ-005197,LOC-07,SVC-01,Routine,Client,Referral,2026-04-30,14.5,Low,3,0,4,0,18,272
REQ-005198,LOC-10,SVC-09,Priority,Case Manager,Case Manager,2026-04-30,37.3,Medium,3,0,4,0,18,272
REQ-005200,LOC-05,SVC-07,Priority,Case Manager,Referral,2026-04-30,49.8,High,3,0,4,0,18,272
REQ-005201,LOC-09,SVC-01,Routine,Client,Portal,2026-04-30,4.4,Low,3,0,4,0,18,272
REQ-005202,LOC-06,SVC-06,Priority,GP / Clinician,Referral,2026-04-30,65.5,High,3,0,4,0,18,272
REQ-005203,LOC-02,SVC-07,Routine,Client,Portal,2026-04-30,15.8,Low,3,0,4,0,18,272
REQ-005204,LOC-01,SVC-08,Priority,Case Manager,Portal,2026-04-30,46.0,Medium,3,0,4,0,18,272
REQ-005205,LOC-06,SVC-03,Urgent,Family Member,Referral,2026-04-30,33.7,Medium,3,0,4,0,18,272
REQ-005206,LOC-09,SVC-07,Routine,Family Member,Portal,2026-04-30,17.3,Low,3,0,4,0,18,272
REQ-005207,LOC-01,SVC-01,Priority,Client,Phone,2026-05-01,20.6,Low,4,0,5,0,18,273
REQ-005208,LOC-07,SVC-05,Priority,GP / Clinician,Portal,2026-05-01,14.4,Low,4,0,5,0,18,273
REQ-005209,LOC-05,SVC-02,Priority,Client,Case Manager,2026-05-01,31.4,Medium,4,0,5,0,18,273
REQ-005210,LOC-07,SVC-01,Routine,Client,Phone,2026-05-01,7.5,Low,4,0,5,0,18,273
REQ-005211,LOC-03,SVC-01,Routine,Client,Case Manager,2026-05-01,14.6,Low,4,0,5,0,18,273
REQ-005212,LOC-05,SVC-08,Routine,Family Member,Referral,2026-05-01,41.1,Medium,4,0,5,0,18,273
REQ-005213,LOC-07,SVC-08,Routine,Client,Phone,2026-05-01,25.7,Medium,4,0,5,0,18,273
REQ-005214,LOC-01,SVC-09,Priority,Case Manager,Phone,2026-05-01,84.1,Critical,4,0,5,0,18,273
REQ-005215,LOC-04,SVC-05,Routine,Client,Phone,2026-05-01,13.3,Low,4,0,5,0,18,273
REQ-005217,LOC-05,SVC-07,Emergency,Client,Phone,2026-05-01,66.9,High,4,0,5,0,18,273
REQ-005219,LOC-03,SVC-05,Priority,GP / Clinician,Phone,2026-05-01,99.0,Critical,4,0,5,0,18,273
REQ-005220,LOC-02,SVC-02,Urgent,Client,Referral,2026-05-01,16.2,Low,4,0,5,0,18,273
REQ-005221,LOC-09,SVC-02,Priority,Family Member,Phone,2026-05-01,47.5,Medium,4,0,5,0,18,273
REQ-005222,LOC-07,SVC-07,Routine,Family Member,Portal,2026-05-01,10.5,Low,4,0,5,0,18,273
REQ-005223,LOC-02,SVC-01,Urgent,Client,Portal,2026-05-01,14.3,Low,4,0,5,0,18,273
REQ-005224,LOC-08,SVC-02,Routine,Family Member,Referral,2026-05-01,20.9,Low,4,0,5,0,18,273
REQ-005225,LOC-10,SVC-09,Emergency,Client,Portal,2026-05-01,23.7,Medium,4,0,5,0,18,273
REQ-005226,LOC-01,SVC-06,Routine,Case Manager,Referral,2026-05-01,22.1,Low,4,0,5,0,18,273
REQ-005227,LOC-01,SVC-05,Priority,Client,Referral,2026-05-01,16.3,Low,4,0,5,0,18,273
REQ-005228,LOC-01,SVC-01,Urgent,Client,Phone,2026-05-01,41.0,Medium,4,0,5,0,18,273
REQ-005229,LOC-10,SVC-07,Priority,Case Manager,Phone,2026-05-01,92.3,Critical,4,0,5,0,18,273
REQ-005230,LOC-01,SVC-02,Routine,Client,Phone,2026-05-01,14.7,Low,4,0,5,0,18,273
REQ-005231,LOC-02,SVC-01,Emergency,Case Manager,Portal,2026-05-01,91.8,Critical,4,0,5,0,18,273
REQ-005232,LOC-03,SVC-06,Routine,Client,Phone,2026-05-01,10.3,Low,4,0,5,0,18,273
REQ-005234,LOC-01,SVC-02,Priority,Client,Phone,2026-05-01,27.9,Medium,4,0,5,0,18,273
REQ-005235,LOC-08,SVC-07,Routine,Client,Phone,2026-05-02,26.2,Medium,5,1,5,0,18,274
REQ-005236,LOC-04,SVC-07,Priority,Client,Phone,2026-05-02,66.7,High,5,1,5,0,18,274
REQ-005237,LOC-03,SVC-05,Routine,GP / Clinician,Referral,2026-05-02,73.5,Critical,5,1,5,0,18,274
REQ-005239,LOC-06,SVC-04,Priority,Case Manager,Referral,2026-05-02,66.8,High,5,1,5,0,18,274
REQ-005240,LOC-09,SVC-06,Priority,Client,Phone,2026-05-02,14.8,Low,5,1,5,0,18,274
REQ-005241,LOC-02,SVC-03,Priority,Case Manager,Referral,2026-05-02,58.4,High,5,1,5,0,18,274
REQ-005242,LOC-09,SVC-02,Routine,Family Member,Portal,2026-05-02,37.0,Medium,5,1,5,0,18,274
REQ-005243,LOC-08,SVC-08,Routine,Client,Referral,2026-05-02,42.8,Medium,5,1,5,0,18,274
REQ-005244,LOC-06,SVC-01,Urgent,Family Member,Portal,2026-05-02,30.6,Medium,5,1,5,0,18,274
REQ-005245,LOC-07,SVC-03,Routine,Case Manager,Portal,2026-05-03,41.4,Medium,6,1,5,0,18,275
REQ-005246,LOC-08,SVC-06,Routine,Family Member,Portal,2026-05-03,13.6,Low,6,1,5,0,18,275
REQ-005247,LOC-03,SVC-01,Routine,Client,Portal,2026-05-03,19.1,Low,6,1,5,0,18,275
REQ-005248,LOC-10,SVC-05,Routine,Client,Portal,2026-05-03,44.2,Medium,6,1,5,0,18,275
REQ-005249,LOC-10,SVC-04,Priority,Client,Portal,2026-05-03,24.3,Low,6,1,5,0,18,275
REQ-005250,LOC-09,SVC-01,Routine,GP / Clinician,Phone,2026-05-03,47.3,Medium,6,1,5,0,18,275
REQ-005251,LOC-03,SVC-07,Routine,Case Manager,Portal,2026-05-03,32.5,Medium,6,1,5,0,18,275
REQ-005252,LOC-05,SVC-08,Routine,GP / Clinician,Case Manager,2026-05-03,18.7,Low,6,1,5,0,18,275
REQ-005253,LOC-08,SVC-05,Urgent,Family Member,Portal,2026-05-03,43.8,Medium,6,1,5,0,18,275
REQ-005255,LOC-05,SVC-01,Priority,Case Manager,Phone,2026-05-03,35.1,Medium,6,1,5,0,18,275
REQ-005256,LOC-02,SVC-01,Priority,GP / Clinician,Phone,2026-05-03,83.1,Critical,6,1,5,0,18,275
REQ-005257,LOC-07,SVC-01,Priority,Client,Referral,2026-05-03,37.7,Medium,6,1,5,0,18,275
REQ-005258,LOC-08,SVC-05,Urgent,Case Manager,Referral,2026-05-03,71.6,High,6,1,5,0,18,275
REQ-005259,LOC-05,SVC-05,Priority,Client,Phone,2026-05-03,13.5,Low,6,1,5,0,18,275
REQ-005260,LOC-01,SVC-01,Routine,Client,Phone,2026-05-04,37.8,Medium,0,0,5,0,19,276
REQ-005261,LOC-09,SVC-03,Routine,Family Member,Referral,2026-05-04,68.1,High,0,0,5,0,19,276
REQ-005262,LOC-01,SVC-02,Routine,Client,Portal,2026-05-04,9.3,Low,0,0,5,0,19,276
REQ-005263,LOC-06,SVC-01,Routine,Case Manager,Referral,2026-05-04,31.7,Medium,0,0,5,0,19,276
REQ-005264,LOC-10,SVC-06,Routine,Client,Phone,2026-05-04,21.0,Low,0,0,5,0,19,276
REQ-005265,LOC-09,SVC-05,Priority,Client,Phone,2026-05-04,16.7,Low,0,0,5,0,19,276
REQ-005266,LOC-01,SVC-03,Urgent,Client,Portal,2026-05-04,49.4,Medium,0,0,5,0,19,276
REQ-005267,LOC-10,SVC-02,Routine,Client,Referral,2026-05-04,72.4,High,0,0,5,0,19,276
REQ-005268,LOC-09,SVC-05,Routine,Client,Portal,2026-05-04,18.4,Low,0,0,5,0,19,276
REQ-005269,LOC-01,SVC-07,Routine,Client,Phone,2026-05-04,12.8,Low,0,0,5,0,19,276
REQ-005270,LOC-03,SVC-05,Routine,Family Member,Phone,2026-05-04,10.3,Low,0,0,5,0,19,276
REQ-005271,LOC-08,SVC-02,Routine,GP / Clinician,Portal,2026-05-04,29.3,Medium,0,0,5,0,19,276
REQ-005272,LOC-04,SVC-01,Emergency,Case Manager,Referral,2026-05-04,95.0,Critical,0,0,5,0,19,276
REQ-005273,LOC-05,SVC-05,Urgent,Client,Phone,2026-05-04,37.0,Medium,0,0,5,0,19,276
REQ-005274,LOC-06,SVC-08,Priority,Case Manager,Case Manager,2026-05-04,71.1,High,0,0,5,0,19,276
REQ-005275,LOC-07,SVC-04,Routine,Client,Case Manager,2026-05-04,9.0,Low,0,0,5,0,19,276
REQ-005276,LOC-07,SVC-07,Routine,Client,Portal,2026-05-04,21.1,Low,0,0,5,0,19,276
REQ-005277,LOC-09,SVC-01,Priority,Client,Portal,2026-05-04,47.3,Medium,0,0,5,0,19,276
REQ-005278,LOC-07,SVC-09,Routine,Client,Case Manager,2026-05-04,16.3,Low,0,0,5,0,19,276
REQ-005279,LOC-05,SVC-07,Urgent,Client,Referral,2026-05-04,44.9,Medium,0,0,5,0,19,276
REQ-005280,LOC-09,SVC-07,Routine,Case Manager,Referral,2026-05-04,70.1,High,0,0,5,0,19,276
REQ-005281,LOC-09,SVC-01,Routine,GP / Clinician,Case Manager,2026-05-04,63.8,High,0,0,5,0,19,276
REQ-005282,LOC-07,SVC-08,Routine,Client,Referral,2026-05-04,19.5,Low,0,0,5,0,19,276
REQ-005284,LOC-03,SVC-06,Urgent,Family Member,Case Manager,2026-05-05,32.4,Medium,1,0,5,0,19,277
REQ-005285,LOC-01,SVC-07,Routine,Family Member,Referral,2026-05-05,65.8,High,1,0,5,0,19,277
REQ-005287,LOC-05,SVC-01,Urgent,Client,Phone,2026-05-05,42.8,Medium,1,0,5,0,19,277
REQ-005288,LOC-02,SVC-02,Priority,Case Manager,Phone,2026-05-05,62.8,High,1,0,5,0,19,277
REQ-005289,LOC-08,SVC-01,Priority,Family Member,Case Manager,2026-05-05,58.7,High,1,0,5,0,19,277
REQ-005290,LOC-05,SVC-01,Urgent,Case Manager,Phone,2026-05-05,80.3,Critical,1,0,5,0,19,277
REQ-005291,LOC-05,SVC-08,Urgent,Case Manager,Referral,2026-05-05,28.7,Medium,1,0,5,0,19,277
REQ-005292,LOC-01,SVC-07,Routine,Case Manager,Portal,2026-05-05,54.6,High,1,0,5,0,19,277
REQ-005293,LOC-03,SVC-05,Routine,Client,Portal,2026-05-05,10.9,Low,1,0,5,0,19,277
REQ-005296,LOC-03,SVC-01,Routine,GP / Clinician,Phone,2026-05-05,23.8,Low,1,0,5,0,19,277
REQ-005298,LOC-03,SVC-02,Routine,Family Member,Portal,2026-05-05,27.5,Medium,1,0,5,0,19,277
REQ-005299,LOC-07,SVC-08,Priority,Case Manager,Phone,2026-05-05,87.5,Critical,1,0,5,0,19,277
REQ-005300,LOC-01,SVC-05,Routine,GP / Clinician,Phone,2026-05-05,33.3,Medium,1,0,5,0,19,277
REQ-005301,LOC-01,SVC-01,Routine,Family Member,Referral,2026-05-05,15.3,Low,1,0,5,0,19,277
REQ-005302,LOC-02,SVC-01,Priority,Family Member,Phone,2026-05-05,63.3,High,1,0,5,0,19,277
REQ-005303,LOC-08,SVC-05,Priority,Client,Case Manager,2026-05-05,27.8,Medium,1,0,5,0,19,277
REQ-005304,LOC-04,SVC-07,Emergency,Case Manager,Case Manager,2026-05-05,81.7,Critical,1,0,5,0,19,277
REQ-005306,LOC-06,SVC-04,Priority,Family Member,Phone,2026-05-06,12.1,Low,2,0,5,0,19,278
REQ-005307,LOC-02,SVC-07,Priority,Case Manager,Case Manager,2026-05-06,36.9,Medium,2,0,5,0,19,278
REQ-005308,LOC-06,SVC-02,Priority,Case Manager,Phone,2026-05-06,72.2,High,2,0,5,0,19,278
REQ-005309,LOC-01,SVC-08,Priority,GP / Clinician,Portal,2026-05-06,70.9,High,2,0,5,0,19,278
REQ-005310,LOC-07,SVC-07,Routine,Family Member,Case Manager,2026-05-06,31.3,Medium,2,0,5,0,19,278
REQ-005311,LOC-06,SVC-07,Urgent,Client,Portal,2026-05-06,38.5,Medium,2,0,5,0,19,278
REQ-005312,LOC-01,SVC-01,Priority,Client,Portal,2026-05-06,38.5,Medium,2,0,5,0,19,278
REQ-005313,LOC-03,SVC-02,Routine,Client,Phone,2026-05-06,26.0,Medium,2,0,5,0,19,278
REQ-005314,LOC-09,SVC-02,Routine,Client,Portal,2026-05-06,54.0,High,2,0,5,0,19,278
REQ-005315,LOC-02,SVC-06,Routine,Client,Phone,2026-05-06,58.4,High,2,0,5,0,19,278
REQ-005316,LOC-02,SVC-01,Urgent,GP / Clinician,Phone,2026-05-06,85.9,Critical,2,0,5,0,19,278
REQ-005318,LOC-06,SVC-05,Priority,GP / Clinician,Portal,2026-05-06,40.6,Medium,2,0,5,0,19,278
REQ-005319,LOC-09,SVC-01,Routine,Client,Portal,2026-05-06,11.0,Low,2,0,5,0,19,278
REQ-005320,LOC-08,SVC-07,Urgent,Family Member,Referral,2026-05-06,66.6,High,2,0,5,0,19,278
REQ-005321,LOC-04,SVC-01,Routine,Case Manager,Case Manager,2026-05-06,63.8,High,2,0,5,0,19,278
REQ-005322,LOC-09,SVC-01,Routine,Client,Referral,2026-05-06,26.5,Low,2,0,5,0,19,278
REQ-005323,LOC-09,SVC-03,Routine,Family Member,Phone,2026-05-06,15.3,Low,2,0,5,0,19,278
REQ-005324,LOC-05,SVC-07,Routine,Client,Portal,2026-05-06,19.3,Low,2,0,5,0,19,278
REQ-005325,LOC-05,SVC-01,Priority,Family Member,Referral,2026-05-06,4.3,Low,2,0,5,0,19,278
REQ-005326,LOC-08,SVC-09,Priority,Client,Phone,2026-05-06,9.5,Low,2,0,5,0,19,278
REQ-005327,LOC-07,SVC-07,Priority,Case Manager,Portal,2026-05-06,22.3,Low,2,0,5,0,19,278
REQ-005328,LOC-06,SVC-08,Routine,Client,Referral,2026-05-06,13.2,Low,2,0,5,0,19,278
REQ-005329,LOC-10,SVC-07,Routine,Client,Case Manager,2026-05-06,28.6,Low,2,0,5,0,19,278
REQ-005330,LOC-05,SVC-01,Routine,Family Member,Phone,2026-05-06,9.2,Low,2,0,5,0,19,278
REQ-005331,LOC-10,SVC-07,Routine,Client,Phone,2026-05-06,14.9,Low,2,0,5,0,19,278
REQ-005332,LOC-01,SVC-01,Routine,Case Manager,Referral,2026-05-06,29.1,Medium,2,0,5,0,19,278
REQ-005333,LOC-05,SVC-05,Priority,Case Manager,Phone,2026-05-06,50.4,Medium,2,0,5,0,19,278
REQ-005334,LOC-01,SVC-02,Priority,Client,Phone,2026-05-07,36.4,Medium,3,0,5,0,19,279
REQ-005335,LOC-01,SVC-02,Routine,Client,Phone,2026-05-07,38.0,Medium,3,0,5,0,19,279
REQ-005336,LOC-08,SVC-05,Routine,GP / Clinician,Portal,2026-05-07,12.5,Low,3,0,5,0,19,279
REQ-005337,LOC-03,SVC-01,Emergency,Case Manager,Phone,2026-05-07,91.8,Critical,3,0,5,0,19,279
REQ-005338,LOC-01,SVC-04,Priority,Client,Portal,2026-05-07,20.8,Low,3,0,5,0,19,279
REQ-005339,LOC-04,SVC-07,Routine,Client,Phone,2026-05-07,4.1,Low,3,0,5,0,19,279
REQ-005340,LOC-08,SVC-01,Priority,Case Manager,Referral,2026-05-07,67.4,High,3,0,5,0,19,279
REQ-005341,LOC-10,SVC-02,Priority,Client,Phone,2026-05-07,17.3,Medium,3,0,5,0,19,279
REQ-005342,LOC-02,SVC-01,Routine,Case Manager,Referral,2026-05-07,45.5,Medium,3,0,5,0,19,279
REQ-005343,LOC-05,SVC-02,Priority,Case Manager,Referral,2026-05-07,62.2,High,3,0,5,0,19,279
REQ-005344,LOC-07,SVC-03,Routine,Family Member,Portal,2026-05-07,9.7,Low,3,0,5,0,19,279
REQ-005345,LOC-02,SVC-01,Urgent,Case Manager,Portal,2026-05-07,58.1,High,3,0,5,0,19,279
REQ-005346,LOC-01,SVC-01,Routine,Client,Phone,2026-05-07,9.7,Low,3,0,5,0,19,279
REQ-005348,LOC-01,SVC-04,Priority,Client,Portal,2026-05-07,33.9,Medium,3,0,5,0,19,279
REQ-005350,LOC-06,SVC-04,Urgent,Family Member,Phone,2026-05-07,37.8,Medium,3,0,5,0,19,279
REQ-005351,LOC-01,SVC-03,Routine,Client,Phone,2026-05-07,36.4,Medium,3,0,5,0,19,279
REQ-005352,LOC-09,SVC-06,Routine,Family Member,Portal,2026-05-07,48.2,Medium,3,0,5,0,19,279
REQ-005353,LOC-02,SVC-09,Emergency,Case Manager,Phone,2026-05-07,81.4,Critical,3,0,5,0,19,279
REQ-005354,LOC-06,SVC-06,Routine,Client,Portal,2026-05-07,21.0,Low,3,0,5,0,19,279
REQ-005355,LOC-07,SVC-01,Routine,Client,Portal,2026-05-07,69.1,High,3,0,5,0,19,279
REQ-005356,LOC-02,SVC-05,Routine,GP / Clinician,Phone,2026-05-07,52.8,High,3,0,5,0,19,279
REQ-005358,LOC-08,SVC-02,Routine,Family Member,Portal,2026-05-07,26.7,Low,3,0,5,0,19,279
REQ-005359,LOC-10,SVC-01,Emergency,Case Manager,Referral,2026-05-07,85.5,Critical,3,0,5,0,19,279
REQ-005360,LOC-06,SVC-02,Urgent,Case Manager,Case Manager,2026-05-07,19.3,Low,3,0,5,0,19,279
REQ-005361,LOC-09,SVC-05,Routine,Family Member,Portal,2026-05-07,14.9,Low,3,0,5,0,19,279
REQ-005362,LOC-03,SVC-03,Routine,Family Member,Case Manager,2026-05-07,19.8,Low,3,0,5,0,19,279
REQ-005363,LOC-09,SVC-05,Urgent,Family Member,Portal,2026-05-08,18.5,Low,4,0,5,0,19,280
REQ-005364,LOC-05,SVC-04,Routine,Family Member,Referral,2026-05-08,57.1,High,4,0,5,0,19,280
REQ-005365,LOC-02,SVC-03,Priority,Client,Portal,2026-05-08,45.7,Medium,4,0,5,0,19,280
REQ-005367,LOC-03,SVC-06,Priority,Client,Portal,2026-05-08,40.0,Medium,4,0,5,0,19,280
REQ-005368,LOC-10,SVC-01,Routine,Case Manager,Portal,2026-05-08,12.9,Low,4,0,5,0,19,280
REQ-005369,LOC-06,SVC-03,Routine,Client,Referral,2026-05-08,49.0,Medium,4,0,5,0,19,280
REQ-005370,LOC-08,SVC-05,Urgent,Case Manager,Phone,2026-05-08,74.7,High,4,0,5,0,19,280
REQ-005371,LOC-10,SVC-02,Urgent,Client,Referral,2026-05-08,85.0,Critical,4,0,5,0,19,280
REQ-005373,LOC-09,SVC-02,Routine,GP / Clinician,Phone,2026-05-08,89.3,Critical,4,0,5,0,19,280
REQ-005374,LOC-03,SVC-01,Priority,Client,Phone,2026-05-08,37.6,Medium,4,0,5,0,19,280
REQ-005375,LOC-06,SVC-02,Routine,Family Member,Case Manager,2026-05-08,63.7,High,4,0,5,0,19,280
REQ-005376,LOC-04,SVC-01,Routine,Client,Phone,2026-05-08,25.8,Low,4,0,5,0,19,280
REQ-005377,LOC-02,SVC-03,Priority,Family Member,Phone,2026-05-08,49.9,Medium,4,0,5,0,19,280
REQ-005378,LOC-07,SVC-06,Emergency,Family Member,Phone,2026-05-08,73.5,Critical,4,0,5,0,19,280
REQ-005379,LOC-03,SVC-03,Priority,Client,Case Manager,2026-05-08,41.0,Medium,4,0,5,0,19,280
REQ-005380,LOC-02,SVC-07,Priority,Case Manager,Phone,2026-05-08,40.1,Medium,4,0,5,0,19,280
REQ-005381,LOC-07,SVC-08,Routine,Client,Phone,2026-05-08,26.0,Low,4,0,5,0,19,280
REQ-005382,LOC-01,SVC-05,Routine,Family Member,Phone,2026-05-08,7.8,Low,4,0,5,0,19,280
REQ-005383,LOC-07,SVC-01,Routine,Family Member,Phone,2026-05-08,12.3,Low,4,0,5,0,19,280
REQ-005384,LOC-10,SVC-04,Priority,Case Manager,Referral,2026-05-08,64.5,High,4,0,5,0,19,280
REQ-005385,LOC-03,SVC-01,Routine,Family Member,Phone,2026-05-08,36.8,Medium,4,0,5,0,19,280
REQ-005386,LOC-10,SVC-09,Priority,Client,Referral,2026-05-08,11.3,Low,4,0,5,0,19,280
REQ-005387,LOC-07,SVC-03,Urgent,Client,Referral,2026-05-08,55.7,High,4,0,5,0,19,280
REQ-005388,LOC-04,SVC-01,Routine,Case Manager,Phone,2026-05-09,34.8,Medium,5,1,5,0,19,281
REQ-005389,LOC-05,SVC-06,Emergency,Family Member,Case Manager,2026-05-09,40.6,Medium,5,1,5,0,19,281
REQ-005390,LOC-07,SVC-05,Routine,GP / Clinician,Referral,2026-05-09,39.7,Medium,5,1,5,0,19,281
REQ-005392,LOC-10,SVC-03,Routine,Family Member,Case Manager,2026-05-09,48.2,Medium,5,1,5,0,19,281
REQ-005393,LOC-02,SVC-06,Priority,Client,Referral,2026-05-09,26.6,Medium,5,1,5,0,19,281
REQ-005394,LOC-07,SVC-06,Urgent,Family Member,Phone,2026-05-09,64.4,High,5,1,5,0,19,281
REQ-005395,LOC-09,SVC-01,Priority,Client,Portal,2026-05-09,33.0,Medium,5,1,5,0,19,281
REQ-005396,LOC-04,SVC-05,Emergency,Client,Case Manager,2026-05-09,31.9,Low,5,1,5,0,19,281
REQ-005397,LOC-02,SVC-05,Routine,Client,Case Manager,2026-05-10,60.0,High,6,1,5,0,19,282
REQ-005398,LOC-08,SVC-05,Urgent,GP / Clinician,Case Manager,2026-05-10,84.7,Critical,6,1,5,0,19,282
REQ-005399,LOC-10,SVC-08,Routine,Family Member,Portal,2026-05-10,29.0,Low,6,1,5,0,19,282
REQ-005401,LOC-05,SVC-01,Routine,GP / Clinician,Phone,2026-05-10,65.6,High,6,1,5,0,19,282
REQ-005402,LOC-07,SVC-01,Urgent,Case Manager,Case Manager,2026-05-10,57.8,High,6,1,5,0,19,282
REQ-005403,LOC-08,SVC-02,Urgent,Client,Portal,2026-05-10,20.3,Low,6,1,5,0,19,282
REQ-005405,LOC-03,SVC-06,Priority,Client,Portal,2026-05-10,12.6,Low,6,1,5,0,19,282
REQ-005406,LOC-01,SVC-05,Routine,Family Member,Portal,2026-05-10,15.2,Low,6,1,5,0,19,282
REQ-005407,LOC-06,SVC-02,Priority,Case Manager,Phone,2026-05-10,32.7,Medium,6,1,5,0,19,282
REQ-005409,LOC-09,SVC-06,Emergency,Family Member,Referral,2026-05-10,41.6,Medium,6,1,5,0,19,282
REQ-005410,LOC-03,SVC-02,Routine,Case Manager,Phone,2026-05-10,23.4,Medium,6,1,5,0,19,282
REQ-005411,LOC-02,SVC-01,Routine,Client,Phone,2026-05-10,20.1,Low,6,1,5,0,19,282
REQ-005412,LOC-05,SVC-03,Priority,Client,Portal,2026-05-11,22.8,Low,0,0,5,0,20,283
REQ-005413,LOC-01,SVC-07,Routine,Family Member,Portal,2026-05-11,37.0,Medium,0,0,5,0,20,283
REQ-005415,LOC-05,SVC-04,Routine,GP / Clinician,Case Manager,2026-05-11,27.5,Medium,0,0,5,0,20,283
REQ-005416,LOC-07,SVC-06,Priority,Client,Case Manager,2026-05-11,28.4,Medium,0,0,5,0,20,283
REQ-005417,LOC-07,SVC-01,Urgent,Family Member,Referral,2026-05-11,68.5,High,0,0,5,0,20,283
REQ-005418,LOC-10,SVC-02,Priority,Family Member,Phone,2026-05-11,14.7,Low,0,0,5,0,20,283
REQ-005419,LOC-06,SVC-02,Routine,Case Manager,Phone,2026-05-11,5.7,Low,0,0,5,0,20,283
REQ-005421,LOC-06,SVC-04,Urgent,Client,Portal,2026-05-11,60.5,High,0,0,5,0,20,283
REQ-005422,LOC-03,SVC-05,Emergency,Family Member,Case Manager,2026-05-11,32.3,Medium,0,0,5,0,20,283
REQ-005423,LOC-09,SVC-02,Priority,Client,Phone,2026-05-11,12.0,Low,0,0,5,0,20,283
REQ-005424,LOC-02,SVC-05,Routine,Client,Portal,2026-05-11,25.1,Low,0,0,5,0,20,283
REQ-005425,LOC-08,SVC-01,Priority,Client,Case Manager,2026-05-11,47.1,Medium,0,0,5,0,20,283
REQ-005426,LOC-06,SVC-07,Priority,Client,Referral,2026-05-11,63.7,High,0,0,5,0,20,283
REQ-005427,LOC-10,SVC-06,Routine,Family Member,Portal,2026-05-11,14.3,Low,0,0,5,0,20,283
REQ-005428,LOC-05,SVC-06,Routine,Family Member,Case Manager,2026-05-11,37.5,Medium,0,0,5,0,20,283
REQ-005429,LOC-05,SVC-06,Priority,Case Manager,Phone,2026-05-11,63.6,High,0,0,5,0,20,283
REQ-005430,LOC-10,SVC-01,Urgent,Case Manager,Phone,2026-05-11,3.6,Low,0,0,5,0,20,283
REQ-005431,LOC-04,SVC-01,Routine,Family Member,Phone,2026-05-11,14.9,Low,0,0,5,0,20,283
REQ-005432,LOC-06,SVC-08,Routine,Case Manager,Case Manager,2026-05-11,64.5,High,0,0,5,0,20,283
REQ-005433,LOC-08,SVC-01,Priority,Client,Portal,2026-05-11,25.9,Low,0,0,5,0,20,283
REQ-005434,LOC-01,SVC-07,Routine,Client,Referral,2026-05-11,9.8,Low,0,0,5,0,20,283
REQ-005435,LOC-09,SVC-01,Priority,Client,Portal,2026-05-12,14.3,Low,1,0,5,0,20,284
REQ-005436,LOC-05,SVC-06,Routine,Family Member,Phone,2026-05-12,56.7,High,1,0,5,0,20,284
REQ-005438,LOC-10,SVC-02,Urgent,Client,Phone,2026-05-12,15.1,Low,1,0,5,0,20,284
REQ-005440,LOC-04,SVC-04,Routine,Family Member,Case Manager,2026-05-12,64.9,High,1,0,5,0,20,284
REQ-005442,LOC-09,SVC-07,Routine,Family Member,Phone,2026-05-12,63.0,High,1,0,5,0,20,284
REQ-005443,LOC-05,SVC-06,Routine,GP / Clinician,Case Manager,2026-05-12,40.5,Medium,1,0,5,0,20,284
REQ-005444,LOC-01,SVC-05,Routine,Case Manager,Case Manager,2026-05-12,34.6,Medium,1,0,5,0,20,284
REQ-005445,LOC-10,SVC-02,Urgent,Client,Case Manager,2026-05-12,13.7,Low,1,0,5,0,20,284
REQ-005446,LOC-07,SVC-02,Urgent,Family Member,Phone,2026-05-12,73.1,Critical,1,0,5,0,20,284
REQ-005447,LOC-02,SVC-03,Routine,Case Manager,Phone,2026-05-12,34.4,Medium,1,0,5,0,20,284
REQ-005448,LOC-09,SVC-04,Priority,Client,Phone,2026-05-12,35.1,Medium,1,0,5,0,20,284
REQ-005449,LOC-04,SVC-04,Routine,Family Member,Case Manager,2026-05-12,19.1,Low,1,0,5,0,20,284
REQ-005450,LOC-03,SVC-01,Priority,GP / Clinician,Phone,2026-05-12,64.6,High,1,0,5,0,20,284
REQ-005451,LOC-09,SVC-05,Routine,Client,Case Manager,2026-05-12,22.6,Low,1,0,5,0,20,284
REQ-005452,LOC-09,SVC-01,Priority,Family Member,Phone,2026-05-12,23.4,Low,1,0,5,0,20,284
REQ-005453,LOC-05,SVC-06,Priority,Case Manager,Phone,2026-05-13,35.8,Medium,2,0,5,0,20,285
REQ-005454,LOC-02,SVC-05,Routine,Client,Portal,2026-05-13,38.8,Medium,2,0,5,0,20,285
REQ-005455,LOC-08,SVC-01,Priority,Client,Portal,2026-05-13,41.1,Medium,2,0,5,0,20,285
REQ-005456,LOC-10,SVC-03,Priority,Client,Portal,2026-05-13,13.6,Low,2,0,5,0,20,285
REQ-005457,LOC-02,SVC-08,Routine,Case Manager,Phone,2026-05-13,12.4,Low,2,0,5,0,20,285
REQ-005458,LOC-02,SVC-04,Routine,Family Member,Phone,2026-05-13,27.5,Medium,2,0,5,0,20,285
REQ-005459,LOC-03,SVC-05,Routine,Case Manager,Referral,2026-05-13,17.2,Low,2,0,5,0,20,285
REQ-005461,LOC-06,SVC-01,Routine,Family Member,Referral,2026-05-13,23.0,Low,2,0,5,0,20,285
REQ-005462,LOC-06,SVC-01,Routine,Client,Referral,2026-05-13,18.6,Low,2,0,5,0,20,285
REQ-005463,LOC-05,SVC-02,Urgent,Case Manager,Phone,2026-05-13,65.6,High,2,0,5,0,20,285
REQ-005464,LOC-09,SVC-01,Routine,Family Member,Portal,2026-05-13,28.9,Low,2,0,5,0,20,285
REQ-005465,LOC-08,SVC-01,Routine,Client,Phone,2026-05-13,31.4,Low,2,0,5,0,20,285
REQ-005466,LOC-06,SVC-02,Routine,Family Member,Portal,2026-05-13,1.6,Low,2,0,5,0,20,285
REQ-005467,LOC-04,SVC-01,Routine,Case Manager,Phone,2026-05-13,53.0,High,2,0,5,0,20,285
REQ-005471,LOC-03,SVC-07,Priority,GP / Clinician,Phone,2026-05-13,90.9,Critical,2,0,5,0,20,285
REQ-005473,LOC-07,SVC-05,Routine,Family Member,Phone,2026-05-13,47.2,Medium,2,0,5,0,20,285
REQ-005474,LOC-05,SVC-04,Priority,Client,Phone,2026-05-13,67.2,High,2,0,5,0,20,285
REQ-005475,LOC-03,SVC-04,Priority,Family Member,Phone,2026-05-13,45.4,Medium,2,0,5,0,20,285
REQ-005476,LOC-04,SVC-03,Urgent,Client,Phone,2026-05-13,39.5,Medium,2,0,5,0,20,285
REQ-005477,LOC-02,SVC-05,Priority,GP / Clinician,Phone,2026-05-13,75.5,Critical,2,0,5,0,20,285
REQ-005478,LOC-02,SVC-07,Emergency,GP / Clinician,Portal,2026-05-13,60.5,High,2,0,5,0,20,285
REQ-005479,LOC-10,SVC-08,Priority,Client,Phone,2026-05-13,18.6,Low,2,0,5,0,20,285
REQ-005480,LOC-06,SVC-03,Emergency,GP / Clinician,Referral,2026-05-13,61.9,High,2,0,5,0,20,285
REQ-005482,LOC-06,SVC-02,Priority,Client,Portal,2026-05-14,36.8,Medium,3,0,5,0,20,286
REQ-005483,LOC-10,SVC-04,Routine,Client,Portal,2026-05-14,25.9,Low,3,0,5,0,20,286
REQ-005485,LOC-05,SVC-09,Routine,Case Manager,Phone,2026-05-14,32.5,Medium,3,0,5,0,20,286
REQ-005487,LOC-09,SVC-05,Routine,Client,Portal,2026-05-14,18.3,Low,3,0,5,0,20,286
REQ-005488,LOC-06,SVC-07,Routine,Case Manager,Case Manager,2026-05-14,38.3,Medium,3,0,5,0,20,286
REQ-005489,LOC-08,SVC-06,Priority,GP / Clinician,Phone,2026-05-14,90.3,Critical,3,0,5,0,20,286
REQ-005490,LOC-03,SVC-04,Priority,Case Manager,Phone,2026-05-14,32.5,Medium,3,0,5,0,20,286
REQ-005491,LOC-01,SVC-09,Routine,Case Manager,Portal,2026-05-14,35.1,Medium,3,0,5,0,20,286
REQ-005492,LOC-07,SVC-01,Priority,Client,Referral,2026-05-14,45.6,Medium,3,0,5,0,20,286
REQ-005494,LOC-04,SVC-05,Routine,Client,Phone,2026-05-14,14.0,Low,3,0,5,0,20,286
REQ-005495,LOC-07,SVC-02,Routine,Case Manager,Phone,2026-05-14,59.5,High,3,0,5,0,20,286
REQ-005496,LOC-09,SVC-06,Priority,Client,Phone,2026-05-14,9.2,Low,3,0,5,0,20,286
REQ-005497,LOC-10,SVC-05,Priority,Client,Case Manager,2026-05-14,14.7,Low,3,0,5,0,20,286
REQ-005498,LOC-02,SVC-02,Routine,Client,Phone,2026-05-14,19.1,Low,3,0,5,0,20,286
REQ-005499,LOC-06,SVC-08,Emergency,GP / Clinician,Case Manager,2026-05-14,89.4,Critical,3,0,5,0,20,286
REQ-005500,LOC-02,SVC-07,Urgent,Case Manager,Portal,2026-05-14,63.7,High,3,0,5,0,20,286
REQ-005501,LOC-01,SVC-01,Routine,Client,Referral,2026-05-14,36.3,Medium,3,0,5,0,20,286
REQ-005502,LOC-09,SVC-05,Routine,Case Manager,Referral,2026-05-14,20.8,Low,3,0,5,0,20,286
REQ-005504,LOC-01,SVC-08,Routine,Family Member,Case Manager,2026-05-14,27.3,Low,3,0,5,0,20,286
REQ-005505,LOC-01,SVC-08,Priority,Client,Portal,2026-05-15,2.7,Low,4,0,5,0,20,287
REQ-005506,LOC-04,SVC-03,Urgent,GP / Clinician,Portal,2026-05-15,82.8,Critical,4,0,5,0,20,287
REQ-005507,LOC-08,SVC-01,Routine,Case Manager,Portal,2026-05-15,14.6,Low,4,0,5,0,20,287
REQ-005508,LOC-07,SVC-06,Routine,Client,Portal,2026-05-15,15.4,Low,4,0,5,0,20,287
REQ-005509,LOC-01,SVC-06,Routine,Family Member,Phone,2026-05-15,77.3,Critical,4,0,5,0,20,287
REQ-005510,LOC-08,SVC-02,Priority,Client,Phone,2026-05-15,31.9,Medium,4,0,5,0,20,287
REQ-005511,LOC-02,SVC-03,Routine,Family Member,Phone,2026-05-15,42.3,Medium,4,0,5,0,20,287
REQ-005514,LOC-09,SVC-02,Routine,Client,Case Manager,2026-05-15,35.5,Medium,4,0,5,0,20,287
REQ-005515,LOC-06,SVC-01,Emergency,Case Manager,Phone,2026-05-15,81.8,Critical,4,0,5,0,20,287
REQ-005516,LOC-07,SVC-01,Routine,Case Manager,Portal,2026-05-15,16.0,Low,4,0,5,0,20,287
REQ-005518,LOC-07,SVC-02,Routine,Case Manager,Case Manager,2026-05-15,32.4,Medium,4,0,5,0,20,287
REQ-005519,LOC-08,SVC-05,Urgent,Family Member,Case Manager,2026-05-15,58.7,High,4,0,5,0,20,287
REQ-005520,LOC-10,SVC-01,Routine,Client,Case Manager,2026-05-15,54.7,High,4,0,5,0,20,287
REQ-005521,LOC-02,SVC-06,Priority,Client,Phone,2026-05-15,21.8,Low,4,0,5,0,20,287
REQ-005523,LOC-10,SVC-04,Emergency,Case Manager,Phone,2026-05-15,92.7,Critical,4,0,5,0,20,287
REQ-005524,LOC-06,SVC-07,Urgent,Family Member,Portal,2026-05-15,39.6,Medium,4,0,5,0,20,287
REQ-005525,LOC-06,SVC-08,Priority,Family Member,Case Manager,2026-05-15,52.5,High,4,0,5,0,20,287
REQ-005527,LOC-06,SVC-05,Routine,Client,Portal,2026-05-15,13.8,Low,4,0,5,0,20,287
REQ-005528,LOC-09,SVC-01,Emergency,Client,Portal,2026-05-15,6.0,Low,4,0,5,0,20,287
REQ-005529,LOC-08,SVC-04,Routine,Family Member,Phone,2026-05-15,18.9,Low,4,0,5,0,20,287
REQ-005530,LOC-10,SVC-02,Priority,Case Manager,Referral,2026-05-15,34.7,Medium,4,0,5,0,20,287
REQ-005531,LOC-10,SVC-06,Routine,GP / Clinician,Portal,2026-05-15,20.1,Low,4,0,5,0,20,287
REQ-005532,LOC-07,SVC-07,Priority,Family Member,Portal,2026-05-15,42.3,Medium,4,0,5,0,20,287
REQ-005533,LOC-02,SVC-05,Priority,Client,Portal,2026-05-15,35.2,Medium,4,0,5,0,20,287
REQ-005534,LOC-06,SVC-06,Priority,Case Manager,Phone,2026-05-15,89.6,Critical,4,0,5,0,20,287
REQ-005535,LOC-03,SVC-03,Routine,GP / Clinician,Phone,2026-05-15,37.7,Medium,4,0,5,0,20,287
REQ-005536,LOC-02,SVC-04,Priority,Client,Portal,2026-05-15,39.1,Medium,4,0,5,0,20,287
REQ-005537,LOC-10,SVC-02,Routine,Client,Portal,2026-05-16,6.5,Low,5,1,5,0,20,288
REQ-005538,LOC-04,SVC-04,Urgent,Case Manager,Phone,2026-05-16,15.4,Low,5,1,5,0,20,288
REQ-005539,LOC-06,SVC-05,Priority,Case Manager,Phone,2026-05-16,66.6,High,5,1,5,0,20,288
REQ-005540,LOC-10,SVC-07,Routine,Family Member,Case Manager,2026-05-16,21.1,Low,5,1,5,0,20,288
REQ-005541,LOC-06,SVC-02,Urgent,Client,Phone,2026-05-16,14.1,Low,5,1,5,0,20,288
REQ-005542,LOC-08,SVC-08,Priority,Case Manager,Case Manager,2026-05-16,49.7,Medium,5,1,5,0,20,288
REQ-005543,LOC-01,SVC-01,Routine,Family Member,Case Manager,2026-05-16,63.5,High,5,1,5,0,20,288
REQ-005544,LOC-07,SVC-03,Routine,Client,Portal,2026-05-16,34.2,Medium,5,1,5,0,20,288
REQ-005545,LOC-03,SVC-08,Priority,Client,Case Manager,2026-05-16,40.9,Medium,5,1,5,0,20,288
REQ-005546,LOC-07,SVC-01,Routine,Client,Portal,2026-05-16,32.7,Medium,5,1,5,0,20,288
REQ-005547,LOC-09,SVC-05,Routine,Client,Portal,2026-05-16,11.5,Low,5,1,5,0,20,288
REQ-005548,LOC-05,SVC-01,Priority,Client,Phone,2026-05-16,33.6,Medium,5,1,5,0,20,288
REQ-005549,LOC-10,SVC-01,Priority,Family Member,Phone,2026-05-16,35.1,Medium,5,1,5,0,20,288
REQ-005550,LOC-05,SVC-05,Urgent,Client,Portal,2026-05-16,52.5,Medium,5,1,5,0,20,288
REQ-005551,LOC-07,SVC-07,Priority,Case Manager,Phone,2026-05-16,64.4,High,5,1,5,0,20,288
REQ-005552,LOC-02,SVC-02,Routine,Client,Phone,2026-05-17,15.8,Low,6,1,5,0,20,289
REQ-005553,LOC-01,SVC-04,Routine,Case Manager,Phone,2026-05-17,60.6,High,6,1,5,0,20,289
REQ-005554,LOC-01,SVC-08,Priority,Client,Portal,2026-05-17,24.2,Low,6,1,5,0,20,289
REQ-005556,LOC-10,SVC-06,Priority,Family Member,Referral,2026-05-17,30.5,Medium,6,1,5,0,20,289
REQ-005558,LOC-10,SVC-08,Priority,Client,Phone,2026-05-17,17.7,Low,6,1,5,0,20,289
REQ-005559,LOC-07,SVC-01,Routine,Client,Phone,2026-05-17,28.4,Medium,6,1,5,0,20,289
REQ-005560,LOC-08,SVC-07,Emergency,Family Member,Phone,2026-05-17,19.6,Low,6,1,5,0,20,289
REQ-005561,LOC-08,SVC-07,Priority,Case Manager,Portal,2026-05-17,46.3,Medium,6,1,5,0,20,289
REQ-005562,LOC-07,SVC-07,Routine,Client,Portal,2026-05-17,24.2,Medium,6,1,5,0,20,289
REQ-005563,LOC-03,SVC-05,Urgent,GP / Clinician,Phone,2026-05-17,83.7,Critical,6,1,5,0,20,289
REQ-005564,LOC-10,SVC-02,Urgent,Client,Portal,2026-05-17,33.4,Medium,6,1,5,0,20,289
REQ-005565,LOC-06,SVC-07,Priority,Client,Portal,2026-05-17,35.8,Medium,6,1,5,0,20,289
REQ-005566,LOC-09,SVC-06,Priority,Client,Phone,2026-05-18,41.2,Medium,0,0,5,0,21,290
REQ-005567,LOC-05,SVC-05,Emergency,Client,Portal,2026-05-18,31.4,Medium,0,0,5,0,21,290
REQ-005568,LOC-06,SVC-08,Routine,Family Member,Phone,2026-05-18,10.3,Low,0,0,5,0,21,290
REQ-005569,LOC-09,SVC-02,Routine,Client,Portal,2026-05-18,9.9,Low,0,0,5,0,21,290
REQ-005571,LOC-07,SVC-01,Priority,Client,Phone,2026-05-18,27.8,Medium,0,0,5,0,21,290
REQ-005572,LOC-08,SVC-03,Routine,Case Manager,Phone,2026-05-18,30.7,Medium,0,0,5,0,21,290
REQ-005576,LOC-06,SVC-08,Routine,Family Member,Phone,2026-05-18,50.6,Medium,0,0,5,0,21,290
REQ-005577,LOC-06,SVC-05,Routine,Family Member,Case Manager,2026-05-18,25.8,Low,0,0,5,0,21,290
REQ-005578,LOC-05,SVC-02,Routine,Family Member,Phone,2026-05-18,17.8,Low,0,0,5,0,21,290
REQ-005579,LOC-10,SVC-07,Routine,Client,Referral,2026-05-18,19.9,Low,0,0,5,0,21,290
REQ-005580,LOC-03,SVC-02,Routine,Case Manager,Portal,2026-05-18,36.0,Medium,0,0,5,0,21,290
REQ-005581,LOC-03,SVC-02,Routine,Client,Portal,2026-05-18,10.0,Low,0,0,5,0,21,290
REQ-005582,LOC-01,SVC-03,Priority,Client,Portal,2026-05-18,40.3,Medium,0,0,5,0,21,290
REQ-005583,LOC-03,SVC-09,Emergency,Case Manager,Case Manager,2026-05-18,85.5,Critical,0,0,5,0,21,290
REQ-005584,LOC-01,SVC-04,Routine,GP / Clinician,Case Manager,2026-05-18,50.6,High,0,0,5,0,21,290
REQ-005585,LOC-02,SVC-01,Routine,Case Manager,Phone,2026-05-18,74.8,High,0,0,5,0,21,290
REQ-005586,LOC-02,SVC-02,Priority,Case Manager,Case Manager,2026-05-18,68.4,High,0,0,5,0,21,290
REQ-005588,LOC-03,SVC-06,Routine,GP / Clinician,Portal,2026-05-19,37.7,Medium,1,0,5,0,21,291
REQ-005590,LOC-09,SVC-09,Urgent,Client,Referral,2026-05-19,82.2,Critical,1,0,5,0,21,291
REQ-005591,LOC-05,SVC-05,Routine,Family Member,Portal,2026-05-19,15.6,Low,1,0,5,0,21,291
REQ-005592,LOC-06,SVC-01,Routine,Family Member,Phone,2026-05-19,13.8,Low,1,0,5,0,21,291
REQ-005593,LOC-06,SVC-02,Routine,Client,Portal,2026-05-19,14.7,Low,1,0,5,0,21,291
REQ-005595,LOC-06,SVC-03,Routine,Client,Portal,2026-05-19,11.7,Low,1,0,5,0,21,291
REQ-005596,LOC-01,SVC-08,Routine,Family Member,Portal,2026-05-19,6.5,Low,1,0,5,0,21,291
REQ-005597,LOC-09,SVC-01,Routine,Case Manager,Phone,2026-05-19,14.7,Low,1,0,5,0,21,291
REQ-005598,LOC-10,SVC-02,Urgent,Case Manager,Phone,2026-05-19,79.8,Critical,1,0,5,0,21,291
REQ-005599,LOC-09,SVC-04,Routine,Case Manager,Referral,2026-05-19,35.9,Medium,1,0,5,0,21,291
REQ-005600,LOC-02,SVC-09,Routine,Family Member,Referral,2026-05-19,9.2,Low,1,0,5,0,21,291
REQ-005601,LOC-08,SVC-01,Routine,Family Member,Case Manager,2026-05-19,40.9,Medium,1,0,5,0,21,291
REQ-005602,LOC-05,SVC-04,Routine,Client,Phone,2026-05-19,43.7,Medium,1,0,5,0,21,291
REQ-005603,LOC-01,SVC-01,Routine,Family Member,Portal,2026-05-19,33.8,Medium,1,0,5,0,21,291
REQ-005605,LOC-08,SVC-05,Routine,Client,Portal,2026-05-19,40.7,Medium,1,0,5,0,21,291
REQ-005606,LOC-10,SVC-02,Routine,Client,Portal,2026-05-19,7.5,Low,1,0,5,0,21,291
REQ-005607,LOC-03,SVC-01,Priority,Case Manager,Phone,2026-05-19,14.5,Low,1,0,5,0,21,291
REQ-005608,LOC-01,SVC-03,Priority,Case Manager,Case Manager,2026-05-19,38.4,Medium,1,0,5,0,21,291
REQ-005609,LOC-06,SVC-04,Priority,Case Manager,Portal,2026-05-19,14.2,Low,1,0,5,0,21,291
REQ-005610,LOC-09,SVC-02,Priority,Client,Portal,2026-05-19,34.6,Medium,1,0,5,0,21,291
REQ-005611,LOC-07,SVC-07,Routine,Family Member,Referral,2026-05-19,9.8,Low,1,0,5,0,21,291
REQ-005612,LOC-01,SVC-04,Priority,Client,Phone,2026-05-19,46.0,Medium,1,0,5,0,21,291
REQ-005613,LOC-10,SVC-03,Routine,Client,Portal,2026-05-20,20.4,Low,2,0,5,0,21,292
REQ-005614,LOC-08,SVC-03,Routine,Family Member,Phone,2026-05-20,69.5,High,2,0,5,0,21,292
REQ-005615,LOC-02,SVC-01,Priority,GP / Clinician,Phone,2026-05-20,54.2,High,2,0,5,0,21,292
REQ-005616,LOC-06,SVC-01,Priority,Family Member,Phone,2026-05-20,72.5,High,2,0,5,0,21,292
REQ-005617,LOC-01,SVC-07,Routine,Family Member,Phone,2026-05-20,15.7,Low,2,0,5,0,21,292
REQ-005618,LOC-06,SVC-06,Urgent,Case Manager,Phone,2026-05-20,81.3,Critical,2,0,5,0,21,292
REQ-005619,LOC-08,SVC-02,Priority,Family Member,Phone,2026-05-20,13.6,Low,2,0,5,0,21,292
REQ-005620,LOC-01,SVC-06,Priority,GP / Clinician,Referral,2026-05-20,59.4,High,2,0,5,0,21,292
REQ-005621,LOC-05,SVC-04,Routine,Case Manager,Portal,2026-05-20,12.4,Low,2,0,5,0,21,292
REQ-005622,LOC-08,SVC-06,Routine,Client,Portal,2026-05-20,18.1,Low,2,0,5,0,21,292
REQ-005623,LOC-06,SVC-02,Urgent,Family Member,Portal,2026-05-20,30.2,Medium,2,0,5,0,21,292
REQ-005624,LOC-03,SVC-02,Routine,Client,Phone,2026-05-20,23.0,Low,2,0,5,0,21,292
REQ-005625,LOC-06,SVC-09,Urgent,Case Manager,Case Manager,2026-05-20,81.5,Critical,2,0,5,0,21,292
REQ-005627,LOC-06,SVC-03,Routine,Client,Phone,2026-05-20,13.8,Low,2,0,5,0,21,292
REQ-005628,LOC-03,SVC-01,Routine,Client,Portal,2026-05-20,49.9,Medium,2,0,5,0,21,292
REQ-005629,LOC-01,SVC-05,Routine,Family Member,Portal,2026-05-20,18.3,Low,2,0,5,0,21,292
REQ-005631,LOC-06,SVC-06,Urgent,GP / Clinician,Referral,2026-05-20,41.1,Medium,2,0,5,0,21,292
REQ-005632,LOC-04,SVC-01,Routine,Client,Portal,2026-05-20,16.8,Low,2,0,5,0,21,292
REQ-005633,LOC-01,SVC-02,Routine,Client,Portal,2026-05-20,42.7,Medium,2,0,5,0,21,292
REQ-005634,LOC-03,SVC-07,Urgent,Family Member,Portal,2026-05-20,42.6,Medium,2,0,5,0,21,292
REQ-005635,LOC-02,SVC-01,Routine,Family Member,Referral,2026-05-21,31.2,Medium,3,0,5,0,21,293
REQ-005636,LOC-06,SVC-02,Routine,Case Manager,Phone,2026-05-21,31.9,Medium,3,0,5,0,21,293
REQ-005637,LOC-05,SVC-01,Priority,Client,Portal,2026-05-21,31.2,Low,3,0,5,0,21,293
REQ-005638,LOC-01,SVC-01,Routine,Family Member,Phone,2026-05-21,59.8,High,3,0,5,0,21,293
REQ-005639,LOC-05,SVC-03,Urgent,Family Member,Case Manager,2026-05-21,39.8,Medium,3,0,5,0,21,293
REQ-005641,LOC-09,SVC-02,Routine,GP / Clinician,Phone,2026-05-21,78.6,Critical,3,0,5,0,21,293
REQ-005642,LOC-10,SVC-07,Routine,Client,Case Manager,2026-05-21,13.4,Low,3,0,5,0,21,293
REQ-005643,LOC-03,SVC-01,Routine,Client,Portal,2026-05-21,11.0,Low,3,0,5,0,21,293
REQ-005644,LOC-01,SVC-06,Priority,Case Manager,Phone,2026-05-21,44.3,Medium,3,0,5,0,21,293
REQ-005646,LOC-08,SVC-01,Routine,GP / Clinician,Case Manager,2026-05-21,40.4,Medium,3,0,5,0,21,293
REQ-005647,LOC-10,SVC-02,Routine,Family Member,Portal,2026-05-21,41.0,Medium,3,0,5,0,21,293
REQ-005648,LOC-09,SVC-07,Emergency,Family Member,Phone,2026-05-21,86.8,Critical,3,0,5,0,21,293
REQ-005649,LOC-01,SVC-03,Routine,Client,Referral,2026-05-21,45.0,Medium,3,0,5,0,21,293
REQ-005650,LOC-05,SVC-06,Routine,Family Member,Portal,2026-05-21,43.0,Medium,3,0,5,0,21,293
REQ-005651,LOC-05,SVC-05,Emergency,Family Member,Phone,2026-05-21,81.6,Critical,3,0,5,0,21,293
REQ-005652,LOC-03,SVC-09,Routine,Client,Case Manager,2026-05-21,25.7,Medium,3,0,5,0,21,293
REQ-005653,LOC-03,SVC-05,Routine,Client,Phone,2026-05-21,16.7,Low,3,0,5,0,21,293
REQ-005654,LOC-08,SVC-05,Routine,Family Member,Case Manager,2026-05-21,46.9,Medium,3,0,5,0,21,293
REQ-005655,LOC-06,SVC-09,Routine,Case Manager,Referral,2026-05-21,52.7,High,3,0,5,0,21,293
REQ-005656,LOC-09,SVC-06,Routine,Case Manager,Phone,2026-05-21,21.4,Low,3,0,5,0,21,293
REQ-005657,LOC-06,SVC-02,Priority,Family Member,Case Manager,2026-05-21,38.4,Medium,3,0,5,0,21,293
REQ-005658,LOC-08,SVC-05,Routine,Client,Phone,2026-05-21,44.0,Medium,3,0,5,0,21,293
REQ-005659,LOC-03,SVC-01,Routine,Client,Case Manager,2026-05-21,33.6,Medium,3,0,5,0,21,293
REQ-005660,LOC-05,SVC-04,Priority,Case Manager,Portal,2026-05-21,26.4,Medium,3,0,5,0,21,293
REQ-005661,LOC-06,SVC-01,Priority,Client,Phone,2026-05-21,50.3,Medium,3,0,5,0,21,293
REQ-005662,LOC-02,SVC-03,Routine,Client,Phone,2026-05-21,34.8,Medium,3,0,5,0,21,293
REQ-005663,LOC-05,SVC-04,Urgent,Case Manager,Phone,2026-05-21,69.0,High,3,0,5,0,21,293
REQ-005664,LOC-09,SVC-03,Priority,Client,Case Manager,2026-05-21,73.7,High,3,0,5,0,21,293
REQ-005665,LOC-02,SVC-01,Urgent,Family Member,Referral,2026-05-21,80.0,Critical,3,0,5,0,21,293
REQ-005667,LOC-03,SVC-03,Routine,Client,Portal,2026-05-21,18.4,Low,3,0,5,0,21,293
REQ-005668,LOC-06,SVC-05,Routine,Client,Portal,2026-05-21,29.2,Medium,3,0,5,0,21,293
REQ-005669,LOC-05,SVC-01,Routine,Case Manager,Phone,2026-05-21,33.9,Medium,3,0,5,0,21,293
REQ-005670,LOC-10,SVC-04,Urgent,Case Manager,Phone,2026-05-21,86.2,Critical,3,0,5,0,21,293
REQ-005671,LOC-03,SVC-01,Urgent,Client,Referral,2026-05-21,34.1,Medium,3,0,5,0,21,293
REQ-005672,LOC-10,SVC-07,Urgent,Client,Phone,2026-05-21,14.6,Low,3,0,5,0,21,293
REQ-005673,LOC-02,SVC-01,Urgent,Case Manager,Phone,2026-05-22,31.8,Medium,4,0,5,0,21,294
REQ-005674,LOC-05,SVC-07,Routine,GP / Clinician,Phone,2026-05-22,16.1,Low,4,0,5,0,21,294
REQ-005675,LOC-04,SVC-01,Priority,Case Manager,Phone,2026-05-22,64.4,High,4,0,5,0,21,294
REQ-005676,LOC-04,SVC-02,Routine,Client,Phone,2026-05-22,36.8,Medium,4,0,5,0,21,294
REQ-005677,LOC-02,SVC-01,Urgent,Family Member,Phone,2026-05-22,19.8,Low,4,0,5,0,21,294
REQ-005678,LOC-01,SVC-07,Priority,Family Member,Portal,2026-05-22,38.3,Medium,4,0,5,0,21,294
REQ-005679,LOC-01,SVC-07,Routine,Family Member,Case Manager,2026-05-22,8.8,Low,4,0,5,0,21,294
REQ-005680,LOC-06,SVC-02,Urgent,Case Manager,Referral,2026-05-22,64.3,High,4,0,5,0,21,294
REQ-005681,LOC-10,SVC-05,Routine,Client,Phone,2026-05-22,23.6,Low,4,0,5,0,21,294
REQ-005682,LOC-05,SVC-05,Priority,Family Member,Portal,2026-05-22,39.7,Medium,4,0,5,0,21,294
REQ-005683,LOC-06,SVC-05,Priority,Case Manager,Portal,2026-05-22,34.4,Medium,4,0,5,0,21,294
REQ-005684,LOC-02,SVC-08,Routine,Family Member,Case Manager,2026-05-22,36.0,Medium,4,0,5,0,21,294
REQ-005685,LOC-02,SVC-05,Routine,Case Manager,Phone,2026-05-22,18.3,Low,4,0,5,0,21,294
REQ-005686,LOC-07,SVC-01,Priority,Client,Portal,2026-05-22,11.8,Low,4,0,5,0,21,294
REQ-005688,LOC-02,SVC-03,Priority,Client,Phone,2026-05-22,57.5,High,4,0,5,0,21,294
REQ-005689,LOC-10,SVC-05,Urgent,Family Member,Referral,2026-05-22,42.2,Medium,4,0,5,0,21,294
REQ-005690,LOC-09,SVC-05,Priority,Case Manager,Case Manager,2026-05-22,54.8,High,4,0,5,0,21,294
REQ-005692,LOC-06,SVC-02,Routine,GP / Clinician,Case Manager,2026-05-22,81.7,Critical,4,0,5,0,21,294
REQ-005693,LOC-03,SVC-07,Priority,Case Manager,Case Manager,2026-05-22,34.4,Medium,4,0,5,0,21,294
REQ-005694,LOC-08,SVC-02,Routine,Client,Phone,2026-05-22,17.4,Low,4,0,5,0,21,294
REQ-005695,LOC-08,SVC-02,Routine,Case Manager,Phone,2026-05-22,33.5,Medium,4,0,5,0,21,294
REQ-005696,LOC-05,SVC-05,Emergency,Family Member,Phone,2026-05-22,63.3,High,4,0,5,0,21,294
REQ-005697,LOC-05,SVC-07,Routine,Family Member,Phone,2026-05-22,67.2,High,4,0,5,0,21,294
REQ-005698,LOC-02,SVC-02,Routine,Family Member,Phone,2026-05-22,42.4,Medium,4,0,5,0,21,294
REQ-005700,LOC-07,SVC-09,Priority,Case Manager,Portal,2026-05-23,40.9,Medium,5,1,5,0,21,295
REQ-005701,LOC-05,SVC-04,Routine,Client,Portal,2026-05-23,13.5,Low,5,1,5,0,21,295
REQ-005702,LOC-05,SVC-01,Routine,Case Manager,Portal,2026-05-23,41.8,Medium,5,1,5,0,21,295
REQ-005703,LOC-06,SVC-06,Priority,Client,Case Manager,2026-05-23,24.3,Low,5,1,5,0,21,295
REQ-005704,LOC-03,SVC-02,Routine,Case Manager,Referral,2026-05-23,16.5,Low,5,1,5,0,21,295
REQ-005705,LOC-03,SVC-02,Routine,Client,Referral,2026-05-23,26.3,Medium,5,1,5,0,21,295
REQ-005706,LOC-06,SVC-03,Emergency,Family Member,Phone,2026-05-23,92.9,Critical,5,1,5,0,21,295
REQ-005707,LOC-06,SVC-01,Routine,Client,Case Manager,2026-05-23,45.8,Medium,5,1,5,0,21,295
REQ-005708,LOC-08,SVC-05,Routine,Client,Phone,2026-05-24,43.4,Medium,6,1,5,0,21,296
REQ-005709,LOC-09,SVC-01,Routine,Client,Portal,2026-05-24,45.4,Medium,6,1,5,0,21,296
REQ-005710,LOC-02,SVC-09,Priority,Client,Portal,2026-05-24,73.1,Critical,6,1,5,0,21,296
REQ-005711,LOC-01,SVC-07,Priority,Case Manager,Portal,2026-05-24,45.3,High,6,1,5,0,21,296
REQ-005712,LOC-09,SVC-05,Routine,Family Member,Phone,2026-05-24,21.9,Low,6,1,5,0,21,296
REQ-005714,LOC-04,SVC-09,Routine,Client,Referral,2026-05-24,34.2,Medium,6,1,5,0,21,296
REQ-005715,LOC-10,SVC-05,Priority,Client,Case Manager,2026-05-24,10.0,Low,6,1,5,0,21,296
REQ-005716,LOC-06,SVC-01,Routine,Family Member,Phone,2026-05-24,85.7,Critical,6,1,5,0,21,296
REQ-005718,LOC-10,SVC-03,Priority,Family Member,Phone,2026-05-25,45.2,Medium,0,0,5,0,22,297
REQ-005719,LOC-07,SVC-08,Urgent,GP / Clinician,Referral,2026-05-25,63.4,High,0,0,5,0,22,297
REQ-005720,LOC-10,SVC-02,Routine,Client,Referral,2026-05-25,11.5,Low,0,0,5,0,22,297
REQ-005721,LOC-03,SVC-07,Emergency,Client,Portal,2026-05-25,95.7,Critical,0,0,5,0,22,297
REQ-005722,LOC-08,SVC-05,Priority,Client,Phone,2026-05-25,22.9,Medium,0,0,5,0,22,297
REQ-005723,LOC-10,SVC-05,Routine,Family Member,Phone,2026-05-25,71.1,Critical,0,0,5,0,22,297
REQ-005724,LOC-10,SVC-01,Routine,Client,Phone,2026-05-25,38.0,Medium,0,0,5,0,22,297
REQ-005725,LOC-09,SVC-04,Urgent,Client,Referral,2026-05-25,24.9,Low,0,0,5,0,22,297
REQ-005726,LOC-03,SVC-02,Priority,GP / Clinician,Case Manager,2026-05-25,66.5,High,0,0,5,0,22,297
REQ-005727,LOC-10,SVC-02,Routine,Client,Portal,2026-05-25,21.6,Low,0,0,5,0,22,297
REQ-005729,LOC-01,SVC-01,Routine,Client,Portal,2026-05-25,38.0,Medium,0,0,5,0,22,297
REQ-005730,LOC-10,SVC-01,Routine,Case Manager,Referral,2026-05-25,56.9,High,0,0,5,0,22,297
REQ-005731,LOC-07,SVC-07,Routine,Client,Phone,2026-05-25,43.9,Medium,0,0,5,0,22,297
REQ-005732,LOC-02,SVC-04,Routine,Client,Phone,2026-05-25,10.6,Low,0,0,5,0,22,297
REQ-005733,LOC-07,SVC-03,Priority,Case Manager,Phone,2026-05-25,34.3,Medium,0,0,5,0,22,297
REQ-005734,LOC-03,SVC-02,Priority,Client,Portal,2026-05-25,14.8,Low,0,0,5,0,22,297
REQ-005735,LOC-04,SVC-03,Routine,Family Member,Case Manager,2026-05-25,15.3,Low,0,0,5,0,22,297
REQ-005736,LOC-10,SVC-04,Priority,Case Manager,Phone,2026-05-25,92.3,Critical,0,0,5,0,22,297
REQ-005737,LOC-01,SVC-02,Priority,Client,Portal,2026-05-25,11.2,Low,0,0,5,0,22,297
REQ-005738,LOC-04,SVC-07,Emergency,Family Member,Portal,2026-05-25,61.9,High,0,0,5,0,22,297
REQ-005740,LOC-09,SVC-05,Routine,Client,Portal,2026-05-25,8.5,Low,0,0,5,0,22,297
REQ-005741,LOC-08,SVC-02,Routine,Client,Referral,2026-05-25,67.4,High,0,0,5,0,22,297
REQ-005742,LOC-02,SVC-04,Urgent,Case Manager,Phone,2026-05-25,20.5,Low,0,0,5,0,22,297
REQ-005743,LOC-07,SVC-01,Emergency,Case Manager,Phone,2026-05-25,68.0,High,0,0,5,0,22,297
REQ-005744,LOC-07,SVC-03,Urgent,Case Manager,Portal,2026-05-26,56.5,High,1,0,5,0,22,298
REQ-005745,LOC-01,SVC-03,Routine,Client,Referral,2026-05-26,61.4,High,1,0,5,0,22,298
REQ-005746,LOC-10,SVC-03,Priority,Case Manager,Phone,2026-05-26,55.0,High,1,0,5,0,22,298
REQ-005747,LOC-03,SVC-03,Routine,GP / Clinician,Phone,2026-05-26,45.8,Medium,1,0,5,0,22,298
REQ-005748,LOC-06,SVC-03,Priority,Case Manager,Portal,2026-05-26,48.7,Medium,1,0,5,0,22,298
REQ-005749,LOC-01,SVC-01,Priority,Case Manager,Portal,2026-05-26,81.9,Critical,1,0,5,0,22,298
REQ-005750,LOC-07,SVC-09,Priority,Family Member,Case Manager,2026-05-26,37.1,Medium,1,0,5,0,22,298
REQ-005751,LOC-08,SVC-06,Priority,Case Manager,Portal,2026-05-26,28.3,Medium,1,0,5,0,22,298
REQ-005752,LOC-08,SVC-01,Priority,Client,Phone,2026-05-26,44.8,Medium,1,0,5,0,22,298
REQ-005753,LOC-04,SVC-02,Routine,Family Member,Portal,2026-05-26,43.0,Medium,1,0,5,0,22,298
REQ-005754,LOC-01,SVC-04,Urgent,Case Manager,Portal,2026-05-26,63.1,High,1,0,5,0,22,298
REQ-005755,LOC-07,SVC-03,Routine,Client,Portal,2026-05-26,23.4,Low,1,0,5,0,22,298
REQ-005756,LOC-03,SVC-01,Routine,Client,Portal,2026-05-26,41.4,Medium,1,0,5,0,22,298
REQ-005757,LOC-10,SVC-09,Routine,Family Member,Referral,2026-05-26,19.5,Low,1,0,5,0,22,298
REQ-005758,LOC-04,SVC-09,Routine,Client,Phone,2026-05-26,12.4,Low,1,0,5,0,22,298
REQ-005759,LOC-02,SVC-07,Priority,Case Manager,Referral,2026-05-26,67.9,High,1,0,5,0,22,298
REQ-005760,LOC-01,SVC-01,Priority,GP / Clinician,Phone,2026-05-26,43.6,Medium,1,0,5,0,22,298
REQ-005762,LOC-09,SVC-06,Routine,Family Member,Referral,2026-05-26,32.8,Medium,1,0,5,0,22,298
REQ-005764,LOC-10,SVC-01,Routine,Client,Referral,2026-05-26,17.5,Low,1,0,5,0,22,298
REQ-005765,LOC-02,SVC-04,Priority,GP / Clinician,Phone,2026-05-26,61.9,High,1,0,5,0,22,298
REQ-005766,LOC-01,SVC-07,Routine,Family Member,Phone,2026-05-26,31.2,Medium,1,0,5,0,22,298
REQ-005767,LOC-06,SVC-03,Routine,Client,Phone,2026-05-26,56.8,High,1,0,5,0,22,298
REQ-005768,LOC-08,SVC-03,Routine,Client,Phone,2026-05-26,1.0,Low,1,0,5,0,22,298
REQ-005769,LOC-04,SVC-09,Routine,Client,Portal,2026-05-26,10.3,Low,1,0,5,0,22,298
REQ-005770,LOC-07,SVC-07,Routine,Client,Portal,2026-05-26,23.0,Low,1,0,5,0,22,298
REQ-005771,LOC-01,SVC-08,Urgent,Case Manager,Portal,2026-05-26,60.4,High,1,0,5,0,22,298
REQ-005772,LOC-02,SVC-01,Priority,Client,Portal,2026-05-26,17.5,Low,1,0,5,0,22,298
REQ-005773,LOC-03,SVC-01,Routine,GP / Clinician,Referral,2026-05-26,54.2,High,1,0,5,0,22,298
REQ-005774,LOC-06,SVC-07,Priority,Client,Portal,2026-05-26,28.9,Medium,1,0,5,0,22,298
REQ-005775,LOC-01,SVC-07,Priority,Client,Phone,2026-05-26,33.0,Medium,1,0,5,0,22,298
REQ-005776,LOC-05,SVC-02,Urgent,Client,Case Manager,2026-05-26,31.4,Medium,1,0,5,0,22,298
REQ-005777,LOC-03,SVC-01,Routine,Client,Portal,2026-05-26,17.7,Low,1,0,5,0,22,298
REQ-005778,LOC-02,SVC-02,Urgent,Case Manager,Phone,2026-05-27,62.3,High,2,0,5,0,22,299
REQ-005779,LOC-01,SVC-07,Routine,Family Member,Phone,2026-05-27,13.6,Low,2,0,5,0,22,299
REQ-005780,LOC-02,SVC-06,Routine,Client,Portal,2026-05-27,22.3,Low,2,0,5,0,22,299
REQ-005781,LOC-04,SVC-01,Routine,Family Member,Phone,2026-05-27,16.1,Low,2,0,5,0,22,299
REQ-005782,LOC-06,SVC-01,Priority,Client,Portal,2026-05-27,7.4,Low,2,0,5,0,22,299
REQ-005783,LOC-06,SVC-01,Routine,Client,Case Manager,2026-05-27,22.7,Low,2,0,5,0,22,299
REQ-005784,LOC-01,SVC-07,Emergency,Client,Referral,2026-05-27,81.4,Critical,2,0,5,0,22,299
REQ-005785,LOC-06,SVC-09,Routine,Client,Phone,2026-05-27,16.4,Low,2,0,5,0,22,299
REQ-005786,LOC-07,SVC-02,Priority,GP / Clinician,Phone,2026-05-27,61.8,High,2,0,5,0,22,299
REQ-005787,LOC-06,SVC-05,Routine,Client,Portal,2026-05-27,36.4,Medium,2,0,5,0,22,299
REQ-005788,LOC-05,SVC-09,Urgent,Case Manager,Phone,2026-05-27,56.2,High,2,0,5,0,22,299
REQ-005789,LOC-07,SVC-09,Urgent,GP / Clinician,Phone,2026-05-27,31.2,Medium,2,0,5,0,22,299
REQ-005790,LOC-05,SVC-05,Priority,Family Member,Portal,2026-05-27,64.2,High,2,0,5,0,22,299
REQ-005791,LOC-08,SVC-02,Priority,Client,Portal,2026-05-27,26.4,Medium,2,0,5,0,22,299
REQ-005792,LOC-07,SVC-07,Priority,Family Member,Referral,2026-05-27,35.3,Medium,2,0,5,0,22,299
REQ-005793,LOC-05,SVC-01,Urgent,Client,Phone,2026-05-27,65.0,High,2,0,5,0,22,299
REQ-005795,LOC-10,SVC-04,Urgent,Client,Phone,2026-05-27,11.8,Low,2,0,5,0,22,299
REQ-005796,LOC-06,SVC-06,Routine,Family Member,Portal,2026-05-27,43.7,Medium,2,0,5,0,22,299
REQ-005797,LOC-05,SVC-02,Routine,Family Member,Referral,2026-05-27,32.4,Medium,2,0,5,0,22,299
REQ-005798,LOC-01,SVC-06,Routine,Client,Portal,2026-05-27,19.7,Low,2,0,5,0,22,299
REQ-005799,LOC-02,SVC-04,Priority,Client,Phone,2026-05-27,32.3,Medium,2,0,5,0,22,299
REQ-005800,LOC-02,SVC-01,Emergency,GP / Clinician,Referral,2026-05-27,92.5,Critical,2,0,5,0,22,299
REQ-005801,LOC-02,SVC-01,Urgent,Family Member,Referral,2026-05-27,80.3,Critical,2,0,5,0,22,299
REQ-005802,LOC-07,SVC-01,Routine,Client,Case Manager,2026-05-27,18.6,Low,2,0,5,0,22,299
REQ-005803,LOC-07,SVC-06,Routine,Family Member,Phone,2026-05-28,27.3,Medium,3,0,5,0,22,300
REQ-005804,LOC-07,SVC-02,Priority,Case Manager,Portal,2026-05-28,10.5,Low,3,0,5,0,22,300
REQ-005805,LOC-02,SVC-05,Routine,Client,Phone,2026-05-28,61.6,High,3,0,5,0,22,300
REQ-005806,LOC-03,SVC-05,Routine,Client,Portal,2026-05-28,21.4,Low,3,0,5,0,22,300
REQ-005807,LOC-09,SVC-04,Routine,Client,Portal,2026-05-28,10.3,Low,3,0,5,0,22,300
REQ-005808,LOC-09,SVC-05,Urgent,Case Manager,Phone,2026-05-28,32.2,Medium,3,0,5,0,22,300
REQ-005810,LOC-06,SVC-04,Priority,Client,Phone,2026-05-28,35.4,Medium,3,0,5,0,22,300
REQ-005812,LOC-10,SVC-03,Priority,GP / Clinician,Phone,2026-05-28,15.2,Low,3,0,5,0,22,300
REQ-005813,LOC-08,SVC-04,Priority,Client,Portal,2026-05-28,45.5,Medium,3,0,5,0,22,300
REQ-005814,LOC-08,SVC-01,Priority,Family Member,Phone,2026-05-28,34.2,Medium,3,0,5,0,22,300
REQ-005815,LOC-04,SVC-08,Priority,Client,Case Manager,2026-05-28,6.8,Low,3,0,5,0,22,300
REQ-005816,LOC-02,SVC-01,Routine,Case Manager,Portal,2026-05-28,48.7,Medium,3,0,5,0,22,300
REQ-005817,LOC-10,SVC-08,Urgent,GP / Clinician,Case Manager,2026-05-28,85.6,Critical,3,0,5,0,22,300
REQ-005818,LOC-01,SVC-05,Routine,Case Manager,Portal,2026-05-28,41.9,Medium,3,0,5,0,22,300
REQ-005819,LOC-09,SVC-01,Routine,Client,Case Manager,2026-05-28,20.1,Low,3,0,5,0,22,300
REQ-005820,LOC-07,SVC-09,Routine,Client,Case Manager,2026-05-28,32.6,Medium,3,0,5,0,22,300
REQ-005822,LOC-08,SVC-05,Routine,Client,Phone,2026-05-28,41.8,Medium,3,0,5,0,22,300
REQ-005823,LOC-03,SVC-05,Urgent,GP / Clinician,Referral,2026-05-28,69.8,High,3,0,5,0,22,300
REQ-005824,LOC-05,SVC-04,Urgent,Client,Phone,2026-05-28,47.7,Medium,3,0,5,0,22,300
REQ-005825,LOC-01,SVC-09,Priority,Case Manager,Referral,2026-05-28,69.2,High,3,0,5,0,22,300
REQ-005827,LOC-02,SVC-08,Urgent,Client,Phone,2026-05-28,41.2,Medium,3,0,5,0,22,300
REQ-005829,LOC-04,SVC-03,Urgent,GP / Clinician,Phone,2026-05-28,93.0,Critical,3,0,5,0,22,300
REQ-005830,LOC-08,SVC-03,Priority,Family Member,Case Manager,2026-05-28,21.6,Medium,3,0,5,0,22,300
REQ-005831,LOC-06,SVC-01,Routine,Case Manager,Phone,2026-05-28,13.6,Low,3,0,5,0,22,300
REQ-005832,LOC-06,SVC-01,Routine,Client,Portal,2026-05-29,22.7,Low,4,0,5,0,22,301
REQ-005833,LOC-09,SVC-01,Routine,Client,Referral,2026-05-29,61.2,High,4,0,5,0,22,301
REQ-005834,LOC-08,SVC-01,Routine,Family Member,Phone,2026-05-29,27.7,Medium,4,0,5,0,22,301
REQ-005835,LOC-06,SVC-05,Priority,Case Manager,Referral,2026-05-29,25.0,Medium,4,0,5,0,22,301
REQ-005836,LOC-09,SVC-01,Routine,Client,Portal,2026-05-29,13.7,Low,4,0,5,0,22,301
REQ-005837,LOC-08,SVC-06,Routine,Client,Phone,2026-05-29,20.4,Low,4,0,5,0,22,301
REQ-005838,LOC-02,SVC-02,Urgent,Family Member,Phone,2026-05-29,9.3,Low,4,0,5,0,22,301
REQ-005839,LOC-01,SVC-01,Routine,GP / Clinician,Portal,2026-05-29,72.1,High,4,0,5,0,22,301
REQ-005840,LOC-03,SVC-05,Routine,Client,Phone,2026-05-29,23.4,Low,4,0,5,0,22,301
REQ-005841,LOC-04,SVC-01,Routine,Client,Case Manager,2026-05-29,23.8,Low,4,0,5,0,22,301
REQ-005842,LOC-02,SVC-02,Priority,Client,Phone,2026-05-29,36.5,Medium,4,0,5,0,22,301
REQ-005843,LOC-01,SVC-02,Priority,Case Manager,Case Manager,2026-05-29,59.3,High,4,0,5,0,22,301
REQ-005844,LOC-10,SVC-05,Priority,Client,Portal,2026-05-29,10.1,Low,4,0,5,0,22,301
REQ-005845,LOC-03,SVC-04,Routine,Family Member,Portal,2026-05-29,35.6,Medium,4,0,5,0,22,301
REQ-005846,LOC-08,SVC-01,Priority,Client,Portal,2026-05-29,10.0,Low,4,0,5,0,22,301
REQ-005847,LOC-03,SVC-08,Routine,Client,Portal,2026-05-29,39.1,Medium,4,0,5,0,22,301
REQ-005849,LOC-03,SVC-07,Routine,Family Member,Case Manager,2026-05-29,43.8,Medium,4,0,5,0,22,301
REQ-005850,LOC-10,SVC-03,Emergency,Client,Portal,2026-05-29,23.4,Low,4,0,5,0,22,301
REQ-005851,LOC-06,SVC-06,Routine,Case Manager,Portal,2026-05-29,36.4,Medium,4,0,5,0,22,301
REQ-005852,LOC-07,SVC-02,Emergency,Case Manager,Phone,2026-05-29,85.2,Critical,4,0,5,0,22,301
REQ-005853,LOC-06,SVC-02,Urgent,Client,Phone,2026-05-29,17.7,Low,4,0,5,0,22,301
REQ-005854,LOC-01,SVC-01,Priority,Case Manager,Portal,2026-05-29,42.2,Medium,4,0,5,0,22,301
REQ-005856,LOC-02,SVC-06,Urgent,GP / Clinician,Referral,2026-05-30,81.5,Critical,5,1,5,0,22,302
REQ-005860,LOC-05,SVC-02,Routine,Family Member,Phone,2026-05-30,35.0,Medium,5,1,5,0,22,302
REQ-005861,LOC-08,SVC-01,Priority,Client,Portal,2026-05-30,19.1,Low,5,1,5,0,22,302
REQ-005862,LOC-04,SVC-06,Emergency,Client,Case Manager,2026-05-30,38.8,Medium,5,1,5,0,22,302
REQ-005863,LOC-03,SVC-05,Urgent,GP / Clinician,Referral,2026-05-30,77.2,Critical,5,1,5,0,22,302
REQ-005864,LOC-06,SVC-02,Routine,Case Manager,Phone,2026-05-30,69.1,High,5,1,5,0,22,302
REQ-005865,LOC-05,SVC-05,Urgent,Client,Phone,2026-05-30,20.5,Low,5,1,5,0,22,302
REQ-005866,LOC-01,SVC-09,Routine,GP / Clinician,Phone,2026-05-30,49.3,Medium,5,1,5,0,22,302
REQ-005867,LOC-02,SVC-05,Priority,Family Member,Portal,2026-05-30,39.2,Medium,5,1,5,0,22,302
REQ-005868,LOC-04,SVC-01,Routine,Client,Portal,2026-05-30,80.6,Critical,5,1,5,0,22,302
REQ-005870,LOC-06,SVC-01,Routine,Client,Case Manager,2026-05-30,15.5,Low,5,1,5,0,22,302
REQ-005871,LOC-05,SVC-02,Priority,Family Member,Phone,2026-05-31,38.0,Medium,6,1,5,0,22,303
REQ-005872,LOC-08,SVC-01,Priority,Client,Portal,2026-05-31,35.0,Medium,6,1,5,0,22,303
REQ-005873,LOC-07,SVC-06,Priority,Client,Case Manager,2026-05-31,65.6,High,6,1,5,0,22,303
REQ-005874,LOC-01,SVC-06,Priority,Family Member,Phone,2026-05-31,36.9,Medium,6,1,5,0,22,303
REQ-005875,LOC-06,SVC-06,Routine,Case Manager,Portal,2026-05-31,46.5,Medium,6,1,5,0,22,303
REQ-005877,LOC-05,SVC-02,Routine,Case Manager,Portal,2026-05-31,20.7,Low,6,1,5,0,22,303
REQ-005878,LOC-03,SVC-01,Routine,Client,Case Manager,2026-05-31,7.6,Low,6,1,5,0,22,303
REQ-005880,LOC-08,SVC-01,Priority,Client,Portal,2026-06-01,3.6,Low,0,0,6,1,23,304
REQ-005881,LOC-04,SVC-04,Routine,Client,Portal,2026-06-01,10.2,Low,0,0,6,1,23,304
REQ-005883,LOC-06,SVC-02,Routine,Client,Phone,2026-06-01,32.2,Medium,0,0,6,1,23,304
REQ-005884,LOC-02,SVC-05,Routine,Client,Portal,2026-06-01,15.4,Low,0,0,6,1,23,304
REQ-005885,LOC-08,SVC-06,Priority,Family Member,Portal,2026-06-01,25.4,Medium,0,0,6,1,23,304
REQ-005886,LOC-02,SVC-01,Urgent,Case Manager,Case Manager,2026-06-01,42.7,Medium,0,0,6,1,23,304
REQ-005887,LOC-01,SVC-06,Routine,Case Manager,Case Manager,2026-06-01,18.7,Low,0,0,6,1,23,304
REQ-005888,LOC-08,SVC-06,Priority,Family Member,Portal,2026-06-01,35.5,Medium,0,0,6,1,23,304
REQ-005891,LOC-01,SVC-03,Routine,GP / Clinician,Portal,2026-06-01,26.9,Medium,0,0,6,1,23,304
REQ-005892,LOC-05,SVC-09,Routine,GP / Clinician,Referral,2026-06-01,32.1,Medium,0,0,6,1,23,304
REQ-005894,LOC-10,SVC-01,Routine,Client,Portal,2026-06-01,17.7,Low,0,0,6,1,23,304
REQ-005895,LOC-08,SVC-01,Routine,Client,Case Manager,2026-06-01,36.2,Medium,0,0,6,1,23,304
REQ-005896,LOC-09,SVC-02,Routine,Client,Referral,2026-06-01,84.9,Critical,0,0,6,1,23,304
REQ-005897,LOC-05,SVC-02,Routine,Family Member,Phone,2026-06-01,42.1,Medium,0,0,6,1,23,304
REQ-005898,LOC-05,SVC-01,Priority,Family Member,Portal,2026-06-01,36.9,Medium,0,0,6,1,23,304
REQ-005900,LOC-07,SVC-04,Routine,Family Member,Phone,2026-06-01,17.1,Low,0,0,6,1,23,304
REQ-005901,LOC-07,SVC-08,Urgent,Client,Portal,2026-06-01,67.6,High,0,0,6,1,23,304
REQ-005904,LOC-04,SVC-02,Routine,Family Member,Case Manager,2026-06-01,35.6,Medium,0,0,6,1,23,304
REQ-005905,LOC-02,SVC-09,Urgent,Case Manager,Case Manager,2026-06-01,81.0,Critical,0,0,6,1,23,304
REQ-005906,LOC-02,SVC-06,Routine,Client,Referral,2026-06-01,38.6,Medium,0,0,6,1,23,304
REQ-005907,LOC-07,SVC-03,Routine,Client,Phone,2026-06-02,18.7,Low,1,0,6,1,23,305
REQ-005908,LOC-02,SVC-04,Routine,Case Manager,Phone,2026-06-02,97.6,Critical,1,0,6,1,23,305
REQ-005909,LOC-06,SVC-02,Priority,Family Member,Portal,2026-06-02,38.6,Medium,1,0,6,1,23,305
REQ-005910,LOC-04,SVC-01,Priority,Case Manager,Phone,2026-06-02,16.0,Low,1,0,6,1,23,305
REQ-005911,LOC-08,SVC-06,Routine,Family Member,Case Manager,2026-06-02,35.7,Medium,1,0,6,1,23,305
REQ-005912,LOC-07,SVC-05,Priority,Client,Case Manager,2026-06-02,24.2,Low,1,0,6,1,23,305
REQ-005913,LOC-10,SVC-04,Urgent,Case Manager,Phone,2026-06-02,80.7,Critical,1,0,6,1,23,305
REQ-005914,LOC-10,SVC-01,Priority,GP / Clinician,Case Manager,2026-06-02,87.6,Critical,1,0,6,1,23,305
REQ-005915,LOC-02,SVC-05,Priority,Case Manager,Phone,2026-06-02,72.1,High,1,0,6,1,23,305
REQ-005916,LOC-09,SVC-02,Emergency,GP / Clinician,Referral,2026-06-02,51.7,High,1,0,6,1,23,305
REQ-005917,LOC-06,SVC-03,Routine,Client,Phone,2026-06-02,15.9,Low,1,0,6,1,23,305
REQ-005918,LOC-01,SVC-06,Urgent,GP / Clinician,Referral,2026-06-02,77.9,Critical,1,0,6,1,23,305
REQ-005919,LOC-10,SVC-01,Routine,Client,Phone,2026-06-02,18.6,Low,1,0,6,1,23,305
REQ-005922,LOC-10,SVC-08,Urgent,Case Manager,Case Manager,2026-06-02,89.4,Critical,1,0,6,1,23,305
REQ-005923,LOC-10,SVC-04,Priority,Client,Phone,2026-06-02,22.9,Low,1,0,6,1,23,305
REQ-005924,LOC-08,SVC-06,Priority,Family Member,Referral,2026-06-02,99.0,Critical,1,0,6,1,23,305
REQ-005925,LOC-02,SVC-08,Priority,Client,Portal,2026-06-02,40.3,Medium,1,0,6,1,23,305
REQ-005926,LOC-08,SVC-02,Urgent,Client,Portal,2026-06-02,21.8,Low,1,0,6,1,23,305
REQ-005927,LOC-04,SVC-02,Routine,Family Member,Referral,2026-06-02,15.0,Low,1,0,6,1,23,305
REQ-005928,LOC-08,SVC-01,Priority,Client,Portal,2026-06-02,35.4,Medium,1,0,6,1,23,305
REQ-005929,LOC-04,SVC-02,Priority,Client,Phone,2026-06-02,39.9,Medium,1,0,6,1,23,305
REQ-005930,LOC-05,SVC-03,Priority,Client,Portal,2026-06-02,48.1,Medium,1,0,6,1,23,305
REQ-005931,LOC-08,SVC-02,Routine,Family Member,Phone,2026-06-02,39.8,Medium,1,0,6,1,23,305
REQ-005932,LOC-08,SVC-06,Routine,Family Member,Phone,2026-06-02,16.2,Low,1,0,6,1,23,305
REQ-005933,LOC-10,SVC-09,Routine,GP / Clinician,Phone,2026-06-02,41.9,Medium,1,0,6,1,23,305
REQ-005934,LOC-10,SVC-02,Routine,Client,Phone,2026-06-02,9.0,Low,1,0,6,1,23,305
REQ-005935,LOC-06,SVC-04,Priority,Client,Referral,2026-06-02,48.9,High,1,0,6,1,23,305
REQ-005937,LOC-05,SVC-04,Routine,Family Member,Portal,2026-06-02,34.0,Medium,1,0,6,1,23,305
REQ-005938,LOC-06,SVC-01,Priority,Case Manager,Referral,2026-06-02,64.3,High,1,0,6,1,23,305
REQ-005939,LOC-09,SVC-06,Routine,Client,Phone,2026-06-03,34.2,Medium,2,0,6,1,23,306
REQ-005940,LOC-02,SVC-05,Routine,Family Member,Phone,2026-06-03,16.8,Low,2,0,6,1,23,306
REQ-005942,LOC-01,SVC-07,Routine,Client,Case Manager,2026-06-03,10.2,Low,2,0,6,1,23,306
REQ-005943,LOC-09,SVC-05,Routine,Client,Portal,2026-06-03,29.4,Medium,2,0,6,1,23,306
REQ-005944,LOC-03,SVC-06,Routine,Family Member,Phone,2026-06-03,50.5,Medium,2,0,6,1,23,306
REQ-005945,LOC-05,SVC-05,Urgent,Case Manager,Phone,2026-06-03,38.3,Medium,2,0,6,1,23,306
REQ-005946,LOC-03,SVC-01,Routine,Case Manager,Phone,2026-06-03,45.9,Medium,2,0,6,1,23,306
REQ-005947,LOC-02,SVC-01,Urgent,Case Manager,Phone,2026-06-03,56.5,High,2,0,6,1,23,306
REQ-005948,LOC-09,SVC-03,Urgent,Case Manager,Phone,2026-06-03,52.8,Medium,2,0,6,1,23,306
REQ-005949,LOC-06,SVC-06,Routine,Client,Phone,2026-06-03,42.3,Medium,2,0,6,1,23,306
REQ-005950,LOC-01,SVC-01,Routine,GP / Clinician,Phone,2026-06-03,6.3,Low,2,0,6,1,23,306
REQ-005951,LOC-08,SVC-05,Routine,Case Manager,Phone,2026-06-03,36.8,Medium,2,0,6,1,23,306
REQ-005952,LOC-08,SVC-01,Emergency,Family Member,Phone,2026-06-03,77.2,Critical,2,0,6,1,23,306
REQ-005953,LOC-05,SVC-05,Priority,Client,Phone,2026-06-03,43.8,Medium,2,0,6,1,23,306
REQ-005955,LOC-01,SVC-08,Priority,Family Member,Referral,2026-06-03,15.2,Low,2,0,6,1,23,306
REQ-005957,LOC-07,SVC-02,Routine,Client,Phone,2026-06-03,19.9,Low,2,0,6,1,23,306
REQ-005958,LOC-03,SVC-02,Routine,Client,Case Manager,2026-06-03,21.0,Low,2,0,6,1,23,306
REQ-005959,LOC-10,SVC-07,Routine,Family Member,Referral,2026-06-03,33.7,Medium,2,0,6,1,23,306
REQ-005960,LOC-03,SVC-09,Urgent,GP / Clinician,Case Manager,2026-06-03,86.1,Critical,2,0,6,1,23,306
REQ-005962,LOC-03,SVC-04,Priority,Family Member,Portal,2026-06-03,72.6,High,2,0,6,1,23,306
REQ-005963,LOC-02,SVC-01,Urgent,Family Member,Referral,2026-06-03,81.7,Critical,2,0,6,1,23,306
REQ-005964,LOC-01,SVC-03,Priority,Case Manager,Phone,2026-06-03,33.9,Medium,2,0,6,1,23,306
REQ-005965,LOC-06,SVC-05,Urgent,Case Manager,Phone,2026-06-03,65.3,High,2,0,6,1,23,306
REQ-005966,LOC-03,SVC-05,Routine,Case Manager,Referral,2026-06-03,66.4,High,2,0,6,1,23,306
REQ-005967,LOC-05,SVC-06,Routine,Client,Portal,2026-06-03,27.8,Low,2,0,6,1,23,306
REQ-005969,LOC-02,SVC-02,Urgent,Case Manager,Phone,2026-06-03,85.3,Critical,2,0,6,1,23,306
REQ-005970,LOC-02,SVC-05,Priority,Case Manager,Phone,2026-06-04,28.8,Medium,3,0,6,1,23,307
REQ-005971,LOC-10,SVC-07,Routine,Client,Case Manager,2026-06-04,39.2,Medium,3,0,6,1,23,307
REQ-005972,LOC-09,SVC-09,Priority,Family Member,Phone,2026-06-04,37.4,Medium,3,0,6,1,23,307
REQ-005973,LOC-04,SVC-03,Routine,Client,Referral,2026-06-04,68.4,High,3,0,6,1,23,307
REQ-005974,LOC-07,SVC-05,Priority,Family Member,Portal,2026-06-04,47.2,Medium,3,0,6,1,23,307
REQ-005975,LOC-04,SVC-01,Priority,Case Manager,Referral,2026-06-04,44.7,Medium,3,0,6,1,23,307
REQ-005976,LOC-05,SVC-03,Priority,Family Member,Portal,2026-06-04,19.1,Low,3,0,6,1,23,307
REQ-005977,LOC-02,SVC-09,Routine,Case Manager,Phone,2026-06-04,61.4,High,3,0,6,1,23,307
REQ-005978,LOC-04,SVC-01,Routine,Client,Referral,2026-06-04,29.1,Medium,3,0,6,1,23,307
REQ-005979,LOC-07,SVC-09,Routine,Family Member,Phone,2026-06-04,9.0,Low,3,0,6,1,23,307
REQ-005980,LOC-07,SVC-04,Urgent,Family Member,Phone,2026-06-04,18.0,Low,3,0,6,1,23,307
REQ-005981,LOC-09,SVC-06,Priority,Client,Phone,2026-06-04,37.2,Medium,3,0,6,1,23,307
REQ-005982,LOC-03,SVC-01,Priority,Family Member,Portal,2026-06-04,28.9,Medium,3,0,6,1,23,307
REQ-005983,LOC-06,SVC-03,Routine,Family Member,Phone,2026-06-04,84.9,Critical,3,0,6,1,23,307
REQ-005984,LOC-01,SVC-03,Routine,GP / Clinician,Phone,2026-06-04,35.3,Medium,3,0,6,1,23,307
REQ-005985,LOC-06,SVC-01,Routine,Family Member,Portal,2026-06-04,14.9,Low,3,0,6,1,23,307
REQ-005986,LOC-01,SVC-01,Emergency,Case Manager,Referral,2026-06-04,33.3,Medium,3,0,6,1,23,307
REQ-005988,LOC-03,SVC-01,Priority,Case Manager,Phone,2026-06-04,87.5,Critical,3,0,6,1,23,307
REQ-005989,LOC-03,SVC-01,Routine,Client,Portal,2026-06-04,32.1,Medium,3,0,6,1,23,307
REQ-005990,LOC-08,SVC-01,Priority,Client,Portal,2026-06-04,17.2,Low,3,0,6,1,23,307
REQ-005991,LOC-06,SVC-03,Priority,Client,Phone,2026-06-04,37.3,Medium,3,0,6,1,23,307
REQ-005992,LOC-04,SVC-05,Routine,Client,Referral,2026-06-04,83.9,Critical,3,0,6,1,23,307
REQ-005993,LOC-05,SVC-02,Priority,GP / Clinician,Referral,2026-06-04,36.5,Medium,3,0,6,1,23,307
REQ-005994,LOC-06,SVC-05,Routine,Case Manager,Phone,2026-06-04,11.9,Low,3,0,6,1,23,307
REQ-005995,LOC-02,SVC-05,Emergency,Case Manager,Referral,2026-06-04,36.9,Medium,3,0,6,1,23,307
REQ-005996,LOC-01,SVC-03,Routine,Client,Phone,2026-06-04,17.2,Low,3,0,6,1,23,307
REQ-005997,LOC-10,SVC-08,Priority,Client,Portal,2026-06-04,38.1,Medium,3,0,6,1,23,307
REQ-005998,LOC-09,SVC-07,Routine,Family Member,Phone,2026-06-04,38.6,Medium,3,0,6,1,23,307
REQ-005999,LOC-01,SVC-01,Urgent,Family Member,Portal,2026-06-05,65.5,High,4,0,6,1,23,308
REQ-006000,LOC-03,SVC-06,Routine,Family Member,Portal,2026-06-05,7.3,Low,4,0,6,1,23,308
REQ-006001,LOC-10,SVC-06,Routine,Client,Portal,2026-06-05,16.9,Low,4,0,6,1,23,308
REQ-006002,LOC-01,SVC-06,Priority,Client,Referral,2026-06-05,13.1,Low,4,0,6,1,23,308
REQ-006003,LOC-08,SVC-05,Priority,GP / Clinician,Case Manager,2026-06-05,70.8,High,4,0,6,1,23,308
REQ-006004,LOC-04,SVC-02,Routine,Client,Phone,2026-06-05,12.9,Low,4,0,6,1,23,308
REQ-006006,LOC-10,SVC-01,Priority,GP / Clinician,Portal,2026-06-05,25.8,Low,4,0,6,1,23,308
REQ-006007,LOC-05,SVC-02,Routine,Family Member,Case Manager,2026-06-05,37.9,Medium,4,0,6,1,23,308
REQ-006008,LOC-07,SVC-04,Priority,Client,Portal,2026-06-05,18.1,Low,4,0,6,1,23,308
REQ-006009,LOC-07,SVC-01,Routine,Client,Phone,2026-06-05,8.4,Low,4,0,6,1,23,308
REQ-006010,LOC-04,SVC-04,Routine,Client,Portal,2026-06-05,14.3,Low,4,0,6,1,23,308
REQ-006011,LOC-03,SVC-04,Urgent,Case Manager,Referral,2026-06-05,81.3,Critical,4,0,6,1,23,308
REQ-006013,LOC-03,SVC-03,Routine,Client,Portal,2026-06-05,48.2,Medium,4,0,6,1,23,308
REQ-006014,LOC-09,SVC-04,Emergency,Client,Phone,2026-06-05,37.7,Medium,4,0,6,1,23,308
REQ-006015,LOC-07,SVC-02,Routine,Family Member,Phone,2026-06-05,41.9,Medium,4,0,6,1,23,308
REQ-006016,LOC-02,SVC-07,Priority,Client,Phone,2026-06-05,45.0,Medium,4,0,6,1,23,308
REQ-006017,LOC-02,SVC-03,Routine,Family Member,Portal,2026-06-05,36.3,Medium,4,0,6,1,23,308
REQ-006018,LOC-10,SVC-06,Routine,Client,Portal,2026-06-05,17.0,Low,4,0,6,1,23,308
REQ-006019,LOC-05,SVC-05,Routine,Client,Phone,2026-06-06,15.0,Low,5,1,6,1,23,309
REQ-006020,LOC-07,SVC-02,Routine,Client,Referral,2026-06-06,8.3,Low,5,1,6,1,23,309
REQ-006021,LOC-08,SVC-09,Routine,Family Member,Case Manager,2026-06-06,10.7,Low,5,1,6,1,23,309
REQ-006022,LOC-03,SVC-01,Urgent,Family Member,Phone,2026-06-06,31.6,Medium,5,1,6,1,23,309
REQ-006023,LOC-08,SVC-04,Routine,Case Manager,Portal,2026-06-06,11.7,Low,5,1,6,1,23,309
REQ-006025,LOC-06,SVC-02,Routine,Client,Portal,2026-06-06,18.0,Low,5,1,6,1,23,309
REQ-006026,LOC-05,SVC-06,Priority,Client,Case Manager,2026-06-06,15.0,Low,5,1,6,1,23,309
REQ-006027,LOC-01,SVC-06,Urgent,GP / Clinician,Phone,2026-06-06,89.5,Critical,5,1,6,1,23,309
REQ-006028,LOC-04,SVC-08,Emergency,Client,Portal,2026-06-06,38.5,Medium,5,1,6,1,23,309
REQ-006029,LOC-07,SVC-01,Urgent,Family Member,Phone,2026-06-06,29.3,Medium,5,1,6,1,23,309
REQ-006030,LOC-10,SVC-05,Urgent,Case Manager,Portal,2026-06-06,89.6,Critical,5,1,6,1,23,309
REQ-006031,LOC-01,SVC-01,Routine,Client,Referral,2026-06-06,16.5,Low,5,1,6,1,23,309
REQ-006032,LOC-08,SVC-05,Routine,Client,Phone,2026-06-06,71.4,High,5,1,6,1,23,309
REQ-006034,LOC-03,SVC-02,Routine,Family Member,Phone,2026-06-07,24.9,Low,6,1,6,1,23,310
REQ-006035,LOC-04,SVC-01,Urgent,Case Manager,Referral,2026-06-07,35.1,Medium,6,1,6,1,23,310
REQ-006036,LOC-02,SVC-09,Priority,Family Member,Referral,2026-06-07,35.4,Medium,6,1,6,1,23,310
REQ-006037,LOC-03,SVC-05,Urgent,Client,Phone,2026-06-07,83.2,Critical,6,1,6,1,23,310
REQ-006038,LOC-02,SVC-05,Urgent,Case Manager,Portal,2026-06-07,68.2,High,6,1,6,1,23,310
REQ-006039,LOC-08,SVC-02,Priority,Client,Referral,2026-06-07,8.4,Low,6,1,6,1,23,310
REQ-006040,LOC-02,SVC-06,Priority,Client,Portal,2026-06-07,63.3,High,6,1,6,1,23,310
REQ-006041,LOC-09,SVC-03,Routine,Client,Portal,2026-06-07,42.2,Medium,6,1,6,1,23,310
REQ-006042,LOC-05,SVC-03,Routine,Client,Portal,2026-06-07,13.3,Low,6,1,6,1,23,310
REQ-006043,LOC-07,SVC-01,Routine,Family Member,Portal,2026-06-07,21.5,Low,6,1,6,1,23,310
REQ-006044,LOC-07,SVC-03,Urgent,Case Manager,Phone,2026-06-08,67.9,High,0,0,6,1,24,311
REQ-006046,LOC-08,SVC-03,Routine,Client,Phone,2026-06-08,22.9,Low,0,0,6,1,24,311
REQ-006048,LOC-10,SVC-01,Emergency,Case Manager,Referral,2026-06-08,87.7,Critical,0,0,6,1,24,311
REQ-006050,LOC-06,SVC-09,Routine,Client,Phone,2026-06-08,43.1,Medium,0,0,6,1,24,311
REQ-006051,LOC-10,SVC-05,Routine,Case Manager,Case Manager,2026-06-08,41.8,Medium,0,0,6,1,24,311
REQ-006052,LOC-07,SVC-05,Urgent,Case Manager,Referral,2026-06-08,66.8,High,0,0,6,1,24,311
REQ-006053,LOC-08,SVC-01,Priority,Client,Referral,2026-06-08,64.9,High,0,0,6,1,24,311
REQ-006054,LOC-10,SVC-01,Urgent,GP / Clinician,Phone,2026-06-08,79.8,Critical,0,0,6,1,24,311
REQ-006055,LOC-07,SVC-02,Urgent,Case Manager,Referral,2026-06-08,88.7,Critical,0,0,6,1,24,311
REQ-006056,LOC-01,SVC-01,Routine,Case Manager,Phone,2026-06-08,67.4,Critical,0,0,6,1,24,311
REQ-006057,LOC-04,SVC-07,Priority,Client,Phone,2026-06-08,36.1,Medium,0,0,6,1,24,311
REQ-006058,LOC-03,SVC-06,Routine,Client,Referral,2026-06-08,43.6,Medium,0,0,6,1,24,311
REQ-006059,LOC-10,SVC-03,Routine,Family Member,Portal,2026-06-08,18.3,Low,0,0,6,1,24,311
REQ-006060,LOC-05,SVC-06,Routine,Family Member,Portal,2026-06-08,61.4,High,0,0,6,1,24,311
REQ-006062,LOC-08,SVC-07,Routine,Client,Referral,2026-06-08,44.1,Medium,0,0,6,1,24,311
REQ-006063,LOC-02,SVC-03,Routine,Case Manager,Referral,2026-06-08,53.2,High,0,0,6,1,24,311
REQ-006065,LOC-04,SVC-07,Emergency,GP / Clinician,Referral,2026-06-08,56.8,High,0,0,6,1,24,311
REQ-006066,LOC-03,SVC-06,Priority,GP / Clinician,Referral,2026-06-08,33.3,Medium,0,0,6,1,24,311
REQ-006067,LOC-03,SVC-02,Routine,Family Member,Phone,2026-06-08,35.2,Medium,0,0,6,1,24,311
REQ-006068,LOC-04,SVC-03,Routine,Case Manager,Phone,2026-06-09,83.3,Critical,1,0,6,1,24,312
REQ-006069,LOC-07,SVC-01,Urgent,Family Member,Phone,2026-06-09,48.3,Medium,1,0,6,1,24,312
REQ-006070,LOC-08,SVC-02,Routine,Client,Case Manager,2026-06-09,8.3,Low,1,0,6,1,24,312
REQ-006071,LOC-02,SVC-05,Routine,Family Member,Referral,2026-06-09,20.4,Low,1,0,6,1,24,312
REQ-006072,LOC-10,SVC-01,Routine,Client,Phone,2026-06-09,45.8,Medium,1,0,6,1,24,312
REQ-006073,LOC-10,SVC-01,Priority,Family Member,Portal,2026-06-09,7.9,Low,1,0,6,1,24,312
REQ-006075,LOC-10,SVC-02,Routine,Case Manager,Portal,2026-06-09,41.1,Medium,1,0,6,1,24,312
REQ-006076,LOC-04,SVC-01,Routine,Client,Portal,2026-06-09,10.6,Low,1,0,6,1,24,312
REQ-006077,LOC-03,SVC-07,Routine,Family Member,Referral,2026-06-09,60.4,High,1,0,6,1,24,312
REQ-006078,LOC-07,SVC-04,Routine,Case Manager,Referral,2026-06-09,71.6,High,1,0,6,1,24,312
REQ-006079,LOC-07,SVC-04,Priority,Family Member,Phone,2026-06-09,32.4,Medium,1,0,6,1,24,312
REQ-006080,LOC-05,SVC-07,Urgent,Client,Phone,2026-06-09,53.0,High,1,0,6,1,24,312
REQ-006081,LOC-02,SVC-04,Priority,GP / Clinician,Phone,2026-06-09,64.8,High,1,0,6,1,24,312
REQ-006082,LOC-07,SVC-04,Routine,Client,Phone,2026-06-09,12.3,Low,1,0,6,1,24,312
REQ-006083,LOC-04,SVC-04,Routine,Client,Referral,2026-06-09,8.4,Low,1,0,6,1,24,312
REQ-006084,LOC-07,SVC-03,Routine,Client,Portal,2026-06-09,10.2,Low,1,0,6,1,24,312
REQ-006085,LOC-10,SVC-09,Routine,Client,Case Manager,2026-06-09,19.3,Low,1,0,6,1,24,312
REQ-006086,LOC-06,SVC-08,Routine,Family Member,Referral,2026-06-09,7.8,Low,1,0,6,1,24,312
REQ-006087,LOC-05,SVC-01,Routine,Client,Case Manager,2026-06-09,34.8,Medium,1,0,6,1,24,312
REQ-006088,LOC-05,SVC-01,Routine,Case Manager,Case Manager,2026-06-09,34.7,Medium,1,0,6,1,24,312
REQ-006089,LOC-05,SVC-06,Routine,Case Manager,Referral,2026-06-09,39.4,Medium,1,0,6,1,24,312
REQ-006092,LOC-08,SVC-05,Urgent,Family Member,Referral,2026-06-09,38.8,Medium,1,0,6,1,24,312
REQ-006093,LOC-03,SVC-05,Routine,Family Member,Portal,2026-06-10,33.6,Medium,2,0,6,1,24,313
REQ-006094,LOC-02,SVC-02,Priority,Case Manager,Phone,2026-06-10,81.7,Critical,2,0,6,1,24,313
REQ-006095,LOC-06,SVC-04,Urgent,Client,Phone,2026-06-10,67.9,High,2,0,6,1,24,313
REQ-006096,LOC-10,SVC-06,Routine,Family Member,Portal,2026-06-10,13.2,Low,2,0,6,1,24,313
REQ-006097,LOC-07,SVC-01,Routine,Client,Portal,2026-06-10,13.8,Low,2,0,6,1,24,313
REQ-006098,LOC-10,SVC-09,Routine,Family Member,Phone,2026-06-10,22.4,Low,2,0,6,1,24,313
REQ-006099,LOC-03,SVC-02,Emergency,Family Member,Case Manager,2026-06-10,41.0,Medium,2,0,6,1,24,313
REQ-006101,LOC-07,SVC-07,Urgent,Family Member,Phone,2026-06-10,14.1,Low,2,0,6,1,24,313
REQ-006102,LOC-07,SVC-04,Priority,Client,Referral,2026-06-10,45.9,Medium,2,0,6,1,24,313
REQ-006104,LOC-02,SVC-06,Routine,Family Member,Referral,2026-06-10,31.7,Medium,2,0,6,1,24,313
REQ-006105,LOC-01,SVC-07,Routine,Family Member,Portal,2026-06-10,32.3,Medium,2,0,6,1,24,313
REQ-006106,LOC-07,SVC-02,Routine,GP / Clinician,Referral,2026-06-10,16.8,Low,2,0,6,1,24,313
REQ-006108,LOC-08,SVC-01,Routine,Case Manager,Case Manager,2026-06-10,56.2,High,2,0,6,1,24,313
REQ-006109,LOC-10,SVC-02,Urgent,Case Manager,Referral,2026-06-10,99.0,Critical,2,0,6,1,24,313
REQ-006110,LOC-02,SVC-06,Routine,Client,Case Manager,2026-06-10,9.9,Low,2,0,6,1,24,313
REQ-006111,LOC-06,SVC-05,Routine,Case Manager,Phone,2026-06-10,25.7,Low,2,0,6,1,24,313
REQ-006112,LOC-05,SVC-06,Priority,Client,Phone,2026-06-10,37.4,Medium,2,0,6,1,24,313
REQ-006114,LOC-03,SVC-02,Priority,Client,Case Manager,2026-06-11,33.1,Medium,3,0,6,1,24,314
REQ-006115,LOC-10,SVC-03,Priority,Client,Portal,2026-06-11,25.5,Medium,3,0,6,1,24,314
REQ-006116,LOC-07,SVC-01,Routine,Family Member,Referral,2026-06-11,35.0,Medium,3,0,6,1,24,314
REQ-006117,LOC-10,SVC-08,Routine,Case Manager,Portal,2026-06-11,40.9,Medium,3,0,6,1,24,314
REQ-006118,LOC-10,SVC-01,Priority,GP / Clinician,Portal,2026-06-11,81.9,Critical,3,0,6,1,24,314
REQ-006120,LOC-07,SVC-07,Routine,Client,Phone,2026-06-11,37.9,Medium,3,0,6,1,24,314
REQ-006121,LOC-02,SVC-02,Priority,Family Member,Portal,2026-06-11,21.9,Low,3,0,6,1,24,314
REQ-006123,LOC-01,SVC-07,Priority,GP / Clinician,Portal,2026-06-11,42.8,Medium,3,0,6,1,24,314
REQ-006124,LOC-05,SVC-07,Routine,Family Member,Referral,2026-06-11,33.7,Medium,3,0,6,1,24,314
REQ-006125,LOC-10,SVC-01,Routine,Client,Phone,2026-06-11,16.7,Low,3,0,6,1,24,314
REQ-006126,LOC-03,SVC-05,Routine,Client,Phone,2026-06-11,16.5,Low,3,0,6,1,24,314
REQ-006127,LOC-04,SVC-05,Routine,Client,Case Manager,2026-06-11,16.3,Low,3,0,6,1,24,314
REQ-006128,LOC-02,SVC-06,Routine,Client,Portal,2026-06-11,64.4,High,3,0,6,1,24,314
REQ-006129,LOC-05,SVC-01,Urgent,Case Manager,Case Manager,2026-06-11,34.4,Medium,3,0,6,1,24,314
REQ-006130,LOC-08,SVC-03,Routine,Family Member,Phone,2026-06-11,27.4,Low,3,0,6,1,24,314
REQ-006131,LOC-01,SVC-03,Priority,Client,Portal,2026-06-11,34.1,Medium,3,0,6,1,24,314
REQ-006132,LOC-09,SVC-07,Routine,Case Manager,Case Manager,2026-06-11,36.9,Medium,3,0,6,1,24,314
REQ-006133,LOC-03,SVC-01,Priority,Case Manager,Phone,2026-06-11,17.3,Low,3,0,6,1,24,314
REQ-006134,LOC-08,SVC-01,Urgent,Family Member,Phone,2026-06-11,44.1,Medium,3,0,6,1,24,314
REQ-006135,LOC-02,SVC-01,Priority,Client,Case Manager,2026-06-11,8.6,Low,3,0,6,1,24,314
REQ-006136,LOC-08,SVC-04,Routine,Client,Portal,2026-06-11,17.9,Low,3,0,6,1,24,314
REQ-006137,LOC-01,SVC-01,Priority,Client,Referral,2026-06-11,29.8,Medium,3,0,6,1,24,314
REQ-006138,LOC-01,SVC-07,Urgent,GP / Clinician,Phone,2026-06-11,91.5,Critical,3,0,6,1,24,314
REQ-006139,LOC-06,SVC-09,Routine,Client,Referral,2026-06-11,2.8,Low,3,0,6,1,24,314
REQ-006140,LOC-07,SVC-06,Priority,GP / Clinician,Portal,2026-06-11,59.1,High,3,0,6,1,24,314
REQ-006141,LOC-10,SVC-01,Routine,Family Member,Portal,2026-06-11,9.7,Low,3,0,6,1,24,314
REQ-006143,LOC-08,SVC-08,Routine,Family Member,Case Manager,2026-06-11,43.2,Medium,3,0,6,1,24,314
REQ-006144,LOC-06,SVC-09,Emergency,Client,Portal,2026-06-11,90.2,Critical,3,0,6,1,24,314
REQ-006145,LOC-02,SVC-08,Priority,Client,Phone,2026-06-11,63.0,High,3,0,6,1,24,314
REQ-006146,LOC-03,SVC-04,Emergency,Client,Referral,2026-06-11,35.7,Medium,3,0,6,1,24,314
REQ-006147,LOC-05,SVC-01,Routine,Client,Phone,2026-06-11,41.7,Medium,3,0,6,1,24,314
REQ-006148,LOC-01,SVC-04,Priority,Client,Portal,2026-06-11,40.6,Medium,3,0,6,1,24,314
REQ-006149,LOC-07,SVC-04,Routine,Client,Phone,2026-06-12,27.5,Low,4,0,6,1,24,315
REQ-006150,LOC-06,SVC-01,Priority,Family Member,Portal,2026-06-12,14.1,Low,4,0,6,1,24,315
REQ-006151,LOC-07,SVC-01,Routine,Family Member,Referral,2026-06-12,12.4,Low,4,0,6,1,24,315
REQ-006152,LOC-07,SVC-05,Priority,Family Member,Case Manager,2026-06-12,13.4,Low,4,0,6,1,24,315
REQ-006153,LOC-05,SVC-05,Routine,Client,Referral,2026-06-12,39.5,Medium,4,0,6,1,24,315
REQ-006154,LOC-06,SVC-04,Routine,Case Manager,Referral,2026-06-12,83.6,Critical,4,0,6,1,24,315
REQ-006156,LOC-03,SVC-02,Priority,Client,Portal,2026-06-12,32.4,Medium,4,0,6,1,24,315
REQ-006157,LOC-02,SVC-04,Emergency,Case Manager,Phone,2026-06-12,65.6,High,4,0,6,1,24,315
REQ-006158,LOC-07,SVC-08,Priority,Client,Portal,2026-06-12,15.5,Low,4,0,6,1,24,315
REQ-006159,LOC-05,SVC-08,Routine,Client,Portal,2026-06-12,40.1,Medium,4,0,6,1,24,315
REQ-006160,LOC-06,SVC-07,Priority,Case Manager,Referral,2026-06-12,40.2,Medium,4,0,6,1,24,315
REQ-006161,LOC-01,SVC-05,Urgent,Client,Portal,2026-06-12,40.4,Medium,4,0,6,1,24,315
REQ-006162,LOC-03,SVC-09,Routine,Family Member,Referral,2026-06-12,29.9,Medium,4,0,6,1,24,315
REQ-006164,LOC-02,SVC-01,Routine,Case Manager,Phone,2026-06-12,62.4,High,4,0,6,1,24,315
REQ-006165,LOC-06,SVC-07,Routine,GP / Clinician,Portal,2026-06-12,38.3,Medium,4,0,6,1,24,315
REQ-006167,LOC-08,SVC-04,Routine,Client,Phone,2026-06-12,12.2,Low,4,0,6,1,24,315
REQ-006168,LOC-10,SVC-03,Routine,GP / Clinician,Phone,2026-06-12,32.1,Medium,4,0,6,1,24,315
REQ-006169,LOC-02,SVC-06,Priority,Case Manager,Referral,2026-06-12,61.2,High,4,0,6,1,24,315
REQ-006170,LOC-08,SVC-02,Routine,Case Manager,Phone,2026-06-12,63.9,High,4,0,6,1,24,315
REQ-006171,LOC-05,SVC-05,Priority,GP / Clinician,Case Manager,2026-06-12,83.7,Critical,4,0,6,1,24,315
REQ-006172,LOC-08,SVC-08,Urgent,Family Member,Portal,2026-06-12,57.9,High,4,0,6,1,24,315
REQ-006173,LOC-06,SVC-08,Routine,Family Member,Portal,2026-06-12,9.2,Low,4,0,6,1,24,315
REQ-006174,LOC-05,SVC-04,Priority,Case Manager,Portal,2026-06-12,50.3,Medium,4,0,6,1,24,315
REQ-006175,LOC-07,SVC-03,Urgent,Case Manager,Phone,2026-06-12,88.0,Critical,4,0,6,1,24,315
REQ-006176,LOC-10,SVC-07,Priority,Case Manager,Portal,2026-06-12,65.1,High,4,0,6,1,24,315
REQ-006178,LOC-10,SVC-01,Priority,Client,Phone,2026-06-12,16.0,Low,4,0,6,1,24,315
REQ-006179,LOC-05,SVC-09,Routine,Client,Portal,2026-06-13,20.4,Low,5,1,6,1,24,316
REQ-006180,LOC-06,SVC-01,Routine,Client,Referral,2026-06-13,37.8,Medium,5,1,6,1,24,316
REQ-006181,LOC-06,SVC-04,Priority,Client,Portal,2026-06-13,35.9,Medium,5,1,6,1,24,316
REQ-006183,LOC-10,SVC-02,Priority,GP / Clinician,Phone,2026-06-13,97.1,Critical,5,1,6,1,24,316
REQ-006184,LOC-03,SVC-01,Routine,GP / Clinician,Portal,2026-06-13,13.7,Low,5,1,6,1,24,316
REQ-006185,LOC-03,SVC-09,Routine,Client,Case Manager,2026-06-13,36.5,Medium,5,1,6,1,24,316
REQ-006186,LOC-01,SVC-02,Routine,Family Member,Portal,2026-06-13,15.9,Low,5,1,6,1,24,316
REQ-006187,LOC-07,SVC-07,Routine,Client,Portal,2026-06-13,23.4,Low,5,1,6,1,24,316
REQ-006188,LOC-01,SVC-05,Routine,Case Manager,Phone,2026-06-13,58.2,High,5,1,6,1,24,316
REQ-006189,LOC-08,SVC-01,Priority,Family Member,Referral,2026-06-13,41.9,Medium,5,1,6,1,24,316
REQ-006190,LOC-01,SVC-03,Urgent,Client,Referral,2026-06-13,62.7,High,5,1,6,1,24,316
REQ-006191,LOC-09,SVC-05,Urgent,Client,Portal,2026-06-13,5.1,Low,5,1,6,1,24,316
REQ-006192,LOC-03,SVC-02,Routine,Case Manager,Phone,2026-06-14,35.9,Medium,6,1,6,1,24,317
REQ-006193,LOC-02,SVC-01,Priority,Family Member,Portal,2026-06-14,33.3,Medium,6,1,6,1,24,317
REQ-006194,LOC-01,SVC-05,Routine,Client,Phone,2026-06-14,55.8,High,6,1,6,1,24,317
REQ-006195,LOC-06,SVC-04,Routine,Family Member,Phone,2026-06-14,70.2,High,6,1,6,1,24,317
REQ-006196,LOC-04,SVC-07,Urgent,Family Member,Case Manager,2026-06-14,30.8,Medium,6,1,6,1,24,317
REQ-006197,LOC-06,SVC-06,Routine,Client,Portal,2026-06-14,40.7,Medium,6,1,6,1,24,317
REQ-006199,LOC-02,SVC-01,Urgent,Family Member,Referral,2026-06-14,50.8,Medium,6,1,6,1,24,317
REQ-006200,LOC-04,SVC-06,Emergency,Case Manager,Phone,2026-06-14,31.4,Medium,6,1,6,1,24,317
REQ-006201,LOC-08,SVC-05,Priority,GP / Clinician,Referral,2026-06-14,67.3,High,6,1,6,1,24,317
REQ-006202,LOC-01,SVC-02,Priority,Family Member,Case Manager,2026-06-14,23.5,Low,6,1,6,1,24,317
REQ-006203,LOC-08,SVC-03,Routine,Client,Referral,2026-06-14,23.7,Low,6,1,6,1,24,317
REQ-006204,LOC-09,SVC-07,Routine,Client,Portal,2026-06-15,27.2,Medium,0,0,6,1,25,318
REQ-006205,LOC-10,SVC-04,Priority,Case Manager,Phone,2026-06-15,96.1,Critical,0,0,6,1,25,318
REQ-006206,LOC-06,SVC-01,Routine,Family Member,Portal,2026-06-15,42.2,Medium,0,0,6,1,25,318
REQ-006207,LOC-09,SVC-06,Routine,Client,Phone,2026-06-15,16.9,Low,0,0,6,1,25,318
REQ-006208,LOC-06,SVC-04,Routine,Client,Case Manager,2026-06-15,15.8,Low,0,0,6,1,25,318
REQ-006209,LOC-07,SVC-06,Routine,Family Member,Portal,2026-06-15,35.0,Medium,0,0,6,1,25,318
REQ-006210,LOC-10,SVC-01,Routine,Client,Phone,2026-06-15,12.3,Low,0,0,6,1,25,318
REQ-006211,LOC-08,SVC-02,Urgent,Client,Referral,2026-06-15,65.4,High,0,0,6,1,25,318
REQ-006212,LOC-02,SVC-03,Priority,Family Member,Phone,2026-06-15,60.8,High,0,0,6,1,25,318
REQ-006213,LOC-07,SVC-05,Routine,Case Manager,Case Manager,2026-06-15,19.4,Low,0,0,6,1,25,318
REQ-006214,LOC-10,SVC-06,Routine,Family Member,Portal,2026-06-15,12.2,Low,0,0,6,1,25,318
REQ-006216,LOC-03,SVC-01,Routine,Family Member,Portal,2026-06-15,19.1,Low,0,0,6,1,25,318
REQ-006217,LOC-02,SVC-01,Routine,Client,Referral,2026-06-15,11.0,Low,0,0,6,1,25,318
REQ-006218,LOC-05,SVC-06,Priority,Client,Referral,2026-06-15,29.4,Medium,0,0,6,1,25,318
REQ-006220,LOC-07,SVC-01,Emergency,GP / Clinician,Phone,2026-06-15,37.0,Medium,0,0,6,1,25,318
REQ-006221,LOC-03,SVC-01,Routine,Family Member,Referral,2026-06-15,65.7,High,0,0,6,1,25,318
REQ-006222,LOC-07,SVC-01,Priority,Client,Case Manager,2026-06-15,38.0,Medium,0,0,6,1,25,318
REQ-006223,LOC-07,SVC-03,Routine,Client,Case Manager,2026-06-15,23.1,Medium,0,0,6,1,25,318
REQ-006224,LOC-02,SVC-08,Priority,Client,Case Manager,2026-06-15,28.4,Medium,0,0,6,1,25,318
REQ-006225,LOC-10,SVC-06,Priority,Family Member,Referral,2026-06-15,31.8,Medium,0,0,6,1,25,318
REQ-006226,LOC-05,SVC-05,Routine,Family Member,Portal,2026-06-16,39.2,Medium,1,0,6,1,25,319
REQ-006227,LOC-06,SVC-03,Priority,Case Manager,Case Manager,2026-06-16,66.5,High,1,0,6,1,25,319
REQ-006228,LOC-07,SVC-07,Routine,Family Member,Referral,2026-06-16,34.8,Medium,1,0,6,1,25,319
REQ-006229,LOC-07,SVC-07,Priority,Client,Portal,2026-06-16,19.5,Low,1,0,6,1,25,319
REQ-006230,LOC-09,SVC-01,Routine,Client,Portal,2026-06-16,12.2,Low,1,0,6,1,25,319
REQ-006231,LOC-10,SVC-02,Urgent,Family Member,Portal,2026-06-16,30.4,Medium,1,0,6,1,25,319
REQ-006232,LOC-01,SVC-01,Routine,Case Manager,Phone,2026-06-16,57.4,High,1,0,6,1,25,319
REQ-006235,LOC-06,SVC-01,Routine,Family Member,Portal,2026-06-16,5.2,Low,1,0,6,1,25,319
REQ-006236,LOC-10,SVC-05,Priority,Case Manager,Referral,2026-06-16,39.0,Medium,1,0,6,1,25,319
REQ-006237,LOC-06,SVC-06,Urgent,Family Member,Phone,2026-06-16,70.1,High,1,0,6,1,25,319
REQ-006238,LOC-02,SVC-04,Priority,Family Member,Phone,2026-06-16,85.2,Critical,1,0,6,1,25,319
REQ-006239,LOC-07,SVC-06,Priority,Case Manager,Portal,2026-06-16,41.4,Medium,1,0,6,1,25,319
REQ-006240,LOC-01,SVC-06,Priority,Family Member,Phone,2026-06-16,10.2,Low,1,0,6,1,25,319
REQ-006242,LOC-06,SVC-06,Routine,Family Member,Referral,2026-06-16,40.9,Medium,1,0,6,1,25,319
REQ-006243,LOC-03,SVC-01,Urgent,Client,Phone,2026-06-16,39.9,Medium,1,0,6,1,25,319
REQ-006244,LOC-10,SVC-07,Routine,Client,Portal,2026-06-16,7.1,Low,1,0,6,1,25,319
REQ-006245,LOC-01,SVC-03,Routine,Client,Case Manager,2026-06-16,45.6,Medium,1,0,6,1,25,319
REQ-006246,LOC-05,SVC-01,Routine,Client,Portal,2026-06-16,32.8,Medium,1,0,6,1,25,319
REQ-006247,LOC-10,SVC-01,Routine,Case Manager,Case Manager,2026-06-16,15.7,Low,1,0,6,1,25,319
REQ-006248,LOC-04,SVC-01,Priority,Family Member,Phone,2026-06-16,7.9,Low,1,0,6,1,25,319
REQ-006250,LOC-01,SVC-01,Urgent,Client,Phone,2026-06-16,63.8,High,1,0,6,1,25,319
REQ-006251,LOC-07,SVC-02,Priority,Family Member,Phone,2026-06-16,9.9,Low,1,0,6,1,25,319
REQ-006253,LOC-05,SVC-02,Urgent,Case Manager,Portal,2026-06-16,60.7,High,1,0,6,1,25,319
REQ-006254,LOC-04,SVC-06,Emergency,Client,Case Manager,2026-06-16,33.9,Medium,1,0,6,1,25,319
REQ-006255,LOC-09,SVC-04,Urgent,Family Member,Phone,2026-06-16,24.0,Medium,1,0,6,1,25,319
REQ-006256,LOC-07,SVC-02,Routine,Client,Referral,2026-06-16,60.0,High,1,0,6,1,25,319
REQ-006257,LOC-02,SVC-02,Routine,Case Manager,Phone,2026-06-16,72.4,High,1,0,6,1,25,319
REQ-006258,LOC-04,SVC-05,Urgent,Case Manager,Referral,2026-06-16,93.2,Critical,1,0,6,1,25,319
REQ-006259,LOC-10,SVC-05,Urgent,Case Manager,Case Manager,2026-06-16,43.5,Medium,1,0,6,1,25,319
REQ-006260,LOC-09,SVC-02,Priority,GP / Clinician,Case Manager,2026-06-16,44.5,Medium,1,0,6,1,25,319
REQ-006261,LOC-10,SVC-07,Priority,Case Manager,Phone,2026-06-16,59.9,High,1,0,6,1,25,319
REQ-006262,LOC-05,SVC-03,Routine,Family Member,Portal,2026-06-16,35.8,Medium,1,0,6,1,25,319
REQ-006263,LOC-10,SVC-01,Routine,Client,Phone,2026-06-16,12.8,Low,1,0,6,1,25,319
REQ-006264,LOC-10,SVC-06,Routine,Family Member,Portal,2026-06-16,11.0,Low,1,0,6,1,25,319
REQ-006265,LOC-02,SVC-01,Urgent,Family Member,Case Manager,2026-06-16,42.6,Medium,1,0,6,1,25,319
REQ-006266,LOC-01,SVC-01,Priority,Family Member,Referral,2026-06-17,37.2,Medium,2,0,6,1,25,320
REQ-006267,LOC-01,SVC-01,Routine,Family Member,Phone,2026-06-17,52.4,Medium,2,0,6,1,25,320
REQ-006268,LOC-07,SVC-04,Routine,Client,Case Manager,2026-06-17,37.2,Medium,2,0,6,1,25,320
REQ-006269,LOC-08,SVC-04,Routine,Family Member,Referral,2026-06-17,57.2,High,2,0,6,1,25,320
REQ-006270,LOC-01,SVC-01,Priority,Case Manager,Phone,2026-06-17,37.8,Medium,2,0,6,1,25,320
REQ-006271,LOC-05,SVC-08,Priority,Family Member,Portal,2026-06-17,59.6,High,2,0,6,1,25,320
REQ-006272,LOC-08,SVC-06,Urgent,Family Member,Phone,2026-06-17,40.5,Medium,2,0,6,1,25,320
REQ-006273,LOC-09,SVC-01,Priority,Client,Portal,2026-06-17,42.5,Medium,2,0,6,1,25,320
REQ-006274,LOC-09,SVC-03,Urgent,Client,Referral,2026-06-17,40.6,Medium,2,0,6,1,25,320
REQ-006276,LOC-10,SVC-07,Priority,GP / Clinician,Referral,2026-06-17,34.7,Medium,2,0,6,1,25,320
REQ-006277,LOC-02,SVC-09,Priority,Case Manager,Phone,2026-06-17,68.8,High,2,0,6,1,25,320
REQ-006278,LOC-03,SVC-07,Routine,Client,Portal,2026-06-17,12.4,Low,2,0,6,1,25,320
REQ-006279,LOC-05,SVC-05,Routine,Family Member,Phone,2026-06-17,39.2,Medium,2,0,6,1,25,320
REQ-006280,LOC-03,SVC-08,Priority,Client,Portal,2026-06-17,19.6,Low,2,0,6,1,25,320
REQ-006282,LOC-10,SVC-02,Urgent,Case Manager,Phone,2026-06-17,79.1,Critical,2,0,6,1,25,320
REQ-006285,LOC-08,SVC-02,Routine,Client,Portal,2026-06-17,65.7,High,2,0,6,1,25,320
REQ-006286,LOC-07,SVC-03,Routine,Family Member,Referral,2026-06-17,9.4,Low,2,0,6,1,25,320
REQ-006287,LOC-06,SVC-01,Routine,Client,Phone,2026-06-17,14.5,Low,2,0,6,1,25,320
REQ-006288,LOC-10,SVC-07,Urgent,GP / Clinician,Case Manager,2026-06-17,78.3,Critical,2,0,6,1,25,320
REQ-006290,LOC-08,SVC-05,Routine,Client,Portal,2026-06-17,41.7,Medium,2,0,6,1,25,320
REQ-006292,LOC-09,SVC-03,Routine,Client,Portal,2026-06-17,15.1,Low,2,0,6,1,25,320
REQ-006293,LOC-08,SVC-02,Priority,Client,Case Manager,2026-06-17,12.0,Low,2,0,6,1,25,320
REQ-006294,LOC-09,SVC-01,Routine,Case Manager,Case Manager,2026-06-17,61.4,High,2,0,6,1,25,320
REQ-006295,LOC-01,SVC-06,Routine,Family Member,Phone,2026-06-17,32.2,Medium,2,0,6,1,25,320
REQ-006296,LOC-04,SVC-08,Routine,Client,Portal,2026-06-17,16.9,Low,2,0,6,1,25,320
REQ-006297,LOC-01,SVC-04,Routine,Case Manager,Phone,2026-06-17,52.8,High,2,0,6,1,25,320
REQ-006298,LOC-09,SVC-02,Routine,Case Manager,Portal,2026-06-17,40.9,Medium,2,0,6,1,25,320
REQ-006299,LOC-09,SVC-05,Priority,Case Manager,Portal,2026-06-17,13.6,Low,2,0,6,1,25,320
REQ-006300,LOC-05,SVC-01,Priority,Client,Phone,2026-06-17,62.3,High,2,0,6,1,25,320
REQ-006301,LOC-04,SVC-03,Routine,Client,Referral,2026-06-17,44.4,Medium,2,0,6,1,25,320
REQ-006302,LOC-08,SVC-05,Urgent,Client,Referral,2026-06-17,19.5,Low,2,0,6,1,25,320
REQ-006303,LOC-03,SVC-01,Routine,Family Member,Portal,2026-06-18,16.8,Low,3,0,6,1,25,321
REQ-006304,LOC-05,SVC-01,Routine,Client,Portal,2026-06-18,21.5,Low,3,0,6,1,25,321
REQ-006305,LOC-06,SVC-06,Priority,Family Member,Case Manager,2026-06-18,84.3,Critical,3,0,6,1,25,321
REQ-006306,LOC-03,SVC-09,Priority,GP / Clinician,Phone,2026-06-18,30.3,Medium,3,0,6,1,25,321
REQ-006307,LOC-07,SVC-04,Routine,Client,Phone,2026-06-18,16.4,Low,3,0,6,1,25,321
REQ-006309,LOC-04,SVC-02,Priority,GP / Clinician,Phone,2026-06-18,38.3,Medium,3,0,6,1,25,321
REQ-006310,LOC-02,SVC-01,Priority,Client,Referral,2026-06-18,38.3,Medium,3,0,6,1,25,321
REQ-006311,LOC-01,SVC-06,Routine,Case Manager,Phone,2026-06-18,36.7,Medium,3,0,6,1,25,321
REQ-006312,LOC-08,SVC-08,Routine,Family Member,Portal,2026-06-18,35.8,Medium,3,0,6,1,25,321
REQ-006313,LOC-09,SVC-02,Priority,Client,Portal,2026-06-18,13.8,Low,3,0,6,1,25,321
REQ-006314,LOC-01,SVC-06,Routine,Client,Phone,2026-06-18,7.3,Low,3,0,6,1,25,321
REQ-006316,LOC-05,SVC-02,Routine,Case Manager,Portal,2026-06-18,39.4,Medium,3,0,6,1,25,321
REQ-006317,LOC-02,SVC-06,Priority,Client,Phone,2026-06-18,26.5,Medium,3,0,6,1,25,321
REQ-006318,LOC-07,SVC-05,Urgent,Family Member,Case Manager,2026-06-18,22.0,Low,3,0,6,1,25,321
REQ-006319,LOC-07,SVC-09,Priority,Client,Portal,2026-06-18,20.4,Low,3,0,6,1,25,321
REQ-006320,LOC-05,SVC-09,Priority,Family Member,Case Manager,2026-06-18,36.8,Medium,3,0,6,1,25,321
REQ-006321,LOC-02,SVC-03,Routine,Client,Portal,2026-06-18,19.5,Low,3,0,6,1,25,321
REQ-006322,LOC-01,SVC-08,Priority,Family Member,Phone,2026-06-18,53.8,High,3,0,6,1,25,321
REQ-006323,LOC-10,SVC-09,Routine,Client,Phone,2026-06-18,46.4,Medium,3,0,6,1,25,321
REQ-006324,LOC-08,SVC-01,Routine,Family Member,Referral,2026-06-18,11.3,Low,3,0,6,1,25,321
REQ-006325,LOC-07,SVC-06,Routine,Case Manager,Phone,2026-06-18,56.6,High,3,0,6,1,25,321
REQ-006326,LOC-05,SVC-02,Priority,Family Member,Referral,2026-06-18,35.7,Medium,3,0,6,1,25,321
REQ-006327,LOC-10,SVC-08,Routine,Family Member,Portal,2026-06-18,40.6,Medium,3,0,6,1,25,321
REQ-006328,LOC-05,SVC-05,Priority,Case Manager,Case Manager,2026-06-18,44.5,Medium,3,0,6,1,25,321
REQ-006329,LOC-04,SVC-03,Priority,Client,Portal,2026-06-18,32.6,Medium,3,0,6,1,25,321
REQ-006330,LOC-05,SVC-07,Routine,Client,Portal,2026-06-18,11.4,Low,3,0,6,1,25,321
REQ-006331,LOC-04,SVC-01,Routine,Family Member,Phone,2026-06-19,56.6,High,4,0,6,1,25,322
REQ-006332,LOC-04,SVC-02,Routine,Family Member,Portal,2026-06-19,33.8,Medium,4,0,6,1,25,322
REQ-006333,LOC-10,SVC-02,Priority,Client,Phone,2026-06-19,68.8,High,4,0,6,1,25,322
REQ-006335,LOC-05,SVC-03,Routine,Client,Portal,2026-06-19,27.1,Medium,4,0,6,1,25,322
REQ-006336,LOC-08,SVC-01,Routine,Client,Phone,2026-06-19,22.4,Low,4,0,6,1,25,322
REQ-006338,LOC-09,SVC-01,Priority,Family Member,Referral,2026-06-19,27.7,Medium,4,0,6,1,25,322
REQ-006340,LOC-03,SVC-02,Priority,Client,Case Manager,2026-06-19,21.6,Low,4,0,6,1,25,322
REQ-006341,LOC-03,SVC-01,Priority,Case Manager,Portal,2026-06-19,16.7,Low,4,0,6,1,25,322
REQ-006342,LOC-08,SVC-06,Routine,Case Manager,Phone,2026-06-19,11.5,Low,4,0,6,1,25,322
REQ-006343,LOC-09,SVC-09,Priority,GP / Clinician,Phone,2026-06-19,58.6,High,4,0,6,1,25,322
REQ-006344,LOC-09,SVC-01,Urgent,Family Member,Phone,2026-06-19,87.9,Critical,4,0,6,1,25,322
REQ-006345,LOC-01,SVC-07,Priority,Client,Portal,2026-06-19,9.2,Low,4,0,6,1,25,322
REQ-006346,LOC-08,SVC-03,Urgent,Client,Case Manager,2026-06-19,68.7,High,4,0,6,1,25,322
REQ-006347,LOC-03,SVC-02,Urgent,GP / Clinician,Referral,2026-06-19,87.3,Critical,4,0,6,1,25,322
REQ-006348,LOC-05,SVC-09,Routine,Family Member,Referral,2026-06-19,69.2,High,4,0,6,1,25,322
REQ-006351,LOC-01,SVC-02,Routine,Client,Portal,2026-06-19,45.1,Medium,4,0,6,1,25,322
REQ-006352,LOC-09,SVC-04,Routine,GP / Clinician,Phone,2026-06-19,31.1,Medium,4,0,6,1,25,322
REQ-006353,LOC-07,SVC-03,Priority,Case Manager,Phone,2026-06-19,67.9,High,4,0,6,1,25,322
REQ-006354,LOC-10,SVC-07,Routine,Case Manager,Phone,2026-06-19,16.1,Low,4,0,6,1,25,322
REQ-006355,LOC-07,SVC-05,Routine,Client,Phone,2026-06-19,13.7,Low,4,0,6,1,25,322
REQ-006356,LOC-02,SVC-07,Priority,GP / Clinician,Phone,2026-06-19,89.0,Critical,4,0,6,1,25,322
REQ-006357,LOC-02,SVC-06,Priority,Client,Phone,2026-06-19,66.7,High,4,0,6,1,25,322
REQ-006358,LOC-04,SVC-05,Routine,Client,Phone,2026-06-19,16.0,Low,4,0,6,1,25,322
REQ-006359,LOC-07,SVC-08,Routine,Client,Phone,2026-06-19,37.3,Medium,4,0,6,1,25,322
REQ-006360,LOC-02,SVC-05,Routine,Client,Case Manager,2026-06-19,48.0,Medium,4,0,6,1,25,322
REQ-006361,LOC-09,SVC-03,Priority,Family Member,Phone,2026-06-19,17.5,Low,4,0,6,1,25,322
REQ-006363,LOC-02,SVC-03,Routine,Client,Phone,2026-06-19,41.0,Medium,4,0,6,1,25,322
REQ-006364,LOC-01,SVC-08,Emergency,GP / Clinician,Phone,2026-06-19,83.0,Critical,4,0,6,1,25,322
REQ-006366,LOC-10,SVC-07,Priority,GP / Clinician,Phone,2026-06-20,57.9,High,5,1,6,1,25,323
REQ-006367,LOC-04,SVC-01,Priority,Client,Phone,2026-06-20,33.0,Medium,5,1,6,1,25,323
REQ-006368,LOC-05,SVC-01,Priority,Client,Referral,2026-06-20,40.6,Medium,5,1,6,1,25,323
REQ-006369,LOC-08,SVC-03,Priority,Client,Portal,2026-06-20,13.3,Low,5,1,6,1,25,323
REQ-006370,LOC-05,SVC-03,Routine,Family Member,Referral,2026-06-20,42.0,Medium,5,1,6,1,25,323
REQ-006371,LOC-04,SVC-01,Routine,Family Member,Portal,2026-06-20,40.2,Medium,5,1,6,1,25,323
REQ-006372,LOC-10,SVC-02,Emergency,Client,Portal,2026-06-20,46.9,Medium,5,1,6,1,25,323
REQ-006373,LOC-02,SVC-02,Priority,Case Manager,Phone,2026-06-20,87.4,Critical,5,1,6,1,25,323
REQ-006375,LOC-07,SVC-07,Priority,Client,Portal,2026-06-21,43.8,Medium,6,1,6,1,25,324
REQ-006377,LOC-10,SVC-01,Urgent,Case Manager,Referral,2026-06-21,83.2,Critical,6,1,6,1,25,324
REQ-006378,LOC-03,SVC-04,Routine,Case Manager,Portal,2026-06-21,49.1,Medium,6,1,6,1,25,324
REQ-006379,LOC-02,SVC-03,Priority,GP / Clinician,Phone,2026-06-21,90.7,Critical,6,1,6,1,25,324
REQ-006382,LOC-03,SVC-02,Priority,Case Manager,Portal,2026-06-21,27.2,Medium,6,1,6,1,25,324
REQ-006383,LOC-08,SVC-01,Routine,Case Manager,Phone,2026-06-21,41.2,Medium,6,1,6,1,25,324
REQ-006384,LOC-06,SVC-02,Priority,Client,Portal,2026-06-21,40.7,Medium,6,1,6,1,25,324
REQ-006385,LOC-10,SVC-02,Routine,Client,Phone,2026-06-21,6.0,Low,6,1,6,1,25,324
REQ-006386,LOC-04,SVC-05,Routine,Client,Case Manager,2026-06-22,37.8,Medium,0,0,6,1,26,325
REQ-006387,LOC-03,SVC-06,Priority,GP / Clinician,Phone,2026-06-22,15.5,Low,0,0,6,1,26,325
REQ-006389,LOC-03,SVC-02,Routine,Client,Portal,2026-06-22,28.5,Low,0,0,6,1,26,325
REQ-006390,LOC-03,SVC-06,Priority,Client,Phone,2026-06-22,34.3,Medium,0,0,6,1,26,325
REQ-006391,LOC-10,SVC-05,Routine,Case Manager,Phone,2026-06-22,50.3,High,0,0,6,1,26,325
REQ-006393,LOC-07,SVC-04,Routine,Family Member,Phone,2026-06-22,41.9,Medium,0,0,6,1,26,325
REQ-006395,LOC-07,SVC-07,Routine,Family Member,Portal,2026-06-22,50.0,Medium,0,0,6,1,26,325
REQ-006396,LOC-06,SVC-02,Priority,Client,Portal,2026-06-22,72.1,High,0,0,6,1,26,325
REQ-006397,LOC-08,SVC-05,Routine,Client,Phone,2026-06-22,11.6,Low,0,0,6,1,26,325
REQ-006399,LOC-03,SVC-01,Urgent,Case Manager,Case Manager,2026-06-22,76.0,Critical,0,0,6,1,26,325
REQ-006400,LOC-03,SVC-08,Priority,GP / Clinician,Portal,2026-06-22,34.1,Medium,0,0,6,1,26,325
REQ-006401,LOC-01,SVC-08,Routine,Family Member,Portal,2026-06-22,33.7,Medium,0,0,6,1,26,325
REQ-006402,LOC-04,SVC-05,Priority,Case Manager,Portal,2026-06-22,62.1,High,0,0,6,1,26,325
REQ-006403,LOC-10,SVC-01,Priority,Case Manager,Phone,2026-06-22,16.7,Low,0,0,6,1,26,325
REQ-006404,LOC-03,SVC-01,Urgent,Client,Portal,2026-06-22,86.2,Critical,0,0,6,1,26,325
REQ-006405,LOC-08,SVC-05,Routine,Client,Referral,2026-06-22,15.0,Low,0,0,6,1,26,325
REQ-006406,LOC-08,SVC-03,Routine,Family Member,Phone,2026-06-22,55.0,High,0,0,6,1,26,325
REQ-006408,LOC-01,SVC-03,Routine,Client,Phone,2026-06-23,89.5,Critical,1,0,6,1,26,326
REQ-006409,LOC-07,SVC-01,Priority,GP / Clinician,Phone,2026-06-23,34.8,Medium,1,0,6,1,26,326
REQ-006410,LOC-03,SVC-01,Routine,GP / Clinician,Referral,2026-06-23,21.3,Medium,1,0,6,1,26,326
REQ-006411,LOC-06,SVC-05,Routine,Client,Portal,2026-06-23,17.1,Low,1,0,6,1,26,326
REQ-006412,LOC-03,SVC-05,Routine,Family Member,Case Manager,2026-06-23,18.0,Low,1,0,6,1,26,326
REQ-006413,LOC-05,SVC-01,Routine,Client,Referral,2026-06-23,20.1,Low,1,0,6,1,26,326
REQ-006414,LOC-09,SVC-04,Routine,Case Manager,Phone,2026-06-23,11.4,Low,1,0,6,1,26,326
REQ-006415,LOC-08,SVC-01,Priority,Client,Phone,2026-06-23,13.7,Low,1,0,6,1,26,326
REQ-006416,LOC-04,SVC-08,Routine,Client,Portal,2026-06-23,36.3,Medium,1,0,6,1,26,326
REQ-006417,LOC-07,SVC-01,Routine,Case Manager,Referral,2026-06-23,64.4,High,1,0,6,1,26,326
REQ-006418,LOC-04,SVC-01,Priority,Client,Phone,2026-06-23,9.1,Low,1,0,6,1,26,326
REQ-006419,LOC-07,SVC-05,Routine,Client,Portal,2026-06-23,12.1,Low,1,0,6,1,26,326
REQ-006420,LOC-02,SVC-05,Routine,Case Manager,Phone,2026-06-23,62.3,High,1,0,6,1,26,326
REQ-006422,LOC-03,SVC-04,Priority,Case Manager,Portal,2026-06-23,37.0,Medium,1,0,6,1,26,326
REQ-006423,LOC-04,SVC-03,Routine,Client,Phone,2026-06-23,8.4,Low,1,0,6,1,26,326
REQ-006424,LOC-03,SVC-01,Emergency,Case Manager,Portal,2026-06-23,59.8,High,1,0,6,1,26,326
REQ-006425,LOC-02,SVC-01,Urgent,Client,Portal,2026-06-23,40.2,Medium,1,0,6,1,26,326
REQ-006426,LOC-08,SVC-01,Routine,Family Member,Phone,2026-06-23,15.8,Low,1,0,6,1,26,326
REQ-006427,LOC-05,SVC-04,Priority,Family Member,Phone,2026-06-23,60.2,High,1,0,6,1,26,326
REQ-006428,LOC-02,SVC-02,Urgent,Case Manager,Phone,2026-06-23,83.9,Critical,1,0,6,1,26,326
REQ-006429,LOC-01,SVC-01,Priority,GP / Clinician,Case Manager,2026-06-23,89.1,Critical,1,0,6,1,26,326
REQ-006430,LOC-04,SVC-05,Routine,Case Manager,Referral,2026-06-23,53.1,High,1,0,6,1,26,326
REQ-006432,LOC-01,SVC-04,Routine,Client,Phone,2026-06-23,44.6,Medium,1,0,6,1,26,326
REQ-006433,LOC-08,SVC-01,Routine,Family Member,Referral,2026-06-23,39.1,Medium,1,0,6,1,26,326
REQ-006434,LOC-06,SVC-01,Routine,Client,Portal,2026-06-24,23.2,Low,2,0,6,1,26,327
REQ-006435,LOC-10,SVC-01,Routine,Case Manager,Portal,2026-06-24,31.2,Medium,2,0,6,1,26,327
REQ-006436,LOC-04,SVC-03,Urgent,Client,Phone,2026-06-24,15.3,Low,2,0,6,1,26,327
REQ-006437,LOC-08,SVC-01,Urgent,Family Member,Portal,2026-06-24,21.5,Low,2,0,6,1,26,327
REQ-006438,LOC-01,SVC-01,Urgent,GP / Clinician,Portal,2026-06-24,33.0,Medium,2,0,6,1,26,327
REQ-006439,LOC-09,SVC-02,Routine,Family Member,Portal,2026-06-24,31.1,Medium,2,0,6,1,26,327
REQ-006440,LOC-03,SVC-01,Routine,Client,Portal,2026-06-24,37.2,Medium,2,0,6,1,26,327
REQ-006441,LOC-05,SVC-09,Priority,GP / Clinician,Phone,2026-06-24,61.0,High,2,0,6,1,26,327
REQ-006442,LOC-05,SVC-05,Emergency,Family Member,Case Manager,2026-06-24,51.3,Medium,2,0,6,1,26,327
REQ-006443,LOC-03,SVC-08,Routine,Client,Phone,2026-06-24,18.5,Low,2,0,6,1,26,327
REQ-006444,LOC-01,SVC-01,Routine,Client,Phone,2026-06-24,38.3,Medium,2,0,6,1,26,327
REQ-006445,LOC-10,SVC-05,Routine,Family Member,Portal,2026-06-24,6.1,Low,2,0,6,1,26,327
REQ-006446,LOC-09,SVC-05,Routine,Client,Phone,2026-06-24,12.0,Low,2,0,6,1,26,327
REQ-006448,LOC-08,SVC-02,Routine,Client,Portal,2026-06-24,11.6,Low,2,0,6,1,26,327
REQ-006449,LOC-06,SVC-05,Urgent,Family Member,Phone,2026-06-24,58.4,High,2,0,6,1,26,327
REQ-006450,LOC-07,SVC-03,Routine,Case Manager,Phone,2026-06-24,5.8,Low,2,0,6,1,26,327
REQ-006451,LOC-01,SVC-01,Priority,Family Member,Referral,2026-06-24,19.8,Low,2,0,6,1,26,327
REQ-006452,LOC-07,SVC-01,Priority,Client,Referral,2026-06-24,32.1,Medium,2,0,6,1,26,327
REQ-006453,LOC-09,SVC-01,Priority,Family Member,Portal,2026-06-24,58.5,High,2,0,6,1,26,327
REQ-006454,LOC-10,SVC-05,Urgent,Client,Phone,2026-06-24,36.8,Medium,2,0,6,1,26,327
REQ-006455,LOC-02,SVC-02,Routine,Case Manager,Portal,2026-06-24,67.0,High,2,0,6,1,26,327
REQ-006457,LOC-03,SVC-02,Routine,Case Manager,Case Manager,2026-06-24,33.0,Medium,2,0,6,1,26,327
REQ-006458,LOC-01,SVC-07,Priority,GP / Clinician,Phone,2026-06-24,52.8,High,2,0,6,1,26,327
REQ-006459,LOC-06,SVC-05,Routine,Family Member,Phone,2026-06-24,66.2,High,2,0,6,1,26,327
REQ-006460,LOC-05,SVC-05,Urgent,Case Manager,Phone,2026-06-24,30.6,Medium,2,0,6,1,26,327
REQ-006461,LOC-02,SVC-01,Priority,Client,Case Manager,2026-06-25,41.3,Medium,3,0,6,1,26,328
REQ-006462,LOC-02,SVC-04,Routine,Client,Phone,2026-06-25,34.4,Medium,3,0,6,1,26,328
REQ-006463,LOC-03,SVC-03,Routine,Family Member,Phone,2026-06-25,40.6,Medium,3,0,6,1,26,328
REQ-006464,LOC-04,SVC-06,Routine,Client,Portal,2026-06-25,36.7,Medium,3,0,6,1,26,328
REQ-006465,LOC-02,SVC-02,Urgent,Case Manager,Phone,2026-06-25,93.8,Critical,3,0,6,1,26,328
REQ-006466,LOC-08,SVC-01,Priority,GP / Clinician,Case Manager,2026-06-25,54.2,High,3,0,6,1,26,328
REQ-006467,LOC-06,SVC-03,Routine,Family Member,Phone,2026-06-25,42.4,Medium,3,0,6,1,26,328
REQ-006468,LOC-07,SVC-01,Routine,Family Member,Case Manager,2026-06-25,34.1,Medium,3,0,6,1,26,328
REQ-006470,LOC-03,SVC-05,Routine,Family Member,Case Manager,2026-06-25,64.3,High,3,0,6,1,26,328
REQ-006471,LOC-02,SVC-06,Routine,Client,Referral,2026-06-25,36.8,Medium,3,0,6,1,26,328
REQ-006472,LOC-10,SVC-02,Priority,Client,Portal,2026-06-25,8.0,Low,3,0,6,1,26,328
REQ-006473,LOC-04,SVC-05,Priority,GP / Clinician,Case Manager,2026-06-25,81.8,Critical,3,0,6,1,26,328
REQ-006474,LOC-05,SVC-01,Routine,Family Member,Phone,2026-06-25,39.8,Medium,3,0,6,1,26,328
REQ-006475,LOC-07,SVC-09,Routine,Case Manager,Case Manager,2026-06-25,58.8,High,3,0,6,1,26,328
REQ-006477,LOC-05,SVC-06,Emergency,Case Manager,Phone,2026-06-25,91.8,Critical,3,0,6,1,26,328
REQ-006478,LOC-02,SVC-01,Routine,Client,Phone,2026-06-25,32.6,Medium,3,0,6,1,26,328
REQ-006479,LOC-07,SVC-01,Urgent,Client,Case Manager,2026-06-25,38.5,Medium,3,0,6,1,26,328
REQ-006480,LOC-03,SVC-07,Routine,Client,Portal,2026-06-25,38.8,Medium,3,0,6,1,26,328
REQ-006481,LOC-08,SVC-02,Priority,Family Member,Phone,2026-06-25,48.1,Medium,3,0,6,1,26,328
REQ-006482,LOC-04,SVC-05,Priority,Case Manager,Referral,2026-06-25,32.9,Medium,3,0,6,1,26,328
REQ-006483,LOC-08,SVC-02,Routine,Client,Referral,2026-06-25,37.6,Medium,3,0,6,1,26,328
REQ-006484,LOC-06,SVC-05,Routine,Case Manager,Phone,2026-06-25,62.9,High,3,0,6,1,26,328
REQ-006485,LOC-03,SVC-01,Priority,Client,Phone,2026-06-25,74.6,Critical,3,0,6,1,26,328
REQ-006487,LOC-01,SVC-07,Priority,Family Member,Referral,2026-06-25,36.2,Medium,3,0,6,1,26,328
REQ-006488,LOC-08,SVC-05,Routine,Family Member,Referral,2026-06-25,38.0,Medium,3,0,6,1,26,328
REQ-006489,LOC-10,SVC-08,Priority,Family Member,Portal,2026-06-25,40.0,Medium,3,0,6,1,26,328
REQ-006490,LOC-07,SVC-09,Urgent,Family Member,Portal,2026-06-25,63.6,High,3,0,6,1,26,328
REQ-006491,LOC-08,SVC-09,Urgent,Family Member,Phone,2026-06-25,36.6,Medium,3,0,6,1,26,328
REQ-006492,LOC-10,SVC-02,Emergency,Client,Referral,2026-06-25,41.0,Medium,3,0,6,1,26,328
REQ-006494,LOC-04,SVC-05,Routine,Client,Portal,2026-06-25,15.4,Low,3,0,6,1,26,328
REQ-006495,LOC-10,SVC-01,Routine,Client,Case Manager,2026-06-26,4.2,Low,4,0,6,1,26,329
REQ-006496,LOC-07,SVC-08,Priority,Client,Portal,2026-06-26,9.8,Low,4,0,6,1,26,329
REQ-006497,LOC-07,SVC-09,Routine,Case Manager,Phone,2026-06-26,59.0,High,4,0,6,1,26,329
REQ-006498,LOC-04,SVC-01,Routine,Family Member,Portal,2026-06-26,7.2,Low,4,0,6,1,26,329
REQ-006500,LOC-10,SVC-01,Priority,GP / Clinician,Phone,2026-06-26,6.6,Low,4,0,6,1,26,329
REQ-006501,LOC-06,SVC-04,Routine,Client,Portal,2026-06-26,22.1,Low,4,0,6,1,26,329
REQ-006502,LOC-07,SVC-04,Urgent,Client,Portal,2026-06-26,58.8,High,4,0,6,1,26,329
REQ-006504,LOC-07,SVC-01,Routine,Case Manager,Phone,2026-06-26,61.3,High,4,0,6,1,26,329
REQ-006505,LOC-10,SVC-08,Routine,Client,Portal,2026-06-26,12.7,Low,4,0,6,1,26,329
REQ-006506,LOC-04,SVC-01,Routine,GP / Clinician,Referral,2026-06-26,16.0,Low,4,0,6,1,26,329
REQ-006507,LOC-04,SVC-01,Urgent,Case Manager,Phone,2026-06-26,67.0,High,4,0,6,1,26,329
REQ-006508,LOC-07,SVC-01,Priority,Family Member,Phone,2026-06-26,40.5,Medium,4,0,6,1,26,329
REQ-006510,LOC-03,SVC-02,Priority,Client,Phone,2026-06-26,18.8,Low,4,0,6,1,26,329
REQ-006512,LOC-03,SVC-03,Routine,Family Member,Portal,2026-06-26,8.4,Low,4,0,6,1,26,329
REQ-006513,LOC-10,SVC-04,Emergency,GP / Clinician,Referral,2026-06-26,85.5,Critical,4,0,6,1,26,329
REQ-006514,LOC-04,SVC-04,Priority,Family Member,Case Manager,2026-06-26,30.7,Medium,4,0,6,1,26,329
REQ-006515,LOC-04,SVC-05,Routine,GP / Clinician,Referral,2026-06-26,54.4,High,4,0,6,1,26,329
REQ-006516,LOC-10,SVC-05,Urgent,Client,Portal,2026-06-26,66.0,High,4,0,6,1,26,329
REQ-006518,LOC-09,SVC-06,Routine,Family Member,Phone,2026-06-26,63.1,High,4,0,6,1,26,329
REQ-006520,LOC-06,SVC-01,Routine,Case Manager,Phone,2026-06-27,30.1,Medium,5,1,6,1,26,330
REQ-006521,LOC-06,SVC-03,Priority,Client,Case Manager,2026-06-27,38.7,Medium,5,1,6,1,26,330
REQ-006522,LOC-05,SVC-06,Routine,Family Member,Portal,2026-06-27,33.0,Medium,5,1,6,1,26,330
REQ-006523,LOC-01,SVC-03,Emergency,Case Manager,Phone,2026-06-27,92.4,Critical,5,1,6,1,26,330
REQ-006524,LOC-10,SVC-09,Routine,Family Member,Phone,2026-06-27,47.0,Medium,5,1,6,1,26,330
REQ-006525,LOC-10,SVC-09,Priority,Family Member,Portal,2026-06-27,71.1,High,5,1,6,1,26,330
REQ-006526,LOC-04,SVC-08,Routine,Case Manager,Referral,2026-06-27,34.7,Medium,5,1,6,1,26,330
REQ-006527,LOC-10,SVC-09,Priority,Family Member,Portal,2026-06-27,36.6,Medium,5,1,6,1,26,330
REQ-006528,LOC-03,SVC-08,Priority,GP / Clinician,Referral,2026-06-27,79.6,Critical,5,1,6,1,26,330
REQ-006531,LOC-05,SVC-01,Priority,Client,Portal,2026-06-27,45.4,Medium,5,1,6,1,26,330
REQ-006532,LOC-09,SVC-01,Urgent,Case Manager,Referral,2026-06-27,61.2,High,5,1,6,1,26,330
REQ-006533,LOC-07,SVC-05,Urgent,Case Manager,Referral,2026-06-27,63.4,High,5,1,6,1,26,330
REQ-006534,LOC-06,SVC-05,Routine,Case Manager,Referral,2026-06-28,67.9,High,6,1,6,1,26,331
REQ-006535,LOC-02,SVC-01,Priority,Client,Portal,2026-06-28,41.4,Medium,6,1,6,1,26,331
REQ-006536,LOC-08,SVC-01,Routine,Client,Phone,2026-06-28,15.6,Low,6,1,6,1,26,331
REQ-006537,LOC-09,SVC-09,Urgent,GP / Clinician,Phone,2026-06-28,81.6,Critical,6,1,6,1,26,331
REQ-006538,LOC-06,SVC-02,Routine,Case Manager,Portal,2026-06-28,13.3,Low,6,1,6,1,26,331
REQ-006539,LOC-08,SVC-02,Urgent,Case Manager,Phone,2026-06-28,60.5,High,6,1,6,1,26,331
REQ-006540,LOC-06,SVC-01,Priority,Family Member,Case Manager,2026-06-28,45.2,Medium,6,1,6,1,26,331
REQ-006541,LOC-08,SVC-01,Priority,Client,Portal,2026-06-28,10.8,Low,6,1,6,1,26,331
REQ-006542,LOC-05,SVC-04,Priority,GP / Clinician,Portal,2026-06-28,34.3,Medium,6,1,6,1,26,331
REQ-006543,LOC-01,SVC-09,Priority,Case Manager,Phone,2026-06-28,52.8,High,6,1,6,1,26,331
REQ-006544,LOC-06,SVC-04,Emergency,Client,Phone,2026-06-28,36.2,Medium,6,1,6,1,26,331
REQ-006545,LOC-04,SVC-09,Routine,Family Member,Portal,2026-06-28,14.6,Low,6,1,6,1,26,331
REQ-006546,LOC-03,SVC-05,Urgent,Family Member,Phone,2026-06-28,34.9,Medium,6,1,6,1,26,331
REQ-006547,LOC-10,SVC-09,Priority,Family Member,Portal,2026-06-28,34.6,Medium,6,1,6,1,26,331
REQ-006548,LOC-08,SVC-02,Routine,Client,Phone,2026-06-29,17.0,Low,0,0,6,1,27,332
REQ-006549,LOC-04,SVC-02,Priority,Client,Portal,2026-06-29,32.9,Medium,0,0,6,1,27,332
REQ-006550,LOC-05,SVC-02,Urgent,Client,Phone,2026-06-29,55.6,High,0,0,6,1,27,332
REQ-006551,LOC-04,SVC-02,Urgent,Family Member,Referral,2026-06-29,68.5,High,0,0,6,1,27,332
REQ-006552,LOC-06,SVC-02,Urgent,Case Manager,Case Manager,2026-06-29,89.6,Critical,0,0,6,1,27,332
REQ-006553,LOC-03,SVC-09,Routine,GP / Clinician,Portal,2026-06-29,13.5,Low,0,0,6,1,27,332
REQ-006554,LOC-04,SVC-03,Priority,Family Member,Phone,2026-06-29,64.1,High,0,0,6,1,27,332
REQ-006556,LOC-03,SVC-06,Priority,Family Member,Portal,2026-06-29,11.5,Low,0,0,6,1,27,332
REQ-006557,LOC-08,SVC-05,Priority,Case Manager,Phone,2026-06-29,95.0,Critical,0,0,6,1,27,332
REQ-006558,LOC-09,SVC-05,Priority,GP / Clinician,Case Manager,2026-06-29,30.0,Medium,0,0,6,1,27,332
REQ-006559,LOC-07,SVC-01,Emergency,Case Manager,Phone,2026-06-29,89.0,Critical,0,0,6,1,27,332
REQ-006560,LOC-08,SVC-01,Priority,Case Manager,Referral,2026-06-29,29.3,Medium,0,0,6,1,27,332
REQ-006561,LOC-08,SVC-02,Routine,Client,Phone,2026-06-29,7.2,Low,0,0,6,1,27,332
REQ-006562,LOC-01,SVC-03,Priority,Family Member,Portal,2026-06-29,55.3,High,0,0,6,1,27,332
REQ-006563,LOC-07,SVC-04,Priority,Family Member,Case Manager,2026-06-29,44.8,Medium,0,0,6,1,27,332
REQ-006564,LOC-06,SVC-06,Emergency,GP / Clinician,Referral,2026-06-29,87.4,Critical,0,0,6,1,27,332
REQ-006565,LOC-02,SVC-02,Urgent,Client,Phone,2026-06-29,12.5,Low,0,0,6,1,27,332
REQ-006566,LOC-10,SVC-06,Routine,Case Manager,Portal,2026-06-29,37.1,Medium,0,0,6,1,27,332
REQ-006567,LOC-09,SVC-03,Routine,Family Member,Phone,2026-06-29,16.4,Low,0,0,6,1,27,332
REQ-006568,LOC-01,SVC-01,Priority,Case Manager,Phone,2026-06-29,64.4,High,0,0,6,1,27,332
REQ-006569,LOC-10,SVC-06,Routine,Client,Phone,2026-06-29,31.7,Medium,0,0,6,1,27,332
REQ-006571,LOC-02,SVC-07,Priority,Case Manager,Portal,2026-06-29,33.1,Medium,0,0,6,1,27,332
REQ-006572,LOC-01,SVC-08,Priority,Client,Referral,2026-06-29,77.8,Critical,0,0,6,1,27,332
REQ-006573,LOC-05,SVC-05,Routine,Case Manager,Referral,2026-06-29,42.0,Medium,0,0,6,1,27,332
REQ-006574,LOC-03,SVC-01,Routine,Family Member,Phone,2026-06-29,24.7,Low,0,0,6,1,27,332
REQ-006575,LOC-05,SVC-07,Emergency,Family Member,Phone,2026-06-29,35.2,Medium,0,0,6,1,27,332
REQ-006576,LOC-04,SVC-07,Priority,Client,Case Manager,2026-06-30,83.2,Critical,1,0,6,1,27,333
REQ-006577,LOC-09,SVC-09,Priority,Client,Portal,2026-06-30,16.2,Low,1,0,6,1,27,333
REQ-006578,LOC-03,SVC-08,Routine,Family Member,Referral,2026-06-30,38.9,Medium,1,0,6,1,27,333
REQ-006579,LOC-07,SVC-02,Routine,Client,Portal,2026-06-30,58.1,High,1,0,6,1,27,333
REQ-006580,LOC-06,SVC-05,Routine,Client,Phone,2026-06-30,12.3,Low,1,0,6,1,27,333
REQ-006581,LOC-06,SVC-06,Priority,Family Member,Portal,2026-06-30,14.7,Low,1,0,6,1,27,333
REQ-006582,LOC-02,SVC-05,Routine,Client,Case Manager,2026-06-30,48.9,Medium,1,0,6,1,27,333
REQ-006584,LOC-09,SVC-07,Routine,Client,Portal,2026-06-30,21.1,Low,1,0,6,1,27,333
REQ-006585,LOC-03,SVC-07,Routine,Family Member,Portal,2026-06-30,40.2,Medium,1,0,6,1,27,333
REQ-006587,LOC-09,SVC-04,Priority,Case Manager,Phone,2026-06-30,42.3,Medium,1,0,6,1,27,333
REQ-006588,LOC-02,SVC-03,Urgent,GP / Clinician,Phone,2026-06-30,80.0,Critical,1,0,6,1,27,333
REQ-006589,LOC-02,SVC-08,Priority,Client,Portal,2026-06-30,37.8,Medium,1,0,6,1,27,333
REQ-006591,LOC-03,SVC-06,Urgent,GP / Clinician,Case Manager,2026-06-30,80.2,Critical,1,0,6,1,27,333
REQ-006593,LOC-02,SVC-01,Urgent,Client,Phone,2026-06-30,54.5,High,1,0,6,1,27,333
REQ-006594,LOC-07,SVC-06,Routine,Client,Case Manager,2026-06-30,20.2,Low,1,0,6,1,27,333
REQ-006595,LOC-09,SVC-02,Urgent,Client,Case Manager,2026-06-30,37.5,Medium,1,0,6,1,27,333
REQ-006596,LOC-02,SVC-07,Urgent,Family Member,Phone,2026-06-30,63.6,High,1,0,6,1,27,333
REQ-006597,LOC-08,SVC-04,Routine,Client,Phone,2026-06-30,53.4,High,1,0,6,1,27,333
REQ-006598,LOC-07,SVC-06,Priority,Client,Phone,2026-06-30,65.7,High,1,0,6,1,27,333
REQ-006600,LOC-10,SVC-08,Priority,Client,Portal,2026-06-30,48.5,Medium,1,0,6,1,27,333
REQ-006601,LOC-02,SVC-01,Priority,Client,Portal,2026-06-30,7.6,Low,1,0,6,1,27,333
REQ-006602,LOC-06,SVC-09,Urgent,GP / Clinician,Phone,2026-06-30,50.0,High,1,0,6,1,27,333
REQ-006604,LOC-01,SVC-01,Routine,Case Manager,Portal,2026-06-30,19.6,Low,1,0,6,1,27,333
REQ-006605,LOC-01,SVC-02,Routine,Client,Portal,2026-06-30,16.9,Low,1,0,6,1,27,333
REQ-006606,LOC-01,SVC-04,Routine,Client,Portal,2026-06-30,42.8,Medium,1,0,6,1,27,333
REQ-006607,LOC-03,SVC-09,Urgent,Client,Phone,2026-06-30,36.8,Medium,1,0,6,1,27,333
REQ-006608,LOC-02,SVC-03,Urgent,Family Member,Phone,2026-06-30,57.3,High,1,0,6,1,27,333
REQ-006609,LOC-06,SVC-03,Priority,GP / Clinician,Phone,2026-06-30,45.7,Medium,1,0,6,1,27,333
REQ-006610,LOC-05,SVC-01,Urgent,Client,Phone,2026-06-30,35.8,Medium,1,0,6,1,27,333
REQ-006611,LOC-07,SVC-05,Routine,Client,Phone,2026-07-01,11.4,Low,2,0,7,1,27,334
REQ-006612,LOC-10,SVC-07,Routine,Client,Portal,2026-07-01,20.8,Low,2,0,7,1,27,334
REQ-006614,LOC-08,SVC-04,Emergency,Client,Portal,2026-07-01,61.9,High,2,0,7,1,27,334
REQ-006615,LOC-02,SVC-07,Urgent,Family Member,Referral,2026-07-01,34.4,Medium,2,0,7,1,27,334
REQ-006616,LOC-10,SVC-09,Routine,Client,Portal,2026-07-01,14.0,Low,2,0,7,1,27,334
REQ-006617,LOC-08,SVC-05,Urgent,Case Manager,Referral,2026-07-01,72.9,High,2,0,7,1,27,334
REQ-006618,LOC-09,SVC-09,Urgent,Case Manager,Phone,2026-07-01,43.9,Medium,2,0,7,1,27,334
REQ-006619,LOC-01,SVC-01,Routine,GP / Clinician,Case Manager,2026-07-01,38.9,Medium,2,0,7,1,27,334
REQ-006620,LOC-05,SVC-06,Priority,Client,Portal,2026-07-01,19.1,Medium,2,0,7,1,27,334
REQ-006621,LOC-04,SVC-02,Routine,Family Member,Portal,2026-07-01,13.9,Low,2,0,7,1,27,334
REQ-006623,LOC-10,SVC-02,Priority,Case Manager,Phone,2026-07-01,36.5,Medium,2,0,7,1,27,334
REQ-006624,LOC-09,SVC-02,Priority,Case Manager,Portal,2026-07-01,32.1,Medium,2,0,7,1,27,334
REQ-006625,LOC-04,SVC-07,Priority,Family Member,Portal,2026-07-01,7.3,Low,2,0,7,1,27,334
REQ-006626,LOC-10,SVC-05,Routine,Client,Phone,2026-07-01,4.5,Low,2,0,7,1,27,334
REQ-006627,LOC-07,SVC-06,Routine,Case Manager,Portal,2026-07-01,3.6,Low,2,0,7,1,27,334
REQ-006629,LOC-02,SVC-02,Priority,Case Manager,Phone,2026-07-01,91.4,Critical,2,0,7,1,27,334
REQ-006631,LOC-09,SVC-01,Routine,Client,Portal,2026-07-01,32.3,Medium,2,0,7,1,27,334
REQ-006633,LOC-02,SVC-03,Routine,Client,Referral,2026-07-01,12.0,Low,2,0,7,1,27,334
REQ-006634,LOC-06,SVC-02,Routine,Client,Portal,2026-07-01,31.0,Medium,2,0,7,1,27,334
REQ-006636,LOC-06,SVC-01,Routine,Case Manager,Case Manager,2026-07-01,16.5,Low,2,0,7,1,27,334
REQ-006637,LOC-03,SVC-07,Urgent,Case Manager,Case Manager,2026-07-01,98.9,Critical,2,0,7,1,27,334
REQ-006638,LOC-01,SVC-04,Urgent,GP / Clinician,Referral,2026-07-02,83.9,Critical,3,0,7,1,27,335
REQ-006639,LOC-03,SVC-01,Routine,Family Member,Portal,2026-07-02,40.1,Medium,3,0,7,1,27,335
REQ-006640,LOC-08,SVC-04,Urgent,Family Member,Phone,2026-07-02,46.8,Medium,3,0,7,1,27,335
REQ-006641,LOC-07,SVC-01,Priority,Family Member,Phone,2026-07-02,83.1,Critical,3,0,7,1,27,335
REQ-006642,LOC-07,SVC-05,Routine,Client,Portal,2026-07-02,40.3,Medium,3,0,7,1,27,335
REQ-006643,LOC-10,SVC-02,Priority,GP / Clinician,Phone,2026-07-02,17.2,Low,3,0,7,1,27,335
REQ-006644,LOC-04,SVC-06,Urgent,Family Member,Phone,2026-07-02,88.3,Critical,3,0,7,1,27,335
REQ-006645,LOC-07,SVC-07,Routine,Client,Portal,2026-07-02,6.9,Low,3,0,7,1,27,335
REQ-006646,LOC-06,SVC-05,Routine,Client,Referral,2026-07-02,17.9,Low,3,0,7,1,27,335
REQ-006647,LOC-10,SVC-04,Priority,Client,Phone,2026-07-02,13.4,Low,3,0,7,1,27,335
REQ-006648,LOC-08,SVC-01,Routine,Client,Portal,2026-07-02,74.6,High,3,0,7,1,27,335
REQ-006649,LOC-05,SVC-01,Routine,Client,Phone,2026-07-02,38.4,Medium,3,0,7,1,27,335
REQ-006650,LOC-07,SVC-02,Emergency,Family Member,Portal,2026-07-02,17.3,Low,3,0,7,1,27,335
REQ-006651,LOC-02,SVC-05,Urgent,Case Manager,Phone,2026-07-02,42.5,Medium,3,0,7,1,27,335
REQ-006653,LOC-10,SVC-05,Priority,Client,Portal,2026-07-02,18.3,Low,3,0,7,1,27,335
REQ-006654,LOC-07,SVC-05,Routine,Case Manager,Portal,2026-07-02,64.6,High,3,0,7,1,27,335
REQ-006655,LOC-04,SVC-01,Priority,GP / Clinician,Portal,2026-07-02,86.7,Critical,3,0,7,1,27,335
REQ-006657,LOC-04,SVC-01,Urgent,Client,Phone,2026-07-02,85.4,Critical,3,0,7,1,27,335
REQ-006658,LOC-07,SVC-05,Priority,Family Member,Phone,2026-07-02,1.0,Low,3,0,7,1,27,335
REQ-006659,LOC-07,SVC-01,Priority,Client,Portal,2026-07-02,10.8,Low,3,0,7,1,27,335
REQ-006660,LOC-10,SVC-04,Routine,Client,Phone,2026-07-02,15.6,Low,3,0,7,1,27,335
REQ-006661,LOC-05,SVC-05,Routine,GP / Clinician,Portal,2026-07-02,33.2,Medium,3,0,7,1,27,335
REQ-006662,LOC-09,SVC-01,Priority,Client,Phone,2026-07-02,14.7,Low,3,0,7,1,27,335
REQ-006663,LOC-10,SVC-03,Routine,Client,Portal,2026-07-02,19.0,Low,3,0,7,1,27,335
REQ-006664,LOC-07,SVC-01,Routine,Family Member,Portal,2026-07-02,31.0,Medium,3,0,7,1,27,335
REQ-006665,LOC-03,SVC-01,Priority,Case Manager,Portal,2026-07-02,2.9,Low,3,0,7,1,27,335
REQ-006666,LOC-10,SVC-01,Priority,Family Member,Portal,2026-07-02,36.8,Medium,3,0,7,1,27,335
REQ-006667,LOC-08,SVC-03,Routine,Client,Phone,2026-07-03,37.9,Medium,4,0,7,1,27,336
REQ-006668,LOC-04,SVC-06,Routine,Client,Phone,2026-07-03,18.9,Low,4,0,7,1,27,336
REQ-006669,LOC-05,SVC-02,Routine,Client,Phone,2026-07-03,40.4,Medium,4,0,7,1,27,336
REQ-006670,LOC-01,SVC-05,Urgent,Family Member,Phone,2026-07-03,11.9,Low,4,0,7,1,27,336
REQ-006671,LOC-06,SVC-08,Priority,Client,Portal,2026-07-03,54.3,Medium,4,0,7,1,27,336
REQ-006672,LOC-05,SVC-01,Routine,Client,Portal,2026-07-03,14.1,Low,4,0,7,1,27,336
REQ-006673,LOC-09,SVC-06,Priority,Client,Portal,2026-07-03,35.1,Medium,4,0,7,1,27,336
REQ-006674,LOC-04,SVC-02,Priority,Case Manager,Referral,2026-07-03,57.7,High,4,0,7,1,27,336
REQ-006675,LOC-03,SVC-05,Urgent,Case Manager,Phone,2026-07-03,38.1,Medium,4,0,7,1,27,336
REQ-006678,LOC-07,SVC-01,Priority,Client,Referral,2026-07-03,43.8,Medium,4,0,7,1,27,336
REQ-006680,LOC-06,SVC-01,Urgent,Case Manager,Referral,2026-07-03,60.8,High,4,0,7,1,27,336
REQ-006681,LOC-10,SVC-08,Routine,Client,Case Manager,2026-07-03,15.2,Low,4,0,7,1,27,336
REQ-006682,LOC-03,SVC-05,Routine,Case Manager,Referral,2026-07-03,18.0,Low,4,0,7,1,27,336
REQ-006683,LOC-10,SVC-06,Urgent,Case Manager,Phone,2026-07-03,77.9,Critical,4,0,7,1,27,336
REQ-006684,LOC-10,SVC-02,Routine,Family Member,Portal,2026-07-03,13.0,Low,4,0,7,1,27,336
REQ-006685,LOC-01,SVC-06,Priority,Client,Phone,2026-07-03,31.5,Medium,4,0,7,1,27,336
REQ-006686,LOC-09,SVC-05,Urgent,Case Manager,Case Manager,2026-07-03,57.5,High,4,0,7,1,27,336
REQ-006687,LOC-05,SVC-02,Priority,Family Member,Phone,2026-07-03,67.5,High,4,0,7,1,27,336
REQ-006688,LOC-10,SVC-01,Routine,Family Member,Portal,2026-07-03,13.1,Low,4,0,7,1,27,336
REQ-006689,LOC-09,SVC-05,Urgent,Client,Referral,2026-07-03,20.6,Low,4,0,7,1,27,336
REQ-006690,LOC-01,SVC-07,Priority,Client,Phone,2026-07-03,33.0,Medium,4,0,7,1,27,336
REQ-006691,LOC-04,SVC-06,Routine,Client,Phone,2026-07-03,54.1,High,4,0,7,1,27,336
REQ-006692,LOC-02,SVC-01,Routine,Family Member,Phone,2026-07-03,45.4,Medium,4,0,7,1,27,336
REQ-006694,LOC-10,SVC-05,Routine,Client,Referral,2026-07-03,21.7,Low,4,0,7,1,27,336
REQ-006695,LOC-06,SVC-06,Routine,Client,Phone,2026-07-03,35.0,Medium,4,0,7,1,27,336
REQ-006696,LOC-08,SVC-07,Routine,Client,Phone,2026-07-03,57.6,Medium,4,0,7,1,27,336
REQ-006697,LOC-09,SVC-02,Priority,GP / Clinician,Phone,2026-07-03,37.3,Medium,4,0,7,1,27,336
REQ-006698,LOC-09,SVC-05,Routine,Client,Phone,2026-07-03,8.0,Low,4,0,7,1,27,336
REQ-006700,LOC-10,SVC-01,Routine,Case Manager,Phone,2026-07-03,34.1,Medium,4,0,7,1,27,336
REQ-006701,LOC-01,SVC-06,Routine,Client,Phone,2026-07-04,52.0,High,5,1,7,1,27,337
REQ-006702,LOC-09,SVC-09,Priority,Client,Referral,2026-07-04,42.6,Medium,5,1,7,1,27,337
REQ-006703,LOC-02,SVC-01,Priority,Family Member,Phone,2026-07-04,60.9,High,5,1,7,1,27,337
REQ-006705,LOC-02,SVC-01,Urgent,GP / Clinician,Referral,2026-07-04,84.1,Critical,5,1,7,1,27,337
REQ-006706,LOC-09,SVC-03,Routine,Case Manager,Phone,2026-07-04,11.3,Low,5,1,7,1,27,337
REQ-006707,LOC-02,SVC-05,Urgent,Case Manager,Case Manager,2026-07-04,85.2,Critical,5,1,7,1,27,337
REQ-006708,LOC-08,SVC-03,Routine,Family Member,Phone,2026-07-04,39.4,Medium,5,1,7,1,27,337
REQ-006710,LOC-05,SVC-05,Routine,Client,Phone,2026-07-04,15.3,Low,5,1,7,1,27,337
REQ-006711,LOC-10,SVC-04,Urgent,Client,Referral,2026-07-04,38.7,Medium,5,1,7,1,27,337
REQ-006712,LOC-03,SVC-01,Urgent,Client,Phone,2026-07-05,46.6,Medium,6,1,7,1,27,338
REQ-006713,LOC-04,SVC-01,Routine,Client,Phone,2026-07-05,73.7,High,6,1,7,1,27,338
REQ-006714,LOC-03,SVC-06,Priority,Family Member,Portal,2026-07-05,41.4,Medium,6,1,7,1,27,338
REQ-006716,LOC-03,SVC-03,Routine,Case Manager,Portal,2026-07-05,15.9,Low,6,1,7,1,27,338
REQ-006717,LOC-08,SVC-08,Priority,Client,Phone,2026-07-05,36.9,Medium,6,1,7,1,27,338
REQ-006718,LOC-03,SVC-05,Routine,Family Member,Phone,2026-07-05,11.6,Low,6,1,7,1,27,338
REQ-006719,LOC-10,SVC-07,Urgent,Family Member,Case Manager,2026-07-05,88.8,Critical,6,1,7,1,27,338
REQ-006721,LOC-07,SVC-07,Routine,Case Manager,Case Manager,2026-07-05,45.7,Medium,6,1,7,1,27,338
REQ-006722,LOC-01,SVC-08,Routine,Family Member,Portal,2026-07-05,7.3,Low,6,1,7,1,27,338
REQ-006723,LOC-04,SVC-02,Routine,Client,Phone,2026-07-05,22.2,Low,6,1,7,1,27,338
REQ-006724,LOC-06,SVC-04,Priority,Family Member,Portal,2026-07-05,35.7,Medium,6,1,7,1,27,338
REQ-006726,LOC-07,SVC-01,Urgent,Family Member,Phone,2026-07-05,33.5,Medium,6,1,7,1,27,338
REQ-006727,LOC-06,SVC-01,Routine,Family Member,Phone,2026-07-05,60.9,High,6,1,7,1,27,338
REQ-006728,LOC-10,SVC-03,Routine,GP / Clinician,Phone,2026-07-06,15.4,Low,0,0,7,1,28,339
REQ-006729,LOC-07,SVC-03,Routine,Case Manager,Phone,2026-07-06,35.4,Medium,0,0,7,1,28,339
REQ-006731,LOC-05,SVC-08,Priority,Client,Case Manager,2026-07-06,39.4,Medium,0,0,7,1,28,339
REQ-006732,LOC-08,SVC-01,Priority,Case Manager,Phone,2026-07-06,36.3,Medium,0,0,7,1,28,339
REQ-006733,LOC-09,SVC-02,Emergency,GP / Clinician,Phone,2026-07-06,65.5,High,0,0,7,1,28,339
REQ-006734,LOC-04,SVC-06,Urgent,Family Member,Case Manager,2026-07-06,70.0,High,0,0,7,1,28,339
REQ-006735,LOC-02,SVC-03,Priority,Family Member,Phone,2026-07-06,87.6,Critical,0,0,7,1,28,339
REQ-006736,LOC-07,SVC-05,Priority,Client,Referral,2026-07-06,37.0,Medium,0,0,7,1,28,339
REQ-006737,LOC-08,SVC-01,Routine,Client,Phone,2026-07-06,7.3,Low,0,0,7,1,28,339
REQ-006738,LOC-01,SVC-06,Routine,Family Member,Case Manager,2026-07-06,10.0,Low,0,0,7,1,28,339
REQ-006739,LOC-09,SVC-03,Priority,Family Member,Phone,2026-07-06,65.8,High,0,0,7,1,28,339
REQ-006740,LOC-02,SVC-04,Routine,Family Member,Referral,2026-07-06,39.3,Medium,0,0,7,1,28,339
REQ-006741,LOC-10,SVC-03,Priority,Family Member,Portal,2026-07-06,64.3,High,0,0,7,1,28,339
REQ-006743,LOC-05,SVC-02,Urgent,Client,Portal,2026-07-06,32.0,Medium,0,0,7,1,28,339
REQ-006744,LOC-02,SVC-08,Urgent,Case Manager,Referral,2026-07-06,91.2,Critical,0,0,7,1,28,339
REQ-006745,LOC-05,SVC-02,Routine,Family Member,Portal,2026-07-06,65.3,High,0,0,7,1,28,339
REQ-006746,LOC-09,SVC-05,Routine,Family Member,Portal,2026-07-06,39.7,Medium,0,0,7,1,28,339
REQ-006747,LOC-05,SVC-05,Emergency,Client,Referral,2026-07-06,39.2,Medium,0,0,7,1,28,339
REQ-006748,LOC-08,SVC-02,Priority,Client,Portal,2026-07-06,50.2,Medium,0,0,7,1,28,339
REQ-006749,LOC-03,SVC-05,Routine,Client,Portal,2026-07-06,43.9,Medium,0,0,7,1,28,339
REQ-006750,LOC-02,SVC-01,Urgent,GP / Clinician,Phone,2026-07-06,38.4,Medium,0,0,7,1,28,339
REQ-006751,LOC-04,SVC-04,Emergency,GP / Clinician,Referral,2026-07-06,78.3,Critical,0,0,7,1,28,339
REQ-006752,LOC-09,SVC-07,Routine,Case Manager,Phone,2026-07-06,48.7,Medium,0,0,7,1,28,339
REQ-006753,LOC-07,SVC-04,Routine,Client,Phone,2026-07-06,12.6,Low,0,0,7,1,28,339
REQ-006754,LOC-09,SVC-06,Priority,Case Manager,Portal,2026-07-06,26.2,Medium,0,0,7,1,28,339
REQ-006755,LOC-04,SVC-01,Urgent,GP / Clinician,Phone,2026-07-06,65.2,High,0,0,7,1,28,339
REQ-006756,LOC-05,SVC-05,Routine,Family Member,Portal,2026-07-07,17.9,Low,1,0,7,1,28,340
REQ-006757,LOC-09,SVC-03,Urgent,GP / Clinician,Portal,2026-07-07,26.4,Medium,1,0,7,1,28,340
REQ-006758,LOC-07,SVC-08,Routine,Client,Portal,2026-07-07,12.3,Low,1,0,7,1,28,340
REQ-006759,LOC-10,SVC-02,Priority,Family Member,Portal,2026-07-07,16.1,Low,1,0,7,1,28,340
REQ-006762,LOC-07,SVC-09,Priority,Family Member,Portal,2026-07-07,20.8,Low,1,0,7,1,28,340
REQ-006763,LOC-07,SVC-07,Priority,Client,Portal,2026-07-07,37.8,Medium,1,0,7,1,28,340
REQ-006764,LOC-01,SVC-04,Priority,Family Member,Phone,2026-07-07,3.2,Low,1,0,7,1,28,340
REQ-006765,LOC-07,SVC-05,Urgent,Client,Portal,2026-07-07,47.3,Medium,1,0,7,1,28,340
REQ-006766,LOC-06,SVC-06,Emergency,Family Member,Phone,2026-07-07,65.9,High,1,0,7,1,28,340
REQ-006767,LOC-07,SVC-07,Priority,Case Manager,Portal,2026-07-07,35.9,Medium,1,0,7,1,28,340
REQ-006768,LOC-03,SVC-08,Routine,Family Member,Portal,2026-07-07,30.4,Medium,1,0,7,1,28,340
REQ-006769,LOC-04,SVC-01,Urgent,Client,Phone,2026-07-07,16.3,Low,1,0,7,1,28,340
REQ-006771,LOC-06,SVC-05,Priority,Case Manager,Referral,2026-07-07,34.3,Medium,1,0,7,1,28,340
REQ-006772,LOC-06,SVC-06,Routine,Client,Phone,2026-07-07,15.3,Low,1,0,7,1,28,340
REQ-006775,LOC-02,SVC-05,Priority,Case Manager,Case Manager,2026-07-07,30.1,Medium,1,0,7,1,28,340
REQ-006776,LOC-07,SVC-05,Priority,Client,Phone,2026-07-07,37.8,Medium,1,0,7,1,28,340
REQ-006777,LOC-01,SVC-09,Priority,Client,Phone,2026-07-07,18.0,Low,1,0,7,1,28,340
REQ-006778,LOC-09,SVC-05,Routine,Client,Referral,2026-07-07,1.4,Low,1,0,7,1,28,340
REQ-006779,LOC-01,SVC-09,Priority,Family Member,Referral,2026-07-07,22.7,Low,1,0,7,1,28,340
REQ-006780,LOC-03,SVC-07,Priority,Client,Referral,2026-07-07,27.2,Medium,1,0,7,1,28,340
REQ-006781,LOC-06,SVC-05,Routine,Client,Phone,2026-07-07,28.9,Low,1,0,7,1,28,340
REQ-006782,LOC-05,SVC-03,Priority,Case Manager,Phone,2026-07-07,34.8,Medium,1,0,7,1,28,340
REQ-006783,LOC-03,SVC-09,Routine,Client,Portal,2026-07-07,18.9,Low,1,0,7,1,28,340
REQ-006784,LOC-03,SVC-06,Priority,Family Member,Case Manager,2026-07-07,34.4,Medium,1,0,7,1,28,340
REQ-006785,LOC-10,SVC-07,Routine,Client,Portal,2026-07-07,16.8,Low,1,0,7,1,28,340
REQ-006786,LOC-05,SVC-02,Priority,Client,Referral,2026-07-08,64.1,High,2,0,7,1,28,341
REQ-006787,LOC-03,SVC-05,Routine,Client,Phone,2026-07-08,18.8,Low,2,0,7,1,28,341
REQ-006789,LOC-10,SVC-05,Routine,Client,Portal,2026-07-08,3.9,Low,2,0,7,1,28,341
REQ-006791,LOC-06,SVC-01,Priority,Case Manager,Referral,2026-07-08,45.2,Medium,2,0,7,1,28,341
REQ-006792,LOC-02,SVC-04,Urgent,Case Manager,Case Manager,2026-07-08,71.2,High,2,0,7,1,28,341
REQ-006793,LOC-01,SVC-01,Priority,Case Manager,Referral,2026-07-08,29.5,Medium,2,0,7,1,28,341
REQ-006794,LOC-06,SVC-02,Routine,GP / Clinician,Phone,2026-07-08,13.3,Low,2,0,7,1,28,341
REQ-006795,LOC-07,SVC-06,Urgent,Client,Referral,2026-07-08,87.9,Critical,2,0,7,1,28,341
REQ-006796,LOC-01,SVC-05,Routine,Client,Portal,2026-07-08,50.2,Medium,2,0,7,1,28,341
REQ-006797,LOC-09,SVC-07,Urgent,Client,Portal,2026-07-08,68.1,High,2,0,7,1,28,341
REQ-006798,LOC-06,SVC-03,Routine,Client,Portal,2026-07-08,16.8,Low,2,0,7,1,28,341
REQ-006799,LOC-06,SVC-05,Routine,Client,Phone,2026-07-08,11.7,Low,2,0,7,1,28,341
REQ-006800,LOC-10,SVC-01,Priority,Case Manager,Portal,2026-07-08,61.8,High,2,0,7,1,28,341
REQ-006801,LOC-06,SVC-07,Routine,Client,Referral,2026-07-08,20.1,Low,2,0,7,1,28,341
REQ-006802,LOC-06,SVC-04,Priority,Client,Phone,2026-07-08,10.3,Low,2,0,7,1,28,341
REQ-006803,LOC-07,SVC-03,Routine,GP / Clinician,Referral,2026-07-08,85.0,Critical,2,0,7,1,28,341
REQ-006804,LOC-03,SVC-01,Priority,Client,Portal,2026-07-08,64.0,High,2,0,7,1,28,341
REQ-006805,LOC-07,SVC-09,Routine,Client,Case Manager,2026-07-08,23.0,Medium,2,0,7,1,28,341
REQ-006806,LOC-09,SVC-05,Routine,Case Manager,Phone,2026-07-08,35.4,Medium,2,0,7,1,28,341
REQ-006807,LOC-01,SVC-01,Routine,Client,Referral,2026-07-08,30.9,Medium,2,0,7,1,28,341
REQ-006808,LOC-03,SVC-04,Routine,Client,Portal,2026-07-08,15.4,Low,2,0,7,1,28,341
REQ-006809,LOC-10,SVC-02,Urgent,Client,Phone,2026-07-08,9.9,Low,2,0,7,1,28,341
REQ-006810,LOC-03,SVC-01,Priority,Client,Case Manager,2026-07-08,36.4,Medium,2,0,7,1,28,341
REQ-006811,LOC-04,SVC-02,Priority,Client,Referral,2026-07-08,92.3,Critical,2,0,7,1,28,341
REQ-006812,LOC-03,SVC-03,Priority,Client,Portal,2026-07-09,18.9,Low,3,0,7,1,28,342
REQ-006813,LOC-03,SVC-01,Urgent,Case Manager,Phone,2026-07-09,71.5,High,3,0,7,1,28,342
REQ-006814,LOC-07,SVC-01,Priority,Case Manager,Phone,2026-07-09,92.7,Critical,3,0,7,1,28,342
REQ-006815,LOC-04,SVC-02,Urgent,Case Manager,Phone,2026-07-09,34.0,Medium,3,0,7,1,28,342
REQ-006816,LOC-03,SVC-01,Urgent,GP / Clinician,Referral,2026-07-09,81.7,Critical,3,0,7,1,28,342
REQ-006817,LOC-06,SVC-01,Priority,Client,Phone,2026-07-09,42.4,Medium,3,0,7,1,28,342
REQ-006818,LOC-08,SVC-02,Routine,Client,Case Manager,2026-07-09,16.7,Low,3,0,7,1,28,342
REQ-006819,LOC-07,SVC-02,Urgent,Client,Portal,2026-07-09,35.4,Medium,3,0,7,1,28,342
REQ-006820,LOC-10,SVC-06,Urgent,Client,Phone,2026-07-09,31.1,Medium,3,0,7,1,28,342
REQ-006821,LOC-07,SVC-08,Routine,GP / Clinician,Phone,2026-07-09,65.6,High,3,0,7,1,28,342
REQ-006822,LOC-05,SVC-06,Priority,Client,Case Manager,2026-07-09,31.0,Medium,3,0,7,1,28,342
REQ-006823,LOC-07,SVC-01,Routine,Family Member,Phone,2026-07-09,15.3,Low,3,0,7,1,28,342
REQ-006824,LOC-01,SVC-07,Routine,Case Manager,Portal,2026-07-09,40.6,Medium,3,0,7,1,28,342
REQ-006827,LOC-05,SVC-08,Routine,Family Member,Phone,2026-07-09,44.4,Medium,3,0,7,1,28,342
REQ-006829,LOC-06,SVC-09,Routine,Family Member,Portal,2026-07-09,37.1,Medium,3,0,7,1,28,342
REQ-006830,LOC-01,SVC-07,Routine,GP / Clinician,Phone,2026-07-09,27.6,Medium,3,0,7,1,28,342
REQ-006831,LOC-05,SVC-06,Routine,Family Member,Phone,2026-07-09,15.3,Low,3,0,7,1,28,342
REQ-006832,LOC-08,SVC-09,Priority,Family Member,Referral,2026-07-09,39.1,Medium,3,0,7,1,28,342
REQ-006833,LOC-10,SVC-04,Emergency,Family Member,Phone,2026-07-09,78.0,High,3,0,7,1,28,342
REQ-006834,LOC-01,SVC-03,Routine,Client,Case Manager,2026-07-09,12.4,Low,3,0,7,1,28,342
REQ-006836,LOC-06,SVC-05,Priority,Family Member,Phone,2026-07-09,60.8,High,3,0,7,1,28,342
REQ-006837,LOC-07,SVC-03,Priority,Family Member,Case Manager,2026-07-09,63.0,High,3,0,7,1,28,342
REQ-006838,LOC-01,SVC-01,Routine,Client,Phone,2026-07-09,22.2,Low,3,0,7,1,28,342
REQ-006840,LOC-02,SVC-04,Routine,Client,Phone,2026-07-09,16.1,Low,3,0,7,1,28,342
REQ-006842,LOC-07,SVC-05,Routine,GP / Clinician,Portal,2026-07-10,14.2,Low,4,0,7,1,28,343
REQ-006843,LOC-02,SVC-05,Routine,GP / Clinician,Portal,2026-07-10,34.8,Medium,4,0,7,1,28,343
REQ-006844,LOC-05,SVC-01,Routine,Family Member,Phone,2026-07-10,38.8,Medium,4,0,7,1,28,343
REQ-006846,LOC-09,SVC-08,Routine,Case Manager,Case Manager,2026-07-10,37.3,Medium,4,0,7,1,28,343
REQ-006847,LOC-02,SVC-06,Emergency,Family Member,Case Manager,2026-07-10,57.9,High,4,0,7,1,28,343
REQ-006848,LOC-03,SVC-02,Urgent,Client,Referral,2026-07-10,29.8,Medium,4,0,7,1,28,343
REQ-006849,LOC-10,SVC-09,Routine,Family Member,Case Manager,2026-07-10,14.6,Low,4,0,7,1,28,343
REQ-006852,LOC-01,SVC-03,Routine,Family Member,Portal,2026-07-10,40.7,Medium,4,0,7,1,28,343
REQ-006854,LOC-01,SVC-01,Routine,Case Manager,Referral,2026-07-10,35.7,Medium,4,0,7,1,28,343
REQ-006855,LOC-08,SVC-01,Emergency,Client,Phone,2026-07-10,70.2,High,4,0,7,1,28,343
REQ-006856,LOC-06,SVC-08,Priority,Case Manager,Phone,2026-07-10,65.1,High,4,0,7,1,28,343
REQ-006857,LOC-02,SVC-01,Priority,Client,Phone,2026-07-10,66.8,High,4,0,7,1,28,343
REQ-006858,LOC-05,SVC-04,Urgent,Client,Portal,2026-07-10,40.7,Medium,4,0,7,1,28,343
REQ-006859,LOC-02,SVC-08,Routine,Client,Phone,2026-07-10,40.9,Medium,4,0,7,1,28,343
REQ-006860,LOC-10,SVC-01,Routine,Client,Phone,2026-07-10,31.4,Medium,4,0,7,1,28,343
REQ-006861,LOC-04,SVC-03,Priority,Client,Phone,2026-07-10,14.3,Low,4,0,7,1,28,343
REQ-006862,LOC-05,SVC-02,Routine,Family Member,Phone,2026-07-10,35.0,Medium,4,0,7,1,28,343
REQ-006863,LOC-07,SVC-05,Priority,Client,Phone,2026-07-10,14.6,Low,4,0,7,1,28,343
REQ-006864,LOC-03,SVC-03,Urgent,Case Manager,Phone,2026-07-10,85.7,Critical,4,0,7,1,28,343
REQ-006865,LOC-08,SVC-09,Routine,Family Member,Portal,2026-07-10,40.2,Medium,4,0,7,1,28,343
REQ-006866,LOC-06,SVC-06,Priority,Family Member,Referral,2026-07-10,28.9,Medium,4,0,7,1,28,343
REQ-006867,LOC-02,SVC-06,Routine,Client,Phone,2026-07-10,39.7,Medium,4,0,7,1,28,343
REQ-006868,LOC-03,SVC-05,Urgent,Family Member,Portal,2026-07-10,87.2,Critical,4,0,7,1,28,343
REQ-006869,LOC-05,SVC-06,Routine,Client,Referral,2026-07-10,44.1,Medium,4,0,7,1,28,343
REQ-006871,LOC-08,SVC-05,Urgent,Client,Referral,2026-07-10,36.2,Medium,4,0,7,1,28,343
REQ-006872,LOC-04,SVC-02,Emergency,Case Manager,Phone,2026-07-10,82.1,Critical,4,0,7,1,28,343
REQ-006873,LOC-04,SVC-06,Routine,Family Member,Referral,2026-07-10,36.7,Medium,4,0,7,1,28,343
REQ-006874,LOC-01,SVC-01,Urgent,Family Member,Case Manager,2026-07-11,70.6,High,5,1,7,1,28,344
REQ-006875,LOC-06,SVC-02,Urgent,Case Manager,Phone,2026-07-11,86.3,Critical,5,1,7,1,28,344
REQ-006876,LOC-07,SVC-06,Priority,Client,Portal,2026-07-11,38.9,Medium,5,1,7,1,28,344
REQ-006877,LOC-10,SVC-09,Urgent,Client,Phone,2026-07-11,77.2,Critical,5,1,7,1,28,344
REQ-006878,LOC-08,SVC-01,Priority,Client,Phone,2026-07-11,17.2,Low,5,1,7,1,28,344
REQ-006879,LOC-06,SVC-01,Routine,Case Manager,Portal,2026-07-11,9.3,Low,5,1,7,1,28,344
REQ-006880,LOC-02,SVC-07,Priority,Case Manager,Phone,2026-07-11,64.8,High,5,1,7,1,28,344
REQ-006881,LOC-08,SVC-04,Routine,Client,Portal,2026-07-11,18.4,Low,5,1,7,1,28,344
REQ-006882,LOC-10,SVC-03,Routine,Client,Referral,2026-07-11,10.0,Low,5,1,7,1,28,344
REQ-006883,LOC-02,SVC-03,Routine,Client,Portal,2026-07-11,10.4,Low,5,1,7,1,28,344
REQ-006884,LOC-06,SVC-08,Routine,Client,Portal,2026-07-11,14.9,Low,5,1,7,1,28,344
REQ-006885,LOC-10,SVC-01,Routine,Family Member,Portal,2026-07-11,15.3,Low,5,1,7,1,28,344
REQ-006886,LOC-06,SVC-02,Routine,Client,Referral,2026-07-11,35.2,Medium,5,1,7,1,28,344
REQ-006887,LOC-01,SVC-02,Priority,Client,Referral,2026-07-11,6.8,Low,5,1,7,1,28,344
REQ-006888,LOC-01,SVC-01,Emergency,Family Member,Referral,2026-07-11,68.5,High,5,1,7,1,28,344
REQ-006889,LOC-04,SVC-05,Routine,Family Member,Phone,2026-07-11,58.9,High,5,1,7,1,28,344
REQ-006890,LOC-01,SVC-05,Urgent,Family Member,Phone,2026-07-11,55.0,High,5,1,7,1,28,344
REQ-006891,LOC-09,SVC-01,Priority,Client,Phone,2026-07-12,37.4,Medium,6,1,7,1,28,345
REQ-006892,LOC-07,SVC-05,Routine,Client,Portal,2026-07-12,18.6,Low,6,1,7,1,28,345
REQ-006893,LOC-06,SVC-02,Routine,Case Manager,Phone,2026-07-12,8.4,Low,6,1,7,1,28,345
REQ-006894,LOC-07,SVC-06,Urgent,Case Manager,Phone,2026-07-12,51.7,High,6,1,7,1,28,345
REQ-006895,LOC-07,SVC-07,Priority,Family Member,Portal,2026-07-12,23.8,Low,6,1,7,1,28,345
REQ-006896,LOC-10,SVC-05,Routine,Client,Portal,2026-07-12,13.3,Low,6,1,7,1,28,345
REQ-006897,LOC-07,SVC-03,Routine,Client,Referral,2026-07-12,35.4,Medium,6,1,7,1,28,345
REQ-006898,LOC-03,SVC-01,Emergency,Case Manager,Portal,2026-07-12,78.7,Critical,6,1,7,1,28,345
REQ-006899,LOC-06,SVC-02,Priority,Case Manager,Case Manager,2026-07-12,72.2,High,6,1,7,1,28,345
REQ-006901,LOC-07,SVC-04,Routine,Family Member,Phone,2026-07-12,21.2,Low,6,1,7,1,28,345
REQ-006902,LOC-02,SVC-06,Priority,Client,Portal,2026-07-12,22.5,Low,6,1,7,1,28,345
REQ-006903,LOC-03,SVC-05,Routine,Family Member,Portal,2026-07-12,18.6,Low,6,1,7,1,28,345
REQ-006904,LOC-05,SVC-02,Routine,GP / Clinician,Referral,2026-07-12,40.8,Medium,6,1,7,1,28,345
REQ-006905,LOC-09,SVC-07,Priority,Client,Portal,2026-07-12,29.6,Medium,6,1,7,1,28,345
REQ-006906,LOC-06,SVC-03,Routine,Client,Phone,2026-07-13,8.7,Low,0,0,7,1,29,346
REQ-006907,LOC-09,SVC-02,Urgent,Family Member,Phone,2026-07-13,38.9,Medium,0,0,7,1,29,346
REQ-006908,LOC-07,SVC-02,Routine,Case Manager,Case Manager,2026-07-13,41.3,Medium,0,0,7,1,29,346
REQ-006909,LOC-07,SVC-01,Urgent,GP / Clinician,Phone,2026-07-13,61.9,High,0,0,7,1,29,346
REQ-006910,LOC-10,SVC-01,Routine,Family Member,Portal,2026-07-13,7.7,Low,0,0,7,1,29,346
REQ-006911,LOC-09,SVC-02,Priority,Family Member,Case Manager,2026-07-13,30.0,Medium,0,0,7,1,29,346
REQ-006912,LOC-04,SVC-04,Priority,Family Member,Phone,2026-07-13,39.6,Medium,0,0,7,1,29,346
REQ-006913,LOC-01,SVC-02,Urgent,Family Member,Referral,2026-07-13,43.7,Medium,0,0,7,1,29,346
REQ-006914,LOC-02,SVC-07,Urgent,Client,Phone,2026-07-13,61.5,High,0,0,7,1,29,346
REQ-006916,LOC-01,SVC-07,Priority,Family Member,Phone,2026-07-13,20.0,Low,0,0,7,1,29,346
REQ-006917,LOC-07,SVC-03,Priority,Family Member,Case Manager,2026-07-13,39.5,Medium,0,0,7,1,29,346
REQ-006918,LOC-03,SVC-02,Routine,Client,Phone,2026-07-13,34.8,Medium,0,0,7,1,29,346
REQ-006919,LOC-08,SVC-01,Priority,Client,Phone,2026-07-13,14.8,Low,0,0,7,1,29,346
REQ-006920,LOC-10,SVC-02,Routine,Case Manager,Portal,2026-07-13,32.1,Medium,0,0,7,1,29,346
REQ-006921,LOC-10,SVC-01,Priority,Client,Phone,2026-07-13,17.2,Low,0,0,7,1,29,346
REQ-006922,LOC-04,SVC-08,Routine,Family Member,Case Manager,2026-07-13,61.7,High,0,0,7,1,29,346
REQ-006923,LOC-10,SVC-04,Urgent,Case Manager,Phone,2026-07-13,60.4,High,0,0,7,1,29,346
REQ-006924,LOC-10,SVC-08,Routine,Client,Portal,2026-07-13,8.6,Low,0,0,7,1,29,346
REQ-006926,LOC-07,SVC-03,Routine,Family Member,Portal,2026-07-13,43.9,Medium,0,0,7,1,29,346
REQ-006927,LOC-04,SVC-06,Routine,Family Member,Phone,2026-07-13,10.4,Low,0,0,7,1,29,346
REQ-006928,LOC-06,SVC-05,Routine,Client,Phone,2026-07-13,38.0,Medium,0,0,7,1,29,346
REQ-006930,LOC-06,SVC-06,Routine,Family Member,Portal,2026-07-13,17.4,Low,0,0,7,1,29,346
REQ-006931,LOC-08,SVC-02,Priority,Client,Portal,2026-07-13,14.2,Low,0,0,7,1,29,346
REQ-006932,LOC-09,SVC-01,Routine,Client,Phone,2026-07-13,32.3,Medium,0,0,7,1,29,346
REQ-006933,LOC-10,SVC-01,Routine,Case Manager,Phone,2026-07-13,45.3,Medium,0,0,7,1,29,346
REQ-006934,LOC-04,SVC-06,Routine,Client,Phone,2026-07-14,45.2,Medium,1,0,7,1,29,347
REQ-006935,LOC-10,SVC-05,Priority,Client,Portal,2026-07-14,14.8,Low,1,0,7,1,29,347
REQ-006936,LOC-01,SVC-01,Routine,Client,Phone,2026-07-14,13.0,Low,1,0,7,1,29,347
REQ-006937,LOC-08,SVC-08,Priority,GP / Clinician,Phone,2026-07-14,71.8,High,1,0,7,1,29,347
REQ-006939,LOC-08,SVC-06,Routine,Family Member,Phone,2026-07-14,22.1,Low,1,0,7,1,29,347
REQ-006940,LOC-04,SVC-01,Routine,Client,Phone,2026-07-14,11.9,Low,1,0,7,1,29,347
REQ-006941,LOC-10,SVC-07,Emergency,Client,Phone,2026-07-14,90.6,Critical,1,0,7,1,29,347
REQ-006942,LOC-09,SVC-05,Routine,Family Member,Case Manager,2026-07-14,20.3,Low,1,0,7,1,29,347
REQ-006943,LOC-07,SVC-01,Routine,Client,Portal,2026-07-14,21.2,Low,1,0,7,1,29,347
REQ-006944,LOC-10,SVC-04,Priority,Case Manager,Referral,2026-07-14,75.2,Critical,1,0,7,1,29,347
REQ-006945,LOC-09,SVC-09,Priority,GP / Clinician,Phone,2026-07-14,18.0,Low,1,0,7,1,29,347
REQ-006946,LOC-06,SVC-07,Urgent,Client,Case Manager,2026-07-14,42.1,Medium,1,0,7,1,29,347
REQ-006947,LOC-01,SVC-04,Routine,Client,Phone,2026-07-14,14.2,Low,1,0,7,1,29,347
REQ-006948,LOC-05,SVC-05,Routine,Family Member,Portal,2026-07-14,17.4,Low,1,0,7,1,29,347
REQ-006949,LOC-07,SVC-03,Routine,Case Manager,Case Manager,2026-07-14,37.4,Medium,1,0,7,1,29,347
REQ-006950,LOC-08,SVC-02,Priority,Client,Portal,2026-07-14,13.1,Low,1,0,7,1,29,347
REQ-006951,LOC-08,SVC-04,Urgent,Client,Referral,2026-07-14,54.4,High,1,0,7,1,29,347
REQ-006954,LOC-06,SVC-05,Urgent,GP / Clinician,Phone,2026-07-14,80.9,Critical,1,0,7,1,29,347
REQ-006956,LOC-07,SVC-01,Routine,Family Member,Referral,2026-07-14,54.7,High,1,0,7,1,29,347
REQ-006957,LOC-08,SVC-03,Urgent,GP / Clinician,Referral,2026-07-14,64.3,High,1,0,7,1,29,347
REQ-006958,LOC-06,SVC-02,Urgent,Case Manager,Case Manager,2026-07-14,34.0,Medium,1,0,7,1,29,347
REQ-006959,LOC-01,SVC-03,Routine,Client,Portal,2026-07-14,23.4,Medium,1,0,7,1,29,347
REQ-006960,LOC-07,SVC-04,Routine,Family Member,Phone,2026-07-14,18.7,Low,1,0,7,1,29,347
REQ-006961,LOC-07,SVC-02,Routine,Case Manager,Phone,2026-07-14,54.0,High,1,0,7,1,29,347
REQ-006962,LOC-07,SVC-04,Emergency,Client,Portal,2026-07-14,33.8,Medium,1,0,7,1,29,347
REQ-006963,LOC-08,SVC-04,Priority,Case Manager,Phone,2026-07-14,7.2,Low,1,0,7,1,29,347
REQ-006964,LOC-02,SVC-02,Urgent,Case Manager,Portal,2026-07-14,72.8,High,1,0,7,1,29,347
REQ-006965,LOC-10,SVC-02,Routine,Client,Portal,2026-07-14,20.0,Low,1,0,7,1,29,347
REQ-006966,LOC-04,SVC-02,Priority,Client,Portal,2026-07-14,38.2,Medium,1,0,7,1,29,347
REQ-006967,LOC-02,SVC-01,Urgent,Case Manager,Phone,2026-07-14,32.7,Medium,1,0,7,1,29,347
REQ-006968,LOC-08,SVC-04,Priority,Client,Referral,2026-07-14,21.1,Low,1,0,7,1,29,347
REQ-006970,LOC-09,SVC-01,Priority,GP / Clinician,Phone,2026-07-15,72.6,High,2,0,7,1,29,348
REQ-006971,LOC-01,SVC-05,Routine,Case Manager,Portal,2026-07-15,10.8,Low,2,0,7,1,29,348
REQ-006972,LOC-07,SVC-01,Routine,Case Manager,Portal,2026-07-15,38.0,Medium,2,0,7,1,29,348
REQ-006973,LOC-07,SVC-08,Priority,Case Manager,Phone,2026-07-15,67.7,High,2,0,7,1,29,348
REQ-006974,LOC-02,SVC-05,Routine,Client,Portal,2026-07-15,34.1,Medium,2,0,7,1,29,348
REQ-006975,LOC-08,SVC-01,Routine,Client,Phone,2026-07-15,29.2,Low,2,0,7,1,29,348
REQ-006977,LOC-04,SVC-04,Priority,Family Member,Phone,2026-07-15,57.3,High,2,0,7,1,29,348
REQ-006978,LOC-08,SVC-01,Priority,Family Member,Phone,2026-07-15,83.7,Critical,2,0,7,1,29,348
REQ-006980,LOC-07,SVC-01,Urgent,Family Member,Referral,2026-07-15,59.6,High,2,0,7,1,29,348
REQ-006982,LOC-06,SVC-07,Emergency,GP / Clinician,Referral,2026-07-15,80.7,Critical,2,0,7,1,29,348
REQ-006983,LOC-06,SVC-09,Routine,Client,Portal,2026-07-15,26.0,Low,2,0,7,1,29,348
REQ-006984,LOC-03,SVC-06,Routine,Client,Portal,2026-07-15,22.2,Low,2,0,7,1,29,348
REQ-006985,LOC-08,SVC-06,Priority,Client,Phone,2026-07-15,40.2,Medium,2,0,7,1,29,348
REQ-006987,LOC-01,SVC-05,Priority,Case Manager,Case Manager,2026-07-15,70.7,High,2,0,7,1,29,348
REQ-006988,LOC-10,SVC-03,Routine,Client,Phone,2026-07-15,11.4,Low,2,0,7,1,29,348
REQ-006989,LOC-01,SVC-03,Emergency,Family Member,Phone,2026-07-15,39.8,Medium,2,0,7,1,29,348
REQ-006990,LOC-07,SVC-01,Routine,Case Manager,Referral,2026-07-15,7.0,Low,2,0,7,1,29,348
REQ-006992,LOC-02,SVC-02,Routine,Family Member,Portal,2026-07-15,38.9,Medium,2,0,7,1,29,348
REQ-006994,LOC-06,SVC-08,Routine,Client,Portal,2026-07-15,21.9,Low,2,0,7,1,29,348
REQ-006995,LOC-07,SVC-05,Routine,Family Member,Phone,2026-07-15,6.3,Low,2,0,7,1,29,348
REQ-006996,LOC-01,SVC-04,Routine,Client,Portal,2026-07-15,40.5,Medium,2,0,7,1,29,348
REQ-006997,LOC-07,SVC-01,Priority,Case Manager,Referral,2026-07-15,42.8,Medium,2,0,7,1,29,348
REQ-006998,LOC-07,SVC-06,Emergency,Family Member,Case Manager,2026-07-15,53.2,High,2,0,7,1,29,348
REQ-006999,LOC-02,SVC-03,Urgent,Client,Phone,2026-07-15,12.0,Low,2,0,7,1,29,348
REQ-007000,LOC-04,SVC-01,Routine,Family Member,Referral,2026-07-15,40.4,Medium,2,0,7,1,29,348
REQ-007001,LOC-08,SVC-09,Routine,GP / Clinician,Portal,2026-07-15,29.4,Medium,2,0,7,1,29,348
REQ-007002,LOC-05,SVC-08,Routine,Client,Referral,2026-07-16,15.4,Low,3,0,7,1,29,349
REQ-007003,LOC-06,SVC-01,Routine,Client,Phone,2026-07-16,12.9,Low,3,0,7,1,29,349
REQ-007005,LOC-07,SVC-07,Routine,Family Member,Referral,2026-07-16,8.6,Low,3,0,7,1,29,349
REQ-007006,LOC-03,SVC-02,Priority,Family Member,Phone,2026-07-16,37.7,Medium,3,0,7,1,29,349
REQ-007008,LOC-10,SVC-02,Routine,GP / Clinician,Phone,2026-07-16,37.0,Medium,3,0,7,1,29,349
REQ-007009,LOC-10,SVC-01,Routine,Client,Phone,2026-07-16,21.1,Low,3,0,7,1,29,349
REQ-007010,LOC-05,SVC-07,Routine,Client,Portal,2026-07-16,24.2,Medium,3,0,7,1,29,349
REQ-007012,LOC-02,SVC-03,Priority,Family Member,Phone,2026-07-16,47.3,Medium,3,0,7,1,29,349
REQ-007014,LOC-09,SVC-03,Priority,Case Manager,Portal,2026-07-16,35.5,Medium,3,0,7,1,29,349
REQ-007015,LOC-02,SVC-05,Routine,Case Manager,Portal,2026-07-16,65.3,High,3,0,7,1,29,349
REQ-007016,LOC-02,SVC-02,Urgent,Client,Phone,2026-07-16,59.9,High,3,0,7,1,29,349
REQ-007017,LOC-09,SVC-01,Urgent,Client,Phone,2026-07-16,22.6,Low,3,0,7,1,29,349
REQ-007018,LOC-03,SVC-01,Urgent,Family Member,Phone,2026-07-16,65.6,High,3,0,7,1,29,349
REQ-007019,LOC-01,SVC-07,Priority,Case Manager,Phone,2026-07-16,33.6,Medium,3,0,7,1,29,349
REQ-007020,LOC-03,SVC-01,Routine,Case Manager,Portal,2026-07-16,36.6,Medium,3,0,7,1,29,349
REQ-007021,LOC-01,SVC-06,Emergency,Case Manager,Phone,2026-07-17,63.8,High,4,0,7,1,29,350
REQ-007022,LOC-01,SVC-05,Priority,Client,Portal,2026-07-17,17.3,Low,4,0,7,1,29,350
REQ-007023,LOC-07,SVC-02,Routine,Case Manager,Phone,2026-07-17,71.4,High,4,0,7,1,29,350
REQ-007025,LOC-04,SVC-03,Urgent,GP / Clinician,Phone,2026-07-17,74.3,Critical,4,0,7,1,29,350
REQ-007028,LOC-09,SVC-07,Routine,Case Manager,Referral,2026-07-17,61.6,High,4,0,7,1,29,350
REQ-007029,LOC-04,SVC-01,Emergency,Family Member,Portal,2026-07-17,31.8,Medium,4,0,7,1,29,350
REQ-007030,LOC-08,SVC-07,Priority,GP / Clinician,Portal,2026-07-17,37.6,Medium,4,0,7,1,29,350
REQ-007031,LOC-03,SVC-01,Routine,GP / Clinician,Case Manager,2026-07-17,40.5,Medium,4,0,7,1,29,350
REQ-007032,LOC-06,SVC-01,Priority,Family Member,Portal,2026-07-17,40.1,Medium,4,0,7,1,29,350
REQ-007033,LOC-04,SVC-02,Routine,Client,Referral,2026-07-17,23.2,Low,4,0,7,1,29,350
REQ-007034,LOC-02,SVC-03,Urgent,Case Manager,Referral,2026-07-17,38.9,Medium,4,0,7,1,29,350
REQ-007036,LOC-10,SVC-02,Routine,Client,Phone,2026-07-17,24.6,Low,4,0,7,1,29,350
REQ-007037,LOC-08,SVC-09,Urgent,Family Member,Referral,2026-07-17,35.2,Medium,4,0,7,1,29,350
REQ-007038,LOC-09,SVC-07,Priority,Client,Phone,2026-07-18,35.3,Medium,5,1,7,1,29,351
REQ-007039,LOC-10,SVC-05,Routine,Family Member,Phone,2026-07-18,24.2,Medium,5,1,7,1,29,351
REQ-007040,LOC-05,SVC-01,Routine,Family Member,Portal,2026-07-18,51.5,Medium,5,1,7,1,29,351
REQ-007041,LOC-08,SVC-01,Routine,Family Member,Phone,2026-07-18,34.8,Medium,5,1,7,1,29,351
REQ-007042,LOC-09,SVC-03,Routine,Client,Case Manager,2026-07-18,12.1,Low,5,1,7,1,29,351
REQ-007043,LOC-10,SVC-03,Routine,Client,Referral,2026-07-18,16.0,Low,5,1,7,1,29,351
REQ-007044,LOC-04,SVC-01,Urgent,Family Member,Phone,2026-07-18,42.9,Medium,5,1,7,1,29,351
REQ-007045,LOC-01,SVC-05,Emergency,Client,Phone,2026-07-18,86.7,Critical,5,1,7,1,29,351
REQ-007046,LOC-10,SVC-03,Priority,Client,Case Manager,2026-07-18,38.7,Medium,5,1,7,1,29,351
REQ-007048,LOC-04,SVC-05,Urgent,Client,Referral,2026-07-18,59.8,High,5,1,7,1,29,351
REQ-007049,LOC-04,SVC-07,Emergency,Client,Portal,2026-07-18,18.0,Low,5,1,7,1,29,351
REQ-007050,LOC-06,SVC-01,Priority,Family Member,Case Manager,2026-07-18,88.1,Critical,5,1,7,1,29,351
REQ-007051,LOC-05,SVC-04,Priority,Client,Case Manager,2026-07-18,39.3,Medium,5,1,7,1,29,351
REQ-007052,LOC-02,SVC-05,Routine,Case Manager,Referral,2026-07-18,12.6,Low,5,1,7,1,29,351
REQ-007053,LOC-06,SVC-02,Routine,Family Member,Case Manager,2026-07-18,38.4,Medium,5,1,7,1,29,351
REQ-007054,LOC-09,SVC-02,Priority,Case Manager,Portal,2026-07-19,43.8,Medium,6,1,7,1,29,352
REQ-007055,LOC-03,SVC-01,Priority,Case Manager,Phone,2026-07-19,13.4,Low,6,1,7,1,29,352
REQ-007056,LOC-02,SVC-01,Urgent,Family Member,Portal,2026-07-19,59.7,High,6,1,7,1,29,352
REQ-007057,LOC-01,SVC-05,Urgent,Family Member,Case Manager,2026-07-19,65.7,High,6,1,7,1,29,352
REQ-007058,LOC-01,SVC-03,Routine,Case Manager,Referral,2026-07-19,60.9,High,6,1,7,1,29,352
REQ-007059,LOC-08,SVC-07,Routine,Case Manager,Portal,2026-07-19,41.6,Medium,6,1,7,1,29,352
REQ-007060,LOC-01,SVC-04,Routine,Client,Portal,2026-07-19,4.0,Low,6,1,7,1,29,352
REQ-007061,LOC-04,SVC-09,Routine,Client,Phone,2026-07-19,14.0,Low,6,1,7,1,29,352
REQ-007062,LOC-02,SVC-05,Priority,Family Member,Portal,2026-07-20,8.8,Low,0,0,7,1,30,353
REQ-007064,LOC-04,SVC-01,Routine,Client,Referral,2026-07-20,36.2,Medium,0,0,7,1,30,353
REQ-007065,LOC-02,SVC-02,Urgent,GP / Clinician,Phone,2026-07-20,90.4,Critical,0,0,7,1,30,353
REQ-007066,LOC-04,SVC-05,Routine,GP / Clinician,Phone,2026-07-20,64.1,High,0,0,7,1,30,353
REQ-007067,LOC-04,SVC-02,Urgent,Client,Case Manager,2026-07-20,61.7,High,0,0,7,1,30,353
REQ-007068,LOC-02,SVC-01,Emergency,Case Manager,Referral,2026-07-20,60.6,High,0,0,7,1,30,353
REQ-007069,LOC-01,SVC-02,Routine,Client,Portal,2026-07-20,11.7,Low,0,0,7,1,30,353
REQ-007071,LOC-03,SVC-02,Routine,Case Manager,Portal,2026-07-20,42.9,Medium,0,0,7,1,30,353
REQ-007072,LOC-01,SVC-01,Priority,Family Member,Phone,2026-07-20,73.1,High,0,0,7,1,30,353
REQ-007073,LOC-08,SVC-01,Routine,Family Member,Phone,2026-07-20,10.6,Low,0,0,7,1,30,353
REQ-007074,LOC-04,SVC-09,Routine,Case Manager,Referral,2026-07-20,63.7,High,0,0,7,1,30,353
REQ-007075,LOC-09,SVC-05,Routine,Client,Case Manager,2026-07-20,25.0,Low,0,0,7,1,30,353
REQ-007077,LOC-09,SVC-04,Priority,Case Manager,Phone,2026-07-20,34.4,Medium,0,0,7,1,30,353
REQ-007078,LOC-10,SVC-07,Routine,Case Manager,Phone,2026-07-20,13.9,Low,0,0,7,1,30,353
REQ-007080,LOC-10,SVC-06,Priority,Client,Case Manager,2026-07-20,44.5,Medium,0,0,7,1,30,353
REQ-007081,LOC-05,SVC-03,Routine,Client,Phone,2026-07-20,41.1,Medium,0,0,7,1,30,353
REQ-007082,LOC-09,SVC-07,Priority,Family Member,Portal,2026-07-20,16.2,Low,0,0,7,1,30,353
REQ-007083,LOC-02,SVC-08,Routine,Client,Portal,2026-07-20,13.0,Low,0,0,7,1,30,353
REQ-007084,LOC-05,SVC-01,Urgent,Client,Phone,2026-07-20,16.5,Low,0,0,7,1,30,353
REQ-007085,LOC-08,SVC-06,Routine,Client,Referral,2026-07-20,33.9,Medium,0,0,7,1,30,353
REQ-007086,LOC-10,SVC-02,Routine,Family Member,Portal,2026-07-20,20.0,Low,0,0,7,1,30,353
REQ-007087,LOC-05,SVC-09,Routine,Family Member,Referral,2026-07-20,69.8,High,0,0,7,1,30,353
REQ-007088,LOC-05,SVC-02,Routine,Family Member,Portal,2026-07-20,16.6,Low,0,0,7,1,30,353
REQ-007089,LOC-01,SVC-03,Priority,Client,Referral,2026-07-20,54.6,High,0,0,7,1,30,353
REQ-007091,LOC-05,SVC-05,Routine,Client,Referral,2026-07-21,27.7,Medium,1,0,7,1,30,354
REQ-007092,LOC-10,SVC-04,Routine,Family Member,Case Manager,2026-07-21,59.1,High,1,0,7,1,30,354
REQ-007093,LOC-08,SVC-01,Routine,Family Member,Portal,2026-07-21,13.8,Low,1,0,7,1,30,354
REQ-007094,LOC-04,SVC-09,Priority,Family Member,Case Manager,2026-07-21,12.0,Low,1,0,7,1,30,354
REQ-007095,LOC-05,SVC-02,Routine,Client,Case Manager,2026-07-21,19.2,Low,1,0,7,1,30,354
REQ-007096,LOC-02,SVC-05,Routine,Client,Phone,2026-07-21,20.2,Low,1,0,7,1,30,354
REQ-007097,LOC-01,SVC-05,Urgent,GP / Clinician,Phone,2026-07-21,84.8,Critical,1,0,7,1,30,354
REQ-007099,LOC-05,SVC-02,Routine,Client,Portal,2026-07-21,18.1,Low,1,0,7,1,30,354
REQ-007100,LOC-01,SVC-01,Priority,Client,Referral,2026-07-21,36.5,Medium,1,0,7,1,30,354
REQ-007101,LOC-05,SVC-03,Urgent,Family Member,Phone,2026-07-21,60.5,High,1,0,7,1,30,354
REQ-007102,LOC-03,SVC-09,Routine,GP / Clinician,Phone,2026-07-21,35.2,Medium,1,0,7,1,30,354
REQ-007103,LOC-10,SVC-02,Routine,Client,Phone,2026-07-21,8.4,Low,1,0,7,1,30,354
REQ-007105,LOC-09,SVC-02,Priority,Client,Phone,2026-07-21,37.2,Medium,1,0,7,1,30,354
REQ-007106,LOC-08,SVC-08,Routine,Family Member,Phone,2026-07-21,33.4,Medium,1,0,7,1,30,354
REQ-007107,LOC-03,SVC-01,Priority,Client,Portal,2026-07-21,17.1,Low,1,0,7,1,30,354
REQ-007109,LOC-05,SVC-07,Priority,Client,Phone,2026-07-21,19.2,Low,1,0,7,1,30,354
REQ-007110,LOC-10,SVC-05,Routine,Client,Portal,2026-07-21,42.9,Medium,1,0,7,1,30,354
REQ-007112,LOC-09,SVC-01,Routine,Client,Case Manager,2026-07-21,39.1,Medium,1,0,7,1,30,354
REQ-007113,LOC-07,SVC-08,Routine,Case Manager,Phone,2026-07-21,14.4,Low,1,0,7,1,30,354
REQ-007114,LOC-02,SVC-09,Urgent,Client,Phone,2026-07-22,94.2,Critical,2,0,7,1,30,355
REQ-007115,LOC-10,SVC-05,Urgent,Family Member,Portal,2026-07-22,67.0,High,2,0,7,1,30,355
REQ-007117,LOC-01,SVC-05,Priority,Client,Phone,2026-07-22,31.8,Medium,2,0,7,1,30,355
REQ-007118,LOC-07,SVC-04,Routine,Client,Portal,2026-07-22,31.4,Medium,2,0,7,1,30,355
REQ-007120,LOC-06,SVC-05,Priority,Client,Phone,2026-07-22,3.6,Low,2,0,7,1,30,355
REQ-007121,LOC-08,SVC-01,Urgent,GP / Clinician,Portal,2026-07-22,43.5,Medium,2,0,7,1,30,355
REQ-007122,LOC-03,SVC-08,Priority,Client,Case Manager,2026-07-22,13.2,Low,2,0,7,1,30,355
REQ-007123,LOC-02,SVC-01,Priority,Client,Referral,2026-07-22,16.8,Low,2,0,7,1,30,355
REQ-007124,LOC-06,SVC-01,Routine,Family Member,Phone,2026-07-22,34.1,Medium,2,0,7,1,30,355
REQ-007125,LOC-08,SVC-05,Routine,Case Manager,Case Manager,2026-07-22,25.6,Low,2,0,7,1,30,355
REQ-007126,LOC-02,SVC-01,Routine,Case Manager,Phone,2026-07-22,64.5,High,2,0,7,1,30,355
REQ-007127,LOC-06,SVC-08,Routine,Case Manager,Portal,2026-07-22,29.8,Medium,2,0,7,1,30,355
REQ-007128,LOC-03,SVC-01,Routine,GP / Clinician,Referral,2026-07-22,89.6,Critical,2,0,7,1,30,355
REQ-007129,LOC-03,SVC-01,Routine,Family Member,Portal,2026-07-22,8.0,Low,2,0,7,1,30,355
REQ-007130,LOC-03,SVC-01,Routine,Client,Phone,2026-07-22,15.7,Low,2,0,7,1,30,355
REQ-007131,LOC-02,SVC-02,Urgent,GP / Clinician,Referral,2026-07-22,61.7,High,2,0,7,1,30,355
REQ-007132,LOC-03,SVC-03,Routine,Client,Referral,2026-07-22,37.6,Medium,2,0,7,1,30,355
REQ-007133,LOC-08,SVC-06,Routine,Client,Phone,2026-07-22,14.4,Low,2,0,7,1,30,355
REQ-007134,LOC-06,SVC-02,Routine,Client,Portal,2026-07-22,31.5,Medium,2,0,7,1,30,355
REQ-007135,LOC-08,SVC-01,Priority,Family Member,Case Manager,2026-07-22,15.3,Low,2,0,7,1,30,355
REQ-007136,LOC-05,SVC-06,Priority,Family Member,Portal,2026-07-22,55.5,High,2,0,7,1,30,355
REQ-007138,LOC-08,SVC-03,Routine,Family Member,Phone,2026-07-23,58.3,High,3,0,7,1,30,356
REQ-007140,LOC-04,SVC-01,Routine,Client,Portal,2026-07-23,14.2,Low,3,0,7,1,30,356
REQ-007141,LOC-08,SVC-08,Urgent,Client,Referral,2026-07-23,33.8,Medium,3,0,7,1,30,356
REQ-007142,LOC-08,SVC-02,Routine,Family Member,Portal,2026-07-23,1.9,Low,3,0,7,1,30,356
REQ-007144,LOC-01,SVC-03,Priority,Family Member,Portal,2026-07-23,31.3,Low,3,0,7,1,30,356
REQ-007145,LOC-04,SVC-06,Routine,Family Member,Referral,2026-07-23,36.5,Medium,3,0,7,1,30,356
REQ-007147,LOC-09,SVC-06,Urgent,Family Member,Referral,2026-07-23,66.3,High,3,0,7,1,30,356
REQ-007148,LOC-05,SVC-05,Emergency,Client,Phone,2026-07-23,36.5,Medium,3,0,7,1,30,356
REQ-007149,LOC-03,SVC-06,Urgent,Family Member,Portal,2026-07-23,17.2,Low,3,0,7,1,30,356
REQ-007150,LOC-09,SVC-04,Routine,Family Member,Portal,2026-07-23,17.0,Low,3,0,7,1,30,356
REQ-007151,LOC-03,SVC-01,Routine,Case Manager,Referral,2026-07-23,88.0,Critical,3,0,7,1,30,356
REQ-007152,LOC-08,SVC-01,Priority,Case Manager,Portal,2026-07-23,87.9,Critical,3,0,7,1,30,356
REQ-007154,LOC-09,SVC-02,Routine,Family Member,Portal,2026-07-23,8.2,Low,3,0,7,1,30,356
REQ-007155,LOC-08,SVC-04,Routine,Case Manager,Phone,2026-07-23,17.8,Low,3,0,7,1,30,356
REQ-007156,LOC-08,SVC-05,Routine,Family Member,Case Manager,2026-07-23,29.4,Medium,3,0,7,1,30,356
REQ-007157,LOC-01,SVC-01,Routine,Family Member,Portal,2026-07-23,17.3,Low,3,0,7,1,30,356
REQ-007158,LOC-10,SVC-05,Priority,Case Manager,Portal,2026-07-23,14.7,Low,3,0,7,1,30,356
REQ-007159,LOC-01,SVC-07,Urgent,Case Manager,Referral,2026-07-23,66.1,High,3,0,7,1,30,356
REQ-007160,LOC-07,SVC-05,Routine,Case Manager,Case Manager,2026-07-23,42.9,Medium,3,0,7,1,30,356
REQ-007161,LOC-07,SVC-04,Priority,Client,Portal,2026-07-23,71.0,High,3,0,7,1,30,356
REQ-007162,LOC-08,SVC-04,Routine,Client,Case Manager,2026-07-23,9.5,Low,3,0,7,1,30,356
REQ-007163,LOC-07,SVC-03,Routine,Case Manager,Portal,2026-07-23,13.0,Low,3,0,7,1,30,356
REQ-007164,LOC-06,SVC-01,Priority,GP / Clinician,Phone,2026-07-23,88.4,Critical,3,0,7,1,30,356
REQ-007165,LOC-06,SVC-08,Priority,Client,Phone,2026-07-24,33.0,Medium,4,0,7,1,30,357
REQ-007166,LOC-05,SVC-01,Routine,Family Member,Portal,2026-07-24,42.4,Medium,4,0,7,1,30,357
REQ-007167,LOC-07,SVC-01,Emergency,Case Manager,Referral,2026-07-24,67.1,High,4,0,7,1,30,357
REQ-007168,LOC-09,SVC-01,Priority,Case Manager,Referral,2026-07-24,39.2,Medium,4,0,7,1,30,357
REQ-007170,LOC-04,SVC-05,Urgent,GP / Clinician,Phone,2026-07-24,82.2,Critical,4,0,7,1,30,357
REQ-007171,LOC-04,SVC-02,Routine,Family Member,Phone,2026-07-24,20.8,Low,4,0,7,1,30,357
REQ-007172,LOC-07,SVC-03,Urgent,Client,Phone,2026-07-24,62.9,High,4,0,7,1,30,357
REQ-007173,LOC-04,SVC-06,Routine,Case Manager,Referral,2026-07-24,44.4,Medium,4,0,7,1,30,357
REQ-007175,LOC-07,SVC-03,Routine,Client,Portal,2026-07-24,23.0,Low,4,0,7,1,30,357
REQ-007176,LOC-10,SVC-06,Routine,Client,Portal,2026-07-24,12.6,Low,4,0,7,1,30,357
REQ-007177,LOC-05,SVC-05,Routine,Family Member,Portal,2026-07-24,30.3,Medium,4,0,7,1,30,357
REQ-007179,LOC-08,SVC-09,Routine,Case Manager,Portal,2026-07-24,13.4,Low,4,0,7,1,30,357
REQ-007180,LOC-10,SVC-08,Routine,Client,Portal,2026-07-24,1.0,Low,4,0,7,1,30,357
REQ-007182,LOC-08,SVC-06,Urgent,Case Manager,Portal,2026-07-24,48.1,Medium,4,0,7,1,30,357
REQ-007183,LOC-03,SVC-05,Routine,Family Member,Phone,2026-07-24,18.2,Low,4,0,7,1,30,357
REQ-007184,LOC-07,SVC-05,Priority,Client,Referral,2026-07-24,41.4,Medium,4,0,7,1,30,357
REQ-007186,LOC-03,SVC-06,Routine,Client,Phone,2026-07-24,41.4,Medium,4,0,7,1,30,357
REQ-007187,LOC-09,SVC-08,Routine,Family Member,Portal,2026-07-24,41.7,Medium,4,0,7,1,30,357
REQ-007188,LOC-08,SVC-09,Priority,Client,Referral,2026-07-24,20.6,Low,4,0,7,1,30,357
REQ-007189,LOC-01,SVC-05,Routine,Client,Referral,2026-07-24,17.2,Low,4,0,7,1,30,357
REQ-007190,LOC-03,SVC-01,Routine,Family Member,Case Manager,2026-07-24,84.0,Critical,4,0,7,1,30,357
REQ-007191,LOC-01,SVC-06,Routine,Client,Referral,2026-07-24,14.3,Low,4,0,7,1,30,357
REQ-007192,LOC-02,SVC-04,Routine,Client,Portal,2026-07-24,16.8,Low,4,0,7,1,30,357
REQ-007193,LOC-06,SVC-01,Urgent,Family Member,Phone,2026-07-24,91.6,Critical,4,0,7,1,30,357
REQ-007194,LOC-10,SVC-07,Routine,Family Member,Case Manager,2026-07-25,21.1,Medium,5,1,7,1,30,358
REQ-007195,LOC-03,SVC-01,Urgent,Client,Case Manager,2026-07-25,31.2,Medium,5,1,7,1,30,358
REQ-007196,LOC-06,SVC-05,Routine,Client,Portal,2026-07-25,9.1,Low,5,1,7,1,30,358
REQ-007197,LOC-10,SVC-04,Priority,Case Manager,Portal,2026-07-25,67.8,High,5,1,7,1,30,358
REQ-007198,LOC-06,SVC-01,Urgent,Case Manager,Portal,2026-07-25,55.3,High,5,1,7,1,30,358
REQ-007200,LOC-02,SVC-07,Urgent,Family Member,Phone,2026-07-25,51.6,High,5,1,7,1,30,358
REQ-007201,LOC-03,SVC-06,Priority,Case Manager,Referral,2026-07-25,33.6,Medium,5,1,7,1,30,358
REQ-007202,LOC-08,SVC-02,Urgent,Client,Phone,2026-07-25,35.4,Medium,5,1,7,1,30,358
REQ-007203,LOC-06,SVC-01,Urgent,Client,Phone,2026-07-25,85.0,Critical,5,1,7,1,30,358
REQ-007204,LOC-09,SVC-06,Priority,Case Manager,Phone,2026-07-25,63.8,High,5,1,7,1,30,358
REQ-007205,LOC-02,SVC-06,Urgent,Client,Portal,2026-07-25,12.0,Low,5,1,7,1,30,358
REQ-007206,LOC-09,SVC-01,Routine,Client,Referral,2026-07-25,43.7,Medium,5,1,7,1,30,358
REQ-007207,LOC-06,SVC-07,Urgent,Family Member,Phone,2026-07-25,61.4,High,5,1,7,1,30,358
REQ-007208,LOC-06,SVC-01,Routine,Client,Portal,2026-07-25,20.6,Low,5,1,7,1,30,358
REQ-007209,LOC-07,SVC-04,Routine,Client,Portal,2026-07-25,18.0,Low,5,1,7,1,30,358
REQ-007210,LOC-01,SVC-06,Urgent,Client,Referral,2026-07-25,34.1,Medium,5,1,7,1,30,358
REQ-007211,LOC-05,SVC-04,Routine,Case Manager,Case Manager,2026-07-26,44.8,Medium,6,1,7,1,30,359
REQ-007212,LOC-01,SVC-01,Routine,Client,Portal,2026-07-26,12.8,Low,6,1,7,1,30,359
REQ-007213,LOC-06,SVC-04,Routine,Client,Phone,2026-07-26,12.5,Low,6,1,7,1,30,359
REQ-007214,LOC-03,SVC-05,Routine,Client,Referral,2026-07-26,12.9,Low,6,1,7,1,30,359
REQ-007215,LOC-08,SVC-05,Routine,Case Manager,Referral,2026-07-26,37.3,Medium,6,1,7,1,30,359
REQ-007216,LOC-03,SVC-03,Routine,Case Manager,Phone,2026-07-26,36.4,Medium,6,1,7,1,30,359
REQ-007217,LOC-04,SVC-02,Priority,Case Manager,Phone,2026-07-26,80.2,Critical,6,1,7,1,30,359
REQ-007218,LOC-01,SVC-05,Routine,Client,Portal,2026-07-26,7.3,Low,6,1,7,1,30,359
REQ-007219,LOC-01,SVC-05,Routine,GP / Clinician,Phone,2026-07-26,32.7,Medium,6,1,7,1,30,359
REQ-007220,LOC-07,SVC-07,Routine,Case Manager,Referral,2026-07-26,4.3,Low,6,1,7,1,30,359
REQ-007221,LOC-06,SVC-06,Routine,Case Manager,Referral,2026-07-26,9.7,Low,6,1,7,1,30,359
REQ-007222,LOC-07,SVC-02,Routine,Family Member,Phone,2026-07-27,5.6,Low,0,0,7,1,31,360
REQ-007223,LOC-09,SVC-08,Urgent,Client,Phone,2026-07-27,38.0,Medium,0,0,7,1,31,360
REQ-007224,LOC-07,SVC-02,Priority,Client,Portal,2026-07-27,34.4,Medium,0,0,7,1,31,360
REQ-007226,LOC-10,SVC-06,Routine,Family Member,Portal,2026-07-27,34.5,Medium,0,0,7,1,31,360
REQ-007227,LOC-09,SVC-08,Urgent,Family Member,Referral,2026-07-27,39.3,Medium,0,0,7,1,31,360
REQ-007228,LOC-10,SVC-01,Priority,Client,Case Manager,2026-07-27,46.3,Medium,0,0,7,1,31,360
REQ-007229,LOC-04,SVC-01,Routine,Client,Portal,2026-07-27,14.1,Low,0,0,7,1,31,360
REQ-007230,LOC-06,SVC-02,Priority,Case Manager,Phone,2026-07-27,40.6,Medium,0,0,7,1,31,360
REQ-007231,LOC-01,SVC-05,Priority,Family Member,Referral,2026-07-27,13.7,Low,0,0,7,1,31,360
REQ-007232,LOC-07,SVC-02,Routine,Family Member,Portal,2026-07-27,15.3,Low,0,0,7,1,31,360
REQ-007233,LOC-07,SVC-02,Urgent,Case Manager,Referral,2026-07-27,57.9,High,0,0,7,1,31,360
REQ-007235,LOC-01,SVC-05,Routine,GP / Clinician,Phone,2026-07-27,39.0,Medium,0,0,7,1,31,360
REQ-007237,LOC-05,SVC-01,Priority,Family Member,Phone,2026-07-27,59.4,High,0,0,7,1,31,360
REQ-007238,LOC-06,SVC-03,Routine,Family Member,Phone,2026-07-27,45.1,Medium,0,0,7,1,31,360
REQ-007239,LOC-02,SVC-02,Routine,Client,Portal,2026-07-27,43.9,Medium,0,0,7,1,31,360
REQ-007240,LOC-02,SVC-01,Priority,Family Member,Portal,2026-07-27,15.0,Low,0,0,7,1,31,360
REQ-007242,LOC-08,SVC-02,Routine,Family Member,Referral,2026-07-27,40.0,Medium,0,0,7,1,31,360
REQ-007243,LOC-09,SVC-03,Routine,Client,Portal,2026-07-27,24.2,Low,0,0,7,1,31,360
REQ-007245,LOC-03,SVC-05,Urgent,Case Manager,Phone,2026-07-27,26.9,Medium,0,0,7,1,31,360
REQ-007247,LOC-06,SVC-02,Urgent,Case Manager,Referral,2026-07-27,53.9,High,0,0,7,1,31,360
REQ-007248,LOC-01,SVC-05,Routine,Client,Phone,2026-07-27,43.9,Medium,0,0,7,1,31,360
REQ-007249,LOC-03,SVC-07,Routine,Case Manager,Phone,2026-07-27,64.3,High,0,0,7,1,31,360
REQ-007250,LOC-03,SVC-07,Routine,Client,Phone,2026-07-28,40.9,Medium,1,0,7,1,31,361
REQ-007251,LOC-02,SVC-08,Priority,Case Manager,Portal,2026-07-28,59.1,High,1,0,7,1,31,361
REQ-007254,LOC-05,SVC-01,Priority,Client,Portal,2026-07-28,8.7,Low,1,0,7,1,31,361
REQ-007257,LOC-04,SVC-07,Urgent,Client,Referral,2026-07-28,30.7,Medium,1,0,7,1,31,361
REQ-007258,LOC-05,SVC-01,Routine,Family Member,Referral,2026-07-28,59.8,High,1,0,7,1,31,361
REQ-007259,LOC-05,SVC-03,Routine,Family Member,Referral,2026-07-28,66.5,High,1,0,7,1,31,361
REQ-007262,LOC-07,SVC-02,Urgent,Case Manager,Referral,2026-07-28,91.5,Critical,1,0,7,1,31,361
REQ-007263,LOC-02,SVC-09,Priority,Client,Referral,2026-07-28,46.3,Medium,1,0,7,1,31,361
REQ-007264,LOC-08,SVC-03,Routine,Client,Phone,2026-07-28,6.0,Low,1,0,7,1,31,361
REQ-007265,LOC-10,SVC-02,Priority,Case Manager,Referral,2026-07-28,60.2,High,1,0,7,1,31,361
REQ-007266,LOC-01,SVC-06,Emergency,Client,Phone,2026-07-28,61.7,High,1,0,7,1,31,361
REQ-007267,LOC-02,SVC-07,Urgent,Client,Referral,2026-07-28,87.5,Critical,1,0,7,1,31,361
REQ-007268,LOC-07,SVC-03,Urgent,Case Manager,Phone,2026-07-28,56.0,High,1,0,7,1,31,361
REQ-007269,LOC-02,SVC-02,Routine,Client,Portal,2026-07-28,44.2,Medium,1,0,7,1,31,361
REQ-007271,LOC-10,SVC-01,Priority,GP / Clinician,Phone,2026-07-28,60.9,High,1,0,7,1,31,361
REQ-007272,LOC-07,SVC-02,Routine,Family Member,Referral,2026-07-28,42.6,Medium,1,0,7,1,31,361
REQ-007273,LOC-08,SVC-09,Routine,Family Member,Referral,2026-07-28,48.6,Medium,1,0,7,1,31,361
REQ-007274,LOC-07,SVC-06,Routine,Client,Phone,2026-07-28,17.5,Low,1,0,7,1,31,361
REQ-007275,LOC-07,SVC-09,Urgent,Case Manager,Phone,2026-07-28,56.8,High,1,0,7,1,31,361
REQ-007276,LOC-07,SVC-04,Routine,Family Member,Phone,2026-07-28,37.0,Medium,1,0,7,1,31,361
REQ-007277,LOC-04,SVC-07,Routine,Client,Portal,2026-07-28,14.0,Low,1,0,7,1,31,361
REQ-007278,LOC-06,SVC-01,Routine,Client,Case Manager,2026-07-29,11.4,Low,2,0,7,1,31,362
REQ-007279,LOC-10,SVC-05,Routine,Client,Phone,2026-07-29,17.3,Low,2,0,7,1,31,362
REQ-007280,LOC-01,SVC-01,Priority,Client,Phone,2026-07-29,16.0,Low,2,0,7,1,31,362
REQ-007281,LOC-10,SVC-01,Urgent,Client,Portal,2026-07-29,12.2,Low,2,0,7,1,31,362
REQ-007282,LOC-03,SVC-02,Priority,Case Manager,Case Manager,2026-07-29,79.8,Critical,2,0,7,1,31,362
REQ-007283,LOC-09,SVC-01,Routine,Client,Portal,2026-07-29,7.0,Low,2,0,7,1,31,362
REQ-007284,LOC-01,SVC-09,Priority,Family Member,Case Manager,2026-07-29,11.5,Low,2,0,7,1,31,362
REQ-007285,LOC-06,SVC-03,Priority,Case Manager,Case Manager,2026-07-29,31.3,Medium,2,0,7,1,31,362
REQ-007286,LOC-04,SVC-03,Priority,Case Manager,Referral,2026-07-29,87.7,Critical,2,0,7,1,31,362
REQ-007287,LOC-02,SVC-03,Routine,Client,Phone,2026-07-29,18.0,Low,2,0,7,1,31,362
REQ-007288,LOC-08,SVC-07,Priority,Client,Portal,2026-07-29,39.8,Medium,2,0,7,1,31,362
REQ-007289,LOC-03,SVC-03,Routine,Case Manager,Case Manager,2026-07-29,36.9,Medium,2,0,7,1,31,362
REQ-007290,LOC-06,SVC-01,Priority,Client,Portal,2026-07-29,32.5,Medium,2,0,7,1,31,362
REQ-007291,LOC-06,SVC-01,Routine,Client,Phone,2026-07-29,44.0,Medium,2,0,7,1,31,362
REQ-007292,LOC-01,SVC-07,Routine,Client,Case Manager,2026-07-29,19.2,Low,2,0,7,1,31,362
REQ-007293,LOC-07,SVC-07,Routine,Case Manager,Case Manager,2026-07-29,49.9,High,2,0,7,1,31,362
REQ-007295,LOC-02,SVC-06,Routine,Client,Phone,2026-07-29,41.3,Medium,2,0,7,1,31,362
REQ-007296,LOC-02,SVC-03,Priority,Client,Portal,2026-07-29,23.4,Low,2,0,7,1,31,362
REQ-007297,LOC-07,SVC-07,Urgent,Client,Case Manager,2026-07-29,36.1,Medium,2,0,7,1,31,362
REQ-007298,LOC-10,SVC-03,Emergency,Case Manager,Referral,2026-07-29,85.8,Critical,2,0,7,1,31,362
REQ-007299,LOC-09,SVC-02,Priority,Client,Case Manager,2026-07-29,6.7,Low,2,0,7,1,31,362
REQ-007301,LOC-06,SVC-03,Priority,Client,Case Manager,2026-07-30,14.0,Low,3,0,7,1,31,363
REQ-007302,LOC-07,SVC-03,Routine,Client,Case Manager,2026-07-30,20.8,Low,3,0,7,1,31,363
REQ-007303,LOC-02,SVC-03,Priority,Family Member,Phone,2026-07-30,8.6,Low,3,0,7,1,31,363
REQ-007304,LOC-07,SVC-02,Priority,GP / Clinician,Case Manager,2026-07-30,38.7,Medium,3,0,7,1,31,363
REQ-007305,LOC-03,SVC-03,Priority,Family Member,Phone,2026-07-30,38.2,Medium,3,0,7,1,31,363
REQ-007306,LOC-06,SVC-04,Routine,Case Manager,Phone,2026-07-30,9.7,Low,3,0,7,1,31,363
REQ-007307,LOC-08,SVC-03,Routine,Client,Portal,2026-07-30,16.1,Low,3,0,7,1,31,363
REQ-007308,LOC-06,SVC-08,Urgent,Case Manager,Referral,2026-07-30,68.1,High,3,0,7,1,31,363
REQ-007310,LOC-08,SVC-01,Routine,Case Manager,Portal,2026-07-30,17.9,Low,3,0,7,1,31,363
REQ-007311,LOC-01,SVC-03,Urgent,Family Member,Phone,2026-07-30,43.4,Medium,3,0,7,1,31,363
REQ-007312,LOC-05,SVC-01,Priority,Client,Referral,2026-07-30,2.3,Low,3,0,7,1,31,363
REQ-007313,LOC-10,SVC-01,Routine,Family Member,Phone,2026-07-30,65.1,High,3,0,7,1,31,363
REQ-007314,LOC-05,SVC-06,Urgent,Case Manager,Phone,2026-07-30,62.5,High,3,0,7,1,31,363
REQ-007315,LOC-05,SVC-01,Routine,GP / Clinician,Phone,2026-07-30,39.7,Medium,3,0,7,1,31,363
REQ-007316,LOC-02,SVC-01,Urgent,Family Member,Case Manager,2026-07-30,99.0,Critical,3,0,7,1,31,363
REQ-007317,LOC-04,SVC-07,Priority,Family Member,Portal,2026-07-30,43.6,Medium,3,0,7,1,31,363
REQ-007318,LOC-01,SVC-09,Priority,Family Member,Phone,2026-07-30,38.1,Medium,3,0,7,1,31,363
REQ-007319,LOC-03,SVC-01,Routine,Client,Portal,2026-07-30,43.0,Medium,3,0,7,1,31,363
REQ-007320,LOC-08,SVC-05,Emergency,GP / Clinician,Case Manager,2026-07-30,85.1,Critical,3,0,7,1,31,363
REQ-007321,LOC-09,SVC-04,Priority,Client,Portal,2026-07-30,4.1,Low,3,0,7,1,31,363
REQ-007322,LOC-04,SVC-01,Routine,Family Member,Case Manager,2026-07-30,5.9,Low,3,0,7,1,31,363
REQ-007323,LOC-06,SVC-04,Priority,Family Member,Referral,2026-07-30,62.5,High,3,0,7,1,31,363
REQ-007324,LOC-06,SVC-06,Urgent,Case Manager,Referral,2026-07-30,56.2,High,3,0,7,1,31,363
REQ-007325,LOC-10,SVC-01,Priority,Case Manager,Case Manager,2026-07-30,5.5,Low,3,0,7,1,31,363
REQ-007326,LOC-01,SVC-09,Priority,Client,Portal,2026-07-30,16.1,Low,3,0,7,1,31,363
REQ-007327,LOC-04,SVC-09,Priority,Client,Phone,2026-07-30,33.6,Medium,3,0,7,1,31,363
REQ-007329,LOC-04,SVC-07,Routine,Client,Referral,2026-07-31,44.1,Medium,4,0,7,1,31,364
REQ-007330,LOC-08,SVC-06,Priority,Case Manager,Referral,2026-07-31,68.8,High,4,0,7,1,31,364
REQ-007331,LOC-02,SVC-02,Routine,Case Manager,Case Manager,2026-07-31,39.3,Medium,4,0,7,1,31,364
REQ-007332,LOC-07,SVC-04,Routine,Client,Referral,2026-07-31,14.1,Low,4,0,7,1,31,364
REQ-007333,LOC-09,SVC-05,Emergency,Client,Phone,2026-07-31,89.3,Critical,4,0,7,1,31,364
REQ-007334,LOC-01,SVC-01,Routine,Family Member,Portal,2026-07-31,17.7,Low,4,0,7,1,31,364
REQ-007335,LOC-09,SVC-02,Priority,GP / Clinician,Phone,2026-07-31,91.3,Critical,4,0,7,1,31,364
REQ-007336,LOC-01,SVC-01,Routine,Family Member,Portal,2026-07-31,35.9,Medium,4,0,7,1,31,364
REQ-007337,LOC-06,SVC-01,Priority,Client,Phone,2026-07-31,65.9,High,4,0,7,1,31,364
REQ-007338,LOC-02,SVC-02,Urgent,Case Manager,Case Manager,2026-07-31,88.7,Critical,4,0,7,1,31,364
REQ-007339,LOC-04,SVC-05,Urgent,Family Member,Portal,2026-07-31,63.6,High,4,0,7,1,31,364
REQ-007340,LOC-06,SVC-01,Routine,Case Manager,Portal,2026-07-31,18.0,Low,4,0,7,1,31,364
REQ-007341,LOC-08,SVC-01,Routine,Case Manager,Referral,2026-07-31,72.6,High,4,0,7,1,31,364
REQ-007342,LOC-09,SVC-03,Routine,Family Member,Portal,2026-07-31,15.4,Low,4,0,7,1,31,364
REQ-007343,LOC-01,SVC-01,Priority,Client,Referral,2026-07-31,18.8,Low,4,0,7,1,31,364
REQ-007344,LOC-04,SVC-03,Priority,Client,Phone,2026-07-31,20.4,Low,4,0,7,1,31,364
REQ-007345,LOC-02,SVC-02,Priority,GP / Clinician,Case Manager,2026-07-31,63.9,High,4,0,7,1,31,364
REQ-007346,LOC-08,SVC-01,Priority,Case Manager,Phone,2026-07-31,41.2,Medium,4,0,7,1,31,364
REQ-007347,LOC-01,SVC-07,Routine,Client,Phone,2026-07-31,12.3,Low,4,0,7,1,31,364
REQ-007348,LOC-01,SVC-05,Urgent,Client,Case Manager,2026-07-31,46.5,Medium,4,0,7,1,31,364
REQ-007349,LOC-06,SVC-08,Priority,Case Manager,Phone,2026-07-31,64.9,High,4,0,7,1,31,364
REQ-007350,LOC-09,SVC-02,Routine,Client,Case Manager,2026-07-31,22.4,Low,4,0,7,1,31,364
REQ-007351,LOC-06,SVC-07,Priority,Client,Phone,2026-07-31,57.5,High,4,0,7,1,31,364
REQ-007352,LOC-09,SVC-04,Routine,Client,Case Manager,2026-07-31,13.2,Low,4,0,7,1,31,364
REQ-007353,LOC-06,SVC-06,Priority,Client,Portal,2026-07-31,26.3,Medium,4,0,7,1,31,364
REQ-000412,LOC-07,SVC-03,Routine,Family Member,Portal,2025-08-20,18.2,Low,2,0,8,1,34,19
REQ-000772,LOC-03,SVC-05,Urgent,GP / Clinician,Phone,2025-09-08,88.4,Critical,0,0,9,0,37,38
REQ-001388,LOC-01,SVC-06,Priority,Client,Phone,2025-10-13,15.2,Low,0,0,10,0,42,73
REQ-001466,LOC-09,SVC-03,Routine,Client,Phone,2025-10-16,31.1,Medium,3,0,10,0,42,76
REQ-001828,LOC-01,SVC-01,Urgent,Family Member,Referral,2025-11-05,92.9,Critical,2,0,11,0,45,96
REQ-002359,LOC-09,SVC-06,Routine,Case Manager,Phone,2025-12-04,84.3,Critical,3,0,12,0,49,125
REQ-002715,LOC-02,SVC-03,Urgent,Case Manager,Referral,2025-12-24,87.0,Critical,2,0,12,0,52,145
REQ-002746,LOC-10,SVC-02,Routine,Family Member,Portal,2025-12-25,18.9,Low,3,0,12,0,52,146
REQ-002958,LOC-03,SVC-01,Routine,Client,Case Manager,2026-01-06,34.9,Medium,1,0,1,0,2,158
REQ-003181,LOC-06,SVC-03,Priority,Case Manager,Case Manager,2026-01-17,56.3,High,5,1,1,0,3,169
REQ-003240,LOC-03,SVC-05,Routine,Client,Referral,2026-01-21,42.4,Medium,2,0,1,0,4,173
REQ-003320,LOC-02,SVC-01,Routine,Client,Referral,2026-01-26,16.2,Low,0,0,1,0,5,178
REQ-003416,LOC-02,SVC-01,Routine,Client,Portal,2026-01-30,37.3,Medium,4,0,1,0,5,182
REQ-003676,LOC-08,SVC-03,Urgent,Client,Phone,2026-02-11,39.7,Medium,2,0,2,0,7,194
REQ-003953,LOC-07,SVC-06,Routine,Case Manager,Case Manager,2026-02-26,56.1,High,3,0,2,0,9,209
REQ-004120,LOC-01,SVC-03,Routine,Client,Phone,2026-03-07,40.2,Medium,5,1,3,0,10,218
REQ-004471,LOC-01,SVC-09,Routine,Client,Phone,2026-03-25,41.7,Medium,2,0,3,0,13,236
REQ-004610,LOC-09,SVC-02,Priority,Family Member,Referral,2026-03-31,85.6,Critical,1,0,3,0,14,242
REQ-005713,LOC-07,SVC-05,Priority,Client,Portal,2026-05-24,17.9,Low,6,1,5,0,21,296
REQ-005968,LOC-04,SVC-03,Urgent,Client,Portal,2026-06-03,31.5,Medium,2,0,6,1,23,306
REQ-006024,LOC-10,SVC-01,Routine,Client,Portal,2026-06-06,14.6,Low,5,1,6,1,23,309
REQ-006166,LOC-09,SVC-04,Priority,Client,Portal,2026-06-12,43.4,Medium,4,0,6,1,24,315
REQ-006493,LOC-09,SVC-08,Urgent,Case Manager,Phone,2026-06-25,83.8,Critical,3,0,6,1,26,328
REQ-007007,LOC-02,SVC-07,Routine,Family Member,Phone,2026-07-16,47.3,Medium,3,0,7,1,29,349
REQ-007234,LOC-03,SVC-01,Priority,Case Manager,Phone,2026-07-27,66.9,High,0,0,7,1,31,360
REQ-000900,LOC-06,SVC-06,Routine,Client,Case Manager,2025-09-13,40.6,Medium,5,1,9,0,37,43
REQ-001473,LOC-01,SVC-05,Priority,Case Manager,Phone,2025-10-16,44.1,Medium,3,0,10,0,42,76
REQ-002069,LOC-06,SVC-05,Priority,GP / Clinician,Phone,2025-11-18,41.2,Medium,1,0,11,0,47,109
REQ-003513,LOC-03,SVC-02,Urgent,Family Member,Portal,2026-02-04,38.0,Medium,2,0,2,0,6,187
REQ-003528,LOC-08,SVC-06,Routine,Client,Portal,2026-02-05,15.3,Low,3,0,2,0,6,188
REQ-003849,LOC-06,SVC-05,Priority,Case Manager,Portal,2026-02-19,45.0,Medium,3,0,2,0,8,202
REQ-003882,LOC-09,SVC-02,Emergency,Case Manager,Case Manager,2026-02-22,58.5,High,6,1,2,0,8,205
REQ-004049,LOC-07,SVC-01,Urgent,Case Manager,Case Manager,2026-03-03,66.3,High,1,0,3,0,10,214
REQ-004081,LOC-08,SVC-04,Routine,Client,Case Manager,2026-03-05,10.9,Low,3,0,3,0,10,216
REQ-004508,LOC-05,SVC-06,Priority,Client,Referral,2026-03-26,41.6,Medium,3,0,3,0,13,237
REQ-005347,LOC-10,SVC-03,Urgent,Client,Portal,2026-05-07,17.1,Low,3,0,5,0,19,279
REQ-005890,LOC-01,SVC-01,Priority,Client,Case Manager,2026-06-01,15.5,Low,0,0,6,1,23,304
REQ-005899,LOC-02,SVC-07,Priority,Client,Case Manager,2026-06-01,33.3,Medium,0,0,6,1,23,304
REQ-006177,LOC-04,SVC-04,Routine,Client,Portal,2026-06-12,13.4,Low,4,0,6,1,24,315
REQ-006380,LOC-06,SVC-04,Routine,Family Member,Case Manager,2026-06-21,17.1,Low,6,1,6,1,25,324
REQ-006592,LOC-08,SVC-01,Urgent,Client,Portal,2026-06-30,33.5,Medium,1,0,6,1,27,333
REQ-006677,LOC-05,SVC-03,Routine,Family Member,Portal,2026-07-03,10.6,Low,4,0,7,1,27,336
REQ-000040,LOC-01,SVC-06,Priority,Case Manager,Case Manager,2025-08-03,97.1,Critical,6,1,8,1,31,2
REQ-000063,LOC-10,SVC-02,Urgent,GP / Clinician,Phone,2025-08-04,87.1,Critical,0,0,8,1,32,3
REQ-000299,LOC-02,SVC-07,Routine,Client,Phone,2025-08-15,8.6,Low,4,0,8,1,33,14
REQ-000385,LOC-05,SVC-09,Urgent,Case Manager,Referral,2025-08-19,94.9,Critical,1,0,8,1,34,18
REQ-000719,LOC-03,SVC-07,Routine,Family Member,Portal,2025-09-04,20.7,Low,3,0,9,0,36,34
REQ-001063,LOC-07,SVC-04,Routine,Client,Portal,2025-09-23,20.9,Low,1,0,9,0,39,53
REQ-001137,LOC-07,SVC-03,Urgent,Case Manager,Portal,2025-09-27,61.4,High,5,1,9,0,39,57
REQ-001166,LOC-07,SVC-05,Routine,Client,Referral,2025-09-30,25.3,Medium,1,0,9,0,40,60
REQ-001245,LOC-03,SVC-02,Routine,Client,Portal,2025-10-04,36.3,Medium,5,1,10,0,40,64
REQ-001354,LOC-04,SVC-07,Priority,GP / Clinician,Phone,2025-10-10,76.4,Critical,4,0,10,0,41,70
REQ-001582,LOC-01,SVC-03,Routine,GP / Clinician,Phone,2025-10-23,42.3,Medium,3,0,10,0,43,83
REQ-001702,LOC-08,SVC-01,Routine,GP / Clinician,Case Manager,2025-10-29,14.4,Low,2,0,10,0,44,89
REQ-002203,LOC-02,SVC-04,Routine,Case Manager,Phone,2025-11-26,15.7,Low,2,0,11,0,48,117
REQ-002229,LOC-10,SVC-06,Routine,Family Member,Portal,2025-11-27,14.9,Low,3,0,11,0,48,118
REQ-002524,LOC-10,SVC-03,Emergency,Family Member,Phone,2025-12-13,95.2,Critical,5,1,12,0,50,134
REQ-002573,LOC-05,SVC-09,Priority,Family Member,Portal,2025-12-16,15.5,Low,1,0,12,0,51,137
REQ-002641,LOC-08,SVC-07,Routine,Client,Portal,2025-12-19,22.8,Low,4,0,12,0,51,140
REQ-002642,LOC-07,SVC-05,Routine,Client,Portal,2025-12-19,19.7,Low,4,0,12,0,51,140
REQ-002926,LOC-07,SVC-05,Priority,Family Member,Case Manager,2026-01-04,41.3,Medium,6,1,1,0,1,156
REQ-003050,LOC-02,SVC-04,Routine,Client,Referral,2026-01-11,52.3,High,6,1,1,0,2,163
REQ-003097,LOC-01,SVC-01,Routine,Family Member,Referral,2026-01-13,10.5,Low,1,0,1,0,3,165
REQ-003130,LOC-04,SVC-02,Priority,GP / Clinician,Phone,2026-01-15,84.8,Critical,3,0,1,0,3,167
REQ-003138,LOC-09,SVC-04,Routine,Case Manager,Phone,2026-01-15,42.9,Medium,3,0,1,0,3,167
REQ-003143,LOC-10,SVC-02,Urgent,Case Manager,Phone,2026-01-15,66.8,High,3,0,1,0,3,167
REQ-003286,LOC-07,SVC-01,Priority,Family Member,Portal,2026-01-23,44.5,Medium,4,0,1,0,4,175
REQ-003482,LOC-05,SVC-01,Priority,Client,Phone,2026-02-03,45.7,Medium,1,0,2,0,6,186
REQ-004078,LOC-03,SVC-02,Urgent,Case Manager,Phone,2026-03-05,77.0,Critical,3,0,3,0,10,216
REQ-004088,LOC-09,SVC-07,Emergency,GP / Clinician,Referral,2026-03-05,75.9,Critical,3,0,3,0,10,216
REQ-004465,LOC-04,SVC-03,Priority,Client,Phone,2026-03-24,37.1,Medium,1,0,3,0,13,235
REQ-004582,LOC-02,SVC-05,Routine,Client,Case Manager,2026-03-30,7.4,Low,0,0,3,0,14,241
REQ-004779,LOC-07,SVC-01,Urgent,Client,Phone,2026-04-08,21.2,Low,2,0,4,0,15,250
REQ-005028,LOC-08,SVC-05,Priority,Client,Referral,2026-04-22,63.3,High,2,0,4,0,17,264
REQ-005065,LOC-01,SVC-04,Priority,Client,Phone,2026-04-24,66.9,High,4,0,4,0,17,266
REQ-005666,LOC-08,SVC-02,Priority,Client,Phone,2026-05-21,33.8,Medium,3,0,5,0,21,293
REQ-006033,LOC-05,SVC-08,Priority,Case Manager,Case Manager,2026-06-06,88.6,Critical,5,1,6,1,23,309
REQ-006142,LOC-06,SVC-05,Routine,GP / Clinician,Referral,2026-06-11,37.0,Medium,3,0,6,1,24,314
REQ-006447,LOC-03,SVC-06,Routine,Client,Phone,2026-06-24,7.5,Low,2,0,6,1,26,327
REQ-006938,LOC-10,SVC-01,Routine,Client,Phone,2026-07-14,74.8,High,1,0,7,1,29,347
REQ-006955,LOC-01,SVC-01,Priority,Case Manager,Portal,2026-07-14,35.2,Medium,1,0,7,1,29,347
REQ-007143,LOC-07,SVC-01,Priority,Client,Portal,2026-07-23,28.4,Medium,3,0,7,1,30,356
REQ-007270,LOC-06,SVC-04,Routine,Family Member,Phone,2026-07-28,84.8,Critical,1,0,7,1,31,361
REQ-000114,LOC-01,SVC-01,Urgent,Case Manager,Phone,2025-08-06,78.6,Critical,2,0,8,1,32,5
REQ-000311,LOC-10,SVC-03,Routine,Family Member,Case Manager,2025-08-15,38.3,Medium,4,0,8,1,33,14
REQ-000449,LOC-04,SVC-01,Priority,Family Member,Referral,2025-08-21,47.5,Medium,3,0,8,1,34,20
REQ-000645,LOC-06,SVC-03,Priority,Client,Phone,2025-08-31,20.1,Low,6,1,8,1,35,30
REQ-000805,LOC-08,SVC-05,Routine,GP / Clinician,Referral,2025-09-09,46.8,Medium,1,0,9,0,37,39
REQ-001072,LOC-03,SVC-08,Routine,GP / Clinician,Referral,2025-09-23,38.6,Medium,1,0,9,0,39,53
REQ-001357,LOC-03,SVC-05,Priority,Client,Phone,2025-10-10,12.8,Low,4,0,10,0,41,70
REQ-001489,LOC-09,SVC-02,Routine,Case Manager,Phone,2025-10-17,59.6,High,4,0,10,0,42,77
REQ-001527,LOC-06,SVC-09,Priority,Client,Phone,2025-10-20,38.3,Medium,0,0,10,0,43,80
REQ-001813,LOC-02,SVC-04,Routine,Family Member,Portal,2025-11-04,37.0,Medium,1,0,11,0,45,95
REQ-001829,LOC-10,SVC-01,Emergency,Case Manager,Referral,2025-11-05,27.5,Medium,2,0,11,0,45,96
REQ-001858,LOC-02,SVC-06,Routine,Family Member,Phone,2025-11-07,41.9,Medium,4,0,11,0,45,98
REQ-002404,LOC-05,SVC-09,Emergency,Case Manager,Portal,2025-12-06,39.3,Medium,5,1,12,0,49,127
REQ-002587,LOC-01,SVC-01,Urgent,Client,Case Manager,2025-12-16,62.5,High,1,0,12,0,51,137
REQ-003136,LOC-01,SVC-05,Urgent,Client,Phone,2026-01-15,16.7,Low,3,0,1,0,3,167
REQ-003780,LOC-07,SVC-06,Routine,Case Manager,Phone,2026-02-16,60.6,High,0,0,2,0,8,199
REQ-004187,LOC-08,SVC-08,Routine,Client,Portal,2026-03-11,19.4,Low,2,0,3,0,11,222
REQ-004213,LOC-06,SVC-01,Priority,Client,Portal,2026-03-12,18.5,Low,3,0,3,0,11,223
REQ-004512,LOC-02,SVC-03,Routine,Family Member,Phone,2026-03-26,95.8,Critical,3,0,3,0,13,237
REQ-004515,LOC-06,SVC-06,Routine,Client,Phone,2026-03-26,43.1,Medium,3,0,3,0,13,237
REQ-004806,LOC-05,SVC-07,Urgent,GP / Clinician,Phone,2026-04-10,80.6,Critical,4,0,4,0,15,252
REQ-004930,LOC-10,SVC-02,Priority,Client,Phone,2026-04-15,23.5,Low,2,0,4,0,16,257
REQ-005439,LOC-06,SVC-01,Priority,Client,Phone,2026-05-12,42.3,Medium,1,0,5,0,20,284
REQ-005587,LOC-03,SVC-07,Routine,Client,Portal,2026-05-19,8.0,Low,1,0,5,0,21,291
REQ-005859,LOC-08,SVC-03,Priority,Client,Portal,2026-05-30,37.7,Medium,5,1,5,0,22,302
REQ-006045,LOC-02,SVC-08,Routine,Case Manager,Phone,2026-06-08,37.9,Medium,0,0,6,1,24,311
REQ-006103,LOC-01,SVC-03,Priority,Client,Phone,2026-06-10,32.5,Medium,2,0,6,1,24,313
REQ-006407,LOC-06,SVC-09,Routine,Client,Portal,2026-06-22,9.4,Low,0,0,6,1,26,325
REQ-007026,LOC-08,SVC-02,Routine,Family Member,Case Manager,2026-07-17,55.4,High,4,0,7,1,29,350
REQ-007236,LOC-01,SVC-01,Routine,Family Member,Phone,2026-07-27,35.8,Medium,0,0,7,1,31,360
REQ-000085,LOC-05,SVC-07,Priority,Case Manager,Portal,2025-08-05,56.3,High,1,0,8,1,32,4
REQ-000155,LOC-05,SVC-07,Priority,Family Member,Referral,2025-08-08,58.9,High,4,0,8,1,32,7
REQ-000163,LOC-01,SVC-02,Routine,Client,Referral,2025-08-08,13.4,Low,4,0,8,1,32,7
REQ-000184,LOC-02,SVC-01,Routine,Client,Portal,2025-08-09,47.1,High,5,1,8,1,32,8
REQ-000193,LOC-04,SVC-07,Routine,Client,Portal,2025-08-10,8.1,Low,6,1,8,1,32,9
REQ-000239,LOC-06,SVC-08,Routine,Case Manager,Portal,2025-08-12,37.8,Medium,1,0,8,1,33,11
REQ-001248,LOC-08,SVC-02,Routine,Family Member,Portal,2025-10-05,22.4,Low,6,1,10,0,40,65
REQ-001536,LOC-08,SVC-01,Priority,Client,Referral,2025-10-21,41.3,Medium,1,0,10,0,43,81
REQ-001556,LOC-03,SVC-02,Urgent,Family Member,Portal,2025-10-21,43.5,Medium,1,0,10,0,43,81
REQ-001967,LOC-07,SVC-05,Emergency,Case Manager,Phone,2025-11-13,86.2,Critical,3,0,11,0,46,104
REQ-002123,LOC-06,SVC-03,Routine,Client,Portal,2025-11-21,22.4,Low,4,0,11,0,47,112
REQ-002461,LOC-06,SVC-01,Priority,Case Manager,Portal,2025-12-09,37.6,Medium,1,0,12,0,50,130
REQ-002617,LOC-01,SVC-01,Emergency,Client,Phone,2025-12-18,68.3,High,3,0,12,0,51,139
REQ-002735,LOC-10,SVC-08,Routine,Family Member,Phone,2025-12-25,11.2,Low,3,0,12,0,52,146
REQ-003047,LOC-08,SVC-05,Routine,Family Member,Phone,2026-01-11,32.5,Medium,6,1,1,0,2,163
REQ-003294,LOC-03,SVC-08,Urgent,Family Member,Referral,2026-01-23,60.7,High,4,0,1,0,4,175
REQ-003379,LOC-06,SVC-05,Urgent,Family Member,Phone,2026-01-28,61.8,High,2,0,1,0,5,180
REQ-003553,LOC-05,SVC-09,Priority,Client,Portal,2026-02-06,44.1,Medium,4,0,2,0,6,189
REQ-003571,LOC-01,SVC-01,Urgent,Case Manager,Phone,2026-02-06,29.0,Medium,4,0,2,0,6,189
REQ-003671,LOC-01,SVC-01,Routine,Family Member,Portal,2026-02-11,22.7,Low,2,0,2,0,7,194
REQ-004645,LOC-03,SVC-07,Urgent,Client,Portal,2026-04-01,42.8,Medium,2,0,4,0,14,243
REQ-004718,LOC-05,SVC-05,Routine,Client,Portal,2026-04-06,42.2,Medium,0,0,4,0,15,248
REQ-005148,LOC-01,SVC-05,Routine,Case Manager,Referral,2026-04-28,46.4,Medium,1,0,4,0,18,270
REQ-005317,LOC-07,SVC-08,Routine,Family Member,Referral,2026-05-06,39.4,Medium,2,0,5,0,19,278
REQ-005573,LOC-10,SVC-03,Routine,Client,Phone,2026-05-18,92.0,Critical,0,0,5,0,21,290
REQ-006388,LOC-08,SVC-02,Priority,Family Member,Referral,2026-06-22,41.7,Medium,0,0,6,1,26,325
REQ-006456,LOC-10,SVC-01,Routine,Client,Portal,2026-06-24,15.9,Low,2,0,6,1,26,327
REQ-006476,LOC-10,SVC-08,Routine,Client,Phone,2026-06-25,1.8,Low,3,0,6,1,26,328
REQ-006586,LOC-02,SVC-03,Urgent,Case Manager,Phone,2026-06-30,78.3,Critical,1,0,6,1,27,333
REQ-006652,LOC-09,SVC-02,Priority,GP / Clinician,Phone,2026-07-02,64.1,High,3,0,7,1,27,335
REQ-007108,LOC-03,SVC-01,Routine,Client,Phone,2026-07-21,34.2,Medium,1,0,7,1,30,354
REQ-007241,LOC-07,SVC-06,Routine,Family Member,Referral,2026-07-27,23.8,Low,0,0,7,1,31,360
REQ-000562,LOC-10,SVC-01,Routine,Family Member,Phone,2025-08-27,28.4,Medium,2,0,8,1,35,26
REQ-000639,LOC-10,SVC-04,Routine,Family Member,Phone,2025-08-30,30.4,Medium,5,1,8,1,35,29
REQ-000749,LOC-07,SVC-05,Routine,Client,Referral,2025-09-06,10.1,Low,5,1,9,0,36,36
REQ-000821,LOC-01,SVC-06,Priority,Family Member,Phone,2025-09-10,9.5,Low,2,0,9,0,37,40
REQ-000881,LOC-05,SVC-08,Routine,Case Manager,Phone,2025-09-12,43.1,Medium,4,0,9,0,37,42
REQ-000999,LOC-05,SVC-02,Priority,Client,Phone,2025-09-19,62.3,High,4,0,9,0,38,49
REQ-001297,LOC-10,SVC-05,Priority,Client,Portal,2025-10-08,61.6,High,2,0,10,0,41,68
REQ-001596,LOC-09,SVC-07,Priority,Client,Phone,2025-10-23,41.9,Medium,3,0,10,0,43,83
REQ-001652,LOC-01,SVC-02,Urgent,Case Manager,Case Manager,2025-10-27,42.5,Medium,0,0,10,0,44,87
REQ-001892,LOC-08,SVC-01,Urgent,Family Member,Portal,2025-11-09,10.1,Low,6,1,11,0,45,100
REQ-001978,LOC-01,SVC-02,Urgent,Family Member,Phone,2025-11-14,84.4,Critical,4,0,11,0,46,105
REQ-002197,LOC-03,SVC-02,Routine,Family Member,Portal,2025-11-25,13.4,Low,1,0,11,0,48,116
REQ-002250,LOC-09,SVC-02,Routine,Client,Portal,2025-11-28,24.0,Low,4,0,11,0,48,119
REQ-002591,LOC-06,SVC-01,Priority,Case Manager,Phone,2025-12-17,84.4,Critical,2,0,12,0,51,138
REQ-002867,LOC-06,SVC-04,Priority,Family Member,Portal,2025-12-31,19.5,Low,2,0,12,0,1,152
REQ-002972,LOC-03,SVC-09,Priority,Client,Phone,2026-01-07,27.5,Medium,2,0,1,0,2,159
REQ-003120,LOC-09,SVC-01,Urgent,Family Member,Referral,2026-01-14,65.4,High,2,0,1,0,3,166
REQ-003314,LOC-08,SVC-01,Routine,Client,Portal,2026-01-25,15.5,Low,6,1,1,0,4,177
REQ-003692,LOC-07,SVC-04,Priority,Client,Phone,2026-02-12,41.0,Medium,3,0,2,0,7,195
REQ-003745,LOC-02,SVC-05,Routine,Client,Phone,2026-02-14,33.3,Medium,5,1,2,0,7,197
REQ-004067,LOC-07,SVC-06,Routine,Case Manager,Portal,2026-03-04,44.1,Medium,2,0,3,0,10,215
REQ-004273,LOC-08,SVC-03,Routine,Family Member,Phone,2026-03-16,58.5,High,0,0,3,0,12,227
REQ-004432,LOC-06,SVC-04,Routine,Client,Portal,2026-03-23,8.3,Low,0,0,3,0,13,234
REQ-004783,LOC-10,SVC-04,Routine,Client,Phone,2026-04-08,40.2,Medium,2,0,4,0,15,250
REQ-004803,LOC-02,SVC-03,Routine,Case Manager,Portal,2026-04-10,66.4,High,4,0,4,0,15,252
REQ-004965,LOC-08,SVC-01,Routine,Client,Referral,2026-04-17,13.6,Low,4,0,4,0,16,259
REQ-005095,LOC-03,SVC-01,Routine,Family Member,Referral,2026-04-26,34.0,Medium,6,1,4,0,17,268
REQ-005297,LOC-08,SVC-07,Priority,GP / Clinician,Phone,2026-05-05,11.2,Low,1,0,5,0,19,277
REQ-005468,LOC-09,SVC-07,Routine,Client,Phone,2026-05-13,16.7,Low,2,0,5,0,20,285
REQ-005876,LOC-05,SVC-03,Urgent,Client,Phone,2026-05-31,63.0,High,6,1,5,0,22,303
REQ-006374,LOC-06,SVC-02,Routine,Family Member,Referral,2026-06-21,17.7,Low,6,1,6,1,25,324
REQ-006630,LOC-02,SVC-04,Routine,Client,Portal,2026-07-01,10.5,Low,2,0,7,1,27,334
REQ-006635,LOC-01,SVC-07,Routine,Case Manager,Portal,2026-07-01,40.4,Medium,2,0,7,1,27,334
REQ-006825,LOC-05,SVC-02,Routine,Client,Referral,2026-07-09,33.3,Medium,3,0,7,1,28,342
REQ-007260,LOC-02,SVC-03,Routine,Family Member,Portal,2026-07-28,14.5,Low,1,0,7,1,31,361
REQ-007261,LOC-09,SVC-02,Emergency,Family Member,Phone,2026-07-28,89.3,Critical,1,0,7,1,31,361
REQ-000271,LOC-10,SVC-06,Priority,Client,Portal,2025-08-14,41.0,Medium,3,0,8,1,33,13
REQ-000443,LOC-03,SVC-07,Emergency,Case Manager,Phone,2025-08-21,90.3,Critical,3,0,8,1,34,20
REQ-000782,LOC-04,SVC-02,Urgent,Client,Portal,2025-09-08,27.5,Medium,0,0,9,0,37,38
REQ-001344,LOC-09,SVC-04,Routine,Client,Portal,2025-10-09,31.2,Medium,3,0,10,0,41,69
REQ-001387,LOC-03,SVC-09,Routine,Family Member,Portal,2025-10-13,10.8,Low,0,0,10,0,42,73
REQ-001435,LOC-07,SVC-07,Urgent,Client,Phone,2025-10-15,63.1,High,2,0,10,0,42,75
REQ-001595,LOC-10,SVC-03,Priority,Family Member,Phone,2025-10-23,13.8,Low,3,0,10,0,43,83
REQ-001780,LOC-09,SVC-04,Urgent,Family Member,Referral,2025-11-03,13.6,Low,0,0,11,0,45,94
REQ-001845,LOC-04,SVC-03,Routine,Client,Portal,2025-11-06,20.6,Low,3,0,11,0,45,97
REQ-001872,LOC-10,SVC-04,Priority,Client,Portal,2025-11-07,32.8,Medium,4,0,11,0,45,98
REQ-002133,LOC-08,SVC-02,Urgent,Client,Phone,2025-11-22,19.3,Low,5,1,11,0,47,113
REQ-002270,LOC-08,SVC-07,Priority,Family Member,Portal,2025-11-29,11.2,Low,5,1,11,0,48,120
REQ-002563,LOC-02,SVC-03,Priority,GP / Clinician,Portal,2025-12-15,46.3,Medium,0,0,12,0,51,136
REQ-002710,LOC-06,SVC-01,Priority,Client,Case Manager,2025-12-24,35.2,Medium,2,0,12,0,52,145
REQ-003303,LOC-07,SVC-09,Routine,Case Manager,Portal,2026-01-23,71.7,High,4,0,1,0,4,175
REQ-003362,LOC-04,SVC-02,Routine,Client,Case Manager,2026-01-27,8.8,Low,1,0,1,0,5,179
REQ-003587,LOC-01,SVC-05,Urgent,Client,Phone,2026-02-07,71.1,High,5,1,2,0,6,190
REQ-003620,LOC-02,SVC-08,Routine,Client,Phone,2026-02-09,38.8,Medium,0,0,2,0,7,192
REQ-004061,LOC-10,SVC-09,Priority,Client,Portal,2026-03-04,22.0,Low,2,0,3,0,10,215
REQ-004366,LOC-09,SVC-05,Routine,Family Member,Case Manager,2026-03-19,54.8,High,3,0,3,0,12,230
REQ-004629,LOC-08,SVC-01,Routine,Family Member,Phone,2026-04-01,17.7,Low,2,0,4,0,14,243
REQ-005152,LOC-04,SVC-05,Urgent,GP / Clinician,Case Manager,2026-04-29,33.1,Medium,2,0,4,0,18,271
REQ-005557,LOC-08,SVC-01,Priority,Client,Phone,2026-05-17,31.2,Medium,6,1,5,0,20,289
REQ-005604,LOC-05,SVC-02,Priority,Client,Referral,2026-05-19,59.0,High,1,0,5,0,21,291
REQ-005882,LOC-10,SVC-06,Routine,Client,Phone,2026-06-01,4.8,Low,0,0,6,1,23,304
REQ-006215,LOC-02,SVC-05,Routine,Case Manager,Case Manager,2026-06-15,64.1,High,0,0,6,1,25,318
REQ-006699,LOC-05,SVC-01,Urgent,Family Member,Case Manager,2026-07-03,64.4,High,4,0,7,1,27,336
REQ-000122,LOC-10,SVC-04,Routine,Family Member,Portal,2025-08-07,21.4,Low,3,0,8,1,32,6
REQ-000276,LOC-10,SVC-01,Routine,Case Manager,Referral,2025-08-14,13.9,Low,3,0,8,1,33,13
REQ-000343,LOC-03,SVC-09,Routine,Family Member,Phone,2025-08-17,65.8,High,6,1,8,1,33,16
REQ-000357,LOC-10,SVC-02,Priority,GP / Clinician,Phone,2025-08-18,60.2,High,0,0,8,1,34,17
REQ-000386,LOC-06,SVC-04,Routine,Client,Phone,2025-08-19,25.4,Medium,1,0,8,1,34,18
REQ-001256,LOC-01,SVC-01,Routine,Client,Portal,2025-10-05,40.2,Medium,6,1,10,0,40,65
REQ-001699,LOC-01,SVC-07,Urgent,Client,Portal,2025-10-29,15.5,Low,2,0,10,0,44,89
REQ-001848,LOC-06,SVC-05,Routine,Case Manager,Case Manager,2025-11-06,40.4,Medium,3,0,11,0,45,97
REQ-002037,LOC-02,SVC-01,Priority,Case Manager,Portal,2025-11-17,72.9,High,0,0,11,0,47,108
REQ-002561,LOC-07,SVC-06,Priority,Family Member,Portal,2025-12-15,35.8,Medium,0,0,12,0,51,136
REQ-002755,LOC-06,SVC-02,Routine,Family Member,Portal,2025-12-26,19.2,Low,4,0,12,0,52,147
REQ-002913,LOC-04,SVC-07,Priority,Client,Case Manager,2026-01-03,68.4,High,5,1,1,0,1,155
REQ-002938,LOC-06,SVC-05,Priority,Client,Portal,2026-01-05,14.6,Low,0,0,1,0,2,157
REQ-003404,LOC-09,SVC-01,Urgent,Family Member,Case Manager,2026-01-29,48.2,High,3,0,1,0,5,181
REQ-003540,LOC-02,SVC-09,Priority,Case Manager,Case Manager,2026-02-05,31.1,Medium,3,0,2,0,6,188
REQ-003735,LOC-10,SVC-02,Priority,Client,Phone,2026-02-13,9.3,Low,4,0,2,0,7,196
REQ-003771,LOC-05,SVC-05,Urgent,Client,Portal,2026-02-16,41.7,Medium,0,0,2,0,8,199
REQ-003991,LOC-08,SVC-02,Routine,Client,Portal,2026-02-28,10.4,Low,5,1,2,0,9,211
REQ-003995,LOC-01,SVC-01,Routine,Client,Portal,2026-02-28,50.6,Medium,5,1,2,0,9,211
REQ-004236,LOC-09,SVC-03,Routine,Client,Phone,2026-03-13,64.9,High,4,0,3,0,11,224
REQ-004445,LOC-03,SVC-05,Routine,Client,Portal,2026-03-23,4.9,Low,0,0,3,0,13,234
REQ-004464,LOC-07,SVC-06,Priority,Family Member,Referral,2026-03-24,40.0,Medium,1,0,3,0,13,235
REQ-004492,LOC-04,SVC-06,Routine,GP / Clinician,Phone,2026-03-26,64.3,High,3,0,3,0,13,237
REQ-004903,LOC-09,SVC-05,Routine,Client,Case Manager,2026-04-14,41.8,Medium,1,0,4,0,16,256
REQ-005116,LOC-07,SVC-05,Urgent,Case Manager,Phone,2026-04-27,42.9,Medium,0,0,4,0,18,269
REQ-005199,LOC-02,SVC-02,Routine,GP / Clinician,Phone,2026-04-30,90.5,Critical,3,0,4,0,18,272
REQ-005512,LOC-02,SVC-01,Urgent,Family Member,Portal,2026-05-15,65.3,High,4,0,5,0,20,287
REQ-006289,LOC-03,SVC-08,Routine,Case Manager,Case Manager,2026-06-17,15.7,Low,2,0,6,1,25,320
REQ-006499,LOC-07,SVC-01,Priority,Family Member,Phone,2026-06-26,82.6,Critical,4,0,6,1,26,329
REQ-006503,LOC-09,SVC-02,Routine,Case Manager,Portal,2026-06-26,32.5,Medium,4,0,6,1,26,329
REQ-000157,LOC-06,SVC-01,Priority,Case Manager,Phone,2025-08-08,64.0,High,4,0,8,1,32,7
REQ-001077,LOC-02,SVC-01,Urgent,Case Manager,Phone,2025-09-24,86.6,Critical,2,0,9,0,39,54
REQ-001380,LOC-06,SVC-01,Urgent,Case Manager,Referral,2025-10-12,88.4,Critical,6,1,10,0,41,72
REQ-001511,LOC-08,SVC-06,Priority,Family Member,Referral,2025-10-19,37.4,Medium,6,1,10,0,42,79
REQ-001538,LOC-01,SVC-02,Priority,Family Member,Referral,2025-10-21,60.6,High,1,0,10,0,43,81
REQ-001908,LOC-02,SVC-02,Urgent,Client,Portal,2025-11-10,58.7,High,0,0,11,0,46,101
REQ-002527,LOC-04,SVC-07,Emergency,Client,Portal,2025-12-13,33.0,Medium,5,1,12,0,50,134
REQ-002730,LOC-09,SVC-04,Urgent,Case Manager,Portal,2025-12-24,67.9,High,2,0,12,0,52,145
REQ-002986,LOC-10,SVC-01,Routine,Client,Phone,2026-01-07,18.5,Low,2,0,1,0,2,159
REQ-003304,LOC-07,SVC-09,Emergency,GP / Clinician,Referral,2026-01-24,92.4,Critical,5,1,1,0,4,176
REQ-003569,LOC-01,SVC-05,Routine,Case Manager,Phone,2026-02-06,42.3,Medium,4,0,2,0,6,189
REQ-004057,LOC-08,SVC-09,Routine,Family Member,Portal,2026-03-04,43.3,Medium,2,0,3,0,10,215
REQ-004220,LOC-08,SVC-01,Urgent,Client,Phone,2026-03-12,21.8,Low,3,0,3,0,11,223
REQ-005088,LOC-04,SVC-02,Routine,Client,Portal,2026-04-25,10.6,Low,5,1,4,0,17,267
REQ-005102,LOC-06,SVC-06,Routine,Family Member,Phone,2026-04-26,75.1,High,6,1,4,0,17,268
REQ-005699,LOC-05,SVC-07,Priority,Family Member,Portal,2026-05-22,46.2,High,4,0,5,0,21,294
REQ-006283,LOC-08,SVC-03,Routine,Case Manager,Portal,2026-06-17,1.7,Low,2,0,6,1,25,320
REQ-006628,LOC-09,SVC-01,Priority,Family Member,Referral,2026-07-01,56.8,High,2,0,7,1,27,334
REQ-000242,LOC-07,SVC-05,Urgent,Family Member,Portal,2025-08-12,39.1,Medium,1,0,8,1,33,11
REQ-000655,LOC-10,SVC-06,Priority,Family Member,Referral,2025-09-01,63.7,High,0,0,9,0,36,31
REQ-001894,LOC-08,SVC-08,Urgent,Client,Phone,2025-11-09,52.9,High,6,1,11,0,45,100
REQ-002232,LOC-09,SVC-01,Urgent,Client,Referral,2025-11-27,41.3,Medium,3,0,11,0,48,118
REQ-002292,LOC-06,SVC-01,Routine,Family Member,Referral,2025-12-01,16.4,Low,0,0,12,0,49,122
REQ-002343,LOC-07,SVC-02,Urgent,Client,Referral,2025-12-03,37.0,Medium,2,0,12,0,49,124
REQ-002860,LOC-05,SVC-02,Priority,Client,Phone,2025-12-31,25.1,Low,2,0,12,0,1,152
REQ-003002,LOC-05,SVC-02,Priority,Case Manager,Case Manager,2026-01-08,36.7,Medium,3,0,1,0,2,160
REQ-003086,LOC-06,SVC-05,Routine,Client,Portal,2026-01-13,12.9,Low,1,0,1,0,3,165
REQ-003305,LOC-09,SVC-02,Priority,Client,Portal,2026-01-24,17.2,Low,5,1,1,0,4,176
REQ-003464,LOC-07,SVC-09,Urgent,Client,Phone,2026-02-02,38.0,Medium,0,0,2,0,6,185
REQ-003873,LOC-01,SVC-05,Urgent,Client,Case Manager,2026-02-21,37.8,Medium,5,1,2,0,8,204
REQ-003875,LOC-09,SVC-07,Routine,Client,Portal,2026-02-21,21.2,Low,5,1,2,0,8,204
REQ-004229,LOC-10,SVC-01,Priority,Client,Portal,2026-03-13,8.4,Low,4,0,3,0,11,224
REQ-004459,LOC-09,SVC-06,Routine,Case Manager,Referral,2026-03-24,34.1,Medium,1,0,3,0,13,235
REQ-004568,LOC-06,SVC-03,Routine,Client,Phone,2026-03-30,62.6,High,0,0,3,0,14,241
REQ-004841,LOC-09,SVC-02,Priority,Client,Referral,2026-04-12,21.1,Medium,6,1,4,0,15,254
REQ-005481,LOC-03,SVC-06,Routine,Client,Referral,2026-05-13,33.3,Medium,2,0,5,0,20,285
REQ-005575,LOC-05,SVC-05,Routine,Client,Referral,2026-05-18,13.9,Low,0,0,5,0,21,290
REQ-005987,LOC-09,SVC-06,Routine,GP / Clinician,Case Manager,2026-06-04,32.8,Medium,3,0,6,1,23,307
REQ-006100,LOC-02,SVC-03,Priority,GP / Clinician,Phone,2026-06-10,53.9,High,2,0,6,1,24,313
REQ-006113,LOC-08,SVC-05,Emergency,Family Member,Portal,2026-06-11,14.5,Low,3,0,6,1,24,314
REQ-006529,LOC-03,SVC-07,Priority,Client,Phone,2026-06-27,9.0,Low,5,1,6,1,26,330
REQ-006709,LOC-05,SVC-03,Priority,Client,Phone,2026-07-04,18.9,Low,5,1,7,1,27,337
REQ-006760,LOC-01,SVC-03,Emergency,Case Manager,Phone,2026-07-07,82.6,Critical,1,0,7,1,28,340
REQ-006976,LOC-10,SVC-02,Routine,Case Manager,Referral,2026-07-15,1.0,Low,2,0,7,1,29,348
REQ-007146,LOC-07,SVC-03,Emergency,Case Manager,Referral,2026-07-23,85.8,Critical,3,0,7,1,30,356
REQ-000136,LOC-03,SVC-04,Routine,Family Member,Phone,2025-08-07,39.8,Medium,3,0,8,1,32,6
REQ-000322,LOC-03,SVC-02,Routine,Case Manager,Portal,2025-08-16,17.7,Low,5,1,8,1,33,15
REQ-000533,LOC-10,SVC-06,Routine,Family Member,Referral,2025-08-26,11.7,Low,1,0,8,1,35,25
REQ-000601,LOC-09,SVC-08,Routine,Case Manager,Case Manager,2025-08-28,38.8,Medium,3,0,8,1,35,27
REQ-001144,LOC-07,SVC-02,Routine,Client,Case Manager,2025-09-28,17.4,Low,6,1,9,0,39,58
REQ-001159,LOC-08,SVC-07,Routine,Family Member,Referral,2025-09-29,29.7,Medium,0,0,9,0,40,59
REQ-001463,LOC-09,SVC-05,Emergency,Client,Case Manager,2025-10-16,50.7,High,3,0,10,0,42,76
REQ-001632,LOC-07,SVC-04,Routine,Client,Phone,2025-10-26,5.4,Low,6,1,10,0,43,86
REQ-001831,LOC-04,SVC-06,Routine,Client,Portal,2025-11-05,4.1,Low,2,0,11,0,45,96
REQ-002267,LOC-10,SVC-05,Routine,Client,Phone,2025-11-28,20.2,Low,4,0,11,0,48,119
REQ-003222,LOC-09,SVC-08,Priority,Case Manager,Portal,2026-01-20,31.7,Medium,1,0,1,0,4,172
REQ-003582,LOC-05,SVC-06,Urgent,Family Member,Case Manager,2026-02-06,94.9,Critical,4,0,2,0,6,189
REQ-003747,LOC-10,SVC-03,Routine,GP / Clinician,Phone,2026-02-14,68.5,High,5,1,2,0,7,197
REQ-004720,LOC-04,SVC-06,Priority,Client,Portal,2026-04-06,17.4,Low,0,0,4,0,15,248
REQ-004893,LOC-04,SVC-05,Routine,Family Member,Referral,2026-04-14,28.7,Low,1,0,4,0,16,256
REQ-005233,LOC-10,SVC-02,Priority,Family Member,Phone,2026-05-01,17.5,Low,4,0,5,0,18,273
REQ-005941,LOC-09,SVC-01,Priority,Family Member,Referral,2026-06-03,10.3,Low,2,0,6,1,23,306
REQ-006091,LOC-10,SVC-02,Routine,Client,Case Manager,2026-06-09,15.7,Low,1,0,6,1,24,312
REQ-006241,LOC-04,SVC-01,Routine,Family Member,Portal,2026-06-16,35.9,Medium,1,0,6,1,25,319
REQ-006308,LOC-02,SVC-08,Urgent,Case Manager,Phone,2026-06-18,89.1,Critical,3,0,6,1,25,321
REQ-006398,LOC-09,SVC-08,Urgent,Family Member,Portal,2026-06-22,34.2,Medium,0,0,6,1,26,325
REQ-006715,LOC-06,SVC-06,Urgent,Case Manager,Phone,2026-07-05,87.9,Critical,6,1,7,1,27,338
REQ-006929,LOC-04,SVC-07,Routine,Client,Portal,2026-07-13,28.8,Medium,0,0,7,1,29,346
REQ-007024,LOC-07,SVC-04,Routine,Family Member,Portal,2026-07-17,15.2,Low,4,0,7,1,29,350
REQ-007047,LOC-10,SVC-05,Routine,Family Member,Portal,2026-07-18,14.7,Low,5,1,7,1,29,351
REQ-000010,LOC-01,SVC-05,Priority,Family Member,Phone,2025-08-01,78.1,Critical,4,0,8,1,31,0
REQ-000169,LOC-04,SVC-01,Urgent,GP / Clinician,Portal,2025-08-08,61.3,High,4,0,8,1,32,7
REQ-000446,LOC-04,SVC-03,Routine,Client,Referral,2025-08-21,20.5,Low,3,0,8,1,34,20
REQ-000479,LOC-02,SVC-03,Priority,Client,Case Manager,2025-08-23,27.8,Medium,5,1,8,1,34,22
REQ-001253,LOC-06,SVC-01,Priority,GP / Clinician,Portal,2025-10-05,59.1,High,6,1,10,0,40,65
REQ-001482,LOC-08,SVC-02,Priority,Client,Portal,2025-10-17,15.4,Low,4,0,10,0,42,77
REQ-001607,LOC-02,SVC-07,Routine,Family Member,Case Manager,2025-10-24,34.9,Medium,4,0,10,0,43,84
REQ-001711,LOC-09,SVC-06,Urgent,Case Manager,Phone,2025-10-30,73.0,High,3,0,10,0,44,90
REQ-002121,LOC-06,SVC-09,Urgent,GP / Clinician,Referral,2025-11-21,90.3,Critical,4,0,11,0,47,112
REQ-002417,LOC-05,SVC-01,Routine,Family Member,Portal,2025-12-07,20.8,Low,6,1,12,0,49,128
REQ-002469,LOC-02,SVC-01,Routine,Client,Case Manager,2025-12-10,49.4,Medium,2,0,12,0,50,131
REQ-002520,LOC-07,SVC-02,Urgent,Client,Referral,2025-12-12,55.8,High,4,0,12,0,50,133
REQ-002776,LOC-09,SVC-01,Priority,Client,Referral,2025-12-27,29.2,Low,5,1,12,0,52,148
REQ-003023,LOC-04,SVC-03,Routine,Family Member,Phone,2026-01-09,17.4,Low,4,0,1,0,2,161
REQ-003121,LOC-06,SVC-01,Urgent,Client,Referral,2026-01-14,44.6,Medium,2,0,1,0,3,166
REQ-003387,LOC-10,SVC-02,Routine,Client,Portal,2026-01-28,12.7,Low,2,0,1,0,5,180
REQ-003470,LOC-05,SVC-06,Routine,Family Member,Phone,2026-02-03,68.5,High,1,0,2,0,6,186
REQ-003498,LOC-07,SVC-03,Priority,Client,Phone,2026-02-04,9.0,Low,2,0,2,0,6,187
REQ-003590,LOC-01,SVC-01,Priority,Client,Portal,2026-02-07,40.2,Medium,5,1,2,0,6,190
REQ-003658,LOC-08,SVC-07,Emergency,Case Manager,Case Manager,2026-02-11,43.2,Medium,2,0,2,0,7,194
REQ-003662,LOC-03,SVC-06,Routine,Family Member,Phone,2026-02-11,22.5,Low,2,0,2,0,7,194
REQ-003881,LOC-02,SVC-06,Routine,Client,Portal,2026-02-22,20.6,Low,6,1,2,0,8,205
REQ-004472,LOC-09,SVC-05,Priority,Case Manager,Case Manager,2026-03-25,52.7,High,2,0,3,0,13,236
REQ-004571,LOC-09,SVC-06,Priority,Case Manager,Case Manager,2026-03-30,79.2,Critical,0,0,3,0,14,241
REQ-004665,LOC-06,SVC-02,Routine,Family Member,Phone,2026-04-02,20.4,Low,3,0,4,0,14,244
REQ-004724,LOC-10,SVC-04,Priority,Case Manager,Phone,2026-04-06,58.4,High,0,0,4,0,15,248
REQ-004894,LOC-08,SVC-03,Routine,Client,Phone,2026-04-14,20.5,Low,1,0,4,0,16,256
REQ-005366,LOC-08,SVC-06,Routine,Client,Referral,2026-05-08,35.5,Medium,4,0,5,0,19,280
REQ-006155,LOC-05,SVC-05,Priority,Client,Phone,2026-06-12,10.9,Low,4,0,6,1,24,315
REQ-006252,LOC-07,SVC-01,Routine,Case Manager,Case Manager,2026-06-16,30.2,Medium,1,0,6,1,25,319
REQ-006291,LOC-01,SVC-04,Routine,Family Member,Case Manager,2026-06-17,13.8,Low,2,0,6,1,25,320
REQ-006599,LOC-05,SVC-01,Routine,Client,Portal,2026-06-30,39.4,Medium,1,0,6,1,27,333
REQ-006845,LOC-02,SVC-05,Routine,Family Member,Phone,2026-07-10,27.7,Medium,4,0,7,1,28,343
REQ-007027,LOC-03,SVC-09,Urgent,Family Member,Referral,2026-07-17,65.4,High,4,0,7,1,29,350
REQ-000167,LOC-05,SVC-07,Urgent,Case Manager,Case Manager,2025-08-08,62.5,High,4,0,8,1,32,7
REQ-000303,LOC-04,SVC-06,Routine,Client,Phone,2025-08-15,24.3,Low,4,0,8,1,33,14
REQ-000377,LOC-08,SVC-05,Routine,Client,Referral,2025-08-19,35.2,Medium,1,0,8,1,34,18
REQ-000796,LOC-09,SVC-07,Urgent,Case Manager,Phone,2025-09-09,85.1,Critical,1,0,9,0,37,39
REQ-001050,LOC-09,SVC-02,Urgent,Client,Portal,2025-09-22,51.3,High,0,0,9,0,39,52
REQ-001408,LOC-04,SVC-02,Priority,GP / Clinician,Phone,2025-10-13,38.2,Medium,0,0,10,0,42,73
REQ-001461,LOC-08,SVC-01,Routine,Client,Case Manager,2025-10-16,44.3,Medium,3,0,10,0,42,76
REQ-001673,LOC-04,SVC-04,Routine,Client,Phone,2025-10-28,6.7,Low,1,0,10,0,44,88
REQ-002181,LOC-09,SVC-01,Urgent,Client,Portal,2025-11-25,42.2,Medium,1,0,11,0,48,116
REQ-002304,LOC-03,SVC-03,Urgent,Case Manager,Portal,2025-12-02,46.2,Medium,1,0,12,0,49,123
REQ-002682,LOC-10,SVC-04,Priority,Case Manager,Phone,2025-12-22,60.6,High,0,0,12,0,52,143
REQ-002749,LOC-04,SVC-06,Emergency,Family Member,Phone,2025-12-25,7.8,Low,3,0,12,0,52,146
REQ-004312,LOC-08,SVC-06,Routine,Family Member,Case Manager,2026-03-17,36.3,Medium,1,0,3,0,12,228
REQ-004392,LOC-02,SVC-02,Routine,Client,Portal,2026-03-20,14.9,Low,4,0,3,0,12,231
REQ-004457,LOC-06,SVC-09,Routine,GP / Clinician,Phone,2026-03-24,24.4,Low,1,0,3,0,13,235
REQ-004848,LOC-07,SVC-01,Priority,Client,Referral,2026-04-12,13.9,Low,6,1,4,0,15,254
REQ-005137,LOC-01,SVC-06,Priority,Family Member,Phone,2026-04-28,33.6,Medium,1,0,4,0,18,270
REQ-005161,LOC-07,SVC-06,Priority,Family Member,Portal,2026-04-29,64.0,High,2,0,4,0,18,271
REQ-005283,LOC-08,SVC-02,Priority,Client,Referral,2026-05-04,46.9,Medium,0,0,5,0,19,276
REQ-005503,LOC-06,SVC-07,Routine,Client,Case Manager,2026-05-14,14.5,Low,3,0,5,0,20,286
REQ-005717,LOC-10,SVC-02,Routine,Client,Portal,2026-05-24,13.5,Low,6,1,5,0,21,296
REQ-006509,LOC-06,SVC-05,Routine,GP / Clinician,Phone,2026-06-26,62.5,High,4,0,6,1,26,329
REQ-006530,LOC-07,SVC-03,Urgent,Case Manager,Phone,2026-06-27,95.1,Critical,5,1,6,1,26,330
REQ-006969,LOC-10,SVC-01,Priority,Case Manager,Phone,2026-07-14,43.5,Medium,1,0,7,1,29,347
REQ-007013,LOC-01,SVC-06,Routine,Family Member,Case Manager,2026-07-16,48.7,Medium,3,0,7,1,29,349
REQ-007119,LOC-08,SVC-06,Priority,Client,Case Manager,2026-07-22,10.7,Low,2,0,7,1,30,355
REQ-000032,LOC-03,SVC-04,Routine,Client,Portal,2025-08-02,17.0,Low,5,1,8,1,31,1
REQ-000304,LOC-10,SVC-01,Routine,Family Member,Referral,2025-08-15,8.9,Low,4,0,8,1,33,14
REQ-000349,LOC-01,SVC-05,Priority,Client,Referral,2025-08-18,45.0,Medium,0,0,8,1,34,17
REQ-000359,LOC-06,SVC-01,Emergency,Client,Case Manager,2025-08-18,30.9,Medium,0,0,8,1,34,17
REQ-000380,LOC-07,SVC-03,Urgent,Client,Portal,2025-08-19,71.2,High,1,0,8,1,34,18
REQ-000721,LOC-06,SVC-02,Routine,GP / Clinician,Phone,2025-09-04,56.3,High,3,0,9,0,36,34
REQ-000797,LOC-10,SVC-01,Priority,Client,Phone,2025-09-09,12.2,Low,1,0,9,0,37,39
REQ-000852,LOC-02,SVC-09,Priority,GP / Clinician,Phone,2025-09-11,80.4,Critical,3,0,9,0,37,41
REQ-001133,LOC-10,SVC-02,Routine,Client,Portal,2025-09-27,21.8,Low,5,1,9,0,39,57
REQ-001564,LOC-06,SVC-01,Emergency,Case Manager,Phone,2025-10-22,81.5,Critical,2,0,10,0,43,82
REQ-001610,LOC-06,SVC-05,Routine,Client,Phone,2025-10-24,23.6,Low,4,0,10,0,43,84
REQ-001675,LOC-03,SVC-01,Routine,Case Manager,Phone,2025-10-28,37.5,Medium,1,0,10,0,44,88
REQ-001835,LOC-08,SVC-03,Priority,Case Manager,Case Manager,2025-11-05,64.9,High,2,0,11,0,45,96
REQ-002076,LOC-03,SVC-01,Routine,Client,Portal,2025-11-19,11.3,Low,2,0,11,0,47,110
REQ-002084,LOC-10,SVC-07,Urgent,GP / Clinician,Phone,2025-11-19,87.7,Critical,2,0,11,0,47,110
REQ-002215,LOC-09,SVC-03,Routine,GP / Clinician,Phone,2025-11-27,28.3,Low,3,0,11,0,48,118
REQ-003517,LOC-02,SVC-07,Urgent,GP / Clinician,Referral,2026-02-04,63.1,High,2,0,2,0,6,187
REQ-003557,LOC-09,SVC-01,Urgent,Case Manager,Portal,2026-02-06,42.5,Medium,4,0,2,0,6,189
REQ-003641,LOC-01,SVC-03,Routine,Client,Phone,2026-02-10,45.2,Medium,1,0,2,0,7,193
REQ-003969,LOC-02,SVC-05,Priority,Case Manager,Portal,2026-02-27,71.1,High,4,0,2,0,9,210
REQ-003973,LOC-10,SVC-01,Priority,Client,Phone,2026-02-27,39.1,Medium,4,0,2,0,9,210
REQ-004063,LOC-09,SVC-06,Routine,Family Member,Phone,2026-03-04,12.7,Low,2,0,3,0,10,215
REQ-004832,LOC-08,SVC-02,Routine,Client,Phone,2026-04-11,15.4,Low,5,1,4,0,15,253
REQ-005097,LOC-04,SVC-07,Routine,Case Manager,Referral,2026-04-26,35.1,Medium,6,1,4,0,17,268
REQ-005484,LOC-06,SVC-08,Routine,Client,Portal,2026-05-14,23.6,Low,3,0,5,0,20,286
REQ-005594,LOC-03,SVC-03,Routine,Case Manager,Portal,2026-05-19,66.4,High,1,0,5,0,21,291
REQ-005902,LOC-04,SVC-01,Routine,Family Member,Phone,2026-06-01,18.1,Low,0,0,6,1,23,304
REQ-006090,LOC-02,SVC-04,Priority,Family Member,Phone,2026-06-09,61.8,High,1,0,6,1,24,312
REQ-006469,LOC-04,SVC-03,Priority,Case Manager,Referral,2026-06-25,34.0,Medium,3,0,6,1,26,328
REQ-006730,LOC-01,SVC-05,Emergency,GP / Clinician,Referral,2026-07-06,68.3,High,0,0,7,1,28,339
REQ-006991,LOC-04,SVC-04,Urgent,Case Manager,Referral,2026-07-15,61.2,High,2,0,7,1,29,348
REQ-007244,LOC-04,SVC-06,Routine,Family Member,Portal,2026-07-27,26.4,Low,0,0,7,1,31,360
REQ-000025,LOC-08,SVC-06,Routine,GP / Clinician,Referral,2025-08-02,25.0,Low,5,1,8,1,31,1
REQ-000288,LOC-08,SVC-01,Urgent,Family Member,Case Manager,2025-08-14,69.9,High,3,0,8,1,33,13
REQ-000464,LOC-08,SVC-08,Priority,Client,Phone,2025-08-22,18.9,Low,4,0,8,1,34,21
REQ-000862,LOC-10,SVC-01,Routine,Client,Referral,2025-09-12,18.3,Low,4,0,9,0,37,42
REQ-001162,LOC-05,SVC-03,Routine,Client,Portal,2025-09-29,1.0,Low,0,0,9,0,40,59
REQ-001331,LOC-08,SVC-01,Urgent,Case Manager,Referral,2025-10-09,65.3,High,3,0,10,0,41,69
REQ-001547,LOC-06,SVC-01,Priority,Client,Referral,2025-10-21,11.2,Low,1,0,10,0,43,81
REQ-001880,LOC-04,SVC-04,Routine,GP / Clinician,Referral,2025-11-08,4.5,Low,5,1,11,0,45,99
REQ-002028,LOC-03,SVC-07,Priority,Family Member,Portal,2025-11-17,30.9,Medium,0,0,11,0,47,108
REQ-002116,LOC-08,SVC-04,Routine,Client,Referral,2025-11-21,34.4,Medium,4,0,11,0,47,112
REQ-002347,LOC-07,SVC-03,Routine,Family Member,Phone,2025-12-03,42.8,Medium,2,0,12,0,49,124
REQ-002890,LOC-10,SVC-02,Routine,Client,Referral,2026-01-02,15.0,Low,4,0,1,0,1,154
REQ-002942,LOC-04,SVC-07,Routine,GP / Clinician,Case Manager,2026-01-05,21.9,Low,0,0,1,0,2,157
REQ-003170,LOC-08,SVC-08,Urgent,Case Manager,Phone,2026-01-17,66.6,High,5,1,1,0,3,169
REQ-003218,LOC-06,SVC-05,Urgent,Case Manager,Phone,2026-01-20,87.0,Critical,1,0,1,0,4,172
REQ-003327,LOC-09,SVC-01,Priority,Case Manager,Portal,2026-01-26,54.7,High,0,0,1,0,5,178
REQ-003337,LOC-07,SVC-04,Routine,Client,Case Manager,2026-01-26,13.7,Low,0,0,1,0,5,178
REQ-003376,LOC-10,SVC-09,Emergency,GP / Clinician,Portal,2026-01-28,59.2,High,2,0,1,0,5,180
REQ-003688,LOC-10,SVC-01,Routine,Case Manager,Phone,2026-02-12,88.8,Critical,3,0,2,0,7,195
REQ-003794,LOC-02,SVC-03,Routine,Client,Case Manager,2026-02-17,40.2,Medium,1,0,2,0,8,200
REQ-003944,LOC-07,SVC-06,Urgent,Family Member,Phone,2026-02-25,54.4,High,2,0,2,0,9,208
REQ-004070,LOC-05,SVC-05,Routine,Family Member,Portal,2026-03-04,21.3,Low,2,0,3,0,10,215
REQ-004450,LOC-07,SVC-02,Routine,Client,Referral,2026-03-24,13.2,Low,1,0,3,0,13,235
REQ-004743,LOC-08,SVC-01,Routine,Case Manager,Phone,2026-04-06,38.1,Medium,0,0,4,0,15,248
REQ-005040,LOC-07,SVC-01,Routine,Client,Referral,2026-04-22,43.1,Medium,2,0,4,0,17,264
REQ-005574,LOC-08,SVC-01,Routine,Client,Portal,2026-05-18,3.8,Low,0,0,5,0,21,290
REQ-005626,LOC-04,SVC-09,Emergency,Case Manager,Portal,2026-05-20,77.5,Critical,2,0,5,0,21,292
REQ-005954,LOC-08,SVC-05,Priority,Family Member,Referral,2026-06-03,17.7,Low,2,0,6,1,23,306
REQ-006334,LOC-08,SVC-09,Routine,Client,Phone,2026-06-19,35.2,Medium,4,0,6,1,25,322
REQ-006704,LOC-03,SVC-08,Routine,Case Manager,Phone,2026-07-04,40.8,Medium,5,1,7,1,27,337
REQ-007079,LOC-08,SVC-01,Priority,Client,Case Manager,2026-07-20,30.5,Medium,0,0,7,1,30,353
REQ-007246,LOC-06,SVC-09,Routine,Family Member,Phone,2026-07-27,59.3,High,0,0,7,1,31,360
REQ-000014,LOC-04,SVC-01,Routine,Client,Portal,2025-08-01,13.1,Low,4,0,8,1,31,0
REQ-000077,LOC-10,SVC-06,Routine,Client,Phone,2025-08-05,9.9,Low,1,0,8,1,32,4
REQ-000314,LOC-01,SVC-01,Routine,Family Member,Phone,2025-08-15,44.0,Medium,4,0,8,1,33,14
REQ-000394,LOC-03,SVC-09,Routine,Client,Phone,2025-08-19,38.5,Medium,1,0,8,1,34,18
REQ-000872,LOC-07,SVC-06,Routine,GP / Clinician,Case Manager,2025-09-12,65.6,High,4,0,9,0,37,42
REQ-000983,LOC-01,SVC-03,Routine,Case Manager,Phone,2025-09-18,33.6,Medium,3,0,9,0,38,48
REQ-001197,LOC-06,SVC-05,Routine,Client,Portal,2025-10-01,16.8,Low,2,0,10,0,40,61
REQ-001312,LOC-07,SVC-02,Routine,Client,Portal,2025-10-08,17.9,Low,2,0,10,0,41,68
REQ-001642,LOC-09,SVC-01,Urgent,Family Member,Referral,2025-10-27,37.6,Medium,0,0,10,0,44,87
REQ-001713,LOC-02,SVC-02,Urgent,Client,Portal,2025-10-30,32.0,Medium,3,0,10,0,44,90
REQ-001781,LOC-03,SVC-05,Routine,Family Member,Portal,2025-11-03,13.7,Low,0,0,11,0,45,94
REQ-001960,LOC-06,SVC-01,Routine,Client,Phone,2025-11-12,25.9,Low,2,0,11,0,46,103
REQ-002504,LOC-05,SVC-02,Routine,Family Member,Phone,2025-12-11,11.2,Low,3,0,12,0,50,132
REQ-002546,LOC-04,SVC-06,Urgent,Case Manager,Case Manager,2025-12-15,55.9,High,0,0,12,0,51,136
REQ-003044,LOC-02,SVC-07,Urgent,Client,Phone,2026-01-10,33.6,Medium,5,1,1,0,2,162
REQ-003715,LOC-06,SVC-01,Routine,Client,Phone,2026-02-12,62.9,High,3,0,2,0,7,195
REQ-004182,LOC-01,SVC-03,Urgent,Case Manager,Phone,2026-03-10,54.7,High,1,0,3,0,11,221
REQ-004370,LOC-10,SVC-07,Routine,Family Member,Referral,2026-03-19,31.8,Medium,3,0,3,0,12,230
REQ-004717,LOC-02,SVC-03,Urgent,Case Manager,Phone,2026-04-05,86.9,Critical,6,1,4,0,14,247
REQ-004835,LOC-06,SVC-03,Routine,GP / Clinician,Phone,2026-04-12,30.4,Medium,6,1,4,0,15,254
REQ-005078,LOC-09,SVC-06,Routine,Family Member,Phone,2026-04-24,30.0,Medium,4,0,4,0,17,266
REQ-006234,LOC-01,SVC-02,Urgent,GP / Clinician,Phone,2026-06-16,42.6,Medium,1,0,6,1,25,319
REQ-006365,LOC-07,SVC-06,Urgent,Family Member,Portal,2026-06-20,17.6,Low,5,1,6,1,25,323
REQ-006421,LOC-10,SVC-05,Priority,Client,Phone,2026-06-23,36.8,Medium,1,0,6,1,26,326
REQ-006486,LOC-08,SVC-06,Routine,Client,Portal,2026-06-25,45.9,Medium,3,0,6,1,26,328
REQ-006742,LOC-06,SVC-04,Routine,Client,Case Manager,2026-07-06,9.6,Low,0,0,7,1,28,339
REQ-007111,LOC-09,SVC-05,Routine,Client,Portal,2026-07-21,45.5,Medium,1,0,7,1,30,354
REQ-007309,LOC-06,SVC-05,Routine,Client,Portal,2026-07-30,7.4,Low,3,0,7,1,31,363
