request_id,location_id,service_type_id,urgency,complexity_score,requested_date,sla_target_hours,sla_met_flag,day_of_week,is_weekend,month,is_winter,week_of_year,day_index,breach_label
REQ-000001,LOC-05,SVC-02,Routine,34.2,2025-08-01,168,True,4,0,8,1,31,0,0
REQ-000002,LOC-05,SVC-01,Routine,35.2,2025-08-01,168,True,4,0,8,1,31,0,0
REQ-000003,LOC-05,SVC-01,Routine,9.9,2025-08-01,168,True,4,0,8,1,31,0,0
REQ-000004,LOC-10,SVC-02,Routine,85.4,2025-08-01,218,True,4,0,8,1,31,0,0
REQ-000005,LOC-10,SVC-02,Urgent,26.6,2025-08-01,31,True,4,0,8,1,31,0,0
REQ-000006,LOC-07,SVC-07,Priority,71.5,2025-08-01,79,True,4,0,8,1,31,0,0
REQ-000008,LOC-01,SVC-09,Urgent,36.3,2025-08-01,24,True,4,0,8,1,31,0,0
REQ-000009,LOC-06,SVC-07,Routine,62.1,2025-08-01,185,True,4,0,8,1,31,0,0
REQ-000011,LOC-08,SVC-06,Routine,15.8,2025-08-01,218,True,4,0,8,1,31,0,0
REQ-000012,LOC-02,SVC-07,Routine,37.6,2025-08-01,168,True,4,0,8,1,31,0,0
REQ-000013,LOC-07,SVC-09,Priority,57.2,2025-08-01,79,True,4,0,8,1,31,0,0
REQ-000015,LOC-10,SVC-05,Routine,65.1,2025-08-01,218,True,4,0,8,1,31,0,0
REQ-000016,LOC-03,SVC-04,Priority,7.6,2025-08-01,72,True,4,0,8,1,31,0,0
REQ-000017,LOC-09,SVC-03,Routine,12.3,2025-08-01,218,True,4,0,8,1,31,0,0
REQ-000018,LOC-10,SVC-04,Urgent,11.8,2025-08-01,31,True,4,0,8,1,31,0,0
REQ-000020,LOC-01,SVC-07,Priority,42.9,2025-08-01,72,True,4,0,8,1,31,0,0
REQ-000021,LOC-06,SVC-09,Routine,37.8,2025-08-01,185,True,4,0,8,1,31,0,0
REQ-000022,LOC-09,SVC-05,Routine,41.1,2025-08-01,218,True,4,0,8,1,31,0,0
REQ-000023,LOC-02,SVC-01,Priority,38.3,2025-08-02,72,True,5,1,8,1,31,1,0
REQ-000024,LOC-06,SVC-03,Priority,33.4,2025-08-02,79,True,5,1,8,1,31,1,0
REQ-000026,LOC-07,SVC-01,Routine,12.8,2025-08-02,185,True,5,1,8,1,31,1,0
REQ-000027,LOC-01,SVC-04,Routine,54.7,2025-08-02,168,True,5,1,8,1,31,1,0
REQ-000028,LOC-03,SVC-05,Emergency,69.4,2025-08-02,4,False,5,1,8,1,31,1,1
REQ-000029,LOC-03,SVC-09,Priority,7.8,2025-08-02,72,True,5,1,8,1,31,1,0
REQ-000030,LOC-01,SVC-01,Routine,34.2,2025-08-02,168,True,5,1,8,1,31,1,0
REQ-000031,LOC-04,SVC-01,Routine,88.0,2025-08-02,168,True,5,1,8,1,31,1,0
REQ-000033,LOC-05,SVC-02,Routine,46.5,2025-08-02,168,True,5,1,8,1,31,1,0
REQ-000034,LOC-05,SVC-07,Urgent,34.6,2025-08-03,24,True,6,1,8,1,31,2,0
REQ-000035,LOC-06,SVC-02,Routine,36.5,2025-08-03,185,True,6,1,8,1,31,2,0
REQ-000036,LOC-07,SVC-03,Priority,34.4,2025-08-03,79,True,6,1,8,1,31,2,0
REQ-000037,LOC-01,SVC-02,Priority,35.4,2025-08-03,72,True,6,1,8,1,31,2,0
REQ-000038,LOC-06,SVC-01,Routine,29.4,2025-08-03,185,True,6,1,8,1,31,2,0
REQ-000039,LOC-02,SVC-07,Urgent,76.1,2025-08-03,24,True,6,1,8,1,31,2,0
REQ-000041,LOC-09,SVC-06,Routine,26.2,2025-08-03,218,True,6,1,8,1,31,2,0
REQ-000042,LOC-06,SVC-06,Priority,65.8,2025-08-03,79,True,6,1,8,1,31,2,0
REQ-000043,LOC-10,SVC-04,Routine,11.7,2025-08-04,218,True,0,0,8,1,32,3,0
REQ-000044,LOC-02,SVC-01,Urgent,54.7,2025-08-04,24,False,0,0,8,1,32,3,1
REQ-000045,LOC-10,SVC-01,Routine,42.1,2025-08-04,218,True,0,0,8,1,32,3,0
REQ-000046,LOC-08,SVC-02,Priority,44.9,2025-08-04,94,True,0,0,8,1,32,3,0
REQ-000047,LOC-10,SVC-08,Priority,36.1,2025-08-04,94,True,0,0,8,1,32,3,0
REQ-000048,LOC-07,SVC-05,Priority,39.4,2025-08-04,79,True,0,0,8,1,32,3,0
REQ-000049,LOC-07,SVC-02,Priority,53.3,2025-08-04,79,True,0,0,8,1,32,3,0
REQ-000050,LOC-01,SVC-07,Routine,68.4,2025-08-04,168,True,0,0,8,1,32,3,0
REQ-000051,LOC-07,SVC-05,Routine,42.8,2025-08-04,185,True,0,0,8,1,32,3,0
REQ-000052,LOC-08,SVC-07,Priority,62.2,2025-08-04,94,True,0,0,8,1,32,3,0
REQ-000053,LOC-07,SVC-09,Priority,46.6,2025-08-04,79,True,0,0,8,1,32,3,0
REQ-000054,LOC-04,SVC-03,Routine,34.3,2025-08-04,168,True,0,0,8,1,32,3,0
REQ-000055,LOC-06,SVC-03,Priority,69.8,2025-08-04,79,True,0,0,8,1,32,3,0
REQ-000056,LOC-04,SVC-08,Priority,7.5,2025-08-04,72,True,0,0,8,1,32,3,0
REQ-000057,LOC-08,SVC-05,Priority,65.7,2025-08-04,94,True,0,0,8,1,32,3,0
REQ-000058,LOC-01,SVC-07,Urgent,14.2,2025-08-04,24,False,0,0,8,1,32,3,1
REQ-000059,LOC-01,SVC-03,Routine,30.5,2025-08-04,168,True,0,0,8,1,32,3,0
REQ-000060,LOC-01,SVC-02,Priority,61.0,2025-08-04,72,True,0,0,8,1,32,3,0
REQ-000061,LOC-02,SVC-01,Priority,91.8,2025-08-04,72,False,0,0,8,1,32,3,1
REQ-000062,LOC-06,SVC-05,Routine,45.2,2025-08-04,185,True,0,0,8,1,32,3,0
REQ-000064,LOC-01,SVC-01,Routine,41.2,2025-08-04,168,True,0,0,8,1,32,3,0
REQ-000065,LOC-08,SVC-05,Emergency,79.6,2025-08-04,5,False,0,0,8,1,32,3,1
REQ-000066,LOC-08,SVC-02,Routine,3.2,2025-08-04,218,True,0,0,8,1,32,3,0
REQ-000067,LOC-03,SVC-04,Priority,36.6,2025-08-04,72,True,0,0,8,1,32,3,0
REQ-000068,LOC-09,SVC-09,Priority,36.3,2025-08-04,94,True,0,0,8,1,32,3,0
REQ-000069,LOC-08,SVC-02,Routine,10.4,2025-08-05,218,True,1,0,8,1,32,4,0
REQ-000070,LOC-04,SVC-05,Routine,17.7,2025-08-05,168,True,1,0,8,1,32,4,0
REQ-000071,LOC-08,SVC-01,Emergency,12.4,2025-08-05,5,False,1,0,8,1,32,4,1
REQ-000072,LOC-01,SVC-03,Urgent,64.4,2025-08-05,24,False,1,0,8,1,32,4,1
REQ-000073,LOC-06,SVC-05,Routine,31.8,2025-08-05,185,True,1,0,8,1,32,4,0
REQ-000074,LOC-06,SVC-01,Priority,89.3,2025-08-05,79,True,1,0,8,1,32,4,0
REQ-000075,LOC-02,SVC-03,Priority,52.9,2025-08-05,72,True,1,0,8,1,32,4,0
REQ-000076,LOC-03,SVC-07,Routine,21.0,2025-08-05,168,True,1,0,8,1,32,4,0
REQ-000078,LOC-10,SVC-06,Priority,57.7,2025-08-05,94,True,1,0,8,1,32,4,0
REQ-000079,LOC-03,SVC-01,Urgent,84.0,2025-08-05,24,True,1,0,8,1,32,4,0
REQ-000080,LOC-01,SVC-01,Routine,37.2,2025-08-05,168,True,1,0,8,1,32,4,0
REQ-000081,LOC-03,SVC-02,Urgent,46.3,2025-08-05,24,True,1,0,8,1,32,4,0
REQ-000082,LOC-06,SVC-05,Emergency,51.0,2025-08-05,4,False,1,0,8,1,32,4,1
REQ-000083,LOC-05,SVC-01,Routine,70.3,2025-08-05,168,True,1,0,8,1,32,4,0
REQ-000084,LOC-06,SVC-01,Urgent,32.5,2025-08-05,26,True,1,0,8,1,32,4,0
REQ-000086,LOC-10,SVC-09,Routine,12.2,2025-08-05,218,True,1,0,8,1,32,4,0
REQ-000087,LOC-09,SVC-02,Priority,40.4,2025-08-05,94,True,1,0,8,1,32,4,0
REQ-000088,LOC-07,SVC-05,Routine,8.5,2025-08-05,185,True,1,0,8,1,32,4,0
REQ-000089,LOC-07,SVC-05,Routine,17.1,2025-08-05,185,True,1,0,8,1,32,4,0
REQ-000090,LOC-03,SVC-08,Routine,16.0,2025-08-05,168,True,1,0,8,1,32,4,0
REQ-000091,LOC-10,SVC-03,Routine,24.5,2025-08-05,218,True,1,0,8,1,32,4,0
REQ-000092,LOC-08,SVC-01,Routine,58.1,2025-08-05,218,True,1,0,8,1,32,4,0
REQ-000093,LOC-02,SVC-04,Priority,67.4,2025-08-05,72,True,1,0,8,1,32,4,0
REQ-000094,LOC-03,SVC-05,Routine,37.4,2025-08-05,168,True,1,0,8,1,32,4,0
REQ-000095,LOC-04,SVC-05,Routine,14.9,2025-08-05,168,True,1,0,8,1,32,4,0
REQ-000096,LOC-04,SVC-02,Priority,40.3,2025-08-06,72,True,2,0,8,1,32,5,0
REQ-000097,LOC-10,SVC-05,Priority,41.5,2025-08-06,94,True,2,0,8,1,32,5,0
REQ-000098,LOC-01,SVC-09,Routine,10.0,2025-08-06,168,True,2,0,8,1,32,5,0
REQ-000099,LOC-09,SVC-05,Routine,41.3,2025-08-06,218,True,2,0,8,1,32,5,0
REQ-000100,LOC-05,SVC-02,Urgent,67.4,2025-08-06,24,False,2,0,8,1,32,5,1
REQ-000101,LOC-09,SVC-01,Routine,30.1,2025-08-06,218,True,2,0,8,1,32,5,0
REQ-000102,LOC-10,SVC-05,Routine,11.3,2025-08-06,218,True,2,0,8,1,32,5,0
REQ-000103,LOC-08,SVC-05,Routine,18.4,2025-08-06,218,True,2,0,8,1,32,5,0
REQ-000104,LOC-04,SVC-04,Priority,62.7,2025-08-06,72,True,2,0,8,1,32,5,0
REQ-000105,LOC-03,SVC-01,Routine,18.4,2025-08-06,168,True,2,0,8,1,32,5,0
REQ-000106,LOC-10,SVC-02,Priority,65.6,2025-08-06,94,True,2,0,8,1,32,5,0
REQ-000108,LOC-10,SVC-05,Routine,22.2,2025-08-06,218,True,2,0,8,1,32,5,0
REQ-000109,LOC-08,SVC-05,Urgent,79.2,2025-08-06,31,True,2,0,8,1,32,5,0
REQ-000110,LOC-05,SVC-07,Routine,86.4,2025-08-06,168,True,2,0,8,1,32,5,0
REQ-000111,LOC-09,SVC-05,Emergency,56.5,2025-08-06,5,False,2,0,8,1,32,5,1
REQ-000112,LOC-03,SVC-01,Priority,26.1,2025-08-06,72,False,2,0,8,1,32,5,1
REQ-000113,LOC-08,SVC-01,Routine,12.4,2025-08-06,218,True,2,0,8,1,32,5,0
REQ-000115,LOC-02,SVC-05,Priority,31.1,2025-08-06,72,True,2,0,8,1,32,5,0
REQ-000116,LOC-08,SVC-07,Urgent,39.1,2025-08-06,31,True,2,0,8,1,32,5,0
REQ-000117,LOC-06,SVC-05,Emergency,38.9,2025-08-06,4,False,2,0,8,1,32,5,1
REQ-000118,LOC-02,SVC-06,Priority,31.7,2025-08-06,72,True,2,0,8,1,32,5,0
REQ-000119,LOC-07,SVC-06,Urgent,55.5,2025-08-06,26,False,2,0,8,1,32,5,1
REQ-000120,LOC-02,SVC-05,Urgent,64.6,2025-08-06,24,True,2,0,8,1,32,5,0
REQ-000121,LOC-08,SVC-02,Routine,75.4,2025-08-07,218,True,3,0,8,1,32,6,0
REQ-000123,LOC-08,SVC-06,Routine,37.2,2025-08-07,218,True,3,0,8,1,32,6,0
REQ-000124,LOC-10,SVC-01,Urgent,68.6,2025-08-07,31,False,3,0,8,1,32,6,1
REQ-000125,LOC-08,SVC-02,Priority,34.5,2025-08-07,94,False,3,0,8,1,32,6,1
REQ-000126,LOC-04,SVC-09,Routine,46.7,2025-08-07,168,True,3,0,8,1,32,6,0
REQ-000127,LOC-06,SVC-02,Urgent,42.0,2025-08-07,26,False,3,0,8,1,32,6,1
REQ-000128,LOC-03,SVC-01,Routine,24.7,2025-08-07,168,True,3,0,8,1,32,6,0
REQ-000129,LOC-08,SVC-05,Emergency,82.5,2025-08-07,5,False,3,0,8,1,32,6,1
REQ-000131,LOC-02,SVC-04,Priority,51.5,2025-08-07,72,True,3,0,8,1,32,6,0
REQ-000132,LOC-01,SVC-02,Routine,32.1,2025-08-07,168,True,3,0,8,1,32,6,0
REQ-000133,LOC-07,SVC-01,Urgent,72.1,2025-08-07,26,False,3,0,8,1,32,6,1
REQ-000134,LOC-04,SVC-09,Priority,22.8,2025-08-07,72,True,3,0,8,1,32,6,0
REQ-000137,LOC-06,SVC-01,Routine,15.8,2025-08-07,185,True,3,0,8,1,32,6,0
REQ-000138,LOC-02,SVC-06,Priority,40.6,2025-08-07,72,True,3,0,8,1,32,6,0
REQ-000139,LOC-09,SVC-01,Priority,11.7,2025-08-07,94,True,3,0,8,1,32,6,0
REQ-000140,LOC-10,SVC-06,Priority,41.8,2025-08-07,94,True,3,0,8,1,32,6,0
REQ-000141,LOC-10,SVC-05,Routine,11.5,2025-08-07,218,True,3,0,8,1,32,6,0
REQ-000142,LOC-01,SVC-01,Urgent,86.8,2025-08-07,24,True,3,0,8,1,32,6,0
REQ-000144,LOC-02,SVC-01,Routine,32.8,2025-08-07,168,True,3,0,8,1,32,6,0
REQ-000145,LOC-07,SVC-09,Priority,91.2,2025-08-07,79,True,3,0,8,1,32,6,0
REQ-000147,LOC-08,SVC-01,Routine,16.3,2025-08-07,218,True,3,0,8,1,32,6,0
REQ-000148,LOC-02,SVC-03,Routine,35.7,2025-08-07,168,True,3,0,8,1,32,6,0
REQ-000149,LOC-10,SVC-05,Routine,72.2,2025-08-07,218,True,3,0,8,1,32,6,0
REQ-000151,LOC-06,SVC-06,Routine,40.8,2025-08-08,185,True,4,0,8,1,32,7,0
REQ-000152,LOC-10,SVC-06,Routine,14.3,2025-08-08,218,True,4,0,8,1,32,7,0
REQ-000154,LOC-04,SVC-01,Urgent,35.4,2025-08-08,24,False,4,0,8,1,32,7,1
REQ-000158,LOC-05,SVC-01,Priority,13.2,2025-08-08,72,True,4,0,8,1,32,7,0
REQ-000159,LOC-06,SVC-07,Priority,27.1,2025-08-08,79,True,4,0,8,1,32,7,0
REQ-000160,LOC-06,SVC-05,Routine,61.1,2025-08-08,185,True,4,0,8,1,32,7,0
REQ-000161,LOC-04,SVC-09,Routine,45.7,2025-08-08,168,True,4,0,8,1,32,7,0
REQ-000162,LOC-03,SVC-02,Routine,27.6,2025-08-08,168,True,4,0,8,1,32,7,0
REQ-000164,LOC-01,SVC-05,Urgent,93.0,2025-08-08,24,False,4,0,8,1,32,7,1
REQ-000166,LOC-04,SVC-02,Routine,14.6,2025-08-08,168,True,4,0,8,1,32,7,0
REQ-000168,LOC-02,SVC-05,Routine,16.6,2025-08-08,168,True,4,0,8,1,32,7,0
REQ-000170,LOC-01,SVC-03,Routine,34.6,2025-08-08,168,True,4,0,8,1,32,7,0
REQ-000171,LOC-01,SVC-06,Priority,39.2,2025-08-08,72,True,4,0,8,1,32,7,0
REQ-000172,LOC-01,SVC-04,Urgent,62.4,2025-08-08,24,True,4,0,8,1,32,7,0
REQ-000173,LOC-03,SVC-01,Urgent,66.5,2025-08-08,24,True,4,0,8,1,32,7,0
REQ-000174,LOC-06,SVC-09,Urgent,66.4,2025-08-08,26,True,4,0,8,1,32,7,0
REQ-000175,LOC-10,SVC-07,Priority,59.4,2025-08-08,94,True,4,0,8,1,32,7,0
REQ-000176,LOC-10,SVC-03,Routine,65.0,2025-08-08,218,True,4,0,8,1,32,7,0
REQ-000177,LOC-05,SVC-06,Routine,33.1,2025-08-09,168,True,5,1,8,1,32,8,0
REQ-000178,LOC-09,SVC-06,Routine,43.5,2025-08-09,218,True,5,1,8,1,32,8,0
REQ-000179,LOC-05,SVC-07,Routine,64.8,2025-08-09,168,True,5,1,8,1,32,8,0
REQ-000180,LOC-07,SVC-03,Urgent,8.2,2025-08-09,26,True,5,1,8,1,32,8,0
REQ-000181,LOC-07,SVC-09,Urgent,20.0,2025-08-09,26,True,5,1,8,1,32,8,0
REQ-000182,LOC-10,SVC-05,Urgent,55.6,2025-08-09,31,False,5,1,8,1,32,8,1
REQ-000183,LOC-09,SVC-02,Priority,59.2,2025-08-09,94,True,5,1,8,1,32,8,0
REQ-000185,LOC-06,SVC-05,Routine,8.3,2025-08-09,185,True,5,1,8,1,32,8,0
REQ-000186,LOC-05,SVC-02,Urgent,40.8,2025-08-09,24,True,5,1,8,1,32,8,0
REQ-000187,LOC-09,SVC-03,Urgent,34.8,2025-08-09,31,False,5,1,8,1,32,8,1
REQ-000188,LOC-03,SVC-04,Urgent,74.0,2025-08-09,24,False,5,1,8,1,32,8,1
REQ-000189,LOC-07,SVC-05,Routine,59.6,2025-08-09,185,True,5,1,8,1,32,8,0
REQ-000190,LOC-09,SVC-05,Routine,14.7,2025-08-09,218,True,5,1,8,1,32,8,0
REQ-000191,LOC-05,SVC-04,Urgent,55.3,2025-08-09,24,True,5,1,8,1,32,8,0
REQ-000192,LOC-01,SVC-01,Urgent,39.7,2025-08-09,24,True,5,1,8,1,32,8,0
REQ-000194,LOC-10,SVC-03,Urgent,28.7,2025-08-10,31,True,6,1,8,1,32,9,0
REQ-000195,LOC-09,SVC-04,Routine,11.5,2025-08-10,218,True,6,1,8,1,32,9,0
REQ-000196,LOC-06,SVC-08,Routine,16.1,2025-08-10,185,True,6,1,8,1,32,9,0
REQ-000197,LOC-01,SVC-01,Routine,30.5,2025-08-10,168,True,6,1,8,1,32,9,0
REQ-000198,LOC-05,SVC-07,Priority,7.4,2025-08-10,72,True,6,1,8,1,32,9,0
REQ-000199,LOC-05,SVC-02,Priority,65.3,2025-08-10,72,True,6,1,8,1,32,9,0
REQ-000200,LOC-09,SVC-02,Urgent,86.3,2025-08-11,31,True,0,0,8,1,33,10,0
REQ-000202,LOC-01,SVC-07,Routine,7.9,2025-08-11,168,True,0,0,8,1,33,10,0
REQ-000203,LOC-05,SVC-01,Priority,35.9,2025-08-11,72,True,0,0,8,1,33,10,0
REQ-000204,LOC-07,SVC-08,Urgent,17.4,2025-08-11,26,True,0,0,8,1,33,10,0
REQ-000205,LOC-07,SVC-05,Routine,38.3,2025-08-11,185,True,0,0,8,1,33,10,0
REQ-000206,LOC-04,SVC-01,Routine,12.0,2025-08-11,168,True,0,0,8,1,33,10,0
REQ-000207,LOC-10,SVC-03,Routine,25.9,2025-08-11,218,True,0,0,8,1,33,10,0
REQ-000208,LOC-06,SVC-06,Urgent,78.1,2025-08-11,26,False,0,0,8,1,33,10,1
REQ-000209,LOC-02,SVC-07,Urgent,83.2,2025-08-11,24,False,0,0,8,1,33,10,1
REQ-000210,LOC-08,SVC-01,Routine,22.6,2025-08-11,218,True,0,0,8,1,33,10,0
REQ-000211,LOC-03,SVC-07,Urgent,63.8,2025-08-11,24,True,0,0,8,1,33,10,0
REQ-000213,LOC-10,SVC-01,Routine,28.0,2025-08-11,218,True,0,0,8,1,33,10,0
REQ-000214,LOC-01,SVC-01,Routine,11.7,2025-08-11,168,True,0,0,8,1,33,10,0
REQ-000215,LOC-02,SVC-01,Routine,18.6,2025-08-11,168,True,0,0,8,1,33,10,0
REQ-000216,LOC-05,SVC-09,Urgent,80.4,2025-08-11,24,True,0,0,8,1,33,10,0
REQ-000217,LOC-03,SVC-05,Priority,42.8,2025-08-11,72,True,0,0,8,1,33,10,0
REQ-000218,LOC-10,SVC-01,Routine,63.5,2025-08-11,218,True,0,0,8,1,33,10,0
REQ-000219,LOC-04,SVC-08,Routine,36.3,2025-08-11,168,True,0,0,8,1,33,10,0
REQ-000220,LOC-03,SVC-06,Routine,36.3,2025-08-11,168,True,0,0,8,1,33,10,0
REQ-000221,LOC-01,SVC-06,Urgent,83.6,2025-08-11,24,True,0,0,8,1,33,10,0
REQ-000222,LOC-09,SVC-01,Priority,87.0,2025-08-11,94,True,0,0,8,1,33,10,0
REQ-000223,LOC-03,SVC-02,Routine,85.7,2025-08-11,168,True,0,0,8,1,33,10,0
REQ-000225,LOC-03,SVC-05,Routine,15.9,2025-08-11,168,True,0,0,8,1,33,10,0
REQ-000226,LOC-09,SVC-04,Routine,38.0,2025-08-11,218,True,0,0,8,1,33,10,0
REQ-000227,LOC-09,SVC-05,Routine,67.0,2025-08-12,218,True,1,0,8,1,33,11,0
REQ-000228,LOC-05,SVC-07,Routine,14.6,2025-08-12,168,True,1,0,8,1,33,11,0
REQ-000229,LOC-06,SVC-05,Routine,15.1,2025-08-12,185,True,1,0,8,1,33,11,0
REQ-000230,LOC-05,SVC-02,Urgent,84.8,2025-08-12,24,False,1,0,8,1,33,11,1
REQ-000231,LOC-02,SVC-09,Routine,4.0,2025-08-12,168,True,1,0,8,1,33,11,0
REQ-000232,LOC-08,SVC-09,Routine,32.5,2025-08-12,218,True,1,0,8,1,33,11,0
REQ-000233,LOC-05,SVC-05,Routine,48.4,2025-08-12,168,True,1,0,8,1,33,11,0
REQ-000234,LOC-03,SVC-04,Routine,12.8,2025-08-12,168,True,1,0,8,1,33,11,0
REQ-000235,LOC-07,SVC-02,Routine,38.7,2025-08-12,185,True,1,0,8,1,33,11,0
REQ-000237,LOC-03,SVC-09,Routine,25.2,2025-08-12,168,True,1,0,8,1,33,11,0
REQ-000238,LOC-08,SVC-08,Urgent,45.3,2025-08-12,31,True,1,0,8,1,33,11,0
REQ-000240,LOC-10,SVC-01,Priority,23.6,2025-08-12,94,True,1,0,8,1,33,11,0
REQ-000241,LOC-07,SVC-02,Urgent,26.6,2025-08-12,26,True,1,0,8,1,33,11,0
REQ-000243,LOC-01,SVC-06,Routine,35.7,2025-08-12,168,True,1,0,8,1,33,11,0
REQ-000244,LOC-05,SVC-01,Urgent,54.5,2025-08-12,24,True,1,0,8,1,33,11,0
REQ-000245,LOC-01,SVC-05,Priority,54.7,2025-08-12,72,True,1,0,8,1,33,11,0
REQ-000246,LOC-04,SVC-08,Routine,36.3,2025-08-12,168,True,1,0,8,1,33,11,0
REQ-000247,LOC-03,SVC-06,Routine,87.6,2025-08-12,168,True,1,0,8,1,33,11,0
REQ-000248,LOC-04,SVC-01,Priority,41.4,2025-08-12,72,True,1,0,8,1,33,11,0
REQ-000249,LOC-08,SVC-05,Priority,9.4,2025-08-12,94,True,1,0,8,1,33,11,0
REQ-000250,LOC-01,SVC-06,Routine,43.7,2025-08-12,168,True,1,0,8,1,33,11,0
REQ-000251,LOC-04,SVC-05,Routine,16.0,2025-08-12,168,True,1,0,8,1,33,11,0
REQ-000252,LOC-04,SVC-02,Priority,65.4,2025-08-12,72,True,1,0,8,1,33,11,0
REQ-000253,LOC-08,SVC-06,Routine,9.6,2025-08-13,218,True,2,0,8,1,33,12,0
REQ-000254,LOC-01,SVC-05,Emergency,93.9,2025-08-13,4,False,2,0,8,1,33,12,1
REQ-000255,LOC-03,SVC-06,Priority,19.8,2025-08-13,72,True,2,0,8,1,33,12,0
REQ-000256,LOC-06,SVC-06,Urgent,70.1,2025-08-13,26,True,2,0,8,1,33,12,0
REQ-000257,LOC-10,SVC-02,Routine,12.9,2025-08-13,218,True,2,0,8,1,33,12,0
REQ-000258,LOC-09,SVC-04,Routine,65.6,2025-08-13,218,True,2,0,8,1,33,12,0
REQ-000259,LOC-03,SVC-02,Routine,65.0,2025-08-13,168,True,2,0,8,1,33,12,0
REQ-000260,LOC-06,SVC-01,Routine,43.1,2025-08-13,185,True,2,0,8,1,33,12,0
REQ-000262,LOC-01,SVC-09,Routine,17.9,2025-08-13,168,True,2,0,8,1,33,12,0
REQ-000263,LOC-06,SVC-01,Routine,38.9,2025-08-13,185,True,2,0,8,1,33,12,0
REQ-000264,LOC-09,SVC-07,Routine,36.9,2025-08-13,218,True,2,0,8,1,33,12,0
REQ-000265,LOC-02,SVC-08,Urgent,60.8,2025-08-14,24,True,3,0,8,1,33,13,0
REQ-000266,LOC-08,SVC-03,Priority,14.4,2025-08-14,94,True,3,0,8,1,33,13,0
REQ-000267,LOC-03,SVC-01,Routine,22.3,2025-08-14,168,True,3,0,8,1,33,13,0
REQ-000268,LOC-01,SVC-05,Routine,62.1,2025-08-14,168,True,3,0,8,1,33,13,0
REQ-000269,LOC-02,SVC-02,Routine,31.5,2025-08-14,168,True,3,0,8,1,33,13,0
REQ-000270,LOC-01,SVC-06,Priority,43.6,2025-08-14,72,True,3,0,8,1,33,13,0
REQ-000272,LOC-01,SVC-04,Routine,60.9,2025-08-14,168,True,3,0,8,1,33,13,0
REQ-000273,LOC-01,SVC-05,Priority,68.4,2025-08-14,72,True,3,0,8,1,33,13,0
REQ-000274,LOC-04,SVC-01,Urgent,77.7,2025-08-14,24,True,3,0,8,1,33,13,0
REQ-000275,LOC-09,SVC-02,Urgent,36.3,2025-08-14,31,True,3,0,8,1,33,13,0
REQ-000277,LOC-10,SVC-01,Routine,13.4,2025-08-14,218,True,3,0,8,1,33,13,0
REQ-000278,LOC-02,SVC-07,Priority,17.7,2025-08-14,72,True,3,0,8,1,33,13,0
REQ-000279,LOC-04,SVC-04,Routine,21.5,2025-08-14,168,True,3,0,8,1,33,13,0
REQ-000280,LOC-02,SVC-08,Routine,62.8,2025-08-14,168,True,3,0,8,1,33,13,0
REQ-000281,LOC-02,SVC-08,Routine,36.2,2025-08-14,168,True,3,0,8,1,33,13,0
REQ-000282,LOC-05,SVC-07,Routine,58.6,2025-08-14,168,True,3,0,8,1,33,13,0
REQ-000283,LOC-04,SVC-02,Urgent,12.7,2025-08-14,24,True,3,0,8,1,33,13,0
REQ-000284,LOC-08,SVC-07,Routine,11.0,2025-08-14,218,True,3,0,8,1,33,13,0
REQ-000285,LOC-01,SVC-05,Priority,13.2,2025-08-14,72,True,3,0,8,1,33,13,0
REQ-000286,LOC-05,SVC-01,Priority,16.5,2025-08-14,72,True,3,0,8,1,33,13,0
REQ-000289,LOC-06,SVC-02,Routine,27.7,2025-08-14,185,True,3,0,8,1,33,13,0
REQ-000290,LOC-08,SVC-07,Routine,23.6,2025-08-14,218,True,3,0,8,1,33,13,0
REQ-000291,LOC-02,SVC-05,Urgent,85.4,2025-08-14,24,False,3,0,8,1,33,13,1
REQ-000293,LOC-02,SVC-02,Routine,78.4,2025-08-14,168,True,3,0,8,1,33,13,0
REQ-000294,LOC-03,SVC-08,Routine,33.2,2025-08-14,168,True,3,0,8,1,33,13,0
REQ-000295,LOC-10,SVC-05,Priority,33.8,2025-08-14,94,True,3,0,8,1,33,13,0
REQ-000296,LOC-06,SVC-09,Routine,26.6,2025-08-14,185,True,3,0,8,1,33,13,0
REQ-000297,LOC-07,SVC-05,Urgent,91.6,2025-08-14,26,True,3,0,8,1,33,13,0
REQ-000298,LOC-07,SVC-02,Priority,75.7,2025-08-14,79,True,3,0,8,1,33,13,0
REQ-000300,LOC-02,SVC-02,Urgent,40.1,2025-08-15,24,False,4,0,8,1,33,14,1
REQ-000301,LOC-08,SVC-08,Routine,13.3,2025-08-15,218,True,4,0,8,1,33,14,0
REQ-000302,LOC-06,SVC-07,Routine,9.1,2025-08-15,185,True,4,0,8,1,33,14,0
REQ-000305,LOC-10,SVC-05,Routine,40.8,2025-08-15,218,True,4,0,8,1,33,14,0
REQ-000306,LOC-01,SVC-01,Urgent,69.2,2025-08-15,24,True,4,0,8,1,33,14,0
REQ-000307,LOC-10,SVC-01,Urgent,84.3,2025-08-15,31,False,4,0,8,1,33,14,1
REQ-000308,LOC-02,SVC-03,Routine,67.4,2025-08-15,168,True,4,0,8,1,33,14,0
REQ-000309,LOC-02,SVC-07,Urgent,80.5,2025-08-15,24,False,4,0,8,1,33,14,1
REQ-000310,LOC-07,SVC-04,Routine,13.0,2025-08-15,185,True,4,0,8,1,33,14,0
REQ-000312,LOC-01,SVC-02,Routine,39.0,2025-08-15,168,True,4,0,8,1,33,14,0
REQ-000313,LOC-06,SVC-08,Urgent,99.0,2025-08-15,26,True,4,0,8,1,33,14,0
REQ-000315,LOC-06,SVC-02,Routine,86.9,2025-08-15,185,True,4,0,8,1,33,14,0
REQ-000316,LOC-02,SVC-08,Priority,34.5,2025-08-15,72,True,4,0,8,1,33,14,0
REQ-000317,LOC-05,SVC-01,Priority,36.3,2025-08-15,72,True,4,0,8,1,33,14,0
REQ-000318,LOC-10,SVC-05,Emergency,28.6,2025-08-15,5,True,4,0,8,1,33,14,0
REQ-000319,LOC-07,SVC-03,Routine,37.3,2025-08-15,185,True,4,0,8,1,33,14,0
REQ-000321,LOC-04,SVC-02,Routine,79.7,2025-08-15,168,True,4,0,8,1,33,14,0
REQ-000323,LOC-09,SVC-09,Routine,27.1,2025-08-16,218,True,5,1,8,1,33,15,0
REQ-000325,LOC-03,SVC-02,Priority,35.8,2025-08-16,72,True,5,1,8,1,33,15,0
REQ-000326,LOC-08,SVC-04,Routine,16.0,2025-08-16,218,True,5,1,8,1,33,15,0
REQ-000327,LOC-05,SVC-01,Routine,17.6,2025-08-16,168,True,5,1,8,1,33,15,0
REQ-000330,LOC-04,SVC-09,Routine,13.1,2025-08-16,168,True,5,1,8,1,33,15,0
REQ-000332,LOC-09,SVC-05,Routine,36.3,2025-08-16,218,True,5,1,8,1,33,15,0
REQ-000333,LOC-08,SVC-01,Urgent,13.4,2025-08-16,31,True,5,1,8,1,33,15,0
REQ-000334,LOC-08,SVC-07,Priority,10.5,2025-08-16,94,True,5,1,8,1,33,15,0
REQ-000335,LOC-10,SVC-01,Urgent,79.4,2025-08-17,31,True,6,1,8,1,33,16,0
REQ-000336,LOC-02,SVC-03,Urgent,61.9,2025-08-17,24,True,6,1,8,1,33,16,0
REQ-000337,LOC-01,SVC-08,Routine,21.2,2025-08-17,168,True,6,1,8,1,33,16,0
REQ-000338,LOC-04,SVC-01,Routine,19.3,2025-08-17,168,True,6,1,8,1,33,16,0
REQ-000339,LOC-08,SVC-02,Emergency,2.2,2025-08-17,5,True,6,1,8,1,33,16,0
REQ-000340,LOC-09,SVC-01,Routine,17.4,2025-08-17,218,True,6,1,8,1,33,16,0
REQ-000341,LOC-04,SVC-04,Urgent,64.6,2025-08-17,24,True,6,1,8,1,33,16,0
REQ-000342,LOC-07,SVC-02,Routine,47.8,2025-08-17,185,True,6,1,8,1,33,16,0
REQ-000344,LOC-04,SVC-07,Priority,15.0,2025-08-17,72,True,6,1,8,1,33,16,0
REQ-000345,LOC-10,SVC-04,Routine,38.0,2025-08-17,218,True,6,1,8,1,33,16,0
REQ-000346,LOC-07,SVC-08,Priority,61.9,2025-08-17,79,True,6,1,8,1,33,16,0
REQ-000347,LOC-01,SVC-03,Priority,24.4,2025-08-17,72,True,6,1,8,1,33,16,0
REQ-000348,LOC-08,SVC-05,Routine,9.5,2025-08-17,218,True,6,1,8,1,33,16,0
REQ-000350,LOC-06,SVC-05,Routine,8.9,2025-08-18,185,True,0,0,8,1,34,17,0
REQ-000351,LOC-03,SVC-05,Routine,22.1,2025-08-18,168,True,0,0,8,1,34,17,0
REQ-000352,LOC-09,SVC-09,Routine,7.8,2025-08-18,218,True,0,0,8,1,34,17,0
REQ-000353,LOC-10,SVC-08,Routine,5.7,2025-08-18,218,True,0,0,8,1,34,17,0
REQ-000354,LOC-05,SVC-02,Urgent,59.0,2025-08-18,24,True,0,0,8,1,34,17,0
REQ-000355,LOC-04,SVC-08,Routine,12.3,2025-08-18,168,True,0,0,8,1,34,17,0
REQ-000356,LOC-01,SVC-01,Routine,8.4,2025-08-18,168,True,0,0,8,1,34,17,0
REQ-000358,LOC-04,SVC-09,Priority,43.1,2025-08-18,72,True,0,0,8,1,34,17,0
REQ-000360,LOC-04,SVC-08,Urgent,17.2,2025-08-18,24,True,0,0,8,1,34,17,0
REQ-000361,LOC-02,SVC-05,Routine,64.2,2025-08-18,168,True,0,0,8,1,34,17,0
REQ-000362,LOC-10,SVC-02,Routine,6.7,2025-08-18,218,True,0,0,8,1,34,17,0
REQ-000363,LOC-01,SVC-08,Priority,47.1,2025-08-18,72,True,0,0,8,1,34,17,0
REQ-000364,LOC-03,SVC-01,Routine,34.3,2025-08-18,168,True,0,0,8,1,34,17,0
REQ-000365,LOC-05,SVC-01,Routine,43.3,2025-08-18,168,True,0,0,8,1,34,17,0
REQ-000366,LOC-08,SVC-01,Routine,63.8,2025-08-18,218,True,0,0,8,1,34,17,0
REQ-000367,LOC-06,SVC-05,Urgent,36.3,2025-08-18,26,True,0,0,8,1,34,17,0
REQ-000369,LOC-10,SVC-01,Urgent,62.3,2025-08-18,31,True,0,0,8,1,34,17,0
REQ-000370,LOC-05,SVC-01,Routine,69.9,2025-08-18,168,True,0,0,8,1,34,17,0
REQ-000371,LOC-03,SVC-07,Routine,20.6,2025-08-18,168,True,0,0,8,1,34,17,0
REQ-000372,LOC-09,SVC-06,Urgent,61.5,2025-08-18,31,False,0,0,8,1,34,17,1
REQ-000373,LOC-08,SVC-03,Routine,33.0,2025-08-18,218,True,0,0,8,1,34,17,0
REQ-000374,LOC-05,SVC-09,Routine,19.6,2025-08-18,168,True,0,0,8,1,34,17,0
REQ-000375,LOC-09,SVC-05,Routine,11.2,2025-08-18,218,True,0,0,8,1,34,17,0
REQ-000376,LOC-07,SVC-08,Priority,9.8,2025-08-18,79,True,0,0,8,1,34,17,0
REQ-000378,LOC-09,SVC-09,Urgent,94.9,2025-08-19,31,False,1,0,8,1,34,18,1
REQ-000379,LOC-01,SVC-03,Priority,36.4,2025-08-19,72,True,1,0,8,1,34,18,0
REQ-000381,LOC-03,SVC-01,Routine,18.2,2025-08-19,168,True,1,0,8,1,34,18,0
REQ-000382,LOC-04,SVC-02,Routine,18.2,2025-08-19,168,True,1,0,8,1,34,18,0
REQ-000383,LOC-02,SVC-04,Routine,25.2,2025-08-19,168,True,1,0,8,1,34,18,0
REQ-000384,LOC-09,SVC-03,Routine,16.1,2025-08-19,218,True,1,0,8,1,34,18,0
REQ-000387,LOC-03,SVC-01,Priority,61.2,2025-08-19,72,True,1,0,8,1,34,18,0
REQ-000388,LOC-10,SVC-09,Routine,12.8,2025-08-19,218,True,1,0,8,1,34,18,0
REQ-000389,LOC-02,SVC-03,Priority,63.5,2025-08-19,72,True,1,0,8,1,34,18,0
REQ-000390,LOC-04,SVC-07,Routine,15.8,2025-08-19,168,True,1,0,8,1,34,18,0
REQ-000391,LOC-10,SVC-02,Urgent,68.9,2025-08-19,31,True,1,0,8,1,34,18,0
REQ-000392,LOC-10,SVC-01,Routine,28.6,2025-08-19,218,True,1,0,8,1,34,18,0
REQ-000393,LOC-04,SVC-03,Priority,63.1,2025-08-19,72,True,1,0,8,1,34,18,0
REQ-000395,LOC-02,SVC-07,Priority,63.5,2025-08-19,72,True,1,0,8,1,34,18,0
REQ-000396,LOC-01,SVC-01,Priority,47.4,2025-08-19,72,True,1,0,8,1,34,18,0
REQ-000397,LOC-07,SVC-02,Routine,31.9,2025-08-19,185,True,1,0,8,1,34,18,0
REQ-000398,LOC-07,SVC-02,Routine,10.3,2025-08-19,185,True,1,0,8,1,34,18,0
REQ-000399,LOC-09,SVC-07,Routine,12.9,2025-08-20,218,True,2,0,8,1,34,19,0
REQ-000401,LOC-04,SVC-05,Priority,9.2,2025-08-20,72,True,2,0,8,1,34,19,0
REQ-000402,LOC-06,SVC-01,Priority,14.2,2025-08-20,79,True,2,0,8,1,34,19,0
REQ-000403,LOC-08,SVC-01,Routine,19.2,2025-08-20,218,True,2,0,8,1,34,19,0
REQ-000404,LOC-10,SVC-06,Urgent,44.3,2025-08-20,31,True,2,0,8,1,34,19,0
REQ-000405,LOC-10,SVC-01,Routine,36.3,2025-08-20,218,True,2,0,8,1,34,19,0
REQ-000406,LOC-04,SVC-02,Routine,27.0,2025-08-20,168,True,2,0,8,1,34,19,0
REQ-000407,LOC-07,SVC-09,Emergency,91.6,2025-08-20,4,False,2,0,8,1,34,19,1
REQ-000408,LOC-02,SVC-07,Urgent,54.0,2025-08-20,24,False,2,0,8,1,34,19,1
REQ-000409,LOC-03,SVC-05,Priority,38.1,2025-08-20,72,True,2,0,8,1,34,19,0
REQ-000410,LOC-02,SVC-07,Routine,14.2,2025-08-20,168,True,2,0,8,1,34,19,0
REQ-000411,LOC-07,SVC-07,Routine,40.1,2025-08-20,185,True,2,0,8,1,34,19,0
REQ-000413,LOC-01,SVC-04,Priority,36.3,2025-08-20,72,True,2,0,8,1,34,19,0
REQ-000414,LOC-05,SVC-05,Priority,39.6,2025-08-20,72,True,2,0,8,1,34,19,0
REQ-000415,LOC-03,SVC-07,Routine,45.0,2025-08-20,168,True,2,0,8,1,34,19,0
REQ-000416,LOC-07,SVC-03,Routine,19.7,2025-08-20,185,True,2,0,8,1,34,19,0
REQ-000417,LOC-07,SVC-03,Routine,36.3,2025-08-20,185,True,2,0,8,1,34,19,0
REQ-000418,LOC-09,SVC-06,Urgent,25.5,2025-08-20,31,False,2,0,8,1,34,19,1
REQ-000419,LOC-05,SVC-06,Priority,37.0,2025-08-20,72,True,2,0,8,1,34,19,0
REQ-000420,LOC-06,SVC-01,Routine,32.8,2025-08-20,185,True,2,0,8,1,34,19,0
REQ-000421,LOC-07,SVC-01,Urgent,42.6,2025-08-20,26,False,2,0,8,1,34,19,1
REQ-000422,LOC-03,SVC-01,Routine,37.9,2025-08-20,168,True,2,0,8,1,34,19,0
REQ-000423,LOC-01,SVC-06,Routine,36.3,2025-08-20,168,True,2,0,8,1,34,19,0
REQ-000424,LOC-08,SVC-05,Priority,16.3,2025-08-20,94,True,2,0,8,1,34,19,0
REQ-000425,LOC-03,SVC-01,Routine,36.0,2025-08-20,168,True,2,0,8,1,34,19,0
REQ-000426,LOC-07,SVC-04,Priority,72.5,2025-08-20,79,True,2,0,8,1,34,19,0
REQ-000427,LOC-08,SVC-08,Routine,6.1,2025-08-21,218,True,3,0,8,1,34,20,0
REQ-000428,LOC-07,SVC-01,Routine,33.3,2025-08-21,185,True,3,0,8,1,34,20,0
REQ-000429,LOC-10,SVC-04,Routine,6.4,2025-08-21,218,True,3,0,8,1,34,20,0
REQ-000430,LOC-01,SVC-06,Routine,36.5,2025-08-21,168,True,3,0,8,1,34,20,0
REQ-000431,LOC-09,SVC-02,Routine,36.3,2025-08-21,218,True,3,0,8,1,34,20,0
REQ-000432,LOC-05,SVC-01,Priority,57.9,2025-08-21,72,True,3,0,8,1,34,20,0
REQ-000433,LOC-02,SVC-07,Priority,67.8,2025-08-21,72,True,3,0,8,1,34,20,0
REQ-000434,LOC-08,SVC-06,Routine,24.8,2025-08-21,218,True,3,0,8,1,34,20,0
REQ-000435,LOC-08,SVC-05,Urgent,36.3,2025-08-21,31,True,3,0,8,1,34,20,0
REQ-000436,LOC-10,SVC-05,Routine,12.8,2025-08-21,218,True,3,0,8,1,34,20,0
REQ-000437,LOC-06,SVC-06,Urgent,74.6,2025-08-21,26,True,3,0,8,1,34,20,0
REQ-000438,LOC-08,SVC-05,Routine,5.1,2025-08-21,218,True,3,0,8,1,34,20,0
REQ-000439,LOC-09,SVC-06,Priority,17.3,2025-08-21,94,True,3,0,8,1,34,20,0
REQ-000440,LOC-09,SVC-09,Urgent,75.4,2025-08-21,31,True,3,0,8,1,34,20,0
REQ-000441,LOC-03,SVC-05,Priority,29.6,2025-08-21,72,True,3,0,8,1,34,20,0
REQ-000442,LOC-03,SVC-05,Routine,20.2,2025-08-21,168,True,3,0,8,1,34,20,0
REQ-000444,LOC-06,SVC-03,Priority,65.4,2025-08-21,79,True,3,0,8,1,34,20,0
REQ-000445,LOC-02,SVC-05,Routine,24.0,2025-08-21,168,True,3,0,8,1,34,20,0
REQ-000447,LOC-04,SVC-07,Routine,10.5,2025-08-21,168,True,3,0,8,1,34,20,0
REQ-000448,LOC-08,SVC-06,Routine,34.7,2025-08-21,218,True,3,0,8,1,34,20,0
REQ-000450,LOC-08,SVC-05,Routine,15.8,2025-08-21,218,True,3,0,8,1,34,20,0
REQ-000451,LOC-05,SVC-06,Routine,32.9,2025-08-22,168,True,4,0,8,1,34,21,0
REQ-000452,LOC-06,SVC-01,Routine,13.8,2025-08-22,185,True,4,0,8,1,34,21,0
REQ-000453,LOC-01,SVC-06,Urgent,57.6,2025-08-22,24,True,4,0,8,1,34,21,0
REQ-000454,LOC-10,SVC-07,Routine,37.8,2025-08-22,218,True,4,0,8,1,34,21,0
REQ-000455,LOC-07,SVC-07,Routine,12.8,2025-08-22,185,True,4,0,8,1,34,21,0
REQ-000456,LOC-04,SVC-03,Routine,16.2,2025-08-22,168,True,4,0,8,1,34,21,0
REQ-000457,LOC-02,SVC-06,Priority,30.6,2025-08-22,72,True,4,0,8,1,34,21,0
REQ-000458,LOC-04,SVC-04,Routine,38.3,2025-08-22,168,True,4,0,8,1,34,21,0
REQ-000459,LOC-04,SVC-01,Urgent,68.1,2025-08-22,24,True,4,0,8,1,34,21,0
REQ-000460,LOC-01,SVC-04,Routine,47.6,2025-08-22,168,True,4,0,8,1,34,21,0
REQ-000461,LOC-08,SVC-08,Routine,11.9,2025-08-22,218,True,4,0,8,1,34,21,0
REQ-000462,LOC-07,SVC-07,Routine,34.9,2025-08-22,185,True,4,0,8,1,34,21,0
REQ-000463,LOC-06,SVC-07,Routine,7.9,2025-08-22,185,True,4,0,8,1,34,21,0
REQ-000465,LOC-06,SVC-07,Priority,61.5,2025-08-22,79,True,4,0,8,1,34,21,0
REQ-000466,LOC-07,SVC-02,Priority,75.2,2025-08-22,79,True,4,0,8,1,34,21,0
REQ-000467,LOC-10,SVC-01,Urgent,59.6,2025-08-22,31,False,4,0,8,1,34,21,1
REQ-000468,LOC-05,SVC-01,Priority,21.4,2025-08-22,72,True,4,0,8,1,34,21,0
REQ-000469,LOC-06,SVC-02,Urgent,59.9,2025-08-22,26,False,4,0,8,1,34,21,1
REQ-000470,LOC-02,SVC-08,Priority,59.7,2025-08-22,72,True,4,0,8,1,34,21,0
REQ-000471,LOC-03,SVC-01,Priority,8.4,2025-08-22,72,True,4,0,8,1,34,21,0
REQ-000472,LOC-02,SVC-01,Priority,63.3,2025-08-22,72,True,4,0,8,1,34,21,0
REQ-000473,LOC-10,SVC-03,Emergency,38.2,2025-08-22,5,False,4,0,8,1,34,21,1
REQ-000474,LOC-10,SVC-02,Priority,12.6,2025-08-22,94,True,4,0,8,1,34,21,0
REQ-000475,LOC-07,SVC-03,Priority,14.4,2025-08-23,79,True,5,1,8,1,34,22,0
REQ-000476,LOC-09,SVC-06,Routine,39.2,2025-08-23,218,True,5,1,8,1,34,22,0
REQ-000477,LOC-07,SVC-07,Routine,91.4,2025-08-23,185,True,5,1,8,1,34,22,0
REQ-000478,LOC-02,SVC-07,Priority,11.4,2025-08-23,72,True,5,1,8,1,34,22,0
REQ-000480,LOC-03,SVC-07,Routine,21.8,2025-08-23,168,True,5,1,8,1,34,22,0
REQ-000481,LOC-10,SVC-02,Priority,21.3,2025-08-23,94,True,5,1,8,1,34,22,0
REQ-000482,LOC-09,SVC-03,Priority,85.5,2025-08-23,94,True,5,1,8,1,34,22,0
REQ-000483,LOC-10,SVC-08,Priority,28.9,2025-08-23,94,True,5,1,8,1,34,22,0
REQ-000484,LOC-04,SVC-09,Priority,68.5,2025-08-23,72,True,5,1,8,1,34,22,0
REQ-000485,LOC-02,SVC-06,Routine,35.7,2025-08-23,168,True,5,1,8,1,34,22,0
REQ-000486,LOC-06,SVC-02,Routine,15.6,2025-08-23,185,True,5,1,8,1,34,22,0
REQ-000487,LOC-03,SVC-02,Routine,41.2,2025-08-24,168,True,6,1,8,1,34,23,0
REQ-000489,LOC-04,SVC-07,Routine,4.8,2025-08-24,168,True,6,1,8,1,34,23,0
REQ-000490,LOC-02,SVC-07,Urgent,70.2,2025-08-24,24,False,6,1,8,1,34,23,1
REQ-000491,LOC-03,SVC-03,Priority,35.3,2025-08-24,72,True,6,1,8,1,34,23,0
REQ-000492,LOC-02,SVC-03,Routine,14.9,2025-08-24,168,True,6,1,8,1,34,23,0
REQ-000493,LOC-01,SVC-08,Routine,46.0,2025-08-24,168,True,6,1,8,1,34,23,0
REQ-000494,LOC-06,SVC-07,Urgent,65.1,2025-08-24,26,False,6,1,8,1,34,23,1
REQ-000495,LOC-03,SVC-08,Routine,26.6,2025-08-24,168,True,6,1,8,1,34,23,0
REQ-000496,LOC-03,SVC-09,Urgent,42.1,2025-08-24,24,True,6,1,8,1,34,23,0
REQ-000497,LOC-09,SVC-01,Routine,37.9,2025-08-24,218,True,6,1,8,1,34,23,0
REQ-000498,LOC-02,SVC-05,Emergency,54.0,2025-08-25,4,False,0,0,8,1,35,24,1
REQ-000499,LOC-03,SVC-06,Routine,9.6,2025-08-25,168,True,0,0,8,1,35,24,0
REQ-000500,LOC-03,SVC-02,Routine,16.1,2025-08-25,168,True,0,0,8,1,35,24,0
REQ-000501,LOC-06,SVC-02,Routine,32.5,2025-08-25,185,True,0,0,8,1,35,24,0
REQ-000502,LOC-10,SVC-01,Routine,14.4,2025-08-25,218,True,0,0,8,1,35,24,0
REQ-000503,LOC-04,SVC-05,Routine,83.8,2025-08-25,168,True,0,0,8,1,35,24,0
REQ-000504,LOC-08,SVC-08,Routine,16.6,2025-08-25,218,True,0,0,8,1,35,24,0
REQ-000505,LOC-05,SVC-07,Routine,41.0,2025-08-25,168,True,0,0,8,1,35,24,0
REQ-000506,LOC-09,SVC-06,Urgent,16.0,2025-08-25,31,True,0,0,8,1,35,24,0
REQ-000507,LOC-04,SVC-01,Priority,18.8,2025-08-25,72,True,0,0,8,1,35,24,0
REQ-000508,LOC-08,SVC-04,Routine,36.4,2025-08-25,218,True,0,0,8,1,35,24,0
REQ-000509,LOC-05,SVC-02,Priority,65.3,2025-08-25,72,True,0,0,8,1,35,24,0
REQ-000510,LOC-06,SVC-09,Priority,19.4,2025-08-25,79,True,0,0,8,1,35,24,0
REQ-000511,LOC-09,SVC-09,Routine,4.5,2025-08-25,218,True,0,0,8,1,35,24,0
REQ-000512,LOC-07,SVC-05,Urgent,67.2,2025-08-25,26,True,0,0,8,1,35,24,0
REQ-000513,LOC-02,SVC-05,Urgent,60.1,2025-08-25,24,False,0,0,8,1,35,24,1
REQ-000514,LOC-06,SVC-01,Routine,9.5,2025-08-25,185,True,0,0,8,1,35,24,0
REQ-000515,LOC-09,SVC-09,Routine,49.5,2025-08-25,218,True,0,0,8,1,35,24,0
REQ-000516,LOC-07,SVC-01,Priority,69.5,2025-08-25,79,True,0,0,8,1,35,24,0
REQ-000517,LOC-05,SVC-07,Routine,13.7,2025-08-25,168,True,0,0,8,1,35,24,0
REQ-000518,LOC-03,SVC-04,Priority,47.0,2025-08-25,72,True,0,0,8,1,35,24,0
REQ-000519,LOC-10,SVC-07,Priority,25.5,2025-08-25,94,True,0,0,8,1,35,24,0
REQ-000520,LOC-03,SVC-02,Routine,13.2,2025-08-25,168,True,0,0,8,1,35,24,0
REQ-000521,LOC-02,SVC-06,Priority,17.7,2025-08-25,72,True,0,0,8,1,35,24,0
REQ-000522,LOC-02,SVC-02,Urgent,18.0,2025-08-25,24,False,0,0,8,1,35,24,1
REQ-000523,LOC-02,SVC-01,Priority,37.3,2025-08-25,72,True,0,0,8,1,35,24,0
REQ-000524,LOC-05,SVC-07,Routine,5.2,2025-08-25,168,True,0,0,8,1,35,24,0
REQ-000525,LOC-06,SVC-07,Priority,41.1,2025-08-25,79,True,0,0,8,1,35,24,0
REQ-000526,LOC-05,SVC-02,Urgent,66.8,2025-08-25,24,True,0,0,8,1,35,24,0
REQ-000527,LOC-09,SVC-02,Urgent,87.7,2025-08-25,31,True,0,0,8,1,35,24,0
REQ-000528,LOC-08,SVC-01,Routine,36.3,2025-08-26,218,True,1,0,8,1,35,25,0
REQ-000529,LOC-06,SVC-01,Routine,14.1,2025-08-26,185,True,1,0,8,1,35,25,0
REQ-000530,LOC-06,SVC-05,Priority,42.3,2025-08-26,79,True,1,0,8,1,35,25,0
REQ-000531,LOC-06,SVC-01,Urgent,49.4,2025-08-26,26,False,1,0,8,1,35,25,1
REQ-000534,LOC-04,SVC-04,Priority,14.6,2025-08-26,72,True,1,0,8,1,35,25,0
REQ-000535,LOC-07,SVC-06,Urgent,66.0,2025-08-26,26,True,1,0,8,1,35,25,0
REQ-000537,LOC-08,SVC-05,Routine,40.3,2025-08-26,218,True,1,0,8,1,35,25,0
REQ-000538,LOC-09,SVC-03,Routine,14.4,2025-08-26,218,True,1,0,8,1,35,25,0
REQ-000539,LOC-10,SVC-03,Routine,37.4,2025-08-26,218,True,1,0,8,1,35,25,0
REQ-000540,LOC-08,SVC-05,Routine,18.9,2025-08-26,218,True,1,0,8,1,35,25,0
REQ-000541,LOC-07,SVC-03,Priority,67.8,2025-08-26,79,True,1,0,8,1,35,25,0
REQ-000542,LOC-02,SVC-04,Urgent,36.2,2025-08-26,24,True,1,0,8,1,35,25,0
REQ-000543,LOC-01,SVC-04,Priority,72.6,2025-08-26,72,True,1,0,8,1,35,25,0
REQ-000544,LOC-01,SVC-03,Priority,64.7,2025-08-26,72,True,1,0,8,1,35,25,0
REQ-000545,LOC-01,SVC-02,Priority,39.6,2025-08-26,72,True,1,0,8,1,35,25,0
REQ-000546,LOC-10,SVC-01,Routine,8.8,2025-08-26,218,True,1,0,8,1,35,25,0
REQ-000547,LOC-04,SVC-02,Priority,56.9,2025-08-26,72,True,1,0,8,1,35,25,0
REQ-000548,LOC-04,SVC-01,Urgent,37.3,2025-08-26,24,True,1,0,8,1,35,25,0
REQ-000549,LOC-10,SVC-01,Emergency,65.6,2025-08-27,5,False,2,0,8,1,35,26,1
REQ-000550,LOC-07,SVC-01,Urgent,40.1,2025-08-27,26,False,2,0,8,1,35,26,1
REQ-000551,LOC-03,SVC-08,Urgent,15.0,2025-08-27,24,True,2,0,8,1,35,26,0
REQ-000552,LOC-06,SVC-08,Routine,44.0,2025-08-27,185,True,2,0,8,1,35,26,0
REQ-000553,LOC-07,SVC-08,Priority,67.6,2025-08-27,79,False,2,0,8,1,35,26,1
REQ-000554,LOC-02,SVC-01,Routine,52.5,2025-08-27,168,True,2,0,8,1,35,26,0
REQ-000555,LOC-05,SVC-01,Priority,29.2,2025-08-27,72,True,2,0,8,1,35,26,0
REQ-000556,LOC-01,SVC-06,Routine,13.5,2025-08-27,168,True,2,0,8,1,35,26,0
REQ-000557,LOC-03,SVC-01,Routine,8.8,2025-08-27,168,True,2,0,8,1,35,26,0
REQ-000558,LOC-04,SVC-08,Priority,67.2,2025-08-27,72,True,2,0,8,1,35,26,0
REQ-000559,LOC-07,SVC-01,Routine,32.6,2025-08-27,185,True,2,0,8,1,35,26,0
REQ-000560,LOC-01,SVC-07,Priority,36.3,2025-08-27,72,True,2,0,8,1,35,26,0
REQ-000561,LOC-07,SVC-03,Urgent,32.3,2025-08-27,26,False,2,0,8,1,35,26,1
REQ-000563,LOC-06,SVC-07,Routine,43.7,2025-08-27,185,True,2,0,8,1,35,26,0
REQ-000564,LOC-07,SVC-03,Priority,45.2,2025-08-27,79,True,2,0,8,1,35,26,0
REQ-000565,LOC-10,SVC-05,Routine,17.8,2025-08-27,218,True,2,0,8,1,35,26,0
REQ-000566,LOC-10,SVC-06,Priority,29.1,2025-08-27,94,True,2,0,8,1,35,26,0
REQ-000567,LOC-05,SVC-01,Priority,76.0,2025-08-27,72,True,2,0,8,1,35,26,0
REQ-000568,LOC-06,SVC-05,Priority,46.8,2025-08-27,79,True,2,0,8,1,35,26,0
REQ-000569,LOC-07,SVC-01,Routine,11.7,2025-08-27,185,True,2,0,8,1,35,26,0
REQ-000570,LOC-10,SVC-01,Routine,18.4,2025-08-27,218,True,2,0,8,1,35,26,0
REQ-000571,LOC-08,SVC-07,Routine,41.3,2025-08-27,218,True,2,0,8,1,35,26,0
REQ-000572,LOC-07,SVC-07,Routine,59.7,2025-08-27,185,True,2,0,8,1,35,26,0
REQ-000573,LOC-01,SVC-02,Routine,11.3,2025-08-27,168,True,2,0,8,1,35,26,0
REQ-000574,LOC-03,SVC-08,Routine,14.1,2025-08-27,168,True,2,0,8,1,35,26,0
REQ-000575,LOC-03,SVC-08,Routine,32.1,2025-08-27,168,True,2,0,8,1,35,26,0
REQ-000576,LOC-08,SVC-06,Routine,36.7,2025-08-28,218,True,3,0,8,1,35,27,0
REQ-000577,LOC-01,SVC-05,Priority,65.8,2025-08-28,72,True,3,0,8,1,35,27,0
REQ-000578,LOC-09,SVC-01,Priority,61.0,2025-08-28,94,True,3,0,8,1,35,27,0
REQ-000579,LOC-09,SVC-09,Urgent,89.6,2025-08-28,31,True,3,0,8,1,35,27,0
REQ-000580,LOC-04,SVC-01,Routine,68.6,2025-08-28,168,True,3,0,8,1,35,27,0
REQ-000581,LOC-10,SVC-05,Routine,11.0,2025-08-28,218,True,3,0,8,1,35,27,0
REQ-000582,LOC-02,SVC-07,Emergency,36.6,2025-08-28,4,False,3,0,8,1,35,27,1
REQ-000583,LOC-01,SVC-04,Routine,91.4,2025-08-28,168,True,3,0,8,1,35,27,0
REQ-000584,LOC-10,SVC-01,Routine,33.3,2025-08-28,218,True,3,0,8,1,35,27,0
REQ-000585,LOC-07,SVC-07,Routine,40.1,2025-08-28,185,True,3,0,8,1,35,27,0
REQ-000586,LOC-08,SVC-09,Priority,8.5,2025-08-28,94,True,3,0,8,1,35,27,0
REQ-000587,LOC-05,SVC-02,Emergency,37.3,2025-08-28,4,False,3,0,8,1,35,27,1
REQ-000588,LOC-05,SVC-02,Routine,1.0,2025-08-28,168,True,3,0,8,1,35,27,0
REQ-000590,LOC-03,SVC-07,Routine,12.5,2025-08-28,168,True,3,0,8,1,35,27,0
REQ-000591,LOC-09,SVC-08,Urgent,11.1,2025-08-28,31,True,3,0,8,1,35,27,0
REQ-000592,LOC-08,SVC-05,Routine,36.9,2025-08-28,218,True,3,0,8,1,35,27,0
REQ-000593,LOC-06,SVC-07,Priority,48.8,2025-08-28,79,True,3,0,8,1,35,27,0
REQ-000594,LOC-01,SVC-02,Priority,29.4,2025-08-28,72,True,3,0,8,1,35,27,0
REQ-000595,LOC-02,SVC-02,Routine,70.6,2025-08-28,168,True,3,0,8,1,35,27,0
REQ-000596,LOC-08,SVC-06,Priority,55.4,2025-08-28,94,True,3,0,8,1,35,27,0
REQ-000597,LOC-09,SVC-06,Emergency,29.4,2025-08-28,5,False,3,0,8,1,35,27,1
REQ-000598,LOC-05,SVC-06,Routine,39.7,2025-08-28,168,True,3,0,8,1,35,27,0
REQ-000599,LOC-09,SVC-01,Routine,7.6,2025-08-28,218,True,3,0,8,1,35,27,0
REQ-000600,LOC-06,SVC-08,Routine,7.9,2025-08-28,185,True,3,0,8,1,35,27,0
REQ-000602,LOC-01,SVC-05,Routine,64.9,2025-08-28,168,True,3,0,8,1,35,27,0
REQ-000603,LOC-07,SVC-09,Routine,32.1,2025-08-28,185,True,3,0,8,1,35,27,0
REQ-000604,LOC-03,SVC-04,Priority,13.7,2025-08-28,72,True,3,0,8,1,35,27,0
REQ-000605,LOC-08,SVC-07,Routine,37.2,2025-08-28,218,True,3,0,8,1,35,27,0
REQ-000606,LOC-07,SVC-04,Priority,67.2,2025-08-28,79,False,3,0,8,1,35,27,1
REQ-000607,LOC-03,SVC-01,Routine,10.8,2025-08-28,168,True,3,0,8,1,35,27,0
REQ-000608,LOC-09,SVC-06,Priority,94.9,2025-08-28,94,True,3,0,8,1,35,27,0
REQ-000609,LOC-10,SVC-01,Priority,16.2,2025-08-29,94,True,4,0,8,1,35,28,0
REQ-000611,LOC-09,SVC-05,Routine,36.1,2025-08-29,218,True,4,0,8,1,35,28,0
REQ-000612,LOC-08,SVC-02,Routine,8.6,2025-08-29,218,True,4,0,8,1,35,28,0
REQ-000614,LOC-09,SVC-01,Priority,78.0,2025-08-29,94,True,4,0,8,1,35,28,0
REQ-000615,LOC-06,SVC-01,Priority,27.7,2025-08-29,79,True,4,0,8,1,35,28,0
REQ-000616,LOC-01,SVC-04,Urgent,66.7,2025-08-29,24,True,4,0,8,1,35,28,0
REQ-000618,LOC-01,SVC-05,Priority,32.9,2025-08-29,72,True,4,0,8,1,35,28,0
REQ-000619,LOC-07,SVC-02,Routine,18.1,2025-08-29,185,True,4,0,8,1,35,28,0
REQ-000620,LOC-06,SVC-02,Routine,9.2,2025-08-29,185,True,4,0,8,1,35,28,0
REQ-000621,LOC-10,SVC-08,Routine,61.9,2025-08-29,218,True,4,0,8,1,35,28,0
REQ-000622,LOC-01,SVC-02,Routine,14.6,2025-08-29,168,True,4,0,8,1,35,28,0
REQ-000623,LOC-06,SVC-02,Routine,9.0,2025-08-29,185,True,4,0,8,1,35,28,0
REQ-000624,LOC-05,SVC-07,Routine,57.2,2025-08-29,168,True,4,0,8,1,35,28,0
REQ-000625,LOC-02,SVC-05,Priority,37.7,2025-08-29,72,True,4,0,8,1,35,28,0
REQ-000626,LOC-08,SVC-03,Priority,9.6,2025-08-29,94,True,4,0,8,1,35,28,0
REQ-000627,LOC-09,SVC-06,Emergency,85.7,2025-08-29,5,False,4,0,8,1,35,28,1
REQ-000628,LOC-03,SVC-04,Routine,15.8,2025-08-29,168,True,4,0,8,1,35,28,0
REQ-000629,LOC-01,SVC-02,Routine,18.0,2025-08-29,168,True,4,0,8,1,35,28,0
REQ-000630,LOC-02,SVC-01,Routine,14.3,2025-08-29,168,True,4,0,8,1,35,28,0
REQ-000631,LOC-07,SVC-01,Routine,73.9,2025-08-29,185,True,4,0,8,1,35,28,0
REQ-000632,LOC-02,SVC-04,Routine,33.4,2025-08-29,168,True,4,0,8,1,35,28,0
REQ-000633,LOC-06,SVC-04,Priority,36.0,2025-08-29,79,True,4,0,8,1,35,28,0
REQ-000634,LOC-02,SVC-08,Routine,23.6,2025-08-29,168,True,4,0,8,1,35,28,0
REQ-000635,LOC-10,SVC-03,Priority,36.0,2025-08-29,94,True,4,0,8,1,35,28,0
REQ-000636,LOC-02,SVC-02,Priority,68.0,2025-08-30,72,True,5,1,8,1,35,29,0
REQ-000637,LOC-04,SVC-02,Routine,29.2,2025-08-30,168,True,5,1,8,1,35,29,0
REQ-000638,LOC-08,SVC-02,Priority,20.8,2025-08-30,94,True,5,1,8,1,35,29,0
REQ-000640,LOC-05,SVC-03,Routine,15.1,2025-08-31,168,True,6,1,8,1,35,30,0
REQ-000641,LOC-06,SVC-07,Priority,58.6,2025-08-31,79,True,6,1,8,1,35,30,0
REQ-000642,LOC-09,SVC-04,Routine,14.1,2025-08-31,218,True,6,1,8,1,35,30,0
REQ-000643,LOC-06,SVC-01,Priority,35.3,2025-08-31,79,True,6,1,8,1,35,30,0
REQ-000644,LOC-03,SVC-07,Routine,43.4,2025-08-31,168,True,6,1,8,1,35,30,0
REQ-000646,LOC-07,SVC-05,Urgent,66.3,2025-08-31,26,False,6,1,8,1,35,30,1
REQ-000647,LOC-02,SVC-01,Priority,63.9,2025-09-01,72,True,0,0,9,0,36,31,0
REQ-000648,LOC-08,SVC-05,Priority,64.2,2025-09-01,94,True,0,0,9,0,36,31,0
REQ-000649,LOC-07,SVC-07,Routine,5.4,2025-09-01,185,True,0,0,9,0,36,31,0
REQ-000650,LOC-06,SVC-02,Routine,37.6,2025-09-01,185,True,0,0,9,0,36,31,0
REQ-000651,LOC-03,SVC-03,Routine,46.3,2025-09-01,168,True,0,0,9,0,36,31,0
REQ-000652,LOC-01,SVC-08,Routine,25.7,2025-09-01,168,True,0,0,9,0,36,31,0
REQ-000653,LOC-04,SVC-05,Priority,18.9,2025-09-01,72,False,0,0,9,0,36,31,1
REQ-000654,LOC-01,SVC-03,Routine,35.0,2025-09-01,168,True,0,0,9,0,36,31,0
REQ-000656,LOC-01,SVC-01,Routine,28.4,2025-09-01,168,True,0,0,9,0,36,31,0
REQ-000657,LOC-07,SVC-01,Emergency,37.6,2025-09-01,4,False,0,0,9,0,36,31,1
REQ-000658,LOC-09,SVC-02,Urgent,65.0,2025-09-01,31,True,0,0,9,0,36,31,0
REQ-000659,LOC-02,SVC-07,Routine,18.6,2025-09-01,168,True,0,0,9,0,36,31,0
REQ-000660,LOC-06,SVC-08,Urgent,79.9,2025-09-01,26,True,0,0,9,0,36,31,0
REQ-000661,LOC-03,SVC-07,Priority,15.7,2025-09-01,72,True,0,0,9,0,36,31,0
REQ-000662,LOC-06,SVC-07,Urgent,28.5,2025-09-01,26,True,0,0,9,0,36,31,0
REQ-000663,LOC-03,SVC-07,Urgent,88.3,2025-09-01,24,False,0,0,9,0,36,31,1
REQ-000664,LOC-03,SVC-02,Routine,19.0,2025-09-01,168,True,0,0,9,0,36,31,0
REQ-000665,LOC-07,SVC-02,Urgent,8.9,2025-09-01,26,False,0,0,9,0,36,31,1
REQ-000666,LOC-05,SVC-02,Urgent,64.5,2025-09-01,24,False,0,0,9,0,36,31,1
REQ-000667,LOC-06,SVC-07,Routine,14.3,2025-09-01,185,True,0,0,9,0,36,31,0
REQ-000668,LOC-03,SVC-02,Routine,49.6,2025-09-02,168,True,1,0,9,0,36,32,0
REQ-000669,LOC-02,SVC-01,Routine,32.6,2025-09-02,168,True,1,0,9,0,36,32,0
REQ-000670,LOC-07,SVC-01,Routine,4.9,2025-09-02,185,True,1,0,9,0,36,32,0
REQ-000671,LOC-02,SVC-04,Priority,44.5,2025-09-02,72,True,1,0,9,0,36,32,0
REQ-000672,LOC-03,SVC-05,Emergency,35.2,2025-09-02,4,False,1,0,9,0,36,32,1
REQ-000673,LOC-08,SVC-07,Priority,20.0,2025-09-02,94,True,1,0,9,0,36,32,0
REQ-000674,LOC-08,SVC-01,Routine,63.4,2025-09-02,218,True,1,0,9,0,36,32,0
REQ-000675,LOC-02,SVC-05,Emergency,86.4,2025-09-02,4,False,1,0,9,0,36,32,1
REQ-000676,LOC-07,SVC-01,Urgent,32.5,2025-09-02,26,True,1,0,9,0,36,32,0
REQ-000677,LOC-05,SVC-05,Urgent,86.5,2025-09-02,24,True,1,0,9,0,36,32,0
REQ-000678,LOC-06,SVC-05,Routine,23.2,2025-09-02,185,True,1,0,9,0,36,32,0
REQ-000679,LOC-08,SVC-06,Routine,16.2,2025-09-02,218,True,1,0,9,0,36,32,0
REQ-000680,LOC-07,SVC-01,Urgent,62.4,2025-09-02,26,False,1,0,9,0,36,32,1
REQ-000681,LOC-09,SVC-07,Routine,73.1,2025-09-02,218,True,1,0,9,0,36,32,0
REQ-000682,LOC-06,SVC-01,Urgent,36.3,2025-09-02,26,True,1,0,9,0,36,32,0
REQ-000683,LOC-06,SVC-07,Routine,66.3,2025-09-02,185,True,1,0,9,0,36,32,0
REQ-000684,LOC-09,SVC-01,Routine,16.2,2025-09-02,218,True,1,0,9,0,36,32,0
REQ-000685,LOC-01,SVC-02,Routine,12.3,2025-09-02,168,True,1,0,9,0,36,32,0
REQ-000686,LOC-05,SVC-05,Priority,6.1,2025-09-02,72,False,1,0,9,0,36,32,1
REQ-000687,LOC-07,SVC-01,Urgent,59.8,2025-09-02,26,False,1,0,9,0,36,32,1
REQ-000688,LOC-04,SVC-01,Priority,83.2,2025-09-02,72,True,1,0,9,0,36,32,0
REQ-000689,LOC-07,SVC-01,Routine,39.5,2025-09-02,185,True,1,0,9,0,36,32,0
REQ-000690,LOC-08,SVC-09,Routine,9.4,2025-09-02,218,True,1,0,9,0,36,32,0
REQ-000691,LOC-04,SVC-01,Priority,33.4,2025-09-02,72,True,1,0,9,0,36,32,0
REQ-000692,LOC-05,SVC-05,Routine,45.4,2025-09-02,168,True,1,0,9,0,36,32,0
REQ-000693,LOC-07,SVC-04,Routine,48.8,2025-09-02,185,True,1,0,9,0,36,32,0
REQ-000694,LOC-01,SVC-05,Routine,40.9,2025-09-03,168,True,2,0,9,0,36,33,0
REQ-000695,LOC-06,SVC-01,Routine,36.3,2025-09-03,185,True,2,0,9,0,36,33,0
REQ-000696,LOC-03,SVC-07,Priority,42.1,2025-09-03,72,True,2,0,9,0,36,33,0
REQ-000697,LOC-06,SVC-02,Routine,6.1,2025-09-03,185,True,2,0,9,0,36,33,0
REQ-000698,LOC-06,SVC-02,Priority,34.4,2025-09-03,79,True,2,0,9,0,36,33,0
REQ-000699,LOC-10,SVC-05,Routine,14.1,2025-09-03,218,True,2,0,9,0,36,33,0
REQ-000700,LOC-06,SVC-01,Urgent,59.5,2025-09-03,26,True,2,0,9,0,36,33,0
REQ-000701,LOC-01,SVC-06,Routine,15.0,2025-09-03,168,True,2,0,9,0,36,33,0
REQ-000702,LOC-05,SVC-03,Routine,38.4,2025-09-03,168,True,2,0,9,0,36,33,0
REQ-000703,LOC-08,SVC-05,Priority,42.8,2025-09-03,94,True,2,0,9,0,36,33,0
REQ-000705,LOC-01,SVC-02,Priority,37.3,2025-09-03,72,True,2,0,9,0,36,33,0
REQ-000706,LOC-04,SVC-05,Priority,20.0,2025-09-03,72,True,2,0,9,0,36,33,0
REQ-000707,LOC-09,SVC-09,Priority,6.3,2025-09-03,94,True,2,0,9,0,36,33,0
REQ-000708,LOC-10,SVC-05,Routine,35.1,2025-09-03,218,True,2,0,9,0,36,33,0
REQ-000710,LOC-09,SVC-09,Routine,32.4,2025-09-04,218,True,3,0,9,0,36,34,0
REQ-000711,LOC-03,SVC-01,Routine,77.7,2025-09-04,168,True,3,0,9,0,36,34,0
REQ-000712,LOC-05,SVC-01,Priority,38.1,2025-09-04,72,True,3,0,9,0,36,34,0
REQ-000713,LOC-03,SVC-07,Emergency,35.2,2025-09-04,4,True,3,0,9,0,36,34,0
REQ-000714,LOC-07,SVC-07,Routine,64.3,2025-09-04,185,True,3,0,9,0,36,34,0
REQ-000715,LOC-03,SVC-03,Priority,12.3,2025-09-04,72,True,3,0,9,0,36,34,0
REQ-000716,LOC-02,SVC-08,Priority,85.1,2025-09-04,72,True,3,0,9,0,36,34,0
REQ-000717,LOC-06,SVC-01,Routine,13.1,2025-09-04,185,True,3,0,9,0,36,34,0
REQ-000718,LOC-07,SVC-05,Priority,72.8,2025-09-04,79,False,3,0,9,0,36,34,1
REQ-000720,LOC-04,SVC-06,Routine,82.6,2025-09-04,168,True,3,0,9,0,36,34,0
REQ-000722,LOC-07,SVC-01,Routine,12.9,2025-09-04,185,True,3,0,9,0,36,34,0
REQ-000723,LOC-07,SVC-05,Routine,37.7,2025-09-04,185,True,3,0,9,0,36,34,0
REQ-000724,LOC-10,SVC-08,Routine,9.9,2025-09-04,218,True,3,0,9,0,36,34,0
REQ-000726,LOC-05,SVC-02,Routine,29.9,2025-09-04,168,True,3,0,9,0,36,34,0
REQ-000727,LOC-04,SVC-03,Routine,20.3,2025-09-04,168,True,3,0,9,0,36,34,0
REQ-000728,LOC-09,SVC-05,Urgent,49.0,2025-09-05,31,False,4,0,9,0,36,35,1
REQ-000729,LOC-06,SVC-02,Routine,67.7,2025-09-05,185,True,4,0,9,0,36,35,0
REQ-000730,LOC-01,SVC-02,Priority,36.3,2025-09-05,72,True,4,0,9,0,36,35,0
REQ-000731,LOC-03,SVC-02,Urgent,36.3,2025-09-05,24,True,4,0,9,0,36,35,0
REQ-000732,LOC-07,SVC-02,Routine,10.3,2025-09-05,185,True,4,0,9,0,36,35,0
REQ-000733,LOC-04,SVC-07,Routine,15.5,2025-09-05,168,True,4,0,9,0,36,35,0
REQ-000734,LOC-01,SVC-02,Urgent,6.8,2025-09-05,24,True,4,0,9,0,36,35,0
REQ-000735,LOC-04,SVC-06,Priority,59.4,2025-09-05,72,True,4,0,9,0,36,35,0
REQ-000736,LOC-04,SVC-02,Routine,58.3,2025-09-05,168,True,4,0,9,0,36,35,0
REQ-000737,LOC-10,SVC-02,Routine,32.1,2025-09-05,218,True,4,0,9,0,36,35,0
REQ-000738,LOC-07,SVC-01,Urgent,53.6,2025-09-05,26,True,4,0,9,0,36,35,0
REQ-000739,LOC-09,SVC-03,Emergency,87.5,2025-09-05,5,False,4,0,9,0,36,35,1
REQ-000740,LOC-07,SVC-07,Urgent,87.7,2025-09-05,26,True,4,0,9,0,36,35,0
REQ-000741,LOC-10,SVC-02,Routine,15.6,2025-09-05,218,True,4,0,9,0,36,35,0
REQ-000742,LOC-01,SVC-09,Priority,19.7,2025-09-05,72,True,4,0,9,0,36,35,0
REQ-000743,LOC-04,SVC-04,Urgent,62.0,2025-09-05,24,True,4,0,9,0,36,35,0
REQ-000744,LOC-01,SVC-08,Routine,16.5,2025-09-05,168,True,4,0,9,0,36,35,0
REQ-000745,LOC-02,SVC-02,Priority,57.7,2025-09-05,72,True,4,0,9,0,36,35,0
REQ-000746,LOC-04,SVC-01,Priority,40.3,2025-09-05,72,False,4,0,9,0,36,35,1
REQ-000747,LOC-10,SVC-01,Routine,37.7,2025-09-05,218,True,4,0,9,0,36,35,0
REQ-000748,LOC-10,SVC-02,Priority,12.3,2025-09-06,94,True,5,1,9,0,36,36,0
REQ-000750,LOC-07,SVC-05,Routine,45.3,2025-09-06,185,True,5,1,9,0,36,36,0
REQ-000751,LOC-01,SVC-03,Routine,39.0,2025-09-06,168,True,5,1,9,0,36,36,0
REQ-000752,LOC-02,SVC-02,Routine,14.1,2025-09-06,168,True,5,1,9,0,36,36,0
REQ-000753,LOC-09,SVC-01,Priority,32.7,2025-09-06,94,True,5,1,9,0,36,36,0
REQ-000754,LOC-06,SVC-02,Routine,21.4,2025-09-06,185,True,5,1,9,0,36,36,0
REQ-000755,LOC-06,SVC-02,Priority,59.3,2025-09-06,79,True,5,1,9,0,36,36,0
REQ-000756,LOC-08,SVC-01,Routine,15.1,2025-09-06,218,True,5,1,9,0,36,36,0
REQ-000757,LOC-10,SVC-03,Urgent,82.7,2025-09-06,31,False,5,1,9,0,36,36,1
REQ-000758,LOC-05,SVC-09,Routine,41.7,2025-09-06,168,True,5,1,9,0,36,36,0
REQ-000759,LOC-05,SVC-01,Priority,64.4,2025-09-06,72,True,5,1,9,0,36,36,0
REQ-000760,LOC-07,SVC-02,Priority,63.1,2025-09-06,79,True,5,1,9,0,36,36,0
REQ-000761,LOC-01,SVC-06,Priority,26.9,2025-09-06,72,True,5,1,9,0,36,36,0
REQ-000762,LOC-09,SVC-05,Routine,20.0,2025-09-06,218,True,5,1,9,0,36,36,0
REQ-000763,LOC-03,SVC-08,Priority,71.4,2025-09-07,72,True,6,1,9,0,36,37,0
REQ-000764,LOC-05,SVC-06,Priority,72.7,2025-09-07,72,True,6,1,9,0,36,37,0
REQ-000765,LOC-08,SVC-02,Urgent,72.4,2025-09-07,31,True,6,1,9,0,36,37,0
REQ-000766,LOC-06,SVC-01,Priority,66.8,2025-09-07,79,True,6,1,9,0,36,37,0
REQ-000767,LOC-04,SVC-01,Priority,3.5,2025-09-07,72,True,6,1,9,0,36,37,0
REQ-000768,LOC-05,SVC-01,Priority,36.3,2025-09-07,72,True,6,1,9,0,36,37,0
REQ-000769,LOC-09,SVC-05,Routine,29.6,2025-09-07,218,True,6,1,9,0,36,37,0
REQ-000770,LOC-03,SVC-05,Routine,28.2,2025-09-07,168,True,6,1,9,0,36,37,0
REQ-000771,LOC-02,SVC-05,Priority,77.8,2025-09-08,72,True,0,0,9,0,37,38,0
REQ-000773,LOC-07,SVC-08,Routine,39.4,2025-09-08,185,True,0,0,9,0,37,38,0
REQ-000774,LOC-08,SVC-05,Routine,18.4,2025-09-08,218,True,0,0,9,0,37,38,0
REQ-000775,LOC-02,SVC-04,Routine,16.4,2025-09-08,168,True,0,0,9,0,37,38,0
REQ-000776,LOC-05,SVC-06,Routine,64.3,2025-09-08,168,True,0,0,9,0,37,38,0
REQ-000777,LOC-02,SVC-02,Routine,59.6,2025-09-08,168,True,0,0,9,0,37,38,0
REQ-000778,LOC-07,SVC-07,Routine,14.9,2025-09-08,185,True,0,0,9,0,37,38,0
REQ-000779,LOC-08,SVC-02,Routine,26.3,2025-09-08,218,True,0,0,9,0,37,38,0
REQ-000780,LOC-02,SVC-05,Urgent,65.5,2025-09-08,24,False,0,0,9,0,37,38,1
REQ-000781,LOC-08,SVC-01,Priority,36.2,2025-09-08,94,True,0,0,9,0,37,38,0
REQ-000783,LOC-03,SVC-01,Priority,34.9,2025-09-08,72,True,0,0,9,0,37,38,0
REQ-000784,LOC-05,SVC-05,Routine,45.0,2025-09-08,168,True,0,0,9,0,37,38,0
REQ-000786,LOC-10,SVC-01,Routine,46.6,2025-09-08,218,True,0,0,9,0,37,38,0
REQ-000787,LOC-09,SVC-01,Routine,16.6,2025-09-08,218,True,0,0,9,0,37,38,0
REQ-000788,LOC-10,SVC-02,Priority,18.4,2025-09-08,94,True,0,0,9,0,37,38,0
REQ-000789,LOC-04,SVC-02,Routine,69.3,2025-09-08,168,True,0,0,9,0,37,38,0
REQ-000790,LOC-10,SVC-06,Routine,18.3,2025-09-08,218,True,0,0,9,0,37,38,0
REQ-000791,LOC-04,SVC-05,Urgent,23.3,2025-09-08,24,True,0,0,9,0,37,38,0
REQ-000792,LOC-07,SVC-09,Routine,63.2,2025-09-08,185,True,0,0,9,0,37,38,0
REQ-000793,LOC-04,SVC-07,Urgent,59.7,2025-09-09,24,True,1,0,9,0,37,39,0
REQ-000794,LOC-09,SVC-04,Routine,36.3,2025-09-09,218,True,1,0,9,0,37,39,0
REQ-000795,LOC-06,SVC-01,Routine,10.3,2025-09-09,185,True,1,0,9,0,37,39,0
REQ-000798,LOC-04,SVC-03,Routine,21.1,2025-09-09,168,True,1,0,9,0,37,39,0
REQ-000799,LOC-04,SVC-04,Priority,45.2,2025-09-09,72,True,1,0,9,0,37,39,0
REQ-000800,LOC-06,SVC-01,Urgent,90.6,2025-09-09,26,False,1,0,9,0,37,39,1
REQ-000801,LOC-07,SVC-03,Routine,34.8,2025-09-09,185,True,1,0,9,0,37,39,0
REQ-000802,LOC-02,SVC-04,Routine,46.2,2025-09-09,168,True,1,0,9,0,37,39,0
REQ-000803,LOC-02,SVC-06,Urgent,33.3,2025-09-09,24,True,1,0,9,0,37,39,0
REQ-000804,LOC-05,SVC-06,Routine,39.0,2025-09-09,168,True,1,0,9,0,37,39,0
REQ-000806,LOC-03,SVC-07,Routine,9.0,2025-09-09,168,True,1,0,9,0,37,39,0
REQ-000807,LOC-09,SVC-02,Emergency,72.3,2025-09-09,5,True,1,0,9,0,37,39,0
REQ-000808,LOC-04,SVC-03,Routine,24.5,2025-09-09,168,True,1,0,9,0,37,39,0
REQ-000809,LOC-05,SVC-05,Routine,36.8,2025-09-09,168,True,1,0,9,0,37,39,0
REQ-000811,LOC-07,SVC-01,Urgent,55.3,2025-09-09,26,False,1,0,9,0,37,39,1
REQ-000812,LOC-07,SVC-06,Routine,36.3,2025-09-09,185,True,1,0,9,0,37,39,0
REQ-000813,LOC-01,SVC-02,Routine,34.3,2025-09-09,168,True,1,0,9,0,37,39,0
REQ-000814,LOC-10,SVC-02,Routine,55.8,2025-09-09,218,True,1,0,9,0,37,39,0
REQ-000815,LOC-01,SVC-03,Emergency,79.1,2025-09-10,4,False,2,0,9,0,37,40,1
REQ-000816,LOC-04,SVC-01,Priority,63.9,2025-09-10,72,True,2,0,9,0,37,40,0
REQ-000817,LOC-04,SVC-09,Routine,46.1,2025-09-10,168,True,2,0,9,0,37,40,0
REQ-000818,LOC-03,SVC-08,Emergency,12.9,2025-09-10,4,True,2,0,9,0,37,40,0
REQ-000819,LOC-06,SVC-02,Priority,17.3,2025-09-10,79,True,2,0,9,0,37,40,0
REQ-000820,LOC-06,SVC-01,Urgent,17.6,2025-09-10,26,True,2,0,9,0,37,40,0
REQ-000822,LOC-03,SVC-01,Routine,22.2,2025-09-10,168,True,2,0,9,0,37,40,0
REQ-000823,LOC-07,SVC-07,Routine,34.2,2025-09-10,185,True,2,0,9,0,37,40,0
REQ-000824,LOC-03,SVC-03,Urgent,36.3,2025-09-10,24,True,2,0,9,0,37,40,0
REQ-000825,LOC-03,SVC-01,Priority,17.9,2025-09-10,72,True,2,0,9,0,37,40,0
REQ-000826,LOC-08,SVC-01,Urgent,36.3,2025-09-10,31,True,2,0,9,0,37,40,0
REQ-000827,LOC-05,SVC-07,Priority,27.5,2025-09-10,72,True,2,0,9,0,37,40,0
REQ-000828,LOC-07,SVC-04,Routine,14.3,2025-09-10,185,True,2,0,9,0,37,40,0
REQ-000829,LOC-03,SVC-05,Priority,12.0,2025-09-10,72,True,2,0,9,0,37,40,0
REQ-000830,LOC-10,SVC-02,Priority,16.6,2025-09-10,94,True,2,0,9,0,37,40,0
REQ-000831,LOC-03,SVC-02,Priority,39.4,2025-09-10,72,True,2,0,9,0,37,40,0
REQ-000832,LOC-08,SVC-02,Priority,59.2,2025-09-10,94,True,2,0,9,0,37,40,0
REQ-000833,LOC-03,SVC-01,Priority,12.6,2025-09-10,72,True,2,0,9,0,37,40,0
REQ-000834,LOC-03,SVC-02,Priority,45.7,2025-09-10,72,True,2,0,9,0,37,40,0
REQ-000835,LOC-09,SVC-02,Urgent,82.3,2025-09-10,31,True,2,0,9,0,37,40,0
REQ-000836,LOC-06,SVC-05,Routine,10.4,2025-09-10,185,True,2,0,9,0,37,40,0
REQ-000838,LOC-10,SVC-06,Priority,61.0,2025-09-10,94,True,2,0,9,0,37,40,0
REQ-000839,LOC-03,SVC-01,Priority,33.8,2025-09-10,72,True,2,0,9,0,37,40,0
REQ-000840,LOC-08,SVC-02,Priority,8.7,2025-09-10,94,True,2,0,9,0,37,40,0
REQ-000841,LOC-03,SVC-01,Routine,10.9,2025-09-10,168,True,2,0,9,0,37,40,0
REQ-000842,LOC-06,SVC-02,Routine,21.2,2025-09-11,185,True,3,0,9,0,37,41,0
REQ-000843,LOC-01,SVC-01,Priority,39.4,2025-09-11,72,True,3,0,9,0,37,41,0
REQ-000844,LOC-04,SVC-06,Emergency,55.9,2025-09-11,4,False,3,0,9,0,37,41,1
REQ-000845,LOC-06,SVC-09,Priority,35.2,2025-09-11,79,True,3,0,9,0,37,41,0
REQ-000847,LOC-08,SVC-04,Routine,43.0,2025-09-11,218,True,3,0,9,0,37,41,0
REQ-000848,LOC-07,SVC-02,Priority,43.5,2025-09-11,79,True,3,0,9,0,37,41,0
REQ-000849,LOC-05,SVC-06,Priority,16.8,2025-09-11,72,True,3,0,9,0,37,41,0
REQ-000850,LOC-10,SVC-03,Emergency,96.3,2025-09-11,5,False,3,0,9,0,37,41,1
REQ-000851,LOC-08,SVC-04,Routine,67.2,2025-09-11,218,True,3,0,9,0,37,41,0
REQ-000853,LOC-04,SVC-03,Routine,40.3,2025-09-11,168,True,3,0,9,0,37,41,0
REQ-000854,LOC-05,SVC-01,Routine,32.0,2025-09-11,168,True,3,0,9,0,37,41,0
REQ-000855,LOC-04,SVC-06,Urgent,39.6,2025-09-11,24,True,3,0,9,0,37,41,0
REQ-000856,LOC-08,SVC-01,Routine,13.2,2025-09-11,218,True,3,0,9,0,37,41,0
REQ-000857,LOC-06,SVC-01,Urgent,36.0,2025-09-11,26,True,3,0,9,0,37,41,0
REQ-000858,LOC-07,SVC-03,Urgent,17.6,2025-09-11,26,True,3,0,9,0,37,41,0
REQ-000859,LOC-03,SVC-05,Routine,26.0,2025-09-11,168,True,3,0,9,0,37,41,0
REQ-000860,LOC-10,SVC-08,Urgent,45.7,2025-09-11,31,True,3,0,9,0,37,41,0
REQ-000861,LOC-07,SVC-09,Urgent,55.9,2025-09-12,26,True,4,0,9,0,37,42,0
REQ-000863,LOC-03,SVC-03,Routine,12.4,2025-09-12,168,True,4,0,9,0,37,42,0
REQ-000864,LOC-08,SVC-01,Routine,13.3,2025-09-12,218,True,4,0,9,0,37,42,0
REQ-000865,LOC-09,SVC-09,Routine,18.4,2025-09-12,218,True,4,0,9,0,37,42,0
REQ-000866,LOC-05,SVC-06,Routine,6.2,2025-09-12,168,True,4,0,9,0,37,42,0
REQ-000867,LOC-09,SVC-02,Routine,94.1,2025-09-12,218,True,4,0,9,0,37,42,0
REQ-000868,LOC-05,SVC-07,Routine,42.5,2025-09-12,168,True,4,0,9,0,37,42,0
REQ-000869,LOC-02,SVC-02,Urgent,88.8,2025-09-12,24,False,4,0,9,0,37,42,1
REQ-000870,LOC-06,SVC-05,Priority,9.8,2025-09-12,79,True,4,0,9,0,37,42,0
REQ-000871,LOC-06,SVC-03,Routine,71.4,2025-09-12,185,True,4,0,9,0,37,42,0
REQ-000873,LOC-10,SVC-01,Routine,80.0,2025-09-12,218,True,4,0,9,0,37,42,0
REQ-000874,LOC-01,SVC-09,Routine,9.5,2025-09-12,168,True,4,0,9,0,37,42,0
REQ-000875,LOC-03,SVC-04,Priority,39.7,2025-09-12,72,True,4,0,9,0,37,42,0
REQ-000876,LOC-02,SVC-02,Routine,27.4,2025-09-12,168,True,4,0,9,0,37,42,0
REQ-000877,LOC-02,SVC-04,Emergency,54.4,2025-09-12,4,False,4,0,9,0,37,42,1
REQ-000878,LOC-06,SVC-06,Priority,63.0,2025-09-12,79,True,4,0,9,0,37,42,0
REQ-000880,LOC-06,SVC-04,Priority,65.8,2025-09-12,79,True,4,0,9,0,37,42,0
REQ-000882,LOC-01,SVC-01,Routine,7.7,2025-09-12,168,True,4,0,9,0,37,42,0
REQ-000883,LOC-08,SVC-01,Urgent,30.3,2025-09-12,31,True,4,0,9,0,37,42,0
REQ-000884,LOC-09,SVC-01,Routine,36.3,2025-09-12,218,True,4,0,9,0,37,42,0
REQ-000885,LOC-06,SVC-07,Routine,14.3,2025-09-12,185,True,4,0,9,0,37,42,0
REQ-000886,LOC-01,SVC-01,Routine,22.4,2025-09-12,168,True,4,0,9,0,37,42,0
REQ-000887,LOC-02,SVC-01,Urgent,60.1,2025-09-12,24,False,4,0,9,0,37,42,1
REQ-000888,LOC-03,SVC-02,Priority,44.1,2025-09-12,72,True,4,0,9,0,37,42,0
REQ-000889,LOC-10,SVC-09,Routine,2.2,2025-09-12,218,True,4,0,9,0,37,42,0
REQ-000890,LOC-03,SVC-01,Urgent,15.0,2025-09-12,24,False,4,0,9,0,37,42,1
REQ-000891,LOC-05,SVC-02,Routine,40.6,2025-09-12,168,True,4,0,9,0,37,42,0
REQ-000893,LOC-09,SVC-03,Routine,33.8,2025-09-13,218,True,5,1,9,0,37,43,0
REQ-000894,LOC-09,SVC-01,Priority,14.3,2025-09-13,94,True,5,1,9,0,37,43,0
REQ-000895,LOC-08,SVC-04,Priority,62.6,2025-09-13,94,True,5,1,9,0,37,43,0
REQ-000896,LOC-03,SVC-06,Urgent,68.0,2025-09-13,24,True,5,1,9,0,37,43,0
REQ-000898,LOC-08,SVC-05,Routine,29.4,2025-09-13,218,True,5,1,9,0,37,43,0
REQ-000899,LOC-09,SVC-01,Routine,36.9,2025-09-13,218,True,5,1,9,0,37,43,0
REQ-000901,LOC-09,SVC-02,Routine,69.5,2025-09-14,218,True,6,1,9,0,37,44,0
REQ-000902,LOC-05,SVC-07,Emergency,33.7,2025-09-14,4,False,6,1,9,0,37,44,1
REQ-000903,LOC-04,SVC-08,Urgent,60.5,2025-09-14,24,True,6,1,9,0,37,44,0
REQ-000904,LOC-05,SVC-04,Urgent,56.4,2025-09-14,24,True,6,1,9,0,37,44,0
REQ-000905,LOC-03,SVC-02,Routine,8.5,2025-09-14,168,True,6,1,9,0,37,44,0
REQ-000906,LOC-07,SVC-02,Routine,17.0,2025-09-14,185,True,6,1,9,0,37,44,0
REQ-000907,LOC-08,SVC-07,Routine,16.4,2025-09-14,218,True,6,1,9,0,37,44,0
REQ-000908,LOC-09,SVC-09,Routine,8.6,2025-09-14,218,True,6,1,9,0,37,44,0
REQ-000909,LOC-10,SVC-01,Priority,58.1,2025-09-14,94,True,6,1,9,0,37,44,0
REQ-000911,LOC-02,SVC-05,Priority,16.7,2025-09-15,72,True,0,0,9,0,38,45,0
REQ-000912,LOC-06,SVC-04,Routine,59.5,2025-09-15,185,True,0,0,9,0,38,45,0
REQ-000913,LOC-09,SVC-01,Priority,43.4,2025-09-15,94,True,0,0,9,0,38,45,0
REQ-000914,LOC-03,SVC-05,Routine,39.7,2025-09-15,168,True,0,0,9,0,38,45,0
REQ-000915,LOC-06,SVC-06,Urgent,99.0,2025-09-15,26,True,0,0,9,0,38,45,0
REQ-000916,LOC-08,SVC-02,Routine,15.2,2025-09-15,218,True,0,0,9,0,38,45,0
REQ-000917,LOC-02,SVC-07,Emergency,81.1,2025-09-15,4,False,0,0,9,0,38,45,1
REQ-000918,LOC-02,SVC-08,Priority,66.3,2025-09-15,72,True,0,0,9,0,38,45,0
REQ-000919,LOC-08,SVC-07,Routine,9.9,2025-09-15,218,True,0,0,9,0,38,45,0
REQ-000920,LOC-03,SVC-01,Routine,47.7,2025-09-15,168,True,0,0,9,0,38,45,0
REQ-000921,LOC-09,SVC-01,Priority,35.7,2025-09-15,94,True,0,0,9,0,38,45,0
REQ-000922,LOC-08,SVC-02,Routine,15.8,2025-09-15,218,True,0,0,9,0,38,45,0
REQ-000923,LOC-10,SVC-06,Priority,33.2,2025-09-15,94,True,0,0,9,0,38,45,0
REQ-000924,LOC-02,SVC-03,Priority,16.7,2025-09-15,72,True,0,0,9,0,38,45,0
REQ-000925,LOC-10,SVC-07,Routine,37.4,2025-09-15,218,True,0,0,9,0,38,45,0
REQ-000926,LOC-10,SVC-07,Priority,60.1,2025-09-15,94,True,0,0,9,0,38,45,0
REQ-000927,LOC-09,SVC-09,Priority,51.8,2025-09-15,94,False,0,0,9,0,38,45,1
REQ-000928,LOC-05,SVC-05,Priority,35.7,2025-09-15,72,True,0,0,9,0,38,45,0
REQ-000929,LOC-08,SVC-09,Routine,16.1,2025-09-15,218,True,0,0,9,0,38,45,0
REQ-000930,LOC-01,SVC-06,Priority,62.3,2025-09-15,72,True,0,0,9,0,38,45,0
REQ-000931,LOC-10,SVC-01,Routine,40.4,2025-09-16,218,True,1,0,9,0,38,46,0
REQ-000932,LOC-08,SVC-05,Routine,4.2,2025-09-16,218,True,1,0,9,0,38,46,0
REQ-000933,LOC-05,SVC-07,Routine,36.3,2025-09-16,168,True,1,0,9,0,38,46,0
REQ-000934,LOC-07,SVC-01,Routine,60.3,2025-09-16,185,True,1,0,9,0,38,46,0
REQ-000935,LOC-07,SVC-08,Routine,44.3,2025-09-16,185,True,1,0,9,0,38,46,0
REQ-000936,LOC-02,SVC-03,Routine,85.6,2025-09-16,168,True,1,0,9,0,38,46,0
REQ-000937,LOC-05,SVC-08,Routine,36.3,2025-09-16,168,True,1,0,9,0,38,46,0
REQ-000938,LOC-01,SVC-04,Routine,20.4,2025-09-16,168,True,1,0,9,0,38,46,0
REQ-000939,LOC-09,SVC-01,Routine,29.8,2025-09-16,218,True,1,0,9,0,38,46,0
REQ-000940,LOC-07,SVC-06,Priority,87.9,2025-09-16,79,True,1,0,9,0,38,46,0
REQ-000941,LOC-08,SVC-01,Priority,41.4,2025-09-16,94,True,1,0,9,0,38,46,0
REQ-000942,LOC-02,SVC-06,Priority,16.3,2025-09-16,72,True,1,0,9,0,38,46,0
REQ-000943,LOC-05,SVC-01,Routine,11.3,2025-09-16,168,True,1,0,9,0,38,46,0
REQ-000944,LOC-02,SVC-01,Priority,46.7,2025-09-16,72,True,1,0,9,0,38,46,0
REQ-000945,LOC-09,SVC-07,Routine,29.9,2025-09-16,218,True,1,0,9,0,38,46,0
REQ-000946,LOC-09,SVC-02,Routine,11.8,2025-09-16,218,True,1,0,9,0,38,46,0
REQ-000947,LOC-02,SVC-06,Routine,41.5,2025-09-16,168,True,1,0,9,0,38,46,0
REQ-000948,LOC-06,SVC-05,Routine,47.6,2025-09-16,185,True,1,0,9,0,38,46,0
REQ-000949,LOC-03,SVC-03,Routine,36.3,2025-09-16,168,True,1,0,9,0,38,46,0
REQ-000950,LOC-02,SVC-07,Priority,62.6,2025-09-17,72,True,2,0,9,0,38,47,0
REQ-000951,LOC-08,SVC-05,Routine,11.8,2025-09-17,218,True,2,0,9,0,38,47,0
REQ-000952,LOC-09,SVC-01,Routine,58.9,2025-09-17,218,True,2,0,9,0,38,47,0
REQ-000953,LOC-02,SVC-05,Routine,38.5,2025-09-17,168,True,2,0,9,0,38,47,0
REQ-000954,LOC-10,SVC-03,Urgent,87.8,2025-09-17,31,True,2,0,9,0,38,47,0
REQ-000955,LOC-07,SVC-02,Priority,12.9,2025-09-17,79,True,2,0,9,0,38,47,0
REQ-000956,LOC-08,SVC-02,Urgent,59.6,2025-09-17,31,True,2,0,9,0,38,47,0
REQ-000957,LOC-08,SVC-03,Routine,13.6,2025-09-17,218,True,2,0,9,0,38,47,0
REQ-000958,LOC-06,SVC-09,Routine,33.2,2025-09-17,185,True,2,0,9,0,38,47,0
REQ-000959,LOC-03,SVC-05,Routine,27.8,2025-09-17,168,True,2,0,9,0,38,47,0
REQ-000960,LOC-08,SVC-01,Routine,15.7,2025-09-17,218,True,2,0,9,0,38,47,0
REQ-000961,LOC-10,SVC-08,Routine,15.5,2025-09-17,218,True,2,0,9,0,38,47,0
REQ-000962,LOC-02,SVC-05,Routine,29.3,2025-09-17,168,True,2,0,9,0,38,47,0
REQ-000963,LOC-08,SVC-06,Routine,37.6,2025-09-17,218,True,2,0,9,0,38,47,0
REQ-000964,LOC-10,SVC-07,Routine,35.1,2025-09-17,218,True,2,0,9,0,38,47,0
REQ-000965,LOC-02,SVC-03,Routine,91.4,2025-09-17,168,True,2,0,9,0,38,47,0
REQ-000966,LOC-03,SVC-03,Priority,36.3,2025-09-17,72,True,2,0,9,0,38,47,0
REQ-000967,LOC-07,SVC-04,Routine,35.4,2025-09-17,185,True,2,0,9,0,38,47,0
REQ-000968,LOC-09,SVC-04,Routine,40.5,2025-09-17,218,True,2,0,9,0,38,47,0
REQ-000969,LOC-05,SVC-03,Routine,39.6,2025-09-17,168,True,2,0,9,0,38,47,0
REQ-000970,LOC-08,SVC-01,Urgent,32.9,2025-09-17,31,True,2,0,9,0,38,47,0
REQ-000972,LOC-07,SVC-06,Priority,58.5,2025-09-18,79,True,3,0,9,0,38,48,0
REQ-000973,LOC-01,SVC-01,Urgent,29.2,2025-09-18,24,True,3,0,9,0,38,48,0
REQ-000974,LOC-03,SVC-04,Routine,31.0,2025-09-18,168,True,3,0,9,0,38,48,0
REQ-000975,LOC-05,SVC-04,Routine,15.3,2025-09-18,168,True,3,0,9,0,38,48,0
REQ-000976,LOC-10,SVC-02,Routine,14.7,2025-09-18,218,True,3,0,9,0,38,48,0
REQ-000977,LOC-06,SVC-03,Routine,39.4,2025-09-18,185,True,3,0,9,0,38,48,0
REQ-000978,LOC-08,SVC-01,Routine,19.7,2025-09-18,218,True,3,0,9,0,38,48,0
REQ-000979,LOC-10,SVC-01,Routine,17.1,2025-09-18,218,True,3,0,9,0,38,48,0
REQ-000980,LOC-09,SVC-04,Priority,35.2,2025-09-18,94,True,3,0,9,0,38,48,0
REQ-000981,LOC-07,SVC-05,Priority,23.9,2025-09-18,79,True,3,0,9,0,38,48,0
REQ-000982,LOC-03,SVC-05,Routine,13.0,2025-09-18,168,True,3,0,9,0,38,48,0
REQ-000985,LOC-08,SVC-07,Routine,10.9,2025-09-18,218,True,3,0,9,0,38,48,0
REQ-000986,LOC-06,SVC-01,Urgent,38.0,2025-09-18,26,True,3,0,9,0,38,48,0
REQ-000987,LOC-07,SVC-08,Routine,33.1,2025-09-18,185,True,3,0,9,0,38,48,0
REQ-000988,LOC-08,SVC-06,Priority,39.7,2025-09-18,94,True,3,0,9,0,38,48,0
REQ-000989,LOC-06,SVC-07,Routine,21.6,2025-09-18,185,True,3,0,9,0,38,48,0
REQ-000990,LOC-10,SVC-07,Routine,33.5,2025-09-18,218,True,3,0,9,0,38,48,0
REQ-000991,LOC-01,SVC-01,Routine,17.5,2025-09-18,168,True,3,0,9,0,38,48,0
REQ-000992,LOC-10,SVC-06,Priority,60.2,2025-09-18,94,True,3,0,9,0,38,48,0
REQ-000994,LOC-02,SVC-08,Routine,83.1,2025-09-18,168,True,3,0,9,0,38,48,0
REQ-000995,LOC-05,SVC-05,Urgent,10.5,2025-09-19,24,True,4,0,9,0,38,49,0
REQ-000996,LOC-08,SVC-06,Routine,20.1,2025-09-19,218,True,4,0,9,0,38,49,0
REQ-000997,LOC-02,SVC-01,Routine,48.5,2025-09-19,168,True,4,0,9,0,38,49,0
REQ-000998,LOC-10,SVC-02,Priority,36.3,2025-09-19,94,True,4,0,9,0,38,49,0
REQ-001000,LOC-03,SVC-07,Emergency,87.4,2025-09-19,4,True,4,0,9,0,38,49,0
REQ-001001,LOC-02,SVC-04,Urgent,63.6,2025-09-19,24,True,4,0,9,0,38,49,0
REQ-001002,LOC-01,SVC-08,Routine,36.3,2025-09-19,168,True,4,0,9,0,38,49,0
REQ-001003,LOC-05,SVC-06,Urgent,66.5,2025-09-19,24,False,4,0,9,0,38,49,1
REQ-001004,LOC-09,SVC-01,Routine,64.2,2025-09-19,218,True,4,0,9,0,38,49,0
REQ-001005,LOC-04,SVC-06,Emergency,94.1,2025-09-19,4,False,4,0,9,0,38,49,1
REQ-001006,LOC-06,SVC-01,Priority,36.3,2025-09-19,79,True,4,0,9,0,38,49,0
REQ-001008,LOC-01,SVC-07,Priority,55.2,2025-09-19,72,True,4,0,9,0,38,49,0
REQ-001009,LOC-04,SVC-08,Routine,22.4,2025-09-19,168,True,4,0,9,0,38,49,0
REQ-001010,LOC-06,SVC-07,Urgent,26.3,2025-09-19,26,True,4,0,9,0,38,49,0
REQ-001011,LOC-01,SVC-04,Urgent,65.3,2025-09-19,24,False,4,0,9,0,38,49,1
REQ-001012,LOC-08,SVC-02,Priority,20.0,2025-09-19,94,True,4,0,9,0,38,49,0
REQ-001013,LOC-06,SVC-01,Routine,16.6,2025-09-19,185,True,4,0,9,0,38,49,0
REQ-001014,LOC-04,SVC-01,Emergency,64.3,2025-09-19,4,False,4,0,9,0,38,49,1
REQ-001015,LOC-01,SVC-09,Urgent,60.8,2025-09-19,24,True,4,0,9,0,38,49,0
REQ-001016,LOC-07,SVC-05,Routine,31.8,2025-09-19,185,True,4,0,9,0,38,49,0
REQ-001017,LOC-04,SVC-03,Routine,21.1,2025-09-19,168,True,4,0,9,0,38,49,0
REQ-001018,LOC-07,SVC-06,Routine,8.4,2025-09-20,185,True,5,1,9,0,38,50,0
REQ-001019,LOC-06,SVC-09,Priority,39.6,2025-09-20,79,True,5,1,9,0,38,50,0
REQ-001020,LOC-10,SVC-05,Routine,31.2,2025-09-20,218,True,5,1,9,0,38,50,0
REQ-001021,LOC-01,SVC-07,Routine,69.6,2025-09-20,168,True,5,1,9,0,38,50,0
REQ-001022,LOC-08,SVC-02,Routine,17.2,2025-09-20,218,True,5,1,9,0,38,50,0
REQ-001023,LOC-09,SVC-08,Routine,24.2,2025-09-20,218,True,5,1,9,0,38,50,0
REQ-001024,LOC-04,SVC-05,Routine,18.1,2025-09-20,168,True,5,1,9,0,38,50,0
REQ-001025,LOC-07,SVC-01,Priority,36.0,2025-09-20,79,True,5,1,9,0,38,50,0
REQ-001026,LOC-03,SVC-09,Routine,36.4,2025-09-21,168,True,6,1,9,0,38,51,0
REQ-001027,LOC-03,SVC-02,Priority,38.7,2025-09-21,72,True,6,1,9,0,38,51,0
REQ-001028,LOC-07,SVC-07,Urgent,22.6,2025-09-21,26,True,6,1,9,0,38,51,0
REQ-001029,LOC-02,SVC-07,Priority,64.5,2025-09-21,72,True,6,1,9,0,38,51,0
REQ-001030,LOC-05,SVC-02,Routine,40.1,2025-09-21,168,True,6,1,9,0,38,51,0
REQ-001031,LOC-02,SVC-02,Priority,66.1,2025-09-21,72,True,6,1,9,0,38,51,0
REQ-001032,LOC-01,SVC-03,Urgent,18.5,2025-09-22,24,True,0,0,9,0,39,52,0
REQ-001033,LOC-08,SVC-04,Routine,16.8,2025-09-22,218,True,0,0,9,0,39,52,0
REQ-001034,LOC-04,SVC-01,Urgent,39.7,2025-09-22,24,True,0,0,9,0,39,52,0
REQ-001035,LOC-09,SVC-09,Routine,54.5,2025-09-22,218,True,0,0,9,0,39,52,0
REQ-001036,LOC-05,SVC-01,Priority,51.4,2025-09-22,72,True,0,0,9,0,39,52,0
REQ-001037,LOC-08,SVC-04,Urgent,93.3,2025-09-22,31,False,0,0,9,0,39,52,1
REQ-001038,LOC-07,SVC-07,Routine,36.4,2025-09-22,185,True,0,0,9,0,39,52,0
REQ-001039,LOC-09,SVC-02,Urgent,81.1,2025-09-22,31,True,0,0,9,0,39,52,0
REQ-001040,LOC-01,SVC-02,Priority,42.1,2025-09-22,72,True,0,0,9,0,39,52,0
REQ-001041,LOC-07,SVC-09,Routine,60.7,2025-09-22,185,True,0,0,9,0,39,52,0
REQ-001042,LOC-07,SVC-01,Routine,16.6,2025-09-22,185,True,0,0,9,0,39,52,0
REQ-001043,LOC-04,SVC-01,Urgent,65.4,2025-09-22,24,True,0,0,9,0,39,52,0
REQ-001044,LOC-01,SVC-02,Routine,48.5,2025-09-22,168,True,0,0,9,0,39,52,0
REQ-001045,LOC-10,SVC-09,Priority,30.3,2025-09-22,94,True,0,0,9,0,39,52,0
REQ-001046,LOC-02,SVC-05,Priority,43.8,2025-09-22,72,True,0,0,9,0,39,52,0
REQ-001047,LOC-06,SVC-06,Routine,8.4,2025-09-22,185,True,0,0,9,0,39,52,0
REQ-001048,LOC-07,SVC-06,Priority,35.2,2025-09-22,79,True,0,0,9,0,39,52,0
REQ-001049,LOC-01,SVC-05,Priority,9.4,2025-09-22,72,False,0,0,9,0,39,52,1
REQ-001051,LOC-07,SVC-01,Routine,22.9,2025-09-23,185,True,1,0,9,0,39,53,0
REQ-001052,LOC-07,SVC-01,Emergency,96.7,2025-09-23,4,False,1,0,9,0,39,53,1
REQ-001053,LOC-06,SVC-08,Routine,40.2,2025-09-23,185,True,1,0,9,0,39,53,0
REQ-001054,LOC-08,SVC-07,Urgent,32.7,2025-09-23,31,True,1,0,9,0,39,53,0
REQ-001055,LOC-01,SVC-07,Routine,17.5,2025-09-23,168,True,1,0,9,0,39,53,0
REQ-001056,LOC-01,SVC-02,Urgent,63.4,2025-09-23,24,True,1,0,9,0,39,53,0
REQ-001057,LOC-03,SVC-02,Routine,12.9,2025-09-23,168,True,1,0,9,0,39,53,0
REQ-001058,LOC-08,SVC-05,Emergency,65.8,2025-09-23,5,False,1,0,9,0,39,53,1
REQ-001059,LOC-02,SVC-06,Priority,28.8,2025-09-23,72,True,1,0,9,0,39,53,0
REQ-001060,LOC-08,SVC-02,Routine,14.3,2025-09-23,218,True,1,0,9,0,39,53,0
REQ-001061,LOC-04,SVC-07,Priority,88.0,2025-09-23,72,True,1,0,9,0,39,53,0
REQ-001062,LOC-01,SVC-07,Priority,65.9,2025-09-23,72,True,1,0,9,0,39,53,0
REQ-001064,LOC-04,SVC-05,Routine,20.3,2025-09-23,168,True,1,0,9,0,39,53,0
REQ-001065,LOC-01,SVC-01,Routine,19.0,2025-09-23,168,True,1,0,9,0,39,53,0
REQ-001066,LOC-01,SVC-04,Routine,14.2,2025-09-23,168,True,1,0,9,0,39,53,0
REQ-001067,LOC-07,SVC-03,Routine,11.4,2025-09-23,185,True,1,0,9,0,39,53,0
REQ-001068,LOC-06,SVC-09,Routine,33.0,2025-09-23,185,True,1,0,9,0,39,53,0
REQ-001069,LOC-01,SVC-02,Priority,43.2,2025-09-23,72,True,1,0,9,0,39,53,0
REQ-001070,LOC-08,SVC-01,Urgent,17.3,2025-09-23,31,True,1,0,9,0,39,53,0
REQ-001071,LOC-04,SVC-02,Priority,83.7,2025-09-23,72,True,1,0,9,0,39,53,0
REQ-001073,LOC-06,SVC-01,Routine,24.9,2025-09-23,185,True,1,0,9,0,39,53,0
REQ-001074,LOC-02,SVC-06,Routine,61.3,2025-09-23,168,True,1,0,9,0,39,53,0
REQ-001075,LOC-07,SVC-01,Routine,62.8,2025-09-24,185,True,2,0,9,0,39,54,0
REQ-001078,LOC-03,SVC-01,Routine,16.6,2025-09-24,168,True,2,0,9,0,39,54,0
REQ-001079,LOC-07,SVC-02,Priority,38.0,2025-09-24,79,True,2,0,9,0,39,54,0
REQ-001080,LOC-05,SVC-04,Urgent,36.3,2025-09-24,24,True,2,0,9,0,39,54,0
REQ-001081,LOC-10,SVC-01,Priority,23.4,2025-09-24,94,True,2,0,9,0,39,54,0
REQ-001082,LOC-06,SVC-05,Routine,36.6,2025-09-24,185,True,2,0,9,0,39,54,0
REQ-001083,LOC-03,SVC-03,Priority,44.6,2025-09-24,72,True,2,0,9,0,39,54,0
REQ-001084,LOC-07,SVC-04,Urgent,36.3,2025-09-24,26,True,2,0,9,0,39,54,0
REQ-001085,LOC-10,SVC-01,Urgent,84.8,2025-09-24,31,True,2,0,9,0,39,54,0
REQ-001086,LOC-01,SVC-05,Routine,22.8,2025-09-24,168,True,2,0,9,0,39,54,0
REQ-001087,LOC-09,SVC-01,Emergency,87.9,2025-09-24,5,False,2,0,9,0,39,54,1
REQ-001088,LOC-02,SVC-06,Priority,70.6,2025-09-24,72,True,2,0,9,0,39,54,0
REQ-001089,LOC-08,SVC-02,Urgent,49.1,2025-09-24,31,True,2,0,9,0,39,54,0
REQ-001090,LOC-09,SVC-01,Routine,36.3,2025-09-24,218,True,2,0,9,0,39,54,0
REQ-001091,LOC-06,SVC-01,Priority,61.5,2025-09-24,79,True,2,0,9,0,39,54,0
REQ-001092,LOC-01,SVC-01,Urgent,36.3,2025-09-24,24,False,2,0,9,0,39,54,1
REQ-001093,LOC-04,SVC-02,Routine,24.7,2025-09-24,168,True,2,0,9,0,39,54,0
REQ-001094,LOC-10,SVC-02,Emergency,91.1,2025-09-24,5,False,2,0,9,0,39,54,1
REQ-001095,LOC-10,SVC-05,Urgent,74.6,2025-09-25,31,True,3,0,9,0,39,55,0
REQ-001096,LOC-06,SVC-02,Priority,48.7,2025-09-25,79,True,3,0,9,0,39,55,0
REQ-001097,LOC-07,SVC-01,Routine,59.6,2025-09-25,185,True,3,0,9,0,39,55,0
REQ-001098,LOC-07,SVC-05,Routine,7.2,2025-09-25,185,True,3,0,9,0,39,55,0
REQ-001099,LOC-06,SVC-05,Priority,57.4,2025-09-25,79,False,3,0,9,0,39,55,1
REQ-001100,LOC-09,SVC-01,Emergency,64.0,2025-09-25,5,False,3,0,9,0,39,55,1
REQ-001101,LOC-01,SVC-05,Priority,36.3,2025-09-25,72,True,3,0,9,0,39,55,0
REQ-001102,LOC-07,SVC-03,Routine,29.3,2025-09-25,185,True,3,0,9,0,39,55,0
REQ-001103,LOC-06,SVC-05,Priority,88.9,2025-09-25,79,True,3,0,9,0,39,55,0
REQ-001104,LOC-02,SVC-06,Urgent,50.6,2025-09-25,24,True,3,0,9,0,39,55,0
REQ-001105,LOC-01,SVC-07,Routine,9.7,2025-09-25,168,True,3,0,9,0,39,55,0
REQ-001106,LOC-05,SVC-01,Priority,58.3,2025-09-25,72,True,3,0,9,0,39,55,0
REQ-001107,LOC-04,SVC-07,Routine,77.7,2025-09-25,168,True,3,0,9,0,39,55,0
REQ-001108,LOC-09,SVC-02,Routine,22.4,2025-09-25,218,True,3,0,9,0,39,55,0
REQ-001110,LOC-07,SVC-09,Urgent,39.1,2025-09-25,26,False,3,0,9,0,39,55,1
REQ-001111,LOC-06,SVC-01,Routine,37.5,2025-09-25,185,True,3,0,9,0,39,55,0
REQ-001112,LOC-03,SVC-01,Priority,72.3,2025-09-25,72,True,3,0,9,0,39,55,0
REQ-001113,LOC-02,SVC-07,Priority,33.8,2025-09-26,72,True,4,0,9,0,39,56,0
REQ-001114,LOC-02,SVC-03,Routine,38.3,2025-09-26,168,True,4,0,9,0,39,56,0
REQ-001116,LOC-05,SVC-05,Priority,38.1,2025-09-26,72,True,4,0,9,0,39,56,0
REQ-001117,LOC-08,SVC-05,Routine,39.0,2025-09-26,218,True,4,0,9,0,39,56,0
REQ-001118,LOC-10,SVC-05,Routine,12.4,2025-09-26,218,True,4,0,9,0,39,56,0
REQ-001119,LOC-01,SVC-01,Urgent,11.9,2025-09-26,24,True,4,0,9,0,39,56,0
REQ-001120,LOC-10,SVC-09,Priority,11.0,2025-09-26,94,True,4,0,9,0,39,56,0
REQ-001121,LOC-01,SVC-04,Routine,45.2,2025-09-26,168,True,4,0,9,0,39,56,0
REQ-001123,LOC-09,SVC-01,Routine,27.2,2025-09-26,218,True,4,0,9,0,39,56,0
REQ-001124,LOC-08,SVC-01,Priority,18.2,2025-09-26,94,True,4,0,9,0,39,56,0
REQ-001125,LOC-06,SVC-05,Routine,14.6,2025-09-26,185,True,4,0,9,0,39,56,0
REQ-001126,LOC-05,SVC-08,Routine,43.3,2025-09-26,168,True,4,0,9,0,39,56,0
REQ-001127,LOC-10,SVC-09,Urgent,89.6,2025-09-26,31,False,4,0,9,0,39,56,1
REQ-001128,LOC-04,SVC-07,Priority,57.2,2025-09-26,72,True,4,0,9,0,39,56,0
REQ-001129,LOC-09,SVC-01,Routine,48.2,2025-09-26,218,True,4,0,9,0,39,56,0
REQ-001130,LOC-05,SVC-09,Priority,75.8,2025-09-26,72,True,4,0,9,0,39,56,0
REQ-001131,LOC-09,SVC-07,Routine,33.3,2025-09-27,218,True,5,1,9,0,39,57,0
REQ-001132,LOC-10,SVC-01,Urgent,94.0,2025-09-27,31,True,5,1,9,0,39,57,0
REQ-001134,LOC-02,SVC-02,Priority,36.3,2025-09-27,72,True,5,1,9,0,39,57,0
REQ-001135,LOC-02,SVC-04,Routine,34.5,2025-09-27,168,True,5,1,9,0,39,57,0
REQ-001136,LOC-05,SVC-07,Routine,6.4,2025-09-27,168,True,5,1,9,0,39,57,0
REQ-001138,LOC-02,SVC-02,Routine,58.2,2025-09-28,168,True,6,1,9,0,39,58,0
REQ-001139,LOC-02,SVC-07,Urgent,95.0,2025-09-28,24,False,6,1,9,0,39,58,1
REQ-001140,LOC-08,SVC-01,Routine,22.2,2025-09-28,218,True,6,1,9,0,39,58,0
REQ-001141,LOC-01,SVC-07,Priority,36.3,2025-09-28,72,True,6,1,9,0,39,58,0
REQ-001142,LOC-08,SVC-04,Routine,11.6,2025-09-28,218,True,6,1,9,0,39,58,0
REQ-001143,LOC-01,SVC-03,Priority,29.5,2025-09-28,72,True,6,1,9,0,39,58,0
REQ-001145,LOC-03,SVC-03,Routine,26.1,2025-09-28,168,True,6,1,9,0,39,58,0
REQ-001146,LOC-09,SVC-05,Routine,36.3,2025-09-29,218,True,0,0,9,0,40,59,0
REQ-001147,LOC-03,SVC-05,Urgent,17.8,2025-09-29,24,True,0,0,9,0,40,59,0
REQ-001148,LOC-07,SVC-04,Routine,16.7,2025-09-29,185,True,0,0,9,0,40,59,0
REQ-001149,LOC-05,SVC-03,Urgent,60.6,2025-09-29,24,True,0,0,9,0,40,59,0
REQ-001150,LOC-08,SVC-04,Urgent,38.3,2025-09-29,31,True,0,0,9,0,40,59,0
REQ-001151,LOC-05,SVC-05,Routine,35.4,2025-09-29,168,True,0,0,9,0,40,59,0
REQ-001152,LOC-07,SVC-05,Routine,19.9,2025-09-29,185,True,0,0,9,0,40,59,0
REQ-001153,LOC-09,SVC-01,Priority,58.9,2025-09-29,94,True,0,0,9,0,40,59,0
REQ-001154,LOC-02,SVC-09,Priority,62.2,2025-09-29,72,True,0,0,9,0,40,59,0
REQ-001155,LOC-01,SVC-01,Urgent,59.0,2025-09-29,24,False,0,0,9,0,40,59,1
REQ-001156,LOC-07,SVC-06,Priority,62.1,2025-09-29,79,True,0,0,9,0,40,59,0
REQ-001157,LOC-06,SVC-05,Urgent,61.7,2025-09-29,26,False,0,0,9,0,40,59,1
REQ-001158,LOC-06,SVC-09,Routine,36.3,2025-09-29,185,True,0,0,9,0,40,59,0
REQ-001161,LOC-06,SVC-03,Priority,24.6,2025-09-29,79,True,0,0,9,0,40,59,0
REQ-001163,LOC-08,SVC-07,Routine,15.4,2025-09-30,218,True,1,0,9,0,40,60,0
REQ-001164,LOC-10,SVC-01,Priority,74.6,2025-09-30,94,True,1,0,9,0,40,60,0
REQ-001165,LOC-10,SVC-08,Routine,33.3,2025-09-30,218,True,1,0,9,0,40,60,0
REQ-001167,LOC-08,SVC-05,Routine,23.3,2025-09-30,218,True,1,0,9,0,40,60,0
REQ-001168,LOC-09,SVC-01,Priority,55.9,2025-09-30,94,True,1,0,9,0,40,60,0
REQ-001169,LOC-08,SVC-06,Priority,45.3,2025-09-30,94,True,1,0,9,0,40,60,0
REQ-001170,LOC-07,SVC-05,Routine,19.1,2025-09-30,185,True,1,0,9,0,40,60,0
REQ-001171,LOC-06,SVC-04,Routine,35.3,2025-09-30,185,True,1,0,9,0,40,60,0
REQ-001172,LOC-02,SVC-03,Priority,63.2,2025-09-30,72,True,1,0,9,0,40,60,0
REQ-001173,LOC-06,SVC-01,Routine,15.1,2025-09-30,185,True,1,0,9,0,40,60,0
REQ-001174,LOC-05,SVC-09,Urgent,28.7,2025-09-30,24,False,1,0,9,0,40,60,1
REQ-001175,LOC-06,SVC-04,Urgent,45.5,2025-09-30,26,True,1,0,9,0,40,60,0
REQ-001176,LOC-01,SVC-05,Priority,37.6,2025-09-30,72,True,1,0,9,0,40,60,0
REQ-001177,LOC-08,SVC-02,Emergency,48.5,2025-09-30,5,False,1,0,9,0,40,60,1
REQ-001178,LOC-04,SVC-03,Routine,15.2,2025-09-30,168,True,1,0,9,0,40,60,0
REQ-001179,LOC-10,SVC-04,Urgent,20.8,2025-09-30,31,True,1,0,9,0,40,60,0
REQ-001180,LOC-02,SVC-05,Urgent,66.2,2025-09-30,24,True,1,0,9,0,40,60,0
REQ-001181,LOC-02,SVC-03,Urgent,60.9,2025-10-01,24,True,2,0,10,0,40,61,0
REQ-001182,LOC-08,SVC-01,Priority,14.3,2025-10-01,94,True,2,0,10,0,40,61,0
REQ-001183,LOC-03,SVC-08,Urgent,26.4,2025-10-01,24,True,2,0,10,0,40,61,0
REQ-001184,LOC-05,SVC-09,Routine,42.5,2025-10-01,168,True,2,0,10,0,40,61,0
REQ-001186,LOC-08,SVC-06,Urgent,66.9,2025-10-01,31,True,2,0,10,0,40,61,0
REQ-001187,LOC-04,SVC-05,Routine,32.9,2025-10-01,168,True,2,0,10,0,40,61,0
REQ-001188,LOC-03,SVC-05,Emergency,39.4,2025-10-01,4,False,2,0,10,0,40,61,1
REQ-001189,LOC-04,SVC-08,Priority,8.0,2025-10-01,72,True,2,0,10,0,40,61,0
REQ-001190,LOC-05,SVC-02,Priority,36.2,2025-10-01,72,True,2,0,10,0,40,61,0
REQ-001191,LOC-09,SVC-02,Routine,11.5,2025-10-01,218,True,2,0,10,0,40,61,0
REQ-001192,LOC-08,SVC-07,Routine,24.3,2025-10-01,218,True,2,0,10,0,40,61,0
REQ-001194,LOC-09,SVC-01,Priority,47.1,2025-10-01,94,True,2,0,10,0,40,61,0
REQ-001195,LOC-10,SVC-05,Priority,11.7,2025-10-01,94,True,2,0,10,0,40,61,0
REQ-001196,LOC-02,SVC-08,Priority,17.1,2025-10-01,72,True,2,0,10,0,40,61,0
REQ-001198,LOC-09,SVC-09,Routine,64.4,2025-10-01,218,True,2,0,10,0,40,61,0
REQ-001199,LOC-09,SVC-02,Urgent,43.5,2025-10-02,31,False,3,0,10,0,40,62,1
REQ-001200,LOC-06,SVC-05,Priority,65.5,2025-10-02,79,True,3,0,10,0,40,62,0
REQ-001201,LOC-06,SVC-01,Routine,12.7,2025-10-02,185,True,3,0,10,0,40,62,0
REQ-001202,LOC-02,SVC-07,Priority,40.9,2025-10-02,72,True,3,0,10,0,40,62,0
REQ-001203,LOC-03,SVC-06,Routine,24.7,2025-10-02,168,True,3,0,10,0,40,62,0
REQ-001204,LOC-09,SVC-06,Urgent,16.1,2025-10-02,31,True,3,0,10,0,40,62,0
REQ-001205,LOC-09,SVC-03,Routine,42.8,2025-10-02,218,True,3,0,10,0,40,62,0
REQ-001206,LOC-04,SVC-05,Urgent,16.4,2025-10-02,24,True,3,0,10,0,40,62,0
REQ-001207,LOC-04,SVC-08,Routine,45.6,2025-10-02,168,True,3,0,10,0,40,62,0
REQ-001208,LOC-04,SVC-02,Routine,36.3,2025-10-02,168,True,3,0,10,0,40,62,0
REQ-001209,LOC-03,SVC-07,Routine,13.4,2025-10-02,168,True,3,0,10,0,40,62,0
REQ-001210,LOC-03,SVC-03,Routine,35.3,2025-10-02,168,True,3,0,10,0,40,62,0
REQ-001211,LOC-04,SVC-07,Priority,24.0,2025-10-02,72,True,3,0,10,0,40,62,0
REQ-001212,LOC-09,SVC-02,Routine,45.3,2025-10-02,218,True,3,0,10,0,40,62,0
REQ-001213,LOC-05,SVC-06,Priority,54.7,2025-10-02,72,True,3,0,10,0,40,62,0
REQ-001214,LOC-08,SVC-04,Routine,37.7,2025-10-02,218,True,3,0,10,0,40,62,0
REQ-001215,LOC-03,SVC-01,Routine,9.9,2025-10-02,168,True,3,0,10,0,40,62,0
REQ-001216,LOC-02,SVC-02,Emergency,17.0,2025-10-02,4,False,3,0,10,0,40,62,1
REQ-001217,LOC-06,SVC-09,Routine,7.3,2025-10-02,185,True,3,0,10,0,40,62,0
REQ-001218,LOC-05,SVC-07,Urgent,34.2,2025-10-02,24,False,3,0,10,0,40,62,1
REQ-001219,LOC-03,SVC-02,Routine,39.6,2025-10-02,168,True,3,0,10,0,40,62,0
REQ-001220,LOC-10,SVC-09,Priority,72.7,2025-10-02,94,True,3,0,10,0,40,62,0
REQ-001221,LOC-02,SVC-07,Urgent,36.3,2025-10-03,24,True,4,0,10,0,40,63,0
REQ-001222,LOC-06,SVC-08,Priority,68.8,2025-10-03,79,True,4,0,10,0,40,63,0
REQ-001223,LOC-02,SVC-07,Urgent,92.9,2025-10-03,24,True,4,0,10,0,40,63,0
REQ-001224,LOC-09,SVC-05,Routine,40.9,2025-10-03,218,True,4,0,10,0,40,63,0
REQ-001225,LOC-10,SVC-08,Routine,19.2,2025-10-03,218,True,4,0,10,0,40,63,0
REQ-001226,LOC-02,SVC-03,Routine,13.3,2025-10-03,168,True,4,0,10,0,40,63,0
REQ-001227,LOC-06,SVC-02,Priority,68.9,2025-10-03,79,True,4,0,10,0,40,63,0
REQ-001228,LOC-03,SVC-07,Priority,8.4,2025-10-03,72,True,4,0,10,0,40,63,0
REQ-001229,LOC-04,SVC-01,Routine,13.9,2025-10-03,168,True,4,0,10,0,40,63,0
REQ-001230,LOC-10,SVC-01,Routine,20.5,2025-10-03,218,True,4,0,10,0,40,63,0
REQ-001231,LOC-03,SVC-08,Routine,15.8,2025-10-03,168,True,4,0,10,0,40,63,0
REQ-001232,LOC-01,SVC-01,Priority,25.3,2025-10-03,72,True,4,0,10,0,40,63,0
REQ-001233,LOC-07,SVC-05,Routine,25.6,2025-10-03,185,True,4,0,10,0,40,63,0
REQ-001235,LOC-02,SVC-07,Priority,34.0,2025-10-03,72,True,4,0,10,0,40,63,0
REQ-001236,LOC-04,SVC-02,Routine,40.8,2025-10-03,168,True,4,0,10,0,40,63,0
REQ-001237,LOC-04,SVC-04,Urgent,83.0,2025-10-03,24,True,4,0,10,0,40,63,0
REQ-001238,LOC-03,SVC-06,Routine,18.2,2025-10-03,168,True,4,0,10,0,40,63,0
REQ-001239,LOC-06,SVC-03,Routine,15.2,2025-10-03,185,True,4,0,10,0,40,63,0
REQ-001240,LOC-04,SVC-02,Urgent,28.6,2025-10-04,24,True,5,1,10,0,40,64,0
REQ-001241,LOC-05,SVC-07,Routine,77.1,2025-10-04,168,True,5,1,10,0,40,64,0
REQ-001242,LOC-09,SVC-08,Priority,52.6,2025-10-04,94,True,5,1,10,0,40,64,0
REQ-001243,LOC-02,SVC-07,Routine,10.0,2025-10-04,168,True,5,1,10,0,40,64,0
REQ-001244,LOC-02,SVC-04,Urgent,81.5,2025-10-04,24,True,5,1,10,0,40,64,0
REQ-001246,LOC-04,SVC-01,Priority,30.0,2025-10-04,72,True,5,1,10,0,40,64,0
REQ-001247,LOC-10,SVC-08,Routine,15.6,2025-10-04,218,True,5,1,10,0,40,64,0
REQ-001249,LOC-08,SVC-01,Priority,30.8,2025-10-05,94,True,6,1,10,0,40,65,0
REQ-001250,LOC-06,SVC-06,Routine,17.6,2025-10-05,185,True,6,1,10,0,40,65,0
REQ-001252,LOC-06,SVC-01,Routine,27.3,2025-10-05,185,True,6,1,10,0,40,65,0
REQ-001254,LOC-04,SVC-02,Routine,36.3,2025-10-05,168,True,6,1,10,0,40,65,0
REQ-001255,LOC-06,SVC-05,Priority,37.1,2025-10-05,79,True,6,1,10,0,40,65,0
REQ-001257,LOC-04,SVC-09,Routine,13.6,2025-10-05,168,True,6,1,10,0,40,65,0
REQ-001258,LOC-09,SVC-08,Priority,90.7,2025-10-06,94,True,0,0,10,0,41,66,0
REQ-001259,LOC-10,SVC-03,Priority,37.1,2025-10-06,94,True,0,0,10,0,41,66,0
REQ-001260,LOC-04,SVC-01,Priority,14.0,2025-10-06,72,True,0,0,10,0,41,66,0
REQ-001262,LOC-01,SVC-04,Routine,39.8,2025-10-06,168,True,0,0,10,0,41,66,0
REQ-001263,LOC-10,SVC-01,Routine,17.2,2025-10-06,218,True,0,0,10,0,41,66,0
REQ-001264,LOC-03,SVC-08,Urgent,21.7,2025-10-06,24,True,0,0,10,0,41,66,0
REQ-001265,LOC-03,SVC-05,Priority,30.3,2025-10-06,72,True,0,0,10,0,41,66,0
REQ-001266,LOC-06,SVC-08,Routine,28.9,2025-10-06,185,True,0,0,10,0,41,66,0
REQ-001267,LOC-07,SVC-05,Urgent,33.9,2025-10-06,26,False,0,0,10,0,41,66,1
REQ-001268,LOC-05,SVC-03,Routine,19.5,2025-10-06,168,True,0,0,10,0,41,66,0
REQ-001269,LOC-08,SVC-08,Urgent,27.7,2025-10-06,31,True,0,0,10,0,41,66,0
REQ-001270,LOC-06,SVC-04,Routine,34.7,2025-10-06,185,True,0,0,10,0,41,66,0
REQ-001271,LOC-03,SVC-04,Routine,40.4,2025-10-06,168,True,0,0,10,0,41,66,0
REQ-001272,LOC-07,SVC-03,Priority,13.3,2025-10-06,79,True,0,0,10,0,41,66,0
REQ-001273,LOC-03,SVC-06,Routine,19.9,2025-10-07,168,True,1,0,10,0,41,67,0
REQ-001274,LOC-07,SVC-06,Priority,10.0,2025-10-07,79,True,1,0,10,0,41,67,0
REQ-001275,LOC-08,SVC-01,Routine,42.6,2025-10-07,218,True,1,0,10,0,41,67,0
REQ-001276,LOC-01,SVC-02,Routine,13.2,2025-10-07,168,True,1,0,10,0,41,67,0
REQ-001277,LOC-06,SVC-03,Priority,34.9,2025-10-07,79,True,1,0,10,0,41,67,0
REQ-001279,LOC-02,SVC-04,Emergency,36.3,2025-10-07,4,False,1,0,10,0,41,67,1
REQ-001280,LOC-06,SVC-06,Urgent,15.8,2025-10-07,26,True,1,0,10,0,41,67,0
REQ-001281,LOC-07,SVC-08,Routine,45.1,2025-10-07,185,True,1,0,10,0,41,67,0
REQ-001282,LOC-09,SVC-02,Routine,15.9,2025-10-07,218,True,1,0,10,0,41,67,0
REQ-001283,LOC-10,SVC-07,Routine,22.4,2025-10-07,218,True,1,0,10,0,41,67,0
REQ-001284,LOC-08,SVC-05,Routine,65.8,2025-10-07,218,True,1,0,10,0,41,67,0
REQ-001285,LOC-09,SVC-07,Routine,18.4,2025-10-07,218,True,1,0,10,0,41,67,0
REQ-001286,LOC-03,SVC-06,Routine,18.8,2025-10-07,168,True,1,0,10,0,41,67,0
REQ-001288,LOC-03,SVC-03,Priority,37.8,2025-10-07,72,True,1,0,10,0,41,67,0
REQ-001289,LOC-04,SVC-05,Routine,24.9,2025-10-07,168,True,1,0,10,0,41,67,0
REQ-001290,LOC-10,SVC-05,Routine,36.3,2025-10-07,218,True,1,0,10,0,41,67,0
REQ-001291,LOC-06,SVC-01,Priority,16.3,2025-10-07,79,True,1,0,10,0,41,67,0
REQ-001292,LOC-10,SVC-02,Emergency,61.3,2025-10-07,5,False,1,0,10,0,41,67,1
REQ-001293,LOC-01,SVC-01,Routine,88.8,2025-10-07,168,True,1,0,10,0,41,67,0
REQ-001294,LOC-08,SVC-02,Routine,36.2,2025-10-07,218,True,1,0,10,0,41,67,0
REQ-001295,LOC-10,SVC-03,Urgent,18.3,2025-10-07,31,True,1,0,10,0,41,67,0
REQ-001296,LOC-07,SVC-04,Routine,86.0,2025-10-07,185,True,1,0,10,0,41,67,0
REQ-001298,LOC-08,SVC-07,Routine,39.9,2025-10-08,218,True,2,0,10,0,41,68,0
REQ-001299,LOC-09,SVC-02,Routine,13.5,2025-10-08,218,True,2,0,10,0,41,68,0
REQ-001300,LOC-10,SVC-02,Priority,5.3,2025-10-08,94,True,2,0,10,0,41,68,0
REQ-001301,LOC-01,SVC-07,Urgent,59.8,2025-10-08,24,True,2,0,10,0,41,68,0
REQ-001302,LOC-05,SVC-01,Priority,35.7,2025-10-08,72,True,2,0,10,0,41,68,0
REQ-001303,LOC-08,SVC-08,Routine,52.5,2025-10-08,218,True,2,0,10,0,41,68,0
REQ-001304,LOC-02,SVC-07,Routine,67.3,2025-10-08,168,True,2,0,10,0,41,68,0
REQ-001305,LOC-03,SVC-02,Priority,71.1,2025-10-08,72,True,2,0,10,0,41,68,0
REQ-001306,LOC-03,SVC-05,Routine,11.8,2025-10-08,168,True,2,0,10,0,41,68,0
REQ-001307,LOC-05,SVC-05,Urgent,43.9,2025-10-08,24,True,2,0,10,0,41,68,0
REQ-001308,LOC-06,SVC-09,Routine,61.7,2025-10-08,185,True,2,0,10,0,41,68,0
REQ-001309,LOC-02,SVC-08,Routine,16.4,2025-10-08,168,True,2,0,10,0,41,68,0
REQ-001310,LOC-02,SVC-02,Routine,40.2,2025-10-08,168,True,2,0,10,0,41,68,0
REQ-001311,LOC-02,SVC-02,Urgent,60.0,2025-10-08,24,True,2,0,10,0,41,68,0
REQ-001313,LOC-01,SVC-09,Routine,64.5,2025-10-08,168,True,2,0,10,0,41,68,0
REQ-001314,LOC-07,SVC-02,Urgent,34.3,2025-10-08,26,True,2,0,10,0,41,68,0
REQ-001315,LOC-02,SVC-04,Routine,13.9,2025-10-08,168,True,2,0,10,0,41,68,0
REQ-001316,LOC-08,SVC-01,Routine,42.1,2025-10-08,218,True,2,0,10,0,41,68,0
REQ-001317,LOC-08,SVC-01,Priority,33.6,2025-10-08,94,True,2,0,10,0,41,68,0
REQ-001318,LOC-03,SVC-01,Priority,14.4,2025-10-08,72,True,2,0,10,0,41,68,0
REQ-001319,LOC-07,SVC-06,Routine,46.4,2025-10-08,185,True,2,0,10,0,41,68,0
REQ-001320,LOC-09,SVC-03,Routine,34.1,2025-10-09,218,True,3,0,10,0,41,69,0
REQ-001321,LOC-06,SVC-08,Routine,23.4,2025-10-09,185,True,3,0,10,0,41,69,0
REQ-001322,LOC-01,SVC-02,Routine,68.2,2025-10-09,168,True,3,0,10,0,41,69,0
REQ-001323,LOC-07,SVC-02,Routine,32.0,2025-10-09,185,True,3,0,10,0,41,69,0
REQ-001324,LOC-05,SVC-06,Urgent,36.3,2025-10-09,24,False,3,0,10,0,41,69,1
REQ-001325,LOC-09,SVC-05,Priority,57.2,2025-10-09,94,True,3,0,10,0,41,69,0
REQ-001326,LOC-09,SVC-02,Routine,13.8,2025-10-09,218,True,3,0,10,0,41,69,0
REQ-001327,LOC-04,SVC-01,Urgent,56.6,2025-10-09,24,True,3,0,10,0,41,69,0
REQ-001328,LOC-06,SVC-04,Urgent,68.2,2025-10-09,26,False,3,0,10,0,41,69,1
REQ-001329,LOC-03,SVC-01,Routine,4.5,2025-10-09,168,True,3,0,10,0,41,69,0
REQ-001330,LOC-08,SVC-01,Routine,45.1,2025-10-09,218,True,3,0,10,0,41,69,0
REQ-001332,LOC-03,SVC-08,Routine,37.2,2025-10-09,168,True,3,0,10,0,41,69,0
REQ-001333,LOC-06,SVC-05,Urgent,58.4,2025-10-09,26,False,3,0,10,0,41,69,1
REQ-001334,LOC-06,SVC-04,Routine,49.1,2025-10-09,185,False,3,0,10,0,41,69,1
REQ-001335,LOC-05,SVC-03,Urgent,31.6,2025-10-09,24,True,3,0,10,0,41,69,0
REQ-001336,LOC-01,SVC-01,Urgent,65.5,2025-10-09,24,False,3,0,10,0,41,69,1
REQ-001337,LOC-01,SVC-06,Priority,61.6,2025-10-09,72,True,3,0,10,0,41,69,0
REQ-001338,LOC-06,SVC-03,Priority,11.5,2025-10-09,79,True,3,0,10,0,41,69,0
REQ-001339,LOC-02,SVC-04,Priority,60.1,2025-10-09,72,True,3,0,10,0,41,69,0
REQ-001340,LOC-01,SVC-05,Urgent,26.1,2025-10-09,24,True,3,0,10,0,41,69,0
REQ-001341,LOC-02,SVC-08,Emergency,85.0,2025-10-09,4,False,3,0,10,0,41,69,1
REQ-001342,LOC-06,SVC-06,Routine,85.0,2025-10-09,185,True,3,0,10,0,41,69,0
REQ-001343,LOC-10,SVC-05,Routine,5.4,2025-10-09,218,True,3,0,10,0,41,69,0
REQ-001345,LOC-07,SVC-02,Priority,30.7,2025-10-09,79,True,3,0,10,0,41,69,0
REQ-001346,LOC-08,SVC-07,Routine,57.5,2025-10-09,218,True,3,0,10,0,41,69,0
REQ-001347,LOC-08,SVC-03,Priority,17.3,2025-10-09,94,True,3,0,10,0,41,69,0
REQ-001348,LOC-08,SVC-06,Routine,10.7,2025-10-09,218,True,3,0,10,0,41,69,0
REQ-001349,LOC-05,SVC-01,Routine,30.7,2025-10-09,168,True,3,0,10,0,41,69,0
REQ-001350,LOC-09,SVC-02,Urgent,21.4,2025-10-09,31,True,3,0,10,0,41,69,0
REQ-001351,LOC-10,SVC-06,Routine,28.6,2025-10-09,218,True,3,0,10,0,41,69,0
REQ-001352,LOC-02,SVC-08,Priority,67.3,2025-10-10,72,True,4,0,10,0,41,70,0
REQ-001353,LOC-09,SVC-05,Priority,21.8,2025-10-10,94,True,4,0,10,0,41,70,0
REQ-001355,LOC-02,SVC-05,Priority,93.9,2025-10-10,72,True,4,0,10,0,41,70,0
REQ-001356,LOC-01,SVC-04,Urgent,92.0,2025-10-10,24,True,4,0,10,0,41,70,0
REQ-001358,LOC-04,SVC-02,Routine,57.6,2025-10-10,168,True,4,0,10,0,41,70,0
REQ-001359,LOC-09,SVC-09,Urgent,76.9,2025-10-10,31,False,4,0,10,0,41,70,1
REQ-001360,LOC-03,SVC-03,Priority,91.9,2025-10-10,72,True,4,0,10,0,41,70,0
REQ-001361,LOC-08,SVC-01,Priority,8.6,2025-10-10,94,True,4,0,10,0,41,70,0
REQ-001362,LOC-06,SVC-05,Routine,16.5,2025-10-10,185,True,4,0,10,0,41,70,0
REQ-001363,LOC-08,SVC-02,Routine,19.2,2025-10-10,218,True,4,0,10,0,41,70,0
REQ-001364,LOC-05,SVC-05,Priority,40.8,2025-10-10,72,True,4,0,10,0,41,70,0
REQ-001365,LOC-05,SVC-05,Priority,30.4,2025-10-10,72,True,4,0,10,0,41,70,0
REQ-001368,LOC-08,SVC-01,Routine,13.7,2025-10-10,218,True,4,0,10,0,41,70,0
REQ-001369,LOC-10,SVC-05,Urgent,93.5,2025-10-11,31,False,5,1,10,0,41,71,1
REQ-001370,LOC-08,SVC-05,Routine,55.9,2025-10-11,218,True,5,1,10,0,41,71,0
REQ-001371,LOC-08,SVC-02,Urgent,59.5,2025-10-11,31,False,5,1,10,0,41,71,1
REQ-001373,LOC-03,SVC-05,Priority,37.0,2025-10-11,72,True,5,1,10,0,41,71,0
REQ-001374,LOC-09,SVC-02,Priority,94.8,2025-10-11,94,True,5,1,10,0,41,71,0
REQ-001375,LOC-05,SVC-09,Routine,46.3,2025-10-11,168,True,5,1,10,0,41,71,0
REQ-001376,LOC-01,SVC-08,Priority,63.9,2025-10-11,72,True,5,1,10,0,41,71,0
REQ-001377,LOC-10,SVC-01,Routine,5.4,2025-10-11,218,True,5,1,10,0,41,71,0
REQ-001378,LOC-07,SVC-03,Urgent,36.3,2025-10-12,26,False,6,1,10,0,41,72,1
REQ-001379,LOC-10,SVC-04,Routine,18.2,2025-10-12,218,True,6,1,10,0,41,72,0
REQ-001381,LOC-01,SVC-05,Routine,21.7,2025-10-12,168,True,6,1,10,0,41,72,0
REQ-001382,LOC-10,SVC-03,Priority,24.6,2025-10-12,94,True,6,1,10,0,41,72,0
REQ-001383,LOC-01,SVC-02,Urgent,59.1,2025-10-12,24,False,6,1,10,0,41,72,1
REQ-001384,LOC-01,SVC-09,Routine,19.9,2025-10-12,168,True,6,1,10,0,41,72,0
REQ-001385,LOC-02,SVC-02,Priority,39.4,2025-10-12,72,True,6,1,10,0,41,72,0
REQ-001386,LOC-08,SVC-04,Routine,22.2,2025-10-12,218,True,6,1,10,0,41,72,0
REQ-001389,LOC-01,SVC-01,Routine,20.9,2025-10-13,168,True,0,0,10,0,42,73,0
REQ-001390,LOC-08,SVC-07,Routine,67.5,2025-10-13,218,True,0,0,10,0,42,73,0
REQ-001391,LOC-02,SVC-01,Routine,17.5,2025-10-13,168,True,0,0,10,0,42,73,0
REQ-001392,LOC-09,SVC-07,Priority,33.3,2025-10-13,94,True,0,0,10,0,42,73,0
REQ-001393,LOC-07,SVC-08,Priority,82.9,2025-10-13,79,False,0,0,10,0,42,73,1
REQ-001394,LOC-02,SVC-02,Priority,38.3,2025-10-13,72,True,0,0,10,0,42,73,0
REQ-001395,LOC-02,SVC-06,Emergency,15.2,2025-10-13,4,False,0,0,10,0,42,73,1
REQ-001397,LOC-01,SVC-01,Routine,21.5,2025-10-13,168,True,0,0,10,0,42,73,0
REQ-001398,LOC-06,SVC-04,Routine,27.9,2025-10-13,185,True,0,0,10,0,42,73,0
REQ-001400,LOC-02,SVC-09,Priority,54.1,2025-10-13,72,True,0,0,10,0,42,73,0
REQ-001401,LOC-02,SVC-09,Routine,17.5,2025-10-13,168,True,0,0,10,0,42,73,0
REQ-001402,LOC-08,SVC-05,Routine,22.1,2025-10-13,218,True,0,0,10,0,42,73,0
REQ-001404,LOC-06,SVC-09,Routine,63.9,2025-10-13,185,True,0,0,10,0,42,73,0
REQ-001405,LOC-03,SVC-06,Urgent,48.5,2025-10-13,24,True,0,0,10,0,42,73,0
REQ-001406,LOC-08,SVC-01,Routine,45.0,2025-10-13,218,True,0,0,10,0,42,73,0
REQ-001407,LOC-07,SVC-02,Routine,11.6,2025-10-13,185,True,0,0,10,0,42,73,0
REQ-001409,LOC-08,SVC-05,Routine,9.4,2025-10-13,218,True,0,0,10,0,42,73,0
REQ-001410,LOC-10,SVC-03,Priority,59.0,2025-10-13,94,True,0,0,10,0,42,73,0
REQ-001411,LOC-08,SVC-02,Routine,75.3,2025-10-13,218,True,0,0,10,0,42,73,0
REQ-001412,LOC-03,SVC-05,Priority,36.4,2025-10-13,72,True,0,0,10,0,42,73,0
REQ-001413,LOC-09,SVC-02,Urgent,58.9,2025-10-13,31,False,0,0,10,0,42,73,1
REQ-001414,LOC-04,SVC-07,Routine,16.0,2025-10-14,168,True,1,0,10,0,42,74,0
REQ-001415,LOC-05,SVC-05,Routine,38.9,2025-10-14,168,True,1,0,10,0,42,74,0
REQ-001416,LOC-03,SVC-07,Urgent,40.3,2025-10-14,24,True,1,0,10,0,42,74,0
REQ-001417,LOC-03,SVC-05,Routine,20.0,2025-10-14,168,True,1,0,10,0,42,74,0
REQ-001418,LOC-03,SVC-05,Routine,34.6,2025-10-14,168,True,1,0,10,0,42,74,0
REQ-001419,LOC-05,SVC-02,Routine,47.5,2025-10-14,168,True,1,0,10,0,42,74,0
REQ-001420,LOC-10,SVC-09,Routine,22.5,2025-10-14,218,True,1,0,10,0,42,74,0
REQ-001421,LOC-05,SVC-06,Routine,28.3,2025-10-14,168,True,1,0,10,0,42,74,0
REQ-001422,LOC-05,SVC-01,Urgent,82.3,2025-10-14,24,True,1,0,10,0,42,74,0
REQ-001423,LOC-05,SVC-04,Priority,64.4,2025-10-14,72,True,1,0,10,0,42,74,0
REQ-001424,LOC-01,SVC-07,Routine,13.1,2025-10-14,168,True,1,0,10,0,42,74,0
REQ-001425,LOC-08,SVC-06,Routine,40.3,2025-10-14,218,True,1,0,10,0,42,74,0
REQ-001426,LOC-09,SVC-01,Priority,32.8,2025-10-14,94,True,1,0,10,0,42,74,0
REQ-001427,LOC-03,SVC-02,Routine,72.7,2025-10-14,168,True,1,0,10,0,42,74,0
REQ-001428,LOC-05,SVC-07,Priority,64.3,2025-10-14,72,True,1,0,10,0,42,74,0
REQ-001430,LOC-02,SVC-07,Routine,64.5,2025-10-14,168,True,1,0,10,0,42,74,0
REQ-001431,LOC-03,SVC-08,Routine,14.4,2025-10-14,168,True,1,0,10,0,42,74,0
REQ-001432,LOC-02,SVC-02,Routine,41.1,2025-10-14,168,True,1,0,10,0,42,74,0
REQ-001433,LOC-01,SVC-07,Urgent,90.4,2025-10-15,24,True,2,0,10,0,42,75,0
REQ-001434,LOC-04,SVC-04,Urgent,84.7,2025-10-15,24,True,2,0,10,0,42,75,0
REQ-001436,LOC-06,SVC-02,Priority,38.5,2025-10-15,79,True,2,0,10,0,42,75,0
REQ-001438,LOC-01,SVC-01,Urgent,71.8,2025-10-15,24,True,2,0,10,0,42,75,0
REQ-001439,LOC-10,SVC-08,Routine,27.5,2025-10-15,218,True,2,0,10,0,42,75,0
REQ-001440,LOC-10,SVC-05,Priority,39.5,2025-10-15,94,True,2,0,10,0,42,75,0
REQ-001441,LOC-08,SVC-02,Priority,61.7,2025-10-15,94,True,2,0,10,0,42,75,0
REQ-001442,LOC-05,SVC-02,Urgent,38.9,2025-10-15,24,True,2,0,10,0,42,75,0
REQ-001443,LOC-04,SVC-01,Routine,11.2,2025-10-15,168,True,2,0,10,0,42,75,0
REQ-001444,LOC-06,SVC-06,Priority,61.7,2025-10-15,79,True,2,0,10,0,42,75,0
REQ-001445,LOC-03,SVC-01,Urgent,21.0,2025-10-15,24,False,2,0,10,0,42,75,1
REQ-001446,LOC-10,SVC-02,Routine,32.8,2025-10-15,218,True,2,0,10,0,42,75,0
REQ-001447,LOC-01,SVC-07,Urgent,68.0,2025-10-15,24,False,2,0,10,0,42,75,1
REQ-001448,LOC-03,SVC-07,Routine,23.1,2025-10-15,168,True,2,0,10,0,42,75,0
REQ-001449,LOC-02,SVC-06,Urgent,71.3,2025-10-15,24,True,2,0,10,0,42,75,0
REQ-001450,LOC-02,SVC-07,Routine,19.8,2025-10-15,168,True,2,0,10,0,42,75,0
REQ-001451,LOC-02,SVC-07,Routine,13.2,2025-10-15,168,True,2,0,10,0,42,75,0
REQ-001452,LOC-02,SVC-05,Urgent,7.9,2025-10-15,24,True,2,0,10,0,42,75,0
REQ-001453,LOC-01,SVC-01,Priority,36.3,2025-10-15,72,True,2,0,10,0,42,75,0
REQ-001454,LOC-07,SVC-02,Routine,7.0,2025-10-16,185,True,3,0,10,0,42,76,0
REQ-001455,LOC-10,SVC-09,Routine,9.8,2025-10-16,218,True,3,0,10,0,42,76,0
REQ-001456,LOC-09,SVC-01,Priority,36.3,2025-10-16,94,True,3,0,10,0,42,76,0
REQ-001457,LOC-01,SVC-05,Priority,31.5,2025-10-16,72,True,3,0,10,0,42,76,0
REQ-001458,LOC-02,SVC-02,Routine,35.3,2025-10-16,168,True,3,0,10,0,42,76,0
REQ-001459,LOC-01,SVC-05,Routine,36.3,2025-10-16,168,True,3,0,10,0,42,76,0
REQ-001460,LOC-09,SVC-05,Routine,36.2,2025-10-16,218,True,3,0,10,0,42,76,0
REQ-001462,LOC-01,SVC-01,Routine,81.9,2025-10-16,168,True,3,0,10,0,42,76,0
REQ-001464,LOC-01,SVC-09,Priority,50.8,2025-10-16,72,True,3,0,10,0,42,76,0
REQ-001465,LOC-01,SVC-06,Priority,22.5,2025-10-16,72,True,3,0,10,0,42,76,0
REQ-001467,LOC-08,SVC-02,Routine,36.3,2025-10-16,218,True,3,0,10,0,42,76,0
REQ-001468,LOC-07,SVC-02,Routine,28.0,2025-10-16,185,True,3,0,10,0,42,76,0
REQ-001469,LOC-03,SVC-05,Routine,21.0,2025-10-16,168,True,3,0,10,0,42,76,0
REQ-001470,LOC-04,SVC-05,Routine,21.7,2025-10-16,168,True,3,0,10,0,42,76,0
REQ-001471,LOC-05,SVC-01,Routine,73.8,2025-10-16,168,True,3,0,10,0,42,76,0
REQ-001472,LOC-06,SVC-02,Routine,66.7,2025-10-16,185,True,3,0,10,0,42,76,0
REQ-001474,LOC-08,SVC-01,Priority,38.2,2025-10-16,94,True,3,0,10,0,42,76,0
REQ-001475,LOC-03,SVC-01,Priority,20.2,2025-10-17,72,True,4,0,10,0,42,77,0
REQ-001476,LOC-02,SVC-03,Routine,22.3,2025-10-17,168,True,4,0,10,0,42,77,0
REQ-001477,LOC-02,SVC-01,Routine,13.4,2025-10-17,168,True,4,0,10,0,42,77,0
REQ-001478,LOC-08,SVC-01,Routine,32.0,2025-10-17,218,True,4,0,10,0,42,77,0
REQ-001479,LOC-07,SVC-05,Priority,37.7,2025-10-17,79,True,4,0,10,0,42,77,0
REQ-001480,LOC-08,SVC-03,Urgent,58.1,2025-10-17,31,False,4,0,10,0,42,77,1
REQ-001483,LOC-10,SVC-05,Priority,45.7,2025-10-17,94,True,4,0,10,0,42,77,0
REQ-001484,LOC-03,SVC-05,Routine,15.6,2025-10-17,168,True,4,0,10,0,42,77,0
REQ-001485,LOC-07,SVC-01,Priority,56.5,2025-10-17,79,True,4,0,10,0,42,77,0
REQ-001486,LOC-05,SVC-04,Priority,46.4,2025-10-17,72,True,4,0,10,0,42,77,0
REQ-001487,LOC-09,SVC-05,Routine,69.4,2025-10-17,218,True,4,0,10,0,42,77,0
REQ-001488,LOC-09,SVC-03,Priority,44.7,2025-10-17,94,True,4,0,10,0,42,77,0
REQ-001490,LOC-07,SVC-02,Priority,24.3,2025-10-17,79,True,4,0,10,0,42,77,0
REQ-001491,LOC-02,SVC-07,Routine,45.1,2025-10-17,168,True,4,0,10,0,42,77,0
REQ-001492,LOC-09,SVC-05,Routine,28.6,2025-10-17,218,True,4,0,10,0,42,77,0
REQ-001493,LOC-08,SVC-02,Urgent,8.3,2025-10-17,31,True,4,0,10,0,42,77,0
REQ-001494,LOC-10,SVC-09,Routine,14.1,2025-10-17,218,True,4,0,10,0,42,77,0
REQ-001495,LOC-03,SVC-01,Routine,50.6,2025-10-17,168,True,4,0,10,0,42,77,0
REQ-001496,LOC-10,SVC-02,Priority,44.6,2025-10-17,94,True,4,0,10,0,42,77,0
REQ-001497,LOC-05,SVC-03,Priority,64.5,2025-10-17,72,True,4,0,10,0,42,77,0
REQ-001498,LOC-03,SVC-05,Priority,44.6,2025-10-17,72,True,4,0,10,0,42,77,0
REQ-001499,LOC-02,SVC-08,Priority,65.7,2025-10-17,72,True,4,0,10,0,42,77,0
REQ-001501,LOC-07,SVC-06,Routine,43.3,2025-10-18,185,True,5,1,10,0,42,78,0
REQ-001502,LOC-07,SVC-03,Urgent,36.3,2025-10-18,26,False,5,1,10,0,42,78,1
REQ-001503,LOC-03,SVC-08,Routine,18.7,2025-10-18,168,True,5,1,10,0,42,78,0
REQ-001504,LOC-02,SVC-01,Priority,71.3,2025-10-18,72,True,5,1,10,0,42,78,0
REQ-001505,LOC-08,SVC-01,Priority,36.3,2025-10-19,94,True,6,1,10,0,42,79,0
REQ-001506,LOC-06,SVC-06,Emergency,63.2,2025-10-19,4,False,6,1,10,0,42,79,1
REQ-001507,LOC-06,SVC-02,Routine,20.6,2025-10-19,185,True,6,1,10,0,42,79,0
REQ-001508,LOC-08,SVC-08,Priority,38.9,2025-10-19,94,True,6,1,10,0,42,79,0
REQ-001509,LOC-02,SVC-04,Urgent,91.1,2025-10-19,24,False,6,1,10,0,42,79,1
REQ-001510,LOC-07,SVC-09,Priority,33.3,2025-10-19,79,True,6,1,10,0,42,79,0
REQ-001512,LOC-05,SVC-07,Routine,37.1,2025-10-19,168,True,6,1,10,0,42,79,0
REQ-001513,LOC-05,SVC-02,Routine,35.1,2025-10-19,168,True,6,1,10,0,42,79,0
REQ-001515,LOC-07,SVC-01,Priority,30.8,2025-10-20,79,True,0,0,10,0,43,80,0
REQ-001516,LOC-09,SVC-05,Routine,37.4,2025-10-20,218,True,0,0,10,0,43,80,0
REQ-001517,LOC-08,SVC-01,Routine,20.7,2025-10-20,218,True,0,0,10,0,43,80,0
REQ-001518,LOC-04,SVC-05,Priority,39.1,2025-10-20,72,True,0,0,10,0,43,80,0
REQ-001519,LOC-03,SVC-05,Priority,26.4,2025-10-20,72,True,0,0,10,0,43,80,0
REQ-001520,LOC-09,SVC-03,Urgent,45.0,2025-10-20,31,False,0,0,10,0,43,80,1
REQ-001521,LOC-10,SVC-01,Urgent,25.8,2025-10-20,31,True,0,0,10,0,43,80,0
REQ-001522,LOC-09,SVC-02,Priority,32.8,2025-10-20,94,True,0,0,10,0,43,80,0
REQ-001523,LOC-01,SVC-01,Urgent,34.7,2025-10-20,24,True,0,0,10,0,43,80,0
REQ-001524,LOC-07,SVC-05,Routine,23.9,2025-10-20,185,True,0,0,10,0,43,80,0
REQ-001525,LOC-05,SVC-09,Emergency,14.6,2025-10-20,4,False,0,0,10,0,43,80,1
REQ-001526,LOC-07,SVC-06,Emergency,37.6,2025-10-20,4,False,0,0,10,0,43,80,1
REQ-001528,LOC-06,SVC-05,Routine,11.5,2025-10-20,185,True,0,0,10,0,43,80,0
REQ-001529,LOC-07,SVC-05,Routine,6.3,2025-10-20,185,True,0,0,10,0,43,80,0
REQ-001530,LOC-03,SVC-01,Routine,43.4,2025-10-20,168,True,0,0,10,0,43,80,0
REQ-001531,LOC-05,SVC-09,Urgent,43.5,2025-10-20,24,True,0,0,10,0,43,80,0
REQ-001532,LOC-03,SVC-01,Priority,35.3,2025-10-20,72,True,0,0,10,0,43,80,0
REQ-001533,LOC-06,SVC-06,Routine,64.4,2025-10-20,185,True,0,0,10,0,43,80,0
REQ-001534,LOC-09,SVC-06,Routine,10.9,2025-10-20,218,True,0,0,10,0,43,80,0
REQ-001535,LOC-03,SVC-05,Priority,61.8,2025-10-20,72,True,0,0,10,0,43,80,0
REQ-001537,LOC-05,SVC-07,Urgent,61.3,2025-10-21,24,True,1,0,10,0,43,81,0
REQ-001539,LOC-10,SVC-01,Routine,41.6,2025-10-21,218,True,1,0,10,0,43,81,0
REQ-001540,LOC-08,SVC-01,Routine,14.6,2025-10-21,218,True,1,0,10,0,43,81,0
REQ-001541,LOC-04,SVC-08,Urgent,67.4,2025-10-21,24,True,1,0,10,0,43,81,0
REQ-001542,LOC-09,SVC-02,Routine,51.1,2025-10-21,218,True,1,0,10,0,43,81,0
REQ-001543,LOC-10,SVC-04,Priority,36.3,2025-10-21,94,True,1,0,10,0,43,81,0
REQ-001544,LOC-03,SVC-03,Routine,28.9,2025-10-21,168,True,1,0,10,0,43,81,0
REQ-001545,LOC-10,SVC-09,Routine,7.1,2025-10-21,218,True,1,0,10,0,43,81,0
REQ-001546,LOC-02,SVC-01,Routine,28.6,2025-10-21,168,True,1,0,10,0,43,81,0
REQ-001548,LOC-08,SVC-05,Emergency,40.1,2025-10-21,5,False,1,0,10,0,43,81,1
REQ-001549,LOC-04,SVC-03,Priority,35.4,2025-10-21,72,True,1,0,10,0,43,81,0
REQ-001550,LOC-10,SVC-01,Routine,17.7,2025-10-21,218,True,1,0,10,0,43,81,0
REQ-001552,LOC-05,SVC-06,Priority,66.2,2025-10-21,72,True,1,0,10,0,43,81,0
REQ-001553,LOC-08,SVC-09,Routine,19.2,2025-10-21,218,True,1,0,10,0,43,81,0
REQ-001554,LOC-01,SVC-06,Routine,38.5,2025-10-21,168,True,1,0,10,0,43,81,0
REQ-001555,LOC-03,SVC-02,Routine,8.9,2025-10-21,168,True,1,0,10,0,43,81,0
REQ-001557,LOC-09,SVC-06,Routine,34.1,2025-10-21,218,True,1,0,10,0,43,81,0
REQ-001558,LOC-05,SVC-03,Priority,30.6,2025-10-21,72,True,1,0,10,0,43,81,0
REQ-001559,LOC-06,SVC-02,Urgent,22.7,2025-10-22,26,True,2,0,10,0,43,82,0
REQ-001560,LOC-01,SVC-02,Priority,48.0,2025-10-22,72,True,2,0,10,0,43,82,0
REQ-001561,LOC-01,SVC-07,Routine,16.3,2025-10-22,168,True,2,0,10,0,43,82,0
REQ-001562,LOC-06,SVC-01,Routine,15.8,2025-10-22,185,True,2,0,10,0,43,82,0
REQ-001563,LOC-03,SVC-07,Routine,16.4,2025-10-22,168,True,2,0,10,0,43,82,0
REQ-001565,LOC-03,SVC-06,Urgent,50.2,2025-10-22,24,True,2,0,10,0,43,82,0
REQ-001566,LOC-07,SVC-07,Routine,43.5,2025-10-22,185,True,2,0,10,0,43,82,0
REQ-001567,LOC-07,SVC-06,Routine,15.1,2025-10-22,185,True,2,0,10,0,43,82,0
REQ-001568,LOC-02,SVC-06,Emergency,61.9,2025-10-22,4,False,2,0,10,0,43,82,1
REQ-001569,LOC-01,SVC-05,Priority,40.6,2025-10-22,72,True,2,0,10,0,43,82,0
REQ-001570,LOC-03,SVC-06,Urgent,38.8,2025-10-22,24,True,2,0,10,0,43,82,0
REQ-001571,LOC-08,SVC-04,Priority,30.5,2025-10-22,94,True,2,0,10,0,43,82,0
REQ-001572,LOC-06,SVC-04,Priority,26.1,2025-10-23,79,True,3,0,10,0,43,83,0
REQ-001573,LOC-06,SVC-02,Routine,9.6,2025-10-23,185,True,3,0,10,0,43,83,0
REQ-001574,LOC-02,SVC-07,Urgent,8.0,2025-10-23,24,True,3,0,10,0,43,83,0
REQ-001575,LOC-03,SVC-06,Routine,20.2,2025-10-23,168,True,3,0,10,0,43,83,0
REQ-001576,LOC-07,SVC-09,Priority,42.3,2025-10-23,79,False,3,0,10,0,43,83,1
REQ-001577,LOC-10,SVC-03,Priority,13.8,2025-10-23,94,True,3,0,10,0,43,83,0
REQ-001578,LOC-06,SVC-07,Routine,36.4,2025-10-23,185,True,3,0,10,0,43,83,0
REQ-001579,LOC-06,SVC-05,Routine,60.9,2025-10-23,185,True,3,0,10,0,43,83,0
REQ-001580,LOC-06,SVC-07,Priority,51.4,2025-10-23,79,True,3,0,10,0,43,83,0
REQ-001581,LOC-05,SVC-06,Routine,37.6,2025-10-23,168,True,3,0,10,0,43,83,0
REQ-001583,LOC-10,SVC-01,Priority,37.5,2025-10-23,94,True,3,0,10,0,43,83,0
REQ-001584,LOC-03,SVC-07,Routine,20.0,2025-10-23,168,True,3,0,10,0,43,83,0
REQ-001585,LOC-04,SVC-01,Priority,51.2,2025-10-23,72,True,3,0,10,0,43,83,0
REQ-001586,LOC-02,SVC-06,Routine,63.0,2025-10-23,168,True,3,0,10,0,43,83,0
REQ-001587,LOC-01,SVC-01,Routine,81.1,2025-10-23,168,True,3,0,10,0,43,83,0
REQ-001588,LOC-10,SVC-06,Routine,35.1,2025-10-23,218,True,3,0,10,0,43,83,0
REQ-001589,LOC-09,SVC-07,Priority,67.1,2025-10-23,94,True,3,0,10,0,43,83,0
REQ-001590,LOC-01,SVC-01,Routine,14.8,2025-10-23,168,True,3,0,10,0,43,83,0
REQ-001591,LOC-02,SVC-06,Routine,34.2,2025-10-23,168,True,3,0,10,0,43,83,0
REQ-001592,LOC-02,SVC-01,Routine,66.0,2025-10-23,168,True,3,0,10,0,43,83,0
REQ-001593,LOC-07,SVC-04,Routine,36.7,2025-10-23,185,True,3,0,10,0,43,83,0
REQ-001594,LOC-06,SVC-05,Routine,13.5,2025-10-23,185,True,3,0,10,0,43,83,0
REQ-001597,LOC-06,SVC-04,Routine,63.2,2025-10-24,185,True,4,0,10,0,43,84,0
REQ-001598,LOC-04,SVC-07,Urgent,37.4,2025-10-24,24,True,4,0,10,0,43,84,0
REQ-001599,LOC-09,SVC-09,Priority,95.8,2025-10-24,94,True,4,0,10,0,43,84,0
REQ-001600,LOC-10,SVC-02,Routine,27.0,2025-10-24,218,True,4,0,10,0,43,84,0
REQ-001601,LOC-08,SVC-02,Priority,9.0,2025-10-24,94,True,4,0,10,0,43,84,0
REQ-001602,LOC-07,SVC-01,Routine,65.3,2025-10-24,185,True,4,0,10,0,43,84,0
REQ-001603,LOC-10,SVC-03,Priority,42.7,2025-10-24,94,True,4,0,10,0,43,84,0
REQ-001604,LOC-06,SVC-05,Routine,23.9,2025-10-24,185,True,4,0,10,0,43,84,0
REQ-001605,LOC-06,SVC-05,Priority,44.3,2025-10-24,79,True,4,0,10,0,43,84,0
REQ-001606,LOC-05,SVC-08,Emergency,79.9,2025-10-24,4,False,4,0,10,0,43,84,1
REQ-001608,LOC-04,SVC-09,Routine,66.1,2025-10-24,168,True,4,0,10,0,43,84,0
REQ-001609,LOC-07,SVC-02,Routine,13.9,2025-10-24,185,True,4,0,10,0,43,84,0
REQ-001611,LOC-06,SVC-02,Routine,16.7,2025-10-24,185,True,4,0,10,0,43,84,0
REQ-001612,LOC-10,SVC-08,Priority,42.6,2025-10-24,94,True,4,0,10,0,43,84,0
REQ-001613,LOC-01,SVC-05,Urgent,59.2,2025-10-24,24,True,4,0,10,0,43,84,0
REQ-001614,LOC-06,SVC-02,Priority,14.3,2025-10-24,79,True,4,0,10,0,43,84,0
REQ-001615,LOC-09,SVC-07,Priority,37.8,2025-10-24,94,True,4,0,10,0,43,84,0
REQ-001616,LOC-10,SVC-07,Urgent,86.0,2025-10-24,31,True,4,0,10,0,43,84,0
REQ-001618,LOC-10,SVC-06,Routine,26.9,2025-10-25,218,True,5,1,10,0,43,85,0
REQ-001619,LOC-07,SVC-02,Urgent,30.1,2025-10-25,26,True,5,1,10,0,43,85,0
REQ-001620,LOC-09,SVC-05,Routine,42.6,2025-10-25,218,True,5,1,10,0,43,85,0
REQ-001621,LOC-01,SVC-03,Priority,24.2,2025-10-25,72,True,5,1,10,0,43,85,0
REQ-001622,LOC-05,SVC-05,Priority,73.6,2025-10-25,72,True,5,1,10,0,43,85,0
REQ-001623,LOC-08,SVC-02,Urgent,43.3,2025-10-25,31,True,5,1,10,0,43,85,0
REQ-001624,LOC-08,SVC-02,Emergency,67.4,2025-10-25,5,False,5,1,10,0,43,85,1
REQ-001625,LOC-07,SVC-06,Routine,37.3,2025-10-25,185,True,5,1,10,0,43,85,0
REQ-001626,LOC-02,SVC-01,Routine,7.6,2025-10-25,168,True,5,1,10,0,43,85,0
REQ-001627,LOC-05,SVC-01,Emergency,60.2,2025-10-25,4,False,5,1,10,0,43,85,1
REQ-001628,LOC-08,SVC-01,Urgent,81.3,2025-10-25,31,False,5,1,10,0,43,85,1
REQ-001629,LOC-09,SVC-01,Routine,49.5,2025-10-25,218,True,5,1,10,0,43,85,0
REQ-001630,LOC-07,SVC-03,Priority,58.0,2025-10-25,79,True,5,1,10,0,43,85,0
REQ-001631,LOC-08,SVC-05,Routine,23.8,2025-10-26,218,True,6,1,10,0,43,86,0
REQ-001633,LOC-02,SVC-06,Priority,35.1,2025-10-26,72,True,6,1,10,0,43,86,0
REQ-001634,LOC-06,SVC-04,Emergency,77.7,2025-10-26,4,False,6,1,10,0,43,86,1
REQ-001635,LOC-05,SVC-05,Urgent,33.7,2025-10-26,24,True,6,1,10,0,43,86,0
REQ-001636,LOC-03,SVC-07,Routine,3.7,2025-10-26,168,True,6,1,10,0,43,86,0
REQ-001637,LOC-01,SVC-03,Routine,42.2,2025-10-26,168,True,6,1,10,0,43,86,0
REQ-001638,LOC-09,SVC-01,Priority,36.5,2025-10-27,94,True,0,0,10,0,44,87,0
REQ-001639,LOC-04,SVC-05,Emergency,55.8,2025-10-27,4,False,0,0,10,0,44,87,1
REQ-001640,LOC-04,SVC-04,Priority,33.2,2025-10-27,72,True,0,0,10,0,44,87,0
REQ-001641,LOC-01,SVC-08,Routine,37.9,2025-10-27,168,True,0,0,10,0,44,87,0
REQ-001643,LOC-10,SVC-02,Routine,37.2,2025-10-27,218,True,0,0,10,0,44,87,0
REQ-001644,LOC-09,SVC-04,Priority,63.1,2025-10-27,94,True,0,0,10,0,44,87,0
REQ-001645,LOC-08,SVC-01,Routine,41.7,2025-10-27,218,True,0,0,10,0,44,87,0
REQ-001646,LOC-10,SVC-02,Routine,20.9,2025-10-27,218,True,0,0,10,0,44,87,0
REQ-001647,LOC-05,SVC-01,Routine,8.7,2025-10-27,168,True,0,0,10,0,44,87,0
REQ-001648,LOC-04,SVC-09,Urgent,81.9,2025-10-27,24,True,0,0,10,0,44,87,0
REQ-001649,LOC-02,SVC-06,Priority,46.1,2025-10-27,72,True,0,0,10,0,44,87,0
REQ-001650,LOC-10,SVC-09,Priority,20.3,2025-10-27,94,True,0,0,10,0,44,87,0
REQ-001651,LOC-02,SVC-01,Routine,20.9,2025-10-27,168,True,0,0,10,0,44,87,0
REQ-001653,LOC-10,SVC-01,Emergency,46.2,2025-10-28,5,False,1,0,10,0,44,88,1
REQ-001654,LOC-02,SVC-08,Routine,12.9,2025-10-28,168,True,1,0,10,0,44,88,0
REQ-001655,LOC-03,SVC-01,Routine,12.6,2025-10-28,168,True,1,0,10,0,44,88,0
REQ-001656,LOC-03,SVC-04,Urgent,7.4,2025-10-28,24,True,1,0,10,0,44,88,0
REQ-001657,LOC-06,SVC-05,Priority,89.3,2025-10-28,79,True,1,0,10,0,44,88,0
REQ-001658,LOC-08,SVC-08,Urgent,20.4,2025-10-28,31,True,1,0,10,0,44,88,0
REQ-001659,LOC-09,SVC-05,Routine,78.7,2025-10-28,218,True,1,0,10,0,44,88,0
REQ-001660,LOC-10,SVC-03,Priority,70.2,2025-10-28,94,True,1,0,10,0,44,88,0
REQ-001661,LOC-10,SVC-06,Emergency,31.9,2025-10-28,5,False,1,0,10,0,44,88,1
REQ-001662,LOC-07,SVC-02,Routine,53.0,2025-10-28,185,True,1,0,10,0,44,88,0
REQ-001663,LOC-06,SVC-09,Priority,55.1,2025-10-28,79,True,1,0,10,0,44,88,0
REQ-001664,LOC-06,SVC-07,Routine,24.4,2025-10-28,185,True,1,0,10,0,44,88,0
REQ-001665,LOC-04,SVC-02,Routine,12.6,2025-10-28,168,True,1,0,10,0,44,88,0
REQ-001666,LOC-09,SVC-01,Emergency,38.9,2025-10-28,5,False,1,0,10,0,44,88,1
REQ-001667,LOC-05,SVC-04,Emergency,37.3,2025-10-28,4,False,1,0,10,0,44,88,1
REQ-001668,LOC-03,SVC-02,Urgent,44.0,2025-10-28,24,True,1,0,10,0,44,88,0
REQ-001669,LOC-08,SVC-08,Routine,23.3,2025-10-28,218,True,1,0,10,0,44,88,0
REQ-001670,LOC-06,SVC-07,Routine,48.9,2025-10-28,185,True,1,0,10,0,44,88,0
REQ-001671,LOC-01,SVC-07,Urgent,38.2,2025-10-28,24,True,1,0,10,0,44,88,0
REQ-001672,LOC-07,SVC-06,Priority,56.4,2025-10-28,79,True,1,0,10,0,44,88,0
REQ-001674,LOC-08,SVC-09,Routine,17.2,2025-10-28,218,True,1,0,10,0,44,88,0
REQ-001676,LOC-06,SVC-02,Routine,87.1,2025-10-28,185,True,1,0,10,0,44,88,0
REQ-001677,LOC-10,SVC-09,Urgent,96.6,2025-10-28,31,True,1,0,10,0,44,88,0
REQ-001679,LOC-07,SVC-05,Urgent,58.8,2025-10-28,26,True,1,0,10,0,44,88,0
REQ-001680,LOC-10,SVC-05,Routine,20.7,2025-10-28,218,True,1,0,10,0,44,88,0
REQ-001681,LOC-06,SVC-08,Routine,28.0,2025-10-28,185,True,1,0,10,0,44,88,0
REQ-001682,LOC-01,SVC-01,Priority,46.1,2025-10-28,72,True,1,0,10,0,44,88,0
REQ-001683,LOC-07,SVC-03,Routine,55.4,2025-10-28,185,True,1,0,10,0,44,88,0
REQ-001684,LOC-03,SVC-06,Priority,35.9,2025-10-28,72,True,1,0,10,0,44,88,0
REQ-001685,LOC-09,SVC-07,Priority,37.6,2025-10-28,94,True,1,0,10,0,44,88,0
REQ-001686,LOC-10,SVC-01,Routine,15.1,2025-10-28,218,True,1,0,10,0,44,88,0
REQ-001687,LOC-04,SVC-01,Routine,66.2,2025-10-28,168,True,1,0,10,0,44,88,0
REQ-001688,LOC-06,SVC-09,Routine,35.7,2025-10-29,185,True,2,0,10,0,44,89,0
REQ-001689,LOC-08,SVC-03,Urgent,29.0,2025-10-29,31,True,2,0,10,0,44,89,0
REQ-001690,LOC-03,SVC-07,Routine,43.7,2025-10-29,168,True,2,0,10,0,44,89,0
REQ-001691,LOC-03,SVC-03,Routine,7.8,2025-10-29,168,True,2,0,10,0,44,89,0
REQ-001692,LOC-07,SVC-07,Priority,67.4,2025-10-29,79,True,2,0,10,0,44,89,0
REQ-001693,LOC-09,SVC-01,Priority,62.9,2025-10-29,94,True,2,0,10,0,44,89,0
REQ-001694,LOC-07,SVC-02,Routine,10.5,2025-10-29,185,True,2,0,10,0,44,89,0
REQ-001695,LOC-08,SVC-01,Priority,40.9,2025-10-29,94,True,2,0,10,0,44,89,0
REQ-001696,LOC-05,SVC-02,Priority,14.0,2025-10-29,72,True,2,0,10,0,44,89,0
REQ-001697,LOC-01,SVC-01,Priority,30.9,2025-10-29,72,True,2,0,10,0,44,89,0
REQ-001698,LOC-10,SVC-03,Routine,13.0,2025-10-29,218,True,2,0,10,0,44,89,0
REQ-001700,LOC-02,SVC-09,Routine,12.2,2025-10-29,168,True,2,0,10,0,44,89,0
REQ-001701,LOC-02,SVC-06,Emergency,78.2,2025-10-29,4,False,2,0,10,0,44,89,1
REQ-001703,LOC-09,SVC-02,Urgent,36.3,2025-10-29,31,True,2,0,10,0,44,89,0
REQ-001704,LOC-03,SVC-07,Priority,46.1,2025-10-29,72,True,2,0,10,0,44,89,0
REQ-001705,LOC-05,SVC-05,Routine,25.8,2025-10-29,168,True,2,0,10,0,44,89,0
REQ-001706,LOC-01,SVC-09,Urgent,63.0,2025-10-30,24,True,3,0,10,0,44,90,0
REQ-001707,LOC-02,SVC-09,Priority,40.3,2025-10-30,72,True,3,0,10,0,44,90,0
REQ-001708,LOC-05,SVC-05,Urgent,71.3,2025-10-30,24,True,3,0,10,0,44,90,0
REQ-001709,LOC-09,SVC-08,Routine,72.1,2025-10-30,218,True,3,0,10,0,44,90,0
REQ-001710,LOC-08,SVC-08,Priority,16.7,2025-10-30,94,True,3,0,10,0,44,90,0
REQ-001712,LOC-08,SVC-09,Priority,64.6,2025-10-30,94,True,3,0,10,0,44,90,0
REQ-001714,LOC-04,SVC-02,Routine,47.7,2025-10-30,168,True,3,0,10,0,44,90,0
REQ-001715,LOC-03,SVC-04,Priority,69.1,2025-10-30,72,True,3,0,10,0,44,90,0
REQ-001716,LOC-10,SVC-06,Emergency,39.8,2025-10-30,5,False,3,0,10,0,44,90,1
REQ-001717,LOC-04,SVC-01,Priority,64.5,2025-10-30,72,True,3,0,10,0,44,90,0
REQ-001718,LOC-01,SVC-05,Routine,32.5,2025-10-30,168,True,3,0,10,0,44,90,0
REQ-001719,LOC-03,SVC-03,Priority,36.1,2025-10-30,72,False,3,0,10,0,44,90,1
REQ-001720,LOC-10,SVC-02,Priority,18.5,2025-10-30,94,True,3,0,10,0,44,90,0
REQ-001721,LOC-04,SVC-02,Priority,27.0,2025-10-30,72,True,3,0,10,0,44,90,0
REQ-001722,LOC-06,SVC-04,Routine,10.8,2025-10-30,185,True,3,0,10,0,44,90,0
REQ-001723,LOC-10,SVC-01,Routine,13.7,2025-10-30,218,True,3,0,10,0,44,90,0
REQ-001724,LOC-07,SVC-07,Routine,76.5,2025-10-30,185,True,3,0,10,0,44,90,0
REQ-001726,LOC-08,SVC-05,Routine,22.5,2025-10-30,218,True,3,0,10,0,44,90,0
REQ-001727,LOC-01,SVC-09,Urgent,92.8,2025-10-31,24,True,4,0,10,0,44,91,0
REQ-001728,LOC-06,SVC-03,Routine,34.9,2025-10-31,185,True,4,0,10,0,44,91,0
REQ-001729,LOC-10,SVC-03,Routine,11.9,2025-10-31,218,True,4,0,10,0,44,91,0
REQ-001730,LOC-05,SVC-02,Priority,32.5,2025-10-31,72,True,4,0,10,0,44,91,0
REQ-001731,LOC-01,SVC-02,Urgent,66.8,2025-10-31,24,False,4,0,10,0,44,91,1
REQ-001732,LOC-09,SVC-04,Emergency,61.3,2025-10-31,5,False,4,0,10,0,44,91,1
REQ-001733,LOC-01,SVC-01,Urgent,34.1,2025-10-31,24,True,4,0,10,0,44,91,0
REQ-001734,LOC-04,SVC-06,Routine,1.5,2025-10-31,168,True,4,0,10,0,44,91,0
REQ-001735,LOC-06,SVC-03,Urgent,24.5,2025-10-31,26,True,4,0,10,0,44,91,0
REQ-001736,LOC-01,SVC-01,Routine,66.2,2025-10-31,168,True,4,0,10,0,44,91,0
REQ-001737,LOC-09,SVC-09,Priority,16.1,2025-10-31,94,True,4,0,10,0,44,91,0
REQ-001738,LOC-07,SVC-02,Urgent,35.3,2025-10-31,26,True,4,0,10,0,44,91,0
REQ-001739,LOC-01,SVC-03,Routine,38.9,2025-10-31,168,True,4,0,10,0,44,91,0
REQ-001740,LOC-05,SVC-07,Priority,19.3,2025-10-31,72,True,4,0,10,0,44,91,0
REQ-001741,LOC-06,SVC-08,Routine,40.1,2025-10-31,185,True,4,0,10,0,44,91,0
REQ-001742,LOC-01,SVC-01,Priority,32.5,2025-10-31,72,True,4,0,10,0,44,91,0
REQ-001743,LOC-05,SVC-04,Routine,33.4,2025-10-31,168,True,4,0,10,0,44,91,0
REQ-001744,LOC-08,SVC-06,Urgent,69.4,2025-10-31,31,True,4,0,10,0,44,91,0
REQ-001745,LOC-05,SVC-03,Priority,75.5,2025-10-31,72,True,4,0,10,0,44,91,0
REQ-001746,LOC-09,SVC-01,Routine,63.4,2025-10-31,218,True,4,0,10,0,44,91,0
REQ-001747,LOC-09,SVC-01,Urgent,87.7,2025-10-31,31,False,4,0,10,0,44,91,1
REQ-001748,LOC-09,SVC-01,Routine,34.6,2025-10-31,218,True,4,0,10,0,44,91,0
REQ-001749,LOC-04,SVC-07,Priority,3.0,2025-10-31,72,True,4,0,10,0,44,91,0
REQ-001750,LOC-03,SVC-01,Routine,72.9,2025-11-01,168,True,5,1,11,0,44,92,0
REQ-001751,LOC-08,SVC-03,Routine,15.9,2025-11-01,218,True,5,1,11,0,44,92,0
REQ-001752,LOC-01,SVC-05,Routine,41.3,2025-11-01,168,True,5,1,11,0,44,92,0
REQ-001754,LOC-03,SVC-07,Routine,14.2,2025-11-01,168,True,5,1,11,0,44,92,0
REQ-001755,LOC-01,SVC-01,Routine,1.0,2025-11-01,168,True,5,1,11,0,44,92,0
REQ-001756,LOC-07,SVC-01,Routine,47.0,2025-11-01,185,True,5,1,11,0,44,92,0
REQ-001757,LOC-10,SVC-04,Urgent,44.2,2025-11-02,31,False,6,1,11,0,44,93,1
REQ-001758,LOC-06,SVC-06,Priority,38.2,2025-11-02,79,True,6,1,11,0,44,93,0
REQ-001759,LOC-01,SVC-01,Routine,36.3,2025-11-02,168,True,6,1,11,0,44,93,0
REQ-001760,LOC-02,SVC-02,Priority,35.7,2025-11-02,72,True,6,1,11,0,44,93,0
REQ-001761,LOC-02,SVC-09,Priority,34.5,2025-11-02,72,True,6,1,11,0,44,93,0
REQ-001762,LOC-08,SVC-09,Routine,35.4,2025-11-02,218,True,6,1,11,0,44,93,0
REQ-001763,LOC-06,SVC-07,Urgent,61.1,2025-11-02,26,True,6,1,11,0,44,93,0
REQ-001764,LOC-08,SVC-09,Urgent,85.6,2025-11-02,31,True,6,1,11,0,44,93,0
REQ-001765,LOC-02,SVC-07,Routine,11.0,2025-11-02,168,True,6,1,11,0,44,93,0
REQ-001766,LOC-07,SVC-06,Routine,38.3,2025-11-02,185,True,6,1,11,0,44,93,0
REQ-001767,LOC-10,SVC-04,Routine,14.7,2025-11-02,218,True,6,1,11,0,44,93,0
REQ-001768,LOC-02,SVC-05,Urgent,37.7,2025-11-03,24,False,0,0,11,0,45,94,1
REQ-001769,LOC-03,SVC-02,Routine,90.9,2025-11-03,168,True,0,0,11,0,45,94,0
REQ-001770,LOC-06,SVC-01,Routine,67.8,2025-11-03,185,True,0,0,11,0,45,94,0
REQ-001771,LOC-09,SVC-01,Urgent,56.6,2025-11-03,31,True,0,0,11,0,45,94,0
REQ-001772,LOC-01,SVC-07,Priority,62.4,2025-11-03,72,True,0,0,11,0,45,94,0
REQ-001773,LOC-08,SVC-05,Priority,18.0,2025-11-03,94,True,0,0,11,0,45,94,0
REQ-001774,LOC-02,SVC-09,Routine,36.7,2025-11-03,168,True,0,0,11,0,45,94,0
REQ-001775,LOC-09,SVC-02,Routine,50.2,2025-11-03,218,True,0,0,11,0,45,94,0
REQ-001776,LOC-07,SVC-06,Priority,20.4,2025-11-03,79,True,0,0,11,0,45,94,0
REQ-001777,LOC-10,SVC-01,Routine,19.9,2025-11-03,218,True,0,0,11,0,45,94,0
REQ-001778,LOC-10,SVC-07,Routine,11.7,2025-11-03,218,True,0,0,11,0,45,94,0
REQ-001779,LOC-09,SVC-01,Routine,38.8,2025-11-03,218,True,0,0,11,0,45,94,0
REQ-001782,LOC-06,SVC-09,Routine,19.9,2025-11-03,185,True,0,0,11,0,45,94,0
REQ-001783,LOC-07,SVC-01,Priority,36.3,2025-11-03,79,True,0,0,11,0,45,94,0
REQ-001784,LOC-02,SVC-07,Routine,28.9,2025-11-03,168,True,0,0,11,0,45,94,0
REQ-001785,LOC-10,SVC-01,Routine,27.9,2025-11-03,218,True,0,0,11,0,45,94,0
REQ-001786,LOC-06,SVC-01,Priority,36.3,2025-11-03,79,True,0,0,11,0,45,94,0
REQ-001787,LOC-07,SVC-07,Priority,30.1,2025-11-03,79,True,0,0,11,0,45,94,0
REQ-001788,LOC-10,SVC-04,Urgent,28.3,2025-11-03,31,False,0,0,11,0,45,94,1
REQ-001789,LOC-05,SVC-01,Routine,41.8,2025-11-03,168,True,0,0,11,0,45,94,0
REQ-001790,LOC-05,SVC-01,Routine,33.8,2025-11-03,168,True,0,0,11,0,45,94,0
REQ-001791,LOC-08,SVC-03,Routine,20.3,2025-11-03,218,True,0,0,11,0,45,94,0
REQ-001792,LOC-09,SVC-01,Priority,42.2,2025-11-03,94,True,0,0,11,0,45,94,0
REQ-001793,LOC-05,SVC-06,Routine,41.5,2025-11-03,168,True,0,0,11,0,45,94,0
REQ-001794,LOC-10,SVC-06,Priority,38.3,2025-11-03,94,True,0,0,11,0,45,94,0
REQ-001795,LOC-03,SVC-08,Priority,17.8,2025-11-03,72,True,0,0,11,0,45,94,0
REQ-001796,LOC-06,SVC-04,Routine,45.0,2025-11-04,185,True,1,0,11,0,45,95,0
REQ-001798,LOC-03,SVC-09,Urgent,86.3,2025-11-04,24,False,1,0,11,0,45,95,1
REQ-001799,LOC-06,SVC-06,Priority,17.9,2025-11-04,79,True,1,0,11,0,45,95,0
REQ-001800,LOC-08,SVC-09,Routine,14.0,2025-11-04,218,True,1,0,11,0,45,95,0
REQ-001801,LOC-02,SVC-07,Urgent,80.0,2025-11-04,24,False,1,0,11,0,45,95,1
REQ-001802,LOC-09,SVC-05,Routine,28.3,2025-11-04,218,True,1,0,11,0,45,95,0
REQ-001803,LOC-10,SVC-01,Routine,37.9,2025-11-04,218,True,1,0,11,0,45,95,0
REQ-001804,LOC-06,SVC-01,Routine,36.5,2025-11-04,185,True,1,0,11,0,45,95,0
REQ-001805,LOC-01,SVC-04,Routine,35.9,2025-11-04,168,True,1,0,11,0,45,95,0
REQ-001806,LOC-07,SVC-01,Routine,16.0,2025-11-04,185,True,1,0,11,0,45,95,0
REQ-001807,LOC-06,SVC-07,Routine,16.9,2025-11-04,185,True,1,0,11,0,45,95,0
REQ-001808,LOC-08,SVC-05,Urgent,59.0,2025-11-04,31,False,1,0,11,0,45,95,1
REQ-001809,LOC-07,SVC-06,Routine,14.5,2025-11-04,185,True,1,0,11,0,45,95,0
REQ-001810,LOC-07,SVC-06,Routine,21.5,2025-11-04,185,True,1,0,11,0,45,95,0
REQ-001811,LOC-10,SVC-04,Routine,73.7,2025-11-04,218,True,1,0,11,0,45,95,0
REQ-001812,LOC-01,SVC-07,Priority,56.8,2025-11-04,72,True,1,0,11,0,45,95,0
REQ-001814,LOC-05,SVC-08,Routine,42.3,2025-11-04,168,True,1,0,11,0,45,95,0
REQ-001815,LOC-02,SVC-07,Urgent,89.3,2025-11-04,24,False,1,0,11,0,45,95,1
REQ-001816,LOC-06,SVC-01,Routine,3.0,2025-11-04,185,True,1,0,11,0,45,95,0
REQ-001817,LOC-04,SVC-01,Routine,36.0,2025-11-04,168,True,1,0,11,0,45,95,0
REQ-001818,LOC-04,SVC-01,Routine,16.4,2025-11-04,168,True,1,0,11,0,45,95,0
REQ-001819,LOC-06,SVC-07,Priority,66.3,2025-11-04,79,False,1,0,11,0,45,95,1
REQ-001820,LOC-01,SVC-02,Routine,5.2,2025-11-05,168,True,2,0,11,0,45,96,0
REQ-001821,LOC-09,SVC-06,Priority,88.0,2025-11-05,94,True,2,0,11,0,45,96,0
REQ-001822,LOC-07,SVC-04,Priority,23.6,2025-11-05,79,True,2,0,11,0,45,96,0
REQ-001823,LOC-05,SVC-04,Routine,61.1,2025-11-05,168,True,2,0,11,0,45,96,0
REQ-001824,LOC-04,SVC-01,Urgent,88.6,2025-11-05,24,True,2,0,11,0,45,96,0
REQ-001825,LOC-04,SVC-05,Routine,22.7,2025-11-05,168,True,2,0,11,0,45,96,0
REQ-001827,LOC-06,SVC-01,Routine,25.4,2025-11-05,185,True,2,0,11,0,45,96,0
REQ-001830,LOC-05,SVC-04,Routine,67.6,2025-11-05,168,True,2,0,11,0,45,96,0
REQ-001833,LOC-07,SVC-06,Priority,28.1,2025-11-05,79,True,2,0,11,0,45,96,0
REQ-001836,LOC-05,SVC-02,Routine,43.3,2025-11-06,168,True,3,0,11,0,45,97,0
REQ-001837,LOC-01,SVC-05,Urgent,36.4,2025-11-06,24,True,3,0,11,0,45,97,0
REQ-001838,LOC-09,SVC-05,Routine,48.6,2025-11-06,218,True,3,0,11,0,45,97,0
REQ-001839,LOC-04,SVC-06,Routine,10.9,2025-11-06,168,True,3,0,11,0,45,97,0
REQ-001840,LOC-03,SVC-04,Priority,35.3,2025-11-06,72,True,3,0,11,0,45,97,0
REQ-001841,LOC-01,SVC-08,Routine,57.5,2025-11-06,168,True,3,0,11,0,45,97,0
REQ-001842,LOC-03,SVC-04,Routine,36.6,2025-11-06,168,True,3,0,11,0,45,97,0
REQ-001843,LOC-01,SVC-01,Urgent,86.5,2025-11-06,24,True,3,0,11,0,45,97,0
REQ-001844,LOC-02,SVC-09,Priority,34.9,2025-11-06,72,True,3,0,11,0,45,97,0
REQ-001846,LOC-04,SVC-03,Routine,10.5,2025-11-06,168,True,3,0,11,0,45,97,0
REQ-001847,LOC-06,SVC-07,Routine,66.5,2025-11-06,185,True,3,0,11,0,45,97,0
REQ-001849,LOC-02,SVC-07,Urgent,67.8,2025-11-06,24,False,3,0,11,0,45,97,1
REQ-001850,LOC-01,SVC-06,Priority,42.7,2025-11-06,72,True,3,0,11,0,45,97,0
REQ-001852,LOC-03,SVC-06,Routine,14.2,2025-11-06,168,True,3,0,11,0,45,97,0
REQ-001853,LOC-06,SVC-01,Emergency,34.9,2025-11-06,4,False,3,0,11,0,45,97,1
REQ-001854,LOC-04,SVC-03,Routine,17.5,2025-11-06,168,True,3,0,11,0,45,97,0
REQ-001855,LOC-04,SVC-03,Routine,25.1,2025-11-06,168,True,3,0,11,0,45,97,0
REQ-001856,LOC-07,SVC-03,Routine,39.2,2025-11-06,185,True,3,0,11,0,45,97,0
REQ-001857,LOC-09,SVC-01,Routine,38.1,2025-11-07,218,True,4,0,11,0,45,98,0
REQ-001859,LOC-04,SVC-01,Routine,12.7,2025-11-07,168,True,4,0,11,0,45,98,0
REQ-001860,LOC-06,SVC-02,Routine,46.6,2025-11-07,185,True,4,0,11,0,45,98,0
REQ-001861,LOC-04,SVC-02,Urgent,86.1,2025-11-07,24,True,4,0,11,0,45,98,0
REQ-001862,LOC-09,SVC-07,Routine,2.7,2025-11-07,218,True,4,0,11,0,45,98,0
REQ-001863,LOC-04,SVC-06,Priority,21.4,2025-11-07,72,True,4,0,11,0,45,98,0
REQ-001864,LOC-01,SVC-02,Priority,92.1,2025-11-07,72,True,4,0,11,0,45,98,0
REQ-001865,LOC-08,SVC-01,Priority,14.7,2025-11-07,94,True,4,0,11,0,45,98,0
REQ-001867,LOC-09,SVC-01,Priority,38.1,2025-11-07,94,True,4,0,11,0,45,98,0
REQ-001868,LOC-10,SVC-01,Routine,48.7,2025-11-07,218,True,4,0,11,0,45,98,0
REQ-001869,LOC-07,SVC-03,Priority,14.1,2025-11-07,79,True,4,0,11,0,45,98,0
REQ-001870,LOC-08,SVC-04,Routine,52.5,2025-11-07,218,True,4,0,11,0,45,98,0
REQ-001871,LOC-07,SVC-08,Routine,11.3,2025-11-07,185,True,4,0,11,0,45,98,0
REQ-001873,LOC-02,SVC-01,Urgent,71.2,2025-11-07,24,False,4,0,11,0,45,98,1
REQ-001874,LOC-03,SVC-05,Routine,16.1,2025-11-07,168,True,4,0,11,0,45,98,0
REQ-001875,LOC-09,SVC-07,Emergency,44.2,2025-11-07,5,False,4,0,11,0,45,98,1
REQ-001876,LOC-01,SVC-01,Priority,65.0,2025-11-07,72,True,4,0,11,0,45,98,0
REQ-001877,LOC-06,SVC-05,Priority,41.2,2025-11-07,79,True,4,0,11,0,45,98,0
REQ-001878,LOC-01,SVC-09,Routine,59.7,2025-11-07,168,True,4,0,11,0,45,98,0
REQ-001879,LOC-07,SVC-02,Routine,38.4,2025-11-07,185,True,4,0,11,0,45,98,0
REQ-001881,LOC-04,SVC-01,Routine,67.1,2025-11-08,168,True,5,1,11,0,45,99,0
REQ-001882,LOC-07,SVC-01,Urgent,71.4,2025-11-08,26,True,5,1,11,0,45,99,0
REQ-001883,LOC-08,SVC-04,Routine,24.3,2025-11-08,218,True,5,1,11,0,45,99,0
REQ-001885,LOC-06,SVC-04,Emergency,80.9,2025-11-08,4,False,5,1,11,0,45,99,1
REQ-001886,LOC-10,SVC-01,Routine,14.2,2025-11-08,218,True,5,1,11,0,45,99,0
REQ-001888,LOC-08,SVC-03,Routine,43.3,2025-11-09,218,True,6,1,11,0,45,100,0
REQ-001889,LOC-03,SVC-08,Routine,41.4,2025-11-09,168,True,6,1,11,0,45,100,0
REQ-001890,LOC-03,SVC-07,Routine,37.4,2025-11-09,168,True,6,1,11,0,45,100,0
REQ-001891,LOC-07,SVC-07,Routine,13.5,2025-11-09,185,True,6,1,11,0,45,100,0
REQ-001893,LOC-07,SVC-02,Routine,43.6,2025-11-09,185,True,6,1,11,0,45,100,0
REQ-001895,LOC-10,SVC-06,Routine,46.2,2025-11-10,218,True,0,0,11,0,46,101,0
REQ-001896,LOC-07,SVC-07,Priority,32.2,2025-11-10,79,True,0,0,11,0,46,101,0
REQ-001897,LOC-06,SVC-04,Routine,18.2,2025-11-10,185,True,0,0,11,0,46,101,0
REQ-001898,LOC-07,SVC-05,Urgent,33.6,2025-11-10,26,True,0,0,11,0,46,101,0
REQ-001900,LOC-03,SVC-01,Emergency,90.9,2025-11-10,4,False,0,0,11,0,46,101,1
REQ-001901,LOC-04,SVC-01,Priority,16.7,2025-11-10,72,True,0,0,11,0,46,101,0
REQ-001902,LOC-02,SVC-01,Routine,43.6,2025-11-10,168,True,0,0,11,0,46,101,0
REQ-001903,LOC-09,SVC-07,Priority,41.3,2025-11-10,94,True,0,0,11,0,46,101,0
REQ-001904,LOC-08,SVC-01,Routine,49.9,2025-11-10,218,True,0,0,11,0,46,101,0
REQ-001905,LOC-02,SVC-07,Urgent,48.8,2025-11-10,24,False,0,0,11,0,46,101,1
REQ-001906,LOC-02,SVC-01,Routine,11.9,2025-11-10,168,True,0,0,11,0,46,101,0
REQ-001907,LOC-05,SVC-04,Urgent,58.3,2025-11-10,24,True,0,0,11,0,46,101,0
REQ-001909,LOC-09,SVC-07,Routine,70.9,2025-11-10,218,True,0,0,11,0,46,101,0
REQ-001910,LOC-07,SVC-01,Routine,24.0,2025-11-10,185,True,0,0,11,0,46,101,0
REQ-001911,LOC-02,SVC-01,Priority,8.0,2025-11-10,72,True,0,0,11,0,46,101,0
REQ-001912,LOC-05,SVC-08,Emergency,86.2,2025-11-10,4,False,0,0,11,0,46,101,1
REQ-001913,LOC-08,SVC-01,Routine,36.3,2025-11-10,218,True,0,0,11,0,46,101,0
REQ-001914,LOC-09,SVC-01,Routine,16.0,2025-11-10,218,True,0,0,11,0,46,101,0
REQ-001915,LOC-10,SVC-08,Routine,17.4,2025-11-10,218,True,0,0,11,0,46,101,0
REQ-001916,LOC-03,SVC-01,Routine,65.7,2025-11-11,168,True,1,0,11,0,46,102,0
REQ-001917,LOC-10,SVC-01,Routine,46.8,2025-11-11,218,True,1,0,11,0,46,102,0
REQ-001918,LOC-04,SVC-01,Priority,42.6,2025-11-11,72,True,1,0,11,0,46,102,0
REQ-001919,LOC-07,SVC-01,Priority,35.0,2025-11-11,79,True,1,0,11,0,46,102,0
REQ-001920,LOC-10,SVC-07,Routine,17.1,2025-11-11,218,True,1,0,11,0,46,102,0
REQ-001921,LOC-03,SVC-02,Routine,8.3,2025-11-11,168,True,1,0,11,0,46,102,0
REQ-001922,LOC-04,SVC-02,Routine,58.3,2025-11-11,168,True,1,0,11,0,46,102,0
REQ-001923,LOC-02,SVC-06,Routine,43.7,2025-11-11,168,True,1,0,11,0,46,102,0
REQ-001924,LOC-05,SVC-02,Priority,32.5,2025-11-11,72,True,1,0,11,0,46,102,0
REQ-001925,LOC-09,SVC-05,Routine,19.1,2025-11-11,218,True,1,0,11,0,46,102,0
REQ-001927,LOC-07,SVC-05,Priority,47.6,2025-11-11,79,True,1,0,11,0,46,102,0
REQ-001928,LOC-09,SVC-02,Routine,77.3,2025-11-11,218,True,1,0,11,0,46,102,0
REQ-001929,LOC-04,SVC-06,Urgent,62.3,2025-11-11,24,False,1,0,11,0,46,102,1
REQ-001930,LOC-08,SVC-04,Routine,15.8,2025-11-11,218,True,1,0,11,0,46,102,0
REQ-001931,LOC-08,SVC-01,Urgent,44.3,2025-11-11,31,False,1,0,11,0,46,102,1
REQ-001932,LOC-10,SVC-09,Priority,12.6,2025-11-11,94,True,1,0,11,0,46,102,0
REQ-001933,LOC-03,SVC-03,Priority,21.5,2025-11-11,72,True,1,0,11,0,46,102,0
REQ-001934,LOC-05,SVC-01,Routine,43.2,2025-11-12,168,True,2,0,11,0,46,103,0
REQ-001935,LOC-04,SVC-02,Routine,15.0,2025-11-12,168,True,2,0,11,0,46,103,0
REQ-001936,LOC-01,SVC-04,Priority,34.5,2025-11-12,72,True,2,0,11,0,46,103,0
REQ-001937,LOC-01,SVC-05,Urgent,70.5,2025-11-12,24,True,2,0,11,0,46,103,0
REQ-001938,LOC-06,SVC-04,Routine,56.9,2025-11-12,185,True,2,0,11,0,46,103,0
REQ-001939,LOC-08,SVC-07,Routine,1.0,2025-11-12,218,True,2,0,11,0,46,103,0
REQ-001940,LOC-07,SVC-07,Routine,1.0,2025-11-12,185,True,2,0,11,0,46,103,0
REQ-001941,LOC-06,SVC-04,Priority,32.4,2025-11-12,79,True,2,0,11,0,46,103,0
REQ-001942,LOC-02,SVC-02,Routine,30.3,2025-11-12,168,True,2,0,11,0,46,103,0
REQ-001943,LOC-01,SVC-02,Urgent,29.5,2025-11-12,24,True,2,0,11,0,46,103,0
REQ-001944,LOC-03,SVC-06,Routine,20.3,2025-11-12,168,True,2,0,11,0,46,103,0
REQ-001945,LOC-08,SVC-02,Urgent,55.5,2025-11-12,31,True,2,0,11,0,46,103,0
REQ-001946,LOC-07,SVC-04,Priority,19.0,2025-11-12,79,True,2,0,11,0,46,103,0
REQ-001947,LOC-06,SVC-03,Routine,18.4,2025-11-12,185,True,2,0,11,0,46,103,0
REQ-001948,LOC-07,SVC-01,Routine,32.1,2025-11-12,185,True,2,0,11,0,46,103,0
REQ-001949,LOC-03,SVC-07,Routine,42.2,2025-11-12,168,True,2,0,11,0,46,103,0
REQ-001950,LOC-07,SVC-04,Priority,37.5,2025-11-12,79,True,2,0,11,0,46,103,0
REQ-001951,LOC-09,SVC-01,Emergency,86.0,2025-11-12,5,False,2,0,11,0,46,103,1
REQ-001952,LOC-09,SVC-01,Priority,11.5,2025-11-12,94,True,2,0,11,0,46,103,0
REQ-001953,LOC-05,SVC-02,Priority,54.8,2025-11-12,72,True,2,0,11,0,46,103,0
REQ-001954,LOC-01,SVC-03,Priority,15.7,2025-11-12,72,True,2,0,11,0,46,103,0
REQ-001955,LOC-10,SVC-03,Emergency,76.0,2025-11-12,5,False,2,0,11,0,46,103,1
REQ-001956,LOC-04,SVC-06,Urgent,48.0,2025-11-12,24,True,2,0,11,0,46,103,0
REQ-001957,LOC-10,SVC-03,Routine,36.3,2025-11-12,218,True,2,0,11,0,46,103,0
REQ-001958,LOC-06,SVC-06,Urgent,26.4,2025-11-12,26,False,2,0,11,0,46,103,1
REQ-001959,LOC-09,SVC-08,Priority,45.2,2025-11-12,94,True,2,0,11,0,46,103,0
REQ-001961,LOC-08,SVC-07,Routine,17.2,2025-11-12,218,True,2,0,11,0,46,103,0
REQ-001962,LOC-02,SVC-01,Priority,43.8,2025-11-12,72,True,2,0,11,0,46,103,0
REQ-001963,LOC-06,SVC-05,Routine,2.3,2025-11-13,185,True,3,0,11,0,46,104,0
REQ-001964,LOC-07,SVC-07,Emergency,88.2,2025-11-13,4,False,3,0,11,0,46,104,1
REQ-001965,LOC-07,SVC-02,Routine,20.8,2025-11-13,185,True,3,0,11,0,46,104,0
REQ-001966,LOC-05,SVC-05,Routine,31.9,2025-11-13,168,True,3,0,11,0,46,104,0
REQ-001968,LOC-05,SVC-05,Priority,28.2,2025-11-13,72,True,3,0,11,0,46,104,0
REQ-001969,LOC-02,SVC-05,Emergency,88.1,2025-11-13,4,False,3,0,11,0,46,104,1
REQ-001970,LOC-10,SVC-05,Routine,20.6,2025-11-13,218,True,3,0,11,0,46,104,0
REQ-001971,LOC-02,SVC-03,Urgent,76.7,2025-11-13,24,True,3,0,11,0,46,104,0
REQ-001972,LOC-06,SVC-06,Routine,26.2,2025-11-13,185,True,3,0,11,0,46,104,0
REQ-001973,LOC-07,SVC-02,Routine,17.9,2025-11-13,185,True,3,0,11,0,46,104,0
REQ-001974,LOC-02,SVC-01,Urgent,15.5,2025-11-13,24,True,3,0,11,0,46,104,0
REQ-001976,LOC-03,SVC-06,Priority,36.6,2025-11-13,72,True,3,0,11,0,46,104,0
REQ-001977,LOC-08,SVC-02,Priority,35.9,2025-11-13,94,True,3,0,11,0,46,104,0
REQ-001980,LOC-04,SVC-02,Urgent,84.1,2025-11-14,24,False,4,0,11,0,46,105,1
REQ-001981,LOC-03,SVC-04,Routine,38.7,2025-11-14,168,True,4,0,11,0,46,105,0
REQ-001982,LOC-10,SVC-03,Routine,35.0,2025-11-14,218,True,4,0,11,0,46,105,0
REQ-001983,LOC-04,SVC-01,Priority,86.4,2025-11-14,72,True,4,0,11,0,46,105,0
REQ-001984,LOC-01,SVC-07,Routine,39.5,2025-11-14,168,True,4,0,11,0,46,105,0
REQ-001985,LOC-05,SVC-07,Routine,39.3,2025-11-14,168,True,4,0,11,0,46,105,0
REQ-001986,LOC-06,SVC-02,Priority,65.1,2025-11-14,79,True,4,0,11,0,46,105,0
REQ-001987,LOC-08,SVC-03,Routine,13.2,2025-11-14,218,True,4,0,11,0,46,105,0
REQ-001988,LOC-05,SVC-05,Priority,33.8,2025-11-14,72,True,4,0,11,0,46,105,0
REQ-001990,LOC-02,SVC-05,Routine,25.6,2025-11-14,168,True,4,0,11,0,46,105,0
REQ-001991,LOC-03,SVC-04,Routine,45.4,2025-11-14,168,True,4,0,11,0,46,105,0
REQ-001992,LOC-10,SVC-01,Routine,20.1,2025-11-14,218,True,4,0,11,0,46,105,0
REQ-001993,LOC-03,SVC-04,Routine,40.3,2025-11-14,168,True,4,0,11,0,46,105,0
REQ-001994,LOC-09,SVC-02,Routine,45.6,2025-11-14,218,True,4,0,11,0,46,105,0
REQ-001995,LOC-06,SVC-03,Emergency,80.8,2025-11-14,4,False,4,0,11,0,46,105,1
REQ-001996,LOC-01,SVC-09,Priority,59.4,2025-11-14,72,True,4,0,11,0,46,105,0
REQ-001997,LOC-07,SVC-01,Priority,23.1,2025-11-14,79,True,4,0,11,0,46,105,0
REQ-001998,LOC-04,SVC-07,Priority,17.6,2025-11-14,72,True,4,0,11,0,46,105,0
REQ-001999,LOC-01,SVC-06,Priority,69.9,2025-11-14,72,True,4,0,11,0,46,105,0
REQ-002000,LOC-03,SVC-07,Urgent,89.2,2025-11-14,24,False,4,0,11,0,46,105,1
REQ-002001,LOC-01,SVC-03,Routine,8.4,2025-11-14,168,True,4,0,11,0,46,105,0
REQ-002003,LOC-07,SVC-04,Routine,61.9,2025-11-14,185,True,4,0,11,0,46,105,0
REQ-002004,LOC-03,SVC-08,Routine,56.2,2025-11-14,168,True,4,0,11,0,46,105,0
REQ-002005,LOC-04,SVC-03,Routine,11.5,2025-11-15,168,True,5,1,11,0,46,106,0
REQ-002006,LOC-04,SVC-05,Routine,36.3,2025-11-15,168,True,5,1,11,0,46,106,0
REQ-002007,LOC-04,SVC-01,Routine,12.5,2025-11-15,168,True,5,1,11,0,46,106,0
REQ-002008,LOC-07,SVC-04,Routine,17.1,2025-11-15,185,True,5,1,11,0,46,106,0
REQ-002009,LOC-07,SVC-04,Urgent,18.3,2025-11-15,26,True,5,1,11,0,46,106,0
REQ-002010,LOC-05,SVC-02,Priority,32.2,2025-11-15,72,True,5,1,11,0,46,106,0
REQ-002011,LOC-02,SVC-09,Priority,63.8,2025-11-15,72,True,5,1,11,0,46,106,0
REQ-002012,LOC-06,SVC-01,Urgent,27.1,2025-11-16,26,False,6,1,11,0,46,107,1
REQ-002013,LOC-06,SVC-05,Routine,6.3,2025-11-16,185,True,6,1,11,0,46,107,0
REQ-002014,LOC-09,SVC-06,Urgent,35.0,2025-11-16,31,True,6,1,11,0,46,107,0
REQ-002015,LOC-09,SVC-07,Emergency,88.4,2025-11-16,5,False,6,1,11,0,46,107,1
REQ-002016,LOC-03,SVC-01,Routine,19.0,2025-11-16,168,True,6,1,11,0,46,107,0
REQ-002017,LOC-07,SVC-05,Priority,88.9,2025-11-16,79,True,6,1,11,0,46,107,0
REQ-002018,LOC-08,SVC-09,Routine,15.4,2025-11-16,218,True,6,1,11,0,46,107,0
REQ-002019,LOC-06,SVC-06,Routine,15.3,2025-11-16,185,True,6,1,11,0,46,107,0
REQ-002020,LOC-07,SVC-04,Priority,96.2,2025-11-16,79,True,6,1,11,0,46,107,0
REQ-002021,LOC-07,SVC-06,Routine,6.3,2025-11-17,185,True,0,0,11,0,47,108,0
REQ-002022,LOC-01,SVC-08,Urgent,53.1,2025-11-17,24,True,0,0,11,0,47,108,0
REQ-002023,LOC-08,SVC-05,Priority,34.8,2025-11-17,94,True,0,0,11,0,47,108,0
REQ-002024,LOC-08,SVC-04,Priority,11.1,2025-11-17,94,True,0,0,11,0,47,108,0
REQ-002025,LOC-03,SVC-09,Priority,82.7,2025-11-17,72,True,0,0,11,0,47,108,0
REQ-002026,LOC-05,SVC-04,Routine,19.4,2025-11-17,168,True,0,0,11,0,47,108,0
REQ-002027,LOC-08,SVC-08,Routine,65.5,2025-11-17,218,True,0,0,11,0,47,108,0
REQ-002030,LOC-07,SVC-03,Routine,5.9,2025-11-17,185,True,0,0,11,0,47,108,0
REQ-002031,LOC-10,SVC-06,Priority,36.3,2025-11-17,94,True,0,0,11,0,47,108,0
REQ-002032,LOC-07,SVC-01,Routine,6.5,2025-11-17,185,True,0,0,11,0,47,108,0
REQ-002034,LOC-06,SVC-02,Priority,41.9,2025-11-17,79,True,0,0,11,0,47,108,0
REQ-002035,LOC-09,SVC-04,Urgent,31.7,2025-11-17,31,True,0,0,11,0,47,108,0
REQ-002036,LOC-06,SVC-04,Routine,8.7,2025-11-17,185,True,0,0,11,0,47,108,0
REQ-002038,LOC-03,SVC-02,Routine,9.3,2025-11-17,168,True,0,0,11,0,47,108,0
REQ-002039,LOC-10,SVC-01,Priority,24.8,2025-11-17,94,True,0,0,11,0,47,108,0
REQ-002040,LOC-10,SVC-03,Routine,36.3,2025-11-17,218,True,0,0,11,0,47,108,0
REQ-002041,LOC-06,SVC-08,Urgent,64.6,2025-11-17,26,False,0,0,11,0,47,108,1
REQ-002042,LOC-06,SVC-01,Routine,11.4,2025-11-17,185,True,0,0,11,0,47,108,0
REQ-002043,LOC-07,SVC-04,Priority,64.8,2025-11-17,79,True,0,0,11,0,47,108,0
REQ-002044,LOC-02,SVC-04,Routine,62.5,2025-11-17,168,True,0,0,11,0,47,108,0
REQ-002045,LOC-02,SVC-02,Routine,11.2,2025-11-17,168,True,0,0,11,0,47,108,0
REQ-002046,LOC-01,SVC-01,Routine,58.0,2025-11-17,168,True,0,0,11,0,47,108,0
REQ-002047,LOC-02,SVC-05,Urgent,49.0,2025-11-18,24,False,1,0,11,0,47,109,1
REQ-002048,LOC-08,SVC-07,Priority,47.0,2025-11-18,94,True,1,0,11,0,47,109,0
REQ-002049,LOC-07,SVC-08,Routine,7.0,2025-11-18,185,True,1,0,11,0,47,109,0
REQ-002050,LOC-07,SVC-02,Priority,41.7,2025-11-18,79,True,1,0,11,0,47,109,0
REQ-002051,LOC-01,SVC-01,Priority,58.3,2025-11-18,72,True,1,0,11,0,47,109,0
REQ-002052,LOC-05,SVC-05,Routine,41.0,2025-11-18,168,True,1,0,11,0,47,109,0
REQ-002053,LOC-10,SVC-05,Priority,13.3,2025-11-18,94,True,1,0,11,0,47,109,0
REQ-002054,LOC-05,SVC-01,Routine,63.4,2025-11-18,168,True,1,0,11,0,47,109,0
REQ-002055,LOC-08,SVC-07,Routine,39.1,2025-11-18,218,True,1,0,11,0,47,109,0
REQ-002056,LOC-04,SVC-07,Priority,62.7,2025-11-18,72,True,1,0,11,0,47,109,0
REQ-002057,LOC-07,SVC-01,Routine,38.8,2025-11-18,185,True,1,0,11,0,47,109,0
REQ-002058,LOC-01,SVC-06,Urgent,54.7,2025-11-18,24,False,1,0,11,0,47,109,1
REQ-002059,LOC-07,SVC-01,Routine,5.4,2025-11-18,185,True,1,0,11,0,47,109,0
REQ-002060,LOC-03,SVC-02,Priority,12.4,2025-11-18,72,True,1,0,11,0,47,109,0
REQ-002061,LOC-07,SVC-02,Routine,51.3,2025-11-18,185,True,1,0,11,0,47,109,0
REQ-002062,LOC-07,SVC-09,Priority,39.3,2025-11-18,79,True,1,0,11,0,47,109,0
REQ-002063,LOC-04,SVC-09,Routine,10.4,2025-11-18,168,True,1,0,11,0,47,109,0
REQ-002064,LOC-03,SVC-04,Routine,46.6,2025-11-18,168,True,1,0,11,0,47,109,0
REQ-002065,LOC-03,SVC-03,Priority,19.3,2025-11-18,72,True,1,0,11,0,47,109,0
REQ-002066,LOC-09,SVC-06,Priority,30.0,2025-11-18,94,True,1,0,11,0,47,109,0
REQ-002067,LOC-10,SVC-01,Priority,10.7,2025-11-18,94,True,1,0,11,0,47,109,0
REQ-002068,LOC-08,SVC-06,Routine,44.8,2025-11-18,218,True,1,0,11,0,47,109,0
REQ-002070,LOC-01,SVC-01,Emergency,36.3,2025-11-18,4,False,1,0,11,0,47,109,1
REQ-002071,LOC-06,SVC-05,Routine,8.0,2025-11-18,185,True,1,0,11,0,47,109,0
REQ-002072,LOC-07,SVC-06,Urgent,61.1,2025-11-19,26,True,2,0,11,0,47,110,0
REQ-002073,LOC-10,SVC-03,Routine,36.3,2025-11-19,218,True,2,0,11,0,47,110,0
REQ-002074,LOC-01,SVC-05,Routine,16.4,2025-11-19,168,True,2,0,11,0,47,110,0
REQ-002075,LOC-05,SVC-01,Priority,64.6,2025-11-19,72,True,2,0,11,0,47,110,0
REQ-002077,LOC-06,SVC-09,Urgent,63.2,2025-11-19,26,True,2,0,11,0,47,110,0
REQ-002078,LOC-07,SVC-09,Routine,17.3,2025-11-19,185,True,2,0,11,0,47,110,0
REQ-002079,LOC-06,SVC-02,Urgent,80.0,2025-11-19,26,True,2,0,11,0,47,110,0
REQ-002080,LOC-06,SVC-06,Urgent,94.5,2025-11-19,26,False,2,0,11,0,47,110,1
REQ-002081,LOC-09,SVC-01,Routine,18.4,2025-11-19,218,True,2,0,11,0,47,110,0
REQ-002082,LOC-08,SVC-03,Routine,36.3,2025-11-19,218,True,2,0,11,0,47,110,0
REQ-002083,LOC-09,SVC-05,Priority,62.4,2025-11-19,94,True,2,0,11,0,47,110,0
REQ-002085,LOC-04,SVC-02,Routine,15.9,2025-11-19,168,True,2,0,11,0,47,110,0
REQ-002086,LOC-09,SVC-03,Priority,36.7,2025-11-20,94,True,3,0,11,0,47,111,0
REQ-002087,LOC-04,SVC-06,Routine,8.8,2025-11-20,168,True,3,0,11,0,47,111,0
REQ-002088,LOC-08,SVC-02,Urgent,35.9,2025-11-20,31,True,3,0,11,0,47,111,0
REQ-002089,LOC-10,SVC-07,Priority,45.1,2025-11-20,94,True,3,0,11,0,47,111,0
REQ-002090,LOC-03,SVC-05,Urgent,40.8,2025-11-20,24,False,3,0,11,0,47,111,1
REQ-002091,LOC-08,SVC-02,Routine,31.1,2025-11-20,218,True,3,0,11,0,47,111,0
REQ-002092,LOC-09,SVC-02,Priority,66.6,2025-11-20,94,True,3,0,11,0,47,111,0
REQ-002094,LOC-09,SVC-03,Routine,4.7,2025-11-20,218,True,3,0,11,0,47,111,0
REQ-002095,LOC-09,SVC-02,Priority,10.6,2025-11-20,94,True,3,0,11,0,47,111,0
REQ-002096,LOC-01,SVC-09,Routine,1.0,2025-11-20,168,True,3,0,11,0,47,111,0
REQ-002097,LOC-07,SVC-02,Urgent,36.3,2025-11-20,26,True,3,0,11,0,47,111,0
REQ-002098,LOC-09,SVC-09,Priority,57.0,2025-11-20,94,True,3,0,11,0,47,111,0
REQ-002099,LOC-07,SVC-08,Priority,39.8,2025-11-20,79,True,3,0,11,0,47,111,0
REQ-002100,LOC-03,SVC-06,Routine,4.1,2025-11-20,168,True,3,0,11,0,47,111,0
REQ-002101,LOC-03,SVC-07,Routine,1.3,2025-11-20,168,True,3,0,11,0,47,111,0
REQ-002102,LOC-09,SVC-01,Priority,31.7,2025-11-20,94,True,3,0,11,0,47,111,0
REQ-002103,LOC-05,SVC-07,Priority,50.8,2025-11-20,72,True,3,0,11,0,47,111,0
REQ-002105,LOC-08,SVC-07,Priority,36.3,2025-11-20,94,True,3,0,11,0,47,111,0
REQ-002107,LOC-01,SVC-05,Priority,41.6,2025-11-20,72,True,3,0,11,0,47,111,0
REQ-002108,LOC-07,SVC-01,Routine,66.1,2025-11-20,185,True,3,0,11,0,47,111,0
REQ-002109,LOC-05,SVC-02,Routine,17.9,2025-11-20,168,True,3,0,11,0,47,111,0
REQ-002110,LOC-03,SVC-03,Emergency,54.8,2025-11-21,4,False,4,0,11,0,47,112,1
REQ-002111,LOC-03,SVC-04,Urgent,88.2,2025-11-21,24,True,4,0,11,0,47,112,0
REQ-002112,LOC-03,SVC-06,Routine,19.1,2025-11-21,168,True,4,0,11,0,47,112,0
REQ-002113,LOC-08,SVC-05,Routine,10.5,2025-11-21,218,True,4,0,11,0,47,112,0
REQ-002114,LOC-09,SVC-01,Priority,38.1,2025-11-21,94,True,4,0,11,0,47,112,0
REQ-002115,LOC-10,SVC-01,Priority,6.7,2025-11-21,94,True,4,0,11,0,47,112,0
REQ-002117,LOC-01,SVC-07,Urgent,62.3,2025-11-21,24,True,4,0,11,0,47,112,0
REQ-002118,LOC-07,SVC-01,Urgent,30.5,2025-11-21,26,True,4,0,11,0,47,112,0
REQ-002119,LOC-02,SVC-06,Routine,24.5,2025-11-21,168,True,4,0,11,0,47,112,0
REQ-002120,LOC-03,SVC-01,Routine,23.2,2025-11-21,168,True,4,0,11,0,47,112,0
REQ-002122,LOC-09,SVC-09,Priority,66.8,2025-11-21,94,True,4,0,11,0,47,112,0
REQ-002124,LOC-04,SVC-02,Routine,27.4,2025-11-21,168,True,4,0,11,0,47,112,0
REQ-002125,LOC-10,SVC-01,Urgent,34.5,2025-11-21,31,True,4,0,11,0,47,112,0
REQ-002126,LOC-06,SVC-03,Urgent,29.5,2025-11-21,26,True,4,0,11,0,47,112,0
REQ-002127,LOC-04,SVC-02,Routine,14.2,2025-11-21,168,True,4,0,11,0,47,112,0
REQ-002128,LOC-10,SVC-03,Routine,14.6,2025-11-21,218,True,4,0,11,0,47,112,0
REQ-002129,LOC-03,SVC-06,Routine,32.3,2025-11-22,168,True,5,1,11,0,47,113,0
REQ-002130,LOC-09,SVC-09,Routine,37.9,2025-11-22,218,True,5,1,11,0,47,113,0
REQ-002131,LOC-06,SVC-06,Routine,50.6,2025-11-22,185,True,5,1,11,0,47,113,0
REQ-002132,LOC-02,SVC-01,Routine,36.5,2025-11-22,168,True,5,1,11,0,47,113,0
REQ-002134,LOC-09,SVC-02,Urgent,83.8,2025-11-22,31,False,5,1,11,0,47,113,1
REQ-002135,LOC-01,SVC-01,Priority,35.8,2025-11-22,72,True,5,1,11,0,47,113,0
REQ-002136,LOC-01,SVC-06,Routine,7.5,2025-11-22,168,True,5,1,11,0,47,113,0
REQ-002137,LOC-03,SVC-06,Routine,17.8,2025-11-22,168,True,5,1,11,0,47,113,0
REQ-002138,LOC-05,SVC-06,Priority,47.7,2025-11-22,72,True,5,1,11,0,47,113,0
REQ-002139,LOC-10,SVC-01,Routine,12.3,2025-11-22,218,True,5,1,11,0,47,113,0
REQ-002140,LOC-09,SVC-07,Routine,39.0,2025-11-22,218,True,5,1,11,0,47,113,0
REQ-002141,LOC-06,SVC-04,Routine,67.8,2025-11-22,185,True,5,1,11,0,47,113,0
REQ-002142,LOC-02,SVC-02,Routine,41.1,2025-11-23,168,True,6,1,11,0,47,114,0
REQ-002143,LOC-05,SVC-03,Urgent,38.5,2025-11-23,24,False,6,1,11,0,47,114,1
REQ-002144,LOC-03,SVC-04,Priority,17.2,2025-11-23,72,True,6,1,11,0,47,114,0
REQ-002145,LOC-09,SVC-01,Routine,42.1,2025-11-23,218,True,6,1,11,0,47,114,0
REQ-002146,LOC-04,SVC-05,Routine,8.5,2025-11-23,168,True,6,1,11,0,47,114,0
REQ-002147,LOC-10,SVC-03,Priority,19.3,2025-11-23,94,True,6,1,11,0,47,114,0
REQ-002148,LOC-02,SVC-03,Urgent,64.7,2025-11-24,24,False,0,0,11,0,48,115,1
REQ-002149,LOC-10,SVC-08,Priority,38.0,2025-11-24,94,True,0,0,11,0,48,115,0
REQ-002150,LOC-05,SVC-07,Urgent,39.3,2025-11-24,24,True,0,0,11,0,48,115,0
REQ-002151,LOC-01,SVC-02,Routine,6.9,2025-11-24,168,True,0,0,11,0,48,115,0
REQ-002152,LOC-09,SVC-05,Emergency,42.4,2025-11-24,5,False,0,0,11,0,48,115,1
REQ-002153,LOC-03,SVC-02,Priority,20.9,2025-11-24,72,True,0,0,11,0,48,115,0
REQ-002154,LOC-08,SVC-01,Routine,41.1,2025-11-24,218,True,0,0,11,0,48,115,0
REQ-002155,LOC-05,SVC-07,Priority,54.3,2025-11-24,72,True,0,0,11,0,48,115,0
REQ-002156,LOC-06,SVC-04,Routine,25.7,2025-11-24,185,True,0,0,11,0,48,115,0
REQ-002157,LOC-07,SVC-02,Routine,37.7,2025-11-24,185,True,0,0,11,0,48,115,0
REQ-002158,LOC-07,SVC-05,Priority,36.3,2025-11-24,79,True,0,0,11,0,48,115,0
REQ-002159,LOC-01,SVC-04,Urgent,65.4,2025-11-24,24,True,0,0,11,0,48,115,0
REQ-002160,LOC-10,SVC-07,Priority,36.3,2025-11-24,94,False,0,0,11,0,48,115,1
REQ-002161,LOC-06,SVC-05,Routine,12.0,2025-11-24,185,True,0,0,11,0,48,115,0
REQ-002162,LOC-08,SVC-06,Urgent,9.5,2025-11-24,31,True,0,0,11,0,48,115,0
REQ-002163,LOC-06,SVC-06,Priority,92.9,2025-11-24,79,True,0,0,11,0,48,115,0
REQ-002164,LOC-07,SVC-01,Routine,23.4,2025-11-24,185,True,0,0,11,0,48,115,0
REQ-002165,LOC-02,SVC-01,Routine,61.0,2025-11-24,168,True,0,0,11,0,48,115,0
REQ-002166,LOC-06,SVC-06,Emergency,15.7,2025-11-24,4,False,0,0,11,0,48,115,1
REQ-002168,LOC-10,SVC-09,Routine,25.5,2025-11-24,218,True,0,0,11,0,48,115,0
REQ-002169,LOC-02,SVC-01,Priority,95.9,2025-11-24,72,True,0,0,11,0,48,115,0
REQ-002170,LOC-07,SVC-01,Priority,39.7,2025-11-25,79,True,1,0,11,0,48,116,0
REQ-002171,LOC-07,SVC-06,Priority,43.6,2025-11-25,79,True,1,0,11,0,48,116,0
REQ-002172,LOC-08,SVC-05,Priority,13.9,2025-11-25,94,True,1,0,11,0,48,116,0
REQ-002173,LOC-06,SVC-06,Emergency,30.6,2025-11-25,4,False,1,0,11,0,48,116,1
REQ-002174,LOC-08,SVC-01,Routine,43.9,2025-11-25,218,True,1,0,11,0,48,116,0
REQ-002175,LOC-03,SVC-03,Routine,11.4,2025-11-25,168,True,1,0,11,0,48,116,0
REQ-002176,LOC-07,SVC-08,Routine,19.5,2025-11-25,185,True,1,0,11,0,48,116,0
REQ-002177,LOC-08,SVC-06,Routine,14.6,2025-11-25,218,True,1,0,11,0,48,116,0
REQ-002178,LOC-09,SVC-03,Routine,17.1,2025-11-25,218,True,1,0,11,0,48,116,0
REQ-002179,LOC-10,SVC-07,Routine,48.6,2025-11-25,218,True,1,0,11,0,48,116,0
REQ-002180,LOC-07,SVC-06,Routine,33.2,2025-11-25,185,True,1,0,11,0,48,116,0
REQ-002182,LOC-02,SVC-09,Priority,66.1,2025-11-25,72,True,1,0,11,0,48,116,0
REQ-002183,LOC-01,SVC-01,Routine,52.2,2025-11-25,168,True,1,0,11,0,48,116,0
REQ-002184,LOC-10,SVC-07,Routine,12.3,2025-11-25,218,True,1,0,11,0,48,116,0
REQ-002185,LOC-02,SVC-01,Routine,36.3,2025-11-25,168,True,1,0,11,0,48,116,0
REQ-002186,LOC-05,SVC-01,Priority,26.4,2025-11-25,72,True,1,0,11,0,48,116,0
REQ-002188,LOC-03,SVC-05,Priority,9.2,2025-11-25,72,True,1,0,11,0,48,116,0
REQ-002189,LOC-06,SVC-05,Priority,36.3,2025-11-25,79,True,1,0,11,0,48,116,0
REQ-002190,LOC-02,SVC-07,Routine,50.7,2025-11-25,168,True,1,0,11,0,48,116,0
REQ-002191,LOC-02,SVC-01,Routine,9.2,2025-11-25,168,True,1,0,11,0,48,116,0
REQ-002192,LOC-10,SVC-01,Routine,14.1,2025-11-25,218,True,1,0,11,0,48,116,0
REQ-002193,LOC-02,SVC-01,Emergency,16.8,2025-11-25,4,False,1,0,11,0,48,116,1
REQ-002194,LOC-01,SVC-09,Routine,12.9,2025-11-25,168,True,1,0,11,0,48,116,0
REQ-002195,LOC-02,SVC-01,Priority,90.8,2025-11-25,72,True,1,0,11,0,48,116,0
REQ-002196,LOC-09,SVC-01,Routine,42.0,2025-11-25,218,True,1,0,11,0,48,116,0
REQ-002198,LOC-04,SVC-03,Routine,16.8,2025-11-26,168,True,2,0,11,0,48,117,0
REQ-002199,LOC-05,SVC-07,Priority,41.1,2025-11-26,72,True,2,0,11,0,48,117,0
REQ-002200,LOC-01,SVC-08,Priority,37.3,2025-11-26,72,True,2,0,11,0,48,117,0
REQ-002201,LOC-01,SVC-01,Routine,17.4,2025-11-26,168,True,2,0,11,0,48,117,0
REQ-002202,LOC-09,SVC-04,Priority,68.7,2025-11-26,94,True,2,0,11,0,48,117,0
REQ-002204,LOC-04,SVC-01,Priority,64.4,2025-11-26,72,True,2,0,11,0,48,117,0
REQ-002205,LOC-02,SVC-03,Routine,41.1,2025-11-26,168,True,2,0,11,0,48,117,0
REQ-002206,LOC-05,SVC-06,Emergency,74.1,2025-11-26,4,False,2,0,11,0,48,117,1
REQ-002207,LOC-10,SVC-09,Urgent,62.9,2025-11-26,31,True,2,0,11,0,48,117,0
REQ-002208,LOC-04,SVC-05,Routine,13.7,2025-11-26,168,True,2,0,11,0,48,117,0
REQ-002209,LOC-04,SVC-07,Urgent,36.3,2025-11-26,24,True,2,0,11,0,48,117,0
REQ-002210,LOC-09,SVC-01,Routine,16.9,2025-11-26,218,True,2,0,11,0,48,117,0
REQ-002211,LOC-06,SVC-02,Priority,5.5,2025-11-26,79,True,2,0,11,0,48,117,0
REQ-002212,LOC-04,SVC-04,Routine,23.4,2025-11-26,168,True,2,0,11,0,48,117,0
REQ-002213,LOC-08,SVC-02,Routine,15.6,2025-11-26,218,True,2,0,11,0,48,117,0
REQ-002214,LOC-10,SVC-07,Routine,38.4,2025-11-27,218,True,3,0,11,0,48,118,0
REQ-002216,LOC-06,SVC-02,Priority,56.1,2025-11-27,79,True,3,0,11,0,48,118,0
REQ-002217,LOC-02,SVC-03,Priority,41.0,2025-11-27,72,True,3,0,11,0,48,118,0
REQ-002218,LOC-06,SVC-03,Priority,4.0,2025-11-27,79,True,3,0,11,0,48,118,0
REQ-002219,LOC-03,SVC-04,Priority,36.3,2025-11-27,72,True,3,0,11,0,48,118,0
REQ-002220,LOC-08,SVC-05,Priority,23.8,2025-11-27,94,True,3,0,11,0,48,118,0
REQ-002221,LOC-09,SVC-01,Priority,43.1,2025-11-27,94,True,3,0,11,0,48,118,0
REQ-002222,LOC-08,SVC-01,Routine,11.9,2025-11-27,218,True,3,0,11,0,48,118,0
REQ-002223,LOC-02,SVC-05,Urgent,89.8,2025-11-27,24,True,3,0,11,0,48,118,0
REQ-002224,LOC-09,SVC-05,Priority,4.0,2025-11-27,94,True,3,0,11,0,48,118,0
REQ-002225,LOC-01,SVC-05,Routine,32.5,2025-11-27,168,True,3,0,11,0,48,118,0
REQ-002226,LOC-03,SVC-05,Emergency,78.1,2025-11-27,4,True,3,0,11,0,48,118,0
REQ-002227,LOC-03,SVC-07,Routine,39.8,2025-11-27,168,True,3,0,11,0,48,118,0
REQ-002228,LOC-08,SVC-07,Routine,36.3,2025-11-27,218,True,3,0,11,0,48,118,0
REQ-002230,LOC-10,SVC-01,Routine,19.1,2025-11-27,218,True,3,0,11,0,48,118,0
REQ-002231,LOC-04,SVC-04,Routine,13.8,2025-11-27,168,True,3,0,11,0,48,118,0
REQ-002233,LOC-01,SVC-09,Routine,56.4,2025-11-27,168,True,3,0,11,0,48,118,0
REQ-002234,LOC-07,SVC-02,Routine,11.0,2025-11-27,185,True,3,0,11,0,48,118,0
REQ-002235,LOC-09,SVC-02,Routine,14.1,2025-11-27,218,True,3,0,11,0,48,118,0
REQ-002236,LOC-02,SVC-03,Routine,48.1,2025-11-27,168,True,3,0,11,0,48,118,0
REQ-002237,LOC-02,SVC-04,Routine,14.9,2025-11-27,168,True,3,0,11,0,48,118,0
REQ-002238,LOC-10,SVC-02,Routine,19.9,2025-11-27,218,True,3,0,11,0,48,118,0
REQ-002239,LOC-10,SVC-01,Urgent,23.5,2025-11-27,31,True,3,0,11,0,48,118,0
REQ-002240,LOC-03,SVC-02,Emergency,86.5,2025-11-27,4,False,3,0,11,0,48,118,1
REQ-002241,LOC-04,SVC-01,Routine,22.0,2025-11-27,168,True,3,0,11,0,48,118,0
REQ-002242,LOC-05,SVC-06,Routine,37.5,2025-11-27,168,True,3,0,11,0,48,118,0
REQ-002243,LOC-06,SVC-01,Routine,93.5,2025-11-27,185,True,3,0,11,0,48,118,0
REQ-002245,LOC-07,SVC-05,Urgent,64.0,2025-11-28,26,False,4,0,11,0,48,119,1
REQ-002246,LOC-03,SVC-05,Priority,80.0,2025-11-28,72,True,4,0,11,0,48,119,0
REQ-002247,LOC-04,SVC-07,Routine,12.9,2025-11-28,168,True,4,0,11,0,48,119,0
REQ-002248,LOC-10,SVC-08,Priority,59.3,2025-11-28,94,True,4,0,11,0,48,119,0
REQ-002249,LOC-05,SVC-05,Priority,60.6,2025-11-28,72,True,4,0,11,0,48,119,0
REQ-002251,LOC-07,SVC-01,Routine,36.3,2025-11-28,185,True,4,0,11,0,48,119,0
REQ-002252,LOC-07,SVC-03,Priority,19.6,2025-11-28,79,True,4,0,11,0,48,119,0
REQ-002253,LOC-05,SVC-07,Routine,61.9,2025-11-28,168,True,4,0,11,0,48,119,0
REQ-002254,LOC-09,SVC-01,Urgent,49.6,2025-11-28,31,True,4,0,11,0,48,119,0
REQ-002255,LOC-07,SVC-03,Routine,54.8,2025-11-28,185,True,4,0,11,0,48,119,0
REQ-002256,LOC-06,SVC-06,Emergency,38.3,2025-11-28,4,False,4,0,11,0,48,119,1
REQ-002257,LOC-08,SVC-02,Routine,19.7,2025-11-28,218,True,4,0,11,0,48,119,0
REQ-002258,LOC-08,SVC-01,Urgent,24.6,2025-11-28,31,True,4,0,11,0,48,119,0
REQ-002259,LOC-05,SVC-02,Priority,50.7,2025-11-28,72,True,4,0,11,0,48,119,0
REQ-002260,LOC-10,SVC-01,Routine,36.3,2025-11-28,218,True,4,0,11,0,48,119,0
REQ-002261,LOC-07,SVC-01,Routine,21.2,2025-11-28,185,True,4,0,11,0,48,119,0
REQ-002262,LOC-01,SVC-01,Routine,40.5,2025-11-28,168,True,4,0,11,0,48,119,0
REQ-002263,LOC-08,SVC-05,Urgent,2.3,2025-11-28,31,True,4,0,11,0,48,119,0
REQ-002264,LOC-04,SVC-01,Routine,27.7,2025-11-28,168,True,4,0,11,0,48,119,0
REQ-002265,LOC-02,SVC-06,Routine,38.6,2025-11-28,168,True,4,0,11,0,48,119,0
REQ-002266,LOC-06,SVC-05,Urgent,39.3,2025-11-28,26,False,4,0,11,0,48,119,1
REQ-002268,LOC-10,SVC-04,Priority,23.1,2025-11-28,94,True,4,0,11,0,48,119,0
REQ-002269,LOC-08,SVC-02,Priority,86.4,2025-11-28,94,True,4,0,11,0,48,119,0
REQ-002271,LOC-05,SVC-01,Urgent,82.5,2025-11-29,24,True,5,1,11,0,48,120,0
REQ-002272,LOC-10,SVC-05,Routine,37.9,2025-11-29,218,True,5,1,11,0,48,120,0
REQ-002273,LOC-08,SVC-02,Priority,19.8,2025-11-29,94,True,5,1,11,0,48,120,0
REQ-002274,LOC-04,SVC-07,Routine,58.7,2025-11-30,168,True,6,1,11,0,48,121,0
REQ-002275,LOC-04,SVC-04,Urgent,13.4,2025-11-30,24,True,6,1,11,0,48,121,0
REQ-002277,LOC-08,SVC-04,Priority,44.8,2025-11-30,94,True,6,1,11,0,48,121,0
REQ-002278,LOC-01,SVC-02,Routine,24.9,2025-11-30,168,True,6,1,11,0,48,121,0
REQ-002279,LOC-09,SVC-03,Priority,68.2,2025-11-30,94,True,6,1,11,0,48,121,0
REQ-002280,LOC-07,SVC-05,Routine,39.2,2025-11-30,185,True,6,1,11,0,48,121,0
REQ-002281,LOC-03,SVC-05,Emergency,90.0,2025-11-30,4,False,6,1,11,0,48,121,1
REQ-002282,LOC-02,SVC-01,Priority,66.2,2025-11-30,72,True,6,1,11,0,48,121,0
REQ-002283,LOC-03,SVC-08,Urgent,32.5,2025-11-30,24,True,6,1,11,0,48,121,0
REQ-002284,LOC-02,SVC-04,Urgent,77.6,2025-11-30,24,True,6,1,11,0,48,121,0
REQ-002285,LOC-02,SVC-02,Routine,31.4,2025-11-30,168,True,6,1,11,0,48,121,0
REQ-002286,LOC-10,SVC-01,Urgent,34.3,2025-12-01,31,True,0,0,12,0,49,122,0
REQ-002287,LOC-08,SVC-08,Routine,25.0,2025-12-01,218,True,0,0,12,0,49,122,0
REQ-002288,LOC-01,SVC-05,Urgent,42.3,2025-12-01,24,True,0,0,12,0,49,122,0
REQ-002289,LOC-06,SVC-09,Routine,17.8,2025-12-01,185,True,0,0,12,0,49,122,0
REQ-002290,LOC-07,SVC-01,Routine,13.8,2025-12-01,185,True,0,0,12,0,49,122,0
REQ-002291,LOC-01,SVC-09,Routine,40.8,2025-12-01,168,True,0,0,12,0,49,122,0
REQ-002293,LOC-05,SVC-01,Routine,55.5,2025-12-01,168,True,0,0,12,0,49,122,0
REQ-002294,LOC-09,SVC-01,Routine,38.7,2025-12-01,218,True,0,0,12,0,49,122,0
REQ-002295,LOC-04,SVC-01,Priority,17.8,2025-12-01,72,True,0,0,12,0,49,122,0
REQ-002296,LOC-09,SVC-01,Priority,63.9,2025-12-01,94,True,0,0,12,0,49,122,0
REQ-002297,LOC-04,SVC-05,Routine,79.9,2025-12-01,168,True,0,0,12,0,49,122,0
REQ-002298,LOC-01,SVC-01,Urgent,35.0,2025-12-01,24,True,0,0,12,0,49,122,0
REQ-002299,LOC-05,SVC-06,Urgent,63.6,2025-12-01,24,True,0,0,12,0,49,122,0
REQ-002300,LOC-07,SVC-06,Routine,36.3,2025-12-01,185,True,0,0,12,0,49,122,0
REQ-002301,LOC-09,SVC-07,Routine,5.5,2025-12-01,218,True,0,0,12,0,49,122,0
REQ-002302,LOC-06,SVC-07,Priority,37.5,2025-12-01,79,True,0,0,12,0,49,122,0
REQ-002303,LOC-07,SVC-03,Routine,18.4,2025-12-02,185,True,1,0,12,0,49,123,0
REQ-002307,LOC-02,SVC-06,Urgent,82.0,2025-12-02,24,True,1,0,12,0,49,123,0
REQ-002308,LOC-07,SVC-09,Urgent,40.2,2025-12-02,26,False,1,0,12,0,49,123,1
REQ-002309,LOC-03,SVC-07,Urgent,67.1,2025-12-02,24,False,1,0,12,0,49,123,1
REQ-002310,LOC-04,SVC-05,Routine,22.7,2025-12-02,168,True,1,0,12,0,49,123,0
REQ-002311,LOC-03,SVC-01,Priority,18.0,2025-12-02,72,True,1,0,12,0,49,123,0
REQ-002312,LOC-06,SVC-07,Priority,64.5,2025-12-02,79,True,1,0,12,0,49,123,0
REQ-002314,LOC-08,SVC-02,Routine,24.7,2025-12-02,218,True,1,0,12,0,49,123,0
REQ-002315,LOC-09,SVC-09,Routine,33.5,2025-12-02,218,True,1,0,12,0,49,123,0
REQ-002317,LOC-02,SVC-02,Routine,14.3,2025-12-02,168,True,1,0,12,0,49,123,0
REQ-002318,LOC-04,SVC-03,Urgent,50.3,2025-12-02,24,True,1,0,12,0,49,123,0
REQ-002320,LOC-08,SVC-02,Emergency,42.2,2025-12-02,5,False,1,0,12,0,49,123,1
REQ-002321,LOC-02,SVC-02,Emergency,80.7,2025-12-02,4,False,1,0,12,0,49,123,1
REQ-002324,LOC-05,SVC-04,Priority,63.0,2025-12-02,72,True,1,0,12,0,49,123,0
REQ-002325,LOC-06,SVC-04,Priority,44.7,2025-12-02,79,True,1,0,12,0,49,123,0
REQ-002327,LOC-01,SVC-01,Routine,26.4,2025-12-03,168,True,2,0,12,0,49,124,0
REQ-002328,LOC-10,SVC-02,Priority,60.6,2025-12-03,94,True,2,0,12,0,49,124,0
REQ-002329,LOC-10,SVC-05,Routine,20.8,2025-12-03,218,True,2,0,12,0,49,124,0
REQ-002330,LOC-07,SVC-09,Routine,15.6,2025-12-03,185,True,2,0,12,0,49,124,0
REQ-002331,LOC-04,SVC-02,Priority,11.7,2025-12-03,72,True,2,0,12,0,49,124,0
REQ-002332,LOC-08,SVC-06,Routine,9.0,2025-12-03,218,True,2,0,12,0,49,124,0
REQ-002333,LOC-09,SVC-02,Routine,37.4,2025-12-03,218,True,2,0,12,0,49,124,0
REQ-002334,LOC-02,SVC-07,Routine,12.9,2025-12-03,168,True,2,0,12,0,49,124,0
REQ-002335,LOC-03,SVC-02,Routine,36.0,2025-12-03,168,True,2,0,12,0,49,124,0
REQ-002336,LOC-05,SVC-02,Urgent,69.1,2025-12-03,24,True,2,0,12,0,49,124,0
REQ-002337,LOC-08,SVC-06,Routine,85.3,2025-12-03,218,True,2,0,12,0,49,124,0
REQ-002338,LOC-04,SVC-05,Routine,25.1,2025-12-03,168,True,2,0,12,0,49,124,0
REQ-002339,LOC-05,SVC-02,Priority,40.8,2025-12-03,72,True,2,0,12,0,49,124,0
REQ-002340,LOC-05,SVC-03,Priority,32.0,2025-12-03,72,True,2,0,12,0,49,124,0
REQ-002341,LOC-05,SVC-07,Routine,12.5,2025-12-03,168,True,2,0,12,0,49,124,0
REQ-002342,LOC-05,SVC-07,Routine,42.9,2025-12-03,168,True,2,0,12,0,49,124,0
REQ-002344,LOC-06,SVC-09,Emergency,58.7,2025-12-03,4,False,2,0,12,0,49,124,1
REQ-002345,LOC-05,SVC-05,Urgent,29.1,2025-12-03,24,True,2,0,12,0,49,124,0
REQ-002346,LOC-01,SVC-02,Priority,41.7,2025-12-03,72,True,2,0,12,0,49,124,0
REQ-002348,LOC-03,SVC-07,Routine,23.2,2025-12-03,168,True,2,0,12,0,49,124,0
REQ-002349,LOC-07,SVC-06,Routine,12.4,2025-12-03,185,True,2,0,12,0,49,124,0
REQ-002350,LOC-04,SVC-03,Priority,12.1,2025-12-03,72,True,2,0,12,0,49,124,0
REQ-002351,LOC-02,SVC-08,Priority,18.4,2025-12-03,72,True,2,0,12,0,49,124,0
REQ-002352,LOC-08,SVC-01,Priority,47.2,2025-12-03,94,True,2,0,12,0,49,124,0
REQ-002353,LOC-10,SVC-06,Routine,16.2,2025-12-03,218,True,2,0,12,0,49,124,0
REQ-002354,LOC-06,SVC-08,Routine,21.1,2025-12-03,185,True,2,0,12,0,49,124,0
REQ-002355,LOC-01,SVC-07,Urgent,33.3,2025-12-03,24,True,2,0,12,0,49,124,0
REQ-002356,LOC-05,SVC-05,Priority,41.1,2025-12-03,72,True,2,0,12,0,49,124,0
REQ-002357,LOC-08,SVC-01,Routine,24.1,2025-12-03,218,True,2,0,12,0,49,124,0
REQ-002358,LOC-05,SVC-01,Urgent,72.0,2025-12-03,24,True,2,0,12,0,49,124,0
REQ-002360,LOC-07,SVC-01,Priority,41.2,2025-12-04,79,True,3,0,12,0,49,125,0
REQ-002361,LOC-03,SVC-05,Routine,12.6,2025-12-04,168,True,3,0,12,0,49,125,0
REQ-002363,LOC-05,SVC-02,Priority,42.3,2025-12-04,72,True,3,0,12,0,49,125,0
REQ-002364,LOC-02,SVC-07,Routine,37.4,2025-12-04,168,True,3,0,12,0,49,125,0
REQ-002365,LOC-03,SVC-01,Urgent,36.2,2025-12-04,24,True,3,0,12,0,49,125,0
REQ-002366,LOC-08,SVC-07,Routine,12.2,2025-12-04,218,True,3,0,12,0,49,125,0
REQ-002367,LOC-01,SVC-05,Routine,61.5,2025-12-04,168,True,3,0,12,0,49,125,0
REQ-002368,LOC-09,SVC-06,Routine,1.0,2025-12-04,218,True,3,0,12,0,49,125,0
REQ-002369,LOC-01,SVC-07,Urgent,16.1,2025-12-04,24,True,3,0,12,0,49,125,0
REQ-002370,LOC-07,SVC-02,Priority,38.2,2025-12-04,79,True,3,0,12,0,49,125,0
REQ-002371,LOC-01,SVC-06,Priority,36.3,2025-12-04,72,True,3,0,12,0,49,125,0
REQ-002372,LOC-07,SVC-01,Routine,10.7,2025-12-04,185,True,3,0,12,0,49,125,0
REQ-002373,LOC-03,SVC-02,Priority,33.6,2025-12-04,72,True,3,0,12,0,49,125,0
REQ-002374,LOC-03,SVC-02,Emergency,47.4,2025-12-04,4,False,3,0,12,0,49,125,1
REQ-002375,LOC-06,SVC-01,Routine,59.7,2025-12-05,185,True,4,0,12,0,49,126,0
REQ-002376,LOC-06,SVC-01,Urgent,58.5,2025-12-05,26,True,4,0,12,0,49,126,0
REQ-002377,LOC-03,SVC-07,Routine,15.9,2025-12-05,168,True,4,0,12,0,49,126,0
REQ-002378,LOC-10,SVC-04,Routine,13.6,2025-12-05,218,True,4,0,12,0,49,126,0
REQ-002379,LOC-01,SVC-08,Routine,34.8,2025-12-05,168,True,4,0,12,0,49,126,0
REQ-002380,LOC-02,SVC-02,Urgent,60.0,2025-12-05,24,True,4,0,12,0,49,126,0
REQ-002381,LOC-06,SVC-02,Routine,22.0,2025-12-05,185,True,4,0,12,0,49,126,0
REQ-002382,LOC-02,SVC-03,Routine,22.1,2025-12-05,168,True,4,0,12,0,49,126,0
REQ-002383,LOC-02,SVC-02,Urgent,64.6,2025-12-05,24,True,4,0,12,0,49,126,0
REQ-002384,LOC-09,SVC-08,Routine,56.2,2025-12-05,218,True,4,0,12,0,49,126,0
REQ-002386,LOC-08,SVC-06,Priority,36.3,2025-12-05,94,True,4,0,12,0,49,126,0
REQ-002387,LOC-10,SVC-06,Emergency,96.0,2025-12-05,5,True,4,0,12,0,49,126,0
REQ-002388,LOC-06,SVC-08,Priority,40.1,2025-12-05,79,True,4,0,12,0,49,126,0
REQ-002389,LOC-10,SVC-07,Routine,42.0,2025-12-05,218,True,4,0,12,0,49,126,0
REQ-002390,LOC-03,SVC-02,Routine,36.3,2025-12-05,168,True,4,0,12,0,49,126,0
REQ-002391,LOC-07,SVC-02,Urgent,93.8,2025-12-05,26,False,4,0,12,0,49,126,1
REQ-002392,LOC-01,SVC-01,Routine,8.0,2025-12-05,168,True,4,0,12,0,49,126,0
REQ-002393,LOC-05,SVC-06,Routine,76.7,2025-12-05,168,True,4,0,12,0,49,126,0
REQ-002394,LOC-10,SVC-09,Priority,70.1,2025-12-05,94,True,4,0,12,0,49,126,0
REQ-002395,LOC-01,SVC-06,Priority,42.1,2025-12-05,72,True,4,0,12,0,49,126,0
REQ-002396,LOC-08,SVC-04,Routine,10.0,2025-12-05,218,True,4,0,12,0,49,126,0
REQ-002397,LOC-01,SVC-04,Urgent,32.0,2025-12-05,24,False,4,0,12,0,49,126,1
REQ-002398,LOC-03,SVC-03,Priority,8.8,2025-12-05,72,True,4,0,12,0,49,126,0
REQ-002399,LOC-02,SVC-05,Routine,40.4,2025-12-05,168,True,4,0,12,0,49,126,0
REQ-002400,LOC-04,SVC-04,Priority,19.3,2025-12-05,72,True,4,0,12,0,49,126,0
REQ-002401,LOC-07,SVC-09,Priority,62.5,2025-12-06,79,True,5,1,12,0,49,127,0
REQ-002402,LOC-02,SVC-01,Emergency,37.0,2025-12-06,4,False,5,1,12,0,49,127,1
REQ-002403,LOC-05,SVC-01,Routine,33.1,2025-12-06,168,True,5,1,12,0,49,127,0
REQ-002405,LOC-03,SVC-01,Priority,14.9,2025-12-06,72,True,5,1,12,0,49,127,0
REQ-002406,LOC-05,SVC-01,Urgent,36.3,2025-12-06,24,True,5,1,12,0,49,127,0
REQ-002407,LOC-02,SVC-01,Routine,11.5,2025-12-06,168,True,5,1,12,0,49,127,0
REQ-002408,LOC-02,SVC-07,Routine,42.4,2025-12-06,168,True,5,1,12,0,49,127,0
REQ-002411,LOC-08,SVC-01,Routine,42.8,2025-12-06,218,True,5,1,12,0,49,127,0
REQ-002412,LOC-07,SVC-01,Emergency,24.9,2025-12-06,4,False,5,1,12,0,49,127,1
REQ-002413,LOC-06,SVC-02,Emergency,36.8,2025-12-06,4,False,5,1,12,0,49,127,1
REQ-002414,LOC-03,SVC-09,Routine,63.5,2025-12-06,168,True,5,1,12,0,49,127,0
REQ-002415,LOC-03,SVC-02,Routine,9.8,2025-12-07,168,True,6,1,12,0,49,128,0
REQ-002416,LOC-02,SVC-05,Routine,46.2,2025-12-07,168,True,6,1,12,0,49,128,0
REQ-002418,LOC-10,SVC-01,Emergency,64.6,2025-12-07,5,False,6,1,12,0,49,128,1
REQ-002419,LOC-01,SVC-03,Routine,38.3,2025-12-07,168,True,6,1,12,0,49,128,0
REQ-002420,LOC-10,SVC-03,Priority,77.6,2025-12-07,94,True,6,1,12,0,49,128,0
REQ-002421,LOC-03,SVC-01,Priority,79.5,2025-12-07,72,True,6,1,12,0,49,128,0
REQ-002422,LOC-02,SVC-03,Routine,19.0,2025-12-07,168,True,6,1,12,0,49,128,0
REQ-002423,LOC-06,SVC-02,Priority,41.3,2025-12-08,79,True,0,0,12,0,50,129,0
REQ-002424,LOC-09,SVC-07,Urgent,66.0,2025-12-08,31,False,0,0,12,0,50,129,1
REQ-002425,LOC-06,SVC-04,Priority,30.0,2025-12-08,79,True,0,0,12,0,50,129,0
REQ-002426,LOC-08,SVC-02,Routine,18.4,2025-12-08,218,True,0,0,12,0,50,129,0
REQ-002427,LOC-05,SVC-07,Emergency,80.1,2025-12-08,4,False,0,0,12,0,50,129,1
REQ-002428,LOC-04,SVC-05,Routine,8.8,2025-12-08,168,True,0,0,12,0,50,129,0
REQ-002429,LOC-10,SVC-02,Routine,5.2,2025-12-08,218,True,0,0,12,0,50,129,0
REQ-002430,LOC-04,SVC-06,Routine,18.9,2025-12-08,168,True,0,0,12,0,50,129,0
REQ-002431,LOC-01,SVC-08,Priority,46.3,2025-12-08,72,True,0,0,12,0,50,129,0
REQ-002432,LOC-06,SVC-04,Priority,39.7,2025-12-08,79,True,0,0,12,0,50,129,0
REQ-002433,LOC-03,SVC-03,Routine,27.8,2025-12-08,168,True,0,0,12,0,50,129,0
REQ-002434,LOC-04,SVC-04,Routine,23.6,2025-12-08,168,True,0,0,12,0,50,129,0
REQ-002435,LOC-01,SVC-01,Routine,4.4,2025-12-08,168,True,0,0,12,0,50,129,0
REQ-002436,LOC-07,SVC-05,Urgent,66.6,2025-12-08,26,False,0,0,12,0,50,129,1
REQ-002438,LOC-05,SVC-01,Routine,66.9,2025-12-08,168,True,0,0,12,0,50,129,0
REQ-002439,LOC-02,SVC-01,Routine,47.8,2025-12-08,168,True,0,0,12,0,50,129,0
REQ-002440,LOC-09,SVC-01,Emergency,36.8,2025-12-08,5,False,0,0,12,0,50,129,1
REQ-002441,LOC-01,SVC-05,Priority,61.9,2025-12-08,72,False,0,0,12,0,50,129,1
REQ-002442,LOC-01,SVC-03,Priority,89.6,2025-12-08,72,False,0,0,12,0,50,129,1
REQ-002443,LOC-01,SVC-06,Urgent,47.4,2025-12-08,24,False,0,0,12,0,50,129,1
REQ-002445,LOC-06,SVC-05,Urgent,6.4,2025-12-08,26,True,0,0,12,0,50,129,0
REQ-002446,LOC-03,SVC-07,Urgent,61.8,2025-12-09,24,True,1,0,12,0,50,130,0
REQ-002447,LOC-03,SVC-05,Urgent,30.4,2025-12-09,24,True,1,0,12,0,50,130,0
REQ-002448,LOC-03,SVC-01,Routine,39.1,2025-12-09,168,True,1,0,12,0,50,130,0
REQ-002449,LOC-03,SVC-05,Urgent,31.6,2025-12-09,24,True,1,0,12,0,50,130,0
REQ-002450,LOC-06,SVC-06,Urgent,51.4,2025-12-09,26,True,1,0,12,0,50,130,0
REQ-002451,LOC-03,SVC-03,Routine,64.7,2025-12-09,168,True,1,0,12,0,50,130,0
REQ-002452,LOC-07,SVC-08,Priority,32.2,2025-12-09,79,True,1,0,12,0,50,130,0
REQ-002453,LOC-01,SVC-03,Routine,19.7,2025-12-09,168,True,1,0,12,0,50,130,0
REQ-002454,LOC-08,SVC-07,Routine,15.9,2025-12-09,218,True,1,0,12,0,50,130,0
REQ-002455,LOC-10,SVC-04,Routine,15.8,2025-12-09,218,True,1,0,12,0,50,130,0
REQ-002456,LOC-10,SVC-05,Routine,23.0,2025-12-09,218,True,1,0,12,0,50,130,0
REQ-002457,LOC-01,SVC-07,Priority,39.5,2025-12-09,72,True,1,0,12,0,50,130,0
REQ-002458,LOC-02,SVC-05,Priority,56.5,2025-12-09,72,True,1,0,12,0,50,130,0
REQ-002459,LOC-02,SVC-01,Emergency,84.5,2025-12-09,4,False,1,0,12,0,50,130,1
REQ-002460,LOC-04,SVC-06,Routine,40.1,2025-12-09,168,True,1,0,12,0,50,130,0
REQ-002462,LOC-08,SVC-03,Urgent,31.0,2025-12-09,31,False,1,0,12,0,50,130,1
REQ-002463,LOC-01,SVC-02,Priority,35.9,2025-12-09,72,True,1,0,12,0,50,130,0
REQ-002464,LOC-03,SVC-01,Urgent,41.7,2025-12-10,24,False,2,0,12,0,50,131,1
REQ-002466,LOC-09,SVC-04,Routine,9.3,2025-12-10,218,True,2,0,12,0,50,131,0
REQ-002467,LOC-08,SVC-03,Priority,67.9,2025-12-10,94,True,2,0,12,0,50,131,0
REQ-002468,LOC-08,SVC-03,Urgent,39.1,2025-12-10,31,True,2,0,12,0,50,131,0
REQ-002471,LOC-08,SVC-04,Routine,11.2,2025-12-10,218,True,2,0,12,0,50,131,0
REQ-002472,LOC-03,SVC-06,Routine,28.3,2025-12-10,168,True,2,0,12,0,50,131,0
REQ-002473,LOC-08,SVC-03,Routine,18.5,2025-12-10,218,True,2,0,12,0,50,131,0
REQ-002474,LOC-09,SVC-08,Routine,38.5,2025-12-10,218,True,2,0,12,0,50,131,0
REQ-002475,LOC-02,SVC-08,Priority,42.9,2025-12-10,72,True,2,0,12,0,50,131,0
REQ-002476,LOC-04,SVC-07,Urgent,66.9,2025-12-10,24,False,2,0,12,0,50,131,1
REQ-002477,LOC-09,SVC-03,Priority,41.1,2025-12-10,94,True,2,0,12,0,50,131,0
REQ-002478,LOC-10,SVC-02,Routine,62.5,2025-12-10,218,True,2,0,12,0,50,131,0
REQ-002479,LOC-06,SVC-02,Priority,68.5,2025-12-10,79,True,2,0,12,0,50,131,0
REQ-002480,LOC-07,SVC-06,Emergency,94.0,2025-12-10,4,False,2,0,12,0,50,131,1
REQ-002481,LOC-02,SVC-01,Priority,76.1,2025-12-10,72,True,2,0,12,0,50,131,0
REQ-002482,LOC-07,SVC-03,Routine,71.6,2025-12-11,185,True,3,0,12,0,50,132,0
REQ-002483,LOC-03,SVC-01,Routine,92.2,2025-12-11,168,True,3,0,12,0,50,132,0
REQ-002484,LOC-06,SVC-05,Emergency,39.9,2025-12-11,4,False,3,0,12,0,50,132,1
REQ-002485,LOC-09,SVC-01,Routine,39.5,2025-12-11,218,True,3,0,12,0,50,132,0
REQ-002486,LOC-10,SVC-07,Priority,20.1,2025-12-11,94,True,3,0,12,0,50,132,0
REQ-002487,LOC-04,SVC-01,Routine,45.6,2025-12-11,168,True,3,0,12,0,50,132,0
REQ-002488,LOC-04,SVC-03,Routine,85.1,2025-12-11,168,True,3,0,12,0,50,132,0
REQ-002489,LOC-06,SVC-06,Routine,8.2,2025-12-11,185,True,3,0,12,0,50,132,0
REQ-002490,LOC-05,SVC-05,Emergency,24.9,2025-12-11,4,False,3,0,12,0,50,132,1
REQ-002491,LOC-10,SVC-09,Priority,41.0,2025-12-11,94,True,3,0,12,0,50,132,0
REQ-002492,LOC-09,SVC-03,Priority,20.0,2025-12-11,94,True,3,0,12,0,50,132,0
REQ-002493,LOC-06,SVC-07,Routine,13.1,2025-12-11,185,True,3,0,12,0,50,132,0
REQ-002494,LOC-07,SVC-02,Routine,44.5,2025-12-11,185,True,3,0,12,0,50,132,0
REQ-002495,LOC-03,SVC-01,Routine,36.3,2025-12-11,168,True,3,0,12,0,50,132,0
REQ-002496,LOC-02,SVC-01,Routine,34.1,2025-12-11,168,True,3,0,12,0,50,132,0
REQ-002497,LOC-03,SVC-02,Routine,33.5,2025-12-11,168,True,3,0,12,0,50,132,0
REQ-002498,LOC-01,SVC-03,Routine,16.5,2025-12-11,168,True,3,0,12,0,50,132,0
REQ-002500,LOC-08,SVC-03,Urgent,83.6,2025-12-11,31,True,3,0,12,0,50,132,0
REQ-002501,LOC-06,SVC-05,Routine,23.2,2025-12-11,185,True,3,0,12,0,50,132,0
REQ-002502,LOC-08,SVC-06,Routine,66.5,2025-12-11,218,True,3,0,12,0,50,132,0
REQ-002503,LOC-08,SVC-02,Priority,66.0,2025-12-11,94,True,3,0,12,0,50,132,0
REQ-002505,LOC-10,SVC-06,Priority,33.4,2025-12-12,94,True,4,0,12,0,50,133,0
REQ-002506,LOC-10,SVC-01,Urgent,78.2,2025-12-12,31,False,4,0,12,0,50,133,1
REQ-002507,LOC-04,SVC-07,Routine,14.8,2025-12-12,168,True,4,0,12,0,50,133,0
REQ-002508,LOC-05,SVC-03,Routine,20.7,2025-12-12,168,True,4,0,12,0,50,133,0
REQ-002509,LOC-01,SVC-06,Urgent,63.6,2025-12-12,24,False,4,0,12,0,50,133,1
REQ-002510,LOC-02,SVC-06,Routine,13.9,2025-12-12,168,True,4,0,12,0,50,133,0
REQ-002511,LOC-04,SVC-04,Priority,22.0,2025-12-12,72,False,4,0,12,0,50,133,1
REQ-002512,LOC-09,SVC-08,Emergency,35.3,2025-12-12,5,False,4,0,12,0,50,133,1
REQ-002513,LOC-06,SVC-01,Priority,36.3,2025-12-12,79,False,4,0,12,0,50,133,1
REQ-002514,LOC-02,SVC-01,Priority,58.1,2025-12-12,72,True,4,0,12,0,50,133,0
REQ-002515,LOC-07,SVC-07,Routine,12.4,2025-12-12,185,True,4,0,12,0,50,133,0
REQ-002516,LOC-07,SVC-04,Routine,37.8,2025-12-12,185,True,4,0,12,0,50,133,0
REQ-002517,LOC-09,SVC-01,Urgent,79.4,2025-12-12,31,True,4,0,12,0,50,133,0
REQ-002519,LOC-01,SVC-02,Urgent,83.0,2025-12-12,24,False,4,0,12,0,50,133,1
REQ-002521,LOC-07,SVC-09,Routine,42.6,2025-12-12,185,True,4,0,12,0,50,133,0
REQ-002522,LOC-05,SVC-01,Priority,41.4,2025-12-13,72,True,5,1,12,0,50,134,0
REQ-002523,LOC-04,SVC-07,Routine,43.4,2025-12-13,168,True,5,1,12,0,50,134,0
REQ-002525,LOC-02,SVC-06,Priority,10.0,2025-12-13,72,False,5,1,12,0,50,134,1
REQ-002526,LOC-06,SVC-02,Routine,15.2,2025-12-13,185,True,5,1,12,0,50,134,0
REQ-002528,LOC-06,SVC-05,Routine,7.7,2025-12-13,185,True,5,1,12,0,50,134,0
REQ-002529,LOC-06,SVC-02,Urgent,62.6,2025-12-13,26,True,5,1,12,0,50,134,0
REQ-002530,LOC-07,SVC-01,Routine,12.6,2025-12-13,185,True,5,1,12,0,50,134,0
REQ-002532,LOC-05,SVC-05,Routine,35.0,2025-12-13,168,True,5,1,12,0,50,134,0
REQ-002533,LOC-07,SVC-02,Priority,35.5,2025-12-14,79,True,6,1,12,0,50,135,0
REQ-002534,LOC-08,SVC-01,Emergency,80.4,2025-12-14,5,False,6,1,12,0,50,135,1
REQ-002535,LOC-10,SVC-03,Routine,10.8,2025-12-14,218,True,6,1,12,0,50,135,0
REQ-002536,LOC-06,SVC-02,Emergency,80.9,2025-12-14,4,False,6,1,12,0,50,135,1
REQ-002537,LOC-06,SVC-01,Routine,26.6,2025-12-14,185,True,6,1,12,0,50,135,0
REQ-002538,LOC-10,SVC-07,Urgent,38.9,2025-12-14,31,True,6,1,12,0,50,135,0
REQ-002539,LOC-03,SVC-05,Priority,18.8,2025-12-14,72,True,6,1,12,0,50,135,0
REQ-002540,LOC-06,SVC-07,Priority,34.4,2025-12-14,79,True,6,1,12,0,50,135,0
REQ-002541,LOC-08,SVC-09,Urgent,99.0,2025-12-15,31,False,0,0,12,0,51,136,1
REQ-002542,LOC-03,SVC-02,Priority,18.3,2025-12-15,72,True,0,0,12,0,51,136,0
REQ-002543,LOC-01,SVC-01,Priority,39.1,2025-12-15,72,True,0,0,12,0,51,136,0
REQ-002544,LOC-09,SVC-03,Priority,35.0,2025-12-15,94,True,0,0,12,0,51,136,0
REQ-002545,LOC-09,SVC-05,Urgent,59.4,2025-12-15,31,True,0,0,12,0,51,136,0
REQ-002547,LOC-10,SVC-02,Routine,11.5,2025-12-15,218,True,0,0,12,0,51,136,0
REQ-002548,LOC-05,SVC-03,Routine,34.0,2025-12-15,168,True,0,0,12,0,51,136,0
REQ-002549,LOC-01,SVC-07,Routine,24.0,2025-12-15,168,True,0,0,12,0,51,136,0
REQ-002550,LOC-01,SVC-08,Routine,72.9,2025-12-15,168,True,0,0,12,0,51,136,0
REQ-002551,LOC-04,SVC-01,Routine,15.2,2025-12-15,168,True,0,0,12,0,51,136,0
REQ-002552,LOC-06,SVC-01,Urgent,65.1,2025-12-15,26,True,0,0,12,0,51,136,0
REQ-002553,LOC-02,SVC-05,Emergency,81.5,2025-12-15,4,False,0,0,12,0,51,136,1
REQ-002554,LOC-09,SVC-01,Routine,55.4,2025-12-15,218,True,0,0,12,0,51,136,0
REQ-002555,LOC-03,SVC-01,Routine,10.2,2025-12-15,168,True,0,0,12,0,51,136,0
REQ-002556,LOC-04,SVC-01,Urgent,46.4,2025-12-15,24,True,0,0,12,0,51,136,0
REQ-002557,LOC-05,SVC-01,Priority,16.4,2025-12-15,72,True,0,0,12,0,51,136,0
REQ-002558,LOC-08,SVC-07,Priority,32.2,2025-12-15,94,True,0,0,12,0,51,136,0
REQ-002559,LOC-09,SVC-04,Routine,6.6,2025-12-15,218,True,0,0,12,0,51,136,0
REQ-002560,LOC-05,SVC-03,Routine,9.7,2025-12-15,168,True,0,0,12,0,51,136,0
REQ-002562,LOC-06,SVC-01,Priority,39.0,2025-12-15,79,True,0,0,12,0,51,136,0
REQ-002564,LOC-09,SVC-05,Routine,66.2,2025-12-15,218,True,0,0,12,0,51,136,0
REQ-002565,LOC-07,SVC-03,Priority,62.7,2025-12-15,79,True,0,0,12,0,51,136,0
REQ-002566,LOC-03,SVC-06,Priority,16.2,2025-12-15,72,True,0,0,12,0,51,136,0
REQ-002567,LOC-03,SVC-01,Priority,43.2,2025-12-15,72,True,0,0,12,0,51,136,0
REQ-002568,LOC-07,SVC-01,Routine,35.4,2025-12-15,185,True,0,0,12,0,51,136,0
REQ-002569,LOC-03,SVC-02,Urgent,19.5,2025-12-15,24,False,0,0,12,0,51,136,1
REQ-002570,LOC-10,SVC-01,Routine,11.0,2025-12-15,218,True,0,0,12,0,51,136,0
REQ-002571,LOC-03,SVC-03,Routine,38.5,2025-12-16,168,True,1,0,12,0,51,137,0
REQ-002572,LOC-04,SVC-01,Urgent,86.7,2025-12-16,24,False,1,0,12,0,51,137,1
REQ-002574,LOC-04,SVC-05,Routine,63.5,2025-12-16,168,True,1,0,12,0,51,137,0
REQ-002575,LOC-09,SVC-02,Urgent,86.0,2025-12-16,31,True,1,0,12,0,51,137,0
REQ-002576,LOC-08,SVC-04,Routine,63.3,2025-12-16,218,True,1,0,12,0,51,137,0
REQ-002577,LOC-09,SVC-02,Emergency,40.9,2025-12-16,5,False,1,0,12,0,51,137,1
REQ-002578,LOC-07,SVC-01,Emergency,63.6,2025-12-16,4,False,1,0,12,0,51,137,1
REQ-002579,LOC-03,SVC-02,Urgent,39.3,2025-12-16,24,True,1,0,12,0,51,137,0
REQ-002580,LOC-07,SVC-03,Priority,61.3,2025-12-16,79,True,1,0,12,0,51,137,0
REQ-002581,LOC-04,SVC-01,Priority,61.2,2025-12-16,72,True,1,0,12,0,51,137,0
REQ-002582,LOC-07,SVC-01,Routine,36.4,2025-12-16,185,True,1,0,12,0,51,137,0
REQ-002584,LOC-02,SVC-02,Urgent,20.1,2025-12-16,24,True,1,0,12,0,51,137,0
REQ-002585,LOC-08,SVC-04,Priority,40.9,2025-12-16,94,True,1,0,12,0,51,137,0
REQ-002586,LOC-01,SVC-04,Routine,25.3,2025-12-16,168,True,1,0,12,0,51,137,0
REQ-002588,LOC-03,SVC-03,Routine,3.1,2025-12-16,168,True,1,0,12,0,51,137,0
REQ-002589,LOC-01,SVC-02,Urgent,34.3,2025-12-17,24,True,2,0,12,0,51,138,0
REQ-002590,LOC-08,SVC-05,Priority,17.3,2025-12-17,94,True,2,0,12,0,51,138,0
REQ-002592,LOC-02,SVC-08,Routine,45.7,2025-12-17,168,True,2,0,12,0,51,138,0
REQ-002593,LOC-10,SVC-01,Priority,12.4,2025-12-17,94,True,2,0,12,0,51,138,0
REQ-002594,LOC-04,SVC-05,Emergency,87.0,2025-12-17,4,False,2,0,12,0,51,138,1
REQ-002595,LOC-01,SVC-07,Routine,62.1,2025-12-17,168,True,2,0,12,0,51,138,0
REQ-002596,LOC-01,SVC-03,Routine,14.9,2025-12-17,168,True,2,0,12,0,51,138,0
REQ-002597,LOC-02,SVC-09,Priority,44.7,2025-12-17,72,True,2,0,12,0,51,138,0
REQ-002598,LOC-01,SVC-02,Priority,41.6,2025-12-17,72,True,2,0,12,0,51,138,0
REQ-002599,LOC-01,SVC-03,Priority,30.2,2025-12-17,72,True,2,0,12,0,51,138,0
REQ-002600,LOC-06,SVC-01,Routine,19.0,2025-12-17,185,True,2,0,12,0,51,138,0
REQ-002601,LOC-08,SVC-03,Routine,33.0,2025-12-17,218,True,2,0,12,0,51,138,0
REQ-002602,LOC-01,SVC-07,Routine,18.5,2025-12-17,168,True,2,0,12,0,51,138,0
REQ-002603,LOC-05,SVC-03,Routine,35.1,2025-12-17,168,True,2,0,12,0,51,138,0
REQ-002605,LOC-04,SVC-08,Routine,38.6,2025-12-17,168,True,2,0,12,0,51,138,0
REQ-002606,LOC-06,SVC-01,Urgent,29.7,2025-12-17,26,True,2,0,12,0,51,138,0
REQ-002607,LOC-06,SVC-07,Priority,13.5,2025-12-17,79,True,2,0,12,0,51,138,0
REQ-002608,LOC-08,SVC-06,Priority,20.7,2025-12-17,94,True,2,0,12,0,51,138,0
REQ-002609,LOC-08,SVC-05,Routine,26.7,2025-12-17,218,True,2,0,12,0,51,138,0
REQ-002610,LOC-01,SVC-05,Routine,38.2,2025-12-18,168,True,3,0,12,0,51,139,0
REQ-002611,LOC-01,SVC-04,Routine,64.2,2025-12-18,168,True,3,0,12,0,51,139,0
REQ-002612,LOC-04,SVC-02,Priority,8.3,2025-12-18,72,True,3,0,12,0,51,139,0
REQ-002613,LOC-04,SVC-01,Priority,15.9,2025-12-18,72,True,3,0,12,0,51,139,0
REQ-002614,LOC-07,SVC-04,Urgent,60.3,2025-12-18,26,True,3,0,12,0,51,139,0
REQ-002615,LOC-06,SVC-05,Routine,16.8,2025-12-18,185,True,3,0,12,0,51,139,0
REQ-002616,LOC-08,SVC-08,Urgent,66.5,2025-12-18,31,True,3,0,12,0,51,139,0
REQ-002618,LOC-04,SVC-01,Routine,54.2,2025-12-18,168,True,3,0,12,0,51,139,0
REQ-002619,LOC-02,SVC-02,Priority,59.8,2025-12-18,72,True,3,0,12,0,51,139,0
REQ-002620,LOC-02,SVC-08,Urgent,81.6,2025-12-18,24,True,3,0,12,0,51,139,0
REQ-002621,LOC-02,SVC-04,Priority,82.7,2025-12-18,72,True,3,0,12,0,51,139,0
REQ-002622,LOC-09,SVC-02,Routine,14.6,2025-12-18,218,True,3,0,12,0,51,139,0
REQ-002623,LOC-07,SVC-09,Priority,61.7,2025-12-18,79,True,3,0,12,0,51,139,0
REQ-002624,LOC-07,SVC-03,Priority,55.1,2025-12-18,79,False,3,0,12,0,51,139,1
REQ-002625,LOC-09,SVC-01,Priority,35.9,2025-12-18,94,True,3,0,12,0,51,139,0
REQ-002626,LOC-08,SVC-07,Emergency,85.1,2025-12-18,5,False,3,0,12,0,51,139,1
REQ-002627,LOC-05,SVC-07,Routine,71.2,2025-12-18,168,True,3,0,12,0,51,139,0
REQ-002628,LOC-02,SVC-01,Priority,59.6,2025-12-18,72,True,3,0,12,0,51,139,0
REQ-002629,LOC-07,SVC-02,Priority,14.7,2025-12-19,79,True,4,0,12,0,51,140,0
REQ-002630,LOC-01,SVC-02,Routine,39.2,2025-12-19,168,True,4,0,12,0,51,140,0
REQ-002631,LOC-08,SVC-01,Routine,22.8,2025-12-19,218,True,4,0,12,0,51,140,0
REQ-002632,LOC-09,SVC-06,Routine,38.4,2025-12-19,218,True,4,0,12,0,51,140,0
REQ-002633,LOC-09,SVC-06,Priority,54.4,2025-12-19,94,True,4,0,12,0,51,140,0
REQ-002634,LOC-06,SVC-09,Priority,82.7,2025-12-19,79,True,4,0,12,0,51,140,0
REQ-002635,LOC-10,SVC-01,Routine,18.7,2025-12-19,218,True,4,0,12,0,51,140,0
REQ-002636,LOC-06,SVC-07,Priority,36.3,2025-12-19,79,True,4,0,12,0,51,140,0
REQ-002637,LOC-05,SVC-04,Priority,39.8,2025-12-19,72,True,4,0,12,0,51,140,0
REQ-002638,LOC-08,SVC-02,Priority,35.5,2025-12-19,94,True,4,0,12,0,51,140,0
REQ-002639,LOC-03,SVC-01,Routine,18.9,2025-12-19,168,True,4,0,12,0,51,140,0
REQ-002640,LOC-09,SVC-07,Routine,44.3,2025-12-19,218,True,4,0,12,0,51,140,0
REQ-002643,LOC-10,SVC-05,Routine,14.4,2025-12-19,218,True,4,0,12,0,51,140,0
REQ-002645,LOC-04,SVC-02,Routine,25.2,2025-12-19,168,True,4,0,12,0,51,140,0
REQ-002646,LOC-02,SVC-06,Urgent,19.9,2025-12-19,24,True,4,0,12,0,51,140,0
REQ-002647,LOC-04,SVC-06,Priority,34.1,2025-12-20,72,True,5,1,12,0,51,141,0
REQ-002648,LOC-03,SVC-07,Routine,11.8,2025-12-20,168,True,5,1,12,0,51,141,0
REQ-002649,LOC-03,SVC-05,Priority,24.5,2025-12-20,72,True,5,1,12,0,51,141,0
REQ-002650,LOC-04,SVC-08,Urgent,41.4,2025-12-20,24,True,5,1,12,0,51,141,0
REQ-002651,LOC-03,SVC-06,Routine,12.7,2025-12-20,168,True,5,1,12,0,51,141,0
REQ-002652,LOC-01,SVC-02,Routine,16.4,2025-12-20,168,True,5,1,12,0,51,141,0
REQ-002653,LOC-03,SVC-05,Priority,36.9,2025-12-20,72,True,5,1,12,0,51,141,0
REQ-002654,LOC-02,SVC-01,Priority,43.6,2025-12-20,72,True,5,1,12,0,51,141,0
REQ-002655,LOC-03,SVC-07,Routine,13.3,2025-12-20,168,True,5,1,12,0,51,141,0
REQ-002656,LOC-10,SVC-06,Routine,13.0,2025-12-20,218,True,5,1,12,0,51,141,0
REQ-002657,LOC-03,SVC-01,Routine,34.9,2025-12-20,168,True,5,1,12,0,51,141,0
REQ-002658,LOC-04,SVC-02,Priority,12.1,2025-12-20,72,True,5,1,12,0,51,141,0
REQ-002659,LOC-05,SVC-05,Emergency,81.1,2025-12-20,4,True,5,1,12,0,51,141,0
REQ-002660,LOC-04,SVC-05,Routine,14.5,2025-12-20,168,True,5,1,12,0,51,141,0
REQ-002661,LOC-04,SVC-04,Routine,11.1,2025-12-20,168,True,5,1,12,0,51,141,0
REQ-002662,LOC-08,SVC-04,Priority,39.4,2025-12-20,94,True,5,1,12,0,51,141,0
REQ-002663,LOC-08,SVC-02,Routine,36.3,2025-12-21,218,True,6,1,12,0,51,142,0
REQ-002664,LOC-01,SVC-07,Urgent,9.9,2025-12-21,24,True,6,1,12,0,51,142,0
REQ-002665,LOC-05,SVC-05,Priority,17.7,2025-12-21,72,True,6,1,12,0,51,142,0
REQ-002666,LOC-09,SVC-05,Urgent,39.2,2025-12-21,31,True,6,1,12,0,51,142,0
REQ-002667,LOC-06,SVC-06,Priority,55.7,2025-12-21,79,True,6,1,12,0,51,142,0
REQ-002668,LOC-10,SVC-01,Priority,14.2,2025-12-21,94,True,6,1,12,0,51,142,0
REQ-002669,LOC-08,SVC-06,Urgent,55.4,2025-12-21,31,True,6,1,12,0,51,142,0
REQ-002671,LOC-02,SVC-06,Routine,13.5,2025-12-22,168,True,0,0,12,0,52,143,0
REQ-002672,LOC-01,SVC-02,Priority,7.2,2025-12-22,72,True,0,0,12,0,52,143,0
REQ-002673,LOC-02,SVC-03,Priority,63.2,2025-12-22,72,True,0,0,12,0,52,143,0
REQ-002674,LOC-02,SVC-04,Routine,20.1,2025-12-22,168,True,0,0,12,0,52,143,0
REQ-002675,LOC-01,SVC-04,Priority,34.7,2025-12-22,72,True,0,0,12,0,52,143,0
REQ-002676,LOC-09,SVC-02,Routine,21.5,2025-12-22,218,True,0,0,12,0,52,143,0
REQ-002677,LOC-02,SVC-09,Priority,80.2,2025-12-22,72,True,0,0,12,0,52,143,0
REQ-002678,LOC-02,SVC-01,Priority,65.5,2025-12-22,72,True,0,0,12,0,52,143,0
REQ-002679,LOC-05,SVC-06,Urgent,78.3,2025-12-22,24,True,0,0,12,0,52,143,0
REQ-002680,LOC-01,SVC-01,Routine,26.2,2025-12-22,168,True,0,0,12,0,52,143,0
REQ-002681,LOC-08,SVC-08,Priority,63.5,2025-12-22,94,True,0,0,12,0,52,143,0
REQ-002683,LOC-10,SVC-05,Routine,12.7,2025-12-22,218,True,0,0,12,0,52,143,0
REQ-002684,LOC-03,SVC-07,Priority,89.8,2025-12-22,72,True,0,0,12,0,52,143,0
REQ-002685,LOC-04,SVC-06,Routine,6.1,2025-12-22,168,True,0,0,12,0,52,143,0
REQ-002686,LOC-02,SVC-05,Emergency,10.6,2025-12-22,4,False,0,0,12,0,52,143,1
REQ-002687,LOC-09,SVC-07,Urgent,24.8,2025-12-22,31,True,0,0,12,0,52,143,0
REQ-002688,LOC-04,SVC-02,Routine,80.0,2025-12-22,168,True,0,0,12,0,52,143,0
REQ-002689,LOC-02,SVC-02,Priority,46.3,2025-12-23,72,True,1,0,12,0,52,144,0
REQ-002690,LOC-10,SVC-05,Urgent,94.6,2025-12-23,31,False,1,0,12,0,52,144,1
REQ-002691,LOC-03,SVC-01,Priority,45.7,2025-12-23,72,True,1,0,12,0,52,144,0
REQ-002692,LOC-04,SVC-02,Emergency,10.6,2025-12-23,4,False,1,0,12,0,52,144,1
REQ-002693,LOC-07,SVC-09,Urgent,15.3,2025-12-23,26,True,1,0,12,0,52,144,0
REQ-002694,LOC-01,SVC-02,Urgent,61.8,2025-12-23,24,False,1,0,12,0,52,144,1
REQ-002695,LOC-08,SVC-01,Routine,36.3,2025-12-23,218,True,1,0,12,0,52,144,0
REQ-002696,LOC-01,SVC-05,Priority,39.4,2025-12-23,72,True,1,0,12,0,52,144,0
REQ-002697,LOC-03,SVC-07,Urgent,39.4,2025-12-23,24,True,1,0,12,0,52,144,0
REQ-002698,LOC-03,SVC-02,Routine,11.0,2025-12-23,168,True,1,0,12,0,52,144,0
REQ-002699,LOC-03,SVC-02,Routine,19.5,2025-12-23,168,True,1,0,12,0,52,144,0
REQ-002700,LOC-07,SVC-09,Routine,28.7,2025-12-23,185,True,1,0,12,0,52,144,0
REQ-002701,LOC-05,SVC-01,Priority,6.9,2025-12-23,72,True,1,0,12,0,52,144,0
REQ-002702,LOC-02,SVC-03,Priority,47.7,2025-12-23,72,True,1,0,12,0,52,144,0
REQ-002703,LOC-04,SVC-04,Priority,20.9,2025-12-23,72,True,1,0,12,0,52,144,0
REQ-002704,LOC-10,SVC-01,Priority,19.0,2025-12-23,94,True,1,0,12,0,52,144,0
REQ-002705,LOC-10,SVC-01,Routine,17.0,2025-12-23,218,True,1,0,12,0,52,144,0
REQ-002706,LOC-07,SVC-09,Routine,20.0,2025-12-23,185,True,1,0,12,0,52,144,0
REQ-002707,LOC-06,SVC-06,Urgent,50.3,2025-12-23,26,False,1,0,12,0,52,144,1
REQ-002708,LOC-03,SVC-05,Priority,38.0,2025-12-24,72,True,2,0,12,0,52,145,0
REQ-002709,LOC-04,SVC-01,Priority,44.3,2025-12-24,72,False,2,0,12,0,52,145,1
REQ-002711,LOC-01,SVC-05,Emergency,76.4,2025-12-24,4,False,2,0,12,0,52,145,1
REQ-002712,LOC-06,SVC-06,Priority,42.1,2025-12-24,79,True,2,0,12,0,52,145,0
REQ-002713,LOC-05,SVC-02,Routine,38.2,2025-12-24,168,True,2,0,12,0,52,145,0
REQ-002714,LOC-05,SVC-04,Routine,72.5,2025-12-24,168,True,2,0,12,0,52,145,0
REQ-002716,LOC-03,SVC-03,Routine,11.0,2025-12-24,168,True,2,0,12,0,52,145,0
REQ-002717,LOC-03,SVC-03,Routine,19.3,2025-12-24,168,True,2,0,12,0,52,145,0
REQ-002718,LOC-07,SVC-01,Emergency,66.1,2025-12-24,4,False,2,0,12,0,52,145,1
REQ-002719,LOC-08,SVC-02,Routine,16.2,2025-12-24,218,True,2,0,12,0,52,145,0
REQ-002720,LOC-09,SVC-05,Priority,30.7,2025-12-24,94,True,2,0,12,0,52,145,0
REQ-002721,LOC-10,SVC-01,Routine,16.3,2025-12-24,218,True,2,0,12,0,52,145,0
REQ-002722,LOC-05,SVC-02,Urgent,82.4,2025-12-24,24,True,2,0,12,0,52,145,0
REQ-002723,LOC-05,SVC-07,Emergency,63.2,2025-12-24,4,False,2,0,12,0,52,145,1
REQ-002724,LOC-10,SVC-05,Routine,15.2,2025-12-24,218,True,2,0,12,0,52,145,0
REQ-002725,LOC-09,SVC-07,Routine,45.1,2025-12-24,218,True,2,0,12,0,52,145,0
REQ-002726,LOC-01,SVC-07,Urgent,35.6,2025-12-24,24,True,2,0,12,0,52,145,0
REQ-002727,LOC-02,SVC-02,Priority,94.7,2025-12-24,72,True,2,0,12,0,52,145,0
REQ-002728,LOC-07,SVC-08,Routine,23.0,2025-12-24,185,True,2,0,12,0,52,145,0
REQ-002729,LOC-08,SVC-06,Urgent,58.4,2025-12-24,31,False,2,0,12,0,52,145,1
REQ-002731,LOC-02,SVC-04,Priority,43.0,2025-12-25,72,True,3,0,12,0,52,146,0
REQ-002732,LOC-03,SVC-02,Routine,15.6,2025-12-25,168,True,3,0,12,0,52,146,0
REQ-002733,LOC-02,SVC-07,Priority,85.3,2025-12-25,72,True,3,0,12,0,52,146,0
REQ-002734,LOC-05,SVC-04,Urgent,60.3,2025-12-25,24,True,3,0,12,0,52,146,0
REQ-002736,LOC-07,SVC-07,Routine,37.4,2025-12-25,185,True,3,0,12,0,52,146,0
REQ-002737,LOC-06,SVC-06,Priority,45.1,2025-12-25,79,True,3,0,12,0,52,146,0
REQ-002738,LOC-04,SVC-05,Urgent,26.2,2025-12-25,24,True,3,0,12,0,52,146,0
REQ-002739,LOC-03,SVC-01,Routine,18.6,2025-12-25,168,True,3,0,12,0,52,146,0
REQ-002740,LOC-03,SVC-05,Routine,46.0,2025-12-25,168,True,3,0,12,0,52,146,0
REQ-002741,LOC-07,SVC-01,Emergency,72.5,2025-12-25,4,False,3,0,12,0,52,146,1
REQ-002742,LOC-06,SVC-07,Routine,21.1,2025-12-25,185,True,3,0,12,0,52,146,0
REQ-002743,LOC-06,SVC-05,Priority,21.3,2025-12-25,79,True,3,0,12,0,52,146,0
REQ-002744,LOC-03,SVC-03,Priority,4.9,2025-12-25,72,True,3,0,12,0,52,146,0
REQ-002745,LOC-08,SVC-04,Urgent,41.1,2025-12-25,31,True,3,0,12,0,52,146,0
REQ-002747,LOC-07,SVC-05,Routine,19.3,2025-12-25,185,True,3,0,12,0,52,146,0
REQ-002748,LOC-03,SVC-03,Routine,17.3,2025-12-25,168,True,3,0,12,0,52,146,0
REQ-002751,LOC-10,SVC-01,Routine,37.3,2025-12-25,218,True,3,0,12,0,52,146,0
REQ-002752,LOC-02,SVC-06,Urgent,66.7,2025-12-25,24,True,3,0,12,0,52,146,0
REQ-002753,LOC-02,SVC-08,Urgent,57.6,2025-12-26,24,True,4,0,12,0,52,147,0
REQ-002754,LOC-01,SVC-04,Routine,34.7,2025-12-26,168,True,4,0,12,0,52,147,0
REQ-002756,LOC-10,SVC-01,Routine,23.9,2025-12-26,218,True,4,0,12,0,52,147,0
REQ-002757,LOC-09,SVC-07,Urgent,28.0,2025-12-26,31,True,4,0,12,0,52,147,0
REQ-002758,LOC-05,SVC-08,Urgent,66.4,2025-12-26,24,True,4,0,12,0,52,147,0
REQ-002759,LOC-04,SVC-04,Priority,44.8,2025-12-26,72,True,4,0,12,0,52,147,0
REQ-002761,LOC-07,SVC-02,Routine,10.0,2025-12-26,185,True,4,0,12,0,52,147,0
REQ-002762,LOC-08,SVC-06,Emergency,62.8,2025-12-26,5,True,4,0,12,0,52,147,0
REQ-002763,LOC-08,SVC-07,Routine,11.2,2025-12-26,218,True,4,0,12,0,52,147,0
REQ-002764,LOC-02,SVC-07,Urgent,85.3,2025-12-26,24,True,4,0,12,0,52,147,0
REQ-002765,LOC-01,SVC-07,Routine,43.7,2025-12-26,168,True,4,0,12,0,52,147,0
REQ-002767,LOC-04,SVC-09,Priority,71.2,2025-12-26,72,True,4,0,12,0,52,147,0
REQ-002768,LOC-03,SVC-02,Routine,36.3,2025-12-26,168,True,4,0,12,0,52,147,0
REQ-002769,LOC-10,SVC-01,Routine,35.8,2025-12-26,218,True,4,0,12,0,52,147,0
REQ-002770,LOC-06,SVC-09,Routine,4.4,2025-12-26,185,True,4,0,12,0,52,147,0
REQ-002771,LOC-02,SVC-08,Priority,77.1,2025-12-26,72,True,4,0,12,0,52,147,0
REQ-002772,LOC-07,SVC-07,Routine,19.6,2025-12-26,185,True,4,0,12,0,52,147,0
REQ-002773,LOC-10,SVC-03,Urgent,41.8,2025-12-26,31,True,4,0,12,0,52,147,0
REQ-002774,LOC-10,SVC-06,Priority,66.6,2025-12-26,94,True,4,0,12,0,52,147,0
REQ-002775,LOC-06,SVC-06,Routine,25.8,2025-12-27,185,True,5,1,12,0,52,148,0
REQ-002777,LOC-02,SVC-05,Urgent,45.7,2025-12-27,24,True,5,1,12,0,52,148,0
REQ-002778,LOC-03,SVC-01,Routine,12.9,2025-12-27,168,True,5,1,12,0,52,148,0
REQ-002779,LOC-01,SVC-09,Routine,19.7,2025-12-27,168,True,5,1,12,0,52,148,0
REQ-002780,LOC-01,SVC-05,Routine,50.8,2025-12-27,168,True,5,1,12,0,52,148,0
REQ-002781,LOC-08,SVC-07,Urgent,49.8,2025-12-27,31,True,5,1,12,0,52,148,0
REQ-002782,LOC-06,SVC-01,Routine,10.3,2025-12-27,185,True,5,1,12,0,52,148,0
REQ-002783,LOC-09,SVC-03,Urgent,44.7,2025-12-27,31,True,5,1,12,0,52,148,0
REQ-002784,LOC-04,SVC-01,Urgent,70.4,2025-12-27,24,True,5,1,12,0,52,148,0
REQ-002785,LOC-05,SVC-01,Urgent,90.9,2025-12-27,24,True,5,1,12,0,52,148,0
REQ-002786,LOC-08,SVC-06,Urgent,64.5,2025-12-27,31,True,5,1,12,0,52,148,0
REQ-002787,LOC-01,SVC-01,Priority,33.4,2025-12-28,72,True,6,1,12,0,52,149,0
REQ-002788,LOC-05,SVC-08,Priority,63.2,2025-12-28,72,True,6,1,12,0,52,149,0
REQ-002789,LOC-01,SVC-06,Priority,63.2,2025-12-28,72,True,6,1,12,0,52,149,0
REQ-002790,LOC-09,SVC-01,Routine,11.1,2025-12-28,218,True,6,1,12,0,52,149,0
REQ-002791,LOC-08,SVC-03,Priority,41.8,2025-12-28,94,True,6,1,12,0,52,149,0
REQ-002792,LOC-10,SVC-06,Priority,36.3,2025-12-28,94,True,6,1,12,0,52,149,0
REQ-002793,LOC-08,SVC-05,Routine,5.7,2025-12-28,218,True,6,1,12,0,52,149,0
REQ-002794,LOC-10,SVC-01,Routine,70.3,2025-12-28,218,True,6,1,12,0,52,149,0
REQ-002795,LOC-03,SVC-02,Priority,38.8,2025-12-28,72,True,6,1,12,0,52,149,0
REQ-002796,LOC-08,SVC-02,Priority,32.6,2025-12-28,94,True,6,1,12,0,52,149,0
REQ-002797,LOC-07,SVC-06,Routine,17.4,2025-12-28,185,True,6,1,12,0,52,149,0
REQ-002798,LOC-04,SVC-04,Urgent,56.6,2025-12-28,24,False,6,1,12,0,52,149,1
REQ-002799,LOC-05,SVC-06,Urgent,37.9,2025-12-29,24,False,0,0,12,0,1,150,1
REQ-002800,LOC-04,SVC-01,Priority,39.3,2025-12-29,72,True,0,0,12,0,1,150,0
REQ-002801,LOC-01,SVC-01,Priority,65.6,2025-12-29,72,True,0,0,12,0,1,150,0
REQ-002802,LOC-10,SVC-06,Priority,89.3,2025-12-29,94,True,0,0,12,0,1,150,0
REQ-002803,LOC-10,SVC-01,Urgent,60.0,2025-12-29,31,True,0,0,12,0,1,150,0
REQ-002804,LOC-04,SVC-04,Priority,36.3,2025-12-29,72,True,0,0,12,0,1,150,0
REQ-002805,LOC-09,SVC-03,Routine,36.4,2025-12-29,218,True,0,0,12,0,1,150,0
REQ-002806,LOC-04,SVC-05,Routine,10.3,2025-12-29,168,True,0,0,12,0,1,150,0
REQ-002807,LOC-01,SVC-05,Routine,34.5,2025-12-29,168,True,0,0,12,0,1,150,0
REQ-002808,LOC-10,SVC-01,Routine,36.3,2025-12-29,218,True,0,0,12,0,1,150,0
REQ-002809,LOC-10,SVC-09,Emergency,59.2,2025-12-29,5,True,0,0,12,0,1,150,0
REQ-002810,LOC-07,SVC-06,Priority,36.3,2025-12-29,79,True,0,0,12,0,1,150,0
REQ-002811,LOC-03,SVC-09,Routine,10.3,2025-12-29,168,True,0,0,12,0,1,150,0
REQ-002812,LOC-06,SVC-05,Priority,61.0,2025-12-29,79,True,0,0,12,0,1,150,0
REQ-002813,LOC-04,SVC-03,Urgent,79.0,2025-12-29,24,True,0,0,12,0,1,150,0
REQ-002814,LOC-02,SVC-06,Priority,46.4,2025-12-29,72,True,0,0,12,0,1,150,0
REQ-002815,LOC-10,SVC-08,Routine,24.5,2025-12-29,218,True,0,0,12,0,1,150,0
REQ-002817,LOC-07,SVC-06,Routine,36.1,2025-12-29,185,True,0,0,12,0,1,150,0
REQ-002819,LOC-08,SVC-05,Priority,22.2,2025-12-30,94,True,1,0,12,0,1,151,0
REQ-002820,LOC-03,SVC-05,Emergency,91.1,2025-12-30,4,False,1,0,12,0,1,151,1
REQ-002821,LOC-06,SVC-08,Priority,7.6,2025-12-30,79,True,1,0,12,0,1,151,0
REQ-002823,LOC-07,SVC-02,Routine,77.8,2025-12-30,185,True,1,0,12,0,1,151,0
REQ-002824,LOC-04,SVC-09,Routine,21.8,2025-12-30,168,True,1,0,12,0,1,151,0
REQ-002825,LOC-02,SVC-05,Routine,6.8,2025-12-30,168,True,1,0,12,0,1,151,0
REQ-002826,LOC-09,SVC-02,Routine,41.4,2025-12-30,218,True,1,0,12,0,1,151,0
REQ-002827,LOC-02,SVC-04,Priority,86.1,2025-12-30,72,True,1,0,12,0,1,151,0
REQ-002828,LOC-08,SVC-04,Routine,4.6,2025-12-30,218,True,1,0,12,0,1,151,0
REQ-002829,LOC-06,SVC-02,Urgent,46.9,2025-12-30,26,False,1,0,12,0,1,151,1
REQ-002830,LOC-02,SVC-03,Emergency,92.8,2025-12-30,4,False,1,0,12,0,1,151,1
REQ-002831,LOC-10,SVC-04,Routine,88.9,2025-12-30,218,True,1,0,12,0,1,151,0
REQ-002832,LOC-01,SVC-09,Routine,12.7,2025-12-30,168,True,1,0,12,0,1,151,0
REQ-002834,LOC-09,SVC-07,Emergency,84.1,2025-12-30,5,False,1,0,12,0,1,151,1
REQ-002835,LOC-09,SVC-05,Routine,62.0,2025-12-30,218,True,1,0,12,0,1,151,0
REQ-002836,LOC-06,SVC-04,Routine,43.9,2025-12-30,185,True,1,0,12,0,1,151,0
REQ-002837,LOC-08,SVC-01,Urgent,84.7,2025-12-30,31,False,1,0,12,0,1,151,1
REQ-002838,LOC-10,SVC-01,Priority,79.5,2025-12-30,94,True,1,0,12,0,1,151,0
REQ-002839,LOC-07,SVC-01,Routine,39.6,2025-12-30,185,True,1,0,12,0,1,151,0
REQ-002840,LOC-03,SVC-05,Routine,48.5,2025-12-30,168,True,1,0,12,0,1,151,0
REQ-002841,LOC-02,SVC-03,Urgent,87.3,2025-12-30,24,False,1,0,12,0,1,151,1
REQ-002842,LOC-06,SVC-05,Routine,13.5,2025-12-30,185,True,1,0,12,0,1,151,0
REQ-002843,LOC-07,SVC-05,Urgent,18.1,2025-12-30,26,False,1,0,12,0,1,151,1
REQ-002844,LOC-04,SVC-01,Priority,13.0,2025-12-30,72,True,1,0,12,0,1,151,0
REQ-002845,LOC-02,SVC-01,Routine,17.4,2025-12-30,168,True,1,0,12,0,1,151,0
REQ-002846,LOC-07,SVC-04,Routine,5.0,2025-12-30,185,True,1,0,12,0,1,151,0
REQ-002847,LOC-06,SVC-06,Routine,48.2,2025-12-31,185,True,2,0,12,0,1,152,0
REQ-002848,LOC-05,SVC-02,Routine,61.5,2025-12-31,168,True,2,0,12,0,1,152,0
REQ-002849,LOC-06,SVC-02,Priority,42.0,2025-12-31,79,True,2,0,12,0,1,152,0
REQ-002850,LOC-10,SVC-03,Routine,26.9,2025-12-31,218,True,2,0,12,0,1,152,0
REQ-002851,LOC-04,SVC-04,Urgent,64.5,2025-12-31,24,True,2,0,12,0,1,152,0
REQ-002852,LOC-10,SVC-02,Routine,24.5,2025-12-31,218,True,2,0,12,0,1,152,0
REQ-002853,LOC-06,SVC-05,Routine,19.3,2025-12-31,185,True,2,0,12,0,1,152,0
REQ-002854,LOC-07,SVC-07,Routine,25.1,2025-12-31,185,True,2,0,12,0,1,152,0
REQ-002855,LOC-01,SVC-03,Routine,33.9,2025-12-31,168,True,2,0,12,0,1,152,0
REQ-002856,LOC-05,SVC-05,Routine,46.2,2025-12-31,168,True,2,0,12,0,1,152,0
REQ-002857,LOC-10,SVC-03,Priority,66.7,2025-12-31,94,True,2,0,12,0,1,152,0
REQ-002858,LOC-08,SVC-02,Emergency,35.6,2025-12-31,5,True,2,0,12,0,1,152,0
REQ-002859,LOC-05,SVC-03,Urgent,36.9,2025-12-31,24,False,2,0,12,0,1,152,1
REQ-002861,LOC-01,SVC-01,Routine,5.9,2025-12-31,168,True,2,0,12,0,1,152,0
REQ-002862,LOC-01,SVC-07,Routine,42.5,2025-12-31,168,True,2,0,12,0,1,152,0
REQ-002863,LOC-07,SVC-03,Routine,21.5,2025-12-31,185,True,2,0,12,0,1,152,0
REQ-002864,LOC-06,SVC-07,Routine,33.0,2025-12-31,185,True,2,0,12,0,1,152,0
REQ-002865,LOC-10,SVC-03,Priority,55.7,2025-12-31,94,True,2,0,12,0,1,152,0
REQ-002866,LOC-07,SVC-01,Routine,12.1,2025-12-31,185,True,2,0,12,0,1,152,0
REQ-002868,LOC-05,SVC-04,Emergency,47.0,2025-12-31,4,True,2,0,12,0,1,152,0
REQ-002869,LOC-09,SVC-05,Priority,39.6,2025-12-31,94,True,2,0,12,0,1,152,0
REQ-002870,LOC-05,SVC-07,Routine,40.5,2026-01-01,168,True,3,0,1,0,1,153,0
REQ-002871,LOC-01,SVC-05,Urgent,42.4,2026-01-01,24,True,3,0,1,0,1,153,0
REQ-002872,LOC-06,SVC-07,Routine,13.0,2026-01-01,185,True,3,0,1,0,1,153,0
REQ-002873,LOC-02,SVC-09,Priority,58.2,2026-01-01,72,True,3,0,1,0,1,153,0
REQ-002874,LOC-09,SVC-07,Routine,15.1,2026-01-01,218,True,3,0,1,0,1,153,0
REQ-002875,LOC-05,SVC-08,Routine,27.2,2026-01-01,168,True,3,0,1,0,1,153,0
REQ-002876,LOC-02,SVC-09,Routine,15.8,2026-01-01,168,True,3,0,1,0,1,153,0
REQ-002877,LOC-04,SVC-07,Urgent,30.1,2026-01-01,24,True,3,0,1,0,1,153,0
REQ-002878,LOC-01,SVC-02,Priority,39.0,2026-01-01,72,True,3,0,1,0,1,153,0
REQ-002879,LOC-07,SVC-09,Routine,19.7,2026-01-01,185,True,3,0,1,0,1,153,0
REQ-002880,LOC-03,SVC-06,Urgent,37.5,2026-01-01,24,True,3,0,1,0,1,153,0
REQ-002881,LOC-03,SVC-05,Routine,36.0,2026-01-01,168,True,3,0,1,0,1,153,0
REQ-002882,LOC-06,SVC-09,Routine,9.2,2026-01-01,185,True,3,0,1,0,1,153,0
REQ-002883,LOC-01,SVC-03,Routine,24.2,2026-01-01,168,True,3,0,1,0,1,153,0
REQ-002884,LOC-03,SVC-03,Priority,21.5,2026-01-01,72,True,3,0,1,0,1,153,0
REQ-002885,LOC-09,SVC-07,Priority,18.1,2026-01-01,94,True,3,0,1,0,1,153,0
REQ-002886,LOC-02,SVC-01,Urgent,14.8,2026-01-01,24,True,3,0,1,0,1,153,0
REQ-002887,LOC-10,SVC-06,Priority,87.9,2026-01-01,94,True,3,0,1,0,1,153,0
REQ-002888,LOC-07,SVC-02,Priority,7.1,2026-01-02,79,True,4,0,1,0,1,154,0
REQ-002889,LOC-09,SVC-05,Routine,64.7,2026-01-02,218,True,4,0,1,0,1,154,0
REQ-002891,LOC-09,SVC-02,Priority,19.6,2026-01-02,94,True,4,0,1,0,1,154,0
REQ-002892,LOC-05,SVC-05,Routine,43.1,2026-01-02,168,True,4,0,1,0,1,154,0
REQ-002893,LOC-08,SVC-04,Emergency,40.4,2026-01-02,5,False,4,0,1,0,1,154,1
REQ-002894,LOC-06,SVC-02,Urgent,36.3,2026-01-02,26,False,4,0,1,0,1,154,1
REQ-002895,LOC-03,SVC-02,Routine,17.2,2026-01-02,168,True,4,0,1,0,1,154,0
REQ-002896,LOC-10,SVC-05,Priority,21.7,2026-01-02,94,True,4,0,1,0,1,154,0
REQ-002897,LOC-02,SVC-02,Routine,12.4,2026-01-02,168,True,4,0,1,0,1,154,0
REQ-002898,LOC-05,SVC-04,Routine,60.0,2026-01-02,168,True,4,0,1,0,1,154,0
REQ-002899,LOC-06,SVC-07,Urgent,18.6,2026-01-02,26,False,4,0,1,0,1,154,1
REQ-002900,LOC-05,SVC-02,Routine,39.8,2026-01-02,168,True,4,0,1,0,1,154,0
REQ-002901,LOC-08,SVC-06,Routine,37.0,2026-01-02,218,True,4,0,1,0,1,154,0
REQ-002902,LOC-06,SVC-02,Routine,21.5,2026-01-02,185,True,4,0,1,0,1,154,0
REQ-002903,LOC-08,SVC-05,Priority,22.8,2026-01-02,94,True,4,0,1,0,1,154,0
REQ-002904,LOC-03,SVC-07,Priority,36.1,2026-01-02,72,True,4,0,1,0,1,154,0
REQ-002905,LOC-08,SVC-03,Routine,20.2,2026-01-02,218,True,4,0,1,0,1,154,0
REQ-002906,LOC-10,SVC-05,Routine,8.0,2026-01-02,218,True,4,0,1,0,1,154,0
REQ-002907,LOC-06,SVC-09,Routine,15.5,2026-01-02,185,True,4,0,1,0,1,154,0
REQ-002908,LOC-10,SVC-04,Urgent,83.6,2026-01-02,31,False,4,0,1,0,1,154,1
REQ-002909,LOC-04,SVC-02,Urgent,36.5,2026-01-02,24,True,4,0,1,0,1,154,0
REQ-002910,LOC-03,SVC-06,Priority,36.0,2026-01-02,72,True,4,0,1,0,1,154,0
REQ-002911,LOC-05,SVC-03,Priority,60.6,2026-01-02,72,True,4,0,1,0,1,154,0
REQ-002912,LOC-07,SVC-01,Priority,40.7,2026-01-03,79,True,5,1,1,0,1,155,0
REQ-002914,LOC-04,SVC-03,Routine,11.4,2026-01-03,168,True,5,1,1,0,1,155,0
REQ-002915,LOC-07,SVC-04,Urgent,68.8,2026-01-03,26,False,5,1,1,0,1,155,1
REQ-002917,LOC-06,SVC-01,Routine,71.1,2026-01-03,185,True,5,1,1,0,1,155,0
REQ-002918,LOC-08,SVC-05,Routine,12.1,2026-01-03,218,True,5,1,1,0,1,155,0
REQ-002920,LOC-10,SVC-02,Routine,20.6,2026-01-03,218,True,5,1,1,0,1,155,0
REQ-002921,LOC-06,SVC-04,Routine,8.5,2026-01-03,185,True,5,1,1,0,1,155,0
REQ-002922,LOC-05,SVC-07,Urgent,59.8,2026-01-03,24,True,5,1,1,0,1,155,0
REQ-002923,LOC-10,SVC-02,Priority,36.3,2026-01-04,94,True,6,1,1,0,1,156,0
REQ-002924,LOC-07,SVC-01,Routine,55.6,2026-01-04,185,True,6,1,1,0,1,156,0
REQ-002925,LOC-03,SVC-05,Emergency,89.4,2026-01-04,4,False,6,1,1,0,1,156,1
REQ-002927,LOC-02,SVC-05,Urgent,43.5,2026-01-04,24,True,6,1,1,0,1,156,0
REQ-002928,LOC-10,SVC-06,Routine,11.6,2026-01-05,218,True,0,0,1,0,2,157,0
REQ-002929,LOC-04,SVC-05,Routine,32.2,2026-01-05,168,True,0,0,1,0,2,157,0
REQ-002930,LOC-07,SVC-05,Urgent,37.3,2026-01-05,26,False,0,0,1,0,2,157,1
REQ-002931,LOC-10,SVC-03,Routine,13.2,2026-01-05,218,True,0,0,1,0,2,157,0
REQ-002932,LOC-07,SVC-06,Priority,99.0,2026-01-05,79,True,0,0,1,0,2,157,0
REQ-002933,LOC-05,SVC-01,Routine,18.6,2026-01-05,168,True,0,0,1,0,2,157,0
REQ-002934,LOC-06,SVC-01,Routine,61.9,2026-01-05,185,True,0,0,1,0,2,157,0
REQ-002935,LOC-06,SVC-07,Routine,15.1,2026-01-05,185,True,0,0,1,0,2,157,0
REQ-002936,LOC-03,SVC-01,Routine,12.6,2026-01-05,168,True,0,0,1,0,2,157,0
REQ-002937,LOC-03,SVC-01,Urgent,43.0,2026-01-05,24,True,0,0,1,0,2,157,0
REQ-002939,LOC-07,SVC-01,Routine,15.8,2026-01-05,185,True,0,0,1,0,2,157,0
REQ-002940,LOC-07,SVC-01,Routine,5.2,2026-01-05,185,True,0,0,1,0,2,157,0
REQ-002941,LOC-07,SVC-01,Routine,19.2,2026-01-05,185,True,0,0,1,0,2,157,0
REQ-002943,LOC-02,SVC-01,Urgent,80.6,2026-01-05,24,True,0,0,1,0,2,157,0
REQ-002944,LOC-10,SVC-07,Urgent,25.6,2026-01-05,31,True,0,0,1,0,2,157,0
REQ-002945,LOC-03,SVC-08,Priority,36.3,2026-01-05,72,True,0,0,1,0,2,157,0
REQ-002946,LOC-01,SVC-02,Priority,1.0,2026-01-05,72,True,0,0,1,0,2,157,0
REQ-002947,LOC-05,SVC-03,Priority,29.9,2026-01-05,72,True,0,0,1,0,2,157,0
REQ-002948,LOC-09,SVC-04,Urgent,83.3,2026-01-05,31,False,0,0,1,0,2,157,1
REQ-002949,LOC-08,SVC-03,Routine,44.5,2026-01-05,218,True,0,0,1,0,2,157,0
REQ-002951,LOC-07,SVC-06,Routine,36.3,2026-01-05,185,True,0,0,1,0,2,157,0
REQ-002952,LOC-01,SVC-01,Urgent,83.1,2026-01-05,24,True,0,0,1,0,2,157,0
REQ-002953,LOC-02,SVC-06,Routine,39.2,2026-01-06,168,True,1,0,1,0,2,158,0
REQ-002954,LOC-05,SVC-02,Priority,64.6,2026-01-06,72,True,1,0,1,0,2,158,0
REQ-002955,LOC-02,SVC-01,Routine,85.2,2026-01-06,168,True,1,0,1,0,2,158,0
REQ-002956,LOC-07,SVC-02,Urgent,84.9,2026-01-06,26,True,1,0,1,0,2,158,0
REQ-002957,LOC-08,SVC-03,Priority,10.0,2026-01-06,94,True,1,0,1,0,2,158,0
REQ-002959,LOC-07,SVC-01,Routine,8.8,2026-01-06,185,True,1,0,1,0,2,158,0
REQ-002960,LOC-06,SVC-03,Routine,16.9,2026-01-06,185,True,1,0,1,0,2,158,0
REQ-002961,LOC-08,SVC-06,Priority,34.7,2026-01-06,94,True,1,0,1,0,2,158,0
REQ-002962,LOC-08,SVC-01,Routine,65.7,2026-01-06,218,True,1,0,1,0,2,158,0
REQ-002963,LOC-07,SVC-01,Priority,40.4,2026-01-06,79,True,1,0,1,0,2,158,0
REQ-002964,LOC-09,SVC-06,Routine,6.8,2026-01-06,218,True,1,0,1,0,2,158,0
REQ-002965,LOC-08,SVC-09,Routine,11.3,2026-01-06,218,True,1,0,1,0,2,158,0
REQ-002966,LOC-07,SVC-01,Routine,35.9,2026-01-06,185,True,1,0,1,0,2,158,0
REQ-002968,LOC-06,SVC-05,Priority,56.8,2026-01-06,79,True,1,0,1,0,2,158,0
REQ-002969,LOC-01,SVC-05,Routine,37.1,2026-01-06,168,True,1,0,1,0,2,158,0
REQ-002970,LOC-05,SVC-04,Urgent,18.5,2026-01-06,24,True,1,0,1,0,2,158,0
REQ-002971,LOC-03,SVC-09,Routine,12.6,2026-01-06,168,True,1,0,1,0,2,158,0
REQ-002973,LOC-02,SVC-03,Urgent,83.0,2026-01-07,24,False,2,0,1,0,2,159,1
REQ-002974,LOC-02,SVC-01,Routine,36.8,2026-01-07,168,True,2,0,1,0,2,159,0
REQ-002975,LOC-07,SVC-08,Priority,27.6,2026-01-07,79,True,2,0,1,0,2,159,0
REQ-002976,LOC-08,SVC-01,Emergency,43.6,2026-01-07,5,False,2,0,1,0,2,159,1
REQ-002977,LOC-08,SVC-01,Routine,41.1,2026-01-07,218,True,2,0,1,0,2,159,0
REQ-002978,LOC-03,SVC-05,Routine,37.6,2026-01-07,168,True,2,0,1,0,2,159,0
REQ-002979,LOC-07,SVC-07,Urgent,41.9,2026-01-07,26,True,2,0,1,0,2,159,0
REQ-002980,LOC-09,SVC-02,Routine,60.9,2026-01-07,218,True,2,0,1,0,2,159,0
REQ-002981,LOC-04,SVC-05,Urgent,13.9,2026-01-07,24,True,2,0,1,0,2,159,0
REQ-002982,LOC-10,SVC-05,Routine,17.0,2026-01-07,218,True,2,0,1,0,2,159,0
REQ-002983,LOC-04,SVC-03,Priority,64.1,2026-01-07,72,True,2,0,1,0,2,159,0
REQ-002984,LOC-08,SVC-05,Routine,18.1,2026-01-07,218,True,2,0,1,0,2,159,0
REQ-002985,LOC-03,SVC-02,Priority,40.8,2026-01-07,72,True,2,0,1,0,2,159,0
REQ-002987,LOC-03,SVC-02,Routine,18.6,2026-01-07,168,True,2,0,1,0,2,159,0
REQ-002988,LOC-08,SVC-09,Urgent,38.0,2026-01-07,31,True,2,0,1,0,2,159,0
REQ-002989,LOC-08,SVC-09,Urgent,41.0,2026-01-07,31,True,2,0,1,0,2,159,0
REQ-002990,LOC-09,SVC-06,Routine,63.2,2026-01-07,218,True,2,0,1,0,2,159,0
REQ-002991,LOC-02,SVC-02,Routine,54.2,2026-01-08,168,True,3,0,1,0,2,160,0
REQ-002992,LOC-08,SVC-04,Routine,5.3,2026-01-08,218,True,3,0,1,0,2,160,0
REQ-002993,LOC-07,SVC-01,Routine,44.7,2026-01-08,185,True,3,0,1,0,2,160,0
REQ-002994,LOC-08,SVC-03,Routine,10.8,2026-01-08,218,True,3,0,1,0,2,160,0
REQ-002995,LOC-08,SVC-08,Priority,46.1,2026-01-08,94,True,3,0,1,0,2,160,0
REQ-002996,LOC-06,SVC-03,Priority,43.3,2026-01-08,79,True,3,0,1,0,2,160,0
REQ-002997,LOC-03,SVC-02,Routine,26.5,2026-01-08,168,True,3,0,1,0,2,160,0
REQ-002998,LOC-01,SVC-06,Routine,69.9,2026-01-08,168,True,3,0,1,0,2,160,0
REQ-002999,LOC-07,SVC-01,Priority,8.6,2026-01-08,79,True,3,0,1,0,2,160,0
REQ-003000,LOC-09,SVC-06,Priority,74.7,2026-01-08,94,True,3,0,1,0,2,160,0
REQ-003001,LOC-03,SVC-05,Routine,10.6,2026-01-08,168,True,3,0,1,0,2,160,0
REQ-003003,LOC-03,SVC-04,Routine,9.8,2026-01-08,168,True,3,0,1,0,2,160,0
REQ-003004,LOC-06,SVC-06,Routine,40.7,2026-01-08,185,True,3,0,1,0,2,160,0
REQ-003005,LOC-06,SVC-01,Urgent,74.1,2026-01-08,26,False,3,0,1,0,2,160,1
REQ-003006,LOC-03,SVC-08,Urgent,79.0,2026-01-08,24,False,3,0,1,0,2,160,1
REQ-003007,LOC-02,SVC-09,Routine,57.4,2026-01-08,168,True,3,0,1,0,2,160,0
REQ-003008,LOC-07,SVC-09,Routine,31.9,2026-01-08,185,True,3,0,1,0,2,160,0
REQ-003009,LOC-03,SVC-01,Priority,41.5,2026-01-08,72,True,3,0,1,0,2,160,0
REQ-003010,LOC-03,SVC-05,Routine,20.9,2026-01-08,168,True,3,0,1,0,2,160,0
REQ-003011,LOC-05,SVC-02,Priority,14.6,2026-01-08,72,True,3,0,1,0,2,160,0
REQ-003012,LOC-06,SVC-04,Routine,6.1,2026-01-08,185,True,3,0,1,0,2,160,0
REQ-003013,LOC-03,SVC-03,Urgent,82.6,2026-01-08,24,True,3,0,1,0,2,160,0
REQ-003014,LOC-01,SVC-05,Emergency,65.7,2026-01-08,4,False,3,0,1,0,2,160,1
REQ-003015,LOC-09,SVC-01,Priority,34.4,2026-01-08,94,True,3,0,1,0,2,160,0
REQ-003016,LOC-05,SVC-05,Routine,64.2,2026-01-08,168,True,3,0,1,0,2,160,0
REQ-003017,LOC-04,SVC-05,Urgent,70.5,2026-01-08,24,False,3,0,1,0,2,160,1
REQ-003018,LOC-02,SVC-02,Priority,30.9,2026-01-09,72,True,4,0,1,0,2,161,0
REQ-003019,LOC-09,SVC-06,Priority,38.7,2026-01-09,94,True,4,0,1,0,2,161,0
REQ-003020,LOC-06,SVC-02,Routine,10.4,2026-01-09,185,True,4,0,1,0,2,161,0
REQ-003021,LOC-02,SVC-04,Priority,65.3,2026-01-09,72,True,4,0,1,0,2,161,0
REQ-003022,LOC-06,SVC-07,Urgent,28.7,2026-01-09,26,True,4,0,1,0,2,161,0
REQ-003024,LOC-07,SVC-02,Routine,37.2,2026-01-09,185,True,4,0,1,0,2,161,0
REQ-003025,LOC-09,SVC-07,Routine,32.2,2026-01-09,218,True,4,0,1,0,2,161,0
REQ-003026,LOC-02,SVC-01,Routine,30.7,2026-01-09,168,True,4,0,1,0,2,161,0
REQ-003027,LOC-06,SVC-06,Urgent,37.0,2026-01-09,26,True,4,0,1,0,2,161,0
REQ-003028,LOC-05,SVC-01,Routine,27.9,2026-01-09,168,True,4,0,1,0,2,161,0
REQ-003029,LOC-01,SVC-06,Routine,41.3,2026-01-09,168,True,4,0,1,0,2,161,0
REQ-003030,LOC-07,SVC-05,Priority,47.7,2026-01-09,79,True,4,0,1,0,2,161,0
REQ-003031,LOC-07,SVC-08,Routine,35.5,2026-01-09,185,True,4,0,1,0,2,161,0
REQ-003032,LOC-01,SVC-05,Urgent,77.5,2026-01-10,24,True,5,1,1,0,2,162,0
REQ-003034,LOC-03,SVC-02,Priority,42.4,2026-01-10,72,True,5,1,1,0,2,162,0
REQ-003035,LOC-08,SVC-06,Routine,34.5,2026-01-10,218,True,5,1,1,0,2,162,0
REQ-003036,LOC-06,SVC-04,Urgent,87.9,2026-01-10,26,False,5,1,1,0,2,162,1
REQ-003037,LOC-10,SVC-02,Priority,37.1,2026-01-10,94,True,5,1,1,0,2,162,0
REQ-003038,LOC-06,SVC-07,Routine,36.3,2026-01-10,185,True,5,1,1,0,2,162,0
REQ-003039,LOC-05,SVC-07,Routine,71.2,2026-01-10,168,True,5,1,1,0,2,162,0
REQ-003040,LOC-10,SVC-08,Routine,40.3,2026-01-10,218,True,5,1,1,0,2,162,0
REQ-003041,LOC-01,SVC-03,Urgent,30.2,2026-01-10,24,False,5,1,1,0,2,162,1
REQ-003042,LOC-02,SVC-05,Routine,8.6,2026-01-10,168,True,5,1,1,0,2,162,0
REQ-003043,LOC-04,SVC-02,Routine,12.1,2026-01-10,168,True,5,1,1,0,2,162,0
REQ-003045,LOC-07,SVC-03,Routine,34.5,2026-01-10,185,True,5,1,1,0,2,162,0
REQ-003046,LOC-08,SVC-01,Priority,17.6,2026-01-10,94,True,5,1,1,0,2,162,0
REQ-003048,LOC-07,SVC-01,Priority,59.1,2026-01-11,79,True,6,1,1,0,2,163,0
REQ-003049,LOC-09,SVC-09,Routine,13.4,2026-01-11,218,True,6,1,1,0,2,163,0
REQ-003051,LOC-04,SVC-07,Routine,38.1,2026-01-11,168,True,6,1,1,0,2,163,0
REQ-003052,LOC-01,SVC-01,Routine,34.5,2026-01-11,168,True,6,1,1,0,2,163,0
REQ-003053,LOC-10,SVC-01,Routine,56.1,2026-01-11,218,True,6,1,1,0,2,163,0
REQ-003054,LOC-09,SVC-05,Routine,60.8,2026-01-11,218,True,6,1,1,0,2,163,0
REQ-003055,LOC-01,SVC-05,Routine,3.7,2026-01-11,168,True,6,1,1,0,2,163,0
REQ-003056,LOC-10,SVC-07,Routine,16.0,2026-01-11,218,True,6,1,1,0,2,163,0
REQ-003057,LOC-01,SVC-03,Routine,36.3,2026-01-11,168,True,6,1,1,0,2,163,0
REQ-003058,LOC-03,SVC-05,Routine,57.6,2026-01-11,168,True,6,1,1,0,2,163,0
REQ-003059,LOC-07,SVC-03,Routine,12.6,2026-01-11,185,True,6,1,1,0,2,163,0
REQ-003060,LOC-05,SVC-07,Routine,63.0,2026-01-12,168,True,0,0,1,0,3,164,0
REQ-003061,LOC-03,SVC-06,Routine,51.5,2026-01-12,168,True,0,0,1,0,3,164,0
REQ-003062,LOC-06,SVC-02,Priority,61.1,2026-01-12,79,True,0,0,1,0,3,164,0
REQ-003063,LOC-06,SVC-05,Urgent,58.1,2026-01-12,26,True,0,0,1,0,3,164,0
REQ-003064,LOC-03,SVC-05,Routine,22.8,2026-01-12,168,True,0,0,1,0,3,164,0
REQ-003065,LOC-07,SVC-01,Routine,68.9,2026-01-12,185,True,0,0,1,0,3,164,0
REQ-003066,LOC-03,SVC-08,Urgent,52.5,2026-01-12,24,True,0,0,1,0,3,164,0
REQ-003067,LOC-06,SVC-03,Routine,35.0,2026-01-12,185,True,0,0,1,0,3,164,0
REQ-003068,LOC-10,SVC-05,Routine,49.2,2026-01-12,218,True,0,0,1,0,3,164,0
REQ-003069,LOC-05,SVC-03,Routine,37.9,2026-01-12,168,True,0,0,1,0,3,164,0
REQ-003070,LOC-02,SVC-07,Routine,21.3,2026-01-12,168,True,0,0,1,0,3,164,0
REQ-003071,LOC-08,SVC-09,Routine,5.0,2026-01-12,218,True,0,0,1,0,3,164,0
REQ-003072,LOC-09,SVC-01,Priority,14.1,2026-01-12,94,True,0,0,1,0,3,164,0
REQ-003073,LOC-10,SVC-01,Routine,63.3,2026-01-12,218,True,0,0,1,0,3,164,0
REQ-003074,LOC-02,SVC-05,Priority,18.1,2026-01-12,72,True,0,0,1,0,3,164,0
REQ-003075,LOC-08,SVC-09,Urgent,21.6,2026-01-12,31,True,0,0,1,0,3,164,0
REQ-003076,LOC-08,SVC-04,Routine,11.1,2026-01-12,218,True,0,0,1,0,3,164,0
REQ-003077,LOC-10,SVC-08,Priority,79.3,2026-01-12,94,True,0,0,1,0,3,164,0
REQ-003078,LOC-07,SVC-06,Emergency,39.5,2026-01-12,4,False,0,0,1,0,3,164,1
REQ-003079,LOC-06,SVC-09,Urgent,65.7,2026-01-13,26,False,1,0,1,0,3,165,1
REQ-003080,LOC-07,SVC-01,Priority,12.5,2026-01-13,79,True,1,0,1,0,3,165,0
REQ-003081,LOC-06,SVC-06,Priority,30.4,2026-01-13,79,True,1,0,1,0,3,165,0
REQ-003082,LOC-08,SVC-08,Urgent,40.1,2026-01-13,31,True,1,0,1,0,3,165,0
REQ-003083,LOC-09,SVC-01,Urgent,31.3,2026-01-13,31,True,1,0,1,0,3,165,0
REQ-003084,LOC-09,SVC-01,Priority,70.7,2026-01-13,94,True,1,0,1,0,3,165,0
REQ-003085,LOC-10,SVC-03,Priority,16.0,2026-01-13,94,True,1,0,1,0,3,165,0
REQ-003087,LOC-04,SVC-04,Routine,14.9,2026-01-13,168,True,1,0,1,0,3,165,0
REQ-003088,LOC-10,SVC-04,Routine,89.6,2026-01-13,218,True,1,0,1,0,3,165,0
REQ-003089,LOC-07,SVC-05,Routine,8.5,2026-01-13,185,True,1,0,1,0,3,165,0
REQ-003090,LOC-07,SVC-06,Routine,4.4,2026-01-13,185,True,1,0,1,0,3,165,0
REQ-003091,LOC-01,SVC-01,Routine,39.7,2026-01-13,168,True,1,0,1,0,3,165,0
REQ-003092,LOC-07,SVC-07,Routine,6.1,2026-01-13,185,True,1,0,1,0,3,165,0
REQ-003093,LOC-09,SVC-03,Priority,61.2,2026-01-13,94,True,1,0,1,0,3,165,0
REQ-003094,LOC-01,SVC-01,Routine,44.8,2026-01-13,168,True,1,0,1,0,3,165,0
REQ-003095,LOC-05,SVC-05,Routine,36.3,2026-01-13,168,True,1,0,1,0,3,165,0
REQ-003096,LOC-10,SVC-03,Routine,67.7,2026-01-13,218,True,1,0,1,0,3,165,0
REQ-003098,LOC-04,SVC-02,Routine,10.5,2026-01-14,168,True,2,0,1,0,3,166,0
REQ-003099,LOC-02,SVC-04,Routine,37.7,2026-01-14,168,True,2,0,1,0,3,166,0
REQ-003100,LOC-02,SVC-06,Priority,3.8,2026-01-14,72,True,2,0,1,0,3,166,0
REQ-003101,LOC-01,SVC-05,Routine,33.5,2026-01-14,168,True,2,0,1,0,3,166,0
REQ-003102,LOC-06,SVC-01,Priority,73.5,2026-01-14,79,True,2,0,1,0,3,166,0
REQ-003103,LOC-05,SVC-04,Priority,37.9,2026-01-14,72,True,2,0,1,0,3,166,0
REQ-003104,LOC-10,SVC-01,Priority,6.4,2026-01-14,94,True,2,0,1,0,3,166,0
REQ-003105,LOC-08,SVC-01,Routine,16.5,2026-01-14,218,True,2,0,1,0,3,166,0
REQ-003106,LOC-10,SVC-07,Priority,7.8,2026-01-14,94,True,2,0,1,0,3,166,0
REQ-003107,LOC-06,SVC-08,Urgent,65.9,2026-01-14,26,True,2,0,1,0,3,166,0
REQ-003108,LOC-10,SVC-07,Routine,61.6,2026-01-14,218,True,2,0,1,0,3,166,0
REQ-003109,LOC-01,SVC-05,Priority,13.9,2026-01-14,72,True,2,0,1,0,3,166,0
REQ-003110,LOC-01,SVC-07,Urgent,92.9,2026-01-14,24,True,2,0,1,0,3,166,0
REQ-003111,LOC-07,SVC-03,Routine,38.8,2026-01-14,185,True,2,0,1,0,3,166,0
REQ-003112,LOC-09,SVC-06,Routine,37.3,2026-01-14,218,True,2,0,1,0,3,166,0
REQ-003113,LOC-05,SVC-01,Routine,36.1,2026-01-14,168,True,2,0,1,0,3,166,0
REQ-003114,LOC-04,SVC-03,Priority,76.6,2026-01-14,72,True,2,0,1,0,3,166,0
REQ-003115,LOC-02,SVC-05,Routine,59.4,2026-01-14,168,True,2,0,1,0,3,166,0
REQ-003116,LOC-09,SVC-07,Routine,40.9,2026-01-14,218,True,2,0,1,0,3,166,0
REQ-003117,LOC-02,SVC-08,Routine,36.7,2026-01-14,168,True,2,0,1,0,3,166,0
REQ-003118,LOC-06,SVC-04,Routine,36.1,2026-01-14,185,True,2,0,1,0,3,166,0
REQ-003119,LOC-04,SVC-07,Priority,19.2,2026-01-14,72,True,2,0,1,0,3,166,0
REQ-003122,LOC-02,SVC-01,Priority,47.3,2026-01-14,72,True,2,0,1,0,3,166,0
REQ-003123,LOC-09,SVC-01,Urgent,65.5,2026-01-14,31,True,2,0,1,0,3,166,0
REQ-003125,LOC-06,SVC-01,Routine,36.3,2026-01-15,185,True,3,0,1,0,3,167,0
REQ-003126,LOC-01,SVC-01,Emergency,98.7,2026-01-15,4,False,3,0,1,0,3,167,1
REQ-003127,LOC-09,SVC-08,Routine,15.0,2026-01-15,218,True,3,0,1,0,3,167,0
REQ-003129,LOC-07,SVC-05,Priority,36.8,2026-01-15,79,True,3,0,1,0,3,167,0
REQ-003131,LOC-01,SVC-07,Priority,44.4,2026-01-15,72,True,3,0,1,0,3,167,0
REQ-003132,LOC-09,SVC-03,Routine,39.5,2026-01-15,218,True,3,0,1,0,3,167,0
REQ-003133,LOC-07,SVC-01,Routine,28.3,2026-01-15,185,True,3,0,1,0,3,167,0
REQ-003135,LOC-08,SVC-04,Routine,4.9,2026-01-15,218,True,3,0,1,0,3,167,0
REQ-003137,LOC-02,SVC-08,Routine,7.4,2026-01-15,168,True,3,0,1,0,3,167,0
REQ-003139,LOC-01,SVC-01,Routine,6.9,2026-01-15,168,True,3,0,1,0,3,167,0
REQ-003140,LOC-06,SVC-02,Routine,7.9,2026-01-15,185,True,3,0,1,0,3,167,0
REQ-003141,LOC-07,SVC-04,Priority,63.0,2026-01-15,79,True,3,0,1,0,3,167,0
REQ-003142,LOC-08,SVC-09,Routine,6.8,2026-01-15,218,True,3,0,1,0,3,167,0
REQ-003144,LOC-05,SVC-01,Priority,14.3,2026-01-16,72,True,4,0,1,0,3,168,0
REQ-003145,LOC-06,SVC-01,Emergency,11.8,2026-01-16,4,False,4,0,1,0,3,168,1
REQ-003146,LOC-01,SVC-09,Priority,59.2,2026-01-16,72,True,4,0,1,0,3,168,0
REQ-003147,LOC-01,SVC-05,Urgent,56.7,2026-01-16,24,True,4,0,1,0,3,168,0
REQ-003148,LOC-09,SVC-01,Urgent,33.0,2026-01-16,31,False,4,0,1,0,3,168,1
REQ-003150,LOC-06,SVC-02,Priority,33.8,2026-01-16,79,True,4,0,1,0,3,168,0
REQ-003151,LOC-08,SVC-07,Routine,38.0,2026-01-16,218,True,4,0,1,0,3,168,0
REQ-003152,LOC-07,SVC-08,Routine,66.7,2026-01-16,185,True,4,0,1,0,3,168,0
REQ-003153,LOC-05,SVC-04,Priority,35.2,2026-01-16,72,True,4,0,1,0,3,168,0
REQ-003154,LOC-02,SVC-08,Urgent,29.7,2026-01-16,24,False,4,0,1,0,3,168,1
REQ-003155,LOC-05,SVC-02,Routine,43.9,2026-01-16,168,True,4,0,1,0,3,168,0
REQ-003156,LOC-08,SVC-01,Priority,63.8,2026-01-16,94,True,4,0,1,0,3,168,0
REQ-003157,LOC-09,SVC-07,Priority,43.0,2026-01-16,94,True,4,0,1,0,3,168,0
REQ-003158,LOC-06,SVC-01,Priority,5.7,2026-01-16,79,True,4,0,1,0,3,168,0
REQ-003159,LOC-04,SVC-02,Urgent,68.2,2026-01-16,24,True,4,0,1,0,3,168,0
REQ-003160,LOC-06,SVC-05,Routine,13.9,2026-01-16,185,True,4,0,1,0,3,168,0
REQ-003161,LOC-03,SVC-04,Routine,15.9,2026-01-16,168,True,4,0,1,0,3,168,0
REQ-003162,LOC-05,SVC-02,Emergency,36.3,2026-01-16,4,False,4,0,1,0,3,168,1
REQ-003163,LOC-02,SVC-01,Emergency,89.6,2026-01-16,4,False,4,0,1,0,3,168,1
REQ-003164,LOC-09,SVC-09,Routine,30.2,2026-01-16,218,True,4,0,1,0,3,168,0
REQ-003165,LOC-05,SVC-03,Priority,33.5,2026-01-16,72,True,4,0,1,0,3,168,0
REQ-003166,LOC-02,SVC-07,Routine,19.2,2026-01-16,168,True,4,0,1,0,3,168,0
REQ-003167,LOC-10,SVC-08,Routine,36.2,2026-01-16,218,True,4,0,1,0,3,168,0
REQ-003168,LOC-01,SVC-04,Priority,82.8,2026-01-16,72,True,4,0,1,0,3,168,0
REQ-003169,LOC-03,SVC-05,Urgent,35.6,2026-01-16,24,False,4,0,1,0,3,168,1
REQ-003171,LOC-04,SVC-01,Routine,21.1,2026-01-17,168,True,5,1,1,0,3,169,0
REQ-003172,LOC-02,SVC-05,Routine,45.0,2026-01-17,168,True,5,1,1,0,3,169,0
REQ-003173,LOC-09,SVC-04,Routine,16.5,2026-01-17,218,True,5,1,1,0,3,169,0
REQ-003174,LOC-06,SVC-08,Urgent,57.5,2026-01-17,26,True,5,1,1,0,3,169,0
REQ-003175,LOC-08,SVC-02,Routine,7.6,2026-01-17,218,True,5,1,1,0,3,169,0
REQ-003176,LOC-05,SVC-09,Priority,30.1,2026-01-17,72,True,5,1,1,0,3,169,0
REQ-003177,LOC-01,SVC-08,Routine,48.9,2026-01-17,168,True,5,1,1,0,3,169,0
REQ-003179,LOC-04,SVC-05,Routine,8.7,2026-01-17,168,True,5,1,1,0,3,169,0
REQ-003180,LOC-02,SVC-05,Urgent,62.5,2026-01-17,24,True,5,1,1,0,3,169,0
REQ-003182,LOC-04,SVC-06,Urgent,64.8,2026-01-17,24,True,5,1,1,0,3,169,0
REQ-003183,LOC-07,SVC-04,Emergency,32.8,2026-01-17,4,False,5,1,1,0,3,169,1
REQ-003184,LOC-07,SVC-03,Routine,52.7,2026-01-17,185,True,5,1,1,0,3,169,0
REQ-003185,LOC-04,SVC-07,Routine,36.3,2026-01-18,168,True,6,1,1,0,3,170,0
REQ-003186,LOC-01,SVC-05,Routine,24.1,2026-01-18,168,True,6,1,1,0,3,170,0
REQ-003187,LOC-07,SVC-02,Routine,17.3,2026-01-18,185,True,6,1,1,0,3,170,0
REQ-003188,LOC-10,SVC-01,Priority,67.0,2026-01-18,94,True,6,1,1,0,3,170,0
REQ-003189,LOC-05,SVC-02,Urgent,17.9,2026-01-18,24,True,6,1,1,0,3,170,0
REQ-003190,LOC-10,SVC-04,Routine,36.3,2026-01-18,218,True,6,1,1,0,3,170,0
REQ-003191,LOC-10,SVC-07,Priority,25.7,2026-01-19,94,True,0,0,1,0,4,171,0
REQ-003192,LOC-10,SVC-08,Routine,36.5,2026-01-19,218,True,0,0,1,0,4,171,0
REQ-003193,LOC-10,SVC-09,Urgent,66.5,2026-01-19,31,False,0,0,1,0,4,171,1
REQ-003194,LOC-06,SVC-01,Priority,27.7,2026-01-19,79,True,0,0,1,0,4,171,0
REQ-003195,LOC-01,SVC-01,Priority,33.8,2026-01-19,72,True,0,0,1,0,4,171,0
REQ-003196,LOC-10,SVC-03,Routine,12.9,2026-01-19,218,True,0,0,1,0,4,171,0
REQ-003197,LOC-06,SVC-07,Routine,34.5,2026-01-19,185,True,0,0,1,0,4,171,0
REQ-003198,LOC-06,SVC-04,Priority,33.6,2026-01-19,79,True,0,0,1,0,4,171,0
REQ-003199,LOC-06,SVC-07,Priority,60.6,2026-01-19,79,True,0,0,1,0,4,171,0
REQ-003200,LOC-05,SVC-01,Routine,44.2,2026-01-19,168,True,0,0,1,0,4,171,0
REQ-003201,LOC-10,SVC-01,Routine,31.4,2026-01-19,218,True,0,0,1,0,4,171,0
REQ-003202,LOC-09,SVC-07,Urgent,63.0,2026-01-19,31,True,0,0,1,0,4,171,0
REQ-003203,LOC-05,SVC-01,Priority,30.6,2026-01-19,72,True,0,0,1,0,4,171,0
REQ-003204,LOC-06,SVC-05,Emergency,86.4,2026-01-19,4,False,0,0,1,0,4,171,1
REQ-003205,LOC-01,SVC-09,Routine,35.6,2026-01-19,168,True,0,0,1,0,4,171,0
REQ-003206,LOC-01,SVC-01,Emergency,62.0,2026-01-19,4,False,0,0,1,0,4,171,1
REQ-003207,LOC-10,SVC-04,Urgent,95.6,2026-01-19,31,False,0,0,1,0,4,171,1
REQ-003208,LOC-09,SVC-09,Urgent,32.0,2026-01-19,31,False,0,0,1,0,4,171,1
REQ-003209,LOC-06,SVC-07,Priority,11.0,2026-01-20,79,True,1,0,1,0,4,172,0
REQ-003210,LOC-10,SVC-05,Routine,42.1,2026-01-20,218,True,1,0,1,0,4,172,0
REQ-003211,LOC-08,SVC-02,Routine,7.5,2026-01-20,218,True,1,0,1,0,4,172,0
REQ-003212,LOC-03,SVC-06,Priority,61.9,2026-01-20,72,True,1,0,1,0,4,172,0
REQ-003213,LOC-03,SVC-05,Priority,77.3,2026-01-20,72,True,1,0,1,0,4,172,0
REQ-003214,LOC-08,SVC-02,Routine,18.6,2026-01-20,218,True,1,0,1,0,4,172,0
REQ-003215,LOC-01,SVC-01,Routine,16.9,2026-01-20,168,True,1,0,1,0,4,172,0
REQ-003216,LOC-01,SVC-01,Urgent,56.7,2026-01-20,24,True,1,0,1,0,4,172,0
REQ-003217,LOC-06,SVC-01,Routine,16.2,2026-01-20,185,True,1,0,1,0,4,172,0
REQ-003219,LOC-01,SVC-02,Routine,3.0,2026-01-20,168,True,1,0,1,0,4,172,0
REQ-003220,LOC-04,SVC-05,Urgent,86.8,2026-01-20,24,False,1,0,1,0,4,172,1
REQ-003221,LOC-05,SVC-06,Routine,23.9,2026-01-20,168,True,1,0,1,0,4,172,0
REQ-003223,LOC-03,SVC-01,Priority,57.4,2026-01-20,72,True,1,0,1,0,4,172,0
REQ-003224,LOC-06,SVC-06,Urgent,36.3,2026-01-20,26,True,1,0,1,0,4,172,0
REQ-003225,LOC-07,SVC-05,Urgent,35.2,2026-01-20,26,False,1,0,1,0,4,172,1
REQ-003226,LOC-02,SVC-04,Priority,36.9,2026-01-20,72,True,1,0,1,0,4,172,0
REQ-003227,LOC-09,SVC-04,Routine,5.4,2026-01-20,218,True,1,0,1,0,4,172,0
REQ-003228,LOC-07,SVC-07,Priority,41.2,2026-01-20,79,True,1,0,1,0,4,172,0
REQ-003229,LOC-05,SVC-01,Routine,64.0,2026-01-20,168,True,1,0,1,0,4,172,0
REQ-003230,LOC-10,SVC-04,Routine,20.0,2026-01-20,218,True,1,0,1,0,4,172,0
REQ-003231,LOC-06,SVC-05,Priority,31.8,2026-01-20,79,True,1,0,1,0,4,172,0
REQ-003232,LOC-08,SVC-09,Priority,16.4,2026-01-21,94,True,2,0,1,0,4,173,0
REQ-003233,LOC-03,SVC-03,Priority,86.2,2026-01-21,72,True,2,0,1,0,4,173,0
REQ-003234,LOC-01,SVC-01,Routine,11.0,2026-01-21,168,True,2,0,1,0,4,173,0
REQ-003235,LOC-07,SVC-05,Priority,74.6,2026-01-21,79,True,2,0,1,0,4,173,0
REQ-003236,LOC-01,SVC-08,Routine,77.6,2026-01-21,168,True,2,0,1,0,4,173,0
REQ-003237,LOC-07,SVC-03,Routine,16.0,2026-01-21,185,True,2,0,1,0,4,173,0
REQ-003239,LOC-03,SVC-09,Routine,46.4,2026-01-21,168,True,2,0,1,0,4,173,0
REQ-003241,LOC-10,SVC-01,Routine,19.3,2026-01-21,218,True,2,0,1,0,4,173,0
REQ-003242,LOC-05,SVC-03,Priority,47.0,2026-01-21,72,True,2,0,1,0,4,173,0
REQ-003243,LOC-06,SVC-02,Priority,40.2,2026-01-21,79,True,2,0,1,0,4,173,0
REQ-003244,LOC-06,SVC-02,Priority,60.3,2026-01-21,79,True,2,0,1,0,4,173,0
REQ-003245,LOC-02,SVC-01,Priority,33.0,2026-01-21,72,True,2,0,1,0,4,173,0
REQ-003246,LOC-06,SVC-02,Priority,70.6,2026-01-21,79,True,2,0,1,0,4,173,0
REQ-003247,LOC-05,SVC-04,Emergency,34.8,2026-01-21,4,False,2,0,1,0,4,173,1
REQ-003249,LOC-02,SVC-02,Routine,19.1,2026-01-21,168,True,2,0,1,0,4,173,0
REQ-003250,LOC-01,SVC-05,Routine,64.0,2026-01-21,168,True,2,0,1,0,4,173,0
REQ-003251,LOC-01,SVC-06,Priority,40.3,2026-01-21,72,True,2,0,1,0,4,173,0
REQ-003252,LOC-10,SVC-07,Urgent,70.0,2026-01-21,31,False,2,0,1,0,4,173,1
REQ-003253,LOC-03,SVC-06,Priority,43.2,2026-01-21,72,True,2,0,1,0,4,173,0
REQ-003254,LOC-06,SVC-03,Priority,40.8,2026-01-22,79,True,3,0,1,0,4,174,0
REQ-003255,LOC-07,SVC-05,Urgent,61.2,2026-01-22,26,False,3,0,1,0,4,174,1
REQ-003256,LOC-03,SVC-03,Routine,21.3,2026-01-22,168,True,3,0,1,0,4,174,0
REQ-003257,LOC-09,SVC-02,Urgent,36.9,2026-01-22,31,False,3,0,1,0,4,174,1
REQ-003258,LOC-09,SVC-04,Priority,22.6,2026-01-22,94,True,3,0,1,0,4,174,0
REQ-003259,LOC-07,SVC-04,Urgent,19.3,2026-01-22,26,True,3,0,1,0,4,174,0
REQ-003260,LOC-09,SVC-07,Emergency,33.1,2026-01-22,5,False,3,0,1,0,4,174,1
REQ-003261,LOC-06,SVC-08,Urgent,90.5,2026-01-22,26,True,3,0,1,0,4,174,0
REQ-003262,LOC-03,SVC-01,Routine,13.3,2026-01-22,168,True,3,0,1,0,4,174,0
REQ-003263,LOC-05,SVC-02,Priority,28.2,2026-01-22,72,True,3,0,1,0,4,174,0
REQ-003264,LOC-03,SVC-06,Priority,21.8,2026-01-22,72,True,3,0,1,0,4,174,0
REQ-003265,LOC-03,SVC-05,Priority,36.5,2026-01-22,72,True,3,0,1,0,4,174,0
REQ-003266,LOC-09,SVC-02,Priority,65.2,2026-01-22,94,True,3,0,1,0,4,174,0
REQ-003267,LOC-08,SVC-05,Routine,31.2,2026-01-22,218,True,3,0,1,0,4,174,0
REQ-003268,LOC-06,SVC-06,Routine,13.4,2026-01-22,185,True,3,0,1,0,4,174,0
REQ-003269,LOC-04,SVC-01,Priority,41.1,2026-01-22,72,True,3,0,1,0,4,174,0
REQ-003270,LOC-09,SVC-05,Routine,19.3,2026-01-22,218,True,3,0,1,0,4,174,0
REQ-003271,LOC-03,SVC-01,Priority,32.2,2026-01-22,72,True,3,0,1,0,4,174,0
REQ-003272,LOC-08,SVC-04,Priority,31.3,2026-01-22,94,True,3,0,1,0,4,174,0
REQ-003273,LOC-05,SVC-07,Routine,35.2,2026-01-23,168,True,4,0,1,0,4,175,0
REQ-003274,LOC-08,SVC-01,Routine,12.9,2026-01-23,218,True,4,0,1,0,4,175,0
REQ-003275,LOC-04,SVC-06,Routine,23.1,2026-01-23,168,True,4,0,1,0,4,175,0
REQ-003276,LOC-08,SVC-02,Routine,19.6,2026-01-23,218,True,4,0,1,0,4,175,0
REQ-003277,LOC-08,SVC-01,Routine,11.9,2026-01-23,218,True,4,0,1,0,4,175,0
REQ-003278,LOC-10,SVC-07,Routine,11.8,2026-01-23,218,True,4,0,1,0,4,175,0
REQ-003280,LOC-04,SVC-05,Routine,10.6,2026-01-23,168,True,4,0,1,0,4,175,0
REQ-003281,LOC-08,SVC-02,Urgent,37.3,2026-01-23,31,True,4,0,1,0,4,175,0
REQ-003282,LOC-02,SVC-06,Priority,43.7,2026-01-23,72,True,4,0,1,0,4,175,0
REQ-003283,LOC-06,SVC-03,Urgent,3.6,2026-01-23,26,True,4,0,1,0,4,175,0
REQ-003284,LOC-01,SVC-01,Urgent,83.2,2026-01-23,24,False,4,0,1,0,4,175,1
REQ-003285,LOC-09,SVC-07,Routine,22.5,2026-01-23,218,True,4,0,1,0,4,175,0
REQ-003287,LOC-05,SVC-09,Routine,44.6,2026-01-23,168,True,4,0,1,0,4,175,0
REQ-003288,LOC-05,SVC-02,Priority,15.6,2026-01-23,72,True,4,0,1,0,4,175,0
REQ-003289,LOC-09,SVC-01,Emergency,68.9,2026-01-23,5,False,4,0,1,0,4,175,1
REQ-003290,LOC-09,SVC-06,Priority,27.2,2026-01-23,94,True,4,0,1,0,4,175,0
REQ-003291,LOC-08,SVC-09,Routine,23.7,2026-01-23,218,True,4,0,1,0,4,175,0
REQ-003292,LOC-09,SVC-05,Priority,1.0,2026-01-23,94,True,4,0,1,0,4,175,0
REQ-003293,LOC-09,SVC-08,Routine,16.8,2026-01-23,218,True,4,0,1,0,4,175,0
REQ-003295,LOC-02,SVC-07,Routine,47.1,2026-01-23,168,True,4,0,1,0,4,175,0
REQ-003296,LOC-04,SVC-01,Routine,65.1,2026-01-23,168,True,4,0,1,0,4,175,0
REQ-003297,LOC-05,SVC-05,Routine,28.2,2026-01-23,168,True,4,0,1,0,4,175,0
REQ-003298,LOC-01,SVC-06,Routine,40.7,2026-01-23,168,True,4,0,1,0,4,175,0
REQ-003299,LOC-04,SVC-04,Urgent,91.3,2026-01-23,24,False,4,0,1,0,4,175,1
REQ-003300,LOC-03,SVC-04,Priority,24.2,2026-01-23,72,True,4,0,1,0,4,175,0
REQ-003301,LOC-05,SVC-05,Urgent,57.1,2026-01-23,24,True,4,0,1,0,4,175,0
REQ-003302,LOC-08,SVC-02,Routine,15.3,2026-01-23,218,True,4,0,1,0,4,175,0
REQ-003306,LOC-09,SVC-02,Routine,30.9,2026-01-24,218,True,5,1,1,0,4,176,0
REQ-003307,LOC-06,SVC-03,Priority,75.0,2026-01-24,79,True,5,1,1,0,4,176,0
REQ-003308,LOC-06,SVC-04,Urgent,19.8,2026-01-24,26,True,5,1,1,0,4,176,0
REQ-003309,LOC-09,SVC-04,Routine,20.9,2026-01-24,218,True,5,1,1,0,4,176,0
REQ-003310,LOC-04,SVC-01,Priority,37.4,2026-01-25,72,True,6,1,1,0,4,177,0
REQ-003311,LOC-07,SVC-04,Routine,37.5,2026-01-25,185,True,6,1,1,0,4,177,0
REQ-003312,LOC-08,SVC-06,Routine,17.4,2026-01-25,218,True,6,1,1,0,4,177,0
REQ-003313,LOC-05,SVC-03,Routine,25.2,2026-01-25,168,True,6,1,1,0,4,177,0
REQ-003315,LOC-01,SVC-02,Routine,64.6,2026-01-25,168,True,6,1,1,0,4,177,0
REQ-003316,LOC-03,SVC-06,Priority,44.1,2026-01-26,72,True,0,0,1,0,5,178,0
REQ-003317,LOC-03,SVC-09,Routine,17.6,2026-01-26,168,True,0,0,1,0,5,178,0
REQ-003318,LOC-04,SVC-03,Priority,18.8,2026-01-26,72,True,0,0,1,0,5,178,0
REQ-003319,LOC-02,SVC-05,Urgent,70.6,2026-01-26,24,True,0,0,1,0,5,178,0
REQ-003321,LOC-03,SVC-06,Routine,23.5,2026-01-26,168,True,0,0,1,0,5,178,0
REQ-003322,LOC-06,SVC-03,Priority,13.1,2026-01-26,79,True,0,0,1,0,5,178,0
REQ-003323,LOC-07,SVC-01,Emergency,44.0,2026-01-26,4,False,0,0,1,0,5,178,1
REQ-003324,LOC-08,SVC-01,Routine,6.2,2026-01-26,218,True,0,0,1,0,5,178,0
REQ-003325,LOC-10,SVC-04,Routine,16.7,2026-01-26,218,True,0,0,1,0,5,178,0
REQ-003326,LOC-04,SVC-03,Routine,66.3,2026-01-26,168,True,0,0,1,0,5,178,0
REQ-003328,LOC-06,SVC-09,Routine,23.3,2026-01-26,185,True,0,0,1,0,5,178,0
REQ-003329,LOC-02,SVC-06,Priority,29.3,2026-01-26,72,True,0,0,1,0,5,178,0
REQ-003330,LOC-09,SVC-04,Routine,20.2,2026-01-26,218,True,0,0,1,0,5,178,0
REQ-003331,LOC-02,SVC-03,Routine,14.5,2026-01-26,168,True,0,0,1,0,5,178,0
REQ-003332,LOC-08,SVC-01,Routine,33.3,2026-01-26,218,True,0,0,1,0,5,178,0
REQ-003333,LOC-05,SVC-02,Priority,39.2,2026-01-26,72,True,0,0,1,0,5,178,0
REQ-003334,LOC-10,SVC-01,Routine,20.2,2026-01-26,218,True,0,0,1,0,5,178,0
REQ-003335,LOC-01,SVC-06,Priority,33.1,2026-01-26,72,True,0,0,1,0,5,178,0
REQ-003336,LOC-03,SVC-08,Urgent,83.8,2026-01-26,24,False,0,0,1,0,5,178,1
REQ-003338,LOC-06,SVC-02,Urgent,12.3,2026-01-26,26,True,0,0,1,0,5,178,0
REQ-003339,LOC-02,SVC-01,Routine,36.3,2026-01-26,168,True,0,0,1,0,5,178,0
REQ-003340,LOC-08,SVC-03,Priority,13.5,2026-01-26,94,True,0,0,1,0,5,178,0
REQ-003341,LOC-10,SVC-04,Urgent,16.2,2026-01-26,31,True,0,0,1,0,5,178,0
REQ-003342,LOC-09,SVC-05,Priority,12.5,2026-01-26,94,True,0,0,1,0,5,178,0
REQ-003343,LOC-05,SVC-03,Urgent,66.3,2026-01-26,24,False,0,0,1,0,5,178,1
REQ-003344,LOC-07,SVC-01,Routine,17.5,2026-01-26,185,True,0,0,1,0,5,178,0
REQ-003345,LOC-10,SVC-01,Priority,36.2,2026-01-27,94,True,1,0,1,0,5,179,0
REQ-003346,LOC-03,SVC-06,Priority,44.5,2026-01-27,72,True,1,0,1,0,5,179,0
REQ-003347,LOC-03,SVC-05,Priority,38.6,2026-01-27,72,True,1,0,1,0,5,179,0
REQ-003348,LOC-08,SVC-01,Routine,17.0,2026-01-27,218,True,1,0,1,0,5,179,0
REQ-003349,LOC-02,SVC-02,Emergency,80.7,2026-01-27,4,False,1,0,1,0,5,179,1
REQ-003350,LOC-02,SVC-09,Urgent,19.7,2026-01-27,24,True,1,0,1,0,5,179,0
REQ-003352,LOC-06,SVC-02,Routine,40.5,2026-01-27,185,True,1,0,1,0,5,179,0
REQ-003353,LOC-06,SVC-03,Priority,18.4,2026-01-27,79,True,1,0,1,0,5,179,0
REQ-003354,LOC-07,SVC-07,Priority,10.9,2026-01-27,79,True,1,0,1,0,5,179,0
REQ-003355,LOC-07,SVC-02,Urgent,57.1,2026-01-27,26,False,1,0,1,0,5,179,1
REQ-003356,LOC-07,SVC-01,Routine,14.2,2026-01-27,185,True,1,0,1,0,5,179,0
REQ-003357,LOC-01,SVC-01,Routine,34.7,2026-01-27,168,True,1,0,1,0,5,179,0
REQ-003358,LOC-04,SVC-03,Priority,41.8,2026-01-27,72,True,1,0,1,0,5,179,0
REQ-003359,LOC-09,SVC-03,Emergency,42.9,2026-01-27,5,False,1,0,1,0,5,179,1
REQ-003360,LOC-01,SVC-05,Routine,23.4,2026-01-27,168,True,1,0,1,0,5,179,0
REQ-003361,LOC-09,SVC-01,Urgent,73.9,2026-01-27,31,True,1,0,1,0,5,179,0
REQ-003363,LOC-06,SVC-04,Routine,38.1,2026-01-27,185,True,1,0,1,0,5,179,0
REQ-003364,LOC-04,SVC-01,Routine,20.0,2026-01-27,168,True,1,0,1,0,5,179,0
REQ-003365,LOC-06,SVC-02,Routine,21.3,2026-01-27,185,True,1,0,1,0,5,179,0
REQ-003366,LOC-03,SVC-01,Priority,38.8,2026-01-27,72,True,1,0,1,0,5,179,0
REQ-003367,LOC-07,SVC-06,Routine,35.9,2026-01-27,185,True,1,0,1,0,5,179,0
REQ-003368,LOC-05,SVC-03,Emergency,34.8,2026-01-28,4,True,2,0,1,0,5,180,0
REQ-003369,LOC-08,SVC-08,Emergency,24.7,2026-01-28,5,False,2,0,1,0,5,180,1
REQ-003370,LOC-01,SVC-06,Routine,9.5,2026-01-28,168,True,2,0,1,0,5,180,0
REQ-003371,LOC-07,SVC-02,Routine,41.9,2026-01-28,185,True,2,0,1,0,5,180,0
REQ-003372,LOC-09,SVC-06,Routine,10.4,2026-01-28,218,True,2,0,1,0,5,180,0
REQ-003373,LOC-05,SVC-05,Urgent,63.8,2026-01-28,24,False,2,0,1,0,5,180,1
REQ-003374,LOC-06,SVC-04,Priority,90.8,2026-01-28,79,True,2,0,1,0,5,180,0
REQ-003375,LOC-09,SVC-04,Priority,38.2,2026-01-28,94,True,2,0,1,0,5,180,0
REQ-003377,LOC-05,SVC-02,Routine,92.3,2026-01-28,168,True,2,0,1,0,5,180,0
REQ-003378,LOC-01,SVC-04,Priority,36.2,2026-01-28,72,True,2,0,1,0,5,180,0
REQ-003380,LOC-03,SVC-08,Routine,19.1,2026-01-28,168,True,2,0,1,0,5,180,0
REQ-003381,LOC-06,SVC-01,Routine,47.1,2026-01-28,185,True,2,0,1,0,5,180,0
REQ-003382,LOC-08,SVC-04,Priority,62.8,2026-01-28,94,True,2,0,1,0,5,180,0
REQ-003383,LOC-10,SVC-02,Urgent,61.2,2026-01-28,31,True,2,0,1,0,5,180,0
REQ-003384,LOC-09,SVC-02,Priority,42.4,2026-01-28,94,True,2,0,1,0,5,180,0
REQ-003385,LOC-10,SVC-05,Routine,6.0,2026-01-28,218,True,2,0,1,0,5,180,0
REQ-003386,LOC-02,SVC-01,Priority,52.5,2026-01-28,72,True,2,0,1,0,5,180,0
REQ-003388,LOC-03,SVC-04,Routine,60.9,2026-01-28,168,True,2,0,1,0,5,180,0
REQ-003389,LOC-09,SVC-07,Routine,40.2,2026-01-28,218,True,2,0,1,0,5,180,0
REQ-003390,LOC-06,SVC-05,Routine,39.9,2026-01-28,185,True,2,0,1,0,5,180,0
REQ-003391,LOC-10,SVC-03,Routine,68.1,2026-01-28,218,True,2,0,1,0,5,180,0
REQ-003392,LOC-03,SVC-08,Routine,28.9,2026-01-28,168,True,2,0,1,0,5,180,0
REQ-003393,LOC-06,SVC-08,Urgent,76.1,2026-01-28,26,True,2,0,1,0,5,180,0
REQ-003394,LOC-05,SVC-09,Priority,65.6,2026-01-29,72,True,3,0,1,0,5,181,0
REQ-003395,LOC-06,SVC-01,Routine,11.3,2026-01-29,185,True,3,0,1,0,5,181,0
REQ-003396,LOC-01,SVC-09,Urgent,67.7,2026-01-29,24,False,3,0,1,0,5,181,1
REQ-003397,LOC-01,SVC-07,Priority,86.7,2026-01-29,72,True,3,0,1,0,5,181,0
REQ-003398,LOC-06,SVC-02,Routine,21.0,2026-01-29,185,True,3,0,1,0,5,181,0
REQ-003399,LOC-09,SVC-01,Priority,46.9,2026-01-29,94,True,3,0,1,0,5,181,0
REQ-003400,LOC-10,SVC-03,Priority,27.5,2026-01-29,94,True,3,0,1,0,5,181,0
REQ-003402,LOC-06,SVC-05,Urgent,49.2,2026-01-29,26,True,3,0,1,0,5,181,0
REQ-003403,LOC-07,SVC-02,Urgent,33.7,2026-01-29,26,True,3,0,1,0,5,181,0
REQ-003405,LOC-10,SVC-01,Routine,20.0,2026-01-29,218,True,3,0,1,0,5,181,0
REQ-003406,LOC-10,SVC-07,Routine,21.2,2026-01-29,218,True,3,0,1,0,5,181,0
REQ-003407,LOC-04,SVC-02,Routine,27.6,2026-01-29,168,True,3,0,1,0,5,181,0
REQ-003408,LOC-06,SVC-08,Routine,11.3,2026-01-29,185,True,3,0,1,0,5,181,0
REQ-003409,LOC-05,SVC-01,Routine,1.0,2026-01-29,168,True,3,0,1,0,5,181,0
REQ-003410,LOC-08,SVC-02,Routine,61.2,2026-01-29,218,True,3,0,1,0,5,181,0
REQ-003411,LOC-04,SVC-02,Urgent,97.1,2026-01-29,24,False,3,0,1,0,5,181,1
REQ-003412,LOC-10,SVC-03,Routine,71.4,2026-01-29,218,True,3,0,1,0,5,181,0
REQ-003413,LOC-03,SVC-05,Routine,42.4,2026-01-29,168,True,3,0,1,0,5,181,0
REQ-003414,LOC-10,SVC-06,Routine,23.0,2026-01-29,218,True,3,0,1,0,5,181,0
REQ-003415,LOC-09,SVC-01,Urgent,91.1,2026-01-30,31,True,4,0,1,0,5,182,0
REQ-003417,LOC-07,SVC-06,Routine,48.4,2026-01-30,185,True,4,0,1,0,5,182,0
REQ-003418,LOC-05,SVC-08,Urgent,49.5,2026-01-30,24,True,4,0,1,0,5,182,0
REQ-003419,LOC-03,SVC-01,Urgent,88.7,2026-01-30,24,False,4,0,1,0,5,182,1
REQ-003420,LOC-03,SVC-07,Priority,36.3,2026-01-30,72,True,4,0,1,0,5,182,0
REQ-003421,LOC-10,SVC-07,Routine,12.7,2026-01-30,218,True,4,0,1,0,5,182,0
REQ-003422,LOC-07,SVC-08,Routine,10.4,2026-01-30,185,True,4,0,1,0,5,182,0
REQ-003424,LOC-01,SVC-07,Priority,36.3,2026-01-30,72,True,4,0,1,0,5,182,0
REQ-003425,LOC-01,SVC-07,Priority,36.3,2026-01-30,72,True,4,0,1,0,5,182,0
REQ-003426,LOC-09,SVC-07,Priority,36.2,2026-01-30,94,True,4,0,1,0,5,182,0
REQ-003427,LOC-01,SVC-06,Routine,44.8,2026-01-30,168,True,4,0,1,0,5,182,0
REQ-003428,LOC-10,SVC-09,Urgent,77.9,2026-01-30,31,False,4,0,1,0,5,182,1
REQ-003429,LOC-10,SVC-07,Routine,2.4,2026-01-30,218,True,4,0,1,0,5,182,0
REQ-003431,LOC-06,SVC-07,Emergency,68.1,2026-01-30,4,False,4,0,1,0,5,182,1
REQ-003432,LOC-09,SVC-02,Urgent,14.4,2026-01-30,31,True,4,0,1,0,5,182,0
REQ-003433,LOC-04,SVC-05,Priority,37.8,2026-01-30,72,True,4,0,1,0,5,182,0
REQ-003434,LOC-04,SVC-01,Priority,10.7,2026-01-30,72,True,4,0,1,0,5,182,0
REQ-003435,LOC-03,SVC-03,Priority,8.7,2026-01-31,72,True,5,1,1,0,5,183,0
REQ-003436,LOC-07,SVC-04,Routine,7.9,2026-01-31,185,True,5,1,1,0,5,183,0
REQ-003437,LOC-03,SVC-03,Priority,7.3,2026-01-31,72,True,5,1,1,0,5,183,0
REQ-003438,LOC-09,SVC-03,Priority,87.9,2026-01-31,94,True,5,1,1,0,5,183,0
REQ-003439,LOC-08,SVC-05,Priority,57.2,2026-01-31,94,True,5,1,1,0,5,183,0
REQ-003440,LOC-01,SVC-06,Urgent,86.9,2026-01-31,24,True,5,1,1,0,5,183,0
REQ-003442,LOC-07,SVC-03,Urgent,82.4,2026-01-31,26,True,5,1,1,0,5,183,0
REQ-003443,LOC-08,SVC-01,Routine,14.9,2026-01-31,218,True,5,1,1,0,5,183,0
REQ-003444,LOC-05,SVC-01,Emergency,36.3,2026-02-01,4,False,6,1,2,0,5,184,1
REQ-003445,LOC-08,SVC-08,Priority,51.6,2026-02-01,94,True,6,1,2,0,5,184,0
REQ-003447,LOC-06,SVC-03,Routine,28.0,2026-02-01,185,True,6,1,2,0,5,184,0
REQ-003448,LOC-01,SVC-05,Routine,24.4,2026-02-01,168,True,6,1,2,0,5,184,0
REQ-003449,LOC-02,SVC-03,Routine,30.1,2026-02-01,168,True,6,1,2,0,5,184,0
REQ-003450,LOC-01,SVC-05,Priority,83.1,2026-02-01,72,True,6,1,2,0,5,184,0
REQ-003451,LOC-05,SVC-07,Priority,24.6,2026-02-01,72,True,6,1,2,0,5,184,0
REQ-003452,LOC-01,SVC-04,Priority,45.6,2026-02-01,72,True,6,1,2,0,5,184,0
REQ-003453,LOC-03,SVC-05,Priority,36.3,2026-02-01,72,True,6,1,2,0,5,184,0
REQ-003454,LOC-03,SVC-06,Routine,23.2,2026-02-02,168,True,0,0,2,0,6,185,0
REQ-003455,LOC-03,SVC-01,Routine,63.2,2026-02-02,168,True,0,0,2,0,6,185,0
REQ-003456,LOC-07,SVC-06,Routine,13.6,2026-02-02,185,True,0,0,2,0,6,185,0
REQ-003457,LOC-09,SVC-05,Routine,38.4,2026-02-02,218,True,0,0,2,0,6,185,0
REQ-003458,LOC-10,SVC-04,Priority,72.2,2026-02-02,94,True,0,0,2,0,6,185,0
REQ-003459,LOC-06,SVC-05,Priority,29.2,2026-02-02,79,True,0,0,2,0,6,185,0
REQ-003460,LOC-10,SVC-05,Priority,13.0,2026-02-02,94,True,0,0,2,0,6,185,0
REQ-003461,LOC-06,SVC-04,Emergency,65.4,2026-02-02,4,False,0,0,2,0,6,185,1
REQ-003465,LOC-10,SVC-07,Priority,23.3,2026-02-02,94,True,0,0,2,0,6,185,0
REQ-003466,LOC-02,SVC-01,Routine,65.6,2026-02-02,168,True,0,0,2,0,6,185,0
REQ-003467,LOC-04,SVC-01,Priority,17.3,2026-02-02,72,True,0,0,2,0,6,185,0
REQ-003468,LOC-04,SVC-05,Priority,12.5,2026-02-03,72,True,1,0,2,0,6,186,0
REQ-003469,LOC-01,SVC-08,Routine,33.8,2026-02-03,168,True,1,0,2,0,6,186,0
REQ-003471,LOC-02,SVC-02,Urgent,82.9,2026-02-03,24,True,1,0,2,0,6,186,0
REQ-003472,LOC-06,SVC-03,Urgent,81.3,2026-02-03,26,True,1,0,2,0,6,186,0
REQ-003473,LOC-09,SVC-02,Priority,21.6,2026-02-03,94,True,1,0,2,0,6,186,0
REQ-003474,LOC-09,SVC-03,Routine,30.9,2026-02-03,218,True,1,0,2,0,6,186,0
REQ-003475,LOC-05,SVC-04,Priority,39.0,2026-02-03,72,True,1,0,2,0,6,186,0
REQ-003476,LOC-07,SVC-06,Routine,29.2,2026-02-03,185,True,1,0,2,0,6,186,0
REQ-003477,LOC-04,SVC-02,Routine,1.9,2026-02-03,168,True,1,0,2,0,6,186,0
REQ-003478,LOC-05,SVC-07,Routine,9.3,2026-02-03,168,True,1,0,2,0,6,186,0
REQ-003479,LOC-05,SVC-08,Routine,26.0,2026-02-03,168,True,1,0,2,0,6,186,0
REQ-003480,LOC-02,SVC-01,Routine,36.9,2026-02-03,168,True,1,0,2,0,6,186,0
REQ-003481,LOC-08,SVC-02,Routine,15.1,2026-02-03,218,True,1,0,2,0,6,186,0
REQ-003483,LOC-09,SVC-04,Routine,21.1,2026-02-03,218,True,1,0,2,0,6,186,0
REQ-003484,LOC-04,SVC-05,Routine,33.7,2026-02-03,168,True,1,0,2,0,6,186,0
REQ-003485,LOC-06,SVC-03,Priority,40.2,2026-02-03,79,True,1,0,2,0,6,186,0
REQ-003486,LOC-01,SVC-02,Routine,66.8,2026-02-03,168,True,1,0,2,0,6,186,0
REQ-003487,LOC-02,SVC-03,Urgent,36.3,2026-02-03,24,True,1,0,2,0,6,186,0
REQ-003488,LOC-09,SVC-03,Urgent,24.9,2026-02-03,31,False,1,0,2,0,6,186,1
REQ-003489,LOC-03,SVC-01,Urgent,61.1,2026-02-03,24,True,1,0,2,0,6,186,0
REQ-003490,LOC-03,SVC-02,Routine,15.6,2026-02-03,168,True,1,0,2,0,6,186,0
REQ-003491,LOC-07,SVC-09,Routine,22.5,2026-02-03,185,True,1,0,2,0,6,186,0
REQ-003492,LOC-01,SVC-08,Urgent,83.4,2026-02-03,24,True,1,0,2,0,6,186,0
REQ-003493,LOC-07,SVC-06,Priority,49.7,2026-02-03,79,True,1,0,2,0,6,186,0
REQ-003494,LOC-08,SVC-02,Priority,7.9,2026-02-03,94,True,1,0,2,0,6,186,0
REQ-003495,LOC-04,SVC-07,Routine,19.2,2026-02-03,168,True,1,0,2,0,6,186,0
REQ-003496,LOC-04,SVC-01,Routine,6.6,2026-02-03,168,True,1,0,2,0,6,186,0
REQ-003497,LOC-06,SVC-08,Routine,30.7,2026-02-04,185,True,2,0,2,0,6,187,0
REQ-003499,LOC-03,SVC-02,Routine,66.0,2026-02-04,168,True,2,0,2,0,6,187,0
REQ-003500,LOC-06,SVC-07,Priority,62.7,2026-02-04,79,True,2,0,2,0,6,187,0
REQ-003501,LOC-02,SVC-02,Urgent,92.2,2026-02-04,24,False,2,0,2,0,6,187,1
REQ-003502,LOC-09,SVC-01,Priority,57.5,2026-02-04,94,True,2,0,2,0,6,187,0
REQ-003503,LOC-06,SVC-05,Routine,7.3,2026-02-04,185,True,2,0,2,0,6,187,0
REQ-003504,LOC-03,SVC-05,Priority,19.6,2026-02-04,72,True,2,0,2,0,6,187,0
REQ-003505,LOC-08,SVC-04,Routine,23.3,2026-02-04,218,True,2,0,2,0,6,187,0
REQ-003506,LOC-05,SVC-04,Priority,31.8,2026-02-04,72,True,2,0,2,0,6,187,0
REQ-003507,LOC-07,SVC-05,Urgent,93.3,2026-02-04,26,True,2,0,2,0,6,187,0
REQ-003508,LOC-01,SVC-05,Routine,15.3,2026-02-04,168,True,2,0,2,0,6,187,0
REQ-003509,LOC-01,SVC-06,Priority,37.0,2026-02-04,72,True,2,0,2,0,6,187,0
REQ-003510,LOC-09,SVC-02,Routine,31.6,2026-02-04,218,True,2,0,2,0,6,187,0
REQ-003511,LOC-10,SVC-03,Priority,86.8,2026-02-04,94,True,2,0,2,0,6,187,0
REQ-003514,LOC-10,SVC-01,Urgent,38.8,2026-02-04,31,True,2,0,2,0,6,187,0
REQ-003515,LOC-09,SVC-04,Routine,31.4,2026-02-04,218,True,2,0,2,0,6,187,0
REQ-003516,LOC-03,SVC-01,Routine,20.6,2026-02-04,168,True,2,0,2,0,6,187,0
REQ-003518,LOC-02,SVC-03,Priority,4.3,2026-02-04,72,True,2,0,2,0,6,187,0
REQ-003519,LOC-08,SVC-01,Routine,34.8,2026-02-04,218,True,2,0,2,0,6,187,0
REQ-003520,LOC-04,SVC-05,Priority,59.7,2026-02-04,72,True,2,0,2,0,6,187,0
REQ-003521,LOC-03,SVC-06,Priority,14.8,2026-02-04,72,True,2,0,2,0,6,187,0
REQ-003523,LOC-08,SVC-01,Urgent,36.3,2026-02-05,31,True,3,0,2,0,6,188,0
REQ-003524,LOC-08,SVC-07,Routine,6.9,2026-02-05,218,True,3,0,2,0,6,188,0
REQ-003525,LOC-04,SVC-05,Routine,9.7,2026-02-05,168,True,3,0,2,0,6,188,0
REQ-003526,LOC-04,SVC-09,Routine,1.4,2026-02-05,168,True,3,0,2,0,6,188,0
REQ-003527,LOC-02,SVC-01,Priority,35.0,2026-02-05,72,True,3,0,2,0,6,188,0
REQ-003529,LOC-06,SVC-04,Routine,27.5,2026-02-05,185,True,3,0,2,0,6,188,0
REQ-003530,LOC-01,SVC-06,Priority,65.6,2026-02-05,72,True,3,0,2,0,6,188,0
REQ-003531,LOC-05,SVC-07,Routine,65.6,2026-02-05,168,True,3,0,2,0,6,188,0
REQ-003533,LOC-02,SVC-01,Emergency,33.8,2026-02-05,4,False,3,0,2,0,6,188,1
REQ-003534,LOC-08,SVC-02,Priority,11.0,2026-02-05,94,True,3,0,2,0,6,188,0
REQ-003535,LOC-10,SVC-08,Routine,10.2,2026-02-05,218,True,3,0,2,0,6,188,0
REQ-003536,LOC-04,SVC-05,Urgent,18.5,2026-02-05,24,True,3,0,2,0,6,188,0
REQ-003537,LOC-06,SVC-02,Priority,47.9,2026-02-05,79,True,3,0,2,0,6,188,0
REQ-003538,LOC-07,SVC-01,Routine,22.5,2026-02-05,185,True,3,0,2,0,6,188,0
REQ-003539,LOC-04,SVC-03,Urgent,74.4,2026-02-05,24,True,3,0,2,0,6,188,0
REQ-003541,LOC-08,SVC-04,Priority,70.4,2026-02-05,94,True,3,0,2,0,6,188,0
REQ-003542,LOC-07,SVC-05,Priority,45.5,2026-02-05,79,True,3,0,2,0,6,188,0
REQ-003543,LOC-10,SVC-01,Emergency,59.2,2026-02-05,5,False,3,0,2,0,6,188,1
REQ-003544,LOC-02,SVC-01,Priority,88.8,2026-02-05,72,True,3,0,2,0,6,188,0
REQ-003545,LOC-08,SVC-02,Emergency,72.1,2026-02-05,5,False,3,0,2,0,6,188,1
REQ-003546,LOC-05,SVC-03,Routine,12.6,2026-02-05,168,True,3,0,2,0,6,188,0
REQ-003547,LOC-09,SVC-01,Urgent,71.3,2026-02-06,31,True,4,0,2,0,6,189,0
REQ-003548,LOC-08,SVC-07,Routine,36.3,2026-02-06,218,True,4,0,2,0,6,189,0
REQ-003549,LOC-07,SVC-05,Urgent,62.1,2026-02-06,26,False,4,0,2,0,6,189,1
REQ-003550,LOC-01,SVC-05,Routine,13.1,2026-02-06,168,True,4,0,2,0,6,189,0
REQ-003551,LOC-07,SVC-04,Priority,49.9,2026-02-06,79,True,4,0,2,0,6,189,0
REQ-003552,LOC-09,SVC-04,Urgent,40.0,2026-02-06,31,False,4,0,2,0,6,189,1
REQ-003554,LOC-01,SVC-01,Routine,11.0,2026-02-06,168,True,4,0,2,0,6,189,0
REQ-003555,LOC-06,SVC-05,Routine,28.7,2026-02-06,185,True,4,0,2,0,6,189,0
REQ-003556,LOC-10,SVC-01,Routine,19.8,2026-02-06,218,True,4,0,2,0,6,189,0
REQ-003558,LOC-04,SVC-06,Routine,21.1,2026-02-06,168,True,4,0,2,0,6,189,0
REQ-003559,LOC-03,SVC-05,Routine,20.2,2026-02-06,168,True,4,0,2,0,6,189,0
REQ-003560,LOC-07,SVC-02,Routine,69.2,2026-02-06,185,True,4,0,2,0,6,189,0
REQ-003561,LOC-06,SVC-04,Routine,35.3,2026-02-06,185,True,4,0,2,0,6,189,0
REQ-003562,LOC-10,SVC-09,Routine,14.8,2026-02-06,218,True,4,0,2,0,6,189,0
REQ-003563,LOC-01,SVC-02,Routine,21.5,2026-02-06,168,True,4,0,2,0,6,189,0
REQ-003564,LOC-08,SVC-02,Priority,16.6,2026-02-06,94,True,4,0,2,0,6,189,0
REQ-003565,LOC-09,SVC-07,Priority,64.4,2026-02-06,94,True,4,0,2,0,6,189,0
REQ-003566,LOC-05,SVC-02,Routine,47.0,2026-02-06,168,True,4,0,2,0,6,189,0
REQ-003567,LOC-01,SVC-01,Routine,27.4,2026-02-06,168,True,4,0,2,0,6,189,0
REQ-003568,LOC-08,SVC-06,Routine,21.9,2026-02-06,218,True,4,0,2,0,6,189,0
REQ-003570,LOC-08,SVC-02,Routine,32.3,2026-02-06,218,True,4,0,2,0,6,189,0
REQ-003572,LOC-07,SVC-04,Routine,9.0,2026-02-06,185,True,4,0,2,0,6,189,0
REQ-003573,LOC-06,SVC-06,Routine,14.5,2026-02-06,185,True,4,0,2,0,6,189,0
REQ-003574,LOC-10,SVC-04,Priority,88.1,2026-02-06,94,True,4,0,2,0,6,189,0
REQ-003575,LOC-06,SVC-01,Priority,14.9,2026-02-06,79,True,4,0,2,0,6,189,0
REQ-003576,LOC-07,SVC-01,Routine,43.6,2026-02-06,185,True,4,0,2,0,6,189,0
REQ-003577,LOC-05,SVC-08,Routine,85.9,2026-02-06,168,True,4,0,2,0,6,189,0
REQ-003578,LOC-06,SVC-02,Urgent,27.8,2026-02-06,26,False,4,0,2,0,6,189,1
REQ-003579,LOC-08,SVC-01,Priority,32.1,2026-02-06,94,True,4,0,2,0,6,189,0
REQ-003580,LOC-01,SVC-06,Routine,59.8,2026-02-06,168,True,4,0,2,0,6,189,0
REQ-003581,LOC-09,SVC-01,Priority,36.3,2026-02-06,94,True,4,0,2,0,6,189,0
REQ-003583,LOC-07,SVC-09,Priority,42.9,2026-02-06,79,True,4,0,2,0,6,189,0
REQ-003584,LOC-08,SVC-05,Routine,13.8,2026-02-07,218,True,5,1,2,0,6,190,0
REQ-003585,LOC-05,SVC-03,Routine,37.1,2026-02-07,168,True,5,1,2,0,6,190,0
REQ-003586,LOC-07,SVC-07,Routine,27.9,2026-02-07,185,True,5,1,2,0,6,190,0
REQ-003588,LOC-06,SVC-02,Routine,4.2,2026-02-07,185,True,5,1,2,0,6,190,0
REQ-003589,LOC-08,SVC-02,Priority,63.3,2026-02-07,94,True,5,1,2,0,6,190,0
REQ-003591,LOC-03,SVC-03,Routine,36.3,2026-02-08,168,True,6,1,2,0,6,191,0
REQ-003592,LOC-07,SVC-02,Routine,10.9,2026-02-08,185,True,6,1,2,0,6,191,0
REQ-003593,LOC-10,SVC-03,Urgent,67.7,2026-02-08,31,True,6,1,2,0,6,191,0
REQ-003594,LOC-06,SVC-02,Priority,44.6,2026-02-08,79,True,6,1,2,0,6,191,0
REQ-003595,LOC-09,SVC-04,Routine,14.9,2026-02-08,218,True,6,1,2,0,6,191,0
REQ-003596,LOC-10,SVC-04,Routine,46.8,2026-02-08,218,True,6,1,2,0,6,191,0
REQ-003597,LOC-03,SVC-07,Priority,18.3,2026-02-08,72,True,6,1,2,0,6,191,0
REQ-003598,LOC-03,SVC-07,Priority,77.5,2026-02-08,72,True,6,1,2,0,6,191,0
REQ-003599,LOC-06,SVC-02,Routine,38.2,2026-02-09,185,True,0,0,2,0,7,192,0
REQ-003600,LOC-05,SVC-01,Priority,37.2,2026-02-09,72,True,0,0,2,0,7,192,0
REQ-003601,LOC-08,SVC-02,Priority,56.5,2026-02-09,94,True,0,0,2,0,7,192,0
REQ-003602,LOC-03,SVC-04,Emergency,33.2,2026-02-09,4,False,0,0,2,0,7,192,1
REQ-003603,LOC-01,SVC-06,Priority,82.2,2026-02-09,72,True,0,0,2,0,7,192,0
REQ-003605,LOC-07,SVC-03,Routine,40.7,2026-02-09,185,True,0,0,2,0,7,192,0
REQ-003606,LOC-08,SVC-05,Urgent,42.8,2026-02-09,31,True,0,0,2,0,7,192,0
REQ-003608,LOC-05,SVC-01,Priority,46.8,2026-02-09,72,True,0,0,2,0,7,192,0
REQ-003609,LOC-01,SVC-06,Priority,12.9,2026-02-09,72,True,0,0,2,0,7,192,0
REQ-003610,LOC-06,SVC-05,Priority,33.0,2026-02-09,79,True,0,0,2,0,7,192,0
REQ-003611,LOC-06,SVC-06,Emergency,92.4,2026-02-09,4,False,0,0,2,0,7,192,1
REQ-003612,LOC-06,SVC-03,Routine,53.6,2026-02-09,185,True,0,0,2,0,7,192,0
REQ-003613,LOC-01,SVC-05,Priority,39.1,2026-02-09,72,True,0,0,2,0,7,192,0
REQ-003614,LOC-06,SVC-01,Routine,38.8,2026-02-09,185,True,0,0,2,0,7,192,0
REQ-003615,LOC-06,SVC-05,Routine,22.4,2026-02-09,185,True,0,0,2,0,7,192,0
REQ-003616,LOC-10,SVC-06,Routine,1.4,2026-02-09,218,True,0,0,2,0,7,192,0
REQ-003617,LOC-10,SVC-04,Priority,63.3,2026-02-09,94,True,0,0,2,0,7,192,0
REQ-003618,LOC-04,SVC-03,Routine,17.3,2026-02-09,168,True,0,0,2,0,7,192,0
REQ-003619,LOC-07,SVC-07,Priority,58.9,2026-02-09,79,False,0,0,2,0,7,192,1
REQ-003621,LOC-01,SVC-06,Urgent,68.1,2026-02-09,24,False,0,0,2,0,7,192,1
REQ-003622,LOC-10,SVC-03,Urgent,75.9,2026-02-09,31,True,0,0,2,0,7,192,0
REQ-003623,LOC-02,SVC-05,Priority,63.3,2026-02-10,72,False,1,0,2,0,7,193,1
REQ-003624,LOC-06,SVC-03,Routine,17.0,2026-02-10,185,True,1,0,2,0,7,193,0
REQ-003625,LOC-01,SVC-06,Urgent,21.7,2026-02-10,24,False,1,0,2,0,7,193,1
REQ-003626,LOC-08,SVC-01,Routine,23.7,2026-02-10,218,True,1,0,2,0,7,193,0
REQ-003628,LOC-06,SVC-01,Urgent,17.0,2026-02-10,26,True,1,0,2,0,7,193,0
REQ-003629,LOC-07,SVC-05,Emergency,39.6,2026-02-10,4,False,1,0,2,0,7,193,1
REQ-003630,LOC-01,SVC-07,Routine,35.9,2026-02-10,168,True,1,0,2,0,7,193,0
REQ-003631,LOC-01,SVC-06,Priority,36.3,2026-02-10,72,True,1,0,2,0,7,193,0
REQ-003632,LOC-06,SVC-06,Priority,33.5,2026-02-10,79,True,1,0,2,0,7,193,0
REQ-003633,LOC-03,SVC-06,Routine,16.6,2026-02-10,168,True,1,0,2,0,7,193,0
REQ-003634,LOC-03,SVC-01,Routine,48.8,2026-02-10,168,True,1,0,2,0,7,193,0
REQ-003635,LOC-03,SVC-01,Routine,17.9,2026-02-10,168,True,1,0,2,0,7,193,0
REQ-003636,LOC-08,SVC-04,Routine,17.1,2026-02-10,218,True,1,0,2,0,7,193,0
REQ-003637,LOC-06,SVC-01,Emergency,62.6,2026-02-10,4,True,1,0,2,0,7,193,0
REQ-003638,LOC-06,SVC-05,Routine,34.4,2026-02-10,185,True,1,0,2,0,7,193,0
REQ-003640,LOC-06,SVC-07,Urgent,32.3,2026-02-10,26,True,1,0,2,0,7,193,0
REQ-003642,LOC-08,SVC-02,Routine,34.0,2026-02-10,218,True,1,0,2,0,7,193,0
REQ-003643,LOC-10,SVC-06,Priority,27.4,2026-02-10,94,True,1,0,2,0,7,193,0
REQ-003644,LOC-05,SVC-09,Urgent,43.1,2026-02-10,24,False,1,0,2,0,7,193,1
REQ-003645,LOC-01,SVC-03,Urgent,11.9,2026-02-10,24,True,1,0,2,0,7,193,0
REQ-003646,LOC-03,SVC-01,Routine,22.3,2026-02-10,168,True,1,0,2,0,7,193,0
REQ-003647,LOC-05,SVC-05,Routine,41.9,2026-02-10,168,True,1,0,2,0,7,193,0
REQ-003648,LOC-10,SVC-01,Priority,22.0,2026-02-10,94,True,1,0,2,0,7,193,0
REQ-003650,LOC-09,SVC-06,Routine,86.2,2026-02-10,218,True,1,0,2,0,7,193,0
REQ-003651,LOC-03,SVC-01,Emergency,78.0,2026-02-10,4,False,1,0,2,0,7,193,1
REQ-003652,LOC-01,SVC-04,Priority,37.5,2026-02-10,72,True,1,0,2,0,7,193,0
REQ-003653,LOC-02,SVC-02,Routine,44.8,2026-02-10,168,True,1,0,2,0,7,193,0
REQ-003654,LOC-04,SVC-01,Priority,38.4,2026-02-10,72,True,1,0,2,0,7,193,0
REQ-003655,LOC-01,SVC-06,Routine,18.9,2026-02-10,168,True,1,0,2,0,7,193,0
REQ-003656,LOC-05,SVC-02,Priority,86.6,2026-02-10,72,True,1,0,2,0,7,193,0
REQ-003657,LOC-01,SVC-08,Routine,18.0,2026-02-10,168,True,1,0,2,0,7,193,0
REQ-003659,LOC-09,SVC-04,Priority,44.1,2026-02-11,94,True,2,0,2,0,7,194,0
REQ-003660,LOC-06,SVC-01,Routine,26.7,2026-02-11,185,True,2,0,2,0,7,194,0
REQ-003661,LOC-06,SVC-03,Routine,29.8,2026-02-11,185,True,2,0,2,0,7,194,0
REQ-003663,LOC-02,SVC-05,Priority,55.0,2026-02-11,72,True,2,0,2,0,7,194,0
REQ-003664,LOC-10,SVC-01,Routine,73.6,2026-02-11,218,True,2,0,2,0,7,194,0
REQ-003665,LOC-10,SVC-03,Priority,39.8,2026-02-11,94,True,2,0,2,0,7,194,0
REQ-003666,LOC-06,SVC-04,Priority,22.1,2026-02-11,79,True,2,0,2,0,7,194,0
REQ-003667,LOC-06,SVC-02,Routine,26.6,2026-02-11,185,True,2,0,2,0,7,194,0
REQ-003668,LOC-02,SVC-01,Urgent,12.0,2026-02-11,24,True,2,0,2,0,7,194,0
REQ-003669,LOC-03,SVC-04,Urgent,58.1,2026-02-11,24,True,2,0,2,0,7,194,0
REQ-003670,LOC-02,SVC-02,Priority,20.6,2026-02-11,72,True,2,0,2,0,7,194,0
REQ-003672,LOC-03,SVC-06,Urgent,42.6,2026-02-11,24,True,2,0,2,0,7,194,0
REQ-003673,LOC-09,SVC-01,Routine,32.4,2026-02-11,218,True,2,0,2,0,7,194,0
REQ-003674,LOC-03,SVC-07,Routine,26.6,2026-02-11,168,True,2,0,2,0,7,194,0
REQ-003675,LOC-08,SVC-04,Routine,11.9,2026-02-11,218,True,2,0,2,0,7,194,0
REQ-003677,LOC-08,SVC-01,Routine,46.6,2026-02-11,218,True,2,0,2,0,7,194,0
REQ-003678,LOC-04,SVC-01,Priority,31.7,2026-02-11,72,True,2,0,2,0,7,194,0
REQ-003679,LOC-07,SVC-01,Routine,45.6,2026-02-11,185,True,2,0,2,0,7,194,0
REQ-003680,LOC-02,SVC-06,Urgent,38.5,2026-02-11,24,True,2,0,2,0,7,194,0
REQ-003681,LOC-02,SVC-01,Priority,39.1,2026-02-11,72,True,2,0,2,0,7,194,0
REQ-003682,LOC-04,SVC-02,Routine,6.1,2026-02-11,168,True,2,0,2,0,7,194,0
REQ-003683,LOC-02,SVC-07,Priority,38.6,2026-02-11,72,True,2,0,2,0,7,194,0
REQ-003684,LOC-07,SVC-05,Routine,10.9,2026-02-11,185,True,2,0,2,0,7,194,0
REQ-003685,LOC-03,SVC-06,Routine,9.2,2026-02-12,168,True,3,0,2,0,7,195,0
REQ-003686,LOC-06,SVC-07,Routine,24.3,2026-02-12,185,True,3,0,2,0,7,195,0
REQ-003687,LOC-01,SVC-01,Routine,35.9,2026-02-12,168,True,3,0,2,0,7,195,0
REQ-003689,LOC-07,SVC-04,Routine,18.3,2026-02-12,185,True,3,0,2,0,7,195,0
REQ-003690,LOC-03,SVC-01,Routine,15.4,2026-02-12,168,True,3,0,2,0,7,195,0
REQ-003691,LOC-10,SVC-06,Urgent,55.3,2026-02-12,31,False,3,0,2,0,7,195,1
REQ-003693,LOC-08,SVC-02,Routine,42.2,2026-02-12,218,True,3,0,2,0,7,195,0
REQ-003694,LOC-07,SVC-09,Routine,13.3,2026-02-12,185,True,3,0,2,0,7,195,0
REQ-003695,LOC-05,SVC-05,Priority,36.3,2026-02-12,72,True,3,0,2,0,7,195,0
REQ-003696,LOC-05,SVC-05,Urgent,80.5,2026-02-12,24,True,3,0,2,0,7,195,0
REQ-003697,LOC-02,SVC-09,Routine,15.0,2026-02-12,168,True,3,0,2,0,7,195,0
REQ-003698,LOC-10,SVC-07,Priority,65.3,2026-02-12,94,True,3,0,2,0,7,195,0
REQ-003699,LOC-02,SVC-01,Urgent,30.5,2026-02-12,24,True,3,0,2,0,7,195,0
REQ-003700,LOC-08,SVC-03,Emergency,66.7,2026-02-12,5,True,3,0,2,0,7,195,0
REQ-003701,LOC-06,SVC-01,Priority,27.0,2026-02-12,79,True,3,0,2,0,7,195,0
REQ-003702,LOC-07,SVC-02,Routine,13.3,2026-02-12,185,True,3,0,2,0,7,195,0
REQ-003703,LOC-10,SVC-06,Routine,15.3,2026-02-12,218,True,3,0,2,0,7,195,0
REQ-003704,LOC-04,SVC-02,Routine,35.6,2026-02-12,168,True,3,0,2,0,7,195,0
REQ-003705,LOC-07,SVC-06,Priority,69.2,2026-02-12,79,True,3,0,2,0,7,195,0
REQ-003706,LOC-02,SVC-07,Priority,88.8,2026-02-12,72,False,3,0,2,0,7,195,1
REQ-003707,LOC-05,SVC-08,Routine,41.2,2026-02-12,168,True,3,0,2,0,7,195,0
REQ-003708,LOC-06,SVC-02,Routine,35.4,2026-02-12,185,True,3,0,2,0,7,195,0
REQ-003709,LOC-06,SVC-03,Urgent,34.8,2026-02-12,26,True,3,0,2,0,7,195,0
REQ-003710,LOC-02,SVC-09,Routine,20.9,2026-02-12,168,True,3,0,2,0,7,195,0
REQ-003711,LOC-07,SVC-02,Priority,84.2,2026-02-12,79,True,3,0,2,0,7,195,0
REQ-003712,LOC-01,SVC-01,Routine,37.7,2026-02-12,168,True,3,0,2,0,7,195,0
REQ-003713,LOC-07,SVC-01,Priority,36.5,2026-02-12,79,True,3,0,2,0,7,195,0
REQ-003714,LOC-10,SVC-01,Urgent,14.1,2026-02-12,31,True,3,0,2,0,7,195,0
REQ-003716,LOC-03,SVC-01,Priority,36.3,2026-02-12,72,True,3,0,2,0,7,195,0
REQ-003717,LOC-10,SVC-04,Routine,14.6,2026-02-13,218,True,4,0,2,0,7,196,0
REQ-003718,LOC-07,SVC-07,Urgent,38.6,2026-02-13,26,True,4,0,2,0,7,196,0
REQ-003719,LOC-01,SVC-06,Routine,40.9,2026-02-13,168,True,4,0,2,0,7,196,0
REQ-003720,LOC-10,SVC-02,Urgent,41.5,2026-02-13,31,False,4,0,2,0,7,196,1
REQ-003721,LOC-07,SVC-02,Routine,15.4,2026-02-13,185,True,4,0,2,0,7,196,0
REQ-003722,LOC-01,SVC-07,Routine,14.9,2026-02-13,168,True,4,0,2,0,7,196,0
REQ-003723,LOC-10,SVC-01,Priority,79.0,2026-02-13,94,True,4,0,2,0,7,196,0
REQ-003724,LOC-03,SVC-01,Routine,17.4,2026-02-13,168,True,4,0,2,0,7,196,0
REQ-003725,LOC-01,SVC-07,Priority,30.7,2026-02-13,72,True,4,0,2,0,7,196,0
REQ-003726,LOC-08,SVC-05,Priority,14.1,2026-02-13,94,True,4,0,2,0,7,196,0
REQ-003727,LOC-06,SVC-07,Urgent,23.3,2026-02-13,26,False,4,0,2,0,7,196,1
REQ-003728,LOC-08,SVC-03,Urgent,39.4,2026-02-13,31,True,4,0,2,0,7,196,0
REQ-003729,LOC-06,SVC-07,Priority,25.3,2026-02-13,79,True,4,0,2,0,7,196,0
REQ-003731,LOC-07,SVC-02,Routine,36.4,2026-02-13,185,True,4,0,2,0,7,196,0
REQ-003733,LOC-06,SVC-05,Priority,31.7,2026-02-13,79,True,4,0,2,0,7,196,0
REQ-003734,LOC-07,SVC-04,Urgent,9.3,2026-02-13,26,True,4,0,2,0,7,196,0
REQ-003736,LOC-08,SVC-05,Routine,7.1,2026-02-13,218,True,4,0,2,0,7,196,0
REQ-003737,LOC-07,SVC-01,Priority,41.4,2026-02-13,79,True,4,0,2,0,7,196,0
REQ-003738,LOC-06,SVC-03,Routine,19.9,2026-02-13,185,True,4,0,2,0,7,196,0
REQ-003739,LOC-06,SVC-01,Routine,8.8,2026-02-13,185,True,4,0,2,0,7,196,0
REQ-003740,LOC-09,SVC-04,Urgent,36.3,2026-02-13,31,True,4,0,2,0,7,196,0
REQ-003741,LOC-08,SVC-02,Routine,24.3,2026-02-13,218,True,4,0,2,0,7,196,0
REQ-003742,LOC-08,SVC-05,Priority,15.6,2026-02-13,94,True,4,0,2,0,7,196,0
REQ-003743,LOC-03,SVC-04,Routine,40.6,2026-02-14,168,True,5,1,2,0,7,197,0
REQ-003744,LOC-05,SVC-01,Priority,74.0,2026-02-14,72,True,5,1,2,0,7,197,0
REQ-003746,LOC-09,SVC-03,Routine,6.7,2026-02-14,218,True,5,1,2,0,7,197,0
REQ-003748,LOC-01,SVC-05,Priority,26.9,2026-02-14,72,True,5,1,2,0,7,197,0
REQ-003749,LOC-06,SVC-05,Routine,16.3,2026-02-14,185,True,5,1,2,0,7,197,0
REQ-003751,LOC-09,SVC-01,Urgent,39.6,2026-02-14,31,True,5,1,2,0,7,197,0
REQ-003752,LOC-07,SVC-04,Routine,37.1,2026-02-15,185,True,6,1,2,0,7,198,0
REQ-003753,LOC-08,SVC-04,Routine,5.8,2026-02-15,218,True,6,1,2,0,7,198,0
REQ-003754,LOC-01,SVC-08,Priority,74.2,2026-02-15,72,True,6,1,2,0,7,198,0
REQ-003755,LOC-03,SVC-01,Routine,22.2,2026-02-15,168,True,6,1,2,0,7,198,0
REQ-003756,LOC-01,SVC-04,Routine,49.7,2026-02-15,168,True,6,1,2,0,7,198,0
REQ-003759,LOC-07,SVC-01,Priority,9.3,2026-02-15,79,True,6,1,2,0,7,198,0
REQ-003760,LOC-03,SVC-05,Priority,15.5,2026-02-15,72,True,6,1,2,0,7,198,0
REQ-003761,LOC-06,SVC-06,Routine,30.1,2026-02-16,185,True,0,0,2,0,8,199,0
REQ-003763,LOC-08,SVC-06,Routine,25.2,2026-02-16,218,True,0,0,2,0,8,199,0
REQ-003764,LOC-07,SVC-09,Routine,14.8,2026-02-16,185,True,0,0,2,0,8,199,0
REQ-003765,LOC-07,SVC-03,Routine,37.9,2026-02-16,185,True,0,0,2,0,8,199,0
REQ-003766,LOC-06,SVC-07,Priority,34.9,2026-02-16,79,True,0,0,2,0,8,199,0
REQ-003767,LOC-03,SVC-06,Routine,3.8,2026-02-16,168,True,0,0,2,0,8,199,0
REQ-003768,LOC-09,SVC-08,Routine,54.5,2026-02-16,218,True,0,0,2,0,8,199,0
REQ-003769,LOC-02,SVC-05,Priority,20.0,2026-02-16,72,True,0,0,2,0,8,199,0
REQ-003770,LOC-10,SVC-04,Routine,21.0,2026-02-16,218,True,0,0,2,0,8,199,0
REQ-003772,LOC-07,SVC-01,Routine,14.6,2026-02-16,185,True,0,0,2,0,8,199,0
REQ-003773,LOC-03,SVC-02,Routine,30.1,2026-02-16,168,True,0,0,2,0,8,199,0
REQ-003774,LOC-01,SVC-05,Urgent,50.4,2026-02-16,24,True,0,0,2,0,8,199,0
REQ-003775,LOC-02,SVC-05,Routine,82.9,2026-02-16,168,True,0,0,2,0,8,199,0
REQ-003776,LOC-05,SVC-06,Routine,41.6,2026-02-16,168,True,0,0,2,0,8,199,0
REQ-003777,LOC-09,SVC-01,Priority,71.6,2026-02-16,94,True,0,0,2,0,8,199,0
REQ-003778,LOC-03,SVC-06,Priority,62.9,2026-02-16,72,True,0,0,2,0,8,199,0
REQ-003779,LOC-10,SVC-02,Routine,21.2,2026-02-16,218,True,0,0,2,0,8,199,0
REQ-003781,LOC-03,SVC-05,Priority,83.4,2026-02-17,72,True,1,0,2,0,8,200,0
REQ-003782,LOC-01,SVC-05,Routine,69.6,2026-02-17,168,True,1,0,2,0,8,200,0
REQ-003783,LOC-06,SVC-05,Urgent,74.5,2026-02-17,26,True,1,0,2,0,8,200,0
REQ-003784,LOC-02,SVC-09,Routine,27.3,2026-02-17,168,True,1,0,2,0,8,200,0
REQ-003785,LOC-06,SVC-03,Priority,64.6,2026-02-17,79,True,1,0,2,0,8,200,0
REQ-003786,LOC-09,SVC-06,Routine,46.7,2026-02-17,218,True,1,0,2,0,8,200,0
REQ-003787,LOC-06,SVC-01,Priority,71.8,2026-02-17,79,True,1,0,2,0,8,200,0
REQ-003788,LOC-05,SVC-01,Routine,51.1,2026-02-17,168,True,1,0,2,0,8,200,0
REQ-003789,LOC-05,SVC-08,Urgent,61.6,2026-02-17,24,True,1,0,2,0,8,200,0
REQ-003790,LOC-06,SVC-05,Urgent,64.8,2026-02-17,26,True,1,0,2,0,8,200,0
REQ-003791,LOC-05,SVC-06,Priority,53.9,2026-02-17,72,True,1,0,2,0,8,200,0
REQ-003792,LOC-06,SVC-02,Priority,18.4,2026-02-17,79,True,1,0,2,0,8,200,0
REQ-003793,LOC-03,SVC-02,Priority,43.9,2026-02-17,72,True,1,0,2,0,8,200,0
REQ-003795,LOC-07,SVC-01,Urgent,34.2,2026-02-17,26,False,1,0,2,0,8,200,1
REQ-003796,LOC-09,SVC-02,Priority,27.4,2026-02-17,94,True,1,0,2,0,8,200,0
REQ-003797,LOC-07,SVC-03,Routine,19.8,2026-02-17,185,True,1,0,2,0,8,200,0
REQ-003798,LOC-02,SVC-02,Emergency,72.6,2026-02-17,4,False,1,0,2,0,8,200,1
REQ-003799,LOC-08,SVC-06,Priority,54.4,2026-02-17,94,True,1,0,2,0,8,200,0
REQ-003800,LOC-06,SVC-05,Routine,16.7,2026-02-17,185,True,1,0,2,0,8,200,0
REQ-003801,LOC-09,SVC-06,Routine,35.1,2026-02-17,218,True,1,0,2,0,8,200,0
REQ-003802,LOC-04,SVC-06,Urgent,32.5,2026-02-17,24,True,1,0,2,0,8,200,0
REQ-003803,LOC-04,SVC-08,Urgent,63.8,2026-02-18,24,True,2,0,2,0,8,201,0
REQ-003804,LOC-07,SVC-01,Urgent,45.7,2026-02-18,26,False,2,0,2,0,8,201,1
REQ-003805,LOC-08,SVC-03,Priority,36.4,2026-02-18,94,True,2,0,2,0,8,201,0
REQ-003806,LOC-09,SVC-05,Routine,26.0,2026-02-18,218,True,2,0,2,0,8,201,0
REQ-003807,LOC-10,SVC-03,Urgent,66.9,2026-02-18,31,False,2,0,2,0,8,201,1
REQ-003808,LOC-03,SVC-05,Routine,10.9,2026-02-18,168,True,2,0,2,0,8,201,0
REQ-003809,LOC-10,SVC-04,Routine,13.0,2026-02-18,218,True,2,0,2,0,8,201,0
REQ-003810,LOC-05,SVC-01,Routine,41.2,2026-02-18,168,True,2,0,2,0,8,201,0
REQ-003811,LOC-10,SVC-01,Routine,40.8,2026-02-18,218,True,2,0,2,0,8,201,0
REQ-003812,LOC-08,SVC-04,Routine,40.9,2026-02-18,218,True,2,0,2,0,8,201,0
REQ-003813,LOC-09,SVC-04,Routine,50.5,2026-02-18,218,True,2,0,2,0,8,201,0
REQ-003814,LOC-08,SVC-01,Priority,98.7,2026-02-18,94,True,2,0,2,0,8,201,0
REQ-003815,LOC-03,SVC-07,Routine,35.5,2026-02-18,168,True,2,0,2,0,8,201,0
REQ-003816,LOC-05,SVC-03,Routine,24.6,2026-02-18,168,True,2,0,2,0,8,201,0
REQ-003818,LOC-06,SVC-03,Routine,17.9,2026-02-18,185,True,2,0,2,0,8,201,0
REQ-003819,LOC-03,SVC-08,Urgent,14.5,2026-02-18,24,True,2,0,2,0,8,201,0
REQ-003820,LOC-01,SVC-07,Routine,39.6,2026-02-18,168,True,2,0,2,0,8,201,0
REQ-003821,LOC-07,SVC-03,Routine,10.7,2026-02-18,185,True,2,0,2,0,8,201,0
REQ-003822,LOC-09,SVC-01,Priority,33.4,2026-02-19,94,True,3,0,2,0,8,202,0
REQ-003823,LOC-08,SVC-02,Routine,10.9,2026-02-19,218,True,3,0,2,0,8,202,0
REQ-003824,LOC-06,SVC-05,Routine,43.8,2026-02-19,185,True,3,0,2,0,8,202,0
REQ-003825,LOC-05,SVC-05,Urgent,34.6,2026-02-19,24,True,3,0,2,0,8,202,0
REQ-003826,LOC-01,SVC-06,Routine,13.5,2026-02-19,168,True,3,0,2,0,8,202,0
REQ-003827,LOC-02,SVC-09,Urgent,56.3,2026-02-19,24,True,3,0,2,0,8,202,0
REQ-003828,LOC-02,SVC-02,Priority,40.1,2026-02-19,72,True,3,0,2,0,8,202,0
REQ-003829,LOC-06,SVC-07,Routine,13.6,2026-02-19,185,True,3,0,2,0,8,202,0
REQ-003830,LOC-10,SVC-06,Routine,4.8,2026-02-19,218,True,3,0,2,0,8,202,0
REQ-003831,LOC-04,SVC-02,Urgent,84.2,2026-02-19,24,True,3,0,2,0,8,202,0
REQ-003832,LOC-09,SVC-07,Routine,47.7,2026-02-19,218,True,3,0,2,0,8,202,0
REQ-003833,LOC-10,SVC-02,Routine,12.9,2026-02-19,218,True,3,0,2,0,8,202,0
REQ-003834,LOC-10,SVC-05,Routine,7.0,2026-02-19,218,True,3,0,2,0,8,202,0
REQ-003835,LOC-02,SVC-01,Priority,39.9,2026-02-19,72,True,3,0,2,0,8,202,0
REQ-003836,LOC-06,SVC-02,Routine,16.7,2026-02-19,185,True,3,0,2,0,8,202,0
REQ-003837,LOC-05,SVC-04,Priority,55.1,2026-02-19,72,True,3,0,2,0,8,202,0
REQ-003838,LOC-01,SVC-05,Routine,52.7,2026-02-19,168,True,3,0,2,0,8,202,0
REQ-003839,LOC-05,SVC-05,Urgent,60.4,2026-02-19,24,True,3,0,2,0,8,202,0
REQ-003840,LOC-05,SVC-04,Routine,43.4,2026-02-19,168,True,3,0,2,0,8,202,0
REQ-003841,LOC-09,SVC-06,Routine,39.8,2026-02-19,218,True,3,0,2,0,8,202,0
REQ-003842,LOC-09,SVC-02,Priority,64.7,2026-02-19,94,False,3,0,2,0,8,202,1
REQ-003843,LOC-02,SVC-03,Routine,17.5,2026-02-19,168,True,3,0,2,0,8,202,0
REQ-003844,LOC-05,SVC-05,Priority,62.0,2026-02-19,72,True,3,0,2,0,8,202,0
REQ-003845,LOC-10,SVC-08,Routine,43.7,2026-02-19,218,True,3,0,2,0,8,202,0
REQ-003846,LOC-06,SVC-01,Priority,83.3,2026-02-19,79,False,3,0,2,0,8,202,1
REQ-003847,LOC-01,SVC-03,Routine,53.3,2026-02-19,168,True,3,0,2,0,8,202,0
REQ-003850,LOC-01,SVC-03,Priority,22.4,2026-02-20,72,True,4,0,2,0,8,203,0
REQ-003851,LOC-03,SVC-09,Urgent,91.0,2026-02-20,24,True,4,0,2,0,8,203,0
REQ-003852,LOC-09,SVC-03,Priority,65.9,2026-02-20,94,True,4,0,2,0,8,203,0
REQ-003853,LOC-05,SVC-07,Priority,15.6,2026-02-20,72,True,4,0,2,0,8,203,0
REQ-003854,LOC-10,SVC-05,Routine,39.7,2026-02-20,218,True,4,0,2,0,8,203,0
REQ-003855,LOC-08,SVC-01,Urgent,41.6,2026-02-20,31,True,4,0,2,0,8,203,0
REQ-003856,LOC-08,SVC-05,Routine,65.5,2026-02-20,218,True,4,0,2,0,8,203,0
REQ-003857,LOC-01,SVC-04,Routine,71.3,2026-02-20,168,True,4,0,2,0,8,203,0
REQ-003858,LOC-04,SVC-05,Emergency,85.1,2026-02-20,4,False,4,0,2,0,8,203,1
REQ-003859,LOC-01,SVC-01,Routine,12.8,2026-02-20,168,True,4,0,2,0,8,203,0
REQ-003860,LOC-05,SVC-01,Priority,63.3,2026-02-20,72,True,4,0,2,0,8,203,0
REQ-003861,LOC-09,SVC-01,Routine,33.6,2026-02-20,218,True,4,0,2,0,8,203,0
REQ-003862,LOC-06,SVC-09,Priority,40.6,2026-02-20,79,True,4,0,2,0,8,203,0
REQ-003863,LOC-06,SVC-04,Emergency,90.8,2026-02-20,4,False,4,0,2,0,8,203,1
REQ-003864,LOC-02,SVC-02,Priority,64.0,2026-02-20,72,True,4,0,2,0,8,203,0
REQ-003865,LOC-06,SVC-06,Urgent,82.6,2026-02-20,26,False,4,0,2,0,8,203,1
REQ-003866,LOC-02,SVC-03,Priority,83.1,2026-02-20,72,True,4,0,2,0,8,203,0
REQ-003868,LOC-07,SVC-09,Routine,24.6,2026-02-20,185,True,4,0,2,0,8,203,0
REQ-003869,LOC-10,SVC-09,Priority,51.6,2026-02-20,94,True,4,0,2,0,8,203,0
REQ-003870,LOC-06,SVC-09,Urgent,33.6,2026-02-21,26,True,5,1,2,0,8,204,0
REQ-003871,LOC-08,SVC-04,Routine,11.6,2026-02-21,218,True,5,1,2,0,8,204,0
REQ-003872,LOC-02,SVC-09,Priority,38.1,2026-02-21,72,True,5,1,2,0,8,204,0
REQ-003874,LOC-02,SVC-03,Urgent,12.4,2026-02-21,24,True,5,1,2,0,8,204,0
REQ-003876,LOC-06,SVC-01,Routine,43.2,2026-02-21,185,True,5,1,2,0,8,204,0
REQ-003877,LOC-04,SVC-09,Emergency,63.4,2026-02-21,4,False,5,1,2,0,8,204,1
REQ-003878,LOC-06,SVC-02,Routine,34.2,2026-02-22,185,True,6,1,2,0,8,205,0
REQ-003879,LOC-08,SVC-05,Routine,18.8,2026-02-22,218,True,6,1,2,0,8,205,0
REQ-003880,LOC-02,SVC-06,Priority,68.5,2026-02-22,72,True,6,1,2,0,8,205,0
REQ-003883,LOC-08,SVC-03,Routine,10.8,2026-02-22,218,True,6,1,2,0,8,205,0
REQ-003884,LOC-07,SVC-07,Routine,7.9,2026-02-22,185,True,6,1,2,0,8,205,0
REQ-003885,LOC-05,SVC-06,Routine,17.4,2026-02-22,168,True,6,1,2,0,8,205,0
REQ-003886,LOC-07,SVC-07,Urgent,36.3,2026-02-22,26,False,6,1,2,0,8,205,1
REQ-003888,LOC-07,SVC-03,Routine,14.5,2026-02-23,185,True,0,0,2,0,9,206,0
REQ-003889,LOC-07,SVC-07,Urgent,82.0,2026-02-23,26,False,0,0,2,0,9,206,1
REQ-003891,LOC-02,SVC-05,Emergency,65.4,2026-02-23,4,False,0,0,2,0,9,206,1
REQ-003892,LOC-01,SVC-01,Priority,35.9,2026-02-23,72,True,0,0,2,0,9,206,0
REQ-003893,LOC-05,SVC-01,Routine,39.4,2026-02-23,168,True,0,0,2,0,9,206,0
REQ-003894,LOC-10,SVC-01,Routine,13.8,2026-02-23,218,True,0,0,2,0,9,206,0
REQ-003896,LOC-08,SVC-05,Priority,21.3,2026-02-23,94,True,0,0,2,0,9,206,0
REQ-003898,LOC-01,SVC-03,Priority,39.6,2026-02-23,72,True,0,0,2,0,9,206,0
REQ-003899,LOC-01,SVC-01,Routine,47.2,2026-02-23,168,True,0,0,2,0,9,206,0
REQ-003900,LOC-09,SVC-05,Routine,36.3,2026-02-23,218,True,0,0,2,0,9,206,0
REQ-003901,LOC-02,SVC-01,Routine,65.1,2026-02-23,168,True,0,0,2,0,9,206,0
REQ-003902,LOC-10,SVC-04,Routine,24.6,2026-02-23,218,True,0,0,2,0,9,206,0
REQ-003903,LOC-06,SVC-05,Routine,25.8,2026-02-23,185,True,0,0,2,0,9,206,0
REQ-003904,LOC-10,SVC-01,Routine,15.0,2026-02-23,218,True,0,0,2,0,9,206,0
REQ-003905,LOC-02,SVC-05,Urgent,82.2,2026-02-23,24,True,0,0,2,0,9,206,0
REQ-003906,LOC-04,SVC-01,Priority,47.3,2026-02-23,72,True,0,0,2,0,9,206,0
REQ-003908,LOC-03,SVC-03,Urgent,47.4,2026-02-24,24,True,1,0,2,0,9,207,0
REQ-003910,LOC-07,SVC-01,Urgent,37.4,2026-02-24,26,False,1,0,2,0,9,207,1
REQ-003911,LOC-10,SVC-07,Routine,7.6,2026-02-24,218,True,1,0,2,0,9,207,0
REQ-003912,LOC-06,SVC-06,Priority,33.6,2026-02-24,79,True,1,0,2,0,9,207,0
REQ-003913,LOC-02,SVC-07,Routine,45.9,2026-02-24,168,True,1,0,2,0,9,207,0
REQ-003914,LOC-01,SVC-07,Priority,6.3,2026-02-24,72,True,1,0,2,0,9,207,0
REQ-003915,LOC-08,SVC-01,Routine,5.6,2026-02-24,218,True,1,0,2,0,9,207,0
REQ-003916,LOC-03,SVC-02,Routine,25.3,2026-02-24,168,True,1,0,2,0,9,207,0
REQ-003917,LOC-03,SVC-04,Priority,13.0,2026-02-24,72,True,1,0,2,0,9,207,0
REQ-003918,LOC-10,SVC-01,Routine,20.0,2026-02-24,218,True,1,0,2,0,9,207,0
REQ-003919,LOC-03,SVC-05,Routine,30.4,2026-02-24,168,True,1,0,2,0,9,207,0
REQ-003920,LOC-05,SVC-02,Priority,12.1,2026-02-24,72,True,1,0,2,0,9,207,0
REQ-003921,LOC-05,SVC-01,Urgent,55.3,2026-02-24,24,False,1,0,2,0,9,207,1
REQ-003922,LOC-05,SVC-05,Urgent,69.1,2026-02-24,24,True,1,0,2,0,9,207,0
REQ-003923,LOC-08,SVC-01,Priority,34.8,2026-02-24,94,True,1,0,2,0,9,207,0
REQ-003924,LOC-08,SVC-03,Routine,11.8,2026-02-24,218,True,1,0,2,0,9,207,0
REQ-003925,LOC-04,SVC-01,Routine,5.1,2026-02-24,168,True,1,0,2,0,9,207,0
REQ-003926,LOC-10,SVC-01,Priority,67.2,2026-02-24,94,True,1,0,2,0,9,207,0
REQ-003927,LOC-01,SVC-07,Routine,84.6,2026-02-24,168,True,1,0,2,0,9,207,0
REQ-003928,LOC-09,SVC-04,Priority,8.9,2026-02-24,94,True,1,0,2,0,9,207,0
REQ-003929,LOC-01,SVC-01,Priority,63.8,2026-02-24,72,True,1,0,2,0,9,207,0
REQ-003930,LOC-10,SVC-07,Routine,10.6,2026-02-25,218,True,2,0,2,0,9,208,0
REQ-003931,LOC-03,SVC-01,Routine,17.4,2026-02-25,168,True,2,0,2,0,9,208,0
REQ-003932,LOC-07,SVC-08,Routine,76.8,2026-02-25,185,True,2,0,2,0,9,208,0
REQ-003933,LOC-03,SVC-02,Urgent,31.7,2026-02-25,24,False,2,0,2,0,9,208,1
REQ-003934,LOC-07,SVC-05,Routine,59.3,2026-02-25,185,True,2,0,2,0,9,208,0
REQ-003935,LOC-04,SVC-06,Priority,48.2,2026-02-25,72,True,2,0,2,0,9,208,0
REQ-003936,LOC-07,SVC-05,Routine,37.5,2026-02-25,185,True,2,0,2,0,9,208,0
REQ-003937,LOC-06,SVC-05,Priority,44.2,2026-02-25,79,True,2,0,2,0,9,208,0
REQ-003938,LOC-01,SVC-05,Routine,36.3,2026-02-25,168,True,2,0,2,0,9,208,0
REQ-003940,LOC-01,SVC-07,Emergency,76.4,2026-02-25,4,False,2,0,2,0,9,208,1
REQ-003941,LOC-02,SVC-03,Urgent,62.4,2026-02-25,24,True,2,0,2,0,9,208,0
REQ-003942,LOC-03,SVC-07,Routine,24.1,2026-02-25,168,True,2,0,2,0,9,208,0
REQ-003943,LOC-07,SVC-02,Routine,15.3,2026-02-25,185,True,2,0,2,0,9,208,0
REQ-003945,LOC-05,SVC-09,Routine,35.4,2026-02-25,168,True,2,0,2,0,9,208,0
REQ-003946,LOC-10,SVC-05,Priority,24.5,2026-02-25,94,True,2,0,2,0,9,208,0
REQ-003947,LOC-07,SVC-06,Priority,38.6,2026-02-25,79,True,2,0,2,0,9,208,0
REQ-003949,LOC-08,SVC-05,Routine,65.5,2026-02-26,218,True,3,0,2,0,9,209,0
REQ-003950,LOC-04,SVC-09,Routine,27.0,2026-02-26,168,True,3,0,2,0,9,209,0
REQ-003951,LOC-09,SVC-07,Priority,27.6,2026-02-26,94,True,3,0,2,0,9,209,0
REQ-003952,LOC-10,SVC-07,Routine,38.6,2026-02-26,218,True,3,0,2,0,9,209,0
REQ-003954,LOC-04,SVC-02,Urgent,55.0,2026-02-26,24,False,3,0,2,0,9,209,1
REQ-003955,LOC-10,SVC-04,Routine,63.3,2026-02-26,218,True,3,0,2,0,9,209,0
REQ-003956,LOC-01,SVC-01,Routine,57.8,2026-02-26,168,True,3,0,2,0,9,209,0
REQ-003957,LOC-03,SVC-06,Emergency,44.8,2026-02-26,4,False,3,0,2,0,9,209,1
REQ-003958,LOC-06,SVC-08,Priority,44.2,2026-02-26,79,True,3,0,2,0,9,209,0
REQ-003959,LOC-01,SVC-08,Priority,60.6,2026-02-26,72,True,3,0,2,0,9,209,0
REQ-003960,LOC-05,SVC-06,Urgent,56.4,2026-02-26,24,True,3,0,2,0,9,209,0
REQ-003961,LOC-01,SVC-01,Routine,46.8,2026-02-26,168,True,3,0,2,0,9,209,0
REQ-003962,LOC-01,SVC-01,Routine,66.1,2026-02-26,168,True,3,0,2,0,9,209,0
REQ-003963,LOC-06,SVC-05,Routine,11.0,2026-02-26,185,True,3,0,2,0,9,209,0
REQ-003964,LOC-10,SVC-01,Emergency,16.0,2026-02-26,5,False,3,0,2,0,9,209,1
REQ-003965,LOC-08,SVC-01,Routine,6.5,2026-02-26,218,True,3,0,2,0,9,209,0
REQ-003966,LOC-05,SVC-01,Urgent,81.0,2026-02-26,24,True,3,0,2,0,9,209,0
REQ-003967,LOC-10,SVC-01,Urgent,70.8,2026-02-26,31,True,3,0,2,0,9,209,0
REQ-003968,LOC-06,SVC-01,Routine,12.9,2026-02-27,185,True,4,0,2,0,9,210,0
REQ-003970,LOC-06,SVC-04,Urgent,47.7,2026-02-27,26,True,4,0,2,0,9,210,0
REQ-003971,LOC-10,SVC-01,Priority,87.6,2026-02-27,94,True,4,0,2,0,9,210,0
REQ-003972,LOC-09,SVC-06,Routine,35.1,2026-02-27,218,True,4,0,2,0,9,210,0
REQ-003974,LOC-05,SVC-06,Routine,34.0,2026-02-27,168,True,4,0,2,0,9,210,0
REQ-003975,LOC-01,SVC-05,Priority,13.6,2026-02-27,72,True,4,0,2,0,9,210,0
REQ-003976,LOC-04,SVC-06,Priority,15.1,2026-02-27,72,True,4,0,2,0,9,210,0
REQ-003977,LOC-09,SVC-05,Routine,28.7,2026-02-27,218,True,4,0,2,0,9,210,0
REQ-003978,LOC-03,SVC-03,Routine,60.0,2026-02-27,168,True,4,0,2,0,9,210,0
REQ-003979,LOC-04,SVC-04,Routine,16.6,2026-02-27,168,True,4,0,2,0,9,210,0
REQ-003980,LOC-03,SVC-09,Priority,58.3,2026-02-27,72,True,4,0,2,0,9,210,0
REQ-003981,LOC-05,SVC-09,Priority,39.6,2026-02-27,72,True,4,0,2,0,9,210,0
REQ-003982,LOC-04,SVC-01,Priority,52.9,2026-02-27,72,True,4,0,2,0,9,210,0
REQ-003983,LOC-08,SVC-03,Urgent,26.5,2026-02-27,31,True,4,0,2,0,9,210,0
REQ-003985,LOC-09,SVC-05,Priority,46.1,2026-02-28,94,True,5,1,2,0,9,211,0
REQ-003986,LOC-02,SVC-08,Priority,43.4,2026-02-28,72,True,5,1,2,0,9,211,0
REQ-003987,LOC-02,SVC-01,Routine,16.4,2026-02-28,168,True,5,1,2,0,9,211,0
REQ-003988,LOC-10,SVC-02,Priority,8.1,2026-02-28,94,True,5,1,2,0,9,211,0
REQ-003989,LOC-05,SVC-02,Priority,68.1,2026-02-28,72,True,5,1,2,0,9,211,0
REQ-003990,LOC-05,SVC-06,Urgent,38.9,2026-02-28,24,True,5,1,2,0,9,211,0
REQ-003992,LOC-06,SVC-02,Routine,38.7,2026-02-28,185,True,5,1,2,0,9,211,0
REQ-003993,LOC-10,SVC-01,Priority,60.3,2026-02-28,94,True,5,1,2,0,9,211,0
REQ-003994,LOC-07,SVC-05,Routine,38.4,2026-02-28,185,True,5,1,2,0,9,211,0
REQ-003996,LOC-05,SVC-03,Routine,23.2,2026-02-28,168,True,5,1,2,0,9,211,0
REQ-003997,LOC-01,SVC-09,Routine,6.3,2026-02-28,168,True,5,1,2,0,9,211,0
REQ-003998,LOC-06,SVC-01,Priority,21.8,2026-02-28,79,True,5,1,2,0,9,211,0
REQ-003999,LOC-05,SVC-01,Routine,42.1,2026-03-01,168,True,6,1,3,0,9,212,0
REQ-004000,LOC-05,SVC-08,Routine,68.0,2026-03-01,168,True,6,1,3,0,9,212,0
REQ-004001,LOC-07,SVC-01,Urgent,35.3,2026-03-01,26,True,6,1,3,0,9,212,0
REQ-004002,LOC-02,SVC-01,Routine,51.8,2026-03-01,168,True,6,1,3,0,9,212,0
REQ-004003,LOC-01,SVC-04,Priority,55.1,2026-03-01,72,True,6,1,3,0,9,212,0
REQ-004004,LOC-02,SVC-02,Routine,40.2,2026-03-01,168,True,6,1,3,0,9,212,0
REQ-004005,LOC-05,SVC-07,Routine,30.7,2026-03-01,168,True,6,1,3,0,9,212,0
REQ-004006,LOC-05,SVC-06,Urgent,63.2,2026-03-01,24,True,6,1,3,0,9,212,0
REQ-004007,LOC-04,SVC-06,Priority,72.5,2026-03-01,72,True,6,1,3,0,9,212,0
REQ-004008,LOC-07,SVC-08,Routine,15.0,2026-03-01,185,True,6,1,3,0,9,212,0
REQ-004009,LOC-10,SVC-01,Priority,59.9,2026-03-01,94,True,6,1,3,0,9,212,0
REQ-004010,LOC-10,SVC-02,Routine,5.9,2026-03-01,218,True,6,1,3,0,9,212,0
REQ-004011,LOC-04,SVC-01,Routine,5.6,2026-03-02,168,True,0,0,3,0,10,213,0
REQ-004012,LOC-05,SVC-01,Routine,5.6,2026-03-02,168,True,0,0,3,0,10,213,0
REQ-004013,LOC-06,SVC-05,Routine,20.2,2026-03-02,185,True,0,0,3,0,10,213,0
REQ-004014,LOC-08,SVC-03,Priority,44.4,2026-03-02,94,True,0,0,3,0,10,213,0
REQ-004015,LOC-10,SVC-04,Routine,11.9,2026-03-02,218,True,0,0,3,0,10,213,0
REQ-004016,LOC-04,SVC-05,Urgent,56.3,2026-03-02,24,False,0,0,3,0,10,213,1
REQ-004017,LOC-08,SVC-06,Routine,14.7,2026-03-02,218,True,0,0,3,0,10,213,0
REQ-004018,LOC-06,SVC-08,Emergency,90.4,2026-03-02,4,False,0,0,3,0,10,213,1
REQ-004020,LOC-08,SVC-02,Priority,6.7,2026-03-02,94,True,0,0,3,0,10,213,0
REQ-004021,LOC-05,SVC-07,Routine,31.5,2026-03-02,168,True,0,0,3,0,10,213,0
REQ-004022,LOC-06,SVC-04,Routine,45.0,2026-03-02,185,True,0,0,3,0,10,213,0
REQ-004023,LOC-05,SVC-09,Urgent,33.3,2026-03-02,24,False,0,0,3,0,10,213,1
REQ-004024,LOC-08,SVC-01,Urgent,57.8,2026-03-02,31,False,0,0,3,0,10,213,1
REQ-004025,LOC-01,SVC-07,Routine,33.4,2026-03-02,168,True,0,0,3,0,10,213,0
REQ-004026,LOC-04,SVC-05,Routine,64.5,2026-03-02,168,True,0,0,3,0,10,213,0
REQ-004027,LOC-01,SVC-01,Routine,31.4,2026-03-02,168,True,0,0,3,0,10,213,0
REQ-004028,LOC-06,SVC-03,Routine,36.3,2026-03-02,185,True,0,0,3,0,10,213,0
REQ-004029,LOC-10,SVC-02,Urgent,36.3,2026-03-03,31,True,1,0,3,0,10,214,0
REQ-004030,LOC-03,SVC-04,Routine,34.4,2026-03-03,168,True,1,0,3,0,10,214,0
REQ-004031,LOC-01,SVC-05,Priority,16.2,2026-03-03,72,True,1,0,3,0,10,214,0
REQ-004032,LOC-06,SVC-04,Routine,62.3,2026-03-03,185,True,1,0,3,0,10,214,0
REQ-004033,LOC-01,SVC-01,Urgent,14.3,2026-03-03,24,True,1,0,3,0,10,214,0
REQ-004034,LOC-10,SVC-07,Routine,39.9,2026-03-03,218,True,1,0,3,0,10,214,0
REQ-004035,LOC-04,SVC-02,Priority,91.0,2026-03-03,72,True,1,0,3,0,10,214,0
REQ-004036,LOC-08,SVC-04,Routine,24.8,2026-03-03,218,True,1,0,3,0,10,214,0
REQ-004037,LOC-09,SVC-09,Priority,62.2,2026-03-03,94,True,1,0,3,0,10,214,0
REQ-004038,LOC-10,SVC-05,Routine,6.9,2026-03-03,218,True,1,0,3,0,10,214,0
REQ-004039,LOC-09,SVC-09,Emergency,88.2,2026-03-03,5,False,1,0,3,0,10,214,1
REQ-004040,LOC-01,SVC-04,Priority,61.5,2026-03-03,72,True,1,0,3,0,10,214,0
REQ-004041,LOC-02,SVC-05,Priority,37.7,2026-03-03,72,True,1,0,3,0,10,214,0
REQ-004042,LOC-06,SVC-05,Priority,16.6,2026-03-03,79,True,1,0,3,0,10,214,0
REQ-004043,LOC-07,SVC-08,Priority,84.7,2026-03-03,79,True,1,0,3,0,10,214,0
REQ-004044,LOC-02,SVC-01,Routine,34.3,2026-03-03,168,True,1,0,3,0,10,214,0
REQ-004045,LOC-02,SVC-06,Routine,8.2,2026-03-03,168,True,1,0,3,0,10,214,0
REQ-004046,LOC-10,SVC-04,Priority,88.1,2026-03-03,94,True,1,0,3,0,10,214,0
REQ-004047,LOC-01,SVC-09,Routine,83.9,2026-03-03,168,True,1,0,3,0,10,214,0
REQ-004048,LOC-05,SVC-07,Priority,82.6,2026-03-03,72,True,1,0,3,0,10,214,0
REQ-004050,LOC-08,SVC-06,Urgent,79.9,2026-03-03,31,True,1,0,3,0,10,214,0
REQ-004051,LOC-05,SVC-05,Routine,20.7,2026-03-03,168,True,1,0,3,0,10,214,0
REQ-004052,LOC-05,SVC-05,Routine,18.4,2026-03-04,168,True,2,0,3,0,10,215,0
REQ-004054,LOC-10,SVC-01,Emergency,78.8,2026-03-04,5,False,2,0,3,0,10,215,1
REQ-004055,LOC-02,SVC-07,Routine,14.9,2026-03-04,168,True,2,0,3,0,10,215,0
REQ-004056,LOC-04,SVC-01,Priority,21.3,2026-03-04,72,True,2,0,3,0,10,215,0
REQ-004058,LOC-03,SVC-01,Routine,30.6,2026-03-04,168,True,2,0,3,0,10,215,0
REQ-004059,LOC-01,SVC-04,Urgent,50.5,2026-03-04,24,True,2,0,3,0,10,215,0
REQ-004062,LOC-01,SVC-01,Priority,96.3,2026-03-04,72,True,2,0,3,0,10,215,0
REQ-004064,LOC-02,SVC-05,Emergency,86.6,2026-03-04,4,False,2,0,3,0,10,215,1
REQ-004065,LOC-07,SVC-02,Routine,12.1,2026-03-04,185,True,2,0,3,0,10,215,0
REQ-004066,LOC-04,SVC-04,Priority,33.9,2026-03-04,72,True,2,0,3,0,10,215,0
REQ-004068,LOC-10,SVC-08,Priority,42.7,2026-03-04,94,True,2,0,3,0,10,215,0
REQ-004069,LOC-06,SVC-02,Routine,7.2,2026-03-04,185,True,2,0,3,0,10,215,0
REQ-004072,LOC-02,SVC-01,Priority,61.7,2026-03-04,72,True,2,0,3,0,10,215,0
REQ-004073,LOC-08,SVC-07,Urgent,61.1,2026-03-05,31,True,3,0,3,0,10,216,0
REQ-004074,LOC-02,SVC-09,Priority,34.5,2026-03-05,72,True,3,0,3,0,10,216,0
REQ-004075,LOC-09,SVC-01,Routine,30.9,2026-03-05,218,True,3,0,3,0,10,216,0
REQ-004076,LOC-01,SVC-02,Routine,46.2,2026-03-05,168,True,3,0,3,0,10,216,0
REQ-004077,LOC-10,SVC-01,Priority,84.0,2026-03-05,94,True,3,0,3,0,10,216,0
REQ-004079,LOC-01,SVC-01,Routine,63.6,2026-03-05,168,True,3,0,3,0,10,216,0
REQ-004080,LOC-09,SVC-09,Routine,40.3,2026-03-05,218,True,3,0,3,0,10,216,0
REQ-004082,LOC-06,SVC-02,Urgent,16.4,2026-03-05,26,True,3,0,3,0,10,216,0
REQ-004083,LOC-07,SVC-06,Routine,59.4,2026-03-05,185,True,3,0,3,0,10,216,0
REQ-004084,LOC-03,SVC-07,Priority,40.1,2026-03-05,72,True,3,0,3,0,10,216,0
REQ-004085,LOC-06,SVC-03,Routine,9.4,2026-03-05,185,True,3,0,3,0,10,216,0
REQ-004086,LOC-10,SVC-09,Routine,36.9,2026-03-05,218,True,3,0,3,0,10,216,0
REQ-004087,LOC-07,SVC-01,Priority,46.3,2026-03-05,79,False,3,0,3,0,10,216,1
REQ-004089,LOC-10,SVC-05,Routine,18.6,2026-03-05,218,True,3,0,3,0,10,216,0
REQ-004090,LOC-06,SVC-08,Routine,39.6,2026-03-05,185,True,3,0,3,0,10,216,0
REQ-004091,LOC-05,SVC-06,Routine,87.0,2026-03-05,168,True,3,0,3,0,10,216,0
REQ-004092,LOC-02,SVC-02,Priority,86.0,2026-03-05,72,True,3,0,3,0,10,216,0
REQ-004093,LOC-08,SVC-03,Urgent,85.6,2026-03-05,31,True,3,0,3,0,10,216,0
REQ-004094,LOC-09,SVC-02,Priority,58.7,2026-03-05,94,True,3,0,3,0,10,216,0
REQ-004095,LOC-09,SVC-02,Priority,35.5,2026-03-05,94,True,3,0,3,0,10,216,0
REQ-004096,LOC-02,SVC-01,Priority,37.4,2026-03-05,72,True,3,0,3,0,10,216,0
REQ-004097,LOC-02,SVC-04,Priority,39.7,2026-03-05,72,True,3,0,3,0,10,216,0
REQ-004098,LOC-03,SVC-02,Emergency,55.3,2026-03-05,4,False,3,0,3,0,10,216,1
REQ-004099,LOC-07,SVC-01,Routine,60.1,2026-03-06,185,True,4,0,3,0,10,217,0
REQ-004100,LOC-08,SVC-01,Routine,41.7,2026-03-06,218,True,4,0,3,0,10,217,0
REQ-004101,LOC-01,SVC-01,Priority,41.0,2026-03-06,72,True,4,0,3,0,10,217,0
REQ-004102,LOC-01,SVC-03,Urgent,90.3,2026-03-06,24,True,4,0,3,0,10,217,0
REQ-004103,LOC-02,SVC-06,Routine,46.5,2026-03-06,168,True,4,0,3,0,10,217,0
REQ-004104,LOC-03,SVC-07,Routine,37.8,2026-03-06,168,True,4,0,3,0,10,217,0
REQ-004105,LOC-06,SVC-07,Routine,19.1,2026-03-06,185,True,4,0,3,0,10,217,0
REQ-004106,LOC-03,SVC-03,Routine,19.9,2026-03-06,168,True,4,0,3,0,10,217,0
REQ-004107,LOC-02,SVC-01,Priority,93.3,2026-03-06,72,True,4,0,3,0,10,217,0
REQ-004108,LOC-02,SVC-08,Routine,37.7,2026-03-06,168,True,4,0,3,0,10,217,0
REQ-004109,LOC-02,SVC-07,Routine,50.6,2026-03-06,168,True,4,0,3,0,10,217,0
REQ-004110,LOC-06,SVC-01,Routine,25.6,2026-03-06,185,True,4,0,3,0,10,217,0
REQ-004111,LOC-10,SVC-01,Urgent,86.1,2026-03-06,31,True,4,0,3,0,10,217,0
REQ-004112,LOC-01,SVC-05,Routine,62.7,2026-03-06,168,True,4,0,3,0,10,217,0
REQ-004113,LOC-01,SVC-04,Routine,71.5,2026-03-06,168,True,4,0,3,0,10,217,0
REQ-004114,LOC-09,SVC-07,Routine,28.8,2026-03-06,218,True,4,0,3,0,10,217,0
REQ-004115,LOC-04,SVC-06,Urgent,77.2,2026-03-06,24,True,4,0,3,0,10,217,0
REQ-004116,LOC-06,SVC-06,Priority,54.7,2026-03-07,79,True,5,1,3,0,10,218,0
REQ-004117,LOC-05,SVC-07,Urgent,37.9,2026-03-07,24,True,5,1,3,0,10,218,0
REQ-004118,LOC-02,SVC-04,Urgent,54.5,2026-03-07,24,True,5,1,3,0,10,218,0
REQ-004119,LOC-09,SVC-05,Routine,11.6,2026-03-07,218,True,5,1,3,0,10,218,0
REQ-004121,LOC-03,SVC-03,Routine,14.9,2026-03-07,168,True,5,1,3,0,10,218,0
REQ-004122,LOC-07,SVC-05,Priority,62.1,2026-03-07,79,True,5,1,3,0,10,218,0
REQ-004123,LOC-05,SVC-05,Priority,20.2,2026-03-07,72,True,5,1,3,0,10,218,0
REQ-004124,LOC-07,SVC-06,Routine,43.0,2026-03-07,185,True,5,1,3,0,10,218,0
REQ-004126,LOC-08,SVC-04,Priority,19.7,2026-03-07,94,True,5,1,3,0,10,218,0
REQ-004127,LOC-08,SVC-05,Routine,20.9,2026-03-07,218,True,5,1,3,0,10,218,0
REQ-004128,LOC-08,SVC-04,Routine,11.1,2026-03-07,218,True,5,1,3,0,10,218,0
REQ-004129,LOC-03,SVC-05,Routine,5.4,2026-03-07,168,True,5,1,3,0,10,218,0
REQ-004130,LOC-08,SVC-08,Urgent,57.1,2026-03-07,31,True,5,1,3,0,10,218,0
REQ-004131,LOC-04,SVC-05,Routine,14.0,2026-03-07,168,True,5,1,3,0,10,218,0
REQ-004132,LOC-09,SVC-09,Priority,43.9,2026-03-07,94,True,5,1,3,0,10,218,0
REQ-004133,LOC-06,SVC-01,Routine,36.3,2026-03-07,185,True,5,1,3,0,10,218,0
REQ-004134,LOC-04,SVC-08,Priority,7.1,2026-03-07,72,True,5,1,3,0,10,218,0
REQ-004135,LOC-07,SVC-05,Routine,14.5,2026-03-08,185,True,6,1,3,0,10,219,0
REQ-004136,LOC-06,SVC-02,Routine,20.2,2026-03-08,185,True,6,1,3,0,10,219,0
REQ-004137,LOC-10,SVC-05,Priority,36.9,2026-03-08,94,True,6,1,3,0,10,219,0
REQ-004138,LOC-01,SVC-05,Routine,33.8,2026-03-08,168,True,6,1,3,0,10,219,0
REQ-004139,LOC-01,SVC-01,Priority,14.9,2026-03-08,72,True,6,1,3,0,10,219,0
REQ-004140,LOC-05,SVC-01,Emergency,83.3,2026-03-08,4,False,6,1,3,0,10,219,1
REQ-004141,LOC-08,SVC-06,Priority,14.1,2026-03-08,94,True,6,1,3,0,10,219,0
REQ-004142,LOC-05,SVC-05,Routine,25.8,2026-03-08,168,True,6,1,3,0,10,219,0
REQ-004143,LOC-05,SVC-09,Routine,44.8,2026-03-08,168,True,6,1,3,0,10,219,0
REQ-004144,LOC-06,SVC-01,Urgent,65.3,2026-03-08,26,False,6,1,3,0,10,219,1
REQ-004145,LOC-06,SVC-03,Routine,66.5,2026-03-09,185,True,0,0,3,0,11,220,0
REQ-004146,LOC-01,SVC-03,Priority,60.7,2026-03-09,72,True,0,0,3,0,11,220,0
REQ-004147,LOC-03,SVC-06,Priority,36.2,2026-03-09,72,True,0,0,3,0,11,220,0
REQ-004148,LOC-08,SVC-06,Priority,45.6,2026-03-09,94,True,0,0,3,0,11,220,0
REQ-004149,LOC-10,SVC-01,Routine,18.0,2026-03-09,218,True,0,0,3,0,11,220,0
REQ-004150,LOC-08,SVC-06,Routine,12.3,2026-03-09,218,True,0,0,3,0,11,220,0
REQ-004151,LOC-01,SVC-04,Routine,54.0,2026-03-09,168,True,0,0,3,0,11,220,0
REQ-004152,LOC-10,SVC-04,Priority,18.3,2026-03-09,94,True,0,0,3,0,11,220,0
REQ-004153,LOC-10,SVC-03,Priority,3.5,2026-03-09,94,True,0,0,3,0,11,220,0
REQ-004154,LOC-07,SVC-03,Priority,29.1,2026-03-09,79,True,0,0,3,0,11,220,0
REQ-004155,LOC-06,SVC-02,Routine,16.2,2026-03-09,185,True,0,0,3,0,11,220,0
REQ-004156,LOC-06,SVC-03,Priority,61.5,2026-03-09,79,True,0,0,3,0,11,220,0
REQ-004157,LOC-07,SVC-02,Urgent,60.4,2026-03-09,26,True,0,0,3,0,11,220,0
REQ-004158,LOC-05,SVC-05,Priority,47.6,2026-03-09,72,True,0,0,3,0,11,220,0
REQ-004159,LOC-07,SVC-06,Priority,35.6,2026-03-09,79,True,0,0,3,0,11,220,0
REQ-004160,LOC-09,SVC-05,Priority,36.3,2026-03-09,94,True,0,0,3,0,11,220,0
REQ-004161,LOC-05,SVC-02,Routine,53.3,2026-03-09,168,True,0,0,3,0,11,220,0
REQ-004162,LOC-10,SVC-09,Urgent,36.3,2026-03-09,31,True,0,0,3,0,11,220,0
REQ-004164,LOC-05,SVC-04,Priority,33.4,2026-03-09,72,True,0,0,3,0,11,220,0
REQ-004165,LOC-04,SVC-02,Priority,56.0,2026-03-09,72,True,0,0,3,0,11,220,0
REQ-004167,LOC-07,SVC-05,Routine,36.0,2026-03-10,185,True,1,0,3,0,11,221,0
REQ-004170,LOC-08,SVC-01,Priority,21.6,2026-03-10,94,True,1,0,3,0,11,221,0
REQ-004171,LOC-05,SVC-05,Priority,7.5,2026-03-10,72,True,1,0,3,0,11,221,0
REQ-004172,LOC-03,SVC-06,Urgent,32.5,2026-03-10,24,False,1,0,3,0,11,221,1
REQ-004173,LOC-03,SVC-01,Priority,51.0,2026-03-10,72,True,1,0,3,0,11,221,0
REQ-004174,LOC-08,SVC-01,Routine,24.4,2026-03-10,218,True,1,0,3,0,11,221,0
REQ-004175,LOC-03,SVC-02,Routine,40.0,2026-03-10,168,True,1,0,3,0,11,221,0
REQ-004176,LOC-02,SVC-03,Priority,62.5,2026-03-10,72,True,1,0,3,0,11,221,0
REQ-004177,LOC-09,SVC-02,Urgent,94.1,2026-03-10,31,True,1,0,3,0,11,221,0
REQ-004178,LOC-05,SVC-01,Routine,68.7,2026-03-10,168,True,1,0,3,0,11,221,0
REQ-004179,LOC-02,SVC-02,Routine,37.6,2026-03-10,168,True,1,0,3,0,11,221,0
REQ-004180,LOC-08,SVC-01,Urgent,42.9,2026-03-10,31,True,1,0,3,0,11,221,0
REQ-004181,LOC-09,SVC-02,Routine,20.6,2026-03-10,218,True,1,0,3,0,11,221,0
REQ-004183,LOC-03,SVC-03,Urgent,85.7,2026-03-10,24,True,1,0,3,0,11,221,0
REQ-004184,LOC-01,SVC-05,Priority,27.4,2026-03-11,72,True,2,0,3,0,11,222,0
REQ-004185,LOC-09,SVC-03,Urgent,91.3,2026-03-11,31,False,2,0,3,0,11,222,1
REQ-004186,LOC-02,SVC-06,Priority,88.3,2026-03-11,72,True,2,0,3,0,11,222,0
REQ-004188,LOC-10,SVC-07,Priority,30.3,2026-03-11,94,True,2,0,3,0,11,222,0
REQ-004189,LOC-08,SVC-01,Emergency,6.6,2026-03-11,5,True,2,0,3,0,11,222,0
REQ-004190,LOC-07,SVC-01,Priority,61.4,2026-03-11,79,True,2,0,3,0,11,222,0
REQ-004191,LOC-06,SVC-05,Routine,37.9,2026-03-11,185,True,2,0,3,0,11,222,0
REQ-004192,LOC-07,SVC-02,Priority,35.9,2026-03-11,79,True,2,0,3,0,11,222,0
REQ-004193,LOC-09,SVC-05,Routine,16.7,2026-03-11,218,True,2,0,3,0,11,222,0
REQ-004194,LOC-06,SVC-05,Priority,13.8,2026-03-11,79,True,2,0,3,0,11,222,0
REQ-004195,LOC-10,SVC-06,Routine,15.1,2026-03-11,218,True,2,0,3,0,11,222,0
REQ-004196,LOC-04,SVC-07,Routine,16.4,2026-03-11,168,True,2,0,3,0,11,222,0
REQ-004197,LOC-02,SVC-05,Emergency,63.8,2026-03-11,4,False,2,0,3,0,11,222,1
REQ-004198,LOC-07,SVC-01,Urgent,55.9,2026-03-11,26,False,2,0,3,0,11,222,1
REQ-004199,LOC-03,SVC-01,Routine,38.3,2026-03-11,168,True,2,0,3,0,11,222,0
REQ-004200,LOC-06,SVC-07,Priority,35.0,2026-03-11,79,True,2,0,3,0,11,222,0
REQ-004201,LOC-07,SVC-02,Urgent,44.0,2026-03-11,26,True,2,0,3,0,11,222,0
REQ-004202,LOC-06,SVC-07,Priority,42.2,2026-03-11,79,True,2,0,3,0,11,222,0
REQ-004203,LOC-02,SVC-05,Routine,39.8,2026-03-11,168,True,2,0,3,0,11,222,0
REQ-004204,LOC-07,SVC-01,Priority,26.9,2026-03-11,79,True,2,0,3,0,11,222,0
REQ-004205,LOC-04,SVC-01,Routine,64.6,2026-03-12,168,True,3,0,3,0,11,223,0
REQ-004206,LOC-07,SVC-02,Priority,31.4,2026-03-12,79,True,3,0,3,0,11,223,0
REQ-004207,LOC-09,SVC-01,Urgent,57.0,2026-03-12,31,False,3,0,3,0,11,223,1
REQ-004208,LOC-08,SVC-05,Priority,37.8,2026-03-12,94,True,3,0,3,0,11,223,0
REQ-004209,LOC-08,SVC-02,Routine,36.7,2026-03-12,218,True,3,0,3,0,11,223,0
REQ-004210,LOC-07,SVC-09,Routine,16.6,2026-03-12,185,True,3,0,3,0,11,223,0
REQ-004211,LOC-01,SVC-07,Urgent,18.9,2026-03-12,24,False,3,0,3,0,11,223,1
REQ-004212,LOC-10,SVC-02,Routine,12.7,2026-03-12,218,True,3,0,3,0,11,223,0
REQ-004214,LOC-07,SVC-02,Routine,65.8,2026-03-12,185,True,3,0,3,0,11,223,0
REQ-004216,LOC-09,SVC-05,Priority,19.0,2026-03-12,94,True,3,0,3,0,11,223,0
REQ-004217,LOC-04,SVC-01,Urgent,55.8,2026-03-12,24,True,3,0,3,0,11,223,0
REQ-004218,LOC-02,SVC-03,Routine,43.3,2026-03-12,168,True,3,0,3,0,11,223,0
REQ-004221,LOC-05,SVC-08,Routine,34.3,2026-03-12,168,True,3,0,3,0,11,223,0
REQ-004222,LOC-08,SVC-02,Urgent,21.5,2026-03-12,31,True,3,0,3,0,11,223,0
REQ-004223,LOC-08,SVC-04,Routine,30.1,2026-03-12,218,True,3,0,3,0,11,223,0
REQ-004224,LOC-10,SVC-02,Priority,14.4,2026-03-12,94,True,3,0,3,0,11,223,0
REQ-004225,LOC-03,SVC-04,Routine,45.9,2026-03-12,168,True,3,0,3,0,11,223,0
REQ-004226,LOC-08,SVC-02,Routine,27.1,2026-03-12,218,True,3,0,3,0,11,223,0
REQ-004227,LOC-06,SVC-03,Routine,21.8,2026-03-12,185,True,3,0,3,0,11,223,0
REQ-004228,LOC-03,SVC-09,Urgent,89.4,2026-03-13,24,False,4,0,3,0,11,224,1
REQ-004230,LOC-01,SVC-03,Urgent,76.6,2026-03-13,24,True,4,0,3,0,11,224,0
REQ-004231,LOC-01,SVC-04,Priority,83.3,2026-03-13,72,True,4,0,3,0,11,224,0
REQ-004232,LOC-10,SVC-02,Routine,19.8,2026-03-13,218,True,4,0,3,0,11,224,0
REQ-004233,LOC-03,SVC-04,Routine,10.9,2026-03-13,168,True,4,0,3,0,11,224,0
REQ-004234,LOC-04,SVC-03,Urgent,68.5,2026-03-13,24,False,4,0,3,0,11,224,1
REQ-004235,LOC-06,SVC-05,Routine,7.9,2026-03-13,185,True,4,0,3,0,11,224,0
REQ-004237,LOC-09,SVC-09,Urgent,45.4,2026-03-13,31,True,4,0,3,0,11,224,0
REQ-004238,LOC-07,SVC-01,Priority,34.0,2026-03-13,79,True,4,0,3,0,11,224,0
REQ-004239,LOC-03,SVC-08,Routine,18.7,2026-03-13,168,True,4,0,3,0,11,224,0
REQ-004240,LOC-05,SVC-03,Priority,32.2,2026-03-13,72,True,4,0,3,0,11,224,0
REQ-004241,LOC-02,SVC-01,Priority,16.6,2026-03-13,72,True,4,0,3,0,11,224,0
REQ-004242,LOC-08,SVC-06,Routine,14.9,2026-03-13,218,True,4,0,3,0,11,224,0
REQ-004243,LOC-07,SVC-01,Routine,9.3,2026-03-13,185,True,4,0,3,0,11,224,0
REQ-004244,LOC-04,SVC-03,Priority,70.4,2026-03-13,72,False,4,0,3,0,11,224,1
REQ-004245,LOC-04,SVC-04,Routine,61.7,2026-03-13,168,True,4,0,3,0,11,224,0
REQ-004246,LOC-09,SVC-02,Routine,38.7,2026-03-13,218,True,4,0,3,0,11,224,0
REQ-004247,LOC-02,SVC-09,Urgent,59.4,2026-03-13,24,False,4,0,3,0,11,224,1
REQ-004248,LOC-07,SVC-06,Routine,18.5,2026-03-13,185,True,4,0,3,0,11,224,0
REQ-004249,LOC-03,SVC-05,Priority,15.5,2026-03-13,72,True,4,0,3,0,11,224,0
REQ-004250,LOC-09,SVC-02,Priority,18.6,2026-03-13,94,True,4,0,3,0,11,224,0
REQ-004251,LOC-02,SVC-05,Routine,65.3,2026-03-13,168,True,4,0,3,0,11,224,0
REQ-004252,LOC-01,SVC-01,Routine,1.0,2026-03-14,168,True,5,1,3,0,11,225,0
REQ-004253,LOC-04,SVC-02,Routine,45.2,2026-03-14,168,True,5,1,3,0,11,225,0
REQ-004254,LOC-02,SVC-01,Urgent,16.5,2026-03-14,24,True,5,1,3,0,11,225,0
REQ-004255,LOC-06,SVC-01,Priority,62.3,2026-03-14,79,True,5,1,3,0,11,225,0
REQ-004256,LOC-09,SVC-05,Routine,44.5,2026-03-14,218,True,5,1,3,0,11,225,0
REQ-004257,LOC-04,SVC-02,Priority,10.1,2026-03-14,72,True,5,1,3,0,11,225,0
REQ-004259,LOC-05,SVC-03,Urgent,38.3,2026-03-14,24,True,5,1,3,0,11,225,0
REQ-004260,LOC-05,SVC-09,Routine,84.7,2026-03-15,168,True,6,1,3,0,11,226,0
REQ-004261,LOC-09,SVC-06,Routine,19.8,2026-03-15,218,True,6,1,3,0,11,226,0
REQ-004262,LOC-02,SVC-06,Urgent,24.3,2026-03-15,24,True,6,1,3,0,11,226,0
REQ-004263,LOC-04,SVC-01,Priority,16.3,2026-03-15,72,True,6,1,3,0,11,226,0
REQ-004264,LOC-09,SVC-06,Priority,36.1,2026-03-15,94,True,6,1,3,0,11,226,0
REQ-004265,LOC-06,SVC-06,Priority,41.3,2026-03-15,79,True,6,1,3,0,11,226,0
REQ-004266,LOC-10,SVC-07,Urgent,54.4,2026-03-15,31,True,6,1,3,0,11,226,0
REQ-004267,LOC-03,SVC-08,Priority,42.9,2026-03-15,72,True,6,1,3,0,11,226,0
REQ-004268,LOC-03,SVC-07,Routine,38.4,2026-03-15,168,True,6,1,3,0,11,226,0
REQ-004269,LOC-03,SVC-07,Urgent,44.5,2026-03-15,24,True,6,1,3,0,11,226,0
REQ-004270,LOC-06,SVC-01,Routine,28.7,2026-03-16,185,True,0,0,3,0,12,227,0
REQ-004271,LOC-01,SVC-08,Priority,59.9,2026-03-16,72,True,0,0,3,0,12,227,0
REQ-004272,LOC-10,SVC-01,Routine,11.6,2026-03-16,218,True,0,0,3,0,12,227,0
REQ-004274,LOC-07,SVC-09,Urgent,64.5,2026-03-16,26,False,0,0,3,0,12,227,1
REQ-004275,LOC-01,SVC-02,Routine,45.3,2026-03-16,168,True,0,0,3,0,12,227,0
REQ-004276,LOC-03,SVC-01,Priority,41.1,2026-03-16,72,True,0,0,3,0,12,227,0
REQ-004277,LOC-07,SVC-08,Routine,67.8,2026-03-16,185,True,0,0,3,0,12,227,0
REQ-004278,LOC-06,SVC-03,Routine,14.2,2026-03-16,185,True,0,0,3,0,12,227,0
REQ-004279,LOC-05,SVC-06,Priority,63.8,2026-03-16,72,True,0,0,3,0,12,227,0
REQ-004280,LOC-06,SVC-08,Emergency,36.3,2026-03-16,4,False,0,0,3,0,12,227,1
REQ-004281,LOC-09,SVC-01,Priority,57.9,2026-03-16,94,True,0,0,3,0,12,227,0
REQ-004282,LOC-02,SVC-09,Urgent,34.8,2026-03-16,24,True,0,0,3,0,12,227,0
REQ-004283,LOC-09,SVC-03,Urgent,45.0,2026-03-16,31,True,0,0,3,0,12,227,0
REQ-004284,LOC-10,SVC-03,Routine,18.3,2026-03-16,218,True,0,0,3,0,12,227,0
REQ-004285,LOC-02,SVC-08,Priority,40.7,2026-03-16,72,True,0,0,3,0,12,227,0
REQ-004286,LOC-06,SVC-05,Routine,39.9,2026-03-16,185,True,0,0,3,0,12,227,0
REQ-004287,LOC-04,SVC-03,Priority,44.5,2026-03-16,72,True,0,0,3,0,12,227,0
REQ-004288,LOC-02,SVC-04,Urgent,68.3,2026-03-16,24,True,0,0,3,0,12,227,0
REQ-004289,LOC-01,SVC-01,Priority,91.8,2026-03-16,72,True,0,0,3,0,12,227,0
REQ-004290,LOC-10,SVC-06,Routine,16.7,2026-03-16,218,True,0,0,3,0,12,227,0
REQ-004291,LOC-08,SVC-04,Routine,34.2,2026-03-16,218,True,0,0,3,0,12,227,0
REQ-004292,LOC-03,SVC-07,Routine,19.0,2026-03-16,168,True,0,0,3,0,12,227,0
REQ-004293,LOC-05,SVC-08,Routine,38.2,2026-03-16,168,True,0,0,3,0,12,227,0
REQ-004294,LOC-09,SVC-02,Urgent,62.2,2026-03-16,31,True,0,0,3,0,12,227,0
REQ-004295,LOC-08,SVC-01,Priority,27.3,2026-03-16,94,True,0,0,3,0,12,227,0
REQ-004296,LOC-03,SVC-01,Routine,27.2,2026-03-16,168,True,0,0,3,0,12,227,0
REQ-004297,LOC-05,SVC-06,Routine,18.3,2026-03-16,168,True,0,0,3,0,12,227,0
REQ-004298,LOC-08,SVC-07,Routine,36.3,2026-03-16,218,True,0,0,3,0,12,227,0
REQ-004299,LOC-06,SVC-02,Urgent,43.6,2026-03-16,26,True,0,0,3,0,12,227,0
REQ-004302,LOC-04,SVC-04,Priority,61.8,2026-03-17,72,True,1,0,3,0,12,228,0
REQ-004303,LOC-03,SVC-01,Routine,39.6,2026-03-17,168,True,1,0,3,0,12,228,0
REQ-004304,LOC-04,SVC-05,Routine,10.5,2026-03-17,168,True,1,0,3,0,12,228,0
REQ-004305,LOC-02,SVC-08,Urgent,59.2,2026-03-17,24,True,1,0,3,0,12,228,0
REQ-004306,LOC-03,SVC-05,Priority,31.8,2026-03-17,72,True,1,0,3,0,12,228,0
REQ-004307,LOC-05,SVC-09,Routine,50.5,2026-03-17,168,True,1,0,3,0,12,228,0
REQ-004308,LOC-06,SVC-04,Routine,34.9,2026-03-17,185,True,1,0,3,0,12,228,0
REQ-004309,LOC-01,SVC-01,Urgent,65.1,2026-03-17,24,False,1,0,3,0,12,228,1
REQ-004310,LOC-04,SVC-01,Routine,9.1,2026-03-17,168,True,1,0,3,0,12,228,0
REQ-004311,LOC-10,SVC-01,Routine,19.4,2026-03-17,218,True,1,0,3,0,12,228,0
REQ-004313,LOC-03,SVC-04,Priority,11.1,2026-03-17,72,True,1,0,3,0,12,228,0
REQ-004314,LOC-08,SVC-01,Emergency,67.0,2026-03-17,5,False,1,0,3,0,12,228,1
REQ-004315,LOC-08,SVC-03,Priority,40.0,2026-03-17,94,True,1,0,3,0,12,228,0
REQ-004316,LOC-02,SVC-06,Routine,43.5,2026-03-17,168,True,1,0,3,0,12,228,0
REQ-004317,LOC-09,SVC-07,Routine,62.1,2026-03-17,218,True,1,0,3,0,12,228,0
REQ-004318,LOC-06,SVC-02,Routine,33.9,2026-03-17,185,True,1,0,3,0,12,228,0
REQ-004319,LOC-08,SVC-07,Routine,16.6,2026-03-17,218,True,1,0,3,0,12,228,0
REQ-004320,LOC-08,SVC-01,Urgent,35.8,2026-03-17,31,True,1,0,3,0,12,228,0
REQ-004321,LOC-10,SVC-01,Priority,61.9,2026-03-17,94,False,1,0,3,0,12,228,1
REQ-004322,LOC-04,SVC-03,Urgent,22.3,2026-03-17,24,True,1,0,3,0,12,228,0
REQ-004323,LOC-08,SVC-04,Routine,64.7,2026-03-17,218,True,1,0,3,0,12,228,0
REQ-004324,LOC-07,SVC-05,Routine,36.3,2026-03-17,185,True,1,0,3,0,12,228,0
REQ-004325,LOC-10,SVC-06,Routine,41.1,2026-03-17,218,True,1,0,3,0,12,228,0
REQ-004326,LOC-10,SVC-06,Urgent,84.2,2026-03-17,31,False,1,0,3,0,12,228,1
REQ-004327,LOC-02,SVC-07,Emergency,93.4,2026-03-17,4,False,1,0,3,0,12,228,1
REQ-004328,LOC-07,SVC-01,Routine,21.2,2026-03-17,185,True,1,0,3,0,12,228,0
REQ-004329,LOC-08,SVC-08,Urgent,55.8,2026-03-17,31,False,1,0,3,0,12,228,1
REQ-004330,LOC-04,SVC-01,Routine,36.2,2026-03-17,168,True,1,0,3,0,12,228,0
REQ-004331,LOC-03,SVC-03,Emergency,87.3,2026-03-17,4,False,1,0,3,0,12,228,1
REQ-004332,LOC-04,SVC-01,Routine,41.1,2026-03-17,168,True,1,0,3,0,12,228,0
REQ-004333,LOC-01,SVC-08,Routine,31.2,2026-03-18,168,True,2,0,3,0,12,229,0
REQ-004334,LOC-08,SVC-05,Routine,33.2,2026-03-18,218,True,2,0,3,0,12,229,0
REQ-004335,LOC-07,SVC-05,Urgent,38.1,2026-03-18,26,True,2,0,3,0,12,229,0
REQ-004336,LOC-10,SVC-01,Routine,16.8,2026-03-18,218,True,2,0,3,0,12,229,0
REQ-004337,LOC-08,SVC-03,Urgent,14.4,2026-03-18,31,True,2,0,3,0,12,229,0
REQ-004338,LOC-02,SVC-06,Routine,31.1,2026-03-18,168,True,2,0,3,0,12,229,0
REQ-004339,LOC-01,SVC-03,Priority,40.2,2026-03-18,72,True,2,0,3,0,12,229,0
REQ-004340,LOC-01,SVC-08,Priority,36.3,2026-03-18,72,True,2,0,3,0,12,229,0
REQ-004341,LOC-09,SVC-08,Routine,43.6,2026-03-18,218,True,2,0,3,0,12,229,0
REQ-004342,LOC-03,SVC-03,Priority,9.7,2026-03-18,72,True,2,0,3,0,12,229,0
REQ-004343,LOC-07,SVC-01,Routine,33.7,2026-03-18,185,True,2,0,3,0,12,229,0
REQ-004344,LOC-08,SVC-04,Routine,38.5,2026-03-18,218,True,2,0,3,0,12,229,0
REQ-004345,LOC-06,SVC-09,Priority,69.8,2026-03-18,79,True,2,0,3,0,12,229,0
REQ-004347,LOC-09,SVC-06,Priority,42.1,2026-03-18,94,True,2,0,3,0,12,229,0
REQ-004348,LOC-02,SVC-02,Priority,54.9,2026-03-18,72,True,2,0,3,0,12,229,0
REQ-004349,LOC-04,SVC-02,Priority,67.5,2026-03-18,72,True,2,0,3,0,12,229,0
REQ-004350,LOC-02,SVC-03,Routine,27.3,2026-03-18,168,True,2,0,3,0,12,229,0
REQ-004351,LOC-06,SVC-01,Emergency,37.5,2026-03-18,4,False,2,0,3,0,12,229,1
REQ-004352,LOC-02,SVC-08,Priority,47.6,2026-03-18,72,True,2,0,3,0,12,229,0
REQ-004353,LOC-09,SVC-01,Urgent,30.0,2026-03-18,31,False,2,0,3,0,12,229,1
REQ-004354,LOC-07,SVC-01,Priority,37.9,2026-03-18,79,True,2,0,3,0,12,229,0
REQ-004355,LOC-09,SVC-03,Routine,15.6,2026-03-19,218,True,3,0,3,0,12,230,0
REQ-004356,LOC-10,SVC-09,Urgent,18.7,2026-03-19,31,True,3,0,3,0,12,230,0
REQ-004357,LOC-01,SVC-01,Emergency,29.2,2026-03-19,4,False,3,0,3,0,12,230,1
REQ-004358,LOC-06,SVC-08,Urgent,64.3,2026-03-19,26,True,3,0,3,0,12,230,0
REQ-004359,LOC-10,SVC-01,Routine,36.3,2026-03-19,218,True,3,0,3,0,12,230,0
REQ-004360,LOC-04,SVC-05,Urgent,89.2,2026-03-19,24,True,3,0,3,0,12,230,0
REQ-004361,LOC-06,SVC-02,Routine,42.1,2026-03-19,185,True,3,0,3,0,12,230,0
REQ-004362,LOC-09,SVC-03,Routine,24.7,2026-03-19,218,True,3,0,3,0,12,230,0
REQ-004363,LOC-06,SVC-05,Routine,30.4,2026-03-19,185,True,3,0,3,0,12,230,0
REQ-004364,LOC-04,SVC-03,Routine,15.6,2026-03-19,168,True,3,0,3,0,12,230,0
REQ-004365,LOC-08,SVC-08,Priority,37.9,2026-03-19,94,True,3,0,3,0,12,230,0
REQ-004367,LOC-10,SVC-07,Routine,19.6,2026-03-19,218,True,3,0,3,0,12,230,0
REQ-004368,LOC-08,SVC-06,Urgent,34.8,2026-03-19,31,False,3,0,3,0,12,230,1
REQ-004369,LOC-04,SVC-05,Priority,57.1,2026-03-19,72,True,3,0,3,0,12,230,0
REQ-004371,LOC-09,SVC-02,Routine,14.2,2026-03-19,218,True,3,0,3,0,12,230,0
REQ-004372,LOC-01,SVC-02,Routine,62.1,2026-03-19,168,True,3,0,3,0,12,230,0
REQ-004373,LOC-06,SVC-01,Routine,42.2,2026-03-19,185,True,3,0,3,0,12,230,0
REQ-004374,LOC-07,SVC-08,Emergency,50.2,2026-03-19,4,False,3,0,3,0,12,230,1
REQ-004375,LOC-07,SVC-07,Routine,19.0,2026-03-19,185,True,3,0,3,0,12,230,0
REQ-004377,LOC-07,SVC-06,Routine,36.3,2026-03-19,185,True,3,0,3,0,12,230,0
REQ-004378,LOC-10,SVC-05,Priority,36.3,2026-03-20,94,True,4,0,3,0,12,231,0
REQ-004379,LOC-06,SVC-01,Routine,10.9,2026-03-20,185,True,4,0,3,0,12,231,0
REQ-004380,LOC-03,SVC-02,Urgent,19.4,2026-03-20,24,True,4,0,3,0,12,231,0
REQ-004381,LOC-02,SVC-01,Urgent,94.3,2026-03-20,24,False,4,0,3,0,12,231,1
REQ-004382,LOC-02,SVC-07,Priority,68.7,2026-03-20,72,True,4,0,3,0,12,231,0
REQ-004383,LOC-10,SVC-01,Priority,66.7,2026-03-20,94,True,4,0,3,0,12,231,0
REQ-004384,LOC-10,SVC-04,Routine,8.8,2026-03-20,218,True,4,0,3,0,12,231,0
REQ-004385,LOC-06,SVC-08,Routine,18.3,2026-03-20,185,True,4,0,3,0,12,231,0
REQ-004386,LOC-07,SVC-04,Routine,38.0,2026-03-20,185,True,4,0,3,0,12,231,0
REQ-004388,LOC-02,SVC-04,Priority,29.3,2026-03-20,72,True,4,0,3,0,12,231,0
REQ-004389,LOC-03,SVC-05,Emergency,66.1,2026-03-20,4,False,4,0,3,0,12,231,1
REQ-004390,LOC-09,SVC-09,Routine,41.7,2026-03-20,218,True,4,0,3,0,12,231,0
REQ-004391,LOC-03,SVC-02,Urgent,16.5,2026-03-20,24,True,4,0,3,0,12,231,0
REQ-004393,LOC-09,SVC-03,Routine,17.8,2026-03-20,218,True,4,0,3,0,12,231,0
REQ-004394,LOC-04,SVC-09,Routine,34.4,2026-03-20,168,True,4,0,3,0,12,231,0
REQ-004395,LOC-07,SVC-07,Routine,65.6,2026-03-20,185,True,4,0,3,0,12,231,0
REQ-004396,LOC-06,SVC-01,Routine,39.9,2026-03-20,185,True,4,0,3,0,12,231,0
REQ-004397,LOC-04,SVC-06,Routine,33.5,2026-03-20,168,True,4,0,3,0,12,231,0
REQ-004398,LOC-01,SVC-02,Emergency,41.2,2026-03-20,4,False,4,0,3,0,12,231,1
REQ-004399,LOC-04,SVC-01,Priority,38.8,2026-03-20,72,True,4,0,3,0,12,231,0
REQ-004400,LOC-10,SVC-01,Urgent,47.4,2026-03-20,31,False,4,0,3,0,12,231,1
REQ-004401,LOC-01,SVC-07,Urgent,33.5,2026-03-20,24,True,4,0,3,0,12,231,0
REQ-004402,LOC-09,SVC-07,Priority,63.7,2026-03-20,94,True,4,0,3,0,12,231,0
REQ-004403,LOC-06,SVC-01,Urgent,69.7,2026-03-20,26,False,4,0,3,0,12,231,1
REQ-004404,LOC-07,SVC-01,Priority,46.6,2026-03-20,79,True,4,0,3,0,12,231,0
REQ-004405,LOC-09,SVC-01,Priority,12.0,2026-03-20,94,True,4,0,3,0,12,231,0
REQ-004406,LOC-10,SVC-02,Priority,37.7,2026-03-20,94,True,4,0,3,0,12,231,0
REQ-004407,LOC-04,SVC-05,Routine,38.2,2026-03-20,168,True,4,0,3,0,12,231,0
REQ-004408,LOC-09,SVC-06,Priority,13.7,2026-03-20,94,True,4,0,3,0,12,231,0
REQ-004409,LOC-07,SVC-03,Priority,19.3,2026-03-21,79,True,5,1,3,0,12,232,0
REQ-004410,LOC-02,SVC-08,Emergency,80.9,2026-03-21,4,False,5,1,3,0,12,232,1
REQ-004411,LOC-06,SVC-09,Routine,36.3,2026-03-21,185,True,5,1,3,0,12,232,0
REQ-004412,LOC-03,SVC-05,Priority,56.3,2026-03-21,72,True,5,1,3,0,12,232,0
REQ-004413,LOC-02,SVC-02,Routine,27.7,2026-03-21,168,True,5,1,3,0,12,232,0
REQ-004414,LOC-10,SVC-05,Routine,7.3,2026-03-21,218,True,5,1,3,0,12,232,0
REQ-004415,LOC-06,SVC-05,Priority,33.7,2026-03-21,79,True,5,1,3,0,12,232,0
REQ-004416,LOC-08,SVC-01,Routine,13.6,2026-03-21,218,True,5,1,3,0,12,232,0
REQ-004417,LOC-04,SVC-01,Priority,63.5,2026-03-21,72,True,5,1,3,0,12,232,0
REQ-004418,LOC-01,SVC-01,Emergency,91.6,2026-03-21,4,False,5,1,3,0,12,232,1
REQ-004419,LOC-02,SVC-02,Priority,84.3,2026-03-21,72,True,5,1,3,0,12,232,0
REQ-004420,LOC-06,SVC-08,Emergency,61.0,2026-03-21,4,False,5,1,3,0,12,232,1
REQ-004421,LOC-02,SVC-07,Routine,12.4,2026-03-22,168,True,6,1,3,0,12,233,0
REQ-004422,LOC-09,SVC-05,Emergency,86.9,2026-03-22,5,False,6,1,3,0,12,233,1
REQ-004423,LOC-02,SVC-01,Urgent,79.3,2026-03-22,24,False,6,1,3,0,12,233,1
REQ-004424,LOC-10,SVC-03,Priority,24.1,2026-03-22,94,True,6,1,3,0,12,233,0
REQ-004425,LOC-02,SVC-04,Urgent,77.2,2026-03-22,24,False,6,1,3,0,12,233,1
REQ-004426,LOC-01,SVC-05,Priority,67.2,2026-03-22,72,False,6,1,3,0,12,233,1
REQ-004427,LOC-02,SVC-02,Routine,45.1,2026-03-22,168,True,6,1,3,0,12,233,0
REQ-004428,LOC-05,SVC-04,Priority,71.1,2026-03-22,72,True,6,1,3,0,12,233,0
REQ-004429,LOC-02,SVC-07,Routine,65.4,2026-03-23,168,True,0,0,3,0,13,234,0
REQ-004430,LOC-10,SVC-01,Priority,21.3,2026-03-23,94,True,0,0,3,0,13,234,0
REQ-004431,LOC-10,SVC-09,Routine,13.0,2026-03-23,218,True,0,0,3,0,13,234,0
REQ-004433,LOC-03,SVC-07,Urgent,60.2,2026-03-23,24,False,0,0,3,0,13,234,1
REQ-004434,LOC-07,SVC-04,Routine,34.5,2026-03-23,185,True,0,0,3,0,13,234,0
REQ-004435,LOC-07,SVC-02,Routine,10.9,2026-03-23,185,True,0,0,3,0,13,234,0
REQ-004436,LOC-08,SVC-04,Routine,35.3,2026-03-23,218,True,0,0,3,0,13,234,0
REQ-004437,LOC-07,SVC-01,Routine,21.0,2026-03-23,185,True,0,0,3,0,13,234,0
REQ-004438,LOC-09,SVC-05,Priority,10.8,2026-03-23,94,True,0,0,3,0,13,234,0
REQ-004439,LOC-06,SVC-01,Routine,19.2,2026-03-23,185,True,0,0,3,0,13,234,0
REQ-004440,LOC-05,SVC-05,Routine,9.5,2026-03-23,168,True,0,0,3,0,13,234,0
REQ-004441,LOC-03,SVC-03,Urgent,58.7,2026-03-23,24,True,0,0,3,0,13,234,0
REQ-004442,LOC-09,SVC-02,Urgent,88.4,2026-03-23,31,True,0,0,3,0,13,234,0
REQ-004443,LOC-08,SVC-09,Routine,63.7,2026-03-23,218,True,0,0,3,0,13,234,0
REQ-004444,LOC-06,SVC-01,Routine,26.9,2026-03-23,185,True,0,0,3,0,13,234,0
REQ-004446,LOC-02,SVC-03,Routine,12.3,2026-03-23,168,True,0,0,3,0,13,234,0
REQ-004447,LOC-07,SVC-03,Urgent,97.9,2026-03-24,26,False,1,0,3,0,13,235,1
REQ-004448,LOC-08,SVC-02,Routine,42.0,2026-03-24,218,True,1,0,3,0,13,235,0
REQ-004449,LOC-03,SVC-01,Routine,15.1,2026-03-24,168,True,1,0,3,0,13,235,0
REQ-004451,LOC-08,SVC-09,Routine,37.5,2026-03-24,218,True,1,0,3,0,13,235,0
REQ-004452,LOC-06,SVC-05,Routine,56.1,2026-03-24,185,True,1,0,3,0,13,235,0
REQ-004453,LOC-03,SVC-09,Urgent,17.1,2026-03-24,24,True,1,0,3,0,13,235,0
REQ-004454,LOC-07,SVC-03,Emergency,39.6,2026-03-24,4,False,1,0,3,0,13,235,1
REQ-004455,LOC-02,SVC-09,Emergency,37.1,2026-03-24,4,True,1,0,3,0,13,235,0
REQ-004456,LOC-08,SVC-05,Routine,28.2,2026-03-24,218,True,1,0,3,0,13,235,0
REQ-004458,LOC-08,SVC-01,Priority,32.3,2026-03-24,94,True,1,0,3,0,13,235,0
REQ-004460,LOC-06,SVC-01,Routine,36.3,2026-03-24,185,True,1,0,3,0,13,235,0
REQ-004461,LOC-04,SVC-03,Priority,68.1,2026-03-24,72,True,1,0,3,0,13,235,0
REQ-004462,LOC-08,SVC-06,Routine,33.7,2026-03-24,218,True,1,0,3,0,13,235,0
REQ-004463,LOC-02,SVC-07,Routine,12.8,2026-03-24,168,True,1,0,3,0,13,235,0
REQ-004466,LOC-05,SVC-02,Urgent,73.2,2026-03-24,24,True,1,0,3,0,13,235,0
REQ-004467,LOC-08,SVC-09,Routine,13.6,2026-03-24,218,True,1,0,3,0,13,235,0
REQ-004468,LOC-02,SVC-02,Urgent,19.1,2026-03-24,24,True,1,0,3,0,13,235,0
REQ-004469,LOC-10,SVC-08,Priority,45.8,2026-03-25,94,True,2,0,3,0,13,236,0
REQ-004470,LOC-10,SVC-06,Routine,9.7,2026-03-25,218,True,2,0,3,0,13,236,0
REQ-004473,LOC-10,SVC-09,Urgent,91.2,2026-03-25,31,False,2,0,3,0,13,236,1
REQ-004474,LOC-03,SVC-06,Urgent,36.3,2026-03-25,24,False,2,0,3,0,13,236,1
REQ-004475,LOC-10,SVC-02,Routine,22.0,2026-03-25,218,True,2,0,3,0,13,236,0
REQ-004476,LOC-04,SVC-02,Urgent,43.8,2026-03-25,24,True,2,0,3,0,13,236,0
REQ-004477,LOC-05,SVC-02,Routine,41.0,2026-03-25,168,True,2,0,3,0,13,236,0
REQ-004478,LOC-09,SVC-04,Priority,33.3,2026-03-25,94,True,2,0,3,0,13,236,0
REQ-004479,LOC-01,SVC-01,Priority,61.1,2026-03-25,72,True,2,0,3,0,13,236,0
REQ-004480,LOC-02,SVC-01,Routine,66.1,2026-03-25,168,True,2,0,3,0,13,236,0
REQ-004481,LOC-05,SVC-07,Routine,36.3,2026-03-25,168,True,2,0,3,0,13,236,0
REQ-004482,LOC-01,SVC-06,Routine,42.8,2026-03-25,168,True,2,0,3,0,13,236,0
REQ-004483,LOC-06,SVC-06,Routine,34.1,2026-03-25,185,True,2,0,3,0,13,236,0
REQ-004485,LOC-06,SVC-05,Priority,53.0,2026-03-25,79,True,2,0,3,0,13,236,0
REQ-004486,LOC-03,SVC-09,Urgent,98.9,2026-03-25,24,True,2,0,3,0,13,236,0
REQ-004487,LOC-04,SVC-01,Routine,16.9,2026-03-25,168,True,2,0,3,0,13,236,0
REQ-004488,LOC-07,SVC-04,Routine,15.1,2026-03-25,185,True,2,0,3,0,13,236,0
REQ-004489,LOC-06,SVC-07,Routine,35.1,2026-03-25,185,True,2,0,3,0,13,236,0
REQ-004490,LOC-08,SVC-08,Routine,20.7,2026-03-25,218,True,2,0,3,0,13,236,0
REQ-004491,LOC-07,SVC-08,Priority,62.9,2026-03-26,79,True,3,0,3,0,13,237,0
REQ-004493,LOC-10,SVC-02,Routine,69.9,2026-03-26,218,True,3,0,3,0,13,237,0
REQ-004494,LOC-09,SVC-05,Routine,60.5,2026-03-26,218,True,3,0,3,0,13,237,0
REQ-004495,LOC-04,SVC-01,Emergency,63.2,2026-03-26,4,False,3,0,3,0,13,237,1
REQ-004496,LOC-05,SVC-06,Routine,35.8,2026-03-26,168,True,3,0,3,0,13,237,0
REQ-004498,LOC-03,SVC-01,Urgent,42.7,2026-03-26,24,True,3,0,3,0,13,237,0
REQ-004499,LOC-07,SVC-07,Routine,86.2,2026-03-26,185,True,3,0,3,0,13,237,0
REQ-004500,LOC-03,SVC-02,Routine,34.8,2026-03-26,168,True,3,0,3,0,13,237,0
REQ-004501,LOC-07,SVC-01,Emergency,69.1,2026-03-26,4,False,3,0,3,0,13,237,1
REQ-004502,LOC-08,SVC-09,Urgent,61.9,2026-03-26,31,True,3,0,3,0,13,237,0
REQ-004503,LOC-05,SVC-01,Priority,64.9,2026-03-26,72,True,3,0,3,0,13,237,0
REQ-004504,LOC-01,SVC-04,Routine,12.0,2026-03-26,168,True,3,0,3,0,13,237,0
REQ-004505,LOC-08,SVC-08,Routine,37.1,2026-03-26,218,True,3,0,3,0,13,237,0
REQ-004506,LOC-02,SVC-01,Routine,65.2,2026-03-26,168,True,3,0,3,0,13,237,0
REQ-004507,LOC-06,SVC-03,Priority,16.6,2026-03-26,79,True,3,0,3,0,13,237,0
REQ-004510,LOC-08,SVC-08,Urgent,35.4,2026-03-26,31,True,3,0,3,0,13,237,0
REQ-004511,LOC-05,SVC-03,Routine,8.3,2026-03-26,168,True,3,0,3,0,13,237,0
REQ-004513,LOC-05,SVC-05,Routine,16.4,2026-03-26,168,True,3,0,3,0,13,237,0
REQ-004514,LOC-05,SVC-08,Priority,68.8,2026-03-26,72,True,3,0,3,0,13,237,0
REQ-004516,LOC-02,SVC-04,Routine,33.6,2026-03-27,168,True,4,0,3,0,13,238,0
REQ-004517,LOC-02,SVC-03,Priority,46.8,2026-03-27,72,True,4,0,3,0,13,238,0
REQ-004519,LOC-04,SVC-05,Routine,28.5,2026-03-27,168,True,4,0,3,0,13,238,0
REQ-004520,LOC-02,SVC-02,Urgent,34.9,2026-03-27,24,True,4,0,3,0,13,238,0
REQ-004521,LOC-09,SVC-03,Routine,11.3,2026-03-27,218,True,4,0,3,0,13,238,0
REQ-004522,LOC-10,SVC-05,Routine,10.2,2026-03-27,218,True,4,0,3,0,13,238,0
REQ-004523,LOC-05,SVC-01,Routine,61.2,2026-03-27,168,True,4,0,3,0,13,238,0
REQ-004525,LOC-03,SVC-05,Urgent,50.5,2026-03-27,24,True,4,0,3,0,13,238,0
REQ-004526,LOC-10,SVC-01,Priority,85.5,2026-03-27,94,True,4,0,3,0,13,238,0
REQ-004527,LOC-03,SVC-06,Urgent,40.7,2026-03-27,24,True,4,0,3,0,13,238,0
REQ-004528,LOC-06,SVC-09,Routine,40.0,2026-03-27,185,True,4,0,3,0,13,238,0
REQ-004529,LOC-05,SVC-03,Priority,40.9,2026-03-27,72,True,4,0,3,0,13,238,0
REQ-004530,LOC-07,SVC-05,Routine,39.2,2026-03-27,185,True,4,0,3,0,13,238,0
REQ-004531,LOC-07,SVC-01,Routine,45.4,2026-03-27,185,True,4,0,3,0,13,238,0
REQ-004532,LOC-03,SVC-08,Routine,67.2,2026-03-27,168,True,4,0,3,0,13,238,0
REQ-004533,LOC-08,SVC-07,Urgent,40.0,2026-03-27,31,True,4,0,3,0,13,238,0
REQ-004534,LOC-05,SVC-05,Urgent,38.9,2026-03-27,24,True,4,0,3,0,13,238,0
REQ-004535,LOC-06,SVC-06,Routine,22.5,2026-03-27,185,True,4,0,3,0,13,238,0
REQ-004536,LOC-09,SVC-09,Priority,14.5,2026-03-27,94,True,4,0,3,0,13,238,0
REQ-004537,LOC-08,SVC-08,Urgent,18.1,2026-03-27,31,True,4,0,3,0,13,238,0
REQ-004538,LOC-10,SVC-06,Priority,85.6,2026-03-27,94,True,4,0,3,0,13,238,0
REQ-004539,LOC-03,SVC-03,Routine,63.9,2026-03-27,168,True,4,0,3,0,13,238,0
REQ-004540,LOC-08,SVC-05,Priority,42.1,2026-03-27,94,True,4,0,3,0,13,238,0
REQ-004541,LOC-10,SVC-02,Priority,81.6,2026-03-28,94,True,5,1,3,0,13,239,0
REQ-004542,LOC-07,SVC-09,Routine,12.3,2026-03-28,185,True,5,1,3,0,13,239,0
REQ-004543,LOC-05,SVC-05,Routine,4.3,2026-03-28,168,True,5,1,3,0,13,239,0
REQ-004544,LOC-02,SVC-05,Routine,32.7,2026-03-28,168,True,5,1,3,0,13,239,0
REQ-004545,LOC-04,SVC-08,Urgent,66.6,2026-03-28,24,False,5,1,3,0,13,239,1
REQ-004546,LOC-03,SVC-02,Priority,36.6,2026-03-28,72,True,5,1,3,0,13,239,0
REQ-004547,LOC-04,SVC-01,Routine,55.2,2026-03-28,168,True,5,1,3,0,13,239,0
REQ-004548,LOC-05,SVC-04,Priority,40.8,2026-03-28,72,True,5,1,3,0,13,239,0
REQ-004549,LOC-04,SVC-05,Urgent,33.8,2026-03-28,24,False,5,1,3,0,13,239,1
REQ-004550,LOC-05,SVC-05,Priority,44.3,2026-03-28,72,True,5,1,3,0,13,239,0
REQ-004551,LOC-06,SVC-03,Routine,13.4,2026-03-28,185,True,5,1,3,0,13,239,0
REQ-004552,LOC-09,SVC-02,Routine,17.4,2026-03-28,218,True,5,1,3,0,13,239,0
REQ-004553,LOC-08,SVC-01,Urgent,40.5,2026-03-28,31,True,5,1,3,0,13,239,0
REQ-004554,LOC-07,SVC-01,Routine,23.9,2026-03-29,185,True,6,1,3,0,13,240,0
REQ-004555,LOC-07,SVC-02,Priority,42.2,2026-03-29,79,False,6,1,3,0,13,240,1
REQ-004556,LOC-02,SVC-06,Urgent,45.4,2026-03-29,24,True,6,1,3,0,13,240,0
REQ-004557,LOC-09,SVC-07,Routine,34.2,2026-03-29,218,True,6,1,3,0,13,240,0
REQ-004558,LOC-06,SVC-01,Priority,40.1,2026-03-29,79,True,6,1,3,0,13,240,0
REQ-004559,LOC-01,SVC-07,Priority,40.3,2026-03-29,72,True,6,1,3,0,13,240,0
REQ-004560,LOC-09,SVC-08,Priority,44.6,2026-03-29,94,True,6,1,3,0,13,240,0
REQ-004561,LOC-04,SVC-09,Routine,20.4,2026-03-29,168,True,6,1,3,0,13,240,0
REQ-004562,LOC-04,SVC-08,Routine,13.3,2026-03-29,168,True,6,1,3,0,13,240,0
REQ-004563,LOC-02,SVC-09,Routine,49.0,2026-03-30,168,True,0,0,3,0,14,241,0
REQ-004564,LOC-05,SVC-05,Routine,18.9,2026-03-30,168,True,0,0,3,0,14,241,0
REQ-004565,LOC-08,SVC-05,Routine,1.0,2026-03-30,218,True,0,0,3,0,14,241,0
REQ-004566,LOC-01,SVC-01,Routine,9.2,2026-03-30,168,True,0,0,3,0,14,241,0
REQ-004567,LOC-03,SVC-05,Routine,18.3,2026-03-30,168,True,0,0,3,0,14,241,0
REQ-004569,LOC-02,SVC-02,Urgent,54.5,2026-03-30,24,False,0,0,3,0,14,241,1
REQ-004570,LOC-05,SVC-01,Priority,40.3,2026-03-30,72,True,0,0,3,0,14,241,0
REQ-004572,LOC-01,SVC-09,Routine,19.7,2026-03-30,168,True,0,0,3,0,14,241,0
REQ-004573,LOC-10,SVC-07,Urgent,27.0,2026-03-30,31,True,0,0,3,0,14,241,0
REQ-004574,LOC-06,SVC-07,Urgent,63.7,2026-03-30,26,True,0,0,3,0,14,241,0
REQ-004575,LOC-03,SVC-06,Priority,38.3,2026-03-30,72,True,0,0,3,0,14,241,0
REQ-004576,LOC-02,SVC-01,Priority,36.3,2026-03-30,72,True,0,0,3,0,14,241,0
REQ-004577,LOC-04,SVC-05,Urgent,42.4,2026-03-30,24,False,0,0,3,0,14,241,1
REQ-004578,LOC-07,SVC-06,Priority,63.6,2026-03-30,79,True,0,0,3,0,14,241,0
REQ-004579,LOC-03,SVC-04,Routine,18.9,2026-03-30,168,True,0,0,3,0,14,241,0
REQ-004580,LOC-04,SVC-05,Urgent,84.6,2026-03-30,24,True,0,0,3,0,14,241,0
REQ-004581,LOC-06,SVC-01,Routine,16.5,2026-03-30,185,True,0,0,3,0,14,241,0
REQ-004583,LOC-06,SVC-03,Urgent,65.7,2026-03-30,26,False,0,0,3,0,14,241,1
REQ-004584,LOC-09,SVC-01,Routine,43.0,2026-03-30,218,True,0,0,3,0,14,241,0
REQ-004585,LOC-03,SVC-04,Priority,75.0,2026-03-30,72,False,0,0,3,0,14,241,1
REQ-004586,LOC-09,SVC-01,Urgent,47.1,2026-03-30,31,True,0,0,3,0,14,241,0
REQ-004587,LOC-09,SVC-06,Routine,48.4,2026-03-30,218,True,0,0,3,0,14,241,0
REQ-004588,LOC-03,SVC-05,Priority,86.4,2026-03-30,72,True,0,0,3,0,14,241,0
REQ-004589,LOC-10,SVC-01,Emergency,98.1,2026-03-30,5,False,0,0,3,0,14,241,1
REQ-004590,LOC-02,SVC-06,Routine,38.9,2026-03-30,168,True,0,0,3,0,14,241,0
REQ-004591,LOC-08,SVC-05,Routine,14.0,2026-03-30,218,True,0,0,3,0,14,241,0
REQ-004592,LOC-04,SVC-02,Routine,8.8,2026-03-30,168,True,0,0,3,0,14,241,0
REQ-004593,LOC-03,SVC-02,Routine,36.7,2026-03-31,168,True,1,0,3,0,14,242,0
REQ-004594,LOC-05,SVC-06,Routine,31.5,2026-03-31,168,True,1,0,3,0,14,242,0
REQ-004595,LOC-05,SVC-05,Emergency,62.0,2026-03-31,4,False,1,0,3,0,14,242,1
REQ-004596,LOC-06,SVC-05,Priority,29.3,2026-03-31,79,True,1,0,3,0,14,242,0
REQ-004597,LOC-06,SVC-02,Routine,9.3,2026-03-31,185,True,1,0,3,0,14,242,0
REQ-004598,LOC-04,SVC-03,Emergency,88.6,2026-03-31,4,False,1,0,3,0,14,242,1
REQ-004599,LOC-10,SVC-04,Routine,20.3,2026-03-31,218,True,1,0,3,0,14,242,0
REQ-004600,LOC-10,SVC-05,Routine,21.5,2026-03-31,218,True,1,0,3,0,14,242,0
REQ-004601,LOC-06,SVC-04,Priority,66.2,2026-03-31,79,True,1,0,3,0,14,242,0
REQ-004602,LOC-08,SVC-07,Priority,46.7,2026-03-31,94,True,1,0,3,0,14,242,0
REQ-004603,LOC-04,SVC-01,Routine,15.3,2026-03-31,168,True,1,0,3,0,14,242,0
REQ-004604,LOC-01,SVC-03,Urgent,38.6,2026-03-31,24,True,1,0,3,0,14,242,0
REQ-004605,LOC-06,SVC-01,Routine,20.7,2026-03-31,185,True,1,0,3,0,14,242,0
REQ-004606,LOC-01,SVC-04,Priority,86.1,2026-03-31,72,False,1,0,3,0,14,242,1
REQ-004607,LOC-01,SVC-02,Routine,6.1,2026-03-31,168,True,1,0,3,0,14,242,0
REQ-004608,LOC-02,SVC-03,Urgent,99.0,2026-03-31,24,True,1,0,3,0,14,242,0
REQ-004609,LOC-03,SVC-04,Priority,63.3,2026-03-31,72,True,1,0,3,0,14,242,0
REQ-004611,LOC-03,SVC-02,Urgent,52.9,2026-03-31,24,True,1,0,3,0,14,242,0
REQ-004612,LOC-02,SVC-02,Priority,89.6,2026-03-31,72,True,1,0,3,0,14,242,0
REQ-004613,LOC-02,SVC-01,Priority,6.6,2026-03-31,72,True,1,0,3,0,14,242,0
REQ-004614,LOC-03,SVC-06,Routine,36.0,2026-03-31,168,True,1,0,3,0,14,242,0
REQ-004615,LOC-07,SVC-02,Routine,41.4,2026-03-31,185,True,1,0,3,0,14,242,0
REQ-004616,LOC-04,SVC-02,Routine,33.1,2026-03-31,168,True,1,0,3,0,14,242,0
REQ-004617,LOC-10,SVC-01,Routine,30.6,2026-03-31,218,True,1,0,3,0,14,242,0
REQ-004618,LOC-06,SVC-01,Urgent,62.1,2026-03-31,26,True,1,0,3,0,14,242,0
REQ-004619,LOC-06,SVC-03,Routine,27.7,2026-03-31,185,True,1,0,3,0,14,242,0
REQ-004620,LOC-08,SVC-09,Routine,7.5,2026-03-31,218,True,1,0,3,0,14,242,0
REQ-004621,LOC-02,SVC-01,Routine,13.3,2026-03-31,168,True,1,0,3,0,14,242,0
REQ-004622,LOC-09,SVC-07,Urgent,43.1,2026-04-01,31,False,2,0,4,0,14,243,1
REQ-004623,LOC-03,SVC-01,Routine,36.3,2026-04-01,168,True,2,0,4,0,14,243,0
REQ-004624,LOC-05,SVC-06,Routine,23.1,2026-04-01,168,True,2,0,4,0,14,243,0
REQ-004625,LOC-06,SVC-01,Routine,36.3,2026-04-01,185,True,2,0,4,0,14,243,0
REQ-004626,LOC-04,SVC-08,Routine,33.8,2026-04-01,168,True,2,0,4,0,14,243,0
REQ-004627,LOC-09,SVC-01,Emergency,65.5,2026-04-01,5,False,2,0,4,0,14,243,1
REQ-004628,LOC-05,SVC-02,Routine,8.3,2026-04-01,168,True,2,0,4,0,14,243,0
REQ-004630,LOC-08,SVC-01,Routine,41.2,2026-04-01,218,True,2,0,4,0,14,243,0
REQ-004631,LOC-05,SVC-02,Priority,38.2,2026-04-01,72,True,2,0,4,0,14,243,0
REQ-004632,LOC-07,SVC-07,Priority,42.2,2026-04-01,79,True,2,0,4,0,14,243,0
REQ-004633,LOC-01,SVC-09,Urgent,18.4,2026-04-01,24,False,2,0,4,0,14,243,1
REQ-004634,LOC-10,SVC-06,Priority,14.7,2026-04-01,94,True,2,0,4,0,14,243,0
REQ-004635,LOC-02,SVC-06,Urgent,55.8,2026-04-01,24,True,2,0,4,0,14,243,0
REQ-004636,LOC-06,SVC-01,Urgent,60.4,2026-04-01,26,False,2,0,4,0,14,243,1
REQ-004638,LOC-07,SVC-01,Priority,59.3,2026-04-01,79,True,2,0,4,0,14,243,0
REQ-004639,LOC-03,SVC-01,Routine,16.8,2026-04-01,168,True,2,0,4,0,14,243,0
REQ-004641,LOC-01,SVC-05,Routine,14.0,2026-04-01,168,True,2,0,4,0,14,243,0
REQ-004642,LOC-06,SVC-05,Routine,17.5,2026-04-01,185,True,2,0,4,0,14,243,0
REQ-004643,LOC-01,SVC-05,Urgent,92.0,2026-04-01,24,False,2,0,4,0,14,243,1
REQ-004644,LOC-03,SVC-05,Priority,89.5,2026-04-01,72,True,2,0,4,0,14,243,0
REQ-004646,LOC-07,SVC-05,Routine,23.9,2026-04-01,185,True,2,0,4,0,14,243,0
REQ-004647,LOC-03,SVC-09,Routine,34.0,2026-04-01,168,True,2,0,4,0,14,243,0
REQ-004648,LOC-03,SVC-07,Urgent,36.3,2026-04-01,24,True,2,0,4,0,14,243,0
REQ-004649,LOC-06,SVC-01,Routine,60.3,2026-04-01,185,True,2,0,4,0,14,243,0
REQ-004650,LOC-05,SVC-01,Urgent,60.6,2026-04-01,24,True,2,0,4,0,14,243,0
REQ-004651,LOC-09,SVC-01,Priority,20.6,2026-04-01,94,True,2,0,4,0,14,243,0
REQ-004652,LOC-01,SVC-06,Priority,36.3,2026-04-01,72,True,2,0,4,0,14,243,0
REQ-004653,LOC-07,SVC-06,Urgent,69.6,2026-04-01,26,True,2,0,4,0,14,243,0
REQ-004654,LOC-06,SVC-03,Routine,27.4,2026-04-01,185,True,2,0,4,0,14,243,0
REQ-004655,LOC-05,SVC-07,Priority,12.3,2026-04-01,72,True,2,0,4,0,14,243,0
REQ-004656,LOC-07,SVC-06,Routine,10.7,2026-04-02,185,True,3,0,4,0,14,244,0
REQ-004657,LOC-05,SVC-01,Routine,78.3,2026-04-02,168,True,3,0,4,0,14,244,0
REQ-004658,LOC-01,SVC-07,Priority,17.7,2026-04-02,72,True,3,0,4,0,14,244,0
REQ-004659,LOC-01,SVC-06,Routine,56.2,2026-04-02,168,True,3,0,4,0,14,244,0
REQ-004660,LOC-05,SVC-01,Emergency,60.5,2026-04-02,4,False,3,0,4,0,14,244,1
REQ-004661,LOC-06,SVC-05,Priority,25.8,2026-04-02,79,True,3,0,4,0,14,244,0
REQ-004662,LOC-01,SVC-01,Routine,21.9,2026-04-02,168,True,3,0,4,0,14,244,0
REQ-004663,LOC-10,SVC-08,Urgent,43.6,2026-04-02,31,True,3,0,4,0,14,244,0
REQ-004664,LOC-08,SVC-09,Routine,20.4,2026-04-02,218,True,3,0,4,0,14,244,0
REQ-004666,LOC-03,SVC-05,Routine,7.2,2026-04-02,168,True,3,0,4,0,14,244,0
REQ-004667,LOC-04,SVC-01,Priority,63.5,2026-04-02,72,True,3,0,4,0,14,244,0
REQ-004668,LOC-05,SVC-03,Urgent,38.4,2026-04-02,24,True,3,0,4,0,14,244,0
REQ-004669,LOC-08,SVC-05,Routine,40.0,2026-04-02,218,True,3,0,4,0,14,244,0
REQ-004670,LOC-02,SVC-01,Routine,64.1,2026-04-02,168,True,3,0,4,0,14,244,0
REQ-004671,LOC-07,SVC-02,Priority,36.3,2026-04-02,79,True,3,0,4,0,14,244,0
REQ-004672,LOC-04,SVC-02,Routine,70.1,2026-04-02,168,True,3,0,4,0,14,244,0
REQ-004673,LOC-02,SVC-07,Priority,44.0,2026-04-02,72,True,3,0,4,0,14,244,0
REQ-004675,LOC-05,SVC-07,Routine,36.3,2026-04-02,168,True,3,0,4,0,14,244,0
REQ-004676,LOC-04,SVC-02,Routine,15.6,2026-04-03,168,True,4,0,4,0,14,245,0
REQ-004677,LOC-03,SVC-09,Routine,33.5,2026-04-03,168,True,4,0,4,0,14,245,0
REQ-004678,LOC-09,SVC-02,Routine,34.0,2026-04-03,218,True,4,0,4,0,14,245,0
REQ-004679,LOC-06,SVC-03,Routine,12.0,2026-04-03,185,True,4,0,4,0,14,245,0
REQ-004680,LOC-01,SVC-01,Routine,33.1,2026-04-03,168,True,4,0,4,0,14,245,0
REQ-004681,LOC-08,SVC-08,Routine,41.1,2026-04-03,218,True,4,0,4,0,14,245,0
REQ-004682,LOC-03,SVC-07,Priority,64.0,2026-04-03,72,True,4,0,4,0,14,245,0
REQ-004683,LOC-01,SVC-03,Routine,35.2,2026-04-03,168,True,4,0,4,0,14,245,0
REQ-004684,LOC-02,SVC-01,Priority,11.9,2026-04-03,72,True,4,0,4,0,14,245,0
REQ-004685,LOC-08,SVC-09,Routine,14.1,2026-04-03,218,True,4,0,4,0,14,245,0
REQ-004686,LOC-03,SVC-01,Routine,45.8,2026-04-03,168,True,4,0,4,0,14,245,0
REQ-004687,LOC-01,SVC-09,Priority,34.2,2026-04-03,72,True,4,0,4,0,14,245,0
REQ-004688,LOC-02,SVC-04,Routine,19.2,2026-04-03,168,True,4,0,4,0,14,245,0
REQ-004689,LOC-06,SVC-03,Priority,46.6,2026-04-03,79,True,4,0,4,0,14,245,0
REQ-004691,LOC-08,SVC-05,Urgent,45.7,2026-04-03,31,True,4,0,4,0,14,245,0
REQ-004692,LOC-04,SVC-07,Urgent,67.8,2026-04-03,24,True,4,0,4,0,14,245,0
REQ-004693,LOC-01,SVC-02,Priority,85.7,2026-04-03,72,True,4,0,4,0,14,245,0
REQ-004694,LOC-04,SVC-01,Routine,61.0,2026-04-03,168,True,4,0,4,0,14,245,0
REQ-004695,LOC-08,SVC-01,Routine,10.0,2026-04-03,218,True,4,0,4,0,14,245,0
REQ-004696,LOC-04,SVC-01,Routine,13.6,2026-04-03,168,True,4,0,4,0,14,245,0
REQ-004697,LOC-01,SVC-05,Priority,37.3,2026-04-03,72,True,4,0,4,0,14,245,0
REQ-004698,LOC-03,SVC-08,Routine,32.0,2026-04-03,168,True,4,0,4,0,14,245,0
REQ-004699,LOC-07,SVC-06,Emergency,90.4,2026-04-04,4,False,5,1,4,0,14,246,1
REQ-004700,LOC-10,SVC-09,Urgent,82.9,2026-04-04,31,True,5,1,4,0,14,246,0
REQ-004701,LOC-01,SVC-03,Urgent,32.7,2026-04-04,24,True,5,1,4,0,14,246,0
REQ-004703,LOC-02,SVC-01,Priority,87.9,2026-04-04,72,True,5,1,4,0,14,246,0
REQ-004704,LOC-05,SVC-01,Urgent,26.2,2026-04-04,24,True,5,1,4,0,14,246,0
REQ-004705,LOC-08,SVC-06,Priority,30.8,2026-04-04,94,True,5,1,4,0,14,246,0
REQ-004706,LOC-10,SVC-04,Routine,23.3,2026-04-04,218,True,5,1,4,0,14,246,0
REQ-004707,LOC-04,SVC-01,Emergency,13.5,2026-04-04,4,False,5,1,4,0,14,246,1
REQ-004708,LOC-05,SVC-04,Routine,44.0,2026-04-04,168,True,5,1,4,0,14,246,0
REQ-004709,LOC-07,SVC-09,Priority,32.6,2026-04-04,79,True,5,1,4,0,14,246,0
REQ-004710,LOC-05,SVC-06,Routine,35.6,2026-04-04,168,True,5,1,4,0,14,246,0
REQ-004711,LOC-05,SVC-02,Urgent,78.1,2026-04-05,24,True,6,1,4,0,14,247,0
REQ-004712,LOC-10,SVC-06,Routine,21.5,2026-04-05,218,True,6,1,4,0,14,247,0
REQ-004713,LOC-07,SVC-02,Urgent,33.1,2026-04-05,26,True,6,1,4,0,14,247,0
REQ-004714,LOC-01,SVC-07,Emergency,84.0,2026-04-05,4,False,6,1,4,0,14,247,1
REQ-004715,LOC-02,SVC-09,Priority,7.9,2026-04-05,72,True,6,1,4,0,14,247,0
REQ-004716,LOC-10,SVC-02,Emergency,13.5,2026-04-05,5,True,6,1,4,0,14,247,0
REQ-004719,LOC-01,SVC-01,Routine,12.8,2026-04-06,168,True,0,0,4,0,15,248,0
REQ-004721,LOC-04,SVC-09,Urgent,6.7,2026-04-06,24,True,0,0,4,0,15,248,0
REQ-004722,LOC-02,SVC-04,Routine,34.8,2026-04-06,168,True,0,0,4,0,15,248,0
REQ-004723,LOC-07,SVC-07,Urgent,36.1,2026-04-06,26,True,0,0,4,0,15,248,0
REQ-004725,LOC-07,SVC-07,Routine,27.8,2026-04-06,185,True,0,0,4,0,15,248,0
REQ-004726,LOC-02,SVC-06,Urgent,37.1,2026-04-06,24,True,0,0,4,0,15,248,0
REQ-004727,LOC-06,SVC-05,Routine,36.7,2026-04-06,185,True,0,0,4,0,15,248,0
REQ-004728,LOC-10,SVC-07,Urgent,83.9,2026-04-06,31,False,0,0,4,0,15,248,1
REQ-004729,LOC-01,SVC-01,Priority,44.0,2026-04-06,72,True,0,0,4,0,15,248,0
REQ-004730,LOC-06,SVC-05,Routine,37.0,2026-04-06,185,True,0,0,4,0,15,248,0
REQ-004731,LOC-06,SVC-01,Urgent,42.6,2026-04-06,26,True,0,0,4,0,15,248,0
REQ-004733,LOC-01,SVC-01,Routine,17.9,2026-04-06,168,True,0,0,4,0,15,248,0
REQ-004734,LOC-08,SVC-05,Urgent,73.8,2026-04-06,31,True,0,0,4,0,15,248,0
REQ-004735,LOC-08,SVC-04,Priority,39.0,2026-04-06,94,True,0,0,4,0,15,248,0
REQ-004736,LOC-06,SVC-02,Priority,14.1,2026-04-06,79,True,0,0,4,0,15,248,0
REQ-004737,LOC-01,SVC-02,Routine,53.5,2026-04-06,168,True,0,0,4,0,15,248,0
REQ-004738,LOC-10,SVC-05,Urgent,15.2,2026-04-06,31,True,0,0,4,0,15,248,0
REQ-004739,LOC-06,SVC-05,Urgent,93.6,2026-04-06,26,True,0,0,4,0,15,248,0
REQ-004740,LOC-07,SVC-01,Priority,36.3,2026-04-06,79,True,0,0,4,0,15,248,0
REQ-004741,LOC-02,SVC-09,Routine,36.4,2026-04-06,168,True,0,0,4,0,15,248,0
REQ-004742,LOC-02,SVC-02,Urgent,66.5,2026-04-06,24,True,0,0,4,0,15,248,0
REQ-004744,LOC-06,SVC-01,Urgent,30.8,2026-04-06,26,True,0,0,4,0,15,248,0
REQ-004745,LOC-09,SVC-02,Routine,7.3,2026-04-06,218,True,0,0,4,0,15,248,0
REQ-004746,LOC-05,SVC-06,Routine,37.3,2026-04-06,168,True,0,0,4,0,15,248,0
REQ-004747,LOC-02,SVC-05,Priority,36.3,2026-04-06,72,True,0,0,4,0,15,248,0
REQ-004748,LOC-09,SVC-02,Priority,32.2,2026-04-07,94,True,1,0,4,0,15,249,0
REQ-004749,LOC-06,SVC-05,Routine,38.2,2026-04-07,185,True,1,0,4,0,15,249,0
REQ-004750,LOC-03,SVC-04,Routine,15.4,2026-04-07,168,True,1,0,4,0,15,249,0
REQ-004751,LOC-05,SVC-05,Urgent,33.9,2026-04-07,24,True,1,0,4,0,15,249,0
REQ-004752,LOC-03,SVC-02,Routine,36.3,2026-04-07,168,True,1,0,4,0,15,249,0
REQ-004753,LOC-07,SVC-04,Routine,10.2,2026-04-07,185,True,1,0,4,0,15,249,0
REQ-004754,LOC-02,SVC-06,Routine,14.2,2026-04-07,168,True,1,0,4,0,15,249,0
REQ-004755,LOC-05,SVC-01,Priority,6.7,2026-04-07,72,True,1,0,4,0,15,249,0
REQ-004756,LOC-03,SVC-02,Routine,14.3,2026-04-07,168,True,1,0,4,0,15,249,0
REQ-004757,LOC-06,SVC-05,Routine,64.7,2026-04-07,185,True,1,0,4,0,15,249,0
REQ-004758,LOC-08,SVC-09,Priority,50.7,2026-04-07,94,True,1,0,4,0,15,249,0
REQ-004759,LOC-03,SVC-03,Routine,38.8,2026-04-07,168,True,1,0,4,0,15,249,0
REQ-004760,LOC-02,SVC-05,Priority,93.8,2026-04-07,72,False,1,0,4,0,15,249,1
REQ-004761,LOC-09,SVC-01,Urgent,62.7,2026-04-07,31,True,1,0,4,0,15,249,0
REQ-004762,LOC-06,SVC-01,Emergency,68.2,2026-04-07,4,False,1,0,4,0,15,249,1
REQ-004763,LOC-09,SVC-06,Urgent,79.0,2026-04-07,31,True,1,0,4,0,15,249,0
REQ-004764,LOC-02,SVC-07,Routine,27.4,2026-04-07,168,True,1,0,4,0,15,249,0
REQ-004765,LOC-10,SVC-04,Priority,86.8,2026-04-07,94,True,1,0,4,0,15,249,0
REQ-004767,LOC-03,SVC-02,Routine,42.9,2026-04-07,168,True,1,0,4,0,15,249,0
REQ-004768,LOC-10,SVC-03,Priority,11.1,2026-04-07,94,True,1,0,4,0,15,249,0
REQ-004769,LOC-01,SVC-05,Urgent,63.0,2026-04-08,24,True,2,0,4,0,15,250,0
REQ-004770,LOC-01,SVC-01,Routine,17.4,2026-04-08,168,True,2,0,4,0,15,250,0
REQ-004771,LOC-05,SVC-08,Urgent,60.8,2026-04-08,24,False,2,0,4,0,15,250,1
REQ-004772,LOC-10,SVC-06,Routine,29.7,2026-04-08,218,True,2,0,4,0,15,250,0
REQ-004773,LOC-07,SVC-01,Routine,31.9,2026-04-08,185,True,2,0,4,0,15,250,0
REQ-004774,LOC-07,SVC-02,Routine,35.2,2026-04-08,185,True,2,0,4,0,15,250,0
REQ-004775,LOC-02,SVC-01,Emergency,43.0,2026-04-08,4,False,2,0,4,0,15,250,1
REQ-004776,LOC-07,SVC-05,Routine,59.9,2026-04-08,185,True,2,0,4,0,15,250,0
REQ-004777,LOC-01,SVC-05,Routine,13.2,2026-04-08,168,True,2,0,4,0,15,250,0
REQ-004778,LOC-03,SVC-03,Emergency,82.8,2026-04-08,4,False,2,0,4,0,15,250,1
REQ-004780,LOC-08,SVC-05,Routine,1.9,2026-04-08,218,True,2,0,4,0,15,250,0
REQ-004781,LOC-02,SVC-09,Routine,16.3,2026-04-08,168,True,2,0,4,0,15,250,0
REQ-004782,LOC-08,SVC-06,Routine,30.4,2026-04-08,218,True,2,0,4,0,15,250,0
REQ-004784,LOC-05,SVC-09,Urgent,53.8,2026-04-08,24,True,2,0,4,0,15,250,0
REQ-004785,LOC-04,SVC-01,Urgent,32.2,2026-04-09,24,True,3,0,4,0,15,251,0
REQ-004786,LOC-08,SVC-07,Priority,32.8,2026-04-09,94,True,3,0,4,0,15,251,0
REQ-004787,LOC-07,SVC-02,Priority,26.3,2026-04-09,79,True,3,0,4,0,15,251,0
REQ-004788,LOC-07,SVC-07,Routine,28.2,2026-04-09,185,True,3,0,4,0,15,251,0
REQ-004789,LOC-09,SVC-09,Emergency,29.5,2026-04-09,5,False,3,0,4,0,15,251,1
REQ-004790,LOC-09,SVC-03,Priority,15.8,2026-04-09,94,True,3,0,4,0,15,251,0
REQ-004791,LOC-09,SVC-06,Urgent,32.4,2026-04-09,31,True,3,0,4,0,15,251,0
REQ-004792,LOC-04,SVC-09,Routine,35.3,2026-04-09,168,True,3,0,4,0,15,251,0
REQ-004793,LOC-03,SVC-01,Routine,21.8,2026-04-09,168,True,3,0,4,0,15,251,0
REQ-004794,LOC-07,SVC-02,Priority,7.6,2026-04-09,79,True,3,0,4,0,15,251,0
REQ-004795,LOC-03,SVC-06,Priority,18.4,2026-04-09,72,True,3,0,4,0,15,251,0
REQ-004796,LOC-05,SVC-09,Priority,34.0,2026-04-09,72,True,3,0,4,0,15,251,0
REQ-004797,LOC-01,SVC-05,Urgent,32.7,2026-04-09,24,True,3,0,4,0,15,251,0
REQ-004798,LOC-04,SVC-01,Routine,18.1,2026-04-09,168,True,3,0,4,0,15,251,0
REQ-004799,LOC-03,SVC-02,Priority,65.4,2026-04-09,72,True,3,0,4,0,15,251,0
REQ-004800,LOC-10,SVC-04,Routine,63.6,2026-04-09,218,True,3,0,4,0,15,251,0
REQ-004801,LOC-10,SVC-07,Routine,65.0,2026-04-09,218,True,3,0,4,0,15,251,0
REQ-004802,LOC-07,SVC-03,Priority,42.6,2026-04-10,79,False,4,0,4,0,15,252,1
REQ-004804,LOC-05,SVC-06,Routine,71.0,2026-04-10,168,True,4,0,4,0,15,252,0
REQ-004805,LOC-08,SVC-04,Urgent,44.1,2026-04-10,31,False,4,0,4,0,15,252,1
REQ-004807,LOC-05,SVC-08,Routine,65.1,2026-04-10,168,True,4,0,4,0,15,252,0
REQ-004808,LOC-07,SVC-06,Routine,48.6,2026-04-10,185,True,4,0,4,0,15,252,0
REQ-004809,LOC-04,SVC-08,Routine,64.7,2026-04-10,168,True,4,0,4,0,15,252,0
REQ-004810,LOC-04,SVC-04,Routine,12.8,2026-04-10,168,True,4,0,4,0,15,252,0
REQ-004811,LOC-01,SVC-06,Routine,32.5,2026-04-10,168,True,4,0,4,0,15,252,0
REQ-004812,LOC-07,SVC-07,Routine,11.6,2026-04-10,185,True,4,0,4,0,15,252,0
REQ-004813,LOC-10,SVC-09,Routine,22.3,2026-04-10,218,True,4,0,4,0,15,252,0
REQ-004814,LOC-01,SVC-07,Routine,12.9,2026-04-10,168,True,4,0,4,0,15,252,0
REQ-004815,LOC-10,SVC-01,Routine,11.9,2026-04-10,218,True,4,0,4,0,15,252,0
REQ-004817,LOC-08,SVC-09,Urgent,64.3,2026-04-10,31,False,4,0,4,0,15,252,1
REQ-004818,LOC-08,SVC-02,Routine,6.7,2026-04-10,218,True,4,0,4,0,15,252,0
REQ-004819,LOC-01,SVC-05,Routine,51.8,2026-04-10,168,True,4,0,4,0,15,252,0
REQ-004820,LOC-07,SVC-03,Priority,99.0,2026-04-10,79,True,4,0,4,0,15,252,0
REQ-004822,LOC-05,SVC-01,Priority,66.9,2026-04-10,72,True,4,0,4,0,15,252,0
REQ-004823,LOC-07,SVC-08,Routine,18.7,2026-04-10,185,True,4,0,4,0,15,252,0
REQ-004824,LOC-04,SVC-05,Routine,45.3,2026-04-10,168,True,4,0,4,0,15,252,0
REQ-004825,LOC-02,SVC-08,Urgent,28.8,2026-04-11,24,True,5,1,4,0,15,253,0
REQ-004826,LOC-02,SVC-05,Priority,30.3,2026-04-11,72,True,5,1,4,0,15,253,0
REQ-004827,LOC-02,SVC-03,Routine,42.9,2026-04-11,168,True,5,1,4,0,15,253,0
REQ-004828,LOC-04,SVC-08,Routine,10.9,2026-04-11,168,True,5,1,4,0,15,253,0
REQ-004829,LOC-07,SVC-03,Urgent,15.9,2026-04-11,26,True,5,1,4,0,15,253,0
REQ-004830,LOC-07,SVC-02,Routine,6.1,2026-04-11,185,True,5,1,4,0,15,253,0
REQ-004831,LOC-09,SVC-07,Priority,33.9,2026-04-11,94,True,5,1,4,0,15,253,0
REQ-004833,LOC-10,SVC-04,Routine,42.4,2026-04-11,218,True,5,1,4,0,15,253,0
REQ-004836,LOC-01,SVC-05,Urgent,60.8,2026-04-12,24,True,6,1,4,0,15,254,0
REQ-004837,LOC-07,SVC-09,Routine,40.2,2026-04-12,185,True,6,1,4,0,15,254,0
REQ-004838,LOC-06,SVC-06,Urgent,31.5,2026-04-12,26,True,6,1,4,0,15,254,0
REQ-004839,LOC-02,SVC-03,Urgent,28.7,2026-04-12,24,True,6,1,4,0,15,254,0
REQ-004840,LOC-02,SVC-06,Urgent,32.4,2026-04-12,24,True,6,1,4,0,15,254,0
REQ-004842,LOC-10,SVC-03,Routine,14.8,2026-04-12,218,True,6,1,4,0,15,254,0
REQ-004843,LOC-08,SVC-09,Routine,33.5,2026-04-12,218,True,6,1,4,0,15,254,0
REQ-004844,LOC-10,SVC-02,Routine,35.9,2026-04-12,218,True,6,1,4,0,15,254,0
REQ-004845,LOC-08,SVC-05,Priority,36.3,2026-04-12,94,True,6,1,4,0,15,254,0
REQ-004846,LOC-07,SVC-09,Routine,16.5,2026-04-12,185,True,6,1,4,0,15,254,0
REQ-004847,LOC-08,SVC-01,Routine,17.9,2026-04-12,218,True,6,1,4,0,15,254,0
REQ-004849,LOC-02,SVC-01,Routine,31.0,2026-04-12,168,True,6,1,4,0,15,254,0
REQ-004850,LOC-04,SVC-05,Routine,74.6,2026-04-12,168,True,6,1,4,0,15,254,0
REQ-004851,LOC-06,SVC-07,Routine,22.2,2026-04-12,185,True,6,1,4,0,15,254,0
REQ-004852,LOC-01,SVC-01,Priority,89.2,2026-04-12,72,True,6,1,4,0,15,254,0
REQ-004853,LOC-05,SVC-07,Routine,9.6,2026-04-13,168,True,0,0,4,0,16,255,0
REQ-004854,LOC-09,SVC-03,Urgent,39.2,2026-04-13,31,True,0,0,4,0,16,255,0
REQ-004855,LOC-06,SVC-05,Routine,11.6,2026-04-13,185,True,0,0,4,0,16,255,0
REQ-004856,LOC-03,SVC-02,Routine,12.1,2026-04-13,168,True,0,0,4,0,16,255,0
REQ-004857,LOC-09,SVC-01,Urgent,37.0,2026-04-13,31,True,0,0,4,0,16,255,0
REQ-004858,LOC-04,SVC-01,Routine,18.6,2026-04-13,168,True,0,0,4,0,16,255,0
REQ-004859,LOC-05,SVC-08,Priority,51.0,2026-04-13,72,True,0,0,4,0,16,255,0
REQ-004860,LOC-05,SVC-01,Routine,8.5,2026-04-13,168,True,0,0,4,0,16,255,0
REQ-004861,LOC-03,SVC-01,Routine,21.8,2026-04-13,168,True,0,0,4,0,16,255,0
REQ-004862,LOC-07,SVC-01,Urgent,33.2,2026-04-13,26,False,0,0,4,0,16,255,1
REQ-004863,LOC-07,SVC-01,Routine,36.3,2026-04-13,185,True,0,0,4,0,16,255,0
REQ-004864,LOC-01,SVC-02,Routine,11.1,2026-04-13,168,True,0,0,4,0,16,255,0
REQ-004865,LOC-06,SVC-04,Routine,48.8,2026-04-13,185,True,0,0,4,0,16,255,0
REQ-004866,LOC-09,SVC-01,Priority,35.3,2026-04-13,94,True,0,0,4,0,16,255,0
REQ-004867,LOC-02,SVC-03,Priority,38.5,2026-04-13,72,True,0,0,4,0,16,255,0
REQ-004868,LOC-08,SVC-09,Urgent,36.3,2026-04-13,31,True,0,0,4,0,16,255,0
REQ-004869,LOC-07,SVC-03,Routine,12.2,2026-04-13,185,True,0,0,4,0,16,255,0
REQ-004870,LOC-02,SVC-05,Emergency,87.0,2026-04-13,4,False,0,0,4,0,16,255,1
REQ-004871,LOC-03,SVC-02,Routine,8.1,2026-04-13,168,True,0,0,4,0,16,255,0
REQ-004872,LOC-07,SVC-05,Priority,9.3,2026-04-13,79,True,0,0,4,0,16,255,0
REQ-004873,LOC-03,SVC-01,Priority,40.3,2026-04-13,72,True,0,0,4,0,16,255,0
REQ-004874,LOC-09,SVC-05,Routine,41.3,2026-04-13,218,True,0,0,4,0,16,255,0
REQ-004875,LOC-08,SVC-04,Urgent,70.1,2026-04-13,31,True,0,0,4,0,16,255,0
REQ-004876,LOC-06,SVC-01,Routine,41.1,2026-04-13,185,True,0,0,4,0,16,255,0
REQ-004878,LOC-01,SVC-04,Routine,1.0,2026-04-13,168,True,0,0,4,0,16,255,0
REQ-004879,LOC-04,SVC-01,Urgent,88.8,2026-04-13,24,True,0,0,4,0,16,255,0
REQ-004881,LOC-06,SVC-01,Urgent,62.6,2026-04-13,26,True,0,0,4,0,16,255,0
REQ-004882,LOC-10,SVC-08,Priority,8.5,2026-04-13,94,True,0,0,4,0,16,255,0
REQ-004883,LOC-05,SVC-01,Routine,42.7,2026-04-14,168,True,1,0,4,0,16,256,0
REQ-004884,LOC-01,SVC-05,Priority,65.1,2026-04-14,72,True,1,0,4,0,16,256,0
REQ-004885,LOC-06,SVC-07,Urgent,68.9,2026-04-14,26,True,1,0,4,0,16,256,0
REQ-004886,LOC-06,SVC-05,Routine,65.0,2026-04-14,185,True,1,0,4,0,16,256,0
REQ-004887,LOC-04,SVC-07,Routine,54.4,2026-04-14,168,True,1,0,4,0,16,256,0
REQ-004889,LOC-07,SVC-06,Priority,69.4,2026-04-14,79,False,1,0,4,0,16,256,1
REQ-004890,LOC-06,SVC-02,Priority,95.8,2026-04-14,79,True,1,0,4,0,16,256,0
REQ-004892,LOC-06,SVC-02,Routine,17.5,2026-04-14,185,True,1,0,4,0,16,256,0
REQ-004895,LOC-09,SVC-02,Urgent,41.0,2026-04-14,31,False,1,0,4,0,16,256,1
REQ-004896,LOC-02,SVC-01,Routine,87.1,2026-04-14,168,True,1,0,4,0,16,256,0
REQ-004897,LOC-05,SVC-08,Priority,38.2,2026-04-14,72,True,1,0,4,0,16,256,0
REQ-004898,LOC-08,SVC-06,Urgent,31.1,2026-04-14,31,True,1,0,4,0,16,256,0
REQ-004899,LOC-05,SVC-02,Routine,93.0,2026-04-14,168,True,1,0,4,0,16,256,0
REQ-004900,LOC-05,SVC-05,Priority,38.3,2026-04-14,72,True,1,0,4,0,16,256,0
REQ-004901,LOC-01,SVC-05,Priority,65.9,2026-04-14,72,True,1,0,4,0,16,256,0
REQ-004902,LOC-10,SVC-07,Urgent,20.3,2026-04-14,31,True,1,0,4,0,16,256,0
REQ-004904,LOC-06,SVC-01,Priority,59.6,2026-04-14,79,True,1,0,4,0,16,256,0
REQ-004905,LOC-10,SVC-06,Priority,31.7,2026-04-14,94,True,1,0,4,0,16,256,0
REQ-004906,LOC-08,SVC-05,Routine,16.9,2026-04-15,218,True,2,0,4,0,16,257,0
REQ-004907,LOC-06,SVC-09,Priority,7.9,2026-04-15,79,True,2,0,4,0,16,257,0
REQ-004908,LOC-10,SVC-05,Priority,31.1,2026-04-15,94,True,2,0,4,0,16,257,0
REQ-004909,LOC-05,SVC-03,Routine,27.4,2026-04-15,168,True,2,0,4,0,16,257,0
REQ-004910,LOC-06,SVC-04,Priority,33.9,2026-04-15,79,True,2,0,4,0,16,257,0
REQ-004911,LOC-02,SVC-09,Priority,31.3,2026-04-15,72,True,2,0,4,0,16,257,0
REQ-004914,LOC-10,SVC-03,Urgent,32.9,2026-04-15,31,True,2,0,4,0,16,257,0
REQ-004915,LOC-09,SVC-01,Urgent,83.1,2026-04-15,31,True,2,0,4,0,16,257,0
REQ-004916,LOC-08,SVC-06,Routine,43.6,2026-04-15,218,True,2,0,4,0,16,257,0
REQ-004917,LOC-03,SVC-01,Priority,68.7,2026-04-15,72,True,2,0,4,0,16,257,0
REQ-004918,LOC-05,SVC-07,Urgent,38.1,2026-04-15,24,True,2,0,4,0,16,257,0
REQ-004919,LOC-04,SVC-09,Routine,10.4,2026-04-15,168,True,2,0,4,0,16,257,0
REQ-004920,LOC-10,SVC-08,Priority,22.4,2026-04-15,94,True,2,0,4,0,16,257,0
REQ-004921,LOC-07,SVC-03,Priority,42.6,2026-04-15,79,True,2,0,4,0,16,257,0
REQ-004922,LOC-08,SVC-01,Routine,23.8,2026-04-15,218,True,2,0,4,0,16,257,0
REQ-004923,LOC-08,SVC-07,Priority,11.9,2026-04-15,94,True,2,0,4,0,16,257,0
REQ-004925,LOC-08,SVC-08,Routine,5.0,2026-04-15,218,True,2,0,4,0,16,257,0
REQ-004926,LOC-05,SVC-06,Urgent,68.3,2026-04-15,24,False,2,0,4,0,16,257,1
REQ-004927,LOC-09,SVC-08,Priority,8.3,2026-04-15,94,True,2,0,4,0,16,257,0
REQ-004928,LOC-05,SVC-01,Routine,31.5,2026-04-15,168,True,2,0,4,0,16,257,0
REQ-004929,LOC-04,SVC-07,Routine,27.1,2026-04-15,168,True,2,0,4,0,16,257,0
REQ-004931,LOC-10,SVC-09,Routine,12.8,2026-04-15,218,True,2,0,4,0,16,257,0
REQ-004932,LOC-04,SVC-03,Urgent,17.9,2026-04-15,24,True,2,0,4,0,16,257,0
REQ-004933,LOC-10,SVC-02,Routine,44.3,2026-04-15,218,True,2,0,4,0,16,257,0
REQ-004934,LOC-07,SVC-09,Routine,61.3,2026-04-15,185,True,2,0,4,0,16,257,0
REQ-004935,LOC-01,SVC-05,Priority,13.9,2026-04-16,72,True,3,0,4,0,16,258,0
REQ-004936,LOC-05,SVC-01,Priority,36.7,2026-04-16,72,True,3,0,4,0,16,258,0
REQ-004937,LOC-10,SVC-01,Emergency,23.4,2026-04-16,5,False,3,0,4,0,16,258,1
REQ-004938,LOC-08,SVC-04,Urgent,45.0,2026-04-16,31,False,3,0,4,0,16,258,1
REQ-004939,LOC-02,SVC-05,Routine,33.1,2026-04-16,168,True,3,0,4,0,16,258,0
REQ-004940,LOC-03,SVC-01,Routine,36.7,2026-04-16,168,True,3,0,4,0,16,258,0
REQ-004941,LOC-08,SVC-06,Routine,36.4,2026-04-16,218,True,3,0,4,0,16,258,0
REQ-004942,LOC-07,SVC-07,Routine,12.8,2026-04-16,185,True,3,0,4,0,16,258,0
REQ-004943,LOC-04,SVC-01,Routine,12.7,2026-04-16,168,True,3,0,4,0,16,258,0
REQ-004944,LOC-02,SVC-06,Urgent,42.6,2026-04-16,24,True,3,0,4,0,16,258,0
REQ-004945,LOC-05,SVC-03,Priority,32.5,2026-04-16,72,True,3,0,4,0,16,258,0
REQ-004946,LOC-02,SVC-01,Routine,37.1,2026-04-16,168,True,3,0,4,0,16,258,0
REQ-004947,LOC-05,SVC-09,Priority,40.0,2026-04-16,72,True,3,0,4,0,16,258,0
REQ-004948,LOC-03,SVC-07,Urgent,29.3,2026-04-16,24,True,3,0,4,0,16,258,0
REQ-004949,LOC-05,SVC-02,Priority,29.5,2026-04-16,72,True,3,0,4,0,16,258,0
REQ-004950,LOC-06,SVC-01,Priority,68.9,2026-04-16,79,True,3,0,4,0,16,258,0
REQ-004951,LOC-02,SVC-03,Routine,74.5,2026-04-16,168,True,3,0,4,0,16,258,0
REQ-004952,LOC-02,SVC-07,Priority,62.9,2026-04-16,72,True,3,0,4,0,16,258,0
REQ-004953,LOC-07,SVC-05,Priority,12.5,2026-04-17,79,True,4,0,4,0,16,259,0
REQ-004954,LOC-03,SVC-05,Routine,11.3,2026-04-17,168,True,4,0,4,0,16,259,0
REQ-004955,LOC-02,SVC-02,Routine,11.0,2026-04-17,168,True,4,0,4,0,16,259,0
REQ-004956,LOC-03,SVC-01,Urgent,24.9,2026-04-17,24,True,4,0,4,0,16,259,0
REQ-004957,LOC-01,SVC-03,Routine,4.0,2026-04-17,168,True,4,0,4,0,16,259,0
REQ-004958,LOC-05,SVC-04,Urgent,85.0,2026-04-17,24,False,4,0,4,0,16,259,1
REQ-004959,LOC-06,SVC-09,Priority,26.3,2026-04-17,79,True,4,0,4,0,16,259,0
REQ-004960,LOC-02,SVC-02,Priority,41.2,2026-04-17,72,True,4,0,4,0,16,259,0
REQ-004961,LOC-03,SVC-01,Priority,36.6,2026-04-17,72,True,4,0,4,0,16,259,0
REQ-004962,LOC-05,SVC-01,Routine,38.3,2026-04-17,168,True,4,0,4,0,16,259,0
REQ-004963,LOC-06,SVC-01,Priority,9.8,2026-04-17,79,True,4,0,4,0,16,259,0
REQ-004964,LOC-10,SVC-07,Urgent,86.3,2026-04-17,31,True,4,0,4,0,16,259,0
REQ-004967,LOC-10,SVC-05,Priority,39.9,2026-04-17,94,True,4,0,4,0,16,259,0
REQ-004968,LOC-05,SVC-06,Routine,9.9,2026-04-17,168,True,4,0,4,0,16,259,0
REQ-004969,LOC-07,SVC-06,Routine,34.1,2026-04-17,185,True,4,0,4,0,16,259,0
REQ-004970,LOC-09,SVC-01,Urgent,41.9,2026-04-17,31,True,4,0,4,0,16,259,0
REQ-004971,LOC-08,SVC-01,Routine,15.1,2026-04-17,218,True,4,0,4,0,16,259,0
REQ-004972,LOC-07,SVC-06,Priority,16.1,2026-04-17,79,True,4,0,4,0,16,259,0
REQ-004973,LOC-08,SVC-03,Routine,36.3,2026-04-17,218,True,4,0,4,0,16,259,0
REQ-004974,LOC-03,SVC-01,Priority,8.7,2026-04-18,72,True,5,1,4,0,16,260,0
REQ-004975,LOC-09,SVC-06,Routine,38.2,2026-04-18,218,True,5,1,4,0,16,260,0
REQ-004977,LOC-04,SVC-01,Urgent,75.8,2026-04-18,24,True,5,1,4,0,16,260,0
REQ-004978,LOC-02,SVC-05,Routine,2.2,2026-04-18,168,True,5,1,4,0,16,260,0
REQ-004979,LOC-07,SVC-01,Urgent,11.1,2026-04-19,26,True,6,1,4,0,16,261,0
REQ-004980,LOC-03,SVC-02,Routine,12.9,2026-04-19,168,True,6,1,4,0,16,261,0
REQ-004981,LOC-03,SVC-03,Urgent,16.0,2026-04-19,24,True,6,1,4,0,16,261,0
REQ-004982,LOC-07,SVC-02,Priority,34.3,2026-04-19,79,True,6,1,4,0,16,261,0
REQ-004983,LOC-04,SVC-09,Routine,36.7,2026-04-19,168,True,6,1,4,0,16,261,0
REQ-004984,LOC-08,SVC-03,Emergency,49.4,2026-04-19,5,False,6,1,4,0,16,261,1
REQ-004985,LOC-09,SVC-02,Priority,70.3,2026-04-20,94,True,0,0,4,0,17,262,0
REQ-004986,LOC-01,SVC-02,Routine,66.5,2026-04-20,168,True,0,0,4,0,17,262,0
REQ-004987,LOC-02,SVC-01,Priority,87.2,2026-04-20,72,True,0,0,4,0,17,262,0
REQ-004988,LOC-08,SVC-05,Urgent,44.6,2026-04-20,31,True,0,0,4,0,17,262,0
REQ-004990,LOC-05,SVC-06,Priority,19.9,2026-04-20,72,True,0,0,4,0,17,262,0
REQ-004991,LOC-09,SVC-01,Routine,16.3,2026-04-20,218,True,0,0,4,0,17,262,0
REQ-004992,LOC-02,SVC-03,Urgent,96.2,2026-04-20,24,True,0,0,4,0,17,262,0
REQ-004993,LOC-08,SVC-08,Priority,61.2,2026-04-20,94,True,0,0,4,0,17,262,0
REQ-004994,LOC-05,SVC-02,Priority,21.9,2026-04-20,72,True,0,0,4,0,17,262,0
REQ-004995,LOC-02,SVC-02,Priority,67.1,2026-04-20,72,True,0,0,4,0,17,262,0
REQ-004996,LOC-08,SVC-01,Urgent,14.9,2026-04-20,31,True,0,0,4,0,17,262,0
REQ-004997,LOC-10,SVC-09,Routine,13.5,2026-04-20,218,True,0,0,4,0,17,262,0
REQ-004998,LOC-03,SVC-06,Priority,84.6,2026-04-20,72,True,0,0,4,0,17,262,0
REQ-005000,LOC-10,SVC-05,Emergency,73.7,2026-04-20,5,False,0,0,4,0,17,262,1
REQ-005001,LOC-10,SVC-05,Priority,13.6,2026-04-20,94,False,0,0,4,0,17,262,1
REQ-005002,LOC-03,SVC-04,Priority,35.0,2026-04-20,72,True,0,0,4,0,17,262,0
REQ-005003,LOC-01,SVC-03,Priority,36.3,2026-04-20,72,True,0,0,4,0,17,262,0
REQ-005004,LOC-03,SVC-07,Routine,37.4,2026-04-20,168,True,0,0,4,0,17,262,0
REQ-005005,LOC-02,SVC-03,Priority,36.3,2026-04-20,72,True,0,0,4,0,17,262,0
REQ-005006,LOC-03,SVC-07,Urgent,28.0,2026-04-20,24,True,0,0,4,0,17,262,0
REQ-005007,LOC-07,SVC-09,Routine,34.2,2026-04-21,185,True,1,0,4,0,17,263,0
REQ-005008,LOC-03,SVC-07,Routine,17.4,2026-04-21,168,True,1,0,4,0,17,263,0
REQ-005009,LOC-08,SVC-06,Routine,14.2,2026-04-21,218,True,1,0,4,0,17,263,0
REQ-005010,LOC-05,SVC-01,Urgent,42.1,2026-04-21,24,True,1,0,4,0,17,263,0
REQ-005011,LOC-09,SVC-09,Routine,14.7,2026-04-21,218,True,1,0,4,0,17,263,0
REQ-005012,LOC-09,SVC-08,Routine,40.4,2026-04-21,218,True,1,0,4,0,17,263,0
REQ-005013,LOC-10,SVC-02,Priority,65.4,2026-04-21,94,True,1,0,4,0,17,263,0
REQ-005014,LOC-08,SVC-04,Priority,14.1,2026-04-21,94,True,1,0,4,0,17,263,0
REQ-005015,LOC-09,SVC-01,Priority,63.8,2026-04-21,94,True,1,0,4,0,17,263,0
REQ-005016,LOC-05,SVC-05,Routine,36.9,2026-04-21,168,True,1,0,4,0,17,263,0
REQ-005018,LOC-06,SVC-01,Routine,26.1,2026-04-21,185,True,1,0,4,0,17,263,0
REQ-005019,LOC-02,SVC-05,Routine,33.8,2026-04-21,168,True,1,0,4,0,17,263,0
REQ-005020,LOC-06,SVC-07,Routine,33.4,2026-04-21,185,True,1,0,4,0,17,263,0
REQ-005021,LOC-01,SVC-06,Priority,43.2,2026-04-21,72,True,1,0,4,0,17,263,0
REQ-005022,LOC-07,SVC-02,Priority,36.3,2026-04-21,79,True,1,0,4,0,17,263,0
REQ-005023,LOC-01,SVC-01,Emergency,37.7,2026-04-22,4,False,2,0,4,0,17,264,1
REQ-005024,LOC-08,SVC-02,Routine,15.3,2026-04-22,218,True,2,0,4,0,17,264,0
REQ-005025,LOC-08,SVC-07,Priority,61.7,2026-04-22,94,True,2,0,4,0,17,264,0
REQ-005026,LOC-10,SVC-01,Priority,39.4,2026-04-22,94,True,2,0,4,0,17,264,0
REQ-005027,LOC-03,SVC-04,Routine,13.5,2026-04-22,168,True,2,0,4,0,17,264,0
REQ-005029,LOC-02,SVC-08,Priority,46.5,2026-04-22,72,True,2,0,4,0,17,264,0
REQ-005030,LOC-05,SVC-06,Priority,66.0,2026-04-22,72,True,2,0,4,0,17,264,0
REQ-005031,LOC-10,SVC-01,Routine,12.9,2026-04-22,218,True,2,0,4,0,17,264,0
REQ-005032,LOC-01,SVC-08,Urgent,64.5,2026-04-22,24,True,2,0,4,0,17,264,0
REQ-005033,LOC-07,SVC-02,Urgent,42.8,2026-04-22,26,True,2,0,4,0,17,264,0
REQ-005034,LOC-09,SVC-02,Priority,13.0,2026-04-22,94,True,2,0,4,0,17,264,0
REQ-005035,LOC-08,SVC-02,Routine,6.6,2026-04-22,218,True,2,0,4,0,17,264,0
REQ-005036,LOC-07,SVC-09,Priority,1.0,2026-04-22,79,True,2,0,4,0,17,264,0
REQ-005037,LOC-01,SVC-08,Priority,59.0,2026-04-22,72,True,2,0,4,0,17,264,0
REQ-005038,LOC-09,SVC-06,Routine,17.7,2026-04-22,218,True,2,0,4,0,17,264,0
REQ-005039,LOC-02,SVC-02,Priority,27.3,2026-04-22,72,True,2,0,4,0,17,264,0
REQ-005041,LOC-02,SVC-01,Routine,12.4,2026-04-22,168,True,2,0,4,0,17,264,0
REQ-005042,LOC-04,SVC-03,Priority,33.6,2026-04-22,72,True,2,0,4,0,17,264,0
REQ-005043,LOC-04,SVC-03,Routine,5.6,2026-04-22,168,True,2,0,4,0,17,264,0
REQ-005044,LOC-01,SVC-06,Routine,10.0,2026-04-22,168,True,2,0,4,0,17,264,0
REQ-005045,LOC-01,SVC-09,Routine,42.8,2026-04-23,168,True,3,0,4,0,17,265,0
REQ-005046,LOC-10,SVC-03,Priority,11.1,2026-04-23,94,True,3,0,4,0,17,265,0
REQ-005047,LOC-09,SVC-07,Priority,38.2,2026-04-23,94,True,3,0,4,0,17,265,0
REQ-005048,LOC-02,SVC-05,Emergency,85.3,2026-04-23,4,False,3,0,4,0,17,265,1
REQ-005049,LOC-07,SVC-08,Priority,65.7,2026-04-23,79,True,3,0,4,0,17,265,0
REQ-005051,LOC-07,SVC-01,Routine,18.7,2026-04-23,185,True,3,0,4,0,17,265,0
REQ-005052,LOC-09,SVC-02,Priority,35.8,2026-04-23,94,True,3,0,4,0,17,265,0
REQ-005053,LOC-02,SVC-07,Routine,35.7,2026-04-23,168,True,3,0,4,0,17,265,0
REQ-005054,LOC-07,SVC-01,Routine,23.9,2026-04-23,185,True,3,0,4,0,17,265,0
REQ-005055,LOC-03,SVC-01,Routine,46.6,2026-04-23,168,True,3,0,4,0,17,265,0
REQ-005056,LOC-02,SVC-04,Priority,48.3,2026-04-23,72,True,3,0,4,0,17,265,0
REQ-005057,LOC-09,SVC-05,Routine,37.3,2026-04-23,218,True,3,0,4,0,17,265,0
REQ-005058,LOC-09,SVC-09,Routine,39.5,2026-04-23,218,True,3,0,4,0,17,265,0
REQ-005059,LOC-05,SVC-01,Urgent,49.8,2026-04-23,24,True,3,0,4,0,17,265,0
REQ-005060,LOC-01,SVC-02,Routine,46.3,2026-04-23,168,True,3,0,4,0,17,265,0
REQ-005061,LOC-05,SVC-05,Routine,47.5,2026-04-23,168,True,3,0,4,0,17,265,0
REQ-005062,LOC-04,SVC-08,Routine,12.9,2026-04-23,168,True,3,0,4,0,17,265,0
REQ-005063,LOC-09,SVC-01,Routine,34.4,2026-04-23,218,True,3,0,4,0,17,265,0
REQ-005064,LOC-08,SVC-08,Routine,43.8,2026-04-23,218,True,3,0,4,0,17,265,0
REQ-005066,LOC-08,SVC-01,Urgent,13.0,2026-04-24,31,True,4,0,4,0,17,266,0
REQ-005067,LOC-02,SVC-02,Emergency,66.7,2026-04-24,4,False,4,0,4,0,17,266,1
REQ-005068,LOC-03,SVC-06,Routine,21.8,2026-04-24,168,True,4,0,4,0,17,266,0
REQ-005069,LOC-01,SVC-01,Routine,17.3,2026-04-24,168,True,4,0,4,0,17,266,0
REQ-005070,LOC-01,SVC-07,Routine,14.1,2026-04-24,168,True,4,0,4,0,17,266,0
REQ-005071,LOC-04,SVC-07,Routine,8.9,2026-04-24,168,True,4,0,4,0,17,266,0
REQ-005072,LOC-07,SVC-04,Routine,39.5,2026-04-24,185,True,4,0,4,0,17,266,0
REQ-005073,LOC-05,SVC-04,Urgent,26.6,2026-04-24,24,True,4,0,4,0,17,266,0
REQ-005075,LOC-03,SVC-02,Routine,34.9,2026-04-24,168,True,4,0,4,0,17,266,0
REQ-005076,LOC-01,SVC-07,Routine,14.7,2026-04-24,168,True,4,0,4,0,17,266,0
REQ-005077,LOC-10,SVC-04,Priority,18.8,2026-04-24,94,True,4,0,4,0,17,266,0
REQ-005079,LOC-05,SVC-06,Emergency,62.7,2026-04-25,4,False,5,1,4,0,17,267,1
REQ-005080,LOC-06,SVC-05,Routine,7.4,2026-04-25,185,True,5,1,4,0,17,267,0
REQ-005081,LOC-05,SVC-02,Routine,63.2,2026-04-25,168,True,5,1,4,0,17,267,0
REQ-005082,LOC-03,SVC-04,Priority,36.3,2026-04-25,72,True,5,1,4,0,17,267,0
REQ-005083,LOC-07,SVC-02,Urgent,35.0,2026-04-25,26,True,5,1,4,0,17,267,0
REQ-005084,LOC-02,SVC-08,Routine,14.8,2026-04-25,168,True,5,1,4,0,17,267,0
REQ-005085,LOC-09,SVC-02,Priority,37.1,2026-04-25,94,True,5,1,4,0,17,267,0
REQ-005086,LOC-08,SVC-03,Routine,1.0,2026-04-25,218,True,5,1,4,0,17,267,0
REQ-005087,LOC-07,SVC-03,Priority,22.8,2026-04-25,79,True,5,1,4,0,17,267,0
REQ-005089,LOC-07,SVC-06,Priority,71.1,2026-04-25,79,True,5,1,4,0,17,267,0
REQ-005090,LOC-10,SVC-02,Routine,14.5,2026-04-25,218,True,5,1,4,0,17,267,0
REQ-005091,LOC-09,SVC-08,Routine,21.2,2026-04-25,218,True,5,1,4,0,17,267,0
REQ-005092,LOC-06,SVC-08,Routine,6.6,2026-04-26,185,True,6,1,4,0,17,268,0
REQ-005093,LOC-09,SVC-06,Routine,42.1,2026-04-26,218,True,6,1,4,0,17,268,0
REQ-005094,LOC-02,SVC-01,Routine,60.8,2026-04-26,168,True,6,1,4,0,17,268,0
REQ-005096,LOC-01,SVC-01,Priority,41.5,2026-04-26,72,True,6,1,4,0,17,268,0
REQ-005098,LOC-10,SVC-02,Priority,3.2,2026-04-26,94,True,6,1,4,0,17,268,0
REQ-005099,LOC-07,SVC-05,Priority,36.4,2026-04-26,79,False,6,1,4,0,17,268,1
REQ-005100,LOC-06,SVC-09,Priority,40.0,2026-04-26,79,True,6,1,4,0,17,268,0
REQ-005101,LOC-08,SVC-01,Routine,14.8,2026-04-26,218,True,6,1,4,0,17,268,0
REQ-005103,LOC-02,SVC-05,Routine,25.6,2026-04-26,168,True,6,1,4,0,17,268,0
REQ-005104,LOC-10,SVC-01,Routine,31.3,2026-04-26,218,True,6,1,4,0,17,268,0
REQ-005105,LOC-06,SVC-07,Routine,42.6,2026-04-26,185,True,6,1,4,0,17,268,0
REQ-005106,LOC-01,SVC-01,Urgent,62.6,2026-04-27,24,True,0,0,4,0,18,269,0
REQ-005107,LOC-06,SVC-05,Priority,7.1,2026-04-27,79,True,0,0,4,0,18,269,0
REQ-005108,LOC-06,SVC-07,Routine,19.0,2026-04-27,185,True,0,0,4,0,18,269,0
REQ-005109,LOC-02,SVC-01,Routine,25.7,2026-04-27,168,True,0,0,4,0,18,269,0
REQ-005110,LOC-09,SVC-07,Urgent,38.7,2026-04-27,31,True,0,0,4,0,18,269,0
REQ-005111,LOC-06,SVC-02,Routine,30.7,2026-04-27,185,True,0,0,4,0,18,269,0
REQ-005112,LOC-01,SVC-05,Routine,35.4,2026-04-27,168,True,0,0,4,0,18,269,0
REQ-005113,LOC-05,SVC-05,Routine,42.3,2026-04-27,168,True,0,0,4,0,18,269,0
REQ-005114,LOC-02,SVC-01,Emergency,35.1,2026-04-27,4,False,0,0,4,0,18,269,1
REQ-005115,LOC-09,SVC-08,Routine,40.5,2026-04-27,218,True,0,0,4,0,18,269,0
REQ-005117,LOC-10,SVC-05,Routine,11.0,2026-04-27,218,True,0,0,4,0,18,269,0
REQ-005118,LOC-04,SVC-01,Routine,20.6,2026-04-27,168,True,0,0,4,0,18,269,0
REQ-005119,LOC-08,SVC-02,Routine,35.0,2026-04-27,218,True,0,0,4,0,18,269,0
REQ-005120,LOC-09,SVC-03,Routine,19.6,2026-04-27,218,True,0,0,4,0,18,269,0
REQ-005121,LOC-06,SVC-04,Priority,36.9,2026-04-27,79,True,0,0,4,0,18,269,0
REQ-005122,LOC-02,SVC-04,Routine,38.3,2026-04-27,168,True,0,0,4,0,18,269,0
REQ-005123,LOC-02,SVC-07,Priority,58.6,2026-04-27,72,True,0,0,4,0,18,269,0
REQ-005124,LOC-03,SVC-07,Urgent,29.7,2026-04-27,24,True,0,0,4,0,18,269,0
REQ-005125,LOC-02,SVC-07,Priority,96.9,2026-04-27,72,True,0,0,4,0,18,269,0
REQ-005126,LOC-04,SVC-01,Priority,88.6,2026-04-27,72,True,0,0,4,0,18,269,0
REQ-005127,LOC-01,SVC-06,Priority,34.7,2026-04-27,72,True,0,0,4,0,18,269,0
REQ-005128,LOC-10,SVC-05,Urgent,19.3,2026-04-28,31,False,1,0,4,0,18,270,1
REQ-005129,LOC-10,SVC-04,Routine,27.4,2026-04-28,218,True,1,0,4,0,18,270,0
REQ-005130,LOC-02,SVC-01,Routine,17.6,2026-04-28,168,True,1,0,4,0,18,270,0
REQ-005131,LOC-03,SVC-02,Routine,32.1,2026-04-28,168,True,1,0,4,0,18,270,0
REQ-005132,LOC-04,SVC-07,Urgent,62.8,2026-04-28,24,True,1,0,4,0,18,270,0
REQ-005133,LOC-08,SVC-03,Urgent,68.7,2026-04-28,31,True,1,0,4,0,18,270,0
REQ-005134,LOC-01,SVC-09,Urgent,84.7,2026-04-28,24,True,1,0,4,0,18,270,0
REQ-005135,LOC-06,SVC-02,Urgent,67.5,2026-04-28,26,False,1,0,4,0,18,270,1
REQ-005136,LOC-02,SVC-03,Priority,69.3,2026-04-28,72,True,1,0,4,0,18,270,0
REQ-005138,LOC-07,SVC-02,Priority,43.6,2026-04-28,79,True,1,0,4,0,18,270,0
REQ-005139,LOC-10,SVC-05,Urgent,65.3,2026-04-28,31,True,1,0,4,0,18,270,0
REQ-005140,LOC-09,SVC-04,Priority,30.1,2026-04-28,94,True,1,0,4,0,18,270,0
REQ-005141,LOC-06,SVC-02,Priority,20.0,2026-04-28,79,True,1,0,4,0,18,270,0
REQ-005142,LOC-07,SVC-01,Routine,15.9,2026-04-28,185,True,1,0,4,0,18,270,0
REQ-005143,LOC-09,SVC-03,Urgent,43.7,2026-04-28,31,True,1,0,4,0,18,270,0
REQ-005144,LOC-05,SVC-08,Routine,43.5,2026-04-28,168,True,1,0,4,0,18,270,0
REQ-005145,LOC-04,SVC-05,Routine,11.3,2026-04-28,168,True,1,0,4,0,18,270,0
REQ-005146,LOC-03,SVC-04,Urgent,87.9,2026-04-28,24,True,1,0,4,0,18,270,0
REQ-005149,LOC-06,SVC-02,Routine,40.1,2026-04-29,185,True,2,0,4,0,18,271,0
REQ-005150,LOC-06,SVC-06,Routine,26.5,2026-04-29,185,True,2,0,4,0,18,271,0
REQ-005151,LOC-04,SVC-01,Urgent,61.3,2026-04-29,24,True,2,0,4,0,18,271,0
REQ-005153,LOC-06,SVC-03,Routine,32.8,2026-04-29,185,True,2,0,4,0,18,271,0
REQ-005154,LOC-01,SVC-05,Emergency,79.2,2026-04-29,4,False,2,0,4,0,18,271,1
REQ-005155,LOC-09,SVC-03,Priority,35.0,2026-04-29,94,True,2,0,4,0,18,271,0
REQ-005156,LOC-02,SVC-07,Routine,50.8,2026-04-29,168,True,2,0,4,0,18,271,0
REQ-005157,LOC-06,SVC-09,Priority,15.5,2026-04-29,79,True,2,0,4,0,18,271,0
REQ-005158,LOC-02,SVC-05,Routine,44.8,2026-04-29,168,True,2,0,4,0,18,271,0
REQ-005159,LOC-05,SVC-07,Urgent,22.3,2026-04-29,24,True,2,0,4,0,18,271,0
REQ-005160,LOC-03,SVC-07,Emergency,76.9,2026-04-29,4,False,2,0,4,0,18,271,1
REQ-005162,LOC-01,SVC-05,Routine,11.8,2026-04-29,168,True,2,0,4,0,18,271,0
REQ-005163,LOC-02,SVC-03,Emergency,25.6,2026-04-29,4,False,2,0,4,0,18,271,1
REQ-005164,LOC-09,SVC-02,Priority,40.8,2026-04-29,94,True,2,0,4,0,18,271,0
REQ-005165,LOC-04,SVC-08,Priority,13.4,2026-04-29,72,True,2,0,4,0,18,271,0
REQ-005166,LOC-09,SVC-04,Routine,23.6,2026-04-29,218,True,2,0,4,0,18,271,0
REQ-005167,LOC-10,SVC-04,Routine,19.0,2026-04-29,218,True,2,0,4,0,18,271,0
REQ-005168,LOC-05,SVC-01,Priority,31.1,2026-04-29,72,True,2,0,4,0,18,271,0
REQ-005169,LOC-03,SVC-08,Priority,14.4,2026-04-29,72,True,2,0,4,0,18,271,0
REQ-005170,LOC-02,SVC-06,Priority,16.8,2026-04-29,72,True,2,0,4,0,18,271,0
REQ-005171,LOC-03,SVC-08,Priority,89.9,2026-04-29,72,True,2,0,4,0,18,271,0
REQ-005172,LOC-03,SVC-09,Routine,36.3,2026-04-29,168,True,2,0,4,0,18,271,0
REQ-005173,LOC-02,SVC-05,Priority,60.1,2026-04-29,72,True,2,0,4,0,18,271,0
REQ-005174,LOC-10,SVC-07,Routine,46.8,2026-04-29,218,True,2,0,4,0,18,271,0
REQ-005175,LOC-08,SVC-06,Routine,26.2,2026-04-29,218,True,2,0,4,0,18,271,0
REQ-005176,LOC-02,SVC-05,Urgent,18.3,2026-04-29,24,True,2,0,4,0,18,271,0
REQ-005177,LOC-01,SVC-01,Priority,97.7,2026-04-30,72,True,3,0,4,0,18,272,0
REQ-005178,LOC-05,SVC-05,Routine,53.8,2026-04-30,168,True,3,0,4,0,18,272,0
REQ-005179,LOC-09,SVC-03,Priority,40.5,2026-04-30,94,True,3,0,4,0,18,272,0
REQ-005180,LOC-03,SVC-01,Priority,11.2,2026-04-30,72,True,3,0,4,0,18,272,0
REQ-005181,LOC-04,SVC-05,Priority,13.6,2026-04-30,72,True,3,0,4,0,18,272,0
REQ-005182,LOC-03,SVC-05,Routine,41.9,2026-04-30,168,True,3,0,4,0,18,272,0
REQ-005183,LOC-04,SVC-02,Routine,21.7,2026-04-30,168,True,3,0,4,0,18,272,0
REQ-005184,LOC-05,SVC-04,Priority,36.3,2026-04-30,72,True,3,0,4,0,18,272,0
REQ-005185,LOC-06,SVC-01,Routine,18.7,2026-04-30,185,True,3,0,4,0,18,272,0
REQ-005186,LOC-05,SVC-06,Routine,31.9,2026-04-30,168,True,3,0,4,0,18,272,0
REQ-005187,LOC-06,SVC-02,Urgent,42.0,2026-04-30,26,True,3,0,4,0,18,272,0
REQ-005189,LOC-01,SVC-06,Routine,12.1,2026-04-30,168,True,3,0,4,0,18,272,0
REQ-005190,LOC-09,SVC-08,Routine,39.4,2026-04-30,218,True,3,0,4,0,18,272,0
REQ-005191,LOC-06,SVC-07,Priority,66.6,2026-04-30,79,True,3,0,4,0,18,272,0
REQ-005192,LOC-08,SVC-08,Routine,16.1,2026-04-30,218,True,3,0,4,0,18,272,0
REQ-005193,LOC-05,SVC-05,Routine,33.3,2026-04-30,168,True,3,0,4,0,18,272,0
REQ-005194,LOC-08,SVC-02,Routine,42.9,2026-04-30,218,True,3,0,4,0,18,272,0
REQ-005195,LOC-03,SVC-03,Routine,8.5,2026-04-30,168,True,3,0,4,0,18,272,0
REQ-005196,LOC-09,SVC-01,Routine,17.3,2026-04-30,218,True,3,0,4,0,18,272,0
REQ-005197,LOC-07,SVC-01,Routine,14.5,2026-04-30,185,True,3,0,4,0,18,272,0
REQ-005198,LOC-10,SVC-09,Priority,37.3,2026-04-30,94,True,3,0,4,0,18,272,0
REQ-005200,LOC-05,SVC-07,Priority,49.8,2026-04-30,72,True,3,0,4,0,18,272,0
REQ-005201,LOC-09,SVC-01,Routine,4.4,2026-04-30,218,True,3,0,4,0,18,272,0
REQ-005202,LOC-06,SVC-06,Priority,65.5,2026-04-30,79,True,3,0,4,0,18,272,0
REQ-005203,LOC-02,SVC-07,Routine,15.8,2026-04-30,168,True,3,0,4,0,18,272,0
REQ-005204,LOC-01,SVC-08,Priority,46.0,2026-04-30,72,True,3,0,4,0,18,272,0
REQ-005205,LOC-06,SVC-03,Urgent,33.7,2026-04-30,26,False,3,0,4,0,18,272,1
REQ-005206,LOC-09,SVC-07,Routine,17.3,2026-04-30,218,True,3,0,4,0,18,272,0
REQ-005207,LOC-01,SVC-01,Priority,20.6,2026-05-01,72,True,4,0,5,0,18,273,0
REQ-005208,LOC-07,SVC-05,Priority,14.4,2026-05-01,79,True,4,0,5,0,18,273,0
REQ-005209,LOC-05,SVC-02,Priority,31.4,2026-05-01,72,True,4,0,5,0,18,273,0
REQ-005210,LOC-07,SVC-01,Routine,7.5,2026-05-01,185,True,4,0,5,0,18,273,0
REQ-005211,LOC-03,SVC-01,Routine,14.6,2026-05-01,168,True,4,0,5,0,18,273,0
REQ-005212,LOC-05,SVC-08,Routine,41.1,2026-05-01,168,True,4,0,5,0,18,273,0
REQ-005213,LOC-07,SVC-08,Routine,25.7,2026-05-01,185,True,4,0,5,0,18,273,0
REQ-005214,LOC-01,SVC-09,Priority,84.1,2026-05-01,72,True,4,0,5,0,18,273,0
REQ-005215,LOC-04,SVC-05,Routine,13.3,2026-05-01,168,True,4,0,5,0,18,273,0
REQ-005217,LOC-05,SVC-07,Emergency,66.9,2026-05-01,4,False,4,0,5,0,18,273,1
REQ-005218,LOC-07,SVC-05,Urgent,36.3,2026-05-01,26,True,4,0,5,0,18,273,0
REQ-005219,LOC-03,SVC-05,Priority,99.0,2026-05-01,72,True,4,0,5,0,18,273,0
REQ-005220,LOC-02,SVC-02,Urgent,16.2,2026-05-01,24,True,4,0,5,0,18,273,0
REQ-005221,LOC-09,SVC-02,Priority,47.5,2026-05-01,94,True,4,0,5,0,18,273,0
REQ-005222,LOC-07,SVC-07,Routine,10.5,2026-05-01,185,True,4,0,5,0,18,273,0
REQ-005223,LOC-02,SVC-01,Urgent,14.3,2026-05-01,24,True,4,0,5,0,18,273,0
REQ-005224,LOC-08,SVC-02,Routine,20.9,2026-05-01,218,True,4,0,5,0,18,273,0
REQ-005225,LOC-10,SVC-09,Emergency,23.7,2026-05-01,5,False,4,0,5,0,18,273,1
REQ-005226,LOC-01,SVC-06,Routine,22.1,2026-05-01,168,True,4,0,5,0,18,273,0
REQ-005227,LOC-01,SVC-05,Priority,16.3,2026-05-01,72,True,4,0,5,0,18,273,0
REQ-005228,LOC-01,SVC-01,Urgent,41.0,2026-05-01,24,True,4,0,5,0,18,273,0
REQ-005229,LOC-10,SVC-07,Priority,92.3,2026-05-01,94,True,4,0,5,0,18,273,0
REQ-005230,LOC-01,SVC-02,Routine,14.7,2026-05-01,168,True,4,0,5,0,18,273,0
REQ-005231,LOC-02,SVC-01,Emergency,91.8,2026-05-01,4,True,4,0,5,0,18,273,0
REQ-005232,LOC-03,SVC-06,Routine,10.3,2026-05-01,168,True,4,0,5,0,18,273,0
REQ-005234,LOC-01,SVC-02,Priority,27.9,2026-05-01,72,True,4,0,5,0,18,273,0
REQ-005235,LOC-08,SVC-07,Routine,26.2,2026-05-02,218,True,5,1,5,0,18,274,0
REQ-005236,LOC-04,SVC-07,Priority,66.7,2026-05-02,72,True,5,1,5,0,18,274,0
REQ-005237,LOC-03,SVC-05,Routine,73.5,2026-05-02,168,True,5,1,5,0,18,274,0
REQ-005239,LOC-06,SVC-04,Priority,66.8,2026-05-02,79,False,5,1,5,0,18,274,1
REQ-005240,LOC-09,SVC-06,Priority,14.8,2026-05-02,94,True,5,1,5,0,18,274,0
REQ-005241,LOC-02,SVC-03,Priority,58.4,2026-05-02,72,True,5,1,5,0,18,274,0
REQ-005242,LOC-09,SVC-02,Routine,37.0,2026-05-02,218,True,5,1,5,0,18,274,0
REQ-005243,LOC-08,SVC-08,Routine,42.8,2026-05-02,218,True,5,1,5,0,18,274,0
REQ-005244,LOC-06,SVC-01,Urgent,30.6,2026-05-02,26,False,5,1,5,0,18,274,1
REQ-005245,LOC-07,SVC-03,Routine,41.4,2026-05-03,185,True,6,1,5,0,18,275,0
REQ-005246,LOC-08,SVC-06,Routine,13.6,2026-05-03,218,True,6,1,5,0,18,275,0
REQ-005247,LOC-03,SVC-01,Routine,19.1,2026-05-03,168,True,6,1,5,0,18,275,0
REQ-005248,LOC-10,SVC-05,Routine,44.2,2026-05-03,218,True,6,1,5,0,18,275,0
REQ-005249,LOC-10,SVC-04,Priority,24.3,2026-05-03,94,True,6,1,5,0,18,275,0
REQ-005250,LOC-09,SVC-01,Routine,47.3,2026-05-03,218,True,6,1,5,0,18,275,0
REQ-005251,LOC-03,SVC-07,Routine,32.5,2026-05-03,168,True,6,1,5,0,18,275,0
REQ-005252,LOC-05,SVC-08,Routine,18.7,2026-05-03,168,True,6,1,5,0,18,275,0
REQ-005253,LOC-08,SVC-05,Urgent,43.8,2026-05-03,31,True,6,1,5,0,18,275,0
REQ-005254,LOC-07,SVC-07,Routine,36.3,2026-05-03,185,True,6,1,5,0,18,275,0
REQ-005255,LOC-05,SVC-01,Priority,35.1,2026-05-03,72,True,6,1,5,0,18,275,0
REQ-005256,LOC-02,SVC-01,Priority,83.1,2026-05-03,72,True,6,1,5,0,18,275,0
REQ-005257,LOC-07,SVC-01,Priority,37.7,2026-05-03,79,True,6,1,5,0,18,275,0
REQ-005258,LOC-08,SVC-05,Urgent,71.6,2026-05-03,31,True,6,1,5,0,18,275,0
REQ-005259,LOC-05,SVC-05,Priority,13.5,2026-05-03,72,True,6,1,5,0,18,275,0
REQ-005260,LOC-01,SVC-01,Routine,37.8,2026-05-04,168,True,0,0,5,0,19,276,0
REQ-005261,LOC-09,SVC-03,Routine,68.1,2026-05-04,218,True,0,0,5,0,19,276,0
REQ-005262,LOC-01,SVC-02,Routine,9.3,2026-05-04,168,True,0,0,5,0,19,276,0
REQ-005263,LOC-06,SVC-01,Routine,31.7,2026-05-04,185,True,0,0,5,0,19,276,0
REQ-005264,LOC-10,SVC-06,Routine,21.0,2026-05-04,218,True,0,0,5,0,19,276,0
REQ-005265,LOC-09,SVC-05,Priority,16.7,2026-05-04,94,True,0,0,5,0,19,276,0
REQ-005266,LOC-01,SVC-03,Urgent,49.4,2026-05-04,24,True,0,0,5,0,19,276,0
REQ-005267,LOC-10,SVC-02,Routine,72.4,2026-05-04,218,True,0,0,5,0,19,276,0
REQ-005268,LOC-09,SVC-05,Routine,18.4,2026-05-04,218,True,0,0,5,0,19,276,0
REQ-005269,LOC-01,SVC-07,Routine,12.8,2026-05-04,168,True,0,0,5,0,19,276,0
REQ-005270,LOC-03,SVC-05,Routine,10.3,2026-05-04,168,True,0,0,5,0,19,276,0
REQ-005271,LOC-08,SVC-02,Routine,29.3,2026-05-04,218,True,0,0,5,0,19,276,0
REQ-005272,LOC-04,SVC-01,Emergency,95.0,2026-05-04,4,False,0,0,5,0,19,276,1
REQ-005273,LOC-05,SVC-05,Urgent,37.0,2026-05-04,24,True,0,0,5,0,19,276,0
REQ-005274,LOC-06,SVC-08,Priority,71.1,2026-05-04,79,False,0,0,5,0,19,276,1
REQ-005275,LOC-07,SVC-04,Routine,9.0,2026-05-04,185,True,0,0,5,0,19,276,0
REQ-005276,LOC-07,SVC-07,Routine,21.1,2026-05-04,185,True,0,0,5,0,19,276,0
REQ-005277,LOC-09,SVC-01,Priority,47.3,2026-05-04,94,True,0,0,5,0,19,276,0
REQ-005278,LOC-07,SVC-09,Routine,16.3,2026-05-04,185,True,0,0,5,0,19,276,0
REQ-005279,LOC-05,SVC-07,Urgent,44.9,2026-05-04,24,False,0,0,5,0,19,276,1
REQ-005280,LOC-09,SVC-07,Routine,70.1,2026-05-04,218,True,0,0,5,0,19,276,0
REQ-005281,LOC-09,SVC-01,Routine,63.8,2026-05-04,218,True,0,0,5,0,19,276,0
REQ-005282,LOC-07,SVC-08,Routine,19.5,2026-05-04,185,True,0,0,5,0,19,276,0
REQ-005284,LOC-03,SVC-06,Urgent,32.4,2026-05-05,24,True,1,0,5,0,19,277,0
REQ-005285,LOC-01,SVC-07,Routine,65.8,2026-05-05,168,True,1,0,5,0,19,277,0
REQ-005286,LOC-01,SVC-08,Priority,36.3,2026-05-05,72,True,1,0,5,0,19,277,0
REQ-005287,LOC-05,SVC-01,Urgent,42.8,2026-05-05,24,True,1,0,5,0,19,277,0
REQ-005288,LOC-02,SVC-02,Priority,62.8,2026-05-05,72,True,1,0,5,0,19,277,0
REQ-005289,LOC-08,SVC-01,Priority,58.7,2026-05-05,94,True,1,0,5,0,19,277,0
REQ-005290,LOC-05,SVC-01,Urgent,80.3,2026-05-05,24,False,1,0,5,0,19,277,1
REQ-005291,LOC-05,SVC-08,Urgent,28.7,2026-05-05,24,True,1,0,5,0,19,277,0
REQ-005292,LOC-01,SVC-07,Routine,54.6,2026-05-05,168,True,1,0,5,0,19,277,0
REQ-005293,LOC-03,SVC-05,Routine,10.9,2026-05-05,168,True,1,0,5,0,19,277,0
REQ-005295,LOC-06,SVC-08,Routine,36.3,2026-05-05,185,True,1,0,5,0,19,277,0
REQ-005296,LOC-03,SVC-01,Routine,23.8,2026-05-05,168,True,1,0,5,0,19,277,0
REQ-005298,LOC-03,SVC-02,Routine,27.5,2026-05-05,168,True,1,0,5,0,19,277,0
REQ-005299,LOC-07,SVC-08,Priority,87.5,2026-05-05,79,True,1,0,5,0,19,277,0
REQ-005300,LOC-01,SVC-05,Routine,33.3,2026-05-05,168,True,1,0,5,0,19,277,0
REQ-005301,LOC-01,SVC-01,Routine,15.3,2026-05-05,168,True,1,0,5,0,19,277,0
REQ-005302,LOC-02,SVC-01,Priority,63.3,2026-05-05,72,True,1,0,5,0,19,277,0
REQ-005303,LOC-08,SVC-05,Priority,27.8,2026-05-05,94,True,1,0,5,0,19,277,0
REQ-005304,LOC-04,SVC-07,Emergency,81.7,2026-05-05,4,False,1,0,5,0,19,277,1
REQ-005306,LOC-06,SVC-04,Priority,12.1,2026-05-06,79,True,2,0,5,0,19,278,0
REQ-005307,LOC-02,SVC-07,Priority,36.9,2026-05-06,72,True,2,0,5,0,19,278,0
REQ-005308,LOC-06,SVC-02,Priority,72.2,2026-05-06,79,True,2,0,5,0,19,278,0
REQ-005309,LOC-01,SVC-08,Priority,70.9,2026-05-06,72,True,2,0,5,0,19,278,0
REQ-005310,LOC-07,SVC-07,Routine,31.3,2026-05-06,185,True,2,0,5,0,19,278,0
REQ-005311,LOC-06,SVC-07,Urgent,38.5,2026-05-06,26,True,2,0,5,0,19,278,0
REQ-005312,LOC-01,SVC-01,Priority,38.5,2026-05-06,72,True,2,0,5,0,19,278,0
REQ-005313,LOC-03,SVC-02,Routine,26.0,2026-05-06,168,True,2,0,5,0,19,278,0
REQ-005314,LOC-09,SVC-02,Routine,54.0,2026-05-06,218,True,2,0,5,0,19,278,0
REQ-005315,LOC-02,SVC-06,Routine,58.4,2026-05-06,168,True,2,0,5,0,19,278,0
REQ-005316,LOC-02,SVC-01,Urgent,85.9,2026-05-06,24,True,2,0,5,0,19,278,0
REQ-005318,LOC-06,SVC-05,Priority,40.6,2026-05-06,79,True,2,0,5,0,19,278,0
REQ-005319,LOC-09,SVC-01,Routine,11.0,2026-05-06,218,True,2,0,5,0,19,278,0
REQ-005320,LOC-08,SVC-07,Urgent,66.6,2026-05-06,31,True,2,0,5,0,19,278,0
REQ-005321,LOC-04,SVC-01,Routine,63.8,2026-05-06,168,True,2,0,5,0,19,278,0
REQ-005322,LOC-09,SVC-01,Routine,26.5,2026-05-06,218,True,2,0,5,0,19,278,0
REQ-005323,LOC-09,SVC-03,Routine,15.3,2026-05-06,218,True,2,0,5,0,19,278,0
REQ-005324,LOC-05,SVC-07,Routine,19.3,2026-05-06,168,True,2,0,5,0,19,278,0
REQ-005325,LOC-05,SVC-01,Priority,4.3,2026-05-06,72,True,2,0,5,0,19,278,0
REQ-005326,LOC-08,SVC-09,Priority,9.5,2026-05-06,94,True,2,0,5,0,19,278,0
REQ-005327,LOC-07,SVC-07,Priority,22.3,2026-05-06,79,True,2,0,5,0,19,278,0
REQ-005328,LOC-06,SVC-08,Routine,13.2,2026-05-06,185,True,2,0,5,0,19,278,0
REQ-005329,LOC-10,SVC-07,Routine,28.6,2026-05-06,218,True,2,0,5,0,19,278,0
REQ-005330,LOC-05,SVC-01,Routine,9.2,2026-05-06,168,True,2,0,5,0,19,278,0
REQ-005331,LOC-10,SVC-07,Routine,14.9,2026-05-06,218,True,2,0,5,0,19,278,0
REQ-005332,LOC-01,SVC-01,Routine,29.1,2026-05-06,168,True,2,0,5,0,19,278,0
REQ-005333,LOC-05,SVC-05,Priority,50.4,2026-05-06,72,True,2,0,5,0,19,278,0
REQ-005334,LOC-01,SVC-02,Priority,36.4,2026-05-07,72,True,3,0,5,0,19,279,0
REQ-005335,LOC-01,SVC-02,Routine,38.0,2026-05-07,168,True,3,0,5,0,19,279,0
REQ-005336,LOC-08,SVC-05,Routine,12.5,2026-05-07,218,True,3,0,5,0,19,279,0
REQ-005337,LOC-03,SVC-01,Emergency,91.8,2026-05-07,4,False,3,0,5,0,19,279,1
REQ-005338,LOC-01,SVC-04,Priority,20.8,2026-05-07,72,True,3,0,5,0,19,279,0
REQ-005339,LOC-04,SVC-07,Routine,4.1,2026-05-07,168,True,3,0,5,0,19,279,0
REQ-005340,LOC-08,SVC-01,Priority,67.4,2026-05-07,94,True,3,0,5,0,19,279,0
REQ-005341,LOC-10,SVC-02,Priority,17.3,2026-05-07,94,True,3,0,5,0,19,279,0
REQ-005342,LOC-02,SVC-01,Routine,45.5,2026-05-07,168,True,3,0,5,0,19,279,0
REQ-005343,LOC-05,SVC-02,Priority,62.2,2026-05-07,72,True,3,0,5,0,19,279,0
REQ-005344,LOC-07,SVC-03,Routine,9.7,2026-05-07,185,True,3,0,5,0,19,279,0
REQ-005345,LOC-02,SVC-01,Urgent,58.1,2026-05-07,24,True,3,0,5,0,19,279,0
REQ-005346,LOC-01,SVC-01,Routine,9.7,2026-05-07,168,True,3,0,5,0,19,279,0
REQ-005348,LOC-01,SVC-04,Priority,33.9,2026-05-07,72,True,3,0,5,0,19,279,0
REQ-005350,LOC-06,SVC-04,Urgent,37.8,2026-05-07,26,True,3,0,5,0,19,279,0
REQ-005351,LOC-01,SVC-03,Routine,36.4,2026-05-07,168,True,3,0,5,0,19,279,0
REQ-005352,LOC-09,SVC-06,Routine,48.2,2026-05-07,218,True,3,0,5,0,19,279,0
REQ-005353,LOC-02,SVC-09,Emergency,81.4,2026-05-07,4,False,3,0,5,0,19,279,1
REQ-005354,LOC-06,SVC-06,Routine,21.0,2026-05-07,185,True,3,0,5,0,19,279,0
REQ-005355,LOC-07,SVC-01,Routine,69.1,2026-05-07,185,True,3,0,5,0,19,279,0
REQ-005356,LOC-02,SVC-05,Routine,52.8,2026-05-07,168,True,3,0,5,0,19,279,0
REQ-005358,LOC-08,SVC-02,Routine,26.7,2026-05-07,218,True,3,0,5,0,19,279,0
REQ-005359,LOC-10,SVC-01,Emergency,85.5,2026-05-07,5,True,3,0,5,0,19,279,0
REQ-005360,LOC-06,SVC-02,Urgent,19.3,2026-05-07,26,True,3,0,5,0,19,279,0
REQ-005361,LOC-09,SVC-05,Routine,14.9,2026-05-07,218,True,3,0,5,0,19,279,0
REQ-005362,LOC-03,SVC-03,Routine,19.8,2026-05-07,168,True,3,0,5,0,19,279,0
REQ-005363,LOC-09,SVC-05,Urgent,18.5,2026-05-08,31,True,4,0,5,0,19,280,0
REQ-005364,LOC-05,SVC-04,Routine,57.1,2026-05-08,168,True,4,0,5,0,19,280,0
REQ-005365,LOC-02,SVC-03,Priority,45.7,2026-05-08,72,True,4,0,5,0,19,280,0
REQ-005367,LOC-03,SVC-06,Priority,40.0,2026-05-08,72,True,4,0,5,0,19,280,0
REQ-005368,LOC-10,SVC-01,Routine,12.9,2026-05-08,218,True,4,0,5,0,19,280,0
REQ-005369,LOC-06,SVC-03,Routine,49.0,2026-05-08,185,True,4,0,5,0,19,280,0
REQ-005370,LOC-08,SVC-05,Urgent,74.7,2026-05-08,31,True,4,0,5,0,19,280,0
REQ-005371,LOC-10,SVC-02,Urgent,85.0,2026-05-08,31,True,4,0,5,0,19,280,0
REQ-005372,LOC-07,SVC-03,Routine,36.3,2026-05-08,185,True,4,0,5,0,19,280,0
REQ-005373,LOC-09,SVC-02,Routine,89.3,2026-05-08,218,True,4,0,5,0,19,280,0
REQ-005374,LOC-03,SVC-01,Priority,37.6,2026-05-08,72,True,4,0,5,0,19,280,0
REQ-005375,LOC-06,SVC-02,Routine,63.7,2026-05-08,185,True,4,0,5,0,19,280,0
REQ-005376,LOC-04,SVC-01,Routine,25.8,2026-05-08,168,True,4,0,5,0,19,280,0
REQ-005377,LOC-02,SVC-03,Priority,49.9,2026-05-08,72,True,4,0,5,0,19,280,0
REQ-005378,LOC-07,SVC-06,Emergency,73.5,2026-05-08,4,False,4,0,5,0,19,280,1
REQ-005379,LOC-03,SVC-03,Priority,41.0,2026-05-08,72,True,4,0,5,0,19,280,0
REQ-005380,LOC-02,SVC-07,Priority,40.1,2026-05-08,72,True,4,0,5,0,19,280,0
REQ-005381,LOC-07,SVC-08,Routine,26.0,2026-05-08,185,True,4,0,5,0,19,280,0
REQ-005382,LOC-01,SVC-05,Routine,7.8,2026-05-08,168,True,4,0,5,0,19,280,0
REQ-005383,LOC-07,SVC-01,Routine,12.3,2026-05-08,185,True,4,0,5,0,19,280,0
REQ-005384,LOC-10,SVC-04,Priority,64.5,2026-05-08,94,True,4,0,5,0,19,280,0
REQ-005385,LOC-03,SVC-01,Routine,36.8,2026-05-08,168,True,4,0,5,0,19,280,0
REQ-005386,LOC-10,SVC-09,Priority,11.3,2026-05-08,94,True,4,0,5,0,19,280,0
REQ-005387,LOC-07,SVC-03,Urgent,55.7,2026-05-08,26,True,4,0,5,0,19,280,0
REQ-005388,LOC-04,SVC-01,Routine,34.8,2026-05-09,168,True,5,1,5,0,19,281,0
REQ-005389,LOC-05,SVC-06,Emergency,40.6,2026-05-09,4,True,5,1,5,0,19,281,0
REQ-005390,LOC-07,SVC-05,Routine,39.7,2026-05-09,185,True,5,1,5,0,19,281,0
REQ-005391,LOC-08,SVC-02,Routine,36.3,2026-05-09,218,True,5,1,5,0,19,281,0
REQ-005392,LOC-10,SVC-03,Routine,48.2,2026-05-09,218,True,5,1,5,0,19,281,0
REQ-005393,LOC-02,SVC-06,Priority,26.6,2026-05-09,72,True,5,1,5,0,19,281,0
REQ-005394,LOC-07,SVC-06,Urgent,64.4,2026-05-09,26,True,5,1,5,0,19,281,0
REQ-005395,LOC-09,SVC-01,Priority,33.0,2026-05-09,94,True,5,1,5,0,19,281,0
REQ-005396,LOC-04,SVC-05,Emergency,31.9,2026-05-09,4,True,5,1,5,0,19,281,0
REQ-005397,LOC-02,SVC-05,Routine,60.0,2026-05-10,168,True,6,1,5,0,19,282,0
REQ-005398,LOC-08,SVC-05,Urgent,84.7,2026-05-10,31,True,6,1,5,0,19,282,0
REQ-005399,LOC-10,SVC-08,Routine,29.0,2026-05-10,218,True,6,1,5,0,19,282,0
REQ-005401,LOC-05,SVC-01,Routine,65.6,2026-05-10,168,True,6,1,5,0,19,282,0
REQ-005402,LOC-07,SVC-01,Urgent,57.8,2026-05-10,26,False,6,1,5,0,19,282,1
REQ-005403,LOC-08,SVC-02,Urgent,20.3,2026-05-10,31,True,6,1,5,0,19,282,0
REQ-005405,LOC-03,SVC-06,Priority,12.6,2026-05-10,72,True,6,1,5,0,19,282,0
REQ-005406,LOC-01,SVC-05,Routine,15.2,2026-05-10,168,True,6,1,5,0,19,282,0
REQ-005407,LOC-06,SVC-02,Priority,32.7,2026-05-10,79,True,6,1,5,0,19,282,0
REQ-005408,LOC-02,SVC-08,Priority,36.3,2026-05-10,72,True,6,1,5,0,19,282,0
REQ-005409,LOC-09,SVC-06,Emergency,41.6,2026-05-10,5,True,6,1,5,0,19,282,0
REQ-005410,LOC-03,SVC-02,Routine,23.4,2026-05-10,168,True,6,1,5,0,19,282,0
REQ-005411,LOC-02,SVC-01,Routine,20.1,2026-05-10,168,True,6,1,5,0,19,282,0
REQ-005412,LOC-05,SVC-03,Priority,22.8,2026-05-11,72,True,0,0,5,0,20,283,0
REQ-005413,LOC-01,SVC-07,Routine,37.0,2026-05-11,168,True,0,0,5,0,20,283,0
REQ-005415,LOC-05,SVC-04,Routine,27.5,2026-05-11,168,True,0,0,5,0,20,283,0
REQ-005416,LOC-07,SVC-06,Priority,28.4,2026-05-11,79,True,0,0,5,0,20,283,0
REQ-005417,LOC-07,SVC-01,Urgent,68.5,2026-05-11,26,True,0,0,5,0,20,283,0
REQ-005418,LOC-10,SVC-02,Priority,14.7,2026-05-11,94,True,0,0,5,0,20,283,0
REQ-005419,LOC-06,SVC-02,Routine,5.7,2026-05-11,185,True,0,0,5,0,20,283,0
REQ-005420,LOC-03,SVC-02,Routine,36.3,2026-05-11,168,True,0,0,5,0,20,283,0
REQ-005421,LOC-06,SVC-04,Urgent,60.5,2026-05-11,26,True,0,0,5,0,20,283,0
REQ-005422,LOC-03,SVC-05,Emergency,32.3,2026-05-11,4,False,0,0,5,0,20,283,1
REQ-005423,LOC-09,SVC-02,Priority,12.0,2026-05-11,94,True,0,0,5,0,20,283,0
REQ-005424,LOC-02,SVC-05,Routine,25.1,2026-05-11,168,True,0,0,5,0,20,283,0
REQ-005425,LOC-08,SVC-01,Priority,47.1,2026-05-11,94,True,0,0,5,0,20,283,0
REQ-005426,LOC-06,SVC-07,Priority,63.7,2026-05-11,79,False,0,0,5,0,20,283,1
REQ-005427,LOC-10,SVC-06,Routine,14.3,2026-05-11,218,True,0,0,5,0,20,283,0
REQ-005428,LOC-05,SVC-06,Routine,37.5,2026-05-11,168,True,0,0,5,0,20,283,0
REQ-005429,LOC-05,SVC-06,Priority,63.6,2026-05-11,72,True,0,0,5,0,20,283,0
REQ-005430,LOC-10,SVC-01,Urgent,3.6,2026-05-11,31,True,0,0,5,0,20,283,0
REQ-005431,LOC-04,SVC-01,Routine,14.9,2026-05-11,168,True,0,0,5,0,20,283,0
REQ-005432,LOC-06,SVC-08,Routine,64.5,2026-05-11,185,True,0,0,5,0,20,283,0
REQ-005433,LOC-08,SVC-01,Priority,25.9,2026-05-11,94,True,0,0,5,0,20,283,0
REQ-005434,LOC-01,SVC-07,Routine,9.8,2026-05-11,168,True,0,0,5,0,20,283,0
REQ-005435,LOC-09,SVC-01,Priority,14.3,2026-05-12,94,True,1,0,5,0,20,284,0
REQ-005436,LOC-05,SVC-06,Routine,56.7,2026-05-12,168,True,1,0,5,0,20,284,0
REQ-005437,LOC-03,SVC-05,Routine,36.3,2026-05-12,168,True,1,0,5,0,20,284,0
REQ-005438,LOC-10,SVC-02,Urgent,15.1,2026-05-12,31,True,1,0,5,0,20,284,0
REQ-005440,LOC-04,SVC-04,Routine,64.9,2026-05-12,168,True,1,0,5,0,20,284,0
REQ-005441,LOC-08,SVC-07,Routine,36.3,2026-05-12,218,True,1,0,5,0,20,284,0
REQ-005442,LOC-09,SVC-07,Routine,63.0,2026-05-12,218,True,1,0,5,0,20,284,0
REQ-005443,LOC-05,SVC-06,Routine,40.5,2026-05-12,168,True,1,0,5,0,20,284,0
REQ-005444,LOC-01,SVC-05,Routine,34.6,2026-05-12,168,True,1,0,5,0,20,284,0
REQ-005445,LOC-10,SVC-02,Urgent,13.7,2026-05-12,31,True,1,0,5,0,20,284,0
REQ-005446,LOC-07,SVC-02,Urgent,73.1,2026-05-12,26,True,1,0,5,0,20,284,0
REQ-005447,LOC-02,SVC-03,Routine,34.4,2026-05-12,168,True,1,0,5,0,20,284,0
REQ-005448,LOC-09,SVC-04,Priority,35.1,2026-05-12,94,True,1,0,5,0,20,284,0
REQ-005449,LOC-04,SVC-04,Routine,19.1,2026-05-12,168,True,1,0,5,0,20,284,0
REQ-005450,LOC-03,SVC-01,Priority,64.6,2026-05-12,72,True,1,0,5,0,20,284,0
REQ-005451,LOC-09,SVC-05,Routine,22.6,2026-05-12,218,True,1,0,5,0,20,284,0
REQ-005452,LOC-09,SVC-01,Priority,23.4,2026-05-12,94,True,1,0,5,0,20,284,0
REQ-005453,LOC-05,SVC-06,Priority,35.8,2026-05-13,72,True,2,0,5,0,20,285,0
REQ-005454,LOC-02,SVC-05,Routine,38.8,2026-05-13,168,True,2,0,5,0,20,285,0
REQ-005455,LOC-08,SVC-01,Priority,41.1,2026-05-13,94,True,2,0,5,0,20,285,0
REQ-005456,LOC-10,SVC-03,Priority,13.6,2026-05-13,94,True,2,0,5,0,20,285,0
REQ-005457,LOC-02,SVC-08,Routine,12.4,2026-05-13,168,True,2,0,5,0,20,285,0
REQ-005458,LOC-02,SVC-04,Routine,27.5,2026-05-13,168,True,2,0,5,0,20,285,0
REQ-005459,LOC-03,SVC-05,Routine,17.2,2026-05-13,168,True,2,0,5,0,20,285,0
REQ-005460,LOC-07,SVC-03,Routine,36.3,2026-05-13,185,True,2,0,5,0,20,285,0
REQ-005461,LOC-06,SVC-01,Routine,23.0,2026-05-13,185,True,2,0,5,0,20,285,0
REQ-005462,LOC-06,SVC-01,Routine,18.6,2026-05-13,185,True,2,0,5,0,20,285,0
REQ-005463,LOC-05,SVC-02,Urgent,65.6,2026-05-13,24,False,2,0,5,0,20,285,1
REQ-005464,LOC-09,SVC-01,Routine,28.9,2026-05-13,218,True,2,0,5,0,20,285,0
REQ-005465,LOC-08,SVC-01,Routine,31.4,2026-05-13,218,True,2,0,5,0,20,285,0
REQ-005466,LOC-06,SVC-02,Routine,1.6,2026-05-13,185,True,2,0,5,0,20,285,0
REQ-005467,LOC-04,SVC-01,Routine,53.0,2026-05-13,168,True,2,0,5,0,20,285,0
REQ-005470,LOC-05,SVC-02,Routine,36.3,2026-05-13,168,True,2,0,5,0,20,285,0
REQ-005471,LOC-03,SVC-07,Priority,90.9,2026-05-13,72,True,2,0,5,0,20,285,0
REQ-005473,LOC-07,SVC-05,Routine,47.2,2026-05-13,185,True,2,0,5,0,20,285,0
REQ-005474,LOC-05,SVC-04,Priority,67.2,2026-05-13,72,True,2,0,5,0,20,285,0
REQ-005475,LOC-03,SVC-04,Priority,45.4,2026-05-13,72,True,2,0,5,0,20,285,0
REQ-005476,LOC-04,SVC-03,Urgent,39.5,2026-05-13,24,True,2,0,5,0,20,285,0
REQ-005477,LOC-02,SVC-05,Priority,75.5,2026-05-13,72,True,2,0,5,0,20,285,0
REQ-005478,LOC-02,SVC-07,Emergency,60.5,2026-05-13,4,False,2,0,5,0,20,285,1
REQ-005479,LOC-10,SVC-08,Priority,18.6,2026-05-13,94,True,2,0,5,0,20,285,0
REQ-005480,LOC-06,SVC-03,Emergency,61.9,2026-05-13,4,False,2,0,5,0,20,285,1
REQ-005482,LOC-06,SVC-02,Priority,36.8,2026-05-14,79,True,3,0,5,0,20,286,0
REQ-005483,LOC-10,SVC-04,Routine,25.9,2026-05-14,218,True,3,0,5,0,20,286,0
REQ-005485,LOC-05,SVC-09,Routine,32.5,2026-05-14,168,True,3,0,5,0,20,286,0
REQ-005487,LOC-09,SVC-05,Routine,18.3,2026-05-14,218,True,3,0,5,0,20,286,0
REQ-005488,LOC-06,SVC-07,Routine,38.3,2026-05-14,185,True,3,0,5,0,20,286,0
REQ-005489,LOC-08,SVC-06,Priority,90.3,2026-05-14,94,True,3,0,5,0,20,286,0
REQ-005490,LOC-03,SVC-04,Priority,32.5,2026-05-14,72,True,3,0,5,0,20,286,0
REQ-005491,LOC-01,SVC-09,Routine,35.1,2026-05-14,168,True,3,0,5,0,20,286,0
REQ-005492,LOC-07,SVC-01,Priority,45.6,2026-05-14,79,True,3,0,5,0,20,286,0
REQ-005494,LOC-04,SVC-05,Routine,14.0,2026-05-14,168,True,3,0,5,0,20,286,0
REQ-005495,LOC-07,SVC-02,Routine,59.5,2026-05-14,185,True,3,0,5,0,20,286,0
REQ-005496,LOC-09,SVC-06,Priority,9.2,2026-05-14,94,True,3,0,5,0,20,286,0
REQ-005497,LOC-10,SVC-05,Priority,14.7,2026-05-14,94,True,3,0,5,0,20,286,0
REQ-005498,LOC-02,SVC-02,Routine,19.1,2026-05-14,168,True,3,0,5,0,20,286,0
REQ-005499,LOC-06,SVC-08,Emergency,89.4,2026-05-14,4,False,3,0,5,0,20,286,1
REQ-005500,LOC-02,SVC-07,Urgent,63.7,2026-05-14,24,True,3,0,5,0,20,286,0
REQ-005501,LOC-01,SVC-01,Routine,36.3,2026-05-14,168,True,3,0,5,0,20,286,0
REQ-005502,LOC-09,SVC-05,Routine,20.8,2026-05-14,218,True,3,0,5,0,20,286,0
REQ-005504,LOC-01,SVC-08,Routine,27.3,2026-05-14,168,True,3,0,5,0,20,286,0
REQ-005505,LOC-01,SVC-08,Priority,2.7,2026-05-15,72,True,4,0,5,0,20,287,0
REQ-005506,LOC-04,SVC-03,Urgent,82.8,2026-05-15,24,False,4,0,5,0,20,287,1
REQ-005507,LOC-08,SVC-01,Routine,14.6,2026-05-15,218,True,4,0,5,0,20,287,0
REQ-005508,LOC-07,SVC-06,Routine,15.4,2026-05-15,185,True,4,0,5,0,20,287,0
REQ-005509,LOC-01,SVC-06,Routine,77.3,2026-05-15,168,True,4,0,5,0,20,287,0
REQ-005510,LOC-08,SVC-02,Priority,31.9,2026-05-15,94,True,4,0,5,0,20,287,0
REQ-005511,LOC-02,SVC-03,Routine,42.3,2026-05-15,168,True,4,0,5,0,20,287,0
REQ-005514,LOC-09,SVC-02,Routine,35.5,2026-05-15,218,True,4,0,5,0,20,287,0
REQ-005515,LOC-06,SVC-01,Emergency,81.8,2026-05-15,4,False,4,0,5,0,20,287,1
REQ-005516,LOC-07,SVC-01,Routine,16.0,2026-05-15,185,True,4,0,5,0,20,287,0
REQ-005517,LOC-09,SVC-04,Urgent,36.3,2026-05-15,31,True,4,0,5,0,20,287,0
REQ-005518,LOC-07,SVC-02,Routine,32.4,2026-05-15,185,True,4,0,5,0,20,287,0
REQ-005519,LOC-08,SVC-05,Urgent,58.7,2026-05-15,31,True,4,0,5,0,20,287,0
REQ-005520,LOC-10,SVC-01,Routine,54.7,2026-05-15,218,True,4,0,5,0,20,287,0
REQ-005521,LOC-02,SVC-06,Priority,21.8,2026-05-15,72,True,4,0,5,0,20,287,0
REQ-005522,LOC-07,SVC-04,Emergency,36.3,2026-05-15,4,False,4,0,5,0,20,287,1
REQ-005523,LOC-10,SVC-04,Emergency,92.7,2026-05-15,5,False,4,0,5,0,20,287,1
REQ-005524,LOC-06,SVC-07,Urgent,39.6,2026-05-15,26,False,4,0,5,0,20,287,1
REQ-005525,LOC-06,SVC-08,Priority,52.5,2026-05-15,79,True,4,0,5,0,20,287,0
REQ-005527,LOC-06,SVC-05,Routine,13.8,2026-05-15,185,True,4,0,5,0,20,287,0
REQ-005528,LOC-09,SVC-01,Emergency,6.0,2026-05-15,5,False,4,0,5,0,20,287,1
REQ-005529,LOC-08,SVC-04,Routine,18.9,2026-05-15,218,True,4,0,5,0,20,287,0
REQ-005530,LOC-10,SVC-02,Priority,34.7,2026-05-15,94,True,4,0,5,0,20,287,0
REQ-005531,LOC-10,SVC-06,Routine,20.1,2026-05-15,218,True,4,0,5,0,20,287,0
REQ-005532,LOC-07,SVC-07,Priority,42.3,2026-05-15,79,True,4,0,5,0,20,287,0
REQ-005533,LOC-02,SVC-05,Priority,35.2,2026-05-15,72,False,4,0,5,0,20,287,1
REQ-005534,LOC-06,SVC-06,Priority,89.6,2026-05-15,79,True,4,0,5,0,20,287,0
REQ-005535,LOC-03,SVC-03,Routine,37.7,2026-05-15,168,True,4,0,5,0,20,287,0
REQ-005536,LOC-02,SVC-04,Priority,39.1,2026-05-15,72,True,4,0,5,0,20,287,0
REQ-005537,LOC-10,SVC-02,Routine,6.5,2026-05-16,218,True,5,1,5,0,20,288,0
REQ-005538,LOC-04,SVC-04,Urgent,15.4,2026-05-16,24,True,5,1,5,0,20,288,0
REQ-005539,LOC-06,SVC-05,Priority,66.6,2026-05-16,79,True,5,1,5,0,20,288,0
REQ-005540,LOC-10,SVC-07,Routine,21.1,2026-05-16,218,True,5,1,5,0,20,288,0
REQ-005541,LOC-06,SVC-02,Urgent,14.1,2026-05-16,26,False,5,1,5,0,20,288,1
REQ-005542,LOC-08,SVC-08,Priority,49.7,2026-05-16,94,True,5,1,5,0,20,288,0
REQ-005543,LOC-01,SVC-01,Routine,63.5,2026-05-16,168,True,5,1,5,0,20,288,0
REQ-005544,LOC-07,SVC-03,Routine,34.2,2026-05-16,185,True,5,1,5,0,20,288,0
REQ-005545,LOC-03,SVC-08,Priority,40.9,2026-05-16,72,True,5,1,5,0,20,288,0
REQ-005546,LOC-07,SVC-01,Routine,32.7,2026-05-16,185,True,5,1,5,0,20,288,0
REQ-005547,LOC-09,SVC-05,Routine,11.5,2026-05-16,218,True,5,1,5,0,20,288,0
REQ-005548,LOC-05,SVC-01,Priority,33.6,2026-05-16,72,True,5,1,5,0,20,288,0
REQ-005549,LOC-10,SVC-01,Priority,35.1,2026-05-16,94,True,5,1,5,0,20,288,0
REQ-005550,LOC-05,SVC-05,Urgent,52.5,2026-05-16,24,True,5,1,5,0,20,288,0
REQ-005551,LOC-07,SVC-07,Priority,64.4,2026-05-16,79,True,5,1,5,0,20,288,0
REQ-005552,LOC-02,SVC-02,Routine,15.8,2026-05-17,168,True,6,1,5,0,20,289,0
REQ-005553,LOC-01,SVC-04,Routine,60.6,2026-05-17,168,True,6,1,5,0,20,289,0
REQ-005554,LOC-01,SVC-08,Priority,24.2,2026-05-17,72,False,6,1,5,0,20,289,1
REQ-005556,LOC-10,SVC-06,Priority,30.5,2026-05-17,94,True,6,1,5,0,20,289,0
REQ-005558,LOC-10,SVC-08,Priority,17.7,2026-05-17,94,True,6,1,5,0,20,289,0
REQ-005559,LOC-07,SVC-01,Routine,28.4,2026-05-17,185,True,6,1,5,0,20,289,0
REQ-005560,LOC-08,SVC-07,Emergency,19.6,2026-05-17,5,True,6,1,5,0,20,289,0
REQ-005561,LOC-08,SVC-07,Priority,46.3,2026-05-17,94,True,6,1,5,0,20,289,0
REQ-005562,LOC-07,SVC-07,Routine,24.2,2026-05-17,185,True,6,1,5,0,20,289,0
REQ-005563,LOC-03,SVC-05,Urgent,83.7,2026-05-17,24,True,6,1,5,0,20,289,0
REQ-005564,LOC-10,SVC-02,Urgent,33.4,2026-05-17,31,True,6,1,5,0,20,289,0
REQ-005565,LOC-06,SVC-07,Priority,35.8,2026-05-17,79,True,6,1,5,0,20,289,0
REQ-005566,LOC-09,SVC-06,Priority,41.2,2026-05-18,94,True,0,0,5,0,21,290,0
REQ-005567,LOC-05,SVC-05,Emergency,31.4,2026-05-18,4,False,0,0,5,0,21,290,1
REQ-005568,LOC-06,SVC-08,Routine,10.3,2026-05-18,185,True,0,0,5,0,21,290,0
REQ-005569,LOC-09,SVC-02,Routine,9.9,2026-05-18,218,True,0,0,5,0,21,290,0
REQ-005571,LOC-07,SVC-01,Priority,27.8,2026-05-18,79,True,0,0,5,0,21,290,0
REQ-005572,LOC-08,SVC-03,Routine,30.7,2026-05-18,218,True,0,0,5,0,21,290,0
REQ-005576,LOC-06,SVC-08,Routine,50.6,2026-05-18,185,True,0,0,5,0,21,290,0
REQ-005577,LOC-06,SVC-05,Routine,25.8,2026-05-18,185,True,0,0,5,0,21,290,0
REQ-005578,LOC-05,SVC-02,Routine,17.8,2026-05-18,168,True,0,0,5,0,21,290,0
REQ-005579,LOC-10,SVC-07,Routine,19.9,2026-05-18,218,True,0,0,5,0,21,290,0
REQ-005580,LOC-03,SVC-02,Routine,36.0,2026-05-18,168,True,0,0,5,0,21,290,0
REQ-005581,LOC-03,SVC-02,Routine,10.0,2026-05-18,168,True,0,0,5,0,21,290,0
REQ-005582,LOC-01,SVC-03,Priority,40.3,2026-05-18,72,True,0,0,5,0,21,290,0
REQ-005583,LOC-03,SVC-09,Emergency,85.5,2026-05-18,4,False,0,0,5,0,21,290,1
REQ-005584,LOC-01,SVC-04,Routine,50.6,2026-05-18,168,True,0,0,5,0,21,290,0
REQ-005585,LOC-02,SVC-01,Routine,74.8,2026-05-18,168,True,0,0,5,0,21,290,0
REQ-005586,LOC-02,SVC-02,Priority,68.4,2026-05-18,72,True,0,0,5,0,21,290,0
REQ-005588,LOC-03,SVC-06,Routine,37.7,2026-05-19,168,True,1,0,5,0,21,291,0
REQ-005589,LOC-01,SVC-01,Routine,36.3,2026-05-19,168,True,1,0,5,0,21,291,0
REQ-005590,LOC-09,SVC-09,Urgent,82.2,2026-05-19,31,True,1,0,5,0,21,291,0
REQ-005591,LOC-05,SVC-05,Routine,15.6,2026-05-19,168,True,1,0,5,0,21,291,0
REQ-005592,LOC-06,SVC-01,Routine,13.8,2026-05-19,185,True,1,0,5,0,21,291,0
REQ-005593,LOC-06,SVC-02,Routine,14.7,2026-05-19,185,True,1,0,5,0,21,291,0
REQ-005595,LOC-06,SVC-03,Routine,11.7,2026-05-19,185,True,1,0,5,0,21,291,0
REQ-005596,LOC-01,SVC-08,Routine,6.5,2026-05-19,168,True,1,0,5,0,21,291,0
REQ-005597,LOC-09,SVC-01,Routine,14.7,2026-05-19,218,True,1,0,5,0,21,291,0
REQ-005598,LOC-10,SVC-02,Urgent,79.8,2026-05-19,31,False,1,0,5,0,21,291,1
REQ-005599,LOC-09,SVC-04,Routine,35.9,2026-05-19,218,True,1,0,5,0,21,291,0
REQ-005600,LOC-02,SVC-09,Routine,9.2,2026-05-19,168,True,1,0,5,0,21,291,0
REQ-005601,LOC-08,SVC-01,Routine,40.9,2026-05-19,218,True,1,0,5,0,21,291,0
REQ-005602,LOC-05,SVC-04,Routine,43.7,2026-05-19,168,True,1,0,5,0,21,291,0
REQ-005603,LOC-01,SVC-01,Routine,33.8,2026-05-19,168,True,1,0,5,0,21,291,0
REQ-005605,LOC-08,SVC-05,Routine,40.7,2026-05-19,218,True,1,0,5,0,21,291,0
REQ-005606,LOC-10,SVC-02,Routine,7.5,2026-05-19,218,True,1,0,5,0,21,291,0
REQ-005607,LOC-03,SVC-01,Priority,14.5,2026-05-19,72,True,1,0,5,0,21,291,0
REQ-005608,LOC-01,SVC-03,Priority,38.4,2026-05-19,72,True,1,0,5,0,21,291,0
REQ-005609,LOC-06,SVC-04,Priority,14.2,2026-05-19,79,True,1,0,5,0,21,291,0
REQ-005610,LOC-09,SVC-02,Priority,34.6,2026-05-19,94,True,1,0,5,0,21,291,0
REQ-005611,LOC-07,SVC-07,Routine,9.8,2026-05-19,185,True,1,0,5,0,21,291,0
REQ-005612,LOC-01,SVC-04,Priority,46.0,2026-05-19,72,True,1,0,5,0,21,291,0
REQ-005613,LOC-10,SVC-03,Routine,20.4,2026-05-20,218,True,2,0,5,0,21,292,0
REQ-005614,LOC-08,SVC-03,Routine,69.5,2026-05-20,218,True,2,0,5,0,21,292,0
REQ-005615,LOC-02,SVC-01,Priority,54.2,2026-05-20,72,True,2,0,5,0,21,292,0
REQ-005616,LOC-06,SVC-01,Priority,72.5,2026-05-20,79,True,2,0,5,0,21,292,0
REQ-005617,LOC-01,SVC-07,Routine,15.7,2026-05-20,168,True,2,0,5,0,21,292,0
REQ-005618,LOC-06,SVC-06,Urgent,81.3,2026-05-20,26,False,2,0,5,0,21,292,1
REQ-005619,LOC-08,SVC-02,Priority,13.6,2026-05-20,94,True,2,0,5,0,21,292,0
REQ-005620,LOC-01,SVC-06,Priority,59.4,2026-05-20,72,True,2,0,5,0,21,292,0
REQ-005621,LOC-05,SVC-04,Routine,12.4,2026-05-20,168,True,2,0,5,0,21,292,0
REQ-005622,LOC-08,SVC-06,Routine,18.1,2026-05-20,218,True,2,0,5,0,21,292,0
REQ-005623,LOC-06,SVC-02,Urgent,30.2,2026-05-20,26,True,2,0,5,0,21,292,0
REQ-005624,LOC-03,SVC-02,Routine,23.0,2026-05-20,168,True,2,0,5,0,21,292,0
REQ-005625,LOC-06,SVC-09,Urgent,81.5,2026-05-20,26,True,2,0,5,0,21,292,0
REQ-005627,LOC-06,SVC-03,Routine,13.8,2026-05-20,185,True,2,0,5,0,21,292,0
REQ-005628,LOC-03,SVC-01,Routine,49.9,2026-05-20,168,True,2,0,5,0,21,292,0
REQ-005629,LOC-01,SVC-05,Routine,18.3,2026-05-20,168,True,2,0,5,0,21,292,0
REQ-005631,LOC-06,SVC-06,Urgent,41.1,2026-05-20,26,False,2,0,5,0,21,292,1
REQ-005632,LOC-04,SVC-01,Routine,16.8,2026-05-20,168,True,2,0,5,0,21,292,0
REQ-005633,LOC-01,SVC-02,Routine,42.7,2026-05-20,168,True,2,0,5,0,21,292,0
REQ-005634,LOC-03,SVC-07,Urgent,42.6,2026-05-20,24,False,2,0,5,0,21,292,1
REQ-005635,LOC-02,SVC-01,Routine,31.2,2026-05-21,168,True,3,0,5,0,21,293,0
REQ-005636,LOC-06,SVC-02,Routine,31.9,2026-05-21,185,True,3,0,5,0,21,293,0
REQ-005637,LOC-05,SVC-01,Priority,31.2,2026-05-21,72,True,3,0,5,0,21,293,0
REQ-005638,LOC-01,SVC-01,Routine,59.8,2026-05-21,168,True,3,0,5,0,21,293,0
REQ-005639,LOC-05,SVC-03,Urgent,39.8,2026-05-21,24,True,3,0,5,0,21,293,0
REQ-005641,LOC-09,SVC-02,Routine,78.6,2026-05-21,218,True,3,0,5,0,21,293,0
REQ-005642,LOC-10,SVC-07,Routine,13.4,2026-05-21,218,True,3,0,5,0,21,293,0
REQ-005643,LOC-03,SVC-01,Routine,11.0,2026-05-21,168,True,3,0,5,0,21,293,0
REQ-005644,LOC-01,SVC-06,Priority,44.3,2026-05-21,72,True,3,0,5,0,21,293,0
REQ-005645,LOC-02,SVC-09,Routine,36.3,2026-05-21,168,True,3,0,5,0,21,293,0
REQ-005646,LOC-08,SVC-01,Routine,40.4,2026-05-21,218,True,3,0,5,0,21,293,0
REQ-005647,LOC-10,SVC-02,Routine,41.0,2026-05-21,218,True,3,0,5,0,21,293,0
REQ-005648,LOC-09,SVC-07,Emergency,86.8,2026-05-21,5,False,3,0,5,0,21,293,1
REQ-005649,LOC-01,SVC-03,Routine,45.0,2026-05-21,168,True,3,0,5,0,21,293,0
REQ-005650,LOC-05,SVC-06,Routine,43.0,2026-05-21,168,True,3,0,5,0,21,293,0
REQ-005651,LOC-05,SVC-05,Emergency,81.6,2026-05-21,4,False,3,0,5,0,21,293,1
REQ-005652,LOC-03,SVC-09,Routine,25.7,2026-05-21,168,True,3,0,5,0,21,293,0
REQ-005653,LOC-03,SVC-05,Routine,16.7,2026-05-21,168,True,3,0,5,0,21,293,0
REQ-005654,LOC-08,SVC-05,Routine,46.9,2026-05-21,218,True,3,0,5,0,21,293,0
REQ-005655,LOC-06,SVC-09,Routine,52.7,2026-05-21,185,True,3,0,5,0,21,293,0
REQ-005656,LOC-09,SVC-06,Routine,21.4,2026-05-21,218,True,3,0,5,0,21,293,0
REQ-005657,LOC-06,SVC-02,Priority,38.4,2026-05-21,79,True,3,0,5,0,21,293,0
REQ-005658,LOC-08,SVC-05,Routine,44.0,2026-05-21,218,True,3,0,5,0,21,293,0
REQ-005659,LOC-03,SVC-01,Routine,33.6,2026-05-21,168,True,3,0,5,0,21,293,0
REQ-005660,LOC-05,SVC-04,Priority,26.4,2026-05-21,72,True,3,0,5,0,21,293,0
REQ-005661,LOC-06,SVC-01,Priority,50.3,2026-05-21,79,False,3,0,5,0,21,293,1
REQ-005662,LOC-02,SVC-03,Routine,34.8,2026-05-21,168,True,3,0,5,0,21,293,0
REQ-005663,LOC-05,SVC-04,Urgent,69.0,2026-05-21,24,True,3,0,5,0,21,293,0
REQ-005664,LOC-09,SVC-03,Priority,73.7,2026-05-21,94,True,3,0,5,0,21,293,0
REQ-005665,LOC-02,SVC-01,Urgent,80.0,2026-05-21,24,False,3,0,5,0,21,293,1
REQ-005667,LOC-03,SVC-03,Routine,18.4,2026-05-21,168,True,3,0,5,0,21,293,0
REQ-005668,LOC-06,SVC-05,Routine,29.2,2026-05-21,185,True,3,0,5,0,21,293,0
REQ-005669,LOC-05,SVC-01,Routine,33.9,2026-05-21,168,True,3,0,5,0,21,293,0
REQ-005670,LOC-10,SVC-04,Urgent,86.2,2026-05-21,31,True,3,0,5,0,21,293,0
REQ-005671,LOC-03,SVC-01,Urgent,34.1,2026-05-21,24,True,3,0,5,0,21,293,0
REQ-005672,LOC-10,SVC-07,Urgent,14.6,2026-05-21,31,True,3,0,5,0,21,293,0
REQ-005673,LOC-02,SVC-01,Urgent,31.8,2026-05-22,24,False,4,0,5,0,21,294,1
REQ-005674,LOC-05,SVC-07,Routine,16.1,2026-05-22,168,True,4,0,5,0,21,294,0
REQ-005675,LOC-04,SVC-01,Priority,64.4,2026-05-22,72,True,4,0,5,0,21,294,0
REQ-005676,LOC-04,SVC-02,Routine,36.8,2026-05-22,168,True,4,0,5,0,21,294,0
REQ-005677,LOC-02,SVC-01,Urgent,19.8,2026-05-22,24,True,4,0,5,0,21,294,0
REQ-005678,LOC-01,SVC-07,Priority,38.3,2026-05-22,72,True,4,0,5,0,21,294,0
REQ-005679,LOC-01,SVC-07,Routine,8.8,2026-05-22,168,True,4,0,5,0,21,294,0
REQ-005680,LOC-06,SVC-02,Urgent,64.3,2026-05-22,26,False,4,0,5,0,21,294,1
REQ-005681,LOC-10,SVC-05,Routine,23.6,2026-05-22,218,True,4,0,5,0,21,294,0
REQ-005682,LOC-05,SVC-05,Priority,39.7,2026-05-22,72,True,4,0,5,0,21,294,0
REQ-005683,LOC-06,SVC-05,Priority,34.4,2026-05-22,79,True,4,0,5,0,21,294,0
REQ-005684,LOC-02,SVC-08,Routine,36.0,2026-05-22,168,True,4,0,5,0,21,294,0
REQ-005685,LOC-02,SVC-05,Routine,18.3,2026-05-22,168,True,4,0,5,0,21,294,0
REQ-005686,LOC-07,SVC-01,Priority,11.8,2026-05-22,79,True,4,0,5,0,21,294,0
REQ-005687,LOC-05,SVC-04,Priority,36.3,2026-05-22,72,True,4,0,5,0,21,294,0
REQ-005688,LOC-02,SVC-03,Priority,57.5,2026-05-22,72,False,4,0,5,0,21,294,1
REQ-005689,LOC-10,SVC-05,Urgent,42.2,2026-05-22,31,True,4,0,5,0,21,294,0
REQ-005690,LOC-09,SVC-05,Priority,54.8,2026-05-22,94,True,4,0,5,0,21,294,0
REQ-005691,LOC-05,SVC-05,Priority,36.3,2026-05-22,72,True,4,0,5,0,21,294,0
REQ-005692,LOC-06,SVC-02,Routine,81.7,2026-05-22,185,True,4,0,5,0,21,294,0
REQ-005693,LOC-03,SVC-07,Priority,34.4,2026-05-22,72,True,4,0,5,0,21,294,0
REQ-005694,LOC-08,SVC-02,Routine,17.4,2026-05-22,218,True,4,0,5,0,21,294,0
REQ-005695,LOC-08,SVC-02,Routine,33.5,2026-05-22,218,True,4,0,5,0,21,294,0
REQ-005696,LOC-05,SVC-05,Emergency,63.3,2026-05-22,4,False,4,0,5,0,21,294,1
REQ-005697,LOC-05,SVC-07,Routine,67.2,2026-05-22,168,True,4,0,5,0,21,294,0
REQ-005698,LOC-02,SVC-02,Routine,42.4,2026-05-22,168,True,4,0,5,0,21,294,0
REQ-005700,LOC-07,SVC-09,Priority,40.9,2026-05-23,79,True,5,1,5,0,21,295,0
REQ-005701,LOC-05,SVC-04,Routine,13.5,2026-05-23,168,True,5,1,5,0,21,295,0
REQ-005702,LOC-05,SVC-01,Routine,41.8,2026-05-23,168,True,5,1,5,0,21,295,0
REQ-005703,LOC-06,SVC-06,Priority,24.3,2026-05-23,79,True,5,1,5,0,21,295,0
REQ-005704,LOC-03,SVC-02,Routine,16.5,2026-05-23,168,True,5,1,5,0,21,295,0
REQ-005705,LOC-03,SVC-02,Routine,26.3,2026-05-23,168,True,5,1,5,0,21,295,0
REQ-005706,LOC-06,SVC-03,Emergency,92.9,2026-05-23,4,False,5,1,5,0,21,295,1
REQ-005707,LOC-06,SVC-01,Routine,45.8,2026-05-23,185,True,5,1,5,0,21,295,0
REQ-005708,LOC-08,SVC-05,Routine,43.4,2026-05-24,218,True,6,1,5,0,21,296,0
REQ-005709,LOC-09,SVC-01,Routine,45.4,2026-05-24,218,True,6,1,5,0,21,296,0
REQ-005710,LOC-02,SVC-09,Priority,73.1,2026-05-24,72,True,6,1,5,0,21,296,0
REQ-005711,LOC-01,SVC-07,Priority,45.3,2026-05-24,72,True,6,1,5,0,21,296,0
REQ-005712,LOC-09,SVC-05,Routine,21.9,2026-05-24,218,True,6,1,5,0,21,296,0
REQ-005714,LOC-04,SVC-09,Routine,34.2,2026-05-24,168,True,6,1,5,0,21,296,0
REQ-005715,LOC-10,SVC-05,Priority,10.0,2026-05-24,94,True,6,1,5,0,21,296,0
REQ-005716,LOC-06,SVC-01,Routine,85.7,2026-05-24,185,True,6,1,5,0,21,296,0
REQ-005718,LOC-10,SVC-03,Priority,45.2,2026-05-25,94,True,0,0,5,0,22,297,0
REQ-005719,LOC-07,SVC-08,Urgent,63.4,2026-05-25,26,True,0,0,5,0,22,297,0
REQ-005720,LOC-10,SVC-02,Routine,11.5,2026-05-25,218,True,0,0,5,0,22,297,0
REQ-005721,LOC-03,SVC-07,Emergency,95.7,2026-05-25,4,False,0,0,5,0,22,297,1
REQ-005722,LOC-08,SVC-05,Priority,22.9,2026-05-25,94,True,0,0,5,0,22,297,0
REQ-005723,LOC-10,SVC-05,Routine,71.1,2026-05-25,218,True,0,0,5,0,22,297,0
REQ-005724,LOC-10,SVC-01,Routine,38.0,2026-05-25,218,True,0,0,5,0,22,297,0
REQ-005725,LOC-09,SVC-04,Urgent,24.9,2026-05-25,31,False,0,0,5,0,22,297,1
REQ-005726,LOC-03,SVC-02,Priority,66.5,2026-05-25,72,True,0,0,5,0,22,297,0
REQ-005727,LOC-10,SVC-02,Routine,21.6,2026-05-25,218,True,0,0,5,0,22,297,0
REQ-005729,LOC-01,SVC-01,Routine,38.0,2026-05-25,168,True,0,0,5,0,22,297,0
REQ-005730,LOC-10,SVC-01,Routine,56.9,2026-05-25,218,True,0,0,5,0,22,297,0
REQ-005731,LOC-07,SVC-07,Routine,43.9,2026-05-25,185,True,0,0,5,0,22,297,0
REQ-005732,LOC-02,SVC-04,Routine,10.6,2026-05-25,168,True,0,0,5,0,22,297,0
REQ-005733,LOC-07,SVC-03,Priority,34.3,2026-05-25,79,True,0,0,5,0,22,297,0
REQ-005734,LOC-03,SVC-02,Priority,14.8,2026-05-25,72,True,0,0,5,0,22,297,0
REQ-005735,LOC-04,SVC-03,Routine,15.3,2026-05-25,168,True,0,0,5,0,22,297,0
REQ-005736,LOC-10,SVC-04,Priority,92.3,2026-05-25,94,True,0,0,5,0,22,297,0
REQ-005737,LOC-01,SVC-02,Priority,11.2,2026-05-25,72,True,0,0,5,0,22,297,0
REQ-005738,LOC-04,SVC-07,Emergency,61.9,2026-05-25,4,True,0,0,5,0,22,297,0
REQ-005740,LOC-09,SVC-05,Routine,8.5,2026-05-25,218,True,0,0,5,0,22,297,0
REQ-005741,LOC-08,SVC-02,Routine,67.4,2026-05-25,218,True,0,0,5,0,22,297,0
REQ-005742,LOC-02,SVC-04,Urgent,20.5,2026-05-25,24,True,0,0,5,0,22,297,0
REQ-005743,LOC-07,SVC-01,Emergency,68.0,2026-05-25,4,True,0,0,5,0,22,297,0
REQ-005744,LOC-07,SVC-03,Urgent,56.5,2026-05-26,26,False,1,0,5,0,22,298,1
REQ-005745,LOC-01,SVC-03,Routine,61.4,2026-05-26,168,True,1,0,5,0,22,298,0
REQ-005746,LOC-10,SVC-03,Priority,55.0,2026-05-26,94,True,1,0,5,0,22,298,0
REQ-005747,LOC-03,SVC-03,Routine,45.8,2026-05-26,168,True,1,0,5,0,22,298,0
REQ-005748,LOC-06,SVC-03,Priority,48.7,2026-05-26,79,True,1,0,5,0,22,298,0
REQ-005749,LOC-01,SVC-01,Priority,81.9,2026-05-26,72,True,1,0,5,0,22,298,0
REQ-005750,LOC-07,SVC-09,Priority,37.1,2026-05-26,79,True,1,0,5,0,22,298,0
REQ-005751,LOC-08,SVC-06,Priority,28.3,2026-05-26,94,True,1,0,5,0,22,298,0
REQ-005752,LOC-08,SVC-01,Priority,44.8,2026-05-26,94,True,1,0,5,0,22,298,0
REQ-005753,LOC-04,SVC-02,Routine,43.0,2026-05-26,168,True,1,0,5,0,22,298,0
REQ-005754,LOC-01,SVC-04,Urgent,63.1,2026-05-26,24,True,1,0,5,0,22,298,0
REQ-005755,LOC-07,SVC-03,Routine,23.4,2026-05-26,185,True,1,0,5,0,22,298,0
REQ-005756,LOC-03,SVC-01,Routine,41.4,2026-05-26,168,True,1,0,5,0,22,298,0
REQ-005757,LOC-10,SVC-09,Routine,19.5,2026-05-26,218,True,1,0,5,0,22,298,0
REQ-005758,LOC-04,SVC-09,Routine,12.4,2026-05-26,168,True,1,0,5,0,22,298,0
REQ-005759,LOC-02,SVC-07,Priority,67.9,2026-05-26,72,True,1,0,5,0,22,298,0
REQ-005760,LOC-01,SVC-01,Priority,43.6,2026-05-26,72,True,1,0,5,0,22,298,0
REQ-005762,LOC-09,SVC-06,Routine,32.8,2026-05-26,218,True,1,0,5,0,22,298,0
REQ-005764,LOC-10,SVC-01,Routine,17.5,2026-05-26,218,True,1,0,5,0,22,298,0
REQ-005765,LOC-02,SVC-04,Priority,61.9,2026-05-26,72,True,1,0,5,0,22,298,0
REQ-005766,LOC-01,SVC-07,Routine,31.2,2026-05-26,168,True,1,0,5,0,22,298,0
REQ-005767,LOC-06,SVC-03,Routine,56.8,2026-05-26,185,True,1,0,5,0,22,298,0
REQ-005768,LOC-08,SVC-03,Routine,1.0,2026-05-26,218,True,1,0,5,0,22,298,0
REQ-005769,LOC-04,SVC-09,Routine,10.3,2026-05-26,168,True,1,0,5,0,22,298,0
REQ-005770,LOC-07,SVC-07,Routine,23.0,2026-05-26,185,True,1,0,5,0,22,298,0
REQ-005771,LOC-01,SVC-08,Urgent,60.4,2026-05-26,24,False,1,0,5,0,22,298,1
REQ-005772,LOC-02,SVC-01,Priority,17.5,2026-05-26,72,True,1,0,5,0,22,298,0
REQ-005773,LOC-03,SVC-01,Routine,54.2,2026-05-26,168,True,1,0,5,0,22,298,0
REQ-005774,LOC-06,SVC-07,Priority,28.9,2026-05-26,79,True,1,0,5,0,22,298,0
REQ-005775,LOC-01,SVC-07,Priority,33.0,2026-05-26,72,True,1,0,5,0,22,298,0
REQ-005776,LOC-05,SVC-02,Urgent,31.4,2026-05-26,24,True,1,0,5,0,22,298,0
REQ-005777,LOC-03,SVC-01,Routine,17.7,2026-05-26,168,True,1,0,5,0,22,298,0
REQ-005778,LOC-02,SVC-02,Urgent,62.3,2026-05-27,24,True,2,0,5,0,22,299,0
REQ-005779,LOC-01,SVC-07,Routine,13.6,2026-05-27,168,True,2,0,5,0,22,299,0
REQ-005780,LOC-02,SVC-06,Routine,22.3,2026-05-27,168,True,2,0,5,0,22,299,0
REQ-005781,LOC-04,SVC-01,Routine,16.1,2026-05-27,168,True,2,0,5,0,22,299,0
REQ-005782,LOC-06,SVC-01,Priority,7.4,2026-05-27,79,True,2,0,5,0,22,299,0
REQ-005783,LOC-06,SVC-01,Routine,22.7,2026-05-27,185,True,2,0,5,0,22,299,0
REQ-005784,LOC-01,SVC-07,Emergency,81.4,2026-05-27,4,False,2,0,5,0,22,299,1
REQ-005785,LOC-06,SVC-09,Routine,16.4,2026-05-27,185,True,2,0,5,0,22,299,0
REQ-005786,LOC-07,SVC-02,Priority,61.8,2026-05-27,79,True,2,0,5,0,22,299,0
REQ-005787,LOC-06,SVC-05,Routine,36.4,2026-05-27,185,True,2,0,5,0,22,299,0
REQ-005788,LOC-05,SVC-09,Urgent,56.2,2026-05-27,24,True,2,0,5,0,22,299,0
REQ-005789,LOC-07,SVC-09,Urgent,31.2,2026-05-27,26,True,2,0,5,0,22,299,0
REQ-005790,LOC-05,SVC-05,Priority,64.2,2026-05-27,72,True,2,0,5,0,22,299,0
REQ-005791,LOC-08,SVC-02,Priority,26.4,2026-05-27,94,True,2,0,5,0,22,299,0
REQ-005792,LOC-07,SVC-07,Priority,35.3,2026-05-27,79,True,2,0,5,0,22,299,0
REQ-005793,LOC-05,SVC-01,Urgent,65.0,2026-05-27,24,True,2,0,5,0,22,299,0
REQ-005795,LOC-10,SVC-04,Urgent,11.8,2026-05-27,31,True,2,0,5,0,22,299,0
REQ-005796,LOC-06,SVC-06,Routine,43.7,2026-05-27,185,True,2,0,5,0,22,299,0
REQ-005797,LOC-05,SVC-02,Routine,32.4,2026-05-27,168,True,2,0,5,0,22,299,0
REQ-005798,LOC-01,SVC-06,Routine,19.7,2026-05-27,168,True,2,0,5,0,22,299,0
REQ-005799,LOC-02,SVC-04,Priority,32.3,2026-05-27,72,True,2,0,5,0,22,299,0
REQ-005800,LOC-02,SVC-01,Emergency,92.5,2026-05-27,4,False,2,0,5,0,22,299,1
REQ-005801,LOC-02,SVC-01,Urgent,80.3,2026-05-27,24,False,2,0,5,0,22,299,1
REQ-005802,LOC-07,SVC-01,Routine,18.6,2026-05-27,185,True,2,0,5,0,22,299,0
REQ-005803,LOC-07,SVC-06,Routine,27.3,2026-05-28,185,True,3,0,5,0,22,300,0
REQ-005804,LOC-07,SVC-02,Priority,10.5,2026-05-28,79,True,3,0,5,0,22,300,0
REQ-005805,LOC-02,SVC-05,Routine,61.6,2026-05-28,168,True,3,0,5,0,22,300,0
REQ-005806,LOC-03,SVC-05,Routine,21.4,2026-05-28,168,True,3,0,5,0,22,300,0
REQ-005807,LOC-09,SVC-04,Routine,10.3,2026-05-28,218,True,3,0,5,0,22,300,0
REQ-005808,LOC-09,SVC-05,Urgent,32.2,2026-05-28,31,True,3,0,5,0,22,300,0
REQ-005809,LOC-10,SVC-05,Routine,36.3,2026-05-28,218,True,3,0,5,0,22,300,0
REQ-005810,LOC-06,SVC-04,Priority,35.4,2026-05-28,79,True,3,0,5,0,22,300,0
REQ-005812,LOC-10,SVC-03,Priority,15.2,2026-05-28,94,True,3,0,5,0,22,300,0
REQ-005813,LOC-08,SVC-04,Priority,45.5,2026-05-28,94,True,3,0,5,0,22,300,0
REQ-005814,LOC-08,SVC-01,Priority,34.2,2026-05-28,94,True,3,0,5,0,22,300,0
REQ-005815,LOC-04,SVC-08,Priority,6.8,2026-05-28,72,True,3,0,5,0,22,300,0
REQ-005816,LOC-02,SVC-01,Routine,48.7,2026-05-28,168,True,3,0,5,0,22,300,0
REQ-005817,LOC-10,SVC-08,Urgent,85.6,2026-05-28,31,False,3,0,5,0,22,300,1
REQ-005818,LOC-01,SVC-05,Routine,41.9,2026-05-28,168,True,3,0,5,0,22,300,0
REQ-005819,LOC-09,SVC-01,Routine,20.1,2026-05-28,218,True,3,0,5,0,22,300,0
REQ-005820,LOC-07,SVC-09,Routine,32.6,2026-05-28,185,True,3,0,5,0,22,300,0
REQ-005822,LOC-08,SVC-05,Routine,41.8,2026-05-28,218,True,3,0,5,0,22,300,0
REQ-005823,LOC-03,SVC-05,Urgent,69.8,2026-05-28,24,True,3,0,5,0,22,300,0
REQ-005824,LOC-05,SVC-04,Urgent,47.7,2026-05-28,24,False,3,0,5,0,22,300,1
REQ-005825,LOC-01,SVC-09,Priority,69.2,2026-05-28,72,True,3,0,5,0,22,300,0
REQ-005826,LOC-04,SVC-02,Routine,36.3,2026-05-28,168,True,3,0,5,0,22,300,0
REQ-005827,LOC-02,SVC-08,Urgent,41.2,2026-05-28,24,False,3,0,5,0,22,300,1
REQ-005829,LOC-04,SVC-03,Urgent,93.0,2026-05-28,24,True,3,0,5,0,22,300,0
REQ-005830,LOC-08,SVC-03,Priority,21.6,2026-05-28,94,True,3,0,5,0,22,300,0
REQ-005831,LOC-06,SVC-01,Routine,13.6,2026-05-28,185,True,3,0,5,0,22,300,0
REQ-005832,LOC-06,SVC-01,Routine,22.7,2026-05-29,185,True,4,0,5,0,22,301,0
REQ-005833,LOC-09,SVC-01,Routine,61.2,2026-05-29,218,True,4,0,5,0,22,301,0
REQ-005834,LOC-08,SVC-01,Routine,27.7,2026-05-29,218,True,4,0,5,0,22,301,0
REQ-005835,LOC-06,SVC-05,Priority,25.0,2026-05-29,79,True,4,0,5,0,22,301,0
REQ-005836,LOC-09,SVC-01,Routine,13.7,2026-05-29,218,True,4,0,5,0,22,301,0
REQ-005837,LOC-08,SVC-06,Routine,20.4,2026-05-29,218,True,4,0,5,0,22,301,0
REQ-005838,LOC-02,SVC-02,Urgent,9.3,2026-05-29,24,True,4,0,5,0,22,301,0
REQ-005839,LOC-01,SVC-01,Routine,72.1,2026-05-29,168,True,4,0,5,0,22,301,0
REQ-005840,LOC-03,SVC-05,Routine,23.4,2026-05-29,168,True,4,0,5,0,22,301,0
REQ-005841,LOC-04,SVC-01,Routine,23.8,2026-05-29,168,True,4,0,5,0,22,301,0
REQ-005842,LOC-02,SVC-02,Priority,36.5,2026-05-29,72,True,4,0,5,0,22,301,0
REQ-005843,LOC-01,SVC-02,Priority,59.3,2026-05-29,72,True,4,0,5,0,22,301,0
REQ-005844,LOC-10,SVC-05,Priority,10.1,2026-05-29,94,True,4,0,5,0,22,301,0
REQ-005845,LOC-03,SVC-04,Routine,35.6,2026-05-29,168,True,4,0,5,0,22,301,0
REQ-005846,LOC-08,SVC-01,Priority,10.0,2026-05-29,94,True,4,0,5,0,22,301,0
REQ-005847,LOC-03,SVC-08,Routine,39.1,2026-05-29,168,True,4,0,5,0,22,301,0
REQ-005849,LOC-03,SVC-07,Routine,43.8,2026-05-29,168,True,4,0,5,0,22,301,0
REQ-005850,LOC-10,SVC-03,Emergency,23.4,2026-05-29,5,False,4,0,5,0,22,301,1
REQ-005851,LOC-06,SVC-06,Routine,36.4,2026-05-29,185,True,4,0,5,0,22,301,0
REQ-005852,LOC-07,SVC-02,Emergency,85.2,2026-05-29,4,False,4,0,5,0,22,301,1
REQ-005853,LOC-06,SVC-02,Urgent,17.7,2026-05-29,26,True,4,0,5,0,22,301,0
REQ-005854,LOC-01,SVC-01,Priority,42.2,2026-05-29,72,True,4,0,5,0,22,301,0
REQ-005856,LOC-02,SVC-06,Urgent,81.5,2026-05-30,24,True,5,1,5,0,22,302,0
REQ-005858,LOC-03,SVC-01,Routine,36.3,2026-05-30,168,True,5,1,5,0,22,302,0
REQ-005860,LOC-05,SVC-02,Routine,35.0,2026-05-30,168,True,5,1,5,0,22,302,0
REQ-005861,LOC-08,SVC-01,Priority,19.1,2026-05-30,94,True,5,1,5,0,22,302,0
REQ-005862,LOC-04,SVC-06,Emergency,38.8,2026-05-30,4,False,5,1,5,0,22,302,1
REQ-005863,LOC-03,SVC-05,Urgent,77.2,2026-05-30,24,True,5,1,5,0,22,302,0
REQ-005864,LOC-06,SVC-02,Routine,69.1,2026-05-30,185,True,5,1,5,0,22,302,0
REQ-005865,LOC-05,SVC-05,Urgent,20.5,2026-05-30,24,True,5,1,5,0,22,302,0
REQ-005866,LOC-01,SVC-09,Routine,49.3,2026-05-30,168,True,5,1,5,0,22,302,0
REQ-005867,LOC-02,SVC-05,Priority,39.2,2026-05-30,72,True,5,1,5,0,22,302,0
REQ-005868,LOC-04,SVC-01,Routine,80.6,2026-05-30,168,True,5,1,5,0,22,302,0
REQ-005870,LOC-06,SVC-01,Routine,15.5,2026-05-30,185,True,5,1,5,0,22,302,0
REQ-005871,LOC-05,SVC-02,Priority,38.0,2026-05-31,72,True,6,1,5,0,22,303,0
REQ-005872,LOC-08,SVC-01,Priority,35.0,2026-05-31,94,True,6,1,5,0,22,303,0
REQ-005873,LOC-07,SVC-06,Priority,65.6,2026-05-31,79,True,6,1,5,0,22,303,0
REQ-005874,LOC-01,SVC-06,Priority,36.9,2026-05-31,72,True,6,1,5,0,22,303,0
REQ-005875,LOC-06,SVC-06,Routine,46.5,2026-05-31,185,True,6,1,5,0,22,303,0
REQ-005877,LOC-05,SVC-02,Routine,20.7,2026-05-31,168,True,6,1,5,0,22,303,0
REQ-005878,LOC-03,SVC-01,Routine,7.6,2026-05-31,168,True,6,1,5,0,22,303,0
REQ-005879,LOC-03,SVC-02,Routine,36.3,2026-06-01,168,True,0,0,6,1,23,304,0
REQ-005880,LOC-08,SVC-01,Priority,3.6,2026-06-01,94,True,0,0,6,1,23,304,0
REQ-005881,LOC-04,SVC-04,Routine,10.2,2026-06-01,168,True,0,0,6,1,23,304,0
REQ-005883,LOC-06,SVC-02,Routine,32.2,2026-06-01,185,True,0,0,6,1,23,304,0
REQ-005884,LOC-02,SVC-05,Routine,15.4,2026-06-01,168,True,0,0,6,1,23,304,0
REQ-005885,LOC-08,SVC-06,Priority,25.4,2026-06-01,94,True,0,0,6,1,23,304,0
REQ-005886,LOC-02,SVC-01,Urgent,42.7,2026-06-01,24,True,0,0,6,1,23,304,0
REQ-005887,LOC-01,SVC-06,Routine,18.7,2026-06-01,168,True,0,0,6,1,23,304,0
REQ-005888,LOC-08,SVC-06,Priority,35.5,2026-06-01,94,True,0,0,6,1,23,304,0
REQ-005891,LOC-01,SVC-03,Routine,26.9,2026-06-01,168,True,0,0,6,1,23,304,0
REQ-005892,LOC-05,SVC-09,Routine,32.1,2026-06-01,168,True,0,0,6,1,23,304,0
REQ-005894,LOC-10,SVC-01,Routine,17.7,2026-06-01,218,True,0,0,6,1,23,304,0
REQ-005895,LOC-08,SVC-01,Routine,36.2,2026-06-01,218,True,0,0,6,1,23,304,0
REQ-005896,LOC-09,SVC-02,Routine,84.9,2026-06-01,218,True,0,0,6,1,23,304,0
REQ-005897,LOC-05,SVC-02,Routine,42.1,2026-06-01,168,True,0,0,6,1,23,304,0
REQ-005898,LOC-05,SVC-01,Priority,36.9,2026-06-01,72,True,0,0,6,1,23,304,0
REQ-005900,LOC-07,SVC-04,Routine,17.1,2026-06-01,185,True,0,0,6,1,23,304,0
REQ-005901,LOC-07,SVC-08,Urgent,67.6,2026-06-01,26,False,0,0,6,1,23,304,1
REQ-005904,LOC-04,SVC-02,Routine,35.6,2026-06-01,168,True,0,0,6,1,23,304,0
REQ-005905,LOC-02,SVC-09,Urgent,81.0,2026-06-01,24,True,0,0,6,1,23,304,0
REQ-005906,LOC-02,SVC-06,Routine,38.6,2026-06-01,168,True,0,0,6,1,23,304,0
REQ-005907,LOC-07,SVC-03,Routine,18.7,2026-06-02,185,True,1,0,6,1,23,305,0
REQ-005908,LOC-02,SVC-04,Routine,97.6,2026-06-02,168,True,1,0,6,1,23,305,0
REQ-005909,LOC-06,SVC-02,Priority,38.6,2026-06-02,79,True,1,0,6,1,23,305,0
REQ-005910,LOC-04,SVC-01,Priority,16.0,2026-06-02,72,True,1,0,6,1,23,305,0
REQ-005911,LOC-08,SVC-06,Routine,35.7,2026-06-02,218,True,1,0,6,1,23,305,0
REQ-005912,LOC-07,SVC-05,Priority,24.2,2026-06-02,79,True,1,0,6,1,23,305,0
REQ-005913,LOC-10,SVC-04,Urgent,80.7,2026-06-02,31,True,1,0,6,1,23,305,0
REQ-005914,LOC-10,SVC-01,Priority,87.6,2026-06-02,94,True,1,0,6,1,23,305,0
REQ-005915,LOC-02,SVC-05,Priority,72.1,2026-06-02,72,True,1,0,6,1,23,305,0
REQ-005916,LOC-09,SVC-02,Emergency,51.7,2026-06-02,5,False,1,0,6,1,23,305,1
REQ-005917,LOC-06,SVC-03,Routine,15.9,2026-06-02,185,True,1,0,6,1,23,305,0
REQ-005918,LOC-01,SVC-06,Urgent,77.9,2026-06-02,24,True,1,0,6,1,23,305,0
REQ-005919,LOC-10,SVC-01,Routine,18.6,2026-06-02,218,True,1,0,6,1,23,305,0
REQ-005920,LOC-10,SVC-07,Priority,36.3,2026-06-02,94,True,1,0,6,1,23,305,0
REQ-005922,LOC-10,SVC-08,Urgent,89.4,2026-06-02,31,True,1,0,6,1,23,305,0
REQ-005923,LOC-10,SVC-04,Priority,22.9,2026-06-02,94,True,1,0,6,1,23,305,0
REQ-005924,LOC-08,SVC-06,Priority,99.0,2026-06-02,94,True,1,0,6,1,23,305,0
REQ-005925,LOC-02,SVC-08,Priority,40.3,2026-06-02,72,True,1,0,6,1,23,305,0
REQ-005926,LOC-08,SVC-02,Urgent,21.8,2026-06-02,31,True,1,0,6,1,23,305,0
REQ-005927,LOC-04,SVC-02,Routine,15.0,2026-06-02,168,True,1,0,6,1,23,305,0
REQ-005928,LOC-08,SVC-01,Priority,35.4,2026-06-02,94,True,1,0,6,1,23,305,0
REQ-005929,LOC-04,SVC-02,Priority,39.9,2026-06-02,72,True,1,0,6,1,23,305,0
REQ-005930,LOC-05,SVC-03,Priority,48.1,2026-06-02,72,True,1,0,6,1,23,305,0
REQ-005931,LOC-08,SVC-02,Routine,39.8,2026-06-02,218,True,1,0,6,1,23,305,0
REQ-005932,LOC-08,SVC-06,Routine,16.2,2026-06-02,218,True,1,0,6,1,23,305,0
REQ-005933,LOC-10,SVC-09,Routine,41.9,2026-06-02,218,True,1,0,6,1,23,305,0
REQ-005934,LOC-10,SVC-02,Routine,9.0,2026-06-02,218,True,1,0,6,1,23,305,0
REQ-005935,LOC-06,SVC-04,Priority,48.9,2026-06-02,79,False,1,0,6,1,23,305,1
REQ-005936,LOC-08,SVC-02,Priority,36.3,2026-06-02,94,True,1,0,6,1,23,305,0
REQ-005937,LOC-05,SVC-04,Routine,34.0,2026-06-02,168,True,1,0,6,1,23,305,0
REQ-005938,LOC-06,SVC-01,Priority,64.3,2026-06-02,79,True,1,0,6,1,23,305,0
REQ-005939,LOC-09,SVC-06,Routine,34.2,2026-06-03,218,True,2,0,6,1,23,306,0
REQ-005940,LOC-02,SVC-05,Routine,16.8,2026-06-03,168,True,2,0,6,1,23,306,0
REQ-005942,LOC-01,SVC-07,Routine,10.2,2026-06-03,168,True,2,0,6,1,23,306,0
REQ-005943,LOC-09,SVC-05,Routine,29.4,2026-06-03,218,True,2,0,6,1,23,306,0
REQ-005944,LOC-03,SVC-06,Routine,50.5,2026-06-03,168,True,2,0,6,1,23,306,0
REQ-005945,LOC-05,SVC-05,Urgent,38.3,2026-06-03,24,True,2,0,6,1,23,306,0
REQ-005946,LOC-03,SVC-01,Routine,45.9,2026-06-03,168,True,2,0,6,1,23,306,0
REQ-005947,LOC-02,SVC-01,Urgent,56.5,2026-06-03,24,False,2,0,6,1,23,306,1
REQ-005948,LOC-09,SVC-03,Urgent,52.8,2026-06-03,31,True,2,0,6,1,23,306,0
REQ-005949,LOC-06,SVC-06,Routine,42.3,2026-06-03,185,True,2,0,6,1,23,306,0
REQ-005950,LOC-01,SVC-01,Routine,6.3,2026-06-03,168,True,2,0,6,1,23,306,0
REQ-005951,LOC-08,SVC-05,Routine,36.8,2026-06-03,218,True,2,0,6,1,23,306,0
REQ-005952,LOC-08,SVC-01,Emergency,77.2,2026-06-03,5,False,2,0,6,1,23,306,1
REQ-005953,LOC-05,SVC-05,Priority,43.8,2026-06-03,72,True,2,0,6,1,23,306,0
REQ-005955,LOC-01,SVC-08,Priority,15.2,2026-06-03,72,True,2,0,6,1,23,306,0
REQ-005957,LOC-07,SVC-02,Routine,19.9,2026-06-03,185,True,2,0,6,1,23,306,0
REQ-005958,LOC-03,SVC-02,Routine,21.0,2026-06-03,168,True,2,0,6,1,23,306,0
REQ-005959,LOC-10,SVC-07,Routine,33.7,2026-06-03,218,True,2,0,6,1,23,306,0
REQ-005960,LOC-03,SVC-09,Urgent,86.1,2026-06-03,24,True,2,0,6,1,23,306,0
REQ-005962,LOC-03,SVC-04,Priority,72.6,2026-06-03,72,True,2,0,6,1,23,306,0
REQ-005963,LOC-02,SVC-01,Urgent,81.7,2026-06-03,24,True,2,0,6,1,23,306,0
REQ-005964,LOC-01,SVC-03,Priority,33.9,2026-06-03,72,True,2,0,6,1,23,306,0
REQ-005965,LOC-06,SVC-05,Urgent,65.3,2026-06-03,26,False,2,0,6,1,23,306,1
REQ-005966,LOC-03,SVC-05,Routine,66.4,2026-06-03,168,True,2,0,6,1,23,306,0
REQ-005967,LOC-05,SVC-06,Routine,27.8,2026-06-03,168,True,2,0,6,1,23,306,0
REQ-005969,LOC-02,SVC-02,Urgent,85.3,2026-06-03,24,True,2,0,6,1,23,306,0
REQ-005970,LOC-02,SVC-05,Priority,28.8,2026-06-04,72,True,3,0,6,1,23,307,0
REQ-005971,LOC-10,SVC-07,Routine,39.2,2026-06-04,218,True,3,0,6,1,23,307,0
REQ-005972,LOC-09,SVC-09,Priority,37.4,2026-06-04,94,True,3,0,6,1,23,307,0
REQ-005973,LOC-04,SVC-03,Routine,68.4,2026-06-04,168,True,3,0,6,1,23,307,0
REQ-005974,LOC-07,SVC-05,Priority,47.2,2026-06-04,79,True,3,0,6,1,23,307,0
REQ-005975,LOC-04,SVC-01,Priority,44.7,2026-06-04,72,True,3,0,6,1,23,307,0
REQ-005976,LOC-05,SVC-03,Priority,19.1,2026-06-04,72,True,3,0,6,1,23,307,0
REQ-005977,LOC-02,SVC-09,Routine,61.4,2026-06-04,168,True,3,0,6,1,23,307,0
REQ-005978,LOC-04,SVC-01,Routine,29.1,2026-06-04,168,True,3,0,6,1,23,307,0
REQ-005979,LOC-07,SVC-09,Routine,9.0,2026-06-04,185,True,3,0,6,1,23,307,0
REQ-005980,LOC-07,SVC-04,Urgent,18.0,2026-06-04,26,True,3,0,6,1,23,307,0
REQ-005981,LOC-09,SVC-06,Priority,37.2,2026-06-04,94,True,3,0,6,1,23,307,0
REQ-005982,LOC-03,SVC-01,Priority,28.9,2026-06-04,72,True,3,0,6,1,23,307,0
REQ-005983,LOC-06,SVC-03,Routine,84.9,2026-06-04,185,True,3,0,6,1,23,307,0
REQ-005984,LOC-01,SVC-03,Routine,35.3,2026-06-04,168,True,3,0,6,1,23,307,0
REQ-005985,LOC-06,SVC-01,Routine,14.9,2026-06-04,185,True,3,0,6,1,23,307,0
REQ-005986,LOC-01,SVC-01,Emergency,33.3,2026-06-04,4,False,3,0,6,1,23,307,1
REQ-005988,LOC-03,SVC-01,Priority,87.5,2026-06-04,72,True,3,0,6,1,23,307,0
REQ-005989,LOC-03,SVC-01,Routine,32.1,2026-06-04,168,True,3,0,6,1,23,307,0
REQ-005990,LOC-08,SVC-01,Priority,17.2,2026-06-04,94,True,3,0,6,1,23,307,0
REQ-005991,LOC-06,SVC-03,Priority,37.3,2026-06-04,79,False,3,0,6,1,23,307,1
REQ-005992,LOC-04,SVC-05,Routine,83.9,2026-06-04,168,True,3,0,6,1,23,307,0
REQ-005993,LOC-05,SVC-02,Priority,36.5,2026-06-04,72,True,3,0,6,1,23,307,0
REQ-005994,LOC-06,SVC-05,Routine,11.9,2026-06-04,185,True,3,0,6,1,23,307,0
REQ-005995,LOC-02,SVC-05,Emergency,36.9,2026-06-04,4,False,3,0,6,1,23,307,1
REQ-005996,LOC-01,SVC-03,Routine,17.2,2026-06-04,168,True,3,0,6,1,23,307,0
REQ-005997,LOC-10,SVC-08,Priority,38.1,2026-06-04,94,True,3,0,6,1,23,307,0
REQ-005998,LOC-09,SVC-07,Routine,38.6,2026-06-04,218,True,3,0,6,1,23,307,0
REQ-005999,LOC-01,SVC-01,Urgent,65.5,2026-06-05,24,True,4,0,6,1,23,308,0
REQ-006000,LOC-03,SVC-06,Routine,7.3,2026-06-05,168,True,4,0,6,1,23,308,0
REQ-006001,LOC-10,SVC-06,Routine,16.9,2026-06-05,218,True,4,0,6,1,23,308,0
REQ-006002,LOC-01,SVC-06,Priority,13.1,2026-06-05,72,True,4,0,6,1,23,308,0
REQ-006003,LOC-08,SVC-05,Priority,70.8,2026-06-05,94,True,4,0,6,1,23,308,0
REQ-006004,LOC-04,SVC-02,Routine,12.9,2026-06-05,168,True,4,0,6,1,23,308,0
REQ-006006,LOC-10,SVC-01,Priority,25.8,2026-06-05,94,True,4,0,6,1,23,308,0
REQ-006007,LOC-05,SVC-02,Routine,37.9,2026-06-05,168,True,4,0,6,1,23,308,0
REQ-006008,LOC-07,SVC-04,Priority,18.1,2026-06-05,79,True,4,0,6,1,23,308,0
REQ-006009,LOC-07,SVC-01,Routine,8.4,2026-06-05,185,True,4,0,6,1,23,308,0
REQ-006010,LOC-04,SVC-04,Routine,14.3,2026-06-05,168,True,4,0,6,1,23,308,0
REQ-006011,LOC-03,SVC-04,Urgent,81.3,2026-06-05,24,False,4,0,6,1,23,308,1
REQ-006013,LOC-03,SVC-03,Routine,48.2,2026-06-05,168,True,4,0,6,1,23,308,0
REQ-006014,LOC-09,SVC-04,Emergency,37.7,2026-06-05,5,False,4,0,6,1,23,308,1
REQ-006015,LOC-07,SVC-02,Routine,41.9,2026-06-05,185,True,4,0,6,1,23,308,0
REQ-006016,LOC-02,SVC-07,Priority,45.0,2026-06-05,72,True,4,0,6,1,23,308,0
REQ-006017,LOC-02,SVC-03,Routine,36.3,2026-06-05,168,True,4,0,6,1,23,308,0
REQ-006018,LOC-10,SVC-06,Routine,17.0,2026-06-05,218,True,4,0,6,1,23,308,0
REQ-006019,LOC-05,SVC-05,Routine,15.0,2026-06-06,168,True,5,1,6,1,23,309,0
REQ-006020,LOC-07,SVC-02,Routine,8.3,2026-06-06,185,True,5,1,6,1,23,309,0
REQ-006021,LOC-08,SVC-09,Routine,10.7,2026-06-06,218,True,5,1,6,1,23,309,0
REQ-006022,LOC-03,SVC-01,Urgent,31.6,2026-06-06,24,True,5,1,6,1,23,309,0
REQ-006023,LOC-08,SVC-04,Routine,11.7,2026-06-06,218,True,5,1,6,1,23,309,0
REQ-006025,LOC-06,SVC-02,Routine,18.0,2026-06-06,185,True,5,1,6,1,23,309,0
REQ-006026,LOC-05,SVC-06,Priority,15.0,2026-06-06,72,True,5,1,6,1,23,309,0
REQ-006027,LOC-01,SVC-06,Urgent,89.5,2026-06-06,24,True,5,1,6,1,23,309,0
REQ-006028,LOC-04,SVC-08,Emergency,38.5,2026-06-06,4,True,5,1,6,1,23,309,0
REQ-006029,LOC-07,SVC-01,Urgent,29.3,2026-06-06,26,True,5,1,6,1,23,309,0
REQ-006030,LOC-10,SVC-05,Urgent,89.6,2026-06-06,31,True,5,1,6,1,23,309,0
REQ-006031,LOC-01,SVC-01,Routine,16.5,2026-06-06,168,True,5,1,6,1,23,309,0
REQ-006032,LOC-08,SVC-05,Routine,71.4,2026-06-06,218,True,5,1,6,1,23,309,0
REQ-006034,LOC-03,SVC-02,Routine,24.9,2026-06-07,168,True,6,1,6,1,23,310,0
REQ-006035,LOC-04,SVC-01,Urgent,35.1,2026-06-07,24,False,6,1,6,1,23,310,1
REQ-006036,LOC-02,SVC-09,Priority,35.4,2026-06-07,72,True,6,1,6,1,23,310,0
REQ-006037,LOC-03,SVC-05,Urgent,83.2,2026-06-07,24,True,6,1,6,1,23,310,0
REQ-006038,LOC-02,SVC-05,Urgent,68.2,2026-06-07,24,True,6,1,6,1,23,310,0
REQ-006039,LOC-08,SVC-02,Priority,8.4,2026-06-07,94,True,6,1,6,1,23,310,0
REQ-006040,LOC-02,SVC-06,Priority,63.3,2026-06-07,72,True,6,1,6,1,23,310,0
REQ-006041,LOC-09,SVC-03,Routine,42.2,2026-06-07,218,True,6,1,6,1,23,310,0
REQ-006042,LOC-05,SVC-03,Routine,13.3,2026-06-07,168,True,6,1,6,1,23,310,0
REQ-006043,LOC-07,SVC-01,Routine,21.5,2026-06-07,185,True,6,1,6,1,23,310,0
REQ-006044,LOC-07,SVC-03,Urgent,67.9,2026-06-08,26,True,0,0,6,1,24,311,0
REQ-006046,LOC-08,SVC-03,Routine,22.9,2026-06-08,218,True,0,0,6,1,24,311,0
REQ-006048,LOC-10,SVC-01,Emergency,87.7,2026-06-08,5,False,0,0,6,1,24,311,1
REQ-006050,LOC-06,SVC-09,Routine,43.1,2026-06-08,185,True,0,0,6,1,24,311,0
REQ-006051,LOC-10,SVC-05,Routine,41.8,2026-06-08,218,True,0,0,6,1,24,311,0
REQ-006052,LOC-07,SVC-05,Urgent,66.8,2026-06-08,26,False,0,0,6,1,24,311,1
REQ-006053,LOC-08,SVC-01,Priority,64.9,2026-06-08,94,True,0,0,6,1,24,311,0
REQ-006054,LOC-10,SVC-01,Urgent,79.8,2026-06-08,31,True,0,0,6,1,24,311,0
REQ-006055,LOC-07,SVC-02,Urgent,88.7,2026-06-08,26,False,0,0,6,1,24,311,1
REQ-006056,LOC-01,SVC-01,Routine,67.4,2026-06-08,168,True,0,0,6,1,24,311,0
REQ-006057,LOC-04,SVC-07,Priority,36.1,2026-06-08,72,True,0,0,6,1,24,311,0
REQ-006058,LOC-03,SVC-06,Routine,43.6,2026-06-08,168,True,0,0,6,1,24,311,0
REQ-006059,LOC-10,SVC-03,Routine,18.3,2026-06-08,218,True,0,0,6,1,24,311,0
REQ-006060,LOC-05,SVC-06,Routine,61.4,2026-06-08,168,True,0,0,6,1,24,311,0
REQ-006062,LOC-08,SVC-07,Routine,44.1,2026-06-08,218,True,0,0,6,1,24,311,0
REQ-006063,LOC-02,SVC-03,Routine,53.2,2026-06-08,168,True,0,0,6,1,24,311,0
REQ-006064,LOC-08,SVC-06,Routine,36.3,2026-06-08,218,True,0,0,6,1,24,311,0
REQ-006065,LOC-04,SVC-07,Emergency,56.8,2026-06-08,4,False,0,0,6,1,24,311,1
REQ-006066,LOC-03,SVC-06,Priority,33.3,2026-06-08,72,True,0,0,6,1,24,311,0
REQ-006067,LOC-03,SVC-02,Routine,35.2,2026-06-08,168,True,0,0,6,1,24,311,0
REQ-006068,LOC-04,SVC-03,Routine,83.3,2026-06-09,168,True,1,0,6,1,24,312,0
REQ-006069,LOC-07,SVC-01,Urgent,48.3,2026-06-09,26,True,1,0,6,1,24,312,0
REQ-006070,LOC-08,SVC-02,Routine,8.3,2026-06-09,218,True,1,0,6,1,24,312,0
REQ-006071,LOC-02,SVC-05,Routine,20.4,2026-06-09,168,True,1,0,6,1,24,312,0
REQ-006072,LOC-10,SVC-01,Routine,45.8,2026-06-09,218,True,1,0,6,1,24,312,0
REQ-006073,LOC-10,SVC-01,Priority,7.9,2026-06-09,94,True,1,0,6,1,24,312,0
REQ-006075,LOC-10,SVC-02,Routine,41.1,2026-06-09,218,True,1,0,6,1,24,312,0
REQ-006076,LOC-04,SVC-01,Routine,10.6,2026-06-09,168,True,1,0,6,1,24,312,0
REQ-006077,LOC-03,SVC-07,Routine,60.4,2026-06-09,168,True,1,0,6,1,24,312,0
REQ-006078,LOC-07,SVC-04,Routine,71.6,2026-06-09,185,True,1,0,6,1,24,312,0
REQ-006079,LOC-07,SVC-04,Priority,32.4,2026-06-09,79,True,1,0,6,1,24,312,0
REQ-006080,LOC-05,SVC-07,Urgent,53.0,2026-06-09,24,True,1,0,6,1,24,312,0
REQ-006081,LOC-02,SVC-04,Priority,64.8,2026-06-09,72,True,1,0,6,1,24,312,0
REQ-006082,LOC-07,SVC-04,Routine,12.3,2026-06-09,185,True,1,0,6,1,24,312,0
REQ-006083,LOC-04,SVC-04,Routine,8.4,2026-06-09,168,True,1,0,6,1,24,312,0
REQ-006084,LOC-07,SVC-03,Routine,10.2,2026-06-09,185,True,1,0,6,1,24,312,0
REQ-006085,LOC-10,SVC-09,Routine,19.3,2026-06-09,218,True,1,0,6,1,24,312,0
REQ-006086,LOC-06,SVC-08,Routine,7.8,2026-06-09,185,True,1,0,6,1,24,312,0
REQ-006087,LOC-05,SVC-01,Routine,34.8,2026-06-09,168,True,1,0,6,1,24,312,0
REQ-006088,LOC-05,SVC-01,Routine,34.7,2026-06-09,168,True,1,0,6,1,24,312,0
REQ-006089,LOC-05,SVC-06,Routine,39.4,2026-06-09,168,True,1,0,6,1,24,312,0
REQ-006092,LOC-08,SVC-05,Urgent,38.8,2026-06-09,31,True,1,0,6,1,24,312,0
REQ-006093,LOC-03,SVC-05,Routine,33.6,2026-06-10,168,True,2,0,6,1,24,313,0
REQ-006094,LOC-02,SVC-02,Priority,81.7,2026-06-10,72,True,2,0,6,1,24,313,0
REQ-006095,LOC-06,SVC-04,Urgent,67.9,2026-06-10,26,False,2,0,6,1,24,313,1
REQ-006096,LOC-10,SVC-06,Routine,13.2,2026-06-10,218,True,2,0,6,1,24,313,0
REQ-006097,LOC-07,SVC-01,Routine,13.8,2026-06-10,185,True,2,0,6,1,24,313,0
REQ-006098,LOC-10,SVC-09,Routine,22.4,2026-06-10,218,True,2,0,6,1,24,313,0
REQ-006099,LOC-03,SVC-02,Emergency,41.0,2026-06-10,4,True,2,0,6,1,24,313,0
REQ-006101,LOC-07,SVC-07,Urgent,14.1,2026-06-10,26,True,2,0,6,1,24,313,0
REQ-006102,LOC-07,SVC-04,Priority,45.9,2026-06-10,79,True,2,0,6,1,24,313,0
REQ-006104,LOC-02,SVC-06,Routine,31.7,2026-06-10,168,True,2,0,6,1,24,313,0
REQ-006105,LOC-01,SVC-07,Routine,32.3,2026-06-10,168,True,2,0,6,1,24,313,0
REQ-006106,LOC-07,SVC-02,Routine,16.8,2026-06-10,185,True,2,0,6,1,24,313,0
REQ-006107,LOC-05,SVC-01,Routine,36.3,2026-06-10,168,True,2,0,6,1,24,313,0
REQ-006108,LOC-08,SVC-01,Routine,56.2,2026-06-10,218,True,2,0,6,1,24,313,0
REQ-006109,LOC-10,SVC-02,Urgent,99.0,2026-06-10,31,True,2,0,6,1,24,313,0
REQ-006110,LOC-02,SVC-06,Routine,9.9,2026-06-10,168,True,2,0,6,1,24,313,0
REQ-006111,LOC-06,SVC-05,Routine,25.7,2026-06-10,185,True,2,0,6,1,24,313,0
REQ-006112,LOC-05,SVC-06,Priority,37.4,2026-06-10,72,True,2,0,6,1,24,313,0
REQ-006114,LOC-03,SVC-02,Priority,33.1,2026-06-11,72,True,3,0,6,1,24,314,0
REQ-006115,LOC-10,SVC-03,Priority,25.5,2026-06-11,94,True,3,0,6,1,24,314,0
REQ-006116,LOC-07,SVC-01,Routine,35.0,2026-06-11,185,True,3,0,6,1,24,314,0
REQ-006117,LOC-10,SVC-08,Routine,40.9,2026-06-11,218,True,3,0,6,1,24,314,0
REQ-006118,LOC-10,SVC-01,Priority,81.9,2026-06-11,94,True,3,0,6,1,24,314,0
REQ-006120,LOC-07,SVC-07,Routine,37.9,2026-06-11,185,True,3,0,6,1,24,314,0
REQ-006121,LOC-02,SVC-02,Priority,21.9,2026-06-11,72,True,3,0,6,1,24,314,0
REQ-006123,LOC-01,SVC-07,Priority,42.8,2026-06-11,72,True,3,0,6,1,24,314,0
REQ-006124,LOC-05,SVC-07,Routine,33.7,2026-06-11,168,True,3,0,6,1,24,314,0
REQ-006125,LOC-10,SVC-01,Routine,16.7,2026-06-11,218,True,3,0,6,1,24,314,0
REQ-006126,LOC-03,SVC-05,Routine,16.5,2026-06-11,168,True,3,0,6,1,24,314,0
REQ-006127,LOC-04,SVC-05,Routine,16.3,2026-06-11,168,True,3,0,6,1,24,314,0
REQ-006128,LOC-02,SVC-06,Routine,64.4,2026-06-11,168,True,3,0,6,1,24,314,0
REQ-006129,LOC-05,SVC-01,Urgent,34.4,2026-06-11,24,True,3,0,6,1,24,314,0
REQ-006130,LOC-08,SVC-03,Routine,27.4,2026-06-11,218,True,3,0,6,1,24,314,0
REQ-006131,LOC-01,SVC-03,Priority,34.1,2026-06-11,72,True,3,0,6,1,24,314,0
REQ-006132,LOC-09,SVC-07,Routine,36.9,2026-06-11,218,True,3,0,6,1,24,314,0
REQ-006133,LOC-03,SVC-01,Priority,17.3,2026-06-11,72,True,3,0,6,1,24,314,0
REQ-006134,LOC-08,SVC-01,Urgent,44.1,2026-06-11,31,True,3,0,6,1,24,314,0
REQ-006135,LOC-02,SVC-01,Priority,8.6,2026-06-11,72,True,3,0,6,1,24,314,0
REQ-006136,LOC-08,SVC-04,Routine,17.9,2026-06-11,218,True,3,0,6,1,24,314,0
REQ-006137,LOC-01,SVC-01,Priority,29.8,2026-06-11,72,True,3,0,6,1,24,314,0
REQ-006138,LOC-01,SVC-07,Urgent,91.5,2026-06-11,24,True,3,0,6,1,24,314,0
REQ-006139,LOC-06,SVC-09,Routine,2.8,2026-06-11,185,True,3,0,6,1,24,314,0
REQ-006140,LOC-07,SVC-06,Priority,59.1,2026-06-11,79,True,3,0,6,1,24,314,0
REQ-006141,LOC-10,SVC-01,Routine,9.7,2026-06-11,218,True,3,0,6,1,24,314,0
REQ-006143,LOC-08,SVC-08,Routine,43.2,2026-06-11,218,True,3,0,6,1,24,314,0
REQ-006144,LOC-06,SVC-09,Emergency,90.2,2026-06-11,4,False,3,0,6,1,24,314,1
REQ-006145,LOC-02,SVC-08,Priority,63.0,2026-06-11,72,True,3,0,6,1,24,314,0
REQ-006146,LOC-03,SVC-04,Emergency,35.7,2026-06-11,4,False,3,0,6,1,24,314,1
REQ-006147,LOC-05,SVC-01,Routine,41.7,2026-06-11,168,True,3,0,6,1,24,314,0
REQ-006148,LOC-01,SVC-04,Priority,40.6,2026-06-11,72,True,3,0,6,1,24,314,0
REQ-006149,LOC-07,SVC-04,Routine,27.5,2026-06-12,185,True,4,0,6,1,24,315,0
REQ-006150,LOC-06,SVC-01,Priority,14.1,2026-06-12,79,True,4,0,6,1,24,315,0
REQ-006151,LOC-07,SVC-01,Routine,12.4,2026-06-12,185,True,4,0,6,1,24,315,0
REQ-006152,LOC-07,SVC-05,Priority,13.4,2026-06-12,79,True,4,0,6,1,24,315,0
REQ-006153,LOC-05,SVC-05,Routine,39.5,2026-06-12,168,True,4,0,6,1,24,315,0
REQ-006154,LOC-06,SVC-04,Routine,83.6,2026-06-12,185,True,4,0,6,1,24,315,0
REQ-006156,LOC-03,SVC-02,Priority,32.4,2026-06-12,72,True,4,0,6,1,24,315,0
REQ-006157,LOC-02,SVC-04,Emergency,65.6,2026-06-12,4,False,4,0,6,1,24,315,1
REQ-006158,LOC-07,SVC-08,Priority,15.5,2026-06-12,79,True,4,0,6,1,24,315,0
REQ-006159,LOC-05,SVC-08,Routine,40.1,2026-06-12,168,True,4,0,6,1,24,315,0
REQ-006160,LOC-06,SVC-07,Priority,40.2,2026-06-12,79,True,4,0,6,1,24,315,0
REQ-006161,LOC-01,SVC-05,Urgent,40.4,2026-06-12,24,True,4,0,6,1,24,315,0
REQ-006162,LOC-03,SVC-09,Routine,29.9,2026-06-12,168,True,4,0,6,1,24,315,0
REQ-006164,LOC-02,SVC-01,Routine,62.4,2026-06-12,168,True,4,0,6,1,24,315,0
REQ-006165,LOC-06,SVC-07,Routine,38.3,2026-06-12,185,True,4,0,6,1,24,315,0
REQ-006167,LOC-08,SVC-04,Routine,12.2,2026-06-12,218,True,4,0,6,1,24,315,0
REQ-006168,LOC-10,SVC-03,Routine,32.1,2026-06-12,218,True,4,0,6,1,24,315,0
REQ-006169,LOC-02,SVC-06,Priority,61.2,2026-06-12,72,True,4,0,6,1,24,315,0
REQ-006170,LOC-08,SVC-02,Routine,63.9,2026-06-12,218,True,4,0,6,1,24,315,0
REQ-006171,LOC-05,SVC-05,Priority,83.7,2026-06-12,72,True,4,0,6,1,24,315,0
REQ-006172,LOC-08,SVC-08,Urgent,57.9,2026-06-12,31,False,4,0,6,1,24,315,1
REQ-006173,LOC-06,SVC-08,Routine,9.2,2026-06-12,185,True,4,0,6,1,24,315,0
REQ-006174,LOC-05,SVC-04,Priority,50.3,2026-06-12,72,True,4,0,6,1,24,315,0
REQ-006175,LOC-07,SVC-03,Urgent,88.0,2026-06-12,26,False,4,0,6,1,24,315,1
REQ-006176,LOC-10,SVC-07,Priority,65.1,2026-06-12,94,True,4,0,6,1,24,315,0
REQ-006178,LOC-10,SVC-01,Priority,16.0,2026-06-12,94,True,4,0,6,1,24,315,0
REQ-006179,LOC-05,SVC-09,Routine,20.4,2026-06-13,168,True,5,1,6,1,24,316,0
REQ-006180,LOC-06,SVC-01,Routine,37.8,2026-06-13,185,True,5,1,6,1,24,316,0
REQ-006181,LOC-06,SVC-04,Priority,35.9,2026-06-13,79,True,5,1,6,1,24,316,0
REQ-006183,LOC-10,SVC-02,Priority,97.1,2026-06-13,94,True,5,1,6,1,24,316,0
REQ-006184,LOC-03,SVC-01,Routine,13.7,2026-06-13,168,True,5,1,6,1,24,316,0
REQ-006185,LOC-03,SVC-09,Routine,36.5,2026-06-13,168,True,5,1,6,1,24,316,0
REQ-006186,LOC-01,SVC-02,Routine,15.9,2026-06-13,168,True,5,1,6,1,24,316,0
REQ-006187,LOC-07,SVC-07,Routine,23.4,2026-06-13,185,True,5,1,6,1,24,316,0
REQ-006188,LOC-01,SVC-05,Routine,58.2,2026-06-13,168,True,5,1,6,1,24,316,0
REQ-006189,LOC-08,SVC-01,Priority,41.9,2026-06-13,94,True,5,1,6,1,24,316,0
REQ-006190,LOC-01,SVC-03,Urgent,62.7,2026-06-13,24,True,5,1,6,1,24,316,0
REQ-006191,LOC-09,SVC-05,Urgent,5.1,2026-06-13,31,True,5,1,6,1,24,316,0
REQ-006192,LOC-03,SVC-02,Routine,35.9,2026-06-14,168,True,6,1,6,1,24,317,0
REQ-006193,LOC-02,SVC-01,Priority,33.3,2026-06-14,72,True,6,1,6,1,24,317,0
REQ-006194,LOC-01,SVC-05,Routine,55.8,2026-06-14,168,True,6,1,6,1,24,317,0
REQ-006195,LOC-06,SVC-04,Routine,70.2,2026-06-14,185,True,6,1,6,1,24,317,0
REQ-006196,LOC-04,SVC-07,Urgent,30.8,2026-06-14,24,True,6,1,6,1,24,317,0
REQ-006197,LOC-06,SVC-06,Routine,40.7,2026-06-14,185,True,6,1,6,1,24,317,0
REQ-006199,LOC-02,SVC-01,Urgent,50.8,2026-06-14,24,True,6,1,6,1,24,317,0
REQ-006200,LOC-04,SVC-06,Emergency,31.4,2026-06-14,4,False,6,1,6,1,24,317,1
REQ-006201,LOC-08,SVC-05,Priority,67.3,2026-06-14,94,True,6,1,6,1,24,317,0
REQ-006202,LOC-01,SVC-02,Priority,23.5,2026-06-14,72,True,6,1,6,1,24,317,0
REQ-006203,LOC-08,SVC-03,Routine,23.7,2026-06-14,218,True,6,1,6,1,24,317,0
REQ-006204,LOC-09,SVC-07,Routine,27.2,2026-06-15,218,True,0,0,6,1,25,318,0
REQ-006205,LOC-10,SVC-04,Priority,96.1,2026-06-15,94,True,0,0,6,1,25,318,0
REQ-006206,LOC-06,SVC-01,Routine,42.2,2026-06-15,185,True,0,0,6,1,25,318,0
REQ-006207,LOC-09,SVC-06,Routine,16.9,2026-06-15,218,True,0,0,6,1,25,318,0
REQ-006208,LOC-06,SVC-04,Routine,15.8,2026-06-15,185,True,0,0,6,1,25,318,0
REQ-006209,LOC-07,SVC-06,Routine,35.0,2026-06-15,185,True,0,0,6,1,25,318,0
REQ-006210,LOC-10,SVC-01,Routine,12.3,2026-06-15,218,True,0,0,6,1,25,318,0
REQ-006211,LOC-08,SVC-02,Urgent,65.4,2026-06-15,31,True,0,0,6,1,25,318,0
REQ-006212,LOC-02,SVC-03,Priority,60.8,2026-06-15,72,True,0,0,6,1,25,318,0
REQ-006213,LOC-07,SVC-05,Routine,19.4,2026-06-15,185,True,0,0,6,1,25,318,0
REQ-006214,LOC-10,SVC-06,Routine,12.2,2026-06-15,218,True,0,0,6,1,25,318,0
REQ-006216,LOC-03,SVC-01,Routine,19.1,2026-06-15,168,True,0,0,6,1,25,318,0
REQ-006217,LOC-02,SVC-01,Routine,11.0,2026-06-15,168,True,0,0,6,1,25,318,0
REQ-006218,LOC-05,SVC-06,Priority,29.4,2026-06-15,72,True,0,0,6,1,25,318,0
REQ-006220,LOC-07,SVC-01,Emergency,37.0,2026-06-15,4,False,0,0,6,1,25,318,1
REQ-006221,LOC-03,SVC-01,Routine,65.7,2026-06-15,168,True,0,0,6,1,25,318,0
REQ-006222,LOC-07,SVC-01,Priority,38.0,2026-06-15,79,True,0,0,6,1,25,318,0
REQ-006223,LOC-07,SVC-03,Routine,23.1,2026-06-15,185,True,0,0,6,1,25,318,0
REQ-006224,LOC-02,SVC-08,Priority,28.4,2026-06-15,72,True,0,0,6,1,25,318,0
REQ-006225,LOC-10,SVC-06,Priority,31.8,2026-06-15,94,True,0,0,6,1,25,318,0
REQ-006226,LOC-05,SVC-05,Routine,39.2,2026-06-16,168,True,1,0,6,1,25,319,0
REQ-006227,LOC-06,SVC-03,Priority,66.5,2026-06-16,79,True,1,0,6,1,25,319,0
REQ-006228,LOC-07,SVC-07,Routine,34.8,2026-06-16,185,True,1,0,6,1,25,319,0
REQ-006229,LOC-07,SVC-07,Priority,19.5,2026-06-16,79,True,1,0,6,1,25,319,0
REQ-006230,LOC-09,SVC-01,Routine,12.2,2026-06-16,218,True,1,0,6,1,25,319,0
REQ-006231,LOC-10,SVC-02,Urgent,30.4,2026-06-16,31,False,1,0,6,1,25,319,1
REQ-006232,LOC-01,SVC-01,Routine,57.4,2026-06-16,168,True,1,0,6,1,25,319,0
REQ-006235,LOC-06,SVC-01,Routine,5.2,2026-06-16,185,True,1,0,6,1,25,319,0
REQ-006236,LOC-10,SVC-05,Priority,39.0,2026-06-16,94,True,1,0,6,1,25,319,0
REQ-006237,LOC-06,SVC-06,Urgent,70.1,2026-06-16,26,False,1,0,6,1,25,319,1
REQ-006238,LOC-02,SVC-04,Priority,85.2,2026-06-16,72,True,1,0,6,1,25,319,0
REQ-006239,LOC-07,SVC-06,Priority,41.4,2026-06-16,79,True,1,0,6,1,25,319,0
REQ-006240,LOC-01,SVC-06,Priority,10.2,2026-06-16,72,True,1,0,6,1,25,319,0
REQ-006242,LOC-06,SVC-06,Routine,40.9,2026-06-16,185,True,1,0,6,1,25,319,0
REQ-006243,LOC-03,SVC-01,Urgent,39.9,2026-06-16,24,True,1,0,6,1,25,319,0
REQ-006244,LOC-10,SVC-07,Routine,7.1,2026-06-16,218,True,1,0,6,1,25,319,0
REQ-006245,LOC-01,SVC-03,Routine,45.6,2026-06-16,168,True,1,0,6,1,25,319,0
REQ-006246,LOC-05,SVC-01,Routine,32.8,2026-06-16,168,True,1,0,6,1,25,319,0
REQ-006247,LOC-10,SVC-01,Routine,15.7,2026-06-16,218,True,1,0,6,1,25,319,0
REQ-006248,LOC-04,SVC-01,Priority,7.9,2026-06-16,72,True,1,0,6,1,25,319,0
REQ-006249,LOC-07,SVC-05,Routine,36.3,2026-06-16,185,True,1,0,6,1,25,319,0
REQ-006250,LOC-01,SVC-01,Urgent,63.8,2026-06-16,24,False,1,0,6,1,25,319,1
REQ-006251,LOC-07,SVC-02,Priority,9.9,2026-06-16,79,True,1,0,6,1,25,319,0
REQ-006253,LOC-05,SVC-02,Urgent,60.7,2026-06-16,24,True,1,0,6,1,25,319,0
REQ-006254,LOC-04,SVC-06,Emergency,33.9,2026-06-16,4,False,1,0,6,1,25,319,1
REQ-006255,LOC-09,SVC-04,Urgent,24.0,2026-06-16,31,True,1,0,6,1,25,319,0
REQ-006256,LOC-07,SVC-02,Routine,60.0,2026-06-16,185,True,1,0,6,1,25,319,0
REQ-006257,LOC-02,SVC-02,Routine,72.4,2026-06-16,168,True,1,0,6,1,25,319,0
REQ-006258,LOC-04,SVC-05,Urgent,93.2,2026-06-16,24,True,1,0,6,1,25,319,0
REQ-006259,LOC-10,SVC-05,Urgent,43.5,2026-06-16,31,True,1,0,6,1,25,319,0
REQ-006260,LOC-09,SVC-02,Priority,44.5,2026-06-16,94,True,1,0,6,1,25,319,0
REQ-006261,LOC-10,SVC-07,Priority,59.9,2026-06-16,94,True,1,0,6,1,25,319,0
REQ-006262,LOC-05,SVC-03,Routine,35.8,2026-06-16,168,True,1,0,6,1,25,319,0
REQ-006263,LOC-10,SVC-01,Routine,12.8,2026-06-16,218,True,1,0,6,1,25,319,0
REQ-006264,LOC-10,SVC-06,Routine,11.0,2026-06-16,218,True,1,0,6,1,25,319,0
REQ-006265,LOC-02,SVC-01,Urgent,42.6,2026-06-16,24,True,1,0,6,1,25,319,0
REQ-006266,LOC-01,SVC-01,Priority,37.2,2026-06-17,72,True,2,0,6,1,25,320,0
REQ-006267,LOC-01,SVC-01,Routine,52.4,2026-06-17,168,True,2,0,6,1,25,320,0
REQ-006268,LOC-07,SVC-04,Routine,37.2,2026-06-17,185,True,2,0,6,1,25,320,0
REQ-006269,LOC-08,SVC-04,Routine,57.2,2026-06-17,218,True,2,0,6,1,25,320,0
REQ-006270,LOC-01,SVC-01,Priority,37.8,2026-06-17,72,True,2,0,6,1,25,320,0
REQ-006271,LOC-05,SVC-08,Priority,59.6,2026-06-17,72,True,2,0,6,1,25,320,0
REQ-006272,LOC-08,SVC-06,Urgent,40.5,2026-06-17,31,True,2,0,6,1,25,320,0
REQ-006273,LOC-09,SVC-01,Priority,42.5,2026-06-17,94,True,2,0,6,1,25,320,0
REQ-006274,LOC-09,SVC-03,Urgent,40.6,2026-06-17,31,False,2,0,6,1,25,320,1
REQ-006276,LOC-10,SVC-07,Priority,34.7,2026-06-17,94,True,2,0,6,1,25,320,0
REQ-006277,LOC-02,SVC-09,Priority,68.8,2026-06-17,72,False,2,0,6,1,25,320,1
REQ-006278,LOC-03,SVC-07,Routine,12.4,2026-06-17,168,True,2,0,6,1,25,320,0
REQ-006279,LOC-05,SVC-05,Routine,39.2,2026-06-17,168,True,2,0,6,1,25,320,0
REQ-006280,LOC-03,SVC-08,Priority,19.6,2026-06-17,72,True,2,0,6,1,25,320,0
REQ-006282,LOC-10,SVC-02,Urgent,79.1,2026-06-17,31,True,2,0,6,1,25,320,0
REQ-006284,LOC-06,SVC-08,Routine,36.3,2026-06-17,185,True,2,0,6,1,25,320,0
REQ-006285,LOC-08,SVC-02,Routine,65.7,2026-06-17,218,True,2,0,6,1,25,320,0
REQ-006286,LOC-07,SVC-03,Routine,9.4,2026-06-17,185,True,2,0,6,1,25,320,0
REQ-006287,LOC-06,SVC-01,Routine,14.5,2026-06-17,185,True,2,0,6,1,25,320,0
REQ-006288,LOC-10,SVC-07,Urgent,78.3,2026-06-17,31,False,2,0,6,1,25,320,1
REQ-006290,LOC-08,SVC-05,Routine,41.7,2026-06-17,218,True,2,0,6,1,25,320,0
REQ-006292,LOC-09,SVC-03,Routine,15.1,2026-06-17,218,True,2,0,6,1,25,320,0
REQ-006293,LOC-08,SVC-02,Priority,12.0,2026-06-17,94,True,2,0,6,1,25,320,0
REQ-006294,LOC-09,SVC-01,Routine,61.4,2026-06-17,218,True,2,0,6,1,25,320,0
REQ-006295,LOC-01,SVC-06,Routine,32.2,2026-06-17,168,True,2,0,6,1,25,320,0
REQ-006296,LOC-04,SVC-08,Routine,16.9,2026-06-17,168,True,2,0,6,1,25,320,0
REQ-006297,LOC-01,SVC-04,Routine,52.8,2026-06-17,168,True,2,0,6,1,25,320,0
REQ-006298,LOC-09,SVC-02,Routine,40.9,2026-06-17,218,True,2,0,6,1,25,320,0
REQ-006299,LOC-09,SVC-05,Priority,13.6,2026-06-17,94,True,2,0,6,1,25,320,0
REQ-006300,LOC-05,SVC-01,Priority,62.3,2026-06-17,72,True,2,0,6,1,25,320,0
REQ-006301,LOC-04,SVC-03,Routine,44.4,2026-06-17,168,True,2,0,6,1,25,320,0
REQ-006302,LOC-08,SVC-05,Urgent,19.5,2026-06-17,31,True,2,0,6,1,25,320,0
REQ-006303,LOC-03,SVC-01,Routine,16.8,2026-06-18,168,True,3,0,6,1,25,321,0
REQ-006304,LOC-05,SVC-01,Routine,21.5,2026-06-18,168,True,3,0,6,1,25,321,0
REQ-006305,LOC-06,SVC-06,Priority,84.3,2026-06-18,79,True,3,0,6,1,25,321,0
REQ-006306,LOC-03,SVC-09,Priority,30.3,2026-06-18,72,True,3,0,6,1,25,321,0
REQ-006307,LOC-07,SVC-04,Routine,16.4,2026-06-18,185,True,3,0,6,1,25,321,0
REQ-006309,LOC-04,SVC-02,Priority,38.3,2026-06-18,72,True,3,0,6,1,25,321,0
REQ-006310,LOC-02,SVC-01,Priority,38.3,2026-06-18,72,True,3,0,6,1,25,321,0
REQ-006311,LOC-01,SVC-06,Routine,36.7,2026-06-18,168,True,3,0,6,1,25,321,0
REQ-006312,LOC-08,SVC-08,Routine,35.8,2026-06-18,218,True,3,0,6,1,25,321,0
REQ-006313,LOC-09,SVC-02,Priority,13.8,2026-06-18,94,True,3,0,6,1,25,321,0
REQ-006314,LOC-01,SVC-06,Routine,7.3,2026-06-18,168,True,3,0,6,1,25,321,0
REQ-006315,LOC-05,SVC-01,Routine,36.3,2026-06-18,168,True,3,0,6,1,25,321,0
REQ-006316,LOC-05,SVC-02,Routine,39.4,2026-06-18,168,True,3,0,6,1,25,321,0
REQ-006317,LOC-02,SVC-06,Priority,26.5,2026-06-18,72,True,3,0,6,1,25,321,0
REQ-006318,LOC-07,SVC-05,Urgent,22.0,2026-06-18,26,True,3,0,6,1,25,321,0
REQ-006319,LOC-07,SVC-09,Priority,20.4,2026-06-18,79,True,3,0,6,1,25,321,0
REQ-006320,LOC-05,SVC-09,Priority,36.8,2026-06-18,72,True,3,0,6,1,25,321,0
REQ-006321,LOC-02,SVC-03,Routine,19.5,2026-06-18,168,True,3,0,6,1,25,321,0
REQ-006322,LOC-01,SVC-08,Priority,53.8,2026-06-18,72,True,3,0,6,1,25,321,0
REQ-006323,LOC-10,SVC-09,Routine,46.4,2026-06-18,218,True,3,0,6,1,25,321,0
REQ-006324,LOC-08,SVC-01,Routine,11.3,2026-06-18,218,True,3,0,6,1,25,321,0
REQ-006325,LOC-07,SVC-06,Routine,56.6,2026-06-18,185,True,3,0,6,1,25,321,0
REQ-006326,LOC-05,SVC-02,Priority,35.7,2026-06-18,72,True,3,0,6,1,25,321,0
REQ-006327,LOC-10,SVC-08,Routine,40.6,2026-06-18,218,True,3,0,6,1,25,321,0
REQ-006328,LOC-05,SVC-05,Priority,44.5,2026-06-18,72,True,3,0,6,1,25,321,0
REQ-006329,LOC-04,SVC-03,Priority,32.6,2026-06-18,72,True,3,0,6,1,25,321,0
REQ-006330,LOC-05,SVC-07,Routine,11.4,2026-06-18,168,True,3,0,6,1,25,321,0
REQ-006331,LOC-04,SVC-01,Routine,56.6,2026-06-19,168,True,4,0,6,1,25,322,0
REQ-006332,LOC-04,SVC-02,Routine,33.8,2026-06-19,168,True,4,0,6,1,25,322,0
REQ-006333,LOC-10,SVC-02,Priority,68.8,2026-06-19,94,True,4,0,6,1,25,322,0
REQ-006335,LOC-05,SVC-03,Routine,27.1,2026-06-19,168,True,4,0,6,1,25,322,0
REQ-006336,LOC-08,SVC-01,Routine,22.4,2026-06-19,218,True,4,0,6,1,25,322,0
REQ-006338,LOC-09,SVC-01,Priority,27.7,2026-06-19,94,True,4,0,6,1,25,322,0
REQ-006340,LOC-03,SVC-02,Priority,21.6,2026-06-19,72,True,4,0,6,1,25,322,0
REQ-006341,LOC-03,SVC-01,Priority,16.7,2026-06-19,72,True,4,0,6,1,25,322,0
REQ-006342,LOC-08,SVC-06,Routine,11.5,2026-06-19,218,True,4,0,6,1,25,322,0
REQ-006343,LOC-09,SVC-09,Priority,58.6,2026-06-19,94,True,4,0,6,1,25,322,0
REQ-006344,LOC-09,SVC-01,Urgent,87.9,2026-06-19,31,False,4,0,6,1,25,322,1
REQ-006345,LOC-01,SVC-07,Priority,9.2,2026-06-19,72,True,4,0,6,1,25,322,0
REQ-006346,LOC-08,SVC-03,Urgent,68.7,2026-06-19,31,True,4,0,6,1,25,322,0
REQ-006347,LOC-03,SVC-02,Urgent,87.3,2026-06-19,24,True,4,0,6,1,25,322,0
REQ-006348,LOC-05,SVC-09,Routine,69.2,2026-06-19,168,True,4,0,6,1,25,322,0
REQ-006349,LOC-01,SVC-06,Routine,36.3,2026-06-19,168,True,4,0,6,1,25,322,0
REQ-006350,LOC-04,SVC-06,Priority,36.3,2026-06-19,72,True,4,0,6,1,25,322,0
REQ-006351,LOC-01,SVC-02,Routine,45.1,2026-06-19,168,True,4,0,6,1,25,322,0
REQ-006352,LOC-09,SVC-04,Routine,31.1,2026-06-19,218,True,4,0,6,1,25,322,0
REQ-006353,LOC-07,SVC-03,Priority,67.9,2026-06-19,79,True,4,0,6,1,25,322,0
REQ-006354,LOC-10,SVC-07,Routine,16.1,2026-06-19,218,True,4,0,6,1,25,322,0
REQ-006355,LOC-07,SVC-05,Routine,13.7,2026-06-19,185,True,4,0,6,1,25,322,0
REQ-006356,LOC-02,SVC-07,Priority,89.0,2026-06-19,72,True,4,0,6,1,25,322,0
REQ-006357,LOC-02,SVC-06,Priority,66.7,2026-06-19,72,True,4,0,6,1,25,322,0
REQ-006358,LOC-04,SVC-05,Routine,16.0,2026-06-19,168,True,4,0,6,1,25,322,0
REQ-006359,LOC-07,SVC-08,Routine,37.3,2026-06-19,185,True,4,0,6,1,25,322,0
REQ-006360,LOC-02,SVC-05,Routine,48.0,2026-06-19,168,True,4,0,6,1,25,322,0
REQ-006361,LOC-09,SVC-03,Priority,17.5,2026-06-19,94,True,4,0,6,1,25,322,0
REQ-006363,LOC-02,SVC-03,Routine,41.0,2026-06-19,168,True,4,0,6,1,25,322,0
REQ-006364,LOC-01,SVC-08,Emergency,83.0,2026-06-19,4,True,4,0,6,1,25,322,0
REQ-006366,LOC-10,SVC-07,Priority,57.9,2026-06-20,94,True,5,1,6,1,25,323,0
REQ-006367,LOC-04,SVC-01,Priority,33.0,2026-06-20,72,True,5,1,6,1,25,323,0
REQ-006368,LOC-05,SVC-01,Priority,40.6,2026-06-20,72,True,5,1,6,1,25,323,0
REQ-006369,LOC-08,SVC-03,Priority,13.3,2026-06-20,94,True,5,1,6,1,25,323,0
REQ-006370,LOC-05,SVC-03,Routine,42.0,2026-06-20,168,True,5,1,6,1,25,323,0
REQ-006371,LOC-04,SVC-01,Routine,40.2,2026-06-20,168,True,5,1,6,1,25,323,0
REQ-006372,LOC-10,SVC-02,Emergency,46.9,2026-06-20,5,False,5,1,6,1,25,323,1
REQ-006373,LOC-02,SVC-02,Priority,87.4,2026-06-20,72,True,5,1,6,1,25,323,0
REQ-006375,LOC-07,SVC-07,Priority,43.8,2026-06-21,79,True,6,1,6,1,25,324,0
REQ-006377,LOC-10,SVC-01,Urgent,83.2,2026-06-21,31,False,6,1,6,1,25,324,1
REQ-006378,LOC-03,SVC-04,Routine,49.1,2026-06-21,168,True,6,1,6,1,25,324,0
REQ-006379,LOC-02,SVC-03,Priority,90.7,2026-06-21,72,False,6,1,6,1,25,324,1
REQ-006381,LOC-10,SVC-08,Routine,36.3,2026-06-21,218,True,6,1,6,1,25,324,0
REQ-006382,LOC-03,SVC-02,Priority,27.2,2026-06-21,72,True,6,1,6,1,25,324,0
REQ-006383,LOC-08,SVC-01,Routine,41.2,2026-06-21,218,True,6,1,6,1,25,324,0
REQ-006384,LOC-06,SVC-02,Priority,40.7,2026-06-21,79,True,6,1,6,1,25,324,0
REQ-006385,LOC-10,SVC-02,Routine,6.0,2026-06-21,218,True,6,1,6,1,25,324,0
REQ-006386,LOC-04,SVC-05,Routine,37.8,2026-06-22,168,True,0,0,6,1,26,325,0
REQ-006387,LOC-03,SVC-06,Priority,15.5,2026-06-22,72,True,0,0,6,1,26,325,0
REQ-006389,LOC-03,SVC-02,Routine,28.5,2026-06-22,168,True,0,0,6,1,26,325,0
REQ-006390,LOC-03,SVC-06,Priority,34.3,2026-06-22,72,True,0,0,6,1,26,325,0
REQ-006391,LOC-10,SVC-05,Routine,50.3,2026-06-22,218,True,0,0,6,1,26,325,0
REQ-006393,LOC-07,SVC-04,Routine,41.9,2026-06-22,185,True,0,0,6,1,26,325,0
REQ-006395,LOC-07,SVC-07,Routine,50.0,2026-06-22,185,True,0,0,6,1,26,325,0
REQ-006396,LOC-06,SVC-02,Priority,72.1,2026-06-22,79,True,0,0,6,1,26,325,0
REQ-006397,LOC-08,SVC-05,Routine,11.6,2026-06-22,218,True,0,0,6,1,26,325,0
REQ-006399,LOC-03,SVC-01,Urgent,76.0,2026-06-22,24,False,0,0,6,1,26,325,1
REQ-006400,LOC-03,SVC-08,Priority,34.1,2026-06-22,72,True,0,0,6,1,26,325,0
REQ-006401,LOC-01,SVC-08,Routine,33.7,2026-06-22,168,True,0,0,6,1,26,325,0
REQ-006402,LOC-04,SVC-05,Priority,62.1,2026-06-22,72,True,0,0,6,1,26,325,0
REQ-006403,LOC-10,SVC-01,Priority,16.7,2026-06-22,94,True,0,0,6,1,26,325,0
REQ-006404,LOC-03,SVC-01,Urgent,86.2,2026-06-22,24,True,0,0,6,1,26,325,0
REQ-006405,LOC-08,SVC-05,Routine,15.0,2026-06-22,218,True,0,0,6,1,26,325,0
REQ-006406,LOC-08,SVC-03,Routine,55.0,2026-06-22,218,True,0,0,6,1,26,325,0
REQ-006408,LOC-01,SVC-03,Routine,89.5,2026-06-23,168,True,1,0,6,1,26,326,0
REQ-006409,LOC-07,SVC-01,Priority,34.8,2026-06-23,79,True,1,0,6,1,26,326,0
REQ-006410,LOC-03,SVC-01,Routine,21.3,2026-06-23,168,True,1,0,6,1,26,326,0
REQ-006411,LOC-06,SVC-05,Routine,17.1,2026-06-23,185,True,1,0,6,1,26,326,0
REQ-006412,LOC-03,SVC-05,Routine,18.0,2026-06-23,168,True,1,0,6,1,26,326,0
REQ-006413,LOC-05,SVC-01,Routine,20.1,2026-06-23,168,True,1,0,6,1,26,326,0
REQ-006414,LOC-09,SVC-04,Routine,11.4,2026-06-23,218,True,1,0,6,1,26,326,0
REQ-006415,LOC-08,SVC-01,Priority,13.7,2026-06-23,94,True,1,0,6,1,26,326,0
REQ-006416,LOC-04,SVC-08,Routine,36.3,2026-06-23,168,True,1,0,6,1,26,326,0
REQ-006417,LOC-07,SVC-01,Routine,64.4,2026-06-23,185,True,1,0,6,1,26,326,0
REQ-006418,LOC-04,SVC-01,Priority,9.1,2026-06-23,72,True,1,0,6,1,26,326,0
REQ-006419,LOC-07,SVC-05,Routine,12.1,2026-06-23,185,True,1,0,6,1,26,326,0
REQ-006420,LOC-02,SVC-05,Routine,62.3,2026-06-23,168,True,1,0,6,1,26,326,0
REQ-006422,LOC-03,SVC-04,Priority,37.0,2026-06-23,72,True,1,0,6,1,26,326,0
REQ-006423,LOC-04,SVC-03,Routine,8.4,2026-06-23,168,True,1,0,6,1,26,326,0
REQ-006424,LOC-03,SVC-01,Emergency,59.8,2026-06-23,4,True,1,0,6,1,26,326,0
REQ-006425,LOC-02,SVC-01,Urgent,40.2,2026-06-23,24,True,1,0,6,1,26,326,0
REQ-006426,LOC-08,SVC-01,Routine,15.8,2026-06-23,218,True,1,0,6,1,26,326,0
REQ-006427,LOC-05,SVC-04,Priority,60.2,2026-06-23,72,True,1,0,6,1,26,326,0
REQ-006428,LOC-02,SVC-02,Urgent,83.9,2026-06-23,24,True,1,0,6,1,26,326,0
REQ-006429,LOC-01,SVC-01,Priority,89.1,2026-06-23,72,True,1,0,6,1,26,326,0
REQ-006430,LOC-04,SVC-05,Routine,53.1,2026-06-23,168,True,1,0,6,1,26,326,0
REQ-006431,LOC-06,SVC-04,Routine,36.3,2026-06-23,185,True,1,0,6,1,26,326,0
REQ-006432,LOC-01,SVC-04,Routine,44.6,2026-06-23,168,True,1,0,6,1,26,326,0
REQ-006433,LOC-08,SVC-01,Routine,39.1,2026-06-23,218,True,1,0,6,1,26,326,0
REQ-006434,LOC-06,SVC-01,Routine,23.2,2026-06-24,185,True,2,0,6,1,26,327,0
REQ-006435,LOC-10,SVC-01,Routine,31.2,2026-06-24,218,True,2,0,6,1,26,327,0
REQ-006436,LOC-04,SVC-03,Urgent,15.3,2026-06-24,24,True,2,0,6,1,26,327,0
REQ-006437,LOC-08,SVC-01,Urgent,21.5,2026-06-24,31,True,2,0,6,1,26,327,0
REQ-006438,LOC-01,SVC-01,Urgent,33.0,2026-06-24,24,True,2,0,6,1,26,327,0
REQ-006439,LOC-09,SVC-02,Routine,31.1,2026-06-24,218,True,2,0,6,1,26,327,0
REQ-006440,LOC-03,SVC-01,Routine,37.2,2026-06-24,168,True,2,0,6,1,26,327,0
REQ-006441,LOC-05,SVC-09,Priority,61.0,2026-06-24,72,True,2,0,6,1,26,327,0
REQ-006442,LOC-05,SVC-05,Emergency,51.3,2026-06-24,4,False,2,0,6,1,26,327,1
REQ-006443,LOC-03,SVC-08,Routine,18.5,2026-06-24,168,True,2,0,6,1,26,327,0
REQ-006444,LOC-01,SVC-01,Routine,38.3,2026-06-24,168,True,2,0,6,1,26,327,0
REQ-006445,LOC-10,SVC-05,Routine,6.1,2026-06-24,218,True,2,0,6,1,26,327,0
REQ-006446,LOC-09,SVC-05,Routine,12.0,2026-06-24,218,True,2,0,6,1,26,327,0
REQ-006448,LOC-08,SVC-02,Routine,11.6,2026-06-24,218,True,2,0,6,1,26,327,0
REQ-006449,LOC-06,SVC-05,Urgent,58.4,2026-06-24,26,False,2,0,6,1,26,327,1
REQ-006450,LOC-07,SVC-03,Routine,5.8,2026-06-24,185,True,2,0,6,1,26,327,0
REQ-006451,LOC-01,SVC-01,Priority,19.8,2026-06-24,72,True,2,0,6,1,26,327,0
REQ-006452,LOC-07,SVC-01,Priority,32.1,2026-06-24,79,True,2,0,6,1,26,327,0
REQ-006453,LOC-09,SVC-01,Priority,58.5,2026-06-24,94,True,2,0,6,1,26,327,0
REQ-006454,LOC-10,SVC-05,Urgent,36.8,2026-06-24,31,True,2,0,6,1,26,327,0
REQ-006455,LOC-02,SVC-02,Routine,67.0,2026-06-24,168,True,2,0,6,1,26,327,0
REQ-006457,LOC-03,SVC-02,Routine,33.0,2026-06-24,168,True,2,0,6,1,26,327,0
REQ-006458,LOC-01,SVC-07,Priority,52.8,2026-06-24,72,True,2,0,6,1,26,327,0
REQ-006459,LOC-06,SVC-05,Routine,66.2,2026-06-24,185,True,2,0,6,1,26,327,0
REQ-006460,LOC-05,SVC-05,Urgent,30.6,2026-06-24,24,False,2,0,6,1,26,327,1
REQ-006461,LOC-02,SVC-01,Priority,41.3,2026-06-25,72,True,3,0,6,1,26,328,0
REQ-006462,LOC-02,SVC-04,Routine,34.4,2026-06-25,168,True,3,0,6,1,26,328,0
REQ-006463,LOC-03,SVC-03,Routine,40.6,2026-06-25,168,True,3,0,6,1,26,328,0
REQ-006464,LOC-04,SVC-06,Routine,36.7,2026-06-25,168,True,3,0,6,1,26,328,0
REQ-006465,LOC-02,SVC-02,Urgent,93.8,2026-06-25,24,True,3,0,6,1,26,328,0
REQ-006466,LOC-08,SVC-01,Priority,54.2,2026-06-25,94,True,3,0,6,1,26,328,0
REQ-006467,LOC-06,SVC-03,Routine,42.4,2026-06-25,185,True,3,0,6,1,26,328,0
REQ-006468,LOC-07,SVC-01,Routine,34.1,2026-06-25,185,True,3,0,6,1,26,328,0
REQ-006470,LOC-03,SVC-05,Routine,64.3,2026-06-25,168,True,3,0,6,1,26,328,0
REQ-006471,LOC-02,SVC-06,Routine,36.8,2026-06-25,168,True,3,0,6,1,26,328,0
REQ-006472,LOC-10,SVC-02,Priority,8.0,2026-06-25,94,True,3,0,6,1,26,328,0
REQ-006473,LOC-04,SVC-05,Priority,81.8,2026-06-25,72,True,3,0,6,1,26,328,0
REQ-006474,LOC-05,SVC-01,Routine,39.8,2026-06-25,168,True,3,0,6,1,26,328,0
REQ-006475,LOC-07,SVC-09,Routine,58.8,2026-06-25,185,True,3,0,6,1,26,328,0
REQ-006477,LOC-05,SVC-06,Emergency,91.8,2026-06-25,4,False,3,0,6,1,26,328,1
REQ-006478,LOC-02,SVC-01,Routine,32.6,2026-06-25,168,True,3,0,6,1,26,328,0
REQ-006479,LOC-07,SVC-01,Urgent,38.5,2026-06-25,26,False,3,0,6,1,26,328,1
REQ-006480,LOC-03,SVC-07,Routine,38.8,2026-06-25,168,True,3,0,6,1,26,328,0
REQ-006481,LOC-08,SVC-02,Priority,48.1,2026-06-25,94,True,3,0,6,1,26,328,0
REQ-006482,LOC-04,SVC-05,Priority,32.9,2026-06-25,72,True,3,0,6,1,26,328,0
REQ-006483,LOC-08,SVC-02,Routine,37.6,2026-06-25,218,True,3,0,6,1,26,328,0
REQ-006484,LOC-06,SVC-05,Routine,62.9,2026-06-25,185,True,3,0,6,1,26,328,0
REQ-006485,LOC-03,SVC-01,Priority,74.6,2026-06-25,72,True,3,0,6,1,26,328,0
REQ-006487,LOC-01,SVC-07,Priority,36.2,2026-06-25,72,True,3,0,6,1,26,328,0
REQ-006488,LOC-08,SVC-05,Routine,38.0,2026-06-25,218,True,3,0,6,1,26,328,0
REQ-006489,LOC-10,SVC-08,Priority,40.0,2026-06-25,94,True,3,0,6,1,26,328,0
REQ-006490,LOC-07,SVC-09,Urgent,63.6,2026-06-25,26,True,3,0,6,1,26,328,0
REQ-006491,LOC-08,SVC-09,Urgent,36.6,2026-06-25,31,True,3,0,6,1,26,328,0
REQ-006492,LOC-10,SVC-02,Emergency,41.0,2026-06-25,5,False,3,0,6,1,26,328,1
REQ-006494,LOC-04,SVC-05,Routine,15.4,2026-06-25,168,True,3,0,6,1,26,328,0
REQ-006495,LOC-10,SVC-01,Routine,4.2,2026-06-26,218,True,4,0,6,1,26,329,0
REQ-006496,LOC-07,SVC-08,Priority,9.8,2026-06-26,79,True,4,0,6,1,26,329,0
REQ-006497,LOC-07,SVC-09,Routine,59.0,2026-06-26,185,True,4,0,6,1,26,329,0
REQ-006498,LOC-04,SVC-01,Routine,7.2,2026-06-26,168,True,4,0,6,1,26,329,0
REQ-006500,LOC-10,SVC-01,Priority,6.6,2026-06-26,94,True,4,0,6,1,26,329,0
REQ-006501,LOC-06,SVC-04,Routine,22.1,2026-06-26,185,True,4,0,6,1,26,329,0
REQ-006502,LOC-07,SVC-04,Urgent,58.8,2026-06-26,26,True,4,0,6,1,26,329,0
REQ-006504,LOC-07,SVC-01,Routine,61.3,2026-06-26,185,True,4,0,6,1,26,329,0
REQ-006505,LOC-10,SVC-08,Routine,12.7,2026-06-26,218,True,4,0,6,1,26,329,0
REQ-006506,LOC-04,SVC-01,Routine,16.0,2026-06-26,168,True,4,0,6,1,26,329,0
REQ-006507,LOC-04,SVC-01,Urgent,67.0,2026-06-26,24,True,4,0,6,1,26,329,0
REQ-006508,LOC-07,SVC-01,Priority,40.5,2026-06-26,79,True,4,0,6,1,26,329,0
REQ-006510,LOC-03,SVC-02,Priority,18.8,2026-06-26,72,True,4,0,6,1,26,329,0
REQ-006511,LOC-07,SVC-03,Routine,36.3,2026-06-26,185,True,4,0,6,1,26,329,0
REQ-006512,LOC-03,SVC-03,Routine,8.4,2026-06-26,168,True,4,0,6,1,26,329,0
REQ-006513,LOC-10,SVC-04,Emergency,85.5,2026-06-26,5,False,4,0,6,1,26,329,1
REQ-006514,LOC-04,SVC-04,Priority,30.7,2026-06-26,72,True,4,0,6,1,26,329,0
REQ-006515,LOC-04,SVC-05,Routine,54.4,2026-06-26,168,True,4,0,6,1,26,329,0
REQ-006516,LOC-10,SVC-05,Urgent,66.0,2026-06-26,31,True,4,0,6,1,26,329,0
REQ-006518,LOC-09,SVC-06,Routine,63.1,2026-06-26,218,True,4,0,6,1,26,329,0
REQ-006520,LOC-06,SVC-01,Routine,30.1,2026-06-27,185,True,5,1,6,1,26,330,0
REQ-006521,LOC-06,SVC-03,Priority,38.7,2026-06-27,79,True,5,1,6,1,26,330,0
REQ-006522,LOC-05,SVC-06,Routine,33.0,2026-06-27,168,True,5,1,6,1,26,330,0
REQ-006523,LOC-01,SVC-03,Emergency,92.4,2026-06-27,4,False,5,1,6,1,26,330,1
REQ-006524,LOC-10,SVC-09,Routine,47.0,2026-06-27,218,True,5,1,6,1,26,330,0
REQ-006525,LOC-10,SVC-09,Priority,71.1,2026-06-27,94,True,5,1,6,1,26,330,0
REQ-006526,LOC-04,SVC-08,Routine,34.7,2026-06-27,168,True,5,1,6,1,26,330,0
REQ-006527,LOC-10,SVC-09,Priority,36.6,2026-06-27,94,True,5,1,6,1,26,330,0
REQ-006528,LOC-03,SVC-08,Priority,79.6,2026-06-27,72,True,5,1,6,1,26,330,0
REQ-006531,LOC-05,SVC-01,Priority,45.4,2026-06-27,72,True,5,1,6,1,26,330,0
REQ-006532,LOC-09,SVC-01,Urgent,61.2,2026-06-27,31,True,5,1,6,1,26,330,0
REQ-006533,LOC-07,SVC-05,Urgent,63.4,2026-06-27,26,True,5,1,6,1,26,330,0
REQ-006534,LOC-06,SVC-05,Routine,67.9,2026-06-28,185,True,6,1,6,1,26,331,0
REQ-006535,LOC-02,SVC-01,Priority,41.4,2026-06-28,72,True,6,1,6,1,26,331,0
REQ-006536,LOC-08,SVC-01,Routine,15.6,2026-06-28,218,True,6,1,6,1,26,331,0
REQ-006537,LOC-09,SVC-09,Urgent,81.6,2026-06-28,31,True,6,1,6,1,26,331,0
REQ-006538,LOC-06,SVC-02,Routine,13.3,2026-06-28,185,True,6,1,6,1,26,331,0
REQ-006539,LOC-08,SVC-02,Urgent,60.5,2026-06-28,31,True,6,1,6,1,26,331,0
REQ-006540,LOC-06,SVC-01,Priority,45.2,2026-06-28,79,True,6,1,6,1,26,331,0
REQ-006541,LOC-08,SVC-01,Priority,10.8,2026-06-28,94,True,6,1,6,1,26,331,0
REQ-006542,LOC-05,SVC-04,Priority,34.3,2026-06-28,72,True,6,1,6,1,26,331,0
REQ-006543,LOC-01,SVC-09,Priority,52.8,2026-06-28,72,True,6,1,6,1,26,331,0
REQ-006544,LOC-06,SVC-04,Emergency,36.2,2026-06-28,4,False,6,1,6,1,26,331,1
REQ-006545,LOC-04,SVC-09,Routine,14.6,2026-06-28,168,True,6,1,6,1,26,331,0
REQ-006546,LOC-03,SVC-05,Urgent,34.9,2026-06-28,24,False,6,1,6,1,26,331,1
REQ-006547,LOC-10,SVC-09,Priority,34.6,2026-06-28,94,True,6,1,6,1,26,331,0
REQ-006548,LOC-08,SVC-02,Routine,17.0,2026-06-29,218,True,0,0,6,1,27,332,0
REQ-006549,LOC-04,SVC-02,Priority,32.9,2026-06-29,72,True,0,0,6,1,27,332,0
REQ-006550,LOC-05,SVC-02,Urgent,55.6,2026-06-29,24,True,0,0,6,1,27,332,0
REQ-006551,LOC-04,SVC-02,Urgent,68.5,2026-06-29,24,True,0,0,6,1,27,332,0
REQ-006552,LOC-06,SVC-02,Urgent,89.6,2026-06-29,26,True,0,0,6,1,27,332,0
REQ-006553,LOC-03,SVC-09,Routine,13.5,2026-06-29,168,True,0,0,6,1,27,332,0
REQ-006554,LOC-04,SVC-03,Priority,64.1,2026-06-29,72,True,0,0,6,1,27,332,0
REQ-006556,LOC-03,SVC-06,Priority,11.5,2026-06-29,72,True,0,0,6,1,27,332,0
REQ-006557,LOC-08,SVC-05,Priority,95.0,2026-06-29,94,True,0,0,6,1,27,332,0
REQ-006558,LOC-09,SVC-05,Priority,30.0,2026-06-29,94,True,0,0,6,1,27,332,0
REQ-006559,LOC-07,SVC-01,Emergency,89.0,2026-06-29,4,False,0,0,6,1,27,332,1
REQ-006560,LOC-08,SVC-01,Priority,29.3,2026-06-29,94,True,0,0,6,1,27,332,0
REQ-006561,LOC-08,SVC-02,Routine,7.2,2026-06-29,218,True,0,0,6,1,27,332,0
REQ-006562,LOC-01,SVC-03,Priority,55.3,2026-06-29,72,True,0,0,6,1,27,332,0
REQ-006563,LOC-07,SVC-04,Priority,44.8,2026-06-29,79,True,0,0,6,1,27,332,0
REQ-006564,LOC-06,SVC-06,Emergency,87.4,2026-06-29,4,False,0,0,6,1,27,332,1
REQ-006565,LOC-02,SVC-02,Urgent,12.5,2026-06-29,24,True,0,0,6,1,27,332,0
REQ-006566,LOC-10,SVC-06,Routine,37.1,2026-06-29,218,True,0,0,6,1,27,332,0
REQ-006567,LOC-09,SVC-03,Routine,16.4,2026-06-29,218,True,0,0,6,1,27,332,0
REQ-006568,LOC-01,SVC-01,Priority,64.4,2026-06-29,72,True,0,0,6,1,27,332,0
REQ-006569,LOC-10,SVC-06,Routine,31.7,2026-06-29,218,True,0,0,6,1,27,332,0
REQ-006570,LOC-08,SVC-04,Priority,36.3,2026-06-29,94,True,0,0,6,1,27,332,0
REQ-006571,LOC-02,SVC-07,Priority,33.1,2026-06-29,72,True,0,0,6,1,27,332,0
REQ-006572,LOC-01,SVC-08,Priority,77.8,2026-06-29,72,True,0,0,6,1,27,332,0
REQ-006573,LOC-05,SVC-05,Routine,42.0,2026-06-29,168,True,0,0,6,1,27,332,0
REQ-006574,LOC-03,SVC-01,Routine,24.7,2026-06-29,168,True,0,0,6,1,27,332,0
REQ-006575,LOC-05,SVC-07,Emergency,35.2,2026-06-29,4,True,0,0,6,1,27,332,0
REQ-006576,LOC-04,SVC-07,Priority,83.2,2026-06-30,72,True,1,0,6,1,27,333,0
REQ-006577,LOC-09,SVC-09,Priority,16.2,2026-06-30,94,True,1,0,6,1,27,333,0
REQ-006578,LOC-03,SVC-08,Routine,38.9,2026-06-30,168,True,1,0,6,1,27,333,0
REQ-006579,LOC-07,SVC-02,Routine,58.1,2026-06-30,185,True,1,0,6,1,27,333,0
REQ-006580,LOC-06,SVC-05,Routine,12.3,2026-06-30,185,True,1,0,6,1,27,333,0
REQ-006581,LOC-06,SVC-06,Priority,14.7,2026-06-30,79,True,1,0,6,1,27,333,0
REQ-006582,LOC-02,SVC-05,Routine,48.9,2026-06-30,168,True,1,0,6,1,27,333,0
REQ-006584,LOC-09,SVC-07,Routine,21.1,2026-06-30,218,True,1,0,6,1,27,333,0
REQ-006585,LOC-03,SVC-07,Routine,40.2,2026-06-30,168,True,1,0,6,1,27,333,0
REQ-006587,LOC-09,SVC-04,Priority,42.3,2026-06-30,94,True,1,0,6,1,27,333,0
REQ-006588,LOC-02,SVC-03,Urgent,80.0,2026-06-30,24,False,1,0,6,1,27,333,1
REQ-006589,LOC-02,SVC-08,Priority,37.8,2026-06-30,72,True,1,0,6,1,27,333,0
REQ-006591,LOC-03,SVC-06,Urgent,80.2,2026-06-30,24,False,1,0,6,1,27,333,1
REQ-006593,LOC-02,SVC-01,Urgent,54.5,2026-06-30,24,True,1,0,6,1,27,333,0
REQ-006594,LOC-07,SVC-06,Routine,20.2,2026-06-30,185,True,1,0,6,1,27,333,0
REQ-006595,LOC-09,SVC-02,Urgent,37.5,2026-06-30,31,True,1,0,6,1,27,333,0
REQ-006596,LOC-02,SVC-07,Urgent,63.6,2026-06-30,24,True,1,0,6,1,27,333,0
REQ-006597,LOC-08,SVC-04,Routine,53.4,2026-06-30,218,True,1,0,6,1,27,333,0
REQ-006598,LOC-07,SVC-06,Priority,65.7,2026-06-30,79,True,1,0,6,1,27,333,0
REQ-006600,LOC-10,SVC-08,Priority,48.5,2026-06-30,94,True,1,0,6,1,27,333,0
REQ-006601,LOC-02,SVC-01,Priority,7.6,2026-06-30,72,True,1,0,6,1,27,333,0
REQ-006602,LOC-06,SVC-09,Urgent,50.0,2026-06-30,26,True,1,0,6,1,27,333,0
REQ-006604,LOC-01,SVC-01,Routine,19.6,2026-06-30,168,True,1,0,6,1,27,333,0
REQ-006605,LOC-01,SVC-02,Routine,16.9,2026-06-30,168,True,1,0,6,1,27,333,0
REQ-006606,LOC-01,SVC-04,Routine,42.8,2026-06-30,168,True,1,0,6,1,27,333,0
REQ-006607,LOC-03,SVC-09,Urgent,36.8,2026-06-30,24,True,1,0,6,1,27,333,0
REQ-006608,LOC-02,SVC-03,Urgent,57.3,2026-06-30,24,False,1,0,6,1,27,333,1
REQ-006609,LOC-06,SVC-03,Priority,45.7,2026-06-30,79,True,1,0,6,1,27,333,0
REQ-006610,LOC-05,SVC-01,Urgent,35.8,2026-06-30,24,True,1,0,6,1,27,333,0
REQ-006611,LOC-07,SVC-05,Routine,11.4,2026-07-01,185,True,2,0,7,1,27,334,0
REQ-006612,LOC-10,SVC-07,Routine,20.8,2026-07-01,218,True,2,0,7,1,27,334,0
REQ-006614,LOC-08,SVC-04,Emergency,61.9,2026-07-01,5,False,2,0,7,1,27,334,1
REQ-006615,LOC-02,SVC-07,Urgent,34.4,2026-07-01,24,True,2,0,7,1,27,334,0
REQ-006616,LOC-10,SVC-09,Routine,14.0,2026-07-01,218,True,2,0,7,1,27,334,0
REQ-006617,LOC-08,SVC-05,Urgent,72.9,2026-07-01,31,False,2,0,7,1,27,334,1
REQ-006618,LOC-09,SVC-09,Urgent,43.9,2026-07-01,31,False,2,0,7,1,27,334,1
REQ-006619,LOC-01,SVC-01,Routine,38.9,2026-07-01,168,True,2,0,7,1,27,334,0
REQ-006620,LOC-05,SVC-06,Priority,19.1,2026-07-01,72,True,2,0,7,1,27,334,0
REQ-006621,LOC-04,SVC-02,Routine,13.9,2026-07-01,168,True,2,0,7,1,27,334,0
REQ-006623,LOC-10,SVC-02,Priority,36.5,2026-07-01,94,True,2,0,7,1,27,334,0
REQ-006624,LOC-09,SVC-02,Priority,32.1,2026-07-01,94,True,2,0,7,1,27,334,0
REQ-006625,LOC-04,SVC-07,Priority,7.3,2026-07-01,72,True,2,0,7,1,27,334,0
REQ-006626,LOC-10,SVC-05,Routine,4.5,2026-07-01,218,True,2,0,7,1,27,334,0
REQ-006627,LOC-07,SVC-06,Routine,3.6,2026-07-01,185,True,2,0,7,1,27,334,0
REQ-006629,LOC-02,SVC-02,Priority,91.4,2026-07-01,72,False,2,0,7,1,27,334,1
REQ-006631,LOC-09,SVC-01,Routine,32.3,2026-07-01,218,True,2,0,7,1,27,334,0
REQ-006633,LOC-02,SVC-03,Routine,12.0,2026-07-01,168,True,2,0,7,1,27,334,0
REQ-006634,LOC-06,SVC-02,Routine,31.0,2026-07-01,185,True,2,0,7,1,27,334,0
REQ-006636,LOC-06,SVC-01,Routine,16.5,2026-07-01,185,True,2,0,7,1,27,334,0
REQ-006637,LOC-03,SVC-07,Urgent,98.9,2026-07-01,24,True,2,0,7,1,27,334,0
REQ-006638,LOC-01,SVC-04,Urgent,83.9,2026-07-02,24,True,3,0,7,1,27,335,0
REQ-006639,LOC-03,SVC-01,Routine,40.1,2026-07-02,168,True,3,0,7,1,27,335,0
REQ-006640,LOC-08,SVC-04,Urgent,46.8,2026-07-02,31,False,3,0,7,1,27,335,1
REQ-006641,LOC-07,SVC-01,Priority,83.1,2026-07-02,79,True,3,0,7,1,27,335,0
REQ-006642,LOC-07,SVC-05,Routine,40.3,2026-07-02,185,True,3,0,7,1,27,335,0
REQ-006643,LOC-10,SVC-02,Priority,17.2,2026-07-02,94,True,3,0,7,1,27,335,0
REQ-006644,LOC-04,SVC-06,Urgent,88.3,2026-07-02,24,True,3,0,7,1,27,335,0
REQ-006645,LOC-07,SVC-07,Routine,6.9,2026-07-02,185,True,3,0,7,1,27,335,0
REQ-006646,LOC-06,SVC-05,Routine,17.9,2026-07-02,185,True,3,0,7,1,27,335,0
REQ-006647,LOC-10,SVC-04,Priority,13.4,2026-07-02,94,True,3,0,7,1,27,335,0
REQ-006648,LOC-08,SVC-01,Routine,74.6,2026-07-02,218,True,3,0,7,1,27,335,0
REQ-006649,LOC-05,SVC-01,Routine,38.4,2026-07-02,168,True,3,0,7,1,27,335,0
REQ-006650,LOC-07,SVC-02,Emergency,17.3,2026-07-02,4,False,3,0,7,1,27,335,1
REQ-006651,LOC-02,SVC-05,Urgent,42.5,2026-07-02,24,True,3,0,7,1,27,335,0
REQ-006653,LOC-10,SVC-05,Priority,18.3,2026-07-02,94,True,3,0,7,1,27,335,0
REQ-006654,LOC-07,SVC-05,Routine,64.6,2026-07-02,185,True,3,0,7,1,27,335,0
REQ-006655,LOC-04,SVC-01,Priority,86.7,2026-07-02,72,True,3,0,7,1,27,335,0
REQ-006656,LOC-03,SVC-06,Priority,36.3,2026-07-02,72,True,3,0,7,1,27,335,0
REQ-006657,LOC-04,SVC-01,Urgent,85.4,2026-07-02,24,True,3,0,7,1,27,335,0
REQ-006658,LOC-07,SVC-05,Priority,1.0,2026-07-02,79,True,3,0,7,1,27,335,0
REQ-006659,LOC-07,SVC-01,Priority,10.8,2026-07-02,79,False,3,0,7,1,27,335,1
REQ-006660,LOC-10,SVC-04,Routine,15.6,2026-07-02,218,True,3,0,7,1,27,335,0
REQ-006661,LOC-05,SVC-05,Routine,33.2,2026-07-02,168,True,3,0,7,1,27,335,0
REQ-006662,LOC-09,SVC-01,Priority,14.7,2026-07-02,94,True,3,0,7,1,27,335,0
REQ-006663,LOC-10,SVC-03,Routine,19.0,2026-07-02,218,True,3,0,7,1,27,335,0
REQ-006664,LOC-07,SVC-01,Routine,31.0,2026-07-02,185,True,3,0,7,1,27,335,0
REQ-006665,LOC-03,SVC-01,Priority,2.9,2026-07-02,72,True,3,0,7,1,27,335,0
REQ-006666,LOC-10,SVC-01,Priority,36.8,2026-07-02,94,True,3,0,7,1,27,335,0
REQ-006667,LOC-08,SVC-03,Routine,37.9,2026-07-03,218,True,4,0,7,1,27,336,0
REQ-006668,LOC-04,SVC-06,Routine,18.9,2026-07-03,168,True,4,0,7,1,27,336,0
REQ-006669,LOC-05,SVC-02,Routine,40.4,2026-07-03,168,True,4,0,7,1,27,336,0
REQ-006670,LOC-01,SVC-05,Urgent,11.9,2026-07-03,24,True,4,0,7,1,27,336,0
REQ-006671,LOC-06,SVC-08,Priority,54.3,2026-07-03,79,False,4,0,7,1,27,336,1
REQ-006672,LOC-05,SVC-01,Routine,14.1,2026-07-03,168,True,4,0,7,1,27,336,0
REQ-006673,LOC-09,SVC-06,Priority,35.1,2026-07-03,94,True,4,0,7,1,27,336,0
REQ-006674,LOC-04,SVC-02,Priority,57.7,2026-07-03,72,False,4,0,7,1,27,336,1
REQ-006675,LOC-03,SVC-05,Urgent,38.1,2026-07-03,24,True,4,0,7,1,27,336,0
REQ-006676,LOC-08,SVC-09,Priority,36.3,2026-07-03,94,True,4,0,7,1,27,336,0
REQ-006678,LOC-07,SVC-01,Priority,43.8,2026-07-03,79,False,4,0,7,1,27,336,1
REQ-006679,LOC-07,SVC-05,Routine,36.3,2026-07-03,185,True,4,0,7,1,27,336,0
REQ-006680,LOC-06,SVC-01,Urgent,60.8,2026-07-03,26,True,4,0,7,1,27,336,0
REQ-006681,LOC-10,SVC-08,Routine,15.2,2026-07-03,218,True,4,0,7,1,27,336,0
REQ-006682,LOC-03,SVC-05,Routine,18.0,2026-07-03,168,True,4,0,7,1,27,336,0
REQ-006683,LOC-10,SVC-06,Urgent,77.9,2026-07-03,31,True,4,0,7,1,27,336,0
REQ-006684,LOC-10,SVC-02,Routine,13.0,2026-07-03,218,True,4,0,7,1,27,336,0
REQ-006685,LOC-01,SVC-06,Priority,31.5,2026-07-03,72,True,4,0,7,1,27,336,0
REQ-006686,LOC-09,SVC-05,Urgent,57.5,2026-07-03,31,False,4,0,7,1,27,336,1
REQ-006687,LOC-05,SVC-02,Priority,67.5,2026-07-03,72,True,4,0,7,1,27,336,0
REQ-006688,LOC-10,SVC-01,Routine,13.1,2026-07-03,218,True,4,0,7,1,27,336,0
REQ-006689,LOC-09,SVC-05,Urgent,20.6,2026-07-03,31,True,4,0,7,1,27,336,0
REQ-006690,LOC-01,SVC-07,Priority,33.0,2026-07-03,72,True,4,0,7,1,27,336,0
REQ-006691,LOC-04,SVC-06,Routine,54.1,2026-07-03,168,True,4,0,7,1,27,336,0
REQ-006692,LOC-02,SVC-01,Routine,45.4,2026-07-03,168,True,4,0,7,1,27,336,0
REQ-006693,LOC-04,SVC-04,Priority,36.3,2026-07-03,72,True,4,0,7,1,27,336,0
REQ-006694,LOC-10,SVC-05,Routine,21.7,2026-07-03,218,True,4,0,7,1,27,336,0
REQ-006695,LOC-06,SVC-06,Routine,35.0,2026-07-03,185,True,4,0,7,1,27,336,0
REQ-006696,LOC-08,SVC-07,Routine,57.6,2026-07-03,218,True,4,0,7,1,27,336,0
REQ-006697,LOC-09,SVC-02,Priority,37.3,2026-07-03,94,True,4,0,7,1,27,336,0
REQ-006698,LOC-09,SVC-05,Routine,8.0,2026-07-03,218,True,4,0,7,1,27,336,0
REQ-006700,LOC-10,SVC-01,Routine,34.1,2026-07-03,218,True,4,0,7,1,27,336,0
REQ-006701,LOC-01,SVC-06,Routine,52.0,2026-07-04,168,True,5,1,7,1,27,337,0
REQ-006702,LOC-09,SVC-09,Priority,42.6,2026-07-04,94,True,5,1,7,1,27,337,0
REQ-006703,LOC-02,SVC-01,Priority,60.9,2026-07-04,72,True,5,1,7,1,27,337,0
REQ-006705,LOC-02,SVC-01,Urgent,84.1,2026-07-04,24,True,5,1,7,1,27,337,0
REQ-006706,LOC-09,SVC-03,Routine,11.3,2026-07-04,218,True,5,1,7,1,27,337,0
REQ-006707,LOC-02,SVC-05,Urgent,85.2,2026-07-04,24,True,5,1,7,1,27,337,0
REQ-006708,LOC-08,SVC-03,Routine,39.4,2026-07-04,218,True,5,1,7,1,27,337,0
REQ-006710,LOC-05,SVC-05,Routine,15.3,2026-07-04,168,True,5,1,7,1,27,337,0
REQ-006711,LOC-10,SVC-04,Urgent,38.7,2026-07-04,31,True,5,1,7,1,27,337,0
REQ-006712,LOC-03,SVC-01,Urgent,46.6,2026-07-05,24,True,6,1,7,1,27,338,0
REQ-006713,LOC-04,SVC-01,Routine,73.7,2026-07-05,168,True,6,1,7,1,27,338,0
REQ-006714,LOC-03,SVC-06,Priority,41.4,2026-07-05,72,True,6,1,7,1,27,338,0
REQ-006716,LOC-03,SVC-03,Routine,15.9,2026-07-05,168,True,6,1,7,1,27,338,0
REQ-006717,LOC-08,SVC-08,Priority,36.9,2026-07-05,94,True,6,1,7,1,27,338,0
REQ-006718,LOC-03,SVC-05,Routine,11.6,2026-07-05,168,True,6,1,7,1,27,338,0
REQ-006719,LOC-10,SVC-07,Urgent,88.8,2026-07-05,31,True,6,1,7,1,27,338,0
REQ-006720,LOC-01,SVC-06,Routine,36.3,2026-07-05,168,True,6,1,7,1,27,338,0
REQ-006721,LOC-07,SVC-07,Routine,45.7,2026-07-05,185,True,6,1,7,1,27,338,0
REQ-006722,LOC-01,SVC-08,Routine,7.3,2026-07-05,168,True,6,1,7,1,27,338,0
REQ-006723,LOC-04,SVC-02,Routine,22.2,2026-07-05,168,True,6,1,7,1,27,338,0
REQ-006724,LOC-06,SVC-04,Priority,35.7,2026-07-05,79,True,6,1,7,1,27,338,0
REQ-006725,LOC-06,SVC-02,Emergency,36.3,2026-07-05,4,False,6,1,7,1,27,338,1
REQ-006726,LOC-07,SVC-01,Urgent,33.5,2026-07-05,26,True,6,1,7,1,27,338,0
REQ-006727,LOC-06,SVC-01,Routine,60.9,2026-07-05,185,True,6,1,7,1,27,338,0
REQ-006728,LOC-10,SVC-03,Routine,15.4,2026-07-06,218,True,0,0,7,1,28,339,0
REQ-006729,LOC-07,SVC-03,Routine,35.4,2026-07-06,185,True,0,0,7,1,28,339,0
REQ-006731,LOC-05,SVC-08,Priority,39.4,2026-07-06,72,True,0,0,7,1,28,339,0
REQ-006732,LOC-08,SVC-01,Priority,36.3,2026-07-06,94,True,0,0,7,1,28,339,0
REQ-006733,LOC-09,SVC-02,Emergency,65.5,2026-07-06,5,False,0,0,7,1,28,339,1
REQ-006734,LOC-04,SVC-06,Urgent,70.0,2026-07-06,24,True,0,0,7,1,28,339,0
REQ-006735,LOC-02,SVC-03,Priority,87.6,2026-07-06,72,True,0,0,7,1,28,339,0
REQ-006736,LOC-07,SVC-05,Priority,37.0,2026-07-06,79,True,0,0,7,1,28,339,0
REQ-006737,LOC-08,SVC-01,Routine,7.3,2026-07-06,218,True,0,0,7,1,28,339,0
REQ-006738,LOC-01,SVC-06,Routine,10.0,2026-07-06,168,True,0,0,7,1,28,339,0
REQ-006739,LOC-09,SVC-03,Priority,65.8,2026-07-06,94,True,0,0,7,1,28,339,0
REQ-006740,LOC-02,SVC-04,Routine,39.3,2026-07-06,168,True,0,0,7,1,28,339,0
REQ-006741,LOC-10,SVC-03,Priority,64.3,2026-07-06,94,True,0,0,7,1,28,339,0
REQ-006743,LOC-05,SVC-02,Urgent,32.0,2026-07-06,24,True,0,0,7,1,28,339,0
REQ-006744,LOC-02,SVC-08,Urgent,91.2,2026-07-06,24,True,0,0,7,1,28,339,0
REQ-006745,LOC-05,SVC-02,Routine,65.3,2026-07-06,168,True,0,0,7,1,28,339,0
REQ-006746,LOC-09,SVC-05,Routine,39.7,2026-07-06,218,True,0,0,7,1,28,339,0
REQ-006747,LOC-05,SVC-05,Emergency,39.2,2026-07-06,4,False,0,0,7,1,28,339,1
REQ-006748,LOC-08,SVC-02,Priority,50.2,2026-07-06,94,True,0,0,7,1,28,339,0
REQ-006749,LOC-03,SVC-05,Routine,43.9,2026-07-06,168,True,0,0,7,1,28,339,0
REQ-006750,LOC-02,SVC-01,Urgent,38.4,2026-07-06,24,True,0,0,7,1,28,339,0
REQ-006751,LOC-04,SVC-04,Emergency,78.3,2026-07-06,4,False,0,0,7,1,28,339,1
REQ-006752,LOC-09,SVC-07,Routine,48.7,2026-07-06,218,True,0,0,7,1,28,339,0
REQ-006753,LOC-07,SVC-04,Routine,12.6,2026-07-06,185,True,0,0,7,1,28,339,0
REQ-006754,LOC-09,SVC-06,Priority,26.2,2026-07-06,94,True,0,0,7,1,28,339,0
REQ-006755,LOC-04,SVC-01,Urgent,65.2,2026-07-06,24,False,0,0,7,1,28,339,1
REQ-006756,LOC-05,SVC-05,Routine,17.9,2026-07-07,168,True,1,0,7,1,28,340,0
REQ-006757,LOC-09,SVC-03,Urgent,26.4,2026-07-07,31,True,1,0,7,1,28,340,0
REQ-006758,LOC-07,SVC-08,Routine,12.3,2026-07-07,185,True,1,0,7,1,28,340,0
REQ-006759,LOC-10,SVC-02,Priority,16.1,2026-07-07,94,True,1,0,7,1,28,340,0
REQ-006761,LOC-02,SVC-05,Routine,36.3,2026-07-07,168,True,1,0,7,1,28,340,0
REQ-006762,LOC-07,SVC-09,Priority,20.8,2026-07-07,79,True,1,0,7,1,28,340,0
REQ-006763,LOC-07,SVC-07,Priority,37.8,2026-07-07,79,True,1,0,7,1,28,340,0
REQ-006764,LOC-01,SVC-04,Priority,3.2,2026-07-07,72,True,1,0,7,1,28,340,0
REQ-006765,LOC-07,SVC-05,Urgent,47.3,2026-07-07,26,True,1,0,7,1,28,340,0
REQ-006766,LOC-06,SVC-06,Emergency,65.9,2026-07-07,4,False,1,0,7,1,28,340,1
REQ-006767,LOC-07,SVC-07,Priority,35.9,2026-07-07,79,True,1,0,7,1,28,340,0
REQ-006768,LOC-03,SVC-08,Routine,30.4,2026-07-07,168,True,1,0,7,1,28,340,0
REQ-006769,LOC-04,SVC-01,Urgent,16.3,2026-07-07,24,True,1,0,7,1,28,340,0
REQ-006771,LOC-06,SVC-05,Priority,34.3,2026-07-07,79,True,1,0,7,1,28,340,0
REQ-006772,LOC-06,SVC-06,Routine,15.3,2026-07-07,185,True,1,0,7,1,28,340,0
REQ-006773,LOC-06,SVC-01,Routine,36.3,2026-07-07,185,True,1,0,7,1,28,340,0
REQ-006775,LOC-02,SVC-05,Priority,30.1,2026-07-07,72,True,1,0,7,1,28,340,0
REQ-006776,LOC-07,SVC-05,Priority,37.8,2026-07-07,79,True,1,0,7,1,28,340,0
REQ-006777,LOC-01,SVC-09,Priority,18.0,2026-07-07,72,True,1,0,7,1,28,340,0
REQ-006778,LOC-09,SVC-05,Routine,1.4,2026-07-07,218,True,1,0,7,1,28,340,0
REQ-006779,LOC-01,SVC-09,Priority,22.7,2026-07-07,72,True,1,0,7,1,28,340,0
REQ-006780,LOC-03,SVC-07,Priority,27.2,2026-07-07,72,True,1,0,7,1,28,340,0
REQ-006781,LOC-06,SVC-05,Routine,28.9,2026-07-07,185,True,1,0,7,1,28,340,0
REQ-006782,LOC-05,SVC-03,Priority,34.8,2026-07-07,72,True,1,0,7,1,28,340,0
REQ-006783,LOC-03,SVC-09,Routine,18.9,2026-07-07,168,True,1,0,7,1,28,340,0
REQ-006784,LOC-03,SVC-06,Priority,34.4,2026-07-07,72,True,1,0,7,1,28,340,0
REQ-006785,LOC-10,SVC-07,Routine,16.8,2026-07-07,218,True,1,0,7,1,28,340,0
REQ-006786,LOC-05,SVC-02,Priority,64.1,2026-07-08,72,True,2,0,7,1,28,341,0
REQ-006787,LOC-03,SVC-05,Routine,18.8,2026-07-08,168,True,2,0,7,1,28,341,0
REQ-006788,LOC-07,SVC-01,Priority,36.3,2026-07-08,79,True,2,0,7,1,28,341,0
REQ-006789,LOC-10,SVC-05,Routine,3.9,2026-07-08,218,True,2,0,7,1,28,341,0
REQ-006791,LOC-06,SVC-01,Priority,45.2,2026-07-08,79,True,2,0,7,1,28,341,0
REQ-006792,LOC-02,SVC-04,Urgent,71.2,2026-07-08,24,True,2,0,7,1,28,341,0
REQ-006793,LOC-01,SVC-01,Priority,29.5,2026-07-08,72,True,2,0,7,1,28,341,0
REQ-006794,LOC-06,SVC-02,Routine,13.3,2026-07-08,185,True,2,0,7,1,28,341,0
REQ-006795,LOC-07,SVC-06,Urgent,87.9,2026-07-08,26,False,2,0,7,1,28,341,1
REQ-006796,LOC-01,SVC-05,Routine,50.2,2026-07-08,168,True,2,0,7,1,28,341,0
REQ-006797,LOC-09,SVC-07,Urgent,68.1,2026-07-08,31,True,2,0,7,1,28,341,0
REQ-006798,LOC-06,SVC-03,Routine,16.8,2026-07-08,185,True,2,0,7,1,28,341,0
REQ-006799,LOC-06,SVC-05,Routine,11.7,2026-07-08,185,True,2,0,7,1,28,341,0
REQ-006800,LOC-10,SVC-01,Priority,61.8,2026-07-08,94,True,2,0,7,1,28,341,0
REQ-006801,LOC-06,SVC-07,Routine,20.1,2026-07-08,185,True,2,0,7,1,28,341,0
REQ-006802,LOC-06,SVC-04,Priority,10.3,2026-07-08,79,True,2,0,7,1,28,341,0
REQ-006803,LOC-07,SVC-03,Routine,85.0,2026-07-08,185,True,2,0,7,1,28,341,0
REQ-006804,LOC-03,SVC-01,Priority,64.0,2026-07-08,72,True,2,0,7,1,28,341,0
REQ-006805,LOC-07,SVC-09,Routine,23.0,2026-07-08,185,True,2,0,7,1,28,341,0
REQ-006806,LOC-09,SVC-05,Routine,35.4,2026-07-08,218,True,2,0,7,1,28,341,0
REQ-006807,LOC-01,SVC-01,Routine,30.9,2026-07-08,168,True,2,0,7,1,28,341,0
REQ-006808,LOC-03,SVC-04,Routine,15.4,2026-07-08,168,True,2,0,7,1,28,341,0
REQ-006809,LOC-10,SVC-02,Urgent,9.9,2026-07-08,31,True,2,0,7,1,28,341,0
REQ-006810,LOC-03,SVC-01,Priority,36.4,2026-07-08,72,True,2,0,7,1,28,341,0
REQ-006811,LOC-04,SVC-02,Priority,92.3,2026-07-08,72,True,2,0,7,1,28,341,0
REQ-006812,LOC-03,SVC-03,Priority,18.9,2026-07-09,72,True,3,0,7,1,28,342,0
REQ-006813,LOC-03,SVC-01,Urgent,71.5,2026-07-09,24,True,3,0,7,1,28,342,0
REQ-006814,LOC-07,SVC-01,Priority,92.7,2026-07-09,79,True,3,0,7,1,28,342,0
REQ-006815,LOC-04,SVC-02,Urgent,34.0,2026-07-09,24,False,3,0,7,1,28,342,1
REQ-006816,LOC-03,SVC-01,Urgent,81.7,2026-07-09,24,True,3,0,7,1,28,342,0
REQ-006817,LOC-06,SVC-01,Priority,42.4,2026-07-09,79,True,3,0,7,1,28,342,0
REQ-006818,LOC-08,SVC-02,Routine,16.7,2026-07-09,218,True,3,0,7,1,28,342,0
REQ-006819,LOC-07,SVC-02,Urgent,35.4,2026-07-09,26,True,3,0,7,1,28,342,0
REQ-006820,LOC-10,SVC-06,Urgent,31.1,2026-07-09,31,False,3,0,7,1,28,342,1
REQ-006821,LOC-07,SVC-08,Routine,65.6,2026-07-09,185,True,3,0,7,1,28,342,0
REQ-006822,LOC-05,SVC-06,Priority,31.0,2026-07-09,72,True,3,0,7,1,28,342,0
REQ-006823,LOC-07,SVC-01,Routine,15.3,2026-07-09,185,True,3,0,7,1,28,342,0
REQ-006824,LOC-01,SVC-07,Routine,40.6,2026-07-09,168,True,3,0,7,1,28,342,0
REQ-006826,LOC-04,SVC-03,Urgent,36.3,2026-07-09,24,True,3,0,7,1,28,342,0
REQ-006827,LOC-05,SVC-08,Routine,44.4,2026-07-09,168,True,3,0,7,1,28,342,0
REQ-006828,LOC-08,SVC-03,Routine,36.3,2026-07-09,218,True,3,0,7,1,28,342,0
REQ-006829,LOC-06,SVC-09,Routine,37.1,2026-07-09,185,True,3,0,7,1,28,342,0
REQ-006830,LOC-01,SVC-07,Routine,27.6,2026-07-09,168,True,3,0,7,1,28,342,0
REQ-006831,LOC-05,SVC-06,Routine,15.3,2026-07-09,168,True,3,0,7,1,28,342,0
REQ-006832,LOC-08,SVC-09,Priority,39.1,2026-07-09,94,True,3,0,7,1,28,342,0
REQ-006833,LOC-10,SVC-04,Emergency,78.0,2026-07-09,5,False,3,0,7,1,28,342,1
REQ-006834,LOC-01,SVC-03,Routine,12.4,2026-07-09,168,True,3,0,7,1,28,342,0
REQ-006835,LOC-07,SVC-04,Routine,36.3,2026-07-09,185,True,3,0,7,1,28,342,0
REQ-006836,LOC-06,SVC-05,Priority,60.8,2026-07-09,79,True,3,0,7,1,28,342,0
REQ-006837,LOC-07,SVC-03,Priority,63.0,2026-07-09,79,True,3,0,7,1,28,342,0
REQ-006838,LOC-01,SVC-01,Routine,22.2,2026-07-09,168,True,3,0,7,1,28,342,0
REQ-006840,LOC-02,SVC-04,Routine,16.1,2026-07-09,168,True,3,0,7,1,28,342,0
REQ-006841,LOC-06,SVC-03,Routine,36.3,2026-07-09,185,True,3,0,7,1,28,342,0
REQ-006842,LOC-07,SVC-05,Routine,14.2,2026-07-10,185,True,4,0,7,1,28,343,0
REQ-006843,LOC-02,SVC-05,Routine,34.8,2026-07-10,168,True,4,0,7,1,28,343,0
REQ-006844,LOC-05,SVC-01,Routine,38.8,2026-07-10,168,True,4,0,7,1,28,343,0
REQ-006846,LOC-09,SVC-08,Routine,37.3,2026-07-10,218,True,4,0,7,1,28,343,0
REQ-006847,LOC-02,SVC-06,Emergency,57.9,2026-07-10,4,False,4,0,7,1,28,343,1
REQ-006848,LOC-03,SVC-02,Urgent,29.8,2026-07-10,24,True,4,0,7,1,28,343,0
REQ-006849,LOC-10,SVC-09,Routine,14.6,2026-07-10,218,True,4,0,7,1,28,343,0
REQ-006852,LOC-01,SVC-03,Routine,40.7,2026-07-10,168,True,4,0,7,1,28,343,0
REQ-006854,LOC-01,SVC-01,Routine,35.7,2026-07-10,168,True,4,0,7,1,28,343,0
REQ-006855,LOC-08,SVC-01,Emergency,70.2,2026-07-10,5,True,4,0,7,1,28,343,0
REQ-006856,LOC-06,SVC-08,Priority,65.1,2026-07-10,79,True,4,0,7,1,28,343,0
REQ-006857,LOC-02,SVC-01,Priority,66.8,2026-07-10,72,True,4,0,7,1,28,343,0
REQ-006858,LOC-05,SVC-04,Urgent,40.7,2026-07-10,24,True,4,0,7,1,28,343,0
REQ-006859,LOC-02,SVC-08,Routine,40.9,2026-07-10,168,True,4,0,7,1,28,343,0
REQ-006860,LOC-10,SVC-01,Routine,31.4,2026-07-10,218,True,4,0,7,1,28,343,0
REQ-006861,LOC-04,SVC-03,Priority,14.3,2026-07-10,72,True,4,0,7,1,28,343,0
REQ-006862,LOC-05,SVC-02,Routine,35.0,2026-07-10,168,True,4,0,7,1,28,343,0
REQ-006863,LOC-07,SVC-05,Priority,14.6,2026-07-10,79,True,4,0,7,1,28,343,0
REQ-006864,LOC-03,SVC-03,Urgent,85.7,2026-07-10,24,False,4,0,7,1,28,343,1
REQ-006865,LOC-08,SVC-09,Routine,40.2,2026-07-10,218,True,4,0,7,1,28,343,0
REQ-006866,LOC-06,SVC-06,Priority,28.9,2026-07-10,79,True,4,0,7,1,28,343,0
REQ-006867,LOC-02,SVC-06,Routine,39.7,2026-07-10,168,True,4,0,7,1,28,343,0
REQ-006868,LOC-03,SVC-05,Urgent,87.2,2026-07-10,24,False,4,0,7,1,28,343,1
REQ-006869,LOC-05,SVC-06,Routine,44.1,2026-07-10,168,True,4,0,7,1,28,343,0
REQ-006870,LOC-05,SVC-02,Routine,36.3,2026-07-10,168,True,4,0,7,1,28,343,0
REQ-006871,LOC-08,SVC-05,Urgent,36.2,2026-07-10,31,True,4,0,7,1,28,343,0
REQ-006872,LOC-04,SVC-02,Emergency,82.1,2026-07-10,4,True,4,0,7,1,28,343,0
REQ-006873,LOC-04,SVC-06,Routine,36.7,2026-07-10,168,True,4,0,7,1,28,343,0
REQ-006874,LOC-01,SVC-01,Urgent,70.6,2026-07-11,24,True,5,1,7,1,28,344,0
REQ-006875,LOC-06,SVC-02,Urgent,86.3,2026-07-11,26,True,5,1,7,1,28,344,0
REQ-006876,LOC-07,SVC-06,Priority,38.9,2026-07-11,79,True,5,1,7,1,28,344,0
REQ-006877,LOC-10,SVC-09,Urgent,77.2,2026-07-11,31,True,5,1,7,1,28,344,0
REQ-006878,LOC-08,SVC-01,Priority,17.2,2026-07-11,94,True,5,1,7,1,28,344,0
REQ-006879,LOC-06,SVC-01,Routine,9.3,2026-07-11,185,True,5,1,7,1,28,344,0
REQ-006880,LOC-02,SVC-07,Priority,64.8,2026-07-11,72,False,5,1,7,1,28,344,1
REQ-006881,LOC-08,SVC-04,Routine,18.4,2026-07-11,218,True,5,1,7,1,28,344,0
REQ-006882,LOC-10,SVC-03,Routine,10.0,2026-07-11,218,True,5,1,7,1,28,344,0
REQ-006883,LOC-02,SVC-03,Routine,10.4,2026-07-11,168,True,5,1,7,1,28,344,0
REQ-006884,LOC-06,SVC-08,Routine,14.9,2026-07-11,185,True,5,1,7,1,28,344,0
REQ-006885,LOC-10,SVC-01,Routine,15.3,2026-07-11,218,True,5,1,7,1,28,344,0
REQ-006886,LOC-06,SVC-02,Routine,35.2,2026-07-11,185,True,5,1,7,1,28,344,0
REQ-006887,LOC-01,SVC-02,Priority,6.8,2026-07-11,72,True,5,1,7,1,28,344,0
REQ-006888,LOC-01,SVC-01,Emergency,68.5,2026-07-11,4,False,5,1,7,1,28,344,1
REQ-006889,LOC-04,SVC-05,Routine,58.9,2026-07-11,168,True,5,1,7,1,28,344,0
REQ-006890,LOC-01,SVC-05,Urgent,55.0,2026-07-11,24,False,5,1,7,1,28,344,1
REQ-006891,LOC-09,SVC-01,Priority,37.4,2026-07-12,94,True,6,1,7,1,28,345,0
REQ-006892,LOC-07,SVC-05,Routine,18.6,2026-07-12,185,True,6,1,7,1,28,345,0
REQ-006893,LOC-06,SVC-02,Routine,8.4,2026-07-12,185,True,6,1,7,1,28,345,0
REQ-006894,LOC-07,SVC-06,Urgent,51.7,2026-07-12,26,True,6,1,7,1,28,345,0
REQ-006895,LOC-07,SVC-07,Priority,23.8,2026-07-12,79,True,6,1,7,1,28,345,0
REQ-006896,LOC-10,SVC-05,Routine,13.3,2026-07-12,218,True,6,1,7,1,28,345,0
REQ-006897,LOC-07,SVC-03,Routine,35.4,2026-07-12,185,True,6,1,7,1,28,345,0
REQ-006898,LOC-03,SVC-01,Emergency,78.7,2026-07-12,4,False,6,1,7,1,28,345,1
REQ-006899,LOC-06,SVC-02,Priority,72.2,2026-07-12,79,True,6,1,7,1,28,345,0
REQ-006901,LOC-07,SVC-04,Routine,21.2,2026-07-12,185,True,6,1,7,1,28,345,0
REQ-006902,LOC-02,SVC-06,Priority,22.5,2026-07-12,72,True,6,1,7,1,28,345,0
REQ-006903,LOC-03,SVC-05,Routine,18.6,2026-07-12,168,True,6,1,7,1,28,345,0
REQ-006904,LOC-05,SVC-02,Routine,40.8,2026-07-12,168,True,6,1,7,1,28,345,0
REQ-006905,LOC-09,SVC-07,Priority,29.6,2026-07-12,94,True,6,1,7,1,28,345,0
REQ-006906,LOC-06,SVC-03,Routine,8.7,2026-07-13,185,True,0,0,7,1,29,346,0
REQ-006907,LOC-09,SVC-02,Urgent,38.9,2026-07-13,31,True,0,0,7,1,29,346,0
REQ-006908,LOC-07,SVC-02,Routine,41.3,2026-07-13,185,True,0,0,7,1,29,346,0
REQ-006909,LOC-07,SVC-01,Urgent,61.9,2026-07-13,26,True,0,0,7,1,29,346,0
REQ-006910,LOC-10,SVC-01,Routine,7.7,2026-07-13,218,True,0,0,7,1,29,346,0
REQ-006911,LOC-09,SVC-02,Priority,30.0,2026-07-13,94,True,0,0,7,1,29,346,0
REQ-006912,LOC-04,SVC-04,Priority,39.6,2026-07-13,72,True,0,0,7,1,29,346,0
REQ-006913,LOC-01,SVC-02,Urgent,43.7,2026-07-13,24,True,0,0,7,1,29,346,0
REQ-006914,LOC-02,SVC-07,Urgent,61.5,2026-07-13,24,True,0,0,7,1,29,346,0
REQ-006916,LOC-01,SVC-07,Priority,20.0,2026-07-13,72,True,0,0,7,1,29,346,0
REQ-006917,LOC-07,SVC-03,Priority,39.5,2026-07-13,79,True,0,0,7,1,29,346,0
REQ-006918,LOC-03,SVC-02,Routine,34.8,2026-07-13,168,True,0,0,7,1,29,346,0
REQ-006919,LOC-08,SVC-01,Priority,14.8,2026-07-13,94,True,0,0,7,1,29,346,0
REQ-006920,LOC-10,SVC-02,Routine,32.1,2026-07-13,218,True,0,0,7,1,29,346,0
REQ-006921,LOC-10,SVC-01,Priority,17.2,2026-07-13,94,True,0,0,7,1,29,346,0
REQ-006922,LOC-04,SVC-08,Routine,61.7,2026-07-13,168,True,0,0,7,1,29,346,0
REQ-006923,LOC-10,SVC-04,Urgent,60.4,2026-07-13,31,True,0,0,7,1,29,346,0
REQ-006924,LOC-10,SVC-08,Routine,8.6,2026-07-13,218,True,0,0,7,1,29,346,0
REQ-006925,LOC-04,SVC-04,Routine,36.3,2026-07-13,168,True,0,0,7,1,29,346,0
REQ-006926,LOC-07,SVC-03,Routine,43.9,2026-07-13,185,True,0,0,7,1,29,346,0
REQ-006927,LOC-04,SVC-06,Routine,10.4,2026-07-13,168,True,0,0,7,1,29,346,0
REQ-006928,LOC-06,SVC-05,Routine,38.0,2026-07-13,185,True,0,0,7,1,29,346,0
REQ-006930,LOC-06,SVC-06,Routine,17.4,2026-07-13,185,True,0,0,7,1,29,346,0
REQ-006931,LOC-08,SVC-02,Priority,14.2,2026-07-13,94,True,0,0,7,1,29,346,0
REQ-006932,LOC-09,SVC-01,Routine,32.3,2026-07-13,218,True,0,0,7,1,29,346,0
REQ-006933,LOC-10,SVC-01,Routine,45.3,2026-07-13,218,True,0,0,7,1,29,346,0
REQ-006934,LOC-04,SVC-06,Routine,45.2,2026-07-14,168,True,1,0,7,1,29,347,0
REQ-006935,LOC-10,SVC-05,Priority,14.8,2026-07-14,94,True,1,0,7,1,29,347,0
REQ-006936,LOC-01,SVC-01,Routine,13.0,2026-07-14,168,True,1,0,7,1,29,347,0
REQ-006937,LOC-08,SVC-08,Priority,71.8,2026-07-14,94,True,1,0,7,1,29,347,0
REQ-006939,LOC-08,SVC-06,Routine,22.1,2026-07-14,218,True,1,0,7,1,29,347,0
REQ-006940,LOC-04,SVC-01,Routine,11.9,2026-07-14,168,True,1,0,7,1,29,347,0
REQ-006941,LOC-10,SVC-07,Emergency,90.6,2026-07-14,5,False,1,0,7,1,29,347,1
REQ-006942,LOC-09,SVC-05,Routine,20.3,2026-07-14,218,True,1,0,7,1,29,347,0
REQ-006943,LOC-07,SVC-01,Routine,21.2,2026-07-14,185,True,1,0,7,1,29,347,0
REQ-006944,LOC-10,SVC-04,Priority,75.2,2026-07-14,94,True,1,0,7,1,29,347,0
REQ-006945,LOC-09,SVC-09,Priority,18.0,2026-07-14,94,True,1,0,7,1,29,347,0
REQ-006946,LOC-06,SVC-07,Urgent,42.1,2026-07-14,26,False,1,0,7,1,29,347,1
REQ-006947,LOC-01,SVC-04,Routine,14.2,2026-07-14,168,True,1,0,7,1,29,347,0
REQ-006948,LOC-05,SVC-05,Routine,17.4,2026-07-14,168,True,1,0,7,1,29,347,0
REQ-006949,LOC-07,SVC-03,Routine,37.4,2026-07-14,185,True,1,0,7,1,29,347,0
REQ-006950,LOC-08,SVC-02,Priority,13.1,2026-07-14,94,True,1,0,7,1,29,347,0
REQ-006951,LOC-08,SVC-04,Urgent,54.4,2026-07-14,31,True,1,0,7,1,29,347,0
REQ-006954,LOC-06,SVC-05,Urgent,80.9,2026-07-14,26,False,1,0,7,1,29,347,1
REQ-006956,LOC-07,SVC-01,Routine,54.7,2026-07-14,185,True,1,0,7,1,29,347,0
REQ-006957,LOC-08,SVC-03,Urgent,64.3,2026-07-14,31,True,1,0,7,1,29,347,0
REQ-006958,LOC-06,SVC-02,Urgent,34.0,2026-07-14,26,False,1,0,7,1,29,347,1
REQ-006959,LOC-01,SVC-03,Routine,23.4,2026-07-14,168,True,1,0,7,1,29,347,0
REQ-006960,LOC-07,SVC-04,Routine,18.7,2026-07-14,185,True,1,0,7,1,29,347,0
REQ-006961,LOC-07,SVC-02,Routine,54.0,2026-07-14,185,True,1,0,7,1,29,347,0
REQ-006962,LOC-07,SVC-04,Emergency,33.8,2026-07-14,4,False,1,0,7,1,29,347,1
REQ-006963,LOC-08,SVC-04,Priority,7.2,2026-07-14,94,True,1,0,7,1,29,347,0
REQ-006964,LOC-02,SVC-02,Urgent,72.8,2026-07-14,24,True,1,0,7,1,29,347,0
REQ-006965,LOC-10,SVC-02,Routine,20.0,2026-07-14,218,True,1,0,7,1,29,347,0
REQ-006966,LOC-04,SVC-02,Priority,38.2,2026-07-14,72,True,1,0,7,1,29,347,0
REQ-006967,LOC-02,SVC-01,Urgent,32.7,2026-07-14,24,True,1,0,7,1,29,347,0
REQ-006968,LOC-08,SVC-04,Priority,21.1,2026-07-14,94,True,1,0,7,1,29,347,0
REQ-006970,LOC-09,SVC-01,Priority,72.6,2026-07-15,94,True,2,0,7,1,29,348,0
REQ-006971,LOC-01,SVC-05,Routine,10.8,2026-07-15,168,True,2,0,7,1,29,348,0
REQ-006972,LOC-07,SVC-01,Routine,38.0,2026-07-15,185,True,2,0,7,1,29,348,0
REQ-006973,LOC-07,SVC-08,Priority,67.7,2026-07-15,79,True,2,0,7,1,29,348,0
REQ-006974,LOC-02,SVC-05,Routine,34.1,2026-07-15,168,True,2,0,7,1,29,348,0
REQ-006975,LOC-08,SVC-01,Routine,29.2,2026-07-15,218,True,2,0,7,1,29,348,0
REQ-006977,LOC-04,SVC-04,Priority,57.3,2026-07-15,72,True,2,0,7,1,29,348,0
REQ-006978,LOC-08,SVC-01,Priority,83.7,2026-07-15,94,True,2,0,7,1,29,348,0
REQ-006979,LOC-10,SVC-05,Emergency,36.3,2026-07-15,5,False,2,0,7,1,29,348,1
REQ-006980,LOC-07,SVC-01,Urgent,59.6,2026-07-15,26,False,2,0,7,1,29,348,1
REQ-006981,LOC-10,SVC-02,Routine,36.3,2026-07-15,218,True,2,0,7,1,29,348,0
REQ-006982,LOC-06,SVC-07,Emergency,80.7,2026-07-15,4,False,2,0,7,1,29,348,1
REQ-006983,LOC-06,SVC-09,Routine,26.0,2026-07-15,185,True,2,0,7,1,29,348,0
REQ-006984,LOC-03,SVC-06,Routine,22.2,2026-07-15,168,True,2,0,7,1,29,348,0
REQ-006985,LOC-08,SVC-06,Priority,40.2,2026-07-15,94,True,2,0,7,1,29,348,0
REQ-006986,LOC-02,SVC-05,Emergency,36.3,2026-07-15,4,False,2,0,7,1,29,348,1
REQ-006987,LOC-01,SVC-05,Priority,70.7,2026-07-15,72,True,2,0,7,1,29,348,0
REQ-006988,LOC-10,SVC-03,Routine,11.4,2026-07-15,218,True,2,0,7,1,29,348,0
REQ-006989,LOC-01,SVC-03,Emergency,39.8,2026-07-15,4,False,2,0,7,1,29,348,1
REQ-006990,LOC-07,SVC-01,Routine,7.0,2026-07-15,185,True,2,0,7,1,29,348,0
REQ-006992,LOC-02,SVC-02,Routine,38.9,2026-07-15,168,True,2,0,7,1,29,348,0
REQ-006993,LOC-09,SVC-03,Routine,36.3,2026-07-15,218,True,2,0,7,1,29,348,0
REQ-006994,LOC-06,SVC-08,Routine,21.9,2026-07-15,185,True,2,0,7,1,29,348,0
REQ-006995,LOC-07,SVC-05,Routine,6.3,2026-07-15,185,True,2,0,7,1,29,348,0
REQ-006996,LOC-01,SVC-04,Routine,40.5,2026-07-15,168,True,2,0,7,1,29,348,0
REQ-006997,LOC-07,SVC-01,Priority,42.8,2026-07-15,79,True,2,0,7,1,29,348,0
REQ-006998,LOC-07,SVC-06,Emergency,53.2,2026-07-15,4,False,2,0,7,1,29,348,1
REQ-006999,LOC-02,SVC-03,Urgent,12.0,2026-07-15,24,True,2,0,7,1,29,348,0
REQ-007000,LOC-04,SVC-01,Routine,40.4,2026-07-15,168,True,2,0,7,1,29,348,0
REQ-007001,LOC-08,SVC-09,Routine,29.4,2026-07-15,218,True,2,0,7,1,29,348,0
REQ-007002,LOC-05,SVC-08,Routine,15.4,2026-07-16,168,True,3,0,7,1,29,349,0
REQ-007003,LOC-06,SVC-01,Routine,12.9,2026-07-16,185,True,3,0,7,1,29,349,0
REQ-007005,LOC-07,SVC-07,Routine,8.6,2026-07-16,185,True,3,0,7,1,29,349,0
REQ-007006,LOC-03,SVC-02,Priority,37.7,2026-07-16,72,True,3,0,7,1,29,349,0
REQ-007008,LOC-10,SVC-02,Routine,37.0,2026-07-16,218,True,3,0,7,1,29,349,0
REQ-007009,LOC-10,SVC-01,Routine,21.1,2026-07-16,218,True,3,0,7,1,29,349,0
REQ-007010,LOC-05,SVC-07,Routine,24.2,2026-07-16,168,True,3,0,7,1,29,349,0
REQ-007012,LOC-02,SVC-03,Priority,47.3,2026-07-16,72,True,3,0,7,1,29,349,0
REQ-007014,LOC-09,SVC-03,Priority,35.5,2026-07-16,94,True,3,0,7,1,29,349,0
REQ-007015,LOC-02,SVC-05,Routine,65.3,2026-07-16,168,True,3,0,7,1,29,349,0
REQ-007016,LOC-02,SVC-02,Urgent,59.9,2026-07-16,24,True,3,0,7,1,29,349,0
REQ-007017,LOC-09,SVC-01,Urgent,22.6,2026-07-16,31,True,3,0,7,1,29,349,0
REQ-007018,LOC-03,SVC-01,Urgent,65.6,2026-07-16,24,True,3,0,7,1,29,349,0
REQ-007019,LOC-01,SVC-07,Priority,33.6,2026-07-16,72,True,3,0,7,1,29,349,0
REQ-007020,LOC-03,SVC-01,Routine,36.6,2026-07-16,168,True,3,0,7,1,29,349,0
REQ-007021,LOC-01,SVC-06,Emergency,63.8,2026-07-17,4,False,4,0,7,1,29,350,1
REQ-007022,LOC-01,SVC-05,Priority,17.3,2026-07-17,72,True,4,0,7,1,29,350,0
REQ-007023,LOC-07,SVC-02,Routine,71.4,2026-07-17,185,True,4,0,7,1,29,350,0
REQ-007025,LOC-04,SVC-03,Urgent,74.3,2026-07-17,24,True,4,0,7,1,29,350,0
REQ-007028,LOC-09,SVC-07,Routine,61.6,2026-07-17,218,True,4,0,7,1,29,350,0
REQ-007029,LOC-04,SVC-01,Emergency,31.8,2026-07-17,4,False,4,0,7,1,29,350,1
REQ-007030,LOC-08,SVC-07,Priority,37.6,2026-07-17,94,True,4,0,7,1,29,350,0
REQ-007031,LOC-03,SVC-01,Routine,40.5,2026-07-17,168,True,4,0,7,1,29,350,0
REQ-007032,LOC-06,SVC-01,Priority,40.1,2026-07-17,79,True,4,0,7,1,29,350,0
REQ-007033,LOC-04,SVC-02,Routine,23.2,2026-07-17,168,True,4,0,7,1,29,350,0
REQ-007034,LOC-02,SVC-03,Urgent,38.9,2026-07-17,24,True,4,0,7,1,29,350,0
REQ-007036,LOC-10,SVC-02,Routine,24.6,2026-07-17,218,True,4,0,7,1,29,350,0
REQ-007037,LOC-08,SVC-09,Urgent,35.2,2026-07-17,31,True,4,0,7,1,29,350,0
REQ-007038,LOC-09,SVC-07,Priority,35.3,2026-07-18,94,True,5,1,7,1,29,351,0
REQ-007039,LOC-10,SVC-05,Routine,24.2,2026-07-18,218,True,5,1,7,1,29,351,0
REQ-007040,LOC-05,SVC-01,Routine,51.5,2026-07-18,168,True,5,1,7,1,29,351,0
REQ-007041,LOC-08,SVC-01,Routine,34.8,2026-07-18,218,True,5,1,7,1,29,351,0
REQ-007042,LOC-09,SVC-03,Routine,12.1,2026-07-18,218,True,5,1,7,1,29,351,0
REQ-007043,LOC-10,SVC-03,Routine,16.0,2026-07-18,218,True,5,1,7,1,29,351,0
REQ-007044,LOC-04,SVC-01,Urgent,42.9,2026-07-18,24,False,5,1,7,1,29,351,1
REQ-007045,LOC-01,SVC-05,Emergency,86.7,2026-07-18,4,False,5,1,7,1,29,351,1
REQ-007046,LOC-10,SVC-03,Priority,38.7,2026-07-18,94,True,5,1,7,1,29,351,0
REQ-007048,LOC-04,SVC-05,Urgent,59.8,2026-07-18,24,True,5,1,7,1,29,351,0
REQ-007049,LOC-04,SVC-07,Emergency,18.0,2026-07-18,4,False,5,1,7,1,29,351,1
REQ-007050,LOC-06,SVC-01,Priority,88.1,2026-07-18,79,False,5,1,7,1,29,351,1
REQ-007051,LOC-05,SVC-04,Priority,39.3,2026-07-18,72,True,5,1,7,1,29,351,0
REQ-007052,LOC-02,SVC-05,Routine,12.6,2026-07-18,168,True,5,1,7,1,29,351,0
REQ-007053,LOC-06,SVC-02,Routine,38.4,2026-07-18,185,True,5,1,7,1,29,351,0
REQ-007054,LOC-09,SVC-02,Priority,43.8,2026-07-19,94,True,6,1,7,1,29,352,0
REQ-007055,LOC-03,SVC-01,Priority,13.4,2026-07-19,72,True,6,1,7,1,29,352,0
REQ-007056,LOC-02,SVC-01,Urgent,59.7,2026-07-19,24,False,6,1,7,1,29,352,1
REQ-007057,LOC-01,SVC-05,Urgent,65.7,2026-07-19,24,True,6,1,7,1,29,352,0
REQ-007058,LOC-01,SVC-03,Routine,60.9,2026-07-19,168,True,6,1,7,1,29,352,0
REQ-007059,LOC-08,SVC-07,Routine,41.6,2026-07-19,218,True,6,1,7,1,29,352,0
REQ-007060,LOC-01,SVC-04,Routine,4.0,2026-07-19,168,True,6,1,7,1,29,352,0
REQ-007061,LOC-04,SVC-09,Routine,14.0,2026-07-19,168,True,6,1,7,1,29,352,0
REQ-007062,LOC-02,SVC-05,Priority,8.8,2026-07-20,72,True,0,0,7,1,30,353,0
REQ-007063,LOC-04,SVC-03,Urgent,36.3,2026-07-20,24,True,0,0,7,1,30,353,0
REQ-007064,LOC-04,SVC-01,Routine,36.2,2026-07-20,168,True,0,0,7,1,30,353,0
REQ-007065,LOC-02,SVC-02,Urgent,90.4,2026-07-20,24,False,0,0,7,1,30,353,1
REQ-007066,LOC-04,SVC-05,Routine,64.1,2026-07-20,168,True,0,0,7,1,30,353,0
REQ-007067,LOC-04,SVC-02,Urgent,61.7,2026-07-20,24,True,0,0,7,1,30,353,0
REQ-007068,LOC-02,SVC-01,Emergency,60.6,2026-07-20,4,False,0,0,7,1,30,353,1
REQ-007069,LOC-01,SVC-02,Routine,11.7,2026-07-20,168,True,0,0,7,1,30,353,0
REQ-007071,LOC-03,SVC-02,Routine,42.9,2026-07-20,168,True,0,0,7,1,30,353,0
REQ-007072,LOC-01,SVC-01,Priority,73.1,2026-07-20,72,True,0,0,7,1,30,353,0
REQ-007073,LOC-08,SVC-01,Routine,10.6,2026-07-20,218,True,0,0,7,1,30,353,0
REQ-007074,LOC-04,SVC-09,Routine,63.7,2026-07-20,168,True,0,0,7,1,30,353,0
REQ-007075,LOC-09,SVC-05,Routine,25.0,2026-07-20,218,True,0,0,7,1,30,353,0
REQ-007076,LOC-03,SVC-07,Routine,36.3,2026-07-20,168,True,0,0,7,1,30,353,0
REQ-007077,LOC-09,SVC-04,Priority,34.4,2026-07-20,94,True,0,0,7,1,30,353,0
REQ-007078,LOC-10,SVC-07,Routine,13.9,2026-07-20,218,True,0,0,7,1,30,353,0
REQ-007080,LOC-10,SVC-06,Priority,44.5,2026-07-20,94,True,0,0,7,1,30,353,0
REQ-007081,LOC-05,SVC-03,Routine,41.1,2026-07-20,168,True,0,0,7,1,30,353,0
REQ-007082,LOC-09,SVC-07,Priority,16.2,2026-07-20,94,True,0,0,7,1,30,353,0
REQ-007083,LOC-02,SVC-08,Routine,13.0,2026-07-20,168,True,0,0,7,1,30,353,0
REQ-007084,LOC-05,SVC-01,Urgent,16.5,2026-07-20,24,True,0,0,7,1,30,353,0
REQ-007085,LOC-08,SVC-06,Routine,33.9,2026-07-20,218,True,0,0,7,1,30,353,0
REQ-007086,LOC-10,SVC-02,Routine,20.0,2026-07-20,218,True,0,0,7,1,30,353,0
REQ-007087,LOC-05,SVC-09,Routine,69.8,2026-07-20,168,True,0,0,7,1,30,353,0
REQ-007088,LOC-05,SVC-02,Routine,16.6,2026-07-20,168,True,0,0,7,1,30,353,0
REQ-007089,LOC-01,SVC-03,Priority,54.6,2026-07-20,72,True,0,0,7,1,30,353,0
REQ-007091,LOC-05,SVC-05,Routine,27.7,2026-07-21,168,True,1,0,7,1,30,354,0
REQ-007092,LOC-10,SVC-04,Routine,59.1,2026-07-21,218,True,1,0,7,1,30,354,0
REQ-007093,LOC-08,SVC-01,Routine,13.8,2026-07-21,218,True,1,0,7,1,30,354,0
REQ-007094,LOC-04,SVC-09,Priority,12.0,2026-07-21,72,True,1,0,7,1,30,354,0
REQ-007095,LOC-05,SVC-02,Routine,19.2,2026-07-21,168,True,1,0,7,1,30,354,0
REQ-007096,LOC-02,SVC-05,Routine,20.2,2026-07-21,168,True,1,0,7,1,30,354,0
REQ-007097,LOC-01,SVC-05,Urgent,84.8,2026-07-21,24,False,1,0,7,1,30,354,1
REQ-007099,LOC-05,SVC-02,Routine,18.1,2026-07-21,168,True,1,0,7,1,30,354,0
REQ-007100,LOC-01,SVC-01,Priority,36.5,2026-07-21,72,True,1,0,7,1,30,354,0
REQ-007101,LOC-05,SVC-03,Urgent,60.5,2026-07-21,24,False,1,0,7,1,30,354,1
REQ-007102,LOC-03,SVC-09,Routine,35.2,2026-07-21,168,True,1,0,7,1,30,354,0
REQ-007103,LOC-10,SVC-02,Routine,8.4,2026-07-21,218,True,1,0,7,1,30,354,0
REQ-007105,LOC-09,SVC-02,Priority,37.2,2026-07-21,94,True,1,0,7,1,30,354,0
REQ-007106,LOC-08,SVC-08,Routine,33.4,2026-07-21,218,True,1,0,7,1,30,354,0
REQ-007107,LOC-03,SVC-01,Priority,17.1,2026-07-21,72,True,1,0,7,1,30,354,0
REQ-007109,LOC-05,SVC-07,Priority,19.2,2026-07-21,72,True,1,0,7,1,30,354,0
REQ-007110,LOC-10,SVC-05,Routine,42.9,2026-07-21,218,True,1,0,7,1,30,354,0
REQ-007112,LOC-09,SVC-01,Routine,39.1,2026-07-21,218,True,1,0,7,1,30,354,0
REQ-007113,LOC-07,SVC-08,Routine,14.4,2026-07-21,185,True,1,0,7,1,30,354,0
REQ-007114,LOC-02,SVC-09,Urgent,94.2,2026-07-22,24,True,2,0,7,1,30,355,0
REQ-007115,LOC-10,SVC-05,Urgent,67.0,2026-07-22,31,False,2,0,7,1,30,355,1
REQ-007117,LOC-01,SVC-05,Priority,31.8,2026-07-22,72,True,2,0,7,1,30,355,0
REQ-007118,LOC-07,SVC-04,Routine,31.4,2026-07-22,185,True,2,0,7,1,30,355,0
REQ-007120,LOC-06,SVC-05,Priority,3.6,2026-07-22,79,True,2,0,7,1,30,355,0
REQ-007121,LOC-08,SVC-01,Urgent,43.5,2026-07-22,31,True,2,0,7,1,30,355,0
REQ-007122,LOC-03,SVC-08,Priority,13.2,2026-07-22,72,True,2,0,7,1,30,355,0
REQ-007123,LOC-02,SVC-01,Priority,16.8,2026-07-22,72,True,2,0,7,1,30,355,0
REQ-007124,LOC-06,SVC-01,Routine,34.1,2026-07-22,185,True,2,0,7,1,30,355,0
REQ-007125,LOC-08,SVC-05,Routine,25.6,2026-07-22,218,True,2,0,7,1,30,355,0
REQ-007126,LOC-02,SVC-01,Routine,64.5,2026-07-22,168,True,2,0,7,1,30,355,0
REQ-007127,LOC-06,SVC-08,Routine,29.8,2026-07-22,185,True,2,0,7,1,30,355,0
REQ-007128,LOC-03,SVC-01,Routine,89.6,2026-07-22,168,True,2,0,7,1,30,355,0
REQ-007129,LOC-03,SVC-01,Routine,8.0,2026-07-22,168,True,2,0,7,1,30,355,0
REQ-007130,LOC-03,SVC-01,Routine,15.7,2026-07-22,168,True,2,0,7,1,30,355,0
REQ-007131,LOC-02,SVC-02,Urgent,61.7,2026-07-22,24,True,2,0,7,1,30,355,0
REQ-007132,LOC-03,SVC-03,Routine,37.6,2026-07-22,168,True,2,0,7,1,30,355,0
REQ-007133,LOC-08,SVC-06,Routine,14.4,2026-07-22,218,True,2,0,7,1,30,355,0
REQ-007134,LOC-06,SVC-02,Routine,31.5,2026-07-22,185,True,2,0,7,1,30,355,0
REQ-007135,LOC-08,SVC-01,Priority,15.3,2026-07-22,94,True,2,0,7,1,30,355,0
REQ-007136,LOC-05,SVC-06,Priority,55.5,2026-07-22,72,True,2,0,7,1,30,355,0
REQ-007137,LOC-01,SVC-05,Priority,36.3,2026-07-23,72,True,3,0,7,1,30,356,0
REQ-007138,LOC-08,SVC-03,Routine,58.3,2026-07-23,218,True,3,0,7,1,30,356,0
REQ-007140,LOC-04,SVC-01,Routine,14.2,2026-07-23,168,True,3,0,7,1,30,356,0
REQ-007141,LOC-08,SVC-08,Urgent,33.8,2026-07-23,31,True,3,0,7,1,30,356,0
REQ-007142,LOC-08,SVC-02,Routine,1.9,2026-07-23,218,True,3,0,7,1,30,356,0
REQ-007144,LOC-01,SVC-03,Priority,31.3,2026-07-23,72,True,3,0,7,1,30,356,0
REQ-007145,LOC-04,SVC-06,Routine,36.5,2026-07-23,168,True,3,0,7,1,30,356,0
REQ-007147,LOC-09,SVC-06,Urgent,66.3,2026-07-23,31,True,3,0,7,1,30,356,0
REQ-007148,LOC-05,SVC-05,Emergency,36.5,2026-07-23,4,False,3,0,7,1,30,356,1
REQ-007149,LOC-03,SVC-06,Urgent,17.2,2026-07-23,24,True,3,0,7,1,30,356,0
REQ-007150,LOC-09,SVC-04,Routine,17.0,2026-07-23,218,True,3,0,7,1,30,356,0
REQ-007151,LOC-03,SVC-01,Routine,88.0,2026-07-23,168,False,3,0,7,1,30,356,1
REQ-007152,LOC-08,SVC-01,Priority,87.9,2026-07-23,94,True,3,0,7,1,30,356,0
REQ-007153,LOC-10,SVC-05,Routine,36.3,2026-07-23,218,True,3,0,7,1,30,356,0
REQ-007154,LOC-09,SVC-02,Routine,8.2,2026-07-23,218,True,3,0,7,1,30,356,0
REQ-007155,LOC-08,SVC-04,Routine,17.8,2026-07-23,218,True,3,0,7,1,30,356,0
REQ-007156,LOC-08,SVC-05,Routine,29.4,2026-07-23,218,True,3,0,7,1,30,356,0
REQ-007157,LOC-01,SVC-01,Routine,17.3,2026-07-23,168,True,3,0,7,1,30,356,0
REQ-007158,LOC-10,SVC-05,Priority,14.7,2026-07-23,94,True,3,0,7,1,30,356,0
REQ-007159,LOC-01,SVC-07,Urgent,66.1,2026-07-23,24,True,3,0,7,1,30,356,0
REQ-007160,LOC-07,SVC-05,Routine,42.9,2026-07-23,185,True,3,0,7,1,30,356,0
REQ-007161,LOC-07,SVC-04,Priority,71.0,2026-07-23,79,True,3,0,7,1,30,356,0
REQ-007162,LOC-08,SVC-04,Routine,9.5,2026-07-23,218,True,3,0,7,1,30,356,0
REQ-007163,LOC-07,SVC-03,Routine,13.0,2026-07-23,185,True,3,0,7,1,30,356,0
REQ-007164,LOC-06,SVC-01,Priority,88.4,2026-07-23,79,True,3,0,7,1,30,356,0
REQ-007165,LOC-06,SVC-08,Priority,33.0,2026-07-24,79,True,4,0,7,1,30,357,0
REQ-007166,LOC-05,SVC-01,Routine,42.4,2026-07-24,168,True,4,0,7,1,30,357,0
REQ-007167,LOC-07,SVC-01,Emergency,67.1,2026-07-24,4,False,4,0,7,1,30,357,1
REQ-007168,LOC-09,SVC-01,Priority,39.2,2026-07-24,94,True,4,0,7,1,30,357,0
REQ-007170,LOC-04,SVC-05,Urgent,82.2,2026-07-24,24,True,4,0,7,1,30,357,0
REQ-007171,LOC-04,SVC-02,Routine,20.8,2026-07-24,168,True,4,0,7,1,30,357,0
REQ-007172,LOC-07,SVC-03,Urgent,62.9,2026-07-24,26,True,4,0,7,1,30,357,0
REQ-007173,LOC-04,SVC-06,Routine,44.4,2026-07-24,168,True,4,0,7,1,30,357,0
REQ-007174,LOC-10,SVC-08,Priority,36.3,2026-07-24,94,True,4,0,7,1,30,357,0
REQ-007175,LOC-07,SVC-03,Routine,23.0,2026-07-24,185,True,4,0,7,1,30,357,0
REQ-007176,LOC-10,SVC-06,Routine,12.6,2026-07-24,218,True,4,0,7,1,30,357,0
REQ-007177,LOC-05,SVC-05,Routine,30.3,2026-07-24,168,True,4,0,7,1,30,357,0
REQ-007179,LOC-08,SVC-09,Routine,13.4,2026-07-24,218,True,4,0,7,1,30,357,0
REQ-007180,LOC-10,SVC-08,Routine,1.0,2026-07-24,218,True,4,0,7,1,30,357,0
REQ-007181,LOC-06,SVC-03,Priority,36.3,2026-07-24,79,True,4,0,7,1,30,357,0
REQ-007182,LOC-08,SVC-06,Urgent,48.1,2026-07-24,31,True,4,0,7,1,30,357,0
REQ-007183,LOC-03,SVC-05,Routine,18.2,2026-07-24,168,True,4,0,7,1,30,357,0
REQ-007184,LOC-07,SVC-05,Priority,41.4,2026-07-24,79,True,4,0,7,1,30,357,0
REQ-007186,LOC-03,SVC-06,Routine,41.4,2026-07-24,168,True,4,0,7,1,30,357,0
REQ-007187,LOC-09,SVC-08,Routine,41.7,2026-07-24,218,True,4,0,7,1,30,357,0
REQ-007188,LOC-08,SVC-09,Priority,20.6,2026-07-24,94,True,4,0,7,1,30,357,0
REQ-007189,LOC-01,SVC-05,Routine,17.2,2026-07-24,168,True,4,0,7,1,30,357,0
REQ-007190,LOC-03,SVC-01,Routine,84.0,2026-07-24,168,True,4,0,7,1,30,357,0
REQ-007191,LOC-01,SVC-06,Routine,14.3,2026-07-24,168,True,4,0,7,1,30,357,0
REQ-007192,LOC-02,SVC-04,Routine,16.8,2026-07-24,168,True,4,0,7,1,30,357,0
REQ-007193,LOC-06,SVC-01,Urgent,91.6,2026-07-24,26,True,4,0,7,1,30,357,0
REQ-007194,LOC-10,SVC-07,Routine,21.1,2026-07-25,218,True,5,1,7,1,30,358,0
REQ-007195,LOC-03,SVC-01,Urgent,31.2,2026-07-25,24,True,5,1,7,1,30,358,0
REQ-007196,LOC-06,SVC-05,Routine,9.1,2026-07-25,185,True,5,1,7,1,30,358,0
REQ-007197,LOC-10,SVC-04,Priority,67.8,2026-07-25,94,True,5,1,7,1,30,358,0
REQ-007198,LOC-06,SVC-01,Urgent,55.3,2026-07-25,26,True,5,1,7,1,30,358,0
REQ-007199,LOC-07,SVC-02,Routine,36.3,2026-07-25,185,True,5,1,7,1,30,358,0
REQ-007200,LOC-02,SVC-07,Urgent,51.6,2026-07-25,24,False,5,1,7,1,30,358,1
REQ-007201,LOC-03,SVC-06,Priority,33.6,2026-07-25,72,True,5,1,7,1,30,358,0
REQ-007202,LOC-08,SVC-02,Urgent,35.4,2026-07-25,31,False,5,1,7,1,30,358,1
REQ-007203,LOC-06,SVC-01,Urgent,85.0,2026-07-25,26,False,5,1,7,1,30,358,1
REQ-007204,LOC-09,SVC-06,Priority,63.8,2026-07-25,94,True,5,1,7,1,30,358,0
REQ-007205,LOC-02,SVC-06,Urgent,12.0,2026-07-25,24,False,5,1,7,1,30,358,1
REQ-007206,LOC-09,SVC-01,Routine,43.7,2026-07-25,218,True,5,1,7,1,30,358,0
REQ-007207,LOC-06,SVC-07,Urgent,61.4,2026-07-25,26,True,5,1,7,1,30,358,0
REQ-007208,LOC-06,SVC-01,Routine,20.6,2026-07-25,185,True,5,1,7,1,30,358,0
REQ-007209,LOC-07,SVC-04,Routine,18.0,2026-07-25,185,True,5,1,7,1,30,358,0
REQ-007210,LOC-01,SVC-06,Urgent,34.1,2026-07-25,24,True,5,1,7,1,30,358,0
REQ-007211,LOC-05,SVC-04,Routine,44.8,2026-07-26,168,True,6,1,7,1,30,359,0
REQ-007212,LOC-01,SVC-01,Routine,12.8,2026-07-26,168,True,6,1,7,1,30,359,0
REQ-007213,LOC-06,SVC-04,Routine,12.5,2026-07-26,185,True,6,1,7,1,30,359,0
REQ-007214,LOC-03,SVC-05,Routine,12.9,2026-07-26,168,True,6,1,7,1,30,359,0
REQ-007215,LOC-08,SVC-05,Routine,37.3,2026-07-26,218,True,6,1,7,1,30,359,0
REQ-007216,LOC-03,SVC-03,Routine,36.4,2026-07-26,168,True,6,1,7,1,30,359,0
REQ-007217,LOC-04,SVC-02,Priority,80.2,2026-07-26,72,True,6,1,7,1,30,359,0
REQ-007218,LOC-01,SVC-05,Routine,7.3,2026-07-26,168,True,6,1,7,1,30,359,0
REQ-007219,LOC-01,SVC-05,Routine,32.7,2026-07-26,168,True,6,1,7,1,30,359,0
REQ-007220,LOC-07,SVC-07,Routine,4.3,2026-07-26,185,True,6,1,7,1,30,359,0
REQ-007221,LOC-06,SVC-06,Routine,9.7,2026-07-26,185,True,6,1,7,1,30,359,0
REQ-007222,LOC-07,SVC-02,Routine,5.6,2026-07-27,185,True,0,0,7,1,31,360,0
REQ-007223,LOC-09,SVC-08,Urgent,38.0,2026-07-27,31,False,0,0,7,1,31,360,1
REQ-007224,LOC-07,SVC-02,Priority,34.4,2026-07-27,79,True,0,0,7,1,31,360,0
REQ-007226,LOC-10,SVC-06,Routine,34.5,2026-07-27,218,True,0,0,7,1,31,360,0
REQ-007227,LOC-09,SVC-08,Urgent,39.3,2026-07-27,31,False,0,0,7,1,31,360,1
REQ-007228,LOC-10,SVC-01,Priority,46.3,2026-07-27,94,True,0,0,7,1,31,360,0
REQ-007229,LOC-04,SVC-01,Routine,14.1,2026-07-27,168,True,0,0,7,1,31,360,0
REQ-007230,LOC-06,SVC-02,Priority,40.6,2026-07-27,79,True,0,0,7,1,31,360,0
REQ-007231,LOC-01,SVC-05,Priority,13.7,2026-07-27,72,True,0,0,7,1,31,360,0
REQ-007232,LOC-07,SVC-02,Routine,15.3,2026-07-27,185,True,0,0,7,1,31,360,0
REQ-007233,LOC-07,SVC-02,Urgent,57.9,2026-07-27,26,True,0,0,7,1,31,360,0
REQ-007235,LOC-01,SVC-05,Routine,39.0,2026-07-27,168,True,0,0,7,1,31,360,0
REQ-007237,LOC-05,SVC-01,Priority,59.4,2026-07-27,72,True,0,0,7,1,31,360,0
REQ-007238,LOC-06,SVC-03,Routine,45.1,2026-07-27,185,True,0,0,7,1,31,360,0
REQ-007239,LOC-02,SVC-02,Routine,43.9,2026-07-27,168,True,0,0,7,1,31,360,0
REQ-007240,LOC-02,SVC-01,Priority,15.0,2026-07-27,72,True,0,0,7,1,31,360,0
REQ-007242,LOC-08,SVC-02,Routine,40.0,2026-07-27,218,True,0,0,7,1,31,360,0
REQ-007243,LOC-09,SVC-03,Routine,24.2,2026-07-27,218,True,0,0,7,1,31,360,0
REQ-007245,LOC-03,SVC-05,Urgent,26.9,2026-07-27,24,True,0,0,7,1,31,360,0
REQ-007247,LOC-06,SVC-02,Urgent,53.9,2026-07-27,26,True,0,0,7,1,31,360,0
REQ-007248,LOC-01,SVC-05,Routine,43.9,2026-07-27,168,True,0,0,7,1,31,360,0
REQ-007249,LOC-03,SVC-07,Routine,64.3,2026-07-27,168,True,0,0,7,1,31,360,0
REQ-007250,LOC-03,SVC-07,Routine,40.9,2026-07-28,168,True,1,0,7,1,31,361,0
REQ-007251,LOC-02,SVC-08,Priority,59.1,2026-07-28,72,True,1,0,7,1,31,361,0
REQ-007254,LOC-05,SVC-01,Priority,8.7,2026-07-28,72,True,1,0,7,1,31,361,0
REQ-007256,LOC-04,SVC-05,Routine,36.3,2026-07-28,168,True,1,0,7,1,31,361,0
REQ-007257,LOC-04,SVC-07,Urgent,30.7,2026-07-28,24,True,1,0,7,1,31,361,0
REQ-007258,LOC-05,SVC-01,Routine,59.8,2026-07-28,168,True,1,0,7,1,31,361,0
REQ-007259,LOC-05,SVC-03,Routine,66.5,2026-07-28,168,True,1,0,7,1,31,361,0
REQ-007262,LOC-07,SVC-02,Urgent,91.5,2026-07-28,26,True,1,0,7,1,31,361,0
REQ-007263,LOC-02,SVC-09,Priority,46.3,2026-07-28,72,True,1,0,7,1,31,361,0
REQ-007264,LOC-08,SVC-03,Routine,6.0,2026-07-28,218,True,1,0,7,1,31,361,0
REQ-007265,LOC-10,SVC-02,Priority,60.2,2026-07-28,94,True,1,0,7,1,31,361,0
REQ-007266,LOC-01,SVC-06,Emergency,61.7,2026-07-28,4,False,1,0,7,1,31,361,1
REQ-007267,LOC-02,SVC-07,Urgent,87.5,2026-07-28,24,True,1,0,7,1,31,361,0
REQ-007268,LOC-07,SVC-03,Urgent,56.0,2026-07-28,26,True,1,0,7,1,31,361,0
REQ-007269,LOC-02,SVC-02,Routine,44.2,2026-07-28,168,True,1,0,7,1,31,361,0
REQ-007271,LOC-10,SVC-01,Priority,60.9,2026-07-28,94,True,1,0,7,1,31,361,0
REQ-007272,LOC-07,SVC-02,Routine,42.6,2026-07-28,185,True,1,0,7,1,31,361,0
REQ-007273,LOC-08,SVC-09,Routine,48.6,2026-07-28,218,True,1,0,7,1,31,361,0
REQ-007274,LOC-07,SVC-06,Routine,17.5,2026-07-28,185,True,1,0,7,1,31,361,0
REQ-007275,LOC-07,SVC-09,Urgent,56.8,2026-07-28,26,True,1,0,7,1,31,361,0
REQ-007276,LOC-07,SVC-04,Routine,37.0,2026-07-28,185,True,1,0,7,1,31,361,0
REQ-007277,LOC-04,SVC-07,Routine,14.0,2026-07-28,168,True,1,0,7,1,31,361,0
REQ-007278,LOC-06,SVC-01,Routine,11.4,2026-07-29,185,True,2,0,7,1,31,362,0
REQ-007279,LOC-10,SVC-05,Routine,17.3,2026-07-29,218,True,2,0,7,1,31,362,0
REQ-007280,LOC-01,SVC-01,Priority,16.0,2026-07-29,72,True,2,0,7,1,31,362,0
REQ-007281,LOC-10,SVC-01,Urgent,12.2,2026-07-29,31,True,2,0,7,1,31,362,0
REQ-007282,LOC-03,SVC-02,Priority,79.8,2026-07-29,72,True,2,0,7,1,31,362,0
REQ-007283,LOC-09,SVC-01,Routine,7.0,2026-07-29,218,True,2,0,7,1,31,362,0
REQ-007284,LOC-01,SVC-09,Priority,11.5,2026-07-29,72,True,2,0,7,1,31,362,0
REQ-007285,LOC-06,SVC-03,Priority,31.3,2026-07-29,79,True,2,0,7,1,31,362,0
REQ-007286,LOC-04,SVC-03,Priority,87.7,2026-07-29,72,True,2,0,7,1,31,362,0
REQ-007287,LOC-02,SVC-03,Routine,18.0,2026-07-29,168,True,2,0,7,1,31,362,0
REQ-007288,LOC-08,SVC-07,Priority,39.8,2026-07-29,94,True,2,0,7,1,31,362,0
REQ-007289,LOC-03,SVC-03,Routine,36.9,2026-07-29,168,True,2,0,7,1,31,362,0
REQ-007290,LOC-06,SVC-01,Priority,32.5,2026-07-29,79,True,2,0,7,1,31,362,0
REQ-007291,LOC-06,SVC-01,Routine,44.0,2026-07-29,185,True,2,0,7,1,31,362,0
REQ-007292,LOC-01,SVC-07,Routine,19.2,2026-07-29,168,True,2,0,7,1,31,362,0
REQ-007293,LOC-07,SVC-07,Routine,49.9,2026-07-29,185,True,2,0,7,1,31,362,0
REQ-007295,LOC-02,SVC-06,Routine,41.3,2026-07-29,168,True,2,0,7,1,31,362,0
REQ-007296,LOC-02,SVC-03,Priority,23.4,2026-07-29,72,True,2,0,7,1,31,362,0
REQ-007297,LOC-07,SVC-07,Urgent,36.1,2026-07-29,26,True,2,0,7,1,31,362,0
REQ-007298,LOC-10,SVC-03,Emergency,85.8,2026-07-29,5,False,2,0,7,1,31,362,1
REQ-007299,LOC-09,SVC-02,Priority,6.7,2026-07-29,94,True,2,0,7,1,31,362,0
REQ-007301,LOC-06,SVC-03,Priority,14.0,2026-07-30,79,True,3,0,7,1,31,363,0
REQ-007302,LOC-07,SVC-03,Routine,20.8,2026-07-30,185,True,3,0,7,1,31,363,0
REQ-007303,LOC-02,SVC-03,Priority,8.6,2026-07-30,72,True,3,0,7,1,31,363,0
REQ-007304,LOC-07,SVC-02,Priority,38.7,2026-07-30,79,False,3,0,7,1,31,363,1
REQ-007305,LOC-03,SVC-03,Priority,38.2,2026-07-30,72,True,3,0,7,1,31,363,0
REQ-007306,LOC-06,SVC-04,Routine,9.7,2026-07-30,185,True,3,0,7,1,31,363,0
REQ-007307,LOC-08,SVC-03,Routine,16.1,2026-07-30,218,True,3,0,7,1,31,363,0
REQ-007308,LOC-06,SVC-08,Urgent,68.1,2026-07-30,26,False,3,0,7,1,31,363,1
REQ-007310,LOC-08,SVC-01,Routine,17.9,2026-07-30,218,True,3,0,7,1,31,363,0
REQ-007311,LOC-01,SVC-03,Urgent,43.4,2026-07-30,24,True,3,0,7,1,31,363,0
REQ-007312,LOC-05,SVC-01,Priority,2.3,2026-07-30,72,True,3,0,7,1,31,363,0
REQ-007313,LOC-10,SVC-01,Routine,65.1,2026-07-30,218,True,3,0,7,1,31,363,0
REQ-007314,LOC-05,SVC-06,Urgent,62.5,2026-07-30,24,True,3,0,7,1,31,363,0
REQ-007315,LOC-05,SVC-01,Routine,39.7,2026-07-30,168,True,3,0,7,1,31,363,0
REQ-007316,LOC-02,SVC-01,Urgent,99.0,2026-07-30,24,True,3,0,7,1,31,363,0
REQ-007317,LOC-04,SVC-07,Priority,43.6,2026-07-30,72,True,3,0,7,1,31,363,0
REQ-007318,LOC-01,SVC-09,Priority,38.1,2026-07-30,72,True,3,0,7,1,31,363,0
REQ-007319,LOC-03,SVC-01,Routine,43.0,2026-07-30,168,True,3,0,7,1,31,363,0
REQ-007320,LOC-08,SVC-05,Emergency,85.1,2026-07-30,5,False,3,0,7,1,31,363,1
REQ-007321,LOC-09,SVC-04,Priority,4.1,2026-07-30,94,True,3,0,7,1,31,363,0
REQ-007322,LOC-04,SVC-01,Routine,5.9,2026-07-30,168,True,3,0,7,1,31,363,0
REQ-007323,LOC-06,SVC-04,Priority,62.5,2026-07-30,79,True,3,0,7,1,31,363,0
REQ-007324,LOC-06,SVC-06,Urgent,56.2,2026-07-30,26,True,3,0,7,1,31,363,0
REQ-007325,LOC-10,SVC-01,Priority,5.5,2026-07-30,94,True,3,0,7,1,31,363,0
REQ-007326,LOC-01,SVC-09,Priority,16.1,2026-07-30,72,True,3,0,7,1,31,363,0
REQ-007327,LOC-04,SVC-09,Priority,33.6,2026-07-30,72,True,3,0,7,1,31,363,0
REQ-007329,LOC-04,SVC-07,Routine,44.1,2026-07-31,168,True,4,0,7,1,31,364,0
REQ-007330,LOC-08,SVC-06,Priority,68.8,2026-07-31,94,False,4,0,7,1,31,364,1
REQ-007331,LOC-02,SVC-02,Routine,39.3,2026-07-31,168,True,4,0,7,1,31,364,0
REQ-007332,LOC-07,SVC-04,Routine,14.1,2026-07-31,185,True,4,0,7,1,31,364,0
REQ-007333,LOC-09,SVC-05,Emergency,89.3,2026-07-31,5,False,4,0,7,1,31,364,1
REQ-007334,LOC-01,SVC-01,Routine,17.7,2026-07-31,168,True,4,0,7,1,31,364,0
REQ-007335,LOC-09,SVC-02,Priority,91.3,2026-07-31,94,True,4,0,7,1,31,364,0
REQ-007336,LOC-01,SVC-01,Routine,35.9,2026-07-31,168,True,4,0,7,1,31,364,0
REQ-007337,LOC-06,SVC-01,Priority,65.9,2026-07-31,79,False,4,0,7,1,31,364,1
REQ-007338,LOC-02,SVC-02,Urgent,88.7,2026-07-31,24,True,4,0,7,1,31,364,0
REQ-007339,LOC-04,SVC-05,Urgent,63.6,2026-07-31,24,False,4,0,7,1,31,364,1
REQ-007340,LOC-06,SVC-01,Routine,18.0,2026-07-31,185,True,4,0,7,1,31,364,0
REQ-007341,LOC-08,SVC-01,Routine,72.6,2026-07-31,218,True,4,0,7,1,31,364,0
REQ-007342,LOC-09,SVC-03,Routine,15.4,2026-07-31,218,True,4,0,7,1,31,364,0
REQ-007343,LOC-01,SVC-01,Priority,18.8,2026-07-31,72,True,4,0,7,1,31,364,0
REQ-007344,LOC-04,SVC-03,Priority,20.4,2026-07-31,72,True,4,0,7,1,31,364,0
REQ-007345,LOC-02,SVC-02,Priority,63.9,2026-07-31,72,True,4,0,7,1,31,364,0
REQ-007346,LOC-08,SVC-01,Priority,41.2,2026-07-31,94,True,4,0,7,1,31,364,0
REQ-007347,LOC-01,SVC-07,Routine,12.3,2026-07-31,168,True,4,0,7,1,31,364,0
REQ-007348,LOC-01,SVC-05,Urgent,46.5,2026-07-31,24,False,4,0,7,1,31,364,1
REQ-007349,LOC-06,SVC-08,Priority,64.9,2026-07-31,79,True,4,0,7,1,31,364,0
REQ-007350,LOC-09,SVC-02,Routine,22.4,2026-07-31,218,True,4,0,7,1,31,364,0
REQ-007351,LOC-06,SVC-07,Priority,57.5,2026-07-31,79,True,4,0,7,1,31,364,0
REQ-007352,LOC-09,SVC-04,Routine,13.2,2026-07-31,218,True,4,0,7,1,31,364,0
REQ-007353,LOC-06,SVC-06,Priority,26.3,2026-07-31,79,True,4,0,7,1,31,364,0
