outcome_id,appointment_id,client_satisfaction_score,outcome_quality_score,incident_flag,incident_severity,goal_achieved_flag,follow_up_required_flag
OUT-000001,APT-000002,3.8,81.7,False,,True,False
OUT-000002,APT-000007,2.8,73.3,False,,True,False
OUT-000003,APT-000008,3.4,82.2,False,,False,False
OUT-000004,APT-000010,3.7,79.9,False,,True,False
OUT-000005,APT-000013,4.1,83.7,False,,True,False
OUT-000006,APT-000017,3.8,76.3,False,,True,False
OUT-000007,APT-000019,5.0,71.8,False,,True,False
OUT-000008,APT-000020,4.5,89.8,False,,True,True
OUT-000009,APT-000021,4.9,78.2,False,,True,False
OUT-000010,APT-000023,4.9,85.5,False,,True,False
OUT-000011,APT-000024,5.0,86.8,False,,True,True
OUT-000012,APT-000026,5.0,89.7,False,,True,True
OUT-000013,APT-000027,4.7,84.2,False,,True,False
OUT-000014,APT-000030,4.1,65.6,False,,False,True
OUT-000015,APT-000032,5.0,73.5,False,,True,False
OUT-000016,APT-000033,3.5,81.3,False,,True,False
OUT-000017,APT-000034,4.6,75.5,False,,True,False
OUT-000018,APT-000035,,68.6,False,,True,False
OUT-000019,APT-000038,,92.4,False,,True,False
OUT-000020,APT-000039,4.2,89.8,False,,False,False
OUT-000021,APT-000040,4.3,82.6,False,,True,False
OUT-000022,APT-000042,,85.2,False,,True,False
OUT-000023,APT-000043,4.6,87.4,False,,True,False
OUT-000024,APT-000047,4.1,78.9,False,,True,False
OUT-000025,APT-000048,4.5,86.4,False,,True,False
OUT-000026,APT-000049,4.4,72.2,True,High,True,False
OUT-000027,APT-000050,3.9,65.2,False,,True,True
OUT-000028,APT-000051,5.0,99.7,False,,True,True
OUT-000029,APT-000052,4.3,81.8,False,,True,False
OUT-000030,APT-000053,3.4,72.0,False,,False,False
OUT-000031,APT-000054,3.0,84.2,False,,True,False
OUT-000032,APT-000055,4.5,96.4,False,,True,False
OUT-000033,APT-000056,4.3,86.3,False,,False,True
OUT-000034,APT-000057,3.7,66.5,False,,True,False
OUT-000035,APT-000059,4.2,82.9,False,,True,False
OUT-000036,APT-000060,5.0,88.6,False,,True,False
OUT-000037,APT-000062,3.3,99.9,False,,True,False
OUT-000038,APT-000065,3.5,82.7,False,,True,False
OUT-000039,APT-000066,5.0,85.2,False,,True,False
OUT-000040,APT-000067,5.0,92.7,False,,True,False
OUT-000041,APT-000069,,85.0,False,,False,False
OUT-000042,APT-000070,5.0,74.8,False,,True,False
OUT-000043,APT-000071,3.7,95.4,False,,True,True
OUT-000044,APT-000072,,87.5,False,,True,True
OUT-000045,APT-000073,4.0,76.1,False,,True,True
OUT-000046,APT-000074,4.9,86.6,False,,True,False
OUT-000047,APT-000075,4.3,76.0,True,Low,False,False
OUT-000048,APT-000077,4.3,79.3,False,,True,False
OUT-000049,APT-000078,4.4,80.8,False,,True,False
OUT-000050,APT-000079,5.0,86.9,False,,True,False
OUT-000051,APT-000080,3.9,68.6,False,,False,False
OUT-000052,APT-000081,4.6,88.5,False,,False,False
OUT-000053,APT-000082,4.5,95.0,False,,True,False
OUT-000054,APT-000083,5.0,95.7,False,,True,False
OUT-000055,APT-000087,5.0,87.8,False,,True,False
OUT-000056,APT-000088,3.7,78.4,False,,True,True
OUT-000057,APT-000089,4.8,45.9,False,,False,False
OUT-000058,APT-000093,,83.5,False,,False,False
OUT-000059,APT-000097,4.7,69.3,False,,True,False
OUT-000060,APT-000098,3.4,65.1,False,,True,False
OUT-000061,APT-000099,3.8,87.9,False,,True,False
OUT-000062,APT-000100,3.5,100.0,False,,True,False
OUT-000063,APT-000101,5.0,90.7,False,,True,False
OUT-000064,APT-000103,4.3,96.4,False,,True,False
OUT-000065,APT-000104,4.5,78.9,False,,True,False
OUT-000066,APT-000107,4.6,78.7,False,,True,True
OUT-000067,APT-000111,4.8,83.3,False,,True,False
OUT-000068,APT-000112,5.0,92.5,False,,True,False
OUT-000069,APT-000114,4.3,79.1,False,,True,False
OUT-000070,APT-000116,3.6,75.2,False,,True,False
OUT-000071,APT-000117,3.9,84.6,False,,False,False
OUT-000072,APT-000118,4.9,78.5,False,,True,False
OUT-000073,APT-000119,4.6,65.5,False,,True,False
OUT-000074,APT-000120,2.9,89.3,False,,True,False
OUT-000075,APT-000121,5.0,100.0,False,,True,True
OUT-000076,APT-000123,,93.0,False,,True,False
OUT-000077,APT-000124,3.0,87.7,False,,True,False
OUT-000078,APT-000126,,72.1,False,,True,False
OUT-000079,APT-000127,4.3,87.4,False,,True,False
OUT-000080,APT-000128,4.0,88.4,False,,True,False
OUT-000081,APT-000131,3.6,100.0,False,,True,False
OUT-000082,APT-000132,,84.9,False,,True,False
OUT-000083,APT-000137,5.0,76.1,False,,True,False
OUT-000084,APT-000139,4.5,100.0,False,,True,False
OUT-000085,APT-000142,3.9,74.8,False,,True,True
OUT-000086,APT-000143,4.3,87.6,False,,False,False
OUT-000087,APT-000146,3.2,86.6,False,,False,False
OUT-000088,APT-000149,3.6,68.8,False,,True,False
OUT-000089,APT-000150,4.9,66.6,False,,True,False
OUT-000090,APT-000151,3.9,88.9,False,,True,False
OUT-000091,APT-000156,4.6,76.2,False,,True,False
OUT-000092,APT-000158,4.6,80.3,False,,False,True
OUT-000093,APT-000164,3.9,94.6,True,Medium,True,False
OUT-000094,APT-000165,4.1,73.4,False,,True,True
OUT-000095,APT-000166,3.2,84.8,False,,True,False
OUT-000096,APT-000169,3.5,77.3,False,,True,False
OUT-000097,APT-000170,5.0,88.5,False,,True,False
OUT-000098,APT-000171,4.2,84.1,False,,True,False
OUT-000099,APT-000173,4.1,77.2,False,,True,False
OUT-000100,APT-000174,3.0,96.7,False,,True,False
OUT-000101,APT-000175,4.5,66.8,False,,True,False
OUT-000102,APT-000176,4.2,84.8,False,,True,False
OUT-000103,APT-000177,4.4,100.0,False,,True,False
OUT-000104,APT-000179,,72.5,False,,True,False
OUT-000105,APT-000180,4.7,83.7,False,,True,False
OUT-000106,APT-000182,4.8,84.8,False,,True,False
OUT-000107,APT-000185,4.5,81.3,False,,True,False
OUT-000108,APT-000186,4.7,65.0,False,,True,False
OUT-000109,APT-000187,4.0,89.7,False,,True,True
OUT-000110,APT-000188,3.5,97.0,False,,True,True
OUT-000111,APT-000191,4.9,74.9,False,,True,True
OUT-000112,APT-000192,4.1,82.0,False,,True,False
OUT-000113,APT-000193,,82.2,False,,True,False
OUT-000114,APT-000195,4.5,87.7,False,,False,False
OUT-000115,APT-000196,4.5,77.9,False,,True,False
OUT-000116,APT-000197,5.0,75.7,False,,True,True
OUT-000117,APT-000199,4.0,76.5,False,,True,False
OUT-000118,APT-000200,3.9,73.2,True,High,True,False
OUT-000119,APT-000201,3.2,89.6,False,,True,True
OUT-000120,APT-000202,4.0,66.3,False,,True,False
OUT-000121,APT-000203,3.2,90.3,False,,True,False
OUT-000122,APT-000204,4.5,94.5,False,,True,False
OUT-000123,APT-000206,3.9,80.9,False,,True,False
OUT-000124,APT-000210,4.7,89.0,False,,True,False
OUT-000125,APT-000211,,76.3,False,,True,False
OUT-000126,APT-000212,5.0,85.6,False,,True,False
OUT-000127,APT-000213,4.2,76.6,False,,True,False
OUT-000128,APT-000214,4.0,82.1,False,,True,True
OUT-000129,APT-000216,4.5,96.5,False,,True,False
OUT-000130,APT-000217,3.9,93.1,False,,True,False
OUT-000131,APT-000220,,76.9,False,,True,False
OUT-000132,APT-000221,4.5,84.0,False,,True,True
OUT-000133,APT-000222,,88.0,True,Medium,True,False
OUT-000134,APT-000223,5.0,82.5,False,,True,True
OUT-000135,APT-000224,4.6,83.3,False,,True,True
OUT-000136,APT-000225,4.2,77.3,True,Medium,True,True
OUT-000137,APT-000226,3.8,71.6,False,,True,False
OUT-000138,APT-000228,5.0,78.5,False,,True,True
OUT-000139,APT-000229,4.5,88.5,False,,True,False
OUT-000140,APT-000230,4.3,87.8,False,,True,True
OUT-000141,APT-000231,5.0,100.0,False,,True,False
OUT-000142,APT-000234,4.2,74.5,False,,True,False
OUT-000143,APT-000235,3.9,72.8,False,,True,False
OUT-000144,APT-000236,,82.1,False,,True,True
OUT-000145,APT-000241,3.1,88.5,False,,True,False
OUT-000146,APT-000242,3.7,81.8,False,,True,False
OUT-000147,APT-000245,3.8,65.5,False,,True,False
OUT-000148,APT-000246,3.4,71.7,False,,True,False
OUT-000149,APT-000247,4.7,100.0,False,,True,False
OUT-000150,APT-000248,,65.4,False,,True,False
OUT-000151,APT-000249,3.5,87.7,False,,True,False
OUT-000152,APT-000250,4.3,69.9,False,,True,False
OUT-000153,APT-000252,2.7,77.9,False,,False,True
OUT-000154,APT-000253,4.7,77.1,False,,False,False
OUT-000155,APT-000254,2.2,78.0,False,,True,False
OUT-000156,APT-000256,4.4,96.0,False,,True,False
OUT-000157,APT-000257,3.8,89.8,False,,True,False
OUT-000158,APT-000258,3.8,86.6,False,,True,False
OUT-000159,APT-000261,4.0,80.1,False,,True,False
OUT-000160,APT-000262,3.5,87.5,False,,True,False
OUT-000161,APT-000265,,89.3,False,,True,False
OUT-000162,APT-000267,5.0,80.7,False,,True,False
OUT-000163,APT-000268,4.4,90.5,False,,False,False
OUT-000164,APT-000269,2.7,95.7,False,,True,False
OUT-000165,APT-000278,3.7,82.4,False,,True,False
OUT-000166,APT-000279,3.6,86.1,False,,True,False
OUT-000167,APT-000280,5.0,76.7,False,,True,True
OUT-000168,APT-000282,3.6,85.5,False,,True,False
OUT-000169,APT-000283,3.9,72.2,False,,True,False
OUT-000170,APT-000284,2.6,84.7,False,,True,False
OUT-000171,APT-000286,3.7,68.2,False,,True,True
OUT-000172,APT-000288,5.0,68.1,False,,False,False
OUT-000173,APT-000289,3.8,61.6,False,,True,False
OUT-000174,APT-000290,4.0,77.2,False,,True,True
OUT-000175,APT-000294,4.2,83.3,False,,True,False
OUT-000176,APT-000295,4.6,77.9,False,,True,False
OUT-000177,APT-000300,3.3,70.3,False,,True,False
OUT-000178,APT-000301,4.3,76.1,False,,True,False
OUT-000179,APT-000302,3.9,84.6,False,,False,False
OUT-000180,APT-000303,5.0,78.6,False,,True,False
OUT-000181,APT-000304,4.5,85.4,True,Medium,True,True
OUT-000182,APT-000305,3.0,62.4,False,,False,True
OUT-000183,APT-000307,4.7,75.7,False,,False,False
OUT-000184,APT-000309,5.0,72.2,False,,True,False
OUT-000185,APT-000310,4.1,71.4,False,,True,False
OUT-000186,APT-000311,2.7,67.4,False,,True,False
OUT-000187,APT-000312,4.4,91.4,False,,True,True
OUT-000188,APT-000314,4.2,58.9,False,,True,False
OUT-000189,APT-000315,4.4,81.1,False,,True,False
OUT-000190,APT-000318,3.5,76.3,False,,False,True
OUT-000191,APT-000324,3.2,69.9,False,,False,False
OUT-000192,APT-000326,3.3,75.7,False,,True,False
OUT-000193,APT-000327,4.1,73.3,False,,True,False
OUT-000194,APT-000328,4.4,79.3,False,,True,True
OUT-000195,APT-000329,5.0,88.4,False,,True,False
OUT-000196,APT-000330,4.1,73.3,False,,True,True
OUT-000197,APT-000331,5.0,83.9,False,,True,False
OUT-000198,APT-000333,4.2,69.6,False,,True,False
OUT-000199,APT-000334,4.6,83.1,False,,True,False
OUT-000200,APT-000335,,91.0,False,,True,True
OUT-000201,APT-000336,4.3,70.5,False,,True,False
OUT-000202,APT-000337,4.0,68.8,False,,True,False
OUT-000203,APT-000338,3.6,78.8,False,,True,False
OUT-000204,APT-000339,4.0,75.7,False,,True,True
OUT-000205,APT-000340,3.5,79.6,False,,True,True
OUT-000206,APT-000341,3.7,72.4,False,,False,False
OUT-000207,APT-000344,4.6,82.7,False,,True,False
OUT-000208,APT-000345,4.2,86.4,False,,True,False
OUT-000209,APT-000346,4.6,79.8,False,,False,False
OUT-000210,APT-000348,4.5,90.7,False,,True,False
OUT-000211,APT-000349,3.9,84.2,False,,True,False
OUT-000212,APT-000350,4.2,76.7,False,,True,False
OUT-000213,APT-000351,4.6,92.0,False,,True,False
OUT-000214,APT-000352,4.2,86.5,False,,False,False
OUT-000215,APT-000353,5.0,76.8,False,,True,False
OUT-000216,APT-000354,4.0,89.4,False,,True,False
OUT-000217,APT-000357,3.8,88.2,False,,True,False
OUT-000218,APT-000358,4.4,72.4,False,,True,False
OUT-000219,APT-000361,5.0,86.7,False,,True,False
OUT-000220,APT-000363,2.9,81.6,False,,True,False
OUT-000221,APT-000364,4.8,77.3,False,,False,False
OUT-000222,APT-000365,4.9,72.2,False,,True,False
OUT-000223,APT-000366,,87.3,False,,True,True
OUT-000224,APT-000370,4.6,100.0,False,,True,True
OUT-000225,APT-000371,3.8,82.8,False,,True,False
OUT-000226,APT-000372,4.4,86.8,False,,True,False
OUT-000227,APT-000373,3.1,81.8,False,,True,False
OUT-000228,APT-000374,3.4,77.2,False,,True,False
OUT-000229,APT-000375,4.6,93.3,False,,True,False
OUT-000230,APT-000377,5.0,93.3,False,,True,False
OUT-000231,APT-000378,4.9,90.7,False,,True,False
OUT-000232,APT-000379,3.8,73.2,False,,True,False
OUT-000233,APT-000382,2.8,70.4,False,,True,False
OUT-000234,APT-000383,4.2,76.9,False,,True,False
OUT-000235,APT-000384,5.0,93.7,False,,True,False
OUT-000236,APT-000386,4.4,82.7,True,High,True,False
OUT-000237,APT-000388,4.4,79.1,False,,True,True
OUT-000238,APT-000389,4.0,100.0,False,,True,False
OUT-000239,APT-000390,2.7,83.1,False,,True,False
OUT-000240,APT-000394,5.0,96.7,False,,True,False
OUT-000241,APT-000396,3.8,90.5,False,,True,False
OUT-000242,APT-000398,,77.4,False,,False,False
OUT-000243,APT-000400,4.7,81.1,False,,True,False
OUT-000244,APT-000401,3.9,73.6,False,,True,False
OUT-000245,APT-000402,4.1,86.1,False,,True,False
OUT-000246,APT-000403,4.0,87.9,False,,True,False
OUT-000247,APT-000404,4.0,73.3,False,,True,False
OUT-000248,APT-000408,3.2,92.9,False,,True,False
OUT-000249,APT-000412,4.8,85.2,False,,True,False
OUT-000250,APT-000417,4.8,96.5,False,,True,False
OUT-000251,APT-000418,3.6,77.7,False,,True,False
OUT-000252,APT-000420,4.2,71.0,False,,False,False
OUT-000253,APT-000422,4.2,85.7,False,,True,False
OUT-000254,APT-000423,4.4,98.0,False,,True,True
OUT-000255,APT-000424,3.7,78.7,False,,True,True
OUT-000256,APT-000425,4.6,72.5,False,,False,False
OUT-000257,APT-000427,,88.1,False,,True,False
OUT-000258,APT-000428,4.7,77.1,False,,True,True
OUT-000259,APT-000429,4.0,81.2,False,,True,True
OUT-000260,APT-000430,4.2,92.1,False,,False,False
OUT-000261,APT-000431,3.7,80.5,False,,True,False
OUT-000262,APT-000433,4.8,79.7,False,,True,False
OUT-000263,APT-000434,4.1,95.1,False,,True,False
OUT-000264,APT-000435,4.7,83.0,False,,True,False
OUT-000265,APT-000436,5.0,64.6,False,,True,False
OUT-000266,APT-000437,5.0,82.0,False,,True,True
OUT-000267,APT-000438,3.9,87.2,False,,True,False
OUT-000268,APT-000439,4.6,84.6,False,,True,False
OUT-000269,APT-000440,4.6,95.3,False,,True,False
OUT-000270,APT-000441,4.4,57.9,False,,True,False
OUT-000271,APT-000443,3.6,89.3,False,,True,False
OUT-000272,APT-000444,4.8,100.0,False,,True,False
OUT-000273,APT-000445,5.0,89.2,False,,True,False
OUT-000274,APT-000447,5.0,85.2,False,,True,False
OUT-000275,APT-000449,4.3,78.4,False,,True,True
OUT-000276,APT-000450,3.7,81.3,False,,True,False
OUT-000277,APT-000451,4.5,89.6,False,,False,False
OUT-000278,APT-000454,4.1,87.3,False,,True,True
OUT-000279,APT-000459,4.0,88.0,False,,True,True
OUT-000280,APT-000461,3.7,72.4,False,,True,False
OUT-000281,APT-000462,3.1,86.9,False,,True,False
OUT-000282,APT-000464,4.4,86.6,False,,True,False
OUT-000283,APT-000465,3.4,92.8,False,,True,True
OUT-000284,APT-000466,3.8,65.5,False,,True,True
OUT-000285,APT-000467,,70.4,False,,True,False
OUT-000286,APT-000468,4.3,71.4,False,,True,False
OUT-000287,APT-000469,4.9,72.3,False,,True,False
OUT-000288,APT-000472,3.8,84.4,False,,True,False
OUT-000289,APT-000473,4.1,72.7,True,High,True,False
OUT-000290,APT-000475,4.0,74.3,False,,True,False
OUT-000291,APT-000476,4.5,98.8,False,,True,False
OUT-000292,APT-000477,4.1,74.0,False,,True,False
OUT-000293,APT-000478,3.7,70.4,False,,False,False
OUT-000294,APT-000479,3.1,75.0,False,,True,False
OUT-000295,APT-000480,4.0,81.8,False,,False,False
OUT-000296,APT-000481,3.9,79.8,False,,True,False
OUT-000297,APT-000482,4.9,89.8,False,,True,True
OUT-000298,APT-000485,4.7,81.2,False,,False,False
OUT-000299,APT-000486,3.1,84.8,False,,True,False
OUT-000300,APT-000488,4.6,100.0,False,,True,False
OUT-000301,APT-000490,3.6,82.0,False,,True,False
OUT-000302,APT-000491,3.5,88.8,False,,True,True
OUT-000303,APT-000492,4.6,88.2,False,,True,False
OUT-000304,APT-000496,4.9,78.0,False,,True,False
OUT-000305,APT-000497,4.9,77.7,False,,True,False
OUT-000306,APT-000498,3.7,72.1,False,,True,True
OUT-000307,APT-000499,4.6,89.4,False,,False,False
OUT-000308,APT-000500,4.1,85.6,False,,True,False
OUT-000309,APT-000501,3.9,71.9,False,,True,False
OUT-000310,APT-000502,,86.5,False,,True,True
OUT-000311,APT-000503,2.8,100.0,False,,True,False
OUT-000312,APT-000504,5.0,100.0,False,,True,False
OUT-000313,APT-000505,3.5,82.4,False,,True,False
OUT-000314,APT-000506,4.1,84.7,False,,False,False
OUT-000315,APT-000509,4.5,88.1,False,,False,False
OUT-000316,APT-000512,3.6,83.8,False,,True,False
OUT-000317,APT-000515,3.9,80.6,False,,True,False
OUT-000318,APT-000516,,81.2,False,,True,True
OUT-000319,APT-000517,4.3,73.7,False,,True,False
OUT-000320,APT-000518,3.4,72.0,False,,True,False
OUT-000321,APT-000519,3.9,77.3,False,,True,False
OUT-000322,APT-000520,4.2,90.0,False,,True,True
OUT-000323,APT-000522,4.8,72.3,False,,True,False
OUT-000324,APT-000523,4.8,75.8,False,,True,False
OUT-000325,APT-000524,5.0,74.5,False,,False,False
OUT-000326,APT-000525,4.3,80.5,False,,True,False
OUT-000327,APT-000526,4.3,89.0,False,,True,False
OUT-000328,APT-000527,4.0,88.2,False,,True,True
OUT-000329,APT-000528,,81.9,False,,True,False
OUT-000330,APT-000529,4.0,79.9,False,,False,False
OUT-000331,APT-000532,4.0,95.6,False,,True,False
OUT-000332,APT-000533,3.8,84.4,False,,True,True
OUT-000333,APT-000534,4.9,93.2,False,,False,True
OUT-000334,APT-000535,4.5,74.7,False,,False,False
OUT-000335,APT-000536,4.1,76.8,False,,False,False
OUT-000336,APT-000537,4.1,81.2,False,,True,False
OUT-000337,APT-000538,3.0,74.2,False,,True,False
OUT-000338,APT-000539,3.9,60.4,False,,True,True
OUT-000339,APT-000540,3.9,77.8,False,,True,False
OUT-000340,APT-000544,4.6,87.3,False,,True,False
OUT-000341,APT-000545,4.4,85.5,False,,True,True
OUT-000342,APT-000546,4.6,87.4,False,,True,False
OUT-000343,APT-000550,5.0,69.0,False,,False,False
OUT-000344,APT-000551,,73.1,False,,False,False
OUT-000345,APT-000552,3.4,68.1,False,,True,True
OUT-000346,APT-000554,4.0,82.9,False,,True,False
OUT-000347,APT-000557,4.9,64.7,False,,True,False
OUT-000348,APT-000559,4.5,80.9,False,,True,False
OUT-000349,APT-000561,,60.3,False,,True,False
OUT-000350,APT-000565,4.3,90.8,False,,True,False
OUT-000351,APT-000566,3.6,79.6,False,,True,False
OUT-000352,APT-000568,4.8,81.3,False,,True,False
OUT-000353,APT-000570,2.6,100.0,False,,True,False
OUT-000354,APT-000571,3.8,74.4,False,,True,False
OUT-000355,APT-000573,3.8,100.0,False,,True,False
OUT-000356,APT-000574,,82.3,False,,True,False
OUT-000357,APT-000576,3.4,79.4,False,,True,True
OUT-000358,APT-000578,4.3,75.7,False,,True,False
OUT-000359,APT-000579,4.4,89.7,False,,True,False
OUT-000360,APT-000580,4.6,62.6,False,,True,False
OUT-000361,APT-000581,,70.6,False,,True,False
OUT-000362,APT-000582,2.4,83.4,False,,True,False
OUT-000363,APT-000583,3.3,76.5,True,High,True,False
OUT-000364,APT-000584,4.3,80.2,False,,True,False
OUT-000365,APT-000585,,90.3,False,,True,False
OUT-000366,APT-000586,4.6,92.3,False,,True,False
OUT-000367,APT-000587,3.8,72.8,False,,True,False
OUT-000368,APT-000588,,87.8,False,,True,True
OUT-000369,APT-000589,3.4,56.9,False,,True,False
OUT-000370,APT-000590,,85.2,True,Medium,True,False
OUT-000371,APT-000591,3.6,74.8,False,,True,False
OUT-000372,APT-000592,3.3,73.7,False,,True,False
OUT-000373,APT-000593,,98.3,False,,True,False
OUT-000374,APT-000595,5.0,77.8,False,,True,False
OUT-000375,APT-000596,3.3,76.7,False,,False,False
OUT-000376,APT-000597,,67.0,False,,True,True
OUT-000377,APT-000598,3.7,89.2,False,,False,False
OUT-000378,APT-000599,3.4,82.2,False,,True,False
OUT-000379,APT-000600,4.3,83.5,False,,True,False
OUT-000380,APT-000602,5.0,88.1,False,,True,True
OUT-000381,APT-000603,4.4,67.8,False,,True,False
OUT-000382,APT-000605,3.5,83.5,False,,True,True
OUT-000383,APT-000606,3.6,94.6,False,,True,False
OUT-000384,APT-000610,,99.1,False,,True,False
OUT-000385,APT-000611,3.6,67.3,False,,True,False
OUT-000386,APT-000612,4.4,86.0,False,,True,False
OUT-000387,APT-000613,3.8,72.6,False,,False,False
OUT-000388,APT-000614,3.1,85.0,False,,False,False
OUT-000389,APT-000615,4.3,90.7,False,,True,False
OUT-000390,APT-000616,3.3,75.5,False,,True,False
OUT-000391,APT-000618,5.0,84.1,False,,True,True
OUT-000392,APT-000620,4.6,74.1,False,,True,False
OUT-000393,APT-000621,4.4,91.1,False,,False,False
OUT-000394,APT-000622,3.4,81.9,False,,True,False
OUT-000395,APT-000624,4.0,68.0,False,,False,False
OUT-000396,APT-000625,4.5,84.3,False,,True,True
OUT-000397,APT-000626,3.9,80.7,False,,True,False
OUT-000398,APT-000629,3.1,74.4,False,,True,True
OUT-000399,APT-000631,3.9,93.3,False,,True,False
OUT-000400,APT-000632,4.1,71.9,False,,True,False
OUT-000401,APT-000633,5.0,78.1,False,,True,True
OUT-000402,APT-000635,4.6,77.0,False,,True,False
OUT-000403,APT-000636,4.1,75.4,False,,True,False
OUT-000404,APT-000637,4.0,76.3,False,,True,False
OUT-000405,APT-000638,,82.8,False,,True,True
OUT-000406,APT-000640,4.2,89.7,False,,False,False
OUT-000407,APT-000641,3.8,89.0,False,,True,False
OUT-000408,APT-000644,5.0,85.0,False,,False,False
OUT-000409,APT-000646,5.0,95.8,False,,True,False
OUT-000410,APT-000648,3.5,84.5,False,,True,True
OUT-000411,APT-000649,3.2,84.9,False,,True,True
OUT-000412,APT-000650,3.1,94.1,False,,True,False
OUT-000413,APT-000651,3.8,61.4,False,,True,False
OUT-000414,APT-000652,3.7,72.0,False,,True,False
OUT-000415,APT-000653,4.5,76.1,False,,True,False
OUT-000416,APT-000654,3.1,79.5,False,,False,False
OUT-000417,APT-000655,4.9,75.1,False,,False,False
OUT-000418,APT-000656,3.7,73.8,False,,True,True
OUT-000419,APT-000659,3.8,88.8,False,,True,False
OUT-000420,APT-000661,5.0,87.6,False,,True,False
OUT-000421,APT-000662,4.0,74.4,False,,True,False
OUT-000422,APT-000666,3.8,82.3,False,,True,False
OUT-000423,APT-000669,4.5,87.9,False,,True,False
OUT-000424,APT-000671,4.3,62.6,False,,True,False
OUT-000425,APT-000672,4.7,89.1,False,,False,True
OUT-000426,APT-000675,,71.4,False,,True,False
OUT-000427,APT-000676,3.8,77.8,False,,True,False
OUT-000428,APT-000679,3.0,68.0,False,,True,True
OUT-000429,APT-000680,4.0,95.8,False,,True,False
OUT-000430,APT-000681,,100.0,False,,True,False
OUT-000431,APT-000684,5.0,95.7,False,,True,False
OUT-000432,APT-000686,2.7,85.6,False,,False,False
OUT-000433,APT-000687,3.2,94.0,False,,True,True
OUT-000434,APT-000690,4.7,83.0,False,,True,False
OUT-000435,APT-000692,4.3,84.1,False,,True,False
OUT-000436,APT-000695,4.1,74.1,False,,True,False
OUT-000437,APT-000696,5.0,79.2,False,,True,False
OUT-000438,APT-000697,4.4,86.5,False,,False,False
OUT-000439,APT-000699,4.5,86.6,False,,True,False
OUT-000440,APT-000702,4.5,80.3,False,,True,False
OUT-000441,APT-000703,4.2,98.1,False,,True,False
OUT-000442,APT-000704,4.6,83.2,False,,True,True
OUT-000443,APT-000705,4.3,63.8,False,,True,False
OUT-000444,APT-000707,3.9,92.8,False,,True,False
OUT-000445,APT-000709,3.3,86.7,False,,True,True
OUT-000446,APT-000710,3.7,86.1,False,,True,True
OUT-000447,APT-000711,5.0,72.9,False,,True,False
OUT-000448,APT-000712,,91.0,False,,False,False
OUT-000449,APT-000713,4.3,85.2,False,,True,True
OUT-000450,APT-000716,4.5,93.5,False,,True,True
OUT-000451,APT-000717,4.5,84.6,False,,True,False
OUT-000452,APT-000718,4.1,96.1,False,,False,True
OUT-000453,APT-000719,3.6,76.0,False,,True,False
OUT-000454,APT-000720,5.0,68.9,True,Low,True,False
OUT-000455,APT-000724,4.4,100.0,False,,True,False
OUT-000456,APT-000725,5.0,85.4,False,,True,False
OUT-000457,APT-000726,3.7,72.2,False,,True,False
OUT-000458,APT-000727,4.9,82.8,False,,True,False
OUT-000459,APT-000728,3.9,78.3,False,,True,False
OUT-000460,APT-000732,5.0,79.3,False,,True,False
OUT-000461,APT-000735,3.8,90.6,False,,True,False
OUT-000462,APT-000737,3.8,84.1,False,,True,False
OUT-000463,APT-000741,3.7,93.7,False,,True,False
OUT-000464,APT-000742,4.4,85.6,False,,True,False
OUT-000465,APT-000743,4.8,90.6,False,,False,True
OUT-000466,APT-000744,4.6,79.9,False,,True,False
OUT-000467,APT-000745,4.1,84.3,False,,True,False
OUT-000468,APT-000746,4.0,70.6,False,,False,False
OUT-000469,APT-000748,4.7,67.8,False,,True,False
OUT-000470,APT-000751,,73.4,True,Low,True,False
OUT-000471,APT-000753,4.3,79.4,False,,False,False
OUT-000472,APT-000754,4.1,100.0,False,,True,True
OUT-000473,APT-000755,1.8,60.6,False,,True,False
OUT-000474,APT-000756,5.0,69.8,False,,True,False
OUT-000475,APT-000757,4.9,95.9,False,,True,False
OUT-000476,APT-000758,3.9,83.5,False,,True,False
OUT-000477,APT-000760,4.3,72.2,False,,True,True
OUT-000478,APT-000762,5.0,100.0,False,,True,False
OUT-000479,APT-000763,4.4,95.4,False,,False,False
OUT-000480,APT-000764,4.3,80.0,False,,True,False
OUT-000481,APT-000765,5.0,79.7,False,,True,False
OUT-000482,APT-000766,3.8,79.7,False,,True,False
OUT-000483,APT-000767,3.4,95.2,False,,True,False
OUT-000484,APT-000768,3.7,59.9,False,,True,False
OUT-000485,APT-000769,4.0,85.2,False,,True,False
OUT-000486,APT-000771,,80.3,False,,True,False
OUT-000487,APT-000772,4.9,85.0,False,,True,False
OUT-000488,APT-000773,4.3,89.8,False,,False,False
OUT-000489,APT-000775,4.5,76.3,False,,True,False
OUT-000490,APT-000776,4.8,93.6,False,,False,False
OUT-000491,APT-000777,4.5,78.4,False,,True,False
OUT-000492,APT-000778,3.9,83.1,False,,True,False
OUT-000493,APT-000780,4.4,76.9,False,,True,False
OUT-000494,APT-000782,4.5,96.0,False,,True,False
OUT-000495,APT-000784,4.4,71.5,True,High,True,False
OUT-000496,APT-000788,3.9,71.6,False,,True,False
OUT-000497,APT-000790,4.1,62.3,False,,False,False
OUT-000498,APT-000791,4.1,98.5,False,,True,False
OUT-000499,APT-000794,,89.8,False,,True,False
OUT-000500,APT-000796,3.2,80.8,False,,True,False
OUT-000501,APT-000797,3.4,65.3,False,,True,False
OUT-000502,APT-000798,4.7,94.8,False,,True,True
OUT-000503,APT-000799,4.3,69.8,False,,True,False
OUT-000504,APT-000801,3.5,64.5,False,,True,False
OUT-000505,APT-000804,4.0,73.8,False,,True,False
OUT-000506,APT-000806,4.9,99.5,False,,True,False
OUT-000507,APT-000808,,93.5,False,,True,False
OUT-000508,APT-000809,3.1,100.0,False,,False,False
OUT-000509,APT-000810,3.8,85.8,False,,True,False
OUT-000510,APT-000812,4.3,88.1,False,,True,False
OUT-000511,APT-000813,4.0,70.0,False,,True,False
OUT-000512,APT-000814,4.2,97.8,False,,False,False
OUT-000513,APT-000815,3.8,100.0,False,,True,False
OUT-000514,APT-000816,4.3,90.9,False,,True,False
OUT-000515,APT-000817,4.9,84.7,False,,True,False
OUT-000516,APT-000820,3.6,99.0,False,,True,True
OUT-000517,APT-000821,3.9,70.5,False,,True,False
OUT-000518,APT-000824,5.0,97.7,False,,True,False
OUT-000519,APT-000827,4.0,86.7,False,,True,False
OUT-000520,APT-000828,,90.5,False,,True,False
OUT-000521,APT-000829,3.1,78.8,False,,False,False
OUT-000522,APT-000830,4.5,96.9,False,,False,False
OUT-000523,APT-000831,5.0,75.8,False,,True,False
OUT-000524,APT-000833,3.2,80.2,False,,True,False
OUT-000525,APT-000835,4.4,98.1,False,,True,True
OUT-000526,APT-000836,3.9,77.6,False,,True,False
OUT-000527,APT-000837,4.0,90.8,False,,True,False
OUT-000528,APT-000838,3.9,82.4,False,,False,True
OUT-000529,APT-000840,4.3,84.0,False,,True,True
OUT-000530,APT-000841,3.8,93.1,False,,True,False
OUT-000531,APT-000843,5.0,81.3,False,,False,True
OUT-000532,APT-000844,4.2,75.2,False,,True,True
OUT-000533,APT-000845,,71.9,False,,True,False
OUT-000534,APT-000846,,89.0,False,,True,False
OUT-000535,APT-000849,3.4,95.5,False,,False,False
OUT-000536,APT-000850,5.0,76.5,False,,True,False
OUT-000537,APT-000853,5.0,76.9,False,,True,False
OUT-000538,APT-000855,3.7,81.7,False,,True,False
OUT-000539,APT-000857,2.9,72.0,False,,True,False
OUT-000540,APT-000858,4.1,92.5,False,,True,False
OUT-000541,APT-000859,3.9,84.3,False,,False,False
OUT-000542,APT-000860,4.3,87.6,False,,True,False
OUT-000543,APT-000863,4.8,78.7,False,,True,False
OUT-000544,APT-000864,4.3,89.4,False,,True,False
OUT-000545,APT-000866,,83.8,False,,True,True
OUT-000546,APT-000868,4.5,76.0,False,,True,False
OUT-000547,APT-000869,4.5,86.5,False,,False,False
OUT-000548,APT-000872,3.9,71.1,False,,False,False
OUT-000549,APT-000874,3.7,90.5,False,,False,False
OUT-000550,APT-000876,4.1,58.4,False,,True,False
OUT-000551,APT-000877,5.0,77.1,False,,True,False
OUT-000552,APT-000880,,88.8,False,,True,False
OUT-000553,APT-000885,,95.9,False,,True,False
OUT-000554,APT-000887,4.1,82.1,False,,False,False
OUT-000555,APT-000888,2.3,73.7,False,,False,True
OUT-000556,APT-000891,4.5,89.3,False,,True,True
OUT-000557,APT-000892,4.1,86.0,False,,True,True
OUT-000558,APT-000894,3.4,100.0,False,,True,True
OUT-000559,APT-000895,3.3,72.7,False,,True,True
OUT-000560,APT-000897,3.9,81.4,False,,True,False
OUT-000561,APT-000900,4.4,77.6,False,,True,False
OUT-000562,APT-000901,5.0,79.1,False,,True,False
OUT-000563,APT-000902,4.2,86.9,False,,False,False
OUT-000564,APT-000903,3.4,75.6,False,,False,True
OUT-000565,APT-000904,4.8,100.0,False,,True,False
OUT-000566,APT-000905,4.2,85.4,False,,True,False
OUT-000567,APT-000906,4.4,95.4,False,,True,False
OUT-000568,APT-000907,3.6,80.2,False,,True,False
OUT-000569,APT-000908,4.4,78.4,False,,True,False
OUT-000570,APT-000909,4.9,83.7,False,,True,False
OUT-000571,APT-000912,4.9,78.1,False,,False,False
OUT-000572,APT-000913,3.5,65.8,False,,True,False
OUT-000573,APT-000914,4.1,96.2,False,,True,False
OUT-000574,APT-000915,3.0,97.1,False,,False,False
OUT-000575,APT-000916,5.0,94.8,False,,False,False
OUT-000576,APT-000919,,84.6,False,,True,False
OUT-000577,APT-000921,3.7,88.7,False,,True,False
OUT-000578,APT-000925,4.4,74.1,False,,True,False
OUT-000579,APT-000927,5.0,80.0,False,,False,False
OUT-000580,APT-000928,3.8,76.9,False,,True,False
OUT-000581,APT-000929,,90.9,False,,True,False
OUT-000582,APT-000933,3.9,86.5,False,,True,False
OUT-000583,APT-000934,4.6,74.7,False,,True,True
OUT-000584,APT-000938,3.4,69.1,False,,True,False
OUT-000585,APT-000939,4.6,85.4,False,,True,False
OUT-000586,APT-000941,4.1,88.2,False,,True,False
OUT-000587,APT-000942,4.2,74.7,False,,True,False
OUT-000588,APT-000943,,76.8,False,,True,False
OUT-000589,APT-000944,3.9,73.2,False,,False,True
OUT-000590,APT-000945,4.0,71.0,False,,True,False
OUT-000591,APT-000946,4.1,84.1,False,,True,False
OUT-000592,APT-000947,4.1,83.9,False,,True,False
OUT-000593,APT-000950,4.0,89.5,False,,True,False
OUT-000594,APT-000954,5.0,82.6,False,,True,False
OUT-000595,APT-000958,3.7,89.8,False,,True,False
OUT-000596,APT-000959,3.9,74.5,False,,True,False
OUT-000597,APT-000960,4.6,80.5,False,,True,True
OUT-000598,APT-000962,4.2,78.3,False,,True,True
OUT-000599,APT-000963,3.9,76.8,False,,True,False
OUT-000600,APT-000965,4.7,65.9,False,,True,True
OUT-000601,APT-000967,3.3,84.6,False,,True,False
OUT-000602,APT-000968,5.0,84.0,False,,True,False
OUT-000603,APT-000969,4.8,95.0,False,,True,True
OUT-000604,APT-000973,4.4,84.5,False,,True,True
OUT-000605,APT-000976,3.7,89.8,False,,True,False
OUT-000606,APT-000977,3.4,82.9,False,,True,False
OUT-000607,APT-000978,4.2,73.9,False,,True,False
OUT-000608,APT-000979,3.6,74.0,False,,True,False
OUT-000609,APT-000980,5.0,93.2,False,,True,False
OUT-000610,APT-000981,4.8,84.5,False,,True,True
OUT-000611,APT-000982,4.4,92.7,False,,True,False
OUT-000612,APT-000984,3.1,68.8,False,,False,True
OUT-000613,APT-000985,4.2,84.3,False,,True,False
OUT-000614,APT-000988,3.5,82.2,False,,True,False
OUT-000615,APT-000989,3.5,82.8,False,,True,True
OUT-000616,APT-000991,4.9,71.6,False,,True,True
OUT-000617,APT-000992,5.0,81.6,False,,False,True
OUT-000618,APT-000993,5.0,84.1,False,,True,True
OUT-000619,APT-000994,5.0,94.1,False,,False,False
OUT-000620,APT-000996,4.0,67.6,False,,True,False
OUT-000621,APT-000998,3.2,87.3,False,,True,True
OUT-000622,APT-000999,4.5,79.1,False,,True,False
OUT-000623,APT-001001,4.4,87.7,False,,True,True
OUT-000624,APT-001002,3.8,83.5,False,,False,False
OUT-000625,APT-001004,5.0,87.3,False,,False,False
OUT-000626,APT-001005,,91.5,False,,True,False
OUT-000627,APT-001007,4.4,95.7,False,,True,False
OUT-000628,APT-001008,3.8,77.4,False,,False,True
OUT-000629,APT-001011,4.6,84.4,False,,False,False
OUT-000630,APT-001013,2.7,100.0,False,,False,False
OUT-000631,APT-001014,4.0,91.5,False,,True,True
OUT-000632,APT-001015,3.4,75.4,False,,False,False
OUT-000633,APT-001016,3.7,82.3,False,,True,True
OUT-000634,APT-001017,3.6,98.4,False,,True,False
OUT-000635,APT-001018,5.0,78.7,False,,True,False
OUT-000636,APT-001019,,79.0,False,,True,True
OUT-000637,APT-001020,5.0,99.6,False,,True,False
OUT-000638,APT-001022,3.9,88.4,False,,True,True
OUT-000639,APT-001025,4.5,81.3,False,,False,False
OUT-000640,APT-001026,4.5,75.7,False,,False,True
OUT-000641,APT-001027,3.0,84.4,False,,False,False
OUT-000642,APT-001028,4.2,76.5,False,,True,False
OUT-000643,APT-001033,4.1,91.9,False,,True,False
OUT-000644,APT-001035,3.8,92.9,False,,True,False
OUT-000645,APT-001038,3.7,67.4,False,,True,False
OUT-000646,APT-001039,2.8,80.7,False,,True,False
OUT-000647,APT-001040,3.1,91.2,False,,True,False
OUT-000648,APT-001041,5.0,93.9,False,,False,False
OUT-000649,APT-001042,3.8,78.3,False,,True,False
OUT-000650,APT-001044,4.2,72.2,False,,True,True
OUT-000651,APT-001046,4.2,70.8,False,,True,False
OUT-000652,APT-001047,3.2,79.1,False,,True,False
OUT-000653,APT-001051,5.0,74.2,False,,True,True
OUT-000654,APT-001052,,86.1,False,,True,False
OUT-000655,APT-001053,5.0,84.9,False,,True,True
OUT-000656,APT-001054,4.9,76.9,False,,True,False
OUT-000657,APT-001055,3.7,68.5,False,,True,False
OUT-000658,APT-001056,4.8,69.7,False,,True,False
OUT-000659,APT-001060,4.4,74.7,False,,True,True
OUT-000660,APT-001062,4.3,92.7,False,,True,False
OUT-000661,APT-001064,4.0,78.7,False,,False,False
OUT-000662,APT-001065,3.7,86.2,False,,True,False
OUT-000663,APT-001070,4.2,76.5,False,,True,False
OUT-000664,APT-001071,,98.6,False,,True,False
OUT-000665,APT-001075,4.9,63.8,False,,True,False
OUT-000666,APT-001077,3.9,100.0,False,,True,False
OUT-000667,APT-001078,4.6,76.5,False,,True,False
OUT-000668,APT-001080,4.4,94.3,False,,True,False
OUT-000669,APT-001081,4.4,86.6,False,,True,False
OUT-000670,APT-001082,5.0,72.1,False,,True,True
OUT-000671,APT-001085,4.1,73.7,False,,True,False
OUT-000672,APT-001087,2.7,78.5,False,,False,True
OUT-000673,APT-001090,4.0,68.8,False,,True,False
OUT-000674,APT-001091,,71.7,False,,True,False
OUT-000675,APT-001092,3.3,76.4,False,,True,True
OUT-000676,APT-001093,4.2,90.1,False,,True,False
OUT-000677,APT-001094,4.9,77.0,False,,True,False
OUT-000678,APT-001095,2.6,84.1,False,,True,False
OUT-000679,APT-001096,4.2,78.0,False,,True,True
OUT-000680,APT-001097,3.7,91.3,False,,True,True
OUT-000681,APT-001098,4.1,91.6,False,,True,False
OUT-000682,APT-001099,,77.5,False,,True,False
OUT-000683,APT-001100,3.7,93.7,False,,True,True
OUT-000684,APT-001101,3.6,81.7,False,,True,False
OUT-000685,APT-001102,3.8,83.3,False,,True,False
OUT-000686,APT-001104,,85.2,False,,True,False
OUT-000687,APT-001105,,84.6,False,,True,False
OUT-000688,APT-001106,4.7,75.1,False,,True,False
OUT-000689,APT-001107,,66.5,False,,True,False
OUT-000690,APT-001109,4.8,88.3,False,,True,False
OUT-000691,APT-001110,5.0,82.7,False,,True,False
OUT-000692,APT-001111,,88.2,False,,True,False
OUT-000693,APT-001112,5.0,93.9,False,,True,True
OUT-000694,APT-001113,4.3,84.7,False,,False,False
OUT-000695,APT-001114,,87.7,False,,True,False
OUT-000696,APT-001115,3.6,87.4,False,,False,False
OUT-000697,APT-001116,4.2,86.2,False,,True,False
OUT-000698,APT-001117,4.5,86.4,False,,True,False
OUT-000699,APT-001120,2.6,87.5,False,,True,False
OUT-000700,APT-001121,4.8,84.3,False,,True,False
OUT-000701,APT-001122,,90.1,False,,True,False
OUT-000702,APT-001123,5.0,81.5,False,,True,False
OUT-000703,APT-001125,4.1,100.0,False,,True,False
OUT-000704,APT-001126,3.3,94.3,False,,True,True
OUT-000705,APT-001127,4.8,87.0,False,,True,False
OUT-000706,APT-001130,5.0,85.0,True,High,True,True
OUT-000707,APT-001132,,79.7,False,,True,False
OUT-000708,APT-001133,,75.5,False,,True,False
OUT-000709,APT-001134,3.2,89.1,False,,True,False
OUT-000710,APT-001135,4.3,100.0,False,,True,True
OUT-000711,APT-001136,3.9,71.3,False,,True,False
OUT-000712,APT-001139,,82.9,False,,True,False
OUT-000713,APT-001140,5.0,83.9,False,,True,False
OUT-000714,APT-001141,4.8,84.9,False,,True,False
OUT-000715,APT-001142,4.2,74.6,False,,True,False
OUT-000716,APT-001143,4.8,100.0,False,,True,False
OUT-000717,APT-001144,3.3,86.0,False,,True,True
OUT-000718,APT-001145,3.5,76.9,False,,True,False
OUT-000719,APT-001146,5.0,93.5,False,,True,True
OUT-000720,APT-001148,4.7,92.0,False,,True,False
OUT-000721,APT-001149,5.0,88.4,False,,True,False
OUT-000722,APT-001150,4.2,63.2,False,,True,False
OUT-000723,APT-001153,5.0,86.3,False,,True,True
OUT-000724,APT-001154,,75.2,False,,True,False
OUT-000725,APT-001155,4.2,83.4,False,,True,False
OUT-000726,APT-001156,4.0,93.6,False,,True,False
OUT-000727,APT-001157,5.0,84.9,False,,True,True
OUT-000728,APT-001160,4.1,85.0,False,,True,False
OUT-000729,APT-001161,3.9,81.9,False,,True,False
OUT-000730,APT-001162,2.4,90.3,False,,True,False
OUT-000731,APT-001164,5.0,81.0,False,,True,True
OUT-000732,APT-001165,3.8,74.0,False,,True,False
OUT-000733,APT-001166,3.5,85.0,False,,True,False
OUT-000734,APT-001167,4.9,91.1,False,,True,True
OUT-000735,APT-001168,4.2,69.9,False,,True,False
OUT-000736,APT-001170,4.9,77.4,False,,False,False
OUT-000737,APT-001171,3.7,61.8,False,,True,False
OUT-000738,APT-001172,3.6,82.2,False,,True,False
OUT-000739,APT-001174,4.3,84.9,False,,True,True
OUT-000740,APT-001175,3.8,93.6,False,,True,False
OUT-000741,APT-001177,3.4,75.7,False,,True,False
OUT-000742,APT-001179,4.5,78.1,False,,True,True
OUT-000743,APT-001181,5.0,72.0,False,,True,False
OUT-000744,APT-001182,5.0,76.2,False,,True,False
OUT-000745,APT-001184,4.8,76.2,False,,True,False
OUT-000746,APT-001185,5.0,80.2,False,,True,False
OUT-000747,APT-001186,4.7,100.0,False,,True,False
OUT-000748,APT-001188,2.7,78.4,False,,True,False
OUT-000749,APT-001189,3.4,83.4,False,,True,False
OUT-000750,APT-001190,3.9,86.7,False,,True,False
OUT-000751,APT-001191,4.8,85.1,False,,True,False
OUT-000752,APT-001192,3.5,74.1,False,,True,False
OUT-000753,APT-001193,,93.2,False,,True,False
OUT-000754,APT-001194,3.7,72.5,False,,True,False
OUT-000755,APT-001195,3.2,80.2,False,,True,True
OUT-000756,APT-001196,3.8,78.9,False,,True,False
OUT-000757,APT-001198,4.3,75.4,False,,True,True
OUT-000758,APT-001200,5.0,86.0,False,,True,False
OUT-000759,APT-001201,5.0,80.6,False,,True,True
OUT-000760,APT-001202,,87.4,False,,False,False
OUT-000761,APT-001203,4.1,84.0,False,,True,True
OUT-000762,APT-001205,,87.0,False,,True,False
OUT-000763,APT-001206,4.2,91.9,False,,True,False
OUT-000764,APT-001207,3.3,81.5,False,,True,False
OUT-000765,APT-001208,,87.3,False,,True,False
OUT-000766,APT-001211,5.0,71.2,False,,True,True
OUT-000767,APT-001215,3.8,84.6,False,,True,False
OUT-000768,APT-001218,3.7,90.4,False,,True,False
OUT-000769,APT-001221,,85.3,False,,True,False
OUT-000770,APT-001223,4.8,77.5,False,,True,False
OUT-000771,APT-001225,3.8,69.8,False,,True,False
OUT-000772,APT-001226,4.1,93.3,False,,False,False
OUT-000773,APT-001227,4.1,72.9,False,,True,False
OUT-000774,APT-001228,4.2,97.3,False,,True,False
OUT-000775,APT-001229,4.4,83.2,False,,True,False
OUT-000776,APT-001230,4.5,79.9,False,,True,False
OUT-000777,APT-001234,4.7,80.5,False,,True,False
OUT-000778,APT-001235,4.3,73.1,False,,True,False
OUT-000779,APT-001237,4.3,78.5,False,,True,True
OUT-000780,APT-001238,2.7,79.4,False,,True,True
OUT-000781,APT-001240,3.5,67.8,False,,True,False
OUT-000782,APT-001241,4.1,76.7,False,,True,False
OUT-000783,APT-001245,,94.3,False,,True,True
OUT-000784,APT-001247,5.0,77.9,False,,True,True
OUT-000785,APT-001248,4.8,77.7,False,,True,False
OUT-000786,APT-001249,4.0,90.7,False,,True,False
OUT-000787,APT-001251,,79.6,False,,True,False
OUT-000788,APT-001252,4.3,69.2,False,,True,False
OUT-000789,APT-001253,4.6,93.2,False,,True,False
OUT-000790,APT-001255,4.4,76.6,False,,False,True
OUT-000791,APT-001256,4.0,80.2,False,,True,True
OUT-000792,APT-001261,5.0,65.3,False,,True,False
OUT-000793,APT-001263,4.7,75.7,False,,True,False
OUT-000794,APT-001264,3.3,100.0,False,,True,False
OUT-000795,APT-001266,,89.7,False,,True,False
OUT-000796,APT-001268,3.7,71.7,False,,True,False
OUT-000797,APT-001272,5.0,70.9,False,,False,True
OUT-000798,APT-001273,4.3,61.7,False,,True,True
OUT-000799,APT-001274,4.9,83.3,False,,True,False
OUT-000800,APT-001275,3.9,68.0,False,,True,False
OUT-000801,APT-001276,3.0,74.2,False,,True,False
OUT-000802,APT-001278,4.8,82.7,False,,True,False
OUT-000803,APT-001280,4.8,76.9,False,,True,False
OUT-000804,APT-001282,3.8,83.9,False,,True,False
OUT-000805,APT-001285,4.9,74.0,False,,True,True
OUT-000806,APT-001286,,98.3,False,,True,False
OUT-000807,APT-001287,4.5,88.1,False,,True,False
OUT-000808,APT-001289,4.6,86.9,False,,True,True
OUT-000809,APT-001290,4.1,76.2,False,,True,False
OUT-000810,APT-001291,3.7,71.4,False,,True,False
OUT-000811,APT-001293,4.6,91.5,False,,True,True
OUT-000812,APT-001295,5.0,80.5,False,,True,True
OUT-000813,APT-001296,,84.0,False,,True,True
OUT-000814,APT-001298,4.2,77.4,False,,True,False
OUT-000815,APT-001299,5.0,84.9,False,,True,True
OUT-000816,APT-001300,2.8,93.0,False,,False,False
OUT-000817,APT-001301,5.0,83.5,False,,True,False
OUT-000818,APT-001302,4.3,71.1,False,,False,False
OUT-000819,APT-001303,4.9,86.0,False,,True,False
OUT-000820,APT-001305,3.4,84.1,False,,True,True
OUT-000821,APT-001307,4.5,89.4,False,,True,False
OUT-000822,APT-001308,4.5,74.1,False,,True,True
OUT-000823,APT-001310,4.7,76.4,False,,True,False
OUT-000824,APT-001313,5.0,99.4,False,,True,False
OUT-000825,APT-001316,3.0,88.2,False,,True,False
OUT-000826,APT-001318,3.5,72.3,False,,True,False
OUT-000827,APT-001320,3.3,66.7,False,,False,False
OUT-000828,APT-001324,4.8,87.7,False,,True,True
OUT-000829,APT-001325,5.0,83.5,False,,True,True
OUT-000830,APT-001326,,80.3,False,,True,False
OUT-000831,APT-001327,3.4,91.2,False,,True,True
OUT-000832,APT-001328,5.0,84.9,False,,True,False
OUT-000833,APT-001329,4.7,69.9,False,,True,False
OUT-000834,APT-001330,4.3,69.9,False,,False,False
OUT-000835,APT-001331,3.7,84.2,False,,True,False
OUT-000836,APT-001333,3.1,96.4,False,,True,False
OUT-000837,APT-001334,5.0,88.4,False,,True,False
OUT-000838,APT-001335,4.4,81.0,False,,True,False
OUT-000839,APT-001336,5.0,95.7,False,,True,False
OUT-000840,APT-001337,4.8,58.9,False,,True,False
OUT-000841,APT-001338,3.6,85.6,False,,True,False
OUT-000842,APT-001339,,95.3,False,,True,False
OUT-000843,APT-001340,4.2,91.5,False,,True,False
OUT-000844,APT-001341,3.1,74.5,False,,True,True
OUT-000845,APT-001342,4.2,93.3,False,,True,False
OUT-000846,APT-001343,4.2,59.6,False,,True,True
OUT-000847,APT-001345,4.5,78.6,False,,True,False
OUT-000848,APT-001347,4.7,87.7,False,,True,False
OUT-000849,APT-001348,5.0,79.1,False,,True,False
OUT-000850,APT-001352,4.6,78.7,False,,True,False
OUT-000851,APT-001353,5.0,96.7,False,,True,False
OUT-000852,APT-001354,,71.5,False,,True,False
OUT-000853,APT-001358,,86.7,False,,True,False
OUT-000854,APT-001360,4.1,85.7,False,,True,False
OUT-000855,APT-001362,4.5,75.4,False,,True,False
OUT-000856,APT-001365,4.1,83.9,False,,True,False
OUT-000857,APT-001367,,89.7,False,,True,False
OUT-000858,APT-001369,5.0,91.3,False,,True,False
OUT-000859,APT-001372,3.3,95.3,False,,True,False
OUT-000860,APT-001376,4.8,79.8,False,,True,False
OUT-000861,APT-001378,5.0,79.7,False,,True,False
OUT-000862,APT-001379,4.2,85.3,False,,True,False
OUT-000863,APT-001380,5.0,82.0,False,,True,False
OUT-000864,APT-001381,3.9,73.0,False,,True,False
OUT-000865,APT-001384,,87.0,False,,True,False
OUT-000866,APT-001385,5.0,82.0,False,,True,False
OUT-000867,APT-001386,4.8,100.0,False,,False,False
OUT-000868,APT-001388,4.3,96.1,False,,True,True
OUT-000869,APT-001389,3.3,79.3,False,,True,False
OUT-000870,APT-001391,4.8,85.2,False,,False,True
OUT-000871,APT-001396,5.0,75.0,True,Medium,True,True
OUT-000872,APT-001398,5.0,80.5,False,,True,False
OUT-000873,APT-001399,4.4,85.1,False,,True,False
OUT-000874,APT-001400,3.8,87.4,False,,False,False
OUT-000875,APT-001405,3.6,61.3,False,,True,False
OUT-000876,APT-001406,3.7,100.0,False,,True,False
OUT-000877,APT-001407,5.0,71.1,False,,True,False
OUT-000878,APT-001408,5.0,87.3,False,,True,False
OUT-000879,APT-001409,3.1,72.5,False,,True,True
OUT-000880,APT-001411,3.1,86.9,False,,True,True
OUT-000881,APT-001414,4.6,68.7,False,,True,False
OUT-000882,APT-001416,,78.1,False,,False,False
OUT-000883,APT-001418,4.6,82.4,False,,True,True
OUT-000884,APT-001419,3.6,95.7,False,,True,False
OUT-000885,APT-001421,4.6,74.7,False,,True,False
OUT-000886,APT-001424,4.1,62.9,False,,True,False
OUT-000887,APT-001425,,76.4,False,,True,False
OUT-000888,APT-001426,4.2,77.3,False,,True,False
OUT-000889,APT-001427,,69.0,False,,True,True
OUT-000890,APT-001429,3.4,74.8,False,,True,False
OUT-000891,APT-001430,3.9,82.2,False,,False,False
OUT-000892,APT-001431,4.0,82.9,False,,True,False
OUT-000893,APT-001432,4.3,64.1,False,,True,True
OUT-000894,APT-001434,5.0,75.6,False,,True,False
OUT-000895,APT-001435,4.8,95.1,False,,True,False
OUT-000896,APT-001436,4.7,87.9,False,,True,False
OUT-000897,APT-001437,,71.7,False,,True,False
OUT-000898,APT-001438,3.8,78.4,False,,True,True
OUT-000899,APT-001439,3.7,88.3,False,,True,False
OUT-000900,APT-001440,5.0,88.9,False,,True,False
OUT-000901,APT-001441,4.6,90.1,False,,True,False
OUT-000902,APT-001442,4.1,93.7,False,,True,False
OUT-000903,APT-001444,5.0,64.1,False,,True,False
OUT-000904,APT-001445,4.0,71.6,False,,True,True
OUT-000905,APT-001448,4.4,78.4,False,,True,False
OUT-000906,APT-001449,4.6,98.9,False,,True,False
OUT-000907,APT-001450,,92.6,False,,True,False
OUT-000908,APT-001453,,73.2,False,,True,True
OUT-000909,APT-001458,3.8,97.8,False,,True,False
OUT-000910,APT-001459,4.1,93.8,False,,False,False
OUT-000911,APT-001460,3.4,79.2,True,High,True,False
OUT-000912,APT-001461,4.0,91.4,False,,True,False
OUT-000913,APT-001462,4.4,97.4,False,,True,False
OUT-000914,APT-001464,4.2,100.0,False,,True,False
OUT-000915,APT-001467,4.6,71.0,False,,True,True
OUT-000916,APT-001468,4.1,92.9,False,,False,False
OUT-000917,APT-001469,5.0,100.0,False,,False,False
OUT-000918,APT-001470,5.0,67.8,False,,True,True
OUT-000919,APT-001472,3.4,67.4,False,,True,False
OUT-000920,APT-001475,5.0,80.5,False,,True,True
OUT-000921,APT-001477,5.0,64.7,False,,True,False
OUT-000922,APT-001478,4.1,89.9,False,,True,False
OUT-000923,APT-001481,,84.1,False,,True,False
OUT-000924,APT-001482,4.0,66.1,False,,True,False
OUT-000925,APT-001484,,87.0,False,,True,False
OUT-000926,APT-001489,4.2,96.2,False,,True,False
OUT-000927,APT-001491,4.8,83.1,True,Low,True,True
OUT-000928,APT-001492,4.0,73.6,False,,True,False
OUT-000929,APT-001493,4.2,84.5,False,,True,True
OUT-000930,APT-001494,3.1,100.0,False,,True,False
OUT-000931,APT-001498,4.6,83.6,False,,True,True
OUT-000932,APT-001500,2.8,81.8,False,,True,False
OUT-000933,APT-001501,4.1,87.4,False,,True,False
OUT-000934,APT-001502,3.6,81.8,False,,True,False
OUT-000935,APT-001504,3.9,89.2,False,,True,False
OUT-000936,APT-001505,3.8,90.5,False,,True,False
OUT-000937,APT-001506,4.5,85.1,False,,True,True
OUT-000938,APT-001507,4.1,86.6,False,,True,True
OUT-000939,APT-001508,4.7,90.3,False,,True,False
OUT-000940,APT-001509,4.2,77.5,False,,False,True
OUT-000941,APT-001511,5.0,84.1,False,,True,True
OUT-000942,APT-001512,4.7,96.9,False,,False,False
OUT-000943,APT-001513,5.0,90.1,False,,True,False
OUT-000944,APT-001514,3.7,87.7,False,,True,False
OUT-000945,APT-001515,3.0,77.4,False,,True,False
OUT-000946,APT-001519,4.8,85.7,False,,True,False
OUT-000947,APT-001524,4.9,75.8,False,,True,False
OUT-000948,APT-001527,,74.2,False,,True,True
OUT-000949,APT-001528,3.8,67.4,False,,True,False
OUT-000950,APT-001529,3.7,80.8,False,,True,False
OUT-000951,APT-001531,4.1,66.5,False,,True,True
OUT-000952,APT-001534,3.5,69.1,False,,True,False
OUT-000953,APT-001535,3.3,65.9,False,,False,False
OUT-000954,APT-001536,5.0,86.3,False,,False,False
OUT-000955,APT-001537,4.6,100.0,False,,True,True
OUT-000956,APT-001538,5.0,100.0,False,,True,True
OUT-000957,APT-001539,5.0,81.9,False,,True,True
OUT-000958,APT-001540,3.5,84.8,False,,False,False
OUT-000959,APT-001541,4.2,81.7,False,,True,True
OUT-000960,APT-001543,4.8,87.8,False,,True,False
OUT-000961,APT-001544,4.8,80.6,False,,True,True
OUT-000962,APT-001545,4.5,85.3,False,,True,True
OUT-000963,APT-001548,5.0,66.0,False,,True,False
OUT-000964,APT-001549,4.7,79.3,False,,True,False
OUT-000965,APT-001550,4.4,89.0,False,,True,False
OUT-000966,APT-001552,4.9,80.2,False,,True,False
OUT-000967,APT-001553,3.8,81.3,False,,True,False
OUT-000968,APT-001554,4.0,62.8,False,,True,False
OUT-000969,APT-001555,3.6,60.3,False,,True,False
OUT-000970,APT-001556,3.8,95.8,False,,True,False
OUT-000971,APT-001557,3.8,81.4,False,,True,True
OUT-000972,APT-001558,4.5,83.1,False,,True,False
OUT-000973,APT-001559,4.2,76.8,False,,False,False
OUT-000974,APT-001560,3.5,90.3,False,,True,False
OUT-000975,APT-001561,5.0,82.6,False,,True,False
OUT-000976,APT-001562,4.8,69.2,False,,True,False
OUT-000977,APT-001563,4.4,74.1,False,,True,False
OUT-000978,APT-001565,3.9,82.8,False,,True,False
OUT-000979,APT-001566,,77.2,False,,True,False
OUT-000980,APT-001569,3.9,82.7,False,,True,False
OUT-000981,APT-001571,4.1,80.4,False,,False,False
OUT-000982,APT-001572,4.7,91.5,False,,True,True
OUT-000983,APT-001573,4.7,93.7,False,,True,False
OUT-000984,APT-001575,3.9,74.0,False,,True,False
OUT-000985,APT-001576,3.5,88.9,False,,False,False
OUT-000986,APT-001577,3.5,96.3,False,,True,False
OUT-000987,APT-001578,5.0,92.3,False,,True,False
OUT-000988,APT-001581,4.4,85.3,False,,True,False
OUT-000989,APT-001582,4.4,90.3,False,,False,False
OUT-000990,APT-001583,5.0,63.4,False,,True,False
OUT-000991,APT-001584,5.0,75.1,False,,False,False
OUT-000992,APT-001585,3.6,71.3,False,,True,True
OUT-000993,APT-001586,3.0,82.4,False,,True,True
OUT-000994,APT-001588,4.7,79.4,False,,True,True
OUT-000995,APT-001591,4.0,65.4,False,,True,False
OUT-000996,APT-001592,4.5,99.2,False,,False,True
OUT-000997,APT-001593,3.6,72.2,False,,True,False
OUT-000998,APT-001597,4.4,83.1,True,Low,True,False
OUT-000999,APT-001599,4.7,98.4,False,,True,False
OUT-001000,APT-001603,5.0,91.8,False,,True,False
OUT-001001,APT-001604,4.3,90.5,False,,True,False
OUT-001002,APT-001606,,88.8,False,,True,True
OUT-001003,APT-001607,3.1,90.4,False,,True,True
OUT-001004,APT-001608,4.3,81.3,False,,True,True
OUT-001005,APT-001609,4.8,73.3,False,,True,False
OUT-001006,APT-001612,3.8,92.1,False,,True,False
OUT-001007,APT-001613,4.6,72.9,False,,True,False
OUT-001008,APT-001614,4.0,99.9,False,,True,False
OUT-001009,APT-001615,4.8,71.8,False,,True,False
OUT-001010,APT-001616,3.1,95.9,False,,True,False
OUT-001011,APT-001617,4.1,93.7,False,,True,False
OUT-001012,APT-001620,4.0,86.1,False,,True,False
OUT-001013,APT-001621,4.8,89.1,False,,True,True
OUT-001014,APT-001622,4.4,66.1,False,,True,True
OUT-001015,APT-001623,5.0,81.2,False,,True,False
OUT-001016,APT-001626,4.0,86.0,False,,True,False
OUT-001017,APT-001628,4.5,90.3,False,,True,False
OUT-001018,APT-001629,4.0,61.8,False,,False,False
OUT-001019,APT-001631,4.1,73.2,False,,True,True
OUT-001020,APT-001636,3.5,80.0,False,,True,False
OUT-001021,APT-001637,3.7,73.9,False,,True,False
OUT-001022,APT-001638,4.0,78.0,False,,True,True
OUT-001023,APT-001639,4.5,72.6,False,,True,False
OUT-001024,APT-001640,3.7,87.3,False,,True,False
OUT-001025,APT-001642,4.2,81.9,False,,False,True
OUT-001026,APT-001643,4.6,73.1,False,,True,False
OUT-001027,APT-001645,5.0,99.2,False,,True,False
OUT-001028,APT-001647,3.6,71.8,False,,True,False
OUT-001029,APT-001649,4.5,65.8,False,,False,False
OUT-001030,APT-001650,3.5,89.2,False,,True,False
OUT-001031,APT-001652,4.7,70.3,False,,False,False
OUT-001032,APT-001656,4.8,80.5,False,,True,False
OUT-001033,APT-001657,,85.3,False,,True,False
OUT-001034,APT-001658,4.1,66.9,False,,False,False
OUT-001035,APT-001659,5.0,72.2,False,,True,False
OUT-001036,APT-001660,4.1,92.3,False,,True,False
OUT-001037,APT-001661,,74.8,False,,True,False
OUT-001038,APT-001664,,76.6,False,,True,False
OUT-001039,APT-001665,3.8,99.2,False,,False,False
OUT-001040,APT-001666,4.4,87.4,False,,True,False
OUT-001041,APT-001667,4.0,91.5,False,,False,False
OUT-001042,APT-001668,,90.4,False,,True,False
OUT-001043,APT-001670,4.9,78.4,False,,True,False
OUT-001044,APT-001671,3.7,98.0,False,,True,True
OUT-001045,APT-001673,4.4,78.3,False,,True,True
OUT-001046,APT-001674,3.3,65.6,False,,False,False
OUT-001047,APT-001675,4.4,73.5,False,,True,False
OUT-001048,APT-001676,4.1,84.1,False,,True,False
OUT-001049,APT-001677,3.7,100.0,False,,True,False
OUT-001050,APT-001678,,81.8,False,,True,False
OUT-001051,APT-001680,3.8,90.7,False,,True,False
OUT-001052,APT-001681,5.0,93.5,False,,True,False
OUT-001053,APT-001683,2.8,83.7,False,,True,False
OUT-001054,APT-001684,4.4,100.0,False,,True,True
OUT-001055,APT-001686,3.2,94.5,False,,True,False
OUT-001056,APT-001687,5.0,86.0,False,,False,False
OUT-001057,APT-001689,3.5,98.9,False,,True,False
OUT-001058,APT-001691,4.3,85.5,False,,True,False
OUT-001059,APT-001694,5.0,72.8,False,,True,True
OUT-001060,APT-001695,5.0,79.9,False,,False,False
OUT-001061,APT-001696,3.4,84.1,False,,True,True
OUT-001062,APT-001698,3.7,66.9,False,,True,False
OUT-001063,APT-001699,4.2,79.2,False,,False,False
OUT-001064,APT-001701,5.0,83.3,False,,True,False
OUT-001065,APT-001704,4.6,100.0,False,,True,False
OUT-001066,APT-001705,3.5,88.2,False,,True,False
OUT-001067,APT-001707,3.9,87.1,False,,True,True
OUT-001068,APT-001708,3.7,72.5,False,,True,True
OUT-001069,APT-001709,3.9,84.1,False,,True,True
OUT-001070,APT-001710,4.7,72.3,False,,True,False
OUT-001071,APT-001711,3.9,96.0,False,,False,False
OUT-001072,APT-001713,3.9,96.4,False,,True,True
OUT-001073,APT-001714,2.4,84.0,False,,True,False
OUT-001074,APT-001715,3.9,85.2,False,,False,False
OUT-001075,APT-001716,3.9,79.8,False,,False,False
OUT-001076,APT-001718,3.8,75.6,False,,False,False
OUT-001077,APT-001722,4.5,70.9,False,,False,False
OUT-001078,APT-001724,3.7,75.0,False,,True,False
OUT-001079,APT-001726,4.3,82.6,False,,True,False
OUT-001080,APT-001727,4.6,81.6,False,,True,False
OUT-001081,APT-001728,5.0,86.2,False,,True,True
OUT-001082,APT-001729,4.6,83.8,False,,True,False
OUT-001083,APT-001730,,87.9,False,,True,False
OUT-001084,APT-001731,,83.3,False,,True,False
OUT-001085,APT-001732,4.3,83.4,False,,True,False
OUT-001086,APT-001733,,93.0,False,,True,False
OUT-001087,APT-001734,3.5,65.4,False,,True,False
OUT-001088,APT-001735,3.4,88.4,False,,True,False
OUT-001089,APT-001736,4.6,78.6,False,,True,False
OUT-001090,APT-001737,5.0,97.5,False,,True,True
OUT-001091,APT-001738,,65.8,False,,True,False
OUT-001092,APT-001740,4.7,78.4,False,,True,False
OUT-001093,APT-001741,4.5,82.8,False,,True,False
OUT-001094,APT-001742,4.4,68.8,False,,True,False
OUT-001095,APT-001743,3.9,91.1,False,,True,False
OUT-001096,APT-001746,5.0,74.1,False,,True,False
OUT-001097,APT-001747,4.4,86.6,False,,True,False
OUT-001098,APT-001749,3.2,70.4,False,,True,False
OUT-001099,APT-001751,4.6,73.9,False,,True,False
OUT-001100,APT-001755,3.6,80.5,False,,True,False
OUT-001101,APT-001756,3.7,67.3,False,,False,False
OUT-001102,APT-001757,3.4,72.3,False,,True,True
OUT-001103,APT-001759,5.0,65.9,False,,True,False
OUT-001104,APT-001761,3.9,81.3,False,,True,False
OUT-001105,APT-001763,3.7,72.0,False,,False,False
OUT-001106,APT-001764,4.8,66.3,False,,True,False
OUT-001107,APT-001765,4.7,77.8,False,,True,False
OUT-001108,APT-001766,3.4,75.3,False,,True,False
OUT-001109,APT-001767,4.9,81.6,False,,True,False
OUT-001110,APT-001768,4.8,85.1,False,,True,True
OUT-001111,APT-001770,3.2,93.1,False,,True,False
OUT-001112,APT-001772,4.2,73.4,False,,True,False
OUT-001113,APT-001776,3.6,78.2,False,,True,True
OUT-001114,APT-001777,5.0,95.5,False,,False,False
OUT-001115,APT-001778,4.6,68.8,False,,True,False
OUT-001116,APT-001780,4.5,63.3,False,,True,False
OUT-001117,APT-001782,3.1,100.0,False,,True,False
OUT-001118,APT-001783,,80.3,False,,True,True
OUT-001119,APT-001785,3.9,83.0,False,,True,True
OUT-001120,APT-001787,4.8,87.3,False,,True,False
OUT-001121,APT-001788,3.1,95.3,False,,True,True
OUT-001122,APT-001789,3.8,90.7,False,,True,False
OUT-001123,APT-001790,3.7,73.2,False,,True,False
OUT-001124,APT-001791,3.9,81.2,False,,True,False
OUT-001125,APT-001793,4.8,91.1,False,,True,False
OUT-001126,APT-001795,3.3,88.6,False,,True,True
OUT-001127,APT-001796,,74.3,False,,True,False
OUT-001128,APT-001797,3.9,91.7,False,,False,False
OUT-001129,APT-001798,4.0,71.6,False,,True,True
OUT-001130,APT-001803,4.9,83.3,False,,True,False
OUT-001131,APT-001804,4.6,86.4,False,,True,False
OUT-001132,APT-001808,4.9,91.6,False,,False,False
OUT-001133,APT-001809,3.9,75.0,False,,True,False
OUT-001134,APT-001810,4.9,90.5,False,,True,False
OUT-001135,APT-001813,3.9,100.0,False,,True,False
OUT-001136,APT-001814,5.0,73.2,False,,True,False
OUT-001137,APT-001817,5.0,96.8,False,,True,False
OUT-001138,APT-001819,3.9,99.9,False,,True,False
OUT-001139,APT-001821,3.7,60.3,False,,False,False
OUT-001140,APT-001823,4.9,80.6,False,,False,False
OUT-001141,APT-001824,4.2,81.8,False,,True,True
OUT-001142,APT-001825,5.0,92.5,False,,True,True
OUT-001143,APT-001826,4.3,84.2,False,,True,False
OUT-001144,APT-001829,,94.6,False,,True,False
OUT-001145,APT-001830,3.1,73.2,False,,True,False
OUT-001146,APT-001831,5.0,70.5,False,,True,False
OUT-001147,APT-001832,4.4,75.2,False,,True,False
OUT-001148,APT-001838,3.7,74.3,False,,True,False
OUT-001149,APT-001840,3.5,89.1,False,,True,True
OUT-001150,APT-001841,3.7,85.3,False,,False,False
OUT-001151,APT-001843,4.4,74.8,False,,True,True
OUT-001152,APT-001845,4.9,79.0,False,,True,False
OUT-001153,APT-001846,3.6,86.6,False,,True,False
OUT-001154,APT-001847,3.7,83.0,False,,True,False
OUT-001155,APT-001848,4.6,79.2,False,,True,False
OUT-001156,APT-001850,2.9,86.7,False,,True,False
OUT-001157,APT-001852,4.5,86.1,False,,True,False
OUT-001158,APT-001853,5.0,88.1,False,,True,True
OUT-001159,APT-001854,3.1,82.1,False,,False,True
OUT-001160,APT-001855,4.9,75.5,False,,False,True
OUT-001161,APT-001856,5.0,96.2,False,,True,False
OUT-001162,APT-001857,5.0,100.0,False,,False,True
OUT-001163,APT-001861,3.9,87.1,False,,False,False
OUT-001164,APT-001862,3.8,95.3,False,,True,False
OUT-001165,APT-001863,4.0,81.6,False,,True,False
OUT-001166,APT-001864,4.4,75.0,False,,True,True
OUT-001167,APT-001865,5.0,84.0,False,,True,False
OUT-001168,APT-001866,3.2,83.5,False,,True,False
OUT-001169,APT-001869,3.5,83.2,False,,True,False
OUT-001170,APT-001870,4.9,94.7,False,,True,False
OUT-001171,APT-001871,5.0,79.7,False,,True,False
OUT-001172,APT-001872,,95.3,False,,False,False
OUT-001173,APT-001873,4.1,85.5,False,,True,False
OUT-001174,APT-001876,4.4,76.4,False,,True,True
OUT-001175,APT-001878,4.3,86.7,False,,True,True
OUT-001176,APT-001879,4.3,87.1,False,,True,False
OUT-001177,APT-001880,4.3,76.1,False,,True,False
OUT-001178,APT-001881,3.4,85.7,False,,True,True
OUT-001179,APT-001882,5.0,64.9,False,,True,False
OUT-001180,APT-001883,4.0,71.0,False,,True,True
OUT-001181,APT-001885,4.6,87.3,False,,True,True
OUT-001182,APT-001886,,100.0,False,,False,True
OUT-001183,APT-001888,4.5,91.9,False,,True,False
OUT-001184,APT-001892,4.7,89.7,False,,True,False
OUT-001185,APT-001893,2.8,84.3,False,,True,False
OUT-001186,APT-001897,3.6,96.6,False,,True,False
OUT-001187,APT-001898,3.2,70.3,False,,True,False
OUT-001188,APT-001899,3.6,66.8,False,,False,False
OUT-001189,APT-001900,4.0,93.5,False,,True,False
OUT-001190,APT-001901,,65.9,False,,True,True
OUT-001191,APT-001902,,91.2,False,,True,False
OUT-001192,APT-001903,4.4,89.0,False,,True,False
OUT-001193,APT-001906,3.9,78.0,False,,True,False
OUT-001194,APT-001907,4.2,72.5,False,,True,False
OUT-001195,APT-001909,4.2,86.4,False,,False,True
OUT-001196,APT-001910,2.7,62.8,False,,True,False
OUT-001197,APT-001912,3.9,91.7,False,,True,False
OUT-001198,APT-001914,3.5,97.3,False,,True,False
OUT-001199,APT-001915,4.1,88.8,False,,True,False
OUT-001200,APT-001916,4.5,100.0,False,,True,False
OUT-001201,APT-001917,4.9,70.7,False,,True,True
OUT-001202,APT-001919,4.8,73.7,False,,True,False
OUT-001203,APT-001921,3.9,91.7,False,,False,False
OUT-001204,APT-001923,3.8,86.1,True,High,True,False
OUT-001205,APT-001924,5.0,66.1,False,,True,False
OUT-001206,APT-001925,3.2,81.7,False,,True,False
OUT-001207,APT-001927,,91.8,False,,True,True
OUT-001208,APT-001928,3.9,75.5,False,,True,False
OUT-001209,APT-001932,3.3,65.2,False,,False,False
OUT-001210,APT-001933,4.2,80.2,False,,True,False
OUT-001211,APT-001938,4.0,98.5,False,,True,False
OUT-001212,APT-001939,4.3,90.0,False,,True,True
OUT-001213,APT-001941,4.9,85.1,False,,True,True
OUT-001214,APT-001942,3.6,71.1,False,,True,True
OUT-001215,APT-001943,4.4,77.8,False,,True,False
OUT-001216,APT-001944,,82.0,False,,False,False
OUT-001217,APT-001945,5.0,85.2,False,,True,False
OUT-001218,APT-001947,3.2,72.3,False,,True,False
OUT-001219,APT-001948,5.0,76.7,False,,False,False
OUT-001220,APT-001949,4.5,86.8,False,,True,False
OUT-001221,APT-001951,4.2,80.1,False,,True,False
OUT-001222,APT-001953,4.2,99.0,False,,False,False
OUT-001223,APT-001955,4.4,65.8,False,,True,False
OUT-001224,APT-001956,4.4,82.0,False,,True,True
OUT-001225,APT-001957,4.0,76.0,False,,False,False
OUT-001226,APT-001960,3.4,89.0,False,,True,False
OUT-001227,APT-001964,4.3,67.5,False,,True,True
OUT-001228,APT-001965,,73.8,False,,True,False
OUT-001229,APT-001966,4.6,82.3,False,,True,True
OUT-001230,APT-001968,3.7,83.4,False,,True,True
OUT-001231,APT-001969,,78.6,False,,False,False
OUT-001232,APT-001971,3.6,89.9,False,,False,True
OUT-001233,APT-001972,4.9,97.3,False,,True,False
OUT-001234,APT-001977,4.5,77.3,False,,True,True
OUT-001235,APT-001978,4.0,90.4,False,,True,False
OUT-001236,APT-001984,4.6,99.6,False,,True,False
OUT-001237,APT-001985,3.4,87.3,False,,True,False
OUT-001238,APT-001987,4.3,82.2,False,,True,False
OUT-001239,APT-001990,5.0,97.2,False,,True,False
OUT-001240,APT-001991,4.6,71.7,False,,True,False
OUT-001241,APT-001992,3.9,72.1,False,,True,False
OUT-001242,APT-001993,3.7,98.7,False,,True,True
OUT-001243,APT-001994,5.0,90.1,False,,True,False
OUT-001244,APT-001995,4.1,87.4,False,,True,False
OUT-001245,APT-001997,4.2,95.9,False,,True,True
OUT-001246,APT-001998,3.8,78.5,False,,True,True
OUT-001247,APT-001999,5.0,81.2,False,,True,False
OUT-001248,APT-002001,2.6,79.6,False,,True,False
OUT-001249,APT-002003,2.5,81.7,False,,True,True
OUT-001250,APT-002004,3.9,70.1,False,,False,False
OUT-001251,APT-002005,,76.1,False,,True,False
OUT-001252,APT-002006,4.2,91.6,False,,False,False
OUT-001253,APT-002008,3.0,81.3,False,,True,False
OUT-001254,APT-002009,4.2,100.0,False,,True,False
OUT-001255,APT-002012,4.3,78.1,False,,True,False
OUT-001256,APT-002013,4.4,69.3,False,,True,False
OUT-001257,APT-002014,3.4,85.9,False,,False,False
OUT-001258,APT-002015,2.6,64.6,False,,False,False
OUT-001259,APT-002017,4.8,75.6,False,,True,False
OUT-001260,APT-002023,5.0,93.7,False,,True,False
OUT-001261,APT-002026,3.3,55.7,False,,False,False
OUT-001262,APT-002027,3.9,84.9,False,,True,False
OUT-001263,APT-002028,3.2,84.8,False,,True,False
OUT-001264,APT-002029,4.4,69.9,False,,True,False
OUT-001265,APT-002030,3.9,79.1,False,,True,False
OUT-001266,APT-002031,3.6,87.6,True,Low,False,True
OUT-001267,APT-002032,4.6,70.5,False,,False,False
OUT-001268,APT-002033,4.9,79.3,False,,False,False
OUT-001269,APT-002035,4.3,88.4,False,,False,False
OUT-001270,APT-002037,3.4,81.6,False,,True,False
OUT-001271,APT-002038,4.5,88.2,False,,True,False
OUT-001272,APT-002039,4.3,85.2,False,,True,False
OUT-001273,APT-002040,4.5,87.1,False,,True,False
OUT-001274,APT-002043,3.8,92.6,False,,True,False
OUT-001275,APT-002045,3.7,78.8,False,,True,False
OUT-001276,APT-002046,3.3,94.9,False,,True,False
OUT-001277,APT-002048,5.0,81.4,False,,True,True
OUT-001278,APT-002049,3.5,94.5,False,,True,False
OUT-001279,APT-002050,3.9,78.9,False,,True,False
OUT-001280,APT-002051,3.8,83.2,False,,True,False
OUT-001281,APT-002052,4.6,82.4,False,,True,False
OUT-001282,APT-002053,2.7,70.9,False,,True,True
OUT-001283,APT-002054,4.5,83.8,False,,True,False
OUT-001284,APT-002055,4.0,77.2,False,,True,True
OUT-001285,APT-002059,4.7,71.0,False,,True,True
OUT-001286,APT-002060,4.6,98.6,False,,False,False
OUT-001287,APT-002062,,73.7,False,,True,True
OUT-001288,APT-002064,3.2,83.1,False,,True,False
OUT-001289,APT-002065,4.5,89.2,False,,True,True
OUT-001290,APT-002067,4.7,87.8,False,,True,False
OUT-001291,APT-002068,4.6,81.8,False,,True,False
OUT-001292,APT-002069,4.7,85.2,False,,True,False
OUT-001293,APT-002070,3.6,71.4,False,,True,False
OUT-001294,APT-002071,3.9,92.9,False,,True,False
OUT-001295,APT-002073,3.2,74.6,False,,True,False
OUT-001296,APT-002074,4.6,92.5,False,,False,False
OUT-001297,APT-002075,4.7,100.0,False,,True,False
OUT-001298,APT-002076,5.0,76.7,False,,True,False
OUT-001299,APT-002077,3.4,89.3,False,,False,True
OUT-001300,APT-002078,3.7,90.1,False,,True,False
OUT-001301,APT-002079,,94.6,False,,True,False
OUT-001302,APT-002080,5.0,74.0,False,,False,False
OUT-001303,APT-002081,4.2,79.7,False,,True,False
OUT-001304,APT-002084,4.0,88.8,False,,True,False
OUT-001305,APT-002085,3.9,69.0,False,,True,False
OUT-001306,APT-002086,4.4,78.2,False,,True,False
OUT-001307,APT-002088,4.8,74.4,False,,True,True
OUT-001308,APT-002089,4.6,89.2,False,,True,False
OUT-001309,APT-002092,4.2,75.5,False,,False,False
OUT-001310,APT-002094,4.9,96.3,False,,True,False
OUT-001311,APT-002095,3.5,79.4,False,,True,True
OUT-001312,APT-002096,4.3,98.2,False,,True,False
OUT-001313,APT-002099,4.8,79.8,False,,True,False
OUT-001314,APT-002101,5.0,79.3,False,,True,False
OUT-001315,APT-002102,4.1,89.9,False,,True,False
OUT-001316,APT-002104,3.5,67.6,True,Low,True,False
OUT-001317,APT-002105,3.9,72.7,False,,True,False
OUT-001318,APT-002107,3.7,69.9,False,,True,True
OUT-001319,APT-002108,2.6,57.1,False,,False,True
OUT-001320,APT-002111,3.0,83.1,False,,True,False
OUT-001321,APT-002113,3.9,98.9,False,,True,False
OUT-001322,APT-002116,3.9,97.2,False,,True,False
OUT-001323,APT-002117,4.2,77.2,False,,True,False
OUT-001324,APT-002119,4.8,79.1,False,,True,False
OUT-001325,APT-002120,4.5,91.0,False,,True,False
OUT-001326,APT-002121,3.4,72.4,False,,True,True
OUT-001327,APT-002122,5.0,73.9,False,,True,True
OUT-001328,APT-002123,3.7,74.9,False,,True,False
OUT-001329,APT-002124,3.6,82.4,False,,True,False
OUT-001330,APT-002127,3.3,57.7,False,,False,True
OUT-001331,APT-002129,4.4,70.9,True,Low,True,False
OUT-001332,APT-002130,3.5,97.7,False,,True,False
OUT-001333,APT-002132,4.4,81.7,False,,False,False
OUT-001334,APT-002136,4.3,82.2,False,,True,False
OUT-001335,APT-002137,2.8,97.6,False,,True,False
OUT-001336,APT-002138,4.5,100.0,False,,True,False
OUT-001337,APT-002139,4.8,84.5,False,,True,False
OUT-001338,APT-002140,4.2,77.3,False,,True,False
OUT-001339,APT-002141,2.3,92.3,False,,True,False
OUT-001340,APT-002142,3.9,89.5,False,,True,True
OUT-001341,APT-002144,5.0,74.9,False,,True,False
OUT-001342,APT-002145,,83.4,False,,True,False
OUT-001343,APT-002146,3.4,71.8,False,,True,False
OUT-001344,APT-002148,4.2,88.6,False,,True,False
OUT-001345,APT-002149,4.9,81.1,False,,True,False
OUT-001346,APT-002152,4.8,62.3,False,,True,True
OUT-001347,APT-002153,4.1,81.8,False,,True,False
OUT-001348,APT-002154,3.8,78.8,False,,True,False
OUT-001349,APT-002155,3.2,74.2,False,,True,False
OUT-001350,APT-002156,,81.9,False,,True,False
OUT-001351,APT-002157,4.3,91.2,False,,True,False
OUT-001352,APT-002158,3.9,72.3,False,,True,False
OUT-001353,APT-002159,5.0,89.5,False,,True,False
OUT-001354,APT-002161,3.4,82.2,False,,True,False
OUT-001355,APT-002163,3.8,75.6,False,,True,True
OUT-001356,APT-002165,3.3,83.2,False,,True,False
OUT-001357,APT-002168,4.9,95.9,False,,True,False
OUT-001358,APT-002169,2.9,66.7,False,,True,True
OUT-001359,APT-002170,4.7,88.5,False,,True,True
OUT-001360,APT-002172,4.4,73.5,False,,True,False
OUT-001361,APT-002173,4.3,83.1,False,,False,False
OUT-001362,APT-002175,4.3,80.9,False,,True,False
OUT-001363,APT-002176,3.6,84.4,False,,True,True
OUT-001364,APT-002178,2.6,78.0,False,,True,False
OUT-001365,APT-002181,3.5,91.0,False,,False,False
OUT-001366,APT-002182,,70.7,False,,True,True
OUT-001367,APT-002185,,96.4,False,,True,True
OUT-001368,APT-002186,4.1,87.6,False,,True,False
OUT-001369,APT-002187,3.8,81.9,False,,True,False
OUT-001370,APT-002188,3.9,95.4,False,,True,False
OUT-001371,APT-002189,3.1,77.3,False,,True,False
OUT-001372,APT-002190,3.2,100.0,False,,True,True
OUT-001373,APT-002192,3.9,72.4,False,,True,False
OUT-001374,APT-002193,3.8,70.5,False,,True,False
OUT-001375,APT-002194,2.7,77.7,False,,False,False
OUT-001376,APT-002195,,79.3,False,,True,False
OUT-001377,APT-002199,4.4,79.7,False,,True,True
OUT-001378,APT-002200,5.0,89.6,False,,True,False
OUT-001379,APT-002201,3.9,69.0,False,,True,False
OUT-001380,APT-002204,,84.2,False,,True,False
OUT-001381,APT-002205,4.6,86.5,False,,True,True
OUT-001382,APT-002206,3.9,87.8,False,,True,True
OUT-001383,APT-002208,3.9,73.2,False,,True,False
OUT-001384,APT-002209,,81.7,False,,True,True
OUT-001385,APT-002212,4.4,81.8,False,,True,False
OUT-001386,APT-002213,4.8,86.1,False,,True,True
OUT-001387,APT-002215,3.9,86.8,False,,True,True
OUT-001388,APT-002216,5.0,84.9,False,,True,True
OUT-001389,APT-002218,3.8,74.4,False,,True,True
OUT-001390,APT-002220,3.0,73.6,False,,True,False
OUT-001391,APT-002221,5.0,92.0,False,,True,False
OUT-001392,APT-002223,4.5,70.8,False,,True,True
OUT-001393,APT-002224,3.2,80.3,False,,True,False
OUT-001394,APT-002225,4.4,85.2,False,,True,False
OUT-001395,APT-002227,2.9,99.7,False,,True,True
OUT-001396,APT-002232,,72.3,False,,True,True
OUT-001397,APT-002233,4.0,76.5,False,,True,True
OUT-001398,APT-002234,4.1,87.3,True,Medium,True,False
OUT-001399,APT-002235,3.3,75.2,False,,True,True
OUT-001400,APT-002240,,83.7,False,,True,False
OUT-001401,APT-002241,3.8,69.9,False,,True,True
OUT-001402,APT-002242,3.5,76.7,False,,True,False
OUT-001403,APT-002243,5.0,93.6,False,,True,False
OUT-001404,APT-002246,,73.3,False,,True,True
OUT-001405,APT-002249,4.8,67.1,False,,True,False
OUT-001406,APT-002250,,85.2,False,,False,False
OUT-001407,APT-002251,,85.7,False,,True,False
OUT-001408,APT-002252,3.8,93.8,False,,True,False
OUT-001409,APT-002253,4.3,99.3,False,,True,False
OUT-001410,APT-002255,3.8,77.1,False,,True,False
OUT-001411,APT-002256,4.6,86.7,False,,True,False
OUT-001412,APT-002258,4.2,73.2,False,,True,False
OUT-001413,APT-002259,3.9,61.8,False,,True,True
OUT-001414,APT-002260,4.6,77.0,False,,True,False
OUT-001415,APT-002261,4.2,81.6,False,,True,True
OUT-001416,APT-002263,4.6,85.0,False,,True,False
OUT-001417,APT-002264,5.0,85.4,False,,True,False
OUT-001418,APT-002265,4.5,65.3,False,,True,False
OUT-001419,APT-002266,4.5,81.7,False,,True,False
OUT-001420,APT-002268,4.5,91.8,False,,True,True
OUT-001421,APT-002270,4.0,81.6,False,,True,False
OUT-001422,APT-002273,4.1,91.1,False,,True,False
OUT-001423,APT-002274,,80.4,False,,True,False
OUT-001424,APT-002275,4.6,84.6,False,,False,False
OUT-001425,APT-002276,4.5,85.9,False,,True,False
OUT-001426,APT-002277,4.3,84.3,False,,False,False
OUT-001427,APT-002279,3.6,89.4,False,,True,False
OUT-001428,APT-002281,3.3,79.1,False,,False,False
OUT-001429,APT-002282,3.5,94.3,False,,True,False
OUT-001430,APT-002284,4.7,92.1,False,,True,False
OUT-001431,APT-002288,4.5,83.4,False,,True,False
OUT-001432,APT-002289,4.9,78.7,False,,True,True
OUT-001433,APT-002290,4.9,83.4,True,Medium,False,False
OUT-001434,APT-002291,4.3,82.1,False,,False,False
OUT-001435,APT-002293,4.3,82.0,False,,True,True
OUT-001436,APT-002294,4.9,59.7,False,,True,False
OUT-001437,APT-002295,3.2,94.5,False,,True,False
OUT-001438,APT-002296,4.0,66.8,False,,True,True
OUT-001439,APT-002297,,84.3,False,,True,False
OUT-001440,APT-002299,3.8,94.8,False,,True,False
OUT-001441,APT-002300,4.0,75.2,False,,True,False
OUT-001442,APT-002301,5.0,94.0,False,,True,False
OUT-001443,APT-002302,,76.5,False,,True,False
OUT-001444,APT-002304,4.7,82.3,False,,True,False
OUT-001445,APT-002305,5.0,95.3,False,,True,False
OUT-001446,APT-002306,4.8,73.6,False,,True,False
OUT-001447,APT-002308,,80.1,False,,True,False
OUT-001448,APT-002309,4.4,74.1,False,,True,True
OUT-001449,APT-002310,4.3,100.0,False,,False,True
OUT-001450,APT-002311,3.9,81.2,False,,True,False
OUT-001451,APT-002314,4.3,81.1,False,,True,False
OUT-001452,APT-002316,4.9,92.5,False,,True,False
OUT-001453,APT-002319,4.4,100.0,False,,True,True
OUT-001454,APT-002320,2.9,72.1,False,,True,False
OUT-001455,APT-002321,4.8,84.5,False,,True,False
OUT-001456,APT-002322,,86.0,False,,True,False
OUT-001457,APT-002324,3.8,94.1,False,,True,False
OUT-001458,APT-002325,4.6,90.6,False,,False,True
OUT-001459,APT-002326,4.1,83.7,False,,True,True
OUT-001460,APT-002327,3.6,93.1,False,,True,False
OUT-001461,APT-002329,5.0,81.3,False,,True,False
OUT-001462,APT-002331,4.5,96.1,False,,True,False
OUT-001463,APT-002332,3.9,83.8,False,,False,False
OUT-001464,APT-002336,4.9,67.0,False,,True,False
OUT-001465,APT-002338,4.4,87.4,False,,False,False
OUT-001466,APT-002339,4.9,92.5,False,,True,False
OUT-001467,APT-002340,3.0,88.5,False,,True,False
OUT-001468,APT-002341,4.8,79.4,False,,True,False
OUT-001469,APT-002342,5.0,95.9,False,,True,False
OUT-001470,APT-002343,3.9,81.6,False,,True,False
OUT-001471,APT-002344,3.9,92.9,False,,True,True
OUT-001472,APT-002345,3.7,58.8,False,,True,True
OUT-001473,APT-002346,4.2,70.2,False,,True,False
OUT-001474,APT-002347,3.0,85.9,False,,False,True
OUT-001475,APT-002350,5.0,92.1,False,,True,False
OUT-001476,APT-002351,5.0,73.7,False,,False,True
OUT-001477,APT-002352,4.3,88.3,False,,True,False
OUT-001478,APT-002353,5.0,79.3,False,,True,True
OUT-001479,APT-002354,4.1,73.3,False,,False,False
OUT-001480,APT-002355,3.7,97.0,False,,True,False
OUT-001481,APT-002356,4.6,81.4,False,,True,True
OUT-001482,APT-002357,3.9,58.3,False,,True,True
OUT-001483,APT-002358,5.0,68.7,False,,False,True
OUT-001484,APT-002359,3.5,85.8,False,,False,False
OUT-001485,APT-002360,3.8,82.8,False,,True,True
OUT-001486,APT-002361,4.8,93.8,False,,True,False
OUT-001487,APT-002362,3.5,86.6,False,,False,False
OUT-001488,APT-002363,4.9,96.7,False,,True,False
OUT-001489,APT-002364,3.6,100.0,False,,True,False
OUT-001490,APT-002365,4.4,75.5,False,,False,False
OUT-001491,APT-002367,2.3,70.3,False,,True,False
OUT-001492,APT-002368,4.6,80.8,False,,True,False
OUT-001493,APT-002372,,81.6,False,,True,True
OUT-001494,APT-002373,5.0,87.8,False,,True,True
OUT-001495,APT-002374,5.0,78.7,False,,True,False
OUT-001496,APT-002375,4.6,84.2,False,,False,False
OUT-001497,APT-002376,4.7,75.2,False,,True,False
OUT-001498,APT-002377,3.8,85.0,False,,True,False
OUT-001499,APT-002378,2.9,85.0,False,,False,False
OUT-001500,APT-002380,2.7,85.5,False,,True,False
OUT-001501,APT-002381,3.2,79.8,False,,False,False
OUT-001502,APT-002383,3.8,75.4,False,,True,False
OUT-001503,APT-002385,3.8,98.5,False,,False,False
OUT-001504,APT-002386,4.9,78.7,False,,True,False
OUT-001505,APT-002387,4.4,86.1,False,,True,False
OUT-001506,APT-002388,4.4,100.0,False,,False,False
OUT-001507,APT-002390,4.5,84.6,False,,True,False
OUT-001508,APT-002391,4.4,73.4,False,,True,False
OUT-001509,APT-002392,4.8,78.2,False,,True,False
OUT-001510,APT-002394,4.7,93.3,False,,True,False
OUT-001511,APT-002395,2.9,97.6,False,,True,False
OUT-001512,APT-002396,4.4,80.1,False,,True,True
OUT-001513,APT-002397,,81.5,False,,True,False
OUT-001514,APT-002398,4.3,96.8,False,,True,False
OUT-001515,APT-002401,3.7,97.1,False,,True,True
OUT-001516,APT-002402,,86.6,False,,True,False
OUT-001517,APT-002404,4.3,90.4,False,,True,False
OUT-001518,APT-002405,3.5,88.2,False,,True,False
OUT-001519,APT-002407,3.1,65.6,False,,True,False
OUT-001520,APT-002408,3.7,100.0,False,,False,True
OUT-001521,APT-002410,3.2,94.4,False,,False,False
OUT-001522,APT-002411,4.2,70.3,False,,True,False
OUT-001523,APT-002412,,84.9,False,,True,False
OUT-001524,APT-002413,2.8,72.4,False,,True,False
OUT-001525,APT-002415,3.2,80.2,False,,True,False
OUT-001526,APT-002417,5.0,95.6,False,,False,False
OUT-001527,APT-002418,,82.8,False,,True,False
OUT-001528,APT-002419,4.2,92.1,False,,True,False
OUT-001529,APT-002420,3.8,73.2,False,,True,False
OUT-001530,APT-002421,4.0,90.0,False,,True,True
OUT-001531,APT-002422,4.4,91.0,False,,True,True
OUT-001532,APT-002423,3.9,97.7,False,,True,True
OUT-001533,APT-002427,4.4,78.6,False,,True,False
OUT-001534,APT-002429,3.2,75.3,False,,True,False
OUT-001535,APT-002430,3.6,90.2,False,,True,False
OUT-001536,APT-002432,4.6,80.2,False,,True,False
OUT-001537,APT-002433,3.5,80.8,False,,True,True
OUT-001538,APT-002436,4.2,76.7,False,,True,False
OUT-001539,APT-002437,4.2,98.6,False,,True,False
OUT-001540,APT-002438,4.5,79.4,False,,False,False
OUT-001541,APT-002439,5.0,95.0,False,,True,False
OUT-001542,APT-002441,5.0,88.4,False,,True,False
OUT-001543,APT-002444,4.4,69.7,False,,True,False
OUT-001544,APT-002445,3.7,83.2,False,,True,False
OUT-001545,APT-002447,4.2,71.3,False,,True,True
OUT-001546,APT-002448,3.7,78.5,False,,True,True
OUT-001547,APT-002449,5.0,98.6,False,,True,False
OUT-001548,APT-002451,4.8,74.9,False,,False,False
OUT-001549,APT-002452,5.0,79.4,False,,True,True
OUT-001550,APT-002453,3.8,82.8,False,,True,False
OUT-001551,APT-002456,3.7,68.9,False,,True,True
OUT-001552,APT-002458,4.9,85.3,False,,False,False
OUT-001553,APT-002460,3.4,100.0,False,,True,False
OUT-001554,APT-002462,4.3,86.7,False,,False,False
OUT-001555,APT-002463,,92.6,False,,True,True
OUT-001556,APT-002464,4.1,70.7,False,,True,False
OUT-001557,APT-002465,,97.4,False,,True,False
OUT-001558,APT-002468,4.0,74.0,False,,True,False
OUT-001559,APT-002469,2.6,100.0,False,,False,False
OUT-001560,APT-002470,5.0,84.9,False,,True,False
OUT-001561,APT-002472,4.6,75.3,False,,True,False
OUT-001562,APT-002474,5.0,89.2,False,,True,False
OUT-001563,APT-002475,3.9,72.8,False,,True,False
OUT-001564,APT-002476,4.6,89.5,False,,True,True
OUT-001565,APT-002478,,81.7,False,,False,False
OUT-001566,APT-002479,3.1,66.0,False,,True,False
OUT-001567,APT-002482,4.5,84.2,False,,False,True
OUT-001568,APT-002483,3.2,81.4,False,,True,False
OUT-001569,APT-002485,3.2,72.6,False,,True,True
OUT-001570,APT-002490,3.6,86.8,False,,True,False
OUT-001571,APT-002492,4.3,82.6,False,,True,False
OUT-001572,APT-002493,5.0,79.7,False,,True,False
OUT-001573,APT-002494,4.8,71.4,False,,True,True
OUT-001574,APT-002495,3.3,68.9,False,,True,False
OUT-001575,APT-002496,4.8,93.5,False,,True,False
OUT-001576,APT-002497,4.6,70.3,False,,True,False
OUT-001577,APT-002498,3.5,90.0,False,,False,True
OUT-001578,APT-002499,3.9,72.5,False,,True,True
OUT-001579,APT-002500,5.0,84.9,False,,True,False
OUT-001580,APT-002501,3.5,85.0,False,,True,True
OUT-001581,APT-002502,5.0,90.1,False,,True,False
OUT-001582,APT-002503,4.9,84.7,False,,True,False
OUT-001583,APT-002504,4.3,89.1,False,,True,False
OUT-001584,APT-002505,3.9,70.5,False,,True,False
OUT-001585,APT-002506,5.0,82.6,False,,True,False
OUT-001586,APT-002508,4.7,85.5,False,,True,True
OUT-001587,APT-002509,3.2,75.6,False,,True,True
OUT-001588,APT-002510,4.6,80.9,False,,True,True
OUT-001589,APT-002511,4.2,82.2,False,,True,True
OUT-001590,APT-002512,4.8,86.8,False,,True,False
OUT-001591,APT-002514,2.6,86.7,False,,True,True
OUT-001592,APT-002515,4.3,100.0,False,,True,False
OUT-001593,APT-002517,,89.1,False,,True,False
OUT-001594,APT-002518,5.0,85.9,False,,True,True
OUT-001595,APT-002519,3.9,84.5,False,,True,True
OUT-001596,APT-002520,4.5,95.3,False,,True,False
OUT-001597,APT-002522,5.0,90.7,False,,True,False
OUT-001598,APT-002523,4.4,75.5,False,,True,False
OUT-001599,APT-002526,4.0,79.4,False,,True,False
OUT-001600,APT-002527,,80.5,False,,True,False
OUT-001601,APT-002529,5.0,68.0,False,,True,True
OUT-001602,APT-002530,5.0,80.7,False,,True,False
OUT-001603,APT-002531,4.6,86.3,False,,True,False
OUT-001604,APT-002532,,84.5,False,,True,False
OUT-001605,APT-002533,3.3,89.5,False,,True,False
OUT-001606,APT-002535,4.0,73.3,False,,True,False
OUT-001607,APT-002536,4.3,89.9,False,,True,False
OUT-001608,APT-002537,4.2,81.8,False,,True,False
OUT-001609,APT-002539,4.1,77.7,False,,False,False
OUT-001610,APT-002540,4.5,70.7,False,,True,False
OUT-001611,APT-002542,3.5,74.7,False,,True,False
OUT-001612,APT-002543,4.1,74.1,False,,True,False
OUT-001613,APT-002544,4.2,75.4,False,,True,False
OUT-001614,APT-002545,3.7,68.8,False,,True,False
OUT-001615,APT-002546,3.3,54.8,False,,True,False
OUT-001616,APT-002548,3.3,81.9,False,,True,False
OUT-001617,APT-002549,5.0,72.5,False,,True,False
OUT-001618,APT-002550,2.0,87.5,False,,False,False
OUT-001619,APT-002551,4.1,79.9,True,High,True,False
OUT-001620,APT-002552,,86.2,False,,True,False
OUT-001621,APT-002553,5.0,71.0,False,,True,False
OUT-001622,APT-002554,2.1,92.8,False,,True,True
OUT-001623,APT-002555,4.2,88.8,False,,True,False
OUT-001624,APT-002556,5.0,79.9,False,,False,False
OUT-001625,APT-002557,2.4,85.7,False,,True,False
OUT-001626,APT-002558,3.5,66.3,False,,True,False
OUT-001627,APT-002560,3.1,90.8,False,,True,False
OUT-001628,APT-002561,4.8,78.7,False,,True,False
OUT-001629,APT-002562,,68.8,False,,True,False
OUT-001630,APT-002565,3.9,75.4,False,,False,True
OUT-001631,APT-002566,3.9,80.3,False,,False,True
OUT-001632,APT-002568,,82.8,False,,False,False
OUT-001633,APT-002571,4.0,80.0,False,,False,False
OUT-001634,APT-002572,3.3,100.0,False,,True,False
OUT-001635,APT-002573,3.7,79.3,False,,True,False
OUT-001636,APT-002575,4.4,60.9,False,,True,False
OUT-001637,APT-002577,5.0,81.2,False,,False,False
OUT-001638,APT-002578,3.5,68.6,False,,True,True
OUT-001639,APT-002580,4.4,90.5,False,,True,False
OUT-001640,APT-002582,4.9,70.2,False,,True,False
OUT-001641,APT-002583,4.1,86.4,False,,True,False
OUT-001642,APT-002584,,71.7,False,,True,False
OUT-001643,APT-002585,4.4,67.4,False,,True,False
OUT-001644,APT-002587,5.0,86.4,False,,True,False
OUT-001645,APT-002588,2.9,80.9,False,,False,False
OUT-001646,APT-002589,4.5,82.4,False,,True,False
OUT-001647,APT-002593,4.8,67.0,False,,True,True
OUT-001648,APT-002596,3.3,63.7,False,,True,True
OUT-001649,APT-002599,,71.8,False,,False,False
OUT-001650,APT-002600,5.0,85.6,False,,True,False
OUT-001651,APT-002601,4.1,78.3,False,,True,False
OUT-001652,APT-002603,,79.9,False,,True,False
OUT-001653,APT-002604,3.6,80.5,False,,True,False
OUT-001654,APT-002605,4.4,61.6,False,,True,False
OUT-001655,APT-002606,4.1,64.5,False,,False,False
OUT-001656,APT-002607,4.2,86.7,False,,True,False
OUT-001657,APT-002609,,91.0,False,,True,False
OUT-001658,APT-002610,3.5,67.0,False,,True,False
OUT-001659,APT-002611,4.6,78.2,False,,True,True
OUT-001660,APT-002612,5.0,85.8,False,,True,True
OUT-001661,APT-002613,5.0,82.1,False,,True,True
OUT-001662,APT-002614,4.2,86.4,False,,True,False
OUT-001663,APT-002615,4.1,74.2,False,,True,True
OUT-001664,APT-002618,,88.0,False,,True,True
OUT-001665,APT-002619,5.0,71.1,False,,False,False
OUT-001666,APT-002621,4.5,91.6,False,,True,True
OUT-001667,APT-002623,2.8,67.8,False,,True,True
OUT-001668,APT-002625,3.6,74.9,False,,True,False
OUT-001669,APT-002626,4.1,86.4,False,,True,False
OUT-001670,APT-002629,5.0,77.0,False,,False,False
OUT-001671,APT-002633,5.0,79.5,False,,False,False
OUT-001672,APT-002634,4.0,80.0,False,,True,False
OUT-001673,APT-002635,4.7,99.2,False,,True,False
OUT-001674,APT-002636,3.8,79.0,False,,False,False
OUT-001675,APT-002637,5.0,67.4,False,,True,False
OUT-001676,APT-002639,4.6,83.8,False,,True,False
OUT-001677,APT-002640,5.0,70.3,False,,False,False
OUT-001678,APT-002641,2.8,81.4,False,,True,False
OUT-001679,APT-002643,5.0,81.4,False,,False,False
OUT-001680,APT-002644,4.1,100.0,False,,True,False
OUT-001681,APT-002645,3.9,86.0,False,,True,False
OUT-001682,APT-002646,3.8,88.8,False,,True,True
OUT-001683,APT-002647,4.0,80.1,False,,True,True
OUT-001684,APT-002648,3.3,83.2,False,,True,False
OUT-001685,APT-002649,,80.2,False,,True,False
OUT-001686,APT-002652,,71.9,False,,True,True
OUT-001687,APT-002655,3.2,70.3,False,,True,False
OUT-001688,APT-002656,3.4,97.5,False,,True,False
OUT-001689,APT-002657,3.4,88.0,False,,False,False
OUT-001690,APT-002660,5.0,68.1,False,,False,False
OUT-001691,APT-002661,3.9,84.8,False,,True,False
OUT-001692,APT-002665,3.8,86.1,False,,True,False
OUT-001693,APT-002666,3.5,93.4,False,,True,False
OUT-001694,APT-002667,2.9,77.3,False,,True,True
OUT-001695,APT-002668,4.0,85.7,False,,True,True
OUT-001696,APT-002669,4.7,100.0,False,,False,False
OUT-001697,APT-002670,3.3,83.7,False,,False,True
OUT-001698,APT-002672,4.2,63.5,False,,True,False
OUT-001699,APT-002673,4.5,77.6,False,,True,False
OUT-001700,APT-002676,4.5,84.7,False,,True,False
OUT-001701,APT-002679,4.6,88.5,False,,True,False
OUT-001702,APT-002681,3.8,85.9,False,,True,True
OUT-001703,APT-002682,4.7,73.1,False,,True,False
OUT-001704,APT-002683,3.9,84.7,False,,True,False
OUT-001705,APT-002684,4.9,73.2,False,,True,False
OUT-001706,APT-002685,4.1,66.9,False,,True,True
OUT-001707,APT-002687,4.4,78.6,False,,True,False
OUT-001708,APT-002690,5.0,83.7,False,,True,False
OUT-001709,APT-002694,5.0,92.8,False,,False,False
OUT-001710,APT-002695,5.0,95.4,False,,True,False
OUT-001711,APT-002696,3.6,72.2,False,,True,False
OUT-001712,APT-002697,4.3,85.2,False,,True,False
OUT-001713,APT-002698,5.0,64.3,False,,True,False
OUT-001714,APT-002700,,76.9,False,,True,False
OUT-001715,APT-002701,3.6,55.0,False,,True,False
OUT-001716,APT-002702,4.0,87.5,False,,True,True
OUT-001717,APT-002705,,81.9,False,,True,False
OUT-001718,APT-002706,4.6,86.7,False,,True,False
OUT-001719,APT-002709,3.8,92.7,False,,True,False
OUT-001720,APT-002710,4.9,65.0,False,,True,False
OUT-001721,APT-002711,3.3,84.3,False,,True,False
OUT-001722,APT-002712,4.9,67.3,False,,True,True
OUT-001723,APT-002713,5.0,80.4,False,,True,True
OUT-001724,APT-002715,,67.4,False,,True,False
OUT-001725,APT-002716,4.6,82.4,False,,False,True
OUT-001726,APT-002717,3.5,93.7,False,,True,False
OUT-001727,APT-002718,3.2,76.7,False,,True,False
OUT-001728,APT-002719,5.0,100.0,False,,True,False
OUT-001729,APT-002720,3.4,77.0,False,,True,False
OUT-001730,APT-002722,3.7,95.3,False,,True,False
OUT-001731,APT-002723,3.8,60.7,False,,True,False
OUT-001732,APT-002724,4.8,77.2,False,,True,False
OUT-001733,APT-002726,5.0,87.2,False,,True,False
OUT-001734,APT-002730,5.0,79.5,False,,True,True
OUT-001735,APT-002731,,81.8,False,,False,False
OUT-001736,APT-002732,4.6,81.1,False,,True,False
OUT-001737,APT-002734,4.7,90.6,False,,False,False
OUT-001738,APT-002735,4.1,77.2,False,,True,False
OUT-001739,APT-002737,,94.5,False,,True,False
OUT-001740,APT-002738,5.0,82.6,False,,True,True
OUT-001741,APT-002739,,81.2,False,,True,True
OUT-001742,APT-002740,4.4,88.0,False,,True,False
OUT-001743,APT-002741,4.5,67.5,False,,False,False
OUT-001744,APT-002742,4.8,96.1,False,,True,True
OUT-001745,APT-002747,4.4,75.7,False,,True,False
OUT-001746,APT-002752,4.5,81.2,False,,False,False
OUT-001747,APT-002753,5.0,90.2,False,,True,True
OUT-001748,APT-002754,4.9,73.4,False,,True,False
OUT-001749,APT-002755,4.0,65.0,False,,True,False
OUT-001750,APT-002756,4.2,88.1,False,,True,False
OUT-001751,APT-002758,,78.2,False,,False,False
OUT-001752,APT-002760,4.3,78.8,False,,True,False
OUT-001753,APT-002761,,97.2,False,,True,False
OUT-001754,APT-002762,3.9,86.4,False,,True,False
OUT-001755,APT-002763,4.5,78.2,True,Low,True,False
OUT-001756,APT-002764,,88.4,False,,True,False
OUT-001757,APT-002765,3.0,87.7,False,,True,True
OUT-001758,APT-002767,,97.8,False,,True,False
OUT-001759,APT-002768,4.7,92.4,False,,True,False
OUT-001760,APT-002769,4.6,87.7,False,,True,True
OUT-001761,APT-002770,2.9,100.0,False,,True,False
OUT-001762,APT-002771,4.3,78.5,False,,True,False
OUT-001763,APT-002772,4.2,70.3,False,,True,False
OUT-001764,APT-002775,4.1,100.0,False,,True,False
OUT-001765,APT-002776,4.5,75.9,False,,True,False
OUT-001766,APT-002777,3.0,84.0,False,,True,False
OUT-001767,APT-002779,5.0,67.9,False,,True,False
OUT-001768,APT-002780,3.9,84.3,False,,True,True
OUT-001769,APT-002785,4.4,78.1,False,,True,False
OUT-001770,APT-002786,3.8,59.0,False,,True,True
OUT-001771,APT-002787,4.5,59.8,False,,True,False
OUT-001772,APT-002791,4.3,94.2,False,,True,True
OUT-001773,APT-002795,4.9,88.9,False,,True,False
OUT-001774,APT-002796,4.2,84.5,False,,True,True
OUT-001775,APT-002797,3.2,92.0,False,,True,False
OUT-001776,APT-002798,4.1,86.7,False,,True,True
OUT-001777,APT-002799,4.0,83.0,False,,True,True
OUT-001778,APT-002800,4.7,71.0,False,,True,False
OUT-001779,APT-002802,3.2,82.1,False,,True,False
OUT-001780,APT-002803,4.2,77.4,False,,True,False
OUT-001781,APT-002806,,87.8,False,,False,False
OUT-001782,APT-002807,4.1,87.1,False,,False,False
OUT-001783,APT-002814,5.0,94.5,False,,True,False
OUT-001784,APT-002815,3.1,56.0,False,,True,False
OUT-001785,APT-002818,5.0,99.4,False,,True,False
OUT-001786,APT-002819,5.0,100.0,False,,True,False
OUT-001787,APT-002820,3.7,82.8,False,,True,False
OUT-001788,APT-002821,4.5,87.4,False,,False,False
OUT-001789,APT-002825,,88.7,False,,True,True
OUT-001790,APT-002826,3.5,95.1,False,,True,False
OUT-001791,APT-002828,3.1,80.5,False,,True,False
OUT-001792,APT-002829,4.1,100.0,False,,True,False
OUT-001793,APT-002830,3.9,77.0,True,High,True,False
OUT-001794,APT-002831,4.7,95.9,False,,True,False
OUT-001795,APT-002832,,79.7,False,,True,True
OUT-001796,APT-002833,5.0,87.4,False,,True,False
OUT-001797,APT-002834,4.9,79.5,False,,True,True
OUT-001798,APT-002836,3.9,67.6,False,,True,False
OUT-001799,APT-002839,4.9,82.5,False,,True,True
OUT-001800,APT-002841,4.3,79.8,False,,True,False
OUT-001801,APT-002842,4.2,81.3,False,,True,False
OUT-001802,APT-002843,3.6,83.8,False,,True,False
OUT-001803,APT-002844,3.6,76.2,False,,True,False
OUT-001804,APT-002845,5.0,66.2,False,,True,False
OUT-001805,APT-002846,3.6,84.9,False,,True,False
OUT-001806,APT-002849,4.7,67.6,False,,True,False
OUT-001807,APT-002852,4.3,70.7,False,,True,True
OUT-001808,APT-002854,3.3,79.8,False,,True,False
OUT-001809,APT-002856,4.3,90.1,False,,True,False
OUT-001810,APT-002857,,77.3,False,,True,False
OUT-001811,APT-002860,4.7,78.6,False,,False,False
OUT-001812,APT-002861,5.0,85.6,False,,True,True
OUT-001813,APT-002863,4.1,91.6,False,,True,False
OUT-001814,APT-002864,,93.0,False,,True,False
OUT-001815,APT-002865,4.3,81.9,False,,False,False
OUT-001816,APT-002868,5.0,77.0,False,,True,True
OUT-001817,APT-002869,3.4,45.3,False,,True,False
OUT-001818,APT-002870,3.3,75.0,False,,True,False
OUT-001819,APT-002871,4.0,76.1,False,,True,False
OUT-001820,APT-002873,3.9,68.7,True,High,False,True
OUT-001821,APT-002874,5.0,62.3,False,,True,False
OUT-001822,APT-002876,3.7,87.8,False,,False,True
OUT-001823,APT-002878,4.7,84.4,False,,True,True
OUT-001824,APT-002879,3.6,92.6,False,,True,True
OUT-001825,APT-002884,2.8,62.8,False,,True,True
OUT-001826,APT-002885,4.9,82.2,False,,True,False
OUT-001827,APT-002887,5.0,90.5,False,,True,True
OUT-001828,APT-002888,4.2,98.9,False,,True,False
OUT-001829,APT-002891,3.8,78.6,False,,False,True
OUT-001830,APT-002892,2.8,68.3,False,,True,False
OUT-001831,APT-002893,3.1,73.0,False,,True,False
OUT-001832,APT-002894,5.0,84.6,False,,True,False
OUT-001833,APT-002895,3.6,80.2,False,,True,False
OUT-001834,APT-002897,4.3,85.1,False,,True,True
OUT-001835,APT-002899,5.0,73.5,False,,True,False
OUT-001836,APT-002900,4.7,81.9,False,,True,False
OUT-001837,APT-002901,,83.9,False,,True,False
OUT-001838,APT-002903,3.6,75.9,False,,True,False
OUT-001839,APT-002904,4.1,86.7,False,,True,False
OUT-001840,APT-002905,,91.4,False,,True,False
OUT-001841,APT-002906,2.2,68.3,False,,True,False
OUT-001842,APT-002908,4.5,69.0,False,,True,True
OUT-001843,APT-002909,3.7,72.2,False,,True,False
OUT-001844,APT-002910,3.9,69.3,False,,True,False
OUT-001845,APT-002911,5.0,77.8,False,,True,False
OUT-001846,APT-002912,5.0,89.0,False,,True,True
OUT-001847,APT-002914,4.7,82.6,False,,False,False
OUT-001848,APT-002915,4.0,72.3,False,,True,False
OUT-001849,APT-002917,4.7,80.6,False,,True,False
OUT-001850,APT-002918,4.7,96.6,False,,True,False
OUT-001851,APT-002919,4.0,64.1,False,,True,True
OUT-001852,APT-002922,3.0,74.9,False,,True,True
OUT-001853,APT-002923,3.8,86.5,False,,True,False
OUT-001854,APT-002924,4.5,71.0,False,,False,True
OUT-001855,APT-002925,4.2,74.1,False,,True,True
OUT-001856,APT-002926,4.6,67.5,False,,True,False
OUT-001857,APT-002927,3.8,85.6,False,,True,True
OUT-001858,APT-002929,3.6,87.1,False,,False,True
OUT-001859,APT-002932,5.0,71.5,False,,True,False
OUT-001860,APT-002933,5.0,85.1,False,,True,False
OUT-001861,APT-002934,4.5,73.2,False,,False,False
OUT-001862,APT-002936,4.4,85.6,False,,False,False
OUT-001863,APT-002937,4.6,80.9,False,,True,False
OUT-001864,APT-002938,3.3,86.5,False,,True,False
OUT-001865,APT-002939,4.0,92.9,False,,True,False
OUT-001866,APT-002940,4.0,77.6,False,,True,False
OUT-001867,APT-002941,4.7,70.2,False,,True,False
OUT-001868,APT-002943,5.0,84.4,False,,True,False
OUT-001869,APT-002944,4.5,80.7,False,,True,False
OUT-001870,APT-002946,4.2,80.2,False,,True,True
OUT-001871,APT-002947,4.4,85.9,False,,True,True
OUT-001872,APT-002951,3.1,79.7,False,,True,True
OUT-001873,APT-002953,4.3,89.9,False,,True,True
OUT-001874,APT-002955,5.0,80.8,False,,True,True
OUT-001875,APT-002956,4.1,86.5,False,,True,True
OUT-001876,APT-002957,3.8,79.6,False,,True,False
OUT-001877,APT-002958,4.6,81.9,False,,True,False
OUT-001878,APT-002959,,90.4,False,,False,False
OUT-001879,APT-002961,5.0,63.2,False,,True,False
OUT-001880,APT-002962,3.7,64.4,False,,True,False
OUT-001881,APT-002964,4.4,84.1,False,,False,True
OUT-001882,APT-002965,4.4,87.9,False,,False,False
OUT-001883,APT-002968,4.0,92.2,False,,True,False
OUT-001884,APT-002969,4.3,76.4,False,,True,True
OUT-001885,APT-002970,5.0,77.1,False,,True,False
OUT-001886,APT-002971,5.0,81.4,False,,True,False
OUT-001887,APT-002972,4.2,92.1,False,,True,False
OUT-001888,APT-002974,5.0,92.5,False,,True,True
OUT-001889,APT-002975,4.3,71.0,False,,True,True
OUT-001890,APT-002976,4.4,81.9,False,,True,False
OUT-001891,APT-002978,4.7,69.4,False,,True,False
OUT-001892,APT-002980,5.0,84.8,False,,True,False
OUT-001893,APT-002981,4.1,73.5,False,,True,False
OUT-001894,APT-002982,5.0,100.0,False,,True,False
OUT-001895,APT-002984,5.0,81.0,False,,True,False
OUT-001896,APT-002985,4.3,71.6,False,,True,True
OUT-001897,APT-002988,4.6,98.7,False,,True,False
OUT-001898,APT-002991,,74.3,False,,True,False
OUT-001899,APT-002995,3.4,86.0,False,,True,False
OUT-001900,APT-002996,4.9,82.2,False,,False,False
OUT-001901,APT-002997,4.1,76.5,False,,True,True
OUT-001902,APT-002998,3.2,92.2,False,,True,False
OUT-001903,APT-002999,4.6,85.4,False,,True,False
OUT-001904,APT-003000,4.1,77.6,False,,True,False
OUT-001905,APT-003001,4.0,89.8,False,,False,False
OUT-001906,APT-003002,5.0,76.6,False,,True,False
OUT-001907,APT-003004,4.9,98.6,False,,True,False
OUT-001908,APT-003005,4.5,80.3,False,,True,False
OUT-001909,APT-003006,3.4,93.3,False,,True,True
OUT-001910,APT-003008,3.8,89.4,False,,True,False
OUT-001911,APT-003009,3.5,68.8,False,,True,True
OUT-001912,APT-003011,5.0,79.9,False,,True,False
OUT-001913,APT-003012,4.7,69.9,False,,True,False
OUT-001914,APT-003013,4.7,80.4,False,,True,False
OUT-001915,APT-003014,4.1,69.3,False,,False,False
OUT-001916,APT-003015,4.0,100.0,False,,True,False
OUT-001917,APT-003016,4.2,86.4,False,,True,False
OUT-001918,APT-003018,4.5,69.2,False,,True,True
OUT-001919,APT-003020,3.7,76.3,False,,True,False
OUT-001920,APT-003023,4.0,83.7,False,,True,False
OUT-001921,APT-003024,3.9,87.1,False,,True,False
OUT-001922,APT-003025,4.1,86.2,False,,True,False
OUT-001923,APT-003028,3.8,83.9,False,,True,False
OUT-001924,APT-003029,3.4,94.7,False,,True,False
OUT-001925,APT-003030,4.2,78.3,False,,True,False
OUT-001926,APT-003031,4.3,79.9,False,,True,True
OUT-001927,APT-003032,3.1,82.0,False,,True,False
OUT-001928,APT-003033,4.6,77.9,False,,False,False
OUT-001929,APT-003034,3.6,64.6,False,,True,False
OUT-001930,APT-003035,3.7,100.0,False,,True,True
OUT-001931,APT-003037,,66.9,False,,True,False
OUT-001932,APT-003038,4.4,77.5,False,,True,False
OUT-001933,APT-003039,3.7,77.8,False,,True,False
OUT-001934,APT-003040,4.6,86.4,False,,True,False
OUT-001935,APT-003042,3.5,92.5,False,,True,False
OUT-001936,APT-003044,4.0,100.0,False,,True,True
OUT-001937,APT-003045,4.9,60.0,False,,True,False
OUT-001938,APT-003049,4.5,84.3,False,,True,False
OUT-001939,APT-003051,3.5,94.1,False,,True,True
OUT-001940,APT-003053,5.0,81.3,False,,True,False
OUT-001941,APT-003056,3.9,95.0,False,,False,False
OUT-001942,APT-003057,4.2,83.7,False,,True,False
OUT-001943,APT-003058,,73.8,False,,True,True
OUT-001944,APT-003061,4.8,92.0,False,,True,False
OUT-001945,APT-003062,,73.8,False,,True,False
OUT-001946,APT-003063,4.6,74.3,False,,True,False
OUT-001947,APT-003064,4.5,77.1,False,,True,False
OUT-001948,APT-003066,5.0,96.5,False,,True,False
OUT-001949,APT-003067,5.0,94.6,False,,True,False
OUT-001950,APT-003070,5.0,80.1,False,,True,False
OUT-001951,APT-003071,4.1,74.9,False,,True,True
OUT-001952,APT-003072,4.7,87.0,False,,False,True
OUT-001953,APT-003073,4.5,77.6,False,,True,False
OUT-001954,APT-003075,4.1,70.2,False,,True,True
OUT-001955,APT-003076,3.7,66.0,False,,False,False
OUT-001956,APT-003077,4.4,83.0,False,,True,False
OUT-001957,APT-003080,4.7,81.1,False,,True,False
OUT-001958,APT-003081,,93.9,True,Low,True,False
OUT-001959,APT-003083,4.1,84.7,False,,True,False
OUT-001960,APT-003084,2.7,65.9,False,,False,False
OUT-001961,APT-003085,4.0,67.9,False,,True,False
OUT-001962,APT-003086,3.7,92.8,False,,True,False
OUT-001963,APT-003088,4.1,85.0,False,,False,False
OUT-001964,APT-003089,4.5,94.2,False,,True,True
OUT-001965,APT-003091,2.5,76.1,False,,True,False
OUT-001966,APT-003092,4.5,86.8,False,,True,False
OUT-001967,APT-003093,4.3,82.4,False,,True,True
OUT-001968,APT-003094,4.5,99.2,False,,True,False
OUT-001969,APT-003095,3.8,85.3,False,,True,True
OUT-001970,APT-003099,4.9,78.1,False,,True,False
OUT-001971,APT-003101,5.0,95.8,False,,True,False
OUT-001972,APT-003104,3.1,75.2,False,,True,False
OUT-001973,APT-003105,4.5,89.2,False,,False,True
OUT-001974,APT-003106,3.5,92.4,False,,True,True
OUT-001975,APT-003107,3.8,79.0,False,,True,False
OUT-001976,APT-003108,4.5,80.2,False,,True,True
OUT-001977,APT-003109,4.4,67.7,False,,True,False
OUT-001978,APT-003110,3.6,84.7,False,,True,False
OUT-001979,APT-003111,4.7,90.9,False,,True,False
OUT-001980,APT-003112,4.6,77.0,False,,True,True
OUT-001981,APT-003113,5.0,85.6,False,,True,False
OUT-001982,APT-003114,3.3,99.2,False,,True,False
OUT-001983,APT-003115,4.7,84.5,False,,True,True
OUT-001984,APT-003117,4.0,85.2,False,,True,True
OUT-001985,APT-003119,5.0,90.4,False,,True,False
OUT-001986,APT-003120,4.2,71.4,False,,True,True
OUT-001987,APT-003121,4.2,95.0,False,,True,False
OUT-001988,APT-003122,,76.7,False,,True,False
OUT-001989,APT-003123,4.5,82.6,False,,False,False
OUT-001990,APT-003124,5.0,79.9,False,,False,False
OUT-001991,APT-003125,,83.2,False,,True,False
OUT-001992,APT-003126,,74.8,False,,False,False
OUT-001993,APT-003127,3.6,73.0,False,,True,True
OUT-001994,APT-003128,,85.9,False,,True,False
OUT-001995,APT-003129,4.3,73.0,False,,True,True
OUT-001996,APT-003131,4.1,89.0,False,,False,False
OUT-001997,APT-003132,4.6,75.6,False,,True,False
OUT-001998,APT-003133,5.0,57.7,False,,False,False
OUT-001999,APT-003136,4.5,74.4,False,,True,False
OUT-002000,APT-003139,4.5,96.1,False,,True,True
OUT-002001,APT-003140,4.6,68.7,False,,True,True
OUT-002002,APT-003141,,89.1,False,,True,True
OUT-002003,APT-003143,4.3,88.5,False,,True,False
OUT-002004,APT-003144,3.7,62.3,False,,True,False
OUT-002005,APT-003145,4.9,85.4,False,,True,False
OUT-002006,APT-003146,4.2,70.6,False,,True,False
OUT-002007,APT-003147,3.4,77.2,False,,True,False
OUT-002008,APT-003149,4.0,69.6,False,,False,False
OUT-002009,APT-003150,1.0,73.3,False,,True,False
OUT-002010,APT-003151,,77.8,False,,True,False
OUT-002011,APT-003152,,80.8,False,,True,False
OUT-002012,APT-003153,3.4,72.1,False,,True,True
OUT-002013,APT-003154,3.8,91.1,False,,True,False
OUT-002014,APT-003156,4.5,80.4,False,,True,False
OUT-002015,APT-003157,4.3,78.4,False,,True,False
OUT-002016,APT-003158,4.2,93.5,False,,True,False
OUT-002017,APT-003159,3.9,91.9,False,,True,False
OUT-002018,APT-003160,3.9,72.7,False,,True,False
OUT-002019,APT-003162,3.8,100.0,False,,True,True
OUT-002020,APT-003164,3.4,66.1,False,,True,False
OUT-002021,APT-003165,5.0,79.6,False,,False,False
OUT-002022,APT-003167,3.7,79.8,False,,True,True
OUT-002023,APT-003168,4.3,62.5,False,,True,False
OUT-002024,APT-003174,3.9,78.6,False,,True,False
OUT-002025,APT-003175,4.6,100.0,False,,True,False
OUT-002026,APT-003176,4.2,85.2,False,,True,False
OUT-002027,APT-003177,4.2,78.9,False,,True,False
OUT-002028,APT-003178,3.8,97.4,False,,True,True
OUT-002029,APT-003182,4.9,66.9,False,,True,False
OUT-002030,APT-003183,3.5,87.4,False,,True,False
OUT-002031,APT-003185,4.8,92.2,False,,True,False
OUT-002032,APT-003186,3.8,77.5,False,,True,False
OUT-002033,APT-003187,3.0,79.4,False,,True,False
OUT-002034,APT-003188,4.9,100.0,False,,False,False
OUT-002035,APT-003190,4.9,95.1,False,,True,False
OUT-002036,APT-003191,4.6,81.8,False,,True,False
OUT-002037,APT-003192,4.6,89.7,False,,False,False
OUT-002038,APT-003193,3.6,84.7,False,,True,False
OUT-002039,APT-003194,4.6,83.8,False,,True,False
OUT-002040,APT-003195,4.9,82.1,False,,True,False
OUT-002041,APT-003197,,80.7,False,,True,False
OUT-002042,APT-003198,4.3,69.3,False,,True,False
OUT-002043,APT-003199,3.7,88.0,False,,True,False
OUT-002044,APT-003200,4.2,68.4,False,,False,False
OUT-002045,APT-003201,4.5,83.2,False,,True,False
OUT-002046,APT-003202,4.3,80.9,False,,True,True
OUT-002047,APT-003204,5.0,74.5,False,,True,False
OUT-002048,APT-003205,4.7,74.0,False,,True,True
OUT-002049,APT-003208,4.3,78.7,False,,True,False
OUT-002050,APT-003209,4.2,60.9,False,,False,True
OUT-002051,APT-003210,4.8,67.7,False,,True,True
OUT-002052,APT-003212,,83.0,False,,True,False
OUT-002053,APT-003213,3.3,79.9,False,,True,True
OUT-002054,APT-003214,2.7,93.4,False,,False,False
OUT-002055,APT-003216,4.4,66.1,False,,True,False
OUT-002056,APT-003217,4.6,100.0,False,,True,False
OUT-002057,APT-003219,4.3,89.5,False,,True,False
OUT-002058,APT-003221,5.0,77.2,False,,True,False
OUT-002059,APT-003222,5.0,69.0,False,,True,False
OUT-002060,APT-003223,4.3,69.7,False,,True,True
OUT-002061,APT-003224,3.6,74.5,False,,True,False
OUT-002062,APT-003225,4.1,84.0,False,,True,True
OUT-002063,APT-003226,4.2,82.1,False,,True,True
OUT-002064,APT-003229,4.4,82.9,False,,True,False
OUT-002065,APT-003231,4.1,75.3,False,,True,False
OUT-002066,APT-003232,3.9,69.2,False,,True,False
OUT-002067,APT-003234,4.0,90.3,False,,True,False
OUT-002068,APT-003238,3.3,72.3,False,,False,False
OUT-002069,APT-003239,4.8,91.0,False,,True,False
OUT-002070,APT-003240,5.0,84.4,False,,True,False
OUT-002071,APT-003241,4.0,94.6,False,,True,False
OUT-002072,APT-003242,4.3,73.9,False,,True,False
OUT-002073,APT-003243,4.3,65.6,False,,True,False
OUT-002074,APT-003244,4.2,86.7,False,,True,False
OUT-002075,APT-003245,3.2,69.8,False,,True,False
OUT-002076,APT-003246,4.9,86.2,False,,True,True
OUT-002077,APT-003247,3.8,90.8,False,,False,False
OUT-002078,APT-003249,5.0,88.3,False,,True,False
OUT-002079,APT-003250,4.1,76.5,False,,True,False
OUT-002080,APT-003251,3.5,85.7,False,,True,False
OUT-002081,APT-003252,4.8,67.0,False,,True,True
OUT-002082,APT-003254,3.4,90.4,False,,False,True
OUT-002083,APT-003255,3.0,73.0,False,,False,True
OUT-002084,APT-003256,5.0,87.2,False,,True,False
OUT-002085,APT-003258,4.3,64.2,False,,False,True
OUT-002086,APT-003259,3.4,81.9,False,,True,True
OUT-002087,APT-003260,3.0,77.7,False,,True,False
OUT-002088,APT-003262,3.3,81.8,False,,True,False
OUT-002089,APT-003264,4.4,90.1,False,,True,False
OUT-002090,APT-003265,,65.1,False,,True,True
OUT-002091,APT-003266,5.0,63.9,False,,False,False
OUT-002092,APT-003267,4.1,87.3,False,,False,False
OUT-002093,APT-003269,5.0,81.8,False,,True,False
OUT-002094,APT-003270,3.8,96.1,False,,True,True
OUT-002095,APT-003272,,96.0,False,,True,False
OUT-002096,APT-003273,3.9,85.9,False,,False,False
OUT-002097,APT-003274,,81.2,False,,True,True
OUT-002098,APT-003275,4.1,82.5,False,,True,False
OUT-002099,APT-003278,4.0,100.0,False,,False,False
OUT-002100,APT-003279,3.4,78.3,False,,False,False
OUT-002101,APT-003280,3.8,84.7,False,,True,True
OUT-002102,APT-003281,3.9,67.4,False,,False,True
OUT-002103,APT-003282,4.8,88.8,False,,True,True
OUT-002104,APT-003283,4.8,78.3,False,,False,True
OUT-002105,APT-003284,3.6,71.1,False,,True,False
OUT-002106,APT-003285,3.8,89.4,False,,True,False
OUT-002107,APT-003287,4.6,80.2,False,,True,False
OUT-002108,APT-003288,2.8,81.6,False,,True,False
OUT-002109,APT-003289,,91.0,False,,True,False
OUT-002110,APT-003290,4.3,75.0,False,,True,False
OUT-002111,APT-003291,4.6,73.4,False,,False,False
OUT-002112,APT-003292,2.4,76.5,False,,False,False
OUT-002113,APT-003293,4.8,78.2,False,,True,False
OUT-002114,APT-003294,4.5,76.1,False,,True,False
OUT-002115,APT-003297,3.7,81.6,False,,True,False
OUT-002116,APT-003299,3.3,83.1,False,,True,False
OUT-002117,APT-003301,4.1,78.4,False,,True,False
OUT-002118,APT-003302,3.1,82.9,False,,False,False
OUT-002119,APT-003303,4.5,90.9,False,,False,True
OUT-002120,APT-003304,4.9,83.6,False,,True,False
OUT-002121,APT-003306,4.7,74.3,False,,True,False
OUT-002122,APT-003311,5.0,84.8,False,,True,False
OUT-002123,APT-003312,3.4,81.1,False,,True,False
OUT-002124,APT-003315,5.0,84.0,False,,True,True
OUT-002125,APT-003318,2.9,74.7,False,,True,True
OUT-002126,APT-003319,3.1,97.6,False,,True,False
OUT-002127,APT-003321,4.0,100.0,True,High,False,False
OUT-002128,APT-003322,3.6,88.8,False,,True,False
OUT-002129,APT-003324,3.2,71.8,False,,True,False
OUT-002130,APT-003328,3.7,84.1,False,,True,False
OUT-002131,APT-003329,4.1,74.6,False,,True,False
OUT-002132,APT-003330,3.6,91.5,False,,True,False
OUT-002133,APT-003331,2.7,100.0,False,,True,False
OUT-002134,APT-003334,3.9,79.0,False,,True,False
OUT-002135,APT-003336,3.9,88.5,False,,True,False
OUT-002136,APT-003337,3.7,79.3,False,,True,False
OUT-002137,APT-003339,3.3,71.5,False,,True,True
OUT-002138,APT-003341,5.0,74.0,False,,True,False
OUT-002139,APT-003342,3.5,76.9,False,,True,False
OUT-002140,APT-003344,4.1,75.4,False,,True,False
OUT-002141,APT-003345,4.1,87.2,False,,True,False
OUT-002142,APT-003346,2.8,68.1,False,,True,True
OUT-002143,APT-003347,3.3,89.7,False,,True,False
OUT-002144,APT-003349,4.6,65.4,False,,True,False
OUT-002145,APT-003351,4.0,79.5,False,,True,True
OUT-002146,APT-003352,4.3,90.5,False,,True,False
OUT-002147,APT-003353,4.2,83.7,False,,True,False
OUT-002148,APT-003355,2.6,91.3,False,,False,True
OUT-002149,APT-003356,3.1,72.5,False,,True,False
OUT-002150,APT-003357,4.3,47.3,False,,True,False
OUT-002151,APT-003359,5.0,85.2,False,,True,False
OUT-002152,APT-003361,3.4,83.0,False,,True,True
OUT-002153,APT-003362,4.3,83.9,False,,True,False
OUT-002154,APT-003363,4.0,82.5,False,,True,False
OUT-002155,APT-003365,5.0,100.0,False,,False,False
OUT-002156,APT-003368,3.7,86.7,False,,True,False
OUT-002157,APT-003370,4.9,85.2,False,,True,True
OUT-002158,APT-003373,3.4,78.8,False,,True,True
OUT-002159,APT-003374,3.7,64.3,False,,True,False
OUT-002160,APT-003375,5.0,76.0,False,,True,False
OUT-002161,APT-003376,3.9,79.0,False,,True,False
OUT-002162,APT-003377,3.9,69.2,False,,True,True
OUT-002163,APT-003378,4.0,79.0,False,,False,False
OUT-002164,APT-003379,3.4,87.2,False,,False,False
OUT-002165,APT-003381,4.9,71.2,False,,True,True
OUT-002166,APT-003382,4.1,83.2,False,,True,False
OUT-002167,APT-003384,4.1,90.7,False,,True,False
OUT-002168,APT-003385,3.8,76.7,False,,True,False
OUT-002169,APT-003387,4.3,82.6,False,,True,False
OUT-002170,APT-003388,4.2,76.4,False,,True,True
OUT-002171,APT-003390,3.3,81.4,False,,True,False
OUT-002172,APT-003391,4.4,75.1,False,,True,False
OUT-002173,APT-003392,4.7,100.0,False,,True,False
OUT-002174,APT-003393,4.4,75.5,False,,True,True
OUT-002175,APT-003395,4.8,84.2,False,,True,False
OUT-002176,APT-003396,5.0,68.4,False,,True,False
OUT-002177,APT-003397,3.4,84.2,False,,False,False
OUT-002178,APT-003399,3.7,93.8,False,,True,False
OUT-002179,APT-003401,4.8,82.4,False,,True,False
OUT-002180,APT-003402,5.0,81.7,False,,False,False
OUT-002181,APT-003403,,85.8,False,,True,False
OUT-002182,APT-003404,5.0,99.7,False,,False,False
OUT-002183,APT-003405,,88.4,False,,True,True
OUT-002184,APT-003407,,82.8,False,,True,False
OUT-002185,APT-003408,,63.9,False,,True,False
OUT-002186,APT-003409,4.0,87.6,False,,True,False
OUT-002187,APT-003410,5.0,81.0,False,,True,False
OUT-002188,APT-003411,4.5,87.1,False,,True,False
OUT-002189,APT-003412,3.3,85.4,False,,True,False
OUT-002190,APT-003413,4.0,88.5,False,,True,False
OUT-002191,APT-003414,4.6,83.3,False,,True,False
OUT-002192,APT-003415,3.8,92.2,False,,False,False
OUT-002193,APT-003416,3.5,78.9,False,,True,True
OUT-002194,APT-003419,3.3,73.2,False,,False,True
OUT-002195,APT-003420,3.9,77.9,False,,True,False
OUT-002196,APT-003421,,90.4,False,,True,True
OUT-002197,APT-003422,4.3,88.4,False,,True,False
OUT-002198,APT-003423,4.6,83.6,False,,False,False
OUT-002199,APT-003424,,62.4,False,,False,False
OUT-002200,APT-003425,5.0,75.4,False,,True,False
OUT-002201,APT-003428,4.6,87.2,False,,True,False
OUT-002202,APT-003429,,72.7,True,High,True,False
OUT-002203,APT-003430,3.2,68.0,False,,True,False
OUT-002204,APT-003431,4.6,66.9,False,,True,True
OUT-002205,APT-003432,5.0,85.6,False,,True,True
OUT-002206,APT-003434,4.0,65.6,False,,True,True
OUT-002207,APT-003436,5.0,93.3,False,,True,False
OUT-002208,APT-003438,4.2,78.1,False,,True,False
OUT-002209,APT-003439,4.9,77.6,False,,True,False
OUT-002210,APT-003441,3.7,89.5,False,,True,True
OUT-002211,APT-003447,3.0,86.2,False,,True,False
OUT-002212,APT-003449,4.1,82.9,False,,True,False
OUT-002213,APT-003450,,77.5,False,,True,True
OUT-002214,APT-003451,3.4,100.0,True,Medium,True,False
OUT-002215,APT-003452,3.9,74.3,False,,True,False
OUT-002216,APT-003454,5.0,78.0,False,,True,True
OUT-002217,APT-003456,4.6,96.1,False,,True,True
OUT-002218,APT-003457,3.4,83.3,False,,True,False
OUT-002219,APT-003458,3.9,86.3,False,,True,False
OUT-002220,APT-003459,5.0,54.7,False,,True,False
OUT-002221,APT-003461,3.6,82.2,False,,True,False
OUT-002222,APT-003462,5.0,87.5,False,,True,False
OUT-002223,APT-003463,3.6,76.5,False,,False,False
OUT-002224,APT-003464,,70.9,False,,True,False
OUT-002225,APT-003469,3.4,69.0,False,,True,True
OUT-002226,APT-003470,3.5,66.0,False,,True,False
OUT-002227,APT-003471,4.6,93.2,False,,True,False
OUT-002228,APT-003473,4.3,89.7,False,,True,False
OUT-002229,APT-003474,4.6,77.4,False,,False,False
OUT-002230,APT-003476,4.0,62.9,False,,True,True
OUT-002231,APT-003477,4.4,84.6,False,,True,False
OUT-002232,APT-003479,5.0,87.3,False,,True,False
OUT-002233,APT-003480,4.5,89.3,False,,True,True
OUT-002234,APT-003481,3.8,94.0,False,,True,False
OUT-002235,APT-003482,,82.9,False,,False,False
OUT-002236,APT-003484,3.7,84.0,False,,True,False
OUT-002237,APT-003489,4.4,71.7,False,,True,False
OUT-002238,APT-003491,4.0,95.4,False,,False,False
OUT-002239,APT-003494,5.0,83.9,False,,True,True
OUT-002240,APT-003498,3.8,72.9,False,,True,True
OUT-002241,APT-003500,4.8,100.0,False,,True,False
OUT-002242,APT-003502,3.6,73.8,False,,True,False
OUT-002243,APT-003503,4.8,90.3,False,,True,False
OUT-002244,APT-003505,4.0,95.8,False,,True,False
OUT-002245,APT-003506,4.4,67.2,False,,True,False
OUT-002246,APT-003508,5.0,70.6,False,,True,False
OUT-002247,APT-003509,4.3,68.5,False,,True,False
OUT-002248,APT-003512,5.0,61.3,False,,True,False
OUT-002249,APT-003513,4.8,92.3,False,,True,True
OUT-002250,APT-003514,,75.2,False,,False,True
OUT-002251,APT-003515,4.3,77.7,False,,False,False
OUT-002252,APT-003516,3.0,96.0,True,Medium,True,True
OUT-002253,APT-003517,5.0,78.3,False,,False,True
OUT-002254,APT-003520,4.3,83.7,False,,True,False
OUT-002255,APT-003521,4.3,82.1,False,,True,True
OUT-002256,APT-003522,4.3,61.3,False,,True,False
OUT-002257,APT-003523,5.0,96.3,False,,True,False
OUT-002258,APT-003526,4.0,77.6,False,,True,False
OUT-002259,APT-003527,4.5,86.1,False,,True,True
OUT-002260,APT-003528,4.7,73.3,False,,True,True
OUT-002261,APT-003530,,82.0,False,,True,False
OUT-002262,APT-003531,3.4,92.8,False,,True,False
OUT-002263,APT-003533,4.6,85.1,False,,True,False
OUT-002264,APT-003534,4.6,83.6,False,,True,False
OUT-002265,APT-003535,4.0,78.7,False,,True,False
OUT-002266,APT-003536,5.0,92.0,False,,False,False
OUT-002267,APT-003538,4.0,83.3,False,,True,False
OUT-002268,APT-003539,4.5,82.8,False,,True,True
OUT-002269,APT-003540,3.6,82.9,False,,True,False
OUT-002270,APT-003541,3.7,77.1,False,,True,False
OUT-002271,APT-003542,3.5,79.0,False,,True,False
OUT-002272,APT-003545,4.1,68.3,False,,True,True
OUT-002273,APT-003548,4.3,94.6,False,,True,False
OUT-002274,APT-003549,3.9,68.9,False,,False,False
OUT-002275,APT-003550,3.5,70.3,False,,True,False
OUT-002276,APT-003551,3.3,86.7,False,,True,False
OUT-002277,APT-003552,5.0,74.5,False,,True,False
OUT-002278,APT-003553,4.0,80.5,False,,False,False
OUT-002279,APT-003554,3.2,68.0,False,,True,False
OUT-002280,APT-003555,4.4,98.0,False,,True,False
OUT-002281,APT-003556,4.9,79.8,False,,True,False
OUT-002282,APT-003557,3.5,69.6,False,,True,False
OUT-002283,APT-003559,4.5,83.6,False,,True,False
OUT-002284,APT-003560,4.9,75.5,False,,True,False
OUT-002285,APT-003561,3.8,90.6,False,,True,False
OUT-002286,APT-003562,5.0,79.7,False,,True,False
OUT-002287,APT-003563,4.3,83.8,False,,True,False
OUT-002288,APT-003564,3.6,84.8,False,,True,False
OUT-002289,APT-003565,4.4,93.2,False,,True,True
OUT-002290,APT-003567,3.5,82.6,False,,True,False
OUT-002291,APT-003570,4.9,81.5,False,,True,False
OUT-002292,APT-003571,3.6,87.0,False,,True,False
OUT-002293,APT-003573,3.4,86.2,False,,True,False
OUT-002294,APT-003574,4.7,72.2,False,,True,False
OUT-002295,APT-003576,3.7,69.5,False,,True,False
OUT-002296,APT-003577,4.2,72.8,False,,True,False
OUT-002297,APT-003578,3.9,72.0,False,,True,False
OUT-002298,APT-003580,4.0,70.7,False,,True,True
OUT-002299,APT-003581,3.9,91.6,False,,True,False
OUT-002300,APT-003583,3.7,90.1,False,,True,True
OUT-002301,APT-003584,5.0,80.4,False,,False,True
OUT-002302,APT-003585,3.1,62.0,False,,True,False
OUT-002303,APT-003587,2.9,81.1,False,,True,False
OUT-002304,APT-003590,3.5,90.2,False,,True,True
OUT-002305,APT-003592,4.3,72.1,False,,True,False
OUT-002306,APT-003593,4.8,86.4,False,,True,False
OUT-002307,APT-003595,3.9,69.9,False,,True,False
OUT-002308,APT-003596,3.8,79.1,False,,True,False
OUT-002309,APT-003597,3.9,92.1,False,,True,False
OUT-002310,APT-003598,3.0,83.2,False,,True,False
OUT-002311,APT-003599,4.6,85.5,False,,True,False
OUT-002312,APT-003600,5.0,73.9,False,,True,False
OUT-002313,APT-003602,3.8,73.6,False,,True,False
OUT-002314,APT-003606,4.3,85.7,False,,False,False
OUT-002315,APT-003607,4.6,97.4,False,,True,True
OUT-002316,APT-003608,4.4,79.0,False,,True,False
OUT-002317,APT-003609,4.2,95.7,False,,True,False
OUT-002318,APT-003610,4.7,86.5,False,,True,False
OUT-002319,APT-003612,3.8,79.9,False,,True,False
OUT-002320,APT-003615,4.9,67.2,False,,True,True
OUT-002321,APT-003616,3.6,97.6,False,,True,False
OUT-002322,APT-003618,3.2,70.3,False,,True,False
OUT-002323,APT-003619,4.4,63.6,False,,True,False
OUT-002324,APT-003620,3.4,79.3,False,,True,False
OUT-002325,APT-003624,3.9,93.9,False,,True,False
OUT-002326,APT-003625,2.9,81.9,False,,True,False
OUT-002327,APT-003626,4.1,73.8,False,,True,True
OUT-002328,APT-003627,4.3,84.1,False,,True,True
OUT-002329,APT-003628,4.4,100.0,False,,True,False
OUT-002330,APT-003629,3.8,90.7,False,,False,False
OUT-002331,APT-003630,4.8,79.3,False,,True,False
OUT-002332,APT-003634,2.7,84.6,False,,True,False
OUT-002333,APT-003635,4.7,90.0,False,,True,False
OUT-002334,APT-003636,5.0,53.7,False,,True,True
OUT-002335,APT-003637,4.9,98.2,False,,True,False
OUT-002336,APT-003638,3.3,76.6,False,,False,False
OUT-002337,APT-003639,4.4,88.6,False,,True,False
OUT-002338,APT-003642,4.2,89.9,False,,True,False
OUT-002339,APT-003643,5.0,81.5,False,,True,False
OUT-002340,APT-003645,3.8,68.4,False,,True,False
OUT-002341,APT-003646,5.0,77.4,False,,True,False
OUT-002342,APT-003648,5.0,100.0,False,,True,False
OUT-002343,APT-003649,3.8,78.6,False,,False,False
OUT-002344,APT-003652,4.0,88.3,False,,True,False
OUT-002345,APT-003656,4.0,80.1,False,,True,False
OUT-002346,APT-003658,3.9,85.8,False,,True,False
OUT-002347,APT-003659,4.0,87.1,False,,True,False
OUT-002348,APT-003660,3.1,90.1,False,,True,False
OUT-002349,APT-003661,3.6,77.7,False,,True,True
OUT-002350,APT-003664,4.9,81.2,False,,False,True
OUT-002351,APT-003665,4.1,86.6,False,,True,True
OUT-002352,APT-003669,,75.4,False,,True,False
OUT-002353,APT-003670,3.9,75.7,False,,False,False
OUT-002354,APT-003672,,96.8,False,,False,False
OUT-002355,APT-003673,4.5,75.6,False,,True,False
OUT-002356,APT-003674,5.0,84.5,False,,True,False
OUT-002357,APT-003676,,75.0,False,,True,False
OUT-002358,APT-003677,4.5,79.3,False,,False,False
OUT-002359,APT-003682,2.9,74.7,False,,True,False
OUT-002360,APT-003683,4.8,71.2,False,,True,False
OUT-002361,APT-003684,3.5,96.2,False,,True,False
OUT-002362,APT-003685,4.6,69.8,False,,True,False
OUT-002363,APT-003686,3.6,79.0,False,,True,True
OUT-002364,APT-003687,5.0,64.0,False,,True,False
OUT-002365,APT-003688,,92.1,False,,True,False
OUT-002366,APT-003694,3.8,75.2,False,,True,False
OUT-002367,APT-003695,4.7,76.4,False,,True,False
OUT-002368,APT-003696,3.5,63.6,False,,True,False
OUT-002369,APT-003700,4.8,84.5,False,,False,True
OUT-002370,APT-003704,5.0,68.5,False,,True,True
OUT-002371,APT-003705,3.9,85.4,False,,True,False
OUT-002372,APT-003706,4.0,81.9,False,,True,False
OUT-002373,APT-003710,3.6,69.2,False,,True,True
OUT-002374,APT-003711,3.4,93.4,False,,True,False
OUT-002375,APT-003712,5.0,68.7,False,,True,False
OUT-002376,APT-003714,4.8,76.0,False,,True,False
OUT-002377,APT-003715,4.9,94.6,False,,False,False
OUT-002378,APT-003716,4.8,89.3,False,,True,False
OUT-002379,APT-003717,3.7,76.6,False,,True,False
OUT-002380,APT-003720,,90.1,False,,True,False
OUT-002381,APT-003721,4.3,79.5,False,,True,False
OUT-002382,APT-003723,3.8,78.9,False,,True,False
OUT-002383,APT-003725,,99.8,False,,True,False
OUT-002384,APT-003729,4.4,92.6,False,,True,False
OUT-002385,APT-003731,4.0,82.1,False,,True,False
OUT-002386,APT-003732,5.0,72.6,False,,True,False
OUT-002387,APT-003733,3.1,75.3,False,,True,False
OUT-002388,APT-003734,3.6,79.7,False,,True,True
OUT-002389,APT-003735,4.1,88.1,False,,True,False
OUT-002390,APT-003737,4.2,71.4,False,,True,False
OUT-002391,APT-003738,3.9,85.1,False,,True,False
OUT-002392,APT-003739,3.6,84.4,False,,True,False
OUT-002393,APT-003741,4.3,98.8,False,,True,False
OUT-002394,APT-003743,4.5,91.5,False,,True,False
OUT-002395,APT-003745,4.4,80.6,False,,True,False
OUT-002396,APT-003746,5.0,85.1,False,,True,True
OUT-002397,APT-003747,4.0,100.0,False,,True,True
OUT-002398,APT-003748,3.9,56.6,False,,True,True
OUT-002399,APT-003750,4.4,87.2,False,,True,False
OUT-002400,APT-003753,3.7,76.5,False,,True,True
OUT-002401,APT-003755,5.0,100.0,False,,True,True
OUT-002402,APT-003756,3.8,74.5,False,,True,True
OUT-002403,APT-003757,4.9,89.9,False,,True,True
OUT-002404,APT-003759,4.7,82.5,False,,True,False
OUT-002405,APT-003760,3.9,84.1,False,,True,False
OUT-002406,APT-003761,,100.0,False,,True,False
OUT-002407,APT-003762,5.0,98.3,False,,False,True
OUT-002408,APT-003764,5.0,71.5,False,,True,False
OUT-002409,APT-003765,3.1,98.2,False,,True,False
OUT-002410,APT-003766,5.0,87.5,False,,True,True
OUT-002411,APT-003768,4.4,64.6,False,,False,False
OUT-002412,APT-003769,3.4,91.4,False,,True,False
OUT-002413,APT-003770,,72.1,False,,True,False
OUT-002414,APT-003771,3.9,74.9,False,,False,True
OUT-002415,APT-003772,3.6,88.7,False,,False,False
OUT-002416,APT-003773,,91.6,False,,True,False
OUT-002417,APT-003774,2.8,86.5,False,,True,False
OUT-002418,APT-003775,3.8,71.5,False,,True,False
OUT-002419,APT-003776,5.0,100.0,False,,True,False
OUT-002420,APT-003780,3.3,85.4,False,,False,True
OUT-002421,APT-003781,4.9,89.9,False,,True,False
OUT-002422,APT-003782,4.1,81.1,False,,True,True
OUT-002423,APT-003786,5.0,75.4,False,,True,False
OUT-002424,APT-003787,4.9,73.1,False,,True,True
OUT-002425,APT-003789,,79.8,False,,True,True
OUT-002426,APT-003792,3.2,85.5,False,,False,True
OUT-002427,APT-003793,3.2,70.7,False,,True,False
OUT-002428,APT-003794,4.6,85.6,False,,True,False
OUT-002429,APT-003797,5.0,99.9,False,,True,False
OUT-002430,APT-003799,4.0,90.4,False,,True,False
OUT-002431,APT-003800,5.0,85.8,False,,True,False
OUT-002432,APT-003802,4.0,87.5,False,,True,False
OUT-002433,APT-003804,,78.6,False,,True,False
OUT-002434,APT-003805,4.8,73.0,False,,True,False
OUT-002435,APT-003806,3.7,67.9,False,,True,False
OUT-002436,APT-003808,4.5,82.9,False,,True,False
OUT-002437,APT-003809,,81.9,False,,True,False
OUT-002438,APT-003810,,82.7,False,,True,False
OUT-002439,APT-003811,,87.1,False,,True,False
OUT-002440,APT-003812,4.2,71.1,False,,True,False
OUT-002441,APT-003814,4.0,82.1,False,,True,False
OUT-002442,APT-003815,3.4,79.1,False,,False,False
OUT-002443,APT-003817,3.7,83.0,True,High,True,True
OUT-002444,APT-003818,5.0,66.7,False,,True,True
OUT-002445,APT-003819,3.6,58.5,False,,True,False
OUT-002446,APT-003820,4.8,75.7,False,,True,False
OUT-002447,APT-003821,3.8,100.0,False,,True,False
OUT-002448,APT-003822,4.1,72.2,False,,False,True
OUT-002449,APT-003823,3.7,84.9,False,,True,False
OUT-002450,APT-003824,5.0,79.1,False,,True,True
OUT-002451,APT-003826,4.0,58.6,False,,True,True
OUT-002452,APT-003830,3.0,86.1,False,,True,False
OUT-002453,APT-003832,4.8,73.3,False,,True,False
OUT-002454,APT-003833,3.8,87.0,False,,False,False
OUT-002455,APT-003835,5.0,78.0,False,,True,True
OUT-002456,APT-003837,4.8,90.2,False,,True,False
OUT-002457,APT-003838,3.7,65.7,False,,True,False
OUT-002458,APT-003839,2.5,70.7,False,,False,False
OUT-002459,APT-003842,4.5,71.4,False,,True,False
OUT-002460,APT-003843,5.0,76.4,False,,True,False
OUT-002461,APT-003844,3.7,94.3,False,,True,False
OUT-002462,APT-003847,4.0,79.4,False,,True,True
OUT-002463,APT-003848,5.0,84.3,False,,True,False
OUT-002464,APT-003849,3.9,78.8,True,Low,True,False
OUT-002465,APT-003851,4.3,70.9,False,,True,False
OUT-002466,APT-003852,4.4,86.4,False,,True,False
OUT-002467,APT-003854,2.9,81.7,False,,False,False
OUT-002468,APT-003856,4.4,68.5,False,,True,False
OUT-002469,APT-003858,3.7,88.6,False,,True,False
OUT-002470,APT-003860,4.5,77.1,False,,True,False
OUT-002471,APT-003861,2.5,68.3,False,,True,False
OUT-002472,APT-003862,3.8,83.6,False,,True,False
OUT-002473,APT-003863,5.0,95.7,True,Medium,True,True
OUT-002474,APT-003865,3.6,73.4,False,,True,True
OUT-002475,APT-003866,5.0,81.5,False,,True,False
OUT-002476,APT-003868,4.8,73.8,False,,True,False
OUT-002477,APT-003869,4.0,83.3,False,,True,False
OUT-002478,APT-003870,4.4,85.0,False,,True,False
OUT-002479,APT-003872,3.3,67.1,False,,True,False
OUT-002480,APT-003874,3.9,95.7,False,,True,False
OUT-002481,APT-003875,4.1,63.7,False,,True,False
OUT-002482,APT-003876,4.2,89.2,False,,True,False
OUT-002483,APT-003877,5.0,82.5,False,,True,False
OUT-002484,APT-003878,4.3,90.0,False,,True,False
OUT-002485,APT-003881,4.0,90.2,False,,True,True
OUT-002486,APT-003882,4.6,77.3,False,,True,True
OUT-002487,APT-003883,4.5,78.4,False,,True,False
OUT-002488,APT-003884,4.1,69.7,False,,True,False
OUT-002489,APT-003885,4.3,70.6,False,,True,False
OUT-002490,APT-003886,3.8,87.9,False,,True,False
OUT-002491,APT-003887,5.0,87.8,False,,True,False
OUT-002492,APT-003888,5.0,77.5,False,,True,True
OUT-002493,APT-003890,4.5,94.0,False,,True,False
OUT-002494,APT-003893,4.4,75.3,False,,True,False
OUT-002495,APT-003895,3.6,79.5,False,,True,False
OUT-002496,APT-003897,4.2,69.9,False,,True,False
OUT-002497,APT-003898,3.6,80.4,False,,True,False
OUT-002498,APT-003899,4.7,67.5,False,,True,True
OUT-002499,APT-003900,3.4,77.5,False,,False,False
OUT-002500,APT-003901,,58.3,False,,True,False
OUT-002501,APT-003902,3.9,66.5,False,,True,False
OUT-002502,APT-003903,,64.0,False,,True,True
OUT-002503,APT-003905,4.0,83.3,False,,True,False
OUT-002504,APT-003908,4.1,98.5,False,,True,False
OUT-002505,APT-003909,3.6,82.5,False,,False,True
OUT-002506,APT-003911,3.6,77.5,False,,True,True
OUT-002507,APT-003916,4.5,72.9,False,,True,True
OUT-002508,APT-003917,4.8,82.3,False,,True,False
OUT-002509,APT-003918,3.4,67.2,False,,True,False
OUT-002510,APT-003920,2.9,69.4,False,,True,False
OUT-002511,APT-003921,4.2,88.8,False,,True,False
OUT-002512,APT-003922,4.1,78.2,False,,True,False
OUT-002513,APT-003923,4.6,76.9,False,,True,True
OUT-002514,APT-003924,3.4,77.6,False,,True,False
OUT-002515,APT-003926,3.6,69.1,False,,True,False
OUT-002516,APT-003927,3.7,72.1,False,,False,False
OUT-002517,APT-003928,4.2,75.9,False,,True,True
OUT-002518,APT-003929,5.0,83.2,False,,True,True
OUT-002519,APT-003930,,87.0,False,,True,False
OUT-002520,APT-003931,5.0,85.6,False,,True,False
OUT-002521,APT-003932,5.0,94.2,False,,True,False
OUT-002522,APT-003934,3.7,77.7,False,,True,False
OUT-002523,APT-003935,3.1,67.5,False,,True,False
OUT-002524,APT-003936,4.3,80.6,False,,True,False
OUT-002525,APT-003937,4.3,93.3,False,,False,True
OUT-002526,APT-003938,4.9,80.1,False,,True,False
OUT-002527,APT-003940,4.4,59.9,False,,True,False
OUT-002528,APT-003941,4.0,92.4,False,,False,False
OUT-002529,APT-003942,4.1,85.7,False,,False,False
OUT-002530,APT-003944,4.0,91.1,False,,True,True
OUT-002531,APT-003949,5.0,74.2,False,,True,False
OUT-002532,APT-003950,4.3,77.7,False,,True,False
OUT-002533,APT-003951,5.0,94.8,False,,True,False
OUT-002534,APT-003952,3.6,80.0,False,,True,True
OUT-002535,APT-003953,4.6,88.6,False,,True,True
OUT-002536,APT-003955,4.1,81.4,False,,True,False
OUT-002537,APT-003956,3.7,73.3,False,,False,False
OUT-002538,APT-003957,4.3,79.1,False,,True,False
OUT-002539,APT-003958,3.5,71.8,False,,False,False
OUT-002540,APT-003959,3.6,83.5,False,,True,False
OUT-002541,APT-003960,3.6,93.6,False,,True,False
OUT-002542,APT-003961,3.2,80.7,False,,True,False
OUT-002543,APT-003962,4.6,94.1,False,,True,False
OUT-002544,APT-003963,3.6,86.8,False,,True,False
OUT-002545,APT-003964,3.6,91.9,False,,True,True
OUT-002546,APT-003965,,92.4,False,,True,False
OUT-002547,APT-003966,,87.9,False,,True,False
OUT-002548,APT-003967,4.3,75.0,False,,True,False
OUT-002549,APT-003969,5.0,85.3,False,,True,False
OUT-002550,APT-003970,5.0,92.3,False,,True,False
OUT-002551,APT-003971,4.0,95.9,False,,False,True
OUT-002552,APT-003973,5.0,76.9,False,,True,False
OUT-002553,APT-003974,3.8,83.6,False,,True,False
OUT-002554,APT-003975,4.1,70.4,False,,True,False
OUT-002555,APT-003976,3.4,85.3,False,,True,False
OUT-002556,APT-003978,3.2,96.5,False,,True,False
OUT-002557,APT-003979,4.5,71.4,False,,False,True
OUT-002558,APT-003981,,93.7,False,,True,False
OUT-002559,APT-003983,3.7,78.9,False,,True,False
OUT-002560,APT-003984,4.5,74.6,False,,True,False
OUT-002561,APT-003985,,74.6,False,,True,True
OUT-002562,APT-003986,3.8,66.5,False,,True,True
OUT-002563,APT-003988,5.0,88.9,False,,True,False
OUT-002564,APT-003989,3.9,70.5,False,,True,True
OUT-002565,APT-003990,5.0,89.9,False,,True,True
OUT-002566,APT-003993,3.6,71.8,False,,True,False
OUT-002567,APT-003996,3.7,75.3,False,,True,False
OUT-002568,APT-003998,3.4,70.7,False,,True,True
OUT-002569,APT-003999,5.0,93.0,False,,True,True
OUT-002570,APT-004000,,90.1,False,,True,False
OUT-002571,APT-004001,4.8,80.2,False,,True,False
OUT-002572,APT-004005,4.5,93.1,False,,True,False
OUT-002573,APT-004006,4.1,79.4,False,,True,False
OUT-002574,APT-004007,4.3,88.8,False,,True,False
OUT-002575,APT-004008,4.8,93.7,False,,True,False
OUT-002576,APT-004009,3.6,83.8,False,,True,False
OUT-002577,APT-004014,5.0,82.6,False,,True,False
OUT-002578,APT-004015,5.0,82.7,False,,True,False
OUT-002579,APT-004017,5.0,64.2,False,,True,False
OUT-002580,APT-004018,4.6,83.4,False,,True,False
OUT-002581,APT-004022,3.9,74.8,True,Low,False,False
OUT-002582,APT-004023,4.7,65.0,False,,False,False
OUT-002583,APT-004024,,88.7,False,,True,True
OUT-002584,APT-004025,,91.3,False,,False,False
OUT-002585,APT-004026,2.0,99.5,False,,True,False
OUT-002586,APT-004027,4.5,81.0,False,,True,False
OUT-002587,APT-004028,4.7,70.8,False,,False,False
OUT-002588,APT-004029,4.0,71.0,False,,True,False
OUT-002589,APT-004030,,66.2,False,,True,False
OUT-002590,APT-004032,4.4,100.0,False,,True,False
OUT-002591,APT-004033,3.8,75.8,False,,True,False
OUT-002592,APT-004034,,85.6,False,,False,True
OUT-002593,APT-004035,4.3,96.3,False,,True,False
OUT-002594,APT-004036,4.8,85.0,False,,True,False
OUT-002595,APT-004037,3.1,57.2,False,,True,False
OUT-002596,APT-004038,3.5,76.4,False,,True,False
OUT-002597,APT-004039,4.0,59.5,False,,True,False
OUT-002598,APT-004040,3.3,80.5,False,,True,False
OUT-002599,APT-004041,,86.0,False,,True,False
OUT-002600,APT-004042,,90.7,False,,True,False
OUT-002601,APT-004043,4.5,72.2,True,High,True,False
OUT-002602,APT-004046,3.6,82.6,False,,True,False
OUT-002603,APT-004047,4.0,85.1,False,,True,True
OUT-002604,APT-004048,5.0,80.1,False,,True,False
OUT-002605,APT-004050,4.6,80.9,False,,False,False
OUT-002606,APT-004051,4.4,89.0,False,,False,False
OUT-002607,APT-004052,4.9,77.3,False,,True,False
OUT-002608,APT-004053,4.0,75.0,False,,True,True
OUT-002609,APT-004054,4.4,69.4,False,,False,False
OUT-002610,APT-004055,,73.7,False,,True,True
OUT-002611,APT-004057,,78.1,False,,True,False
OUT-002612,APT-004058,4.1,94.4,False,,True,False
OUT-002613,APT-004060,3.9,84.4,False,,False,False
OUT-002614,APT-004061,3.6,91.4,False,,False,False
OUT-002615,APT-004067,3.7,80.1,False,,True,False
OUT-002616,APT-004068,4.0,90.5,False,,True,False
OUT-002617,APT-004069,4.2,84.3,False,,True,False
OUT-002618,APT-004070,3.5,84.2,False,,True,True
OUT-002619,APT-004071,4.5,77.5,False,,True,False
OUT-002620,APT-004072,3.9,82.4,False,,True,True
OUT-002621,APT-004073,,75.9,False,,True,False
OUT-002622,APT-004074,2.4,76.1,False,,True,False
OUT-002623,APT-004075,3.7,100.0,False,,True,False
OUT-002624,APT-004076,3.7,73.2,False,,True,False
OUT-002625,APT-004077,3.6,90.3,False,,False,False
OUT-002626,APT-004078,,86.9,False,,True,False
OUT-002627,APT-004083,3.3,76.0,False,,True,False
OUT-002628,APT-004084,3.6,100.0,False,,True,False
OUT-002629,APT-004085,4.1,77.7,False,,True,True
OUT-002630,APT-004086,3.9,68.4,False,,True,False
OUT-002631,APT-004088,4.1,76.2,False,,True,True
OUT-002632,APT-004089,4.7,76.2,False,,True,False
OUT-002633,APT-004090,,73.8,False,,True,False
OUT-002634,APT-004091,3.1,76.6,False,,True,False
OUT-002635,APT-004095,,80.5,False,,True,False
OUT-002636,APT-004097,4.8,93.1,False,,True,True
OUT-002637,APT-004101,,74.9,False,,True,False
OUT-002638,APT-004102,3.9,81.4,False,,True,True
OUT-002639,APT-004103,4.1,100.0,False,,False,False
OUT-002640,APT-004104,4.6,74.6,False,,False,True
OUT-002641,APT-004105,4.4,77.7,False,,True,False
OUT-002642,APT-004106,4.0,76.3,False,,False,False
OUT-002643,APT-004107,4.8,65.1,False,,True,False
OUT-002644,APT-004109,4.3,88.5,False,,True,True
OUT-002645,APT-004110,3.4,89.3,False,,True,False
OUT-002646,APT-004111,5.0,84.0,False,,True,False
OUT-002647,APT-004112,4.4,80.5,False,,True,False
OUT-002648,APT-004115,3.5,68.0,False,,True,False
OUT-002649,APT-004116,4.9,95.7,False,,True,False
OUT-002650,APT-004117,3.2,85.0,False,,True,True
OUT-002651,APT-004118,4.8,72.0,False,,True,False
OUT-002652,APT-004121,3.1,75.8,False,,True,True
OUT-002653,APT-004123,4.7,89.0,False,,False,True
OUT-002654,APT-004124,4.9,93.9,False,,True,True
OUT-002655,APT-004125,4.7,78.7,False,,True,False
OUT-002656,APT-004126,4.3,81.4,False,,True,False
OUT-002657,APT-004132,4.1,82.1,False,,True,False
OUT-002658,APT-004133,3.8,47.4,False,,True,False
OUT-002659,APT-004134,3.7,76.1,False,,True,False
OUT-002660,APT-004135,4.5,63.8,False,,True,False
OUT-002661,APT-004136,4.0,74.3,False,,False,False
OUT-002662,APT-004138,3.5,96.7,False,,True,False
OUT-002663,APT-004139,4.0,80.0,False,,True,False
OUT-002664,APT-004141,4.3,87.5,False,,True,True
OUT-002665,APT-004142,4.4,89.4,False,,True,False
OUT-002666,APT-004144,3.6,87.9,False,,True,False
OUT-002667,APT-004145,3.7,82.2,False,,True,False
OUT-002668,APT-004146,3.5,94.6,False,,True,False
OUT-002669,APT-004147,,83.8,False,,True,False
OUT-002670,APT-004148,5.0,69.3,False,,True,False
OUT-002671,APT-004149,2.8,70.5,False,,True,False
OUT-002672,APT-004151,,99.6,False,,True,False
OUT-002673,APT-004153,4.3,68.7,False,,True,False
OUT-002674,APT-004154,5.0,96.7,False,,True,False
OUT-002675,APT-004155,4.2,63.8,False,,True,False
OUT-002676,APT-004156,2.8,75.9,False,,True,False
OUT-002677,APT-004157,3.9,78.3,False,,True,False
OUT-002678,APT-004158,3.5,95.5,False,,True,False
OUT-002679,APT-004161,4.0,94.7,False,,False,False
OUT-002680,APT-004162,3.4,70.3,False,,True,False
OUT-002681,APT-004164,,70.1,False,,True,True
OUT-002682,APT-004167,4.7,85.2,False,,True,False
OUT-002683,APT-004169,4.0,86.5,False,,True,True
OUT-002684,APT-004170,5.0,82.4,False,,True,False
OUT-002685,APT-004172,4.6,100.0,False,,True,False
OUT-002686,APT-004174,4.2,84.6,False,,True,True
OUT-002687,APT-004176,4.3,82.0,False,,True,False
OUT-002688,APT-004177,4.2,83.9,False,,True,False
OUT-002689,APT-004179,4.6,71.3,False,,True,False
OUT-002690,APT-004180,4.5,89.7,False,,False,True
OUT-002691,APT-004183,4.4,92.8,False,,False,False
OUT-002692,APT-004184,4.4,74.8,False,,True,False
OUT-002693,APT-004185,4.4,71.7,False,,True,False
OUT-002694,APT-004186,3.8,77.6,False,,True,False
OUT-002695,APT-004187,5.0,70.1,False,,True,False
OUT-002696,APT-004189,4.4,66.6,False,,True,False
OUT-002697,APT-004191,4.6,66.5,False,,True,False
OUT-002698,APT-004192,3.7,83.7,False,,True,False
OUT-002699,APT-004194,,78.4,False,,True,True
OUT-002700,APT-004195,4.4,100.0,False,,True,False
OUT-002701,APT-004196,3.8,83.0,False,,True,False
OUT-002702,APT-004198,5.0,66.0,False,,True,False
OUT-002703,APT-004202,3.7,75.0,False,,True,False
OUT-002704,APT-004203,4.4,80.5,False,,True,False
OUT-002705,APT-004204,5.0,74.2,False,,True,False
OUT-002706,APT-004205,4.3,89.5,False,,True,False
OUT-002707,APT-004208,4.9,85.6,False,,True,True
OUT-002708,APT-004211,3.3,81.7,False,,False,False
OUT-002709,APT-004213,4.0,72.0,False,,True,False
OUT-002710,APT-004214,4.5,85.6,False,,True,False
OUT-002711,APT-004215,4.7,78.3,False,,False,False
OUT-002712,APT-004216,2.6,72.4,False,,False,False
OUT-002713,APT-004217,4.8,64.0,False,,True,False
OUT-002714,APT-004218,5.0,85.7,False,,True,False
OUT-002715,APT-004221,3.9,79.1,False,,True,False
OUT-002716,APT-004223,5.0,86.0,False,,True,True
OUT-002717,APT-004224,3.6,76.2,False,,True,True
OUT-002718,APT-004226,3.1,79.9,False,,True,False
OUT-002719,APT-004227,5.0,80.1,False,,False,True
OUT-002720,APT-004228,5.0,63.3,False,,True,True
OUT-002721,APT-004229,,71.1,False,,True,False
OUT-002722,APT-004232,4.0,75.3,False,,False,False
OUT-002723,APT-004233,3.9,94.9,False,,False,False
OUT-002724,APT-004234,2.5,83.1,False,,True,False
OUT-002725,APT-004235,4.5,76.2,False,,False,True
OUT-002726,APT-004236,4.9,94.1,False,,False,False
OUT-002727,APT-004238,4.6,70.1,False,,True,False
OUT-002728,APT-004240,4.1,64.7,False,,False,False
OUT-002729,APT-004241,4.0,90.8,False,,True,False
OUT-002730,APT-004243,4.2,100.0,False,,True,True
OUT-002731,APT-004246,3.3,89.3,False,,True,False
OUT-002732,APT-004247,4.1,76.7,False,,True,False
OUT-002733,APT-004248,3.9,85.0,False,,True,True
OUT-002734,APT-004250,4.9,90.1,False,,True,False
OUT-002735,APT-004251,3.1,79.5,False,,True,False
OUT-002736,APT-004252,4.0,86.4,False,,True,False
OUT-002737,APT-004253,4.1,87.9,False,,True,False
OUT-002738,APT-004254,3.9,83.8,False,,True,False
OUT-002739,APT-004257,4.7,94.5,False,,True,False
OUT-002740,APT-004258,5.0,85.5,False,,True,False
OUT-002741,APT-004260,3.7,70.6,False,,True,False
OUT-002742,APT-004264,3.6,84.1,False,,True,True
OUT-002743,APT-004265,4.3,96.8,False,,True,False
OUT-002744,APT-004266,4.7,58.2,False,,True,False
OUT-002745,APT-004267,5.0,87.3,False,,True,False
OUT-002746,APT-004270,5.0,82.9,False,,True,False
OUT-002747,APT-004272,,68.5,False,,True,False
OUT-002748,APT-004273,3.7,84.3,False,,True,True
OUT-002749,APT-004274,5.0,79.8,False,,True,False
OUT-002750,APT-004275,3.7,78.9,False,,True,True
OUT-002751,APT-004277,3.1,75.2,False,,False,False
OUT-002752,APT-004280,4.4,79.4,False,,True,False
OUT-002753,APT-004281,,93.1,False,,True,False
OUT-002754,APT-004282,4.8,85.9,False,,True,False
OUT-002755,APT-004284,4.5,89.2,False,,True,True
OUT-002756,APT-004285,4.2,87.6,False,,False,False
OUT-002757,APT-004287,3.9,92.3,False,,True,False
OUT-002758,APT-004288,3.9,90.3,False,,True,False
OUT-002759,APT-004289,3.7,98.8,False,,True,False
OUT-002760,APT-004293,3.8,82.9,False,,True,False
OUT-002761,APT-004295,,72.4,False,,True,False
OUT-002762,APT-004299,3.9,90.5,False,,True,False
OUT-002763,APT-004301,4.2,73.6,False,,True,False
OUT-002764,APT-004302,3.6,78.0,True,Medium,True,False
OUT-002765,APT-004304,3.6,100.0,False,,True,False
OUT-002766,APT-004305,,90.0,False,,True,False
OUT-002767,APT-004306,,73.2,False,,True,False
OUT-002768,APT-004307,,63.2,False,,True,False
OUT-002769,APT-004308,,87.0,False,,True,False
OUT-002770,APT-004310,3.2,91.9,False,,True,False
OUT-002771,APT-004311,4.1,75.8,False,,True,False
OUT-002772,APT-004313,4.1,99.2,False,,True,False
OUT-002773,APT-004314,3.4,93.8,False,,True,False
OUT-002774,APT-004315,4.5,95.8,False,,True,True
OUT-002775,APT-004316,3.4,80.9,False,,True,False
OUT-002776,APT-004317,5.0,76.4,False,,True,False
OUT-002777,APT-004318,4.3,65.1,False,,True,False
OUT-002778,APT-004319,4.2,78.1,True,Low,True,False
OUT-002779,APT-004321,3.4,98.9,False,,True,False
OUT-002780,APT-004322,4.6,76.6,False,,True,False
OUT-002781,APT-004323,4.0,92.3,False,,True,False
OUT-002782,APT-004324,3.1,100.0,False,,True,False
OUT-002783,APT-004326,4.3,87.8,False,,False,False
OUT-002784,APT-004327,5.0,88.0,False,,False,False
OUT-002785,APT-004328,5.0,84.6,False,,True,True
OUT-002786,APT-004329,2.7,85.2,False,,True,False
OUT-002787,APT-004330,3.8,73.8,False,,True,False
OUT-002788,APT-004334,3.7,78.7,False,,True,False
OUT-002789,APT-004335,4.6,89.4,False,,False,True
OUT-002790,APT-004336,4.1,81.6,False,,True,False
OUT-002791,APT-004337,4.8,100.0,False,,True,False
OUT-002792,APT-004338,3.9,83.7,False,,True,False
OUT-002793,APT-004339,5.0,86.2,False,,False,False
OUT-002794,APT-004340,2.7,82.9,False,,True,False
OUT-002795,APT-004341,5.0,77.7,False,,True,False
OUT-002796,APT-004342,4.3,82.1,False,,True,False
OUT-002797,APT-004343,4.3,70.8,False,,True,False
OUT-002798,APT-004345,3.1,84.1,False,,True,True
OUT-002799,APT-004346,4.4,85.8,False,,True,True
OUT-002800,APT-004349,4.0,79.8,False,,True,False
OUT-002801,APT-004352,4.7,80.0,False,,False,False
OUT-002802,APT-004353,4.2,73.6,False,,True,False
OUT-002803,APT-004354,4.6,61.2,False,,True,False
OUT-002804,APT-004355,5.0,78.9,False,,True,False
OUT-002805,APT-004356,4.5,75.9,False,,True,False
OUT-002806,APT-004357,2.5,73.7,False,,True,False
OUT-002807,APT-004358,3.7,82.4,False,,True,False
OUT-002808,APT-004360,5.0,77.8,False,,True,False
OUT-002809,APT-004361,4.9,94.5,False,,True,False
OUT-002810,APT-004362,3.7,67.6,False,,True,False
OUT-002811,APT-004363,4.6,89.1,False,,True,False
OUT-002812,APT-004368,3.9,86.5,False,,True,False
OUT-002813,APT-004369,4.9,100.0,False,,True,False
OUT-002814,APT-004370,3.4,88.6,False,,True,False
OUT-002815,APT-004372,,87.0,False,,True,False
OUT-002816,APT-004373,4.1,100.0,False,,True,True
OUT-002817,APT-004374,3.9,80.0,False,,True,False
OUT-002818,APT-004375,4.3,80.5,False,,False,False
OUT-002819,APT-004380,3.9,89.8,False,,True,True
OUT-002820,APT-004382,4.5,72.8,False,,True,False
OUT-002821,APT-004383,4.2,75.6,False,,True,False
OUT-002822,APT-004384,4.1,65.5,False,,True,False
OUT-002823,APT-004385,4.0,83.3,False,,True,False
OUT-002824,APT-004386,3.8,93.0,False,,True,False
OUT-002825,APT-004387,5.0,78.1,False,,True,False
OUT-002826,APT-004388,3.5,97.4,False,,False,False
OUT-002827,APT-004389,,77.5,False,,False,False
OUT-002828,APT-004391,4.9,79.2,False,,True,False
OUT-002829,APT-004392,3.6,89.5,False,,True,False
OUT-002830,APT-004397,5.0,86.2,False,,False,True
OUT-002831,APT-004398,5.0,88.0,False,,True,False
OUT-002832,APT-004400,3.6,77.7,False,,True,False
OUT-002833,APT-004401,4.7,91.2,False,,True,False
OUT-002834,APT-004404,4.2,81.9,False,,True,False
OUT-002835,APT-004406,4.7,93.8,False,,True,False
OUT-002836,APT-004409,4.3,97.4,False,,True,True
OUT-002837,APT-004410,3.2,91.8,False,,True,False
OUT-002838,APT-004412,3.5,75.0,False,,True,False
OUT-002839,APT-004414,3.6,72.4,False,,True,False
OUT-002840,APT-004416,4.6,65.0,False,,True,False
OUT-002841,APT-004419,3.3,85.2,False,,True,False
OUT-002842,APT-004420,4.1,80.9,False,,True,False
OUT-002843,APT-004423,4.1,70.5,False,,True,False
OUT-002844,APT-004425,4.6,100.0,False,,True,False
OUT-002845,APT-004427,4.6,55.2,False,,True,True
OUT-002846,APT-004428,4.7,79.7,False,,True,False
OUT-002847,APT-004429,4.8,79.6,False,,True,False
OUT-002848,APT-004430,5.0,96.9,False,,True,False
OUT-002849,APT-004431,3.9,84.5,False,,True,False
OUT-002850,APT-004433,,69.1,False,,True,True
OUT-002851,APT-004434,4.2,86.9,False,,True,False
OUT-002852,APT-004436,3.9,94.5,False,,True,False
OUT-002853,APT-004437,4.8,67.6,False,,True,False
OUT-002854,APT-004438,4.7,77.6,False,,True,False
OUT-002855,APT-004440,4.4,90.6,False,,True,False
OUT-002856,APT-004441,4.0,92.1,False,,False,True
OUT-002857,APT-004443,3.1,68.1,False,,False,False
OUT-002858,APT-004444,4.0,71.5,False,,True,False
OUT-002859,APT-004445,4.8,82.3,False,,True,False
OUT-002860,APT-004446,4.4,89.5,False,,True,False
OUT-002861,APT-004447,3.7,70.4,False,,True,True
OUT-002862,APT-004448,3.5,100.0,False,,True,False
OUT-002863,APT-004449,5.0,79.9,False,,True,False
OUT-002864,APT-004450,3.9,73.6,False,,False,True
OUT-002865,APT-004452,5.0,79.3,False,,False,False
OUT-002866,APT-004455,3.9,63.1,False,,True,False
OUT-002867,APT-004456,4.4,58.9,False,,True,False
OUT-002868,APT-004459,,77.7,False,,True,True
OUT-002869,APT-004460,4.0,77.2,False,,True,False
OUT-002870,APT-004462,3.8,74.3,False,,True,False
OUT-002871,APT-004463,4.4,91.7,True,Medium,True,True
OUT-002872,APT-004467,4.5,90.7,False,,True,False
OUT-002873,APT-004469,,97.7,False,,True,False
OUT-002874,APT-004471,4.0,58.9,False,,True,False
OUT-002875,APT-004473,4.1,73.5,False,,True,True
OUT-002876,APT-004476,5.0,73.0,False,,True,False
OUT-002877,APT-004477,3.9,85.7,False,,True,False
OUT-002878,APT-004478,,88.1,False,,False,False
OUT-002879,APT-004479,3.7,84.2,False,,True,True
OUT-002880,APT-004482,4.7,78.1,False,,True,False
OUT-002881,APT-004483,3.1,79.9,False,,True,False
OUT-002882,APT-004485,4.4,68.6,True,Low,True,False
OUT-002883,APT-004486,4.2,75.5,False,,True,False
OUT-002884,APT-004487,4.1,57.9,False,,True,True
OUT-002885,APT-004490,3.4,84.7,False,,True,False
OUT-002886,APT-004492,4.7,79.5,False,,True,False
OUT-002887,APT-004494,5.0,74.9,False,,True,False
OUT-002888,APT-004496,4.8,78.1,False,,True,False
OUT-002889,APT-004498,,89.2,False,,False,True
OUT-002890,APT-004499,,90.1,False,,False,False
OUT-002891,APT-004500,2.9,82.2,False,,False,True
OUT-002892,APT-004502,4.3,83.2,False,,True,False
OUT-002893,APT-004503,3.7,73.0,False,,True,False
OUT-002894,APT-004504,4.4,84.5,False,,False,True
OUT-002895,APT-004505,5.0,87.0,False,,True,False
OUT-002896,APT-004506,3.4,85.8,False,,True,True
OUT-002897,APT-004507,,77.8,False,,True,False
OUT-002898,APT-004509,5.0,82.9,False,,True,False
OUT-002899,APT-004510,3.7,76.6,False,,True,False
OUT-002900,APT-004513,5.0,67.4,False,,True,False
OUT-002901,APT-004514,5.0,83.2,False,,True,False
OUT-002902,APT-004517,2.9,75.8,False,,True,True
OUT-002903,APT-004518,4.4,78.9,False,,True,False
OUT-002904,APT-004519,3.0,86.4,False,,True,False
OUT-002905,APT-004520,4.7,96.6,False,,True,True
OUT-002906,APT-004521,5.0,94.2,False,,False,False
OUT-002907,APT-004523,,68.6,False,,True,False
OUT-002908,APT-004524,4.8,80.8,False,,True,False
OUT-002909,APT-004525,4.1,87.3,False,,True,True
OUT-002910,APT-004526,3.1,73.9,False,,True,False
OUT-002911,APT-004529,4.5,81.7,False,,False,True
OUT-002912,APT-004530,4.8,100.0,False,,False,False
OUT-002913,APT-004531,3.5,80.7,False,,True,False
OUT-002914,APT-004535,3.2,66.6,False,,True,False
OUT-002915,APT-004537,3.6,82.6,False,,True,True
OUT-002916,APT-004538,4.3,89.5,False,,True,True
OUT-002917,APT-004539,4.4,64.5,False,,True,False
OUT-002918,APT-004540,,80.0,False,,True,False
OUT-002919,APT-004541,4.0,93.7,False,,True,False
OUT-002920,APT-004542,3.4,81.7,False,,False,False
OUT-002921,APT-004543,3.8,88.8,False,,True,False
OUT-002922,APT-004545,5.0,85.4,False,,False,False
OUT-002923,APT-004546,3.2,90.3,False,,True,False
OUT-002924,APT-004548,4.4,89.2,False,,True,False
OUT-002925,APT-004549,3.1,88.5,False,,True,False
OUT-002926,APT-004552,5.0,80.5,False,,True,False
OUT-002927,APT-004553,3.8,59.7,False,,True,False
OUT-002928,APT-004554,3.7,92.6,False,,True,False
OUT-002929,APT-004555,5.0,85.8,False,,True,False
OUT-002930,APT-004558,,71.0,False,,True,False
OUT-002931,APT-004559,4.4,64.4,False,,True,False
OUT-002932,APT-004562,4.8,67.7,False,,True,True
OUT-002933,APT-004563,4.3,83.7,False,,True,False
OUT-002934,APT-004565,4.2,82.8,False,,False,False
OUT-002935,APT-004568,4.9,79.8,False,,True,False
OUT-002936,APT-004569,5.0,100.0,False,,False,False
OUT-002937,APT-004570,4.3,95.2,False,,True,False
OUT-002938,APT-004571,5.0,83.1,False,,True,False
OUT-002939,APT-004573,,72.8,False,,False,False
OUT-002940,APT-004574,3.4,83.4,False,,True,True
OUT-002941,APT-004575,4.7,73.3,False,,True,False
OUT-002942,APT-004577,3.9,65.4,False,,True,False
OUT-002943,APT-004578,,90.3,False,,True,True
OUT-002944,APT-004579,5.0,81.4,False,,True,False
OUT-002945,APT-004580,3.9,95.2,False,,True,False
OUT-002946,APT-004581,3.6,71.0,False,,True,False
OUT-002947,APT-004584,4.5,70.2,False,,True,False
OUT-002948,APT-004587,4.8,89.5,False,,True,False
OUT-002949,APT-004588,3.6,74.9,False,,False,False
OUT-002950,APT-004594,3.8,87.3,False,,True,False
OUT-002951,APT-004596,4.5,83.4,False,,True,False
OUT-002952,APT-004597,4.1,77.8,False,,True,False
OUT-002953,APT-004598,3.5,87.0,False,,True,True
OUT-002954,APT-004599,4.9,88.4,False,,True,False
OUT-002955,APT-004600,4.4,87.0,False,,True,True
OUT-002956,APT-004602,5.0,85.0,False,,True,False
OUT-002957,APT-004603,5.0,69.4,False,,True,False
OUT-002958,APT-004604,3.7,93.5,False,,True,False
OUT-002959,APT-004608,4.4,89.9,False,,True,False
OUT-002960,APT-004609,3.8,89.8,False,,True,False
OUT-002961,APT-004611,3.9,90.1,False,,True,False
OUT-002962,APT-004612,3.7,73.8,False,,True,False
OUT-002963,APT-004613,3.9,87.0,False,,True,True
OUT-002964,APT-004614,4.6,80.3,False,,True,False
OUT-002965,APT-004616,4.6,86.3,False,,True,False
OUT-002966,APT-004617,3.9,71.6,False,,True,True
OUT-002967,APT-004619,4.0,78.8,False,,False,False
OUT-002968,APT-004620,2.9,69.2,False,,True,False
OUT-002969,APT-004623,4.3,99.7,False,,True,True
OUT-002970,APT-004624,3.8,78.8,False,,True,False
OUT-002971,APT-004627,3.6,78.5,False,,True,False
OUT-002972,APT-004628,3.9,67.5,False,,True,True
OUT-002973,APT-004630,3.9,84.3,False,,True,False
OUT-002974,APT-004631,3.8,100.0,False,,True,True
OUT-002975,APT-004632,5.0,77.8,False,,False,False
OUT-002976,APT-004633,3.3,100.0,False,,True,False
OUT-002977,APT-004634,4.5,89.6,False,,True,True
OUT-002978,APT-004637,3.9,79.3,False,,False,False
OUT-002979,APT-004638,3.6,69.6,False,,True,False
OUT-002980,APT-004641,4.4,90.4,False,,True,False
OUT-002981,APT-004642,4.5,70.5,False,,True,True
OUT-002982,APT-004644,,67.8,False,,True,False
OUT-002983,APT-004645,4.0,90.5,False,,True,True
OUT-002984,APT-004646,3.4,71.3,False,,True,True
OUT-002985,APT-004648,3.8,80.3,False,,True,False
OUT-002986,APT-004649,4.5,79.7,False,,True,False
OUT-002987,APT-004650,3.5,94.0,False,,True,False
OUT-002988,APT-004651,3.5,85.4,False,,True,False
OUT-002989,APT-004654,4.2,78.5,False,,True,False
OUT-002990,APT-004655,3.2,79.9,False,,True,True
OUT-002991,APT-004657,4.8,84.4,False,,True,False
OUT-002992,APT-004659,5.0,95.7,False,,True,False
OUT-002993,APT-004660,,78.3,False,,True,False
OUT-002994,APT-004662,4.4,74.6,False,,True,False
OUT-002995,APT-004663,4.8,95.4,False,,True,False
OUT-002996,APT-004665,3.9,89.6,False,,False,False
OUT-002997,APT-004666,5.0,88.6,False,,False,False
OUT-002998,APT-004667,3.7,84.6,False,,False,False
OUT-002999,APT-004668,4.3,75.8,False,,True,False
OUT-003000,APT-004669,3.5,85.4,False,,True,False
OUT-003001,APT-004670,3.0,89.6,False,,True,False
OUT-003002,APT-004672,4.5,97.4,False,,True,False
OUT-003003,APT-004675,3.0,86.2,False,,True,True
OUT-003004,APT-004677,3.5,79.2,False,,True,False
OUT-003005,APT-004679,4.7,92.6,False,,True,True
OUT-003006,APT-004680,2.7,100.0,False,,False,False
OUT-003007,APT-004681,4.6,74.0,False,,True,True
OUT-003008,APT-004682,3.4,80.2,False,,True,False
OUT-003009,APT-004684,4.7,78.5,False,,True,False
OUT-003010,APT-004685,4.5,80.3,False,,True,False
OUT-003011,APT-004688,5.0,88.1,False,,True,False
OUT-003012,APT-004689,,83.4,False,,True,False
OUT-003013,APT-004691,4.6,84.5,False,,False,False
OUT-003014,APT-004692,3.5,86.6,False,,True,False
OUT-003015,APT-004693,5.0,86.2,False,,True,False
OUT-003016,APT-004695,4.5,79.4,False,,False,False
OUT-003017,APT-004696,4.6,73.9,False,,False,False
OUT-003018,APT-004697,,76.7,False,,True,False
OUT-003019,APT-004702,2.8,91.7,False,,True,True
OUT-003020,APT-004703,4.6,85.4,False,,True,False
OUT-003021,APT-004704,3.6,80.2,False,,True,False
OUT-003022,APT-004705,,87.4,False,,True,False
OUT-003023,APT-004706,5.0,66.4,False,,True,False
OUT-003024,APT-004708,3.5,81.4,False,,True,False
OUT-003025,APT-004709,,86.0,False,,True,False
OUT-003026,APT-004710,5.0,77.3,False,,True,True
OUT-003027,APT-004711,4.3,87.6,False,,True,True
OUT-003028,APT-004712,2.9,93.6,False,,True,False
OUT-003029,APT-004714,3.7,88.1,False,,False,False
OUT-003030,APT-004716,4.0,84.9,False,,True,False
OUT-003031,APT-004717,3.4,62.9,False,,True,False
OUT-003032,APT-004718,,87.5,False,,True,False
OUT-003033,APT-004719,4.1,89.5,False,,True,False
OUT-003034,APT-004720,3.1,78.0,False,,True,False
OUT-003035,APT-004721,,91.0,False,,True,True
OUT-003036,APT-004725,4.2,84.5,False,,True,False
OUT-003037,APT-004726,2.8,72.9,False,,False,False
OUT-003038,APT-004728,4.0,87.8,False,,True,False
OUT-003039,APT-004729,3.7,66.5,False,,True,True
OUT-003040,APT-004732,4.5,76.8,False,,True,False
OUT-003041,APT-004735,4.3,81.5,False,,False,False
OUT-003042,APT-004736,4.2,64.6,False,,True,False
OUT-003043,APT-004737,4.6,81.1,False,,True,False
OUT-003044,APT-004738,3.8,74.0,False,,True,False
OUT-003045,APT-004739,3.4,91.6,False,,True,True
OUT-003046,APT-004741,,66.7,False,,True,False
OUT-003047,APT-004742,4.6,94.0,False,,True,False
OUT-003048,APT-004743,4.1,83.1,False,,True,False
OUT-003049,APT-004744,3.5,73.2,False,,True,False
OUT-003050,APT-004745,4.2,100.0,False,,True,True
OUT-003051,APT-004751,3.3,83.1,False,,True,True
OUT-003052,APT-004752,5.0,76.4,False,,True,False
OUT-003053,APT-004754,5.0,82.1,False,,True,False
OUT-003054,APT-004755,3.6,85.0,False,,True,True
OUT-003055,APT-004756,3.1,52.4,False,,False,False
OUT-003056,APT-004759,4.6,71.7,False,,False,False
OUT-003057,APT-004761,4.0,82.2,False,,False,True
OUT-003058,APT-004764,3.8,84.9,False,,True,False
OUT-003059,APT-004766,4.1,77.2,False,,True,True
OUT-003060,APT-004767,5.0,87.8,False,,True,False
OUT-003061,APT-004768,3.4,73.8,False,,True,True
OUT-003062,APT-004770,3.5,68.8,False,,False,False
OUT-003063,APT-004771,3.6,84.7,False,,True,False
OUT-003064,APT-004772,5.0,76.3,False,,False,False
OUT-003065,APT-004774,5.0,96.0,False,,True,False
OUT-003066,APT-004775,,72.6,False,,True,True
OUT-003067,APT-004776,4.5,69.1,False,,True,False
OUT-003068,APT-004778,2.8,89.6,False,,False,False
OUT-003069,APT-004779,4.4,72.5,False,,True,False
OUT-003070,APT-004782,3.5,79.1,False,,True,False
OUT-003071,APT-004783,4.3,75.6,False,,True,False
OUT-003072,APT-004784,4.4,88.2,False,,True,False
OUT-003073,APT-004785,4.8,87.0,False,,True,True
OUT-003074,APT-004786,3.4,83.2,False,,True,False
OUT-003075,APT-004787,4.8,74.1,False,,True,False
OUT-003076,APT-004789,3.5,85.7,False,,True,False
OUT-003077,APT-004790,3.5,82.4,False,,True,False
OUT-003078,APT-004791,3.9,93.1,False,,True,False
OUT-003079,APT-004792,3.0,87.3,False,,False,False
OUT-003080,APT-004794,4.1,79.4,False,,True,False
OUT-003081,APT-004796,3.1,78.6,False,,True,False
OUT-003082,APT-004797,2.8,90.8,False,,True,False
OUT-003083,APT-004798,4.0,100.0,False,,True,False
OUT-003084,APT-004799,5.0,98.2,False,,True,False
OUT-003085,APT-004800,4.9,75.8,False,,True,True
OUT-003086,APT-004801,4.5,72.1,False,,True,True
OUT-003087,APT-004802,3.0,82.5,False,,True,True
OUT-003088,APT-004803,3.7,86.7,False,,True,False
OUT-003089,APT-004804,4.9,72.6,False,,True,True
OUT-003090,APT-004805,3.5,87.6,False,,True,False
OUT-003091,APT-004806,4.5,91.8,False,,True,False
OUT-003092,APT-004809,4.6,96.4,False,,True,True
OUT-003093,APT-004812,4.9,74.4,False,,True,True
OUT-003094,APT-004813,5.0,71.6,False,,True,False
OUT-003095,APT-004816,4.1,100.0,False,,True,False
OUT-003096,APT-004820,5.0,74.3,False,,False,False
OUT-003097,APT-004821,5.0,75.8,False,,True,False
OUT-003098,APT-004823,4.4,93.8,False,,True,True
OUT-003099,APT-004824,,76.0,False,,True,False
OUT-003100,APT-004826,3.9,80.0,False,,True,False
OUT-003101,APT-004828,3.5,80.0,False,,True,False
OUT-003102,APT-004832,,80.8,False,,True,False
OUT-003103,APT-004836,3.5,84.3,False,,True,True
OUT-003104,APT-004837,5.0,88.7,False,,True,False
OUT-003105,APT-004838,4.8,67.7,False,,True,False
OUT-003106,APT-004839,4.6,80.5,False,,True,False
OUT-003107,APT-004840,5.0,81.0,False,,True,True
OUT-003108,APT-004841,4.9,76.7,False,,True,False
OUT-003109,APT-004842,4.7,65.3,False,,True,True
OUT-003110,APT-004843,5.0,79.2,False,,True,False
OUT-003111,APT-004844,4.7,91.5,False,,True,True
OUT-003112,APT-004846,5.0,77.5,False,,False,False
OUT-003113,APT-004847,4.7,75.4,False,,True,False
OUT-003114,APT-004848,5.0,72.4,False,,True,False
OUT-003115,APT-004850,4.1,83.3,False,,True,False
OUT-003116,APT-004851,2.7,93.3,False,,True,False
OUT-003117,APT-004852,3.0,81.5,False,,True,False
OUT-003118,APT-004853,5.0,84.3,False,,True,False
OUT-003119,APT-004854,,82.4,False,,True,True
OUT-003120,APT-004857,4.4,95.7,False,,True,False
OUT-003121,APT-004859,4.5,85.2,False,,True,False
OUT-003122,APT-004861,,100.0,False,,True,False
OUT-003123,APT-004862,,82.3,False,,True,False
OUT-003124,APT-004863,4.5,64.2,False,,True,False
OUT-003125,APT-004866,3.8,89.4,False,,True,False
OUT-003126,APT-004868,4.8,83.8,False,,True,False
OUT-003127,APT-004869,4.2,82.1,False,,True,True
OUT-003128,APT-004870,3.7,68.2,False,,True,False
OUT-003129,APT-004871,4.4,83.4,False,,True,False
OUT-003130,APT-004872,4.3,82.5,False,,True,False
OUT-003131,APT-004874,2.8,92.0,False,,True,False
OUT-003132,APT-004876,3.3,85.3,False,,True,False
OUT-003133,APT-004878,4.5,69.0,False,,False,False
OUT-003134,APT-004883,5.0,79.9,False,,False,False
OUT-003135,APT-004885,3.0,83.9,False,,True,False
OUT-003136,APT-004886,3.9,88.7,False,,True,False
OUT-003137,APT-004887,3.5,54.0,False,,False,True
OUT-003138,APT-004888,4.0,85.4,False,,True,False
OUT-003139,APT-004890,4.9,95.0,False,,True,True
OUT-003140,APT-004891,4.4,83.2,False,,True,False
OUT-003141,APT-004893,4.6,82.9,False,,True,False
OUT-003142,APT-004896,5.0,76.0,False,,True,True
OUT-003143,APT-004899,3.9,78.0,False,,True,True
OUT-003144,APT-004903,4.3,78.3,False,,True,False
OUT-003145,APT-004904,4.5,88.6,False,,True,False
OUT-003146,APT-004905,3.6,94.5,False,,True,False
OUT-003147,APT-004906,4.3,74.5,False,,False,False
OUT-003148,APT-004907,3.9,100.0,False,,False,True
OUT-003149,APT-004908,4.9,82.2,False,,True,False
OUT-003150,APT-004909,4.3,84.5,False,,True,True
OUT-003151,APT-004910,3.7,79.8,False,,True,False
OUT-003152,APT-004912,3.5,82.6,False,,True,False
OUT-003153,APT-004913,5.0,78.7,False,,True,False
OUT-003154,APT-004914,5.0,82.6,False,,True,False
OUT-003155,APT-004915,4.5,78.8,False,,True,False
OUT-003156,APT-004917,4.2,94.6,False,,True,False
OUT-003157,APT-004919,1.3,73.8,False,,True,False
OUT-003158,APT-004921,3.8,92.7,False,,True,False
OUT-003159,APT-004923,4.4,100.0,False,,True,True
OUT-003160,APT-004924,3.5,85.0,False,,True,True
OUT-003161,APT-004925,2.9,90.8,False,,True,False
OUT-003162,APT-004926,,91.6,False,,True,False
OUT-003163,APT-004927,,79.4,False,,True,False
OUT-003164,APT-004929,,87.2,False,,True,False
OUT-003165,APT-004930,4.5,76.1,False,,True,False
OUT-003166,APT-004931,,85.6,False,,True,False
OUT-003167,APT-004933,5.0,75.9,False,,True,False
OUT-003168,APT-004934,4.1,78.6,False,,True,False
OUT-003169,APT-004935,4.7,80.2,False,,False,False
OUT-003170,APT-004936,,77.8,False,,True,True
OUT-003171,APT-004937,4.8,99.9,False,,True,True
OUT-003172,APT-004938,4.7,77.3,False,,True,True
OUT-003173,APT-004939,4.2,69.5,False,,True,False
OUT-003174,APT-004940,3.9,67.7,False,,True,False
OUT-003175,APT-004941,4.4,79.6,False,,True,False
OUT-003176,APT-004943,4.7,98.9,False,,True,False
OUT-003177,APT-004944,4.8,88.8,False,,True,False
OUT-003178,APT-004947,5.0,83.2,False,,True,False
OUT-003179,APT-004948,5.0,72.7,False,,True,False
OUT-003180,APT-004951,5.0,60.8,False,,True,True
OUT-003181,APT-004952,5.0,99.3,False,,False,False
OUT-003182,APT-004956,3.7,76.9,False,,True,False
OUT-003183,APT-004957,4.0,86.9,False,,True,False
OUT-003184,APT-004958,5.0,82.7,False,,True,False
OUT-003185,APT-004959,5.0,96.9,False,,False,False
OUT-003186,APT-004961,4.9,93.3,False,,False,False
OUT-003187,APT-004962,3.2,74.1,False,,True,True
OUT-003188,APT-004963,3.8,83.2,False,,True,False
OUT-003189,APT-004966,4.7,95.9,False,,False,True
OUT-003190,APT-004967,3.9,98.7,False,,True,False
OUT-003191,APT-004970,3.6,68.4,False,,False,False
OUT-003192,APT-004973,4.7,86.3,False,,True,True
OUT-003193,APT-004974,4.1,76.8,False,,True,False
OUT-003194,APT-004978,3.5,94.2,False,,True,True
OUT-003195,APT-004979,,63.7,False,,True,False
OUT-003196,APT-004980,3.9,67.8,False,,True,True
OUT-003197,APT-004982,4.2,75.5,False,,True,True
OUT-003198,APT-004985,3.7,81.9,False,,True,False
OUT-003199,APT-004986,4.5,84.3,False,,True,True
OUT-003200,APT-004988,3.2,90.8,False,,True,False
OUT-003201,APT-004990,5.0,83.2,False,,True,True
OUT-003202,APT-004991,5.0,81.7,False,,True,False
OUT-003203,APT-004997,4.5,91.2,False,,True,False
OUT-003204,APT-005000,3.5,72.4,False,,True,False
OUT-003205,APT-005002,,100.0,False,,False,False
OUT-003206,APT-005003,4.4,73.8,False,,True,True
OUT-003207,APT-005005,4.0,81.6,False,,True,False
OUT-003208,APT-005006,3.7,82.4,False,,False,False
OUT-003209,APT-005007,4.2,82.9,False,,True,False
OUT-003210,APT-005008,5.0,79.5,False,,True,True
OUT-003211,APT-005016,3.4,89.3,False,,True,True
OUT-003212,APT-005017,4.0,86.8,False,,True,False
OUT-003213,APT-005021,4.1,74.2,False,,True,False
OUT-003214,APT-005023,4.4,74.8,False,,True,False
OUT-003215,APT-005024,4.3,84.5,False,,True,False
OUT-003216,APT-005028,3.4,96.1,False,,True,False
OUT-003217,APT-005029,4.9,72.0,False,,True,True
OUT-003218,APT-005030,3.6,84.4,False,,True,False
OUT-003219,APT-005031,4.5,78.2,False,,True,True
OUT-003220,APT-005032,3.4,74.0,False,,True,False
OUT-003221,APT-005035,4.5,86.4,False,,True,False
OUT-003222,APT-005036,2.7,82.4,False,,True,False
OUT-003223,APT-005038,4.2,87.7,False,,True,False
OUT-003224,APT-005040,2.9,82.9,False,,True,False
OUT-003225,APT-005041,4.6,89.0,False,,True,True
OUT-003226,APT-005042,3.1,95.1,False,,True,False
OUT-003227,APT-005043,4.3,71.3,False,,True,True
OUT-003228,APT-005044,3.7,91.0,False,,True,False
OUT-003229,APT-005049,3.7,79.8,False,,False,False
OUT-003230,APT-005050,4.3,97.6,False,,True,False
OUT-003231,APT-005051,3.5,81.1,True,High,True,False
OUT-003232,APT-005053,4.4,94.0,False,,True,False
OUT-003233,APT-005054,4.7,86.7,False,,True,False
OUT-003234,APT-005055,4.5,84.8,False,,True,False
OUT-003235,APT-005056,3.6,80.0,False,,False,False
OUT-003236,APT-005057,4.2,90.1,False,,False,True
OUT-003237,APT-005059,,93.7,False,,True,False
OUT-003238,APT-005060,4.8,82.2,True,Low,True,False
OUT-003239,APT-005061,4.1,88.6,False,,True,True
OUT-003240,APT-005063,5.0,79.4,False,,True,False
OUT-003241,APT-005064,3.3,86.2,False,,True,False
OUT-003242,APT-005065,,95.4,False,,True,True
OUT-003243,APT-005068,3.9,78.0,False,,False,False
OUT-003244,APT-005069,4.0,86.0,False,,False,False
OUT-003245,APT-005072,,89.2,False,,True,True
OUT-003246,APT-005074,3.9,66.1,False,,False,False
OUT-003247,APT-005075,3.0,74.7,False,,True,False
OUT-003248,APT-005077,3.9,82.6,False,,True,False
OUT-003249,APT-005079,4.4,93.2,False,,True,False
OUT-003250,APT-005080,4.7,84.9,False,,True,False
OUT-003251,APT-005081,4.5,77.3,False,,True,False
OUT-003252,APT-005082,5.0,58.2,False,,True,False
OUT-003253,APT-005083,2.9,89.1,False,,True,False
OUT-003254,APT-005086,3.4,70.8,False,,True,True
OUT-003255,APT-005088,3.7,91.2,False,,True,False
OUT-003256,APT-005090,3.8,96.7,False,,True,True
OUT-003257,APT-005092,4.1,91.7,False,,True,False
OUT-003258,APT-005093,4.8,84.2,False,,True,False
OUT-003259,APT-005094,3.9,81.4,False,,True,False
OUT-003260,APT-005095,4.5,78.9,False,,True,False
OUT-003261,APT-005098,5.0,94.7,False,,True,False
OUT-003262,APT-005102,3.7,100.0,False,,True,False
OUT-003263,APT-005103,,81.4,False,,False,True
OUT-003264,APT-005104,4.5,68.5,False,,True,False
OUT-003265,APT-005105,3.2,90.3,False,,True,False
OUT-003266,APT-005106,5.0,90.9,False,,True,True
OUT-003267,APT-005107,3.8,86.6,False,,False,False
OUT-003268,APT-005108,4.0,87.6,False,,True,False
OUT-003269,APT-005109,3.6,95.0,False,,True,False
OUT-003270,APT-005110,3.6,88.3,False,,True,True
OUT-003271,APT-005111,4.1,81.1,False,,True,False
OUT-003272,APT-005112,4.8,79.6,False,,True,False
OUT-003273,APT-005113,4.8,97.4,False,,True,False
OUT-003274,APT-005114,3.1,74.0,False,,True,False
OUT-003275,APT-005116,,56.8,False,,True,True
OUT-003276,APT-005119,3.8,54.8,False,,False,False
OUT-003277,APT-005120,4.1,70.2,False,,False,False
OUT-003278,APT-005121,3.6,95.7,False,,True,False
OUT-003279,APT-005123,4.2,66.3,False,,False,False
OUT-003280,APT-005124,3.3,72.3,False,,True,True
OUT-003281,APT-005126,4.8,74.0,False,,True,True
OUT-003282,APT-005127,3.0,85.0,False,,False,False
OUT-003283,APT-005128,4.0,85.0,False,,True,False
OUT-003284,APT-005129,3.5,82.5,False,,True,True
OUT-003285,APT-005130,3.4,88.9,False,,True,False
OUT-003286,APT-005131,3.3,79.8,False,,True,False
OUT-003287,APT-005134,5.0,72.2,False,,True,False
OUT-003288,APT-005135,3.4,79.9,False,,True,False
OUT-003289,APT-005136,3.6,77.5,False,,False,False
OUT-003290,APT-005137,4.5,63.2,False,,True,True
OUT-003291,APT-005139,,62.1,False,,True,True
OUT-003292,APT-005140,,80.8,False,,True,False
OUT-003293,APT-005141,5.0,75.4,False,,True,False
OUT-003294,APT-005143,5.0,69.9,False,,True,False
OUT-003295,APT-005144,4.9,90.6,False,,True,False
OUT-003296,APT-005146,5.0,89.2,True,High,True,False
OUT-003297,APT-005147,4.2,78.8,True,High,True,False
OUT-003298,APT-005148,5.0,81.1,False,,False,False
OUT-003299,APT-005150,3.5,100.0,False,,True,True
OUT-003300,APT-005151,4.2,97.3,False,,True,False
OUT-003301,APT-005152,5.0,100.0,False,,True,False
OUT-003302,APT-005155,3.7,79.9,False,,True,False
OUT-003303,APT-005160,,81.8,False,,True,False
OUT-003304,APT-005162,3.4,73.9,False,,True,False
OUT-003305,APT-005164,4.8,86.3,False,,True,False
OUT-003306,APT-005166,,91.3,False,,True,False
OUT-003307,APT-005167,4.0,89.9,False,,False,False
OUT-003308,APT-005170,5.0,66.8,False,,True,False
OUT-003309,APT-005171,4.1,96.7,False,,True,False
OUT-003310,APT-005172,4.7,86.6,False,,True,False
OUT-003311,APT-005173,4.4,84.4,False,,True,False
OUT-003312,APT-005175,3.0,83.7,False,,True,False
OUT-003313,APT-005176,5.0,87.2,False,,True,True
OUT-003314,APT-005178,5.0,90.7,False,,True,False
OUT-003315,APT-005179,3.9,82.6,False,,True,False
OUT-003316,APT-005181,4.0,86.0,False,,True,False
OUT-003317,APT-005182,4.7,79.6,False,,True,False
OUT-003318,APT-005183,4.0,75.4,False,,True,False
OUT-003319,APT-005184,4.9,100.0,False,,False,False
OUT-003320,APT-005185,4.7,83.8,True,Low,True,False
OUT-003321,APT-005186,4.0,86.9,False,,True,False
OUT-003322,APT-005188,3.7,77.9,False,,True,True
OUT-003323,APT-005189,,81.7,True,Medium,True,True
OUT-003324,APT-005192,4.0,70.9,False,,True,True
OUT-003325,APT-005193,4.5,77.0,False,,True,False
OUT-003326,APT-005197,3.8,69.9,False,,True,False
OUT-003327,APT-005198,3.2,85.8,False,,True,False
OUT-003328,APT-005199,4.0,58.0,False,,True,True
OUT-003329,APT-005200,3.8,88.4,False,,True,False
OUT-003330,APT-005201,4.5,72.9,False,,False,False
OUT-003331,APT-005205,3.8,76.8,False,,True,False
OUT-003332,APT-005206,4.3,72.0,False,,True,False
OUT-003333,APT-005207,4.9,61.8,False,,False,False
OUT-003334,APT-005210,3.8,83.1,False,,True,False
OUT-003335,APT-005211,4.7,86.1,False,,True,False
OUT-003336,APT-005212,4.3,85.6,False,,True,False
OUT-003337,APT-005214,4.0,71.1,False,,True,False
OUT-003338,APT-005215,4.1,79.3,False,,True,False
OUT-003339,APT-005216,4.4,73.7,False,,True,False
OUT-003340,APT-005217,3.2,87.2,False,,True,False
OUT-003341,APT-005218,5.0,93.2,False,,False,False
OUT-003342,APT-005219,3.9,83.0,False,,True,False
OUT-003343,APT-005220,3.4,81.2,False,,False,False
OUT-003344,APT-005221,3.9,71.4,False,,True,True
OUT-003345,APT-005222,4.7,81.0,False,,True,False
OUT-003346,APT-005223,3.7,98.1,False,,False,False
OUT-003347,APT-005224,4.5,78.4,False,,True,False
OUT-003348,APT-005225,4.4,90.9,False,,True,False
OUT-003349,APT-005226,3.7,90.2,False,,True,False
OUT-003350,APT-005228,4.5,88.1,False,,True,False
OUT-003351,APT-005231,4.7,71.3,False,,True,False
OUT-003352,APT-005232,4.6,83.2,False,,True,False
OUT-003353,APT-005233,4.1,95.4,False,,False,True
OUT-003354,APT-005236,4.6,86.0,False,,True,False
OUT-003355,APT-005239,3.6,83.5,False,,True,False
OUT-003356,APT-005240,,65.0,False,,True,False
OUT-003357,APT-005241,3.7,68.8,False,,True,True
OUT-003358,APT-005244,4.0,78.3,False,,True,False
OUT-003359,APT-005246,3.4,78.6,False,,True,False
OUT-003360,APT-005248,4.6,89.6,False,,True,False
OUT-003361,APT-005249,3.1,89.1,False,,True,False
OUT-003362,APT-005250,3.8,81.8,False,,False,False
OUT-003363,APT-005251,3.7,71.1,False,,False,False
OUT-003364,APT-005253,5.0,83.5,False,,True,False
OUT-003365,APT-005255,4.0,66.1,False,,True,False
OUT-003366,APT-005257,2.9,79.5,False,,True,False
OUT-003367,APT-005260,4.0,91.1,False,,True,False
OUT-003368,APT-005262,5.0,74.6,False,,True,False
OUT-003369,APT-005265,5.0,83.6,False,,True,False
OUT-003370,APT-005266,,78.6,False,,True,False
OUT-003371,APT-005268,,81.3,False,,True,False
OUT-003372,APT-005270,3.1,89.2,False,,False,False
OUT-003373,APT-005271,4.4,92.6,False,,True,False
OUT-003374,APT-005272,4.9,84.7,False,,True,False
OUT-003375,APT-005274,4.4,74.6,False,,True,False
OUT-003376,APT-005275,3.5,97.2,False,,True,True
OUT-003377,APT-005277,4.8,79.4,False,,False,False
OUT-003378,APT-005278,5.0,86.8,False,,True,False
OUT-003379,APT-005280,4.2,84.0,False,,True,False
OUT-003380,APT-005281,3.9,75.3,False,,True,False
OUT-003381,APT-005284,4.0,67.7,False,,False,False
OUT-003382,APT-005286,,58.7,False,,True,False
OUT-003383,APT-005289,4.2,86.3,False,,True,False
OUT-003384,APT-005291,5.0,85.0,False,,False,False
OUT-003385,APT-005292,4.0,78.4,False,,True,False
OUT-003386,APT-005296,4.1,81.5,False,,True,False
OUT-003387,APT-005299,3.5,79.0,False,,True,False
OUT-003388,APT-005300,4.4,75.1,False,,True,True
OUT-003389,APT-005301,3.7,76.6,False,,True,False
OUT-003390,APT-005302,3.9,71.8,False,,True,False
OUT-003391,APT-005303,3.4,68.6,False,,True,False
OUT-003392,APT-005304,4.7,82.8,False,,False,False
OUT-003393,APT-005306,3.4,77.8,False,,True,False
OUT-003394,APT-005308,4.5,90.9,False,,True,False
OUT-003395,APT-005310,5.0,95.3,False,,True,False
OUT-003396,APT-005312,3.1,92.1,False,,False,False
OUT-003397,APT-005315,4.9,87.8,False,,True,False
OUT-003398,APT-005316,3.4,100.0,False,,True,False
OUT-003399,APT-005318,2.1,90.6,False,,True,False
OUT-003400,APT-005319,4.6,70.9,False,,True,False
OUT-003401,APT-005320,4.2,97.3,False,,False,True
OUT-003402,APT-005323,4.7,68.3,False,,True,False
OUT-003403,APT-005325,4.2,90.9,False,,True,False
OUT-003404,APT-005326,4.2,88.4,False,,True,False
OUT-003405,APT-005327,3.7,88.5,False,,True,False
OUT-003406,APT-005328,3.9,71.5,False,,True,False
OUT-003407,APT-005331,3.8,74.7,False,,True,False
OUT-003408,APT-005332,4.5,90.2,False,,True,True
OUT-003409,APT-005333,4.6,66.6,False,,True,False
OUT-003410,APT-005334,3.9,89.3,False,,True,True
OUT-003411,APT-005336,3.0,68.8,False,,True,True
OUT-003412,APT-005338,5.0,96.0,False,,True,False
OUT-003413,APT-005339,4.6,72.1,False,,True,False
OUT-003414,APT-005340,,78.6,False,,False,False
OUT-003415,APT-005341,4.3,67.4,False,,True,False
OUT-003416,APT-005342,4.8,80.9,False,,True,True
OUT-003417,APT-005343,,87.0,False,,True,True
OUT-003418,APT-005350,3.5,84.1,False,,True,False
OUT-003419,APT-005352,,93.0,False,,True,True
OUT-003420,APT-005355,5.0,84.2,False,,True,False
OUT-003421,APT-005356,5.0,70.8,False,,True,False
OUT-003422,APT-005358,4.4,76.8,False,,False,False
OUT-003423,APT-005359,,96.9,False,,True,False
OUT-003424,APT-005360,2.8,73.8,False,,True,True
OUT-003425,APT-005364,4.2,100.0,False,,True,True
OUT-003426,APT-005365,3.8,73.1,False,,True,True
OUT-003427,APT-005366,3.6,69.4,False,,True,False
OUT-003428,APT-005368,5.0,78.5,False,,True,True
OUT-003429,APT-005369,4.5,85.6,False,,True,False
OUT-003430,APT-005371,4.3,81.0,False,,True,False
OUT-003431,APT-005372,4.3,72.9,False,,True,True
OUT-003432,APT-005373,4.5,98.8,False,,True,False
OUT-003433,APT-005376,3.9,79.0,False,,True,False
OUT-003434,APT-005377,2.6,88.3,False,,True,False
OUT-003435,APT-005380,4.6,79.9,False,,False,False
OUT-003436,APT-005382,3.8,61.0,False,,True,False
OUT-003437,APT-005384,4.3,86.3,False,,True,False
OUT-003438,APT-005385,4.4,95.7,False,,True,True
OUT-003439,APT-005386,5.0,82.8,False,,False,False
OUT-003440,APT-005387,3.5,97.4,False,,True,False
OUT-003441,APT-005390,3.4,71.5,False,,True,False
OUT-003442,APT-005391,4.0,89.2,False,,True,True
OUT-003443,APT-005392,3.6,98.5,False,,True,True
OUT-003444,APT-005393,3.8,84.1,False,,True,True
OUT-003445,APT-005394,2.8,82.9,False,,True,False
OUT-003446,APT-005395,5.0,87.7,False,,True,False
OUT-003447,APT-005396,4.0,83.0,False,,True,False
OUT-003448,APT-005397,4.3,84.9,False,,False,False
OUT-003449,APT-005398,3.9,81.0,False,,True,False
OUT-003450,APT-005399,3.5,82.5,False,,True,False
OUT-003451,APT-005400,3.7,77.2,False,,False,False
OUT-003452,APT-005401,2.3,70.8,False,,True,False
OUT-003453,APT-005402,4.5,56.3,False,,True,False
OUT-003454,APT-005403,5.0,86.8,False,,True,False
OUT-003455,APT-005404,3.4,100.0,False,,True,False
OUT-003456,APT-005406,3.6,89.0,True,Medium,True,False
OUT-003457,APT-005407,3.5,93.5,False,,True,True
OUT-003458,APT-005408,4.8,92.7,False,,True,False
OUT-003459,APT-005409,4.7,90.3,False,,True,True
OUT-003460,APT-005410,3.1,92.4,False,,True,False
OUT-003461,APT-005411,4.0,80.0,False,,True,False
OUT-003462,APT-005413,2.8,75.7,False,,True,False
OUT-003463,APT-005415,3.9,89.9,False,,True,False
OUT-003464,APT-005416,3.9,82.6,False,,True,False
OUT-003465,APT-005418,,73.5,False,,True,False
OUT-003466,APT-005419,5.0,76.7,False,,True,False
OUT-003467,APT-005421,3.5,72.4,False,,True,True
OUT-003468,APT-005422,2.9,63.6,False,,True,False
OUT-003469,APT-005423,5.0,88.1,False,,True,False
OUT-003470,APT-005424,5.0,87.6,False,,True,False
OUT-003471,APT-005426,4.5,71.7,False,,True,False
OUT-003472,APT-005428,3.5,98.1,False,,True,False
OUT-003473,APT-005430,4.1,92.5,False,,True,False
OUT-003474,APT-005431,3.7,92.8,False,,True,False
OUT-003475,APT-005433,4.8,92.9,False,,False,False
OUT-003476,APT-005435,3.0,63.7,False,,True,False
OUT-003477,APT-005436,3.8,100.0,False,,True,False
OUT-003478,APT-005438,5.0,85.4,False,,True,False
OUT-003479,APT-005440,4.1,68.4,False,,True,False
OUT-003480,APT-005441,2.8,57.8,False,,True,False
OUT-003481,APT-005442,4.3,87.5,False,,True,False
OUT-003482,APT-005443,4.1,81.0,False,,True,False
OUT-003483,APT-005444,,70.0,False,,True,False
OUT-003484,APT-005446,5.0,64.2,False,,True,False
OUT-003485,APT-005448,4.9,69.0,False,,True,False
OUT-003486,APT-005449,5.0,83.7,False,,False,False
OUT-003487,APT-005450,3.9,86.7,False,,True,True
OUT-003488,APT-005451,4.2,74.8,False,,True,True
OUT-003489,APT-005452,4.4,76.5,False,,False,False
OUT-003490,APT-005453,3.8,68.5,False,,True,True
OUT-003491,APT-005457,4.6,97.0,False,,True,True
OUT-003492,APT-005458,4.7,90.2,False,,True,False
OUT-003493,APT-005460,4.8,85.2,False,,True,True
OUT-003494,APT-005463,3.2,78.7,False,,True,False
OUT-003495,APT-005464,3.7,87.5,False,,True,False
OUT-003496,APT-005466,,91.9,False,,True,False
OUT-003497,APT-005467,4.8,93.2,True,Medium,True,False
OUT-003498,APT-005468,4.1,82.5,False,,True,False
OUT-003499,APT-005469,3.6,97.3,False,,True,False
OUT-003500,APT-005470,4.1,100.0,False,,True,False
OUT-003501,APT-005471,4.6,75.7,False,,True,False
OUT-003502,APT-005472,4.5,83.1,False,,True,False
OUT-003503,APT-005473,4.3,94.9,False,,True,True
OUT-003504,APT-005474,4.8,93.3,False,,True,False
OUT-003505,APT-005475,5.0,81.6,False,,True,False
OUT-003506,APT-005476,4.1,41.0,False,,True,False
OUT-003507,APT-005477,3.3,98.5,False,,True,False
OUT-003508,APT-005480,3.2,63.1,False,,False,False
OUT-003509,APT-005483,3.3,80.2,False,,False,False
OUT-003510,APT-005484,4.1,66.7,False,,True,False
OUT-003511,APT-005486,5.0,82.1,False,,True,True
OUT-003512,APT-005487,4.6,91.0,False,,True,False
OUT-003513,APT-005488,3.3,100.0,False,,True,False
OUT-003514,APT-005489,3.0,61.6,False,,True,True
OUT-003515,APT-005492,4.1,91.9,False,,True,False
OUT-003516,APT-005493,4.3,99.2,False,,False,False
OUT-003517,APT-005494,4.8,62.4,False,,False,False
OUT-003518,APT-005495,4.6,94.1,False,,False,False
OUT-003519,APT-005496,3.4,80.5,False,,True,False
OUT-003520,APT-005499,,74.1,False,,False,False
OUT-003521,APT-005500,4.0,70.1,False,,True,False
OUT-003522,APT-005502,5.0,75.0,False,,True,False
OUT-003523,APT-005504,4.0,88.9,False,,True,True
OUT-003524,APT-005505,4.6,69.7,False,,True,False
OUT-003525,APT-005506,3.8,84.6,False,,True,False
OUT-003526,APT-005507,4.0,89.7,False,,True,False
OUT-003527,APT-005508,4.2,97.5,False,,True,True
OUT-003528,APT-005510,3.9,64.7,False,,True,True
OUT-003529,APT-005512,5.0,80.4,False,,True,False
OUT-003530,APT-005513,4.1,87.9,False,,True,False
OUT-003531,APT-005514,3.9,73.9,False,,True,False
OUT-003532,APT-005515,3.7,93.0,False,,True,True
OUT-003533,APT-005517,4.1,81.3,False,,True,True
OUT-003534,APT-005519,3.8,94.6,False,,True,True
OUT-003535,APT-005521,,87.7,False,,True,False
OUT-003536,APT-005524,,83.0,False,,True,False
OUT-003537,APT-005525,5.0,90.9,False,,True,True
OUT-003538,APT-005527,2.8,74.1,False,,True,False
OUT-003539,APT-005530,4.0,83.9,False,,False,False
OUT-003540,APT-005532,4.3,88.4,False,,True,False
OUT-003541,APT-005534,4.5,87.6,False,,True,False
OUT-003542,APT-005535,5.0,94.0,False,,True,True
OUT-003543,APT-005539,3.2,100.0,False,,True,False
OUT-003544,APT-005540,,100.0,False,,True,False
OUT-003545,APT-005541,4.7,78.4,False,,True,False
OUT-003546,APT-005543,,74.5,False,,True,True
OUT-003547,APT-005544,5.0,66.2,False,,True,False
OUT-003548,APT-005546,3.0,89.9,False,,False,False
OUT-003549,APT-005548,4.0,78.5,False,,True,False
OUT-003550,APT-005549,,89.1,False,,True,False
OUT-003551,APT-005551,3.9,74.0,False,,True,False
OUT-003552,APT-005553,,69.2,False,,True,False
OUT-003553,APT-005554,4.8,84.3,False,,True,False
OUT-003554,APT-005555,4.2,65.4,False,,True,False
OUT-003555,APT-005556,4.0,72.8,False,,True,False
OUT-003556,APT-005557,4.7,63.6,False,,True,False
OUT-003557,APT-005559,5.0,89.3,False,,False,False
OUT-003558,APT-005560,4.0,73.6,False,,False,False
OUT-003559,APT-005561,,88.7,False,,False,False
OUT-003560,APT-005562,4.9,75.5,False,,True,False
OUT-003561,APT-005563,5.0,90.9,False,,True,True
OUT-003562,APT-005564,4.5,83.6,False,,True,False
OUT-003563,APT-005567,,96.2,False,,True,False
OUT-003564,APT-005568,4.9,67.1,False,,True,False
OUT-003565,APT-005571,4.3,84.9,False,,True,False
OUT-003566,APT-005572,4.4,73.1,False,,True,False
OUT-003567,APT-005574,4.8,76.0,False,,True,False
OUT-003568,APT-005575,4.6,85.9,False,,True,False
OUT-003569,APT-005577,4.3,100.0,False,,True,False
OUT-003570,APT-005578,4.5,100.0,False,,True,False
OUT-003571,APT-005579,4.6,84.0,False,,True,False
OUT-003572,APT-005581,,75.8,False,,True,False
OUT-003573,APT-005583,4.0,69.5,False,,True,False
OUT-003574,APT-005585,4.2,68.1,False,,True,True
OUT-003575,APT-005587,4.8,82.1,False,,True,False
OUT-003576,APT-005589,,74.9,False,,False,False
OUT-003577,APT-005591,4.3,86.3,False,,True,False
OUT-003578,APT-005593,3.4,69.2,False,,True,False
OUT-003579,APT-005595,4.3,72.4,False,,True,False
OUT-003580,APT-005596,3.4,82.4,False,,True,False
OUT-003581,APT-005597,3.8,73.6,False,,True,False
OUT-003582,APT-005600,,79.3,False,,True,False
OUT-003583,APT-005603,3.0,69.8,False,,True,False
OUT-003584,APT-005604,,90.0,False,,True,False
OUT-003585,APT-005607,4.0,74.6,False,,False,False
OUT-003586,APT-005609,4.6,78.1,False,,True,False
OUT-003587,APT-005612,2.6,93.0,False,,True,False
OUT-003588,APT-005613,5.0,81.1,False,,True,False
OUT-003589,APT-005619,4.1,86.6,False,,True,False
OUT-003590,APT-005620,4.6,75.5,False,,True,False
OUT-003591,APT-005621,3.9,71.2,False,,True,True
OUT-003592,APT-005623,4.7,97.9,False,,True,False
OUT-003593,APT-005625,3.9,80.7,False,,True,False
OUT-003594,APT-005626,4.0,91.3,False,,True,False
OUT-003595,APT-005627,5.0,82.8,False,,True,True
OUT-003596,APT-005628,3.5,81.3,False,,True,False
OUT-003597,APT-005629,5.0,79.6,False,,True,False
OUT-003598,APT-005631,,77.8,False,,True,False
OUT-003599,APT-005632,3.3,71.0,False,,True,False
OUT-003600,APT-005633,,97.6,False,,True,False
OUT-003601,APT-005634,3.7,74.3,True,High,True,False
OUT-003602,APT-005635,2.8,79.7,False,,True,False
OUT-003603,APT-005638,3.5,81.4,False,,True,True
OUT-003604,APT-005640,4.9,68.3,False,,True,False
OUT-003605,APT-005641,4.7,86.5,False,,True,False
OUT-003606,APT-005642,,64.9,False,,True,False
OUT-003607,APT-005643,4.9,84.9,False,,True,False
OUT-003608,APT-005644,,83.1,False,,True,False
OUT-003609,APT-005647,4.9,87.0,False,,True,True
OUT-003610,APT-005652,4.8,73.4,False,,True,False
OUT-003611,APT-005653,5.0,84.0,False,,True,False
OUT-003612,APT-005654,4.7,82.3,False,,True,False
OUT-003613,APT-005656,3.5,56.4,False,,True,False
OUT-003614,APT-005659,4.5,84.6,False,,False,False
OUT-003615,APT-005661,4.0,84.3,False,,True,False
OUT-003616,APT-005663,4.1,81.4,False,,True,False
OUT-003617,APT-005664,4.7,82.6,False,,True,True
OUT-003618,APT-005666,3.9,76.7,False,,True,False
OUT-003619,APT-005667,4.1,85.5,False,,True,True
OUT-003620,APT-005669,4.3,90.0,False,,True,False
OUT-003621,APT-005670,4.6,69.2,False,,True,False
OUT-003622,APT-005671,4.4,68.1,False,,True,False
OUT-003623,APT-005674,,76.2,False,,True,False
OUT-003624,APT-005675,4.1,89.4,False,,True,False
OUT-003625,APT-005676,4.8,92.1,False,,True,True
OUT-003626,APT-005678,4.4,74.5,False,,True,False
OUT-003627,APT-005679,4.7,86.1,False,,True,False
OUT-003628,APT-005680,4.6,96.7,False,,True,True
OUT-003629,APT-005681,4.8,83.0,False,,True,True
OUT-003630,APT-005682,3.7,81.5,False,,True,False
OUT-003631,APT-005684,5.0,84.4,False,,True,False
OUT-003632,APT-005685,4.9,83.6,True,Low,False,False
OUT-003633,APT-005687,3.5,97.2,False,,True,False
OUT-003634,APT-005688,,89.7,False,,True,False
OUT-003635,APT-005690,4.0,85.9,False,,True,True
OUT-003636,APT-005691,5.0,97.5,False,,True,False
OUT-003637,APT-005692,4.6,96.1,False,,True,True
OUT-003638,APT-005693,3.6,85.8,False,,False,False
OUT-003639,APT-005694,4.1,82.9,False,,True,False
OUT-003640,APT-005695,5.0,71.5,False,,True,True
OUT-003641,APT-005696,3.4,80.9,False,,True,False
OUT-003642,APT-005697,3.1,78.0,False,,True,False
OUT-003643,APT-005698,4.6,72.4,False,,False,False
OUT-003644,APT-005699,4.7,78.6,False,,True,False
OUT-003645,APT-005700,,78.2,False,,True,False
OUT-003646,APT-005701,,79.9,False,,True,True
OUT-003647,APT-005702,4.7,56.3,False,,True,False
OUT-003648,APT-005703,3.3,73.3,False,,False,False
OUT-003649,APT-005705,3.6,74.4,False,,False,True
OUT-003650,APT-005706,4.0,70.8,False,,True,False
OUT-003651,APT-005708,3.4,84.2,False,,True,False
OUT-003652,APT-005709,3.1,78.8,False,,True,False
OUT-003653,APT-005710,3.9,71.4,False,,True,False
OUT-003654,APT-005711,4.2,81.2,True,Medium,False,True
OUT-003655,APT-005713,4.8,94.0,False,,True,False
OUT-003656,APT-005715,5.0,77.5,False,,True,False
OUT-003657,APT-005716,3.5,72.5,False,,True,True
OUT-003658,APT-005717,4.0,85.4,False,,True,False
OUT-003659,APT-005718,4.3,93.9,False,,True,False
OUT-003660,APT-005719,4.9,70.5,False,,True,False
OUT-003661,APT-005720,3.0,89.5,False,,True,False
OUT-003662,APT-005723,3.4,87.2,False,,True,False
OUT-003663,APT-005724,5.0,77.0,False,,True,False
OUT-003664,APT-005729,4.6,91.4,False,,True,False
OUT-003665,APT-005732,3.5,76.9,False,,True,False
OUT-003666,APT-005733,,82.8,False,,True,False
OUT-003667,APT-005735,5.0,95.3,False,,False,False
OUT-003668,APT-005741,2.5,83.4,False,,True,True
OUT-003669,APT-005742,4.0,86.3,False,,True,True
OUT-003670,APT-005743,3.6,84.6,False,,True,False
OUT-003671,APT-005756,4.4,100.0,False,,True,True
OUT-003672,APT-005759,3.7,78.4,False,,True,False
OUT-003673,APT-005761,4.9,60.3,False,,True,False
OUT-003674,APT-005763,4.3,97.5,False,,True,False
OUT-003675,APT-005764,4.7,87.2,False,,True,False
OUT-003676,APT-005767,4.6,85.1,False,,True,False
OUT-003677,APT-005769,4.1,66.7,False,,True,False
OUT-003678,APT-005775,4.6,62.5,False,,True,False
OUT-003679,APT-005777,4.7,84.1,False,,False,False
OUT-003680,APT-005780,5.0,95.4,False,,True,False
OUT-003681,APT-005781,4.3,73.1,False,,False,False
OUT-003682,APT-005782,3.7,84.1,False,,False,True
OUT-003683,APT-005783,4.6,78.2,False,,True,True
OUT-003684,APT-005785,5.0,72.8,False,,True,True
OUT-003685,APT-005786,4.5,75.2,False,,True,False
OUT-003686,APT-005787,4.5,57.3,False,,True,False
OUT-003687,APT-005788,4.9,79.6,False,,True,False
OUT-003688,APT-005789,5.0,68.0,False,,True,False
OUT-003689,APT-005791,4.9,79.4,False,,False,True
OUT-003690,APT-005792,4.1,96.3,False,,True,True
OUT-003691,APT-005794,4.0,85.8,False,,False,False
OUT-003692,APT-005795,5.0,75.9,False,,True,True
OUT-003693,APT-005796,3.5,81.6,False,,True,False
OUT-003694,APT-005798,5.0,92.5,False,,True,False
OUT-003695,APT-005801,4.4,88.6,False,,True,False
OUT-003696,APT-005805,4.6,86.8,False,,True,False
OUT-003697,APT-005808,4.3,70.2,False,,False,False
OUT-003698,APT-005809,4.2,94.6,False,,True,False
OUT-003699,APT-005810,3.3,95.2,False,,False,False
OUT-003700,APT-005811,5.0,86.4,True,High,False,False
OUT-003701,APT-005812,4.8,92.8,False,,True,False
OUT-003702,APT-005813,4.1,91.6,False,,True,False
OUT-003703,APT-005814,5.0,86.7,False,,True,False
OUT-003704,APT-005815,4.4,100.0,False,,True,False
OUT-003705,APT-005817,3.5,91.4,False,,True,False
OUT-003706,APT-005819,3.9,84.9,False,,True,True
OUT-003707,APT-005821,4.5,86.4,False,,True,False
OUT-003708,APT-005822,4.6,50.5,False,,True,False
OUT-003709,APT-005824,3.2,71.8,False,,False,True
OUT-003710,APT-005826,4.2,89.2,False,,True,False
OUT-003711,APT-005827,4.1,80.0,False,,True,True
OUT-003712,APT-005829,4.2,94.5,False,,False,False
OUT-003713,APT-005830,4.8,70.0,False,,True,False
OUT-003714,APT-005833,4.9,96.1,False,,True,False
OUT-003715,APT-005837,4.3,90.1,False,,True,False
OUT-003716,APT-005840,4.4,75.7,False,,True,False
OUT-003717,APT-005841,3.9,62.9,False,,True,False
OUT-003718,APT-005843,3.5,80.2,False,,True,True
OUT-003719,APT-005844,3.5,61.3,False,,False,False
OUT-003720,APT-005845,4.5,84.9,False,,True,False
OUT-003721,APT-005846,2.9,86.3,False,,False,False
OUT-003722,APT-005847,1.6,66.8,False,,True,False
OUT-003723,APT-005848,4.8,81.0,False,,True,False
OUT-003724,APT-005849,4.1,68.6,False,,False,False
OUT-003725,APT-005850,4.2,78.9,False,,True,False
OUT-003726,APT-005851,5.0,82.0,False,,True,False
OUT-003727,APT-005852,,91.4,False,,True,True
OUT-003728,APT-005853,4.0,86.4,False,,True,True
OUT-003729,APT-005854,3.6,84.8,False,,True,True
OUT-003730,APT-005856,4.1,66.1,False,,True,False
OUT-003731,APT-005857,4.5,78.7,False,,True,False
OUT-003732,APT-005858,5.0,76.3,False,,True,False
OUT-003733,APT-005860,3.9,78.5,False,,True,True
OUT-003734,APT-005861,4.3,69.8,False,,True,False
OUT-003735,APT-005862,5.0,60.2,False,,True,True
OUT-003736,APT-005864,3.5,50.6,False,,True,False
OUT-003737,APT-005865,4.3,76.9,False,,True,False
OUT-003738,APT-005866,3.4,75.5,False,,True,False
OUT-003739,APT-005867,4.2,72.4,False,,True,True
OUT-003740,APT-005868,4.6,69.7,False,,True,False
OUT-003741,APT-005869,3.0,73.7,False,,False,True
OUT-003742,APT-005875,4.6,95.2,False,,True,False
OUT-003743,APT-005876,4.5,90.0,False,,False,True
OUT-003744,APT-005878,4.7,84.7,False,,True,False
OUT-003745,APT-005879,4.2,79.5,False,,True,True
OUT-003746,APT-005881,5.0,82.2,False,,True,True
OUT-003747,APT-005882,4.3,79.1,False,,True,False
OUT-003748,APT-005883,4.3,87.3,False,,True,False
OUT-003749,APT-005884,4.6,81.5,False,,False,False
OUT-003750,APT-005885,4.2,89.6,False,,True,False
OUT-003751,APT-005886,4.4,78.1,False,,False,True
OUT-003752,APT-005889,3.3,91.8,False,,False,False
OUT-003753,APT-005890,4.5,81.7,False,,True,False
OUT-003754,APT-005892,4.9,96.0,False,,True,True
OUT-003755,APT-005894,4.9,72.2,False,,True,False
OUT-003756,APT-005895,5.0,80.8,False,,True,True
OUT-003757,APT-005896,4.4,73.5,False,,False,False
OUT-003758,APT-005897,3.8,70.1,False,,True,False
OUT-003759,APT-005898,4.9,88.2,False,,True,False
OUT-003760,APT-005899,4.9,84.4,False,,True,True
OUT-003761,APT-005904,3.9,76.9,False,,True,False
OUT-003762,APT-005906,5.0,75.9,False,,False,False
OUT-003763,APT-005909,4.0,79.4,False,,False,False
OUT-003764,APT-005910,4.4,89.8,False,,True,False
OUT-003765,APT-005911,5.0,84.3,False,,True,False
OUT-003766,APT-005912,4.4,100.0,False,,False,True
OUT-003767,APT-005913,,68.8,False,,True,False
OUT-003768,APT-005915,5.0,77.9,False,,True,False
OUT-003769,APT-005917,2.6,84.4,False,,False,True
OUT-003770,APT-005920,4.3,70.8,False,,True,False
OUT-003771,APT-005922,5.0,85.6,False,,False,False
OUT-003772,APT-005925,4.6,73.6,False,,True,False
OUT-003773,APT-005926,4.7,90.2,False,,True,False
OUT-003774,APT-005927,3.8,78.8,False,,True,True
OUT-003775,APT-005928,4.7,75.7,False,,True,True
OUT-003776,APT-005929,3.9,88.1,False,,True,False
OUT-003777,APT-005930,3.8,89.5,False,,True,False
OUT-003778,APT-005933,5.0,78.7,False,,True,False
OUT-003779,APT-005934,5.0,87.3,False,,True,False
OUT-003780,APT-005935,3.4,76.9,False,,True,False
OUT-003781,APT-005936,3.6,81.8,False,,True,False
OUT-003782,APT-005937,3.5,81.7,True,Medium,True,False
OUT-003783,APT-005941,,74.9,False,,False,False
OUT-003784,APT-005943,5.0,84.3,False,,True,True
OUT-003785,APT-005945,3.5,100.0,False,,True,False
OUT-003786,APT-005946,4.6,98.1,False,,True,False
OUT-003787,APT-005947,4.3,67.4,False,,False,False
OUT-003788,APT-005948,2.3,76.4,False,,True,False
OUT-003789,APT-005949,3.9,87.3,False,,True,False
OUT-003790,APT-005953,2.4,81.5,False,,True,False
OUT-003791,APT-005954,4.7,73.4,False,,True,False
OUT-003792,APT-005955,3.3,89.0,False,,True,False
OUT-003793,APT-005957,3.3,69.7,False,,True,False
OUT-003794,APT-005959,5.0,94.8,False,,False,False
OUT-003795,APT-005962,4.2,75.7,False,,True,False
OUT-003796,APT-005963,4.2,71.4,False,,True,False
OUT-003797,APT-005964,5.0,87.9,False,,True,False
OUT-003798,APT-005970,4.0,95.7,False,,True,False
OUT-003799,APT-005971,3.8,84.4,False,,True,False
OUT-003800,APT-005972,5.0,82.3,False,,True,True
OUT-003801,APT-005973,5.0,80.4,False,,True,True
OUT-003802,APT-005975,,95.4,False,,True,True
OUT-003803,APT-005976,4.6,73.9,False,,True,False
OUT-003804,APT-005977,3.8,75.4,False,,True,False
OUT-003805,APT-005979,3.0,96.1,False,,False,True
OUT-003806,APT-005980,4.5,74.6,False,,True,False
OUT-003807,APT-005981,4.5,77.0,False,,True,False
OUT-003808,APT-005982,5.0,100.0,False,,True,False
OUT-003809,APT-005985,,94.6,False,,True,True
OUT-003810,APT-005986,3.7,68.6,False,,True,False
OUT-003811,APT-005990,4.0,92.0,False,,True,True
OUT-003812,APT-005992,4.2,90.7,False,,True,True
OUT-003813,APT-005993,4.2,76.8,False,,True,False
OUT-003814,APT-005996,3.2,97.6,False,,True,False
OUT-003815,APT-005997,4.8,74.6,False,,False,True
OUT-003816,APT-005998,3.3,81.2,False,,True,False
OUT-003817,APT-005999,5.0,79.8,False,,True,False
OUT-003818,APT-006000,5.0,82.6,False,,False,False
OUT-003819,APT-006001,4.0,93.3,False,,False,True
OUT-003820,APT-006003,5.0,85.6,False,,True,False
OUT-003821,APT-006005,4.7,100.0,False,,False,False
OUT-003822,APT-006006,4.9,62.6,False,,True,True
OUT-003823,APT-006007,4.2,74.6,False,,True,False
OUT-003824,APT-006008,3.6,76.0,False,,True,False
OUT-003825,APT-006009,4.3,72.6,False,,True,False
OUT-003826,APT-006010,4.8,57.6,False,,False,False
OUT-003827,APT-006011,3.3,62.6,False,,True,False
OUT-003828,APT-006013,3.7,83.5,False,,False,False
OUT-003829,APT-006014,3.7,89.6,False,,False,False
OUT-003830,APT-006015,4.7,84.8,False,,True,False
OUT-003831,APT-006016,4.6,85.4,False,,True,False
OUT-003832,APT-006017,3.9,70.8,False,,True,True
OUT-003833,APT-006019,3.7,76.9,False,,True,False
OUT-003834,APT-006020,4.9,68.5,False,,True,False
OUT-003835,APT-006021,4.7,77.2,False,,True,False
OUT-003836,APT-006022,3.9,87.0,False,,True,False
OUT-003837,APT-006025,1.7,75.2,False,,True,False
OUT-003838,APT-006027,3.2,94.7,False,,True,False
OUT-003839,APT-006029,4.0,74.9,False,,False,False
OUT-003840,APT-006030,3.9,82.2,False,,True,False
OUT-003841,APT-006031,5.0,83.2,False,,True,False
OUT-003842,APT-006032,3.3,92.6,False,,True,True
OUT-003843,APT-006034,4.3,90.5,False,,True,False
OUT-003844,APT-006036,3.6,76.1,False,,True,False
OUT-003845,APT-006037,4.4,81.1,False,,True,False
OUT-003846,APT-006038,,68.5,False,,True,False
OUT-003847,APT-006040,4.9,74.7,False,,True,False
OUT-003848,APT-006042,4.5,80.6,False,,True,False
OUT-003849,APT-006043,2.7,86.5,False,,True,True
OUT-003850,APT-006044,4.4,80.2,False,,False,False
OUT-003851,APT-006045,4.2,82.7,False,,True,False
OUT-003852,APT-006047,5.0,75.5,False,,False,False
OUT-003853,APT-006049,4.9,83.9,False,,False,False
OUT-003854,APT-006050,,79.7,False,,True,True
OUT-003855,APT-006053,5.0,89.8,False,,True,True
OUT-003856,APT-006054,4.6,83.8,False,,True,False
OUT-003857,APT-006055,4.7,99.0,False,,True,False
OUT-003858,APT-006058,4.4,84.2,False,,True,False
OUT-003859,APT-006059,2.1,65.7,False,,True,False
OUT-003860,APT-006060,5.0,83.8,False,,False,True
OUT-003861,APT-006062,4.0,76.8,False,,True,False
OUT-003862,APT-006063,4.3,89.9,False,,True,True
OUT-003863,APT-006065,3.9,68.6,False,,True,False
OUT-003864,APT-006066,4.2,86.5,False,,True,False
OUT-003865,APT-006068,5.0,81.0,False,,False,False
OUT-003866,APT-006069,4.7,62.4,False,,False,True
OUT-003867,APT-006070,4.1,81.0,True,Low,True,False
OUT-003868,APT-006073,4.4,76.6,False,,True,False
OUT-003869,APT-006074,2.7,78.7,False,,True,False
OUT-003870,APT-006075,4.1,75.6,False,,False,False
OUT-003871,APT-006076,5.0,75.0,False,,True,False
OUT-003872,APT-006079,4.6,74.8,False,,True,False
OUT-003873,APT-006081,3.7,85.7,False,,True,True
OUT-003874,APT-006082,3.0,73.9,False,,True,False
OUT-003875,APT-006083,5.0,85.2,False,,True,True
OUT-003876,APT-006084,4.1,88.8,False,,True,False
OUT-003877,APT-006085,4.2,86.2,False,,True,True
OUT-003878,APT-006087,,82.2,False,,True,False
OUT-003879,APT-006088,,77.8,True,High,True,False
OUT-003880,APT-006089,3.0,86.2,False,,True,False
OUT-003881,APT-006090,,83.8,False,,True,False
OUT-003882,APT-006092,3.8,80.0,False,,True,False
OUT-003883,APT-006095,3.6,60.3,False,,True,False
OUT-003884,APT-006096,4.2,87.9,False,,True,False
OUT-003885,APT-006097,4.1,83.8,False,,False,False
OUT-003886,APT-006098,3.5,99.8,False,,True,False
OUT-003887,APT-006099,5.0,83.0,False,,True,False
OUT-003888,APT-006100,3.8,81.3,False,,False,True
OUT-003889,APT-006101,4.6,91.9,False,,True,False
OUT-003890,APT-006102,4.0,69.0,False,,True,False
OUT-003891,APT-006104,3.7,66.1,False,,True,False
OUT-003892,APT-006105,4.2,71.7,False,,True,False
OUT-003893,APT-006110,3.7,77.8,False,,False,False
OUT-003894,APT-006111,4.1,82.6,False,,True,False
OUT-003895,APT-006112,4.2,78.8,False,,False,False
OUT-003896,APT-006113,4.5,64.5,False,,True,True
OUT-003897,APT-006115,4.3,71.9,False,,True,False
OUT-003898,APT-006117,4.0,85.9,False,,False,True
OUT-003899,APT-006118,3.4,78.8,False,,True,True
OUT-003900,APT-006120,5.0,67.2,False,,True,False
OUT-003901,APT-006124,3.3,74.9,False,,True,False
OUT-003902,APT-006129,4.8,79.3,False,,True,False
OUT-003903,APT-006130,4.2,87.2,False,,True,False
OUT-003904,APT-006131,,67.9,False,,True,False
OUT-003905,APT-006132,3.9,82.7,False,,True,False
OUT-003906,APT-006133,4.4,59.6,False,,True,False
OUT-003907,APT-006134,4.8,69.0,False,,True,False
OUT-003908,APT-006135,4.3,79.9,False,,True,True
OUT-003909,APT-006136,,89.4,False,,True,False
OUT-003910,APT-006139,3.9,73.7,False,,True,False
OUT-003911,APT-006140,5.0,87.0,False,,True,False
OUT-003912,APT-006141,5.0,83.1,False,,False,False
OUT-003913,APT-006143,5.0,95.5,False,,True,True
OUT-003914,APT-006145,4.5,90.7,False,,True,True
OUT-003915,APT-006146,4.6,90.1,False,,False,False
OUT-003916,APT-006148,3.9,82.8,False,,True,True
OUT-003917,APT-006149,3.3,83.1,False,,False,False
OUT-003918,APT-006150,3.8,75.9,False,,True,True
OUT-003919,APT-006151,4.0,88.5,False,,True,False
OUT-003920,APT-006154,,65.0,False,,False,False
OUT-003921,APT-006155,2.4,63.5,False,,True,False
OUT-003922,APT-006156,4.4,90.0,False,,True,False
OUT-003923,APT-006157,5.0,84.5,False,,True,True
OUT-003924,APT-006158,3.7,100.0,False,,True,False
OUT-003925,APT-006159,3.0,87.3,False,,True,False
OUT-003926,APT-006160,4.2,80.3,False,,True,True
OUT-003927,APT-006163,5.0,74.2,False,,True,False
OUT-003928,APT-006164,4.3,86.0,False,,False,False
OUT-003929,APT-006165,3.6,75.3,False,,True,False
OUT-003930,APT-006169,4.1,65.8,False,,False,False
OUT-003931,APT-006170,5.0,83.1,False,,True,False
OUT-003932,APT-006172,5.0,87.9,False,,True,False
OUT-003933,APT-006173,3.8,66.7,True,Medium,True,True
OUT-003934,APT-006174,5.0,84.4,False,,True,False
OUT-003935,APT-006175,3.2,100.0,False,,True,False
OUT-003936,APT-006183,5.0,72.3,False,,True,True
OUT-003937,APT-006185,4.7,86.4,False,,True,False
OUT-003938,APT-006188,,86.9,False,,True,False
OUT-003939,APT-006189,4.9,70.9,True,Medium,True,False
OUT-003940,APT-006190,5.0,73.6,False,,False,False
OUT-003941,APT-006191,4.1,85.3,False,,True,False
OUT-003942,APT-006197,2.7,73.5,False,,True,False
OUT-003943,APT-006198,3.8,97.8,False,,True,False
OUT-003944,APT-006199,4.3,72.1,False,,True,False
OUT-003945,APT-006202,3.7,83.2,False,,True,False
OUT-003946,APT-006203,4.8,100.0,True,Low,True,True
OUT-003947,APT-006205,3.2,85.0,False,,True,False
OUT-003948,APT-006206,5.0,94.6,False,,True,True
OUT-003949,APT-006212,4.3,85.2,False,,True,True
OUT-003950,APT-006213,3.8,93.9,False,,True,False
OUT-003951,APT-006214,5.0,71.0,False,,True,False
OUT-003952,APT-006215,4.6,75.3,False,,True,False
OUT-003953,APT-006216,4.1,79.2,False,,True,True
OUT-003954,APT-006221,3.6,89.2,False,,True,False
OUT-003955,APT-006222,4.5,74.5,False,,True,False
OUT-003956,APT-006223,4.9,86.1,False,,True,False
OUT-003957,APT-006226,5.0,90.7,False,,True,False
OUT-003958,APT-006228,3.9,91.9,False,,False,True
OUT-003959,APT-006229,3.5,96.6,False,,True,False
OUT-003960,APT-006230,,91.4,False,,True,False
OUT-003961,APT-006231,5.0,100.0,False,,True,False
OUT-003962,APT-006236,4.8,74.9,False,,True,False
OUT-003963,APT-006237,4.7,68.3,False,,False,True
OUT-003964,APT-006238,4.7,59.7,False,,True,False
OUT-003965,APT-006239,3.8,94.5,False,,True,False
OUT-003966,APT-006240,4.5,97.0,False,,False,False
OUT-003967,APT-006241,4.7,79.3,False,,True,True
OUT-003968,APT-006242,4.9,66.1,False,,True,True
OUT-003969,APT-006243,3.4,75.3,False,,True,False
OUT-003970,APT-006244,4.3,62.6,True,High,True,False
OUT-003971,APT-006245,4.3,91.9,False,,True,True
OUT-003972,APT-006246,3.9,89.2,False,,True,True
OUT-003973,APT-006247,4.6,91.1,False,,False,True
OUT-003974,APT-006251,5.0,74.2,False,,True,False
OUT-003975,APT-006252,4.9,88.2,False,,True,False
OUT-003976,APT-006253,5.0,56.1,False,,True,True
OUT-003977,APT-006255,4.6,61.8,False,,True,False
OUT-003978,APT-006256,3.4,68.3,False,,True,False
OUT-003979,APT-006257,2.8,73.5,False,,True,True
OUT-003980,APT-006258,4.6,83.5,False,,True,False
OUT-003981,APT-006259,4.6,84.2,False,,False,False
OUT-003982,APT-006263,4.7,85.8,False,,False,False
OUT-003983,APT-006264,4.6,66.9,False,,True,True
OUT-003984,APT-006265,4.5,82.5,False,,True,False
OUT-003985,APT-006266,2.9,87.5,False,,True,True
OUT-003986,APT-006270,3.4,87.7,True,Medium,True,True
OUT-003987,APT-006271,5.0,93.4,False,,True,False
OUT-003988,APT-006272,3.8,63.1,False,,True,False
OUT-003989,APT-006274,4.9,98.6,False,,True,False
OUT-003990,APT-006275,4.5,59.5,False,,True,False
OUT-003991,APT-006276,2.8,77.1,False,,True,False
OUT-003992,APT-006277,3.2,93.1,False,,True,False
OUT-003993,APT-006281,4.1,77.9,False,,False,False
OUT-003994,APT-006283,3.8,97.4,False,,True,False
OUT-003995,APT-006286,4.4,73.1,False,,True,True
OUT-003996,APT-006291,3.0,77.1,False,,True,False
OUT-003997,APT-006294,5.0,95.6,False,,True,False
OUT-003998,APT-006295,4.5,74.6,False,,True,False
OUT-003999,APT-006297,5.0,64.2,True,Medium,True,False
OUT-004000,APT-006299,5.0,68.9,False,,False,False
OUT-004001,APT-006301,,80.0,False,,True,False
OUT-004002,APT-006302,4.7,90.1,False,,True,False
OUT-004003,APT-006305,,92.6,False,,True,True
OUT-004004,APT-006307,3.3,82.5,False,,False,False
OUT-004005,APT-006309,,93.5,False,,True,False
OUT-004006,APT-006311,3.9,77.1,False,,True,True
OUT-004007,APT-006312,4.6,74.2,False,,True,False
OUT-004008,APT-006313,,81.6,False,,False,False
OUT-004009,APT-006314,3.5,78.9,False,,True,True
OUT-004010,APT-006315,5.0,95.4,False,,True,False
OUT-004011,APT-006318,3.6,74.3,False,,True,False
OUT-004012,APT-006319,3.0,71.6,False,,True,False
OUT-004013,APT-006320,3.6,73.1,False,,True,True
OUT-004014,APT-006321,4.3,71.7,False,,True,False
OUT-004015,APT-006322,4.0,73.0,False,,True,False
OUT-004016,APT-006323,4.1,73.5,False,,False,False
OUT-004017,APT-006325,,86.9,False,,True,False
OUT-004018,APT-006326,4.4,88.8,False,,False,False
OUT-004019,APT-006327,3.9,81.3,True,Low,True,True
OUT-004020,APT-006328,4.4,93.4,False,,True,False
OUT-004021,APT-006329,5.0,77.4,False,,True,False
OUT-004022,APT-006330,4.3,81.8,False,,False,False
OUT-004023,APT-006331,3.4,89.1,False,,True,True
OUT-004024,APT-006332,4.5,100.0,True,Medium,True,False
OUT-004025,APT-006333,4.6,99.0,False,,False,False
OUT-004026,APT-006334,3.8,79.2,False,,True,False
OUT-004027,APT-006335,3.5,58.1,False,,True,False
OUT-004028,APT-006338,4.7,88.4,False,,True,False
OUT-004029,APT-006340,4.7,73.5,False,,True,False
OUT-004030,APT-006341,4.9,82.3,False,,True,False
OUT-004031,APT-006343,3.8,95.8,False,,True,False
OUT-004032,APT-006344,3.5,67.1,False,,True,False
OUT-004033,APT-006345,3.5,94.4,False,,True,False
OUT-004034,APT-006346,4.7,74.3,False,,True,False
OUT-004035,APT-006347,4.6,99.2,False,,True,False
OUT-004036,APT-006350,4.1,80.6,False,,True,False
OUT-004037,APT-006351,,67.3,False,,True,False
OUT-004038,APT-006353,3.4,73.4,False,,True,False
OUT-004039,APT-006354,2.8,81.6,False,,True,False
OUT-004040,APT-006355,3.7,96.7,False,,True,False
OUT-004041,APT-006356,3.1,78.6,False,,True,False
OUT-004042,APT-006359,4.6,86.1,False,,True,False
OUT-004043,APT-006360,4.6,83.3,False,,True,False
OUT-004044,APT-006361,4.0,77.8,False,,True,False
OUT-004045,APT-006364,4.4,100.0,False,,True,False
OUT-004046,APT-006365,3.6,96.9,False,,True,False
OUT-004047,APT-006366,3.1,86.2,False,,False,False
OUT-004048,APT-006367,4.4,76.2,False,,True,True
OUT-004049,APT-006373,3.3,79.2,False,,True,False
OUT-004050,APT-006374,3.4,82.3,False,,True,True
OUT-004051,APT-006375,4.1,71.9,False,,True,False
OUT-004052,APT-006376,4.0,88.5,False,,True,False
OUT-004053,APT-006379,3.6,69.4,False,,True,False
OUT-004054,APT-006380,4.2,89.9,False,,True,False
OUT-004055,APT-006381,5.0,86.2,False,,True,False
OUT-004056,APT-006383,4.2,74.3,False,,True,True
OUT-004057,APT-006387,3.1,88.2,False,,False,False
OUT-004058,APT-006389,4.3,86.8,False,,False,False
OUT-004059,APT-006390,4.0,66.4,False,,True,True
OUT-004060,APT-006391,4.5,74.9,False,,True,True
OUT-004061,APT-006393,3.8,95.8,False,,True,False
OUT-004062,APT-006394,4.3,71.4,True,Low,True,True
OUT-004063,APT-006395,4.3,81.6,False,,True,False
OUT-004064,APT-006398,3.3,85.9,False,,True,False
OUT-004065,APT-006399,,100.0,False,,True,False
OUT-004066,APT-006401,4.4,76.1,False,,False,True
OUT-004067,APT-006402,3.7,82.2,False,,True,False
OUT-004068,APT-006403,4.4,89.2,False,,True,False
OUT-004069,APT-006405,4.3,78.8,False,,True,False
OUT-004070,APT-006406,3.8,90.3,False,,True,False
OUT-004071,APT-006409,3.9,83.3,False,,True,False
OUT-004072,APT-006410,4.3,71.3,False,,False,False
OUT-004073,APT-006411,3.6,100.0,False,,True,False
OUT-004074,APT-006412,4.5,100.0,False,,False,False
OUT-004075,APT-006414,3.6,86.1,False,,True,False
OUT-004076,APT-006416,4.4,90.5,False,,True,False
OUT-004077,APT-006418,4.4,84.4,False,,True,False
OUT-004078,APT-006420,4.1,100.0,True,Low,True,False
OUT-004079,APT-006422,4.3,64.0,True,High,True,False
OUT-004080,APT-006425,3.7,82.0,False,,True,False
OUT-004081,APT-006426,4.9,88.1,False,,True,False
OUT-004082,APT-006427,5.0,76.9,False,,True,False
OUT-004083,APT-006429,2.6,90.7,False,,True,False
OUT-004084,APT-006430,5.0,77.3,False,,True,False
OUT-004085,APT-006431,3.9,78.6,False,,True,False
OUT-004086,APT-006432,5.0,72.8,False,,False,False
OUT-004087,APT-006435,3.6,84.4,False,,True,False
OUT-004088,APT-006439,4.7,77.5,False,,True,False
OUT-004089,APT-006441,4.6,75.0,False,,True,True
OUT-004090,APT-006442,4.2,77.3,False,,True,False
OUT-004091,APT-006443,4.6,76.0,False,,False,False
OUT-004092,APT-006445,4.2,76.3,False,,True,False
OUT-004093,APT-006447,4.1,100.0,False,,True,True
OUT-004094,APT-006448,4.3,89.8,False,,True,False
OUT-004095,APT-006452,4.2,66.1,False,,True,False
OUT-004096,APT-006453,4.1,79.9,False,,True,False
OUT-004097,APT-006454,3.3,89.6,False,,True,False
OUT-004098,APT-006455,5.0,100.0,False,,True,False
OUT-004099,APT-006457,4.0,68.4,False,,True,False
OUT-004100,APT-006459,4.7,85.2,False,,False,False
OUT-004101,APT-006463,4.8,84.3,False,,True,False
OUT-004102,APT-006465,3.6,81.9,False,,False,False
OUT-004103,APT-006466,4.2,83.9,False,,False,True
OUT-004104,APT-006467,4.0,94.7,False,,True,False
OUT-004105,APT-006468,,80.1,False,,True,True
OUT-004106,APT-006469,5.0,69.2,False,,True,True
OUT-004107,APT-006471,4.8,84.6,False,,True,False
OUT-004108,APT-006472,3.4,84.3,False,,True,False
OUT-004109,APT-006473,3.2,74.9,False,,True,False
OUT-004110,APT-006474,4.3,63.6,False,,True,False
OUT-004111,APT-006476,4.7,74.8,False,,True,True
OUT-004112,APT-006478,4.4,83.3,False,,True,False
OUT-004113,APT-006479,4.0,67.3,False,,False,False
OUT-004114,APT-006480,5.0,87.6,False,,True,True
OUT-004115,APT-006481,4.5,85.4,False,,True,False
OUT-004116,APT-006483,3.0,75.8,False,,True,True
OUT-004117,APT-006484,4.2,59.2,False,,True,False
OUT-004118,APT-006485,3.5,98.1,False,,True,False
OUT-004119,APT-006486,4.4,88.6,False,,True,False
OUT-004120,APT-006487,4.8,87.9,False,,False,False
OUT-004121,APT-006488,4.2,78.4,False,,True,False
OUT-004122,APT-006489,3.8,79.6,False,,True,True
OUT-004123,APT-006490,4.0,69.1,False,,True,False
OUT-004124,APT-006492,5.0,66.0,False,,True,False
OUT-004125,APT-006494,2.6,86.4,True,Medium,True,False
OUT-004126,APT-006496,4.9,86.1,False,,True,False
OUT-004127,APT-006497,3.9,86.8,False,,True,False
OUT-004128,APT-006499,3.7,71.1,False,,True,False
OUT-004129,APT-006500,4.6,92.8,False,,True,True
OUT-004130,APT-006503,3.4,83.0,False,,False,False
OUT-004131,APT-006504,4.1,61.0,False,,True,False
OUT-004132,APT-006507,4.0,72.5,False,,True,False
OUT-004133,APT-006510,4.1,97.0,False,,True,False
OUT-004134,APT-006512,2.8,71.9,False,,True,False
OUT-004135,APT-006514,5.0,100.0,False,,True,False
OUT-004136,APT-006517,4.0,75.3,False,,True,False
OUT-004137,APT-006519,3.7,87.6,False,,False,True
OUT-004138,APT-006521,4.5,94.3,False,,True,False
OUT-004139,APT-006522,4.3,96.2,False,,True,False
OUT-004140,APT-006523,3.3,81.3,False,,True,True
OUT-004141,APT-006524,5.0,90.5,False,,True,False
OUT-004142,APT-006525,3.5,86.4,False,,True,False
OUT-004143,APT-006526,3.9,86.6,False,,True,False
OUT-004144,APT-006529,5.0,92.7,False,,True,False
OUT-004145,APT-006530,4.4,83.3,False,,True,False
OUT-004146,APT-006531,4.1,80.2,False,,True,False
OUT-004147,APT-006532,4.7,88.9,False,,True,False
OUT-004148,APT-006533,5.0,67.2,False,,True,True
OUT-004149,APT-006535,3.8,73.7,False,,True,False
OUT-004150,APT-006536,3.3,73.5,False,,True,False
OUT-004151,APT-006538,4.4,79.9,False,,True,False
OUT-004152,APT-006539,3.7,69.4,False,,True,False
OUT-004153,APT-006541,4.1,86.1,False,,True,False
OUT-004154,APT-006542,3.4,75.0,False,,True,True
OUT-004155,APT-006544,3.6,100.0,False,,True,False
OUT-004156,APT-006545,2.8,87.3,False,,True,True
OUT-004157,APT-006546,5.0,74.6,False,,True,False
OUT-004158,APT-006550,2.8,86.4,False,,True,False
OUT-004159,APT-006551,3.2,80.3,False,,True,False
OUT-004160,APT-006553,5.0,76.1,False,,True,True
OUT-004161,APT-006554,4.0,90.6,False,,True,False
OUT-004162,APT-006556,5.0,76.7,False,,True,False
OUT-004163,APT-006558,3.7,80.9,False,,True,False
OUT-004164,APT-006559,4.1,67.6,False,,True,False
OUT-004165,APT-006560,3.7,87.2,False,,False,True
OUT-004166,APT-006561,4.3,63.0,False,,False,False
OUT-004167,APT-006563,4.0,92.6,False,,True,False
OUT-004168,APT-006564,4.1,70.5,False,,True,True
OUT-004169,APT-006566,4.0,83.6,False,,True,False
OUT-004170,APT-006568,5.0,92.6,False,,True,False
OUT-004171,APT-006569,4.5,81.2,False,,True,False
OUT-004172,APT-006570,3.8,99.0,False,,True,False
OUT-004173,APT-006572,4.6,72.8,False,,True,False
OUT-004174,APT-006573,5.0,73.0,False,,True,False
OUT-004175,APT-006574,3.7,86.2,False,,True,False
OUT-004176,APT-006575,3.9,87.8,False,,True,False
OUT-004177,APT-006576,3.4,69.3,False,,True,False
OUT-004178,APT-006577,5.0,85.0,False,,True,False
OUT-004179,APT-006578,3.8,71.9,False,,True,False
OUT-004180,APT-006584,3.0,81.8,False,,True,False
OUT-004181,APT-006585,4.7,82.0,False,,True,False
OUT-004182,APT-006587,5.0,86.4,False,,False,False
OUT-004183,APT-006588,3.7,78.6,False,,True,False
OUT-004184,APT-006589,5.0,85.7,False,,True,False
OUT-004185,APT-006590,4.9,87.2,False,,True,False
OUT-004186,APT-006591,,97.0,False,,True,False
OUT-004187,APT-006595,2.8,91.2,False,,True,False
OUT-004188,APT-006596,5.0,83.6,False,,False,True
OUT-004189,APT-006600,3.3,91.9,False,,True,True
OUT-004190,APT-006603,3.3,76.4,False,,True,False
OUT-004191,APT-006605,4.9,90.4,False,,True,False
OUT-004192,APT-006607,4.4,90.2,False,,True,False
OUT-004193,APT-006608,3.9,79.9,False,,False,True
OUT-004194,APT-006610,5.0,63.4,False,,True,False
OUT-004195,APT-006611,4.2,97.9,False,,True,False
OUT-004196,APT-006614,3.9,92.5,False,,False,False
OUT-004197,APT-006615,4.7,72.9,False,,True,False
OUT-004198,APT-006616,3.1,68.6,False,,True,True
OUT-004199,APT-006617,4.6,79.5,False,,True,False
OUT-004200,APT-006618,4.1,75.4,True,Medium,True,False
OUT-004201,APT-006619,5.0,81.6,False,,True,False
OUT-004202,APT-006620,5.0,63.9,False,,True,False
OUT-004203,APT-006621,3.7,77.7,False,,True,False
OUT-004204,APT-006622,4.1,75.0,False,,True,False
OUT-004205,APT-006623,4.6,88.5,False,,True,False
OUT-004206,APT-006624,3.5,88.9,False,,False,False
OUT-004207,APT-006625,4.2,88.4,False,,True,True
OUT-004208,APT-006626,5.0,85.4,False,,True,False
OUT-004209,APT-006627,4.2,96.7,False,,True,False
OUT-004210,APT-006628,4.0,100.0,False,,True,True
OUT-004211,APT-006629,,100.0,False,,True,False
OUT-004212,APT-006630,4.2,59.3,False,,True,True
OUT-004213,APT-006631,4.6,68.6,False,,True,False
OUT-004214,APT-006632,4.3,98.9,False,,True,False
OUT-004215,APT-006634,5.0,94.4,False,,True,False
OUT-004216,APT-006635,4.6,67.1,False,,True,True
OUT-004217,APT-006636,3.7,91.0,False,,True,False
OUT-004218,APT-006639,4.2,83.4,False,,True,False
OUT-004219,APT-006641,3.8,88.5,False,,True,False
OUT-004220,APT-006642,4.2,97.5,False,,True,False
OUT-004221,APT-006644,5.0,80.5,False,,True,False
OUT-004222,APT-006645,3.8,79.9,False,,True,True
OUT-004223,APT-006650,,100.0,False,,False,True
OUT-004224,APT-006652,4.3,100.0,False,,True,True
OUT-004225,APT-006653,,85.1,False,,True,False
OUT-004226,APT-006656,4.4,73.1,False,,True,False
OUT-004227,APT-006658,5.0,87.8,False,,True,True
OUT-004228,APT-006662,3.2,71.8,False,,True,True
OUT-004229,APT-006663,3.5,70.5,False,,True,False
OUT-004230,APT-006664,3.3,80.6,False,,True,False
OUT-004231,APT-006666,4.1,85.6,False,,True,True
OUT-004232,APT-006667,4.0,92.0,False,,True,False
OUT-004233,APT-006668,4.3,78.2,False,,True,False
OUT-004234,APT-006669,,75.5,False,,True,False
OUT-004235,APT-006670,4.4,83.2,False,,True,False
OUT-004236,APT-006671,3.8,66.3,False,,True,False
OUT-004237,APT-006674,3.0,67.9,False,,True,False
OUT-004238,APT-006676,3.8,93.5,False,,True,True
OUT-004239,APT-006681,3.3,68.4,False,,True,False
OUT-004240,APT-006685,3.3,70.7,False,,True,False
OUT-004241,APT-006686,4.7,97.4,False,,True,False
OUT-004242,APT-006687,3.6,80.1,False,,True,False
OUT-004243,APT-006688,4.4,82.4,False,,True,True
OUT-004244,APT-006689,4.6,86.5,False,,False,True
OUT-004245,APT-006690,4.5,85.5,False,,True,False
OUT-004246,APT-006691,3.5,96.7,False,,True,True
OUT-004247,APT-006695,3.7,74.3,False,,True,False
OUT-004248,APT-006698,4.3,83.1,False,,True,False
OUT-004249,APT-006699,4.3,93.9,False,,True,False
OUT-004250,APT-006701,3.4,88.8,False,,True,False
OUT-004251,APT-006702,3.9,69.3,False,,False,False
OUT-004252,APT-006704,4.0,84.3,True,Low,True,False
OUT-004253,APT-006705,4.8,87.0,False,,True,False
OUT-004254,APT-006706,4.8,77.0,False,,False,False
OUT-004255,APT-006708,3.3,85.0,False,,True,False
OUT-004256,APT-006709,3.8,79.3,False,,True,False
OUT-004257,APT-006712,,94.4,False,,True,False
OUT-004258,APT-006713,3.9,75.9,False,,True,False
OUT-004259,APT-006715,5.0,75.5,False,,False,False
OUT-004260,APT-006716,4.9,68.7,False,,True,False
OUT-004261,APT-006719,3.2,65.9,False,,True,True
OUT-004262,APT-006720,5.0,70.0,False,,False,False
OUT-004263,APT-006721,5.0,89.6,False,,True,False
OUT-004264,APT-006722,4.9,86.1,False,,True,True
OUT-004265,APT-006724,3.9,79.3,False,,False,False
OUT-004266,APT-006726,4.1,82.2,False,,True,True
OUT-004267,APT-006728,3.4,92.0,False,,True,False
OUT-004268,APT-006729,4.7,69.0,False,,True,False
OUT-004269,APT-006730,3.9,82.4,False,,False,False
OUT-004270,APT-006731,5.0,83.7,False,,True,False
OUT-004271,APT-006732,4.5,93.2,False,,True,True
OUT-004272,APT-006733,3.6,83.9,False,,False,False
OUT-004273,APT-006735,5.0,68.3,False,,True,False
OUT-004274,APT-006737,4.4,93.1,False,,True,False
OUT-004275,APT-006739,5.0,65.3,False,,False,True
OUT-004276,APT-006741,4.1,81.6,False,,False,False
OUT-004277,APT-006742,4.5,85.5,False,,True,True
OUT-004278,APT-006744,4.9,71.3,False,,True,False
OUT-004279,APT-006746,4.3,93.6,False,,True,False
OUT-004280,APT-006748,3.7,64.5,False,,True,False
OUT-004281,APT-006750,2.8,81.5,False,,True,False
OUT-004282,APT-006751,,77.3,False,,True,False
OUT-004283,APT-006755,5.0,78.6,False,,True,False
OUT-004284,APT-006756,3.5,96.5,False,,True,False
OUT-004285,APT-006761,3.4,84.3,False,,True,False
OUT-004286,APT-006766,4.2,70.6,False,,True,False
OUT-004287,APT-006767,4.0,82.1,False,,True,True
OUT-004288,APT-006769,3.2,84.5,False,,True,False
OUT-004289,APT-006770,4.3,79.0,False,,True,False
OUT-004290,APT-006772,4.2,93.0,False,,False,False
OUT-004291,APT-006773,4.6,87.4,False,,True,False
OUT-004292,APT-006775,4.1,85.5,False,,True,False
OUT-004293,APT-006776,5.0,87.7,False,,True,False
OUT-004294,APT-006777,5.0,73.7,False,,True,False
OUT-004295,APT-006778,,77.6,False,,True,False
OUT-004296,APT-006779,4.3,69.9,False,,True,False
OUT-004297,APT-006780,4.6,79.0,False,,True,False
OUT-004298,APT-006781,3.5,85.8,False,,True,False
OUT-004299,APT-006782,,87.5,False,,True,False
OUT-004300,APT-006784,4.0,92.5,False,,True,False
OUT-004301,APT-006788,4.5,80.6,False,,False,True
OUT-004302,APT-006790,4.5,84.0,False,,True,False
OUT-004303,APT-006791,5.0,73.0,False,,True,False
OUT-004304,APT-006792,,93.0,False,,False,False
OUT-004305,APT-006793,5.0,90.2,False,,True,False
OUT-004306,APT-006794,5.0,100.0,False,,True,False
OUT-004307,APT-006796,3.3,100.0,False,,True,False
OUT-004308,APT-006797,4.1,97.3,False,,False,False
OUT-004309,APT-006798,4.8,88.4,False,,True,False
OUT-004310,APT-006800,2.5,72.7,False,,True,True
OUT-004311,APT-006802,3.9,72.6,False,,True,True
OUT-004312,APT-006803,4.8,81.0,False,,True,False
OUT-004313,APT-006805,5.0,84.2,False,,True,False
OUT-004314,APT-006807,4.6,66.6,False,,False,True
OUT-004315,APT-006809,,60.4,False,,False,False
OUT-004316,APT-006810,,72.1,False,,True,False
OUT-004317,APT-006812,3.3,67.7,False,,True,False
OUT-004318,APT-006813,4.4,67.4,False,,True,False
OUT-004319,APT-006816,3.8,92.9,False,,True,True
OUT-004320,APT-006817,3.4,78.6,False,,True,False
OUT-004321,APT-006820,4.8,81.3,False,,True,True
OUT-004322,APT-006821,5.0,84.3,False,,False,True
OUT-004323,APT-006823,3.5,77.1,False,,False,False
OUT-004324,APT-006824,3.7,90.4,False,,True,False
OUT-004325,APT-006826,4.0,85.2,False,,True,False
OUT-004326,APT-006827,5.0,71.3,False,,True,True
OUT-004327,APT-006830,5.0,73.4,False,,True,False
OUT-004328,APT-006832,4.4,92.7,False,,True,False
OUT-004329,APT-006833,5.0,77.9,False,,True,False
OUT-004330,APT-006835,3.5,100.0,False,,True,False
OUT-004331,APT-006837,4.8,74.1,False,,False,False
OUT-004332,APT-006838,3.9,75.7,False,,True,False
OUT-004333,APT-006839,,77.9,False,,True,False
OUT-004334,APT-006841,4.2,79.8,False,,False,False
OUT-004335,APT-006842,3.5,100.0,False,,False,False
OUT-004336,APT-006843,4.1,74.6,False,,True,True
OUT-004337,APT-006845,2.8,97.5,False,,True,False
OUT-004338,APT-006847,4.5,100.0,False,,True,False
OUT-004339,APT-006848,,73.5,False,,True,False
OUT-004340,APT-006849,4.6,83.5,False,,True,False
OUT-004341,APT-006851,4.9,88.3,False,,True,True
OUT-004342,APT-006852,3.5,91.9,False,,True,False
OUT-004343,APT-006853,5.0,84.8,False,,True,False
OUT-004344,APT-006854,2.6,81.5,False,,True,False
OUT-004345,APT-006855,3.5,86.4,False,,True,False
OUT-004346,APT-006856,3.7,94.8,False,,True,False
OUT-004347,APT-006858,4.7,73.4,False,,True,False
OUT-004348,APT-006860,4.9,87.5,False,,True,False
OUT-004349,APT-006861,5.0,74.7,False,,True,True
OUT-004350,APT-006864,4.8,84.4,False,,True,False
