request_id,requested_date,scheduled_date,completed_date,waiting_hours_to_schedule,waiting_days_to_schedule,sla_target_hours,sla_met_flag
REQ-000001,2025-08-01,2025-08-02,,29.3,1.22,168,True
REQ-000002,2025-08-01,2025-08-01,2025-08-01,20.5,0.86,168,True
REQ-000003,2025-08-01,2025-08-01,,21.2,0.88,168,True
REQ-000004,2025-08-01,2025-08-01,,14.7,0.61,218,True
REQ-000005,2025-08-01,2025-08-01,,20.8,0.87,31,True
REQ-000006,2025-08-01,2025-08-01,,13.4,0.56,79,True
REQ-000007,2025-08-01,2025-08-02,2025-08-02,27.8,1.16,31,True
REQ-000008,2025-08-01,2025-08-01,2025-08-01,5.7,0.24,24,True
REQ-000009,2025-08-01,2025-08-02,,45.0,1.87,185,True
REQ-000011,2025-08-01,2025-08-02,2025-08-02,44.9,1.87,218,True
REQ-000012,2025-08-01,2025-08-02,,32.9,1.37,168,True
REQ-000013,2025-08-01,2025-08-03,,68.8,2.87,79,True
REQ-000015,2025-08-01,2025-08-03,2025-08-03,50.3,2.09,218,True
REQ-000016,2025-08-01,2025-08-01,,4.8,0.2,72,True
REQ-000017,2025-08-01,2025-08-02,,27.7,1.15,218,True
REQ-000018,2025-08-01,2025-08-01,,5.6,0.23,31,True
REQ-000019,2025-08-01,2025-08-03,2025-08-03,53.0,2.21,72,True
REQ-000020,2025-08-01,2025-08-02,,28.0,1.17,72,True
REQ-000021,2025-08-01,2025-08-04,2025-08-04,76.2,3.18,185,True
REQ-000022,2025-08-01,2025-08-02,2025-08-02,39.6,1.65,218,True
REQ-000023,2025-08-02,2025-08-02,2025-08-02,16.7,0.69,72,True
REQ-000024,2025-08-02,2025-08-02,,13.0,0.54,79,True
REQ-000026,2025-08-02,2025-08-02,2025-08-02,11.7,0.49,185,True
REQ-000027,2025-08-02,2025-08-03,2025-08-03,41.7,1.74,168,True
REQ-000028,2025-08-02,2025-08-02,,4.1,0.17,4,False
REQ-000029,2025-08-02,2025-08-03,2025-08-03,27.7,1.16,72,True
REQ-000030,2025-08-02,2025-08-02,2025-08-02,2.1,0.09,168,True
REQ-000031,2025-08-02,2025-08-02,,22.4,0.93,168,True
REQ-000033,2025-08-02,2025-08-03,,27.9,1.16,168,True
REQ-000034,2025-08-03,2025-08-03,2025-08-03,9.0,0.37,24,True
REQ-000035,2025-08-03,2025-08-06,,79.5,3.31,185,True
REQ-000036,2025-08-03,2025-08-05,2025-08-05,56.4,2.35,79,True
REQ-000037,2025-08-03,2025-08-03,2025-08-03,11.9,0.5,72,True
REQ-000038,2025-08-03,2025-08-06,2025-08-06,87.3,3.64,185,True
REQ-000039,2025-08-03,2025-08-03,2025-08-03,7.2,0.3,24,True
REQ-000041,2025-08-03,2025-08-04,,39.2,1.63,218,True
REQ-000042,2025-08-03,2025-08-05,,68.2,2.84,79,True
REQ-000043,2025-08-04,2025-08-05,2025-08-05,26.7,1.11,218,True
REQ-000044,2025-08-04,2025-08-05,2025-08-05,31.3,1.3,24,False
REQ-000045,2025-08-04,2025-08-05,2025-08-05,35.6,1.48,218,True
REQ-000046,2025-08-04,2025-08-04,,17.6,0.73,94,True
REQ-000047,2025-08-04,2025-08-07,2025-08-07,77.1,3.21,94,True
REQ-000048,2025-08-04,2025-08-05,2025-08-05,27.9,1.16,79,True
REQ-000049,2025-08-04,2025-08-05,,30.8,1.28,79,True
REQ-000050,2025-08-04,2025-08-05,,32.3,1.35,168,True
REQ-000051,2025-08-04,2025-08-05,,30.8,1.28,185,True
REQ-000052,2025-08-04,2025-08-05,2025-08-05,25.5,1.06,94,True
REQ-000053,2025-08-04,2025-08-04,2025-08-04,14.6,0.61,79,True
REQ-000054,2025-08-04,2025-08-06,2025-08-06,65.4,2.72,168,True
REQ-000055,2025-08-04,2025-08-04,2025-08-04,16.0,0.67,79,True
REQ-000056,2025-08-04,2025-08-05,2025-08-05,30.5,1.27,72,True
REQ-000057,2025-08-04,2025-08-05,2025-08-05,36.9,1.54,94,True
REQ-000058,2025-08-04,2025-08-05,2025-08-05,30.5,1.27,24,False
REQ-000059,2025-08-04,2025-08-05,2025-08-05,27.0,1.13,168,True
REQ-000060,2025-08-04,2025-08-04,2025-08-04,21.5,0.9,72,True
REQ-000061,2025-08-04,2025-08-07,2025-08-07,77.2,3.22,72,False
REQ-000062,2025-08-04,2025-08-08,2025-08-08,97.1,4.05,185,True
REQ-000064,2025-08-04,2025-08-06,,66.9,2.79,168,True
REQ-000065,2025-08-04,2025-08-04,2025-08-04,14.0,0.58,5,False
REQ-000066,2025-08-04,2025-08-05,2025-08-05,28.4,1.18,218,True
REQ-000067,2025-08-04,2025-08-04,,6.3,0.26,72,True
REQ-000068,2025-08-04,2025-08-04,2025-08-04,9.6,0.4,94,True
REQ-000069,2025-08-05,2025-08-05,,3.5,0.14,218,True
REQ-000070,2025-08-05,2025-08-05,,20.2,0.84,168,True
REQ-000071,2025-08-05,2025-08-06,2025-08-06,29.6,1.23,5,False
REQ-000072,2025-08-05,2025-08-07,2025-08-07,51.9,2.16,24,False
REQ-000073,2025-08-05,2025-08-06,2025-08-06,27.3,1.14,185,True
REQ-000074,2025-08-05,2025-08-06,,25.1,1.05,79,True
REQ-000075,2025-08-05,2025-08-06,2025-08-06,29.7,1.24,72,True
REQ-000076,2025-08-05,2025-08-05,2025-08-05,16.1,0.67,168,True
REQ-000078,2025-08-05,2025-08-06,2025-08-06,27.5,1.15,94,True
REQ-000079,2025-08-05,2025-08-05,2025-08-05,17.7,0.74,24,True
REQ-000080,2025-08-05,2025-08-06,2025-08-06,30.3,1.26,168,True
REQ-000081,2025-08-05,2025-08-05,2025-08-05,9.1,0.38,24,True
REQ-000082,2025-08-05,2025-08-06,2025-08-06,44.4,1.85,4,False
REQ-000083,2025-08-05,2025-08-06,,35.1,1.46,168,True
REQ-000084,2025-08-05,2025-08-05,2025-08-05,22.7,0.95,26,True
REQ-000086,2025-08-05,2025-08-05,2025-08-05,17.7,0.74,218,True
REQ-000087,2025-08-05,2025-08-06,2025-08-06,24.0,1.0,94,True
REQ-000088,2025-08-05,2025-08-07,2025-08-07,50.6,2.11,185,True
REQ-000089,2025-08-05,2025-08-05,2025-08-05,4.9,0.2,185,True
REQ-000090,2025-08-05,2025-08-07,2025-08-07,69.0,2.88,168,True
REQ-000091,2025-08-05,2025-08-05,2025-08-05,4.3,0.18,218,True
REQ-000092,2025-08-05,2025-08-07,,49.4,2.06,218,True
REQ-000093,2025-08-05,2025-08-05,,22.2,0.93,72,True
REQ-000094,2025-08-05,2025-08-05,,21.2,0.88,168,True
REQ-000095,2025-08-05,2025-08-05,2025-08-05,6.3,0.26,168,True
REQ-000096,2025-08-06,2025-08-07,2025-08-07,29.5,1.23,72,True
REQ-000097,2025-08-06,2025-08-07,2025-08-07,39.7,1.65,94,True
REQ-000098,2025-08-06,2025-08-06,,3.4,0.14,168,True
REQ-000099,2025-08-06,2025-08-06,,7.6,0.32,218,True
REQ-000100,2025-08-06,2025-08-07,,30.6,1.27,24,False
REQ-000101,2025-08-06,2025-08-08,2025-08-08,61.2,2.55,218,True
REQ-000102,2025-08-06,2025-08-07,,40.3,1.68,218,True
REQ-000103,2025-08-06,2025-08-06,,14.6,0.61,218,True
REQ-000104,2025-08-06,2025-08-07,,31.4,1.31,72,True
REQ-000105,2025-08-06,2025-08-07,2025-08-07,43.6,1.81,168,True
REQ-000106,2025-08-06,2025-08-06,2025-08-06,13.8,0.58,94,True
REQ-000107,2025-08-06,2025-08-07,2025-08-07,24.3,1.01,5,False
REQ-000108,2025-08-06,2025-08-06,2025-08-06,17.7,0.74,218,True
REQ-000109,2025-08-06,2025-08-07,2025-08-07,29.0,1.21,31,True
REQ-000110,2025-08-06,2025-08-08,,64.1,2.67,168,True
REQ-000111,2025-08-06,2025-08-06,2025-08-06,7.1,0.3,5,False
REQ-000112,2025-08-06,2025-08-09,2025-08-09,85.4,3.56,72,False
REQ-000113,2025-08-06,2025-08-09,,74.4,3.1,218,True
REQ-000115,2025-08-06,2025-08-06,,16.7,0.7,72,True
REQ-000116,2025-08-06,2025-08-07,2025-08-07,24.5,1.02,31,True
REQ-000117,2025-08-06,2025-08-06,,7.4,0.31,4,False
REQ-000118,2025-08-06,2025-08-06,,14.8,0.62,72,True
REQ-000119,2025-08-06,2025-08-07,,29.7,1.24,26,False
REQ-000120,2025-08-06,2025-08-06,2025-08-06,10.2,0.42,24,True
REQ-000121,2025-08-07,2025-08-12,2025-08-12,143.0,5.96,218,True
REQ-000123,2025-08-07,2025-08-07,,9.7,0.4,218,True
REQ-000124,2025-08-07,2025-08-08,2025-08-08,31.0,1.29,31,False
REQ-000125,2025-08-07,2025-08-11,,104.6,4.36,94,False
REQ-000126,2025-08-07,2025-08-08,2025-08-08,39.8,1.66,168,True
REQ-000127,2025-08-07,2025-08-08,2025-08-08,28.8,1.2,26,False
REQ-000128,2025-08-07,2025-08-07,2025-08-07,19.7,0.82,168,True
REQ-000129,2025-08-07,2025-08-07,2025-08-07,15.5,0.64,5,False
REQ-000130,2025-08-07,2025-08-08,2025-08-08,44.6,1.86,79,True
REQ-000131,2025-08-07,2025-08-07,2025-08-07,23.7,0.99,72,True
REQ-000132,2025-08-07,2025-08-08,,27.6,1.15,168,True
REQ-000133,2025-08-07,2025-08-10,2025-08-10,91.8,3.83,26,False
REQ-000134,2025-08-07,2025-08-07,2025-08-07,8.1,0.34,72,True
REQ-000135,2025-08-07,2025-08-08,,24.9,1.04,218,True
REQ-000137,2025-08-07,2025-08-09,2025-08-09,54.2,2.26,185,True
REQ-000138,2025-08-07,2025-08-07,2025-08-07,20.5,0.86,72,True
REQ-000139,2025-08-07,2025-08-07,2025-08-07,15.9,0.66,94,True
REQ-000140,2025-08-07,2025-08-09,,69.8,2.91,94,True
REQ-000141,2025-08-07,2025-08-08,,47.4,1.98,218,True
REQ-000142,2025-08-07,2025-08-07,2025-08-07,20.4,0.85,24,True
REQ-000143,2025-08-07,2025-08-07,2025-08-07,9.9,0.41,24,True
REQ-000144,2025-08-07,2025-08-07,,12.8,0.53,168,True
REQ-000145,2025-08-07,2025-08-07,,15.6,0.65,79,True
REQ-000146,2025-08-07,2025-08-10,,76.6,3.19,168,True
REQ-000147,2025-08-07,2025-08-07,,20.2,0.84,218,True
REQ-000148,2025-08-07,2025-08-07,2025-08-07,5.6,0.23,168,True
REQ-000149,2025-08-07,2025-08-08,,27.1,1.13,218,True
REQ-000150,2025-08-08,2025-08-09,2025-08-09,37.4,1.56,168,True
REQ-000151,2025-08-08,2025-08-11,,72.5,3.02,185,True
REQ-000152,2025-08-08,2025-08-08,,6.0,0.25,218,True
REQ-000153,2025-08-08,2025-08-08,2025-08-08,3.2,0.13,4,True
REQ-000154,2025-08-08,2025-08-09,2025-08-09,42.4,1.77,24,False
REQ-000156,2025-08-08,2025-08-08,,7.7,0.32,168,True
REQ-000158,2025-08-08,2025-08-08,,19.8,0.82,72,True
REQ-000159,2025-08-08,2025-08-08,2025-08-08,14.3,0.6,79,True
REQ-000160,2025-08-08,2025-08-09,,45.5,1.9,185,True
REQ-000161,2025-08-08,2025-08-09,,28.9,1.21,168,True
REQ-000162,2025-08-08,2025-08-09,2025-08-09,41.2,1.72,168,True
REQ-000164,2025-08-08,2025-08-09,2025-08-09,35.6,1.48,24,False
REQ-000165,2025-08-08,2025-08-08,2025-08-08,1.4,0.06,168,True
REQ-000166,2025-08-08,2025-08-08,,8.8,0.37,168,True
REQ-000168,2025-08-08,2025-08-08,,13.8,0.58,168,True
REQ-000170,2025-08-08,2025-08-09,,35.8,1.49,168,True
REQ-000171,2025-08-08,2025-08-08,,7.2,0.3,72,True
REQ-000172,2025-08-08,2025-08-08,2025-08-08,9.0,0.38,24,True
REQ-000173,2025-08-08,2025-08-08,,8.4,0.35,24,True
REQ-000174,2025-08-08,2025-08-08,2025-08-08,21.2,0.88,26,True
REQ-000175,2025-08-08,2025-08-08,,18.0,0.75,94,True
REQ-000176,2025-08-08,2025-08-08,,11.4,0.48,218,True
REQ-000177,2025-08-09,2025-08-10,,34.0,1.42,168,True
REQ-000178,2025-08-09,2025-08-09,,12.9,0.54,218,True
REQ-000179,2025-08-09,2025-08-11,,51.2,2.13,168,True
REQ-000180,2025-08-09,2025-08-09,2025-08-09,16.3,0.68,26,True
REQ-000181,2025-08-09,2025-08-09,2025-08-09,21.8,0.91,26,True
REQ-000182,2025-08-09,2025-08-10,2025-08-10,33.6,1.4,31,False
REQ-000183,2025-08-09,2025-08-12,,82.6,3.44,94,True
REQ-000185,2025-08-09,2025-08-11,,67.6,2.82,185,True
REQ-000186,2025-08-09,2025-08-09,2025-08-09,16.9,0.7,24,True
REQ-000187,2025-08-09,2025-08-11,2025-08-11,50.3,2.1,31,False
REQ-000188,2025-08-09,2025-08-11,2025-08-11,68.1,2.84,24,False
REQ-000189,2025-08-09,2025-08-10,,24.6,1.03,185,True
REQ-000190,2025-08-09,2025-08-09,2025-08-09,18.8,0.78,218,True
REQ-000191,2025-08-09,2025-08-09,2025-08-09,10.7,0.45,24,True
REQ-000192,2025-08-09,2025-08-09,2025-08-09,9.0,0.37,24,True
REQ-000194,2025-08-10,2025-08-10,2025-08-10,15.1,0.63,31,True
REQ-000195,2025-08-10,2025-08-12,2025-08-12,53.5,2.23,218,True
REQ-000196,2025-08-10,2025-08-10,,15.2,0.63,185,True
REQ-000197,2025-08-10,2025-08-10,2025-08-10,19.0,0.79,168,True
REQ-000198,2025-08-10,2025-08-11,2025-08-11,45.8,1.91,72,True
REQ-000199,2025-08-10,2025-08-10,,16.0,0.67,72,True
REQ-000200,2025-08-11,2025-08-11,2025-08-11,15.4,0.64,31,True
REQ-000201,2025-08-11,2025-08-14,,73.1,3.05,168,True
REQ-000202,2025-08-11,2025-08-11,,18.4,0.77,168,True
REQ-000203,2025-08-11,2025-08-11,2025-08-11,11.4,0.48,72,True
REQ-000204,2025-08-11,2025-08-11,2025-08-11,5.1,0.21,26,True
REQ-000205,2025-08-11,2025-08-13,2025-08-13,62.4,2.6,185,True
REQ-000206,2025-08-11,2025-08-11,2025-08-11,22.8,0.95,168,True
REQ-000207,2025-08-11,2025-08-11,,8.6,0.36,218,True
REQ-000208,2025-08-11,2025-08-12,,27.8,1.16,26,False
REQ-000209,2025-08-11,2025-08-12,2025-08-12,25.5,1.06,24,False
REQ-000210,2025-08-11,2025-08-12,2025-08-12,27.6,1.15,218,True
REQ-000211,2025-08-11,2025-08-11,2025-08-11,16.4,0.68,24,True
REQ-000212,2025-08-11,2025-08-11,,21.4,0.89,218,True
REQ-000213,2025-08-11,2025-08-12,2025-08-12,37.1,1.55,218,True
REQ-000214,2025-08-11,2025-08-12,2025-08-12,43.0,1.79,168,True
REQ-000215,2025-08-11,2025-08-13,2025-08-13,55.2,2.3,168,True
REQ-000216,2025-08-11,2025-08-11,,17.4,0.72,24,True
REQ-000217,2025-08-11,2025-08-12,2025-08-12,47.6,1.99,72,True
REQ-000218,2025-08-11,2025-08-12,2025-08-12,44.5,1.85,218,True
REQ-000219,2025-08-11,2025-08-12,2025-08-12,33.0,1.37,168,True
REQ-000220,2025-08-11,2025-08-11,2025-08-11,20.3,0.85,168,True
REQ-000221,2025-08-11,2025-08-11,2025-08-11,15.1,0.63,24,True
REQ-000222,2025-08-11,2025-08-14,2025-08-14,90.1,3.75,94,True
REQ-000223,2025-08-11,2025-08-12,,43.0,1.79,168,True
REQ-000224,2025-08-11,2025-08-12,2025-08-12,26.0,1.08,185,True
REQ-000225,2025-08-11,2025-08-11,,8.0,0.33,168,True
REQ-000226,2025-08-11,2025-08-12,,25.2,1.05,218,True
REQ-000227,2025-08-12,2025-08-12,,17.3,0.72,218,True
REQ-000228,2025-08-12,2025-08-13,2025-08-13,33.6,1.4,168,True
REQ-000229,2025-08-12,2025-08-13,2025-08-13,25.8,1.08,185,True
REQ-000230,2025-08-12,2025-08-13,2025-08-13,33.3,1.39,24,False
REQ-000231,2025-08-12,2025-08-14,2025-08-14,49.0,2.04,168,True
REQ-000232,2025-08-12,2025-08-14,2025-08-14,69.9,2.91,218,True
REQ-000233,2025-08-12,2025-08-13,,26.4,1.1,168,True
REQ-000234,2025-08-12,2025-08-12,2025-08-12,19.5,0.81,168,True
REQ-000235,2025-08-12,2025-08-17,2025-08-17,126.3,5.26,185,True
REQ-000236,2025-08-12,2025-08-13,,42.3,1.76,72,True
REQ-000237,2025-08-12,2025-08-12,,11.6,0.48,168,True
REQ-000238,2025-08-12,2025-08-12,2025-08-12,14.9,0.62,31,True
REQ-000240,2025-08-12,2025-08-12,2025-08-12,4.6,0.19,94,True
REQ-000241,2025-08-12,2025-08-12,2025-08-12,4.5,0.19,26,True
REQ-000243,2025-08-12,2025-08-13,2025-08-13,26.6,1.11,168,True
REQ-000244,2025-08-12,2025-08-12,2025-08-12,16.8,0.7,24,True
REQ-000245,2025-08-12,2025-08-12,2025-08-12,11.1,0.46,72,True
REQ-000246,2025-08-12,2025-08-13,2025-08-13,47.2,1.97,168,True
REQ-000247,2025-08-12,2025-08-12,,17.5,0.73,168,True
REQ-000248,2025-08-12,2025-08-12,2025-08-12,9.4,0.39,72,True
REQ-000249,2025-08-12,2025-08-13,2025-08-13,30.2,1.26,94,True
REQ-000250,2025-08-12,2025-08-12,2025-08-12,3.8,0.16,168,True
REQ-000251,2025-08-12,2025-08-13,2025-08-13,34.9,1.46,168,True
REQ-000252,2025-08-12,2025-08-14,,60.3,2.51,72,True
REQ-000253,2025-08-13,2025-08-13,,10.2,0.42,218,True
REQ-000254,2025-08-13,2025-08-13,2025-08-13,17.5,0.73,4,False
REQ-000255,2025-08-13,2025-08-13,2025-08-13,18.0,0.75,72,True
REQ-000256,2025-08-13,2025-08-13,2025-08-13,10.9,0.45,26,True
REQ-000257,2025-08-13,2025-08-14,,34.0,1.42,218,True
REQ-000258,2025-08-13,2025-08-14,,34.1,1.42,218,True
REQ-000259,2025-08-13,2025-08-15,,68.2,2.84,168,True
REQ-000260,2025-08-13,2025-08-13,,9.4,0.39,185,True
REQ-000261,2025-08-13,2025-08-13,2025-08-13,23.9,0.99,218,True
REQ-000262,2025-08-13,2025-08-13,2025-08-13,13.0,0.54,168,True
REQ-000263,2025-08-13,2025-08-15,,67.4,2.81,185,True
REQ-000264,2025-08-13,2025-08-14,,44.7,1.86,218,True
REQ-000265,2025-08-14,2025-08-14,2025-08-14,6.2,0.26,24,True
REQ-000266,2025-08-14,2025-08-14,2025-08-14,6.0,0.25,94,True
REQ-000267,2025-08-14,2025-08-14,2025-08-14,19.6,0.81,168,True
REQ-000268,2025-08-14,2025-08-14,2025-08-14,22.6,0.94,168,True
REQ-000269,2025-08-14,2025-08-15,2025-08-15,27.5,1.15,168,True
REQ-000270,2025-08-14,2025-08-15,2025-08-15,29.1,1.21,72,True
REQ-000272,2025-08-14,2025-08-15,,32.1,1.34,168,True
REQ-000273,2025-08-14,2025-08-16,2025-08-16,58.0,2.42,72,True
REQ-000274,2025-08-14,2025-08-14,2025-08-14,8.5,0.35,24,True
REQ-000275,2025-08-14,2025-08-14,2025-08-14,9.7,0.4,31,True
REQ-000277,2025-08-14,2025-08-14,,8.3,0.35,218,True
REQ-000278,2025-08-14,2025-08-14,2025-08-14,8.6,0.36,72,True
REQ-000279,2025-08-14,2025-08-14,2025-08-14,15.2,0.63,168,True
REQ-000280,2025-08-14,2025-08-14,2025-08-14,9.4,0.39,168,True
REQ-000281,2025-08-14,2025-08-15,,32.3,1.34,168,True
REQ-000282,2025-08-14,2025-08-17,,78.3,3.26,168,True
REQ-000283,2025-08-14,2025-08-14,2025-08-14,7.8,0.33,24,True
REQ-000284,2025-08-14,2025-08-15,2025-08-15,26.3,1.1,218,True
REQ-000285,2025-08-14,2025-08-14,,16.1,0.67,72,True
REQ-000286,2025-08-14,2025-08-15,,30.0,1.25,72,True
REQ-000287,2025-08-14,2025-08-16,2025-08-16,69.9,2.91,94,True
REQ-000289,2025-08-14,2025-08-15,,34.1,1.42,185,True
REQ-000290,2025-08-14,2025-08-17,2025-08-17,92.9,3.87,218,True
REQ-000291,2025-08-14,2025-08-15,2025-08-15,45.4,1.89,24,False
REQ-000292,2025-08-14,2025-08-14,2025-08-14,22.0,0.92,24,True
REQ-000293,2025-08-14,2025-08-17,,80.5,3.35,168,True
REQ-000294,2025-08-14,2025-08-16,,50.3,2.1,168,True
REQ-000295,2025-08-14,2025-08-14,,13.0,0.54,94,True
REQ-000296,2025-08-14,2025-08-14,,13.3,0.55,185,True
REQ-000297,2025-08-14,2025-08-14,,16.4,0.68,26,True
REQ-000298,2025-08-14,2025-08-15,,27.7,1.15,79,True
REQ-000300,2025-08-15,2025-08-16,,43.7,1.82,24,False
REQ-000301,2025-08-15,2025-08-15,,18.3,0.76,218,True
REQ-000302,2025-08-15,2025-08-16,2025-08-16,43.6,1.82,185,True
REQ-000305,2025-08-15,2025-08-17,2025-08-17,59.4,2.48,218,True
REQ-000306,2025-08-15,2025-08-15,2025-08-15,13.0,0.54,24,True
REQ-000307,2025-08-15,2025-08-16,,32.7,1.36,31,False
REQ-000308,2025-08-15,2025-08-17,2025-08-17,48.6,2.03,168,True
REQ-000309,2025-08-15,2025-08-16,2025-08-16,38.1,1.59,24,False
REQ-000310,2025-08-15,2025-08-16,2025-08-16,25.8,1.07,185,True
REQ-000312,2025-08-15,2025-08-16,,36.2,1.51,168,True
REQ-000313,2025-08-15,2025-08-15,2025-08-15,18.6,0.78,26,True
REQ-000315,2025-08-15,2025-08-17,,70.6,2.94,185,True
REQ-000316,2025-08-15,2025-08-15,2025-08-15,16.3,0.68,72,True
REQ-000317,2025-08-15,2025-08-15,2025-08-15,21.5,0.9,72,True
REQ-000318,2025-08-15,2025-08-15,2025-08-15,4.8,0.2,5,True
REQ-000319,2025-08-15,2025-08-16,,32.2,1.34,185,True
REQ-000320,2025-08-15,2025-08-16,,28.4,1.18,72,True
REQ-000321,2025-08-15,2025-08-15,,12.4,0.52,168,True
REQ-000323,2025-08-16,2025-08-19,2025-08-19,73.1,3.05,218,True
REQ-000324,2025-08-16,2025-08-18,2025-08-18,53.8,2.24,72,True
REQ-000325,2025-08-16,2025-08-18,,66.4,2.77,72,True
REQ-000326,2025-08-16,2025-08-16,,18.3,0.76,218,True
REQ-000327,2025-08-16,2025-08-18,,59.4,2.48,168,True
REQ-000328,2025-08-16,2025-08-16,,24.0,1.0,94,True
REQ-000329,2025-08-16,2025-08-17,2025-08-17,26.5,1.1,168,True
REQ-000330,2025-08-16,2025-08-17,2025-08-17,44.9,1.87,168,True
REQ-000331,2025-08-16,2025-08-16,2025-08-16,10.0,0.42,5,False
REQ-000332,2025-08-16,2025-08-17,2025-08-17,28.4,1.18,218,True
REQ-000333,2025-08-16,2025-08-16,2025-08-16,7.4,0.31,31,True
REQ-000334,2025-08-16,2025-08-16,2025-08-16,17.7,0.74,94,True
REQ-000335,2025-08-17,2025-08-17,,15.0,0.63,31,True
REQ-000336,2025-08-17,2025-08-17,2025-08-17,12.3,0.51,24,True
REQ-000337,2025-08-17,2025-08-18,,30.7,1.28,168,True
REQ-000338,2025-08-17,2025-08-18,2025-08-18,30.9,1.29,168,True
REQ-000339,2025-08-17,2025-08-17,2025-08-17,0.8,0.03,5,True
REQ-000340,2025-08-17,2025-08-17,2025-08-17,22.7,0.95,218,True
REQ-000341,2025-08-17,2025-08-17,2025-08-17,19.4,0.81,24,True
REQ-000342,2025-08-17,2025-08-19,,67.2,2.8,185,True
REQ-000344,2025-08-17,2025-08-17,2025-08-17,23.8,0.99,72,True
REQ-000345,2025-08-17,2025-08-19,2025-08-19,64.2,2.68,218,True
REQ-000346,2025-08-17,2025-08-18,,33.1,1.38,79,True
REQ-000347,2025-08-17,2025-08-18,,39.9,1.66,72,True
REQ-000348,2025-08-17,2025-08-18,2025-08-18,33.2,1.39,218,True
REQ-000350,2025-08-18,2025-08-21,,88.2,3.67,185,True
REQ-000351,2025-08-18,2025-08-18,,2.3,0.09,168,True
REQ-000352,2025-08-18,2025-08-18,,22.1,0.92,218,True
REQ-000353,2025-08-18,2025-08-18,,22.3,0.93,218,True
REQ-000354,2025-08-18,2025-08-18,,23.7,0.99,24,True
REQ-000355,2025-08-18,2025-08-18,2025-08-18,10.3,0.43,168,True
REQ-000356,2025-08-18,2025-08-20,,60.2,2.51,168,True
REQ-000358,2025-08-18,2025-08-20,2025-08-20,51.1,2.13,72,True
REQ-000360,2025-08-18,2025-08-18,2025-08-18,6.4,0.27,24,True
REQ-000361,2025-08-18,2025-08-19,2025-08-19,35.2,1.47,168,True
REQ-000362,2025-08-18,2025-08-19,2025-08-19,31.1,1.3,218,True
REQ-000363,2025-08-18,2025-08-18,2025-08-18,6.0,0.25,72,True
REQ-000364,2025-08-18,2025-08-19,2025-08-19,47.1,1.96,168,True
REQ-000365,2025-08-18,2025-08-19,,26.1,1.09,168,True
REQ-000366,2025-08-18,2025-08-20,2025-08-20,64.9,2.7,218,True
REQ-000367,2025-08-18,2025-08-18,2025-08-18,10.8,0.45,26,True
REQ-000368,2025-08-18,2025-08-20,2025-08-20,48.9,2.04,218,True
REQ-000369,2025-08-18,2025-08-19,2025-08-19,29.8,1.24,31,True
REQ-000370,2025-08-18,2025-08-19,2025-08-19,32.7,1.36,168,True
REQ-000371,2025-08-18,2025-08-19,2025-08-19,44.1,1.84,168,True
REQ-000372,2025-08-18,2025-08-19,2025-08-19,32.5,1.36,31,False
REQ-000373,2025-08-18,2025-08-20,2025-08-20,64.4,2.68,218,True
REQ-000374,2025-08-18,2025-08-18,2025-08-18,7.9,0.33,168,True
REQ-000375,2025-08-18,2025-08-18,,16.4,0.68,218,True
REQ-000376,2025-08-18,2025-08-18,,11.9,0.5,79,True
REQ-000378,2025-08-19,2025-08-21,2025-08-21,70.3,2.93,31,False
REQ-000379,2025-08-19,2025-08-19,2025-08-19,9.0,0.37,72,True
REQ-000381,2025-08-19,2025-08-21,2025-08-21,50.1,2.09,168,True
REQ-000382,2025-08-19,2025-08-19,,10.2,0.43,168,True
REQ-000383,2025-08-19,2025-08-20,2025-08-20,45.3,1.89,168,True
REQ-000384,2025-08-19,2025-08-20,2025-08-20,44.8,1.87,218,True
REQ-000387,2025-08-19,2025-08-20,2025-08-20,33.4,1.39,72,True
REQ-000388,2025-08-19,2025-08-19,2025-08-19,17.0,0.71,218,True
REQ-000389,2025-08-19,2025-08-20,2025-08-20,26.2,1.09,72,True
REQ-000390,2025-08-19,2025-08-19,2025-08-19,17.1,0.71,168,True
REQ-000391,2025-08-19,2025-08-19,2025-08-19,4.2,0.17,31,True
REQ-000392,2025-08-19,2025-08-23,,96.4,4.01,218,True
REQ-000393,2025-08-19,2025-08-20,,41.2,1.72,72,True
REQ-000395,2025-08-19,2025-08-19,2025-08-19,18.5,0.77,72,True
REQ-000396,2025-08-19,2025-08-20,2025-08-20,26.9,1.12,72,True
REQ-000397,2025-08-19,2025-08-20,,30.3,1.26,185,True
REQ-000398,2025-08-19,2025-08-20,,36.8,1.53,185,True
REQ-000399,2025-08-20,2025-08-21,2025-08-21,39.8,1.66,218,True
REQ-000400,2025-08-20,2025-08-20,,10.6,0.44,72,True
REQ-000401,2025-08-20,2025-08-21,2025-08-21,25.7,1.07,72,True
REQ-000402,2025-08-20,2025-08-20,2025-08-20,23.5,0.98,79,True
REQ-000403,2025-08-20,2025-08-20,2025-08-20,17.6,0.73,218,True
REQ-000404,2025-08-20,2025-08-20,2025-08-20,7.6,0.32,31,True
REQ-000405,2025-08-20,2025-08-20,,14.3,0.59,218,True
REQ-000406,2025-08-20,2025-08-20,,22.8,0.95,168,True
REQ-000407,2025-08-20,2025-08-20,,21.6,0.9,4,False
REQ-000408,2025-08-20,2025-08-21,2025-08-21,40.4,1.68,24,False
REQ-000409,2025-08-20,2025-08-21,2025-08-21,32.2,1.34,72,True
REQ-000410,2025-08-20,2025-08-20,2025-08-20,11.8,0.49,168,True
REQ-000411,2025-08-20,2025-08-22,2025-08-22,62.2,2.59,185,True
REQ-000413,2025-08-20,2025-08-22,2025-08-22,58.3,2.43,72,True
REQ-000414,2025-08-20,2025-08-21,2025-08-21,35.9,1.5,72,True
REQ-000415,2025-08-20,2025-08-21,,29.4,1.22,168,True
REQ-000416,2025-08-20,2025-08-21,2025-08-21,35.7,1.49,185,True
REQ-000417,2025-08-20,2025-08-26,2025-08-26,148.1,6.17,185,True
REQ-000418,2025-08-20,2025-08-21,2025-08-21,38.0,1.59,31,False
REQ-000419,2025-08-20,2025-08-20,,23.1,0.96,72,True
REQ-000420,2025-08-20,2025-08-23,,92.7,3.86,185,True
REQ-000421,2025-08-20,2025-08-21,2025-08-21,30.0,1.25,26,False
REQ-000422,2025-08-20,2025-08-20,2025-08-20,9.5,0.4,168,True
REQ-000423,2025-08-20,2025-08-20,2025-08-20,7.3,0.3,168,True
REQ-000424,2025-08-20,2025-08-20,,16.3,0.68,94,True
REQ-000425,2025-08-20,2025-08-21,2025-08-21,47.1,1.96,168,True
REQ-000426,2025-08-20,2025-08-20,,21.2,0.88,79,True
REQ-000427,2025-08-21,2025-08-23,2025-08-23,65.1,2.71,218,True
REQ-000428,2025-08-21,2025-08-21,2025-08-21,20.7,0.86,185,True
REQ-000429,2025-08-21,2025-08-22,2025-08-22,40.0,1.67,218,True
REQ-000430,2025-08-21,2025-08-22,,39.2,1.63,168,True
REQ-000431,2025-08-21,2025-08-24,,91.2,3.8,218,True
REQ-000432,2025-08-21,2025-08-21,,8.9,0.37,72,True
REQ-000433,2025-08-21,2025-08-21,2025-08-21,10.9,0.45,72,True
REQ-000434,2025-08-21,2025-08-25,,111.5,4.65,218,True
REQ-000435,2025-08-21,2025-08-21,2025-08-21,17.0,0.71,31,True
REQ-000436,2025-08-21,2025-08-22,,29.2,1.22,218,True
REQ-000437,2025-08-21,2025-08-21,2025-08-21,11.1,0.46,26,True
REQ-000438,2025-08-21,2025-08-22,,47.7,1.99,218,True
REQ-000439,2025-08-21,2025-08-21,2025-08-21,11.6,0.48,94,True
REQ-000440,2025-08-21,2025-08-21,2025-08-21,14.0,0.58,31,True
REQ-000441,2025-08-21,2025-08-23,2025-08-23,71.6,2.98,72,True
REQ-000442,2025-08-21,2025-08-23,2025-08-23,52.2,2.18,168,True
REQ-000444,2025-08-21,2025-08-22,2025-08-22,28.6,1.19,79,True
REQ-000445,2025-08-21,2025-08-21,,11.4,0.48,168,True
REQ-000447,2025-08-21,2025-08-21,,21.7,0.9,168,True
REQ-000448,2025-08-21,2025-08-21,,2.9,0.12,218,True
REQ-000450,2025-08-21,2025-08-21,2025-08-21,22.4,0.93,218,True
REQ-000451,2025-08-22,2025-08-22,,19.9,0.83,168,True
REQ-000452,2025-08-22,2025-08-23,,32.6,1.36,185,True
REQ-000453,2025-08-22,2025-08-22,,14.3,0.6,24,True
REQ-000454,2025-08-22,2025-08-23,2025-08-23,36.5,1.52,218,True
REQ-000455,2025-08-22,2025-08-22,,11.3,0.47,185,True
REQ-000456,2025-08-22,2025-08-22,,19.2,0.8,168,True
REQ-000457,2025-08-22,2025-08-22,,9.7,0.4,72,True
REQ-000458,2025-08-22,2025-08-23,,35.5,1.48,168,True
REQ-000459,2025-08-22,2025-08-22,2025-08-22,15.4,0.64,24,True
REQ-000460,2025-08-22,2025-08-23,2025-08-23,40.6,1.69,168,True
REQ-000461,2025-08-22,2025-08-25,,75.4,3.14,218,True
REQ-000462,2025-08-22,2025-08-23,2025-08-23,30.3,1.26,185,True
REQ-000463,2025-08-22,2025-08-22,,12.0,0.5,185,True
REQ-000465,2025-08-22,2025-08-23,2025-08-23,45.3,1.89,79,True
REQ-000466,2025-08-22,2025-08-23,2025-08-23,33.6,1.4,79,True
REQ-000467,2025-08-22,2025-08-23,2025-08-23,31.5,1.31,31,False
REQ-000468,2025-08-22,2025-08-24,2025-08-24,60.6,2.52,72,True
REQ-000469,2025-08-22,2025-08-23,,34.0,1.42,26,False
REQ-000470,2025-08-22,2025-08-23,2025-08-23,45.6,1.9,72,True
REQ-000471,2025-08-22,2025-08-22,2025-08-22,16.4,0.68,72,True
REQ-000472,2025-08-22,2025-08-22,2025-08-22,18.5,0.77,72,True
REQ-000473,2025-08-22,2025-08-22,2025-08-22,12.3,0.51,5,False
REQ-000474,2025-08-22,2025-08-22,2025-08-22,17.1,0.71,94,True
REQ-000475,2025-08-23,2025-08-24,,26.9,1.12,79,True
REQ-000476,2025-08-23,2025-08-24,2025-08-24,27.1,1.13,218,True
REQ-000477,2025-08-23,2025-08-26,2025-08-26,78.6,3.27,185,True
REQ-000478,2025-08-23,2025-08-24,2025-08-24,30.0,1.25,72,True
REQ-000480,2025-08-23,2025-08-24,2025-08-24,40.4,1.68,168,True
REQ-000481,2025-08-23,2025-08-23,2025-08-23,18.2,0.76,94,True
REQ-000482,2025-08-23,2025-08-25,2025-08-25,50.1,2.09,94,True
REQ-000483,2025-08-23,2025-08-24,2025-08-24,36.2,1.51,94,True
REQ-000484,2025-08-23,2025-08-24,2025-08-24,45.7,1.9,72,True
REQ-000485,2025-08-23,2025-08-23,2025-08-23,21.2,0.88,168,True
REQ-000486,2025-08-23,2025-08-24,,33.1,1.38,185,True
REQ-000487,2025-08-24,2025-08-25,2025-08-25,32.2,1.34,168,True
REQ-000489,2025-08-24,2025-08-26,2025-08-26,59.6,2.48,168,True
REQ-000490,2025-08-24,2025-08-26,2025-08-26,59.8,2.49,24,False
REQ-000491,2025-08-24,2025-08-24,,20.9,0.87,72,True
REQ-000492,2025-08-24,2025-08-25,2025-08-25,32.8,1.36,168,True
REQ-000493,2025-08-24,2025-08-26,,57.4,2.39,168,True
REQ-000494,2025-08-24,2025-08-25,2025-08-25,35.9,1.49,26,False
REQ-000495,2025-08-24,2025-08-24,2025-08-24,13.8,0.57,168,True
REQ-000496,2025-08-24,2025-08-24,2025-08-24,6.4,0.27,24,True
REQ-000497,2025-08-24,2025-08-27,,94.9,3.96,218,True
REQ-000498,2025-08-25,2025-08-25,,21.4,0.89,4,False
REQ-000499,2025-08-25,2025-08-25,2025-08-25,20.4,0.85,168,True
REQ-000500,2025-08-25,2025-08-25,,22.3,0.93,168,True
REQ-000501,2025-08-25,2025-08-26,,43.9,1.83,185,True
REQ-000502,2025-08-25,2025-08-26,,37.1,1.54,218,True
REQ-000503,2025-08-25,2025-08-26,,39.7,1.65,168,True
REQ-000504,2025-08-25,2025-08-26,2025-08-26,45.6,1.9,218,True
REQ-000505,2025-08-25,2025-08-25,,21.7,0.9,168,True
REQ-000506,2025-08-25,2025-08-26,2025-08-26,24.8,1.03,31,True
REQ-000507,2025-08-25,2025-08-26,2025-08-26,34.2,1.42,72,True
REQ-000508,2025-08-25,2025-08-26,,32.6,1.36,218,True
REQ-000509,2025-08-25,2025-08-26,2025-08-26,34.3,1.43,72,True
REQ-000510,2025-08-25,2025-08-25,2025-08-25,10.5,0.44,79,True
REQ-000511,2025-08-25,2025-08-26,2025-08-26,34.8,1.45,218,True
REQ-000512,2025-08-25,2025-08-25,2025-08-25,23.9,1.0,26,True
REQ-000513,2025-08-25,2025-08-27,2025-08-27,65.6,2.73,24,False
REQ-000514,2025-08-25,2025-08-25,2025-08-25,20.4,0.85,185,True
REQ-000515,2025-08-25,2025-08-26,,41.7,1.74,218,True
REQ-000516,2025-08-25,2025-08-26,,27.5,1.14,79,True
REQ-000517,2025-08-25,2025-08-25,2025-08-25,22.5,0.94,168,True
REQ-000518,2025-08-25,2025-08-25,2025-08-25,15.0,0.62,72,True
REQ-000519,2025-08-25,2025-08-25,,16.4,0.69,94,True
REQ-000520,2025-08-25,2025-08-25,2025-08-25,22.4,0.93,168,True
REQ-000521,2025-08-25,2025-08-26,2025-08-26,24.2,1.01,72,True
REQ-000522,2025-08-25,2025-08-26,2025-08-26,25.0,1.04,24,False
REQ-000523,2025-08-25,2025-08-25,2025-08-25,4.4,0.18,72,True
REQ-000524,2025-08-25,2025-08-26,2025-08-26,32.5,1.35,168,True
REQ-000525,2025-08-25,2025-08-26,2025-08-26,31.5,1.31,79,True
REQ-000526,2025-08-25,2025-08-25,2025-08-25,13.5,0.56,24,True
REQ-000527,2025-08-25,2025-08-26,2025-08-26,24.6,1.02,31,True
REQ-000528,2025-08-26,2025-08-26,,20.3,0.85,218,True
REQ-000529,2025-08-26,2025-08-27,,41.0,1.71,185,True
REQ-000530,2025-08-26,2025-08-26,2025-08-26,22.3,0.93,79,True
REQ-000531,2025-08-26,2025-08-27,2025-08-27,36.6,1.52,26,False
REQ-000532,2025-08-26,2025-08-26,,20.0,0.83,94,True
REQ-000534,2025-08-26,2025-08-26,2025-08-26,19.6,0.82,72,True
REQ-000535,2025-08-26,2025-08-27,,24.9,1.04,26,True
REQ-000536,2025-08-26,2025-08-26,2025-08-26,23.7,0.99,168,True
REQ-000537,2025-08-26,2025-08-27,2025-08-27,39.2,1.64,218,True
REQ-000538,2025-08-26,2025-08-27,2025-08-27,26.5,1.11,218,True
REQ-000539,2025-08-26,2025-08-27,,41.5,1.73,218,True
REQ-000540,2025-08-26,2025-08-28,,53.5,2.23,218,True
REQ-000541,2025-08-26,2025-08-28,,50.5,2.1,79,True
REQ-000542,2025-08-26,2025-08-26,2025-08-26,18.7,0.78,24,True
REQ-000543,2025-08-26,2025-08-27,2025-08-27,38.4,1.6,72,True
REQ-000544,2025-08-26,2025-08-28,2025-08-28,50.8,2.12,72,True
REQ-000545,2025-08-26,2025-08-26,2025-08-26,23.5,0.98,72,True
REQ-000546,2025-08-26,2025-08-28,2025-08-28,71.4,2.97,218,True
REQ-000547,2025-08-26,2025-08-28,2025-08-28,58.8,2.45,72,True
REQ-000548,2025-08-26,2025-08-26,2025-08-26,9.6,0.4,24,True
REQ-000549,2025-08-27,2025-08-27,2025-08-27,16.7,0.7,5,False
REQ-000550,2025-08-27,2025-08-28,2025-08-28,28.3,1.18,26,False
REQ-000551,2025-08-27,2025-08-27,2025-08-27,7.3,0.31,24,True
REQ-000552,2025-08-27,2025-08-28,2025-08-28,26.1,1.09,185,True
REQ-000553,2025-08-27,2025-08-30,,84.8,3.53,79,False
REQ-000554,2025-08-27,2025-08-30,,76.4,3.18,168,True
REQ-000555,2025-08-27,2025-08-27,2025-08-27,20.7,0.86,72,True
REQ-000556,2025-08-27,2025-08-27,,17.4,0.73,168,True
REQ-000557,2025-08-27,2025-08-29,,49.4,2.06,168,True
REQ-000558,2025-08-27,2025-08-28,2025-08-28,42.3,1.76,72,True
REQ-000559,2025-08-27,2025-08-29,,69.9,2.91,185,True
REQ-000560,2025-08-27,2025-08-27,,16.2,0.68,72,True
REQ-000561,2025-08-27,2025-08-28,2025-08-28,41.4,1.73,26,False
REQ-000563,2025-08-27,2025-08-30,2025-08-30,76.3,3.18,185,True
REQ-000564,2025-08-27,2025-08-29,2025-08-29,67.6,2.82,79,True
REQ-000565,2025-08-27,2025-08-27,2025-08-27,11.3,0.47,218,True
REQ-000566,2025-08-27,2025-08-28,2025-08-28,40.2,1.67,94,True
REQ-000567,2025-08-27,2025-08-27,2025-08-27,10.9,0.46,72,True
REQ-000568,2025-08-27,2025-08-27,,14.4,0.6,79,True
REQ-000569,2025-08-27,2025-08-27,2025-08-27,16.3,0.68,185,True
REQ-000570,2025-08-27,2025-08-28,2025-08-28,33.1,1.38,218,True
REQ-000571,2025-08-27,2025-08-30,2025-08-30,78.1,3.25,218,True
REQ-000572,2025-08-27,2025-08-30,2025-08-30,95.6,3.98,185,True
REQ-000573,2025-08-27,2025-08-27,2025-08-27,15.5,0.64,168,True
REQ-000574,2025-08-27,2025-08-28,2025-08-28,36.4,1.52,168,True
REQ-000575,2025-08-27,2025-08-27,2025-08-27,2.6,0.11,168,True
REQ-000576,2025-08-28,2025-08-28,2025-08-28,15.1,0.63,218,True
REQ-000577,2025-08-28,2025-08-28,,17.5,0.73,72,True
REQ-000578,2025-08-28,2025-08-29,,37.7,1.57,94,True
REQ-000579,2025-08-28,2025-08-28,2025-08-28,18.5,0.77,31,True
REQ-000580,2025-08-28,2025-08-28,2025-08-28,11.4,0.48,168,True
REQ-000581,2025-08-28,2025-08-28,2025-08-28,15.9,0.66,218,True
REQ-000582,2025-08-28,2025-08-28,2025-08-28,8.0,0.33,4,False
REQ-000583,2025-08-28,2025-08-28,2025-08-28,21.6,0.9,168,True
REQ-000584,2025-08-28,2025-08-28,2025-08-28,14.3,0.6,218,True
REQ-000585,2025-08-28,2025-08-28,2025-08-28,20.9,0.87,185,True
REQ-000586,2025-08-28,2025-08-28,2025-08-28,22.6,0.94,94,True
REQ-000587,2025-08-28,2025-08-28,2025-08-28,16.7,0.69,4,False
REQ-000588,2025-08-28,2025-08-29,,25.6,1.07,168,True
REQ-000589,2025-08-28,2025-08-28,,10.0,0.42,94,True
REQ-000590,2025-08-28,2025-08-29,,33.0,1.38,168,True
REQ-000591,2025-08-28,2025-08-28,2025-08-28,15.5,0.64,31,True
REQ-000592,2025-08-28,2025-08-29,2025-08-29,29.2,1.22,218,True
REQ-000593,2025-08-28,2025-08-30,2025-08-30,50.6,2.11,79,True
REQ-000594,2025-08-28,2025-08-30,,59.0,2.46,72,True
REQ-000595,2025-08-28,2025-08-29,,47.7,1.99,168,True
REQ-000596,2025-08-28,2025-08-29,,31.0,1.29,94,True
REQ-000597,2025-08-28,2025-08-28,2025-08-28,18.3,0.76,5,False
REQ-000598,2025-08-28,2025-08-28,2025-08-28,16.9,0.71,168,True
REQ-000599,2025-08-28,2025-08-30,2025-08-30,65.5,2.73,218,True
REQ-000600,2025-08-28,2025-08-28,,19.1,0.79,185,True
REQ-000602,2025-08-28,2025-08-30,2025-08-30,63.8,2.66,168,True
REQ-000603,2025-08-28,2025-08-29,,34.1,1.42,185,True
REQ-000604,2025-08-28,2025-08-28,,11.7,0.49,72,True
REQ-000605,2025-08-28,2025-08-29,2025-08-29,32.5,1.35,218,True
REQ-000606,2025-08-28,2025-09-02,,127.2,5.3,79,False
REQ-000607,2025-08-28,2025-08-28,2025-08-28,18.9,0.79,168,True
REQ-000608,2025-08-28,2025-08-29,,42.1,1.76,94,True
REQ-000609,2025-08-29,2025-08-31,2025-08-31,63.3,2.64,94,True
REQ-000610,2025-08-29,2025-08-29,,23.1,0.96,24,True
REQ-000611,2025-08-29,2025-08-29,,22.2,0.93,218,True
REQ-000612,2025-08-29,2025-08-30,,34.7,1.45,218,True
REQ-000613,2025-08-29,2025-08-29,2025-08-29,7.9,0.33,24,True
REQ-000614,2025-08-29,2025-08-31,2025-08-31,65.1,2.71,94,True
REQ-000615,2025-08-29,2025-08-29,,16.8,0.7,79,True
REQ-000616,2025-08-29,2025-08-29,2025-08-29,9.5,0.39,24,True
REQ-000617,2025-08-29,2025-08-29,,22.9,0.95,72,True
REQ-000618,2025-08-29,2025-08-30,2025-08-30,33.1,1.38,72,True
REQ-000619,2025-08-29,2025-08-30,2025-08-30,43.5,1.81,185,True
REQ-000620,2025-08-29,2025-08-31,,58.7,2.45,185,True
REQ-000621,2025-08-29,2025-08-29,2025-08-29,23.3,0.97,218,True
REQ-000622,2025-08-29,2025-08-30,2025-08-30,24.5,1.02,168,True
REQ-000623,2025-08-29,2025-08-30,,39.3,1.64,185,True
REQ-000624,2025-08-29,2025-08-30,2025-08-30,39.2,1.63,168,True
REQ-000625,2025-08-29,2025-08-29,,22.2,0.92,72,True
REQ-000626,2025-08-29,2025-08-31,2025-08-31,52.5,2.19,94,True
REQ-000627,2025-08-29,2025-08-29,2025-08-29,11.0,0.46,5,False
REQ-000628,2025-08-29,2025-08-30,2025-08-30,36.2,1.51,168,True
REQ-000629,2025-08-29,2025-08-30,2025-08-30,47.0,1.96,168,True
REQ-000630,2025-08-29,2025-09-01,2025-09-01,78.2,3.26,168,True
REQ-000631,2025-08-29,2025-08-30,2025-08-30,41.2,1.72,185,True
REQ-000632,2025-08-29,2025-08-31,2025-08-31,68.9,2.87,168,True
REQ-000633,2025-08-29,2025-09-01,2025-09-01,77.8,3.24,79,True
REQ-000634,2025-08-29,2025-08-30,2025-08-30,42.0,1.75,168,True
REQ-000635,2025-08-29,2025-08-30,2025-08-30,30.2,1.26,94,True
REQ-000636,2025-08-30,2025-08-31,2025-08-31,40.4,1.68,72,True
REQ-000637,2025-08-30,2025-09-02,2025-09-02,79.9,3.33,168,True
REQ-000638,2025-08-30,2025-08-30,2025-08-30,3.7,0.15,94,True
REQ-000640,2025-08-31,2025-08-31,2025-08-31,10.2,0.42,168,True
REQ-000641,2025-08-31,2025-09-01,2025-09-01,24.1,1.0,79,True
REQ-000642,2025-08-31,2025-08-31,2025-08-31,22.8,0.95,218,True
REQ-000643,2025-08-31,2025-09-01,,45.3,1.89,79,True
REQ-000644,2025-08-31,2025-09-01,2025-09-01,44.7,1.86,168,True
REQ-000646,2025-08-31,2025-09-01,2025-09-01,29.1,1.21,26,False
REQ-000647,2025-09-01,2025-09-01,2025-09-01,21.7,0.9,72,True
REQ-000648,2025-09-01,2025-09-02,2025-09-02,44.6,1.86,94,True
REQ-000649,2025-09-01,2025-09-01,2025-09-01,3.7,0.15,185,True
REQ-000650,2025-09-01,2025-09-02,2025-09-02,36.8,1.53,185,True
REQ-000651,2025-09-01,2025-09-03,,60.9,2.54,168,True
REQ-000652,2025-09-01,2025-09-03,2025-09-03,66.8,2.78,168,True
REQ-000653,2025-09-01,2025-09-04,2025-09-04,77.7,3.24,72,False
REQ-000654,2025-09-01,2025-09-01,,10.8,0.45,168,True
REQ-000656,2025-09-01,2025-09-02,2025-09-02,39.5,1.65,168,True
REQ-000657,2025-09-01,2025-09-02,2025-09-02,41.4,1.72,4,False
REQ-000658,2025-09-01,2025-09-01,,9.8,0.41,31,True
REQ-000659,2025-09-01,2025-09-01,,19.5,0.81,168,True
REQ-000660,2025-09-01,2025-09-01,,16.8,0.7,26,True
REQ-000661,2025-09-01,2025-09-02,2025-09-02,24.6,1.03,72,True
REQ-000662,2025-09-01,2025-09-02,2025-09-02,24.2,1.01,26,True
REQ-000663,2025-09-01,2025-09-03,2025-09-03,50.1,2.09,24,False
REQ-000664,2025-09-01,2025-09-01,2025-09-01,10.1,0.42,168,True
REQ-000665,2025-09-01,2025-09-02,2025-09-02,28.2,1.17,26,False
REQ-000666,2025-09-01,2025-09-02,2025-09-02,28.5,1.19,24,False
REQ-000667,2025-09-01,2025-09-02,2025-09-02,33.9,1.41,185,True
REQ-000668,2025-09-02,2025-09-02,,19.3,0.8,168,True
REQ-000669,2025-09-02,2025-09-04,2025-09-04,54.0,2.25,168,True
REQ-000670,2025-09-02,2025-09-04,,55.7,2.32,185,True
REQ-000671,2025-09-02,2025-09-02,2025-09-02,11.2,0.47,72,True
REQ-000672,2025-09-02,2025-09-02,2025-09-02,7.6,0.32,4,False
REQ-000673,2025-09-02,2025-09-02,2025-09-02,17.4,0.72,94,True
REQ-000674,2025-09-02,2025-09-06,,102.8,4.28,218,True
REQ-000675,2025-09-02,2025-09-02,2025-09-02,13.2,0.55,4,False
REQ-000676,2025-09-02,2025-09-02,2025-09-02,20.3,0.85,26,True
REQ-000677,2025-09-02,2025-09-02,2025-09-02,10.6,0.44,24,True
REQ-000678,2025-09-02,2025-09-02,,10.9,0.45,185,True
REQ-000679,2025-09-02,2025-09-03,,25.6,1.07,218,True
REQ-000680,2025-09-02,2025-09-04,2025-09-04,70.7,2.95,26,False
REQ-000681,2025-09-02,2025-09-03,,42.8,1.78,218,True
REQ-000682,2025-09-02,2025-09-02,2025-09-02,16.3,0.68,26,True
REQ-000683,2025-09-02,2025-09-06,2025-09-06,115.5,4.81,185,True
REQ-000684,2025-09-02,2025-09-03,2025-09-03,39.8,1.66,218,True
REQ-000685,2025-09-02,2025-09-02,,10.9,0.45,168,True
REQ-000686,2025-09-02,2025-09-05,2025-09-05,82.7,3.44,72,False
REQ-000687,2025-09-02,2025-09-03,2025-09-03,34.5,1.44,26,False
REQ-000688,2025-09-02,2025-09-04,2025-09-04,61.7,2.57,72,True
REQ-000689,2025-09-02,2025-09-03,2025-09-03,34.9,1.45,185,True
REQ-000690,2025-09-02,2025-09-02,,17.9,0.75,218,True
REQ-000691,2025-09-02,2025-09-02,2025-09-02,10.2,0.43,72,True
REQ-000692,2025-09-02,2025-09-02,2025-09-02,12.7,0.53,168,True
REQ-000693,2025-09-02,2025-09-06,,102.1,4.25,185,True
REQ-000694,2025-09-03,2025-09-03,,12.7,0.53,168,True
REQ-000695,2025-09-03,2025-09-04,2025-09-04,47.4,1.97,185,True
REQ-000696,2025-09-03,2025-09-03,,7.4,0.31,72,True
REQ-000697,2025-09-03,2025-09-04,2025-09-04,31.7,1.32,185,True
REQ-000698,2025-09-03,2025-09-05,,62.0,2.58,79,True
REQ-000699,2025-09-03,2025-09-03,2025-09-03,9.7,0.41,218,True
REQ-000700,2025-09-03,2025-09-03,2025-09-03,16.8,0.7,26,True
REQ-000701,2025-09-03,2025-09-04,2025-09-04,29.4,1.23,168,True
REQ-000702,2025-09-03,2025-09-06,2025-09-06,91.0,3.79,168,True
REQ-000703,2025-09-03,2025-09-03,2025-09-03,19.9,0.83,94,True
REQ-000704,2025-09-03,2025-09-03,2025-09-03,5.1,0.21,72,True
REQ-000705,2025-09-03,2025-09-04,2025-09-04,48.0,2.0,72,True
REQ-000706,2025-09-03,2025-09-03,2025-09-03,20.5,0.85,72,True
REQ-000707,2025-09-03,2025-09-03,2025-09-03,21.7,0.9,94,True
REQ-000708,2025-09-03,2025-09-05,,70.9,2.96,218,True
REQ-000709,2025-09-03,2025-09-07,,98.6,4.11,185,True
REQ-000710,2025-09-04,2025-09-04,2025-09-04,16.7,0.7,218,True
REQ-000711,2025-09-04,2025-09-09,,123.5,5.15,168,True
REQ-000712,2025-09-04,2025-09-04,2025-09-04,1.8,0.08,72,True
REQ-000713,2025-09-04,2025-09-04,2025-09-04,2.6,0.11,4,True
REQ-000714,2025-09-04,2025-09-05,,24.6,1.02,185,True
REQ-000715,2025-09-04,2025-09-05,,28.7,1.19,72,True
REQ-000716,2025-09-04,2025-09-05,,27.7,1.15,72,True
REQ-000717,2025-09-04,2025-09-04,2025-09-04,9.4,0.39,185,True
REQ-000718,2025-09-04,2025-09-09,,130.4,5.43,79,False
REQ-000720,2025-09-04,2025-09-05,,36.1,1.51,168,True
REQ-000722,2025-09-04,2025-09-06,2025-09-06,49.2,2.05,185,True
REQ-000723,2025-09-04,2025-09-05,,43.1,1.8,185,True
REQ-000724,2025-09-04,2025-09-04,2025-09-04,16.4,0.68,218,True
REQ-000725,2025-09-04,2025-09-04,2025-09-04,13.5,0.56,24,True
REQ-000726,2025-09-04,2025-09-05,,29.6,1.23,168,True
REQ-000727,2025-09-04,2025-09-07,,78.7,3.28,168,True
REQ-000728,2025-09-05,2025-09-07,2025-09-07,71.0,2.96,31,False
REQ-000729,2025-09-05,2025-09-06,2025-09-06,30.3,1.26,185,True
REQ-000730,2025-09-05,2025-09-05,,11.5,0.48,72,True
REQ-000731,2025-09-05,2025-09-05,,6.3,0.26,24,True
REQ-000732,2025-09-05,2025-09-06,2025-09-06,27.0,1.13,185,True
REQ-000733,2025-09-05,2025-09-06,2025-09-06,46.3,1.93,168,True
REQ-000734,2025-09-05,2025-09-05,2025-09-05,5.9,0.24,24,True
REQ-000735,2025-09-05,2025-09-05,,20.2,0.84,72,True
REQ-000736,2025-09-05,2025-09-07,,52.6,2.19,168,True
REQ-000737,2025-09-05,2025-09-06,2025-09-06,25.4,1.06,218,True
REQ-000738,2025-09-05,2025-09-05,,8.3,0.34,26,True
REQ-000739,2025-09-05,2025-09-06,2025-09-06,30.6,1.27,5,False
REQ-000740,2025-09-05,2025-09-05,2025-09-05,21.6,0.9,26,True
REQ-000741,2025-09-05,2025-09-05,,17.3,0.72,218,True
REQ-000742,2025-09-05,2025-09-05,,24.0,1.0,72,True
REQ-000743,2025-09-05,2025-09-05,2025-09-05,22.0,0.92,24,True
REQ-000744,2025-09-05,2025-09-05,,11.5,0.48,168,True
REQ-000745,2025-09-05,2025-09-05,2025-09-05,10.0,0.42,72,True
REQ-000746,2025-09-05,2025-09-08,,72.5,3.02,72,False
REQ-000747,2025-09-05,2025-09-06,,47.6,1.98,218,True
REQ-000748,2025-09-06,2025-09-06,2025-09-06,15.1,0.63,94,True
REQ-000750,2025-09-06,2025-09-07,2025-09-07,42.9,1.79,185,True
REQ-000751,2025-09-06,2025-09-09,2025-09-09,73.9,3.08,168,True
REQ-000752,2025-09-06,2025-09-07,,40.0,1.67,168,True
REQ-000753,2025-09-06,2025-09-07,2025-09-07,31.0,1.29,94,True
REQ-000754,2025-09-06,2025-09-07,,46.9,1.95,185,True
REQ-000755,2025-09-06,2025-09-06,,13.7,0.57,79,True
REQ-000756,2025-09-06,2025-09-07,2025-09-07,35.4,1.47,218,True
REQ-000757,2025-09-06,2025-09-07,2025-09-07,31.3,1.3,31,False
REQ-000758,2025-09-06,2025-09-07,2025-09-07,39.7,1.65,168,True
REQ-000759,2025-09-06,2025-09-06,2025-09-06,13.4,0.56,72,True
REQ-000760,2025-09-06,2025-09-07,,36.4,1.52,79,True
REQ-000761,2025-09-06,2025-09-07,2025-09-07,26.7,1.11,72,True
REQ-000762,2025-09-06,2025-09-06,,10.4,0.44,218,True
REQ-000763,2025-09-07,2025-09-07,2025-09-07,10.5,0.44,72,True
REQ-000764,2025-09-07,2025-09-08,2025-09-08,47.1,1.96,72,True
REQ-000765,2025-09-07,2025-09-07,2025-09-07,19.6,0.82,31,True
REQ-000766,2025-09-07,2025-09-07,2025-09-07,21.3,0.89,79,True
REQ-000767,2025-09-07,2025-09-07,2025-09-07,15.9,0.66,72,True
REQ-000768,2025-09-07,2025-09-07,,19.1,0.8,72,True
REQ-000769,2025-09-07,2025-09-08,,42.6,1.77,218,True
REQ-000770,2025-09-07,2025-09-07,2025-09-07,20.7,0.86,168,True
REQ-000771,2025-09-08,2025-09-09,2025-09-09,46.7,1.95,72,True
REQ-000773,2025-09-08,2025-09-08,2025-09-08,17.8,0.74,185,True
REQ-000774,2025-09-08,2025-09-09,2025-09-09,45.2,1.88,218,True
REQ-000775,2025-09-08,2025-09-09,2025-09-09,26.2,1.09,168,True
REQ-000776,2025-09-08,2025-09-09,,28.1,1.17,168,True
REQ-000777,2025-09-08,2025-09-09,,30.3,1.26,168,True
REQ-000778,2025-09-08,2025-09-08,,19.9,0.83,185,True
REQ-000779,2025-09-08,2025-09-11,2025-09-11,76.0,3.17,218,True
REQ-000780,2025-09-08,2025-09-09,2025-09-09,24.4,1.02,24,False
REQ-000781,2025-09-08,2025-09-09,2025-09-09,30.9,1.29,94,True
REQ-000783,2025-09-08,2025-09-09,2025-09-09,33.7,1.4,72,True
REQ-000784,2025-09-08,2025-09-12,2025-09-12,119.4,4.98,168,True
REQ-000785,2025-09-08,2025-09-08,,21.8,0.91,218,True
REQ-000786,2025-09-08,2025-09-09,,26.6,1.11,218,True
REQ-000787,2025-09-08,2025-09-08,,5.6,0.23,218,True
REQ-000788,2025-09-08,2025-09-08,2025-09-08,17.4,0.73,94,True
REQ-000789,2025-09-08,2025-09-09,,44.5,1.86,168,True
REQ-000790,2025-09-08,2025-09-11,,84.4,3.52,218,True
REQ-000791,2025-09-08,2025-09-08,2025-09-08,5.9,0.25,24,True
REQ-000792,2025-09-08,2025-09-09,,34.0,1.42,185,True
REQ-000793,2025-09-09,2025-09-09,2025-09-09,15.4,0.64,24,True
REQ-000794,2025-09-09,2025-09-09,,11.8,0.49,218,True
REQ-000795,2025-09-09,2025-09-09,,10.3,0.43,185,True
REQ-000798,2025-09-09,2025-09-10,,28.0,1.17,168,True
REQ-000799,2025-09-09,2025-09-09,2025-09-09,21.0,0.87,72,True
REQ-000800,2025-09-09,2025-09-10,2025-09-10,37.1,1.54,26,False
REQ-000801,2025-09-09,2025-09-10,2025-09-10,31.8,1.32,185,True
REQ-000802,2025-09-09,2025-09-10,2025-09-10,28.9,1.2,168,True
REQ-000803,2025-09-09,2025-09-09,2025-09-09,10.3,0.43,24,True
REQ-000804,2025-09-09,2025-09-09,2025-09-09,3.1,0.13,168,True
REQ-000806,2025-09-09,2025-09-11,,54.0,2.25,168,True
REQ-000807,2025-09-09,2025-09-09,2025-09-09,4.1,0.17,5,True
REQ-000808,2025-09-09,2025-09-09,,21.5,0.9,168,True
REQ-000809,2025-09-09,2025-09-09,,16.3,0.68,168,True
REQ-000811,2025-09-09,2025-09-10,2025-09-10,34.4,1.43,26,False
REQ-000812,2025-09-09,2025-09-11,,68.2,2.84,185,True
REQ-000813,2025-09-09,2025-09-09,2025-09-09,2.7,0.11,168,True
REQ-000814,2025-09-09,2025-09-11,2025-09-11,66.9,2.79,218,True
REQ-000815,2025-09-10,2025-09-10,2025-09-10,21.2,0.88,4,False
REQ-000816,2025-09-10,2025-09-12,2025-09-12,55.5,2.31,72,True
REQ-000817,2025-09-10,2025-09-11,2025-09-11,24.4,1.02,168,True
REQ-000818,2025-09-10,2025-09-10,2025-09-10,2.0,0.08,4,True
REQ-000819,2025-09-10,2025-09-10,,14.7,0.61,79,True
REQ-000820,2025-09-10,2025-09-10,2025-09-10,19.1,0.8,26,True
REQ-000822,2025-09-10,2025-09-10,,4.6,0.19,168,True
REQ-000823,2025-09-10,2025-09-14,2025-09-14,112.3,4.68,185,True
REQ-000824,2025-09-10,2025-09-10,2025-09-10,22.0,0.92,24,True
REQ-000825,2025-09-10,2025-09-10,2025-09-10,23.5,0.98,72,True
REQ-000826,2025-09-10,2025-09-10,2025-09-10,11.2,0.47,31,True
REQ-000827,2025-09-10,2025-09-11,2025-09-11,33.5,1.39,72,True
REQ-000828,2025-09-10,2025-09-11,2025-09-11,27.5,1.15,185,True
REQ-000829,2025-09-10,2025-09-11,2025-09-11,27.0,1.13,72,True
REQ-000830,2025-09-10,2025-09-11,2025-09-11,31.3,1.3,94,True
REQ-000831,2025-09-10,2025-09-10,,9.3,0.39,72,True
REQ-000832,2025-09-10,2025-09-10,2025-09-10,19.9,0.83,94,True
REQ-000833,2025-09-10,2025-09-11,2025-09-11,29.3,1.22,72,True
REQ-000834,2025-09-10,2025-09-10,2025-09-10,8.0,0.33,72,True
REQ-000835,2025-09-10,2025-09-10,,23.4,0.98,31,True
REQ-000836,2025-09-10,2025-09-10,2025-09-10,23.3,0.97,185,True
REQ-000837,2025-09-10,2025-09-10,2025-09-10,10.2,0.43,72,True
REQ-000838,2025-09-10,2025-09-13,2025-09-13,73.5,3.06,94,True
REQ-000839,2025-09-10,2025-09-11,2025-09-11,37.1,1.55,72,True
REQ-000840,2025-09-10,2025-09-11,,28.8,1.2,94,True
REQ-000841,2025-09-10,2025-09-10,2025-09-10,13.2,0.55,168,True
REQ-000842,2025-09-11,2025-09-12,,35.2,1.47,185,True
REQ-000843,2025-09-11,2025-09-11,2025-09-11,14.6,0.61,72,True
REQ-000844,2025-09-11,2025-09-11,,10.9,0.45,4,False
REQ-000845,2025-09-11,2025-09-11,2025-09-11,11.7,0.49,79,True
REQ-000847,2025-09-11,2025-09-11,,22.3,0.93,218,True
REQ-000848,2025-09-11,2025-09-12,,28.5,1.19,79,True
REQ-000849,2025-09-11,2025-09-11,,15.9,0.66,72,True
REQ-000850,2025-09-11,2025-09-11,2025-09-11,12.7,0.53,5,False
REQ-000851,2025-09-11,2025-09-11,,14.9,0.62,218,True
REQ-000853,2025-09-11,2025-09-11,2025-09-11,13.2,0.55,168,True
REQ-000854,2025-09-11,2025-09-11,2025-09-11,13.3,0.55,168,True
REQ-000855,2025-09-11,2025-09-11,,16.1,0.67,24,True
REQ-000856,2025-09-11,2025-09-12,,47.2,1.96,218,True
REQ-000857,2025-09-11,2025-09-11,2025-09-11,16.2,0.67,26,True
REQ-000858,2025-09-11,2025-09-11,,8.1,0.34,26,True
REQ-000859,2025-09-11,2025-09-13,2025-09-13,70.6,2.94,168,True
REQ-000860,2025-09-11,2025-09-11,2025-09-11,10.1,0.42,31,True
REQ-000861,2025-09-12,2025-09-12,2025-09-12,7.8,0.32,26,True
REQ-000863,2025-09-12,2025-09-13,2025-09-13,38.6,1.61,168,True
REQ-000864,2025-09-12,2025-09-12,,17.7,0.74,218,True
REQ-000865,2025-09-12,2025-09-13,2025-09-13,24.1,1.01,218,True
REQ-000866,2025-09-12,2025-09-13,,29.9,1.25,168,True
REQ-000867,2025-09-12,2025-09-15,,81.9,3.41,218,True
REQ-000868,2025-09-12,2025-09-14,2025-09-14,55.3,2.3,168,True
REQ-000869,2025-09-12,2025-09-13,,25.1,1.05,24,False
REQ-000870,2025-09-12,2025-09-13,2025-09-13,46.2,1.93,79,True
REQ-000871,2025-09-12,2025-09-16,,100.7,4.2,185,True
REQ-000873,2025-09-12,2025-09-12,2025-09-12,11.2,0.47,218,True
REQ-000874,2025-09-12,2025-09-12,2025-09-12,12.3,0.51,168,True
REQ-000875,2025-09-12,2025-09-12,2025-09-12,15.6,0.65,72,True
REQ-000876,2025-09-12,2025-09-13,,45.1,1.88,168,True
REQ-000877,2025-09-12,2025-09-12,2025-09-12,20.1,0.84,4,False
REQ-000878,2025-09-12,2025-09-13,2025-09-13,30.3,1.26,79,True
REQ-000879,2025-09-12,2025-09-12,2025-09-12,7.3,0.3,168,True
REQ-000880,2025-09-12,2025-09-13,2025-09-13,30.0,1.25,79,True
REQ-000882,2025-09-12,2025-09-13,2025-09-13,37.0,1.54,168,True
REQ-000883,2025-09-12,2025-09-12,2025-09-12,14.9,0.62,31,True
REQ-000884,2025-09-12,2025-09-12,,18.0,0.75,218,True
REQ-000885,2025-09-12,2025-09-12,,13.7,0.57,185,True
REQ-000886,2025-09-12,2025-09-14,2025-09-14,51.8,2.16,168,True
REQ-000887,2025-09-12,2025-09-15,2025-09-15,78.3,3.26,24,False
REQ-000888,2025-09-12,2025-09-14,,51.3,2.14,72,True
REQ-000889,2025-09-12,2025-09-13,,44.5,1.85,218,True
REQ-000890,2025-09-12,2025-09-13,2025-09-13,30.2,1.26,24,False
REQ-000891,2025-09-12,2025-09-14,,51.4,2.14,168,True
REQ-000892,2025-09-12,2025-09-14,,59.5,2.48,218,True
REQ-000893,2025-09-13,2025-09-13,2025-09-13,19.7,0.82,218,True
REQ-000894,2025-09-13,2025-09-13,2025-09-13,14.3,0.6,94,True
REQ-000895,2025-09-13,2025-09-13,2025-09-13,21.8,0.91,94,True
REQ-000896,2025-09-13,2025-09-13,2025-09-13,15.4,0.64,24,True
REQ-000897,2025-09-13,2025-09-13,2025-09-13,23.2,0.97,168,True
REQ-000898,2025-09-13,2025-09-16,,73.4,3.06,218,True
REQ-000899,2025-09-13,2025-09-13,2025-09-13,6.5,0.27,218,True
REQ-000901,2025-09-14,2025-09-18,,111.4,4.64,218,True
REQ-000902,2025-09-14,2025-09-14,2025-09-14,17.4,0.73,4,False
REQ-000903,2025-09-14,2025-09-14,2025-09-14,17.0,0.71,24,True
REQ-000904,2025-09-14,2025-09-14,2025-09-14,20.6,0.86,24,True
REQ-000905,2025-09-14,2025-09-15,2025-09-15,27.6,1.15,168,True
REQ-000906,2025-09-14,2025-09-14,,15.2,0.63,185,True
REQ-000907,2025-09-14,2025-09-15,2025-09-15,24.2,1.01,218,True
REQ-000908,2025-09-14,2025-09-16,2025-09-16,60.9,2.54,218,True
REQ-000909,2025-09-14,2025-09-17,,86.8,3.62,94,True
REQ-000910,2025-09-14,2025-09-17,2025-09-17,82.7,3.45,94,True
REQ-000911,2025-09-15,2025-09-15,2025-09-15,17.5,0.73,72,True
REQ-000912,2025-09-15,2025-09-16,2025-09-16,26.5,1.1,185,True
REQ-000913,2025-09-15,2025-09-16,2025-09-16,32.9,1.37,94,True
REQ-000914,2025-09-15,2025-09-15,,16.2,0.67,168,True
REQ-000915,2025-09-15,2025-09-16,,25.3,1.05,26,True
REQ-000916,2025-09-15,2025-09-16,2025-09-16,34.3,1.43,218,True
REQ-000917,2025-09-15,2025-09-16,2025-09-16,32.9,1.37,4,False
REQ-000918,2025-09-15,2025-09-15,,9.8,0.41,72,True
REQ-000919,2025-09-15,2025-09-15,,8.7,0.36,218,True
REQ-000920,2025-09-15,2025-09-16,2025-09-16,35.6,1.48,168,True
REQ-000921,2025-09-15,2025-09-15,,16.1,0.67,94,True
REQ-000922,2025-09-15,2025-09-18,2025-09-18,87.4,3.64,218,True
REQ-000923,2025-09-15,2025-09-15,,13.8,0.57,94,True
REQ-000924,2025-09-15,2025-09-15,2025-09-15,13.3,0.56,72,True
REQ-000925,2025-09-15,2025-09-15,2025-09-15,23.7,0.99,218,True
REQ-000926,2025-09-15,2025-09-17,2025-09-17,65.5,2.73,94,True
REQ-000927,2025-09-15,2025-09-19,2025-09-19,112.1,4.67,94,False
REQ-000928,2025-09-15,2025-09-15,,6.8,0.28,72,True
REQ-000929,2025-09-15,2025-09-15,,16.4,0.68,218,True
REQ-000930,2025-09-15,2025-09-16,2025-09-16,30.3,1.26,72,True
REQ-000931,2025-09-16,2025-09-18,2025-09-18,51.2,2.14,218,True
REQ-000932,2025-09-16,2025-09-18,,50.5,2.1,218,True
REQ-000933,2025-09-16,2025-09-18,2025-09-18,66.9,2.79,168,True
REQ-000934,2025-09-16,2025-09-19,,94.1,3.92,185,True
REQ-000935,2025-09-16,2025-09-17,2025-09-17,45.5,1.89,185,True
REQ-000936,2025-09-16,2025-09-17,2025-09-17,35.7,1.49,168,True
REQ-000937,2025-09-16,2025-09-17,,35.9,1.5,168,True
REQ-000938,2025-09-16,2025-09-17,,25.9,1.08,168,True
REQ-000939,2025-09-16,2025-09-18,2025-09-18,65.2,2.72,218,True
REQ-000940,2025-09-16,2025-09-18,,68.5,2.85,79,True
REQ-000941,2025-09-16,2025-09-17,2025-09-17,36.4,1.52,94,True
REQ-000942,2025-09-16,2025-09-17,,28.8,1.2,72,True
REQ-000943,2025-09-16,2025-09-16,2025-09-16,20.3,0.85,168,True
REQ-000944,2025-09-16,2025-09-17,2025-09-17,40.6,1.69,72,True
REQ-000945,2025-09-16,2025-09-18,,51.1,2.13,218,True
REQ-000946,2025-09-16,2025-09-17,,34.9,1.45,218,True
REQ-000947,2025-09-16,2025-09-17,2025-09-17,25.5,1.06,168,True
REQ-000948,2025-09-16,2025-09-16,,18.0,0.75,185,True
REQ-000949,2025-09-16,2025-09-17,,29.3,1.22,168,True
REQ-000950,2025-09-17,2025-09-19,,52.9,2.2,72,True
REQ-000951,2025-09-17,2025-09-17,,11.6,0.48,218,True
REQ-000952,2025-09-17,2025-09-17,2025-09-17,8.9,0.37,218,True
REQ-000953,2025-09-17,2025-09-17,,9.6,0.4,168,True
REQ-000954,2025-09-17,2025-09-17,2025-09-17,11.1,0.46,31,True
REQ-000955,2025-09-17,2025-09-17,2025-09-17,17.7,0.74,79,True
REQ-000956,2025-09-17,2025-09-17,,7.0,0.29,31,True
REQ-000957,2025-09-17,2025-09-17,,13.0,0.54,218,True
REQ-000958,2025-09-17,2025-09-17,2025-09-17,23.9,1.0,185,True
REQ-000959,2025-09-17,2025-09-18,2025-09-18,26.4,1.1,168,True
REQ-000960,2025-09-17,2025-09-17,,21.8,0.91,218,True
REQ-000961,2025-09-17,2025-09-17,2025-09-17,12.0,0.5,218,True
REQ-000962,2025-09-17,2025-09-18,2025-09-18,31.8,1.33,168,True
REQ-000963,2025-09-17,2025-09-19,,64.0,2.66,218,True
REQ-000964,2025-09-17,2025-09-17,2025-09-17,15.0,0.63,218,True
REQ-000965,2025-09-17,2025-09-22,,125.8,5.24,168,True
REQ-000966,2025-09-17,2025-09-17,,19.8,0.83,72,True
REQ-000967,2025-09-17,2025-09-17,2025-09-17,17.9,0.75,185,True
REQ-000968,2025-09-17,2025-09-18,2025-09-18,31.5,1.31,218,True
REQ-000969,2025-09-17,2025-09-18,2025-09-18,42.2,1.76,168,True
REQ-000970,2025-09-17,2025-09-18,2025-09-18,25.9,1.08,31,True
REQ-000971,2025-09-18,2025-09-20,2025-09-20,59.5,2.48,79,True
REQ-000972,2025-09-18,2025-09-18,2025-09-18,9.4,0.39,79,True
REQ-000973,2025-09-18,2025-09-18,2025-09-18,12.4,0.51,24,True
REQ-000974,2025-09-18,2025-09-21,2025-09-21,95.8,3.99,168,True
REQ-000975,2025-09-18,2025-09-18,2025-09-18,20.8,0.87,168,True
REQ-000976,2025-09-18,2025-09-19,2025-09-19,38.6,1.61,218,True
REQ-000977,2025-09-18,2025-09-19,,26.0,1.08,185,True
REQ-000978,2025-09-18,2025-09-19,,45.2,1.88,218,True
REQ-000979,2025-09-18,2025-09-18,2025-09-18,17.2,0.72,218,True
REQ-000980,2025-09-18,2025-09-18,2025-09-18,9.0,0.38,94,True
REQ-000981,2025-09-18,2025-09-19,2025-09-19,34.4,1.43,79,True
REQ-000982,2025-09-18,2025-09-18,2025-09-18,21.8,0.91,168,True
REQ-000984,2025-09-18,2025-09-19,2025-09-19,45.7,1.91,168,True
REQ-000985,2025-09-18,2025-09-18,,22.2,0.93,218,True
REQ-000986,2025-09-18,2025-09-19,,24.8,1.03,26,True
REQ-000987,2025-09-18,2025-09-20,2025-09-20,60.6,2.53,185,True
REQ-000988,2025-09-18,2025-09-20,,57.1,2.38,94,True
REQ-000989,2025-09-18,2025-09-20,2025-09-20,56.7,2.36,185,True
REQ-000990,2025-09-18,2025-09-21,,90.9,3.79,218,True
REQ-000991,2025-09-18,2025-09-19,,32.6,1.36,168,True
REQ-000992,2025-09-18,2025-09-19,,46.6,1.94,94,True
REQ-000993,2025-09-18,2025-09-19,2025-09-19,34.2,1.43,79,True
REQ-000994,2025-09-18,2025-09-22,,99.6,4.15,168,True
REQ-000995,2025-09-19,2025-09-19,2025-09-19,13.1,0.55,24,True
REQ-000996,2025-09-19,2025-09-20,2025-09-20,28.0,1.17,218,True
REQ-000997,2025-09-19,2025-09-19,2025-09-19,15.2,0.63,168,True
REQ-000998,2025-09-19,2025-09-19,,11.7,0.49,94,True
REQ-001000,2025-09-19,2025-09-19,,3.9,0.16,4,True
REQ-001001,2025-09-19,2025-09-19,,19.0,0.79,24,True
REQ-001002,2025-09-19,2025-09-19,2025-09-19,8.0,0.33,168,True
REQ-001003,2025-09-19,2025-09-20,2025-09-20,25.8,1.08,24,False
REQ-001004,2025-09-19,2025-09-22,,95.1,3.96,218,True
REQ-001005,2025-09-19,2025-09-19,,10.8,0.45,4,False
REQ-001006,2025-09-19,2025-09-19,,21.7,0.9,79,True
REQ-001007,2025-09-19,2025-09-20,2025-09-20,24.9,1.04,72,True
REQ-001008,2025-09-19,2025-09-19,2025-09-19,21.8,0.91,72,True
REQ-001009,2025-09-19,2025-09-19,,20.0,0.83,168,True
REQ-001010,2025-09-19,2025-09-19,2025-09-19,9.7,0.4,26,True
REQ-001011,2025-09-19,2025-09-20,2025-09-20,41.9,1.75,24,False
REQ-001012,2025-09-19,2025-09-19,2025-09-19,6.0,0.25,94,True
REQ-001013,2025-09-19,2025-09-19,2025-09-19,11.1,0.46,185,True
REQ-001014,2025-09-19,2025-09-20,2025-09-20,28.2,1.17,4,False
REQ-001015,2025-09-19,2025-09-19,2025-09-19,3.4,0.14,24,True
REQ-001016,2025-09-19,2025-09-19,2025-09-19,19.7,0.82,185,True
REQ-001017,2025-09-19,2025-09-20,,47.7,1.99,168,True
REQ-001018,2025-09-20,2025-09-22,,59.9,2.5,185,True
REQ-001019,2025-09-20,2025-09-21,2025-09-21,29.1,1.21,79,True
REQ-001020,2025-09-20,2025-09-20,,6.6,0.28,218,True
REQ-001021,2025-09-20,2025-09-21,,40.4,1.68,168,True
REQ-001022,2025-09-20,2025-09-21,,31.7,1.32,218,True
REQ-001023,2025-09-20,2025-09-22,2025-09-22,58.1,2.42,218,True
REQ-001024,2025-09-20,2025-09-22,,48.6,2.02,168,True
REQ-001025,2025-09-20,2025-09-22,,53.2,2.22,79,True
REQ-001026,2025-09-21,2025-09-21,,22.8,0.95,168,True
REQ-001027,2025-09-21,2025-09-21,2025-09-21,9.8,0.41,72,True
REQ-001028,2025-09-21,2025-09-21,2025-09-21,16.1,0.67,26,True
REQ-001029,2025-09-21,2025-09-21,2025-09-21,7.7,0.32,72,True
REQ-001030,2025-09-21,2025-09-24,,90.8,3.78,168,True
REQ-001031,2025-09-21,2025-09-22,2025-09-22,36.4,1.52,72,True
REQ-001032,2025-09-22,2025-09-22,2025-09-22,11.8,0.49,24,True
REQ-001033,2025-09-22,2025-09-28,,165.5,6.89,218,True
REQ-001034,2025-09-22,2025-09-22,2025-09-22,13.1,0.55,24,True
REQ-001035,2025-09-22,2025-09-26,,100.0,4.16,218,True
REQ-001036,2025-09-22,2025-09-22,2025-09-22,10.8,0.45,72,True
REQ-001037,2025-09-22,2025-09-24,2025-09-24,60.5,2.52,31,False
REQ-001038,2025-09-22,2025-09-22,2025-09-22,10.9,0.46,185,True
REQ-001039,2025-09-22,2025-09-23,,25.0,1.04,31,True
REQ-001040,2025-09-22,2025-09-23,,28.8,1.2,72,True
REQ-001041,2025-09-22,2025-09-26,,106.1,4.42,185,True
REQ-001042,2025-09-22,2025-09-23,2025-09-23,47.1,1.96,185,True
REQ-001043,2025-09-22,2025-09-22,,6.8,0.28,24,True
REQ-001044,2025-09-22,2025-09-23,,34.0,1.42,168,True
REQ-001045,2025-09-22,2025-09-22,2025-09-22,12.4,0.52,94,True
REQ-001046,2025-09-22,2025-09-22,2025-09-22,5.1,0.21,72,True
REQ-001047,2025-09-22,2025-09-22,2025-09-22,14.1,0.59,185,True
REQ-001048,2025-09-22,2025-09-23,2025-09-23,41.0,1.71,79,True
REQ-001049,2025-09-22,2025-09-25,2025-09-25,74.6,3.11,72,False
REQ-001051,2025-09-23,2025-09-23,2025-09-23,9.6,0.4,185,True
REQ-001052,2025-09-23,2025-09-23,2025-09-23,13.8,0.57,4,False
REQ-001053,2025-09-23,2025-09-23,,21.2,0.89,185,True
REQ-001054,2025-09-23,2025-09-23,2025-09-23,13.0,0.54,31,True
REQ-001055,2025-09-23,2025-09-24,2025-09-24,33.5,1.39,168,True
REQ-001056,2025-09-23,2025-09-23,,13.1,0.54,24,True
REQ-001057,2025-09-23,2025-09-23,,14.5,0.61,168,True
REQ-001058,2025-09-23,2025-09-23,2025-09-23,12.9,0.54,5,False
REQ-001059,2025-09-23,2025-09-24,2025-09-24,38.0,1.58,72,True
REQ-001060,2025-09-23,2025-09-24,,45.0,1.88,218,True
REQ-001061,2025-09-23,2025-09-23,2025-09-23,16.6,0.69,72,True
REQ-001062,2025-09-23,2025-09-24,2025-09-24,35.4,1.48,72,True
REQ-001064,2025-09-23,2025-09-24,2025-09-24,28.1,1.17,168,True
REQ-001065,2025-09-23,2025-09-25,2025-09-25,54.0,2.25,168,True
REQ-001066,2025-09-23,2025-09-23,,20.3,0.85,168,True
REQ-001067,2025-09-23,2025-09-23,2025-09-23,12.2,0.51,185,True
REQ-001068,2025-09-23,2025-09-24,,29.9,1.24,185,True
REQ-001069,2025-09-23,2025-09-23,2025-09-23,8.7,0.36,72,True
REQ-001070,2025-09-23,2025-09-23,2025-09-23,1.6,0.07,31,True
REQ-001071,2025-09-23,2025-09-24,,29.2,1.22,72,True
REQ-001073,2025-09-23,2025-09-23,2025-09-23,9.2,0.38,185,True
REQ-001074,2025-09-23,2025-09-27,2025-09-27,103.9,4.33,168,True
REQ-001075,2025-09-24,2025-09-25,,26.1,1.09,185,True
REQ-001076,2025-09-24,2025-09-24,2025-09-24,17.5,0.73,168,True
REQ-001078,2025-09-24,2025-09-24,2025-09-24,19.6,0.82,168,True
REQ-001079,2025-09-24,2025-09-24,,19.3,0.8,79,True
REQ-001080,2025-09-24,2025-09-24,2025-09-24,7.3,0.3,24,True
REQ-001081,2025-09-24,2025-09-25,2025-09-25,35.5,1.48,94,True
REQ-001082,2025-09-24,2025-09-29,,143.9,5.99,185,True
REQ-001083,2025-09-24,2025-09-24,,6.8,0.28,72,True
REQ-001084,2025-09-24,2025-09-24,2025-09-24,8.7,0.36,26,True
REQ-001085,2025-09-24,2025-09-24,,19.2,0.8,31,True
REQ-001086,2025-09-24,2025-09-24,2025-09-24,23.4,0.98,168,True
REQ-001087,2025-09-24,2025-09-24,2025-09-24,10.4,0.43,5,False
REQ-001088,2025-09-24,2025-09-24,2025-09-24,20.7,0.86,72,True
REQ-001089,2025-09-24,2025-09-24,2025-09-24,18.6,0.77,31,True
REQ-001090,2025-09-24,2025-09-24,2025-09-24,7.6,0.31,218,True
REQ-001091,2025-09-24,2025-09-24,2025-09-24,17.3,0.72,79,True
REQ-001092,2025-09-24,2025-09-25,2025-09-25,33.7,1.41,24,False
REQ-001093,2025-09-24,2025-09-24,2025-09-24,11.3,0.47,168,True
REQ-001094,2025-09-24,2025-09-24,,9.9,0.41,5,False
REQ-001095,2025-09-25,2025-09-25,2025-09-25,7.3,0.31,31,True
REQ-001096,2025-09-25,2025-09-27,,55.1,2.3,79,True
REQ-001097,2025-09-25,2025-09-27,,69.8,2.91,185,True
REQ-001098,2025-09-25,2025-09-26,2025-09-26,36.6,1.52,185,True
REQ-001099,2025-09-25,2025-09-29,2025-09-29,96.7,4.03,79,False
REQ-001100,2025-09-25,2025-09-25,2025-09-25,17.1,0.71,5,False
REQ-001101,2025-09-25,2025-09-25,2025-09-25,14.0,0.58,72,True
REQ-001102,2025-09-25,2025-09-25,,16.4,0.68,185,True
REQ-001103,2025-09-25,2025-09-26,,38.1,1.59,79,True
REQ-001104,2025-09-25,2025-09-25,,21.9,0.91,24,True
REQ-001105,2025-09-25,2025-09-26,,31.1,1.3,168,True
REQ-001106,2025-09-25,2025-09-26,2025-09-26,37.1,1.55,72,True
REQ-001107,2025-09-25,2025-09-26,,41.7,1.74,168,True
REQ-001108,2025-09-25,2025-09-25,2025-09-25,22.4,0.93,218,True
REQ-001109,2025-09-25,2025-09-25,,14.0,0.58,168,True
REQ-001110,2025-09-25,2025-09-26,,36.9,1.54,26,False
REQ-001111,2025-09-25,2025-09-25,2025-09-25,19.4,0.81,185,True
REQ-001112,2025-09-25,2025-09-25,2025-09-25,14.1,0.59,72,True
REQ-001113,2025-09-26,2025-09-27,2025-09-27,26.3,1.1,72,True
REQ-001114,2025-09-26,2025-09-26,2025-09-26,11.4,0.48,168,True
REQ-001115,2025-09-26,2025-09-29,2025-09-29,90.4,3.77,185,True
REQ-001116,2025-09-26,2025-09-26,,16.2,0.67,72,True
REQ-001117,2025-09-26,2025-09-26,2025-09-26,14.6,0.61,218,True
REQ-001118,2025-09-26,2025-09-26,,11.2,0.47,218,True
REQ-001119,2025-09-26,2025-09-26,2025-09-26,15.4,0.64,24,True
REQ-001120,2025-09-26,2025-09-26,2025-09-26,16.7,0.7,94,True
REQ-001121,2025-09-26,2025-09-27,,27.0,1.13,168,True
REQ-001122,2025-09-26,2025-09-26,,10.6,0.44,24,True
REQ-001123,2025-09-26,2025-09-27,,31.2,1.3,218,True
REQ-001124,2025-09-26,2025-09-27,2025-09-27,30.1,1.26,94,True
REQ-001125,2025-09-26,2025-09-27,2025-09-27,45.2,1.88,185,True
REQ-001126,2025-09-26,2025-09-29,2025-09-29,89.2,3.72,168,True
REQ-001127,2025-09-26,2025-09-27,2025-09-27,34.5,1.44,31,False
REQ-001128,2025-09-26,2025-09-27,2025-09-27,35.6,1.48,72,True
REQ-001129,2025-09-26,2025-09-27,2025-09-27,30.3,1.26,218,True
REQ-001130,2025-09-26,2025-09-26,,21.7,0.91,72,True
REQ-001131,2025-09-27,2025-09-28,,39.3,1.64,218,True
REQ-001132,2025-09-27,2025-09-28,,25.1,1.04,31,True
REQ-001134,2025-09-27,2025-09-27,2025-09-27,6.8,0.28,72,True
REQ-001135,2025-09-27,2025-09-30,,79.0,3.29,168,True
REQ-001136,2025-09-27,2025-09-27,2025-09-27,14.1,0.59,168,True
REQ-001138,2025-09-28,2025-09-30,,72.0,3.0,168,True
REQ-001139,2025-09-28,2025-09-29,2025-09-29,37.7,1.57,24,False
REQ-001140,2025-09-28,2025-09-29,2025-09-29,45.0,1.87,218,True
REQ-001141,2025-09-28,2025-09-28,,3.6,0.15,72,True
REQ-001142,2025-09-28,2025-09-28,,14.9,0.62,218,True
REQ-001143,2025-09-28,2025-09-29,,46.0,1.92,72,True
REQ-001145,2025-09-28,2025-09-29,,33.0,1.38,168,True
REQ-001146,2025-09-29,2025-09-30,2025-09-30,37.8,1.58,218,True
REQ-001147,2025-09-29,2025-09-29,2025-09-29,17.6,0.73,24,True
REQ-001148,2025-09-29,2025-09-29,,11.0,0.46,185,True
REQ-001149,2025-09-29,2025-09-29,,9.5,0.4,24,True
REQ-001150,2025-09-29,2025-09-29,,7.8,0.33,31,True
REQ-001151,2025-09-29,2025-09-30,2025-09-30,24.7,1.03,168,True
REQ-001152,2025-09-29,2025-09-29,,19.0,0.79,185,True
REQ-001153,2025-09-29,2025-10-02,2025-10-02,78.6,3.28,94,True
REQ-001154,2025-09-29,2025-09-29,2025-09-29,11.3,0.47,72,True
REQ-001155,2025-09-29,2025-10-01,,67.4,2.81,24,False
REQ-001156,2025-09-29,2025-09-29,2025-09-29,3.6,0.15,79,True
REQ-001157,2025-09-29,2025-10-01,2025-10-01,55.2,2.3,26,False
REQ-001158,2025-09-29,2025-10-01,2025-10-01,71.2,2.97,185,True
REQ-001160,2025-09-29,2025-10-01,,66.2,2.76,168,True
REQ-001161,2025-09-29,2025-09-30,,26.4,1.1,79,True
REQ-001163,2025-09-30,2025-09-30,2025-09-30,19.8,0.83,218,True
REQ-001164,2025-09-30,2025-10-02,,59.7,2.49,94,True
REQ-001165,2025-09-30,2025-10-02,2025-10-02,57.8,2.41,218,True
REQ-001167,2025-09-30,2025-10-03,,94.6,3.94,218,True
REQ-001168,2025-09-30,2025-09-30,,22.8,0.95,94,True
REQ-001169,2025-09-30,2025-09-30,2025-09-30,15.6,0.65,94,True
REQ-001170,2025-09-30,2025-10-01,2025-10-01,25.2,1.05,185,True
REQ-001171,2025-09-30,2025-10-02,2025-10-02,53.8,2.24,185,True
REQ-001172,2025-09-30,2025-10-02,2025-10-02,48.9,2.04,72,True
REQ-001173,2025-09-30,2025-09-30,2025-09-30,11.6,0.48,185,True
REQ-001174,2025-09-30,2025-10-01,2025-10-01,38.0,1.58,24,False
REQ-001175,2025-09-30,2025-10-01,2025-10-01,25.9,1.08,26,True
REQ-001176,2025-09-30,2025-10-01,2025-10-01,29.9,1.24,72,True
REQ-001177,2025-09-30,2025-09-30,2025-09-30,9.9,0.41,5,False
REQ-001178,2025-09-30,2025-10-01,2025-10-01,47.0,1.96,168,True
REQ-001179,2025-09-30,2025-10-01,2025-10-01,26.2,1.09,31,True
REQ-001180,2025-09-30,2025-09-30,2025-09-30,16.0,0.66,24,True
REQ-001181,2025-10-01,2025-10-01,2025-10-01,2.6,0.11,24,True
REQ-001182,2025-10-01,2025-10-04,,75.8,3.16,94,True
REQ-001183,2025-10-01,2025-10-01,2025-10-01,5.6,0.23,24,True
REQ-001184,2025-10-01,2025-10-02,2025-10-02,42.6,1.78,168,True
REQ-001185,2025-10-01,2025-10-03,2025-10-03,53.2,2.22,26,False
REQ-001186,2025-10-01,2025-10-01,2025-10-01,9.5,0.4,31,True
REQ-001187,2025-10-01,2025-10-01,,15.5,0.65,168,True
REQ-001188,2025-10-01,2025-10-01,2025-10-01,6.3,0.26,4,False
REQ-001189,2025-10-01,2025-10-01,2025-10-01,18.3,0.76,72,True
REQ-001190,2025-10-01,2025-10-02,2025-10-02,35.4,1.48,72,True
REQ-001191,2025-10-01,2025-10-01,2025-10-01,23.6,0.98,218,True
REQ-001192,2025-10-01,2025-10-01,2025-10-01,20.4,0.85,218,True
REQ-001193,2025-10-01,2025-10-01,2025-10-01,18.2,0.76,31,True
REQ-001194,2025-10-01,2025-10-02,2025-10-02,45.7,1.91,94,True
REQ-001195,2025-10-01,2025-10-01,2025-10-01,2.8,0.12,94,True
REQ-001196,2025-10-01,2025-10-01,2025-10-01,19.7,0.82,72,True
REQ-001198,2025-10-01,2025-10-05,,116.4,4.85,218,True
REQ-001199,2025-10-02,2025-10-03,,47.2,1.97,31,False
REQ-001200,2025-10-02,2025-10-04,2025-10-04,70.6,2.94,79,True
REQ-001201,2025-10-02,2025-10-02,2025-10-02,10.4,0.43,185,True
REQ-001202,2025-10-02,2025-10-02,2025-10-02,14.8,0.62,72,True
REQ-001203,2025-10-02,2025-10-02,2025-10-02,7.5,0.31,168,True
REQ-001204,2025-10-02,2025-10-02,,6.6,0.27,31,True
REQ-001205,2025-10-02,2025-10-02,2025-10-02,16.1,0.67,218,True
REQ-001206,2025-10-02,2025-10-02,2025-10-02,23.4,0.98,24,True
REQ-001207,2025-10-02,2025-10-02,2025-10-02,13.6,0.57,168,True
REQ-001208,2025-10-02,2025-10-03,,40.0,1.67,168,True
REQ-001209,2025-10-02,2025-10-03,,35.6,1.48,168,True
REQ-001210,2025-10-02,2025-10-03,2025-10-03,47.7,1.99,168,True
REQ-001211,2025-10-02,2025-10-02,,4.1,0.17,72,True
REQ-001212,2025-10-02,2025-10-02,2025-10-02,5.0,0.21,218,True
REQ-001213,2025-10-02,2025-10-03,2025-10-03,33.1,1.38,72,True
REQ-001214,2025-10-02,2025-10-02,2025-10-02,19.5,0.81,218,True
REQ-001215,2025-10-02,2025-10-02,2025-10-02,12.6,0.52,168,True
REQ-001216,2025-10-02,2025-10-02,2025-10-02,10.6,0.44,4,False
REQ-001217,2025-10-02,2025-10-04,,66.5,2.77,185,True
REQ-001218,2025-10-02,2025-10-04,,48.8,2.03,24,False
REQ-001219,2025-10-02,2025-10-03,2025-10-03,33.2,1.38,168,True
REQ-001220,2025-10-02,2025-10-05,2025-10-05,88.7,3.7,94,True
REQ-001221,2025-10-03,2025-10-03,2025-10-03,4.6,0.19,24,True
REQ-001222,2025-10-03,2025-10-05,2025-10-05,53.7,2.24,79,True
REQ-001223,2025-10-03,2025-10-03,2025-10-03,11.6,0.48,24,True
REQ-001224,2025-10-03,2025-10-04,2025-10-04,37.3,1.56,218,True
REQ-001225,2025-10-03,2025-10-04,2025-10-04,28.7,1.2,218,True
REQ-001226,2025-10-03,2025-10-04,2025-10-04,26.8,1.12,168,True
REQ-001227,2025-10-03,2025-10-04,,43.0,1.79,79,True
REQ-001228,2025-10-03,2025-10-03,2025-10-03,17.4,0.73,72,True
REQ-001229,2025-10-03,2025-10-03,2025-10-03,22.5,0.94,168,True
REQ-001230,2025-10-03,2025-10-03,2025-10-03,14.6,0.61,218,True
REQ-001231,2025-10-03,2025-10-04,,39.8,1.66,168,True
REQ-001232,2025-10-03,2025-10-03,,22.7,0.95,72,True
REQ-001233,2025-10-03,2025-10-04,2025-10-04,37.2,1.55,185,True
REQ-001234,2025-10-03,2025-10-04,2025-10-04,28.1,1.17,168,True
REQ-001235,2025-10-03,2025-10-04,2025-10-04,31.1,1.3,72,True
REQ-001236,2025-10-03,2025-10-03,2025-10-03,18.1,0.75,168,True
REQ-001237,2025-10-03,2025-10-03,2025-10-03,12.3,0.51,24,True
REQ-001238,2025-10-03,2025-10-05,,68.3,2.85,168,True
REQ-001239,2025-10-03,2025-10-04,,25.9,1.08,185,True
REQ-001240,2025-10-04,2025-10-04,2025-10-04,22.0,0.92,24,True
REQ-001241,2025-10-04,2025-10-05,2025-10-05,45.3,1.89,168,True
REQ-001242,2025-10-04,2025-10-04,2025-10-04,17.7,0.74,94,True
REQ-001243,2025-10-04,2025-10-04,,16.2,0.67,168,True
REQ-001244,2025-10-04,2025-10-04,2025-10-04,17.5,0.73,24,True
REQ-001246,2025-10-04,2025-10-04,2025-10-04,17.4,0.72,72,True
REQ-001247,2025-10-04,2025-10-05,2025-10-05,47.2,1.96,218,True
REQ-001249,2025-10-05,2025-10-05,2025-10-05,20.7,0.86,94,True
REQ-001250,2025-10-05,2025-10-06,2025-10-06,34.2,1.43,185,True
REQ-001251,2025-10-05,2025-10-09,,109.2,4.55,94,False
REQ-001252,2025-10-05,2025-10-05,2025-10-05,18.7,0.78,185,True
REQ-001254,2025-10-05,2025-10-05,2025-10-05,21.6,0.9,168,True
REQ-001255,2025-10-05,2025-10-06,2025-10-06,45.6,1.9,79,True
REQ-001257,2025-10-05,2025-10-05,,3.8,0.16,168,True
REQ-001258,2025-10-06,2025-10-08,2025-10-08,56.1,2.34,94,True
REQ-001259,2025-10-06,2025-10-08,2025-10-08,49.0,2.04,94,True
REQ-001260,2025-10-06,2025-10-06,,14.0,0.58,72,True
REQ-001262,2025-10-06,2025-10-07,2025-10-07,40.9,1.7,168,True
REQ-001263,2025-10-06,2025-10-06,,21.4,0.89,218,True
REQ-001264,2025-10-06,2025-10-06,2025-10-06,13.9,0.58,24,True
REQ-001265,2025-10-06,2025-10-06,,4.8,0.2,72,True
REQ-001266,2025-10-06,2025-10-07,2025-10-07,45.5,1.9,185,True
REQ-001267,2025-10-06,2025-10-07,2025-10-07,37.4,1.56,26,False
REQ-001268,2025-10-06,2025-10-06,,6.0,0.25,168,True
REQ-001269,2025-10-06,2025-10-06,2025-10-06,23.1,0.96,31,True
REQ-001270,2025-10-06,2025-10-07,2025-10-07,32.8,1.37,185,True
REQ-001271,2025-10-06,2025-10-07,2025-10-07,24.7,1.03,168,True
REQ-001272,2025-10-06,2025-10-06,,22.7,0.94,79,True
REQ-001273,2025-10-07,2025-10-08,2025-10-08,30.9,1.29,168,True
REQ-001274,2025-10-07,2025-10-09,2025-10-09,49.4,2.06,79,True
REQ-001275,2025-10-07,2025-10-07,2025-10-07,16.6,0.69,218,True
REQ-001276,2025-10-07,2025-10-07,2025-10-07,15.9,0.66,168,True
REQ-001277,2025-10-07,2025-10-07,2025-10-07,10.8,0.45,79,True
REQ-001278,2025-10-07,2025-10-08,2025-10-08,26.5,1.1,31,True
REQ-001279,2025-10-07,2025-10-07,2025-10-07,7.2,0.3,4,False
REQ-001280,2025-10-07,2025-10-07,2025-10-07,13.5,0.56,26,True
REQ-001281,2025-10-07,2025-10-08,2025-10-08,26.4,1.1,185,True
REQ-001282,2025-10-07,2025-10-07,,17.2,0.72,218,True
REQ-001283,2025-10-07,2025-10-08,2025-10-08,29.2,1.22,218,True
REQ-001284,2025-10-07,2025-10-08,,40.7,1.7,218,True
REQ-001285,2025-10-07,2025-10-08,2025-10-08,28.5,1.19,218,True
REQ-001286,2025-10-07,2025-10-07,2025-10-07,22.0,0.92,168,True
REQ-001287,2025-10-07,2025-10-08,2025-10-08,40.8,1.7,24,False
REQ-001288,2025-10-07,2025-10-07,2025-10-07,9.3,0.39,72,True
REQ-001289,2025-10-07,2025-10-08,,43.5,1.81,168,True
REQ-001290,2025-10-07,2025-10-07,2025-10-07,20.6,0.86,218,True
REQ-001291,2025-10-07,2025-10-07,2025-10-07,14.5,0.6,79,True
REQ-001292,2025-10-07,2025-10-07,2025-10-07,21.9,0.91,5,False
REQ-001293,2025-10-07,2025-10-08,2025-10-08,30.1,1.25,168,True
REQ-001294,2025-10-07,2025-10-09,,62.9,2.62,218,True
REQ-001295,2025-10-07,2025-10-07,,6.9,0.29,31,True
REQ-001296,2025-10-07,2025-10-11,2025-10-11,99.2,4.13,185,True
REQ-001298,2025-10-08,2025-10-11,,80.0,3.34,218,True
REQ-001299,2025-10-08,2025-10-08,,19.3,0.8,218,True
REQ-001300,2025-10-08,2025-10-08,,8.9,0.37,94,True
REQ-001301,2025-10-08,2025-10-08,2025-10-08,19.8,0.83,24,True
REQ-001302,2025-10-08,2025-10-08,,19.8,0.82,72,True
REQ-001303,2025-10-08,2025-10-08,,19.1,0.79,218,True
REQ-001304,2025-10-08,2025-10-09,2025-10-09,30.0,1.25,168,True
REQ-001305,2025-10-08,2025-10-10,,71.8,2.99,72,True
REQ-001306,2025-10-08,2025-10-08,,18.7,0.78,168,True
REQ-001307,2025-10-08,2025-10-08,2025-10-08,17.6,0.73,24,True
REQ-001308,2025-10-08,2025-10-11,,78.3,3.26,185,True
REQ-001309,2025-10-08,2025-10-08,2025-10-08,17.6,0.73,168,True
REQ-001310,2025-10-08,2025-10-09,,32.5,1.35,168,True
REQ-001311,2025-10-08,2025-10-08,2025-10-08,23.6,0.98,24,True
REQ-001313,2025-10-08,2025-10-10,2025-10-10,53.4,2.22,168,True
REQ-001314,2025-10-08,2025-10-08,2025-10-08,12.7,0.53,26,True
REQ-001315,2025-10-08,2025-10-08,2025-10-08,17.4,0.72,168,True
REQ-001316,2025-10-08,2025-10-09,2025-10-09,36.6,1.53,218,True
REQ-001317,2025-10-08,2025-10-08,2025-10-08,9.4,0.39,94,True
REQ-001318,2025-10-08,2025-10-09,,26.1,1.09,72,True
REQ-001319,2025-10-08,2025-10-10,,71.6,2.98,185,True
REQ-001320,2025-10-09,2025-10-10,,29.0,1.21,218,True
REQ-001321,2025-10-09,2025-10-09,2025-10-09,21.6,0.9,185,True
REQ-001322,2025-10-09,2025-10-09,2025-10-09,11.2,0.47,168,True
REQ-001323,2025-10-09,2025-10-10,,33.7,1.4,185,True
REQ-001324,2025-10-09,2025-10-10,2025-10-10,26.1,1.09,24,False
REQ-001325,2025-10-09,2025-10-09,2025-10-09,23.8,0.99,94,True
REQ-001326,2025-10-09,2025-10-10,,45.0,1.87,218,True
REQ-001327,2025-10-09,2025-10-09,2025-10-09,6.8,0.28,24,True
REQ-001328,2025-10-09,2025-10-11,2025-10-11,58.6,2.44,26,False
REQ-001329,2025-10-09,2025-10-10,,29.2,1.22,168,True
REQ-001330,2025-10-09,2025-10-09,,19.5,0.81,218,True
REQ-001332,2025-10-09,2025-10-10,,34.0,1.42,168,True
REQ-001333,2025-10-09,2025-10-11,2025-10-11,52.8,2.2,26,False
REQ-001334,2025-10-09,2025-10-18,,233.5,9.73,185,False
REQ-001335,2025-10-09,2025-10-09,2025-10-09,13.7,0.57,24,True
REQ-001336,2025-10-09,2025-10-10,2025-10-10,35.0,1.46,24,False
REQ-001337,2025-10-09,2025-10-09,2025-10-09,21.5,0.9,72,True
REQ-001338,2025-10-09,2025-10-09,,10.2,0.43,79,True
REQ-001339,2025-10-09,2025-10-11,2025-10-11,60.7,2.53,72,True
REQ-001340,2025-10-09,2025-10-09,2025-10-09,11.2,0.47,24,True
REQ-001341,2025-10-09,2025-10-09,2025-10-09,13.9,0.58,4,False
REQ-001342,2025-10-09,2025-10-15,,154.6,6.44,185,True
REQ-001343,2025-10-09,2025-10-10,2025-10-10,45.2,1.88,218,True
REQ-001345,2025-10-09,2025-10-10,2025-10-10,24.9,1.04,79,True
REQ-001346,2025-10-09,2025-10-11,,66.1,2.76,218,True
REQ-001347,2025-10-09,2025-10-09,,10.7,0.45,94,True
REQ-001348,2025-10-09,2025-10-09,,6.7,0.28,218,True
REQ-001349,2025-10-09,2025-10-10,,39.8,1.66,168,True
REQ-001350,2025-10-09,2025-10-09,2025-10-09,1.9,0.08,31,True
REQ-001351,2025-10-09,2025-10-15,,146.7,6.11,218,True
REQ-001352,2025-10-10,2025-10-11,2025-10-11,32.2,1.34,72,True
REQ-001353,2025-10-10,2025-10-11,2025-10-11,40.8,1.7,94,True
REQ-001355,2025-10-10,2025-10-10,,8.1,0.34,72,True
REQ-001356,2025-10-10,2025-10-10,2025-10-10,10.3,0.43,24,True
REQ-001358,2025-10-10,2025-10-10,,13.2,0.55,168,True
REQ-001359,2025-10-10,2025-10-11,2025-10-11,39.5,1.64,31,False
REQ-001360,2025-10-10,2025-10-12,,52.2,2.18,72,True
REQ-001361,2025-10-10,2025-10-10,,5.6,0.23,94,True
REQ-001362,2025-10-10,2025-10-11,,30.5,1.27,185,True
REQ-001363,2025-10-10,2025-10-13,2025-10-13,90.4,3.77,218,True
REQ-001364,2025-10-10,2025-10-10,2025-10-10,23.2,0.97,72,True
REQ-001365,2025-10-10,2025-10-11,2025-10-11,30.4,1.26,72,True
REQ-001366,2025-10-10,2025-10-10,2025-10-10,10.6,0.44,72,True
REQ-001367,2025-10-10,2025-10-14,2025-10-14,108.6,4.52,168,True
REQ-001368,2025-10-10,2025-10-10,,12.7,0.53,218,True
REQ-001369,2025-10-11,2025-10-12,2025-10-12,44.9,1.87,31,False
REQ-001370,2025-10-11,2025-10-15,,116.2,4.84,218,True
REQ-001371,2025-10-11,2025-10-14,2025-10-14,80.2,3.34,31,False
REQ-001372,2025-10-11,2025-10-11,,17.7,0.74,168,True
REQ-001373,2025-10-11,2025-10-11,2025-10-11,18.2,0.76,72,True
REQ-001374,2025-10-11,2025-10-13,,57.0,2.37,94,True
REQ-001375,2025-10-11,2025-10-12,,38.2,1.59,168,True
REQ-001376,2025-10-11,2025-10-12,2025-10-12,29.9,1.25,72,True
REQ-001377,2025-10-11,2025-10-11,2025-10-11,11.2,0.47,218,True
REQ-001378,2025-10-12,2025-10-13,2025-10-13,34.7,1.44,26,False
REQ-001379,2025-10-12,2025-10-12,,10.7,0.45,218,True
REQ-001381,2025-10-12,2025-10-12,2025-10-12,23.2,0.97,168,True
REQ-001382,2025-10-12,2025-10-14,2025-10-14,48.2,2.01,94,True
REQ-001383,2025-10-12,2025-10-13,2025-10-13,29.4,1.22,24,False
REQ-001384,2025-10-12,2025-10-13,,30.0,1.25,168,True
REQ-001385,2025-10-12,2025-10-12,2025-10-12,20.8,0.87,72,True
REQ-001386,2025-10-12,2025-10-13,,30.1,1.25,218,True
REQ-001389,2025-10-13,2025-10-15,2025-10-15,59.9,2.5,168,True
REQ-001390,2025-10-13,2025-10-15,2025-10-15,65.1,2.71,218,True
REQ-001391,2025-10-13,2025-10-13,,7.7,0.32,168,True
REQ-001392,2025-10-13,2025-10-14,2025-10-14,26.5,1.1,94,True
REQ-001393,2025-10-13,2025-10-16,2025-10-16,80.3,3.35,79,False
REQ-001394,2025-10-13,2025-10-14,2025-10-14,35.0,1.46,72,True
REQ-001395,2025-10-13,2025-10-14,2025-10-14,24.9,1.04,4,False
REQ-001396,2025-10-13,2025-10-14,2025-10-14,25.9,1.08,168,True
REQ-001397,2025-10-13,2025-10-14,2025-10-14,34.9,1.46,168,True
REQ-001398,2025-10-13,2025-10-13,,13.3,0.56,185,True
REQ-001400,2025-10-13,2025-10-14,2025-10-14,25.3,1.06,72,True
REQ-001401,2025-10-13,2025-10-13,,19.3,0.8,168,True
REQ-001402,2025-10-13,2025-10-13,2025-10-13,22.2,0.93,218,True
REQ-001403,2025-10-13,2025-10-14,2025-10-14,41.9,1.75,31,False
REQ-001404,2025-10-13,2025-10-13,,12.4,0.52,185,True
REQ-001405,2025-10-13,2025-10-13,2025-10-13,17.2,0.72,24,True
REQ-001406,2025-10-13,2025-10-14,,42.0,1.75,218,True
REQ-001407,2025-10-13,2025-10-14,,39.0,1.62,185,True
REQ-001409,2025-10-13,2025-10-13,2025-10-13,12.9,0.54,218,True
REQ-001410,2025-10-13,2025-10-16,,77.4,3.22,94,True
REQ-001411,2025-10-13,2025-10-16,,83.8,3.49,218,True
REQ-001412,2025-10-13,2025-10-14,2025-10-14,26.6,1.11,72,True
REQ-001413,2025-10-13,2025-10-16,,90.7,3.78,31,False
REQ-001414,2025-10-14,2025-10-14,2025-10-14,11.0,0.46,168,True
REQ-001415,2025-10-14,2025-10-14,,21.0,0.87,168,True
REQ-001416,2025-10-14,2025-10-14,2025-10-14,4.0,0.17,24,True
REQ-001417,2025-10-14,2025-10-15,,33.9,1.41,168,True
REQ-001418,2025-10-14,2025-10-15,,30.9,1.29,168,True
REQ-001419,2025-10-14,2025-10-15,,43.5,1.81,168,True
REQ-001420,2025-10-14,2025-10-17,2025-10-17,89.1,3.71,218,True
REQ-001421,2025-10-14,2025-10-15,2025-10-15,33.2,1.38,168,True
REQ-001422,2025-10-14,2025-10-14,2025-10-14,7.4,0.31,24,True
REQ-001423,2025-10-14,2025-10-14,2025-10-14,19.5,0.81,72,True
REQ-001424,2025-10-14,2025-10-15,2025-10-15,24.3,1.01,168,True
REQ-001425,2025-10-14,2025-10-16,2025-10-16,58.0,2.42,218,True
REQ-001426,2025-10-14,2025-10-14,2025-10-14,22.9,0.95,94,True
REQ-001427,2025-10-14,2025-10-15,2025-10-15,30.8,1.29,168,True
REQ-001428,2025-10-14,2025-10-15,,35.3,1.47,72,True
REQ-001429,2025-10-14,2025-10-15,2025-10-15,24.7,1.03,218,True
REQ-001430,2025-10-14,2025-10-18,2025-10-18,104.4,4.35,168,True
REQ-001431,2025-10-14,2025-10-16,2025-10-16,61.6,2.57,168,True
REQ-001432,2025-10-14,2025-10-14,2025-10-14,14.8,0.62,168,True
REQ-001433,2025-10-15,2025-10-15,2025-10-15,9.4,0.39,24,True
REQ-001434,2025-10-15,2025-10-15,2025-10-15,15.2,0.63,24,True
REQ-001436,2025-10-15,2025-10-16,2025-10-16,29.4,1.22,79,True
REQ-001437,2025-10-15,2025-10-15,2025-10-15,18.5,0.77,72,True
REQ-001438,2025-10-15,2025-10-15,2025-10-15,22.3,0.93,24,True
REQ-001439,2025-10-15,2025-10-16,2025-10-16,42.8,1.78,218,True
REQ-001440,2025-10-15,2025-10-16,2025-10-16,43.0,1.79,94,True
REQ-001441,2025-10-15,2025-10-17,,58.1,2.42,94,True
REQ-001442,2025-10-15,2025-10-15,2025-10-15,7.0,0.29,24,True
REQ-001443,2025-10-15,2025-10-16,,44.5,1.85,168,True
REQ-001444,2025-10-15,2025-10-16,2025-10-16,32.7,1.36,79,True
REQ-001445,2025-10-15,2025-10-16,2025-10-16,30.3,1.26,24,False
REQ-001446,2025-10-15,2025-10-15,,8.4,0.35,218,True
REQ-001447,2025-10-15,2025-10-17,,59.3,2.47,24,False
REQ-001448,2025-10-15,2025-10-17,,65.6,2.73,168,True
REQ-001449,2025-10-15,2025-10-15,2025-10-15,5.7,0.24,24,True
REQ-001450,2025-10-15,2025-10-16,2025-10-16,44.9,1.87,168,True
REQ-001451,2025-10-15,2025-10-18,2025-10-18,76.0,3.17,168,True
REQ-001452,2025-10-15,2025-10-15,,18.4,0.77,24,True
REQ-001453,2025-10-15,2025-10-15,,16.5,0.69,72,True
REQ-001454,2025-10-16,2025-10-16,,18.3,0.76,185,True
REQ-001455,2025-10-16,2025-10-17,2025-10-17,41.0,1.71,218,True
REQ-001456,2025-10-16,2025-10-16,,17.2,0.71,94,True
REQ-001457,2025-10-16,2025-10-16,2025-10-16,6.4,0.27,72,True
REQ-001458,2025-10-16,2025-10-17,,31.3,1.3,168,True
REQ-001459,2025-10-16,2025-10-17,2025-10-17,28.9,1.21,168,True
REQ-001460,2025-10-16,2025-10-17,,30.7,1.28,218,True
REQ-001462,2025-10-16,2025-10-18,,51.2,2.13,168,True
REQ-001464,2025-10-16,2025-10-17,2025-10-17,39.3,1.64,72,True
REQ-001465,2025-10-16,2025-10-16,,19.4,0.81,72,True
REQ-001467,2025-10-16,2025-10-16,2025-10-16,21.3,0.89,218,True
REQ-001468,2025-10-16,2025-10-19,,92.1,3.84,185,True
REQ-001469,2025-10-16,2025-10-16,2025-10-16,14.5,0.6,168,True
REQ-001470,2025-10-16,2025-10-16,,17.7,0.74,168,True
REQ-001471,2025-10-16,2025-10-16,,3.8,0.16,168,True
REQ-001472,2025-10-16,2025-10-17,2025-10-17,36.7,1.53,185,True
REQ-001474,2025-10-16,2025-10-17,,45.4,1.89,94,True
REQ-001475,2025-10-17,2025-10-17,,9.7,0.4,72,True
REQ-001476,2025-10-17,2025-10-19,,62.7,2.61,168,True
REQ-001477,2025-10-17,2025-10-19,2025-10-19,49.9,2.08,168,True
REQ-001478,2025-10-17,2025-10-17,,20.9,0.87,218,True
REQ-001479,2025-10-17,2025-10-18,2025-10-18,41.6,1.73,79,True
REQ-001480,2025-10-17,2025-10-18,2025-10-18,33.5,1.4,31,False
REQ-001481,2025-10-17,2025-10-17,2025-10-17,16.0,0.66,168,True
REQ-001483,2025-10-17,2025-10-17,2025-10-17,7.6,0.32,94,True
REQ-001484,2025-10-17,2025-10-17,,4.4,0.18,168,True
REQ-001485,2025-10-17,2025-10-18,,32.1,1.34,79,True
REQ-001486,2025-10-17,2025-10-18,2025-10-18,28.0,1.16,72,True
REQ-001487,2025-10-17,2025-10-21,2025-10-21,111.4,4.64,218,True
REQ-001488,2025-10-17,2025-10-19,2025-10-19,48.6,2.03,94,True
REQ-001490,2025-10-17,2025-10-18,,44.4,1.85,79,True
REQ-001491,2025-10-17,2025-10-18,2025-10-18,35.3,1.47,168,True
REQ-001492,2025-10-17,2025-10-17,2025-10-17,6.6,0.27,218,True
REQ-001493,2025-10-17,2025-10-17,,9.3,0.39,31,True
REQ-001494,2025-10-17,2025-10-22,2025-10-22,140.9,5.87,218,True
REQ-001495,2025-10-17,2025-10-20,,87.3,3.64,168,True
REQ-001496,2025-10-17,2025-10-17,,14.1,0.59,94,True
REQ-001497,2025-10-17,2025-10-17,,16.2,0.68,72,True
REQ-001498,2025-10-17,2025-10-17,,20.6,0.86,72,True
REQ-001499,2025-10-17,2025-10-18,2025-10-18,36.3,1.51,72,True
REQ-001500,2025-10-17,2025-10-17,,12.7,0.53,218,True
REQ-001501,2025-10-18,2025-10-18,2025-10-18,17.7,0.74,185,True
REQ-001502,2025-10-18,2025-10-19,2025-10-19,37.9,1.58,26,False
REQ-001503,2025-10-18,2025-10-19,2025-10-19,28.1,1.17,168,True
REQ-001504,2025-10-18,2025-10-19,,39.8,1.66,72,True
REQ-001505,2025-10-19,2025-10-20,,36.3,1.51,94,True
REQ-001506,2025-10-19,2025-10-19,,13.7,0.57,4,False
REQ-001507,2025-10-19,2025-10-21,,64.7,2.7,185,True
REQ-001508,2025-10-19,2025-10-21,2025-10-21,55.2,2.3,94,True
REQ-001509,2025-10-19,2025-10-21,2025-10-21,48.5,2.02,24,False
REQ-001510,2025-10-19,2025-10-20,2025-10-20,47.8,1.99,79,True
REQ-001512,2025-10-19,2025-10-20,2025-10-20,26.3,1.09,168,True
REQ-001513,2025-10-19,2025-10-21,2025-10-21,66.9,2.79,168,True
REQ-001514,2025-10-20,2025-10-20,,12.9,0.54,168,True
REQ-001515,2025-10-20,2025-10-20,2025-10-20,8.1,0.34,79,True
REQ-001516,2025-10-20,2025-10-20,,16.3,0.68,218,True
REQ-001517,2025-10-20,2025-10-21,,42.6,1.78,218,True
REQ-001518,2025-10-20,2025-10-20,2025-10-20,4.7,0.19,72,True
REQ-001519,2025-10-20,2025-10-20,,20.8,0.87,72,True
REQ-001520,2025-10-20,2025-10-21,2025-10-21,32.7,1.36,31,False
REQ-001521,2025-10-20,2025-10-20,,9.1,0.38,31,True
REQ-001522,2025-10-20,2025-10-21,2025-10-21,32.6,1.36,94,True
REQ-001523,2025-10-20,2025-10-20,2025-10-20,16.2,0.68,24,True
REQ-001524,2025-10-20,2025-10-21,,41.7,1.74,185,True
REQ-001525,2025-10-20,2025-10-20,2025-10-20,5.0,0.21,4,False
REQ-001526,2025-10-20,2025-10-20,,10.6,0.44,4,False
REQ-001528,2025-10-20,2025-10-21,,35.9,1.49,185,True
REQ-001529,2025-10-20,2025-10-21,2025-10-21,43.9,1.83,185,True
REQ-001530,2025-10-20,2025-10-21,2025-10-21,43.9,1.83,168,True
REQ-001531,2025-10-20,2025-10-20,2025-10-20,17.1,0.71,24,True
REQ-001532,2025-10-20,2025-10-20,2025-10-20,14.5,0.61,72,True
REQ-001533,2025-10-20,2025-10-20,,12.1,0.5,185,True
REQ-001534,2025-10-20,2025-10-22,2025-10-22,60.2,2.51,218,True
REQ-001535,2025-10-20,2025-10-21,2025-10-21,25.2,1.05,72,True
REQ-001537,2025-10-21,2025-10-21,2025-10-21,8.7,0.36,24,True
REQ-001539,2025-10-21,2025-10-23,2025-10-23,62.3,2.59,218,True
REQ-001540,2025-10-21,2025-10-21,,3.5,0.15,218,True
REQ-001541,2025-10-21,2025-10-21,2025-10-21,10.2,0.42,24,True
REQ-001542,2025-10-21,2025-10-22,2025-10-22,24.0,1.0,218,True
REQ-001543,2025-10-21,2025-10-22,2025-10-22,32.1,1.34,94,True
REQ-001544,2025-10-21,2025-10-23,2025-10-23,53.5,2.23,168,True
REQ-001545,2025-10-21,2025-10-24,2025-10-24,82.1,3.42,218,True
REQ-001546,2025-10-21,2025-10-21,2025-10-21,4.7,0.2,168,True
REQ-001548,2025-10-21,2025-10-21,2025-10-21,6.0,0.25,5,False
REQ-001549,2025-10-21,2025-10-21,2025-10-21,7.9,0.33,72,True
REQ-001550,2025-10-21,2025-10-21,2025-10-21,14.3,0.59,218,True
REQ-001551,2025-10-21,2025-10-23,,61.5,2.56,168,True
REQ-001552,2025-10-21,2025-10-21,2025-10-21,16.2,0.68,72,True
REQ-001553,2025-10-21,2025-10-21,2025-10-21,14.3,0.6,218,True
REQ-001554,2025-10-21,2025-10-21,,15.1,0.63,168,True
REQ-001555,2025-10-21,2025-10-21,,13.2,0.55,168,True
REQ-001557,2025-10-21,2025-10-22,2025-10-22,42.5,1.77,218,True
REQ-001558,2025-10-21,2025-10-21,2025-10-21,8.2,0.34,72,True
REQ-001559,2025-10-22,2025-10-22,2025-10-22,11.4,0.47,26,True
REQ-001560,2025-10-22,2025-10-22,,7.3,0.3,72,True
REQ-001561,2025-10-22,2025-10-22,,12.1,0.51,168,True
REQ-001562,2025-10-22,2025-10-22,2025-10-22,19.1,0.8,185,True
REQ-001563,2025-10-22,2025-10-24,,65.0,2.71,168,True
REQ-001565,2025-10-22,2025-10-22,,21.7,0.91,24,True
REQ-001566,2025-10-22,2025-10-25,,72.4,3.02,185,True
REQ-001567,2025-10-22,2025-10-22,,13.3,0.55,185,True
REQ-001568,2025-10-22,2025-10-22,2025-10-22,23.6,0.98,4,False
REQ-001569,2025-10-22,2025-10-23,2025-10-23,30.1,1.26,72,True
REQ-001570,2025-10-22,2025-10-22,2025-10-22,14.8,0.61,24,True
REQ-001571,2025-10-22,2025-10-23,2025-10-23,26.0,1.08,94,True
REQ-001572,2025-10-23,2025-10-23,2025-10-23,20.1,0.84,79,True
REQ-001573,2025-10-23,2025-10-26,,75.2,3.13,185,True
REQ-001574,2025-10-23,2025-10-23,2025-10-23,6.5,0.27,24,True
REQ-001575,2025-10-23,2025-10-26,,92.6,3.86,168,True
REQ-001576,2025-10-23,2025-10-27,,108.3,4.51,79,False
REQ-001577,2025-10-23,2025-10-23,2025-10-23,20.5,0.85,94,True
REQ-001578,2025-10-23,2025-10-26,2025-10-26,84.2,3.51,185,True
REQ-001579,2025-10-23,2025-10-23,2025-10-23,22.3,0.93,185,True
REQ-001580,2025-10-23,2025-10-25,2025-10-25,72.0,3.0,79,True
REQ-001581,2025-10-23,2025-10-24,,41.3,1.72,168,True
REQ-001583,2025-10-23,2025-10-25,2025-10-25,64.0,2.67,94,True
REQ-001584,2025-10-23,2025-10-24,,28.5,1.19,168,True
REQ-001585,2025-10-23,2025-10-24,,37.6,1.57,72,True
REQ-001586,2025-10-23,2025-10-24,2025-10-24,35.1,1.46,168,True
REQ-001587,2025-10-23,2025-10-26,,87.5,3.64,168,True
REQ-001588,2025-10-23,2025-10-23,2025-10-23,16.9,0.7,218,True
REQ-001589,2025-10-23,2025-10-23,2025-10-23,13.8,0.58,94,True
REQ-001590,2025-10-23,2025-10-24,,29.0,1.21,168,True
REQ-001591,2025-10-23,2025-10-23,,18.6,0.78,168,True
REQ-001592,2025-10-23,2025-10-28,2025-10-28,141.5,5.9,168,True
REQ-001593,2025-10-23,2025-10-25,2025-10-25,55.6,2.32,185,True
REQ-001594,2025-10-23,2025-10-24,,40.7,1.69,185,True
REQ-001597,2025-10-24,2025-10-26,2025-10-26,59.7,2.49,185,True
REQ-001598,2025-10-24,2025-10-24,,16.0,0.67,24,True
REQ-001599,2025-10-24,2025-10-25,,42.0,1.75,94,True
REQ-001600,2025-10-24,2025-10-26,,70.1,2.92,218,True
REQ-001601,2025-10-24,2025-10-24,,10.6,0.44,94,True
REQ-001602,2025-10-24,2025-10-24,2025-10-24,8.4,0.35,185,True
REQ-001603,2025-10-24,2025-10-24,,15.7,0.65,94,True
REQ-001604,2025-10-24,2025-10-25,2025-10-25,42.7,1.78,185,True
REQ-001605,2025-10-24,2025-10-25,2025-10-25,28.8,1.2,79,True
REQ-001606,2025-10-24,2025-10-25,2025-10-25,27.0,1.13,4,False
REQ-001608,2025-10-24,2025-10-25,2025-10-25,28.8,1.2,168,True
REQ-001609,2025-10-24,2025-10-27,,80.4,3.35,185,True
REQ-001611,2025-10-24,2025-10-24,,10.9,0.45,185,True
REQ-001612,2025-10-24,2025-10-25,,35.9,1.5,94,True
REQ-001613,2025-10-24,2025-10-24,2025-10-24,19.2,0.8,24,True
REQ-001614,2025-10-24,2025-10-25,,35.0,1.46,79,True
REQ-001615,2025-10-24,2025-10-25,2025-10-25,43.7,1.82,94,True
REQ-001616,2025-10-24,2025-10-24,2025-10-24,21.7,0.9,31,True
REQ-001617,2025-10-24,2025-10-24,2025-10-24,22.6,0.94,72,True
REQ-001618,2025-10-25,2025-10-30,,120.6,5.03,218,True
REQ-001619,2025-10-25,2025-10-25,2025-10-25,23.8,0.99,26,True
REQ-001620,2025-10-25,2025-10-25,2025-10-25,17.8,0.74,218,True
REQ-001621,2025-10-25,2025-10-26,2025-10-26,27.9,1.16,72,True
REQ-001622,2025-10-25,2025-10-26,2025-10-26,41.8,1.74,72,True
REQ-001623,2025-10-25,2025-10-25,2025-10-25,11.7,0.49,31,True
REQ-001624,2025-10-25,2025-10-25,2025-10-25,10.9,0.45,5,False
REQ-001625,2025-10-25,2025-10-28,,72.0,3.0,185,True
REQ-001626,2025-10-25,2025-10-26,2025-10-26,28.5,1.19,168,True
REQ-001627,2025-10-25,2025-10-25,2025-10-25,10.8,0.45,4,False
REQ-001628,2025-10-25,2025-10-26,2025-10-26,40.5,1.69,31,False
REQ-001629,2025-10-25,2025-10-25,2025-10-25,15.2,0.63,218,True
REQ-001630,2025-10-25,2025-10-26,2025-10-26,36.6,1.53,79,True
REQ-001631,2025-10-26,2025-10-26,,22.1,0.92,218,True
REQ-001633,2025-10-26,2025-10-26,,17.7,0.74,72,True
REQ-001634,2025-10-26,2025-10-26,,9.3,0.39,4,False
REQ-001635,2025-10-26,2025-10-26,2025-10-26,11.8,0.49,24,True
REQ-001636,2025-10-26,2025-10-26,,12.0,0.5,168,True
REQ-001637,2025-10-26,2025-10-28,,58.9,2.46,168,True
REQ-001638,2025-10-27,2025-10-27,,18.1,0.75,94,True
REQ-001639,2025-10-27,2025-10-27,,6.1,0.26,4,False
REQ-001640,2025-10-27,2025-10-27,2025-10-27,12.1,0.5,72,True
REQ-001641,2025-10-27,2025-10-27,,4.7,0.19,168,True
REQ-001643,2025-10-27,2025-10-28,,26.5,1.1,218,True
REQ-001644,2025-10-27,2025-10-30,2025-10-30,79.3,3.3,94,True
REQ-001645,2025-10-27,2025-10-29,2025-10-29,67.6,2.81,218,True
REQ-001646,2025-10-27,2025-10-27,2025-10-27,14.3,0.59,218,True
REQ-001647,2025-10-27,2025-10-27,,17.3,0.72,168,True
REQ-001648,2025-10-27,2025-10-27,2025-10-27,15.1,0.63,24,True
REQ-001649,2025-10-27,2025-10-27,,19.5,0.81,72,True
REQ-001650,2025-10-27,2025-10-27,,2.4,0.1,94,True
REQ-001651,2025-10-27,2025-10-27,2025-10-27,22.4,0.93,168,True
REQ-001653,2025-10-28,2025-10-28,2025-10-28,18.2,0.76,5,False
REQ-001654,2025-10-28,2025-10-29,2025-10-29,40.7,1.69,168,True
REQ-001655,2025-10-28,2025-10-28,2025-10-28,11.3,0.47,168,True
REQ-001656,2025-10-28,2025-10-28,2025-10-28,8.5,0.35,24,True
REQ-001657,2025-10-28,2025-10-28,2025-10-28,15.0,0.63,79,True
REQ-001658,2025-10-28,2025-10-28,2025-10-28,11.0,0.46,31,True
REQ-001659,2025-10-28,2025-10-29,2025-10-29,37.3,1.55,218,True
REQ-001660,2025-10-28,2025-10-28,,17.4,0.73,94,True
REQ-001661,2025-10-28,2025-10-28,2025-10-28,7.0,0.29,5,False
REQ-001662,2025-10-28,2025-11-01,2025-11-01,104.1,4.34,185,True
REQ-001663,2025-10-28,2025-10-29,2025-10-29,31.1,1.29,79,True
REQ-001664,2025-10-28,2025-10-29,,28.0,1.17,185,True
REQ-001665,2025-10-28,2025-10-28,,10.7,0.44,168,True
REQ-001666,2025-10-28,2025-10-28,2025-10-28,8.3,0.35,5,False
REQ-001667,2025-10-28,2025-10-28,2025-10-28,11.4,0.47,4,False
REQ-001668,2025-10-28,2025-10-28,2025-10-28,10.6,0.44,24,True
REQ-001669,2025-10-28,2025-10-28,,11.8,0.49,218,True
REQ-001670,2025-10-28,2025-10-28,2025-10-28,11.1,0.46,185,True
REQ-001671,2025-10-28,2025-10-28,2025-10-28,14.0,0.58,24,True
REQ-001672,2025-10-28,2025-10-28,2025-10-28,16.7,0.7,79,True
REQ-001674,2025-10-28,2025-10-29,2025-10-29,43.0,1.79,218,True
REQ-001676,2025-10-28,2025-10-29,2025-10-29,30.6,1.27,185,True
REQ-001677,2025-10-28,2025-10-28,2025-10-28,17.8,0.74,31,True
REQ-001678,2025-10-28,2025-10-28,2025-10-28,15.7,0.65,79,True
REQ-001679,2025-10-28,2025-10-28,2025-10-28,22.2,0.93,26,True
REQ-001680,2025-10-28,2025-10-30,2025-10-30,59.5,2.48,218,True
REQ-001681,2025-10-28,2025-10-28,2025-10-28,6.0,0.25,185,True
REQ-001682,2025-10-28,2025-10-29,2025-10-29,37.8,1.57,72,True
REQ-001683,2025-10-28,2025-10-28,2025-10-28,15.9,0.66,185,True
REQ-001684,2025-10-28,2025-10-29,,28.7,1.2,72,True
REQ-001685,2025-10-28,2025-10-29,2025-10-29,27.4,1.14,94,True
REQ-001686,2025-10-28,2025-10-30,2025-10-30,49.7,2.07,218,True
REQ-001687,2025-10-28,2025-10-28,,6.2,0.26,168,True
REQ-001688,2025-10-29,2025-11-03,,126.9,5.29,185,True
REQ-001689,2025-10-29,2025-10-29,2025-10-29,11.7,0.49,31,True
REQ-001690,2025-10-29,2025-10-29,,16.4,0.68,168,True
REQ-001691,2025-10-29,2025-10-30,2025-10-30,46.9,1.95,168,True
REQ-001692,2025-10-29,2025-10-29,2025-10-29,23.9,1.0,79,True
REQ-001693,2025-10-29,2025-10-29,2025-10-29,22.4,0.93,94,True
REQ-001694,2025-10-29,2025-11-01,,89.5,3.73,185,True
REQ-001695,2025-10-29,2025-10-30,2025-10-30,29.8,1.24,94,True
REQ-001696,2025-10-29,2025-10-29,2025-10-29,21.3,0.89,72,True
REQ-001697,2025-10-29,2025-10-30,2025-10-30,37.9,1.58,72,True
REQ-001698,2025-10-29,2025-10-31,2025-10-31,58.5,2.44,218,True
REQ-001700,2025-10-29,2025-10-29,,21.4,0.89,168,True
REQ-001701,2025-10-29,2025-10-29,,15.9,0.66,4,False
REQ-001703,2025-10-29,2025-10-29,2025-10-29,13.2,0.55,31,True
REQ-001704,2025-10-29,2025-10-29,2025-10-29,14.6,0.61,72,True
REQ-001705,2025-10-29,2025-10-30,2025-10-30,32.7,1.36,168,True
REQ-001706,2025-10-30,2025-10-30,2025-10-30,19.6,0.82,24,True
REQ-001707,2025-10-30,2025-10-30,2025-10-30,12.4,0.52,72,True
REQ-001708,2025-10-30,2025-10-30,2025-10-30,10.9,0.45,24,True
REQ-001709,2025-10-30,2025-10-31,,37.7,1.57,218,True
REQ-001710,2025-10-30,2025-10-31,2025-10-31,28.2,1.17,94,True
REQ-001712,2025-10-30,2025-11-01,,70.9,2.96,94,True
REQ-001714,2025-10-30,2025-10-31,,46.1,1.92,168,True
REQ-001715,2025-10-30,2025-11-01,2025-11-01,49.0,2.04,72,True
REQ-001716,2025-10-30,2025-10-30,2025-10-30,16.7,0.7,5,False
REQ-001717,2025-10-30,2025-10-30,2025-10-30,20.8,0.87,72,True
REQ-001718,2025-10-30,2025-10-30,,20.9,0.87,168,True
REQ-001719,2025-10-30,2025-11-02,,75.8,3.16,72,False
REQ-001720,2025-10-30,2025-10-31,,46.8,1.95,94,True
REQ-001721,2025-10-30,2025-10-30,2025-10-30,23.5,0.98,72,True
REQ-001722,2025-10-30,2025-10-30,,21.4,0.89,185,True
REQ-001723,2025-10-30,2025-11-01,2025-11-01,64.8,2.7,218,True
REQ-001724,2025-10-30,2025-11-03,,111.9,4.66,185,True
REQ-001726,2025-10-30,2025-10-30,,18.1,0.76,218,True
REQ-001727,2025-10-31,2025-10-31,,3.9,0.16,24,True
REQ-001728,2025-10-31,2025-11-01,2025-11-01,30.6,1.28,185,True
REQ-001729,2025-10-31,2025-10-31,2025-10-31,2.9,0.12,218,True
REQ-001730,2025-10-31,2025-10-31,,1.1,0.05,72,True
REQ-001731,2025-10-31,2025-11-01,2025-11-01,24.8,1.03,24,False
REQ-001732,2025-10-31,2025-10-31,2025-10-31,11.8,0.49,5,False
REQ-001733,2025-10-31,2025-10-31,2025-10-31,3.9,0.16,24,True
REQ-001734,2025-10-31,2025-11-01,2025-11-01,33.6,1.4,168,True
REQ-001735,2025-10-31,2025-10-31,,7.3,0.3,26,True
REQ-001736,2025-10-31,2025-11-02,,55.8,2.33,168,True
REQ-001737,2025-10-31,2025-11-01,2025-11-01,44.5,1.85,94,True
REQ-001738,2025-10-31,2025-10-31,2025-10-31,22.2,0.92,26,True
REQ-001739,2025-10-31,2025-11-02,2025-11-02,58.6,2.44,168,True
REQ-001740,2025-10-31,2025-10-31,2025-10-31,23.1,0.96,72,True
REQ-001741,2025-10-31,2025-11-01,2025-11-01,25.4,1.06,185,True
REQ-001742,2025-10-31,2025-11-01,2025-11-01,35.7,1.49,72,True
REQ-001743,2025-10-31,2025-11-01,,35.5,1.48,168,True
REQ-001744,2025-10-31,2025-10-31,,10.8,0.45,31,True
REQ-001745,2025-10-31,2025-11-02,2025-11-02,69.6,2.9,72,True
REQ-001746,2025-10-31,2025-11-06,2025-11-06,160.3,6.68,218,True
REQ-001747,2025-10-31,2025-11-01,2025-11-01,42.7,1.78,31,False
REQ-001748,2025-10-31,2025-11-02,2025-11-02,57.4,2.39,218,True
REQ-001749,2025-10-31,2025-10-31,,2.9,0.12,72,True
REQ-001750,2025-11-01,2025-11-03,,49.1,2.04,168,True
REQ-001751,2025-11-01,2025-11-02,2025-11-02,25.0,1.04,218,True
REQ-001752,2025-11-01,2025-11-03,,48.6,2.02,168,True
REQ-001753,2025-11-01,2025-11-02,2025-11-02,29.1,1.21,168,True
REQ-001754,2025-11-01,2025-11-01,2025-11-01,19.9,0.83,168,True
REQ-001755,2025-11-01,2025-11-01,,21.0,0.87,168,True
REQ-001756,2025-11-01,2025-11-02,2025-11-02,33.2,1.38,185,True
REQ-001757,2025-11-02,2025-11-04,,51.3,2.14,31,False
REQ-001758,2025-11-02,2025-11-03,,41.1,1.71,79,True
REQ-001759,2025-11-02,2025-11-03,,29.0,1.21,168,True
REQ-001760,2025-11-02,2025-11-02,,15.9,0.66,72,True
REQ-001761,2025-11-02,2025-11-02,2025-11-02,16.4,0.68,72,True
REQ-001762,2025-11-02,2025-11-05,2025-11-05,76.0,3.17,218,True
REQ-001763,2025-11-02,2025-11-02,2025-11-02,10.6,0.44,26,True
REQ-001764,2025-11-02,2025-11-02,2025-11-02,19.2,0.8,31,True
REQ-001765,2025-11-02,2025-11-02,2025-11-02,14.3,0.6,168,True
REQ-001766,2025-11-02,2025-11-03,,45.3,1.89,185,True
REQ-001767,2025-11-02,2025-11-02,2025-11-02,14.0,0.58,218,True
REQ-001768,2025-11-03,2025-11-05,2025-11-05,48.7,2.03,24,False
REQ-001769,2025-11-03,2025-11-04,,31.2,1.3,168,True
REQ-001770,2025-11-03,2025-11-05,2025-11-05,59.1,2.46,185,True
REQ-001771,2025-11-03,2025-11-03,,23.5,0.98,31,True
REQ-001772,2025-11-03,2025-11-04,2025-11-04,37.2,1.55,72,True
REQ-001773,2025-11-03,2025-11-03,,6.6,0.28,94,True
REQ-001774,2025-11-03,2025-11-05,2025-11-05,64.3,2.68,168,True
REQ-001775,2025-11-03,2025-11-06,2025-11-06,80.6,3.36,218,True
REQ-001776,2025-11-03,2025-11-04,,27.8,1.16,79,True
REQ-001777,2025-11-03,2025-11-04,2025-11-04,26.5,1.1,218,True
REQ-001778,2025-11-03,2025-11-04,,24.5,1.02,218,True
REQ-001779,2025-11-03,2025-11-04,,37.3,1.55,218,True
REQ-001782,2025-11-03,2025-11-04,,37.8,1.57,185,True
REQ-001783,2025-11-03,2025-11-05,2025-11-05,48.2,2.01,79,True
REQ-001784,2025-11-03,2025-11-04,2025-11-04,27.6,1.15,168,True
REQ-001785,2025-11-03,2025-11-04,2025-11-04,28.0,1.17,218,True
REQ-001786,2025-11-03,2025-11-04,2025-11-04,37.7,1.57,79,True
REQ-001787,2025-11-03,2025-11-06,2025-11-06,74.5,3.1,79,True
REQ-001788,2025-11-03,2025-11-04,2025-11-04,41.2,1.72,31,False
REQ-001789,2025-11-03,2025-11-03,,21.3,0.89,168,True
REQ-001790,2025-11-03,2025-11-04,,43.8,1.83,168,True
REQ-001791,2025-11-03,2025-11-05,2025-11-05,48.2,2.01,218,True
REQ-001792,2025-11-03,2025-11-03,2025-11-03,5.7,0.24,94,True
REQ-001793,2025-11-03,2025-11-03,2025-11-03,13.7,0.57,168,True
REQ-001794,2025-11-03,2025-11-05,2025-11-05,50.0,2.09,94,True
REQ-001795,2025-11-03,2025-11-03,2025-11-03,4.6,0.19,72,True
REQ-001796,2025-11-04,2025-11-07,,88.8,3.7,185,True
REQ-001797,2025-11-04,2025-11-04,2025-11-04,18.7,0.78,94,True
REQ-001798,2025-11-04,2025-11-05,2025-11-05,24.9,1.04,24,False
REQ-001799,2025-11-04,2025-11-04,,8.7,0.36,79,True
REQ-001800,2025-11-04,2025-11-05,2025-11-05,24.9,1.04,218,True
REQ-001801,2025-11-04,2025-11-05,2025-11-05,39.1,1.63,24,False
REQ-001802,2025-11-04,2025-11-04,2025-11-04,12.1,0.51,218,True
REQ-001803,2025-11-04,2025-11-05,2025-11-05,31.7,1.32,218,True
REQ-001804,2025-11-04,2025-11-07,2025-11-07,77.1,3.21,185,True
REQ-001805,2025-11-04,2025-11-06,2025-11-06,64.6,2.69,168,True
REQ-001806,2025-11-04,2025-11-06,,64.8,2.7,185,True
REQ-001807,2025-11-04,2025-11-04,2025-11-04,6.5,0.27,185,True
REQ-001808,2025-11-04,2025-11-05,2025-11-05,35.8,1.49,31,False
REQ-001809,2025-11-04,2025-11-05,,43.8,1.83,185,True
REQ-001810,2025-11-04,2025-11-04,2025-11-04,5.5,0.23,185,True
REQ-001811,2025-11-04,2025-11-04,2025-11-04,6.5,0.27,218,True
REQ-001812,2025-11-04,2025-11-04,,10.2,0.43,72,True
REQ-001814,2025-11-04,2025-11-04,2025-11-04,18.5,0.77,168,True
REQ-001815,2025-11-04,2025-11-05,2025-11-05,24.9,1.04,24,False
REQ-001816,2025-11-04,2025-11-05,,33.6,1.4,185,True
REQ-001817,2025-11-04,2025-11-04,2025-11-04,23.6,0.98,168,True
REQ-001818,2025-11-04,2025-11-05,,41.0,1.71,168,True
REQ-001819,2025-11-04,2025-11-08,2025-11-08,97.5,4.06,79,False
REQ-001820,2025-11-05,2025-11-05,,7.9,0.33,168,True
REQ-001821,2025-11-05,2025-11-06,,41.2,1.72,94,True
REQ-001822,2025-11-05,2025-11-06,2025-11-06,41.1,1.71,79,True
REQ-001823,2025-11-05,2025-11-06,2025-11-06,26.6,1.11,168,True
REQ-001824,2025-11-05,2025-11-05,2025-11-05,4.6,0.19,24,True
REQ-001825,2025-11-05,2025-11-07,,67.0,2.79,168,True
REQ-001827,2025-11-05,2025-11-07,2025-11-07,50.2,2.09,185,True
REQ-001830,2025-11-05,2025-11-05,2025-11-05,2.7,0.11,168,True
REQ-001832,2025-11-05,2025-11-06,,31.1,1.3,94,True
REQ-001833,2025-11-05,2025-11-06,2025-11-06,47.2,1.97,79,True
REQ-001834,2025-11-05,2025-11-08,,78.7,3.28,185,True
REQ-001836,2025-11-06,2025-11-06,,22.8,0.95,168,True
REQ-001837,2025-11-06,2025-11-06,2025-11-06,4.6,0.19,24,True
REQ-001838,2025-11-06,2025-11-06,2025-11-06,23.3,0.97,218,True
REQ-001839,2025-11-06,2025-11-06,,14.4,0.6,168,True
REQ-001840,2025-11-06,2025-11-06,2025-11-06,17.9,0.75,72,True
REQ-001841,2025-11-06,2025-11-12,2025-11-12,155.8,6.49,168,True
REQ-001842,2025-11-06,2025-11-06,2025-11-06,15.7,0.65,168,True
REQ-001843,2025-11-06,2025-11-06,2025-11-06,7.3,0.31,24,True
REQ-001844,2025-11-06,2025-11-08,2025-11-08,60.4,2.52,72,True
REQ-001846,2025-11-06,2025-11-08,,50.5,2.11,168,True
REQ-001847,2025-11-06,2025-11-06,2025-11-06,20.3,0.84,185,True
REQ-001849,2025-11-06,2025-11-07,2025-11-07,30.0,1.25,24,False
REQ-001850,2025-11-06,2025-11-06,2025-11-06,19.1,0.8,72,True
REQ-001851,2025-11-06,2025-11-06,2025-11-06,19.9,0.83,72,True
REQ-001852,2025-11-06,2025-11-10,,117.4,4.89,168,True
REQ-001853,2025-11-06,2025-11-06,2025-11-06,9.6,0.4,4,False
REQ-001854,2025-11-06,2025-11-06,,3.0,0.13,168,True
REQ-001855,2025-11-06,2025-11-09,,80.1,3.34,168,True
REQ-001856,2025-11-06,2025-11-09,,73.5,3.06,185,True
REQ-001857,2025-11-07,2025-11-08,2025-11-08,37.6,1.57,218,True
REQ-001859,2025-11-07,2025-11-07,,3.8,0.16,168,True
REQ-001860,2025-11-07,2025-11-09,2025-11-09,52.2,2.18,185,True
REQ-001861,2025-11-07,2025-11-07,,5.9,0.25,24,True
REQ-001862,2025-11-07,2025-11-08,2025-11-08,25.1,1.05,218,True
REQ-001863,2025-11-07,2025-11-07,2025-11-07,4.8,0.2,72,True
REQ-001864,2025-11-07,2025-11-07,2025-11-07,4.9,0.2,72,True
REQ-001865,2025-11-07,2025-11-09,2025-11-09,58.1,2.42,94,True
REQ-001867,2025-11-07,2025-11-07,2025-11-07,5.8,0.24,94,True
REQ-001868,2025-11-07,2025-11-10,2025-11-10,93.4,3.89,218,True
REQ-001869,2025-11-07,2025-11-08,2025-11-08,43.0,1.79,79,True
REQ-001870,2025-11-07,2025-11-08,2025-11-08,43.4,1.81,218,True
REQ-001871,2025-11-07,2025-11-07,2025-11-07,15.1,0.63,185,True
REQ-001873,2025-11-07,2025-11-09,2025-11-09,61.9,2.58,24,False
REQ-001874,2025-11-07,2025-11-07,2025-11-07,9.2,0.39,168,True
REQ-001875,2025-11-07,2025-11-08,2025-11-08,32.0,1.33,5,False
REQ-001876,2025-11-07,2025-11-08,2025-11-08,42.8,1.78,72,True
REQ-001877,2025-11-07,2025-11-08,,36.0,1.5,79,True
REQ-001878,2025-11-07,2025-11-09,2025-11-09,53.1,2.21,168,True
REQ-001879,2025-11-07,2025-11-08,2025-11-08,27.6,1.15,185,True
REQ-001881,2025-11-08,2025-11-09,2025-11-09,30.4,1.27,168,True
REQ-001882,2025-11-08,2025-11-08,2025-11-08,2.8,0.12,26,True
REQ-001883,2025-11-08,2025-11-08,,20.9,0.87,218,True
REQ-001884,2025-11-08,2025-11-12,,116.6,4.86,218,True
REQ-001885,2025-11-08,2025-11-08,2025-11-08,14.5,0.61,4,False
REQ-001886,2025-11-08,2025-11-08,2025-11-08,12.3,0.51,218,True
REQ-001887,2025-11-09,2025-11-10,,37.0,1.54,72,True
REQ-001888,2025-11-09,2025-11-09,2025-11-09,20.5,0.85,218,True
REQ-001889,2025-11-09,2025-11-12,,83.5,3.48,168,True
REQ-001890,2025-11-09,2025-11-11,2025-11-11,69.0,2.88,168,True
REQ-001891,2025-11-09,2025-11-10,,38.7,1.61,185,True
REQ-001893,2025-11-09,2025-11-10,,34.6,1.44,185,True
REQ-001895,2025-11-10,2025-11-11,,35.1,1.46,218,True
REQ-001896,2025-11-10,2025-11-12,2025-11-12,61.3,2.55,79,True
REQ-001897,2025-11-10,2025-11-13,2025-11-13,82.5,3.44,185,True
REQ-001898,2025-11-10,2025-11-10,2025-11-10,12.9,0.54,26,True
REQ-001899,2025-11-10,2025-11-10,,5.2,0.22,24,True
REQ-001900,2025-11-10,2025-11-10,2025-11-10,23.8,0.99,4,False
REQ-001901,2025-11-10,2025-11-11,,34.0,1.42,72,True
REQ-001902,2025-11-10,2025-11-11,2025-11-11,24.9,1.04,168,True
REQ-001903,2025-11-10,2025-11-12,,58.5,2.44,94,True
REQ-001904,2025-11-10,2025-11-11,2025-11-11,25.4,1.06,218,True
REQ-001905,2025-11-10,2025-11-11,2025-11-11,26.6,1.11,24,False
REQ-001906,2025-11-10,2025-11-10,2025-11-10,3.0,0.12,168,True
REQ-001907,2025-11-10,2025-11-10,2025-11-10,23.0,0.96,24,True
REQ-001909,2025-11-10,2025-11-12,2025-11-12,50.8,2.12,218,True
REQ-001910,2025-11-10,2025-11-11,2025-11-11,39.8,1.66,185,True
REQ-001911,2025-11-10,2025-11-10,,13.4,0.56,72,True
REQ-001912,2025-11-10,2025-11-10,2025-11-10,9.2,0.38,4,False
REQ-001913,2025-11-10,2025-11-11,,31.6,1.32,218,True
REQ-001914,2025-11-10,2025-11-10,2025-11-10,16.8,0.7,218,True
REQ-001915,2025-11-10,2025-11-11,,36.0,1.5,218,True
REQ-001916,2025-11-11,2025-11-12,,34.6,1.44,168,True
REQ-001917,2025-11-11,2025-11-15,,111.6,4.65,218,True
REQ-001918,2025-11-11,2025-11-11,2025-11-11,10.9,0.45,72,True
REQ-001919,2025-11-11,2025-11-11,2025-11-11,5.9,0.24,79,True
REQ-001920,2025-11-11,2025-11-11,2025-11-11,1.5,0.06,218,True
REQ-001921,2025-11-11,2025-11-11,,8.5,0.35,168,True
REQ-001922,2025-11-11,2025-11-12,2025-11-12,38.3,1.6,168,True
REQ-001923,2025-11-11,2025-11-12,,35.6,1.48,168,True
REQ-001924,2025-11-11,2025-11-11,2025-11-11,2.1,0.09,72,True
REQ-001925,2025-11-11,2025-11-11,2025-11-11,17.5,0.73,218,True
REQ-001926,2025-11-11,2025-11-12,,38.0,1.58,168,True
REQ-001927,2025-11-11,2025-11-11,2025-11-11,11.7,0.49,79,True
REQ-001928,2025-11-11,2025-11-11,,19.5,0.81,218,True
REQ-001929,2025-11-11,2025-11-12,2025-11-12,25.5,1.06,24,False
REQ-001930,2025-11-11,2025-11-12,2025-11-12,28.9,1.2,218,True
REQ-001931,2025-11-11,2025-11-12,2025-11-12,39.7,1.65,31,False
REQ-001932,2025-11-11,2025-11-11,2025-11-11,23.6,0.98,94,True
REQ-001933,2025-11-11,2025-11-11,2025-11-11,7.3,0.3,72,True
REQ-001934,2025-11-12,2025-11-12,,7.9,0.33,168,True
REQ-001935,2025-11-12,2025-11-13,2025-11-13,30.7,1.28,168,True
REQ-001936,2025-11-12,2025-11-12,,16.5,0.69,72,True
REQ-001937,2025-11-12,2025-11-12,2025-11-12,15.5,0.65,24,True
REQ-001938,2025-11-12,2025-11-13,2025-11-13,31.3,1.3,185,True
REQ-001939,2025-11-12,2025-11-12,2025-11-12,7.8,0.33,218,True
REQ-001940,2025-11-12,2025-11-12,2025-11-12,12.3,0.51,185,True
REQ-001941,2025-11-12,2025-11-12,,5.8,0.24,79,True
REQ-001942,2025-11-12,2025-11-13,,29.6,1.23,168,True
REQ-001943,2025-11-12,2025-11-12,,21.8,0.91,24,True
REQ-001944,2025-11-12,2025-11-12,,13.1,0.55,168,True
REQ-001945,2025-11-12,2025-11-12,2025-11-12,22.8,0.95,31,True
REQ-001946,2025-11-12,2025-11-12,2025-11-12,10.8,0.45,79,True
REQ-001947,2025-11-12,2025-11-13,,45.7,1.9,185,True
REQ-001948,2025-11-12,2025-11-12,,9.0,0.38,185,True
REQ-001949,2025-11-12,2025-11-14,,51.6,2.15,168,True
REQ-001950,2025-11-12,2025-11-13,2025-11-13,25.5,1.06,79,True
REQ-001951,2025-11-12,2025-11-13,2025-11-13,24.6,1.03,5,False
REQ-001952,2025-11-12,2025-11-12,2025-11-12,17.7,0.74,94,True
REQ-001953,2025-11-12,2025-11-13,,27.6,1.15,72,True
REQ-001954,2025-11-12,2025-11-14,,50.6,2.11,72,True
REQ-001955,2025-11-12,2025-11-12,2025-11-12,20.6,0.86,5,False
REQ-001956,2025-11-12,2025-11-12,2025-11-12,4.7,0.2,24,True
REQ-001957,2025-11-12,2025-11-15,,74.9,3.12,218,True
REQ-001958,2025-11-12,2025-11-13,,35.4,1.48,26,False
REQ-001959,2025-11-12,2025-11-12,2025-11-12,16.2,0.68,94,True
REQ-001961,2025-11-12,2025-11-14,,61.4,2.56,218,True
REQ-001962,2025-11-12,2025-11-12,2025-11-12,4.9,0.2,72,True
REQ-001963,2025-11-13,2025-11-13,,6.8,0.28,185,True
REQ-001964,2025-11-13,2025-11-13,2025-11-13,8.6,0.36,4,False
REQ-001965,2025-11-13,2025-11-14,,43.6,1.82,185,True
REQ-001966,2025-11-13,2025-11-13,2025-11-13,15.4,0.64,168,True
REQ-001968,2025-11-13,2025-11-13,2025-11-13,20.3,0.85,72,True
REQ-001969,2025-11-13,2025-11-13,2025-11-13,19.6,0.81,4,False
REQ-001970,2025-11-13,2025-11-14,2025-11-14,26.6,1.11,218,True
REQ-001971,2025-11-13,2025-11-13,,15.0,0.62,24,True
REQ-001972,2025-11-13,2025-11-14,,35.4,1.48,185,True
REQ-001973,2025-11-13,2025-11-19,2025-11-19,146.4,6.1,185,True
REQ-001974,2025-11-13,2025-11-13,2025-11-13,12.2,0.51,24,True
REQ-001975,2025-11-13,2025-11-13,2025-11-13,23.9,1.0,72,True
REQ-001976,2025-11-13,2025-11-14,2025-11-14,28.8,1.2,72,True
REQ-001977,2025-11-13,2025-11-14,,33.1,1.38,94,True
REQ-001979,2025-11-14,2025-11-17,,72.3,3.01,94,True
REQ-001980,2025-11-14,2025-11-15,,24.8,1.03,24,False
REQ-001981,2025-11-14,2025-11-14,,13.5,0.56,168,True
REQ-001982,2025-11-14,2025-11-15,,28.3,1.18,218,True
REQ-001983,2025-11-14,2025-11-16,2025-11-16,50.6,2.11,72,True
REQ-001984,2025-11-14,2025-11-14,,20.4,0.85,168,True
REQ-001985,2025-11-14,2025-11-16,2025-11-16,60.0,2.5,168,True
REQ-001986,2025-11-14,2025-11-16,2025-11-16,65.6,2.73,79,True
REQ-001987,2025-11-14,2025-11-15,,47.2,1.97,218,True
REQ-001988,2025-11-14,2025-11-15,2025-11-15,33.1,1.38,72,True
REQ-001989,2025-11-14,2025-11-16,,61.0,2.54,218,True
REQ-001990,2025-11-14,2025-11-15,2025-11-15,36.8,1.53,168,True
REQ-001991,2025-11-14,2025-11-17,2025-11-17,82.8,3.45,168,True
REQ-001992,2025-11-14,2025-11-15,2025-11-15,42.7,1.78,218,True
REQ-001993,2025-11-14,2025-11-14,2025-11-14,12.4,0.52,168,True
REQ-001994,2025-11-14,2025-11-17,,84.1,3.51,218,True
REQ-001995,2025-11-14,2025-11-15,2025-11-15,27.9,1.16,4,False
REQ-001996,2025-11-14,2025-11-14,,15.2,0.63,72,True
REQ-001997,2025-11-14,2025-11-14,2025-11-14,9.4,0.39,79,True
REQ-001998,2025-11-14,2025-11-14,2025-11-14,5.9,0.24,72,True
REQ-001999,2025-11-14,2025-11-14,2025-11-14,9.4,0.39,72,True
REQ-002000,2025-11-14,2025-11-16,2025-11-16,53.7,2.24,24,False
REQ-002001,2025-11-14,2025-11-15,2025-11-15,35.1,1.46,168,True
REQ-002002,2025-11-14,2025-11-15,2025-11-15,41.9,1.74,168,True
REQ-002003,2025-11-14,2025-11-17,,77.4,3.23,185,True
REQ-002004,2025-11-14,2025-11-14,,20.5,0.85,168,True
REQ-002005,2025-11-15,2025-11-16,,46.1,1.92,168,True
REQ-002006,2025-11-15,2025-11-15,2025-11-15,14.6,0.61,168,True
REQ-002007,2025-11-15,2025-11-15,2025-11-15,9.5,0.4,168,True
REQ-002008,2025-11-15,2025-11-16,2025-11-16,43.2,1.8,185,True
REQ-002009,2025-11-15,2025-11-15,2025-11-15,6.2,0.26,26,True
REQ-002010,2025-11-15,2025-11-15,2025-11-15,22.8,0.95,72,True
REQ-002011,2025-11-15,2025-11-16,2025-11-16,45.1,1.88,72,True
REQ-002012,2025-11-16,2025-11-17,,27.9,1.16,26,False
REQ-002013,2025-11-16,2025-11-18,,48.0,2.0,185,True
REQ-002014,2025-11-16,2025-11-16,2025-11-16,13.0,0.54,31,True
REQ-002015,2025-11-16,2025-11-16,2025-11-16,15.2,0.63,5,False
REQ-002016,2025-11-16,2025-11-17,2025-11-17,40.8,1.7,168,True
REQ-002017,2025-11-16,2025-11-18,2025-11-18,53.5,2.23,79,True
REQ-002018,2025-11-16,2025-11-16,2025-11-16,11.5,0.48,218,True
REQ-002019,2025-11-16,2025-11-17,,40.7,1.7,185,True
REQ-002020,2025-11-16,2025-11-18,,65.6,2.73,79,True
REQ-002021,2025-11-17,2025-11-18,2025-11-18,35.8,1.49,185,True
REQ-002022,2025-11-17,2025-11-17,,16.7,0.7,24,True
REQ-002023,2025-11-17,2025-11-18,2025-11-18,24.5,1.02,94,True
REQ-002024,2025-11-17,2025-11-17,2025-11-17,10.6,0.44,94,True
REQ-002025,2025-11-17,2025-11-18,2025-11-18,31.3,1.3,72,True
REQ-002026,2025-11-17,2025-11-20,2025-11-20,73.4,3.06,168,True
REQ-002027,2025-11-17,2025-11-20,2025-11-20,81.3,3.39,218,True
REQ-002030,2025-11-17,2025-11-18,2025-11-18,41.1,1.71,185,True
REQ-002031,2025-11-17,2025-11-17,,8.0,0.33,94,True
REQ-002032,2025-11-17,2025-11-17,2025-11-17,10.6,0.44,185,True
REQ-002033,2025-11-17,2025-11-17,2025-11-17,9.4,0.39,24,True
REQ-002034,2025-11-17,2025-11-19,,54.6,2.28,79,True
REQ-002035,2025-11-17,2025-11-17,2025-11-17,12.4,0.52,31,True
REQ-002036,2025-11-17,2025-11-18,,33.0,1.37,185,True
REQ-002038,2025-11-17,2025-11-17,,13.7,0.57,168,True
REQ-002039,2025-11-17,2025-11-18,,29.4,1.23,94,True
REQ-002040,2025-11-17,2025-11-19,2025-11-19,70.1,2.92,218,True
REQ-002041,2025-11-17,2025-11-18,2025-11-18,27.3,1.14,26,False
REQ-002042,2025-11-17,2025-11-18,,25.0,1.04,185,True
REQ-002043,2025-11-17,2025-11-17,,10.4,0.43,79,True
REQ-002044,2025-11-17,2025-11-18,,39.7,1.65,168,True
REQ-002045,2025-11-17,2025-11-18,2025-11-18,46.5,1.94,168,True
REQ-002046,2025-11-17,2025-11-18,2025-11-18,47.2,1.96,168,True
REQ-002047,2025-11-18,2025-11-19,2025-11-19,34.9,1.45,24,False
REQ-002048,2025-11-18,2025-11-19,2025-11-19,36.9,1.54,94,True
REQ-002049,2025-11-18,2025-11-19,2025-11-19,37.8,1.57,185,True
REQ-002050,2025-11-18,2025-11-18,2025-11-18,14.2,0.59,79,True
REQ-002051,2025-11-18,2025-11-20,2025-11-20,59.1,2.46,72,True
REQ-002052,2025-11-18,2025-11-18,,10.1,0.42,168,True
REQ-002053,2025-11-18,2025-11-18,,16.2,0.67,94,True
REQ-002054,2025-11-18,2025-11-18,2025-11-18,16.1,0.67,168,True
REQ-002055,2025-11-18,2025-11-19,2025-11-19,35.9,1.49,218,True
REQ-002056,2025-11-18,2025-11-18,,19.6,0.82,72,True
REQ-002057,2025-11-18,2025-11-20,2025-11-20,49.7,2.07,185,True
REQ-002058,2025-11-18,2025-11-19,2025-11-19,38.1,1.59,24,False
REQ-002059,2025-11-18,2025-11-19,,28.4,1.18,185,True
REQ-002060,2025-11-18,2025-11-18,2025-11-18,11.3,0.47,72,True
REQ-002061,2025-11-18,2025-11-21,,80.0,3.33,185,True
REQ-002062,2025-11-18,2025-11-18,2025-11-18,21.5,0.9,79,True
REQ-002063,2025-11-18,2025-11-20,2025-11-20,51.4,2.14,168,True
REQ-002064,2025-11-18,2025-11-19,2025-11-19,36.5,1.52,168,True
REQ-002065,2025-11-18,2025-11-18,2025-11-18,14.1,0.59,72,True
REQ-002066,2025-11-18,2025-11-21,,79.7,3.32,94,True
REQ-002067,2025-11-18,2025-11-18,2025-11-18,6.3,0.26,94,True
REQ-002068,2025-11-18,2025-11-20,,56.8,2.37,218,True
REQ-002070,2025-11-18,2025-11-18,2025-11-18,6.2,0.26,4,False
REQ-002071,2025-11-18,2025-11-18,,7.5,0.31,185,True
REQ-002072,2025-11-19,2025-11-19,2025-11-19,11.6,0.48,26,True
REQ-002073,2025-11-19,2025-11-19,2025-11-19,11.5,0.48,218,True
REQ-002074,2025-11-19,2025-11-21,2025-11-21,68.4,2.85,168,True
REQ-002075,2025-11-19,2025-11-20,,27.0,1.12,72,True
REQ-002077,2025-11-19,2025-11-19,2025-11-19,14.3,0.6,26,True
REQ-002078,2025-11-19,2025-11-20,2025-11-20,25.0,1.04,185,True
REQ-002079,2025-11-19,2025-11-19,,10.7,0.45,26,True
REQ-002080,2025-11-19,2025-11-21,,49.2,2.05,26,False
REQ-002081,2025-11-19,2025-11-19,,13.5,0.56,218,True
REQ-002082,2025-11-19,2025-11-20,2025-11-20,31.5,1.31,218,True
REQ-002083,2025-11-19,2025-11-19,2025-11-19,19.2,0.8,94,True
REQ-002085,2025-11-19,2025-11-21,,52.3,2.18,168,True
REQ-002086,2025-11-20,2025-11-21,,26.8,1.12,94,True
REQ-002087,2025-11-20,2025-11-21,,25.2,1.05,168,True
REQ-002088,2025-11-20,2025-11-20,,22.3,0.93,31,True
REQ-002089,2025-11-20,2025-11-20,2025-11-20,19.6,0.82,94,True
REQ-002090,2025-11-20,2025-11-21,2025-11-21,34.9,1.46,24,False
REQ-002091,2025-11-20,2025-11-21,,41.4,1.72,218,True
REQ-002092,2025-11-20,2025-11-21,2025-11-21,34.2,1.42,94,True
REQ-002093,2025-11-20,2025-11-24,2025-11-24,104.2,4.34,168,True
REQ-002094,2025-11-20,2025-11-20,2025-11-20,7.9,0.33,218,True
REQ-002095,2025-11-20,2025-11-20,2025-11-20,7.7,0.32,94,True
REQ-002096,2025-11-20,2025-11-21,2025-11-21,30.4,1.27,168,True
REQ-002097,2025-11-20,2025-11-20,,5.7,0.24,26,True
REQ-002098,2025-11-20,2025-11-21,2025-11-21,40.6,1.69,94,True
REQ-002099,2025-11-20,2025-11-22,2025-11-22,61.2,2.55,79,True
REQ-002100,2025-11-20,2025-11-21,2025-11-21,25.0,1.04,168,True
REQ-002101,2025-11-20,2025-11-21,,24.6,1.02,168,True
REQ-002102,2025-11-20,2025-11-21,2025-11-21,34.6,1.44,94,True
REQ-002103,2025-11-20,2025-11-21,,28.3,1.18,72,True
REQ-002104,2025-11-20,2025-11-20,2025-11-20,9.0,0.37,72,True
REQ-002105,2025-11-20,2025-11-21,,29.1,1.21,94,True
REQ-002106,2025-11-20,2025-11-22,2025-11-22,51.0,2.12,72,True
REQ-002107,2025-11-20,2025-11-20,2025-11-20,16.7,0.7,72,True
REQ-002108,2025-11-20,2025-11-21,2025-11-21,40.7,1.7,185,True
REQ-002109,2025-11-20,2025-11-21,,38.8,1.62,168,True
REQ-002110,2025-11-21,2025-11-21,,17.7,0.74,4,False
REQ-002111,2025-11-21,2025-11-21,2025-11-21,6.9,0.29,24,True
REQ-002112,2025-11-21,2025-11-22,,27.2,1.13,168,True
REQ-002113,2025-11-21,2025-11-21,,14.4,0.6,218,True
REQ-002114,2025-11-21,2025-11-22,,29.5,1.23,94,True
REQ-002115,2025-11-21,2025-11-21,2025-11-21,11.0,0.46,94,True
REQ-002117,2025-11-21,2025-11-21,2025-11-21,23.3,0.97,24,True
REQ-002118,2025-11-21,2025-11-22,2025-11-22,25.4,1.06,26,True
REQ-002119,2025-11-21,2025-11-22,,40.0,1.67,168,True
REQ-002120,2025-11-21,2025-11-22,2025-11-22,28.0,1.17,168,True
REQ-002122,2025-11-21,2025-11-21,2025-11-21,0.6,0.03,94,True
REQ-002124,2025-11-21,2025-11-23,,60.5,2.52,168,True
REQ-002125,2025-11-21,2025-11-21,2025-11-21,6.2,0.26,31,True
REQ-002126,2025-11-21,2025-11-21,2025-11-21,9.3,0.39,26,True
REQ-002127,2025-11-21,2025-11-22,,24.0,1.0,168,True
REQ-002128,2025-11-21,2025-11-22,,30.9,1.29,218,True
REQ-002129,2025-11-22,2025-11-23,,37.0,1.54,168,True
REQ-002130,2025-11-22,2025-11-22,,17.6,0.73,218,True
REQ-002131,2025-11-22,2025-11-23,2025-11-23,40.7,1.69,185,True
REQ-002132,2025-11-22,2025-11-24,2025-11-24,66.9,2.79,168,True
REQ-002134,2025-11-22,2025-11-23,,44.7,1.86,31,False
REQ-002135,2025-11-22,2025-11-23,,36.6,1.53,72,True
REQ-002136,2025-11-22,2025-11-22,,23.2,0.97,168,True
REQ-002137,2025-11-22,2025-11-24,,63.7,2.65,168,True
REQ-002138,2025-11-22,2025-11-22,,6.7,0.28,72,True
REQ-002139,2025-11-22,2025-11-22,2025-11-22,12.8,0.53,218,True
REQ-002140,2025-11-22,2025-11-23,2025-11-23,46.7,1.95,218,True
REQ-002141,2025-11-22,2025-11-22,,19.9,0.83,185,True
REQ-002142,2025-11-23,2025-11-24,2025-11-24,34.6,1.44,168,True
REQ-002143,2025-11-23,2025-11-24,,29.6,1.23,24,False
REQ-002144,2025-11-23,2025-11-23,,15.6,0.65,72,True
REQ-002145,2025-11-23,2025-11-23,2025-11-23,17.4,0.72,218,True
REQ-002146,2025-11-23,2025-11-23,2025-11-23,17.9,0.75,168,True
REQ-002147,2025-11-23,2025-11-23,2025-11-23,13.2,0.55,94,True
REQ-002148,2025-11-24,2025-11-25,2025-11-25,29.6,1.23,24,False
REQ-002149,2025-11-24,2025-11-24,2025-11-24,20.4,0.85,94,True
REQ-002150,2025-11-24,2025-11-24,2025-11-24,13.4,0.56,24,True
REQ-002151,2025-11-24,2025-11-25,,31.6,1.32,168,True
REQ-002152,2025-11-24,2025-11-24,2025-11-24,10.7,0.45,5,False
REQ-002153,2025-11-24,2025-11-24,2025-11-24,5.7,0.24,72,True
REQ-002154,2025-11-24,2025-11-25,2025-11-25,35.4,1.48,218,True
REQ-002155,2025-11-24,2025-11-24,,9.4,0.39,72,True
REQ-002156,2025-11-24,2025-11-26,2025-11-26,66.0,2.75,185,True
REQ-002157,2025-11-24,2025-11-26,,60.1,2.5,185,True
REQ-002158,2025-11-24,2025-11-24,2025-11-24,22.7,0.94,79,True
REQ-002159,2025-11-24,2025-11-24,2025-11-24,23.9,0.99,24,True
REQ-002160,2025-11-24,2025-11-28,2025-11-28,116.8,4.86,94,False
REQ-002161,2025-11-24,2025-11-25,2025-11-25,27.7,1.15,185,True
REQ-002162,2025-11-24,2025-11-24,,16.1,0.67,31,True
REQ-002163,2025-11-24,2025-11-26,2025-11-26,50.9,2.12,79,True
REQ-002164,2025-11-24,2025-11-27,2025-11-27,93.3,3.89,185,True
REQ-002165,2025-11-24,2025-11-25,,28.5,1.19,168,True
REQ-002166,2025-11-24,2025-11-24,,7.8,0.32,4,False
REQ-002167,2025-11-24,2025-11-25,2025-11-25,38.6,1.61,94,True
REQ-002168,2025-11-24,2025-11-27,2025-11-27,73.9,3.08,218,True
REQ-002169,2025-11-24,2025-11-26,2025-11-26,54.3,2.26,72,True
REQ-002170,2025-11-25,2025-11-26,2025-11-26,28.4,1.18,79,True
REQ-002171,2025-11-25,2025-11-25,,15.4,0.64,79,True
REQ-002172,2025-11-25,2025-11-26,2025-11-26,28.0,1.17,94,True
REQ-002173,2025-11-25,2025-11-25,,20.9,0.87,4,False
REQ-002174,2025-11-25,2025-11-27,,50.5,2.1,218,True
REQ-002175,2025-11-25,2025-11-26,,39.2,1.63,168,True
REQ-002176,2025-11-25,2025-11-30,,134.7,5.61,185,True
REQ-002177,2025-11-25,2025-11-25,,15.0,0.63,218,True
REQ-002178,2025-11-25,2025-11-26,2025-11-26,28.4,1.18,218,True
REQ-002179,2025-11-25,2025-11-25,,19.8,0.83,218,True
REQ-002180,2025-11-25,2025-11-27,,57.8,2.41,185,True
REQ-002182,2025-11-25,2025-11-26,2025-11-26,35.0,1.46,72,True
REQ-002183,2025-11-25,2025-11-26,2025-11-26,46.3,1.93,168,True
REQ-002184,2025-11-25,2025-11-26,2025-11-26,35.2,1.47,218,True
REQ-002185,2025-11-25,2025-11-25,2025-11-25,23.3,0.97,168,True
REQ-002186,2025-11-25,2025-11-27,2025-11-27,48.6,2.02,72,True
REQ-002187,2025-11-25,2025-11-25,2025-11-25,20.5,0.85,4,False
REQ-002188,2025-11-25,2025-11-27,2025-11-27,56.5,2.35,72,True
REQ-002189,2025-11-25,2025-11-26,2025-11-26,25.5,1.06,79,True
REQ-002190,2025-11-25,2025-11-25,,21.2,0.88,168,True
REQ-002191,2025-11-25,2025-11-26,2025-11-26,37.1,1.55,168,True
REQ-002192,2025-11-25,2025-11-26,,36.4,1.52,218,True
REQ-002193,2025-11-25,2025-11-25,2025-11-25,12.1,0.5,4,False
REQ-002194,2025-11-25,2025-11-27,2025-11-27,53.7,2.24,168,True
REQ-002195,2025-11-25,2025-11-25,2025-11-25,22.1,0.92,72,True
REQ-002196,2025-11-25,2025-11-27,2025-11-27,68.1,2.84,218,True
REQ-002198,2025-11-26,2025-11-28,,63.1,2.63,168,True
REQ-002199,2025-11-26,2025-11-28,,55.9,2.33,72,True
REQ-002200,2025-11-26,2025-11-26,2025-11-26,19.6,0.82,72,True
REQ-002201,2025-11-26,2025-11-28,,49.7,2.07,168,True
REQ-002202,2025-11-26,2025-11-27,2025-11-27,39.1,1.63,94,True
REQ-002204,2025-11-26,2025-11-27,2025-11-27,35.6,1.48,72,True
REQ-002205,2025-11-26,2025-11-27,,37.2,1.55,168,True
REQ-002206,2025-11-26,2025-11-26,2025-11-26,8.3,0.34,4,False
REQ-002207,2025-11-26,2025-11-26,2025-11-26,20.3,0.84,31,True
REQ-002208,2025-11-26,2025-11-27,2025-11-27,24.4,1.02,168,True
REQ-002209,2025-11-26,2025-11-26,2025-11-26,12.5,0.52,24,True
REQ-002210,2025-11-26,2025-11-29,2025-11-29,86.0,3.58,218,True
REQ-002211,2025-11-26,2025-11-27,2025-11-27,32.3,1.34,79,True
REQ-002212,2025-11-26,2025-11-27,2025-11-27,30.3,1.26,168,True
REQ-002213,2025-11-26,2025-11-27,2025-11-27,38.5,1.61,218,True
REQ-002214,2025-11-27,2025-11-28,,37.6,1.57,218,True
REQ-002216,2025-11-27,2025-11-28,,32.8,1.37,79,True
REQ-002217,2025-11-27,2025-11-27,,7.5,0.31,72,True
REQ-002218,2025-11-27,2025-11-28,2025-11-28,39.8,1.66,79,True
REQ-002219,2025-11-27,2025-11-28,2025-11-28,25.6,1.07,72,True
REQ-002220,2025-11-27,2025-11-28,,31.3,1.3,94,True
REQ-002221,2025-11-27,2025-11-27,2025-11-27,21.9,0.91,94,True
REQ-002222,2025-11-27,2025-11-27,,19.2,0.8,218,True
REQ-002223,2025-11-27,2025-11-27,2025-11-27,7.3,0.3,24,True
REQ-002224,2025-11-27,2025-11-28,2025-11-28,37.7,1.57,94,True
REQ-002225,2025-11-27,2025-11-27,,13.4,0.56,168,True
REQ-002226,2025-11-27,2025-11-27,2025-11-27,3.6,0.15,4,True
REQ-002227,2025-11-27,2025-11-27,2025-11-27,8.6,0.36,168,True
REQ-002228,2025-11-27,2025-11-28,2025-11-28,32.8,1.37,218,True
REQ-002230,2025-11-27,2025-11-28,2025-11-28,35.1,1.46,218,True
REQ-002231,2025-11-27,2025-11-29,2025-11-29,71.0,2.96,168,True
REQ-002233,2025-11-27,2025-12-02,,133.4,5.56,168,True
REQ-002234,2025-11-27,2025-11-29,2025-11-29,48.8,2.03,185,True
REQ-002235,2025-11-27,2025-11-29,2025-11-29,57.3,2.39,218,True
REQ-002236,2025-11-27,2025-11-27,2025-11-27,12.1,0.51,168,True
REQ-002237,2025-11-27,2025-11-27,2025-11-27,9.7,0.41,168,True
REQ-002238,2025-11-27,2025-11-28,2025-11-28,24.9,1.04,218,True
REQ-002239,2025-11-27,2025-11-28,2025-11-28,24.8,1.03,31,True
REQ-002240,2025-11-27,2025-11-27,2025-11-27,6.5,0.27,4,False
REQ-002241,2025-11-27,2025-11-28,2025-11-28,26.8,1.12,168,True
REQ-002242,2025-11-27,2025-11-27,2025-11-27,6.6,0.27,168,True
REQ-002243,2025-11-27,2025-11-30,,95.6,3.98,185,True
REQ-002244,2025-11-27,2025-11-28,,28.1,1.17,79,True
REQ-002245,2025-11-28,2025-11-29,2025-11-29,35.3,1.47,26,False
REQ-002246,2025-11-28,2025-11-29,2025-11-29,40.4,1.68,72,True
REQ-002247,2025-11-28,2025-11-29,2025-11-29,24.0,1.0,168,True
REQ-002248,2025-11-28,2025-11-30,,52.6,2.19,94,True
REQ-002249,2025-11-28,2025-11-29,2025-11-29,24.4,1.02,72,True
REQ-002251,2025-11-28,2025-11-29,2025-11-29,35.0,1.46,185,True
REQ-002252,2025-11-28,2025-11-30,,50.0,2.08,79,True
REQ-002253,2025-11-28,2025-11-28,,23.3,0.97,168,True
REQ-002254,2025-11-28,2025-11-28,2025-11-28,22.1,0.92,31,True
REQ-002255,2025-11-28,2025-11-29,,35.4,1.47,185,True
REQ-002256,2025-11-28,2025-11-28,2025-11-28,14.2,0.59,4,False
REQ-002257,2025-11-28,2025-11-29,2025-11-29,39.7,1.65,218,True
REQ-002258,2025-11-28,2025-11-28,2025-11-28,9.6,0.4,31,True
REQ-002259,2025-11-28,2025-11-29,,36.4,1.52,72,True
REQ-002260,2025-11-28,2025-11-29,,40.6,1.69,218,True
REQ-002261,2025-11-28,2025-11-29,2025-11-29,31.2,1.3,185,True
REQ-002262,2025-11-28,2025-11-30,,51.4,2.14,168,True
REQ-002263,2025-11-28,2025-11-29,2025-11-29,24.8,1.03,31,True
REQ-002264,2025-11-28,2025-11-28,2025-11-28,5.3,0.22,168,True
REQ-002265,2025-11-28,2025-11-29,,41.4,1.72,168,True
REQ-002266,2025-11-28,2025-11-30,2025-11-30,66.6,2.77,26,False
REQ-002268,2025-11-28,2025-11-29,2025-11-29,33.0,1.38,94,True
REQ-002269,2025-11-28,2025-11-30,,59.6,2.48,94,True
REQ-002271,2025-11-29,2025-11-29,2025-11-29,22.8,0.95,24,True
REQ-002272,2025-11-29,2025-11-29,2025-11-29,18.9,0.79,218,True
REQ-002273,2025-11-29,2025-11-29,,13.3,0.55,94,True
REQ-002274,2025-11-30,2025-12-01,,44.1,1.84,168,True
REQ-002275,2025-11-30,2025-11-30,2025-11-30,8.9,0.37,24,True
REQ-002276,2025-11-30,2025-12-02,,49.7,2.07,168,True
REQ-002277,2025-11-30,2025-12-01,2025-12-01,32.6,1.36,94,True
REQ-002278,2025-11-30,2025-12-01,,41.8,1.74,168,True
REQ-002279,2025-11-30,2025-12-02,,68.1,2.84,94,True
REQ-002280,2025-11-30,2025-11-30,2025-11-30,7.4,0.31,185,True
REQ-002281,2025-11-30,2025-11-30,2025-11-30,6.1,0.26,4,False
REQ-002282,2025-11-30,2025-12-02,,67.8,2.82,72,True
REQ-002283,2025-11-30,2025-11-30,2025-11-30,3.6,0.15,24,True
REQ-002284,2025-11-30,2025-11-30,2025-11-30,9.0,0.37,24,True
REQ-002285,2025-11-30,2025-12-02,2025-12-02,71.7,2.99,168,True
REQ-002286,2025-12-01,2025-12-01,2025-12-01,19.2,0.8,31,True
REQ-002287,2025-12-01,2025-12-03,2025-12-03,58.0,2.42,218,True
REQ-002288,2025-12-01,2025-12-01,2025-12-01,3.6,0.15,24,True
REQ-002289,2025-12-01,2025-12-01,,23.0,0.96,185,True
REQ-002290,2025-12-01,2025-12-02,,39.0,1.62,185,True
REQ-002291,2025-12-01,2025-12-02,2025-12-02,26.5,1.1,168,True
REQ-002293,2025-12-01,2025-12-04,,75.4,3.14,168,True
REQ-002294,2025-12-01,2025-12-02,2025-12-02,32.1,1.34,218,True
REQ-002295,2025-12-01,2025-12-01,2025-12-01,15.6,0.65,72,True
REQ-002296,2025-12-01,2025-12-01,,18.4,0.77,94,True
REQ-002297,2025-12-01,2025-12-02,2025-12-02,26.4,1.1,168,True
REQ-002298,2025-12-01,2025-12-01,,8.8,0.37,24,True
REQ-002299,2025-12-01,2025-12-01,,19.2,0.8,24,True
REQ-002300,2025-12-01,2025-12-03,,68.1,2.84,185,True
REQ-002301,2025-12-01,2025-12-02,2025-12-02,26.7,1.11,218,True
REQ-002302,2025-12-01,2025-12-02,2025-12-02,26.7,1.11,79,True
REQ-002303,2025-12-02,2025-12-03,2025-12-03,46.7,1.94,185,True
REQ-002305,2025-12-02,2025-12-03,2025-12-03,29.3,1.22,168,True
REQ-002306,2025-12-02,2025-12-02,2025-12-02,17.0,0.71,168,True
REQ-002307,2025-12-02,2025-12-02,2025-12-02,13.5,0.56,24,True
REQ-002308,2025-12-02,2025-12-03,2025-12-03,26.1,1.09,26,False
REQ-002309,2025-12-02,2025-12-04,,54.2,2.26,24,False
REQ-002310,2025-12-02,2025-12-02,2025-12-02,13.4,0.56,168,True
REQ-002311,2025-12-02,2025-12-02,2025-12-02,8.3,0.34,72,True
REQ-002312,2025-12-02,2025-12-02,2025-12-02,12.1,0.5,79,True
REQ-002313,2025-12-02,2025-12-02,,11.8,0.49,24,True
REQ-002314,2025-12-02,2025-12-03,2025-12-03,30.3,1.26,218,True
REQ-002315,2025-12-02,2025-12-03,2025-12-03,29.6,1.23,218,True
REQ-002316,2025-12-02,2025-12-02,,14.1,0.59,168,True
REQ-002317,2025-12-02,2025-12-02,,15.0,0.62,168,True
REQ-002318,2025-12-02,2025-12-02,2025-12-02,11.0,0.46,24,True
REQ-002319,2025-12-02,2025-12-03,2025-12-03,46.8,1.95,79,True
REQ-002320,2025-12-02,2025-12-02,2025-12-02,5.9,0.25,5,False
REQ-002321,2025-12-02,2025-12-03,2025-12-03,33.8,1.41,4,False
REQ-002322,2025-12-02,2025-12-02,2025-12-02,20.4,0.85,94,True
REQ-002324,2025-12-02,2025-12-03,2025-12-03,28.7,1.2,72,True
REQ-002325,2025-12-02,2025-12-03,2025-12-03,32.0,1.33,79,True
REQ-002326,2025-12-02,2025-12-03,2025-12-03,26.8,1.12,24,False
REQ-002327,2025-12-03,2025-12-03,,23.3,0.97,168,True
REQ-002328,2025-12-03,2025-12-06,2025-12-06,73.1,3.05,94,True
REQ-002329,2025-12-03,2025-12-04,,25.6,1.07,218,True
REQ-002330,2025-12-03,2025-12-04,2025-12-04,29.2,1.22,185,True
REQ-002331,2025-12-03,2025-12-03,,14.9,0.62,72,True
REQ-002332,2025-12-03,2025-12-03,2025-12-03,2.5,0.11,218,True
REQ-002333,2025-12-03,2025-12-04,,43.7,1.82,218,True
REQ-002334,2025-12-03,2025-12-03,,15.3,0.64,168,True
REQ-002335,2025-12-03,2025-12-03,2025-12-03,21.6,0.9,168,True
REQ-002336,2025-12-03,2025-12-03,2025-12-03,7.3,0.3,24,True
REQ-002337,2025-12-03,2025-12-04,2025-12-04,25.2,1.05,218,True
REQ-002338,2025-12-03,2025-12-04,,29.6,1.23,168,True
REQ-002339,2025-12-03,2025-12-03,2025-12-03,2.4,0.1,72,True
REQ-002340,2025-12-03,2025-12-04,2025-12-04,43.2,1.8,72,True
REQ-002341,2025-12-03,2025-12-03,,23.6,0.98,168,True
REQ-002342,2025-12-03,2025-12-04,2025-12-04,31.8,1.32,168,True
REQ-002344,2025-12-03,2025-12-03,2025-12-03,9.3,0.39,4,False
REQ-002345,2025-12-03,2025-12-03,,11.0,0.46,24,True
REQ-002346,2025-12-03,2025-12-04,2025-12-04,39.5,1.65,72,True
REQ-002348,2025-12-03,2025-12-05,,54.2,2.26,168,True
REQ-002349,2025-12-03,2025-12-06,,77.3,3.22,185,True
REQ-002350,2025-12-03,2025-12-03,2025-12-03,18.8,0.78,72,True
REQ-002351,2025-12-03,2025-12-03,2025-12-03,18.2,0.76,72,True
REQ-002352,2025-12-03,2025-12-04,,29.6,1.23,94,True
REQ-002353,2025-12-03,2025-12-05,,50.9,2.12,218,True
REQ-002354,2025-12-03,2025-12-06,2025-12-06,94.6,3.94,185,True
REQ-002355,2025-12-03,2025-12-03,2025-12-03,3.1,0.13,24,True
REQ-002356,2025-12-03,2025-12-03,2025-12-03,14.1,0.59,72,True
REQ-002357,2025-12-03,2025-12-06,2025-12-06,72.2,3.01,218,True
REQ-002358,2025-12-03,2025-12-03,2025-12-03,8.3,0.35,24,True
REQ-002360,2025-12-04,2025-12-05,2025-12-05,39.0,1.63,79,True
REQ-002361,2025-12-04,2025-12-04,,10.6,0.44,168,True
REQ-002362,2025-12-04,2025-12-04,2025-12-04,17.9,0.74,72,True
REQ-002363,2025-12-04,2025-12-04,2025-12-04,10.6,0.44,72,True
REQ-002364,2025-12-04,2025-12-06,2025-12-06,48.9,2.04,168,True
REQ-002365,2025-12-04,2025-12-04,2025-12-04,23.6,0.98,24,True
REQ-002366,2025-12-04,2025-12-05,,33.0,1.38,218,True
REQ-002367,2025-12-04,2025-12-05,,31.7,1.32,168,True
REQ-002368,2025-12-04,2025-12-04,,13.4,0.56,218,True
REQ-002369,2025-12-04,2025-12-04,2025-12-04,12.0,0.5,24,True
REQ-002370,2025-12-04,2025-12-04,2025-12-04,19.5,0.81,79,True
REQ-002371,2025-12-04,2025-12-04,2025-12-04,18.1,0.75,72,True
REQ-002372,2025-12-04,2025-12-05,,44.0,1.83,185,True
REQ-002373,2025-12-04,2025-12-05,,44.7,1.86,72,True
REQ-002374,2025-12-04,2025-12-04,2025-12-04,7.9,0.33,4,False
REQ-002375,2025-12-05,2025-12-06,2025-12-06,30.1,1.26,185,True
REQ-002376,2025-12-05,2025-12-05,2025-12-05,16.0,0.67,26,True
REQ-002377,2025-12-05,2025-12-06,,45.9,1.91,168,True
REQ-002378,2025-12-05,2025-12-06,2025-12-06,36.2,1.51,218,True
REQ-002379,2025-12-05,2025-12-06,2025-12-06,35.5,1.48,168,True
REQ-002380,2025-12-05,2025-12-05,,9.9,0.41,24,True
REQ-002381,2025-12-05,2025-12-07,,66.5,2.77,185,True
REQ-002382,2025-12-05,2025-12-06,2025-12-06,38.2,1.59,168,True
REQ-002383,2025-12-05,2025-12-05,2025-12-05,19.1,0.8,24,True
REQ-002384,2025-12-05,2025-12-07,,60.4,2.52,218,True
REQ-002385,2025-12-05,2025-12-06,2025-12-06,27.4,1.14,72,True
REQ-002386,2025-12-05,2025-12-05,2025-12-05,21.7,0.9,94,True
REQ-002387,2025-12-05,2025-12-05,,4.1,0.17,5,True
REQ-002388,2025-12-05,2025-12-05,2025-12-05,18.4,0.77,79,True
REQ-002389,2025-12-05,2025-12-05,,22.4,0.93,218,True
REQ-002390,2025-12-05,2025-12-06,2025-12-06,24.8,1.03,168,True
REQ-002391,2025-12-05,2025-12-06,2025-12-06,46.7,1.95,26,False
REQ-002392,2025-12-05,2025-12-05,,6.7,0.28,168,True
REQ-002393,2025-12-05,2025-12-06,2025-12-06,48.0,2.0,168,True
REQ-002394,2025-12-05,2025-12-05,2025-12-05,4.3,0.18,94,True
REQ-002395,2025-12-05,2025-12-05,2025-12-05,16.5,0.69,72,True
REQ-002396,2025-12-05,2025-12-06,,31.7,1.32,218,True
REQ-002397,2025-12-05,2025-12-06,2025-12-06,39.0,1.62,24,False
REQ-002398,2025-12-05,2025-12-06,,27.7,1.16,72,True
REQ-002399,2025-12-05,2025-12-05,,23.5,0.98,168,True
REQ-002400,2025-12-05,2025-12-05,,19.6,0.82,72,True
REQ-002401,2025-12-06,2025-12-07,,30.6,1.28,79,True
REQ-002402,2025-12-06,2025-12-06,2025-12-06,16.0,0.67,4,False
REQ-002403,2025-12-06,2025-12-07,2025-12-07,37.0,1.54,168,True
REQ-002405,2025-12-06,2025-12-06,2025-12-06,14.1,0.59,72,True
REQ-002406,2025-12-06,2025-12-06,2025-12-06,17.5,0.73,24,True
REQ-002407,2025-12-06,2025-12-06,,16.3,0.68,168,True
REQ-002408,2025-12-06,2025-12-08,,52.1,2.17,168,True
REQ-002409,2025-12-06,2025-12-07,,26.4,1.1,218,True
REQ-002410,2025-12-06,2025-12-07,,44.1,1.84,168,True
REQ-002411,2025-12-06,2025-12-06,2025-12-06,16.6,0.69,218,True
REQ-002412,2025-12-06,2025-12-06,2025-12-06,19.6,0.82,4,False
REQ-002413,2025-12-06,2025-12-06,2025-12-06,21.4,0.89,4,False
REQ-002414,2025-12-06,2025-12-07,2025-12-07,37.9,1.58,168,True
REQ-002415,2025-12-07,2025-12-07,,10.1,0.42,168,True
REQ-002416,2025-12-07,2025-12-08,,45.2,1.88,168,True
REQ-002418,2025-12-07,2025-12-07,2025-12-07,7.9,0.33,5,False
REQ-002419,2025-12-07,2025-12-08,,37.8,1.58,168,True
REQ-002420,2025-12-07,2025-12-08,,39.1,1.63,94,True
REQ-002421,2025-12-07,2025-12-07,2025-12-07,15.4,0.64,72,True
REQ-002422,2025-12-07,2025-12-07,2025-12-07,15.2,0.63,168,True
REQ-002423,2025-12-08,2025-12-09,2025-12-09,32.8,1.37,79,True
REQ-002424,2025-12-08,2025-12-09,2025-12-09,44.8,1.87,31,False
REQ-002425,2025-12-08,2025-12-08,2025-12-08,23.0,0.96,79,True
REQ-002426,2025-12-08,2025-12-08,,16.6,0.69,218,True
REQ-002427,2025-12-08,2025-12-08,2025-12-08,17.3,0.72,4,False
REQ-002428,2025-12-08,2025-12-08,2025-12-08,4.6,0.19,168,True
REQ-002429,2025-12-08,2025-12-08,,19.0,0.79,218,True
REQ-002430,2025-12-08,2025-12-09,2025-12-09,33.4,1.39,168,True
REQ-002431,2025-12-08,2025-12-08,2025-12-08,13.9,0.58,72,True
REQ-002432,2025-12-08,2025-12-10,2025-12-10,70.7,2.95,79,True
REQ-002433,2025-12-08,2025-12-08,2025-12-08,9.2,0.38,168,True
REQ-002434,2025-12-08,2025-12-09,,39.5,1.65,168,True
REQ-002435,2025-12-08,2025-12-09,2025-12-09,31.6,1.32,168,True
REQ-002436,2025-12-08,2025-12-09,2025-12-09,39.4,1.64,26,False
REQ-002437,2025-12-08,2025-12-09,2025-12-09,26.6,1.11,94,True
REQ-002438,2025-12-08,2025-12-08,2025-12-08,6.9,0.29,168,True
REQ-002439,2025-12-08,2025-12-11,,91.8,3.82,168,True
REQ-002440,2025-12-08,2025-12-08,2025-12-08,7.5,0.31,5,False
REQ-002441,2025-12-08,2025-12-13,,142.2,5.93,72,False
REQ-002442,2025-12-08,2025-12-11,2025-12-11,73.7,3.07,72,False
REQ-002443,2025-12-08,2025-12-09,,29.1,1.21,24,False
REQ-002445,2025-12-08,2025-12-08,,3.7,0.15,26,True
REQ-002446,2025-12-09,2025-12-09,2025-12-09,17.8,0.74,24,True
REQ-002447,2025-12-09,2025-12-09,2025-12-09,4.8,0.2,24,True
REQ-002448,2025-12-09,2025-12-10,2025-12-10,40.8,1.7,168,True
REQ-002449,2025-12-09,2025-12-09,2025-12-09,2.0,0.08,24,True
REQ-002450,2025-12-09,2025-12-09,2025-12-09,17.6,0.73,26,True
REQ-002451,2025-12-09,2025-12-10,,24.5,1.02,168,True
REQ-002452,2025-12-09,2025-12-10,2025-12-10,29.1,1.21,79,True
REQ-002453,2025-12-09,2025-12-09,,15.1,0.63,168,True
REQ-002454,2025-12-09,2025-12-11,2025-12-11,53.1,2.21,218,True
REQ-002455,2025-12-09,2025-12-10,2025-12-10,38.5,1.6,218,True
REQ-002456,2025-12-09,2025-12-12,,73.8,3.07,218,True
REQ-002457,2025-12-09,2025-12-09,2025-12-09,10.5,0.44,72,True
REQ-002458,2025-12-09,2025-12-10,,34.0,1.41,72,True
REQ-002459,2025-12-09,2025-12-09,,20.9,0.87,4,False
REQ-002460,2025-12-09,2025-12-09,,0.9,0.04,168,True
REQ-002462,2025-12-09,2025-12-10,2025-12-10,34.0,1.42,31,False
REQ-002463,2025-12-09,2025-12-09,2025-12-09,5.0,0.21,72,True
REQ-002464,2025-12-10,2025-12-11,2025-12-11,24.4,1.02,24,False
REQ-002465,2025-12-10,2025-12-11,2025-12-11,42.7,1.78,185,True
REQ-002466,2025-12-10,2025-12-12,,52.3,2.18,218,True
REQ-002467,2025-12-10,2025-12-11,2025-12-11,29.7,1.24,94,True
REQ-002468,2025-12-10,2025-12-11,2025-12-11,27.8,1.16,31,True
REQ-002471,2025-12-10,2025-12-10,2025-12-10,5.7,0.24,218,True
REQ-002472,2025-12-10,2025-12-10,2025-12-10,10.8,0.45,168,True
REQ-002473,2025-12-10,2025-12-11,2025-12-11,41.1,1.71,218,True
REQ-002474,2025-12-10,2025-12-11,,37.9,1.58,218,True
REQ-002475,2025-12-10,2025-12-10,2025-12-10,18.6,0.78,72,True
REQ-002476,2025-12-10,2025-12-11,2025-12-11,41.8,1.74,24,False
REQ-002477,2025-12-10,2025-12-11,2025-12-11,31.4,1.31,94,True
REQ-002478,2025-12-10,2025-12-12,2025-12-12,69.2,2.88,218,True
REQ-002479,2025-12-10,2025-12-10,,12.9,0.54,79,True
REQ-002480,2025-12-10,2025-12-10,2025-12-10,21.1,0.88,4,False
REQ-002481,2025-12-10,2025-12-11,2025-12-11,37.0,1.54,72,True
REQ-002482,2025-12-11,2025-12-11,2025-12-11,21.6,0.9,185,True
REQ-002483,2025-12-11,2025-12-13,,49.5,2.06,168,True
REQ-002484,2025-12-11,2025-12-11,2025-12-11,6.9,0.29,4,False
REQ-002485,2025-12-11,2025-12-13,2025-12-13,64.6,2.69,218,True
REQ-002486,2025-12-11,2025-12-14,2025-12-14,77.3,3.22,94,True
REQ-002487,2025-12-11,2025-12-11,2025-12-11,12.6,0.53,168,True
REQ-002488,2025-12-11,2025-12-14,,74.1,3.09,168,True
REQ-002489,2025-12-11,2025-12-12,,39.5,1.65,185,True
REQ-002490,2025-12-11,2025-12-11,2025-12-11,5.6,0.23,4,False
REQ-002491,2025-12-11,2025-12-11,,16.7,0.69,94,True
REQ-002492,2025-12-11,2025-12-11,2025-12-11,11.6,0.48,94,True
REQ-002493,2025-12-11,2025-12-12,,29.4,1.22,185,True
REQ-002494,2025-12-11,2025-12-12,,27.6,1.15,185,True
REQ-002495,2025-12-11,2025-12-11,2025-12-11,10.5,0.44,168,True
REQ-002496,2025-12-11,2025-12-11,2025-12-11,20.1,0.84,168,True
REQ-002497,2025-12-11,2025-12-11,2025-12-11,7.2,0.3,168,True
REQ-002498,2025-12-11,2025-12-12,2025-12-12,26.0,1.08,168,True
REQ-002499,2025-12-11,2025-12-12,,46.9,1.95,218,True
REQ-002500,2025-12-11,2025-12-12,2025-12-12,25.5,1.06,31,True
REQ-002501,2025-12-11,2025-12-11,2025-12-11,9.3,0.39,185,True
REQ-002502,2025-12-11,2025-12-15,2025-12-15,104.8,4.37,218,True
REQ-002503,2025-12-11,2025-12-11,2025-12-11,18.1,0.75,94,True
REQ-002505,2025-12-12,2025-12-13,,29.9,1.25,94,True
REQ-002506,2025-12-12,2025-12-14,2025-12-14,52.3,2.18,31,False
REQ-002507,2025-12-12,2025-12-13,,28.8,1.2,168,True
REQ-002508,2025-12-12,2025-12-12,2025-12-12,10.9,0.46,168,True
REQ-002509,2025-12-12,2025-12-14,2025-12-14,51.7,2.15,24,False
REQ-002510,2025-12-12,2025-12-13,,38.4,1.6,168,True
REQ-002511,2025-12-12,2025-12-15,,81.7,3.4,72,False
REQ-002512,2025-12-12,2025-12-12,,13.7,0.57,5,False
REQ-002513,2025-12-12,2025-12-16,2025-12-16,97.6,4.07,79,False
REQ-002514,2025-12-12,2025-12-12,,18.6,0.77,72,True
REQ-002515,2025-12-12,2025-12-14,2025-12-14,51.5,2.15,185,True
REQ-002516,2025-12-12,2025-12-17,2025-12-17,143.4,5.97,185,True
REQ-002517,2025-12-12,2025-12-12,2025-12-12,19.2,0.8,31,True
REQ-002518,2025-12-12,2025-12-12,2025-12-12,16.9,0.7,72,True
REQ-002519,2025-12-12,2025-12-13,2025-12-13,28.6,1.19,24,False
REQ-002521,2025-12-12,2025-12-13,2025-12-13,27.3,1.14,185,True
REQ-002522,2025-12-13,2025-12-15,2025-12-15,64.4,2.68,72,True
REQ-002523,2025-12-13,2025-12-14,2025-12-14,27.3,1.14,168,True
REQ-002525,2025-12-13,2025-12-16,2025-12-16,75.1,3.13,72,False
REQ-002526,2025-12-13,2025-12-16,2025-12-16,72.2,3.01,185,True
REQ-002528,2025-12-13,2025-12-15,,66.5,2.77,185,True
REQ-002529,2025-12-13,2025-12-13,,6.9,0.29,26,True
REQ-002530,2025-12-13,2025-12-14,2025-12-14,45.8,1.91,185,True
REQ-002531,2025-12-13,2025-12-14,2025-12-14,45.1,1.88,168,True
REQ-002532,2025-12-13,2025-12-13,2025-12-13,12.7,0.53,168,True
REQ-002533,2025-12-14,2025-12-16,2025-12-16,70.6,2.94,79,True
REQ-002534,2025-12-14,2025-12-14,2025-12-14,11.6,0.48,5,False
REQ-002535,2025-12-14,2025-12-14,2025-12-14,8.5,0.35,218,True
REQ-002536,2025-12-14,2025-12-16,2025-12-16,53.5,2.23,4,False
REQ-002537,2025-12-14,2025-12-14,2025-12-14,12.1,0.5,185,True
REQ-002538,2025-12-14,2025-12-14,2025-12-14,17.4,0.73,31,True
REQ-002539,2025-12-14,2025-12-14,2025-12-14,6.2,0.26,72,True
REQ-002540,2025-12-14,2025-12-14,2025-12-14,23.5,0.98,79,True
REQ-002541,2025-12-15,2025-12-17,2025-12-17,63.8,2.66,31,False
REQ-002542,2025-12-15,2025-12-15,2025-12-15,8.8,0.37,72,True
REQ-002543,2025-12-15,2025-12-17,2025-12-17,52.9,2.2,72,True
REQ-002544,2025-12-15,2025-12-18,2025-12-18,72.1,3.0,94,True
REQ-002545,2025-12-15,2025-12-16,2025-12-16,31.0,1.29,31,True
REQ-002547,2025-12-15,2025-12-18,,73.7,3.07,218,True
REQ-002548,2025-12-15,2025-12-16,2025-12-16,31.1,1.3,168,True
REQ-002549,2025-12-15,2025-12-18,2025-12-18,77.8,3.24,168,True
REQ-002550,2025-12-15,2025-12-17,,58.9,2.45,168,True
REQ-002551,2025-12-15,2025-12-15,,5.7,0.24,168,True
REQ-002552,2025-12-15,2025-12-16,,24.3,1.01,26,True
REQ-002553,2025-12-15,2025-12-15,2025-12-15,16.0,0.67,4,False
REQ-002554,2025-12-15,2025-12-16,2025-12-16,26.2,1.09,218,True
REQ-002555,2025-12-15,2025-12-15,2025-12-15,23.4,0.98,168,True
REQ-002556,2025-12-15,2025-12-15,2025-12-15,11.6,0.48,24,True
REQ-002557,2025-12-15,2025-12-15,2025-12-15,18.7,0.78,72,True
REQ-002558,2025-12-15,2025-12-15,2025-12-15,23.0,0.96,94,True
REQ-002559,2025-12-15,2025-12-17,2025-12-17,63.3,2.64,218,True
REQ-002560,2025-12-15,2025-12-16,,27.5,1.14,168,True
REQ-002562,2025-12-15,2025-12-17,2025-12-17,49.7,2.07,79,True
REQ-002564,2025-12-15,2025-12-17,2025-12-17,49.0,2.04,218,True
REQ-002565,2025-12-15,2025-12-16,,33.6,1.4,79,True
REQ-002566,2025-12-15,2025-12-15,2025-12-15,21.4,0.89,72,True
REQ-002567,2025-12-15,2025-12-15,,19.5,0.81,72,True
REQ-002568,2025-12-15,2025-12-15,2025-12-15,23.8,0.99,185,True
REQ-002569,2025-12-15,2025-12-16,2025-12-16,44.0,1.83,24,False
REQ-002570,2025-12-15,2025-12-16,2025-12-16,43.7,1.82,218,True
REQ-002571,2025-12-16,2025-12-17,2025-12-17,47.6,1.98,168,True
REQ-002572,2025-12-16,2025-12-17,,26.2,1.09,24,False
REQ-002574,2025-12-16,2025-12-16,2025-12-16,3.4,0.14,168,True
REQ-002575,2025-12-16,2025-12-16,2025-12-16,14.4,0.6,31,True
REQ-002576,2025-12-16,2025-12-16,2025-12-16,20.1,0.84,218,True
REQ-002577,2025-12-16,2025-12-16,,5.5,0.23,5,False
REQ-002578,2025-12-16,2025-12-18,2025-12-18,54.8,2.28,4,False
REQ-002579,2025-12-16,2025-12-16,2025-12-16,13.4,0.56,24,True
REQ-002580,2025-12-16,2025-12-18,2025-12-18,64.9,2.7,79,True
REQ-002581,2025-12-16,2025-12-16,2025-12-16,13.3,0.56,72,True
REQ-002582,2025-12-16,2025-12-16,2025-12-16,13.7,0.57,185,True
REQ-002583,2025-12-16,2025-12-17,,32.8,1.37,168,True
REQ-002584,2025-12-16,2025-12-16,,15.4,0.64,24,True
REQ-002585,2025-12-16,2025-12-16,2025-12-16,20.6,0.86,94,True
REQ-002586,2025-12-16,2025-12-17,2025-12-17,30.1,1.25,168,True
REQ-002588,2025-12-16,2025-12-17,,46.3,1.93,168,True
REQ-002589,2025-12-17,2025-12-17,2025-12-17,10.9,0.45,24,True
REQ-002590,2025-12-17,2025-12-17,2025-12-17,8.6,0.36,94,True
REQ-002592,2025-12-17,2025-12-17,,11.0,0.46,168,True
REQ-002593,2025-12-17,2025-12-18,2025-12-18,39.5,1.65,94,True
REQ-002594,2025-12-17,2025-12-17,2025-12-17,7.7,0.32,4,False
REQ-002595,2025-12-17,2025-12-17,,21.5,0.89,168,True
REQ-002596,2025-12-17,2025-12-17,2025-12-17,13.0,0.54,168,True
REQ-002597,2025-12-17,2025-12-18,2025-12-18,27.0,1.12,72,True
REQ-002598,2025-12-17,2025-12-17,2025-12-17,19.0,0.79,72,True
REQ-002599,2025-12-17,2025-12-17,2025-12-17,15.2,0.63,72,True
REQ-002600,2025-12-17,2025-12-18,,42.5,1.77,185,True
REQ-002601,2025-12-17,2025-12-17,2025-12-17,23.9,1.0,218,True
REQ-002602,2025-12-17,2025-12-18,,43.0,1.79,168,True
REQ-002603,2025-12-17,2025-12-18,2025-12-18,30.4,1.27,168,True
REQ-002604,2025-12-17,2025-12-17,2025-12-17,21.7,0.9,218,True
REQ-002605,2025-12-17,2025-12-18,2025-12-18,25.9,1.08,168,True
REQ-002606,2025-12-17,2025-12-17,2025-12-17,23.7,0.99,26,True
REQ-002607,2025-12-17,2025-12-17,2025-12-17,19.6,0.82,79,True
REQ-002608,2025-12-17,2025-12-17,2025-12-17,13.2,0.55,94,True
REQ-002609,2025-12-17,2025-12-18,2025-12-18,32.1,1.34,218,True
REQ-002610,2025-12-18,2025-12-18,,7.4,0.31,168,True
REQ-002611,2025-12-18,2025-12-20,,68.9,2.87,168,True
REQ-002612,2025-12-18,2025-12-19,,37.5,1.56,72,True
REQ-002613,2025-12-18,2025-12-19,2025-12-19,26.1,1.09,72,True
REQ-002614,2025-12-18,2025-12-18,,12.0,0.5,26,True
REQ-002615,2025-12-18,2025-12-18,2025-12-18,22.8,0.95,185,True
REQ-002616,2025-12-18,2025-12-18,2025-12-18,6.3,0.26,31,True
REQ-002618,2025-12-18,2025-12-19,,46.7,1.95,168,True
REQ-002619,2025-12-18,2025-12-18,2025-12-18,11.2,0.46,72,True
REQ-002620,2025-12-18,2025-12-18,2025-12-18,5.1,0.21,24,True
REQ-002621,2025-12-18,2025-12-19,,45.6,1.9,72,True
REQ-002622,2025-12-18,2025-12-19,,45.0,1.88,218,True
REQ-002623,2025-12-18,2025-12-20,2025-12-20,52.4,2.18,79,True
REQ-002624,2025-12-18,2025-12-21,2025-12-21,82.2,3.42,79,False
REQ-002625,2025-12-18,2025-12-18,2025-12-18,7.9,0.33,94,True
REQ-002626,2025-12-18,2025-12-18,2025-12-18,21.4,0.89,5,False
REQ-002627,2025-12-18,2025-12-18,,21.6,0.9,168,True
REQ-002628,2025-12-18,2025-12-18,2025-12-18,10.0,0.42,72,True
REQ-002629,2025-12-19,2025-12-22,,75.0,3.13,79,True
REQ-002630,2025-12-19,2025-12-20,,32.0,1.33,168,True
REQ-002631,2025-12-19,2025-12-20,2025-12-20,40.0,1.67,218,True
REQ-002632,2025-12-19,2025-12-21,2025-12-21,64.3,2.68,218,True
REQ-002633,2025-12-19,2025-12-20,,29.5,1.23,94,True
REQ-002634,2025-12-19,2025-12-22,2025-12-22,72.6,3.02,79,True
REQ-002635,2025-12-19,2025-12-20,2025-12-20,25.3,1.05,218,True
REQ-002636,2025-12-19,2025-12-20,2025-12-20,28.0,1.17,79,True
REQ-002637,2025-12-19,2025-12-19,,19.2,0.8,72,True
REQ-002638,2025-12-19,2025-12-20,2025-12-20,39.0,1.62,94,True
REQ-002639,2025-12-19,2025-12-19,2025-12-19,22.9,0.96,168,True
REQ-002640,2025-12-19,2025-12-20,2025-12-20,26.5,1.1,218,True
REQ-002643,2025-12-19,2025-12-19,,21.9,0.91,218,True
REQ-002645,2025-12-19,2025-12-19,,8.9,0.37,168,True
REQ-002646,2025-12-19,2025-12-19,2025-12-19,13.8,0.58,24,True
REQ-002647,2025-12-20,2025-12-21,,24.6,1.03,72,True
REQ-002648,2025-12-20,2025-12-20,2025-12-20,16.5,0.69,168,True
REQ-002649,2025-12-20,2025-12-20,,18.2,0.76,72,True
REQ-002650,2025-12-20,2025-12-20,2025-12-20,15.6,0.65,24,True
REQ-002651,2025-12-20,2025-12-21,,36.2,1.51,168,True
REQ-002652,2025-12-20,2025-12-21,2025-12-21,29.9,1.24,168,True
REQ-002653,2025-12-20,2025-12-20,2025-12-20,18.3,0.76,72,True
REQ-002654,2025-12-20,2025-12-21,2025-12-21,27.3,1.14,72,True
REQ-002655,2025-12-20,2025-12-23,2025-12-23,87.7,3.65,168,True
REQ-002656,2025-12-20,2025-12-20,,5.3,0.22,218,True
REQ-002657,2025-12-20,2025-12-20,,5.7,0.24,168,True
REQ-002658,2025-12-20,2025-12-20,2025-12-20,21.3,0.89,72,True
REQ-002659,2025-12-20,2025-12-20,2025-12-20,3.1,0.13,4,True
REQ-002660,2025-12-20,2025-12-22,2025-12-22,48.0,2.0,168,True
REQ-002661,2025-12-20,2025-12-23,,72.7,3.03,168,True
REQ-002662,2025-12-20,2025-12-20,2025-12-20,13.9,0.58,94,True
REQ-002663,2025-12-21,2025-12-25,,119.9,5.0,218,True
REQ-002664,2025-12-21,2025-12-21,2025-12-21,13.1,0.55,24,True
REQ-002665,2025-12-21,2025-12-21,2025-12-21,20.9,0.87,72,True
REQ-002666,2025-12-21,2025-12-21,2025-12-21,4.0,0.17,31,True
REQ-002667,2025-12-21,2025-12-22,,37.5,1.56,79,True
REQ-002668,2025-12-21,2025-12-21,2025-12-21,10.1,0.42,94,True
REQ-002669,2025-12-21,2025-12-21,2025-12-21,9.8,0.41,31,True
REQ-002670,2025-12-22,2025-12-24,,52.7,2.2,218,True
REQ-002671,2025-12-22,2025-12-22,,20.7,0.86,168,True
REQ-002672,2025-12-22,2025-12-22,2025-12-22,5.4,0.22,72,True
REQ-002673,2025-12-22,2025-12-22,2025-12-22,3.5,0.15,72,True
REQ-002674,2025-12-22,2025-12-22,,11.2,0.47,168,True
REQ-002675,2025-12-22,2025-12-23,2025-12-23,27.1,1.13,72,True
REQ-002676,2025-12-22,2025-12-22,,21.8,0.91,218,True
REQ-002677,2025-12-22,2025-12-22,,24.0,1.0,72,True
REQ-002678,2025-12-22,2025-12-22,,17.3,0.72,72,True
REQ-002679,2025-12-22,2025-12-22,,15.6,0.65,24,True
REQ-002680,2025-12-22,2025-12-26,2025-12-26,105.8,4.41,168,True
REQ-002681,2025-12-22,2025-12-23,,29.1,1.21,94,True
REQ-002683,2025-12-22,2025-12-22,2025-12-22,22.7,0.95,218,True
REQ-002684,2025-12-22,2025-12-24,2025-12-24,57.4,2.39,72,True
REQ-002685,2025-12-22,2025-12-23,2025-12-23,32.1,1.34,168,True
REQ-002686,2025-12-22,2025-12-22,2025-12-22,13.6,0.57,4,False
REQ-002687,2025-12-22,2025-12-23,2025-12-23,27.8,1.16,31,True
REQ-002688,2025-12-22,2025-12-22,2025-12-22,15.3,0.64,168,True
REQ-002689,2025-12-23,2025-12-23,2025-12-23,11.8,0.49,72,True
REQ-002690,2025-12-23,2025-12-26,2025-12-26,75.2,3.13,31,False
REQ-002691,2025-12-23,2025-12-23,2025-12-23,14.7,0.61,72,True
REQ-002692,2025-12-23,2025-12-23,2025-12-23,15.0,0.63,4,False
REQ-002693,2025-12-23,2025-12-23,2025-12-23,16.6,0.69,26,True
REQ-002694,2025-12-23,2025-12-24,2025-12-24,31.9,1.33,24,False
REQ-002695,2025-12-23,2025-12-23,2025-12-23,8.8,0.36,218,True
REQ-002696,2025-12-23,2025-12-23,2025-12-23,16.9,0.7,72,True
REQ-002697,2025-12-23,2025-12-23,2025-12-23,13.3,0.56,24,True
REQ-002698,2025-12-23,2025-12-23,,20.9,0.87,168,True
REQ-002699,2025-12-23,2025-12-23,2025-12-23,13.3,0.55,168,True
REQ-002700,2025-12-23,2025-12-26,2025-12-26,90.6,3.78,185,True
REQ-002701,2025-12-23,2025-12-23,2025-12-23,11.2,0.46,72,True
REQ-002702,2025-12-23,2025-12-24,2025-12-24,24.3,1.01,72,True
REQ-002703,2025-12-23,2025-12-23,2025-12-23,7.6,0.32,72,True
REQ-002704,2025-12-23,2025-12-24,,25.8,1.08,94,True
REQ-002705,2025-12-23,2025-12-23,2025-12-23,9.7,0.4,218,True
REQ-002706,2025-12-23,2025-12-23,2025-12-23,21.2,0.89,185,True
REQ-002707,2025-12-23,2025-12-24,,27.3,1.14,26,False
REQ-002708,2025-12-24,2025-12-25,2025-12-25,42.0,1.75,72,True
REQ-002709,2025-12-24,2025-12-27,2025-12-27,76.4,3.18,72,False
REQ-002711,2025-12-24,2025-12-24,2025-12-24,13.7,0.57,4,False
REQ-002712,2025-12-24,2025-12-26,2025-12-26,68.7,2.86,79,True
REQ-002713,2025-12-24,2025-12-25,,43.4,1.81,168,True
REQ-002714,2025-12-24,2025-12-27,2025-12-27,80.1,3.34,168,True
REQ-002716,2025-12-24,2025-12-24,2025-12-24,13.5,0.56,168,True
REQ-002717,2025-12-24,2025-12-25,,43.7,1.82,168,True
REQ-002718,2025-12-24,2025-12-24,,12.3,0.51,4,False
REQ-002719,2025-12-24,2025-12-24,2025-12-24,20.1,0.84,218,True
REQ-002720,2025-12-24,2025-12-24,2025-12-24,5.2,0.22,94,True
REQ-002721,2025-12-24,2025-12-24,,9.1,0.38,218,True
REQ-002722,2025-12-24,2025-12-24,2025-12-24,6.4,0.27,24,True
REQ-002723,2025-12-24,2025-12-25,2025-12-25,25.6,1.07,4,False
REQ-002724,2025-12-24,2025-12-25,2025-12-25,39.3,1.64,218,True
REQ-002725,2025-12-24,2025-12-25,2025-12-25,38.5,1.61,218,True
REQ-002726,2025-12-24,2025-12-24,2025-12-24,12.9,0.54,24,True
REQ-002727,2025-12-24,2025-12-24,,10.1,0.42,72,True
REQ-002728,2025-12-24,2025-12-26,2025-12-26,51.6,2.15,185,True
REQ-002729,2025-12-24,2025-12-26,2025-12-26,54.4,2.26,31,False
REQ-002731,2025-12-25,2025-12-27,2025-12-27,64.1,2.67,72,True
REQ-002732,2025-12-25,2025-12-26,,28.1,1.17,168,True
REQ-002733,2025-12-25,2025-12-27,2025-12-27,58.6,2.44,72,True
REQ-002734,2025-12-25,2025-12-25,2025-12-25,22.2,0.92,24,True
REQ-002736,2025-12-25,2025-12-26,,37.5,1.56,185,True
REQ-002737,2025-12-25,2025-12-25,2025-12-25,6.9,0.29,79,True
REQ-002738,2025-12-25,2025-12-25,2025-12-25,6.8,0.28,24,True
REQ-002739,2025-12-25,2025-12-28,2025-12-28,93.8,3.91,168,True
REQ-002740,2025-12-25,2025-12-27,2025-12-27,54.0,2.25,168,True
REQ-002741,2025-12-25,2025-12-25,2025-12-25,6.8,0.28,4,False
REQ-002742,2025-12-25,2025-12-27,,51.2,2.13,185,True
REQ-002743,2025-12-25,2025-12-26,2025-12-26,46.2,1.93,79,True
REQ-002744,2025-12-25,2025-12-26,2025-12-26,36.1,1.51,72,True
REQ-002745,2025-12-25,2025-12-25,2025-12-25,19.5,0.81,31,True
REQ-002747,2025-12-25,2025-12-25,2025-12-25,16.9,0.71,185,True
REQ-002748,2025-12-25,2025-12-25,2025-12-25,17.1,0.71,168,True
REQ-002750,2025-12-25,2025-12-26,2025-12-26,28.0,1.17,94,True
REQ-002751,2025-12-25,2025-12-26,2025-12-26,31.9,1.33,218,True
REQ-002752,2025-12-25,2025-12-25,2025-12-25,22.7,0.95,24,True
REQ-002753,2025-12-26,2025-12-26,2025-12-26,17.3,0.72,24,True
REQ-002754,2025-12-26,2025-12-27,2025-12-27,25.4,1.06,168,True
REQ-002756,2025-12-26,2025-12-27,2025-12-27,47.7,1.99,218,True
REQ-002757,2025-12-26,2025-12-27,,25.9,1.08,31,True
REQ-002758,2025-12-26,2025-12-26,2025-12-26,22.2,0.93,24,True
REQ-002759,2025-12-26,2025-12-27,2025-12-27,36.7,1.53,72,True
REQ-002760,2025-12-26,2025-12-27,2025-12-27,41.7,1.74,185,True
REQ-002761,2025-12-26,2025-12-28,,51.8,2.16,185,True
REQ-002762,2025-12-26,2025-12-26,,3.7,0.16,5,True
REQ-002763,2025-12-26,2025-12-26,2025-12-26,11.4,0.48,218,True
REQ-002764,2025-12-26,2025-12-26,2025-12-26,10.4,0.43,24,True
REQ-002765,2025-12-26,2025-12-26,,23.5,0.98,168,True
REQ-002766,2025-12-26,2025-12-26,2025-12-26,23.9,1.0,5,False
REQ-002767,2025-12-26,2025-12-26,,7.7,0.32,72,True
REQ-002768,2025-12-26,2025-12-29,,86.2,3.59,168,True
REQ-002769,2025-12-26,2025-12-27,2025-12-27,39.0,1.62,218,True
REQ-002770,2025-12-26,2025-12-26,2025-12-26,16.0,0.67,185,True
REQ-002771,2025-12-26,2025-12-27,2025-12-27,24.6,1.03,72,True
REQ-002772,2025-12-26,2025-12-26,,12.4,0.52,185,True
REQ-002773,2025-12-26,2025-12-27,2025-12-27,26.1,1.09,31,True
REQ-002774,2025-12-26,2025-12-26,,10.4,0.43,94,True
REQ-002775,2025-12-27,2025-12-27,2025-12-27,11.4,0.48,185,True
REQ-002777,2025-12-27,2025-12-27,2025-12-27,12.1,0.5,24,True
REQ-002778,2025-12-27,2025-12-27,,17.8,0.74,168,True
REQ-002779,2025-12-27,2025-12-28,2025-12-28,39.3,1.64,168,True
REQ-002780,2025-12-27,2025-12-28,,26.5,1.1,168,True
REQ-002781,2025-12-27,2025-12-28,2025-12-28,27.6,1.15,31,True
REQ-002782,2025-12-27,2025-12-28,2025-12-28,44.6,1.86,185,True
REQ-002783,2025-12-27,2025-12-27,2025-12-27,18.8,0.78,31,True
REQ-002784,2025-12-27,2025-12-27,2025-12-27,20.8,0.87,24,True
REQ-002785,2025-12-27,2025-12-27,,17.4,0.73,24,True
REQ-002786,2025-12-27,2025-12-27,2025-12-27,17.3,0.72,31,True
REQ-002787,2025-12-28,2025-12-29,2025-12-29,24.9,1.04,72,True
REQ-002788,2025-12-28,2025-12-29,2025-12-29,25.1,1.04,72,True
REQ-002789,2025-12-28,2025-12-29,,33.9,1.41,72,True
REQ-002790,2025-12-28,2025-12-29,,45.6,1.9,218,True
REQ-002791,2025-12-28,2025-12-30,,58.9,2.46,94,True
REQ-002792,2025-12-28,2025-12-30,2025-12-30,55.6,2.32,94,True
REQ-002793,2025-12-28,2025-12-28,,13.9,0.58,218,True
REQ-002794,2025-12-28,2025-12-29,,37.5,1.56,218,True
REQ-002795,2025-12-28,2025-12-28,2025-12-28,12.0,0.5,72,True
REQ-002796,2025-12-28,2025-12-29,,40.1,1.67,94,True
REQ-002797,2025-12-28,2025-12-29,,25.7,1.07,185,True
REQ-002798,2025-12-28,2025-12-29,2025-12-29,26.5,1.11,24,False
REQ-002799,2025-12-29,2025-12-30,2025-12-30,32.2,1.34,24,False
REQ-002800,2025-12-29,2025-12-31,2025-12-31,50.8,2.12,72,True
REQ-002801,2025-12-29,2025-12-29,,13.7,0.57,72,True
REQ-002802,2025-12-29,2025-12-30,2025-12-30,26.1,1.09,94,True
REQ-002803,2025-12-29,2025-12-29,2025-12-29,15.2,0.63,31,True
REQ-002804,2025-12-29,2025-12-30,2025-12-30,34.9,1.46,72,True
REQ-002805,2025-12-29,2025-12-30,2025-12-30,31.9,1.33,218,True
REQ-002806,2025-12-29,2025-12-31,2025-12-31,59.6,2.48,168,True
REQ-002807,2025-12-29,2025-12-30,,31.5,1.31,168,True
REQ-002808,2025-12-29,2025-12-30,2025-12-30,27.7,1.15,218,True
REQ-002809,2025-12-29,2025-12-29,2025-12-29,2.5,0.1,5,True
REQ-002810,2025-12-29,2025-12-30,2025-12-30,24.1,1.01,79,True
REQ-002811,2025-12-29,2025-12-30,2025-12-30,34.1,1.42,168,True
REQ-002812,2025-12-29,2025-12-29,2025-12-29,13.6,0.57,79,True
REQ-002813,2025-12-29,2025-12-29,2025-12-29,3.9,0.16,24,True
REQ-002814,2025-12-29,2025-12-30,2025-12-30,47.5,1.98,72,True
REQ-002815,2025-12-29,2025-12-30,,26.4,1.1,218,True
REQ-002816,2025-12-29,2026-01-02,,115.2,4.8,218,True
REQ-002817,2025-12-29,2025-12-29,2025-12-29,15.9,0.66,185,True
REQ-002818,2025-12-30,2025-12-31,2025-12-31,26.4,1.1,72,True
REQ-002819,2025-12-30,2025-12-30,,20.8,0.87,94,True
REQ-002820,2025-12-30,2025-12-30,2025-12-30,18.4,0.77,4,False
REQ-002821,2025-12-30,2025-12-30,,20.7,0.86,79,True
REQ-002822,2025-12-30,2025-12-31,2025-12-31,44.3,1.85,218,True
REQ-002823,2025-12-30,2025-12-31,,35.8,1.49,185,True
REQ-002824,2025-12-30,2025-12-31,2025-12-31,27.6,1.15,168,True
REQ-002825,2025-12-30,2025-12-30,2025-12-30,17.3,0.72,168,True
REQ-002826,2025-12-30,2025-12-30,,21.1,0.88,218,True
REQ-002827,2025-12-30,2025-12-30,,10.1,0.42,72,True
REQ-002828,2025-12-30,2025-12-30,2025-12-30,16.6,0.69,218,True
REQ-002829,2025-12-30,2025-12-31,,42.5,1.77,26,False
REQ-002830,2025-12-30,2025-12-30,,18.1,0.75,4,False
REQ-002831,2025-12-30,2025-12-31,,29.0,1.21,218,True
REQ-002832,2025-12-30,2025-12-30,2025-12-30,8.7,0.36,168,True
REQ-002833,2025-12-30,2025-12-31,2025-12-31,36.2,1.51,24,False
REQ-002834,2025-12-30,2025-12-31,2025-12-31,33.6,1.4,5,False
REQ-002835,2025-12-30,2026-01-01,2026-01-01,48.1,2.0,218,True
REQ-002836,2025-12-30,2025-12-31,2025-12-31,39.7,1.65,185,True
REQ-002837,2025-12-30,2026-01-02,,76.5,3.19,31,False
REQ-002838,2025-12-30,2026-01-02,2026-01-02,84.0,3.5,94,True
REQ-002839,2025-12-30,2026-01-03,2026-01-03,100.3,4.18,185,True
REQ-002840,2025-12-30,2025-12-31,2025-12-31,29.5,1.23,168,True
REQ-002841,2025-12-30,2025-12-31,,29.2,1.22,24,False
REQ-002842,2025-12-30,2025-12-31,2025-12-31,31.6,1.31,185,True
REQ-002843,2025-12-30,2025-12-31,2025-12-31,27.2,1.13,26,False
REQ-002844,2025-12-30,2025-12-30,2025-12-30,10.5,0.44,72,True
REQ-002845,2025-12-30,2025-12-31,2025-12-31,28.3,1.18,168,True
REQ-002846,2025-12-30,2025-12-31,2025-12-31,31.1,1.3,185,True
REQ-002847,2025-12-31,2026-01-05,2026-01-05,127.5,5.31,185,True
REQ-002848,2025-12-31,2026-01-01,2026-01-01,29.9,1.25,168,True
REQ-002849,2025-12-31,2026-01-01,,34.4,1.43,79,True
REQ-002850,2025-12-31,2026-01-02,,69.0,2.88,218,True
REQ-002851,2025-12-31,2025-12-31,2025-12-31,17.1,0.71,24,True
REQ-002852,2025-12-31,2026-01-01,,33.6,1.4,218,True
REQ-002853,2025-12-31,2026-01-02,,53.7,2.24,185,True
REQ-002854,2025-12-31,2025-12-31,2025-12-31,20.3,0.85,185,True
REQ-002855,2025-12-31,2026-01-01,2026-01-01,28.0,1.17,168,True
REQ-002856,2025-12-31,2026-01-02,2026-01-02,55.4,2.31,168,True
REQ-002857,2025-12-31,2026-01-01,,35.1,1.46,94,True
REQ-002858,2025-12-31,2025-12-31,,1.5,0.06,5,True
REQ-002859,2025-12-31,2026-01-01,2026-01-01,26.5,1.11,24,False
REQ-002861,2025-12-31,2025-12-31,2025-12-31,10.9,0.45,168,True
REQ-002862,2025-12-31,2025-12-31,,21.1,0.88,168,True
REQ-002863,2025-12-31,2026-01-01,,25.7,1.07,185,True
REQ-002864,2025-12-31,2026-01-04,,96.9,4.04,185,True
REQ-002865,2025-12-31,2025-12-31,2025-12-31,19.7,0.82,94,True
REQ-002866,2025-12-31,2025-12-31,2025-12-31,17.5,0.73,185,True
REQ-002868,2025-12-31,2025-12-31,2025-12-31,3.3,0.14,4,True
REQ-002869,2025-12-31,2026-01-02,2026-01-02,62.8,2.62,94,True
REQ-002870,2026-01-01,2026-01-02,2026-01-02,33.1,1.38,168,True
REQ-002871,2026-01-01,2026-01-01,2026-01-01,19.4,0.81,24,True
REQ-002872,2026-01-01,2026-01-02,,27.2,1.13,185,True
REQ-002873,2026-01-01,2026-01-01,2026-01-01,4.5,0.19,72,True
REQ-002874,2026-01-01,2026-01-01,2026-01-01,18.7,0.78,218,True
REQ-002875,2026-01-01,2026-01-02,,40.2,1.68,168,True
REQ-002876,2026-01-01,2026-01-02,,29.9,1.24,168,True
REQ-002877,2026-01-01,2026-01-01,2026-01-01,22.8,0.95,24,True
REQ-002878,2026-01-01,2026-01-03,,65.8,2.74,72,True
REQ-002879,2026-01-01,2026-01-02,,42.2,1.76,185,True
REQ-002880,2026-01-01,2026-01-01,2026-01-01,20.9,0.87,24,True
REQ-002881,2026-01-01,2026-01-02,,39.0,1.63,168,True
REQ-002882,2026-01-01,2026-01-02,2026-01-02,32.2,1.34,185,True
REQ-002883,2026-01-01,2026-01-02,2026-01-02,45.5,1.9,168,True
REQ-002884,2026-01-01,2026-01-02,2026-01-02,39.2,1.63,72,True
REQ-002885,2026-01-01,2026-01-02,2026-01-02,28.6,1.19,94,True
REQ-002886,2026-01-01,2026-01-01,2026-01-01,1.5,0.06,24,True
REQ-002887,2026-01-01,2026-01-03,,48.2,2.01,94,True
REQ-002888,2026-01-02,2026-01-02,2026-01-02,16.9,0.7,79,True
REQ-002889,2026-01-02,2026-01-02,,16.3,0.68,218,True
REQ-002891,2026-01-02,2026-01-02,,13.4,0.56,94,True
REQ-002892,2026-01-02,2026-01-04,2026-01-04,57.8,2.41,168,True
REQ-002893,2026-01-02,2026-01-02,,16.4,0.68,5,False
REQ-002894,2026-01-02,2026-01-03,,37.6,1.57,26,False
REQ-002895,2026-01-02,2026-01-04,,56.6,2.36,168,True
REQ-002896,2026-01-02,2026-01-03,2026-01-03,32.9,1.37,94,True
REQ-002897,2026-01-02,2026-01-02,2026-01-02,9.1,0.38,168,True
REQ-002898,2026-01-02,2026-01-04,2026-01-04,48.3,2.01,168,True
REQ-002899,2026-01-02,2026-01-03,2026-01-03,34.1,1.42,26,False
REQ-002900,2026-01-02,2026-01-02,2026-01-02,18.8,0.79,168,True
REQ-002901,2026-01-02,2026-01-03,,25.8,1.07,218,True
REQ-002902,2026-01-02,2026-01-03,2026-01-03,27.6,1.15,185,True
REQ-002903,2026-01-02,2026-01-03,2026-01-03,26.7,1.11,94,True
REQ-002904,2026-01-02,2026-01-04,2026-01-04,62.2,2.59,72,True
REQ-002905,2026-01-02,2026-01-02,,23.9,1.0,218,True
REQ-002906,2026-01-02,2026-01-05,,72.4,3.02,218,True
REQ-002907,2026-01-02,2026-01-04,2026-01-04,60.7,2.53,185,True
REQ-002908,2026-01-02,2026-01-03,2026-01-03,40.1,1.67,31,False
REQ-002909,2026-01-02,2026-01-02,,18.3,0.76,24,True
REQ-002910,2026-01-02,2026-01-02,,9.3,0.39,72,True
REQ-002911,2026-01-02,2026-01-03,2026-01-03,24.9,1.04,72,True
REQ-002912,2026-01-03,2026-01-04,2026-01-04,41.1,1.71,79,True
REQ-002914,2026-01-03,2026-01-03,2026-01-03,14.8,0.62,168,True
REQ-002915,2026-01-03,2026-01-04,2026-01-04,45.1,1.88,26,False
REQ-002916,2026-01-03,2026-01-05,2026-01-05,51.4,2.14,168,True
REQ-002917,2026-01-03,2026-01-05,,50.8,2.12,185,True
REQ-002918,2026-01-03,2026-01-03,2026-01-03,6.3,0.26,218,True
REQ-002919,2026-01-03,2026-01-06,2026-01-06,74.9,3.12,218,True
REQ-002920,2026-01-03,2026-01-03,2026-01-03,19.2,0.8,218,True
REQ-002921,2026-01-03,2026-01-03,2026-01-03,13.8,0.57,185,True
REQ-002922,2026-01-03,2026-01-03,2026-01-03,9.9,0.41,24,True
REQ-002923,2026-01-04,2026-01-05,2026-01-05,37.2,1.55,94,True
REQ-002924,2026-01-04,2026-01-08,,101.2,4.22,185,True
REQ-002925,2026-01-04,2026-01-05,2026-01-05,38.1,1.59,4,False
REQ-002927,2026-01-04,2026-01-04,2026-01-04,23.8,0.99,24,True
REQ-002928,2026-01-05,2026-01-05,2026-01-05,16.7,0.7,218,True
REQ-002929,2026-01-05,2026-01-05,,22.9,0.95,168,True
REQ-002930,2026-01-05,2026-01-07,2026-01-07,62.9,2.62,26,False
REQ-002931,2026-01-05,2026-01-07,,52.7,2.19,218,True
REQ-002932,2026-01-05,2026-01-05,,13.5,0.56,79,True
REQ-002933,2026-01-05,2026-01-05,,14.0,0.58,168,True
REQ-002934,2026-01-05,2026-01-07,2026-01-07,52.9,2.2,185,True
REQ-002935,2026-01-05,2026-01-06,2026-01-06,44.5,1.85,185,True
REQ-002936,2026-01-05,2026-01-05,2026-01-05,16.5,0.69,168,True
REQ-002937,2026-01-05,2026-01-05,,21.8,0.91,24,True
REQ-002939,2026-01-05,2026-01-07,2026-01-07,61.3,2.55,185,True
REQ-002940,2026-01-05,2026-01-05,2026-01-05,9.8,0.41,185,True
REQ-002941,2026-01-05,2026-01-06,,42.6,1.77,185,True
REQ-002943,2026-01-05,2026-01-05,2026-01-05,17.5,0.73,24,True
REQ-002944,2026-01-05,2026-01-05,2026-01-05,23.1,0.96,31,True
REQ-002945,2026-01-05,2026-01-05,2026-01-05,23.5,0.98,72,True
REQ-002946,2026-01-05,2026-01-05,2026-01-05,11.8,0.49,72,True
REQ-002947,2026-01-05,2026-01-05,2026-01-05,11.3,0.47,72,True
REQ-002948,2026-01-05,2026-01-07,2026-01-07,49.1,2.05,31,False
REQ-002949,2026-01-05,2026-01-05,,9.3,0.39,218,True
REQ-002950,2026-01-05,2026-01-05,,23.5,0.98,185,True
REQ-002951,2026-01-05,2026-01-07,,65.5,2.73,185,True
REQ-002952,2026-01-05,2026-01-05,,9.8,0.41,24,True
REQ-002953,2026-01-06,2026-01-06,2026-01-06,12.6,0.52,168,True
REQ-002954,2026-01-06,2026-01-07,,33.5,1.4,72,True
REQ-002955,2026-01-06,2026-01-06,,1.7,0.07,168,True
REQ-002956,2026-01-06,2026-01-06,,6.5,0.27,26,True
REQ-002957,2026-01-06,2026-01-06,,18.2,0.76,94,True
REQ-002959,2026-01-06,2026-01-06,2026-01-06,17.6,0.73,185,True
REQ-002960,2026-01-06,2026-01-07,2026-01-07,43.3,1.8,185,True
REQ-002961,2026-01-06,2026-01-06,2026-01-06,17.3,0.72,94,True
REQ-002962,2026-01-06,2026-01-07,2026-01-07,26.4,1.1,218,True
REQ-002963,2026-01-06,2026-01-07,2026-01-07,41.0,1.71,79,True
REQ-002964,2026-01-06,2026-01-07,,36.4,1.52,218,True
REQ-002965,2026-01-06,2026-01-08,2026-01-08,63.0,2.63,218,True
REQ-002966,2026-01-06,2026-01-07,,36.0,1.5,185,True
REQ-002967,2026-01-06,2026-01-07,2026-01-07,35.0,1.46,218,True
REQ-002968,2026-01-06,2026-01-06,2026-01-06,15.7,0.65,79,True
REQ-002969,2026-01-06,2026-01-06,2026-01-06,10.1,0.42,168,True
REQ-002970,2026-01-06,2026-01-06,2026-01-06,11.4,0.47,24,True
REQ-002971,2026-01-06,2026-01-06,2026-01-06,9.1,0.38,168,True
REQ-002973,2026-01-07,2026-01-08,2026-01-08,31.1,1.29,24,False
REQ-002974,2026-01-07,2026-01-09,,48.4,2.02,168,True
REQ-002975,2026-01-07,2026-01-08,2026-01-08,35.0,1.46,79,True
REQ-002976,2026-01-07,2026-01-07,2026-01-07,12.2,0.51,5,False
REQ-002977,2026-01-07,2026-01-07,2026-01-07,19.9,0.83,218,True
REQ-002978,2026-01-07,2026-01-08,2026-01-08,36.5,1.52,168,True
REQ-002979,2026-01-07,2026-01-07,2026-01-07,20.0,0.83,26,True
REQ-002980,2026-01-07,2026-01-12,2026-01-12,137.4,5.72,218,True
REQ-002981,2026-01-07,2026-01-07,,4.4,0.18,24,True
REQ-002982,2026-01-07,2026-01-07,,19.8,0.83,218,True
REQ-002983,2026-01-07,2026-01-07,2026-01-07,21.8,0.91,72,True
REQ-002984,2026-01-07,2026-01-07,2026-01-07,15.8,0.66,218,True
REQ-002985,2026-01-07,2026-01-07,2026-01-07,14.2,0.59,72,True
REQ-002987,2026-01-07,2026-01-07,,16.7,0.7,168,True
REQ-002988,2026-01-07,2026-01-07,2026-01-07,8.4,0.35,31,True
REQ-002989,2026-01-07,2026-01-07,2026-01-07,11.9,0.5,31,True
REQ-002990,2026-01-07,2026-01-09,,67.1,2.8,218,True
REQ-002991,2026-01-08,2026-01-09,,29.1,1.21,168,True
REQ-002992,2026-01-08,2026-01-09,,31.5,1.31,218,True
REQ-002993,2026-01-08,2026-01-08,,10.1,0.42,185,True
REQ-002994,2026-01-08,2026-01-09,2026-01-09,25.3,1.05,218,True
REQ-002995,2026-01-08,2026-01-08,2026-01-08,17.2,0.72,94,True
REQ-002996,2026-01-08,2026-01-08,2026-01-08,8.4,0.35,79,True
REQ-002997,2026-01-08,2026-01-08,,19.9,0.83,168,True
REQ-002998,2026-01-08,2026-01-10,,62.5,2.6,168,True
REQ-002999,2026-01-08,2026-01-08,,17.3,0.72,79,True
REQ-003000,2026-01-08,2026-01-10,2026-01-10,69.6,2.9,94,True
REQ-003001,2026-01-08,2026-01-09,,26.5,1.1,168,True
REQ-003003,2026-01-08,2026-01-08,,8.7,0.36,168,True
REQ-003004,2026-01-08,2026-01-10,,68.7,2.86,185,True
REQ-003005,2026-01-08,2026-01-09,2026-01-09,39.9,1.66,26,False
REQ-003006,2026-01-08,2026-01-10,2026-01-10,50.7,2.11,24,False
REQ-003007,2026-01-08,2026-01-09,2026-01-09,39.0,1.62,168,True
REQ-003008,2026-01-08,2026-01-09,2026-01-09,42.0,1.75,185,True
REQ-003009,2026-01-08,2026-01-08,2026-01-08,15.5,0.64,72,True
REQ-003010,2026-01-08,2026-01-09,2026-01-09,29.9,1.24,168,True
REQ-003011,2026-01-08,2026-01-08,,9.3,0.39,72,True
REQ-003012,2026-01-08,2026-01-10,2026-01-10,53.3,2.22,185,True
REQ-003013,2026-01-08,2026-01-08,2026-01-08,21.4,0.89,24,True
REQ-003014,2026-01-08,2026-01-08,,16.8,0.7,4,False
REQ-003015,2026-01-08,2026-01-10,,51.9,2.16,94,True
REQ-003016,2026-01-08,2026-01-11,2026-01-11,82.4,3.43,168,True
REQ-003017,2026-01-08,2026-01-09,2026-01-09,26.8,1.12,24,False
REQ-003018,2026-01-09,2026-01-09,,10.7,0.45,72,True
REQ-003019,2026-01-09,2026-01-12,,72.7,3.03,94,True
REQ-003020,2026-01-09,2026-01-10,,36.0,1.5,185,True
REQ-003021,2026-01-09,2026-01-10,,30.0,1.25,72,True
REQ-003022,2026-01-09,2026-01-09,,20.0,0.83,26,True
REQ-003024,2026-01-09,2026-01-10,,26.6,1.11,185,True
REQ-003025,2026-01-09,2026-01-10,2026-01-10,43.8,1.83,218,True
REQ-003026,2026-01-09,2026-01-11,2026-01-11,54.0,2.25,168,True
REQ-003027,2026-01-09,2026-01-09,,13.9,0.58,26,True
REQ-003028,2026-01-09,2026-01-10,,26.5,1.1,168,True
REQ-003029,2026-01-09,2026-01-09,2026-01-09,9.2,0.38,168,True
REQ-003030,2026-01-09,2026-01-11,2026-01-11,48.9,2.04,79,True
REQ-003031,2026-01-09,2026-01-12,2026-01-12,82.8,3.45,185,True
REQ-003032,2026-01-10,2026-01-10,2026-01-10,16.4,0.68,24,True
REQ-003033,2026-01-10,2026-01-12,,70.9,2.95,218,True
REQ-003034,2026-01-10,2026-01-10,,18.2,0.76,72,True
REQ-003035,2026-01-10,2026-01-12,,53.9,2.25,218,True
REQ-003036,2026-01-10,2026-01-12,2026-01-12,51.9,2.16,26,False
REQ-003037,2026-01-10,2026-01-11,2026-01-11,28.2,1.17,94,True
REQ-003038,2026-01-10,2026-01-10,,10.6,0.44,185,True
REQ-003039,2026-01-10,2026-01-13,2026-01-13,84.4,3.52,168,True
REQ-003040,2026-01-10,2026-01-11,2026-01-11,25.0,1.04,218,True
REQ-003041,2026-01-10,2026-01-11,2026-01-11,29.5,1.23,24,False
REQ-003042,2026-01-10,2026-01-10,2026-01-10,19.9,0.83,168,True
REQ-003043,2026-01-10,2026-01-11,2026-01-11,46.0,1.92,168,True
REQ-003045,2026-01-10,2026-01-12,2026-01-12,70.4,2.93,185,True
REQ-003046,2026-01-10,2026-01-10,2026-01-10,15.4,0.64,94,True
REQ-003048,2026-01-11,2026-01-11,,14.9,0.62,79,True
REQ-003049,2026-01-11,2026-01-13,2026-01-13,48.1,2.0,218,True
REQ-003051,2026-01-11,2026-01-11,,12.1,0.51,168,True
REQ-003052,2026-01-11,2026-01-12,,38.0,1.58,168,True
REQ-003053,2026-01-11,2026-01-14,2026-01-14,84.2,3.51,218,True
REQ-003054,2026-01-11,2026-01-12,,31.1,1.3,218,True
REQ-003055,2026-01-11,2026-01-11,2026-01-11,9.2,0.38,168,True
REQ-003056,2026-01-11,2026-01-14,2026-01-14,76.7,3.2,218,True
REQ-003057,2026-01-11,2026-01-11,2026-01-11,15.3,0.64,168,True
REQ-003058,2026-01-11,2026-01-11,2026-01-11,14.8,0.62,168,True
REQ-003059,2026-01-11,2026-01-13,2026-01-13,67.9,2.83,185,True
REQ-003060,2026-01-12,2026-01-12,2026-01-12,10.5,0.44,168,True
REQ-003061,2026-01-12,2026-01-14,,50.4,2.1,168,True
REQ-003062,2026-01-12,2026-01-13,,43.4,1.81,79,True
REQ-003063,2026-01-12,2026-01-12,2026-01-12,19.8,0.83,26,True
REQ-003064,2026-01-12,2026-01-13,,46.3,1.93,168,True
REQ-003065,2026-01-12,2026-01-13,,42.3,1.76,185,True
REQ-003066,2026-01-12,2026-01-12,2026-01-12,8.0,0.33,24,True
REQ-003067,2026-01-12,2026-01-13,,29.4,1.23,185,True
REQ-003068,2026-01-12,2026-01-13,2026-01-13,43.6,1.82,218,True
REQ-003069,2026-01-12,2026-01-12,,22.6,0.94,168,True
REQ-003070,2026-01-12,2026-01-13,2026-01-13,43.0,1.79,168,True
REQ-003071,2026-01-12,2026-01-12,2026-01-12,8.7,0.36,218,True
REQ-003072,2026-01-12,2026-01-12,,20.2,0.84,94,True
REQ-003073,2026-01-12,2026-01-12,,9.2,0.38,218,True
REQ-003074,2026-01-12,2026-01-12,2026-01-12,7.9,0.33,72,True
REQ-003075,2026-01-12,2026-01-12,2026-01-12,5.9,0.24,31,True
REQ-003076,2026-01-12,2026-01-12,,12.2,0.51,218,True
REQ-003077,2026-01-12,2026-01-14,2026-01-14,48.5,2.02,94,True
REQ-003078,2026-01-12,2026-01-12,2026-01-12,5.0,0.21,4,False
REQ-003079,2026-01-13,2026-01-14,2026-01-14,39.7,1.65,26,False
REQ-003080,2026-01-13,2026-01-14,,38.5,1.6,79,True
REQ-003081,2026-01-13,2026-01-15,,61.7,2.57,79,True
REQ-003082,2026-01-13,2026-01-13,2026-01-13,6.6,0.28,31,True
REQ-003083,2026-01-13,2026-01-14,2026-01-14,28.5,1.19,31,True
REQ-003084,2026-01-13,2026-01-13,2026-01-13,21.8,0.91,94,True
REQ-003085,2026-01-13,2026-01-13,2026-01-13,11.5,0.48,94,True
REQ-003087,2026-01-13,2026-01-15,,54.1,2.25,168,True
REQ-003088,2026-01-13,2026-01-14,2026-01-14,27.6,1.15,218,True
REQ-003089,2026-01-13,2026-01-14,2026-01-14,28.9,1.2,185,True
REQ-003090,2026-01-13,2026-01-13,,15.9,0.66,185,True
REQ-003091,2026-01-13,2026-01-13,2026-01-13,20.4,0.85,168,True
REQ-003092,2026-01-13,2026-01-13,,10.9,0.46,185,True
REQ-003093,2026-01-13,2026-01-13,2026-01-13,15.3,0.64,94,True
REQ-003094,2026-01-13,2026-01-13,2026-01-13,14.8,0.62,168,True
REQ-003095,2026-01-13,2026-01-14,,26.2,1.09,168,True
REQ-003096,2026-01-13,2026-01-16,,84.9,3.54,218,True
REQ-003098,2026-01-14,2026-01-14,,14.9,0.62,168,True
REQ-003099,2026-01-14,2026-01-16,,50.9,2.12,168,True
REQ-003100,2026-01-14,2026-01-14,2026-01-14,18.5,0.77,72,True
REQ-003101,2026-01-14,2026-01-15,2026-01-15,30.3,1.26,168,True
REQ-003102,2026-01-14,2026-01-16,,54.1,2.26,79,True
REQ-003103,2026-01-14,2026-01-14,2026-01-14,10.5,0.44,72,True
REQ-003104,2026-01-14,2026-01-14,2026-01-14,11.6,0.48,94,True
REQ-003105,2026-01-14,2026-01-16,,69.0,2.87,218,True
REQ-003106,2026-01-14,2026-01-14,,13.2,0.55,94,True
REQ-003107,2026-01-14,2026-01-14,2026-01-14,10.3,0.43,26,True
REQ-003108,2026-01-14,2026-01-18,2026-01-18,115.9,4.83,218,True
REQ-003109,2026-01-14,2026-01-14,2026-01-14,9.5,0.4,72,True
REQ-003110,2026-01-14,2026-01-14,2026-01-14,14.4,0.6,24,True
REQ-003111,2026-01-14,2026-01-14,2026-01-14,16.1,0.67,185,True
REQ-003112,2026-01-14,2026-01-16,,58.5,2.44,218,True
REQ-003113,2026-01-14,2026-01-15,2026-01-15,29.6,1.24,168,True
REQ-003114,2026-01-14,2026-01-15,,27.7,1.15,72,True
REQ-003115,2026-01-14,2026-01-16,2026-01-16,60.7,2.53,168,True
REQ-003116,2026-01-14,2026-01-14,2026-01-14,23.4,0.98,218,True
REQ-003117,2026-01-14,2026-01-15,2026-01-15,37.2,1.55,168,True
REQ-003118,2026-01-14,2026-01-16,,54.0,2.25,185,True
REQ-003119,2026-01-14,2026-01-15,2026-01-15,33.6,1.4,72,True
REQ-003122,2026-01-14,2026-01-16,2026-01-16,49.2,2.05,72,True
REQ-003123,2026-01-14,2026-01-14,2026-01-14,6.3,0.26,31,True
REQ-003124,2026-01-15,2026-01-16,2026-01-16,25.9,1.08,72,True
REQ-003125,2026-01-15,2026-01-15,,3.7,0.15,185,True
REQ-003126,2026-01-15,2026-01-15,2026-01-15,7.0,0.29,4,False
REQ-003127,2026-01-15,2026-01-16,2026-01-16,24.8,1.03,218,True
REQ-003128,2026-01-15,2026-01-15,2026-01-15,10.0,0.42,168,True
REQ-003129,2026-01-15,2026-01-15,2026-01-15,18.7,0.78,79,True
REQ-003131,2026-01-15,2026-01-15,2026-01-15,10.1,0.42,72,True
REQ-003132,2026-01-15,2026-01-19,,118.5,4.94,218,True
REQ-003133,2026-01-15,2026-01-17,2026-01-17,66.9,2.79,185,True
REQ-003134,2026-01-15,2026-01-15,2026-01-15,15.1,0.63,24,True
REQ-003135,2026-01-15,2026-01-16,,26.4,1.1,218,True
REQ-003137,2026-01-15,2026-01-15,2026-01-15,6.1,0.26,168,True
REQ-003139,2026-01-15,2026-01-16,2026-01-16,42.8,1.78,168,True
REQ-003140,2026-01-15,2026-01-15,2026-01-15,12.9,0.54,185,True
REQ-003141,2026-01-15,2026-01-16,,38.5,1.6,79,True
REQ-003142,2026-01-15,2026-01-15,,15.1,0.63,218,True
REQ-003144,2026-01-16,2026-01-16,2026-01-16,20.9,0.87,72,True
REQ-003145,2026-01-16,2026-01-16,2026-01-16,9.7,0.4,4,False
REQ-003146,2026-01-16,2026-01-17,2026-01-17,25.7,1.07,72,True
REQ-003147,2026-01-16,2026-01-16,2026-01-16,19.8,0.83,24,True
REQ-003148,2026-01-16,2026-01-17,2026-01-17,41.4,1.73,31,False
REQ-003149,2026-01-16,2026-01-17,2026-01-17,32.6,1.36,168,True
REQ-003150,2026-01-16,2026-01-16,,15.0,0.62,79,True
REQ-003151,2026-01-16,2026-01-18,2026-01-18,55.6,2.32,218,True
REQ-003152,2026-01-16,2026-01-17,,24.4,1.02,185,True
REQ-003153,2026-01-16,2026-01-18,,56.2,2.34,72,True
REQ-003154,2026-01-16,2026-01-17,2026-01-17,27.0,1.12,24,False
REQ-003155,2026-01-16,2026-01-17,2026-01-17,37.1,1.55,168,True
REQ-003156,2026-01-16,2026-01-18,2026-01-18,53.9,2.25,94,True
REQ-003157,2026-01-16,2026-01-16,,20.6,0.86,94,True
REQ-003158,2026-01-16,2026-01-16,2026-01-16,10.3,0.43,79,True
REQ-003159,2026-01-16,2026-01-16,2026-01-16,11.8,0.49,24,True
REQ-003160,2026-01-16,2026-01-18,2026-01-18,60.0,2.5,185,True
REQ-003161,2026-01-16,2026-01-18,2026-01-18,68.6,2.86,168,True
REQ-003162,2026-01-16,2026-01-16,2026-01-16,8.3,0.34,4,False
REQ-003163,2026-01-16,2026-01-16,2026-01-16,20.4,0.85,4,False
REQ-003164,2026-01-16,2026-01-16,,10.3,0.43,218,True
REQ-003165,2026-01-16,2026-01-18,2026-01-18,52.5,2.19,72,True
REQ-003166,2026-01-16,2026-01-17,2026-01-17,37.1,1.55,168,True
REQ-003167,2026-01-16,2026-01-16,,14.4,0.6,218,True
REQ-003168,2026-01-16,2026-01-16,2026-01-16,20.9,0.87,72,True
REQ-003169,2026-01-16,2026-01-17,2026-01-17,41.2,1.72,24,False
REQ-003171,2026-01-17,2026-01-17,,12.9,0.54,168,True
REQ-003172,2026-01-17,2026-01-19,,52.2,2.17,168,True
REQ-003173,2026-01-17,2026-01-17,,8.9,0.37,218,True
REQ-003174,2026-01-17,2026-01-17,2026-01-17,4.7,0.2,26,True
REQ-003175,2026-01-17,2026-01-17,,20.9,0.87,218,True
REQ-003176,2026-01-17,2026-01-17,2026-01-17,19.6,0.82,72,True
REQ-003177,2026-01-17,2026-01-17,,4.1,0.17,168,True
REQ-003178,2026-01-17,2026-01-18,2026-01-18,26.2,1.09,4,False
REQ-003179,2026-01-17,2026-01-17,2026-01-17,7.8,0.32,168,True
REQ-003180,2026-01-17,2026-01-17,2026-01-17,12.0,0.5,24,True
REQ-003182,2026-01-17,2026-01-17,2026-01-17,5.1,0.21,24,True
REQ-003183,2026-01-17,2026-01-17,2026-01-17,13.1,0.55,4,False
REQ-003184,2026-01-17,2026-01-19,,55.6,2.32,185,True
REQ-003185,2026-01-18,2026-01-19,2026-01-19,39.7,1.66,168,True
REQ-003186,2026-01-18,2026-01-18,2026-01-18,21.9,0.91,168,True
REQ-003187,2026-01-18,2026-01-18,,12.3,0.51,185,True
REQ-003188,2026-01-18,2026-01-20,2026-01-20,57.6,2.4,94,True
REQ-003189,2026-01-18,2026-01-18,2026-01-18,4.4,0.18,24,True
REQ-003190,2026-01-18,2026-01-19,,40.5,1.69,218,True
REQ-003191,2026-01-19,2026-01-20,,31.0,1.29,94,True
REQ-003192,2026-01-19,2026-01-22,2026-01-22,83.1,3.46,218,True
REQ-003193,2026-01-19,2026-01-21,2026-01-21,64.8,2.7,31,False
REQ-003194,2026-01-19,2026-01-20,2026-01-20,28.0,1.17,79,True
REQ-003195,2026-01-19,2026-01-20,2026-01-20,28.3,1.18,72,True
REQ-003196,2026-01-19,2026-01-19,2026-01-19,15.0,0.62,218,True
REQ-003197,2026-01-19,2026-01-23,,114.5,4.77,185,True
REQ-003198,2026-01-19,2026-01-21,2026-01-21,70.8,2.95,79,True
REQ-003199,2026-01-19,2026-01-19,2026-01-19,18.3,0.76,79,True
REQ-003200,2026-01-19,2026-01-22,2026-01-22,74.8,3.12,168,True
REQ-003201,2026-01-19,2026-01-23,,105.2,4.38,218,True
REQ-003202,2026-01-19,2026-01-20,2026-01-20,28.5,1.19,31,True
REQ-003203,2026-01-19,2026-01-19,,23.2,0.97,72,True
REQ-003204,2026-01-19,2026-01-20,2026-01-20,39.2,1.64,4,False
REQ-003205,2026-01-19,2026-01-20,2026-01-20,35.1,1.46,168,True
REQ-003206,2026-01-19,2026-01-20,2026-01-20,24.2,1.01,4,False
REQ-003207,2026-01-19,2026-01-20,,34.7,1.45,31,False
REQ-003208,2026-01-19,2026-01-21,2026-01-21,48.9,2.04,31,False
REQ-003209,2026-01-20,2026-01-20,2026-01-20,5.0,0.21,79,True
REQ-003210,2026-01-20,2026-01-22,,67.4,2.81,218,True
REQ-003211,2026-01-20,2026-01-21,,28.9,1.2,218,True
REQ-003212,2026-01-20,2026-01-20,2026-01-20,9.6,0.4,72,True
REQ-003213,2026-01-20,2026-01-21,,42.2,1.76,72,True
REQ-003214,2026-01-20,2026-01-21,,37.5,1.56,218,True
REQ-003215,2026-01-20,2026-01-21,2026-01-21,29.6,1.23,168,True
REQ-003216,2026-01-20,2026-01-20,,8.9,0.37,24,True
REQ-003217,2026-01-20,2026-01-20,,16.9,0.71,185,True
REQ-003219,2026-01-20,2026-01-22,,51.4,2.14,168,True
REQ-003220,2026-01-20,2026-01-21,2026-01-21,24.3,1.01,24,False
REQ-003221,2026-01-20,2026-01-20,2026-01-20,16.4,0.68,168,True
REQ-003223,2026-01-20,2026-01-20,2026-01-20,10.8,0.45,72,True
REQ-003224,2026-01-20,2026-01-20,2026-01-20,12.3,0.51,26,True
REQ-003225,2026-01-20,2026-01-21,2026-01-21,29.5,1.23,26,False
REQ-003226,2026-01-20,2026-01-21,2026-01-21,25.0,1.04,72,True
REQ-003227,2026-01-20,2026-01-20,2026-01-20,12.4,0.52,218,True
REQ-003228,2026-01-20,2026-01-21,2026-01-21,41.9,1.75,79,True
REQ-003229,2026-01-20,2026-01-20,,16.5,0.69,168,True
REQ-003230,2026-01-20,2026-01-21,2026-01-21,26.5,1.1,218,True
REQ-003231,2026-01-20,2026-01-20,2026-01-20,15.4,0.64,79,True
REQ-003232,2026-01-21,2026-01-21,2026-01-21,3.4,0.14,94,True
REQ-003233,2026-01-21,2026-01-23,,55.6,2.32,72,True
REQ-003234,2026-01-21,2026-01-21,2026-01-21,13.4,0.56,168,True
REQ-003235,2026-01-21,2026-01-23,2026-01-23,66.9,2.79,79,True
REQ-003236,2026-01-21,2026-01-22,,41.4,1.72,168,True
REQ-003237,2026-01-21,2026-01-21,2026-01-21,17.3,0.72,185,True
REQ-003238,2026-01-21,2026-01-23,2026-01-23,53.2,2.22,168,True
REQ-003239,2026-01-21,2026-01-21,2026-01-21,23.4,0.97,168,True
REQ-003241,2026-01-21,2026-01-21,2026-01-21,22.3,0.93,218,True
REQ-003242,2026-01-21,2026-01-22,2026-01-22,44.8,1.86,72,True
REQ-003243,2026-01-21,2026-01-22,2026-01-22,32.2,1.34,79,True
REQ-003244,2026-01-21,2026-01-21,,13.5,0.56,79,True
REQ-003245,2026-01-21,2026-01-21,2026-01-21,6.6,0.27,72,True
REQ-003246,2026-01-21,2026-01-23,,49.3,2.05,79,True
REQ-003247,2026-01-21,2026-01-21,2026-01-21,8.5,0.35,4,False
REQ-003248,2026-01-21,2026-01-22,,32.5,1.35,168,True
REQ-003249,2026-01-21,2026-01-21,,9.1,0.38,168,True
REQ-003250,2026-01-21,2026-01-23,2026-01-23,49.3,2.06,168,True
REQ-003251,2026-01-21,2026-01-21,2026-01-21,7.8,0.33,72,True
REQ-003252,2026-01-21,2026-01-22,2026-01-22,40.4,1.68,31,False
REQ-003253,2026-01-21,2026-01-21,,3.0,0.13,72,True
REQ-003254,2026-01-22,2026-01-22,,19.9,0.83,79,True
REQ-003255,2026-01-22,2026-01-23,2026-01-23,32.5,1.35,26,False
REQ-003256,2026-01-22,2026-01-22,2026-01-22,5.1,0.21,168,True
REQ-003257,2026-01-22,2026-01-23,2026-01-23,37.2,1.55,31,False
REQ-003258,2026-01-22,2026-01-23,2026-01-23,37.1,1.55,94,True
REQ-003259,2026-01-22,2026-01-22,2026-01-22,11.3,0.47,26,True
REQ-003260,2026-01-22,2026-01-22,2026-01-22,6.1,0.26,5,False
REQ-003261,2026-01-22,2026-01-22,2026-01-22,19.3,0.81,26,True
REQ-003262,2026-01-22,2026-01-26,2026-01-26,102.8,4.28,168,True
REQ-003263,2026-01-22,2026-01-23,,47.3,1.97,72,True
REQ-003264,2026-01-22,2026-01-22,2026-01-22,22.8,0.95,72,True
REQ-003265,2026-01-22,2026-01-22,2026-01-22,23.3,0.97,72,True
REQ-003266,2026-01-22,2026-01-23,2026-01-23,40.3,1.68,94,True
REQ-003267,2026-01-22,2026-01-23,2026-01-23,27.4,1.14,218,True
REQ-003268,2026-01-22,2026-01-23,,41.6,1.73,185,True
REQ-003269,2026-01-22,2026-01-24,2026-01-24,64.7,2.7,72,True
REQ-003270,2026-01-22,2026-01-24,,64.7,2.69,218,True
REQ-003271,2026-01-22,2026-01-22,2026-01-22,13.8,0.57,72,True
REQ-003272,2026-01-22,2026-01-23,2026-01-23,26.9,1.12,94,True
REQ-003273,2026-01-23,2026-01-24,,25.4,1.06,168,True
REQ-003274,2026-01-23,2026-01-23,,9.6,0.4,218,True
REQ-003275,2026-01-23,2026-01-23,,21.8,0.91,168,True
REQ-003276,2026-01-23,2026-01-24,2026-01-24,27.4,1.14,218,True
REQ-003277,2026-01-23,2026-01-23,,5.6,0.23,218,True
REQ-003278,2026-01-23,2026-01-24,2026-01-24,46.4,1.93,218,True
REQ-003279,2026-01-23,2026-01-23,,11.0,0.46,168,True
REQ-003280,2026-01-23,2026-01-23,2026-01-23,18.4,0.77,168,True
REQ-003281,2026-01-23,2026-01-23,,8.4,0.35,31,True
REQ-003282,2026-01-23,2026-01-23,,8.7,0.36,72,True
REQ-003283,2026-01-23,2026-01-23,2026-01-23,13.0,0.54,26,True
REQ-003284,2026-01-23,2026-01-25,2026-01-25,50.4,2.1,24,False
REQ-003285,2026-01-23,2026-01-24,2026-01-24,46.3,1.93,218,True
REQ-003287,2026-01-23,2026-01-24,,38.8,1.62,168,True
REQ-003288,2026-01-23,2026-01-23,,7.7,0.32,72,True
REQ-003289,2026-01-23,2026-01-23,2026-01-23,5.8,0.24,5,False
REQ-003290,2026-01-23,2026-01-24,2026-01-24,45.2,1.88,94,True
REQ-003291,2026-01-23,2026-01-25,2026-01-25,62.8,2.62,218,True
REQ-003292,2026-01-23,2026-01-24,2026-01-24,27.5,1.15,94,True
REQ-003293,2026-01-23,2026-01-25,,49.9,2.08,218,True
REQ-003295,2026-01-23,2026-01-26,2026-01-26,72.8,3.03,168,True
REQ-003296,2026-01-23,2026-01-24,2026-01-24,30.4,1.27,168,True
REQ-003297,2026-01-23,2026-01-24,,44.6,1.86,168,True
REQ-003298,2026-01-23,2026-01-24,,29.8,1.24,168,True
REQ-003299,2026-01-23,2026-01-24,2026-01-24,35.3,1.47,24,False
REQ-003300,2026-01-23,2026-01-24,2026-01-24,41.2,1.72,72,True
REQ-003301,2026-01-23,2026-01-23,2026-01-23,11.9,0.5,24,True
REQ-003302,2026-01-23,2026-01-23,2026-01-23,18.1,0.75,218,True
REQ-003306,2026-01-24,2026-01-26,,51.3,2.14,218,True
REQ-003307,2026-01-24,2026-01-26,2026-01-26,52.1,2.17,79,True
REQ-003308,2026-01-24,2026-01-24,2026-01-24,15.2,0.63,26,True
REQ-003309,2026-01-24,2026-01-25,2026-01-25,29.6,1.23,218,True
REQ-003310,2026-01-25,2026-01-26,,28.7,1.19,72,True
REQ-003311,2026-01-25,2026-01-28,,92.1,3.84,185,True
REQ-003312,2026-01-25,2026-01-27,2026-01-27,51.6,2.15,218,True
REQ-003313,2026-01-25,2026-01-25,2026-01-25,8.1,0.34,168,True
REQ-003315,2026-01-25,2026-01-25,,21.5,0.89,168,True
REQ-003316,2026-01-26,2026-01-26,2026-01-26,20.0,0.83,72,True
REQ-003317,2026-01-26,2026-01-27,2026-01-27,29.6,1.23,168,True
REQ-003318,2026-01-26,2026-01-26,2026-01-26,13.5,0.56,72,True
REQ-003319,2026-01-26,2026-01-26,2026-01-26,3.3,0.14,24,True
REQ-003321,2026-01-26,2026-01-26,,17.1,0.71,168,True
REQ-003322,2026-01-26,2026-01-27,2026-01-27,35.4,1.48,79,True
REQ-003323,2026-01-26,2026-01-26,2026-01-26,9.6,0.4,4,False
REQ-003324,2026-01-26,2026-01-26,,16.4,0.68,218,True
REQ-003325,2026-01-26,2026-01-28,2026-01-28,56.6,2.36,218,True
REQ-003326,2026-01-26,2026-01-29,2026-01-29,94.1,3.92,168,True
REQ-003328,2026-01-26,2026-01-28,2026-01-28,53.4,2.22,185,True
REQ-003329,2026-01-26,2026-01-26,2026-01-26,23.8,0.99,72,True
REQ-003330,2026-01-26,2026-01-27,2026-01-27,33.2,1.38,218,True
REQ-003331,2026-01-26,2026-01-28,,48.5,2.02,168,True
REQ-003332,2026-01-26,2026-01-26,,11.9,0.5,218,True
REQ-003333,2026-01-26,2026-01-26,,23.2,0.97,72,True
REQ-003334,2026-01-26,2026-01-27,2026-01-27,32.0,1.34,218,True
REQ-003335,2026-01-26,2026-01-27,,31.2,1.3,72,True
REQ-003336,2026-01-26,2026-01-27,2026-01-27,36.5,1.52,24,False
REQ-003338,2026-01-26,2026-01-26,,8.1,0.34,26,True
REQ-003339,2026-01-26,2026-01-29,,87.4,3.64,168,True
REQ-003340,2026-01-26,2026-01-27,2026-01-27,28.6,1.19,94,True
REQ-003341,2026-01-26,2026-01-26,2026-01-26,16.2,0.67,31,True
REQ-003342,2026-01-26,2026-01-26,2026-01-26,10.6,0.44,94,True
REQ-003343,2026-01-26,2026-01-27,2026-01-27,41.9,1.75,24,False
REQ-003344,2026-01-26,2026-01-27,2026-01-27,32.2,1.34,185,True
REQ-003345,2026-01-27,2026-01-28,2026-01-28,33.9,1.41,94,True
REQ-003346,2026-01-27,2026-01-28,2026-01-28,26.0,1.08,72,True
REQ-003347,2026-01-27,2026-01-27,2026-01-27,11.6,0.48,72,True
REQ-003348,2026-01-27,2026-01-27,2026-01-27,10.5,0.44,218,True
REQ-003349,2026-01-27,2026-01-27,2026-01-27,5.1,0.21,4,False
REQ-003350,2026-01-27,2026-01-27,2026-01-27,15.2,0.64,24,True
REQ-003351,2026-01-27,2026-01-28,2026-01-28,29.3,1.22,168,True
REQ-003352,2026-01-27,2026-01-29,,60.1,2.51,185,True
REQ-003353,2026-01-27,2026-01-27,2026-01-27,15.9,0.66,79,True
REQ-003354,2026-01-27,2026-01-27,,4.2,0.17,79,True
REQ-003355,2026-01-27,2026-01-29,2026-01-29,48.7,2.03,26,False
REQ-003356,2026-01-27,2026-01-29,2026-01-29,67.1,2.8,185,True
REQ-003357,2026-01-27,2026-01-28,2026-01-28,44.7,1.86,168,True
REQ-003358,2026-01-27,2026-01-27,2026-01-27,4.8,0.2,72,True
REQ-003359,2026-01-27,2026-01-27,2026-01-27,15.4,0.64,5,False
REQ-003360,2026-01-27,2026-01-27,2026-01-27,15.4,0.64,168,True
REQ-003361,2026-01-27,2026-01-27,2026-01-27,13.7,0.57,31,True
REQ-003363,2026-01-27,2026-01-28,2026-01-28,30.3,1.26,185,True
REQ-003364,2026-01-27,2026-01-28,2026-01-28,39.1,1.63,168,True
REQ-003365,2026-01-27,2026-01-28,2026-01-28,34.8,1.45,185,True
REQ-003366,2026-01-27,2026-01-27,2026-01-27,23.3,0.97,72,True
REQ-003367,2026-01-27,2026-01-29,,64.1,2.67,185,True
REQ-003368,2026-01-28,2026-01-28,2026-01-28,1.0,0.04,4,True
REQ-003369,2026-01-28,2026-01-28,2026-01-28,8.9,0.37,5,False
REQ-003370,2026-01-28,2026-01-28,2026-01-28,14.4,0.6,168,True
REQ-003371,2026-01-28,2026-01-31,,75.5,3.15,185,True
REQ-003372,2026-01-28,2026-01-28,,13.3,0.56,218,True
REQ-003373,2026-01-28,2026-01-29,2026-01-29,25.3,1.05,24,False
REQ-003374,2026-01-28,2026-01-30,,49.4,2.06,79,True
REQ-003375,2026-01-28,2026-01-28,,15.2,0.63,94,True
REQ-003377,2026-01-28,2026-01-28,2026-01-28,12.7,0.53,168,True
REQ-003378,2026-01-28,2026-01-28,2026-01-28,23.0,0.96,72,True
REQ-003380,2026-01-28,2026-01-28,2026-01-28,15.5,0.65,168,True
REQ-003381,2026-01-28,2026-01-30,,67.4,2.81,185,True
REQ-003382,2026-01-28,2026-01-30,2026-01-30,55.6,2.32,94,True
REQ-003383,2026-01-28,2026-01-29,2026-01-29,26.4,1.1,31,True
REQ-003384,2026-01-28,2026-01-28,2026-01-28,20.3,0.85,94,True
REQ-003385,2026-01-28,2026-01-30,2026-01-30,49.7,2.07,218,True
REQ-003386,2026-01-28,2026-01-29,2026-01-29,40.7,1.7,72,True
REQ-003388,2026-01-28,2026-01-28,,23.9,0.99,168,True
REQ-003389,2026-01-28,2026-01-30,2026-01-30,58.7,2.45,218,True
REQ-003390,2026-01-28,2026-01-29,2026-01-29,33.5,1.39,185,True
REQ-003391,2026-01-28,2026-01-30,2026-01-30,69.8,2.91,218,True
REQ-003392,2026-01-28,2026-01-29,2026-01-29,26.8,1.12,168,True
REQ-003393,2026-01-28,2026-01-28,2026-01-28,19.4,0.81,26,True
REQ-003394,2026-01-29,2026-01-30,2026-01-30,24.3,1.01,72,True
REQ-003395,2026-01-29,2026-01-31,,52.2,2.17,185,True
REQ-003396,2026-01-29,2026-01-30,2026-01-30,41.4,1.73,24,False
REQ-003397,2026-01-29,2026-01-30,2026-01-30,26.4,1.1,72,True
REQ-003398,2026-01-29,2026-01-29,2026-01-29,19.9,0.83,185,True
REQ-003399,2026-01-29,2026-02-01,2026-02-01,75.1,3.13,94,True
REQ-003400,2026-01-29,2026-01-30,2026-01-30,35.8,1.49,94,True
REQ-003401,2026-01-29,2026-01-30,,30.6,1.28,168,True
REQ-003402,2026-01-29,2026-01-29,2026-01-29,17.6,0.73,26,True
REQ-003403,2026-01-29,2026-01-29,,15.5,0.65,26,True
REQ-003405,2026-01-29,2026-01-30,2026-01-30,44.9,1.87,218,True
REQ-003406,2026-01-29,2026-01-31,2026-01-31,56.7,2.36,218,True
REQ-003407,2026-01-29,2026-01-30,,36.2,1.51,168,True
REQ-003408,2026-01-29,2026-01-30,2026-01-30,29.5,1.23,185,True
REQ-003409,2026-01-29,2026-01-29,2026-01-29,12.2,0.51,168,True
REQ-003410,2026-01-29,2026-01-30,,44.1,1.84,218,True
REQ-003411,2026-01-29,2026-01-30,,44.6,1.86,24,False
REQ-003412,2026-01-29,2026-01-29,,21.6,0.9,218,True
REQ-003413,2026-01-29,2026-01-30,,24.2,1.01,168,True
REQ-003414,2026-01-29,2026-01-31,,67.4,2.81,218,True
REQ-003415,2026-01-30,2026-01-31,2026-01-31,26.1,1.09,31,True
REQ-003417,2026-01-30,2026-01-30,2026-01-30,6.2,0.26,185,True
REQ-003418,2026-01-30,2026-01-30,2026-01-30,2.2,0.09,24,True
REQ-003419,2026-01-30,2026-01-31,2026-01-31,29.5,1.23,24,False
REQ-003420,2026-01-30,2026-02-01,2026-02-01,49.1,2.05,72,True
REQ-003421,2026-01-30,2026-01-31,,35.0,1.46,218,True
REQ-003422,2026-01-30,2026-02-02,,81.1,3.38,185,True
REQ-003423,2026-01-30,2026-01-30,,7.1,0.3,168,True
REQ-003424,2026-01-30,2026-01-31,2026-01-31,28.6,1.19,72,True
REQ-003425,2026-01-30,2026-01-30,2026-01-30,12.1,0.5,72,True
REQ-003426,2026-01-30,2026-02-02,,75.6,3.15,94,True
REQ-003427,2026-01-30,2026-02-02,2026-02-02,81.1,3.38,168,True
REQ-003428,2026-01-30,2026-02-01,2026-02-01,61.1,2.55,31,False
REQ-003429,2026-01-30,2026-01-30,2026-01-30,6.9,0.29,218,True
REQ-003430,2026-01-30,2026-01-31,2026-01-31,38.3,1.59,168,True
REQ-003431,2026-01-30,2026-01-30,,13.2,0.55,4,False
REQ-003432,2026-01-30,2026-01-30,2026-01-30,14.6,0.61,31,True
REQ-003433,2026-01-30,2026-01-31,2026-01-31,32.9,1.37,72,True
REQ-003434,2026-01-30,2026-01-30,2026-01-30,14.6,0.61,72,True
REQ-003435,2026-01-31,2026-01-31,2026-01-31,19.5,0.81,72,True
REQ-003436,2026-01-31,2026-02-01,2026-02-01,44.5,1.86,185,True
REQ-003437,2026-01-31,2026-02-02,2026-02-02,48.2,2.01,72,True
REQ-003438,2026-01-31,2026-02-01,,37.0,1.54,94,True
REQ-003439,2026-01-31,2026-01-31,2026-01-31,20.0,0.83,94,True
REQ-003440,2026-01-31,2026-01-31,2026-01-31,15.9,0.66,24,True
REQ-003441,2026-01-31,2026-02-01,2026-02-01,28.0,1.17,168,True
REQ-003442,2026-01-31,2026-01-31,2026-01-31,16.9,0.7,26,True
REQ-003443,2026-01-31,2026-02-01,2026-02-01,31.0,1.29,218,True
REQ-003444,2026-02-01,2026-02-01,2026-02-01,15.6,0.65,4,False
REQ-003445,2026-02-01,2026-02-03,,62.2,2.59,94,True
REQ-003446,2026-02-01,2026-02-03,2026-02-03,48.5,2.02,218,True
REQ-003447,2026-02-01,2026-02-01,2026-02-01,18.2,0.76,185,True
REQ-003448,2026-02-01,2026-02-01,,20.8,0.87,168,True
REQ-003449,2026-02-01,2026-02-01,,18.0,0.75,168,True
REQ-003450,2026-02-01,2026-02-02,2026-02-02,42.0,1.75,72,True
REQ-003451,2026-02-01,2026-02-02,2026-02-02,43.0,1.79,72,True
REQ-003452,2026-02-01,2026-02-01,2026-02-01,17.3,0.72,72,True
REQ-003453,2026-02-01,2026-02-01,,12.8,0.53,72,True
REQ-003454,2026-02-02,2026-02-04,2026-02-04,66.9,2.79,168,True
REQ-003455,2026-02-02,2026-02-05,2026-02-05,75.9,3.16,168,True
REQ-003456,2026-02-02,2026-02-03,2026-02-03,33.3,1.39,185,True
REQ-003457,2026-02-02,2026-02-03,,35.8,1.49,218,True
REQ-003458,2026-02-02,2026-02-02,2026-02-02,17.8,0.74,94,True
REQ-003459,2026-02-02,2026-02-04,2026-02-04,52.8,2.2,79,True
REQ-003460,2026-02-02,2026-02-02,,16.9,0.71,94,True
REQ-003461,2026-02-02,2026-02-02,2026-02-02,18.0,0.75,4,False
REQ-003462,2026-02-02,2026-02-02,,19.1,0.79,168,True
REQ-003463,2026-02-02,2026-02-05,2026-02-05,88.3,3.68,168,True
REQ-003465,2026-02-02,2026-02-02,2026-02-02,13.6,0.56,94,True
REQ-003466,2026-02-02,2026-02-05,2026-02-05,94.4,3.93,168,True
REQ-003467,2026-02-02,2026-02-02,2026-02-02,16.1,0.67,72,True
REQ-003468,2026-02-03,2026-02-04,2026-02-04,34.8,1.45,72,True
REQ-003469,2026-02-03,2026-02-03,2026-02-03,4.8,0.2,168,True
REQ-003471,2026-02-03,2026-02-03,,15.3,0.64,24,True
REQ-003472,2026-02-03,2026-02-03,,16.0,0.67,26,True
REQ-003473,2026-02-03,2026-02-03,2026-02-03,11.4,0.48,94,True
REQ-003474,2026-02-03,2026-02-03,,4.5,0.19,218,True
REQ-003475,2026-02-03,2026-02-03,2026-02-03,21.2,0.88,72,True
REQ-003476,2026-02-03,2026-02-04,2026-02-04,24.6,1.03,185,True
REQ-003477,2026-02-03,2026-02-04,,27.2,1.13,168,True
REQ-003478,2026-02-03,2026-02-04,2026-02-04,27.5,1.15,168,True
REQ-003479,2026-02-03,2026-02-03,,10.9,0.45,168,True
REQ-003480,2026-02-03,2026-02-04,,32.1,1.34,168,True
REQ-003481,2026-02-03,2026-02-03,,7.5,0.31,218,True
REQ-003483,2026-02-03,2026-02-04,2026-02-04,42.3,1.76,218,True
REQ-003484,2026-02-03,2026-02-03,2026-02-03,16.5,0.69,168,True
REQ-003485,2026-02-03,2026-02-05,2026-02-05,65.2,2.72,79,True
REQ-003486,2026-02-03,2026-02-05,2026-02-05,57.0,2.38,168,True
REQ-003487,2026-02-03,2026-02-03,2026-02-03,8.9,0.37,24,True
REQ-003488,2026-02-03,2026-02-04,2026-02-04,37.4,1.56,31,False
REQ-003489,2026-02-03,2026-02-03,2026-02-03,11.8,0.49,24,True
REQ-003490,2026-02-03,2026-02-03,2026-02-03,14.5,0.61,168,True
REQ-003491,2026-02-03,2026-02-03,2026-02-03,7.2,0.3,185,True
REQ-003492,2026-02-03,2026-02-03,2026-02-03,18.9,0.79,24,True
REQ-003493,2026-02-03,2026-02-04,,25.1,1.05,79,True
REQ-003494,2026-02-03,2026-02-03,2026-02-03,16.9,0.71,94,True
REQ-003495,2026-02-03,2026-02-03,2026-02-03,21.7,0.9,168,True
REQ-003496,2026-02-03,2026-02-05,2026-02-05,62.0,2.58,168,True
REQ-003497,2026-02-04,2026-02-08,2026-02-08,101.3,4.22,185,True
REQ-003499,2026-02-04,2026-02-05,,29.8,1.24,168,True
REQ-003500,2026-02-04,2026-02-05,2026-02-05,26.2,1.09,79,True
REQ-003501,2026-02-04,2026-02-05,2026-02-05,34.1,1.42,24,False
REQ-003502,2026-02-04,2026-02-06,2026-02-06,70.4,2.93,94,True
REQ-003503,2026-02-04,2026-02-05,,28.6,1.19,185,True
REQ-003504,2026-02-04,2026-02-04,2026-02-04,9.2,0.38,72,True
REQ-003505,2026-02-04,2026-02-05,2026-02-05,39.6,1.65,218,True
REQ-003506,2026-02-04,2026-02-05,2026-02-05,36.8,1.53,72,True
REQ-003507,2026-02-04,2026-02-04,,9.7,0.4,26,True
REQ-003508,2026-02-04,2026-02-04,2026-02-04,22.2,0.93,168,True
REQ-003509,2026-02-04,2026-02-04,,10.1,0.42,72,True
REQ-003510,2026-02-04,2026-02-05,2026-02-05,46.4,1.93,218,True
REQ-003511,2026-02-04,2026-02-04,2026-02-04,11.6,0.48,94,True
REQ-003512,2026-02-04,2026-02-05,2026-02-05,39.6,1.65,168,True
REQ-003514,2026-02-04,2026-02-04,2026-02-04,18.1,0.75,31,True
REQ-003515,2026-02-04,2026-02-05,,31.9,1.33,218,True
REQ-003516,2026-02-04,2026-02-05,2026-02-05,47.7,1.99,168,True
REQ-003518,2026-02-04,2026-02-04,2026-02-04,6.4,0.27,72,True
REQ-003519,2026-02-04,2026-02-06,,63.1,2.63,218,True
REQ-003520,2026-02-04,2026-02-06,2026-02-06,56.6,2.36,72,True
REQ-003521,2026-02-04,2026-02-04,2026-02-04,10.4,0.43,72,True
REQ-003522,2026-02-05,2026-02-07,2026-02-07,52.7,2.2,168,True
REQ-003523,2026-02-05,2026-02-05,2026-02-05,14.4,0.6,31,True
REQ-003524,2026-02-05,2026-02-05,,14.6,0.61,218,True
REQ-003525,2026-02-05,2026-02-05,,12.6,0.53,168,True
REQ-003526,2026-02-05,2026-02-07,2026-02-07,49.9,2.08,168,True
REQ-003527,2026-02-05,2026-02-05,2026-02-05,15.0,0.63,72,True
REQ-003529,2026-02-05,2026-02-07,2026-02-07,55.9,2.33,185,True
REQ-003530,2026-02-05,2026-02-05,2026-02-05,18.5,0.77,72,True
REQ-003531,2026-02-05,2026-02-06,2026-02-06,29.1,1.21,168,True
REQ-003532,2026-02-05,2026-02-06,2026-02-06,46.6,1.94,94,True
REQ-003533,2026-02-05,2026-02-05,2026-02-05,20.8,0.87,4,False
REQ-003534,2026-02-05,2026-02-05,2026-02-05,16.2,0.67,94,True
REQ-003535,2026-02-05,2026-02-06,,47.3,1.97,218,True
REQ-003536,2026-02-05,2026-02-05,2026-02-05,22.0,0.91,24,True
REQ-003537,2026-02-05,2026-02-05,2026-02-05,9.6,0.4,79,True
REQ-003538,2026-02-05,2026-02-06,2026-02-06,26.3,1.09,185,True
REQ-003539,2026-02-05,2026-02-05,2026-02-05,21.3,0.89,24,True
REQ-003541,2026-02-05,2026-02-07,2026-02-07,60.3,2.51,94,True
REQ-003542,2026-02-05,2026-02-06,2026-02-06,45.5,1.9,79,True
REQ-003543,2026-02-05,2026-02-05,2026-02-05,18.6,0.78,5,False
REQ-003544,2026-02-05,2026-02-06,2026-02-06,34.6,1.44,72,True
REQ-003545,2026-02-05,2026-02-05,,7.3,0.31,5,False
REQ-003546,2026-02-05,2026-02-06,,29.4,1.23,168,True
REQ-003547,2026-02-06,2026-02-06,2026-02-06,19.0,0.79,31,True
REQ-003548,2026-02-06,2026-02-06,,22.6,0.94,218,True
REQ-003549,2026-02-06,2026-02-08,2026-02-08,49.2,2.05,26,False
REQ-003550,2026-02-06,2026-02-06,,13.6,0.57,168,True
REQ-003551,2026-02-06,2026-02-07,2026-02-07,37.0,1.54,79,True
REQ-003552,2026-02-06,2026-02-07,2026-02-07,39.1,1.63,31,False
REQ-003554,2026-02-06,2026-02-07,2026-02-07,27.1,1.13,168,True
REQ-003555,2026-02-06,2026-02-08,2026-02-08,51.9,2.16,185,True
REQ-003556,2026-02-06,2026-02-07,,37.7,1.57,218,True
REQ-003558,2026-02-06,2026-02-09,2026-02-09,83.4,3.48,168,True
REQ-003559,2026-02-06,2026-02-06,,9.0,0.37,168,True
REQ-003560,2026-02-06,2026-02-08,,71.1,2.96,185,True
REQ-003561,2026-02-06,2026-02-07,,26.5,1.1,185,True
REQ-003562,2026-02-06,2026-02-09,,92.7,3.86,218,True
REQ-003563,2026-02-06,2026-02-07,2026-02-07,40.4,1.68,168,True
REQ-003564,2026-02-06,2026-02-08,2026-02-08,48.3,2.01,94,True
REQ-003565,2026-02-06,2026-02-06,,21.6,0.9,94,True
REQ-003566,2026-02-06,2026-02-06,,24.0,1.0,168,True
REQ-003567,2026-02-06,2026-02-07,2026-02-07,35.2,1.47,168,True
REQ-003568,2026-02-06,2026-02-06,,18.1,0.76,218,True
REQ-003570,2026-02-06,2026-02-06,,18.2,0.76,218,True
REQ-003572,2026-02-06,2026-02-07,2026-02-07,28.6,1.19,185,True
REQ-003573,2026-02-06,2026-02-07,2026-02-07,36.8,1.53,185,True
REQ-003574,2026-02-06,2026-02-06,,10.3,0.43,94,True
REQ-003575,2026-02-06,2026-02-07,2026-02-07,35.6,1.48,79,True
REQ-003576,2026-02-06,2026-02-07,2026-02-07,36.9,1.54,185,True
REQ-003577,2026-02-06,2026-02-08,,64.3,2.68,168,True
REQ-003578,2026-02-06,2026-02-07,2026-02-07,36.2,1.51,26,False
REQ-003579,2026-02-06,2026-02-06,,9.8,0.41,94,True
REQ-003580,2026-02-06,2026-02-10,,105.7,4.41,168,True
REQ-003581,2026-02-06,2026-02-06,,20.1,0.84,94,True
REQ-003583,2026-02-06,2026-02-07,2026-02-07,35.4,1.48,79,True
REQ-003584,2026-02-07,2026-02-08,2026-02-08,30.6,1.28,218,True
REQ-003585,2026-02-07,2026-02-09,2026-02-09,56.0,2.33,168,True
REQ-003586,2026-02-07,2026-02-09,2026-02-09,48.8,2.04,185,True
REQ-003588,2026-02-07,2026-02-07,,15.6,0.65,185,True
REQ-003589,2026-02-07,2026-02-08,,32.0,1.33,94,True
REQ-003591,2026-02-08,2026-02-10,2026-02-10,60.8,2.53,168,True
REQ-003592,2026-02-08,2026-02-10,,63.7,2.66,185,True
REQ-003593,2026-02-08,2026-02-08,2026-02-08,16.6,0.69,31,True
REQ-003594,2026-02-08,2026-02-08,2026-02-08,23.8,0.99,79,True
REQ-003595,2026-02-08,2026-02-08,,10.2,0.42,218,True
REQ-003596,2026-02-08,2026-02-09,2026-02-09,31.3,1.3,218,True
REQ-003597,2026-02-08,2026-02-08,,16.2,0.67,72,True
REQ-003598,2026-02-08,2026-02-08,2026-02-08,11.4,0.48,72,True
REQ-003599,2026-02-09,2026-02-09,2026-02-09,22.5,0.94,185,True
REQ-003600,2026-02-09,2026-02-09,,16.8,0.7,72,True
REQ-003601,2026-02-09,2026-02-09,2026-02-09,23.6,0.98,94,True
REQ-003602,2026-02-09,2026-02-09,2026-02-09,7.5,0.31,4,False
REQ-003603,2026-02-09,2026-02-09,2026-02-09,15.0,0.62,72,True
REQ-003604,2026-02-09,2026-02-11,2026-02-11,48.4,2.02,72,True
REQ-003605,2026-02-09,2026-02-09,,15.5,0.65,185,True
REQ-003606,2026-02-09,2026-02-09,2026-02-09,11.4,0.47,31,True
REQ-003607,2026-02-09,2026-02-09,,3.9,0.16,72,True
REQ-003608,2026-02-09,2026-02-10,2026-02-10,24.8,1.03,72,True
REQ-003609,2026-02-09,2026-02-10,2026-02-10,38.1,1.59,72,True
REQ-003610,2026-02-09,2026-02-09,2026-02-09,5.9,0.25,79,True
REQ-003611,2026-02-09,2026-02-10,,30.9,1.29,4,False
REQ-003612,2026-02-09,2026-02-10,2026-02-10,43.8,1.83,185,True
REQ-003613,2026-02-09,2026-02-11,2026-02-11,48.7,2.03,72,True
REQ-003614,2026-02-09,2026-02-10,2026-02-10,25.8,1.08,185,True
REQ-003615,2026-02-09,2026-02-10,,36.5,1.52,185,True
REQ-003616,2026-02-09,2026-02-09,2026-02-09,15.8,0.66,218,True
REQ-003617,2026-02-09,2026-02-09,,5.6,0.23,94,True
REQ-003618,2026-02-09,2026-02-10,2026-02-10,41.5,1.73,168,True
REQ-003619,2026-02-09,2026-02-14,2026-02-14,140.4,5.85,79,False
REQ-003621,2026-02-09,2026-02-10,2026-02-10,28.8,1.2,24,False
REQ-003622,2026-02-09,2026-02-10,,29.6,1.23,31,True
REQ-003623,2026-02-10,2026-02-13,2026-02-13,73.0,3.04,72,False
REQ-003624,2026-02-10,2026-02-12,,54.7,2.28,185,True
REQ-003625,2026-02-10,2026-02-11,,43.5,1.81,24,False
REQ-003626,2026-02-10,2026-02-13,2026-02-13,75.9,3.16,218,True
REQ-003627,2026-02-10,2026-02-10,,2.4,0.1,24,True
REQ-003628,2026-02-10,2026-02-10,2026-02-10,6.0,0.25,26,True
REQ-003629,2026-02-10,2026-02-10,,12.7,0.53,4,False
REQ-003630,2026-02-10,2026-02-11,,30.9,1.29,168,True
REQ-003631,2026-02-10,2026-02-10,2026-02-10,7.6,0.32,72,True
REQ-003632,2026-02-10,2026-02-10,2026-02-10,1.8,0.08,79,True
REQ-003633,2026-02-10,2026-02-10,2026-02-10,20.8,0.87,168,True
REQ-003634,2026-02-10,2026-02-13,2026-02-13,73.6,3.07,168,True
REQ-003635,2026-02-10,2026-02-11,2026-02-11,40.6,1.69,168,True
REQ-003636,2026-02-10,2026-02-11,2026-02-11,28.5,1.19,218,True
REQ-003637,2026-02-10,2026-02-10,2026-02-10,2.1,0.09,4,True
REQ-003638,2026-02-10,2026-02-13,,90.3,3.76,185,True
REQ-003639,2026-02-10,2026-02-12,2026-02-12,49.6,2.07,185,True
REQ-003640,2026-02-10,2026-02-10,2026-02-10,14.6,0.61,26,True
REQ-003642,2026-02-10,2026-02-12,,68.3,2.84,218,True
REQ-003643,2026-02-10,2026-02-10,2026-02-10,19.7,0.82,94,True
REQ-003644,2026-02-10,2026-02-11,2026-02-11,42.9,1.79,24,False
REQ-003645,2026-02-10,2026-02-10,,12.9,0.54,24,True
REQ-003646,2026-02-10,2026-02-10,2026-02-10,14.6,0.61,168,True
REQ-003647,2026-02-10,2026-02-10,2026-02-10,17.0,0.71,168,True
REQ-003648,2026-02-10,2026-02-10,,7.7,0.32,94,True
REQ-003649,2026-02-10,2026-02-10,2026-02-10,8.0,0.34,24,True
REQ-003650,2026-02-10,2026-02-15,2026-02-15,142.7,5.94,218,True
REQ-003651,2026-02-10,2026-02-11,2026-02-11,30.6,1.27,4,False
REQ-003652,2026-02-10,2026-02-11,2026-02-11,32.0,1.33,72,True
REQ-003653,2026-02-10,2026-02-10,,10.6,0.44,168,True
REQ-003654,2026-02-10,2026-02-11,2026-02-11,43.0,1.79,72,True
REQ-003655,2026-02-10,2026-02-11,2026-02-11,40.4,1.68,168,True
REQ-003656,2026-02-10,2026-02-11,2026-02-11,43.9,1.83,72,True
REQ-003657,2026-02-10,2026-02-12,,50.9,2.12,168,True
REQ-003659,2026-02-11,2026-02-12,2026-02-12,36.6,1.52,94,True
REQ-003660,2026-02-11,2026-02-16,,130.7,5.44,185,True
REQ-003661,2026-02-11,2026-02-12,2026-02-12,26.0,1.08,185,True
REQ-003663,2026-02-11,2026-02-12,2026-02-12,27.9,1.16,72,True
REQ-003664,2026-02-11,2026-02-14,2026-02-14,78.4,3.27,218,True
REQ-003665,2026-02-11,2026-02-12,2026-02-12,36.0,1.5,94,True
REQ-003666,2026-02-11,2026-02-11,2026-02-11,10.7,0.45,79,True
REQ-003667,2026-02-11,2026-02-12,,33.7,1.4,185,True
REQ-003668,2026-02-11,2026-02-11,2026-02-11,11.5,0.48,24,True
REQ-003669,2026-02-11,2026-02-11,2026-02-11,10.7,0.45,24,True
REQ-003670,2026-02-11,2026-02-13,2026-02-13,69.4,2.89,72,True
REQ-003672,2026-02-11,2026-02-11,2026-02-11,12.6,0.53,24,True
REQ-003673,2026-02-11,2026-02-13,2026-02-13,49.4,2.06,218,True
REQ-003674,2026-02-11,2026-02-11,2026-02-11,19.0,0.79,168,True
REQ-003675,2026-02-11,2026-02-11,2026-02-11,5.9,0.25,218,True
REQ-003677,2026-02-11,2026-02-14,2026-02-14,72.6,3.02,218,True
REQ-003678,2026-02-11,2026-02-12,2026-02-12,38.0,1.58,72,True
REQ-003679,2026-02-11,2026-02-13,2026-02-13,49.4,2.06,185,True
REQ-003680,2026-02-11,2026-02-11,,21.3,0.89,24,True
REQ-003681,2026-02-11,2026-02-12,,25.0,1.04,72,True
REQ-003682,2026-02-11,2026-02-11,2026-02-11,22.7,0.95,168,True
REQ-003683,2026-02-11,2026-02-12,2026-02-12,25.5,1.06,72,True
REQ-003684,2026-02-11,2026-02-13,2026-02-13,71.2,2.97,185,True
REQ-003685,2026-02-12,2026-02-12,2026-02-12,5.8,0.24,168,True
REQ-003686,2026-02-12,2026-02-12,2026-02-12,9.8,0.41,185,True
REQ-003687,2026-02-12,2026-02-12,2026-02-12,19.4,0.81,168,True
REQ-003689,2026-02-12,2026-02-14,2026-02-14,63.6,2.65,185,True
REQ-003690,2026-02-12,2026-02-13,,26.9,1.12,168,True
REQ-003691,2026-02-12,2026-02-13,,39.0,1.62,31,False
REQ-003693,2026-02-12,2026-02-13,2026-02-13,45.2,1.88,218,True
REQ-003694,2026-02-12,2026-02-13,2026-02-13,24.2,1.01,185,True
REQ-003695,2026-02-12,2026-02-12,2026-02-12,8.8,0.37,72,True
REQ-003696,2026-02-12,2026-02-12,2026-02-12,14.1,0.59,24,True
REQ-003697,2026-02-12,2026-02-13,2026-02-13,46.2,1.93,168,True
REQ-003698,2026-02-12,2026-02-12,,17.9,0.75,94,True
REQ-003699,2026-02-12,2026-02-12,2026-02-12,10.7,0.44,24,True
REQ-003700,2026-02-12,2026-02-12,,2.6,0.11,5,True
REQ-003701,2026-02-12,2026-02-12,2026-02-12,23.5,0.98,79,True
REQ-003702,2026-02-12,2026-02-13,,40.0,1.66,185,True
REQ-003703,2026-02-12,2026-02-13,2026-02-13,47.9,2.0,218,True
REQ-003704,2026-02-12,2026-02-12,2026-02-12,11.8,0.49,168,True
REQ-003705,2026-02-12,2026-02-13,,45.3,1.89,79,True
REQ-003706,2026-02-12,2026-02-15,2026-02-15,76.1,3.17,72,False
REQ-003707,2026-02-12,2026-02-13,,32.2,1.34,168,True
REQ-003708,2026-02-12,2026-02-14,,50.2,2.09,185,True
REQ-003709,2026-02-12,2026-02-12,,14.3,0.6,26,True
REQ-003710,2026-02-12,2026-02-13,,24.3,1.01,168,True
REQ-003711,2026-02-12,2026-02-13,,44.6,1.86,79,True
REQ-003712,2026-02-12,2026-02-12,2026-02-12,6.7,0.28,168,True
REQ-003713,2026-02-12,2026-02-13,,26.4,1.1,79,True
REQ-003714,2026-02-12,2026-02-13,2026-02-13,25.1,1.05,31,True
REQ-003716,2026-02-12,2026-02-12,2026-02-12,10.1,0.42,72,True
REQ-003717,2026-02-13,2026-02-14,2026-02-14,45.2,1.88,218,True
REQ-003718,2026-02-13,2026-02-13,2026-02-13,13.3,0.55,26,True
REQ-003719,2026-02-13,2026-02-14,,37.0,1.54,168,True
REQ-003720,2026-02-13,2026-02-14,2026-02-14,44.0,1.83,31,False
REQ-003721,2026-02-13,2026-02-14,,28.5,1.19,185,True
REQ-003722,2026-02-13,2026-02-13,2026-02-13,16.1,0.67,168,True
REQ-003723,2026-02-13,2026-02-13,2026-02-13,22.9,0.95,94,True
REQ-003724,2026-02-13,2026-02-14,2026-02-14,42.1,1.75,168,True
REQ-003725,2026-02-13,2026-02-14,2026-02-14,36.5,1.52,72,True
REQ-003726,2026-02-13,2026-02-14,,48.0,2.0,94,True
REQ-003727,2026-02-13,2026-02-15,2026-02-15,49.0,2.04,26,False
REQ-003728,2026-02-13,2026-02-13,2026-02-13,22.9,0.95,31,True
REQ-003729,2026-02-13,2026-02-13,2026-02-13,10.0,0.42,79,True
REQ-003730,2026-02-13,2026-02-16,2026-02-16,84.6,3.52,168,True
REQ-003731,2026-02-13,2026-02-16,,81.2,3.38,185,True
REQ-003732,2026-02-13,2026-02-15,,52.3,2.18,168,True
REQ-003733,2026-02-13,2026-02-13,,12.6,0.52,79,True
REQ-003734,2026-02-13,2026-02-13,,7.6,0.32,26,True
REQ-003736,2026-02-13,2026-02-13,2026-02-13,15.2,0.63,218,True
REQ-003737,2026-02-13,2026-02-13,2026-02-13,10.4,0.43,79,True
REQ-003738,2026-02-13,2026-02-15,2026-02-15,51.8,2.16,185,True
REQ-003739,2026-02-13,2026-02-13,,15.2,0.63,185,True
REQ-003740,2026-02-13,2026-02-13,2026-02-13,15.7,0.65,31,True
REQ-003741,2026-02-13,2026-02-16,2026-02-16,77.8,3.24,218,True
REQ-003742,2026-02-13,2026-02-13,,14.8,0.62,94,True
REQ-003743,2026-02-14,2026-02-15,2026-02-15,28.9,1.21,168,True
REQ-003744,2026-02-14,2026-02-14,2026-02-14,12.8,0.53,72,True
REQ-003746,2026-02-14,2026-02-15,,44.1,1.84,218,True
REQ-003748,2026-02-14,2026-02-15,2026-02-15,42.2,1.76,72,True
REQ-003749,2026-02-14,2026-02-14,2026-02-14,12.2,0.51,185,True
REQ-003750,2026-02-14,2026-02-14,2026-02-14,4.2,0.18,72,True
REQ-003751,2026-02-14,2026-02-14,2026-02-14,13.3,0.56,31,True
REQ-003752,2026-02-15,2026-02-17,,53.7,2.24,185,True
REQ-003753,2026-02-15,2026-02-17,2026-02-17,67.6,2.82,218,True
REQ-003754,2026-02-15,2026-02-15,,13.0,0.54,72,True
REQ-003755,2026-02-15,2026-02-15,,16.6,0.69,168,True
REQ-003756,2026-02-15,2026-02-15,,11.0,0.46,168,True
REQ-003759,2026-02-15,2026-02-16,,27.6,1.15,79,True
REQ-003760,2026-02-15,2026-02-15,2026-02-15,9.4,0.39,72,True
REQ-003761,2026-02-16,2026-02-17,,37.4,1.56,185,True
REQ-003762,2026-02-16,2026-02-17,2026-02-17,25.8,1.08,168,True
REQ-003763,2026-02-16,2026-02-17,,26.7,1.11,218,True
REQ-003764,2026-02-16,2026-02-16,,15.8,0.66,185,True
REQ-003765,2026-02-16,2026-02-17,2026-02-17,36.0,1.5,185,True
REQ-003766,2026-02-16,2026-02-16,,8.3,0.35,79,True
REQ-003767,2026-02-16,2026-02-16,,10.0,0.42,168,True
REQ-003768,2026-02-16,2026-02-18,,59.1,2.46,218,True
REQ-003769,2026-02-16,2026-02-16,2026-02-16,4.7,0.19,72,True
REQ-003770,2026-02-16,2026-02-16,,5.5,0.23,218,True
REQ-003772,2026-02-16,2026-02-16,2026-02-16,13.7,0.57,185,True
REQ-003773,2026-02-16,2026-02-16,,12.8,0.53,168,True
REQ-003774,2026-02-16,2026-02-16,2026-02-16,23.4,0.97,24,True
REQ-003775,2026-02-16,2026-02-18,2026-02-18,52.0,2.16,168,True
REQ-003776,2026-02-16,2026-02-17,,29.4,1.22,168,True
REQ-003777,2026-02-16,2026-02-19,2026-02-19,83.5,3.48,94,True
REQ-003778,2026-02-16,2026-02-17,2026-02-17,47.9,2.0,72,True
REQ-003779,2026-02-16,2026-02-18,,51.0,2.12,218,True
REQ-003781,2026-02-17,2026-02-17,2026-02-17,11.1,0.46,72,True
REQ-003782,2026-02-17,2026-02-20,2026-02-20,92.4,3.85,168,True
REQ-003783,2026-02-17,2026-02-17,,13.3,0.55,26,True
REQ-003784,2026-02-17,2026-02-17,,23.8,0.99,168,True
REQ-003785,2026-02-17,2026-02-17,2026-02-17,21.9,0.91,79,True
REQ-003786,2026-02-17,2026-02-18,2026-02-18,45.6,1.9,218,True
REQ-003787,2026-02-17,2026-02-19,2026-02-19,50.3,2.1,79,True
REQ-003788,2026-02-17,2026-02-17,2026-02-17,11.4,0.48,168,True
REQ-003789,2026-02-17,2026-02-17,2026-02-17,18.8,0.78,24,True
REQ-003790,2026-02-17,2026-02-17,2026-02-17,19.8,0.83,26,True
REQ-003791,2026-02-17,2026-02-18,,31.1,1.29,72,True
REQ-003792,2026-02-17,2026-02-18,,37.7,1.57,79,True
REQ-003793,2026-02-17,2026-02-18,2026-02-18,30.1,1.26,72,True
REQ-003795,2026-02-17,2026-02-18,2026-02-18,35.0,1.46,26,False
REQ-003796,2026-02-17,2026-02-18,2026-02-18,35.2,1.47,94,True
REQ-003797,2026-02-17,2026-02-21,2026-02-21,109.3,4.55,185,True
REQ-003798,2026-02-17,2026-02-17,,9.5,0.4,4,False
REQ-003799,2026-02-17,2026-02-19,,53.8,2.24,94,True
REQ-003800,2026-02-17,2026-02-19,2026-02-19,70.2,2.92,185,True
REQ-003801,2026-02-17,2026-02-19,2026-02-19,61.7,2.57,218,True
REQ-003802,2026-02-17,2026-02-17,2026-02-17,5.9,0.25,24,True
REQ-003803,2026-02-18,2026-02-18,,6.9,0.29,24,True
REQ-003804,2026-02-18,2026-02-19,2026-02-19,38.8,1.62,26,False
REQ-003805,2026-02-18,2026-02-18,2026-02-18,16.3,0.68,94,True
REQ-003806,2026-02-18,2026-02-18,,20.7,0.86,218,True
REQ-003807,2026-02-18,2026-02-19,2026-02-19,33.1,1.38,31,False
REQ-003808,2026-02-18,2026-02-18,2026-02-18,18.8,0.78,168,True
REQ-003809,2026-02-18,2026-02-19,2026-02-19,25.0,1.04,218,True
REQ-003810,2026-02-18,2026-02-19,2026-02-19,30.1,1.26,168,True
REQ-003811,2026-02-18,2026-02-19,,40.6,1.69,218,True
REQ-003812,2026-02-18,2026-02-18,2026-02-18,19.3,0.81,218,True
REQ-003813,2026-02-18,2026-02-19,2026-02-19,26.8,1.12,218,True
REQ-003814,2026-02-18,2026-02-19,2026-02-19,32.4,1.35,94,True
REQ-003815,2026-02-18,2026-02-19,2026-02-19,43.9,1.83,168,True
REQ-003816,2026-02-18,2026-02-19,2026-02-19,25.1,1.04,168,True
REQ-003817,2026-02-18,2026-02-18,,8.2,0.34,185,True
REQ-003818,2026-02-18,2026-02-20,,49.9,2.08,185,True
REQ-003819,2026-02-18,2026-02-18,2026-02-18,17.1,0.71,24,True
REQ-003820,2026-02-18,2026-02-19,,28.0,1.16,168,True
REQ-003821,2026-02-18,2026-02-19,,35.6,1.49,185,True
REQ-003822,2026-02-19,2026-02-20,2026-02-20,30.0,1.25,94,True
REQ-003823,2026-02-19,2026-02-22,2026-02-22,74.0,3.08,218,True
REQ-003824,2026-02-19,2026-02-19,2026-02-19,13.5,0.56,185,True
REQ-003825,2026-02-19,2026-02-19,2026-02-19,7.8,0.32,24,True
REQ-003826,2026-02-19,2026-02-19,2026-02-19,21.9,0.91,168,True
REQ-003827,2026-02-19,2026-02-19,2026-02-19,23.4,0.97,24,True
REQ-003828,2026-02-19,2026-02-20,2026-02-20,29.7,1.24,72,True
REQ-003829,2026-02-19,2026-02-19,2026-02-19,21.3,0.89,185,True
REQ-003830,2026-02-19,2026-02-19,2026-02-19,10.8,0.45,218,True
REQ-003831,2026-02-19,2026-02-19,2026-02-19,19.9,0.83,24,True
REQ-003832,2026-02-19,2026-02-20,,26.3,1.09,218,True
REQ-003833,2026-02-19,2026-02-20,2026-02-20,46.7,1.95,218,True
REQ-003834,2026-02-19,2026-02-19,2026-02-19,17.2,0.72,218,True
REQ-003835,2026-02-19,2026-02-19,2026-02-19,19.7,0.82,72,True
REQ-003836,2026-02-19,2026-02-20,2026-02-20,33.3,1.39,185,True
REQ-003837,2026-02-19,2026-02-20,2026-02-20,45.5,1.9,72,True
REQ-003838,2026-02-19,2026-02-21,2026-02-21,48.4,2.02,168,True
REQ-003839,2026-02-19,2026-02-19,2026-02-19,3.3,0.14,24,True
REQ-003840,2026-02-19,2026-02-20,,29.6,1.23,168,True
REQ-003841,2026-02-19,2026-02-22,2026-02-22,72.7,3.03,218,True
REQ-003842,2026-02-19,2026-02-23,,114.0,4.75,94,False
REQ-003843,2026-02-19,2026-02-19,,13.6,0.57,168,True
REQ-003844,2026-02-19,2026-02-19,2026-02-19,6.5,0.27,72,True
REQ-003845,2026-02-19,2026-02-20,2026-02-20,46.8,1.95,218,True
REQ-003846,2026-02-19,2026-02-24,,131.2,5.47,79,False
REQ-003847,2026-02-19,2026-02-20,2026-02-20,33.9,1.41,168,True
REQ-003848,2026-02-19,2026-02-19,2026-02-19,18.6,0.78,72,True
REQ-003850,2026-02-20,2026-02-20,,18.2,0.76,72,True
REQ-003851,2026-02-20,2026-02-20,2026-02-20,16.5,0.69,24,True
REQ-003852,2026-02-20,2026-02-23,2026-02-23,86.4,3.6,94,True
REQ-003853,2026-02-20,2026-02-20,2026-02-20,7.0,0.29,72,True
REQ-003854,2026-02-20,2026-02-22,,55.8,2.33,218,True
REQ-003855,2026-02-20,2026-02-20,2026-02-20,16.8,0.7,31,True
REQ-003856,2026-02-20,2026-02-20,2026-02-20,11.6,0.48,218,True
REQ-003857,2026-02-20,2026-02-24,,105.1,4.38,168,True
REQ-003858,2026-02-20,2026-02-20,2026-02-20,11.0,0.46,4,False
REQ-003859,2026-02-20,2026-02-22,2026-02-22,67.6,2.82,168,True
REQ-003860,2026-02-20,2026-02-20,2026-02-20,19.5,0.81,72,True
REQ-003861,2026-02-20,2026-02-21,,29.7,1.24,218,True
REQ-003862,2026-02-20,2026-02-22,2026-02-22,51.7,2.16,79,True
REQ-003863,2026-02-20,2026-02-22,,67.1,2.79,4,False
REQ-003864,2026-02-20,2026-02-20,,23.5,0.98,72,True
REQ-003865,2026-02-20,2026-02-21,2026-02-21,40.2,1.67,26,False
REQ-003866,2026-02-20,2026-02-22,,53.9,2.24,72,True
REQ-003867,2026-02-20,2026-02-22,2026-02-22,51.4,2.14,185,True
REQ-003868,2026-02-20,2026-02-21,2026-02-21,27.4,1.14,185,True
REQ-003869,2026-02-20,2026-02-20,,8.6,0.36,94,True
REQ-003870,2026-02-21,2026-02-22,2026-02-22,25.6,1.07,26,True
REQ-003871,2026-02-21,2026-02-21,2026-02-21,20.0,0.83,218,True
REQ-003872,2026-02-21,2026-02-21,2026-02-21,17.1,0.71,72,True
REQ-003874,2026-02-21,2026-02-21,2026-02-21,7.5,0.31,24,True
REQ-003876,2026-02-21,2026-02-22,2026-02-22,25.5,1.06,185,True
REQ-003877,2026-02-21,2026-02-21,2026-02-21,7.2,0.3,4,False
REQ-003878,2026-02-22,2026-02-23,,33.0,1.37,185,True
REQ-003879,2026-02-22,2026-02-23,2026-02-23,35.9,1.49,218,True
REQ-003880,2026-02-22,2026-02-23,,41.3,1.72,72,True
REQ-003883,2026-02-22,2026-02-24,,64.3,2.68,218,True
REQ-003884,2026-02-22,2026-02-22,,22.8,0.95,185,True
REQ-003885,2026-02-22,2026-02-22,2026-02-22,10.5,0.44,168,True
REQ-003886,2026-02-22,2026-02-25,2026-02-25,72.5,3.02,26,False
REQ-003887,2026-02-22,2026-02-22,2026-02-22,7.7,0.32,168,True
REQ-003888,2026-02-23,2026-02-23,2026-02-23,22.5,0.94,185,True
REQ-003889,2026-02-23,2026-02-24,2026-02-24,35.8,1.49,26,False
REQ-003890,2026-02-23,2026-02-23,,20.4,0.85,218,True
REQ-003891,2026-02-23,2026-02-23,2026-02-23,13.4,0.56,4,False
REQ-003892,2026-02-23,2026-02-23,,14.2,0.59,72,True
REQ-003893,2026-02-23,2026-02-25,,59.1,2.46,168,True
REQ-003894,2026-02-23,2026-02-24,2026-02-24,28.5,1.19,218,True
REQ-003895,2026-02-23,2026-02-26,2026-02-26,73.5,3.06,168,True
REQ-003896,2026-02-23,2026-02-23,,16.9,0.7,94,True
REQ-003897,2026-02-23,2026-02-24,2026-02-24,24.2,1.01,168,True
REQ-003898,2026-02-23,2026-02-24,2026-02-24,31.2,1.3,72,True
REQ-003899,2026-02-23,2026-02-24,2026-02-24,37.2,1.55,168,True
REQ-003900,2026-02-23,2026-02-25,,61.4,2.56,218,True
REQ-003901,2026-02-23,2026-02-23,,13.5,0.56,168,True
REQ-003902,2026-02-23,2026-02-24,,42.3,1.76,218,True
REQ-003903,2026-02-23,2026-02-25,2026-02-25,49.1,2.05,185,True
REQ-003904,2026-02-23,2026-02-23,2026-02-23,22.6,0.94,218,True
REQ-003905,2026-02-23,2026-02-23,2026-02-23,17.9,0.75,24,True
REQ-003906,2026-02-23,2026-02-24,2026-02-24,39.5,1.64,72,True
REQ-003907,2026-02-23,2026-02-23,2026-02-23,7.9,0.33,72,True
REQ-003908,2026-02-24,2026-02-24,2026-02-24,14.9,0.62,24,True
REQ-003910,2026-02-24,2026-02-25,2026-02-25,36.7,1.53,26,False
REQ-003911,2026-02-24,2026-02-24,,19.9,0.83,218,True
REQ-003912,2026-02-24,2026-02-25,,29.8,1.24,79,True
REQ-003913,2026-02-24,2026-02-24,,7.6,0.31,168,True
REQ-003914,2026-02-24,2026-02-24,2026-02-24,6.6,0.28,72,True
REQ-003915,2026-02-24,2026-02-26,2026-02-26,48.5,2.02,218,True
REQ-003916,2026-02-24,2026-02-24,2026-02-24,17.9,0.75,168,True
REQ-003917,2026-02-24,2026-02-25,2026-02-25,46.1,1.92,72,True
REQ-003918,2026-02-24,2026-02-26,2026-02-26,59.0,2.46,218,True
REQ-003919,2026-02-24,2026-02-25,2026-02-25,33.5,1.4,168,True
REQ-003920,2026-02-24,2026-02-24,,14.4,0.6,72,True
REQ-003921,2026-02-24,2026-02-25,,45.0,1.87,24,False
REQ-003922,2026-02-24,2026-02-24,2026-02-24,15.9,0.66,24,True
REQ-003923,2026-02-24,2026-02-25,2026-02-25,27.5,1.15,94,True
REQ-003924,2026-02-24,2026-02-24,,23.4,0.98,218,True
REQ-003925,2026-02-24,2026-02-24,2026-02-24,9.5,0.39,168,True
REQ-003926,2026-02-24,2026-02-24,2026-02-24,21.4,0.89,94,True
REQ-003927,2026-02-24,2026-02-24,,22.8,0.95,168,True
REQ-003928,2026-02-24,2026-02-25,2026-02-25,28.7,1.19,94,True
REQ-003929,2026-02-24,2026-02-24,2026-02-24,23.8,0.99,72,True
REQ-003930,2026-02-25,2026-02-27,,71.6,2.98,218,True
REQ-003931,2026-02-25,2026-02-26,,39.6,1.65,168,True
REQ-003932,2026-02-25,2026-03-02,2026-03-02,122.0,5.09,185,True
REQ-003933,2026-02-25,2026-02-26,,31.8,1.33,24,False
REQ-003934,2026-02-25,2026-02-25,,23.1,0.96,185,True
REQ-003935,2026-02-25,2026-02-25,,19.3,0.8,72,True
REQ-003936,2026-02-25,2026-02-27,2026-02-27,63.7,2.65,185,True
REQ-003937,2026-02-25,2026-02-25,,17.0,0.71,79,True
REQ-003938,2026-02-25,2026-02-25,2026-02-25,24.0,1.0,168,True
REQ-003939,2026-02-25,2026-02-26,2026-02-26,28.8,1.2,79,True
REQ-003940,2026-02-25,2026-02-25,2026-02-25,4.2,0.17,4,False
REQ-003941,2026-02-25,2026-02-25,2026-02-25,15.8,0.66,24,True
REQ-003942,2026-02-25,2026-02-26,,31.2,1.3,168,True
REQ-003943,2026-02-25,2026-02-26,,38.4,1.6,185,True
REQ-003945,2026-02-25,2026-02-26,2026-02-26,39.3,1.64,168,True
REQ-003946,2026-02-25,2026-02-26,2026-02-26,36.2,1.51,94,True
REQ-003947,2026-02-25,2026-02-26,,46.5,1.94,79,True
REQ-003948,2026-02-26,2026-02-28,,53.6,2.23,168,True
REQ-003949,2026-02-26,2026-02-27,,26.5,1.1,218,True
REQ-003950,2026-02-26,2026-02-28,2026-02-28,61.1,2.54,168,True
REQ-003951,2026-02-26,2026-02-27,2026-02-27,33.3,1.39,94,True
REQ-003952,2026-02-26,2026-02-27,,45.7,1.9,218,True
REQ-003954,2026-02-26,2026-02-27,2026-02-27,29.9,1.25,24,False
REQ-003955,2026-02-26,2026-02-27,2026-02-27,26.8,1.12,218,True
REQ-003956,2026-02-26,2026-02-26,2026-02-26,21.5,0.9,168,True
REQ-003957,2026-02-26,2026-02-27,,35.2,1.47,4,False
REQ-003958,2026-02-26,2026-02-28,2026-02-28,66.5,2.77,79,True
REQ-003959,2026-02-26,2026-02-26,2026-02-26,19.2,0.8,72,True
REQ-003960,2026-02-26,2026-02-26,,14.3,0.59,24,True
REQ-003961,2026-02-26,2026-02-27,,24.3,1.01,168,True
REQ-003962,2026-02-26,2026-02-27,,46.3,1.93,168,True
REQ-003963,2026-02-26,2026-02-27,,41.0,1.71,185,True
REQ-003964,2026-02-26,2026-02-26,2026-02-26,15.9,0.66,5,False
REQ-003965,2026-02-26,2026-02-28,2026-02-28,56.7,2.36,218,True
REQ-003966,2026-02-26,2026-02-26,2026-02-26,11.0,0.46,24,True
REQ-003967,2026-02-26,2026-02-26,2026-02-26,11.7,0.49,31,True
REQ-003968,2026-02-27,2026-02-28,2026-02-28,34.6,1.44,185,True
REQ-003970,2026-02-27,2026-02-27,2026-02-27,4.6,0.19,26,True
REQ-003971,2026-02-27,2026-03-01,2026-03-01,54.7,2.28,94,True
REQ-003972,2026-02-27,2026-03-01,,48.5,2.02,218,True
REQ-003974,2026-02-27,2026-02-28,,35.9,1.49,168,True
REQ-003975,2026-02-27,2026-02-27,,1.5,0.06,72,True
REQ-003976,2026-02-27,2026-02-27,,8.1,0.34,72,True
REQ-003977,2026-02-27,2026-02-27,,16.1,0.67,218,True
REQ-003978,2026-02-27,2026-03-01,2026-03-01,49.9,2.08,168,True
REQ-003979,2026-02-27,2026-02-28,2026-02-28,43.7,1.82,168,True
REQ-003980,2026-02-27,2026-02-28,2026-02-28,32.7,1.36,72,True
REQ-003981,2026-02-27,2026-02-27,,9.4,0.39,72,True
REQ-003982,2026-02-27,2026-02-27,,20.9,0.87,72,True
REQ-003983,2026-02-27,2026-02-27,,20.8,0.87,31,True
REQ-003984,2026-02-27,2026-03-02,2026-03-02,94.5,3.94,168,True
REQ-003985,2026-02-28,2026-03-01,,35.9,1.5,94,True
REQ-003986,2026-02-28,2026-03-01,,34.6,1.44,72,True
REQ-003987,2026-02-28,2026-02-28,,13.5,0.56,168,True
REQ-003988,2026-02-28,2026-02-28,2026-02-28,7.3,0.3,94,True
REQ-003989,2026-02-28,2026-02-28,2026-02-28,22.3,0.93,72,True
REQ-003990,2026-02-28,2026-02-28,2026-02-28,23.7,0.99,24,True
REQ-003992,2026-02-28,2026-02-28,,10.5,0.44,185,True
REQ-003993,2026-02-28,2026-03-01,,40.8,1.7,94,True
REQ-003994,2026-02-28,2026-03-02,,63.7,2.65,185,True
REQ-003996,2026-02-28,2026-03-03,2026-03-03,76.9,3.2,168,True
REQ-003997,2026-02-28,2026-02-28,2026-02-28,10.0,0.42,168,True
REQ-003998,2026-02-28,2026-02-28,2026-02-28,11.8,0.49,79,True
REQ-003999,2026-03-01,2026-03-01,,19.3,0.8,168,True
REQ-004000,2026-03-01,2026-03-01,2026-03-01,5.0,0.21,168,True
REQ-004001,2026-03-01,2026-03-01,2026-03-01,18.7,0.78,26,True
REQ-004002,2026-03-01,2026-03-04,2026-03-04,73.8,3.08,168,True
REQ-004003,2026-03-01,2026-03-02,2026-03-02,41.0,1.71,72,True
REQ-004004,2026-03-01,2026-03-03,,65.2,2.71,168,True
REQ-004005,2026-03-01,2026-03-01,,18.0,0.75,168,True
REQ-004006,2026-03-01,2026-03-01,2026-03-01,20.5,0.85,24,True
REQ-004007,2026-03-01,2026-03-02,2026-03-02,27.3,1.14,72,True
REQ-004008,2026-03-01,2026-03-02,,44.0,1.83,185,True
REQ-004009,2026-03-01,2026-03-01,2026-03-01,13.8,0.57,94,True
REQ-004010,2026-03-01,2026-03-01,,20.8,0.86,218,True
REQ-004011,2026-03-02,2026-03-02,2026-03-02,9.3,0.39,168,True
REQ-004012,2026-03-02,2026-03-02,,5.1,0.21,168,True
REQ-004013,2026-03-02,2026-03-02,,16.5,0.69,185,True
REQ-004014,2026-03-02,2026-03-03,,30.5,1.27,94,True
REQ-004015,2026-03-02,2026-03-03,2026-03-03,37.6,1.57,218,True
REQ-004016,2026-03-02,2026-03-03,,30.8,1.28,24,False
REQ-004017,2026-03-02,2026-03-03,2026-03-03,28.7,1.2,218,True
REQ-004018,2026-03-02,2026-03-03,2026-03-03,25.3,1.05,4,False
REQ-004019,2026-03-02,2026-03-02,2026-03-02,13.1,0.55,24,True
REQ-004020,2026-03-02,2026-03-03,2026-03-03,33.4,1.39,94,True
REQ-004021,2026-03-02,2026-03-02,2026-03-02,17.5,0.73,168,True
REQ-004022,2026-03-02,2026-03-04,,61.5,2.56,185,True
REQ-004023,2026-03-02,2026-03-03,2026-03-03,47.3,1.97,24,False
REQ-004024,2026-03-02,2026-03-03,2026-03-03,38.5,1.6,31,False
REQ-004025,2026-03-02,2026-03-03,2026-03-03,31.7,1.32,168,True
REQ-004026,2026-03-02,2026-03-04,,70.5,2.94,168,True
REQ-004027,2026-03-02,2026-03-04,2026-03-04,50.5,2.1,168,True
REQ-004028,2026-03-02,2026-03-02,,15.3,0.64,185,True
REQ-004029,2026-03-03,2026-03-03,2026-03-03,18.4,0.77,31,True
REQ-004030,2026-03-03,2026-03-06,,75.6,3.15,168,True
REQ-004031,2026-03-03,2026-03-03,2026-03-03,3.5,0.15,72,True
REQ-004032,2026-03-03,2026-03-06,2026-03-06,72.6,3.02,185,True
REQ-004033,2026-03-03,2026-03-03,2026-03-03,10.2,0.42,24,True
REQ-004034,2026-03-03,2026-03-04,2026-03-04,37.6,1.57,218,True
REQ-004035,2026-03-03,2026-03-04,,33.2,1.38,72,True
REQ-004036,2026-03-03,2026-03-03,2026-03-03,17.6,0.73,218,True
REQ-004037,2026-03-03,2026-03-04,,38.7,1.61,94,True
REQ-004038,2026-03-03,2026-03-03,,20.0,0.83,218,True
REQ-004039,2026-03-03,2026-03-04,2026-03-04,30.2,1.26,5,False
REQ-004040,2026-03-03,2026-03-03,,10.0,0.42,72,True
REQ-004041,2026-03-03,2026-03-04,2026-03-04,32.7,1.36,72,True
REQ-004042,2026-03-03,2026-03-04,2026-03-04,37.9,1.58,79,True
REQ-004043,2026-03-03,2026-03-04,2026-03-04,32.9,1.37,79,True
REQ-004044,2026-03-03,2026-03-05,,66.5,2.77,168,True
REQ-004045,2026-03-03,2026-03-04,2026-03-04,29.4,1.23,168,True
REQ-004046,2026-03-03,2026-03-04,2026-03-04,31.2,1.3,94,True
REQ-004047,2026-03-03,2026-03-06,2026-03-06,79.2,3.3,168,True
REQ-004048,2026-03-03,2026-03-04,2026-03-04,24.8,1.03,72,True
REQ-004050,2026-03-03,2026-03-03,,7.9,0.33,31,True
REQ-004051,2026-03-03,2026-03-05,2026-03-05,54.3,2.26,168,True
REQ-004052,2026-03-04,2026-03-04,2026-03-04,17.1,0.71,168,True
REQ-004054,2026-03-04,2026-03-04,2026-03-04,8.7,0.36,5,False
REQ-004055,2026-03-04,2026-03-05,,41.0,1.71,168,True
REQ-004056,2026-03-04,2026-03-06,2026-03-06,50.9,2.12,72,True
REQ-004058,2026-03-04,2026-03-05,2026-03-05,26.1,1.09,168,True
REQ-004059,2026-03-04,2026-03-04,2026-03-04,17.7,0.74,24,True
REQ-004060,2026-03-04,2026-03-04,2026-03-04,22.5,0.94,72,True
REQ-004062,2026-03-04,2026-03-04,2026-03-04,9.5,0.39,72,True
REQ-004064,2026-03-04,2026-03-04,2026-03-04,22.2,0.93,4,False
REQ-004065,2026-03-04,2026-03-05,2026-03-05,27.6,1.15,185,True
REQ-004066,2026-03-04,2026-03-04,2026-03-04,8.2,0.34,72,True
REQ-004068,2026-03-04,2026-03-04,2026-03-04,16.6,0.69,94,True
REQ-004069,2026-03-04,2026-03-04,,14.9,0.62,185,True
REQ-004071,2026-03-04,2026-03-04,,23.3,0.97,168,True
REQ-004072,2026-03-04,2026-03-06,,48.2,2.01,72,True
REQ-004073,2026-03-05,2026-03-05,2026-03-05,11.6,0.48,31,True
REQ-004074,2026-03-05,2026-03-06,2026-03-06,26.5,1.11,72,True
REQ-004075,2026-03-05,2026-03-05,2026-03-05,22.9,0.95,218,True
REQ-004076,2026-03-05,2026-03-08,,85.2,3.55,168,True
REQ-004077,2026-03-05,2026-03-06,,30.0,1.25,94,True
REQ-004079,2026-03-05,2026-03-07,,61.4,2.56,168,True
REQ-004080,2026-03-05,2026-03-06,2026-03-06,27.4,1.14,218,True
REQ-004082,2026-03-05,2026-03-05,2026-03-05,3.0,0.13,26,True
REQ-004083,2026-03-05,2026-03-07,,50.9,2.12,185,True
REQ-004084,2026-03-05,2026-03-05,2026-03-05,6.4,0.27,72,True
REQ-004085,2026-03-05,2026-03-06,,29.8,1.24,185,True
REQ-004086,2026-03-05,2026-03-07,,51.1,2.13,218,True
REQ-004087,2026-03-05,2026-03-09,2026-03-09,102.5,4.27,79,False
REQ-004089,2026-03-05,2026-03-05,2026-03-05,18.3,0.76,218,True
REQ-004090,2026-03-05,2026-03-06,2026-03-06,26.6,1.11,185,True
REQ-004091,2026-03-05,2026-03-07,,52.4,2.18,168,True
REQ-004092,2026-03-05,2026-03-06,,36.1,1.51,72,True
REQ-004093,2026-03-05,2026-03-06,2026-03-06,26.2,1.09,31,True
REQ-004094,2026-03-05,2026-03-05,,23.1,0.96,94,True
REQ-004095,2026-03-05,2026-03-06,2026-03-06,27.4,1.14,94,True
REQ-004096,2026-03-05,2026-03-05,2026-03-05,15.0,0.62,72,True
REQ-004097,2026-03-05,2026-03-05,,16.5,0.69,72,True
REQ-004098,2026-03-05,2026-03-05,2026-03-05,21.3,0.89,4,False
REQ-004099,2026-03-06,2026-03-09,,86.4,3.6,185,True
REQ-004100,2026-03-06,2026-03-08,2026-03-08,63.1,2.63,218,True
REQ-004101,2026-03-06,2026-03-07,2026-03-07,41.3,1.72,72,True
REQ-004102,2026-03-06,2026-03-06,2026-03-06,6.5,0.27,24,True
REQ-004103,2026-03-06,2026-03-06,,16.1,0.67,168,True
REQ-004104,2026-03-06,2026-03-06,2026-03-06,23.0,0.96,168,True
REQ-004105,2026-03-06,2026-03-07,2026-03-07,36.3,1.51,185,True
REQ-004106,2026-03-06,2026-03-07,2026-03-07,47.6,1.98,168,True
REQ-004107,2026-03-06,2026-03-06,2026-03-06,21.5,0.9,72,True
REQ-004108,2026-03-06,2026-03-08,2026-03-08,59.0,2.46,168,True
REQ-004109,2026-03-06,2026-03-07,,38.9,1.62,168,True
REQ-004110,2026-03-06,2026-03-07,2026-03-07,43.8,1.83,185,True
REQ-004111,2026-03-06,2026-03-07,2026-03-07,27.9,1.16,31,True
REQ-004112,2026-03-06,2026-03-06,,22.4,0.94,168,True
REQ-004113,2026-03-06,2026-03-07,2026-03-07,28.6,1.19,168,True
REQ-004114,2026-03-06,2026-03-06,2026-03-06,21.7,0.9,218,True
REQ-004115,2026-03-06,2026-03-06,2026-03-06,8.5,0.36,24,True
REQ-004116,2026-03-07,2026-03-07,2026-03-07,12.1,0.5,79,True
REQ-004117,2026-03-07,2026-03-07,2026-03-07,14.1,0.59,24,True
REQ-004118,2026-03-07,2026-03-07,2026-03-07,12.2,0.51,24,True
REQ-004119,2026-03-07,2026-03-07,2026-03-07,10.3,0.43,218,True
REQ-004121,2026-03-07,2026-03-07,2026-03-07,13.7,0.57,168,True
REQ-004122,2026-03-07,2026-03-08,,45.2,1.88,79,True
REQ-004123,2026-03-07,2026-03-07,2026-03-07,11.8,0.49,72,True
REQ-004124,2026-03-07,2026-03-09,,61.0,2.54,185,True
REQ-004125,2026-03-07,2026-03-08,,24.5,1.02,168,True
REQ-004126,2026-03-07,2026-03-07,,20.4,0.85,94,True
REQ-004127,2026-03-07,2026-03-08,2026-03-08,27.6,1.15,218,True
REQ-004128,2026-03-07,2026-03-09,,49.1,2.04,218,True
REQ-004129,2026-03-07,2026-03-07,2026-03-07,20.1,0.84,168,True
REQ-004130,2026-03-07,2026-03-07,2026-03-07,13.7,0.57,31,True
REQ-004131,2026-03-07,2026-03-07,,6.6,0.28,168,True
REQ-004132,2026-03-07,2026-03-08,2026-03-08,42.8,1.78,94,True
REQ-004133,2026-03-07,2026-03-08,,30.2,1.26,185,True
REQ-004134,2026-03-07,2026-03-07,2026-03-07,8.8,0.36,72,True
REQ-004135,2026-03-08,2026-03-08,2026-03-08,18.8,0.78,185,True
REQ-004136,2026-03-08,2026-03-08,2026-03-08,11.7,0.49,185,True
REQ-004137,2026-03-08,2026-03-09,,39.9,1.66,94,True
REQ-004138,2026-03-08,2026-03-09,,43.7,1.82,168,True
REQ-004139,2026-03-08,2026-03-08,2026-03-08,16.2,0.67,72,True
REQ-004140,2026-03-08,2026-03-09,2026-03-09,29.3,1.22,4,False
REQ-004141,2026-03-08,2026-03-08,2026-03-08,18.7,0.78,94,True
REQ-004142,2026-03-08,2026-03-08,,13.3,0.56,168,True
REQ-004143,2026-03-08,2026-03-09,,29.6,1.24,168,True
REQ-004144,2026-03-08,2026-03-09,2026-03-09,31.9,1.33,26,False
REQ-004145,2026-03-09,2026-03-11,2026-03-11,61.1,2.55,185,True
REQ-004146,2026-03-09,2026-03-11,2026-03-11,54.2,2.26,72,True
REQ-004147,2026-03-09,2026-03-09,,21.9,0.91,72,True
REQ-004148,2026-03-09,2026-03-10,2026-03-10,27.9,1.16,94,True
REQ-004149,2026-03-09,2026-03-13,2026-03-13,97.6,4.07,218,True
REQ-004150,2026-03-09,2026-03-10,,38.6,1.61,218,True
REQ-004151,2026-03-09,2026-03-10,2026-03-10,41.2,1.72,168,True
REQ-004152,2026-03-09,2026-03-09,,11.0,0.46,94,True
REQ-004153,2026-03-09,2026-03-09,2026-03-09,17.4,0.73,94,True
REQ-004154,2026-03-09,2026-03-11,,64.4,2.68,79,True
REQ-004155,2026-03-09,2026-03-11,2026-03-11,66.1,2.75,185,True
REQ-004156,2026-03-09,2026-03-10,,40.9,1.7,79,True
REQ-004157,2026-03-09,2026-03-09,2026-03-09,12.3,0.51,26,True
REQ-004158,2026-03-09,2026-03-09,2026-03-09,16.9,0.7,72,True
REQ-004159,2026-03-09,2026-03-10,2026-03-10,31.8,1.33,79,True
REQ-004160,2026-03-09,2026-03-09,2026-03-09,16.6,0.69,94,True
REQ-004161,2026-03-09,2026-03-11,,52.6,2.19,168,True
REQ-004162,2026-03-09,2026-03-09,2026-03-09,9.6,0.4,31,True
REQ-004163,2026-03-09,2026-03-09,2026-03-09,12.8,0.53,168,True
REQ-004164,2026-03-09,2026-03-10,,32.0,1.33,72,True
REQ-004165,2026-03-09,2026-03-10,2026-03-10,42.5,1.77,72,True
REQ-004166,2026-03-09,2026-03-09,2026-03-09,6.7,0.28,24,True
REQ-004167,2026-03-10,2026-03-12,2026-03-12,64.6,2.69,185,True
REQ-004168,2026-03-10,2026-03-10,,15.1,0.63,168,True
REQ-004169,2026-03-10,2026-03-12,2026-03-12,50.9,2.12,72,True
REQ-004170,2026-03-10,2026-03-10,,2.7,0.11,94,True
REQ-004171,2026-03-10,2026-03-10,2026-03-10,17.4,0.72,72,True
REQ-004172,2026-03-10,2026-03-12,2026-03-12,53.7,2.24,24,False
REQ-004173,2026-03-10,2026-03-10,2026-03-10,10.3,0.43,72,True
REQ-004174,2026-03-10,2026-03-10,2026-03-10,22.0,0.92,218,True
REQ-004175,2026-03-10,2026-03-11,2026-03-11,36.0,1.5,168,True
REQ-004176,2026-03-10,2026-03-10,,20.6,0.86,72,True
REQ-004177,2026-03-10,2026-03-10,,18.9,0.79,31,True
REQ-004178,2026-03-10,2026-03-10,2026-03-10,10.6,0.44,168,True
REQ-004179,2026-03-10,2026-03-10,2026-03-10,16.5,0.69,168,True
REQ-004180,2026-03-10,2026-03-10,2026-03-10,12.4,0.52,31,True
REQ-004181,2026-03-10,2026-03-12,2026-03-12,59.6,2.48,218,True
REQ-004183,2026-03-10,2026-03-10,2026-03-10,17.8,0.74,24,True
REQ-004184,2026-03-11,2026-03-12,2026-03-12,41.6,1.73,72,True
REQ-004185,2026-03-11,2026-03-12,2026-03-12,34.7,1.44,31,False
REQ-004186,2026-03-11,2026-03-12,2026-03-12,27.7,1.15,72,True
REQ-004188,2026-03-11,2026-03-13,,59.5,2.48,94,True
REQ-004189,2026-03-11,2026-03-11,2026-03-11,1.9,0.08,5,True
REQ-004190,2026-03-11,2026-03-11,,10.3,0.43,79,True
REQ-004191,2026-03-11,2026-03-17,,167.7,6.99,185,True
REQ-004192,2026-03-11,2026-03-13,2026-03-13,63.1,2.63,79,True
REQ-004193,2026-03-11,2026-03-12,,31.9,1.33,218,True
REQ-004194,2026-03-11,2026-03-11,2026-03-11,8.9,0.37,79,True
REQ-004195,2026-03-11,2026-03-12,,45.4,1.89,218,True
REQ-004196,2026-03-11,2026-03-11,2026-03-11,3.5,0.15,168,True
REQ-004197,2026-03-11,2026-03-11,2026-03-11,11.5,0.48,4,False
REQ-004198,2026-03-11,2026-03-12,2026-03-12,41.1,1.71,26,False
REQ-004199,2026-03-11,2026-03-12,2026-03-12,30.8,1.28,168,True
REQ-004200,2026-03-11,2026-03-12,2026-03-12,47.0,1.96,79,True
REQ-004201,2026-03-11,2026-03-11,2026-03-11,17.8,0.74,26,True
REQ-004202,2026-03-11,2026-03-12,2026-03-12,35.2,1.47,79,True
REQ-004203,2026-03-11,2026-03-15,,114.4,4.76,168,True
REQ-004204,2026-03-11,2026-03-12,2026-03-12,39.6,1.65,79,True
REQ-004205,2026-03-12,2026-03-13,,40.0,1.67,168,True
REQ-004206,2026-03-12,2026-03-14,,52.7,2.2,79,True
REQ-004207,2026-03-12,2026-03-13,2026-03-13,37.6,1.57,31,False
REQ-004208,2026-03-12,2026-03-12,2026-03-12,19.2,0.8,94,True
REQ-004209,2026-03-12,2026-03-15,,72.9,3.04,218,True
REQ-004210,2026-03-12,2026-03-12,2026-03-12,13.6,0.57,185,True
REQ-004211,2026-03-12,2026-03-13,,27.8,1.16,24,False
REQ-004212,2026-03-12,2026-03-12,,6.7,0.28,218,True
REQ-004214,2026-03-12,2026-03-13,,45.7,1.91,185,True
REQ-004215,2026-03-12,2026-03-12,,18.2,0.76,168,True
REQ-004216,2026-03-12,2026-03-13,2026-03-13,38.4,1.6,94,True
REQ-004217,2026-03-12,2026-03-12,2026-03-12,15.7,0.65,24,True
REQ-004218,2026-03-12,2026-03-15,2026-03-15,77.0,3.21,168,True
REQ-004219,2026-03-12,2026-03-13,,27.1,1.13,72,True
REQ-004221,2026-03-12,2026-03-12,2026-03-12,21.2,0.88,168,True
REQ-004222,2026-03-12,2026-03-12,2026-03-12,1.5,0.06,31,True
REQ-004223,2026-03-12,2026-03-12,2026-03-12,23.8,0.99,218,True
REQ-004224,2026-03-12,2026-03-12,2026-03-12,17.0,0.71,94,True
REQ-004225,2026-03-12,2026-03-14,2026-03-14,50.2,2.09,168,True
REQ-004226,2026-03-12,2026-03-12,,10.3,0.43,218,True
REQ-004227,2026-03-12,2026-03-12,2026-03-12,9.0,0.37,185,True
REQ-004228,2026-03-13,2026-03-15,2026-03-15,60.9,2.54,24,False
REQ-004230,2026-03-13,2026-03-13,2026-03-13,14.8,0.62,24,True
REQ-004231,2026-03-13,2026-03-14,2026-03-14,36.1,1.5,72,True
REQ-004232,2026-03-13,2026-03-16,2026-03-16,90.0,3.75,218,True
REQ-004233,2026-03-13,2026-03-13,2026-03-13,8.0,0.33,168,True
REQ-004234,2026-03-13,2026-03-14,2026-03-14,39.7,1.65,24,False
REQ-004235,2026-03-13,2026-03-13,,10.8,0.45,185,True
REQ-004237,2026-03-13,2026-03-14,2026-03-14,25.6,1.07,31,True
REQ-004238,2026-03-13,2026-03-14,2026-03-14,45.5,1.9,79,True
REQ-004239,2026-03-13,2026-03-13,2026-03-13,15.1,0.63,168,True
REQ-004240,2026-03-13,2026-03-13,2026-03-13,9.9,0.41,72,True
REQ-004241,2026-03-13,2026-03-14,2026-03-14,32.5,1.35,72,True
REQ-004242,2026-03-13,2026-03-15,,67.6,2.81,218,True
REQ-004243,2026-03-13,2026-03-13,2026-03-13,9.8,0.41,185,True
REQ-004244,2026-03-13,2026-03-16,2026-03-16,82.4,3.43,72,False
REQ-004245,2026-03-13,2026-03-14,2026-03-14,28.1,1.17,168,True
REQ-004246,2026-03-13,2026-03-14,,38.3,1.6,218,True
REQ-004247,2026-03-13,2026-03-14,2026-03-14,34.1,1.42,24,False
REQ-004248,2026-03-13,2026-03-13,,6.9,0.29,185,True
REQ-004249,2026-03-13,2026-03-14,,42.6,1.77,72,True
REQ-004250,2026-03-13,2026-03-14,,30.5,1.27,94,True
REQ-004251,2026-03-13,2026-03-15,,49.1,2.05,168,True
REQ-004252,2026-03-14,2026-03-15,2026-03-15,32.5,1.35,168,True
REQ-004253,2026-03-14,2026-03-14,2026-03-14,15.0,0.63,168,True
REQ-004254,2026-03-14,2026-03-14,2026-03-14,1.5,0.06,24,True
REQ-004255,2026-03-14,2026-03-14,2026-03-14,16.4,0.68,79,True
REQ-004256,2026-03-14,2026-03-16,2026-03-16,50.8,2.12,218,True
REQ-004257,2026-03-14,2026-03-15,,35.0,1.46,72,True
REQ-004258,2026-03-14,2026-03-14,2026-03-14,19.7,0.82,168,True
REQ-004259,2026-03-14,2026-03-14,2026-03-14,18.9,0.79,24,True
REQ-004260,2026-03-15,2026-03-16,2026-03-16,42.1,1.75,168,True
REQ-004261,2026-03-15,2026-03-17,2026-03-17,53.9,2.25,218,True
REQ-004262,2026-03-15,2026-03-15,2026-03-15,18.0,0.75,24,True
REQ-004263,2026-03-15,2026-03-16,2026-03-16,26.2,1.09,72,True
REQ-004264,2026-03-15,2026-03-15,2026-03-15,23.0,0.96,94,True
REQ-004265,2026-03-15,2026-03-15,2026-03-15,21.5,0.9,79,True
REQ-004266,2026-03-15,2026-03-15,2026-03-15,10.9,0.45,31,True
REQ-004267,2026-03-15,2026-03-16,2026-03-16,34.7,1.45,72,True
REQ-004268,2026-03-15,2026-03-15,2026-03-15,21.6,0.9,168,True
REQ-004269,2026-03-15,2026-03-15,2026-03-15,8.9,0.37,24,True
REQ-004270,2026-03-16,2026-03-19,2026-03-19,78.0,3.25,185,True
REQ-004271,2026-03-16,2026-03-16,,21.5,0.89,72,True
REQ-004272,2026-03-16,2026-03-17,2026-03-17,41.8,1.74,218,True
REQ-004274,2026-03-16,2026-03-17,2026-03-17,29.8,1.24,26,False
REQ-004275,2026-03-16,2026-03-20,2026-03-20,99.8,4.16,168,True
REQ-004276,2026-03-16,2026-03-16,,10.7,0.45,72,True
REQ-004277,2026-03-16,2026-03-20,2026-03-20,119.9,4.99,185,True
REQ-004278,2026-03-16,2026-03-17,2026-03-17,34.7,1.45,185,True
REQ-004279,2026-03-16,2026-03-17,2026-03-17,28.6,1.19,72,True
REQ-004280,2026-03-16,2026-03-17,2026-03-17,33.1,1.38,4,False
REQ-004281,2026-03-16,2026-03-16,,22.1,0.92,94,True
REQ-004282,2026-03-16,2026-03-16,2026-03-16,15.7,0.66,24,True
REQ-004283,2026-03-16,2026-03-16,2026-03-16,9.3,0.39,31,True
REQ-004284,2026-03-16,2026-03-16,,16.6,0.69,218,True
REQ-004285,2026-03-16,2026-03-17,2026-03-17,38.5,1.6,72,True
REQ-004286,2026-03-16,2026-03-16,,9.8,0.41,185,True
REQ-004287,2026-03-16,2026-03-17,2026-03-17,32.8,1.37,72,True
REQ-004288,2026-03-16,2026-03-16,2026-03-16,19.5,0.81,24,True
REQ-004289,2026-03-16,2026-03-17,2026-03-17,39.9,1.66,72,True
REQ-004290,2026-03-16,2026-03-18,2026-03-18,51.4,2.14,218,True
REQ-004291,2026-03-16,2026-03-20,,117.8,4.91,218,True
REQ-004292,2026-03-16,2026-03-16,2026-03-16,17.0,0.71,168,True
REQ-004293,2026-03-16,2026-03-17,2026-03-17,46.6,1.94,168,True
REQ-004294,2026-03-16,2026-03-17,2026-03-17,28.8,1.2,31,True
REQ-004295,2026-03-16,2026-03-19,,92.2,3.84,94,True
REQ-004296,2026-03-16,2026-03-18,,53.9,2.24,168,True
REQ-004297,2026-03-16,2026-03-17,2026-03-17,25.0,1.04,168,True
REQ-004298,2026-03-16,2026-03-16,,10.8,0.45,218,True
REQ-004299,2026-03-16,2026-03-16,,13.7,0.57,26,True
REQ-004300,2026-03-16,2026-03-17,2026-03-17,27.6,1.15,185,True
REQ-004301,2026-03-16,2026-03-16,,10.6,0.44,72,True
REQ-004302,2026-03-17,2026-03-18,2026-03-18,36.9,1.54,72,True
REQ-004303,2026-03-17,2026-03-18,2026-03-18,41.1,1.71,168,True
REQ-004304,2026-03-17,2026-03-17,2026-03-17,23.2,0.97,168,True
REQ-004305,2026-03-17,2026-03-17,2026-03-17,9.8,0.41,24,True
REQ-004306,2026-03-17,2026-03-17,,12.2,0.51,72,True
REQ-004307,2026-03-17,2026-03-18,,45.9,1.91,168,True
REQ-004308,2026-03-17,2026-03-17,,20.4,0.85,185,True
REQ-004309,2026-03-17,2026-03-18,2026-03-18,30.6,1.28,24,False
REQ-004310,2026-03-17,2026-03-17,2026-03-17,22.4,0.93,168,True
REQ-004311,2026-03-17,2026-03-17,2026-03-17,19.0,0.79,218,True
REQ-004313,2026-03-17,2026-03-17,2026-03-17,20.4,0.85,72,True
REQ-004314,2026-03-17,2026-03-18,2026-03-18,28.1,1.17,5,False
REQ-004315,2026-03-17,2026-03-18,,37.7,1.57,94,True
REQ-004316,2026-03-17,2026-03-18,,29.8,1.24,168,True
REQ-004317,2026-03-17,2026-03-21,,96.1,4.0,218,True
REQ-004318,2026-03-17,2026-03-17,,14.2,0.59,185,True
REQ-004319,2026-03-17,2026-03-17,2026-03-17,21.4,0.89,218,True
REQ-004320,2026-03-17,2026-03-18,2026-03-18,30.8,1.28,31,True
REQ-004321,2026-03-17,2026-03-20,,95.6,3.98,94,False
REQ-004322,2026-03-17,2026-03-17,2026-03-17,9.9,0.41,24,True
REQ-004323,2026-03-17,2026-03-19,2026-03-19,72.0,3.0,218,True
REQ-004324,2026-03-17,2026-03-18,,26.6,1.11,185,True
REQ-004325,2026-03-17,2026-03-17,,12.5,0.52,218,True
REQ-004326,2026-03-17,2026-03-18,,47.0,1.96,31,False
REQ-004327,2026-03-17,2026-03-17,2026-03-17,19.5,0.81,4,False
REQ-004328,2026-03-17,2026-03-19,2026-03-19,68.3,2.85,185,True
REQ-004329,2026-03-17,2026-03-18,2026-03-18,31.3,1.3,31,False
REQ-004330,2026-03-17,2026-03-17,2026-03-17,4.8,0.2,168,True
REQ-004331,2026-03-17,2026-03-17,2026-03-17,13.8,0.58,4,False
REQ-004332,2026-03-17,2026-03-17,2026-03-17,13.8,0.58,168,True
REQ-004333,2026-03-18,2026-03-18,2026-03-18,20.1,0.84,168,True
REQ-004334,2026-03-18,2026-03-19,2026-03-19,37.1,1.55,218,True
REQ-004335,2026-03-18,2026-03-18,2026-03-18,8.3,0.35,26,True
REQ-004336,2026-03-18,2026-03-20,,61.2,2.55,218,True
REQ-004337,2026-03-18,2026-03-18,2026-03-18,9.4,0.39,31,True
REQ-004338,2026-03-18,2026-03-21,2026-03-21,76.1,3.17,168,True
REQ-004339,2026-03-18,2026-03-18,2026-03-18,9.7,0.4,72,True
REQ-004340,2026-03-18,2026-03-19,2026-03-19,47.6,1.98,72,True
REQ-004341,2026-03-18,2026-03-18,2026-03-18,11.6,0.48,218,True
REQ-004342,2026-03-18,2026-03-18,2026-03-18,21.5,0.89,72,True
REQ-004343,2026-03-18,2026-03-18,2026-03-18,16.1,0.67,185,True
REQ-004344,2026-03-18,2026-03-19,2026-03-19,45.0,1.87,218,True
REQ-004345,2026-03-18,2026-03-18,2026-03-18,22.7,0.95,79,True
REQ-004346,2026-03-18,2026-03-19,2026-03-19,27.6,1.15,168,True
REQ-004347,2026-03-18,2026-03-21,2026-03-21,83.9,3.49,94,True
REQ-004348,2026-03-18,2026-03-18,2026-03-18,10.6,0.44,72,True
REQ-004349,2026-03-18,2026-03-18,,15.8,0.66,72,True
REQ-004350,2026-03-18,2026-03-20,,50.1,2.09,168,True
REQ-004351,2026-03-18,2026-03-18,2026-03-18,21.4,0.89,4,False
REQ-004352,2026-03-18,2026-03-19,2026-03-19,24.4,1.02,72,True
REQ-004353,2026-03-18,2026-03-19,2026-03-19,41.9,1.74,31,False
REQ-004354,2026-03-18,2026-03-18,,14.7,0.61,79,True
REQ-004355,2026-03-19,2026-03-22,2026-03-22,76.7,3.2,218,True
REQ-004356,2026-03-19,2026-03-19,2026-03-19,2.6,0.11,31,True
REQ-004357,2026-03-19,2026-03-19,2026-03-19,4.0,0.17,4,False
REQ-004358,2026-03-19,2026-03-19,2026-03-19,22.0,0.92,26,True
REQ-004359,2026-03-19,2026-03-24,2026-03-24,128.7,5.36,218,True
REQ-004360,2026-03-19,2026-03-19,2026-03-19,14.5,0.6,24,True
REQ-004361,2026-03-19,2026-03-19,,12.8,0.53,185,True
REQ-004362,2026-03-19,2026-03-19,2026-03-19,2.9,0.12,218,True
REQ-004363,2026-03-19,2026-03-21,2026-03-21,60.8,2.53,185,True
REQ-004364,2026-03-19,2026-03-20,,35.2,1.47,168,True
REQ-004365,2026-03-19,2026-03-20,2026-03-20,29.7,1.24,94,True
REQ-004367,2026-03-19,2026-03-21,2026-03-21,51.6,2.15,218,True
REQ-004368,2026-03-19,2026-03-20,,41.0,1.71,31,False
REQ-004369,2026-03-19,2026-03-20,,32.1,1.34,72,True
REQ-004371,2026-03-19,2026-03-20,,24.5,1.02,218,True
REQ-004372,2026-03-19,2026-03-22,,79.8,3.33,168,True
REQ-004373,2026-03-19,2026-03-21,,48.6,2.03,185,True
REQ-004374,2026-03-19,2026-03-20,2026-03-20,40.5,1.69,4,False
REQ-004375,2026-03-19,2026-03-21,2026-03-21,56.0,2.34,185,True
REQ-004376,2026-03-19,2026-03-19,2026-03-19,12.3,0.51,24,True
REQ-004377,2026-03-19,2026-03-22,2026-03-22,73.7,3.07,185,True
REQ-004378,2026-03-20,2026-03-21,2026-03-21,25.8,1.08,94,True
REQ-004379,2026-03-20,2026-03-20,2026-03-20,18.6,0.78,185,True
REQ-004380,2026-03-20,2026-03-20,2026-03-20,6.9,0.29,24,True
REQ-004381,2026-03-20,2026-03-21,2026-03-21,26.6,1.11,24,False
REQ-004382,2026-03-20,2026-03-21,2026-03-21,35.3,1.47,72,True
REQ-004383,2026-03-20,2026-03-20,2026-03-20,20.0,0.83,94,True
REQ-004384,2026-03-20,2026-03-21,2026-03-21,46.3,1.93,218,True
REQ-004385,2026-03-20,2026-03-20,2026-03-20,22.5,0.94,185,True
REQ-004386,2026-03-20,2026-03-24,,96.7,4.03,185,True
REQ-004387,2026-03-20,2026-03-21,,29.3,1.22,168,True
REQ-004388,2026-03-20,2026-03-20,,16.0,0.67,72,True
REQ-004389,2026-03-20,2026-03-20,,11.8,0.49,4,False
REQ-004390,2026-03-20,2026-03-21,2026-03-21,42.5,1.77,218,True
REQ-004391,2026-03-20,2026-03-20,2026-03-20,15.3,0.64,24,True
REQ-004393,2026-03-20,2026-03-21,2026-03-21,27.2,1.13,218,True
REQ-004394,2026-03-20,2026-03-21,2026-03-21,32.4,1.35,168,True
REQ-004395,2026-03-20,2026-03-22,,65.1,2.71,185,True
REQ-004396,2026-03-20,2026-03-21,2026-03-21,33.2,1.38,185,True
REQ-004397,2026-03-20,2026-03-21,2026-03-21,41.7,1.74,168,True
REQ-004398,2026-03-20,2026-03-20,2026-03-20,6.7,0.28,4,False
REQ-004399,2026-03-20,2026-03-20,2026-03-20,16.0,0.67,72,True
REQ-004400,2026-03-20,2026-03-21,,31.6,1.32,31,False
REQ-004401,2026-03-20,2026-03-20,,10.3,0.43,24,True
REQ-004402,2026-03-20,2026-03-22,,63.0,2.62,94,True
REQ-004403,2026-03-20,2026-03-21,2026-03-21,27.8,1.16,26,False
REQ-004404,2026-03-20,2026-03-20,,15.8,0.66,79,True
REQ-004405,2026-03-20,2026-03-22,2026-03-22,55.9,2.33,94,True
REQ-004406,2026-03-20,2026-03-20,,7.0,0.29,94,True
REQ-004407,2026-03-20,2026-03-21,,26.4,1.1,168,True
REQ-004408,2026-03-20,2026-03-21,,29.6,1.23,94,True
REQ-004409,2026-03-21,2026-03-21,2026-03-21,12.4,0.52,79,True
REQ-004410,2026-03-21,2026-03-21,2026-03-21,21.4,0.89,4,False
REQ-004411,2026-03-21,2026-03-24,2026-03-24,92.9,3.87,185,True
REQ-004412,2026-03-21,2026-03-23,2026-03-23,55.5,2.31,72,True
REQ-004413,2026-03-21,2026-03-21,2026-03-21,11.5,0.48,168,True
REQ-004414,2026-03-21,2026-03-22,2026-03-22,39.9,1.66,218,True
REQ-004415,2026-03-21,2026-03-21,2026-03-21,10.5,0.44,79,True
REQ-004416,2026-03-21,2026-03-22,,29.8,1.24,218,True
REQ-004417,2026-03-21,2026-03-21,2026-03-21,6.8,0.28,72,True
REQ-004418,2026-03-21,2026-03-21,2026-03-21,11.3,0.47,4,False
REQ-004419,2026-03-21,2026-03-23,2026-03-23,53.3,2.22,72,True
REQ-004420,2026-03-21,2026-03-21,2026-03-21,11.8,0.49,4,False
REQ-004421,2026-03-22,2026-03-23,,37.8,1.58,168,True
REQ-004422,2026-03-22,2026-03-23,,26.1,1.09,5,False
REQ-004423,2026-03-22,2026-03-24,2026-03-24,51.5,2.15,24,False
REQ-004424,2026-03-22,2026-03-23,2026-03-23,31.3,1.3,94,True
REQ-004425,2026-03-22,2026-03-23,2026-03-23,24.9,1.04,24,False
REQ-004426,2026-03-22,2026-03-25,2026-03-25,75.3,3.14,72,False
REQ-004427,2026-03-22,2026-03-22,,18.7,0.78,168,True
REQ-004428,2026-03-22,2026-03-23,,29.4,1.22,72,True
REQ-004429,2026-03-23,2026-03-26,2026-03-26,73.2,3.05,168,True
REQ-004430,2026-03-23,2026-03-25,,51.0,2.12,94,True
REQ-004431,2026-03-23,2026-03-24,2026-03-24,27.7,1.15,218,True
REQ-004433,2026-03-23,2026-03-24,2026-03-24,32.8,1.37,24,False
REQ-004434,2026-03-23,2026-03-25,2026-03-25,57.4,2.39,185,True
REQ-004435,2026-03-23,2026-03-24,2026-03-24,31.0,1.29,185,True
REQ-004436,2026-03-23,2026-03-23,,21.8,0.91,218,True
REQ-004437,2026-03-23,2026-03-24,,47.1,1.96,185,True
REQ-004438,2026-03-23,2026-03-23,,13.5,0.56,94,True
REQ-004439,2026-03-23,2026-03-24,,36.9,1.54,185,True
REQ-004440,2026-03-23,2026-03-24,,27.6,1.15,168,True
REQ-004441,2026-03-23,2026-03-23,2026-03-23,20.1,0.84,24,True
REQ-004442,2026-03-23,2026-03-23,2026-03-23,12.4,0.52,31,True
REQ-004443,2026-03-23,2026-03-24,2026-03-24,35.3,1.47,218,True
REQ-004444,2026-03-23,2026-03-26,2026-03-26,83.9,3.5,185,True
REQ-004446,2026-03-23,2026-03-23,2026-03-23,16.0,0.66,168,True
REQ-004447,2026-03-24,2026-03-26,,57.4,2.39,26,False
REQ-004448,2026-03-24,2026-03-24,2026-03-24,11.2,0.47,218,True
REQ-004449,2026-03-24,2026-03-26,2026-03-26,67.3,2.8,168,True
REQ-004451,2026-03-24,2026-03-24,,15.1,0.63,218,True
REQ-004452,2026-03-24,2026-03-25,2026-03-25,33.1,1.38,185,True
REQ-004453,2026-03-24,2026-03-24,2026-03-24,7.2,0.3,24,True
REQ-004454,2026-03-24,2026-03-24,,22.0,0.92,4,False
REQ-004455,2026-03-24,2026-03-24,2026-03-24,2.2,0.09,4,True
REQ-004456,2026-03-24,2026-03-25,2026-03-25,43.2,1.8,218,True
REQ-004458,2026-03-24,2026-03-24,2026-03-24,20.6,0.86,94,True
REQ-004460,2026-03-24,2026-03-24,2026-03-24,8.4,0.35,185,True
REQ-004461,2026-03-24,2026-03-26,2026-03-26,67.9,2.83,72,True
REQ-004462,2026-03-24,2026-03-24,2026-03-24,18.3,0.76,218,True
REQ-004463,2026-03-24,2026-03-24,,20.3,0.85,168,True
REQ-004466,2026-03-24,2026-03-24,2026-03-24,10.7,0.45,24,True
REQ-004467,2026-03-24,2026-03-24,,18.6,0.78,218,True
REQ-004468,2026-03-24,2026-03-24,2026-03-24,9.7,0.4,24,True
REQ-004469,2026-03-25,2026-03-26,2026-03-26,27.7,1.15,94,True
REQ-004470,2026-03-25,2026-03-26,2026-03-26,28.1,1.17,218,True
REQ-004473,2026-03-25,2026-03-26,2026-03-26,32.8,1.37,31,False
REQ-004474,2026-03-25,2026-03-26,2026-03-26,42.8,1.78,24,False
REQ-004475,2026-03-25,2026-03-25,2026-03-25,12.9,0.54,218,True
REQ-004476,2026-03-25,2026-03-25,,6.0,0.25,24,True
REQ-004477,2026-03-25,2026-03-25,,14.9,0.62,168,True
REQ-004478,2026-03-25,2026-03-25,2026-03-25,11.4,0.48,94,True
REQ-004479,2026-03-25,2026-03-25,2026-03-25,11.0,0.46,72,True
REQ-004480,2026-03-25,2026-03-26,,43.6,1.81,168,True
REQ-004481,2026-03-25,2026-03-26,2026-03-26,31.6,1.32,168,True
REQ-004482,2026-03-25,2026-03-27,,61.8,2.58,168,True
REQ-004483,2026-03-25,2026-03-27,,49.0,2.04,185,True
REQ-004484,2026-03-25,2026-03-25,2026-03-25,9.2,0.38,72,True
REQ-004485,2026-03-25,2026-03-26,,41.4,1.73,79,True
REQ-004486,2026-03-25,2026-03-25,2026-03-25,15.7,0.65,24,True
REQ-004487,2026-03-25,2026-03-26,2026-03-26,26.1,1.09,168,True
REQ-004488,2026-03-25,2026-03-27,,62.3,2.6,185,True
REQ-004489,2026-03-25,2026-03-27,2026-03-27,70.6,2.94,185,True
REQ-004490,2026-03-25,2026-03-26,,30.5,1.27,218,True
REQ-004491,2026-03-26,2026-03-27,2026-03-27,32.3,1.35,79,True
REQ-004493,2026-03-26,2026-03-26,,23.9,1.0,218,True
REQ-004494,2026-03-26,2026-03-29,2026-03-29,85.7,3.57,218,True
REQ-004495,2026-03-26,2026-03-26,2026-03-26,20.9,0.87,4,False
REQ-004496,2026-03-26,2026-03-27,,42.5,1.77,168,True
REQ-004497,2026-03-26,2026-03-26,2026-03-26,0.5,0.02,79,True
REQ-004498,2026-03-26,2026-03-26,2026-03-26,23.9,1.0,24,True
REQ-004499,2026-03-26,2026-03-27,,35.2,1.47,185,True
REQ-004500,2026-03-26,2026-03-29,,75.0,3.12,168,True
REQ-004501,2026-03-26,2026-03-26,2026-03-26,20.4,0.85,4,False
REQ-004502,2026-03-26,2026-03-27,2026-03-27,24.1,1.0,31,True
REQ-004503,2026-03-26,2026-03-28,2026-03-28,71.0,2.96,72,True
REQ-004504,2026-03-26,2026-03-27,2026-03-27,29.5,1.23,168,True
REQ-004505,2026-03-26,2026-03-27,2026-03-27,32.9,1.37,218,True
REQ-004506,2026-03-26,2026-03-27,,31.7,1.32,168,True
REQ-004507,2026-03-26,2026-03-27,2026-03-27,25.9,1.08,79,True
REQ-004509,2026-03-26,2026-03-26,,21.1,0.88,168,True
REQ-004510,2026-03-26,2026-03-27,2026-03-27,26.0,1.08,31,True
REQ-004511,2026-03-26,2026-03-29,2026-03-29,79.2,3.3,168,True
REQ-004513,2026-03-26,2026-03-26,,8.2,0.34,168,True
REQ-004514,2026-03-26,2026-03-27,2026-03-27,41.1,1.71,72,True
REQ-004516,2026-03-27,2026-03-28,2026-03-28,37.4,1.56,168,True
REQ-004517,2026-03-27,2026-03-28,2026-03-28,25.3,1.05,72,True
REQ-004518,2026-03-27,2026-03-27,,21.2,0.88,168,True
REQ-004519,2026-03-27,2026-03-28,2026-03-28,43.5,1.81,168,True
REQ-004520,2026-03-27,2026-03-27,,1.0,0.04,24,True
REQ-004521,2026-03-27,2026-03-28,,25.0,1.04,218,True
REQ-004522,2026-03-27,2026-03-27,,13.2,0.55,218,True
REQ-004523,2026-03-27,2026-03-30,2026-03-30,94.7,3.95,168,True
REQ-004524,2026-03-27,2026-03-28,2026-03-28,29.3,1.22,185,True
REQ-004525,2026-03-27,2026-03-27,2026-03-27,6.7,0.28,24,True
REQ-004526,2026-03-27,2026-03-28,2026-03-28,39.1,1.63,94,True
REQ-004527,2026-03-27,2026-03-27,,18.7,0.78,24,True
REQ-004528,2026-03-27,2026-03-28,,34.5,1.44,185,True
REQ-004529,2026-03-27,2026-03-28,2026-03-28,31.7,1.32,72,True
REQ-004530,2026-03-27,2026-03-31,,107.2,4.47,185,True
REQ-004531,2026-03-27,2026-03-27,,19.2,0.8,185,True
REQ-004532,2026-03-27,2026-03-29,2026-03-29,53.4,2.22,168,True
REQ-004533,2026-03-27,2026-03-27,,10.3,0.43,31,True
REQ-004534,2026-03-27,2026-03-27,2026-03-27,10.3,0.43,24,True
REQ-004535,2026-03-27,2026-03-28,2026-03-28,47.2,1.97,185,True
REQ-004536,2026-03-27,2026-03-27,2026-03-27,9.9,0.41,94,True
REQ-004537,2026-03-27,2026-03-28,2026-03-28,26.7,1.11,31,True
REQ-004538,2026-03-27,2026-03-28,2026-03-28,47.6,1.98,94,True
REQ-004539,2026-03-27,2026-03-30,2026-03-30,87.0,3.63,168,True
REQ-004540,2026-03-27,2026-03-30,,77.4,3.23,94,True
REQ-004541,2026-03-28,2026-03-29,,27.3,1.14,94,True
REQ-004542,2026-03-28,2026-03-29,2026-03-29,29.2,1.21,185,True
REQ-004543,2026-03-28,2026-03-28,,23.9,1.0,168,True
REQ-004544,2026-03-28,2026-03-28,2026-03-28,17.3,0.72,168,True
REQ-004545,2026-03-28,2026-03-29,2026-03-29,24.8,1.03,24,False
REQ-004546,2026-03-28,2026-03-28,,17.0,0.71,72,True
REQ-004547,2026-03-28,2026-04-02,2026-04-02,139.6,5.82,168,True
REQ-004548,2026-03-28,2026-03-28,2026-03-28,23.6,0.98,72,True
REQ-004549,2026-03-28,2026-03-29,2026-03-29,25.6,1.07,24,False
REQ-004550,2026-03-28,2026-03-28,2026-03-28,5.6,0.23,72,True
REQ-004551,2026-03-28,2026-03-29,,38.7,1.61,185,True
REQ-004552,2026-03-28,2026-04-02,,120.0,5.0,218,True
REQ-004553,2026-03-28,2026-03-28,2026-03-28,15.8,0.66,31,True
REQ-004554,2026-03-29,2026-03-29,2026-03-29,16.0,0.66,185,True
REQ-004555,2026-03-29,2026-04-01,2026-04-01,87.0,3.63,79,False
REQ-004556,2026-03-29,2026-03-29,2026-03-29,22.7,0.94,24,True
REQ-004557,2026-03-29,2026-03-30,2026-03-30,36.3,1.51,218,True
REQ-004558,2026-03-29,2026-03-29,,18.9,0.79,79,True
REQ-004559,2026-03-29,2026-03-29,2026-03-29,9.2,0.38,72,True
REQ-004560,2026-03-29,2026-03-29,,9.7,0.4,94,True
REQ-004561,2026-03-29,2026-03-29,2026-03-29,19.2,0.8,168,True
REQ-004562,2026-03-29,2026-03-29,2026-03-29,23.5,0.98,168,True
REQ-004563,2026-03-30,2026-04-02,,78.8,3.29,168,True
REQ-004564,2026-03-30,2026-03-31,2026-03-31,27.4,1.14,168,True
REQ-004565,2026-03-30,2026-03-31,,37.6,1.57,218,True
REQ-004566,2026-03-30,2026-03-30,,21.4,0.89,168,True
REQ-004567,2026-03-30,2026-03-31,2026-03-31,37.9,1.58,168,True
REQ-004569,2026-03-30,2026-03-31,2026-03-31,25.0,1.04,24,False
REQ-004570,2026-03-30,2026-03-31,2026-03-31,28.6,1.19,72,True
REQ-004572,2026-03-30,2026-04-02,,75.5,3.15,168,True
REQ-004573,2026-03-30,2026-03-30,2026-03-30,13.0,0.54,31,True
REQ-004574,2026-03-30,2026-03-30,2026-03-30,4.5,0.19,26,True
REQ-004575,2026-03-30,2026-03-30,2026-03-30,2.0,0.08,72,True
REQ-004576,2026-03-30,2026-03-30,2026-03-30,13.6,0.57,72,True
REQ-004577,2026-03-30,2026-03-31,2026-03-31,31.3,1.3,24,False
REQ-004578,2026-03-30,2026-03-30,,10.5,0.44,79,True
REQ-004579,2026-03-30,2026-03-30,,12.5,0.52,168,True
REQ-004580,2026-03-30,2026-03-30,2026-03-30,15.8,0.66,24,True
REQ-004581,2026-03-30,2026-04-03,2026-04-03,106.9,4.45,185,True
REQ-004583,2026-03-30,2026-03-31,,31.8,1.33,26,False
REQ-004584,2026-03-30,2026-04-02,2026-04-02,86.9,3.62,218,True
REQ-004585,2026-03-30,2026-04-03,,100.8,4.2,72,False
REQ-004586,2026-03-30,2026-03-31,,30.3,1.26,31,True
REQ-004587,2026-03-30,2026-03-31,,31.8,1.32,218,True
REQ-004588,2026-03-30,2026-03-31,2026-03-31,39.1,1.63,72,True
REQ-004589,2026-03-30,2026-03-30,2026-03-30,21.4,0.89,5,False
REQ-004590,2026-03-30,2026-04-01,2026-04-01,65.7,2.74,168,True
REQ-004591,2026-03-30,2026-03-31,2026-03-31,37.9,1.58,218,True
REQ-004592,2026-03-30,2026-03-30,,15.8,0.66,168,True
REQ-004593,2026-03-31,2026-04-01,,40.4,1.68,168,True
REQ-004594,2026-03-31,2026-03-31,2026-03-31,1.2,0.05,168,True
REQ-004595,2026-03-31,2026-03-31,,16.4,0.68,4,False
REQ-004596,2026-03-31,2026-03-31,2026-03-31,12.7,0.53,79,True
REQ-004597,2026-03-31,2026-04-01,2026-04-01,37.6,1.57,185,True
REQ-004598,2026-03-31,2026-03-31,2026-03-31,16.0,0.67,4,False
REQ-004599,2026-03-31,2026-03-31,2026-03-31,20.1,0.84,218,True
REQ-004600,2026-03-31,2026-03-31,,9.1,0.38,218,True
REQ-004601,2026-03-31,2026-03-31,2026-03-31,21.4,0.89,79,True
REQ-004602,2026-03-31,2026-04-01,,26.4,1.1,94,True
REQ-004603,2026-03-31,2026-03-31,,14.6,0.61,168,True
REQ-004604,2026-03-31,2026-03-31,2026-03-31,6.7,0.28,24,True
REQ-004605,2026-03-31,2026-04-01,2026-04-01,45.8,1.91,185,True
REQ-004606,2026-03-31,2026-04-03,2026-04-03,83.2,3.47,72,False
REQ-004607,2026-03-31,2026-04-01,,30.5,1.27,168,True
REQ-004608,2026-03-31,2026-03-31,2026-03-31,12.1,0.5,24,True
REQ-004609,2026-03-31,2026-04-01,2026-04-01,46.2,1.93,72,True
REQ-004611,2026-03-31,2026-03-31,,9.9,0.41,24,True
REQ-004612,2026-03-31,2026-03-31,2026-03-31,15.5,0.64,72,True
REQ-004613,2026-03-31,2026-03-31,2026-03-31,22.9,0.95,72,True
REQ-004614,2026-03-31,2026-03-31,2026-03-31,16.4,0.68,168,True
REQ-004615,2026-03-31,2026-03-31,,3.5,0.15,185,True
REQ-004616,2026-03-31,2026-03-31,,20.2,0.84,168,True
REQ-004617,2026-03-31,2026-03-31,,10.8,0.45,218,True
REQ-004618,2026-03-31,2026-03-31,2026-03-31,9.9,0.41,26,True
REQ-004619,2026-03-31,2026-04-01,,28.5,1.19,185,True
REQ-004620,2026-03-31,2026-04-01,2026-04-01,37.2,1.55,218,True
REQ-004621,2026-03-31,2026-03-31,,5.1,0.21,168,True
REQ-004622,2026-04-01,2026-04-03,,67.2,2.8,31,False
REQ-004623,2026-04-01,2026-04-02,,47.7,1.99,168,True
REQ-004624,2026-04-01,2026-04-01,2026-04-01,22.3,0.93,168,True
REQ-004625,2026-04-01,2026-04-03,,48.3,2.01,185,True
REQ-004626,2026-04-01,2026-04-03,2026-04-03,48.8,2.03,168,True
REQ-004627,2026-04-01,2026-04-01,2026-04-01,17.3,0.72,5,False
REQ-004628,2026-04-01,2026-04-02,,39.6,1.65,168,True
REQ-004630,2026-04-01,2026-04-02,2026-04-02,26.0,1.09,218,True
REQ-004631,2026-04-01,2026-04-02,2026-04-02,33.7,1.4,72,True
REQ-004632,2026-04-01,2026-04-02,2026-04-02,39.2,1.64,79,True
REQ-004633,2026-04-01,2026-04-02,2026-04-02,37.5,1.56,24,False
REQ-004634,2026-04-01,2026-04-02,2026-04-02,25.5,1.06,94,True
REQ-004635,2026-04-01,2026-04-01,,16.5,0.69,24,True
REQ-004636,2026-04-01,2026-04-02,2026-04-02,29.5,1.23,26,False
REQ-004637,2026-04-01,2026-04-01,2026-04-01,19.2,0.8,168,True
REQ-004638,2026-04-01,2026-04-02,,41.5,1.73,79,True
REQ-004639,2026-04-01,2026-04-01,2026-04-01,18.0,0.75,168,True
REQ-004640,2026-04-01,2026-04-02,2026-04-02,39.0,1.63,168,True
REQ-004641,2026-04-01,2026-04-01,2026-04-01,12.6,0.53,168,True
REQ-004642,2026-04-01,2026-04-01,2026-04-01,21.8,0.91,185,True
REQ-004643,2026-04-01,2026-04-03,2026-04-03,65.7,2.74,24,False
REQ-004644,2026-04-01,2026-04-02,2026-04-02,27.7,1.15,72,True
REQ-004646,2026-04-01,2026-04-02,2026-04-02,35.0,1.46,185,True
REQ-004647,2026-04-01,2026-04-02,,41.3,1.72,168,True
REQ-004648,2026-04-01,2026-04-01,2026-04-01,14.4,0.6,24,True
REQ-004649,2026-04-01,2026-04-08,2026-04-08,177.3,7.39,185,True
REQ-004650,2026-04-01,2026-04-01,2026-04-01,7.3,0.31,24,True
REQ-004651,2026-04-01,2026-04-02,2026-04-02,33.4,1.39,94,True
REQ-004652,2026-04-01,2026-04-03,,68.0,2.83,72,True
REQ-004653,2026-04-01,2026-04-01,2026-04-01,23.7,0.99,26,True
REQ-004654,2026-04-01,2026-04-04,2026-04-04,72.2,3.01,185,True
REQ-004655,2026-04-01,2026-04-01,2026-04-01,23.5,0.98,72,True
REQ-004656,2026-04-02,2026-04-02,2026-04-02,13.8,0.58,185,True
REQ-004657,2026-04-02,2026-04-06,2026-04-06,100.0,4.17,168,True
REQ-004658,2026-04-02,2026-04-02,,21.4,0.89,72,True
REQ-004659,2026-04-02,2026-04-04,,64.2,2.68,168,True
REQ-004660,2026-04-02,2026-04-03,,24.3,1.01,4,False
REQ-004661,2026-04-02,2026-04-02,2026-04-02,20.8,0.87,79,True
REQ-004662,2026-04-02,2026-04-03,2026-04-03,28.9,1.2,168,True
REQ-004663,2026-04-02,2026-04-02,2026-04-02,12.2,0.51,31,True
REQ-004664,2026-04-02,2026-04-02,2026-04-02,21.5,0.89,218,True
REQ-004666,2026-04-02,2026-04-04,2026-04-04,49.2,2.05,168,True
REQ-004667,2026-04-02,2026-04-02,2026-04-02,11.0,0.46,72,True
REQ-004668,2026-04-02,2026-04-02,2026-04-02,23.7,0.99,24,True
REQ-004669,2026-04-02,2026-04-04,2026-04-04,58.1,2.42,218,True
REQ-004670,2026-04-02,2026-04-02,2026-04-02,8.3,0.35,168,True
REQ-004671,2026-04-02,2026-04-02,2026-04-02,21.1,0.88,79,True
REQ-004672,2026-04-02,2026-04-03,,35.5,1.48,168,True
REQ-004673,2026-04-02,2026-04-02,2026-04-02,22.5,0.94,72,True
REQ-004675,2026-04-02,2026-04-02,2026-04-02,19.1,0.8,168,True
REQ-004676,2026-04-03,2026-04-03,,2.8,0.12,168,True
REQ-004677,2026-04-03,2026-04-03,,4.8,0.2,168,True
REQ-004678,2026-04-03,2026-04-04,2026-04-04,36.1,1.51,218,True
REQ-004679,2026-04-03,2026-04-03,,19.8,0.82,185,True
REQ-004680,2026-04-03,2026-04-04,,26.5,1.1,168,True
REQ-004681,2026-04-03,2026-04-03,2026-04-03,17.7,0.74,218,True
REQ-004682,2026-04-03,2026-04-04,2026-04-04,38.5,1.6,72,True
REQ-004683,2026-04-03,2026-04-04,2026-04-04,35.8,1.49,168,True
REQ-004684,2026-04-03,2026-04-03,2026-04-03,11.4,0.48,72,True
REQ-004685,2026-04-03,2026-04-03,2026-04-03,1.3,0.05,218,True
REQ-004686,2026-04-03,2026-04-05,2026-04-05,59.2,2.47,168,True
REQ-004687,2026-04-03,2026-04-04,2026-04-04,34.2,1.42,72,True
REQ-004688,2026-04-03,2026-04-03,,15.9,0.66,168,True
REQ-004689,2026-04-03,2026-04-04,2026-04-04,30.2,1.26,79,True
REQ-004690,2026-04-03,2026-04-03,2026-04-03,9.0,0.38,168,True
REQ-004691,2026-04-03,2026-04-04,2026-04-04,25.1,1.05,31,True
REQ-004692,2026-04-03,2026-04-03,2026-04-03,9.9,0.41,24,True
REQ-004693,2026-04-03,2026-04-05,,54.2,2.26,72,True
REQ-004694,2026-04-03,2026-04-07,,103.6,4.32,168,True
REQ-004695,2026-04-03,2026-04-03,,16.0,0.67,218,True
REQ-004696,2026-04-03,2026-04-03,,3.9,0.16,168,True
REQ-004697,2026-04-03,2026-04-04,2026-04-04,30.0,1.25,72,True
REQ-004698,2026-04-03,2026-04-04,2026-04-04,46.4,1.93,168,True
REQ-004699,2026-04-04,2026-04-07,2026-04-07,90.7,3.78,4,False
REQ-004700,2026-04-04,2026-04-05,,25.5,1.06,31,True
REQ-004701,2026-04-04,2026-04-04,2026-04-04,9.9,0.41,24,True
REQ-004702,2026-04-04,2026-04-04,2026-04-04,8.0,0.34,31,True
REQ-004703,2026-04-04,2026-04-05,2026-04-05,27.3,1.14,72,True
REQ-004704,2026-04-04,2026-04-04,2026-04-04,18.5,0.77,24,True
REQ-004705,2026-04-04,2026-04-05,,37.2,1.55,94,True
REQ-004706,2026-04-04,2026-04-04,,9.5,0.4,218,True
REQ-004707,2026-04-04,2026-04-04,,5.4,0.22,4,False
REQ-004708,2026-04-04,2026-04-06,,64.8,2.7,168,True
REQ-004709,2026-04-04,2026-04-04,2026-04-04,18.9,0.79,79,True
REQ-004710,2026-04-04,2026-04-05,,39.9,1.66,168,True
REQ-004711,2026-04-05,2026-04-05,2026-04-05,23.0,0.96,24,True
REQ-004712,2026-04-05,2026-04-06,2026-04-06,35.2,1.47,218,True
REQ-004713,2026-04-05,2026-04-05,2026-04-05,17.7,0.74,26,True
REQ-004714,2026-04-05,2026-04-05,2026-04-05,6.9,0.29,4,False
REQ-004715,2026-04-05,2026-04-05,2026-04-05,6.9,0.29,72,True
REQ-004716,2026-04-05,2026-04-05,2026-04-05,1.3,0.05,5,True
REQ-004719,2026-04-06,2026-04-07,2026-04-07,36.5,1.52,168,True
REQ-004721,2026-04-06,2026-04-06,2026-04-06,22.3,0.93,24,True
REQ-004722,2026-04-06,2026-04-06,,9.8,0.41,168,True
REQ-004723,2026-04-06,2026-04-06,2026-04-06,21.9,0.91,26,True
REQ-004725,2026-04-06,2026-04-06,2026-04-06,16.9,0.7,185,True
REQ-004726,2026-04-06,2026-04-06,,5.5,0.23,24,True
REQ-004727,2026-04-06,2026-04-07,,27.4,1.14,185,True
REQ-004728,2026-04-06,2026-04-07,,41.1,1.71,31,False
REQ-004729,2026-04-06,2026-04-06,,1.2,0.05,72,True
REQ-004730,2026-04-06,2026-04-11,2026-04-11,136.3,5.68,185,True
REQ-004731,2026-04-06,2026-04-06,2026-04-06,18.9,0.79,26,True
REQ-004733,2026-04-06,2026-04-06,,6.8,0.28,168,True
REQ-004734,2026-04-06,2026-04-07,2026-04-07,25.5,1.06,31,True
REQ-004735,2026-04-06,2026-04-07,2026-04-07,31.8,1.33,94,True
REQ-004736,2026-04-06,2026-04-06,,19.9,0.83,79,True
REQ-004737,2026-04-06,2026-04-07,,34.2,1.42,168,True
REQ-004738,2026-04-06,2026-04-06,2026-04-06,20.7,0.86,31,True
REQ-004739,2026-04-06,2026-04-06,,8.2,0.34,26,True
REQ-004740,2026-04-06,2026-04-07,2026-04-07,30.8,1.28,79,True
REQ-004741,2026-04-06,2026-04-06,,10.3,0.43,168,True
REQ-004742,2026-04-06,2026-04-06,,7.5,0.31,24,True
REQ-004744,2026-04-06,2026-04-06,2026-04-06,17.3,0.72,26,True
REQ-004745,2026-04-06,2026-04-07,2026-04-07,26.5,1.1,218,True
REQ-004746,2026-04-06,2026-04-07,,27.6,1.15,168,True
REQ-004747,2026-04-06,2026-04-06,2026-04-06,18.4,0.76,72,True
REQ-004748,2026-04-07,2026-04-10,,90.4,3.77,94,True
REQ-004749,2026-04-07,2026-04-09,2026-04-09,66.1,2.75,185,True
REQ-004750,2026-04-07,2026-04-09,,64.9,2.7,168,True
REQ-004751,2026-04-07,2026-04-07,2026-04-07,8.7,0.36,24,True
REQ-004752,2026-04-07,2026-04-07,,2.7,0.11,168,True
REQ-004753,2026-04-07,2026-04-07,,1.6,0.07,185,True
REQ-004754,2026-04-07,2026-04-09,2026-04-09,61.1,2.54,168,True
REQ-004755,2026-04-07,2026-04-08,2026-04-08,45.0,1.88,72,True
REQ-004756,2026-04-07,2026-04-09,,52.7,2.2,168,True
REQ-004757,2026-04-07,2026-04-07,,22.6,0.94,185,True
REQ-004758,2026-04-07,2026-04-08,2026-04-08,38.4,1.6,94,True
REQ-004759,2026-04-07,2026-04-09,,70.4,2.93,168,True
REQ-004760,2026-04-07,2026-04-11,2026-04-11,98.1,4.09,72,False
REQ-004761,2026-04-07,2026-04-07,,8.3,0.34,31,True
REQ-004762,2026-04-07,2026-04-08,2026-04-08,35.1,1.46,4,False
REQ-004763,2026-04-07,2026-04-08,2026-04-08,27.1,1.13,31,True
REQ-004764,2026-04-07,2026-04-07,2026-04-07,3.1,0.13,168,True
REQ-004765,2026-04-07,2026-04-09,2026-04-09,53.0,2.21,94,True
REQ-004766,2026-04-07,2026-04-07,2026-04-07,15.2,0.63,168,True
REQ-004767,2026-04-07,2026-04-08,,40.8,1.7,168,True
REQ-004768,2026-04-07,2026-04-08,2026-04-08,28.3,1.18,94,True
REQ-004769,2026-04-08,2026-04-08,2026-04-08,12.0,0.5,24,True
REQ-004770,2026-04-08,2026-04-09,,29.3,1.22,168,True
REQ-004771,2026-04-08,2026-04-09,2026-04-09,25.6,1.07,24,False
REQ-004772,2026-04-08,2026-04-09,2026-04-09,43.8,1.83,218,True
REQ-004773,2026-04-08,2026-04-09,2026-04-09,27.7,1.15,185,True
REQ-004774,2026-04-08,2026-04-13,,139.6,5.82,185,True
REQ-004775,2026-04-08,2026-04-08,2026-04-08,18.6,0.77,4,False
REQ-004776,2026-04-08,2026-04-08,2026-04-08,16.1,0.67,185,True
REQ-004777,2026-04-08,2026-04-09,,25.7,1.07,168,True
REQ-004778,2026-04-08,2026-04-09,2026-04-09,24.4,1.02,4,False
REQ-004780,2026-04-08,2026-04-09,2026-04-09,31.8,1.33,218,True
REQ-004781,2026-04-08,2026-04-10,2026-04-10,51.1,2.13,168,True
REQ-004782,2026-04-08,2026-04-09,2026-04-09,37.8,1.57,218,True
REQ-004784,2026-04-08,2026-04-08,2026-04-08,19.4,0.81,24,True
REQ-004785,2026-04-09,2026-04-09,2026-04-09,12.7,0.53,24,True
REQ-004786,2026-04-09,2026-04-09,2026-04-09,16.6,0.69,94,True
REQ-004787,2026-04-09,2026-04-09,2026-04-09,20.6,0.86,79,True
REQ-004788,2026-04-09,2026-04-10,,39.4,1.64,185,True
REQ-004789,2026-04-09,2026-04-09,2026-04-09,15.9,0.66,5,False
REQ-004790,2026-04-09,2026-04-10,,29.0,1.21,94,True
REQ-004791,2026-04-09,2026-04-09,,16.2,0.68,31,True
REQ-004792,2026-04-09,2026-04-09,2026-04-09,14.9,0.62,168,True
REQ-004793,2026-04-09,2026-04-09,2026-04-09,13.0,0.54,168,True
REQ-004794,2026-04-09,2026-04-09,,18.1,0.75,79,True
REQ-004795,2026-04-09,2026-04-10,,43.1,1.79,72,True
REQ-004796,2026-04-09,2026-04-09,2026-04-09,14.9,0.62,72,True
REQ-004797,2026-04-09,2026-04-09,2026-04-09,20.0,0.83,24,True
REQ-004798,2026-04-09,2026-04-11,,67.3,2.81,168,True
REQ-004799,2026-04-09,2026-04-11,2026-04-11,54.9,2.29,72,True
REQ-004800,2026-04-09,2026-04-10,2026-04-10,25.2,1.05,218,True
REQ-004801,2026-04-09,2026-04-10,,25.2,1.05,218,True
REQ-004802,2026-04-10,2026-04-15,,123.2,5.13,79,False
REQ-004804,2026-04-10,2026-04-10,,7.5,0.31,168,True
REQ-004805,2026-04-10,2026-04-11,2026-04-11,33.8,1.41,31,False
REQ-004807,2026-04-10,2026-04-10,,19.3,0.8,168,True
REQ-004808,2026-04-10,2026-04-12,2026-04-12,48.9,2.04,185,True
REQ-004809,2026-04-10,2026-04-10,,19.5,0.81,168,True
REQ-004810,2026-04-10,2026-04-10,2026-04-10,23.7,0.99,168,True
REQ-004811,2026-04-10,2026-04-11,,31.6,1.32,168,True
REQ-004812,2026-04-10,2026-04-13,2026-04-13,76.4,3.18,185,True
REQ-004813,2026-04-10,2026-04-11,,39.8,1.66,218,True
REQ-004814,2026-04-10,2026-04-11,,24.5,1.02,168,True
REQ-004815,2026-04-10,2026-04-12,2026-04-12,58.9,2.45,218,True
REQ-004816,2026-04-10,2026-04-12,2026-04-12,52.7,2.19,31,False
REQ-004817,2026-04-10,2026-04-11,2026-04-11,47.3,1.97,31,False
REQ-004818,2026-04-10,2026-04-11,2026-04-11,41.3,1.72,218,True
REQ-004819,2026-04-10,2026-04-12,,71.7,2.99,168,True
REQ-004820,2026-04-10,2026-04-11,,34.3,1.43,79,True
REQ-004821,2026-04-10,2026-04-10,2026-04-10,14.3,0.59,24,True
REQ-004822,2026-04-10,2026-04-11,2026-04-11,25.9,1.08,72,True
REQ-004823,2026-04-10,2026-04-10,,10.3,0.43,185,True
REQ-004824,2026-04-10,2026-04-11,2026-04-11,47.8,1.99,168,True
REQ-004825,2026-04-11,2026-04-11,2026-04-11,22.1,0.92,24,True
REQ-004826,2026-04-11,2026-04-11,2026-04-11,3.3,0.14,72,True
REQ-004827,2026-04-11,2026-04-12,,38.3,1.59,168,True
REQ-004828,2026-04-11,2026-04-11,,14.9,0.62,168,True
REQ-004829,2026-04-11,2026-04-11,2026-04-11,15.7,0.65,26,True
REQ-004830,2026-04-11,2026-04-12,,33.9,1.41,185,True
REQ-004831,2026-04-11,2026-04-12,2026-04-12,31.7,1.32,94,True
REQ-004833,2026-04-11,2026-04-14,,87.9,3.66,218,True
REQ-004836,2026-04-12,2026-04-12,2026-04-12,3.3,0.14,24,True
REQ-004837,2026-04-12,2026-04-16,,96.7,4.03,185,True
REQ-004838,2026-04-12,2026-04-12,2026-04-12,12.6,0.52,26,True
REQ-004839,2026-04-12,2026-04-12,,7.2,0.3,24,True
REQ-004840,2026-04-12,2026-04-12,2026-04-12,4.4,0.19,24,True
REQ-004842,2026-04-12,2026-04-12,2026-04-12,15.4,0.64,218,True
REQ-004843,2026-04-12,2026-04-14,2026-04-14,54.7,2.28,218,True
REQ-004844,2026-04-12,2026-04-13,,40.2,1.67,218,True
REQ-004845,2026-04-12,2026-04-13,2026-04-13,37.9,1.58,94,True
REQ-004846,2026-04-12,2026-04-13,2026-04-13,31.0,1.29,185,True
REQ-004847,2026-04-12,2026-04-12,2026-04-12,12.7,0.53,218,True
REQ-004849,2026-04-12,2026-04-13,2026-04-13,37.7,1.57,168,True
REQ-004850,2026-04-12,2026-04-12,2026-04-12,8.9,0.37,168,True
REQ-004851,2026-04-12,2026-04-16,2026-04-16,114.2,4.76,185,True
REQ-004852,2026-04-12,2026-04-14,,67.6,2.82,72,True
REQ-004853,2026-04-13,2026-04-14,2026-04-14,31.7,1.32,168,True
REQ-004854,2026-04-13,2026-04-14,2026-04-14,28.1,1.17,31,True
REQ-004855,2026-04-13,2026-04-13,,15.1,0.63,185,True
REQ-004856,2026-04-13,2026-04-13,,15.7,0.65,168,True
REQ-004857,2026-04-13,2026-04-14,2026-04-14,28.2,1.17,31,True
REQ-004858,2026-04-13,2026-04-14,2026-04-14,31.8,1.33,168,True
REQ-004859,2026-04-13,2026-04-14,,28.0,1.17,72,True
REQ-004860,2026-04-13,2026-04-13,,14.0,0.58,168,True
REQ-004861,2026-04-13,2026-04-15,2026-04-15,48.1,2.01,168,True
REQ-004862,2026-04-13,2026-04-14,2026-04-14,29.2,1.22,26,False
REQ-004863,2026-04-13,2026-04-13,2026-04-13,17.8,0.74,185,True
REQ-004864,2026-04-13,2026-04-13,2026-04-13,11.9,0.5,168,True
REQ-004865,2026-04-13,2026-04-13,2026-04-13,16.4,0.68,185,True
REQ-004866,2026-04-13,2026-04-13,,17.1,0.71,94,True
REQ-004867,2026-04-13,2026-04-13,2026-04-13,7.0,0.29,72,True
REQ-004868,2026-04-13,2026-04-14,2026-04-14,27.7,1.16,31,True
REQ-004869,2026-04-13,2026-04-14,2026-04-14,40.5,1.69,185,True
REQ-004870,2026-04-13,2026-04-13,2026-04-13,5.7,0.24,4,False
REQ-004871,2026-04-13,2026-04-14,,38.5,1.6,168,True
REQ-004872,2026-04-13,2026-04-13,,23.7,0.99,79,True
REQ-004873,2026-04-13,2026-04-13,2026-04-13,23.9,1.0,72,True
REQ-004874,2026-04-13,2026-04-13,2026-04-13,9.1,0.38,218,True
REQ-004875,2026-04-13,2026-04-13,2026-04-13,19.7,0.82,31,True
REQ-004876,2026-04-13,2026-04-14,,30.2,1.26,185,True
REQ-004877,2026-04-13,2026-04-13,,4.7,0.2,24,True
REQ-004878,2026-04-13,2026-04-14,,31.8,1.33,168,True
REQ-004879,2026-04-13,2026-04-13,2026-04-13,10.1,0.42,24,True
REQ-004881,2026-04-13,2026-04-13,,8.5,0.36,26,True
REQ-004882,2026-04-13,2026-04-13,2026-04-13,13.1,0.55,94,True
REQ-004883,2026-04-14,2026-04-15,2026-04-15,41.0,1.71,168,True
REQ-004884,2026-04-14,2026-04-16,2026-04-16,49.6,2.07,72,True
REQ-004885,2026-04-14,2026-04-14,2026-04-14,23.7,0.99,26,True
REQ-004886,2026-04-14,2026-04-15,2026-04-15,39.0,1.62,185,True
REQ-004887,2026-04-14,2026-04-14,2026-04-14,17.4,0.73,168,True
REQ-004888,2026-04-14,2026-04-15,2026-04-15,25.0,1.04,168,True
REQ-004889,2026-04-14,2026-04-17,,80.0,3.33,79,False
REQ-004890,2026-04-14,2026-04-15,2026-04-15,31.8,1.33,79,True
REQ-004892,2026-04-14,2026-04-15,2026-04-15,36.0,1.5,185,True
REQ-004895,2026-04-14,2026-04-16,,48.1,2.0,31,False
REQ-004896,2026-04-14,2026-04-14,2026-04-14,18.0,0.75,168,True
REQ-004897,2026-04-14,2026-04-14,2026-04-14,14.8,0.62,72,True
REQ-004898,2026-04-14,2026-04-14,,15.6,0.65,31,True
REQ-004899,2026-04-14,2026-04-15,,32.8,1.37,168,True
REQ-004900,2026-04-14,2026-04-14,2026-04-14,17.7,0.74,72,True
REQ-004901,2026-04-14,2026-04-14,2026-04-14,12.2,0.51,72,True
REQ-004902,2026-04-14,2026-04-14,2026-04-14,10.8,0.45,31,True
REQ-004904,2026-04-14,2026-04-14,2026-04-14,17.5,0.73,79,True
REQ-004905,2026-04-14,2026-04-14,,6.9,0.29,94,True
REQ-004906,2026-04-15,2026-04-15,,3.3,0.14,218,True
REQ-004907,2026-04-15,2026-04-16,2026-04-16,35.5,1.48,79,True
REQ-004908,2026-04-15,2026-04-16,2026-04-16,39.0,1.63,94,True
REQ-004909,2026-04-15,2026-04-15,,10.2,0.42,168,True
REQ-004910,2026-04-15,2026-04-15,,20.0,0.83,79,True
REQ-004911,2026-04-15,2026-04-15,2026-04-15,13.0,0.54,72,True
REQ-004912,2026-04-15,2026-04-15,2026-04-15,12.2,0.51,218,True
REQ-004913,2026-04-15,2026-04-15,,1.2,0.05,72,True
REQ-004914,2026-04-15,2026-04-15,2026-04-15,10.1,0.42,31,True
REQ-004915,2026-04-15,2026-04-15,,23.3,0.97,31,True
REQ-004916,2026-04-15,2026-04-18,,79.8,3.32,218,True
REQ-004917,2026-04-15,2026-04-16,2026-04-16,36.0,1.5,72,True
REQ-004918,2026-04-15,2026-04-15,2026-04-15,4.5,0.19,24,True
REQ-004919,2026-04-15,2026-04-16,2026-04-16,25.9,1.08,168,True
REQ-004920,2026-04-15,2026-04-16,2026-04-16,39.9,1.66,94,True
REQ-004921,2026-04-15,2026-04-17,,60.6,2.52,79,True
REQ-004922,2026-04-15,2026-04-21,2026-04-21,153.9,6.41,218,True
REQ-004923,2026-04-15,2026-04-16,2026-04-16,47.7,1.99,94,True
REQ-004924,2026-04-15,2026-04-15,2026-04-15,8.5,0.36,72,True
REQ-004925,2026-04-15,2026-04-17,,52.8,2.2,218,True
REQ-004926,2026-04-15,2026-04-16,2026-04-16,25.6,1.07,24,False
REQ-004927,2026-04-15,2026-04-17,2026-04-17,61.1,2.55,94,True
REQ-004928,2026-04-15,2026-04-16,2026-04-16,40.0,1.67,168,True
REQ-004929,2026-04-15,2026-04-15,2026-04-15,3.2,0.13,168,True
REQ-004931,2026-04-15,2026-04-15,2026-04-15,20.6,0.86,218,True
REQ-004932,2026-04-15,2026-04-15,,7.6,0.32,24,True
REQ-004933,2026-04-15,2026-04-18,,77.4,3.22,218,True
REQ-004934,2026-04-15,2026-04-15,2026-04-15,10.7,0.44,185,True
REQ-004935,2026-04-16,2026-04-17,,47.9,2.0,72,True
REQ-004936,2026-04-16,2026-04-17,,26.6,1.11,72,True
REQ-004937,2026-04-16,2026-04-16,2026-04-16,14.0,0.58,5,False
REQ-004938,2026-04-16,2026-04-17,2026-04-17,40.4,1.68,31,False
REQ-004939,2026-04-16,2026-04-16,,22.4,0.93,168,True
REQ-004940,2026-04-16,2026-04-18,,65.1,2.71,168,True
REQ-004941,2026-04-16,2026-04-16,,18.2,0.76,218,True
REQ-004942,2026-04-16,2026-04-16,,13.5,0.56,185,True
REQ-004943,2026-04-16,2026-04-17,,28.9,1.2,168,True
REQ-004944,2026-04-16,2026-04-16,2026-04-16,15.9,0.66,24,True
REQ-004945,2026-04-16,2026-04-17,,27.4,1.14,72,True
REQ-004946,2026-04-16,2026-04-16,2026-04-16,10.7,0.45,168,True
REQ-004947,2026-04-16,2026-04-16,2026-04-16,22.6,0.94,72,True
REQ-004948,2026-04-16,2026-04-16,2026-04-16,18.8,0.78,24,True
REQ-004949,2026-04-16,2026-04-16,2026-04-16,14.8,0.62,72,True
REQ-004950,2026-04-16,2026-04-17,2026-04-17,30.3,1.26,79,True
REQ-004951,2026-04-16,2026-04-21,,136.5,5.69,168,True
REQ-004952,2026-04-16,2026-04-16,2026-04-16,22.1,0.92,72,True
REQ-004953,2026-04-17,2026-04-17,2026-04-17,3.1,0.13,79,True
REQ-004954,2026-04-17,2026-04-18,2026-04-18,46.7,1.95,168,True
REQ-004955,2026-04-17,2026-04-18,,43.7,1.82,168,True
REQ-004956,2026-04-17,2026-04-17,,24.0,1.0,24,True
REQ-004957,2026-04-17,2026-04-17,,20.4,0.85,168,True
REQ-004958,2026-04-17,2026-04-20,2026-04-20,85.2,3.55,24,False
REQ-004959,2026-04-17,2026-04-18,2026-04-18,45.4,1.89,79,True
REQ-004960,2026-04-17,2026-04-17,,6.0,0.25,72,True
REQ-004961,2026-04-17,2026-04-17,2026-04-17,22.2,0.93,72,True
REQ-004962,2026-04-17,2026-04-18,2026-04-18,33.1,1.38,168,True
REQ-004963,2026-04-17,2026-04-17,2026-04-17,13.6,0.57,79,True
REQ-004964,2026-04-17,2026-04-17,2026-04-17,13.1,0.55,31,True
REQ-004966,2026-04-17,2026-04-17,,19.3,0.81,72,True
REQ-004967,2026-04-17,2026-04-17,2026-04-17,19.6,0.82,94,True
REQ-004968,2026-04-17,2026-04-18,2026-04-18,45.2,1.88,168,True
REQ-004969,2026-04-17,2026-04-17,,21.0,0.88,185,True
REQ-004970,2026-04-17,2026-04-17,2026-04-17,12.0,0.5,31,True
REQ-004971,2026-04-17,2026-04-17,2026-04-17,17.5,0.73,218,True
REQ-004972,2026-04-17,2026-04-17,,8.0,0.33,79,True
REQ-004973,2026-04-17,2026-04-18,,36.8,1.53,218,True
REQ-004974,2026-04-18,2026-04-18,2026-04-18,11.6,0.48,72,True
REQ-004975,2026-04-18,2026-04-20,2026-04-20,61.5,2.56,218,True
REQ-004976,2026-04-18,2026-04-20,,62.3,2.6,185,True
REQ-004977,2026-04-18,2026-04-18,,13.8,0.57,24,True
REQ-004978,2026-04-18,2026-04-18,2026-04-18,9.4,0.39,168,True
REQ-004979,2026-04-19,2026-04-19,2026-04-19,8.2,0.34,26,True
REQ-004980,2026-04-19,2026-04-20,,38.1,1.59,168,True
REQ-004981,2026-04-19,2026-04-19,2026-04-19,20.2,0.84,24,True
REQ-004982,2026-04-19,2026-04-19,2026-04-19,21.8,0.91,79,True
REQ-004983,2026-04-19,2026-04-20,2026-04-20,30.0,1.25,168,True
REQ-004984,2026-04-19,2026-04-20,2026-04-20,25.6,1.07,5,False
REQ-004985,2026-04-20,2026-04-20,2026-04-20,16.7,0.69,94,True
REQ-004986,2026-04-20,2026-04-23,,75.4,3.14,168,True
REQ-004987,2026-04-20,2026-04-21,,38.2,1.59,72,True
REQ-004988,2026-04-20,2026-04-20,2026-04-20,15.4,0.64,31,True
REQ-004989,2026-04-20,2026-04-22,2026-04-22,53.9,2.25,218,True
REQ-004990,2026-04-20,2026-04-20,,6.7,0.28,72,True
REQ-004991,2026-04-20,2026-04-20,,12.8,0.53,218,True
REQ-004992,2026-04-20,2026-04-20,2026-04-20,17.8,0.74,24,True
REQ-004993,2026-04-20,2026-04-21,2026-04-21,44.3,1.85,94,True
REQ-004994,2026-04-20,2026-04-21,,29.7,1.24,72,True
REQ-004995,2026-04-20,2026-04-21,2026-04-21,26.2,1.09,72,True
REQ-004996,2026-04-20,2026-04-20,2026-04-20,13.5,0.56,31,True
REQ-004997,2026-04-20,2026-04-20,2026-04-20,23.7,0.99,218,True
REQ-004998,2026-04-20,2026-04-22,,63.7,2.65,72,True
REQ-004999,2026-04-20,2026-04-21,2026-04-21,32.7,1.36,218,True
REQ-005000,2026-04-20,2026-04-21,2026-04-21,28.0,1.17,5,False
REQ-005001,2026-04-20,2026-04-25,2026-04-25,124.4,5.18,94,False
REQ-005002,2026-04-20,2026-04-21,2026-04-21,41.8,1.74,72,True
REQ-005003,2026-04-20,2026-04-20,,11.4,0.48,72,True
REQ-005004,2026-04-20,2026-04-21,,26.7,1.11,168,True
REQ-005005,2026-04-20,2026-04-20,2026-04-20,8.3,0.35,72,True
REQ-005006,2026-04-20,2026-04-20,2026-04-20,10.2,0.43,24,True
REQ-005007,2026-04-21,2026-04-23,,50.1,2.09,185,True
REQ-005008,2026-04-21,2026-04-22,2026-04-22,40.5,1.69,168,True
REQ-005009,2026-04-21,2026-04-21,,9.4,0.39,218,True
REQ-005010,2026-04-21,2026-04-21,2026-04-21,2.8,0.12,24,True
REQ-005011,2026-04-21,2026-04-22,2026-04-22,33.1,1.38,218,True
REQ-005012,2026-04-21,2026-04-23,,63.7,2.65,218,True
REQ-005013,2026-04-21,2026-04-21,2026-04-21,9.9,0.41,94,True
REQ-005014,2026-04-21,2026-04-22,2026-04-22,25.3,1.05,94,True
REQ-005015,2026-04-21,2026-04-22,,36.0,1.5,94,True
REQ-005016,2026-04-21,2026-04-22,2026-04-22,45.4,1.89,168,True
REQ-005017,2026-04-21,2026-04-22,2026-04-22,34.4,1.43,168,True
REQ-005018,2026-04-21,2026-04-21,2026-04-21,18.3,0.76,185,True
REQ-005019,2026-04-21,2026-04-23,2026-04-23,50.9,2.12,168,True
REQ-005020,2026-04-21,2026-04-21,2026-04-21,14.4,0.6,185,True
REQ-005021,2026-04-21,2026-04-22,2026-04-22,27.5,1.15,72,True
REQ-005022,2026-04-21,2026-04-22,,25.8,1.08,79,True
REQ-005023,2026-04-22,2026-04-22,2026-04-22,8.8,0.37,4,False
REQ-005024,2026-04-22,2026-04-23,,31.1,1.3,218,True
REQ-005025,2026-04-22,2026-04-23,,24.6,1.02,94,True
REQ-005026,2026-04-22,2026-04-23,2026-04-23,29.2,1.22,94,True
REQ-005027,2026-04-22,2026-04-26,,109.0,4.54,168,True
REQ-005029,2026-04-22,2026-04-24,2026-04-24,61.7,2.57,72,True
REQ-005030,2026-04-22,2026-04-23,,48.0,2.0,72,True
REQ-005031,2026-04-22,2026-04-26,2026-04-26,107.6,4.48,218,True
REQ-005032,2026-04-22,2026-04-22,2026-04-22,17.9,0.75,24,True
REQ-005033,2026-04-22,2026-04-22,2026-04-22,16.3,0.68,26,True
REQ-005034,2026-04-22,2026-04-22,2026-04-22,21.5,0.89,94,True
REQ-005035,2026-04-22,2026-04-23,,46.4,1.93,218,True
REQ-005036,2026-04-22,2026-04-22,2026-04-22,16.3,0.68,79,True
REQ-005037,2026-04-22,2026-04-23,2026-04-23,38.3,1.6,72,True
REQ-005038,2026-04-22,2026-04-22,,18.0,0.75,218,True
REQ-005039,2026-04-22,2026-04-24,,51.9,2.16,72,True
REQ-005041,2026-04-22,2026-04-22,2026-04-22,18.9,0.79,168,True
REQ-005042,2026-04-22,2026-04-23,2026-04-23,46.2,1.92,72,True
REQ-005043,2026-04-22,2026-04-22,,5.1,0.21,168,True
REQ-005044,2026-04-22,2026-04-22,2026-04-22,11.5,0.48,168,True
REQ-005045,2026-04-23,2026-04-23,2026-04-23,15.3,0.64,168,True
REQ-005046,2026-04-23,2026-04-24,2026-04-24,26.9,1.12,94,True
REQ-005047,2026-04-23,2026-04-24,,41.3,1.72,94,True
REQ-005048,2026-04-23,2026-04-23,2026-04-23,14.1,0.59,4,False
REQ-005049,2026-04-23,2026-04-24,2026-04-24,27.5,1.15,79,True
REQ-005050,2026-04-23,2026-04-23,2026-04-23,8.2,0.34,26,True
REQ-005051,2026-04-23,2026-04-23,,10.5,0.44,185,True
REQ-005052,2026-04-23,2026-04-23,,5.6,0.23,94,True
REQ-005053,2026-04-23,2026-04-24,,31.2,1.3,168,True
REQ-005054,2026-04-23,2026-04-24,,40.5,1.69,185,True
REQ-005055,2026-04-23,2026-04-25,2026-04-25,53.8,2.24,168,True
REQ-005056,2026-04-23,2026-04-24,2026-04-24,37.5,1.56,72,True
REQ-005057,2026-04-23,2026-04-23,2026-04-23,21.2,0.88,218,True
REQ-005058,2026-04-23,2026-04-23,2026-04-23,16.4,0.68,218,True
REQ-005059,2026-04-23,2026-04-23,2026-04-23,18.6,0.77,24,True
REQ-005060,2026-04-23,2026-04-23,,3.1,0.13,168,True
REQ-005061,2026-04-23,2026-04-24,2026-04-24,32.2,1.34,168,True
REQ-005062,2026-04-23,2026-04-23,2026-04-23,14.1,0.59,168,True
REQ-005063,2026-04-23,2026-04-24,2026-04-24,27.8,1.16,218,True
REQ-005064,2026-04-23,2026-04-26,2026-04-26,79.9,3.33,218,True
REQ-005066,2026-04-24,2026-04-24,2026-04-24,5.4,0.23,31,True
REQ-005067,2026-04-24,2026-04-24,,7.7,0.32,4,False
REQ-005068,2026-04-24,2026-04-24,2026-04-24,23.7,0.99,168,True
REQ-005069,2026-04-24,2026-04-24,,12.3,0.51,168,True
REQ-005070,2026-04-24,2026-04-25,2026-04-25,32.1,1.34,168,True
REQ-005071,2026-04-24,2026-04-24,2026-04-24,18.7,0.78,168,True
REQ-005072,2026-04-24,2026-04-27,2026-04-27,93.4,3.89,185,True
REQ-005073,2026-04-24,2026-04-24,2026-04-24,15.3,0.64,24,True
REQ-005074,2026-04-24,2026-04-24,2026-04-24,21.3,0.89,168,True
REQ-005075,2026-04-24,2026-04-26,2026-04-26,58.8,2.45,168,True
REQ-005076,2026-04-24,2026-04-24,,2.6,0.11,168,True
REQ-005077,2026-04-24,2026-04-24,,9.8,0.41,94,True
REQ-005079,2026-04-25,2026-04-25,,18.4,0.77,4,False
REQ-005080,2026-04-25,2026-04-25,2026-04-25,15.9,0.66,185,True
REQ-005081,2026-04-25,2026-04-26,2026-04-26,29.6,1.24,168,True
REQ-005082,2026-04-25,2026-04-27,,49.2,2.05,72,True
REQ-005083,2026-04-25,2026-04-25,2026-04-25,17.9,0.75,26,True
REQ-005084,2026-04-25,2026-04-25,2026-04-25,14.7,0.61,168,True
REQ-005085,2026-04-25,2026-04-26,,30.0,1.25,94,True
REQ-005086,2026-04-25,2026-04-25,,17.0,0.71,218,True
REQ-005087,2026-04-25,2026-04-25,2026-04-25,13.2,0.55,79,True
REQ-005089,2026-04-25,2026-04-26,,36.6,1.52,79,True
REQ-005090,2026-04-25,2026-04-26,,43.4,1.81,218,True
REQ-005091,2026-04-25,2026-04-25,2026-04-25,14.3,0.6,218,True
REQ-005092,2026-04-26,2026-04-28,2026-04-28,57.5,2.4,185,True
REQ-005093,2026-04-26,2026-04-27,2026-04-27,35.0,1.46,218,True
REQ-005094,2026-04-26,2026-04-28,2026-04-28,58.0,2.42,168,True
REQ-005096,2026-04-26,2026-04-26,2026-04-26,8.0,0.33,72,True
REQ-005098,2026-04-26,2026-04-26,,4.0,0.17,94,True
REQ-005099,2026-04-26,2026-04-29,2026-04-29,82.8,3.45,79,False
REQ-005100,2026-04-26,2026-04-28,2026-04-28,57.2,2.38,79,True
REQ-005101,2026-04-26,2026-04-28,2026-04-28,58.8,2.45,218,True
REQ-005103,2026-04-26,2026-04-28,2026-04-28,57.0,2.37,168,True
REQ-005104,2026-04-26,2026-04-26,2026-04-26,13.0,0.54,218,True
REQ-005105,2026-04-26,2026-04-27,,45.8,1.91,185,True
REQ-005106,2026-04-27,2026-04-27,,7.8,0.33,24,True
REQ-005107,2026-04-27,2026-04-27,,10.0,0.42,79,True
REQ-005108,2026-04-27,2026-04-29,,53.4,2.22,185,True
REQ-005109,2026-04-27,2026-05-02,,125.0,5.21,168,True
REQ-005110,2026-04-27,2026-04-27,2026-04-27,6.5,0.27,31,True
REQ-005111,2026-04-27,2026-04-28,2026-04-28,25.9,1.08,185,True
REQ-005112,2026-04-27,2026-04-28,,26.3,1.09,168,True
REQ-005113,2026-04-27,2026-04-27,2026-04-27,11.7,0.49,168,True
REQ-005114,2026-04-27,2026-04-27,2026-04-27,14.5,0.6,4,False
REQ-005115,2026-04-27,2026-04-27,2026-04-27,4.5,0.19,218,True
REQ-005117,2026-04-27,2026-04-28,,24.5,1.02,218,True
REQ-005118,2026-04-27,2026-04-27,,10.5,0.44,168,True
REQ-005119,2026-04-27,2026-04-29,2026-04-29,52.2,2.18,218,True
REQ-005120,2026-04-27,2026-04-30,,73.0,3.04,218,True
REQ-005121,2026-04-27,2026-04-29,2026-04-29,62.2,2.59,79,True
REQ-005122,2026-04-27,2026-04-28,,47.9,2.0,168,True
REQ-005123,2026-04-27,2026-04-27,,9.1,0.38,72,True
REQ-005124,2026-04-27,2026-04-27,2026-04-27,18.2,0.76,24,True
REQ-005125,2026-04-27,2026-04-27,,13.3,0.55,72,True
REQ-005126,2026-04-27,2026-04-28,2026-04-28,28.8,1.2,72,True
REQ-005127,2026-04-27,2026-04-28,2026-04-28,45.2,1.89,72,True
REQ-005128,2026-04-28,2026-04-29,2026-04-29,43.9,1.83,31,False
REQ-005129,2026-04-28,2026-05-01,,74.2,3.09,218,True
REQ-005130,2026-04-28,2026-04-29,2026-04-29,41.1,1.71,168,True
REQ-005131,2026-04-28,2026-04-28,2026-04-28,18.4,0.77,168,True
REQ-005132,2026-04-28,2026-04-28,2026-04-28,15.1,0.63,24,True
REQ-005133,2026-04-28,2026-04-28,,14.3,0.6,31,True
REQ-005134,2026-04-28,2026-04-28,2026-04-28,15.7,0.65,24,True
REQ-005135,2026-04-28,2026-04-29,2026-04-29,31.6,1.32,26,False
REQ-005136,2026-04-28,2026-04-28,2026-04-28,7.4,0.31,72,True
REQ-005138,2026-04-28,2026-05-01,,74.4,3.1,79,True
REQ-005139,2026-04-28,2026-04-28,2026-04-28,12.7,0.53,31,True
REQ-005140,2026-04-28,2026-04-30,2026-04-30,68.6,2.86,94,True
REQ-005141,2026-04-28,2026-05-01,,75.0,3.13,79,True
REQ-005142,2026-04-28,2026-04-28,,18.6,0.78,185,True
REQ-005143,2026-04-28,2026-04-28,2026-04-28,4.3,0.18,31,True
REQ-005144,2026-04-28,2026-04-29,2026-04-29,39.7,1.65,168,True
REQ-005145,2026-04-28,2026-04-28,2026-04-28,18.1,0.76,168,True
REQ-005146,2026-04-28,2026-04-28,2026-04-28,11.0,0.46,24,True
REQ-005147,2026-04-28,2026-04-28,2026-04-28,21.4,0.89,72,True
REQ-005149,2026-04-29,2026-05-01,2026-05-01,50.3,2.09,185,True
REQ-005150,2026-04-29,2026-04-29,,22.3,0.93,185,True
REQ-005151,2026-04-29,2026-04-29,2026-04-29,14.5,0.6,24,True
REQ-005153,2026-04-29,2026-05-02,2026-05-02,73.9,3.08,185,True
REQ-005154,2026-04-29,2026-04-30,2026-04-30,38.7,1.61,4,False
REQ-005155,2026-04-29,2026-04-29,2026-04-29,13.3,0.55,94,True
REQ-005156,2026-04-29,2026-04-29,,23.6,0.98,168,True
REQ-005157,2026-04-29,2026-04-29,2026-04-29,23.7,0.99,79,True
REQ-005158,2026-04-29,2026-04-29,,9.6,0.4,168,True
REQ-005159,2026-04-29,2026-04-29,2026-04-29,9.2,0.38,24,True
REQ-005160,2026-04-29,2026-04-29,2026-04-29,18.1,0.75,4,False
REQ-005162,2026-04-29,2026-05-02,2026-05-02,83.2,3.47,168,True
REQ-005163,2026-04-29,2026-04-29,2026-04-29,9.1,0.38,4,False
REQ-005164,2026-04-29,2026-04-29,2026-04-29,23.4,0.97,94,True
REQ-005165,2026-04-29,2026-04-29,2026-04-29,5.4,0.22,72,True
REQ-005166,2026-04-29,2026-04-30,2026-04-30,27.2,1.14,218,True
REQ-005167,2026-04-29,2026-04-29,2026-04-29,15.5,0.64,218,True
REQ-005168,2026-04-29,2026-04-30,2026-04-30,33.6,1.4,72,True
REQ-005169,2026-04-29,2026-04-29,2026-04-29,23.5,0.98,72,True
REQ-005170,2026-04-29,2026-04-29,2026-04-29,6.2,0.26,72,True
REQ-005171,2026-04-29,2026-04-29,,19.5,0.81,72,True
REQ-005172,2026-04-29,2026-05-01,,53.9,2.25,168,True
REQ-005173,2026-04-29,2026-04-29,2026-04-29,11.3,0.47,72,True
REQ-005174,2026-04-29,2026-04-29,,2.2,0.09,218,True
REQ-005175,2026-04-29,2026-05-01,,52.7,2.2,218,True
REQ-005176,2026-04-29,2026-04-29,2026-04-29,7.2,0.3,24,True
REQ-005177,2026-04-30,2026-04-30,2026-04-30,10.1,0.42,72,True
REQ-005178,2026-04-30,2026-04-30,,9.5,0.39,168,True
REQ-005179,2026-04-30,2026-04-30,,21.5,0.9,94,True
REQ-005180,2026-04-30,2026-04-30,2026-04-30,15.0,0.63,72,True
REQ-005181,2026-04-30,2026-04-30,,6.2,0.26,72,True
REQ-005182,2026-04-30,2026-05-01,,25.5,1.06,168,True
REQ-005183,2026-04-30,2026-04-30,,21.4,0.89,168,True
REQ-005184,2026-04-30,2026-04-30,2026-04-30,1.8,0.07,72,True
REQ-005185,2026-04-30,2026-04-30,2026-04-30,13.2,0.55,185,True
REQ-005186,2026-04-30,2026-05-02,,49.0,2.04,168,True
REQ-005187,2026-04-30,2026-04-30,2026-04-30,19.1,0.8,26,True
REQ-005189,2026-04-30,2026-04-30,2026-04-30,22.2,0.93,168,True
REQ-005190,2026-04-30,2026-05-03,,94.7,3.95,218,True
REQ-005191,2026-04-30,2026-05-01,2026-05-01,34.2,1.42,79,True
REQ-005192,2026-04-30,2026-05-01,,41.3,1.72,218,True
REQ-005193,2026-04-30,2026-04-30,2026-04-30,21.8,0.91,168,True
REQ-005194,2026-04-30,2026-05-01,,45.4,1.89,218,True
REQ-005195,2026-04-30,2026-04-30,,21.7,0.91,168,True
REQ-005196,2026-04-30,2026-04-30,,16.5,0.69,218,True
REQ-005197,2026-04-30,2026-05-02,2026-05-02,52.1,2.17,185,True
REQ-005198,2026-04-30,2026-05-01,,25.0,1.04,94,True
REQ-005200,2026-04-30,2026-05-01,,36.1,1.51,72,True
REQ-005201,2026-04-30,2026-04-30,,12.1,0.5,218,True
REQ-005202,2026-04-30,2026-05-02,2026-05-02,52.5,2.19,79,True
REQ-005203,2026-04-30,2026-05-02,2026-05-02,61.1,2.55,168,True
REQ-005204,2026-04-30,2026-04-30,2026-04-30,14.2,0.59,72,True
REQ-005205,2026-04-30,2026-05-01,2026-05-01,29.7,1.24,26,False
REQ-005206,2026-04-30,2026-05-01,2026-05-01,39.5,1.65,218,True
REQ-005207,2026-05-01,2026-05-01,2026-05-01,10.5,0.44,72,True
REQ-005208,2026-05-01,2026-05-02,2026-05-02,27.5,1.14,79,True
REQ-005209,2026-05-01,2026-05-01,2026-05-01,22.2,0.93,72,True
REQ-005210,2026-05-01,2026-05-01,2026-05-01,15.9,0.66,185,True
REQ-005211,2026-05-01,2026-05-02,,30.2,1.26,168,True
REQ-005212,2026-05-01,2026-05-02,2026-05-02,32.6,1.36,168,True
REQ-005213,2026-05-01,2026-05-02,2026-05-02,41.3,1.72,185,True
REQ-005214,2026-05-01,2026-05-03,2026-05-03,68.7,2.86,72,True
REQ-005215,2026-05-01,2026-05-01,,10.1,0.42,168,True
REQ-005216,2026-05-01,2026-05-01,2026-05-01,21.8,0.91,72,True
REQ-005217,2026-05-01,2026-05-01,2026-05-01,4.7,0.2,4,False
REQ-005218,2026-05-01,2026-05-01,2026-05-01,15.1,0.63,26,True
REQ-005219,2026-05-01,2026-05-01,2026-05-01,5.3,0.22,72,True
REQ-005220,2026-05-01,2026-05-01,2026-05-01,19.7,0.82,24,True
REQ-005221,2026-05-01,2026-05-01,,8.9,0.37,94,True
REQ-005222,2026-05-01,2026-05-01,,2.4,0.1,185,True
REQ-005223,2026-05-01,2026-05-01,2026-05-01,10.2,0.43,24,True
REQ-005224,2026-05-01,2026-05-01,,12.6,0.53,218,True
REQ-005225,2026-05-01,2026-05-01,2026-05-01,13.1,0.54,5,False
REQ-005226,2026-05-01,2026-05-03,,51.9,2.16,168,True
REQ-005227,2026-05-01,2026-05-01,2026-05-01,22.8,0.95,72,True
REQ-005228,2026-05-01,2026-05-01,2026-05-01,6.0,0.25,24,True
REQ-005229,2026-05-01,2026-05-03,2026-05-03,52.4,2.18,94,True
REQ-005230,2026-05-01,2026-05-02,,37.2,1.55,168,True
REQ-005231,2026-05-01,2026-05-01,,3.8,0.16,4,True
REQ-005232,2026-05-01,2026-05-02,2026-05-02,36.7,1.53,168,True
REQ-005234,2026-05-01,2026-05-01,,8.5,0.35,72,True
REQ-005235,2026-05-02,2026-05-03,2026-05-03,25.6,1.07,218,True
REQ-005236,2026-05-02,2026-05-03,2026-05-03,38.4,1.6,72,True
REQ-005237,2026-05-02,2026-05-06,2026-05-06,100.5,4.19,168,True
REQ-005238,2026-05-02,2026-05-10,2026-05-10,195.4,8.14,72,False
REQ-005239,2026-05-02,2026-05-06,2026-05-06,116.4,4.85,79,False
REQ-005240,2026-05-02,2026-05-03,,28.3,1.18,94,True
REQ-005241,2026-05-02,2026-05-04,2026-05-04,60.9,2.54,72,True
REQ-005242,2026-05-02,2026-05-02,,18.8,0.78,218,True
REQ-005243,2026-05-02,2026-05-03,2026-05-03,37.0,1.54,218,True
REQ-005244,2026-05-02,2026-05-03,,31.5,1.31,26,False
REQ-005245,2026-05-03,2026-05-04,2026-05-04,37.7,1.57,185,True
REQ-005246,2026-05-03,2026-05-03,,13.2,0.55,218,True
REQ-005247,2026-05-03,2026-05-04,,42.0,1.75,168,True
REQ-005248,2026-05-03,2026-05-05,,58.4,2.43,218,True
REQ-005249,2026-05-03,2026-05-04,,24.2,1.01,94,True
REQ-005250,2026-05-03,2026-05-03,2026-05-03,18.4,0.77,218,True
REQ-005251,2026-05-03,2026-05-03,,22.2,0.92,168,True
REQ-005252,2026-05-03,2026-05-05,2026-05-05,61.6,2.57,168,True
REQ-005253,2026-05-03,2026-05-03,2026-05-03,16.0,0.67,31,True
REQ-005254,2026-05-03,2026-05-09,2026-05-09,151.1,6.3,185,True
REQ-005255,2026-05-03,2026-05-04,2026-05-04,33.0,1.37,72,True
REQ-005256,2026-05-03,2026-05-03,,2.3,0.1,72,True
REQ-005257,2026-05-03,2026-05-04,2026-05-04,27.9,1.16,79,True
REQ-005258,2026-05-03,2026-05-03,2026-05-03,11.8,0.49,31,True
REQ-005259,2026-05-03,2026-05-04,,44.0,1.83,72,True
REQ-005260,2026-05-04,2026-05-04,2026-05-04,13.1,0.54,168,True
REQ-005261,2026-05-04,2026-05-05,,33.2,1.38,218,True
REQ-005262,2026-05-04,2026-05-04,,22.3,0.93,168,True
REQ-005263,2026-05-04,2026-05-08,2026-05-08,97.1,4.04,185,True
REQ-005264,2026-05-04,2026-05-08,,113.2,4.72,218,True
REQ-005265,2026-05-04,2026-05-04,,17.9,0.75,94,True
REQ-005266,2026-05-04,2026-05-04,2026-05-04,23.9,0.99,24,True
REQ-005267,2026-05-04,2026-05-08,,113.6,4.73,218,True
REQ-005268,2026-05-04,2026-05-05,,30.3,1.26,218,True
REQ-005269,2026-05-04,2026-05-04,,21.8,0.91,168,True
REQ-005270,2026-05-04,2026-05-05,2026-05-05,26.5,1.1,168,True
REQ-005271,2026-05-04,2026-05-06,2026-05-06,62.7,2.61,218,True
REQ-005272,2026-05-04,2026-05-05,2026-05-05,25.5,1.06,4,False
REQ-005273,2026-05-04,2026-05-04,2026-05-04,6.1,0.25,24,True
REQ-005274,2026-05-04,2026-05-09,2026-05-09,124.9,5.2,79,False
REQ-005275,2026-05-04,2026-05-05,2026-05-05,32.2,1.34,185,True
REQ-005276,2026-05-04,2026-05-07,2026-05-07,75.5,3.14,185,True
REQ-005277,2026-05-04,2026-05-05,2026-05-05,43.4,1.81,94,True
REQ-005278,2026-05-04,2026-05-06,,49.1,2.05,185,True
REQ-005279,2026-05-04,2026-05-05,2026-05-05,45.9,1.91,24,False
REQ-005280,2026-05-04,2026-05-07,2026-05-07,82.5,3.44,218,True
REQ-005281,2026-05-04,2026-05-06,2026-05-06,63.5,2.64,218,True
REQ-005282,2026-05-04,2026-05-06,2026-05-06,54.1,2.25,185,True
REQ-005284,2026-05-05,2026-05-05,,14.8,0.62,24,True
REQ-005285,2026-05-05,2026-05-06,2026-05-06,38.1,1.59,168,True
REQ-005286,2026-05-05,2026-05-07,,56.4,2.35,72,True
REQ-005287,2026-05-05,2026-05-05,2026-05-05,15.1,0.63,24,True
REQ-005288,2026-05-05,2026-05-05,,10.8,0.45,72,True
REQ-005289,2026-05-05,2026-05-06,2026-05-06,42.5,1.77,94,True
REQ-005290,2026-05-05,2026-05-06,,28.3,1.18,24,False
REQ-005291,2026-05-05,2026-05-05,2026-05-05,4.6,0.19,24,True
REQ-005292,2026-05-05,2026-05-05,2026-05-05,12.6,0.53,168,True
REQ-005293,2026-05-05,2026-05-05,2026-05-05,5.0,0.21,168,True
REQ-005294,2026-05-05,2026-05-05,2026-05-05,5.8,0.24,24,True
REQ-005295,2026-05-05,2026-05-06,2026-05-06,30.0,1.25,185,True
REQ-005296,2026-05-05,2026-05-05,,19.9,0.83,168,True
REQ-005298,2026-05-05,2026-05-06,2026-05-06,34.4,1.43,168,True
REQ-005299,2026-05-05,2026-05-07,2026-05-07,66.6,2.78,79,True
REQ-005300,2026-05-05,2026-05-07,2026-05-07,48.3,2.01,168,True
REQ-005301,2026-05-05,2026-05-05,,20.8,0.87,168,True
REQ-005302,2026-05-05,2026-05-07,2026-05-07,62.0,2.58,72,True
REQ-005303,2026-05-05,2026-05-06,2026-05-06,33.2,1.38,94,True
REQ-005304,2026-05-05,2026-05-06,2026-05-06,24.1,1.0,4,False
REQ-005305,2026-05-05,2026-05-06,2026-05-06,24.2,1.01,79,True
REQ-005306,2026-05-06,2026-05-07,2026-05-07,36.2,1.51,79,True
REQ-005307,2026-05-06,2026-05-06,2026-05-06,10.6,0.44,72,True
REQ-005308,2026-05-06,2026-05-06,2026-05-06,18.0,0.75,79,True
REQ-005309,2026-05-06,2026-05-07,2026-05-07,30.9,1.29,72,True
REQ-005310,2026-05-06,2026-05-07,2026-05-07,41.5,1.73,185,True
REQ-005311,2026-05-06,2026-05-06,,2.7,0.11,26,True
REQ-005312,2026-05-06,2026-05-07,2026-05-07,26.3,1.09,72,True
REQ-005313,2026-05-06,2026-05-10,2026-05-10,110.6,4.61,168,True
REQ-005314,2026-05-06,2026-05-09,,86.4,3.6,218,True
REQ-005315,2026-05-06,2026-05-08,,57.3,2.39,168,True
REQ-005316,2026-05-06,2026-05-06,2026-05-06,20.4,0.85,24,True
REQ-005318,2026-05-06,2026-05-06,2026-05-06,21.7,0.91,79,True
REQ-005319,2026-05-06,2026-05-08,,58.2,2.42,218,True
REQ-005320,2026-05-06,2026-05-06,,5.2,0.22,31,True
REQ-005321,2026-05-06,2026-05-07,2026-05-07,29.9,1.25,168,True
REQ-005322,2026-05-06,2026-05-08,2026-05-08,63.0,2.63,218,True
REQ-005323,2026-05-06,2026-05-08,,63.8,2.66,218,True
REQ-005324,2026-05-06,2026-05-06,,23.7,0.99,168,True
REQ-005325,2026-05-06,2026-05-06,,7.3,0.31,72,True
REQ-005326,2026-05-06,2026-05-06,2026-05-06,9.9,0.41,94,True
REQ-005327,2026-05-06,2026-05-06,2026-05-06,14.6,0.61,79,True
REQ-005328,2026-05-06,2026-05-07,2026-05-07,45.5,1.89,185,True
REQ-005329,2026-05-06,2026-05-06,2026-05-06,20.6,0.86,218,True
REQ-005330,2026-05-06,2026-05-09,,73.6,3.07,168,True
REQ-005331,2026-05-06,2026-05-09,2026-05-09,77.5,3.23,218,True
REQ-005332,2026-05-06,2026-05-06,2026-05-06,14.3,0.6,168,True
REQ-005333,2026-05-06,2026-05-07,2026-05-07,33.8,1.41,72,True
REQ-005334,2026-05-07,2026-05-07,,16.2,0.68,72,True
REQ-005335,2026-05-07,2026-05-07,,3.4,0.14,168,True
REQ-005336,2026-05-07,2026-05-09,2026-05-09,59.1,2.46,218,True
REQ-005337,2026-05-07,2026-05-07,2026-05-07,4.0,0.17,4,False
REQ-005338,2026-05-07,2026-05-07,,4.4,0.18,72,True
REQ-005339,2026-05-07,2026-05-08,,33.7,1.41,168,True
REQ-005340,2026-05-07,2026-05-07,2026-05-07,16.3,0.68,94,True
REQ-005341,2026-05-07,2026-05-07,,23.7,0.99,94,True
REQ-005342,2026-05-07,2026-05-08,,37.8,1.58,168,True
REQ-005343,2026-05-07,2026-05-07,2026-05-07,6.0,0.25,72,True
REQ-005344,2026-05-07,2026-05-08,2026-05-08,28.1,1.17,185,True
REQ-005345,2026-05-07,2026-05-07,,13.3,0.55,24,True
REQ-005346,2026-05-07,2026-05-08,,27.3,1.14,168,True
REQ-005348,2026-05-07,2026-05-08,,24.7,1.03,72,True
REQ-005349,2026-05-07,2026-05-07,2026-05-07,16.8,0.7,31,True
REQ-005350,2026-05-07,2026-05-07,2026-05-07,22.2,0.92,26,True
REQ-005351,2026-05-07,2026-05-08,2026-05-08,26.6,1.11,168,True
REQ-005352,2026-05-07,2026-05-10,,72.6,3.02,218,True
REQ-005353,2026-05-07,2026-05-07,2026-05-07,10.4,0.43,4,False
REQ-005354,2026-05-07,2026-05-07,,17.7,0.74,185,True
REQ-005355,2026-05-07,2026-05-08,,45.0,1.88,185,True
REQ-005356,2026-05-07,2026-05-10,2026-05-10,77.1,3.21,168,True
REQ-005357,2026-05-07,2026-05-07,2026-05-07,22.7,0.95,185,True
REQ-005358,2026-05-07,2026-05-07,,16.6,0.69,218,True
REQ-005359,2026-05-07,2026-05-07,2026-05-07,4.8,0.2,5,True
REQ-005360,2026-05-07,2026-05-07,,19.8,0.83,26,True
REQ-005361,2026-05-07,2026-05-09,2026-05-09,51.8,2.16,218,True
REQ-005362,2026-05-07,2026-05-07,2026-05-07,6.7,0.28,168,True
REQ-005363,2026-05-08,2026-05-08,,16.4,0.68,31,True
REQ-005364,2026-05-08,2026-05-08,,4.5,0.19,168,True
REQ-005365,2026-05-08,2026-05-08,,23.0,0.96,72,True
REQ-005367,2026-05-08,2026-05-08,,1.9,0.08,72,True
REQ-005368,2026-05-08,2026-05-09,,32.9,1.37,218,True
REQ-005369,2026-05-08,2026-05-09,2026-05-09,28.7,1.2,185,True
REQ-005370,2026-05-08,2026-05-08,,14.4,0.6,31,True
REQ-005371,2026-05-08,2026-05-08,,10.2,0.42,31,True
REQ-005372,2026-05-08,2026-05-10,2026-05-10,68.2,2.84,185,True
REQ-005373,2026-05-08,2026-05-09,,30.5,1.27,218,True
REQ-005374,2026-05-08,2026-05-09,2026-05-09,42.7,1.78,72,True
REQ-005375,2026-05-08,2026-05-10,2026-05-10,60.4,2.52,185,True
REQ-005376,2026-05-08,2026-05-10,,54.3,2.26,168,True
REQ-005377,2026-05-08,2026-05-09,2026-05-09,27.8,1.16,72,True
REQ-005378,2026-05-08,2026-05-08,2026-05-08,18.1,0.75,4,False
REQ-005379,2026-05-08,2026-05-09,2026-05-09,37.2,1.55,72,True
REQ-005380,2026-05-08,2026-05-09,2026-05-09,31.8,1.32,72,True
REQ-005381,2026-05-08,2026-05-09,,27.1,1.13,185,True
REQ-005382,2026-05-08,2026-05-08,,3.3,0.14,168,True
REQ-005383,2026-05-08,2026-05-09,,24.6,1.03,185,True
REQ-005384,2026-05-08,2026-05-09,,25.9,1.08,94,True
REQ-005385,2026-05-08,2026-05-08,,6.6,0.28,168,True
REQ-005386,2026-05-08,2026-05-09,,38.8,1.62,94,True
REQ-005387,2026-05-08,2026-05-08,,15.4,0.64,26,True
REQ-005388,2026-05-09,2026-05-10,2026-05-10,27.0,1.13,168,True
REQ-005389,2026-05-09,2026-05-09,2026-05-09,2.4,0.1,4,True
REQ-005390,2026-05-09,2026-05-13,,104.8,4.37,185,True
REQ-005391,2026-05-09,2026-05-11,,64.5,2.69,218,True
REQ-005392,2026-05-09,2026-05-09,,1.8,0.07,218,True
REQ-005393,2026-05-09,2026-05-09,2026-05-09,15.5,0.65,72,True
REQ-005394,2026-05-09,2026-05-09,,12.5,0.52,26,True
REQ-005395,2026-05-09,2026-05-09,2026-05-09,22.1,0.92,94,True
REQ-005396,2026-05-09,2026-05-09,2026-05-09,0.5,0.02,4,True
REQ-005397,2026-05-10,2026-05-11,,34.7,1.45,168,True
REQ-005398,2026-05-10,2026-05-10,,17.5,0.73,31,True
REQ-005399,2026-05-10,2026-05-12,,66.3,2.76,218,True
REQ-005400,2026-05-10,2026-05-10,2026-05-10,9.8,0.41,26,True
REQ-005401,2026-05-10,2026-05-10,2026-05-10,13.5,0.56,168,True
REQ-005402,2026-05-10,2026-05-11,2026-05-11,35.3,1.47,26,False
REQ-005403,2026-05-10,2026-05-10,2026-05-10,6.8,0.28,31,True
REQ-005404,2026-05-10,2026-05-10,2026-05-10,5.2,0.22,72,True
REQ-005405,2026-05-10,2026-05-10,,9.0,0.38,72,True
REQ-005406,2026-05-10,2026-05-11,,32.0,1.33,168,True
REQ-005407,2026-05-10,2026-05-11,2026-05-11,30.4,1.27,79,True
REQ-005408,2026-05-10,2026-05-10,2026-05-10,6.2,0.26,72,True
REQ-005409,2026-05-10,2026-05-10,,4.2,0.17,5,True
REQ-005410,2026-05-10,2026-05-11,2026-05-11,28.8,1.2,168,True
REQ-005411,2026-05-10,2026-05-10,,10.8,0.45,168,True
REQ-005412,2026-05-11,2026-05-11,2026-05-11,19.8,0.82,72,True
REQ-005413,2026-05-11,2026-05-12,2026-05-12,28.0,1.17,168,True
REQ-005414,2026-05-11,2026-05-12,2026-05-12,30.9,1.29,72,True
REQ-005415,2026-05-11,2026-05-11,2026-05-11,12.5,0.52,168,True
REQ-005416,2026-05-11,2026-05-13,2026-05-13,64.4,2.69,79,True
REQ-005417,2026-05-11,2026-05-11,,3.8,0.16,26,True
REQ-005418,2026-05-11,2026-05-12,,44.5,1.85,94,True
REQ-005419,2026-05-11,2026-05-13,,56.4,2.35,185,True
REQ-005420,2026-05-11,2026-05-12,,42.1,1.75,168,True
REQ-005421,2026-05-11,2026-05-11,2026-05-11,8.5,0.36,26,True
REQ-005422,2026-05-11,2026-05-11,2026-05-11,10.8,0.45,4,False
REQ-005423,2026-05-11,2026-05-12,2026-05-12,26.0,1.08,94,True
REQ-005424,2026-05-11,2026-05-11,,11.9,0.5,168,True
REQ-005425,2026-05-11,2026-05-12,2026-05-12,36.8,1.53,94,True
REQ-005426,2026-05-11,2026-05-15,2026-05-15,113.4,4.73,79,False
REQ-005427,2026-05-11,2026-05-12,2026-05-12,31.0,1.29,218,True
REQ-005428,2026-05-11,2026-05-11,2026-05-11,20.7,0.86,168,True
REQ-005429,2026-05-11,2026-05-12,2026-05-12,31.8,1.33,72,True
REQ-005430,2026-05-11,2026-05-11,,23.1,0.96,31,True
REQ-005431,2026-05-11,2026-05-12,2026-05-12,39.4,1.64,168,True
REQ-005432,2026-05-11,2026-05-12,2026-05-12,36.3,1.51,185,True
REQ-005433,2026-05-11,2026-05-12,2026-05-12,30.2,1.26,94,True
REQ-005434,2026-05-11,2026-05-12,,28.2,1.17,168,True
REQ-005435,2026-05-12,2026-05-12,2026-05-12,19.2,0.8,94,True
REQ-005436,2026-05-12,2026-05-12,2026-05-12,17.4,0.72,168,True
REQ-005437,2026-05-12,2026-05-12,2026-05-12,13.8,0.57,168,True
REQ-005438,2026-05-12,2026-05-12,,11.9,0.49,31,True
REQ-005440,2026-05-12,2026-05-12,,19.5,0.81,168,True
REQ-005441,2026-05-12,2026-05-12,2026-05-12,22.4,0.93,218,True
REQ-005442,2026-05-12,2026-05-16,2026-05-16,99.2,4.14,218,True
REQ-005443,2026-05-12,2026-05-12,,18.6,0.78,168,True
REQ-005444,2026-05-12,2026-05-12,,9.3,0.39,168,True
REQ-005445,2026-05-12,2026-05-12,2026-05-12,11.8,0.49,31,True
REQ-005446,2026-05-12,2026-05-12,,15.5,0.65,26,True
REQ-005447,2026-05-12,2026-05-13,2026-05-13,35.7,1.49,168,True
REQ-005448,2026-05-12,2026-05-13,2026-05-13,25.6,1.07,94,True
REQ-005449,2026-05-12,2026-05-13,,25.4,1.06,168,True
REQ-005450,2026-05-12,2026-05-12,2026-05-12,1.8,0.07,72,True
REQ-005451,2026-05-12,2026-05-13,,24.4,1.02,218,True
REQ-005452,2026-05-12,2026-05-13,2026-05-13,34.4,1.43,94,True
REQ-005453,2026-05-13,2026-05-13,2026-05-13,18.8,0.78,72,True
REQ-005454,2026-05-13,2026-05-14,2026-05-14,30.9,1.29,168,True
REQ-005455,2026-05-13,2026-05-13,2026-05-13,5.2,0.22,94,True
REQ-005456,2026-05-13,2026-05-15,2026-05-15,70.0,2.92,94,True
REQ-005457,2026-05-13,2026-05-13,,13.3,0.55,168,True
REQ-005458,2026-05-13,2026-05-13,,22.4,0.93,168,True
REQ-005459,2026-05-13,2026-05-13,2026-05-13,1.8,0.08,168,True
REQ-005460,2026-05-13,2026-05-15,,65.1,2.71,185,True
REQ-005461,2026-05-13,2026-05-13,2026-05-13,9.8,0.41,185,True
REQ-005462,2026-05-13,2026-05-14,,42.6,1.78,185,True
REQ-005463,2026-05-13,2026-05-14,2026-05-14,31.7,1.32,24,False
REQ-005464,2026-05-13,2026-05-14,,42.3,1.76,218,True
REQ-005465,2026-05-13,2026-05-14,2026-05-14,34.8,1.45,218,True
REQ-005466,2026-05-13,2026-05-13,2026-05-13,20.2,0.84,185,True
REQ-005467,2026-05-13,2026-05-15,2026-05-15,48.7,2.03,168,True
REQ-005469,2026-05-13,2026-05-14,2026-05-14,32.9,1.37,168,True
REQ-005470,2026-05-13,2026-05-15,,55.6,2.32,168,True
REQ-005471,2026-05-13,2026-05-15,,51.0,2.13,72,True
REQ-005472,2026-05-13,2026-05-14,2026-05-14,47.2,1.97,168,True
REQ-005473,2026-05-13,2026-05-15,,65.1,2.71,185,True
REQ-005474,2026-05-13,2026-05-14,,24.2,1.01,72,True
REQ-005475,2026-05-13,2026-05-14,,39.1,1.63,72,True
REQ-005476,2026-05-13,2026-05-13,2026-05-13,20.8,0.86,24,True
REQ-005477,2026-05-13,2026-05-13,2026-05-13,16.5,0.69,72,True
REQ-005478,2026-05-13,2026-05-13,2026-05-13,7.3,0.3,4,False
REQ-005479,2026-05-13,2026-05-13,2026-05-13,8.9,0.37,94,True
REQ-005480,2026-05-13,2026-05-13,2026-05-13,10.2,0.43,4,False
REQ-005482,2026-05-14,2026-05-14,2026-05-14,14.9,0.62,79,True
REQ-005483,2026-05-14,2026-05-17,2026-05-17,75.7,3.15,218,True
REQ-005485,2026-05-14,2026-05-14,2026-05-14,19.4,0.81,168,True
REQ-005486,2026-05-14,2026-05-15,2026-05-15,42.8,1.78,168,True
REQ-005487,2026-05-14,2026-05-15,2026-05-15,34.3,1.43,218,True
REQ-005488,2026-05-14,2026-05-15,2026-05-15,41.9,1.75,185,True
REQ-005489,2026-05-14,2026-05-15,2026-05-15,27.8,1.16,94,True
REQ-005490,2026-05-14,2026-05-14,2026-05-14,12.2,0.51,72,True
REQ-005491,2026-05-14,2026-05-14,,20.5,0.85,168,True
REQ-005492,2026-05-14,2026-05-14,2026-05-14,8.3,0.35,79,True
REQ-005493,2026-05-14,2026-05-16,,48.4,2.02,72,True
REQ-005494,2026-05-14,2026-05-14,,12.2,0.51,168,True
REQ-005495,2026-05-14,2026-05-15,2026-05-15,30.0,1.25,185,True
REQ-005496,2026-05-14,2026-05-16,2026-05-16,60.6,2.53,94,True
REQ-005497,2026-05-14,2026-05-14,2026-05-14,13.3,0.55,94,True
REQ-005498,2026-05-14,2026-05-14,,13.3,0.55,168,True
REQ-005499,2026-05-14,2026-05-14,2026-05-14,11.8,0.49,4,False
REQ-005500,2026-05-14,2026-05-14,2026-05-14,13.8,0.57,24,True
REQ-005501,2026-05-14,2026-05-14,,11.8,0.49,168,True
REQ-005502,2026-05-14,2026-05-15,2026-05-15,34.0,1.42,218,True
REQ-005504,2026-05-14,2026-05-14,2026-05-14,15.6,0.65,168,True
REQ-005505,2026-05-15,2026-05-15,2026-05-15,12.8,0.53,72,True
REQ-005506,2026-05-15,2026-05-16,2026-05-16,35.3,1.47,24,False
REQ-005507,2026-05-15,2026-05-17,2026-05-17,57.9,2.41,218,True
REQ-005508,2026-05-15,2026-05-17,2026-05-17,58.0,2.42,185,True
REQ-005509,2026-05-15,2026-05-17,,56.8,2.37,168,True
REQ-005510,2026-05-15,2026-05-16,,33.5,1.39,94,True
REQ-005511,2026-05-15,2026-05-15,2026-05-15,9.0,0.37,168,True
REQ-005513,2026-05-15,2026-05-16,2026-05-16,39.1,1.63,218,True
REQ-005514,2026-05-15,2026-05-16,2026-05-16,31.1,1.3,218,True
REQ-005515,2026-05-15,2026-05-16,2026-05-16,34.4,1.43,4,False
REQ-005516,2026-05-15,2026-05-15,,8.6,0.36,185,True
REQ-005517,2026-05-15,2026-05-15,2026-05-15,14.1,0.59,31,True
REQ-005518,2026-05-15,2026-05-18,2026-05-18,90.2,3.76,185,True
REQ-005519,2026-05-15,2026-05-15,2026-05-15,1.8,0.08,31,True
REQ-005520,2026-05-15,2026-05-18,,84.3,3.51,218,True
REQ-005521,2026-05-15,2026-05-16,2026-05-16,31.5,1.31,72,True
REQ-005522,2026-05-15,2026-05-16,2026-05-16,31.9,1.33,4,False
REQ-005523,2026-05-15,2026-05-15,,6.6,0.28,5,False
REQ-005524,2026-05-15,2026-05-16,2026-05-16,38.1,1.59,26,False
REQ-005525,2026-05-15,2026-05-16,2026-05-16,46.9,1.95,79,True
REQ-005526,2026-05-15,2026-05-15,2026-05-15,22.7,0.95,168,True
REQ-005527,2026-05-15,2026-05-17,,60.9,2.54,185,True
REQ-005528,2026-05-15,2026-05-16,2026-05-16,34.4,1.44,5,False
REQ-005529,2026-05-15,2026-05-16,2026-05-16,24.1,1.01,218,True
REQ-005530,2026-05-15,2026-05-18,2026-05-18,77.7,3.24,94,True
REQ-005531,2026-05-15,2026-05-15,,12.7,0.53,218,True
REQ-005532,2026-05-15,2026-05-15,,8.9,0.37,79,True
REQ-005533,2026-05-15,2026-05-18,2026-05-18,72.2,3.01,72,False
REQ-005534,2026-05-15,2026-05-16,,25.0,1.04,79,True
REQ-005535,2026-05-15,2026-05-15,,9.5,0.39,168,True
REQ-005536,2026-05-15,2026-05-15,,23.6,0.98,72,True
REQ-005537,2026-05-16,2026-05-16,,6.6,0.27,218,True
REQ-005538,2026-05-16,2026-05-16,2026-05-16,10.8,0.45,24,True
REQ-005539,2026-05-16,2026-05-17,,41.1,1.71,79,True
REQ-005540,2026-05-16,2026-05-16,2026-05-16,6.9,0.29,218,True
REQ-005541,2026-05-16,2026-05-17,,26.2,1.09,26,False
REQ-005542,2026-05-16,2026-05-17,2026-05-17,24.2,1.01,94,True
REQ-005543,2026-05-16,2026-05-19,,85.9,3.58,168,True
REQ-005544,2026-05-16,2026-05-16,2026-05-16,14.3,0.6,185,True
REQ-005545,2026-05-16,2026-05-16,2026-05-16,20.8,0.86,72,True
REQ-005546,2026-05-16,2026-05-17,,33.2,1.38,185,True
REQ-005547,2026-05-16,2026-05-16,,23.7,0.99,218,True
REQ-005548,2026-05-16,2026-05-16,2026-05-16,13.8,0.57,72,True
REQ-005549,2026-05-16,2026-05-17,2026-05-17,28.7,1.19,94,True
REQ-005550,2026-05-16,2026-05-16,2026-05-16,14.6,0.61,24,True
REQ-005551,2026-05-16,2026-05-17,2026-05-17,30.2,1.26,79,True
REQ-005552,2026-05-17,2026-05-18,,25.7,1.07,168,True
REQ-005553,2026-05-17,2026-05-22,2026-05-22,122.5,5.1,168,True
REQ-005554,2026-05-17,2026-05-20,2026-05-20,82.7,3.45,72,False
REQ-005555,2026-05-17,2026-05-18,,42.1,1.75,168,True
REQ-005556,2026-05-17,2026-05-17,2026-05-17,23.7,0.99,94,True
REQ-005558,2026-05-17,2026-05-18,2026-05-18,34.4,1.43,94,True
REQ-005559,2026-05-17,2026-05-17,,3.6,0.15,185,True
REQ-005560,2026-05-17,2026-05-17,2026-05-17,4.5,0.19,5,True
REQ-005561,2026-05-17,2026-05-17,2026-05-17,23.3,0.97,94,True
REQ-005562,2026-05-17,2026-05-18,2026-05-18,40.9,1.7,185,True
REQ-005563,2026-05-17,2026-05-17,2026-05-17,11.3,0.47,24,True
REQ-005564,2026-05-17,2026-05-17,2026-05-17,13.1,0.54,31,True
REQ-005565,2026-05-17,2026-05-19,2026-05-19,61.0,2.54,79,True
REQ-005566,2026-05-18,2026-05-18,,13.3,0.55,94,True
REQ-005567,2026-05-18,2026-05-18,2026-05-18,13.2,0.55,4,False
REQ-005568,2026-05-18,2026-05-18,2026-05-18,23.3,0.97,185,True
REQ-005569,2026-05-18,2026-05-18,,22.2,0.93,218,True
REQ-005570,2026-05-18,2026-05-21,,85.1,3.55,185,True
REQ-005571,2026-05-18,2026-05-18,2026-05-18,21.9,0.91,79,True
REQ-005572,2026-05-18,2026-05-20,2026-05-20,67.6,2.81,218,True
REQ-005576,2026-05-18,2026-05-19,,36.9,1.54,185,True
REQ-005577,2026-05-18,2026-05-18,,2.2,0.09,185,True
REQ-005578,2026-05-18,2026-05-18,,3.1,0.13,168,True
REQ-005579,2026-05-18,2026-05-19,2026-05-19,40.6,1.69,218,True
REQ-005580,2026-05-18,2026-05-18,2026-05-18,13.6,0.57,168,True
REQ-005581,2026-05-18,2026-05-19,2026-05-19,27.3,1.14,168,True
REQ-005582,2026-05-18,2026-05-18,2026-05-18,15.6,0.65,72,True
REQ-005583,2026-05-18,2026-05-18,2026-05-18,15.7,0.65,4,False
REQ-005584,2026-05-18,2026-05-18,,10.0,0.41,168,True
REQ-005585,2026-05-18,2026-05-21,,86.7,3.61,168,True
REQ-005586,2026-05-18,2026-05-19,,36.5,1.52,72,True
REQ-005588,2026-05-19,2026-05-19,2026-05-19,20.9,0.87,168,True
REQ-005589,2026-05-19,2026-05-19,2026-05-19,17.0,0.71,168,True
REQ-005590,2026-05-19,2026-05-19,2026-05-19,21.8,0.91,31,True
REQ-005591,2026-05-19,2026-05-20,,45.1,1.88,168,True
REQ-005592,2026-05-19,2026-05-20,,47.7,1.99,185,True
REQ-005593,2026-05-19,2026-05-19,2026-05-19,5.3,0.22,185,True
REQ-005595,2026-05-19,2026-05-20,2026-05-20,30.6,1.27,185,True
REQ-005596,2026-05-19,2026-05-19,2026-05-19,18.5,0.77,168,True
REQ-005597,2026-05-19,2026-05-20,,28.1,1.17,218,True
REQ-005598,2026-05-19,2026-05-21,2026-05-21,49.8,2.07,31,False
REQ-005599,2026-05-19,2026-05-22,2026-05-22,79.5,3.31,218,True
REQ-005600,2026-05-19,2026-05-19,2026-05-19,14.9,0.62,168,True
REQ-005601,2026-05-19,2026-05-21,2026-05-21,64.7,2.7,218,True
REQ-005602,2026-05-19,2026-05-20,2026-05-20,26.8,1.12,168,True
REQ-005603,2026-05-19,2026-05-20,2026-05-20,32.8,1.37,168,True
REQ-005605,2026-05-19,2026-05-21,2026-05-21,59.7,2.49,218,True
REQ-005606,2026-05-19,2026-05-21,2026-05-21,50.4,2.1,218,True
REQ-005607,2026-05-19,2026-05-19,2026-05-19,15.1,0.63,72,True
REQ-005608,2026-05-19,2026-05-20,2026-05-20,25.5,1.06,72,True
REQ-005609,2026-05-19,2026-05-19,2026-05-19,22.7,0.95,79,True
REQ-005610,2026-05-19,2026-05-19,2026-05-19,13.5,0.56,94,True
REQ-005611,2026-05-19,2026-05-19,2026-05-19,15.3,0.64,185,True
REQ-005612,2026-05-19,2026-05-19,,19.0,0.79,72,True
REQ-005613,2026-05-20,2026-05-20,2026-05-20,22.7,0.95,218,True
REQ-005614,2026-05-20,2026-05-20,,7.3,0.3,218,True
REQ-005615,2026-05-20,2026-05-21,,27.8,1.16,72,True
REQ-005616,2026-05-20,2026-05-21,2026-05-21,46.1,1.92,79,True
REQ-005617,2026-05-20,2026-05-20,2026-05-20,19.3,0.8,168,True
REQ-005618,2026-05-20,2026-05-22,2026-05-22,65.4,2.72,26,False
REQ-005619,2026-05-20,2026-05-20,,3.7,0.15,94,True
REQ-005620,2026-05-20,2026-05-21,,47.4,1.97,72,True
REQ-005621,2026-05-20,2026-05-20,2026-05-20,15.5,0.64,168,True
REQ-005622,2026-05-20,2026-05-21,,27.9,1.16,218,True
REQ-005623,2026-05-20,2026-05-21,,24.9,1.04,26,True
REQ-005624,2026-05-20,2026-05-21,2026-05-21,40.2,1.68,168,True
REQ-005625,2026-05-20,2026-05-20,2026-05-20,21.8,0.91,26,True
REQ-005627,2026-05-20,2026-05-21,2026-05-21,31.9,1.33,185,True
REQ-005628,2026-05-20,2026-05-22,,62.4,2.6,168,True
REQ-005629,2026-05-20,2026-05-21,,33.2,1.39,168,True
REQ-005630,2026-05-20,2026-05-20,2026-05-20,3.2,0.13,168,True
REQ-005631,2026-05-20,2026-05-21,,39.6,1.65,26,False
REQ-005632,2026-05-20,2026-05-20,2026-05-20,22.7,0.95,168,True
REQ-005633,2026-05-20,2026-05-23,,73.4,3.06,168,True
REQ-005634,2026-05-20,2026-05-21,2026-05-21,37.4,1.56,24,False
REQ-005635,2026-05-21,2026-05-21,2026-05-21,17.0,0.71,168,True
REQ-005636,2026-05-21,2026-05-23,2026-05-23,57.2,2.38,185,True
REQ-005637,2026-05-21,2026-05-22,2026-05-22,28.2,1.18,72,True
REQ-005638,2026-05-21,2026-05-25,,106.4,4.43,168,True
REQ-005639,2026-05-21,2026-05-21,2026-05-21,2.8,0.12,24,True
REQ-005640,2026-05-21,2026-05-23,,64.2,2.68,168,True
REQ-005641,2026-05-21,2026-05-24,2026-05-24,72.4,3.02,218,True
REQ-005642,2026-05-21,2026-05-21,,21.7,0.91,218,True
REQ-005643,2026-05-21,2026-05-21,2026-05-21,16.1,0.67,168,True
REQ-005644,2026-05-21,2026-05-22,,31.0,1.29,72,True
REQ-005645,2026-05-21,2026-05-22,,42.1,1.76,168,True
REQ-005646,2026-05-21,2026-05-23,2026-05-23,66.3,2.76,218,True
REQ-005647,2026-05-21,2026-05-21,,14.2,0.59,218,True
REQ-005648,2026-05-21,2026-05-21,2026-05-21,6.2,0.26,5,False
REQ-005649,2026-05-21,2026-05-22,,35.3,1.47,168,True
REQ-005650,2026-05-21,2026-05-22,,39.2,1.63,168,True
REQ-005651,2026-05-21,2026-05-23,2026-05-23,52.3,2.18,4,False
REQ-005652,2026-05-21,2026-05-21,2026-05-21,20.6,0.86,168,True
REQ-005653,2026-05-21,2026-05-21,,13.9,0.58,168,True
REQ-005654,2026-05-21,2026-05-23,2026-05-23,59.8,2.49,218,True
REQ-005655,2026-05-21,2026-05-21,,17.9,0.75,185,True
REQ-005656,2026-05-21,2026-05-22,2026-05-22,42.0,1.75,218,True
REQ-005657,2026-05-21,2026-05-21,2026-05-21,10.5,0.44,79,True
REQ-005658,2026-05-21,2026-05-24,2026-05-24,83.2,3.47,218,True
REQ-005659,2026-05-21,2026-05-22,,30.3,1.26,168,True
REQ-005660,2026-05-21,2026-05-22,2026-05-22,28.8,1.2,72,True
REQ-005661,2026-05-21,2026-05-24,2026-05-24,86.2,3.59,79,False
REQ-005662,2026-05-21,2026-05-21,,23.3,0.97,168,True
REQ-005663,2026-05-21,2026-05-21,2026-05-21,10.7,0.45,24,True
REQ-005664,2026-05-21,2026-05-23,2026-05-23,55.9,2.33,94,True
REQ-005665,2026-05-21,2026-05-22,,29.2,1.21,24,False
REQ-005667,2026-05-21,2026-05-24,2026-05-24,73.4,3.06,168,True
REQ-005668,2026-05-21,2026-05-23,2026-05-23,66.4,2.76,185,True
REQ-005669,2026-05-21,2026-05-22,,47.0,1.96,168,True
REQ-005670,2026-05-21,2026-05-21,,8.0,0.33,31,True
REQ-005671,2026-05-21,2026-05-21,2026-05-21,18.9,0.79,24,True
REQ-005672,2026-05-21,2026-05-22,,28.2,1.17,31,True
REQ-005673,2026-05-22,2026-05-23,2026-05-23,29.2,1.22,24,False
REQ-005674,2026-05-22,2026-05-24,,50.6,2.11,168,True
REQ-005675,2026-05-22,2026-05-22,,17.4,0.72,72,True
REQ-005676,2026-05-22,2026-05-25,2026-05-25,79.3,3.3,168,True
REQ-005677,2026-05-22,2026-05-22,,16.3,0.68,24,True
REQ-005678,2026-05-22,2026-05-23,2026-05-23,33.0,1.37,72,True
REQ-005679,2026-05-22,2026-05-23,2026-05-23,47.3,1.97,168,True
REQ-005680,2026-05-22,2026-05-25,,75.7,3.15,26,False
REQ-005681,2026-05-22,2026-05-23,,25.4,1.06,218,True
REQ-005682,2026-05-22,2026-05-23,,35.9,1.49,72,True
REQ-005683,2026-05-22,2026-05-24,2026-05-24,56.8,2.37,79,True
REQ-005684,2026-05-22,2026-05-22,,18.0,0.75,168,True
REQ-005685,2026-05-22,2026-05-22,,12.3,0.51,168,True
REQ-005686,2026-05-22,2026-05-22,2026-05-22,4.3,0.18,79,True
REQ-005687,2026-05-22,2026-05-22,2026-05-22,6.2,0.26,72,True
REQ-005688,2026-05-22,2026-05-26,2026-05-26,119.1,4.96,72,False
REQ-005689,2026-05-22,2026-05-22,2026-05-22,24.0,1.0,31,True
REQ-005690,2026-05-22,2026-05-25,2026-05-25,88.4,3.69,94,True
REQ-005691,2026-05-22,2026-05-23,2026-05-23,31.0,1.29,72,True
REQ-005692,2026-05-22,2026-05-24,,48.6,2.02,185,True
REQ-005693,2026-05-22,2026-05-23,2026-05-23,38.5,1.61,72,True
REQ-005694,2026-05-22,2026-05-22,,15.1,0.63,218,True
REQ-005695,2026-05-22,2026-05-26,2026-05-26,119.4,4.98,218,True
REQ-005696,2026-05-22,2026-05-22,,11.4,0.48,4,False
REQ-005697,2026-05-22,2026-05-24,2026-05-24,60.6,2.53,168,True
REQ-005698,2026-05-22,2026-05-22,,22.5,0.94,168,True
REQ-005700,2026-05-23,2026-05-25,2026-05-25,53.0,2.21,79,True
REQ-005701,2026-05-23,2026-05-24,,47.6,1.98,168,True
REQ-005702,2026-05-23,2026-05-23,,17.1,0.71,168,True
REQ-005703,2026-05-23,2026-05-23,2026-05-23,16.9,0.7,79,True
REQ-005704,2026-05-23,2026-05-23,2026-05-23,16.8,0.7,168,True
REQ-005705,2026-05-23,2026-05-24,,39.7,1.66,168,True
REQ-005706,2026-05-23,2026-05-23,2026-05-23,5.8,0.24,4,False
REQ-005707,2026-05-23,2026-05-24,2026-05-24,34.7,1.45,185,True
REQ-005708,2026-05-24,2026-05-26,2026-05-26,66.6,2.78,218,True
REQ-005709,2026-05-24,2026-05-24,,16.4,0.68,218,True
REQ-005710,2026-05-24,2026-05-25,,34.1,1.42,72,True
REQ-005711,2026-05-24,2026-05-24,2026-05-24,15.7,0.66,72,True
REQ-005712,2026-05-24,2026-05-24,,14.1,0.59,218,True
REQ-005714,2026-05-24,2026-05-26,2026-05-26,56.2,2.34,168,True
REQ-005715,2026-05-24,2026-05-24,2026-05-24,8.8,0.37,94,True
REQ-005716,2026-05-24,2026-05-28,2026-05-28,116.9,4.87,185,True
REQ-005718,2026-05-25,2026-05-28,2026-05-28,75.7,3.16,94,True
REQ-005719,2026-05-25,2026-05-25,,7.3,0.3,26,True
REQ-005720,2026-05-25,2026-05-25,,6.6,0.28,218,True
REQ-005721,2026-05-25,2026-05-25,2026-05-25,5.3,0.22,4,False
REQ-005722,2026-05-25,2026-05-26,2026-05-26,40.4,1.68,94,True
REQ-005723,2026-05-25,2026-05-26,2026-05-26,43.2,1.8,218,True
REQ-005724,2026-05-25,2026-05-25,2026-05-25,21.2,0.88,218,True
REQ-005725,2026-05-25,2026-05-27,,52.3,2.18,31,False
REQ-005726,2026-05-25,2026-05-26,2026-05-26,29.6,1.23,72,True
REQ-005727,2026-05-25,2026-05-25,,22.1,0.92,218,True
REQ-005728,2026-05-25,2026-05-25,2026-05-25,18.0,0.75,218,True
REQ-005729,2026-05-25,2026-05-25,2026-05-25,17.5,0.73,168,True
REQ-005730,2026-05-25,2026-05-26,2026-05-26,27.5,1.14,218,True
REQ-005731,2026-05-25,2026-05-26,2026-05-26,45.3,1.89,185,True
REQ-005732,2026-05-25,2026-05-26,2026-05-26,27.4,1.14,168,True
REQ-005733,2026-05-25,2026-05-25,2026-05-25,10.3,0.43,79,True
REQ-005734,2026-05-25,2026-05-25,,6.0,0.25,72,True
REQ-005735,2026-05-25,2026-05-28,,78.6,3.27,168,True
REQ-005736,2026-05-25,2026-05-26,,25.7,1.07,94,True
REQ-005737,2026-05-25,2026-05-26,,32.5,1.36,72,True
REQ-005738,2026-05-25,2026-05-25,,1.1,0.05,4,True
REQ-005739,2026-05-25,2026-05-25,,20.0,0.83,5,False
REQ-005740,2026-05-25,2026-05-25,2026-05-25,18.2,0.76,218,True
REQ-005741,2026-05-25,2026-05-27,,69.9,2.91,218,True
REQ-005742,2026-05-25,2026-05-25,2026-05-25,9.0,0.37,24,True
REQ-005743,2026-05-25,2026-05-25,,1.1,0.04,4,True
REQ-005744,2026-05-26,2026-05-27,,34.1,1.42,26,False
REQ-005745,2026-05-26,2026-05-27,2026-05-27,25.0,1.04,168,True
REQ-005746,2026-05-26,2026-05-26,2026-05-26,20.2,0.84,94,True
REQ-005747,2026-05-26,2026-05-26,,9.2,0.38,168,True
REQ-005748,2026-05-26,2026-05-26,2026-05-26,14.3,0.59,79,True
REQ-005749,2026-05-26,2026-05-27,2026-05-27,39.5,1.64,72,True
REQ-005750,2026-05-26,2026-05-27,2026-05-27,44.4,1.85,79,True
REQ-005751,2026-05-26,2026-05-26,,5.9,0.25,94,True
REQ-005752,2026-05-26,2026-05-26,,19.0,0.79,94,True
REQ-005753,2026-05-26,2026-05-28,,48.5,2.02,168,True
REQ-005754,2026-05-26,2026-05-26,2026-05-26,9.3,0.39,24,True
REQ-005755,2026-05-26,2026-05-27,2026-05-27,42.5,1.77,185,True
REQ-005756,2026-05-26,2026-05-26,2026-05-26,5.6,0.23,168,True
REQ-005757,2026-05-26,2026-05-27,,28.7,1.2,218,True
REQ-005758,2026-05-26,2026-05-28,2026-05-28,52.7,2.2,168,True
REQ-005759,2026-05-26,2026-05-27,2026-05-27,36.6,1.53,72,True
REQ-005760,2026-05-26,2026-05-27,,34.3,1.43,72,True
REQ-005761,2026-05-26,2026-05-26,2026-05-26,12.9,0.54,72,True
REQ-005762,2026-05-26,2026-05-27,2026-05-27,43.0,1.79,218,True
REQ-005764,2026-05-26,2026-05-26,2026-05-26,9.9,0.41,218,True
REQ-005765,2026-05-26,2026-05-27,,35.3,1.47,72,True
REQ-005766,2026-05-26,2026-05-29,,85.6,3.57,168,True
REQ-005767,2026-05-26,2026-05-30,2026-05-30,118.2,4.92,185,True
REQ-005768,2026-05-26,2026-05-26,2026-05-26,7.6,0.31,218,True
REQ-005769,2026-05-26,2026-05-26,,11.7,0.49,168,True
REQ-005770,2026-05-26,2026-05-26,,11.9,0.5,185,True
REQ-005771,2026-05-26,2026-05-27,2026-05-27,26.9,1.12,24,False
REQ-005772,2026-05-26,2026-05-27,,27.3,1.14,72,True
REQ-005773,2026-05-26,2026-05-27,2026-05-27,46.8,1.95,168,True
REQ-005774,2026-05-26,2026-05-28,,61.5,2.56,79,True
REQ-005775,2026-05-26,2026-05-26,2026-05-26,20.0,0.83,72,True
REQ-005776,2026-05-26,2026-05-26,2026-05-26,4.5,0.19,24,True
REQ-005777,2026-05-26,2026-05-27,2026-05-27,26.8,1.12,168,True
REQ-005778,2026-05-27,2026-05-27,2026-05-27,14.8,0.62,24,True
REQ-005779,2026-05-27,2026-05-28,,25.6,1.06,168,True
REQ-005780,2026-05-27,2026-05-28,,36.6,1.53,168,True
REQ-005781,2026-05-27,2026-05-27,2026-05-27,11.2,0.47,168,True
REQ-005782,2026-05-27,2026-05-29,2026-05-29,57.6,2.4,79,True
REQ-005783,2026-05-27,2026-05-28,2026-05-28,41.2,1.72,185,True
REQ-005784,2026-05-27,2026-05-28,2026-05-28,46.2,1.93,4,False
REQ-005785,2026-05-27,2026-05-27,2026-05-27,12.6,0.52,185,True
REQ-005786,2026-05-27,2026-05-29,2026-05-29,64.8,2.7,79,True
REQ-005787,2026-05-27,2026-05-28,2026-05-28,38.7,1.61,185,True
REQ-005788,2026-05-27,2026-05-27,2026-05-27,14.8,0.61,24,True
REQ-005789,2026-05-27,2026-05-27,2026-05-27,16.5,0.69,26,True
REQ-005790,2026-05-27,2026-05-27,2026-05-27,17.0,0.71,72,True
REQ-005791,2026-05-27,2026-05-27,2026-05-27,20.9,0.87,94,True
REQ-005792,2026-05-27,2026-05-27,2026-05-27,18.6,0.78,79,True
REQ-005793,2026-05-27,2026-05-27,2026-05-27,11.4,0.47,24,True
REQ-005794,2026-05-27,2026-05-27,2026-05-27,16.0,0.67,168,True
REQ-005795,2026-05-27,2026-05-27,2026-05-27,18.3,0.76,31,True
REQ-005796,2026-05-27,2026-05-29,,65.4,2.73,185,True
REQ-005797,2026-05-27,2026-05-28,2026-05-28,42.8,1.78,168,True
REQ-005798,2026-05-27,2026-05-28,2026-05-28,36.4,1.52,168,True
REQ-005799,2026-05-27,2026-05-28,2026-05-28,47.9,2.0,72,True
REQ-005800,2026-05-27,2026-05-28,2026-05-28,24.8,1.03,4,False
REQ-005801,2026-05-27,2026-05-28,2026-05-28,24.5,1.02,24,False
REQ-005802,2026-05-27,2026-05-29,2026-05-29,56.7,2.36,185,True
REQ-005803,2026-05-28,2026-05-29,,46.0,1.92,185,True
REQ-005804,2026-05-28,2026-05-29,2026-05-29,25.8,1.08,79,True
REQ-005805,2026-05-28,2026-05-28,,4.0,0.17,168,True
REQ-005806,2026-05-28,2026-05-29,2026-05-29,32.4,1.35,168,True
REQ-005807,2026-05-28,2026-05-30,2026-05-30,59.0,2.46,218,True
REQ-005808,2026-05-28,2026-05-28,,9.1,0.38,31,True
REQ-005809,2026-05-28,2026-05-30,2026-05-30,61.9,2.58,218,True
REQ-005810,2026-05-28,2026-05-30,2026-05-30,51.5,2.15,79,True
REQ-005811,2026-05-28,2026-05-28,,20.4,0.85,168,True
REQ-005812,2026-05-28,2026-05-28,2026-05-28,21.8,0.91,94,True
REQ-005813,2026-05-28,2026-05-28,2026-05-28,19.4,0.81,94,True
REQ-005814,2026-05-28,2026-05-28,2026-05-28,9.8,0.41,94,True
REQ-005815,2026-05-28,2026-05-28,2026-05-28,19.6,0.82,72,True
REQ-005816,2026-05-28,2026-05-28,,9.0,0.38,168,True
REQ-005817,2026-05-28,2026-05-29,2026-05-29,32.9,1.37,31,False
REQ-005818,2026-05-28,2026-05-28,,21.7,0.91,168,True
REQ-005819,2026-05-28,2026-05-28,2026-05-28,19.6,0.82,218,True
REQ-005820,2026-05-28,2026-05-29,,40.6,1.69,185,True
REQ-005822,2026-05-28,2026-05-28,2026-05-28,16.0,0.67,218,True
REQ-005823,2026-05-28,2026-05-28,2026-05-28,17.6,0.73,24,True
REQ-005824,2026-05-28,2026-05-29,,27.3,1.14,24,False
REQ-005825,2026-05-28,2026-05-30,2026-05-30,61.7,2.57,72,True
REQ-005826,2026-05-28,2026-05-29,,37.0,1.54,168,True
REQ-005827,2026-05-28,2026-05-29,2026-05-29,32.3,1.35,24,False
REQ-005828,2026-05-28,2026-05-29,2026-05-29,36.8,1.53,94,True
REQ-005829,2026-05-28,2026-05-28,,5.1,0.21,24,True
REQ-005830,2026-05-28,2026-05-28,2026-05-28,12.1,0.5,94,True
REQ-005831,2026-05-28,2026-05-31,,77.5,3.23,185,True
REQ-005832,2026-05-29,2026-06-02,2026-06-02,97.5,4.06,185,True
REQ-005833,2026-05-29,2026-05-31,2026-05-31,49.5,2.06,218,True
REQ-005834,2026-05-29,2026-05-31,2026-05-31,61.1,2.55,218,True
REQ-005835,2026-05-29,2026-05-29,2026-05-29,7.2,0.3,79,True
REQ-005836,2026-05-29,2026-05-30,2026-05-30,27.2,1.13,218,True
REQ-005837,2026-05-29,2026-05-29,,18.2,0.76,218,True
REQ-005838,2026-05-29,2026-05-29,2026-05-29,14.5,0.61,24,True
REQ-005839,2026-05-29,2026-05-30,,34.5,1.44,168,True
REQ-005840,2026-05-29,2026-06-01,2026-06-01,82.5,3.44,168,True
REQ-005841,2026-05-29,2026-05-29,2026-05-29,7.7,0.32,168,True
REQ-005842,2026-05-29,2026-05-30,2026-05-30,25.4,1.06,72,True
REQ-005843,2026-05-29,2026-05-30,2026-05-30,37.4,1.56,72,True
REQ-005844,2026-05-29,2026-05-30,2026-05-30,27.3,1.14,94,True
REQ-005845,2026-05-29,2026-05-29,2026-05-29,13.7,0.57,168,True
REQ-005846,2026-05-29,2026-05-29,,22.5,0.94,94,True
REQ-005847,2026-05-29,2026-06-01,,87.5,3.65,168,True
REQ-005848,2026-05-29,2026-06-01,,72.5,3.02,168,True
REQ-005849,2026-05-29,2026-05-30,2026-05-30,25.7,1.07,168,True
REQ-005850,2026-05-29,2026-05-29,2026-05-29,11.5,0.48,5,False
REQ-005851,2026-05-29,2026-05-29,,23.0,0.96,185,True
REQ-005852,2026-05-29,2026-05-29,2026-05-29,12.0,0.5,4,False
REQ-005853,2026-05-29,2026-05-29,,20.9,0.87,26,True
REQ-005854,2026-05-29,2026-05-30,,33.2,1.38,72,True
REQ-005855,2026-05-29,2026-05-29,2026-05-29,18.5,0.77,168,True
REQ-005856,2026-05-30,2026-05-30,2026-05-30,7.7,0.32,24,True
REQ-005857,2026-05-30,2026-05-30,,9.7,0.4,185,True
REQ-005858,2026-05-30,2026-05-30,2026-05-30,7.2,0.3,168,True
REQ-005860,2026-05-30,2026-05-30,2026-05-30,19.6,0.82,168,True
REQ-005861,2026-05-30,2026-05-30,2026-05-30,7.5,0.31,94,True
REQ-005862,2026-05-30,2026-05-30,2026-05-30,19.5,0.81,4,False
REQ-005863,2026-05-30,2026-05-30,2026-05-30,17.7,0.74,24,True
REQ-005864,2026-05-30,2026-06-02,2026-06-02,91.1,3.8,185,True
REQ-005865,2026-05-30,2026-05-30,2026-05-30,1.6,0.07,24,True
REQ-005866,2026-05-30,2026-05-30,2026-05-30,10.1,0.42,168,True
REQ-005867,2026-05-30,2026-05-30,2026-05-30,15.0,0.62,72,True
REQ-005868,2026-05-30,2026-06-01,2026-06-01,49.6,2.07,168,True
REQ-005869,2026-05-30,2026-05-30,2026-05-30,23.8,0.99,168,True
REQ-005870,2026-05-30,2026-06-02,2026-06-02,80.7,3.36,185,True
REQ-005871,2026-05-31,2026-06-01,,44.8,1.87,72,True
REQ-005872,2026-05-31,2026-06-01,,41.1,1.71,94,True
REQ-005873,2026-05-31,2026-06-02,2026-06-02,59.9,2.5,79,True
REQ-005874,2026-05-31,2026-06-01,,26.4,1.1,72,True
REQ-005875,2026-05-31,2026-06-01,,46.6,1.94,185,True
REQ-005877,2026-05-31,2026-05-31,2026-05-31,19.8,0.83,168,True
REQ-005878,2026-05-31,2026-05-31,2026-05-31,12.3,0.51,168,True
REQ-005879,2026-06-01,2026-06-01,,3.8,0.16,168,True
REQ-005880,2026-06-01,2026-06-02,2026-06-02,30.1,1.25,94,True
REQ-005881,2026-06-01,2026-06-02,2026-06-02,34.7,1.45,168,True
REQ-005883,2026-06-01,2026-06-02,2026-06-02,43.5,1.81,185,True
REQ-005884,2026-06-01,2026-06-02,2026-06-02,35.8,1.49,168,True
REQ-005885,2026-06-01,2026-06-02,,45.6,1.9,94,True
REQ-005886,2026-06-01,2026-06-01,,13.3,0.55,24,True
REQ-005887,2026-06-01,2026-06-01,2026-06-01,21.0,0.87,168,True
REQ-005888,2026-06-01,2026-06-02,2026-06-02,42.1,1.75,94,True
REQ-005889,2026-06-01,2026-06-01,2026-06-01,19.9,0.83,168,True
REQ-005891,2026-06-01,2026-06-02,2026-06-02,24.7,1.03,168,True
REQ-005892,2026-06-01,2026-06-03,2026-06-03,54.4,2.27,168,True
REQ-005893,2026-06-01,2026-06-01,,15.0,0.63,168,True
REQ-005894,2026-06-01,2026-06-01,,21.4,0.89,218,True
REQ-005895,2026-06-01,2026-06-02,2026-06-02,24.4,1.02,218,True
REQ-005896,2026-06-01,2026-06-03,2026-06-03,61.7,2.57,218,True
REQ-005897,2026-06-01,2026-06-02,,24.7,1.03,168,True
REQ-005898,2026-06-01,2026-06-01,2026-06-01,17.9,0.75,72,True
REQ-005900,2026-06-01,2026-06-02,,42.1,1.75,185,True
REQ-005901,2026-06-01,2026-06-02,2026-06-02,42.4,1.76,26,False
REQ-005903,2026-06-01,2026-06-01,2026-06-01,21.1,0.88,72,True
REQ-005904,2026-06-01,2026-06-01,2026-06-01,17.7,0.74,168,True
REQ-005905,2026-06-01,2026-06-01,2026-06-01,4.5,0.19,24,True
REQ-005906,2026-06-01,2026-06-01,2026-06-01,2.0,0.08,168,True
REQ-005907,2026-06-02,2026-06-03,,34.7,1.45,185,True
REQ-005908,2026-06-02,2026-06-03,2026-06-03,30.9,1.29,168,True
REQ-005909,2026-06-02,2026-06-02,,11.4,0.48,79,True
REQ-005910,2026-06-02,2026-06-04,2026-06-04,61.8,2.57,72,True
REQ-005911,2026-06-02,2026-06-02,2026-06-02,16.9,0.7,218,True
REQ-005912,2026-06-02,2026-06-03,2026-06-03,46.9,1.96,79,True
REQ-005913,2026-06-02,2026-06-02,2026-06-02,12.3,0.51,31,True
REQ-005914,2026-06-02,2026-06-03,,41.9,1.75,94,True
REQ-005915,2026-06-02,2026-06-03,2026-06-03,33.6,1.4,72,True
REQ-005916,2026-06-02,2026-06-02,,13.3,0.55,5,False
REQ-005917,2026-06-02,2026-06-07,2026-06-07,129.4,5.39,185,True
REQ-005918,2026-06-02,2026-06-02,,13.5,0.56,24,True
REQ-005919,2026-06-02,2026-06-03,2026-06-03,29.9,1.25,218,True
REQ-005920,2026-06-02,2026-06-02,,10.4,0.43,94,True
REQ-005921,2026-06-02,2026-06-02,,17.2,0.72,26,True
REQ-005922,2026-06-02,2026-06-02,2026-06-02,9.8,0.41,31,True
REQ-005923,2026-06-02,2026-06-02,2026-06-02,18.6,0.78,94,True
REQ-005924,2026-06-02,2026-06-04,,58.8,2.45,94,True
REQ-005925,2026-06-02,2026-06-04,2026-06-04,55.8,2.33,72,True
REQ-005926,2026-06-02,2026-06-02,,10.7,0.45,31,True
REQ-005927,2026-06-02,2026-06-03,,27.8,1.16,168,True
REQ-005928,2026-06-02,2026-06-02,2026-06-02,23.7,0.99,94,True
REQ-005929,2026-06-02,2026-06-03,,28.9,1.21,72,True
REQ-005930,2026-06-02,2026-06-02,2026-06-02,23.3,0.97,72,True
REQ-005931,2026-06-02,2026-06-04,,52.6,2.19,218,True
REQ-005932,2026-06-02,2026-06-03,2026-06-03,29.2,1.22,218,True
REQ-005933,2026-06-02,2026-06-03,2026-06-03,46.9,1.95,218,True
REQ-005934,2026-06-02,2026-06-02,,2.3,0.1,218,True
REQ-005935,2026-06-02,2026-06-05,,87.6,3.65,79,False
REQ-005936,2026-06-02,2026-06-03,,39.9,1.66,94,True
REQ-005937,2026-06-02,2026-06-03,2026-06-03,28.6,1.19,168,True
REQ-005938,2026-06-02,2026-06-02,2026-06-02,13.2,0.55,79,True
REQ-005939,2026-06-03,2026-06-05,2026-06-05,59.4,2.48,218,True
REQ-005940,2026-06-03,2026-06-03,,10.4,0.43,168,True
REQ-005942,2026-06-03,2026-06-06,2026-06-06,76.7,3.19,168,True
REQ-005943,2026-06-03,2026-06-03,2026-06-03,18.3,0.76,218,True
REQ-005944,2026-06-03,2026-06-05,,66.9,2.79,168,True
REQ-005945,2026-06-03,2026-06-03,2026-06-03,6.8,0.28,24,True
REQ-005946,2026-06-03,2026-06-05,,60.3,2.51,168,True
REQ-005947,2026-06-03,2026-06-04,2026-06-04,39.7,1.66,24,False
REQ-005948,2026-06-03,2026-06-03,2026-06-03,10.3,0.43,31,True
REQ-005949,2026-06-03,2026-06-03,,11.8,0.49,185,True
REQ-005950,2026-06-03,2026-06-05,2026-06-05,71.8,2.99,168,True
REQ-005951,2026-06-03,2026-06-04,,40.4,1.68,218,True
REQ-005952,2026-06-03,2026-06-04,2026-06-04,29.0,1.21,5,False
REQ-005953,2026-06-03,2026-06-03,2026-06-03,16.3,0.68,72,True
REQ-005955,2026-06-03,2026-06-03,2026-06-03,17.9,0.75,72,True
REQ-005956,2026-06-03,2026-06-05,2026-06-05,58.9,2.45,168,True
REQ-005957,2026-06-03,2026-06-04,2026-06-04,45.7,1.91,185,True
REQ-005958,2026-06-03,2026-06-03,,15.1,0.63,168,True
REQ-005959,2026-06-03,2026-06-06,2026-06-06,73.4,3.06,218,True
REQ-005960,2026-06-03,2026-06-03,2026-06-03,10.2,0.43,24,True
REQ-005961,2026-06-03,2026-06-04,2026-06-04,24.2,1.01,168,True
REQ-005962,2026-06-03,2026-06-03,2026-06-03,19.2,0.8,72,True
REQ-005963,2026-06-03,2026-06-03,2026-06-03,17.4,0.72,24,True
REQ-005964,2026-06-03,2026-06-05,2026-06-05,54.1,2.25,72,True
REQ-005965,2026-06-03,2026-06-05,,49.4,2.06,26,False
REQ-005966,2026-06-03,2026-06-04,,40.6,1.69,168,True
REQ-005967,2026-06-03,2026-06-04,2026-06-04,34.4,1.43,168,True
REQ-005969,2026-06-03,2026-06-03,2026-06-03,4.2,0.17,24,True
REQ-005970,2026-06-04,2026-06-05,,31.1,1.3,72,True
REQ-005971,2026-06-04,2026-06-05,,30.5,1.27,218,True
REQ-005972,2026-06-04,2026-06-05,2026-06-05,33.6,1.4,94,True
REQ-005973,2026-06-04,2026-06-04,2026-06-04,19.9,0.83,168,True
REQ-005974,2026-06-04,2026-06-05,,24.6,1.02,79,True
REQ-005975,2026-06-04,2026-06-04,2026-06-04,19.9,0.83,72,True
REQ-005976,2026-06-04,2026-06-05,2026-06-05,26.0,1.08,72,True
REQ-005977,2026-06-04,2026-06-07,,72.0,3.0,168,True
REQ-005978,2026-06-04,2026-06-06,2026-06-06,50.9,2.12,168,True
REQ-005979,2026-06-04,2026-06-04,2026-06-04,11.5,0.48,185,True
REQ-005980,2026-06-04,2026-06-04,2026-06-04,6.1,0.26,26,True
REQ-005981,2026-06-04,2026-06-05,,38.2,1.59,94,True
REQ-005982,2026-06-04,2026-06-05,2026-06-05,31.2,1.3,72,True
REQ-005983,2026-06-04,2026-06-09,,124.3,5.18,185,True
REQ-005984,2026-06-04,2026-06-04,2026-06-04,19.6,0.81,168,True
REQ-005985,2026-06-04,2026-06-05,,24.9,1.04,185,True
REQ-005986,2026-06-04,2026-06-04,2026-06-04,16.6,0.69,4,False
REQ-005988,2026-06-04,2026-06-04,,23.7,0.99,72,True
REQ-005989,2026-06-04,2026-06-04,2026-06-04,18.2,0.76,168,True
REQ-005990,2026-06-04,2026-06-05,,45.2,1.88,94,True
REQ-005991,2026-06-04,2026-06-07,2026-06-07,82.0,3.42,79,False
REQ-005992,2026-06-04,2026-06-05,,43.6,1.82,168,True
REQ-005993,2026-06-04,2026-06-04,2026-06-04,6.5,0.27,72,True
REQ-005994,2026-06-04,2026-06-05,,45.6,1.9,185,True
REQ-005995,2026-06-04,2026-06-04,2026-06-04,7.6,0.32,4,False
REQ-005996,2026-06-04,2026-06-05,,28.4,1.18,168,True
REQ-005997,2026-06-04,2026-06-07,2026-06-07,75.6,3.15,94,True
REQ-005998,2026-06-04,2026-06-04,2026-06-04,14.6,0.61,218,True
REQ-005999,2026-06-05,2026-06-05,2026-06-05,10.5,0.44,24,True
REQ-006000,2026-06-05,2026-06-05,,12.2,0.51,168,True
REQ-006001,2026-06-05,2026-06-05,,12.4,0.52,218,True
REQ-006002,2026-06-05,2026-06-06,2026-06-06,26.0,1.08,72,True
REQ-006003,2026-06-05,2026-06-05,,5.5,0.23,94,True
REQ-006004,2026-06-05,2026-06-05,,9.8,0.41,168,True
REQ-006005,2026-06-05,2026-06-06,2026-06-06,32.7,1.36,218,True
REQ-006006,2026-06-05,2026-06-05,2026-06-05,12.0,0.5,94,True
REQ-006007,2026-06-05,2026-06-06,,41.7,1.74,168,True
REQ-006008,2026-06-05,2026-06-05,,21.3,0.89,79,True
REQ-006009,2026-06-05,2026-06-05,2026-06-05,16.8,0.7,185,True
REQ-006010,2026-06-05,2026-06-06,,37.1,1.55,168,True
REQ-006011,2026-06-05,2026-06-06,2026-06-06,31.9,1.33,24,False
REQ-006012,2026-06-05,2026-06-05,,3.5,0.14,168,True
REQ-006013,2026-06-05,2026-06-05,,20.0,0.84,168,True
REQ-006014,2026-06-05,2026-06-05,2026-06-05,16.3,0.68,5,False
REQ-006015,2026-06-05,2026-06-07,2026-06-07,52.0,2.17,185,True
REQ-006016,2026-06-05,2026-06-06,,39.6,1.65,72,True
REQ-006017,2026-06-05,2026-06-06,,27.1,1.13,168,True
REQ-006018,2026-06-05,2026-06-06,,26.2,1.09,218,True
REQ-006019,2026-06-06,2026-06-08,,65.6,2.73,168,True
REQ-006020,2026-06-06,2026-06-06,,13.4,0.56,185,True
REQ-006021,2026-06-06,2026-06-06,2026-06-06,11.1,0.46,218,True
REQ-006022,2026-06-06,2026-06-06,2026-06-06,17.5,0.73,24,True
REQ-006023,2026-06-06,2026-06-06,2026-06-06,10.4,0.43,218,True
REQ-006025,2026-06-06,2026-06-08,,56.3,2.35,185,True
REQ-006026,2026-06-06,2026-06-06,2026-06-06,8.3,0.34,72,True
REQ-006027,2026-06-06,2026-06-06,,11.3,0.47,24,True
REQ-006028,2026-06-06,2026-06-06,2026-06-06,1.8,0.08,4,True
REQ-006029,2026-06-06,2026-06-06,2026-06-06,9.0,0.38,26,True
REQ-006030,2026-06-06,2026-06-06,2026-06-06,10.2,0.42,31,True
REQ-006031,2026-06-06,2026-06-06,2026-06-06,22.5,0.94,168,True
REQ-006032,2026-06-06,2026-06-08,2026-06-08,55.0,2.29,218,True
REQ-006034,2026-06-07,2026-06-11,,106.5,4.44,168,True
REQ-006035,2026-06-07,2026-06-08,2026-06-08,36.7,1.53,24,False
REQ-006036,2026-06-07,2026-06-08,2026-06-08,33.0,1.37,72,True
REQ-006037,2026-06-07,2026-06-07,2026-06-07,18.2,0.76,24,True
REQ-006038,2026-06-07,2026-06-07,2026-06-07,8.4,0.35,24,True
REQ-006039,2026-06-07,2026-06-07,2026-06-07,6.1,0.25,94,True
REQ-006040,2026-06-07,2026-06-07,,14.4,0.6,72,True
REQ-006041,2026-06-07,2026-06-08,,38.1,1.59,218,True
REQ-006042,2026-06-07,2026-06-11,2026-06-11,105.2,4.38,168,True
REQ-006043,2026-06-07,2026-06-08,,38.2,1.59,185,True
REQ-006044,2026-06-08,2026-06-08,2026-06-08,5.1,0.21,26,True
REQ-006046,2026-06-08,2026-06-09,2026-06-09,45.9,1.91,218,True
REQ-006047,2026-06-08,2026-06-09,2026-06-09,29.7,1.24,94,True
REQ-006048,2026-06-08,2026-06-08,2026-06-08,8.8,0.37,5,False
REQ-006049,2026-06-08,2026-06-08,2026-06-08,15.5,0.65,72,True
REQ-006050,2026-06-08,2026-06-09,,30.8,1.28,185,True
REQ-006051,2026-06-08,2026-06-10,,69.9,2.91,218,True
REQ-006052,2026-06-08,2026-06-10,2026-06-10,71.2,2.97,26,False
REQ-006053,2026-06-08,2026-06-10,,63.1,2.63,94,True
REQ-006054,2026-06-08,2026-06-08,,17.2,0.72,31,True
REQ-006055,2026-06-08,2026-06-09,,29.4,1.23,26,False
REQ-006056,2026-06-08,2026-06-08,,16.8,0.7,168,True
REQ-006057,2026-06-08,2026-06-08,2026-06-08,21.2,0.88,72,True
REQ-006058,2026-06-08,2026-06-09,2026-06-09,31.9,1.33,168,True
REQ-006059,2026-06-08,2026-06-09,2026-06-09,36.2,1.51,218,True
REQ-006060,2026-06-08,2026-06-09,,43.6,1.82,168,True
REQ-006061,2026-06-08,2026-06-12,2026-06-12,117.6,4.9,218,True
REQ-006062,2026-06-08,2026-06-09,,31.6,1.32,218,True
REQ-006063,2026-06-08,2026-06-08,,17.8,0.74,168,True
REQ-006064,2026-06-08,2026-06-10,2026-06-10,61.3,2.56,218,True
REQ-006065,2026-06-08,2026-06-08,,7.8,0.33,4,False
REQ-006066,2026-06-08,2026-06-08,2026-06-08,20.8,0.86,72,True
REQ-006067,2026-06-08,2026-06-10,,54.9,2.29,168,True
REQ-006068,2026-06-09,2026-06-11,2026-06-11,57.6,2.4,168,True
REQ-006069,2026-06-09,2026-06-09,2026-06-09,15.7,0.66,26,True
REQ-006070,2026-06-09,2026-06-09,,5.7,0.24,218,True
REQ-006071,2026-06-09,2026-06-10,2026-06-10,46.9,1.95,168,True
REQ-006072,2026-06-09,2026-06-11,2026-06-11,69.5,2.89,218,True
REQ-006073,2026-06-09,2026-06-10,,25.0,1.04,94,True
REQ-006074,2026-06-09,2026-06-10,2026-06-10,27.5,1.15,168,True
REQ-006075,2026-06-09,2026-06-12,2026-06-12,93.2,3.88,218,True
REQ-006076,2026-06-09,2026-06-09,2026-06-09,13.0,0.54,168,True
REQ-006077,2026-06-09,2026-06-11,,58.2,2.43,168,True
REQ-006078,2026-06-09,2026-06-15,,148.7,6.19,185,True
REQ-006079,2026-06-09,2026-06-10,2026-06-10,32.3,1.35,79,True
REQ-006080,2026-06-09,2026-06-09,2026-06-09,15.9,0.66,24,True
REQ-006081,2026-06-09,2026-06-10,2026-06-10,29.6,1.23,72,True
REQ-006082,2026-06-09,2026-06-09,,19.1,0.8,185,True
REQ-006083,2026-06-09,2026-06-12,2026-06-12,76.1,3.17,168,True
REQ-006084,2026-06-09,2026-06-09,2026-06-09,20.6,0.86,185,True
REQ-006085,2026-06-09,2026-06-13,2026-06-13,106.5,4.44,218,True
REQ-006086,2026-06-09,2026-06-09,2026-06-09,6.8,0.28,185,True
REQ-006087,2026-06-09,2026-06-09,2026-06-09,12.0,0.5,168,True
REQ-006088,2026-06-09,2026-06-10,,35.2,1.47,168,True
REQ-006089,2026-06-09,2026-06-10,2026-06-10,32.1,1.34,168,True
REQ-006092,2026-06-09,2026-06-10,2026-06-10,30.1,1.25,31,True
REQ-006093,2026-06-10,2026-06-10,,20.4,0.85,168,True
REQ-006094,2026-06-10,2026-06-10,2026-06-10,10.0,0.42,72,True
REQ-006095,2026-06-10,2026-06-11,2026-06-11,41.5,1.73,26,False
REQ-006096,2026-06-10,2026-06-10,,21.7,0.9,218,True
REQ-006097,2026-06-10,2026-06-12,2026-06-12,71.4,2.98,185,True
REQ-006098,2026-06-10,2026-06-10,2026-06-10,9.7,0.4,218,True
REQ-006099,2026-06-10,2026-06-10,2026-06-10,2.2,0.09,4,True
REQ-006101,2026-06-10,2026-06-10,2026-06-10,19.9,0.83,26,True
REQ-006102,2026-06-10,2026-06-12,2026-06-12,70.9,2.96,79,True
REQ-006104,2026-06-10,2026-06-11,2026-06-11,41.0,1.71,168,True
REQ-006105,2026-06-10,2026-06-11,2026-06-11,26.3,1.1,168,True
REQ-006106,2026-06-10,2026-06-11,2026-06-11,26.0,1.08,185,True
REQ-006107,2026-06-10,2026-06-11,2026-06-11,43.8,1.83,168,True
REQ-006108,2026-06-10,2026-06-13,2026-06-13,79.4,3.31,218,True
REQ-006109,2026-06-10,2026-06-10,2026-06-10,22.9,0.95,31,True
REQ-006110,2026-06-10,2026-06-11,2026-06-11,40.1,1.67,168,True
REQ-006111,2026-06-10,2026-06-12,2026-06-12,63.4,2.64,185,True
REQ-006112,2026-06-10,2026-06-10,2026-06-10,21.8,0.91,72,True
REQ-006114,2026-06-11,2026-06-12,,30.0,1.25,72,True
REQ-006115,2026-06-11,2026-06-11,2026-06-11,10.6,0.44,94,True
REQ-006116,2026-06-11,2026-06-12,2026-06-12,42.5,1.77,185,True
REQ-006117,2026-06-11,2026-06-12,,39.6,1.65,218,True
REQ-006118,2026-06-11,2026-06-13,2026-06-13,57.3,2.39,94,True
REQ-006119,2026-06-11,2026-06-11,2026-06-11,8.6,0.36,72,True
REQ-006120,2026-06-11,2026-06-18,2026-06-18,181.3,7.55,185,True
REQ-006121,2026-06-11,2026-06-11,2026-06-11,12.2,0.51,72,True
REQ-006122,2026-06-11,2026-06-11,,7.6,0.32,218,True
REQ-006123,2026-06-11,2026-06-12,2026-06-12,28.6,1.19,72,True
REQ-006124,2026-06-11,2026-06-12,,37.7,1.57,168,True
REQ-006125,2026-06-11,2026-06-12,2026-06-12,40.2,1.67,218,True
REQ-006126,2026-06-11,2026-06-11,2026-06-11,16.7,0.7,168,True
REQ-006127,2026-06-11,2026-06-11,2026-06-11,22.7,0.95,168,True
REQ-006128,2026-06-11,2026-06-13,2026-06-13,52.2,2.17,168,True
REQ-006129,2026-06-11,2026-06-11,2026-06-11,12.8,0.53,24,True
REQ-006130,2026-06-11,2026-06-13,2026-06-13,58.4,2.43,218,True
REQ-006131,2026-06-11,2026-06-12,,33.9,1.41,72,True
REQ-006132,2026-06-11,2026-06-12,,34.7,1.45,218,True
REQ-006133,2026-06-11,2026-06-11,2026-06-11,1.3,0.05,72,True
REQ-006134,2026-06-11,2026-06-11,2026-06-11,14.1,0.59,31,True
REQ-006135,2026-06-11,2026-06-12,,24.9,1.04,72,True
REQ-006136,2026-06-11,2026-06-12,,34.0,1.42,218,True
REQ-006137,2026-06-11,2026-06-12,,31.0,1.29,72,True
REQ-006138,2026-06-11,2026-06-11,,21.1,0.88,24,True
REQ-006139,2026-06-11,2026-06-13,2026-06-13,57.1,2.38,185,True
REQ-006140,2026-06-11,2026-06-12,,32.4,1.35,79,True
REQ-006141,2026-06-11,2026-06-12,,28.9,1.21,218,True
REQ-006143,2026-06-11,2026-06-13,2026-06-13,68.1,2.84,218,True
REQ-006144,2026-06-11,2026-06-11,2026-06-11,12.8,0.53,4,False
REQ-006145,2026-06-11,2026-06-12,,32.3,1.35,72,True
REQ-006146,2026-06-11,2026-06-11,2026-06-11,16.8,0.7,4,False
REQ-006147,2026-06-11,2026-06-13,,50.4,2.1,168,True
REQ-006148,2026-06-11,2026-06-12,,43.4,1.81,72,True
REQ-006149,2026-06-12,2026-06-12,,2.3,0.09,185,True
REQ-006150,2026-06-12,2026-06-13,,24.6,1.02,79,True
REQ-006151,2026-06-12,2026-06-12,,7.6,0.32,185,True
REQ-006152,2026-06-12,2026-06-13,2026-06-13,36.0,1.5,79,True
REQ-006153,2026-06-12,2026-06-13,2026-06-13,39.7,1.66,168,True
REQ-006154,2026-06-12,2026-06-12,2026-06-12,21.2,0.88,185,True
REQ-006156,2026-06-12,2026-06-12,,4.2,0.17,72,True
REQ-006157,2026-06-12,2026-06-12,,4.3,0.18,4,False
REQ-006158,2026-06-12,2026-06-13,,31.1,1.29,79,True
REQ-006159,2026-06-12,2026-06-15,,74.7,3.11,168,True
REQ-006160,2026-06-12,2026-06-13,,32.3,1.35,79,True
REQ-006161,2026-06-12,2026-06-12,,10.4,0.43,24,True
REQ-006162,2026-06-12,2026-06-13,,38.3,1.6,168,True
REQ-006163,2026-06-12,2026-06-15,,87.2,3.63,168,True
REQ-006164,2026-06-12,2026-06-15,,73.6,3.07,168,True
REQ-006165,2026-06-12,2026-06-15,,78.1,3.25,185,True
REQ-006167,2026-06-12,2026-06-13,,25.8,1.07,218,True
REQ-006168,2026-06-12,2026-06-12,,23.7,0.99,218,True
REQ-006169,2026-06-12,2026-06-13,2026-06-13,25.4,1.06,72,True
REQ-006170,2026-06-12,2026-06-15,,90.0,3.75,218,True
REQ-006171,2026-06-12,2026-06-12,,21.8,0.91,72,True
REQ-006172,2026-06-12,2026-06-13,2026-06-13,32.7,1.36,31,False
REQ-006173,2026-06-12,2026-06-12,,18.9,0.79,185,True
REQ-006174,2026-06-12,2026-06-12,2026-06-12,15.0,0.63,72,True
REQ-006175,2026-06-12,2026-06-13,,44.2,1.84,26,False
REQ-006176,2026-06-12,2026-06-12,2026-06-12,14.9,0.62,94,True
REQ-006178,2026-06-12,2026-06-13,2026-06-13,46.2,1.93,94,True
REQ-006179,2026-06-13,2026-06-13,,21.6,0.9,168,True
REQ-006180,2026-06-13,2026-06-14,,28.6,1.19,185,True
REQ-006181,2026-06-13,2026-06-14,2026-06-14,29.2,1.22,79,True
REQ-006182,2026-06-13,2026-06-15,,51.9,2.16,168,True
REQ-006183,2026-06-13,2026-06-14,2026-06-14,32.3,1.35,94,True
REQ-006184,2026-06-13,2026-06-15,,56.7,2.36,168,True
REQ-006185,2026-06-13,2026-06-16,,95.4,3.98,168,True
REQ-006186,2026-06-13,2026-06-13,,7.7,0.32,168,True
REQ-006187,2026-06-13,2026-06-15,,48.4,2.02,185,True
REQ-006188,2026-06-13,2026-06-14,,29.9,1.25,168,True
REQ-006189,2026-06-13,2026-06-14,2026-06-14,42.1,1.75,94,True
REQ-006190,2026-06-13,2026-06-13,,14.4,0.6,24,True
REQ-006191,2026-06-13,2026-06-13,2026-06-13,8.0,0.33,31,True
REQ-006192,2026-06-14,2026-06-14,,10.2,0.43,168,True
REQ-006193,2026-06-14,2026-06-15,,24.3,1.01,72,True
REQ-006194,2026-06-14,2026-06-17,2026-06-17,88.4,3.68,168,True
REQ-006195,2026-06-14,2026-06-16,2026-06-16,54.8,2.28,185,True
REQ-006196,2026-06-14,2026-06-14,2026-06-14,4.1,0.17,24,True
REQ-006197,2026-06-14,2026-06-16,2026-06-16,50.9,2.12,185,True
REQ-006198,2026-06-14,2026-06-14,,22.4,0.93,185,True
REQ-006199,2026-06-14,2026-06-14,2026-06-14,9.8,0.41,24,True
REQ-006200,2026-06-14,2026-06-14,2026-06-14,4.5,0.19,4,False
REQ-006201,2026-06-14,2026-06-16,2026-06-16,62.9,2.62,94,True
REQ-006202,2026-06-14,2026-06-14,2026-06-14,22.5,0.94,72,True
REQ-006203,2026-06-14,2026-06-14,2026-06-14,9.0,0.37,218,True
REQ-006204,2026-06-15,2026-06-15,,23.3,0.97,218,True
REQ-006205,2026-06-15,2026-06-17,2026-06-17,51.8,2.16,94,True
REQ-006206,2026-06-15,2026-06-16,2026-06-16,31.2,1.3,185,True
REQ-006207,2026-06-15,2026-06-16,,36.0,1.5,218,True
REQ-006208,2026-06-15,2026-06-15,2026-06-15,7.5,0.31,185,True
REQ-006209,2026-06-15,2026-06-18,2026-06-18,87.2,3.63,185,True
REQ-006210,2026-06-15,2026-06-18,2026-06-18,75.3,3.14,218,True
REQ-006211,2026-06-15,2026-06-16,,29.9,1.25,31,True
REQ-006212,2026-06-15,2026-06-17,2026-06-17,71.3,2.97,72,True
REQ-006213,2026-06-15,2026-06-15,,17.7,0.74,185,True
REQ-006214,2026-06-15,2026-06-16,,43.1,1.8,218,True
REQ-006216,2026-06-15,2026-06-17,2026-06-17,48.6,2.02,168,True
REQ-006217,2026-06-15,2026-06-15,,18.8,0.78,168,True
REQ-006218,2026-06-15,2026-06-15,,19.9,0.83,72,True
REQ-006219,2026-06-15,2026-06-16,,27.8,1.16,168,True
REQ-006220,2026-06-15,2026-06-15,2026-06-15,7.6,0.31,4,False
REQ-006221,2026-06-15,2026-06-19,,115.0,4.79,168,True
REQ-006222,2026-06-15,2026-06-17,,51.6,2.15,79,True
REQ-006223,2026-06-15,2026-06-16,2026-06-16,33.2,1.38,185,True
REQ-006224,2026-06-15,2026-06-17,2026-06-17,63.8,2.66,72,True
REQ-006225,2026-06-15,2026-06-15,2026-06-15,20.8,0.87,94,True
REQ-006226,2026-06-16,2026-06-16,2026-06-16,12.3,0.51,168,True
REQ-006227,2026-06-16,2026-06-16,2026-06-16,12.4,0.52,79,True
REQ-006228,2026-06-16,2026-06-17,2026-06-17,40.0,1.67,185,True
REQ-006229,2026-06-16,2026-06-16,2026-06-16,22.6,0.94,79,True
REQ-006230,2026-06-16,2026-06-16,2026-06-16,2.3,0.1,218,True
REQ-006231,2026-06-16,2026-06-17,,33.1,1.38,31,False
REQ-006232,2026-06-16,2026-06-16,2026-06-16,11.3,0.47,168,True
REQ-006233,2026-06-16,2026-06-16,,5.2,0.22,185,True
REQ-006235,2026-06-16,2026-06-16,2026-06-16,11.7,0.49,185,True
REQ-006236,2026-06-16,2026-06-18,,65.5,2.73,94,True
REQ-006237,2026-06-16,2026-06-17,2026-06-17,44.7,1.86,26,False
REQ-006238,2026-06-16,2026-06-18,2026-06-18,51.9,2.16,72,True
REQ-006239,2026-06-16,2026-06-18,,71.8,2.99,79,True
REQ-006240,2026-06-16,2026-06-16,2026-06-16,10.4,0.43,72,True
REQ-006242,2026-06-16,2026-06-16,,23.4,0.98,185,True
REQ-006243,2026-06-16,2026-06-16,2026-06-16,6.7,0.28,24,True
REQ-006244,2026-06-16,2026-06-16,2026-06-16,17.7,0.74,218,True
REQ-006245,2026-06-16,2026-06-19,,74.2,3.09,168,True
REQ-006246,2026-06-16,2026-06-17,2026-06-17,25.4,1.06,168,True
REQ-006247,2026-06-16,2026-06-17,2026-06-17,26.6,1.11,218,True
REQ-006248,2026-06-16,2026-06-16,,11.0,0.46,72,True
REQ-006249,2026-06-16,2026-06-16,,18.4,0.77,185,True
REQ-006250,2026-06-16,2026-06-17,2026-06-17,31.3,1.31,24,False
REQ-006251,2026-06-16,2026-06-16,,3.9,0.16,79,True
REQ-006253,2026-06-16,2026-06-16,,22.5,0.94,24,True
REQ-006254,2026-06-16,2026-06-16,,13.8,0.57,4,False
REQ-006255,2026-06-16,2026-06-16,2026-06-16,11.0,0.46,31,True
REQ-006256,2026-06-16,2026-06-18,,59.3,2.47,185,True
REQ-006257,2026-06-16,2026-06-16,,1.1,0.04,168,True
REQ-006258,2026-06-16,2026-06-16,2026-06-16,11.5,0.48,24,True
REQ-006259,2026-06-16,2026-06-16,2026-06-16,23.2,0.97,31,True
REQ-006260,2026-06-16,2026-06-17,,34.8,1.45,94,True
REQ-006261,2026-06-16,2026-06-18,2026-06-18,58.7,2.44,94,True
REQ-006262,2026-06-16,2026-06-17,2026-06-17,46.1,1.92,168,True
REQ-006263,2026-06-16,2026-06-17,2026-06-17,37.7,1.57,218,True
REQ-006264,2026-06-16,2026-06-19,2026-06-19,78.9,3.29,218,True
REQ-006265,2026-06-16,2026-06-16,2026-06-16,6.4,0.27,24,True
REQ-006266,2026-06-17,2026-06-18,2026-06-18,28.3,1.18,72,True
REQ-006267,2026-06-17,2026-06-18,2026-06-18,39.6,1.65,168,True
REQ-006268,2026-06-17,2026-06-19,2026-06-19,69.6,2.9,185,True
REQ-006269,2026-06-17,2026-06-17,2026-06-17,14.4,0.6,218,True
REQ-006270,2026-06-17,2026-06-18,2026-06-18,34.2,1.43,72,True
REQ-006271,2026-06-17,2026-06-17,2026-06-17,10.2,0.42,72,True
REQ-006272,2026-06-17,2026-06-18,2026-06-18,26.4,1.1,31,True
REQ-006273,2026-06-17,2026-06-17,,11.0,0.46,94,True
REQ-006274,2026-06-17,2026-06-18,2026-06-18,40.5,1.69,31,False
REQ-006275,2026-06-17,2026-06-17,2026-06-17,14.3,0.59,185,True
REQ-006276,2026-06-17,2026-06-19,2026-06-19,68.8,2.87,94,True
REQ-006277,2026-06-17,2026-06-23,,151.3,6.3,72,False
REQ-006278,2026-06-17,2026-06-21,2026-06-21,108.5,4.52,168,True
REQ-006279,2026-06-17,2026-06-19,2026-06-19,57.1,2.38,168,True
REQ-006280,2026-06-17,2026-06-17,2026-06-17,12.8,0.53,72,True
REQ-006281,2026-06-17,2026-06-17,,23.1,0.96,168,True
REQ-006282,2026-06-17,2026-06-17,2026-06-17,5.1,0.21,31,True
REQ-006284,2026-06-17,2026-06-18,2026-06-18,27.7,1.16,185,True
REQ-006285,2026-06-17,2026-06-19,2026-06-19,50.0,2.08,218,True
REQ-006286,2026-06-17,2026-06-18,2026-06-18,42.3,1.76,185,True
REQ-006287,2026-06-17,2026-06-18,2026-06-18,26.8,1.12,185,True
REQ-006288,2026-06-17,2026-06-18,2026-06-18,33.6,1.4,31,False
REQ-006290,2026-06-17,2026-06-18,,30.6,1.28,218,True
REQ-006292,2026-06-17,2026-06-17,,15.3,0.64,218,True
REQ-006293,2026-06-17,2026-06-17,,23.3,0.97,94,True
REQ-006294,2026-06-17,2026-06-20,,76.3,3.18,218,True
REQ-006295,2026-06-17,2026-06-18,,40.6,1.69,168,True
REQ-006296,2026-06-17,2026-06-19,2026-06-19,64.1,2.67,168,True
REQ-006297,2026-06-17,2026-06-18,2026-06-18,43.5,1.81,168,True
REQ-006298,2026-06-17,2026-06-20,,76.6,3.19,218,True
REQ-006299,2026-06-17,2026-06-18,2026-06-18,29.7,1.24,94,True
REQ-006300,2026-06-17,2026-06-17,2026-06-17,14.3,0.6,72,True
REQ-006301,2026-06-17,2026-06-18,,36.1,1.5,168,True
REQ-006302,2026-06-17,2026-06-17,2026-06-17,12.2,0.51,31,True
REQ-006303,2026-06-18,2026-06-19,2026-06-19,24.1,1.01,168,True
REQ-006304,2026-06-18,2026-06-18,2026-06-18,20.4,0.85,168,True
REQ-006305,2026-06-18,2026-06-20,2026-06-20,56.2,2.34,79,True
REQ-006306,2026-06-18,2026-06-18,2026-06-18,4.5,0.19,72,True
REQ-006307,2026-06-18,2026-06-19,2026-06-19,24.5,1.02,185,True
REQ-006309,2026-06-18,2026-06-19,,38.5,1.6,72,True
REQ-006310,2026-06-18,2026-06-18,,16.0,0.67,72,True
REQ-006311,2026-06-18,2026-06-20,2026-06-20,67.2,2.8,168,True
REQ-006312,2026-06-18,2026-06-18,2026-06-18,8.1,0.34,218,True
REQ-006313,2026-06-18,2026-06-18,,18.4,0.77,94,True
REQ-006314,2026-06-18,2026-06-19,2026-06-19,24.8,1.03,168,True
REQ-006315,2026-06-18,2026-06-19,,42.9,1.79,168,True
REQ-006316,2026-06-18,2026-06-18,2026-06-18,13.1,0.55,168,True
REQ-006317,2026-06-18,2026-06-19,2026-06-19,30.6,1.27,72,True
REQ-006318,2026-06-18,2026-06-18,2026-06-18,7.2,0.3,26,True
REQ-006319,2026-06-18,2026-06-19,2026-06-19,29.0,1.21,79,True
REQ-006320,2026-06-18,2026-06-20,2026-06-20,57.7,2.4,72,True
REQ-006321,2026-06-18,2026-06-18,2026-06-18,6.4,0.26,168,True
REQ-006322,2026-06-18,2026-06-18,,15.4,0.64,72,True
REQ-006323,2026-06-18,2026-06-19,,31.1,1.3,218,True
REQ-006324,2026-06-18,2026-06-19,,28.5,1.19,218,True
REQ-006325,2026-06-18,2026-06-19,,24.1,1.0,185,True
REQ-006326,2026-06-18,2026-06-20,2026-06-20,56.1,2.34,72,True
REQ-006327,2026-06-18,2026-06-19,,33.0,1.37,218,True
REQ-006328,2026-06-18,2026-06-19,2026-06-19,29.5,1.23,72,True
REQ-006329,2026-06-18,2026-06-18,,16.1,0.67,72,True
REQ-006330,2026-06-18,2026-06-19,,47.7,1.99,168,True
REQ-006331,2026-06-19,2026-06-21,2026-06-21,54.5,2.27,168,True
REQ-006332,2026-06-19,2026-06-20,2026-06-20,44.9,1.87,168,True
REQ-006333,2026-06-19,2026-06-22,2026-06-22,74.1,3.09,94,True
REQ-006335,2026-06-19,2026-06-20,2026-06-20,44.4,1.85,168,True
REQ-006336,2026-06-19,2026-06-20,2026-06-20,41.1,1.71,218,True
REQ-006337,2026-06-19,2026-06-21,,51.1,2.13,168,True
REQ-006338,2026-06-19,2026-06-20,2026-06-20,36.6,1.52,94,True
REQ-006340,2026-06-19,2026-06-20,,25.4,1.06,72,True
REQ-006341,2026-06-19,2026-06-21,2026-06-21,56.7,2.36,72,True
REQ-006342,2026-06-19,2026-06-19,,17.4,0.72,218,True
REQ-006343,2026-06-19,2026-06-19,,16.5,0.69,94,True
REQ-006344,2026-06-19,2026-06-21,2026-06-21,53.2,2.22,31,False
REQ-006345,2026-06-19,2026-06-19,,7.1,0.29,72,True
REQ-006346,2026-06-19,2026-06-19,2026-06-19,8.8,0.37,31,True
REQ-006347,2026-06-19,2026-06-19,,16.4,0.69,24,True
REQ-006348,2026-06-19,2026-06-19,,3.2,0.13,168,True
REQ-006349,2026-06-19,2026-06-23,2026-06-23,102.5,4.27,168,True
REQ-006350,2026-06-19,2026-06-19,2026-06-19,12.7,0.53,72,True
REQ-006351,2026-06-19,2026-06-21,2026-06-21,48.0,2.0,168,True
REQ-006352,2026-06-19,2026-06-21,2026-06-21,65.4,2.73,218,True
REQ-006353,2026-06-19,2026-06-19,2026-06-19,14.6,0.61,79,True
REQ-006354,2026-06-19,2026-06-19,2026-06-19,23.5,0.98,218,True
REQ-006355,2026-06-19,2026-06-19,,18.9,0.79,185,True
REQ-006356,2026-06-19,2026-06-19,,20.1,0.84,72,True
REQ-006357,2026-06-19,2026-06-19,2026-06-19,12.6,0.53,72,True
REQ-006358,2026-06-19,2026-06-20,2026-06-20,25.6,1.07,168,True
REQ-006359,2026-06-19,2026-06-22,2026-06-22,73.7,3.07,185,True
REQ-006360,2026-06-19,2026-06-20,2026-06-20,35.5,1.48,168,True
REQ-006361,2026-06-19,2026-06-21,2026-06-21,51.9,2.16,94,True
REQ-006362,2026-06-19,2026-06-19,,15.9,0.66,72,True
REQ-006363,2026-06-19,2026-06-23,,106.4,4.43,168,True
REQ-006364,2026-06-19,2026-06-19,,2.8,0.12,4,True
REQ-006366,2026-06-20,2026-06-21,2026-06-21,31.9,1.33,94,True
REQ-006367,2026-06-20,2026-06-21,,30.5,1.27,72,True
REQ-006368,2026-06-20,2026-06-20,2026-06-20,7.6,0.32,72,True
REQ-006369,2026-06-20,2026-06-22,,51.7,2.15,94,True
REQ-006370,2026-06-20,2026-06-23,2026-06-23,75.9,3.16,168,True
REQ-006371,2026-06-20,2026-06-20,2026-06-20,11.0,0.46,168,True
REQ-006372,2026-06-20,2026-06-21,2026-06-21,35.2,1.47,5,False
REQ-006373,2026-06-20,2026-06-20,2026-06-20,15.8,0.66,72,True
REQ-006375,2026-06-21,2026-06-23,2026-06-23,48.5,2.02,79,True
REQ-006376,2026-06-21,2026-06-21,,20.6,0.86,185,True
REQ-006377,2026-06-21,2026-06-22,,42.0,1.75,31,False
REQ-006378,2026-06-21,2026-06-22,,47.9,1.99,168,True
REQ-006379,2026-06-21,2026-06-24,2026-06-24,78.3,3.26,72,False
REQ-006381,2026-06-21,2026-06-21,2026-06-21,11.2,0.47,218,True
REQ-006382,2026-06-21,2026-06-21,2026-06-21,5.3,0.22,72,True
REQ-006383,2026-06-21,2026-06-21,,19.3,0.81,218,True
REQ-006384,2026-06-21,2026-06-22,2026-06-22,24.7,1.03,79,True
REQ-006385,2026-06-21,2026-06-21,,18.6,0.78,218,True
REQ-006386,2026-06-22,2026-06-24,2026-06-24,64.6,2.69,168,True
REQ-006387,2026-06-22,2026-06-22,,14.4,0.6,72,True
REQ-006389,2026-06-22,2026-06-24,,62.7,2.61,168,True
REQ-006390,2026-06-22,2026-06-23,2026-06-23,24.6,1.03,72,True
REQ-006391,2026-06-22,2026-06-24,2026-06-24,48.6,2.03,218,True
REQ-006392,2026-06-22,2026-06-22,2026-06-22,8.7,0.36,168,True
REQ-006393,2026-06-22,2026-06-22,,21.9,0.91,185,True
REQ-006394,2026-06-22,2026-06-23,,33.7,1.4,218,True
REQ-006395,2026-06-22,2026-06-26,,99.6,4.15,185,True
REQ-006396,2026-06-22,2026-06-24,,68.7,2.86,79,True
REQ-006397,2026-06-22,2026-06-23,,40.8,1.7,218,True
REQ-006399,2026-06-22,2026-06-23,2026-06-23,24.1,1.0,24,False
REQ-006400,2026-06-22,2026-06-22,2026-06-22,17.1,0.71,72,True
REQ-006401,2026-06-22,2026-06-23,2026-06-23,28.2,1.17,168,True
REQ-006402,2026-06-22,2026-06-24,2026-06-24,62.3,2.6,72,True
REQ-006403,2026-06-22,2026-06-22,,6.8,0.28,94,True
REQ-006404,2026-06-22,2026-06-22,2026-06-22,18.1,0.75,24,True
REQ-006405,2026-06-22,2026-06-22,2026-06-22,23.7,0.99,218,True
REQ-006406,2026-06-22,2026-06-27,2026-06-27,133.8,5.57,218,True
REQ-006408,2026-06-23,2026-06-24,,31.7,1.32,168,True
REQ-006409,2026-06-23,2026-06-24,2026-06-24,30.6,1.27,79,True
REQ-006410,2026-06-23,2026-06-23,2026-06-23,9.0,0.38,168,True
REQ-006411,2026-06-23,2026-06-24,2026-06-24,27.6,1.15,185,True
REQ-006412,2026-06-23,2026-06-24,2026-06-24,36.3,1.51,168,True
REQ-006413,2026-06-23,2026-06-23,,4.8,0.2,168,True
REQ-006414,2026-06-23,2026-06-24,,47.1,1.96,218,True
REQ-006415,2026-06-23,2026-06-24,2026-06-24,42.9,1.79,94,True
REQ-006416,2026-06-23,2026-06-23,2026-06-23,1.1,0.05,168,True
REQ-006417,2026-06-23,2026-06-24,,35.9,1.5,185,True
REQ-006418,2026-06-23,2026-06-24,,45.1,1.88,72,True
REQ-006419,2026-06-23,2026-06-24,,40.2,1.67,185,True
REQ-006420,2026-06-23,2026-06-25,2026-06-25,61.6,2.57,168,True
REQ-006422,2026-06-23,2026-06-24,,38.2,1.59,72,True
REQ-006423,2026-06-23,2026-06-24,2026-06-24,32.2,1.34,168,True
REQ-006424,2026-06-23,2026-06-23,2026-06-23,0.5,0.02,4,True
REQ-006425,2026-06-23,2026-06-23,,16.7,0.7,24,True
REQ-006426,2026-06-23,2026-06-23,,18.0,0.75,218,True
REQ-006427,2026-06-23,2026-06-23,2026-06-23,15.6,0.65,72,True
REQ-006428,2026-06-23,2026-06-23,2026-06-23,12.4,0.52,24,True
REQ-006429,2026-06-23,2026-06-24,2026-06-24,37.6,1.57,72,True
REQ-006430,2026-06-23,2026-06-25,2026-06-25,69.9,2.91,168,True
REQ-006431,2026-06-23,2026-06-24,2026-06-24,30.0,1.25,185,True
REQ-006432,2026-06-23,2026-06-25,2026-06-25,56.0,2.33,168,True
REQ-006433,2026-06-23,2026-06-23,,15.2,0.63,218,True
REQ-006434,2026-06-24,2026-06-25,2026-06-25,40.0,1.67,185,True
REQ-006435,2026-06-24,2026-06-25,,33.3,1.39,218,True
REQ-006436,2026-06-24,2026-06-24,2026-06-24,1.7,0.07,24,True
REQ-006437,2026-06-24,2026-06-24,2026-06-24,3.5,0.14,31,True
REQ-006438,2026-06-24,2026-06-24,2026-06-24,21.3,0.89,24,True
REQ-006439,2026-06-24,2026-06-25,2026-06-25,37.0,1.54,218,True
REQ-006440,2026-06-24,2026-06-26,2026-06-26,54.0,2.25,168,True
REQ-006441,2026-06-24,2026-06-25,2026-06-25,35.1,1.46,72,True
REQ-006442,2026-06-24,2026-06-24,2026-06-24,15.3,0.64,4,False
REQ-006443,2026-06-24,2026-06-24,,12.4,0.51,168,True
REQ-006444,2026-06-24,2026-06-28,2026-06-28,101.4,4.22,168,True
REQ-006445,2026-06-24,2026-06-24,2026-06-24,7.7,0.32,218,True
REQ-006446,2026-06-24,2026-06-25,2026-06-25,27.3,1.14,218,True
REQ-006448,2026-06-24,2026-06-24,2026-06-24,20.5,0.85,218,True
REQ-006449,2026-06-24,2026-06-25,2026-06-25,45.5,1.89,26,False
REQ-006450,2026-06-24,2026-06-26,,65.2,2.71,185,True
REQ-006451,2026-06-24,2026-06-24,2026-06-24,4.3,0.18,72,True
REQ-006452,2026-06-24,2026-06-25,2026-06-25,39.0,1.62,79,True
REQ-006453,2026-06-24,2026-06-26,2026-06-26,69.7,2.9,94,True
REQ-006454,2026-06-24,2026-06-25,2026-06-25,29.7,1.24,31,True
REQ-006455,2026-06-24,2026-06-25,,32.8,1.37,168,True
REQ-006457,2026-06-24,2026-06-25,,34.6,1.44,168,True
REQ-006458,2026-06-24,2026-06-25,2026-06-25,37.6,1.57,72,True
REQ-006459,2026-06-24,2026-06-26,,68.1,2.84,185,True
REQ-006460,2026-06-24,2026-06-25,2026-06-25,44.9,1.87,24,False
REQ-006461,2026-06-25,2026-06-26,,41.4,1.72,72,True
REQ-006462,2026-06-25,2026-06-26,2026-06-26,28.5,1.19,168,True
REQ-006463,2026-06-25,2026-06-25,2026-06-25,23.2,0.97,168,True
REQ-006464,2026-06-25,2026-06-26,2026-06-26,41.0,1.71,168,True
REQ-006465,2026-06-25,2026-06-25,2026-06-25,21.2,0.88,24,True
REQ-006466,2026-06-25,2026-06-26,,33.3,1.39,94,True
REQ-006467,2026-06-25,2026-06-28,2026-06-28,85.7,3.57,185,True
REQ-006468,2026-06-25,2026-06-25,,13.2,0.55,185,True
REQ-006470,2026-06-25,2026-06-27,2026-06-27,48.8,2.03,168,True
REQ-006471,2026-06-25,2026-06-27,2026-06-27,68.2,2.84,168,True
REQ-006472,2026-06-25,2026-06-26,2026-06-26,25.3,1.05,94,True
REQ-006473,2026-06-25,2026-06-26,,33.6,1.4,72,True
REQ-006474,2026-06-25,2026-06-25,2026-06-25,21.4,0.89,168,True
REQ-006475,2026-06-25,2026-06-26,,25.2,1.05,185,True
REQ-006477,2026-06-25,2026-06-25,2026-06-25,13.4,0.56,4,False
REQ-006478,2026-06-25,2026-06-27,2026-06-27,50.2,2.09,168,True
REQ-006479,2026-06-25,2026-06-26,2026-06-26,27.3,1.14,26,False
REQ-006480,2026-06-25,2026-06-25,2026-06-25,2.8,0.12,168,True
REQ-006481,2026-06-25,2026-06-26,,38.4,1.6,94,True
REQ-006482,2026-06-25,2026-06-25,2026-06-25,21.9,0.91,72,True
REQ-006483,2026-06-25,2026-06-26,,38.8,1.62,218,True
REQ-006484,2026-06-25,2026-06-26,2026-06-26,43.0,1.79,185,True
REQ-006485,2026-06-25,2026-06-25,2026-06-25,17.7,0.74,72,True
REQ-006487,2026-06-25,2026-06-26,,43.1,1.8,72,True
REQ-006488,2026-06-25,2026-06-26,,39.8,1.66,218,True
REQ-006489,2026-06-25,2026-06-26,2026-06-26,31.5,1.31,94,True
REQ-006490,2026-06-25,2026-06-25,2026-06-25,7.4,0.31,26,True
REQ-006491,2026-06-25,2026-06-25,2026-06-25,19.5,0.81,31,True
REQ-006492,2026-06-25,2026-06-25,,7.0,0.29,5,False
REQ-006494,2026-06-25,2026-06-25,,15.4,0.64,168,True
REQ-006495,2026-06-26,2026-06-26,2026-06-26,22.1,0.92,218,True
REQ-006496,2026-06-26,2026-06-26,2026-06-26,19.8,0.83,79,True
REQ-006497,2026-06-26,2026-06-28,2026-06-28,48.4,2.02,185,True
REQ-006498,2026-06-26,2026-06-26,,13.9,0.58,168,True
REQ-006500,2026-06-26,2026-06-27,2026-06-27,25.2,1.05,94,True
REQ-006501,2026-06-26,2026-06-30,2026-06-30,97.8,4.08,185,True
REQ-006502,2026-06-26,2026-06-26,,18.0,0.75,26,True
REQ-006504,2026-06-26,2026-06-28,2026-06-28,48.6,2.02,185,True
REQ-006505,2026-06-26,2026-06-27,2026-06-27,38.4,1.6,218,True
REQ-006506,2026-06-26,2026-06-26,,13.8,0.57,168,True
REQ-006507,2026-06-26,2026-06-26,2026-06-26,6.4,0.27,24,True
REQ-006508,2026-06-26,2026-06-28,2026-06-28,61.3,2.55,79,True
REQ-006510,2026-06-26,2026-06-26,2026-06-26,8.4,0.35,72,True
REQ-006511,2026-06-26,2026-06-27,,44.5,1.85,185,True
REQ-006512,2026-06-26,2026-06-27,,36.2,1.51,168,True
REQ-006513,2026-06-26,2026-06-28,2026-06-28,56.6,2.36,5,False
REQ-006514,2026-06-26,2026-06-27,2026-06-27,28.3,1.18,72,True
REQ-006515,2026-06-26,2026-06-29,2026-06-29,77.4,3.22,168,True
REQ-006516,2026-06-26,2026-06-26,2026-06-26,9.7,0.4,31,True
REQ-006517,2026-06-26,2026-06-26,,11.0,0.46,185,True
REQ-006518,2026-06-26,2026-06-28,,51.6,2.15,218,True
REQ-006519,2026-06-27,2026-06-27,2026-06-27,7.2,0.3,72,True
REQ-006520,2026-06-27,2026-06-27,,14.5,0.61,185,True
REQ-006521,2026-06-27,2026-06-29,2026-06-29,61.0,2.54,79,True
REQ-006522,2026-06-27,2026-06-27,2026-06-27,22.8,0.95,168,True
REQ-006523,2026-06-27,2026-06-27,2026-06-27,7.1,0.3,4,False
REQ-006524,2026-06-27,2026-06-29,2026-06-29,65.5,2.73,218,True
REQ-006525,2026-06-27,2026-06-29,2026-06-29,52.3,2.18,94,True
REQ-006526,2026-06-27,2026-06-27,,12.7,0.53,168,True
REQ-006527,2026-06-27,2026-06-29,2026-06-29,59.2,2.47,94,True
REQ-006528,2026-06-27,2026-06-28,2026-06-28,24.8,1.03,72,True
REQ-006531,2026-06-27,2026-06-28,2026-06-28,32.3,1.34,72,True
REQ-006532,2026-06-27,2026-06-27,2026-06-27,14.0,0.58,31,True
REQ-006533,2026-06-27,2026-06-27,,14.0,0.58,26,True
REQ-006534,2026-06-28,2026-07-04,2026-07-04,147.9,6.16,185,True
REQ-006535,2026-06-28,2026-06-29,,35.3,1.47,72,True
REQ-006536,2026-06-28,2026-06-29,,37.6,1.57,218,True
REQ-006537,2026-06-28,2026-06-28,2026-06-28,13.0,0.54,31,True
REQ-006538,2026-06-28,2026-06-28,2026-06-28,14.2,0.59,185,True
REQ-006539,2026-06-28,2026-06-28,2026-06-28,10.2,0.42,31,True
REQ-006540,2026-06-28,2026-06-29,2026-06-29,41.9,1.74,79,True
REQ-006541,2026-06-28,2026-06-28,2026-06-28,22.5,0.94,94,True
REQ-006542,2026-06-28,2026-06-28,2026-06-28,16.4,0.68,72,True
REQ-006543,2026-06-28,2026-06-29,2026-06-29,26.7,1.11,72,True
REQ-006544,2026-06-28,2026-06-28,2026-06-28,8.6,0.36,4,False
REQ-006545,2026-06-28,2026-06-28,,9.9,0.41,168,True
REQ-006546,2026-06-28,2026-06-29,2026-06-29,31.4,1.31,24,False
REQ-006547,2026-06-28,2026-06-29,2026-06-29,43.0,1.79,94,True
REQ-006548,2026-06-29,2026-07-01,,67.9,2.83,218,True
REQ-006549,2026-06-29,2026-06-29,,18.3,0.76,72,True
REQ-006550,2026-06-29,2026-06-29,,12.3,0.51,24,True
REQ-006551,2026-06-29,2026-06-29,,16.2,0.67,24,True
REQ-006552,2026-06-29,2026-06-29,2026-06-29,22.9,0.95,26,True
REQ-006553,2026-06-29,2026-06-29,2026-06-29,8.1,0.34,168,True
REQ-006554,2026-06-29,2026-06-29,2026-06-29,2.7,0.11,72,True
REQ-006555,2026-06-29,2026-06-30,2026-06-30,25.1,1.04,24,False
REQ-006556,2026-06-29,2026-06-29,,22.5,0.94,72,True
REQ-006557,2026-06-29,2026-07-02,2026-07-02,76.1,3.17,94,True
REQ-006558,2026-06-29,2026-06-29,,12.2,0.51,94,True
REQ-006559,2026-06-29,2026-06-30,2026-06-30,40.4,1.68,4,False
REQ-006560,2026-06-29,2026-06-29,2026-06-29,9.3,0.39,94,True
REQ-006561,2026-06-29,2026-06-29,,12.1,0.5,218,True
REQ-006562,2026-06-29,2026-07-01,2026-07-01,50.0,2.08,72,True
REQ-006563,2026-06-29,2026-06-29,,20.4,0.85,79,True
REQ-006564,2026-06-29,2026-06-29,,14.4,0.6,4,False
REQ-006565,2026-06-29,2026-06-29,,10.9,0.45,24,True
REQ-006566,2026-06-29,2026-07-01,2026-07-01,62.4,2.6,218,True
REQ-006567,2026-06-29,2026-06-30,,39.9,1.66,218,True
REQ-006568,2026-06-29,2026-06-30,,27.9,1.16,72,True
REQ-006569,2026-06-29,2026-06-30,,30.7,1.28,218,True
REQ-006570,2026-06-29,2026-06-29,,22.3,0.93,94,True
REQ-006571,2026-06-29,2026-06-29,2026-06-29,12.6,0.53,72,True
REQ-006572,2026-06-29,2026-06-29,2026-06-29,2.2,0.09,72,True
REQ-006573,2026-06-29,2026-06-30,2026-06-30,35.3,1.47,168,True
REQ-006574,2026-06-29,2026-06-30,2026-06-30,38.8,1.61,168,True
REQ-006575,2026-06-29,2026-06-29,2026-06-29,2.6,0.11,4,True
REQ-006576,2026-06-30,2026-07-01,2026-07-01,37.5,1.56,72,True
REQ-006577,2026-06-30,2026-06-30,2026-06-30,12.8,0.53,94,True
REQ-006578,2026-06-30,2026-06-30,2026-06-30,20.2,0.84,168,True
REQ-006579,2026-06-30,2026-06-30,,7.7,0.32,185,True
REQ-006580,2026-06-30,2026-07-01,,25.6,1.07,185,True
REQ-006581,2026-06-30,2026-07-01,2026-07-01,35.0,1.46,79,True
REQ-006582,2026-06-30,2026-06-30,2026-06-30,15.3,0.64,168,True
REQ-006583,2026-06-30,2026-06-30,2026-06-30,7.8,0.33,168,True
REQ-006584,2026-06-30,2026-07-01,,43.6,1.81,218,True
REQ-006585,2026-06-30,2026-06-30,2026-06-30,14.2,0.59,168,True
REQ-006587,2026-06-30,2026-07-02,,67.8,2.82,94,True
REQ-006588,2026-06-30,2026-07-01,2026-07-01,30.8,1.28,24,False
REQ-006589,2026-06-30,2026-07-01,2026-07-01,26.8,1.12,72,True
REQ-006590,2026-06-30,2026-06-30,,11.6,0.48,168,True
REQ-006591,2026-06-30,2026-07-01,2026-07-01,26.7,1.11,24,False
REQ-006593,2026-06-30,2026-06-30,2026-06-30,6.8,0.28,24,True
REQ-006594,2026-06-30,2026-07-01,2026-07-01,41.9,1.74,185,True
REQ-006595,2026-06-30,2026-06-30,2026-06-30,23.2,0.97,31,True
REQ-006596,2026-06-30,2026-06-30,,13.2,0.55,24,True
REQ-006597,2026-06-30,2026-07-02,,53.7,2.24,218,True
REQ-006598,2026-06-30,2026-07-02,2026-07-02,70.6,2.94,79,True
REQ-006600,2026-06-30,2026-07-02,2026-07-02,62.9,2.62,94,True
REQ-006601,2026-06-30,2026-07-01,2026-07-01,33.2,1.38,72,True
REQ-006602,2026-06-30,2026-07-01,2026-07-01,24.1,1.0,26,True
REQ-006603,2026-06-30,2026-06-30,2026-06-30,19.6,0.82,94,True
REQ-006604,2026-06-30,2026-07-01,2026-07-01,25.0,1.04,168,True
REQ-006605,2026-06-30,2026-07-02,2026-07-02,50.2,2.09,168,True
REQ-006606,2026-06-30,2026-07-01,,38.8,1.61,168,True
REQ-006607,2026-06-30,2026-06-30,,9.0,0.38,24,True
REQ-006608,2026-06-30,2026-07-02,2026-07-02,53.7,2.24,24,False
REQ-006609,2026-06-30,2026-06-30,2026-06-30,21.9,0.91,79,True
REQ-006610,2026-06-30,2026-06-30,2026-06-30,11.9,0.5,24,True
REQ-006611,2026-07-01,2026-07-01,,19.8,0.83,185,True
REQ-006612,2026-07-01,2026-07-01,,13.3,0.55,218,True
REQ-006613,2026-07-01,2026-07-01,,17.2,0.72,72,True
REQ-006614,2026-07-01,2026-07-01,2026-07-01,19.8,0.83,5,False
REQ-006615,2026-07-01,2026-07-01,2026-07-01,3.4,0.14,24,True
REQ-006616,2026-07-01,2026-07-02,,41.0,1.71,218,True
REQ-006617,2026-07-01,2026-07-02,2026-07-02,35.1,1.46,31,False
REQ-006618,2026-07-01,2026-07-02,2026-07-02,41.0,1.71,31,False
REQ-006619,2026-07-01,2026-07-02,2026-07-02,45.9,1.91,168,True
REQ-006620,2026-07-01,2026-07-01,2026-07-01,20.3,0.85,72,True
REQ-006621,2026-07-01,2026-07-02,,31.8,1.32,168,True
REQ-006622,2026-07-01,2026-07-02,,33.6,1.4,168,True
REQ-006623,2026-07-01,2026-07-03,,63.2,2.63,94,True
REQ-006624,2026-07-01,2026-07-01,,5.1,0.21,94,True
REQ-006625,2026-07-01,2026-07-02,,30.5,1.27,72,True
REQ-006626,2026-07-01,2026-07-03,,71.6,2.98,218,True
REQ-006627,2026-07-01,2026-07-02,,26.2,1.09,185,True
REQ-006629,2026-07-01,2026-07-04,2026-07-04,83.2,3.47,72,False
REQ-006631,2026-07-01,2026-07-02,,46.6,1.94,218,True
REQ-006632,2026-07-01,2026-07-01,2026-07-01,10.6,0.44,4,False
REQ-006633,2026-07-01,2026-07-02,,39.7,1.65,168,True
REQ-006634,2026-07-01,2026-07-02,,38.0,1.58,185,True
REQ-006636,2026-07-01,2026-07-02,2026-07-02,30.2,1.26,185,True
REQ-006637,2026-07-01,2026-07-01,2026-07-01,21.7,0.9,24,True
REQ-006638,2026-07-02,2026-07-02,2026-07-02,13.5,0.56,24,True
REQ-006639,2026-07-02,2026-07-02,2026-07-02,20.1,0.84,168,True
REQ-006640,2026-07-02,2026-07-03,,40.4,1.68,31,False
REQ-006641,2026-07-02,2026-07-03,,44.8,1.87,79,True
REQ-006642,2026-07-02,2026-07-03,,35.1,1.46,185,True
REQ-006643,2026-07-02,2026-07-02,,10.6,0.44,94,True
REQ-006644,2026-07-02,2026-07-02,,22.2,0.93,24,True
REQ-006645,2026-07-02,2026-07-03,2026-07-03,25.4,1.06,185,True
REQ-006646,2026-07-02,2026-07-02,2026-07-02,13.0,0.54,185,True
REQ-006647,2026-07-02,2026-07-02,2026-07-02,22.4,0.93,94,True
REQ-006648,2026-07-02,2026-07-08,,146.3,6.09,218,True
REQ-006649,2026-07-02,2026-07-02,,10.8,0.45,168,True
REQ-006650,2026-07-02,2026-07-02,2026-07-02,7.8,0.33,4,False
REQ-006651,2026-07-02,2026-07-02,2026-07-02,8.9,0.37,24,True
REQ-006653,2026-07-02,2026-07-03,,25.3,1.05,94,True
REQ-006654,2026-07-02,2026-07-04,2026-07-04,50.7,2.11,185,True
REQ-006655,2026-07-02,2026-07-03,2026-07-03,33.2,1.38,72,True
REQ-006656,2026-07-02,2026-07-03,,45.4,1.89,72,True
REQ-006657,2026-07-02,2026-07-02,,17.3,0.72,24,True
REQ-006658,2026-07-02,2026-07-02,,13.6,0.56,79,True
REQ-006659,2026-07-02,2026-07-05,,80.7,3.36,79,False
REQ-006660,2026-07-02,2026-07-03,,29.7,1.24,218,True
REQ-006661,2026-07-02,2026-07-03,2026-07-03,40.3,1.68,168,True
REQ-006662,2026-07-02,2026-07-02,2026-07-02,10.0,0.42,94,True
REQ-006663,2026-07-02,2026-07-03,2026-07-03,35.8,1.49,218,True
REQ-006664,2026-07-02,2026-07-03,2026-07-03,32.8,1.37,185,True
REQ-006665,2026-07-02,2026-07-02,2026-07-02,6.4,0.27,72,True
REQ-006666,2026-07-02,2026-07-03,,35.0,1.46,94,True
REQ-006667,2026-07-03,2026-07-05,,54.4,2.27,218,True
REQ-006668,2026-07-03,2026-07-05,,55.0,2.29,168,True
REQ-006669,2026-07-03,2026-07-05,,63.6,2.65,168,True
REQ-006670,2026-07-03,2026-07-03,2026-07-03,11.8,0.49,24,True
REQ-006671,2026-07-03,2026-07-06,2026-07-06,87.6,3.65,79,False
REQ-006672,2026-07-03,2026-07-04,2026-07-04,47.3,1.97,168,True
REQ-006673,2026-07-03,2026-07-06,,84.2,3.51,94,True
REQ-006674,2026-07-03,2026-07-06,,75.7,3.15,72,False
REQ-006675,2026-07-03,2026-07-03,2026-07-03,10.8,0.45,24,True
REQ-006676,2026-07-03,2026-07-03,,13.9,0.58,94,True
REQ-006678,2026-07-03,2026-07-08,2026-07-08,127.1,5.3,79,False
REQ-006679,2026-07-03,2026-07-08,2026-07-08,128.9,5.37,185,True
REQ-006680,2026-07-03,2026-07-03,2026-07-03,8.5,0.35,26,True
REQ-006681,2026-07-03,2026-07-05,2026-07-05,51.1,2.13,218,True
REQ-006682,2026-07-03,2026-07-03,,17.7,0.74,168,True
REQ-006683,2026-07-03,2026-07-03,,3.2,0.13,31,True
REQ-006684,2026-07-03,2026-07-05,,50.3,2.09,218,True
REQ-006685,2026-07-03,2026-07-04,,30.3,1.26,72,True
REQ-006686,2026-07-03,2026-07-04,2026-07-04,46.2,1.93,31,False
REQ-006687,2026-07-03,2026-07-04,2026-07-04,43.5,1.81,72,True
REQ-006688,2026-07-03,2026-07-03,2026-07-03,21.4,0.89,218,True
REQ-006689,2026-07-03,2026-07-03,2026-07-03,5.2,0.22,31,True
REQ-006690,2026-07-03,2026-07-03,2026-07-03,12.8,0.53,72,True
REQ-006691,2026-07-03,2026-07-04,2026-07-04,27.2,1.13,168,True
REQ-006692,2026-07-03,2026-07-04,2026-07-04,27.0,1.13,168,True
REQ-006693,2026-07-03,2026-07-05,2026-07-05,58.5,2.44,72,True
REQ-006694,2026-07-03,2026-07-03,2026-07-03,22.2,0.93,218,True
REQ-006695,2026-07-03,2026-07-07,2026-07-07,104.0,4.33,185,True
REQ-006696,2026-07-03,2026-07-04,2026-07-04,30.8,1.28,218,True
REQ-006697,2026-07-03,2026-07-05,2026-07-05,66.6,2.77,94,True
REQ-006698,2026-07-03,2026-07-04,,34.2,1.43,218,True
REQ-006700,2026-07-03,2026-07-04,,34.4,1.43,218,True
REQ-006701,2026-07-04,2026-07-07,,78.8,3.28,168,True
REQ-006702,2026-07-04,2026-07-05,2026-07-05,28.7,1.2,94,True
REQ-006703,2026-07-04,2026-07-05,2026-07-05,42.3,1.76,72,True
REQ-006705,2026-07-04,2026-07-04,2026-07-04,2.2,0.09,24,True
REQ-006706,2026-07-04,2026-07-05,,33.0,1.38,218,True
REQ-006707,2026-07-04,2026-07-04,2026-07-04,11.4,0.47,24,True
REQ-006708,2026-07-04,2026-07-06,2026-07-06,51.9,2.16,218,True
REQ-006710,2026-07-04,2026-07-04,2026-07-04,5.4,0.22,168,True
REQ-006711,2026-07-04,2026-07-05,2026-07-05,28.6,1.19,31,True
REQ-006712,2026-07-05,2026-07-05,2026-07-05,7.7,0.32,24,True
REQ-006713,2026-07-05,2026-07-07,,55.4,2.31,168,True
REQ-006714,2026-07-05,2026-07-06,,25.1,1.04,72,True
REQ-006716,2026-07-05,2026-07-05,,3.4,0.14,168,True
REQ-006717,2026-07-05,2026-07-05,2026-07-05,12.4,0.51,94,True
REQ-006718,2026-07-05,2026-07-06,2026-07-06,27.3,1.14,168,True
REQ-006719,2026-07-05,2026-07-05,2026-07-05,23.6,0.99,31,True
REQ-006720,2026-07-05,2026-07-05,2026-07-05,11.1,0.46,168,True
REQ-006721,2026-07-05,2026-07-05,,15.8,0.66,185,True
REQ-006722,2026-07-05,2026-07-05,,22.3,0.93,168,True
REQ-006723,2026-07-05,2026-07-06,,36.5,1.52,168,True
REQ-006724,2026-07-05,2026-07-06,2026-07-06,31.3,1.31,79,True
REQ-006725,2026-07-05,2026-07-05,2026-07-05,4.0,0.17,4,False
REQ-006726,2026-07-05,2026-07-05,2026-07-05,23.8,0.99,26,True
REQ-006727,2026-07-05,2026-07-08,,96.0,4.0,185,True
REQ-006728,2026-07-06,2026-07-07,2026-07-07,37.8,1.57,218,True
REQ-006729,2026-07-06,2026-07-07,2026-07-07,33.8,1.41,185,True
REQ-006731,2026-07-06,2026-07-07,2026-07-07,24.1,1.01,72,True
REQ-006732,2026-07-06,2026-07-06,2026-07-06,18.7,0.78,94,True
REQ-006733,2026-07-06,2026-07-06,,12.6,0.52,5,False
REQ-006734,2026-07-06,2026-07-06,,10.9,0.45,24,True
REQ-006735,2026-07-06,2026-07-07,,36.4,1.51,72,True
REQ-006736,2026-07-06,2026-07-07,2026-07-07,27.7,1.15,79,True
REQ-006737,2026-07-06,2026-07-06,,7.6,0.32,218,True
REQ-006738,2026-07-06,2026-07-07,2026-07-07,37.4,1.56,168,True
REQ-006739,2026-07-06,2026-07-08,,49.6,2.07,94,True
REQ-006740,2026-07-06,2026-07-07,,34.7,1.45,168,True
REQ-006741,2026-07-06,2026-07-07,2026-07-07,25.7,1.07,94,True
REQ-006743,2026-07-06,2026-07-06,,6.5,0.27,24,True
REQ-006744,2026-07-06,2026-07-06,,18.9,0.79,24,True
REQ-006745,2026-07-06,2026-07-07,,24.9,1.04,168,True
REQ-006746,2026-07-06,2026-07-07,,35.0,1.46,218,True
REQ-006747,2026-07-06,2026-07-06,2026-07-06,9.8,0.41,4,False
REQ-006748,2026-07-06,2026-07-06,,13.0,0.54,94,True
REQ-006749,2026-07-06,2026-07-06,,10.6,0.44,168,True
REQ-006750,2026-07-06,2026-07-06,2026-07-06,14.6,0.61,24,True
REQ-006751,2026-07-06,2026-07-06,2026-07-06,7.6,0.32,4,False
REQ-006752,2026-07-06,2026-07-09,,75.7,3.16,218,True
REQ-006753,2026-07-06,2026-07-07,2026-07-07,45.6,1.9,185,True
REQ-006754,2026-07-06,2026-07-07,,39.2,1.63,94,True
REQ-006755,2026-07-06,2026-07-07,2026-07-07,27.7,1.15,24,False
REQ-006756,2026-07-07,2026-07-08,,26.3,1.1,168,True
REQ-006757,2026-07-07,2026-07-07,2026-07-07,16.4,0.68,31,True
REQ-006758,2026-07-07,2026-07-08,2026-07-08,40.0,1.67,185,True
REQ-006759,2026-07-07,2026-07-07,,10.4,0.43,94,True
REQ-006761,2026-07-07,2026-07-07,,4.9,0.2,168,True
REQ-006762,2026-07-07,2026-07-07,2026-07-07,16.4,0.68,79,True
REQ-006763,2026-07-07,2026-07-08,,44.3,1.85,79,True
REQ-006764,2026-07-07,2026-07-07,2026-07-07,17.9,0.74,72,True
REQ-006765,2026-07-07,2026-07-07,,7.7,0.32,26,True
REQ-006766,2026-07-07,2026-07-07,2026-07-07,9.9,0.41,4,False
REQ-006767,2026-07-07,2026-07-07,,10.5,0.44,79,True
REQ-006768,2026-07-07,2026-07-08,2026-07-08,24.2,1.01,168,True
REQ-006769,2026-07-07,2026-07-07,2026-07-07,23.3,0.97,24,True
REQ-006770,2026-07-07,2026-07-07,2026-07-07,20.8,0.87,168,True
REQ-006771,2026-07-07,2026-07-08,2026-07-08,24.5,1.02,79,True
REQ-006772,2026-07-07,2026-07-07,2026-07-07,18.7,0.78,185,True
REQ-006773,2026-07-07,2026-07-07,,14.9,0.62,185,True
REQ-006774,2026-07-07,2026-07-07,,10.0,0.42,79,True
REQ-006775,2026-07-07,2026-07-09,2026-07-09,66.1,2.76,72,True
REQ-006776,2026-07-07,2026-07-07,2026-07-07,12.3,0.51,79,True
REQ-006777,2026-07-07,2026-07-09,2026-07-09,49.6,2.07,72,True
REQ-006778,2026-07-07,2026-07-08,2026-07-08,45.6,1.9,218,True
REQ-006779,2026-07-07,2026-07-08,2026-07-08,30.6,1.27,72,True
REQ-006780,2026-07-07,2026-07-07,2026-07-07,16.0,0.67,72,True
REQ-006781,2026-07-07,2026-07-10,,74.8,3.12,185,True
REQ-006782,2026-07-07,2026-07-08,2026-07-08,27.3,1.14,72,True
REQ-006783,2026-07-07,2026-07-08,2026-07-08,30.7,1.28,168,True
REQ-006784,2026-07-07,2026-07-07,2026-07-07,18.6,0.77,72,True
REQ-006785,2026-07-07,2026-07-08,2026-07-08,25.2,1.05,218,True
REQ-006786,2026-07-08,2026-07-08,2026-07-08,19.8,0.82,72,True
REQ-006787,2026-07-08,2026-07-10,2026-07-10,50.9,2.12,168,True
REQ-006788,2026-07-08,2026-07-08,2026-07-08,15.6,0.65,79,True
REQ-006789,2026-07-08,2026-07-09,2026-07-09,28.7,1.2,218,True
REQ-006790,2026-07-08,2026-07-09,2026-07-09,28.3,1.18,168,True
REQ-006791,2026-07-08,2026-07-08,2026-07-08,23.2,0.97,79,True
REQ-006792,2026-07-08,2026-07-08,2026-07-08,13.5,0.56,24,True
REQ-006793,2026-07-08,2026-07-08,,15.3,0.64,72,True
REQ-006794,2026-07-08,2026-07-10,,52.3,2.18,185,True
REQ-006795,2026-07-08,2026-07-09,2026-07-09,45.5,1.9,26,False
REQ-006796,2026-07-08,2026-07-09,,45.0,1.88,168,True
REQ-006797,2026-07-08,2026-07-08,2026-07-08,18.9,0.79,31,True
REQ-006798,2026-07-08,2026-07-09,2026-07-09,45.2,1.88,185,True
REQ-006799,2026-07-08,2026-07-09,,36.4,1.52,185,True
REQ-006800,2026-07-08,2026-07-11,2026-07-11,78.4,3.27,94,True
REQ-006801,2026-07-08,2026-07-08,2026-07-08,19.5,0.81,185,True
REQ-006802,2026-07-08,2026-07-08,2026-07-08,18.1,0.75,79,True
REQ-006803,2026-07-08,2026-07-12,2026-07-12,104.4,4.35,185,True
REQ-006804,2026-07-08,2026-07-09,2026-07-09,33.9,1.41,72,True
REQ-006805,2026-07-08,2026-07-09,,29.1,1.21,185,True
REQ-006806,2026-07-08,2026-07-10,,69.2,2.88,218,True
REQ-006807,2026-07-08,2026-07-09,2026-07-09,36.1,1.5,168,True
REQ-006808,2026-07-08,2026-07-08,2026-07-08,22.9,0.95,168,True
REQ-006809,2026-07-08,2026-07-08,,7.7,0.32,31,True
REQ-006810,2026-07-08,2026-07-08,2026-07-08,18.9,0.79,72,True
REQ-006811,2026-07-08,2026-07-08,2026-07-08,3.9,0.16,72,True
REQ-006812,2026-07-09,2026-07-09,2026-07-09,7.1,0.29,72,True
REQ-006813,2026-07-09,2026-07-09,2026-07-09,16.2,0.68,24,True
REQ-006814,2026-07-09,2026-07-10,,45.3,1.89,79,True
REQ-006815,2026-07-09,2026-07-10,,36.8,1.53,24,False
REQ-006816,2026-07-09,2026-07-09,2026-07-09,9.9,0.41,24,True
REQ-006817,2026-07-09,2026-07-11,2026-07-11,62.0,2.58,79,True
REQ-006818,2026-07-09,2026-07-10,2026-07-10,35.2,1.47,218,True
REQ-006819,2026-07-09,2026-07-09,,11.2,0.47,26,True
REQ-006820,2026-07-09,2026-07-10,,36.9,1.54,31,False
REQ-006821,2026-07-09,2026-07-10,2026-07-10,29.6,1.23,185,True
REQ-006822,2026-07-09,2026-07-09,2026-07-09,23.0,0.96,72,True
REQ-006823,2026-07-09,2026-07-09,2026-07-09,18.5,0.77,185,True
REQ-006824,2026-07-09,2026-07-10,2026-07-10,33.4,1.39,168,True
REQ-006826,2026-07-09,2026-07-09,,18.0,0.75,24,True
REQ-006827,2026-07-09,2026-07-10,,47.3,1.97,168,True
REQ-006828,2026-07-09,2026-07-10,,35.1,1.46,218,True
REQ-006829,2026-07-09,2026-07-10,,45.5,1.89,185,True
REQ-006830,2026-07-09,2026-07-09,,14.2,0.59,168,True
REQ-006831,2026-07-09,2026-07-11,2026-07-11,51.3,2.14,168,True
REQ-006832,2026-07-09,2026-07-10,2026-07-10,35.0,1.46,94,True
REQ-006833,2026-07-09,2026-07-09,2026-07-09,15.5,0.64,5,False
REQ-006834,2026-07-09,2026-07-09,2026-07-09,20.3,0.85,168,True
REQ-006835,2026-07-09,2026-07-12,,94.3,3.93,185,True
REQ-006836,2026-07-09,2026-07-10,,36.5,1.52,79,True
REQ-006837,2026-07-09,2026-07-10,2026-07-10,36.8,1.53,79,True
REQ-006838,2026-07-09,2026-07-10,2026-07-10,26.7,1.11,168,True
REQ-006839,2026-07-09,2026-07-11,2026-07-11,64.0,2.67,168,True
REQ-006840,2026-07-09,2026-07-10,,40.1,1.67,168,True
REQ-006841,2026-07-09,2026-07-10,2026-07-10,26.6,1.11,185,True
REQ-006842,2026-07-10,2026-07-11,,30.6,1.28,185,True
REQ-006843,2026-07-10,2026-07-10,,9.9,0.41,168,True
REQ-006844,2026-07-10,2026-07-10,,9.7,0.41,168,True
REQ-006846,2026-07-10,2026-07-12,2026-07-12,56.7,2.36,218,True
REQ-006847,2026-07-10,2026-07-10,,19.5,0.81,4,False
REQ-006848,2026-07-10,2026-07-10,2026-07-10,21.2,0.88,24,True
REQ-006849,2026-07-10,2026-07-11,2026-07-11,33.6,1.4,218,True
REQ-006850,2026-07-10,2026-07-10,2026-07-10,15.0,0.63,24,True
REQ-006851,2026-07-10,2026-07-11,,28.0,1.17,218,True
REQ-006852,2026-07-10,2026-07-11,2026-07-11,33.3,1.39,168,True
REQ-006853,2026-07-10,2026-07-11,2026-07-11,31.8,1.33,72,True
REQ-006854,2026-07-10,2026-07-11,2026-07-11,29.4,1.22,168,True
REQ-006855,2026-07-10,2026-07-10,,2.5,0.11,5,True
REQ-006856,2026-07-10,2026-07-11,,46.9,1.95,79,True
REQ-006857,2026-07-10,2026-07-12,2026-07-12,48.6,2.02,72,True
REQ-006858,2026-07-10,2026-07-10,2026-07-10,4.3,0.18,24,True
REQ-006859,2026-07-10,2026-07-10,,5.8,0.24,168,True
REQ-006860,2026-07-10,2026-07-10,2026-07-10,19.7,0.82,218,True
REQ-006861,2026-07-10,2026-07-10,2026-07-10,9.7,0.4,72,True
REQ-006862,2026-07-10,2026-07-11,2026-07-11,31.4,1.31,168,True
REQ-006863,2026-07-10,2026-07-10,,11.4,0.47,79,True
REQ-006864,2026-07-10,2026-07-11,2026-07-11,29.5,1.23,24,False
REQ-006865,2026-07-10,2026-07-14,2026-07-14,105.6,4.4,218,True
REQ-006866,2026-07-10,2026-07-10,,18.6,0.78,79,True
REQ-006867,2026-07-10,2026-07-11,,31.1,1.3,168,True
REQ-006868,2026-07-10,2026-07-11,2026-07-11,26.1,1.09,24,False
REQ-006869,2026-07-10,2026-07-10,2026-07-10,15.2,0.63,168,True
REQ-006870,2026-07-10,2026-07-11,2026-07-11,30.4,1.27,168,True
REQ-006871,2026-07-10,2026-07-10,2026-07-10,9.2,0.38,31,True
REQ-006872,2026-07-10,2026-07-10,,3.2,0.13,4,True
REQ-006873,2026-07-10,2026-07-11,2026-07-11,25.7,1.07,168,True
REQ-006874,2026-07-11,2026-07-11,,14.7,0.61,24,True
REQ-006875,2026-07-11,2026-07-11,2026-07-11,21.2,0.88,26,True
REQ-006876,2026-07-11,2026-07-11,,20.3,0.85,79,True
REQ-006877,2026-07-11,2026-07-12,2026-07-12,29.0,1.21,31,True
REQ-006878,2026-07-11,2026-07-11,,11.8,0.49,94,True
REQ-006879,2026-07-11,2026-07-12,2026-07-12,24.8,1.03,185,True
REQ-006880,2026-07-11,2026-07-14,,88.1,3.67,72,False
REQ-006881,2026-07-11,2026-07-11,2026-07-11,12.3,0.51,218,True
REQ-006882,2026-07-11,2026-07-12,,44.0,1.83,218,True
REQ-006883,2026-07-11,2026-07-13,,61.7,2.57,168,True
REQ-006884,2026-07-11,2026-07-13,2026-07-13,66.1,2.75,185,True
REQ-006885,2026-07-11,2026-07-11,2026-07-11,17.7,0.74,218,True
REQ-006886,2026-07-11,2026-07-11,2026-07-11,4.0,0.17,185,True
REQ-006887,2026-07-11,2026-07-11,,7.8,0.33,72,True
REQ-006888,2026-07-11,2026-07-11,2026-07-11,10.9,0.45,4,False
REQ-006889,2026-07-11,2026-07-11,2026-07-11,11.5,0.48,168,True
REQ-006890,2026-07-11,2026-07-13,2026-07-13,48.8,2.03,24,False
REQ-006891,2026-07-12,2026-07-13,2026-07-13,44.1,1.84,94,True
REQ-006892,2026-07-12,2026-07-14,,56.3,2.35,185,True
REQ-006893,2026-07-12,2026-07-15,,78.4,3.27,185,True
REQ-006894,2026-07-12,2026-07-12,2026-07-12,19.2,0.8,26,True
REQ-006895,2026-07-12,2026-07-13,,29.0,1.21,79,True
REQ-006896,2026-07-12,2026-07-13,,38.7,1.61,218,True
REQ-006897,2026-07-12,2026-07-14,,51.5,2.15,185,True
REQ-006898,2026-07-12,2026-07-12,2026-07-12,6.3,0.26,4,False
REQ-006899,2026-07-12,2026-07-14,,48.2,2.01,79,True
REQ-006901,2026-07-12,2026-07-13,2026-07-13,26.0,1.08,185,True
REQ-006902,2026-07-12,2026-07-12,2026-07-12,12.0,0.5,72,True
REQ-006903,2026-07-12,2026-07-12,2026-07-12,6.9,0.29,168,True
REQ-006904,2026-07-12,2026-07-12,,12.6,0.52,168,True
REQ-006905,2026-07-12,2026-07-12,2026-07-12,16.1,0.67,94,True
REQ-006906,2026-07-13,2026-07-13,,22.3,0.93,185,True
REQ-006907,2026-07-13,2026-07-13,2026-07-13,10.1,0.42,31,True
REQ-006908,2026-07-13,2026-07-16,2026-07-16,74.4,3.1,185,True
REQ-006909,2026-07-13,2026-07-13,,11.1,0.46,26,True
REQ-006910,2026-07-13,2026-07-16,,79.3,3.31,218,True
REQ-006911,2026-07-13,2026-07-13,,9.0,0.38,94,True
REQ-006912,2026-07-13,2026-07-13,2026-07-13,13.8,0.57,72,True
REQ-006913,2026-07-13,2026-07-13,2026-07-13,22.7,0.95,24,True
REQ-006914,2026-07-13,2026-07-13,2026-07-13,12.2,0.51,24,True
REQ-006915,2026-07-13,2026-07-13,2026-07-13,4.8,0.2,24,True
REQ-006916,2026-07-13,2026-07-13,,16.8,0.7,72,True
REQ-006917,2026-07-13,2026-07-14,2026-07-14,34.6,1.44,79,True
REQ-006918,2026-07-13,2026-07-15,,54.7,2.28,168,True
REQ-006919,2026-07-13,2026-07-13,2026-07-13,8.7,0.36,94,True
REQ-006920,2026-07-13,2026-07-15,,54.2,2.26,218,True
REQ-006921,2026-07-13,2026-07-13,,17.3,0.72,94,True
REQ-006922,2026-07-13,2026-07-13,,14.2,0.59,168,True
REQ-006923,2026-07-13,2026-07-13,2026-07-13,20.3,0.85,31,True
REQ-006924,2026-07-13,2026-07-13,,11.2,0.47,218,True
REQ-006925,2026-07-13,2026-07-14,2026-07-14,30.4,1.27,168,True
REQ-006926,2026-07-13,2026-07-14,2026-07-14,45.4,1.89,185,True
REQ-006927,2026-07-13,2026-07-14,2026-07-14,42.0,1.75,168,True
REQ-006928,2026-07-13,2026-07-14,2026-07-14,24.2,1.01,185,True
REQ-006930,2026-07-13,2026-07-13,2026-07-13,16.3,0.68,185,True
REQ-006931,2026-07-13,2026-07-15,,51.3,2.14,94,True
REQ-006932,2026-07-13,2026-07-13,2026-07-13,6.3,0.26,218,True
REQ-006933,2026-07-13,2026-07-15,2026-07-15,65.3,2.72,218,True
REQ-006934,2026-07-14,2026-07-16,2026-07-16,68.8,2.87,168,True
REQ-006935,2026-07-14,2026-07-14,2026-07-14,16.3,0.68,94,True
REQ-006936,2026-07-14,2026-07-14,,19.3,0.8,168,True
REQ-006937,2026-07-14,2026-07-15,2026-07-15,36.6,1.53,94,True
REQ-006939,2026-07-14,2026-07-17,,88.4,3.68,218,True
REQ-006940,2026-07-14,2026-07-14,2026-07-14,20.1,0.84,168,True
REQ-006941,2026-07-14,2026-07-14,2026-07-14,19.2,0.8,5,False
REQ-006942,2026-07-14,2026-07-16,2026-07-16,56.9,2.37,218,True
REQ-006943,2026-07-14,2026-07-15,2026-07-15,34.5,1.44,185,True
REQ-006944,2026-07-14,2026-07-14,,10.5,0.44,94,True
REQ-006945,2026-07-14,2026-07-14,2026-07-14,8.6,0.36,94,True
REQ-006946,2026-07-14,2026-07-15,2026-07-15,48.0,2.0,26,False
REQ-006947,2026-07-14,2026-07-14,2026-07-14,22.7,0.95,168,True
REQ-006948,2026-07-14,2026-07-14,2026-07-14,3.2,0.13,168,True
REQ-006949,2026-07-14,2026-07-17,2026-07-17,89.8,3.74,185,True
REQ-006950,2026-07-14,2026-07-15,2026-07-15,44.3,1.85,94,True
REQ-006951,2026-07-14,2026-07-15,2026-07-15,26.3,1.1,31,True
REQ-006952,2026-07-14,2026-07-16,2026-07-16,66.2,2.76,168,True
REQ-006953,2026-07-14,2026-07-15,,31.2,1.3,168,True
REQ-006954,2026-07-14,2026-07-17,2026-07-17,75.4,3.14,26,False
REQ-006956,2026-07-14,2026-07-14,,18.6,0.78,185,True
REQ-006957,2026-07-14,2026-07-14,2026-07-14,9.0,0.38,31,True
REQ-006958,2026-07-14,2026-07-15,,27.4,1.14,26,False
REQ-006959,2026-07-14,2026-07-14,2026-07-14,20.6,0.86,168,True
REQ-006960,2026-07-14,2026-07-16,2026-07-16,51.1,2.13,185,True
REQ-006961,2026-07-14,2026-07-16,,70.7,2.95,185,True
REQ-006962,2026-07-14,2026-07-14,2026-07-14,5.1,0.21,4,False
REQ-006963,2026-07-14,2026-07-14,2026-07-14,4.9,0.2,94,True
REQ-006964,2026-07-14,2026-07-14,,5.4,0.23,24,True
REQ-006965,2026-07-14,2026-07-14,,18.6,0.78,218,True
REQ-006966,2026-07-14,2026-07-15,2026-07-15,30.7,1.28,72,True
REQ-006967,2026-07-14,2026-07-14,2026-07-14,14.5,0.61,24,True
REQ-006968,2026-07-14,2026-07-14,,14.6,0.61,94,True
REQ-006970,2026-07-15,2026-07-18,,83.1,3.46,94,True
REQ-006971,2026-07-15,2026-07-16,2026-07-16,41.6,1.73,168,True
REQ-006972,2026-07-15,2026-07-17,,70.2,2.93,185,True
REQ-006973,2026-07-15,2026-07-15,,20.3,0.84,79,True
REQ-006974,2026-07-15,2026-07-17,2026-07-17,52.4,2.19,168,True
REQ-006975,2026-07-15,2026-07-15,,19.9,0.83,218,True
REQ-006977,2026-07-15,2026-07-15,2026-07-15,19.0,0.79,72,True
REQ-006978,2026-07-15,2026-07-15,,23.6,0.98,94,True
REQ-006979,2026-07-15,2026-07-15,2026-07-15,15.8,0.66,5,False
REQ-006980,2026-07-15,2026-07-17,,64.0,2.67,26,False
REQ-006981,2026-07-15,2026-07-18,,72.2,3.01,218,True
REQ-006982,2026-07-15,2026-07-15,2026-07-15,21.1,0.88,4,False
REQ-006983,2026-07-15,2026-07-16,,36.8,1.53,185,True
REQ-006984,2026-07-15,2026-07-16,2026-07-16,36.0,1.5,168,True
REQ-006985,2026-07-15,2026-07-15,,17.6,0.73,94,True
REQ-006986,2026-07-15,2026-07-15,2026-07-15,10.1,0.42,4,False
REQ-006987,2026-07-15,2026-07-15,2026-07-15,10.8,0.45,72,True
REQ-006988,2026-07-15,2026-07-16,2026-07-16,34.2,1.43,218,True
REQ-006989,2026-07-15,2026-07-15,2026-07-15,14.1,0.59,4,False
REQ-006990,2026-07-15,2026-07-15,2026-07-15,18.9,0.79,185,True
REQ-006992,2026-07-15,2026-07-15,2026-07-15,16.5,0.69,168,True
REQ-006993,2026-07-15,2026-07-17,,58.1,2.42,218,True
REQ-006994,2026-07-15,2026-07-16,,34.6,1.44,185,True
REQ-006995,2026-07-15,2026-07-16,2026-07-16,28.5,1.19,185,True
REQ-006996,2026-07-15,2026-07-15,2026-07-15,3.3,0.14,168,True
REQ-006997,2026-07-15,2026-07-16,2026-07-16,35.8,1.49,79,True
REQ-006998,2026-07-15,2026-07-15,2026-07-15,14.5,0.6,4,False
REQ-006999,2026-07-15,2026-07-15,2026-07-15,11.6,0.48,24,True
REQ-007000,2026-07-15,2026-07-19,,115.5,4.81,168,True
REQ-007001,2026-07-15,2026-07-17,2026-07-17,52.1,2.17,218,True
REQ-007002,2026-07-16,2026-07-17,2026-07-17,37.1,1.55,168,True
REQ-007003,2026-07-16,2026-07-19,,90.5,3.77,185,True
REQ-007004,2026-07-16,2026-07-17,2026-07-17,28.6,1.19,31,True
REQ-007005,2026-07-16,2026-07-16,2026-07-16,19.0,0.79,185,True
REQ-007006,2026-07-16,2026-07-16,,13.8,0.58,72,True
REQ-007008,2026-07-16,2026-07-17,2026-07-17,37.3,1.56,218,True
REQ-007009,2026-07-16,2026-07-17,2026-07-17,38.2,1.59,218,True
REQ-007010,2026-07-16,2026-07-17,,27.0,1.12,168,True
REQ-007011,2026-07-16,2026-07-18,2026-07-18,49.2,2.05,79,True
REQ-007012,2026-07-16,2026-07-18,2026-07-18,66.6,2.78,72,True
REQ-007014,2026-07-16,2026-07-18,2026-07-18,51.1,2.13,94,True
REQ-007015,2026-07-16,2026-07-16,,20.7,0.86,168,True
REQ-007016,2026-07-16,2026-07-16,,23.5,0.98,24,True
REQ-007017,2026-07-16,2026-07-16,,13.1,0.55,31,True
REQ-007018,2026-07-16,2026-07-16,2026-07-16,4.9,0.21,24,True
REQ-007019,2026-07-16,2026-07-16,2026-07-16,9.8,0.41,72,True
REQ-007020,2026-07-16,2026-07-17,,25.4,1.06,168,True
REQ-007021,2026-07-17,2026-07-17,2026-07-17,11.7,0.49,4,False
REQ-007022,2026-07-17,2026-07-18,2026-07-18,26.7,1.11,72,True
REQ-007023,2026-07-17,2026-07-20,,87.1,3.63,185,True
REQ-007025,2026-07-17,2026-07-17,2026-07-17,15.5,0.64,24,True
REQ-007028,2026-07-17,2026-07-18,,45.3,1.89,218,True
REQ-007029,2026-07-17,2026-07-17,2026-07-17,5.9,0.25,4,False
REQ-007030,2026-07-17,2026-07-17,2026-07-17,19.1,0.8,94,True
REQ-007031,2026-07-17,2026-07-17,2026-07-17,6.4,0.27,168,True
REQ-007032,2026-07-17,2026-07-18,2026-07-18,29.1,1.21,79,True
REQ-007033,2026-07-17,2026-07-19,,60.9,2.54,168,True
REQ-007034,2026-07-17,2026-07-17,2026-07-17,8.6,0.36,24,True
REQ-007035,2026-07-17,2026-07-18,2026-07-18,36.6,1.53,218,True
REQ-007036,2026-07-17,2026-07-23,,146.3,6.1,218,True
REQ-007037,2026-07-17,2026-07-17,2026-07-17,5.3,0.22,31,True
REQ-007038,2026-07-18,2026-07-20,,59.3,2.47,94,True
REQ-007039,2026-07-18,2026-07-18,2026-07-18,3.9,0.16,218,True
REQ-007040,2026-07-18,2026-07-19,2026-07-19,44.9,1.87,168,True
REQ-007041,2026-07-18,2026-07-19,2026-07-19,27.6,1.15,218,True
REQ-007042,2026-07-18,2026-07-18,,18.4,0.77,218,True
REQ-007043,2026-07-18,2026-07-21,2026-07-21,89.2,3.72,218,True
REQ-007044,2026-07-18,2026-07-19,2026-07-19,33.2,1.38,24,False
REQ-007045,2026-07-18,2026-07-18,2026-07-18,5.4,0.22,4,False
REQ-007046,2026-07-18,2026-07-20,2026-07-20,55.0,2.29,94,True
REQ-007048,2026-07-18,2026-07-18,2026-07-18,15.9,0.66,24,True
REQ-007049,2026-07-18,2026-07-18,2026-07-18,6.0,0.25,4,False
REQ-007050,2026-07-18,2026-07-21,2026-07-21,92.4,3.85,79,False
REQ-007051,2026-07-18,2026-07-18,,13.9,0.58,72,True
REQ-007052,2026-07-18,2026-07-19,,35.3,1.47,168,True
REQ-007053,2026-07-18,2026-07-19,,27.3,1.14,185,True
REQ-007054,2026-07-19,2026-07-19,,22.4,0.93,94,True
REQ-007055,2026-07-19,2026-07-20,,30.7,1.28,72,True
REQ-007056,2026-07-19,2026-07-20,2026-07-20,34.7,1.44,24,False
REQ-007057,2026-07-19,2026-07-19,2026-07-19,5.5,0.23,24,True
REQ-007058,2026-07-19,2026-07-20,,40.2,1.68,168,True
REQ-007059,2026-07-19,2026-07-22,2026-07-22,80.5,3.36,218,True
REQ-007060,2026-07-19,2026-07-19,2026-07-19,1.6,0.06,168,True
REQ-007061,2026-07-19,2026-07-20,2026-07-20,43.3,1.8,168,True
REQ-007062,2026-07-20,2026-07-21,2026-07-21,45.3,1.89,72,True
REQ-007063,2026-07-20,2026-07-20,2026-07-20,4.6,0.19,24,True
REQ-007064,2026-07-20,2026-07-20,,15.1,0.63,168,True
REQ-007065,2026-07-20,2026-07-21,,36.5,1.52,24,False
REQ-007066,2026-07-20,2026-07-22,,48.5,2.02,168,True
REQ-007067,2026-07-20,2026-07-20,2026-07-20,11.2,0.46,24,True
REQ-007068,2026-07-20,2026-07-20,2026-07-20,19.8,0.83,4,False
REQ-007069,2026-07-20,2026-07-22,,62.4,2.6,168,True
REQ-007070,2026-07-20,2026-07-20,,22.1,0.92,168,True
REQ-007071,2026-07-20,2026-07-21,,27.2,1.13,168,True
REQ-007072,2026-07-20,2026-07-21,2026-07-21,33.8,1.41,72,True
REQ-007073,2026-07-20,2026-07-20,,6.2,0.26,218,True
REQ-007074,2026-07-20,2026-07-21,,27.8,1.16,168,True
REQ-007075,2026-07-20,2026-07-21,2026-07-21,36.5,1.52,218,True
REQ-007076,2026-07-20,2026-07-20,,18.2,0.76,168,True
REQ-007077,2026-07-20,2026-07-22,2026-07-22,70.1,2.92,94,True
REQ-007078,2026-07-20,2026-07-21,,43.8,1.82,218,True
REQ-007080,2026-07-20,2026-07-21,2026-07-21,34.8,1.45,94,True
REQ-007081,2026-07-20,2026-07-20,2026-07-20,21.4,0.89,168,True
REQ-007082,2026-07-20,2026-07-20,,14.8,0.62,94,True
REQ-007083,2026-07-20,2026-07-20,2026-07-20,12.9,0.54,168,True
REQ-007084,2026-07-20,2026-07-20,2026-07-20,8.2,0.34,24,True
REQ-007085,2026-07-20,2026-07-20,,16.8,0.7,218,True
REQ-007086,2026-07-20,2026-07-20,,5.7,0.24,218,True
REQ-007087,2026-07-20,2026-07-20,2026-07-20,15.7,0.65,168,True
REQ-007088,2026-07-20,2026-07-21,2026-07-21,31.0,1.29,168,True
REQ-007089,2026-07-20,2026-07-20,2026-07-20,10.0,0.42,72,True
REQ-007090,2026-07-21,2026-07-21,2026-07-21,23.0,0.96,185,True
REQ-007091,2026-07-21,2026-07-21,2026-07-21,7.1,0.3,168,True
REQ-007092,2026-07-21,2026-07-21,2026-07-21,16.3,0.68,218,True
REQ-007093,2026-07-21,2026-07-21,2026-07-21,21.9,0.91,218,True
REQ-007094,2026-07-21,2026-07-21,2026-07-21,16.9,0.71,72,True
REQ-007095,2026-07-21,2026-07-21,2026-07-21,6.6,0.28,168,True
REQ-007096,2026-07-21,2026-07-22,2026-07-22,46.4,1.93,168,True
REQ-007097,2026-07-21,2026-07-22,2026-07-22,47.8,1.99,24,False
REQ-007098,2026-07-21,2026-07-21,2026-07-21,9.6,0.4,24,True
REQ-007099,2026-07-21,2026-07-22,2026-07-22,24.1,1.01,168,True
REQ-007100,2026-07-21,2026-07-23,2026-07-23,61.4,2.56,72,True
REQ-007101,2026-07-21,2026-07-22,2026-07-22,33.2,1.38,24,False
REQ-007102,2026-07-21,2026-07-22,2026-07-22,31.1,1.3,168,True
REQ-007103,2026-07-21,2026-07-22,2026-07-22,41.3,1.72,218,True
REQ-007104,2026-07-21,2026-07-21,2026-07-21,20.4,0.85,218,True
REQ-007105,2026-07-21,2026-07-21,2026-07-21,11.6,0.48,94,True
REQ-007106,2026-07-21,2026-07-22,,45.6,1.9,218,True
REQ-007107,2026-07-21,2026-07-21,2026-07-21,6.7,0.28,72,True
REQ-007109,2026-07-21,2026-07-21,2026-07-21,21.8,0.91,72,True
REQ-007110,2026-07-21,2026-07-23,2026-07-23,50.4,2.1,218,True
REQ-007112,2026-07-21,2026-07-23,,58.7,2.45,218,True
REQ-007113,2026-07-21,2026-07-21,,17.6,0.73,185,True
REQ-007114,2026-07-22,2026-07-22,2026-07-22,23.4,0.97,24,True
REQ-007115,2026-07-22,2026-07-23,,35.7,1.49,31,False
REQ-007117,2026-07-22,2026-07-22,2026-07-22,9.2,0.39,72,True
REQ-007118,2026-07-22,2026-07-23,2026-07-23,47.3,1.97,185,True
REQ-007120,2026-07-22,2026-07-22,,7.1,0.3,79,True
REQ-007121,2026-07-22,2026-07-22,2026-07-22,9.0,0.37,31,True
REQ-007122,2026-07-22,2026-07-22,2026-07-22,21.4,0.89,72,True
REQ-007123,2026-07-22,2026-07-22,,2.1,0.09,72,True
REQ-007124,2026-07-22,2026-07-24,,71.8,2.99,185,True
REQ-007125,2026-07-22,2026-07-23,,34.4,1.43,218,True
REQ-007126,2026-07-22,2026-07-22,,10.5,0.44,168,True
REQ-007127,2026-07-22,2026-07-23,2026-07-23,39.0,1.63,185,True
REQ-007128,2026-07-22,2026-07-23,,28.0,1.17,168,True
REQ-007129,2026-07-22,2026-07-22,2026-07-22,15.0,0.62,168,True
REQ-007130,2026-07-22,2026-07-23,2026-07-23,32.4,1.35,168,True
REQ-007131,2026-07-22,2026-07-22,,7.8,0.32,24,True
REQ-007132,2026-07-22,2026-07-22,,14.1,0.59,168,True
REQ-007133,2026-07-22,2026-07-22,2026-07-22,22.0,0.92,218,True
REQ-007134,2026-07-22,2026-07-23,,33.3,1.39,185,True
REQ-007135,2026-07-22,2026-07-23,2026-07-23,32.4,1.35,94,True
REQ-007136,2026-07-22,2026-07-22,,11.7,0.49,72,True
REQ-007137,2026-07-23,2026-07-24,,24.6,1.02,72,True
REQ-007138,2026-07-23,2026-07-23,,10.9,0.45,218,True
REQ-007139,2026-07-23,2026-07-24,2026-07-24,24.2,1.01,218,True
REQ-007140,2026-07-23,2026-07-24,2026-07-24,25.8,1.08,168,True
REQ-007141,2026-07-23,2026-07-23,2026-07-23,20.6,0.86,31,True
REQ-007142,2026-07-23,2026-07-24,,36.7,1.53,218,True
REQ-007144,2026-07-23,2026-07-24,2026-07-24,28.0,1.17,72,True
REQ-007145,2026-07-23,2026-07-25,2026-07-25,55.6,2.32,168,True
REQ-007147,2026-07-23,2026-07-23,2026-07-23,4.7,0.2,31,True
REQ-007148,2026-07-23,2026-07-23,2026-07-23,5.5,0.23,4,False
REQ-007149,2026-07-23,2026-07-23,2026-07-23,7.9,0.33,24,True
REQ-007150,2026-07-23,2026-07-24,2026-07-24,37.3,1.56,218,True
REQ-007151,2026-07-23,2026-07-30,,185.0,7.71,168,False
REQ-007152,2026-07-23,2026-07-24,,32.5,1.36,94,True
REQ-007153,2026-07-23,2026-07-26,2026-07-26,75.3,3.14,218,True
REQ-007154,2026-07-23,2026-07-23,,22.1,0.92,218,True
REQ-007155,2026-07-23,2026-07-23,2026-07-23,10.7,0.45,218,True
REQ-007156,2026-07-23,2026-07-27,,119.3,4.97,218,True
REQ-007157,2026-07-23,2026-07-23,,21.0,0.88,168,True
REQ-007158,2026-07-23,2026-07-23,,12.3,0.51,94,True
REQ-007159,2026-07-23,2026-07-23,,21.6,0.9,24,True
REQ-007160,2026-07-23,2026-07-25,2026-07-25,59.3,2.47,185,True
REQ-007161,2026-07-23,2026-07-23,,15.3,0.64,79,True
REQ-007162,2026-07-23,2026-07-24,,40.3,1.68,218,True
REQ-007163,2026-07-23,2026-07-24,,35.8,1.49,185,True
REQ-007164,2026-07-23,2026-07-23,2026-07-23,21.8,0.91,79,True
REQ-007165,2026-07-24,2026-07-25,2026-07-25,31.3,1.31,79,True
REQ-007166,2026-07-24,2026-07-25,2026-07-25,28.7,1.19,168,True
REQ-007167,2026-07-24,2026-07-24,2026-07-24,22.6,0.94,4,False
REQ-007168,2026-07-24,2026-07-24,2026-07-24,6.5,0.27,94,True
REQ-007169,2026-07-24,2026-07-24,2026-07-24,8.2,0.34,24,True
REQ-007170,2026-07-24,2026-07-24,2026-07-24,6.2,0.26,24,True
REQ-007171,2026-07-24,2026-07-24,,16.3,0.68,168,True
REQ-007172,2026-07-24,2026-07-24,,12.0,0.5,26,True
REQ-007173,2026-07-24,2026-07-27,,81.3,3.39,168,True
REQ-007174,2026-07-24,2026-07-24,2026-07-24,12.9,0.54,94,True
REQ-007175,2026-07-24,2026-07-25,,34.5,1.44,185,True
REQ-007176,2026-07-24,2026-07-25,,31.4,1.31,218,True
REQ-007177,2026-07-24,2026-07-26,2026-07-26,60.3,2.51,168,True
REQ-007178,2026-07-24,2026-07-24,2026-07-24,14.1,0.59,72,True
REQ-007179,2026-07-24,2026-07-27,,93.0,3.88,218,True
REQ-007180,2026-07-24,2026-07-24,2026-07-24,10.8,0.45,218,True
REQ-007181,2026-07-24,2026-07-25,2026-07-25,34.9,1.46,79,True
REQ-007182,2026-07-24,2026-07-24,,8.9,0.37,31,True
REQ-007183,2026-07-24,2026-07-24,2026-07-24,5.2,0.22,168,True
REQ-007184,2026-07-24,2026-07-24,2026-07-24,4.9,0.2,79,True
REQ-007185,2026-07-24,2026-07-24,2026-07-24,21.1,0.88,72,True
REQ-007186,2026-07-24,2026-07-24,,7.3,0.3,168,True
REQ-007187,2026-07-24,2026-07-27,2026-07-27,75.4,3.14,218,True
REQ-007188,2026-07-24,2026-07-26,2026-07-26,60.1,2.51,94,True
REQ-007189,2026-07-24,2026-07-25,,30.1,1.25,168,True
REQ-007190,2026-07-24,2026-07-24,,11.7,0.49,168,True
REQ-007191,2026-07-24,2026-07-25,2026-07-25,34.8,1.45,168,True
REQ-007192,2026-07-24,2026-07-25,2026-07-25,44.3,1.85,168,True
REQ-007193,2026-07-24,2026-07-24,,21.0,0.87,26,True
REQ-007194,2026-07-25,2026-07-25,2026-07-25,21.0,0.87,218,True
REQ-007195,2026-07-25,2026-07-25,2026-07-25,18.4,0.77,24,True
REQ-007196,2026-07-25,2026-07-28,,76.5,3.19,185,True
REQ-007197,2026-07-25,2026-07-27,,56.9,2.37,94,True
REQ-007198,2026-07-25,2026-07-25,2026-07-25,3.5,0.14,26,True
REQ-007199,2026-07-25,2026-07-26,2026-07-26,28.6,1.19,185,True
REQ-007200,2026-07-25,2026-07-26,2026-07-26,25.9,1.08,24,False
REQ-007201,2026-07-25,2026-07-26,2026-07-26,40.2,1.68,72,True
REQ-007202,2026-07-25,2026-07-27,,54.6,2.28,31,False
REQ-007203,2026-07-25,2026-07-26,2026-07-26,30.8,1.28,26,False
REQ-007204,2026-07-25,2026-07-27,,59.4,2.47,94,True
REQ-007205,2026-07-25,2026-07-26,2026-07-26,30.8,1.28,24,False
REQ-007206,2026-07-25,2026-07-27,,53.5,2.23,218,True
REQ-007207,2026-07-25,2026-07-25,2026-07-25,14.1,0.59,26,True
REQ-007208,2026-07-25,2026-07-26,2026-07-26,26.3,1.09,185,True
REQ-007209,2026-07-25,2026-07-25,2026-07-25,0.6,0.03,185,True
REQ-007210,2026-07-25,2026-07-25,2026-07-25,18.8,0.79,24,True
REQ-007211,2026-07-26,2026-07-28,2026-07-28,66.9,2.79,168,True
REQ-007212,2026-07-26,2026-07-31,2026-07-31,121.6,5.07,168,True
REQ-007213,2026-07-26,2026-07-27,,29.7,1.24,185,True
REQ-007214,2026-07-26,2026-07-26,2026-07-26,19.5,0.81,168,True
REQ-007215,2026-07-26,2026-07-27,,29.0,1.21,218,True
REQ-007216,2026-07-26,2026-07-26,2026-07-26,21.5,0.9,168,True
REQ-007217,2026-07-26,2026-07-27,,31.4,1.31,72,True
REQ-007218,2026-07-26,2026-07-28,2026-07-28,51.9,2.16,168,True
REQ-007219,2026-07-26,2026-07-26,,22.2,0.92,168,True
REQ-007220,2026-07-26,2026-07-29,2026-07-29,77.2,3.22,185,True
REQ-007221,2026-07-26,2026-07-26,2026-07-26,19.4,0.81,185,True
REQ-007222,2026-07-27,2026-07-27,,21.9,0.91,185,True
REQ-007223,2026-07-27,2026-07-28,2026-07-28,42.2,1.76,31,False
REQ-007224,2026-07-27,2026-07-29,,67.8,2.83,79,True
REQ-007225,2026-07-27,2026-07-27,2026-07-27,3.2,0.13,26,True
REQ-007226,2026-07-27,2026-07-27,,9.5,0.39,218,True
REQ-007227,2026-07-27,2026-07-29,2026-07-29,51.8,2.16,31,False
REQ-007228,2026-07-27,2026-07-27,,3.9,0.16,94,True
REQ-007229,2026-07-27,2026-07-28,2026-07-28,25.2,1.05,168,True
REQ-007230,2026-07-27,2026-07-27,2026-07-27,10.0,0.41,79,True
REQ-007231,2026-07-27,2026-07-27,,22.6,0.94,72,True
REQ-007232,2026-07-27,2026-07-27,,6.5,0.27,185,True
REQ-007233,2026-07-27,2026-07-27,,8.1,0.34,26,True
REQ-007235,2026-07-27,2026-07-28,2026-07-28,39.0,1.63,168,True
REQ-007237,2026-07-27,2026-07-27,2026-07-27,18.6,0.77,72,True
REQ-007238,2026-07-27,2026-07-28,,38.0,1.58,185,True
REQ-007239,2026-07-27,2026-07-27,,22.2,0.92,168,True
REQ-007240,2026-07-27,2026-07-27,,22.7,0.95,72,True
REQ-007242,2026-07-27,2026-07-27,,21.4,0.89,218,True
REQ-007243,2026-07-27,2026-07-28,2026-07-28,25.2,1.05,218,True
REQ-007245,2026-07-27,2026-07-27,,6.6,0.27,24,True
REQ-007247,2026-07-27,2026-07-27,,21.4,0.89,26,True
REQ-007248,2026-07-27,2026-07-29,,58.5,2.44,168,True
REQ-007249,2026-07-27,2026-07-29,,69.4,2.89,168,True
REQ-007250,2026-07-28,2026-07-29,2026-07-29,43.5,1.81,168,True
REQ-007251,2026-07-28,2026-07-28,2026-07-28,19.6,0.82,72,True
REQ-007252,2026-07-28,2026-07-28,,20.9,0.87,168,True
REQ-007253,2026-07-28,2026-07-28,2026-07-28,21.1,0.88,168,True
REQ-007254,2026-07-28,2026-07-28,2026-07-28,19.8,0.83,72,True
REQ-007255,2026-07-28,2026-07-28,,14.4,0.6,185,True
REQ-007256,2026-07-28,2026-07-28,2026-07-28,8.2,0.34,168,True
REQ-007257,2026-07-28,2026-07-28,2026-07-28,10.1,0.42,24,True
REQ-007258,2026-07-28,2026-07-28,,15.8,0.66,168,True
REQ-007259,2026-07-28,2026-07-31,2026-07-31,73.3,3.05,168,True
REQ-007262,2026-07-28,2026-07-28,2026-07-28,21.7,0.91,26,True
REQ-007263,2026-07-28,2026-07-30,2026-07-30,71.8,2.99,72,True
REQ-007264,2026-07-28,2026-07-29,2026-07-29,30.4,1.27,218,True
REQ-007265,2026-07-28,2026-07-28,2026-07-28,7.9,0.33,94,True
REQ-007266,2026-07-28,2026-07-28,2026-07-28,14.7,0.61,4,False
REQ-007267,2026-07-28,2026-07-28,2026-07-28,3.1,0.13,24,True
REQ-007268,2026-07-28,2026-07-28,2026-07-28,5.9,0.24,26,True
REQ-007269,2026-07-28,2026-07-31,,78.4,3.27,168,True
REQ-007271,2026-07-28,2026-07-31,2026-07-31,84.9,3.54,94,True
REQ-007272,2026-07-28,2026-07-30,,56.7,2.36,185,True
REQ-007273,2026-07-28,2026-07-28,,17.9,0.75,218,True
REQ-007274,2026-07-28,2026-07-31,,72.1,3.01,185,True
REQ-007275,2026-07-28,2026-07-28,2026-07-28,17.4,0.72,26,True
REQ-007276,2026-07-28,2026-07-29,,47.9,2.0,185,True
REQ-007277,2026-07-28,2026-07-30,2026-07-30,63.4,2.64,168,True
REQ-007278,2026-07-29,2026-07-30,2026-07-30,33.4,1.39,185,True
REQ-007279,2026-07-29,2026-07-29,2026-07-29,7.7,0.32,218,True
REQ-007280,2026-07-29,2026-07-29,2026-07-29,20.2,0.84,72,True
REQ-007281,2026-07-29,2026-07-29,2026-07-29,5.6,0.23,31,True
REQ-007282,2026-07-29,2026-07-30,,35.2,1.47,72,True
REQ-007283,2026-07-29,2026-07-30,2026-07-30,30.0,1.25,218,True
REQ-007284,2026-07-29,2026-07-29,2026-07-29,9.2,0.38,72,True
REQ-007285,2026-07-29,2026-07-31,2026-07-31,71.4,2.98,79,True
REQ-007286,2026-07-29,2026-07-31,,57.8,2.41,72,True
REQ-007287,2026-07-29,2026-07-29,2026-07-29,4.8,0.2,168,True
REQ-007288,2026-07-29,2026-07-30,,43.8,1.82,94,True
REQ-007289,2026-07-29,2026-07-30,2026-07-30,35.4,1.48,168,True
REQ-007290,2026-07-29,2026-07-29,2026-07-29,23.2,0.97,79,True
REQ-007291,2026-07-29,2026-07-29,,10.1,0.42,185,True
REQ-007292,2026-07-29,2026-07-31,2026-07-31,65.6,2.73,168,True
REQ-007293,2026-07-29,2026-08-03,,137.1,5.71,185,True
REQ-007294,2026-07-29,2026-07-29,2026-07-29,15.8,0.66,72,True
REQ-007295,2026-07-29,2026-07-29,,14.4,0.6,168,True
REQ-007296,2026-07-29,2026-07-29,2026-07-29,5.4,0.23,72,True
REQ-007297,2026-07-29,2026-07-29,2026-07-29,19.0,0.79,26,True
REQ-007298,2026-07-29,2026-07-29,,8.0,0.33,5,False
REQ-007299,2026-07-29,2026-07-29,2026-07-29,9.7,0.4,94,True
REQ-007300,2026-07-29,2026-07-31,2026-07-31,59.0,2.46,79,True
REQ-007301,2026-07-30,2026-07-31,,28.6,1.19,79,True
REQ-007302,2026-07-30,2026-08-01,,54.3,2.26,185,True
REQ-007303,2026-07-30,2026-07-30,2026-07-30,19.2,0.8,72,True
REQ-007304,2026-07-30,2026-08-02,2026-08-02,87.5,3.65,79,False
REQ-007305,2026-07-30,2026-07-30,,16.7,0.7,72,True
REQ-007306,2026-07-30,2026-07-31,,28.0,1.17,185,True
REQ-007307,2026-07-30,2026-07-31,2026-07-31,31.0,1.29,218,True
REQ-007308,2026-07-30,2026-07-31,2026-07-31,32.9,1.37,26,False
REQ-007310,2026-07-30,2026-08-03,,115.4,4.81,218,True
REQ-007311,2026-07-30,2026-07-30,2026-07-30,19.1,0.79,24,True
REQ-007312,2026-07-30,2026-07-30,2026-07-30,14.4,0.6,72,True
REQ-007313,2026-07-30,2026-07-31,,41.6,1.73,218,True
REQ-007314,2026-07-30,2026-07-30,2026-07-30,16.3,0.68,24,True
REQ-007315,2026-07-30,2026-07-31,2026-07-31,32.8,1.36,168,True
REQ-007316,2026-07-30,2026-07-30,,2.0,0.08,24,True
REQ-007317,2026-07-30,2026-07-31,,28.0,1.17,72,True
REQ-007318,2026-07-30,2026-08-01,2026-08-01,70.5,2.94,72,True
REQ-007319,2026-07-30,2026-08-01,,54.3,2.26,168,True
REQ-007320,2026-07-30,2026-07-30,2026-07-30,11.3,0.47,5,False
REQ-007321,2026-07-30,2026-08-01,2026-08-01,55.3,2.3,94,True
REQ-007322,2026-07-30,2026-07-30,,19.3,0.81,168,True
REQ-007323,2026-07-30,2026-08-01,2026-08-01,53.5,2.23,79,True
REQ-007324,2026-07-30,2026-07-30,,18.0,0.75,26,True
REQ-007325,2026-07-30,2026-07-30,2026-07-30,16.9,0.7,94,True
REQ-007326,2026-07-30,2026-08-01,2026-08-01,52.7,2.2,72,True
REQ-007327,2026-07-30,2026-07-30,2026-07-30,11.0,0.46,72,True
REQ-007328,2026-07-30,2026-07-31,,24.6,1.02,218,True
REQ-007329,2026-07-31,2026-08-01,2026-08-01,43.5,1.81,168,True
REQ-007330,2026-07-31,2026-08-06,2026-08-06,146.1,6.09,94,False
REQ-007331,2026-07-31,2026-07-31,2026-07-31,11.1,0.46,168,True
REQ-007332,2026-07-31,2026-07-31,,21.5,0.9,185,True
REQ-007333,2026-07-31,2026-07-31,2026-07-31,14.4,0.6,5,False
REQ-007334,2026-07-31,2026-07-31,,9.8,0.41,168,True
REQ-007335,2026-07-31,2026-08-01,2026-08-01,24.7,1.03,94,True
REQ-007336,2026-07-31,2026-08-01,2026-08-01,26.4,1.1,168,True
REQ-007337,2026-07-31,2026-08-04,2026-08-04,104.7,4.36,79,False
REQ-007338,2026-07-31,2026-07-31,,15.6,0.65,24,True
REQ-007339,2026-07-31,2026-08-01,2026-08-01,25.4,1.06,24,False
REQ-007340,2026-07-31,2026-07-31,2026-07-31,18.0,0.75,185,True
REQ-007341,2026-07-31,2026-08-01,2026-08-01,46.3,1.93,218,True
REQ-007342,2026-07-31,2026-07-31,2026-07-31,2.7,0.11,218,True
REQ-007343,2026-07-31,2026-07-31,2026-07-31,1.1,0.04,72,True
REQ-007344,2026-07-31,2026-08-01,2026-08-01,34.4,1.43,72,True
REQ-007345,2026-07-31,2026-07-31,,19.4,0.81,72,True
REQ-007346,2026-07-31,2026-08-01,2026-08-01,42.1,1.75,94,True
REQ-007347,2026-07-31,2026-08-02,,55.6,2.32,168,True
REQ-007348,2026-07-31,2026-08-01,2026-08-01,31.1,1.29,24,False
REQ-007349,2026-07-31,2026-08-03,2026-08-03,76.8,3.2,79,True
REQ-007350,2026-07-31,2026-07-31,,15.3,0.64,218,True
REQ-007351,2026-07-31,2026-08-02,,63.6,2.65,79,True
REQ-007352,2026-07-31,2026-07-31,2026-07-31,12.5,0.52,218,True
REQ-007353,2026-07-31,2026-07-31,,14.0,0.58,79,True
