appointment_id,request_id,employee_id,location_id,service_type_id,scheduled_date,status,travel_minutes,override_flag,override_reason,cancellation_reason,cancelled_by,notice_hours,rebooked_flag,client_satisfaction_score,outcome_quality_score,incident_flag,goal_achieved_flag,follow_up_required_flag
APT-000001,REQ-000001,EMP-00106,LOC-05,SVC-02,2025-08-02,Cancelled,4,False,,Other,Client,1.5,True,,,,,
APT-000003,REQ-000003,EMP-00054,LOC-05,SVC-01,2025-08-01,Cancelled,33,False,,Other,Employee,0.0,False,,,,,
APT-000004,REQ-000004,EMP-00025,LOC-10,SVC-02,2025-08-01,Cancelled,15,False,,Other,Employee,23.4,True,,,,,
APT-000005,REQ-000005,EMP-00018,LOC-10,SVC-02,2025-08-01,No-show,16,False,,Weather,Client,21.5,True,,,,,
APT-000006,REQ-000006,EMP-00021,LOC-07,SVC-07,2025-08-01,Cancelled,61,False,,Staff illness,Client,16.2,False,,,,,
APT-000009,REQ-000009,EMP-00148,LOC-06,SVC-07,2025-08-02,No-show,28,False,,Staff illness,Client,4.9,True,,,,,
APT-000011,REQ-000012,EMP-00042,LOC-02,SVC-07,2025-08-02,No-show,18,False,,Client unavailable,Client,16.2,True,,,,,
APT-000014,REQ-000016,EMP-00123,LOC-03,SVC-04,2025-08-01,Cancelled,6,False,,Duplicate booking,Employee,25.5,True,,,,,
APT-000015,REQ-000017,EMP-00103,LOC-09,SVC-03,2025-08-02,Cancelled,74,False,,Duplicate booking,Client,9.5,False,,,,,
APT-000018,REQ-000020,EMP-00109,LOC-01,SVC-07,2025-08-02,Cancelled,19,False,,Transport issue,Organisation,28.1,False,,,,,
APT-000022,REQ-000024,EMP-00042,LOC-06,SVC-03,2025-08-02,No-show,30,False,,Client declined,Client,23.3,True,,,,,
APT-000025,REQ-000028,EMP-00032,LOC-03,SVC-05,2025-08-02,Cancelled,33,False,,Duplicate booking,Employee,0.0,True,,,,,
APT-000028,REQ-000031,EMP-00095,LOC-04,SVC-01,2025-08-02,Cancelled,3,False,,Transport issue,Client,18.3,True,,,,,
APT-000029,REQ-000033,EMP-00101,LOC-05,SVC-02,2025-08-03,Cancelled,28,False,,Weather,Client,0.0,False,,,,,
APT-000031,REQ-000035,EMP-00137,LOC-06,SVC-02,2025-08-06,Cancelled,49,False,,Staff illness,Organisation,32.9,False,,,,,
APT-000036,REQ-000041,EMP-00044,LOC-09,SVC-06,2025-08-04,No-show,47,False,,Weather,Client,15.1,True,,,,,
APT-000037,REQ-000042,EMP-00061,LOC-06,SVC-06,2025-08-05,Cancelled,3,False,,Client declined,Client,16.4,False,,,,,
APT-000041,REQ-000046,EMP-00118,LOC-08,SVC-02,2025-08-04,Cancelled,19,False,,Duplicate booking,Employee,42.5,True,,,,,
APT-000044,REQ-000049,EMP-00119,LOC-07,SVC-02,2025-08-05,No-show,21,False,,Duplicate booking,Organisation,19.7,True,,,,,
APT-000045,REQ-000050,EMP-00064,LOC-01,SVC-07,2025-08-05,No-show,35,False,,Client unwell,Client,14.8,False,,,,,
APT-000046,REQ-000051,EMP-00105,LOC-07,SVC-05,2025-08-05,Cancelled,7,False,,Transport issue,Client,3.4,True,,,,,
APT-000058,REQ-000064,EMP-00008,LOC-01,SVC-01,2025-08-06,Cancelled,3,False,,Transport issue,Employee,37.0,False,,,,,
APT-000061,REQ-000067,EMP-00054,LOC-03,SVC-04,2025-08-04,Cancelled,25,False,,Transport issue,Organisation,8.7,True,,,,,
APT-000063,REQ-000069,EMP-00106,LOC-08,SVC-02,2025-08-05,Cancelled,51,False,,Client unwell,Employee,0.0,True,,,,,
APT-000064,REQ-000070,EMP-00005,LOC-04,SVC-05,2025-08-05,No-show,17,False,,Staff illness,Employee,0.0,True,,,,,
APT-000068,REQ-000074,EMP-00103,LOC-06,SVC-01,2025-08-06,No-show,53,False,,Weather,Client,1.1,True,,,,,
APT-000076,REQ-000083,EMP-00113,LOC-05,SVC-01,2025-08-06,Cancelled,35,False,,Staff illness,Client,27.5,False,,,,,
APT-000084,REQ-000092,EMP-00016,LOC-08,SVC-01,2025-08-07,Cancelled,41,False,,Transport issue,Employee,20.9,True,,,,,
APT-000085,REQ-000093,EMP-00134,LOC-02,SVC-04,2025-08-05,No-show,44,False,,Weather,Client,0.0,True,,,,,
APT-000086,REQ-000094,EMP-00038,LOC-03,SVC-05,2025-08-05,Cancelled,11,False,,Client unavailable,Organisation,61.2,False,,,,,
APT-000092,REQ-000100,EMP-00110,LOC-05,SVC-02,2025-08-07,Cancelled,13,False,,Duplicate booking,Employee,34.0,False,,,,,
APT-000094,REQ-000102,EMP-00033,LOC-10,SVC-05,2025-08-07,Cancelled,16,False,,Client unavailable,Client,53.4,True,,,,,
APT-000095,REQ-000103,EMP-00115,LOC-08,SVC-05,2025-08-06,Cancelled,21,False,,Client declined,Employee,8.7,True,,,,,
APT-000106,REQ-000115,EMP-00069,LOC-02,SVC-05,2025-08-06,Cancelled,3,False,,Transport issue,Employee,0.0,False,,,,,
APT-000110,REQ-000119,EMP-00041,LOC-07,SVC-06,2025-08-07,Cancelled,42,True,Continuity of care,Other,Client,0.0,True,,,,,
APT-000113,REQ-000123,EMP-00120,LOC-08,SVC-06,2025-08-07,Cancelled,12,False,,Other,Organisation,25.4,False,,,,,
APT-000115,REQ-000125,EMP-00105,LOC-08,SVC-02,2025-08-11,Cancelled,15,False,,Staff illness,Client,15.1,False,,,,,
APT-000130,REQ-000141,EMP-00119,LOC-10,SVC-05,2025-08-08,Cancelled,32,False,,Client unavailable,Client,27.3,True,,,,,
APT-000133,REQ-000144,EMP-00093,LOC-02,SVC-01,2025-08-07,Cancelled,16,False,,Client unwell,Client,30.8,False,,,,,
APT-000134,REQ-000145,EMP-00137,LOC-07,SVC-09,2025-08-07,Cancelled,61,False,,Client declined,Client,0.0,True,,,,,
APT-000136,REQ-000147,EMP-00040,LOC-08,SVC-01,2025-08-07,Cancelled,39,True,Client preference,Client unavailable,Client,16.4,False,,,,,
APT-000138,REQ-000149,EMP-00096,LOC-10,SVC-05,2025-08-08,Cancelled,22,False,,Other,Employee,0.0,True,,,,,
APT-000140,REQ-000151,EMP-00013,LOC-06,SVC-06,2025-08-11,No-show,33,False,,Weather,Client,56.4,True,,,,,
APT-000141,REQ-000152,EMP-00110,LOC-10,SVC-06,2025-08-08,Cancelled,26,False,,Duplicate booking,Client,0.0,True,,,,,
APT-000145,REQ-000158,EMP-00028,LOC-05,SVC-01,2025-08-08,No-show,12,False,,Client unwell,Client,25.2,True,,,,,
APT-000147,REQ-000160,EMP-00024,LOC-06,SVC-05,2025-08-09,Cancelled,12,False,,Client declined,Client,21.1,True,,,,,
APT-000148,REQ-000161,EMP-00094,LOC-04,SVC-09,2025-08-09,Cancelled,20,False,,Transport issue,Employee,16.8,True,,,,,
APT-000152,REQ-000166,EMP-00004,LOC-04,SVC-02,2025-08-08,No-show,21,False,,Weather,Organisation,27.8,True,,,,,
APT-000153,REQ-000168,EMP-00067,LOC-02,SVC-05,2025-08-08,Cancelled,31,False,,Staff illness,Organisation,13.2,True,,,,,
APT-000154,REQ-000170,EMP-00084,LOC-01,SVC-03,2025-08-09,Cancelled,3,False,,Other,Client,15.7,True,,,,,
APT-000155,REQ-000171,EMP-00017,LOC-01,SVC-06,2025-08-08,No-show,38,False,,Weather,Client,21.5,False,,,,,
APT-000159,REQ-000175,EMP-00101,LOC-10,SVC-07,2025-08-08,Cancelled,28,False,,Other,Employee,41.4,True,,,,,
APT-000160,REQ-000176,EMP-00142,LOC-10,SVC-03,2025-08-08,Cancelled,24,False,,Weather,Employee,36.4,True,,,,,
APT-000161,REQ-000177,EMP-00102,LOC-05,SVC-06,2025-08-10,Cancelled,7,False,,Client declined,Organisation,27.3,False,,,,,
APT-000162,REQ-000178,EMP-00146,LOC-09,SVC-06,2025-08-09,No-show,21,False,,Weather,Employee,40.5,True,,,,,
APT-000163,REQ-000179,EMP-00080,LOC-05,SVC-07,2025-08-11,No-show,8,False,,Duplicate booking,Employee,38.6,True,,,,,
APT-000167,REQ-000183,EMP-00049,LOC-09,SVC-02,2025-08-12,Cancelled,15,False,,Client unavailable,Client,28.6,False,,,,,
APT-000168,REQ-000185,EMP-00049,LOC-06,SVC-05,2025-08-11,Cancelled,30,False,,Staff illness,Organisation,31.8,True,,,,,
APT-000178,REQ-000196,EMP-00002,LOC-06,SVC-08,2025-08-10,Cancelled,3,True,Client preference,Client unavailable,Employee,21.5,True,,,,,
APT-000181,REQ-000199,EMP-00030,LOC-05,SVC-02,2025-08-10,No-show,14,False,,Weather,Organisation,6.3,True,,,,,
APT-000184,REQ-000202,EMP-00047,LOC-01,SVC-07,2025-08-11,Cancelled,8,False,,Staff illness,Client,24.0,False,,,,,
APT-000189,REQ-000207,EMP-00031,LOC-10,SVC-03,2025-08-11,Cancelled,3,False,,Client unavailable,Client,28.5,True,,,,,
APT-000190,REQ-000208,EMP-00121,LOC-06,SVC-06,2025-08-12,Cancelled,30,False,,Client unavailable,Client,47.1,True,,,,,
APT-000198,REQ-000216,EMP-00031,LOC-05,SVC-09,2025-08-11,Cancelled,14,False,,Client declined,Organisation,29.6,True,,,,,
APT-000205,REQ-000223,EMP-00138,LOC-03,SVC-02,2025-08-12,Cancelled,24,False,,Duplicate booking,Organisation,12.7,True,,,,,
APT-000207,REQ-000225,EMP-00141,LOC-03,SVC-05,2025-08-11,No-show,38,False,,Other,Client,12.2,True,,,,,
APT-000208,REQ-000226,EMP-00040,LOC-09,SVC-04,2025-08-12,Cancelled,23,True,Skill match unavailable,Staff illness,Employee,0.0,True,,,,,
APT-000209,REQ-000227,EMP-00031,LOC-09,SVC-05,2025-08-12,No-show,17,False,,Duplicate booking,Client,15.4,True,,,,,
APT-000215,REQ-000233,EMP-00070,LOC-05,SVC-05,2025-08-13,No-show,29,True,Urgent reassignment,Client unavailable,Client,17.8,False,,,,,
APT-000227,REQ-000247,EMP-00049,LOC-03,SVC-06,2025-08-12,Cancelled,29,False,,Client unavailable,Client,0.0,True,,,,,
APT-000232,REQ-000252,EMP-00084,LOC-04,SVC-02,2025-08-14,Cancelled,16,False,,Staff illness,Employee,41.7,False,,,,,
APT-000233,REQ-000253,EMP-00069,LOC-08,SVC-06,2025-08-13,No-show,18,False,,Other,Client,2.3,True,,,,,
APT-000237,REQ-000257,EMP-00106,LOC-10,SVC-02,2025-08-14,Cancelled,30,False,,Other,Client,0.0,False,,,,,
APT-000238,REQ-000258,EMP-00134,LOC-09,SVC-04,2025-08-14,Cancelled,23,False,,Client unwell,Employee,8.3,False,,,,,
APT-000239,REQ-000259,EMP-00067,LOC-03,SVC-02,2025-08-15,Cancelled,3,False,,Client unwell,Employee,10.6,False,,,,,
APT-000243,REQ-000263,EMP-00006,LOC-06,SVC-01,2025-08-15,Cancelled,27,False,,Other,Organisation,24.0,True,,,,,
APT-000244,REQ-000264,EMP-00079,LOC-09,SVC-07,2025-08-14,Cancelled,47,False,,Client declined,Client,16.6,False,,,,,
APT-000251,REQ-000272,EMP-00033,LOC-01,SVC-04,2025-08-15,Cancelled,45,False,,Other,Client,51.3,True,,,,,
APT-000255,REQ-000277,EMP-00112,LOC-10,SVC-01,2025-08-14,Cancelled,40,False,,Duplicate booking,Employee,38.7,True,,,,,
APT-000260,REQ-000282,EMP-00042,LOC-05,SVC-07,2025-08-17,Cancelled,42,False,,Client unwell,Client,29.4,False,,,,,
APT-000263,REQ-000285,EMP-00118,LOC-01,SVC-05,2025-08-14,Cancelled,36,False,,Staff illness,Employee,13.5,False,,,,,
APT-000264,REQ-000286,EMP-00037,LOC-05,SVC-01,2025-08-15,Cancelled,27,False,,Client unavailable,Client,4.6,True,,,,,
APT-000266,REQ-000289,EMP-00119,LOC-06,SVC-02,2025-08-15,Cancelled,19,False,,Staff illness,Client,30.9,True,,,,,
APT-000270,REQ-000293,EMP-00117,LOC-02,SVC-02,2025-08-17,Cancelled,6,False,,Transport issue,Client,36.2,True,,,,,
APT-000271,REQ-000294,EMP-00133,LOC-03,SVC-08,2025-08-16,Cancelled,25,False,,Client unavailable,Client,20.8,True,,,,,
APT-000272,REQ-000295,EMP-00064,LOC-10,SVC-05,2025-08-14,Cancelled,47,False,,Weather,Organisation,31.3,False,,,,,
APT-000273,REQ-000296,EMP-00110,LOC-06,SVC-09,2025-08-14,No-show,30,False,,Client unwell,Organisation,0.0,True,,,,,
APT-000274,REQ-000297,EMP-00089,LOC-07,SVC-05,2025-08-14,Cancelled,15,True,Continuity of care,Weather,Client,60.6,False,,,,,
APT-000275,REQ-000298,EMP-00118,LOC-07,SVC-02,2025-08-15,Cancelled,3,False,,Other,Client,26.7,False,,,,,
APT-000276,REQ-000300,EMP-00056,LOC-02,SVC-02,2025-08-16,Cancelled,36,False,,Client declined,Client,0.0,True,,,,,
APT-000277,REQ-000301,EMP-00085,LOC-08,SVC-08,2025-08-15,Cancelled,8,False,,Staff illness,Client,7.3,True,,,,,
APT-000285,REQ-000312,EMP-00110,LOC-01,SVC-02,2025-08-16,No-show,34,False,,Client declined,Organisation,0.0,False,,,,,
APT-000287,REQ-000315,EMP-00136,LOC-06,SVC-02,2025-08-17,No-show,18,False,,Other,Client,45.1,False,,,,,
APT-000291,REQ-000319,EMP-00121,LOC-07,SVC-03,2025-08-16,Cancelled,43,False,,Duplicate booking,Organisation,36.9,True,,,,,
APT-000293,REQ-000321,EMP-00050,LOC-04,SVC-02,2025-08-15,Cancelled,16,False,,Other,Employee,3.2,True,,,,,
APT-000296,REQ-000325,EMP-00122,LOC-03,SVC-02,2025-08-18,No-show,23,False,,Client unavailable,Client,20.1,True,,,,,
APT-000297,REQ-000326,EMP-00141,LOC-08,SVC-04,2025-08-16,No-show,13,False,,Client unwell,Employee,36.9,False,,,,,
APT-000298,REQ-000327,EMP-00042,LOC-05,SVC-01,2025-08-18,Cancelled,18,False,,Duplicate booking,Client,0.0,True,,,,,
APT-000306,REQ-000335,EMP-00050,LOC-10,SVC-01,2025-08-17,Cancelled,64,False,,Staff illness,Client,53.3,True,,,,,
APT-000308,REQ-000337,EMP-00044,LOC-01,SVC-08,2025-08-18,Cancelled,28,False,,Transport issue,Client,0.0,True,,,,,
APT-000313,REQ-000342,EMP-00057,LOC-07,SVC-02,2025-08-19,No-show,49,True,Urgent reassignment,Client unavailable,Organisation,35.8,False,,,,,
APT-000316,REQ-000346,EMP-00103,LOC-07,SVC-08,2025-08-18,Cancelled,32,False,,Staff illness,Client,0.0,True,,,,,
APT-000317,REQ-000347,EMP-00138,LOC-01,SVC-03,2025-08-18,Cancelled,40,False,,Client unwell,Organisation,31.4,True,,,,,
APT-000320,REQ-000351,EMP-00028,LOC-03,SVC-05,2025-08-18,Cancelled,46,False,,Client unwell,Employee,49.5,True,,,,,
APT-000321,REQ-000352,EMP-00018,LOC-09,SVC-09,2025-08-18,Cancelled,35,False,,Staff illness,Client,37.1,True,,,,,
APT-000322,REQ-000353,EMP-00018,LOC-10,SVC-08,2025-08-18,No-show,7,True,Client preference,Transport issue,Client,1.9,True,,,,,
APT-000323,REQ-000354,EMP-00030,LOC-05,SVC-02,2025-08-18,Cancelled,11,False,,Other,Client,40.1,False,,,,,
APT-000325,REQ-000356,EMP-00070,LOC-01,SVC-01,2025-08-20,Cancelled,9,False,,Weather,Client,8.7,False,,,,,
APT-000332,REQ-000365,EMP-00137,LOC-05,SVC-01,2025-08-19,Cancelled,11,False,,Staff illness,Client,0.0,True,,,,,
APT-000342,REQ-000375,EMP-00051,LOC-09,SVC-05,2025-08-18,Cancelled,14,False,,Staff illness,Client,30.8,True,,,,,
APT-000343,REQ-000376,EMP-00027,LOC-07,SVC-08,2025-08-18,Cancelled,41,False,,Transport issue,Employee,17.0,False,,,,,
APT-000347,REQ-000382,EMP-00137,LOC-04,SVC-02,2025-08-19,Cancelled,21,False,,Other,Client,16.2,True,,,,,
APT-000355,REQ-000392,EMP-00036,LOC-10,SVC-01,2025-08-23,Cancelled,32,False,,Other,Client,44.6,True,,,,,
APT-000356,REQ-000393,EMP-00084,LOC-04,SVC-03,2025-08-20,Cancelled,20,False,,Client unavailable,Employee,14.4,True,,,,,
APT-000359,REQ-000397,EMP-00005,LOC-07,SVC-02,2025-08-20,Cancelled,49,False,,Weather,Organisation,22.8,True,,,,,
APT-000360,REQ-000398,EMP-00089,LOC-07,SVC-02,2025-08-20,Cancelled,65,False,,Staff illness,Client,54.1,False,,,,,
APT-000367,REQ-000405,EMP-00079,LOC-10,SVC-01,2025-08-20,No-show,11,False,,Transport issue,Client,37.8,True,,,,,
APT-000369,REQ-000407,EMP-00005,LOC-07,SVC-09,2025-08-20,Cancelled,36,False,,Duplicate booking,Client,0.0,True,,,,,
APT-000376,REQ-000415,EMP-00150,LOC-03,SVC-07,2025-08-21,Cancelled,35,False,,Client declined,Organisation,43.5,True,,,,,
APT-000380,REQ-000419,EMP-00033,LOC-05,SVC-06,2025-08-20,Cancelled,25,False,,Client declined,Client,33.3,False,,,,,
APT-000381,REQ-000420,EMP-00050,LOC-06,SVC-01,2025-08-23,Cancelled,24,False,,Other,Client,13.7,True,,,,,
APT-000385,REQ-000424,EMP-00106,LOC-08,SVC-05,2025-08-20,Cancelled,36,False,,Weather,Organisation,18.0,False,,,,,
APT-000387,REQ-000426,EMP-00052,LOC-07,SVC-04,2025-08-20,No-show,23,False,,Staff illness,Client,42.9,False,,,,,
APT-000391,REQ-000430,EMP-00040,LOC-01,SVC-06,2025-08-22,Cancelled,14,False,,Client unavailable,Employee,8.2,True,,,,,
APT-000392,REQ-000431,EMP-00044,LOC-09,SVC-02,2025-08-24,Cancelled,20,False,,Client unavailable,Client,20.3,False,,,,,
APT-000395,REQ-000434,EMP-00014,LOC-08,SVC-06,2025-08-25,No-show,46,False,,Other,Organisation,55.7,False,,,,,
APT-000397,REQ-000436,EMP-00069,LOC-10,SVC-05,2025-08-22,Cancelled,10,False,,Staff illness,Organisation,16.7,True,,,,,
APT-000405,REQ-000445,EMP-00022,LOC-02,SVC-05,2025-08-21,Cancelled,16,False,,Weather,Organisation,21.5,True,,,,,
APT-000406,REQ-000447,EMP-00085,LOC-04,SVC-07,2025-08-21,No-show,24,False,,Transport issue,Client,51.3,True,,,,,
APT-000407,REQ-000448,EMP-00015,LOC-08,SVC-06,2025-08-21,Cancelled,8,False,,Other,Client,0.0,True,,,,,
APT-000409,REQ-000451,EMP-00017,LOC-05,SVC-06,2025-08-22,Cancelled,6,False,,Duplicate booking,Client,87.5,True,,,,,
APT-000410,REQ-000452,EMP-00006,LOC-06,SVC-01,2025-08-23,Cancelled,3,False,,Weather,Client,43.1,True,,,,,
APT-000413,REQ-000455,EMP-00150,LOC-07,SVC-07,2025-08-22,Cancelled,16,False,,Duplicate booking,Client,23.4,True,,,,,
APT-000414,REQ-000456,EMP-00126,LOC-04,SVC-03,2025-08-22,Cancelled,24,False,,Staff illness,Client,32.4,True,,,,,
APT-000416,REQ-000458,EMP-00100,LOC-04,SVC-04,2025-08-23,Cancelled,34,False,,Transport issue,Client,17.5,True,,,,,
APT-000419,REQ-000461,EMP-00113,LOC-08,SVC-08,2025-08-25,Cancelled,30,False,,Staff illness,Client,26.5,False,,,,,
APT-000421,REQ-000463,EMP-00044,LOC-06,SVC-07,2025-08-22,Cancelled,38,False,,Client unwell,Employee,12.3,True,,,,,
APT-000426,REQ-000469,EMP-00017,LOC-06,SVC-02,2025-08-23,Cancelled,48,False,,Weather,Organisation,3.3,False,,,,,
APT-000432,REQ-000475,EMP-00016,LOC-07,SVC-03,2025-08-24,Cancelled,35,False,,Client declined,Client,47.5,True,,,,,
APT-000442,REQ-000486,EMP-00030,LOC-06,SVC-02,2025-08-24,Cancelled,60,False,,Duplicate booking,Employee,20.3,False,,,,,
APT-000446,REQ-000491,EMP-00119,LOC-03,SVC-03,2025-08-24,No-show,24,False,,Client unwell,Employee,32.6,True,,,,,
APT-000448,REQ-000493,EMP-00102,LOC-01,SVC-08,2025-08-26,Cancelled,15,False,,Duplicate booking,Organisation,26.2,True,,,,,
APT-000453,REQ-000498,EMP-00103,LOC-02,SVC-05,2025-08-25,Cancelled,38,False,,Client unwell,Organisation,16.3,False,,,,,
APT-000455,REQ-000500,EMP-00128,LOC-03,SVC-02,2025-08-25,Cancelled,18,False,,Transport issue,Client,0.0,False,,,,,
APT-000456,REQ-000501,EMP-00100,LOC-06,SVC-02,2025-08-26,Cancelled,33,False,,Client unavailable,Employee,23.4,True,,,,,
APT-000457,REQ-000502,EMP-00035,LOC-10,SVC-01,2025-08-26,Cancelled,44,False,,Client unavailable,Organisation,0.0,False,,,,,
APT-000458,REQ-000503,EMP-00063,LOC-04,SVC-05,2025-08-26,Cancelled,40,False,,Weather,Client,44.2,True,,,,,
APT-000460,REQ-000505,EMP-00100,LOC-05,SVC-07,2025-08-25,Cancelled,38,True,Urgent reassignment,Client unwell,Employee,12.1,True,,,,,
APT-000463,REQ-000508,EMP-00067,LOC-08,SVC-04,2025-08-26,Cancelled,10,False,,Client unwell,Organisation,7.3,True,,,,,
APT-000470,REQ-000515,EMP-00027,LOC-09,SVC-09,2025-08-26,Cancelled,44,False,,Duplicate booking,Client,40.8,True,,,,,
APT-000471,REQ-000516,EMP-00095,LOC-07,SVC-01,2025-08-26,Cancelled,28,False,,Weather,Employee,30.1,False,,,,,
APT-000474,REQ-000519,EMP-00031,LOC-10,SVC-07,2025-08-25,Cancelled,9,False,,Client unwell,Employee,0.0,True,,,,,
APT-000483,REQ-000528,EMP-00031,LOC-08,SVC-01,2025-08-26,Cancelled,41,False,,Client declined,Employee,12.7,False,,,,,
APT-000484,REQ-000529,EMP-00105,LOC-06,SVC-01,2025-08-27,Cancelled,37,False,,Other,Client,0.0,False,,,,,
APT-000489,REQ-000535,EMP-00136,LOC-07,SVC-06,2025-08-27,No-show,46,False,,Other,Employee,7.6,True,,,,,
APT-000493,REQ-000539,EMP-00023,LOC-10,SVC-03,2025-08-27,Cancelled,52,False,,Transport issue,Client,5.9,True,,,,,
APT-000495,REQ-000541,EMP-00052,LOC-07,SVC-03,2025-08-28,Cancelled,9,False,,Other,Client,47.6,False,,,,,
APT-000508,REQ-000554,EMP-00136,LOC-02,SVC-01,2025-08-30,Cancelled,12,False,,Other,Organisation,40.1,False,,,,,
APT-000510,REQ-000556,EMP-00056,LOC-01,SVC-06,2025-08-27,Cancelled,12,False,,Staff illness,Employee,0.0,False,,,,,
APT-000511,REQ-000557,EMP-00044,LOC-03,SVC-01,2025-08-29,Cancelled,28,False,,Client declined,Organisation,0.0,True,,,,,
APT-000513,REQ-000559,EMP-00080,LOC-07,SVC-01,2025-08-29,Cancelled,28,False,,Client unavailable,Organisation,20.5,True,,,,,
APT-000521,REQ-000568,EMP-00058,LOC-06,SVC-05,2025-08-27,Cancelled,41,False,,Client unavailable,Client,1.7,False,,,,,
APT-000530,REQ-000577,EMP-00090,LOC-01,SVC-05,2025-08-28,Cancelled,12,False,,Transport issue,Client,0.0,False,,,,,
APT-000531,REQ-000578,EMP-00021,LOC-09,SVC-01,2025-08-29,Cancelled,29,False,,Client unavailable,Client,56.6,True,,,,,
APT-000541,REQ-000588,EMP-00141,LOC-05,SVC-02,2025-08-29,Cancelled,38,False,,Duplicate booking,Employee,28.3,True,,,,,
APT-000543,REQ-000590,EMP-00047,LOC-03,SVC-07,2025-08-29,No-show,3,False,,Duplicate booking,Client,0.0,True,,,,,
APT-000547,REQ-000594,EMP-00021,LOC-01,SVC-02,2025-08-30,No-show,29,False,,Staff illness,Organisation,43.7,True,,,,,
APT-000548,REQ-000595,EMP-00069,LOC-02,SVC-02,2025-08-29,No-show,7,False,,Other,Client,30.9,False,,,,,
APT-000549,REQ-000596,EMP-00128,LOC-08,SVC-06,2025-08-29,Cancelled,8,False,,Client unwell,Employee,45.5,True,,,,,
APT-000555,REQ-000603,EMP-00068,LOC-07,SVC-09,2025-08-29,Cancelled,17,False,,Staff illness,Client,49.5,False,,,,,
APT-000556,REQ-000604,EMP-00057,LOC-03,SVC-04,2025-08-28,Cancelled,14,False,,Duplicate booking,Employee,0.0,True,,,,,
APT-000560,REQ-000608,EMP-00038,LOC-09,SVC-06,2025-08-29,Cancelled,28,False,,Other,Client,9.6,False,,,,,
APT-000563,REQ-000611,EMP-00121,LOC-09,SVC-05,2025-08-29,Cancelled,12,False,,Transport issue,Employee,42.5,True,,,,,
APT-000564,REQ-000612,EMP-00017,LOC-08,SVC-02,2025-08-30,Cancelled,33,False,,Other,Organisation,22.1,True,,,,,
APT-000567,REQ-000615,EMP-00085,LOC-06,SVC-01,2025-08-29,No-show,3,False,,Duplicate booking,Employee,7.3,True,,,,,
APT-000572,REQ-000620,EMP-00105,LOC-06,SVC-02,2025-08-31,No-show,23,False,,Staff illness,Employee,8.8,True,,,,,
APT-000575,REQ-000623,EMP-00002,LOC-06,SVC-02,2025-08-30,Cancelled,27,False,,Weather,Client,13.7,True,,,,,
APT-000577,REQ-000625,EMP-00025,LOC-02,SVC-05,2025-08-29,Cancelled,7,False,,Other,Client,14.9,True,,,,,
APT-000604,REQ-000654,EMP-00112,LOC-01,SVC-03,2025-09-01,No-show,27,False,,Duplicate booking,Client,0.0,False,,,,,
APT-000607,REQ-000658,EMP-00005,LOC-09,SVC-02,2025-09-01,Cancelled,33,True,Skill match unavailable,Client unwell,Client,45.7,True,,,,,
APT-000609,REQ-000660,EMP-00015,LOC-06,SVC-08,2025-09-01,Cancelled,17,False,,Client unwell,Client,6.3,True,,,,,
APT-000617,REQ-000668,EMP-00036,LOC-03,SVC-02,2025-09-02,Cancelled,16,False,,Other,Client,23.9,False,,,,,
APT-000619,REQ-000670,EMP-00051,LOC-07,SVC-01,2025-09-04,Cancelled,39,False,,Client unavailable,Employee,10.2,True,,,,,
APT-000623,REQ-000674,EMP-00016,LOC-08,SVC-01,2025-09-06,No-show,55,False,,Weather,Client,0.0,True,,,,,
APT-000627,REQ-000678,EMP-00104,LOC-06,SVC-05,2025-09-02,Cancelled,40,False,,Duplicate booking,Organisation,7.4,False,,,,,
APT-000628,REQ-000679,EMP-00117,LOC-08,SVC-06,2025-09-03,Cancelled,11,False,,Client declined,Organisation,18.6,True,,,,,
APT-000630,REQ-000681,EMP-00052,LOC-09,SVC-07,2025-09-03,Cancelled,29,False,,Client unwell,Client,0.0,True,,,,,
APT-000634,REQ-000685,EMP-00100,LOC-01,SVC-02,2025-09-02,Cancelled,42,False,,Client unwell,Client,20.0,True,,,,,
APT-000639,REQ-000690,EMP-00050,LOC-08,SVC-09,2025-09-02,Cancelled,19,False,,Client unavailable,Employee,4.2,False,,,,,
APT-000642,REQ-000693,EMP-00040,LOC-07,SVC-04,2025-09-06,Cancelled,16,False,,Duplicate booking,Client,49.5,False,,,,,
APT-000643,REQ-000694,EMP-00014,LOC-01,SVC-05,2025-09-03,Cancelled,39,False,,Weather,Organisation,34.0,True,,,,,
APT-000645,REQ-000696,EMP-00042,LOC-03,SVC-07,2025-09-03,Cancelled,30,False,,Client declined,Organisation,64.5,True,,,,,
APT-000657,REQ-000708,EMP-00085,LOC-10,SVC-05,2025-09-05,Cancelled,18,False,,Staff illness,Client,9.9,True,,,,,
APT-000660,REQ-000711,EMP-00146,LOC-03,SVC-01,2025-09-09,Cancelled,29,False,,Staff illness,Client,8.1,True,,,,,
APT-000663,REQ-000714,EMP-00066,LOC-07,SVC-07,2025-09-05,No-show,40,False,,Client unwell,Employee,34.3,True,,,,,
APT-000665,REQ-000716,EMP-00146,LOC-02,SVC-08,2025-09-05,No-show,15,False,,Duplicate booking,Employee,12.2,False,,,,,
APT-000667,REQ-000718,EMP-00051,LOC-07,SVC-05,2025-09-09,No-show,39,False,,Client unavailable,Client,19.7,False,,,,,
APT-000668,REQ-000720,EMP-00124,LOC-04,SVC-06,2025-09-05,Cancelled,16,True,Urgent reassignment,Weather,Client,26.3,True,,,,,
APT-000670,REQ-000723,EMP-00142,LOC-07,SVC-05,2025-09-05,Cancelled,11,False,,Client unavailable,Client,55.9,True,,,,,
APT-000673,REQ-000726,EMP-00035,LOC-05,SVC-02,2025-09-05,Cancelled,35,False,,Staff illness,Client,36.5,True,,,,,
APT-000674,REQ-000727,EMP-00123,LOC-04,SVC-03,2025-09-07,Cancelled,46,False,,Client unavailable,Client,13.1,False,,,,,
APT-000677,REQ-000730,EMP-00032,LOC-01,SVC-02,2025-09-05,Cancelled,31,False,,Other,Client,3.6,True,,,,,
APT-000678,REQ-000731,EMP-00138,LOC-03,SVC-02,2025-09-05,No-show,12,False,,Client unwell,Client,24.4,True,,,,,
APT-000682,REQ-000735,EMP-00049,LOC-04,SVC-06,2025-09-05,Cancelled,25,True,Continuity of care,Staff illness,Organisation,76.6,True,,,,,
APT-000683,REQ-000736,EMP-00056,LOC-04,SVC-02,2025-09-07,Cancelled,34,False,,Transport issue,Employee,31.2,True,,,,,
APT-000685,REQ-000738,EMP-00103,LOC-07,SVC-01,2025-09-05,Cancelled,7,False,,Client unavailable,Organisation,7.3,False,,,,,
APT-000688,REQ-000741,EMP-00085,LOC-10,SVC-02,2025-09-05,Cancelled,39,False,,Transport issue,Client,8.8,True,,,,,
APT-000691,REQ-000744,EMP-00067,LOC-01,SVC-08,2025-09-05,No-show,9,False,,Weather,Client,0.0,True,,,,,
APT-000698,REQ-000752,EMP-00128,LOC-02,SVC-02,2025-09-07,Cancelled,21,False,,Duplicate booking,Organisation,57.0,False,,,,,
APT-000700,REQ-000754,EMP-00096,LOC-06,SVC-02,2025-09-07,Cancelled,42,False,,Weather,Organisation,12.2,False,,,,,
APT-000706,REQ-000760,EMP-00112,LOC-07,SVC-02,2025-09-07,No-show,44,True,Continuity of care,Transport issue,Client,3.6,True,,,,,
APT-000708,REQ-000762,EMP-00126,LOC-09,SVC-05,2025-09-06,Cancelled,33,False,,Weather,Client,4.1,False,,,,,
APT-000714,REQ-000768,EMP-00008,LOC-05,SVC-01,2025-09-07,Cancelled,3,False,,Staff illness,Client,34.2,True,,,,,
APT-000715,REQ-000769,EMP-00101,LOC-09,SVC-05,2025-09-08,Cancelled,22,False,,Duplicate booking,Client,23.1,True,,,,,
APT-000721,REQ-000776,EMP-00096,LOC-05,SVC-06,2025-09-09,Cancelled,21,False,,Weather,Client,60.8,True,,,,,
APT-000722,REQ-000777,EMP-00129,LOC-02,SVC-02,2025-09-09,Cancelled,14,True,Client preference,Staff illness,Organisation,47.0,True,,,,,
APT-000723,REQ-000778,EMP-00031,LOC-07,SVC-07,2025-09-08,Cancelled,25,False,,Client unwell,Client,34.3,False,,,,,
APT-000730,REQ-000786,EMP-00016,LOC-10,SVC-01,2025-09-09,Cancelled,29,True,Client preference,Weather,Client,96.8,False,,,,,
APT-000731,REQ-000787,EMP-00142,LOC-09,SVC-01,2025-09-08,Cancelled,9,False,,Client unwell,Client,0.0,True,,,,,
APT-000733,REQ-000789,EMP-00014,LOC-04,SVC-02,2025-09-09,Cancelled,26,False,,Other,Client,23.1,False,,,,,
APT-000734,REQ-000790,EMP-00013,LOC-10,SVC-06,2025-09-11,Cancelled,31,False,,Weather,Employee,47.2,False,,,,,
APT-000738,REQ-000794,EMP-00141,LOC-09,SVC-04,2025-09-09,Cancelled,30,False,,Staff illness,Client,23.2,False,,,,,
APT-000747,REQ-000806,EMP-00126,LOC-03,SVC-07,2025-09-11,Cancelled,13,False,,Duplicate booking,Employee,31.8,True,,,,,
APT-000749,REQ-000808,EMP-00030,LOC-04,SVC-03,2025-09-09,Cancelled,15,False,,Staff illness,Client,31.0,False,,,,,
APT-000750,REQ-000809,EMP-00052,LOC-05,SVC-05,2025-09-09,Cancelled,8,False,,Client declined,Client,22.6,True,,,,,
APT-000752,REQ-000812,EMP-00086,LOC-07,SVC-06,2025-09-11,Cancelled,13,False,,Staff illness,Organisation,0.0,True,,,,,
APT-000759,REQ-000819,EMP-00093,LOC-06,SVC-02,2025-09-10,Cancelled,39,False,,Transport issue,Organisation,5.2,False,,,,,
APT-000761,REQ-000822,EMP-00099,LOC-03,SVC-01,2025-09-10,Cancelled,30,False,,Client unwell,Client,24.2,True,,,,,
APT-000774,REQ-000835,EMP-00070,LOC-09,SVC-02,2025-09-10,Cancelled,35,False,,Transport issue,Client,0.0,True,,,,,
APT-000779,REQ-000840,EMP-00038,LOC-08,SVC-02,2025-09-11,No-show,10,False,,Client declined,Client,17.9,True,,,,,
APT-000781,REQ-000842,EMP-00039,LOC-06,SVC-02,2025-09-12,No-show,10,False,,Client unavailable,Client,0.0,True,,,,,
APT-000785,REQ-000847,EMP-00101,LOC-08,SVC-04,2025-09-11,Cancelled,23,False,,Weather,Client,46.7,True,,,,,
APT-000786,REQ-000848,EMP-00005,LOC-07,SVC-02,2025-09-12,Cancelled,4,False,,Weather,Client,0.0,True,,,,,
APT-000787,REQ-000849,EMP-00113,LOC-05,SVC-06,2025-09-11,Cancelled,13,False,,Staff illness,Organisation,36.6,False,,,,,
APT-000789,REQ-000851,EMP-00109,LOC-08,SVC-04,2025-09-11,No-show,25,False,,Weather,Client,21.4,False,,,,,
APT-000792,REQ-000855,EMP-00099,LOC-04,SVC-06,2025-09-11,Cancelled,36,False,,Client declined,Employee,32.7,False,,,,,
APT-000793,REQ-000856,EMP-00102,LOC-08,SVC-01,2025-09-12,Cancelled,30,False,,Transport issue,Employee,0.0,True,,,,,
APT-000800,REQ-000864,EMP-00036,LOC-08,SVC-01,2025-09-12,Cancelled,26,False,,Client unwell,Employee,3.3,True,,,,,
APT-000803,REQ-000867,EMP-00106,LOC-09,SVC-02,2025-09-15,Cancelled,21,False,,Duplicate booking,Client,0.0,False,,,,,
APT-000805,REQ-000869,EMP-00016,LOC-02,SVC-02,2025-09-13,No-show,6,False,,Staff illness,Client,71.6,True,,,,,
APT-000807,REQ-000871,EMP-00060,LOC-06,SVC-03,2025-09-16,Cancelled,36,False,,Client unavailable,Client,34.8,True,,,,,
APT-000818,REQ-000884,EMP-00142,LOC-09,SVC-01,2025-09-12,Cancelled,28,False,,Weather,Client,10.6,False,,,,,
APT-000822,REQ-000888,EMP-00051,LOC-03,SVC-02,2025-09-14,Cancelled,20,False,,Staff illness,Client,26.1,True,,,,,
APT-000823,REQ-000889,EMP-00047,LOC-10,SVC-09,2025-09-13,Cancelled,24,False,,Other,Client,57.5,True,,,,,
APT-000825,REQ-000891,EMP-00044,LOC-05,SVC-02,2025-09-14,Cancelled,3,False,,Other,Organisation,12.2,True,,,,,
APT-000832,REQ-000898,EMP-00014,LOC-08,SVC-05,2025-09-16,Cancelled,3,False,,Client unavailable,Client,32.0,True,,,,,
APT-000839,REQ-000906,EMP-00091,LOC-07,SVC-02,2025-09-14,Cancelled,34,False,,Weather,Client,28.3,True,,,,,
APT-000847,REQ-000914,EMP-00031,LOC-03,SVC-05,2025-09-15,Cancelled,3,False,,Staff illness,Organisation,7.4,True,,,,,
APT-000851,REQ-000918,EMP-00095,LOC-02,SVC-08,2025-09-15,Cancelled,41,False,,Transport issue,Client,7.8,True,,,,,
APT-000852,REQ-000919,EMP-00013,LOC-08,SVC-07,2025-09-15,Cancelled,19,False,,Duplicate booking,Client,2.1,False,,,,,
APT-000854,REQ-000921,EMP-00050,LOC-09,SVC-01,2025-09-15,Cancelled,23,False,,Weather,Client,0.0,True,,,,,
APT-000856,REQ-000923,EMP-00027,LOC-10,SVC-06,2025-09-15,Cancelled,35,False,,Transport issue,Organisation,50.3,True,,,,,
APT-000861,REQ-000928,EMP-00084,LOC-05,SVC-05,2025-09-15,Cancelled,26,False,,Client unwell,Client,0.0,False,,,,,
APT-000862,REQ-000929,EMP-00121,LOC-08,SVC-09,2025-09-15,Cancelled,19,False,,Weather,Client,0.0,True,,,,,
APT-000865,REQ-000932,EMP-00099,LOC-08,SVC-05,2025-09-18,Cancelled,27,False,,Staff illness,Client,0.0,True,,,,,
APT-000867,REQ-000934,EMP-00005,LOC-07,SVC-01,2025-09-19,No-show,16,False,,Transport issue,Employee,0.0,True,,,,,
APT-000871,REQ-000938,EMP-00103,LOC-01,SVC-04,2025-09-17,Cancelled,13,False,,Staff illness,Client,0.0,True,,,,,
APT-000873,REQ-000940,EMP-00042,LOC-07,SVC-06,2025-09-18,Cancelled,22,False,,Staff illness,Client,0.0,True,,,,,
APT-000875,REQ-000942,EMP-00057,LOC-02,SVC-06,2025-09-17,No-show,42,False,,Client unwell,Client,0.0,True,,,,,
APT-000878,REQ-000945,EMP-00008,LOC-09,SVC-07,2025-09-18,Cancelled,20,False,,Weather,Organisation,27.3,True,,,,,
APT-000879,REQ-000946,EMP-00090,LOC-09,SVC-02,2025-09-17,Cancelled,43,False,,Client unwell,Organisation,9.2,True,,,,,
APT-000881,REQ-000948,EMP-00141,LOC-06,SVC-05,2025-09-16,Cancelled,40,False,,Duplicate booking,Client,16.1,True,,,,,
APT-000883,REQ-000950,EMP-00109,LOC-02,SVC-07,2025-09-19,Cancelled,3,False,,Other,Client,3.7,True,,,,,
APT-000884,REQ-000951,EMP-00069,LOC-08,SVC-05,2025-09-17,Cancelled,47,False,,Client declined,Client,0.0,True,,,,,
APT-000886,REQ-000953,EMP-00066,LOC-02,SVC-05,2025-09-17,Cancelled,24,False,,Duplicate booking,Employee,28.1,False,,,,,
APT-000889,REQ-000956,EMP-00090,LOC-08,SVC-02,2025-09-17,Cancelled,3,False,,Staff illness,Employee,0.0,True,,,,,
APT-000890,REQ-000957,EMP-00057,LOC-08,SVC-03,2025-09-17,Cancelled,19,False,,Staff illness,Organisation,37.1,True,,,,,
APT-000893,REQ-000960,EMP-00017,LOC-08,SVC-01,2025-09-17,No-show,29,False,,Client unwell,Organisation,4.9,True,,,,,
APT-000896,REQ-000963,EMP-00002,LOC-08,SVC-06,2025-09-19,No-show,45,False,,Transport issue,Employee,17.3,False,,,,,
APT-000898,REQ-000965,EMP-00095,LOC-02,SVC-03,2025-09-22,Cancelled,19,False,,Other,Client,19.7,True,,,,,
APT-000899,REQ-000966,EMP-00049,LOC-03,SVC-03,2025-09-17,Cancelled,19,False,,Client unavailable,Client,56.7,True,,,,,
APT-000910,REQ-000977,EMP-00004,LOC-06,SVC-03,2025-09-19,Cancelled,46,True,Skill match unavailable,Duplicate booking,Organisation,9.7,False,,,,,
APT-000911,REQ-000978,EMP-00008,LOC-08,SVC-01,2025-09-19,No-show,56,False,,Duplicate booking,Employee,0.0,False,,,,,
APT-000920,REQ-000988,EMP-00050,LOC-08,SVC-06,2025-09-20,Cancelled,15,False,,Other,Employee,9.8,False,,,,,
APT-000922,REQ-000990,EMP-00033,LOC-10,SVC-07,2025-09-21,Cancelled,8,False,,Client unwell,Organisation,24.9,True,,,,,
APT-000923,REQ-000991,EMP-00070,LOC-01,SVC-01,2025-09-19,No-show,6,False,,Duplicate booking,Employee,24.9,True,,,,,
APT-000924,REQ-000992,EMP-00014,LOC-10,SVC-06,2025-09-19,Cancelled,3,False,,Other,Organisation,67.8,True,,,,,
APT-000926,REQ-000994,EMP-00121,LOC-02,SVC-08,2025-09-22,Cancelled,21,False,,Duplicate booking,Client,24.6,False,,,,,
APT-000930,REQ-000998,EMP-00066,LOC-10,SVC-02,2025-09-19,No-show,20,False,,Client declined,Client,12.1,True,,,,,
APT-000932,REQ-001001,EMP-00042,LOC-02,SVC-04,2025-09-19,Cancelled,39,False,,Client unavailable,Client,13.4,True,,,,,
APT-000935,REQ-001004,EMP-00054,LOC-09,SVC-01,2025-09-22,Cancelled,28,False,,Duplicate booking,Organisation,11.8,True,,,,,
APT-000936,REQ-001005,EMP-00061,LOC-04,SVC-06,2025-09-19,Cancelled,19,False,,Duplicate booking,Organisation,8.2,True,,,,,
APT-000937,REQ-001006,EMP-00004,LOC-06,SVC-01,2025-09-19,Cancelled,9,False,,Client unwell,Organisation,57.1,True,,,,,
APT-000948,REQ-001017,EMP-00090,LOC-04,SVC-03,2025-09-20,Cancelled,22,False,,Other,Client,14.9,False,,,,,
APT-000949,REQ-001018,EMP-00057,LOC-07,SVC-06,2025-09-22,Cancelled,46,False,,Weather,Client,35.0,True,,,,,
APT-000951,REQ-001020,EMP-00124,LOC-10,SVC-05,2025-09-20,No-show,28,False,,Other,Client,46.8,True,,,,,
APT-000953,REQ-001022,EMP-00010,LOC-08,SVC-02,2025-09-21,Cancelled,17,False,,Client declined,Organisation,22.9,False,,,,,
APT-000955,REQ-001024,EMP-00028,LOC-04,SVC-05,2025-09-22,Cancelled,32,False,,Client declined,Employee,6.1,False,,,,,
APT-000956,REQ-001025,EMP-00143,LOC-07,SVC-01,2025-09-22,No-show,41,False,,Other,Organisation,7.1,False,,,,,
APT-000957,REQ-001026,EMP-00133,LOC-03,SVC-09,2025-09-21,Cancelled,3,False,,Other,Organisation,18.4,True,,,,,
APT-000961,REQ-001030,EMP-00133,LOC-05,SVC-02,2025-09-24,Cancelled,17,True,Client preference,Duplicate booking,Organisation,21.0,True,,,,,
APT-000964,REQ-001033,EMP-00096,LOC-08,SVC-04,2025-09-28,No-show,47,False,,Weather,Client,17.7,True,,,,,
APT-000966,REQ-001035,EMP-00054,LOC-09,SVC-09,2025-09-26,Cancelled,3,False,,Client declined,Employee,20.9,True,,,,,
APT-000970,REQ-001039,EMP-00079,LOC-09,SVC-02,2025-09-23,Cancelled,3,False,,Staff illness,Organisation,31.0,True,,,,,
APT-000972,REQ-001041,EMP-00124,LOC-07,SVC-09,2025-09-26,Cancelled,15,False,,Weather,Employee,8.5,True,,,,,
APT-000975,REQ-001044,EMP-00055,LOC-01,SVC-02,2025-09-23,No-show,24,False,,Staff illness,Employee,8.7,True,,,,,
APT-000983,REQ-001053,EMP-00139,LOC-06,SVC-08,2025-09-23,No-show,31,False,,Staff illness,Organisation,13.0,True,,,,,
APT-000990,REQ-001060,EMP-00139,LOC-08,SVC-02,2025-09-24,No-show,12,False,,Client unavailable,Organisation,10.4,True,,,,,
APT-000995,REQ-001066,EMP-00146,LOC-01,SVC-04,2025-09-23,Cancelled,21,False,,Staff illness,Client,24.9,True,,,,,
APT-000997,REQ-001068,EMP-00120,LOC-06,SVC-09,2025-09-24,No-show,4,False,,Client unavailable,Client,9.2,True,,,,,
APT-001000,REQ-001071,EMP-00112,LOC-04,SVC-02,2025-09-24,Cancelled,36,False,,Duplicate booking,Employee,27.8,True,,,,,
APT-001003,REQ-001075,EMP-00066,LOC-07,SVC-01,2025-09-25,Cancelled,51,False,,Other,Client,0.0,False,,,,,
APT-001006,REQ-001079,EMP-00115,LOC-07,SVC-02,2025-09-24,Cancelled,46,False,,Other,Employee,0.0,True,,,,,
APT-001009,REQ-001082,EMP-00122,LOC-06,SVC-05,2025-09-29,No-show,26,False,,Client unavailable,Client,36.8,True,,,,,
APT-001010,REQ-001083,EMP-00103,LOC-03,SVC-03,2025-09-24,Cancelled,20,False,,Duplicate booking,Client,46.0,False,,,,,
APT-001012,REQ-001085,EMP-00024,LOC-10,SVC-01,2025-09-24,Cancelled,11,False,,Duplicate booking,Employee,23.7,True,,,,,
APT-001021,REQ-001094,EMP-00013,LOC-10,SVC-02,2025-09-24,Cancelled,13,False,,Staff illness,Organisation,0.0,False,,,,,
APT-001023,REQ-001096,EMP-00084,LOC-06,SVC-02,2025-09-27,No-show,41,False,,Transport issue,Client,28.5,True,,,,,
APT-001024,REQ-001097,EMP-00104,LOC-07,SVC-01,2025-09-27,Cancelled,40,False,,Client unavailable,Client,28.0,True,,,,,
APT-001029,REQ-001102,EMP-00004,LOC-07,SVC-03,2025-09-25,Cancelled,20,False,,Transport issue,Client,0.0,False,,,,,
APT-001030,REQ-001103,EMP-00148,LOC-06,SVC-05,2025-09-26,Cancelled,25,False,,Weather,Client,29.1,False,,,,,
APT-001031,REQ-001104,EMP-00039,LOC-02,SVC-06,2025-09-25,Cancelled,3,False,,Transport issue,Client,0.0,False,,,,,
APT-001032,REQ-001105,EMP-00131,LOC-01,SVC-07,2025-09-26,Cancelled,37,False,,Weather,Client,11.4,True,,,,,
APT-001034,REQ-001107,EMP-00109,LOC-04,SVC-07,2025-09-26,No-show,39,True,Continuity of care,Transport issue,Client,0.0,True,,,,,
APT-001037,REQ-001110,EMP-00063,LOC-07,SVC-09,2025-09-26,Cancelled,49,False,,Client declined,Employee,36.1,True,,,,,
APT-001043,REQ-001116,EMP-00143,LOC-05,SVC-05,2025-09-26,Cancelled,41,False,,Other,Employee,0.0,False,,,,,
APT-001045,REQ-001118,EMP-00061,LOC-10,SVC-05,2025-09-26,Cancelled,28,False,,Transport issue,Employee,33.1,False,,,,,
APT-001048,REQ-001121,EMP-00050,LOC-01,SVC-04,2025-09-27,No-show,19,False,,Client unavailable,Employee,12.2,False,,,,,
APT-001057,REQ-001130,EMP-00105,LOC-05,SVC-09,2025-09-26,Cancelled,53,False,,Transport issue,Client,31.3,True,,,,,
APT-001058,REQ-001131,EMP-00049,LOC-09,SVC-07,2025-09-28,Cancelled,51,False,,Client declined,Client,0.0,True,,,,,
APT-001059,REQ-001132,EMP-00065,LOC-10,SVC-01,2025-09-28,No-show,36,False,,Staff illness,Organisation,0.0,False,,,,,
APT-001061,REQ-001135,EMP-00057,LOC-02,SVC-04,2025-09-30,No-show,40,False,,Transport issue,Employee,18.0,True,,,,,
APT-001063,REQ-001138,EMP-00122,LOC-02,SVC-02,2025-09-30,Cancelled,30,False,,Transport issue,Client,19.9,True,,,,,
APT-001067,REQ-001142,EMP-00102,LOC-08,SVC-04,2025-09-28,No-show,36,False,,Weather,Employee,27.7,True,,,,,
APT-001068,REQ-001143,EMP-00043,LOC-01,SVC-03,2025-09-29,Cancelled,28,False,,Client unavailable,Organisation,23.1,True,,,,,
APT-001069,REQ-001145,EMP-00056,LOC-03,SVC-03,2025-09-29,No-show,19,False,,Client unwell,Employee,5.8,True,,,,,
APT-001072,REQ-001148,EMP-00063,LOC-07,SVC-04,2025-09-29,Cancelled,43,False,,Transport issue,Client,42.2,False,,,,,
APT-001073,REQ-001149,EMP-00112,LOC-05,SVC-03,2025-09-29,Cancelled,12,False,,Client unwell,Employee,8.1,False,,,,,
APT-001074,REQ-001150,EMP-00080,LOC-08,SVC-04,2025-09-29,Cancelled,20,False,,Staff illness,Client,0.0,False,,,,,
APT-001076,REQ-001152,EMP-00065,LOC-07,SVC-05,2025-09-29,No-show,35,False,,Duplicate booking,Client,0.0,True,,,,,
APT-001079,REQ-001155,EMP-00119,LOC-01,SVC-01,2025-10-01,Cancelled,22,False,,Other,Organisation,31.5,True,,,,,
APT-001084,REQ-001161,EMP-00044,LOC-06,SVC-03,2025-09-30,Cancelled,34,False,,Transport issue,Organisation,27.8,True,,,,,
APT-001086,REQ-001164,EMP-00050,LOC-10,SVC-01,2025-10-02,Cancelled,25,True,Skill match unavailable,Client declined,Organisation,5.4,False,,,,,
APT-001108,REQ-001187,EMP-00035,LOC-04,SVC-05,2025-10-01,No-show,18,True,Skill match unavailable,Client unwell,Client,33.1,False,,,,,
APT-001118,REQ-001198,EMP-00079,LOC-09,SVC-09,2025-10-05,No-show,61,False,,Client declined,Employee,52.0,True,,,,,
APT-001119,REQ-001199,EMP-00060,LOC-09,SVC-02,2025-10-03,Cancelled,16,False,,Transport issue,Client,18.0,True,,,,,
APT-001124,REQ-001204,EMP-00100,LOC-09,SVC-06,2025-10-02,Cancelled,17,False,,Client unwell,Employee,22.4,True,,,,,
APT-001128,REQ-001208,EMP-00129,LOC-04,SVC-02,2025-10-03,Cancelled,33,False,,Other,Client,0.0,True,,,,,
APT-001129,REQ-001209,EMP-00086,LOC-03,SVC-07,2025-10-03,No-show,7,False,,Other,Employee,0.0,True,,,,,
APT-001131,REQ-001211,EMP-00068,LOC-04,SVC-07,2025-10-02,Cancelled,16,False,,Transport issue,Client,14.5,True,,,,,
APT-001147,REQ-001227,EMP-00005,LOC-06,SVC-02,2025-10-04,No-show,43,False,,Other,Employee,38.5,True,,,,,
APT-001151,REQ-001231,EMP-00008,LOC-03,SVC-08,2025-10-04,Cancelled,20,False,,Staff illness,Client,0.0,True,,,,,
APT-001152,REQ-001232,EMP-00038,LOC-01,SVC-01,2025-10-03,No-show,46,False,,Client declined,Employee,0.0,True,,,,,
APT-001158,REQ-001238,EMP-00104,LOC-03,SVC-06,2025-10-05,Cancelled,15,False,,Client unavailable,Employee,30.3,False,,,,,
APT-001159,REQ-001239,EMP-00115,LOC-06,SVC-03,2025-10-04,Cancelled,37,False,,Duplicate booking,Organisation,25.2,True,,,,,
APT-001173,REQ-001257,EMP-00136,LOC-04,SVC-09,2025-10-05,Cancelled,32,False,,Client unavailable,Client,24.0,True,,,,,
APT-001176,REQ-001260,EMP-00035,LOC-04,SVC-01,2025-10-06,Cancelled,33,False,,Client declined,Client,14.8,False,,,,,
APT-001178,REQ-001263,EMP-00033,LOC-10,SVC-01,2025-10-06,Cancelled,11,False,,Client unavailable,Client,29.2,True,,,,,
APT-001180,REQ-001265,EMP-00096,LOC-03,SVC-05,2025-10-06,No-show,3,False,,Duplicate booking,Organisation,35.3,False,,,,,
APT-001183,REQ-001268,EMP-00006,LOC-05,SVC-03,2025-10-06,Cancelled,19,False,,Client unavailable,Client,55.2,True,,,,,
APT-001197,REQ-001282,EMP-00136,LOC-09,SVC-02,2025-10-07,Cancelled,11,False,,Client unwell,Client,32.4,True,,,,,
APT-001204,REQ-001289,EMP-00117,LOC-04,SVC-05,2025-10-08,Cancelled,26,False,,Transport issue,Client,5.8,True,,,,,
APT-001209,REQ-001294,EMP-00032,LOC-08,SVC-02,2025-10-09,Cancelled,6,False,,Weather,Client,5.2,False,,,,,
APT-001212,REQ-001298,EMP-00060,LOC-08,SVC-07,2025-10-11,Cancelled,31,False,,Other,Organisation,27.0,False,,,,,
APT-001213,REQ-001299,EMP-00061,LOC-09,SVC-02,2025-10-08,Cancelled,40,False,,Client unwell,Client,15.2,True,,,,,
APT-001216,REQ-001302,EMP-00143,LOC-05,SVC-01,2025-10-08,Cancelled,39,False,,Client unavailable,Client,17.1,False,,,,,
APT-001217,REQ-001303,EMP-00022,LOC-08,SVC-08,2025-10-08,Cancelled,28,False,,Client unwell,Client,0.0,False,,,,,
APT-001219,REQ-001305,EMP-00030,LOC-03,SVC-02,2025-10-10,Cancelled,22,False,,Transport issue,Client,0.0,False,,,,,
APT-001220,REQ-001306,EMP-00068,LOC-03,SVC-05,2025-10-08,Cancelled,14,False,,Staff illness,Client,33.6,True,,,,,
APT-001222,REQ-001308,EMP-00067,LOC-06,SVC-09,2025-10-11,Cancelled,17,False,,Other,Employee,32.8,True,,,,,
APT-001224,REQ-001310,EMP-00032,LOC-02,SVC-02,2025-10-09,Cancelled,9,False,,Client unwell,Organisation,23.8,True,,,,,
APT-001231,REQ-001318,EMP-00122,LOC-03,SVC-01,2025-10-09,Cancelled,36,False,,Client unwell,Organisation,23.8,True,,,,,
APT-001232,REQ-001319,EMP-00039,LOC-07,SVC-06,2025-10-10,Cancelled,25,False,,Client unavailable,Client,49.1,False,,,,,
APT-001233,REQ-001320,EMP-00142,LOC-09,SVC-03,2025-10-10,Cancelled,12,True,Client preference,Client declined,Client,0.0,True,,,,,
APT-001236,REQ-001323,EMP-00021,LOC-07,SVC-02,2025-10-10,No-show,50,False,,Weather,Client,12.3,False,,,,,
APT-001239,REQ-001326,EMP-00119,LOC-09,SVC-02,2025-10-10,Cancelled,26,False,,Weather,Organisation,33.3,False,,,,,
APT-001242,REQ-001329,EMP-00018,LOC-03,SVC-01,2025-10-10,No-show,47,False,,Other,Organisation,7.2,False,,,,,
APT-001243,REQ-001330,EMP-00123,LOC-08,SVC-01,2025-10-09,No-show,26,False,,Other,Organisation,17.6,True,,,,,
APT-001244,REQ-001332,EMP-00139,LOC-03,SVC-08,2025-10-10,Cancelled,27,False,,Client unwell,Client,0.0,True,,,,,
APT-001246,REQ-001334,EMP-00150,LOC-06,SVC-04,2025-10-18,Cancelled,48,False,,Other,Organisation,29.4,True,,,,,
APT-001254,REQ-001342,EMP-00106,LOC-06,SVC-06,2025-10-15,Cancelled,37,False,,Weather,Organisation,3.6,True,,,,,
APT-001257,REQ-001346,EMP-00119,LOC-08,SVC-07,2025-10-11,Cancelled,7,False,,Client unavailable,Client,36.2,True,,,,,
APT-001258,REQ-001347,EMP-00047,LOC-08,SVC-03,2025-10-09,No-show,12,False,,Weather,Client,0.0,True,,,,,
APT-001259,REQ-001348,EMP-00075,LOC-08,SVC-06,2025-10-09,No-show,25,False,,Transport issue,Employee,8.1,True,,,,,
APT-001260,REQ-001349,EMP-00079,LOC-05,SVC-01,2025-10-10,Cancelled,26,False,,Staff illness,Client,21.9,False,,,,,
APT-001262,REQ-001351,EMP-00064,LOC-10,SVC-06,2025-10-15,No-show,36,False,,Weather,Client,80.9,True,,,,,
APT-001265,REQ-001355,EMP-00079,LOC-02,SVC-05,2025-10-10,Cancelled,39,False,,Client unavailable,Client,48.5,True,,,,,
APT-001267,REQ-001358,EMP-00133,LOC-04,SVC-02,2025-10-10,Cancelled,3,False,,Weather,Client,46.2,False,,,,,
APT-001269,REQ-001360,EMP-00042,LOC-03,SVC-03,2025-10-12,Cancelled,37,False,,Transport issue,Client,39.6,False,,,,,
APT-001270,REQ-001361,EMP-00098,LOC-08,SVC-01,2025-10-10,Cancelled,36,False,,Transport issue,Client,2.6,True,,,,,
APT-001271,REQ-001362,EMP-00141,LOC-06,SVC-05,2025-10-11,No-show,57,False,,Transport issue,Client,15.3,True,,,,,
APT-001277,REQ-001368,EMP-00052,LOC-08,SVC-01,2025-10-10,No-show,18,False,,Client unwell,Client,0.0,True,,,,,
APT-001283,REQ-001374,EMP-00066,LOC-09,SVC-02,2025-10-13,Cancelled,23,False,,Other,Client,0.0,False,,,,,
APT-001284,REQ-001375,EMP-00008,LOC-05,SVC-09,2025-10-12,No-show,29,False,,Client unwell,Client,25.9,False,,,,,
APT-001292,REQ-001384,EMP-00090,LOC-01,SVC-09,2025-10-13,No-show,26,False,,Client unavailable,Client,51.0,False,,,,,
APT-001297,REQ-001391,EMP-00062,LOC-02,SVC-01,2025-10-13,Cancelled,24,False,,Client unavailable,Employee,25.5,True,,,,,
APT-001304,REQ-001398,EMP-00042,LOC-06,SVC-04,2025-10-13,Cancelled,32,False,,Client declined,Organisation,10.1,True,,,,,
APT-001306,REQ-001401,EMP-00143,LOC-02,SVC-09,2025-10-13,Cancelled,14,False,,Staff illness,Client,0.0,False,,,,,
APT-001309,REQ-001404,EMP-00070,LOC-06,SVC-09,2025-10-13,Cancelled,3,False,,Other,Employee,42.6,False,,,,,
APT-001311,REQ-001406,EMP-00090,LOC-08,SVC-01,2025-10-14,Cancelled,37,False,,Client declined,Client,0.0,True,,,,,
APT-001312,REQ-001407,EMP-00004,LOC-07,SVC-02,2025-10-14,Cancelled,32,False,,Client unavailable,Client,0.0,True,,,,,
APT-001314,REQ-001410,EMP-00056,LOC-10,SVC-03,2025-10-16,Cancelled,17,False,,Client unwell,Client,43.4,False,,,,,
APT-001315,REQ-001411,EMP-00096,LOC-08,SVC-02,2025-10-16,Cancelled,18,False,,Weather,Client,32.8,False,,,,,
APT-001317,REQ-001413,EMP-00124,LOC-09,SVC-02,2025-10-16,No-show,39,False,,Staff illness,Employee,39.6,True,,,,,
APT-001319,REQ-001415,EMP-00016,LOC-05,SVC-05,2025-10-14,Cancelled,17,False,,Other,Client,18.1,True,,,,,
APT-001321,REQ-001417,EMP-00056,LOC-03,SVC-05,2025-10-15,Cancelled,27,False,,Client declined,Organisation,30.8,True,,,,,
APT-001322,REQ-001418,EMP-00137,LOC-03,SVC-05,2025-10-15,No-show,24,False,,Client declined,Organisation,0.0,False,,,,,
APT-001323,REQ-001419,EMP-00110,LOC-05,SVC-02,2025-10-15,Cancelled,41,False,,Other,Organisation,9.0,False,,,,,
APT-001332,REQ-001428,EMP-00030,LOC-05,SVC-07,2025-10-15,Cancelled,26,False,,Transport issue,Client,0.0,False,,,,,
APT-001344,REQ-001441,EMP-00018,LOC-08,SVC-02,2025-10-17,Cancelled,27,False,,Weather,Organisation,19.5,False,,,,,
APT-001346,REQ-001443,EMP-00099,LOC-04,SVC-01,2025-10-16,Cancelled,47,False,,Weather,Organisation,15.6,False,,,,,
APT-001349,REQ-001446,EMP-00083,LOC-10,SVC-02,2025-10-15,Cancelled,23,False,,Duplicate booking,Client,0.0,True,,,,,
APT-001350,REQ-001447,EMP-00036,LOC-01,SVC-07,2025-10-17,Cancelled,12,False,,Staff illness,Organisation,34.7,True,,,,,
APT-001359,REQ-001456,EMP-00066,LOC-09,SVC-01,2025-10-16,No-show,18,False,,Duplicate booking,Employee,0.0,True,,,,,
APT-001363,REQ-001460,EMP-00124,LOC-09,SVC-05,2025-10-17,Cancelled,13,False,,Client unwell,Client,9.1,False,,,,,
APT-001364,REQ-001462,EMP-00064,LOC-01,SVC-01,2025-10-18,Cancelled,3,False,,Client unavailable,Client,15.5,True,,,,,
APT-001370,REQ-001470,EMP-00118,LOC-04,SVC-05,2025-10-16,Cancelled,14,False,,Staff illness,Employee,31.9,True,,,,,
APT-001371,REQ-001471,EMP-00037,LOC-05,SVC-01,2025-10-16,Cancelled,38,False,,Other,Organisation,22.7,False,,,,,
APT-001373,REQ-001474,EMP-00091,LOC-08,SVC-01,2025-10-17,No-show,17,False,,Transport issue,Organisation,2.9,True,,,,,
APT-001374,REQ-001475,EMP-00109,LOC-03,SVC-01,2025-10-17,Cancelled,24,False,,Client unwell,Client,1.7,True,,,,,
APT-001375,REQ-001476,EMP-00032,LOC-02,SVC-03,2025-10-19,Cancelled,20,False,,Client unwell,Client,85.2,False,,,,,
APT-001382,REQ-001484,EMP-00070,LOC-03,SVC-05,2025-10-17,Cancelled,23,False,,Duplicate booking,Organisation,2.7,False,,,,,
APT-001383,REQ-001485,EMP-00134,LOC-07,SVC-01,2025-10-18,No-show,13,False,,Other,Employee,13.3,True,,,,,
APT-001387,REQ-001490,EMP-00083,LOC-07,SVC-02,2025-10-18,Cancelled,50,False,,Client declined,Employee,31.7,False,,,,,
APT-001390,REQ-001493,EMP-00051,LOC-08,SVC-02,2025-10-17,Cancelled,39,False,,Client unavailable,Organisation,27.2,False,,,,,
APT-001393,REQ-001496,EMP-00100,LOC-10,SVC-02,2025-10-17,Cancelled,24,True,Client preference,Staff illness,Employee,33.3,True,,,,,
APT-001394,REQ-001497,EMP-00101,LOC-05,SVC-03,2025-10-17,No-show,17,False,,Transport issue,Client,32.1,True,,,,,
APT-001395,REQ-001498,EMP-00067,LOC-03,SVC-05,2025-10-17,Cancelled,36,False,,Staff illness,Client,0.0,True,,,,,
APT-001401,REQ-001504,EMP-00138,LOC-02,SVC-01,2025-10-19,Cancelled,32,False,,Client declined,Client,2.3,False,,,,,
APT-001402,REQ-001505,EMP-00014,LOC-08,SVC-01,2025-10-20,Cancelled,27,False,,Transport issue,Client,38.1,True,,,,,
APT-001403,REQ-001506,EMP-00101,LOC-06,SVC-06,2025-10-19,Cancelled,31,False,,Other,Organisation,25.9,True,,,,,
APT-001404,REQ-001507,EMP-00042,LOC-06,SVC-02,2025-10-21,No-show,19,False,,Duplicate booking,Employee,12.2,True,,,,,
APT-001412,REQ-001516,EMP-00143,LOC-09,SVC-05,2025-10-20,No-show,24,False,,Weather,Employee,30.9,True,,,,,
APT-001413,REQ-001517,EMP-00033,LOC-08,SVC-01,2025-10-21,Cancelled,45,False,,Weather,Employee,0.0,False,,,,,
APT-001415,REQ-001519,EMP-00050,LOC-03,SVC-05,2025-10-20,No-show,3,False,,Staff illness,Client,60.0,False,,,,,
APT-001417,REQ-001521,EMP-00100,LOC-10,SVC-01,2025-10-20,Cancelled,50,False,,Transport issue,Organisation,20.6,True,,,,,
APT-001420,REQ-001524,EMP-00066,LOC-07,SVC-05,2025-10-21,Cancelled,34,False,,Transport issue,Client,16.2,True,,,,,
APT-001422,REQ-001526,EMP-00043,LOC-07,SVC-06,2025-10-20,Cancelled,34,False,,Weather,Client,0.0,True,,,,,
APT-001423,REQ-001528,EMP-00039,LOC-06,SVC-05,2025-10-21,No-show,38,False,,Staff illness,Client,0.0,False,,,,,
APT-001428,REQ-001533,EMP-00049,LOC-06,SVC-06,2025-10-20,Cancelled,39,False,,Client unwell,Employee,12.9,True,,,,,
APT-001433,REQ-001540,EMP-00036,LOC-08,SVC-01,2025-10-21,No-show,18,False,,Duplicate booking,Client,0.0,False,,,,,
APT-001446,REQ-001554,EMP-00137,LOC-01,SVC-06,2025-10-21,Cancelled,28,False,,Transport issue,Organisation,39.3,True,,,,,
APT-001447,REQ-001555,EMP-00013,LOC-03,SVC-02,2025-10-21,Cancelled,27,False,,Client unavailable,Employee,9.5,True,,,,,
APT-001451,REQ-001560,EMP-00025,LOC-01,SVC-02,2025-10-22,Cancelled,20,False,,Weather,Client,6.7,True,,,,,
APT-001454,REQ-001563,EMP-00039,LOC-03,SVC-07,2025-10-24,Cancelled,16,False,,Transport issue,Client,30.8,True,,,,,
APT-001455,REQ-001565,EMP-00122,LOC-03,SVC-06,2025-10-22,Cancelled,27,False,,Client unwell,Client,0.0,False,,,,,
APT-001457,REQ-001567,EMP-00137,LOC-07,SVC-06,2025-10-22,No-show,63,False,,Duplicate booking,Client,19.2,True,,,,,
APT-001465,REQ-001575,EMP-00014,LOC-03,SVC-06,2025-10-26,Cancelled,16,False,,Staff illness,Client,6.2,False,,,,,
APT-001466,REQ-001576,EMP-00146,LOC-07,SVC-09,2025-10-27,Cancelled,12,False,,Staff illness,Employee,19.8,False,,,,,
APT-001471,REQ-001581,EMP-00016,LOC-05,SVC-06,2025-10-24,Cancelled,3,False,,Client unwell,Organisation,7.7,True,,,,,
APT-001473,REQ-001584,EMP-00016,LOC-03,SVC-07,2025-10-24,Cancelled,20,False,,Client unwell,Client,14.9,True,,,,,
APT-001474,REQ-001585,EMP-00067,LOC-04,SVC-01,2025-10-24,Cancelled,38,False,,Client unavailable,Client,20.9,False,,,,,
APT-001479,REQ-001590,EMP-00128,LOC-01,SVC-01,2025-10-24,Cancelled,29,False,,Staff illness,Client,26.2,True,,,,,
APT-001480,REQ-001591,EMP-00033,LOC-02,SVC-06,2025-10-23,No-show,12,False,,Client unavailable,Organisation,0.0,True,,,,,
APT-001483,REQ-001594,EMP-00052,LOC-06,SVC-05,2025-10-24,Cancelled,16,False,,Weather,Employee,12.7,True,,,,,
APT-001486,REQ-001599,EMP-00017,LOC-09,SVC-09,2025-10-25,Cancelled,56,False,,Client unwell,Organisation,25.1,True,,,,,
APT-001487,REQ-001600,EMP-00079,LOC-10,SVC-02,2025-10-26,Cancelled,11,False,,Staff illness,Client,1.7,False,,,,,
APT-001488,REQ-001601,EMP-00041,LOC-08,SVC-02,2025-10-24,Cancelled,16,False,,Duplicate booking,Organisation,32.8,True,,,,,
APT-001490,REQ-001603,EMP-00040,LOC-10,SVC-03,2025-10-24,Cancelled,55,True,Urgent reassignment,Client unavailable,Employee,41.3,True,,,,,
APT-001495,REQ-001609,EMP-00142,LOC-07,SVC-02,2025-10-27,No-show,41,False,,Duplicate booking,Organisation,16.0,False,,,,,
APT-001497,REQ-001612,EMP-00100,LOC-10,SVC-08,2025-10-25,Cancelled,59,False,,Other,Employee,34.2,True,,,,,
APT-001510,REQ-001625,EMP-00137,LOC-07,SVC-06,2025-10-28,Cancelled,3,False,,Weather,Client,37.4,True,,,,,
APT-001516,REQ-001631,EMP-00099,LOC-08,SVC-05,2025-10-26,Cancelled,45,False,,Other,Organisation,15.2,True,,,,,
APT-001517,REQ-001633,EMP-00062,LOC-02,SVC-06,2025-10-26,No-show,21,True,Skill match unavailable,Duplicate booking,Organisation,0.0,False,,,,,
APT-001518,REQ-001634,EMP-00024,LOC-06,SVC-04,2025-10-26,Cancelled,40,False,,Transport issue,Organisation,42.6,True,,,,,
APT-001520,REQ-001636,EMP-00129,LOC-03,SVC-07,2025-10-26,Cancelled,25,False,,Staff illness,Client,22.9,True,,,,,
APT-001521,REQ-001637,EMP-00067,LOC-01,SVC-03,2025-10-28,Cancelled,36,True,Skill match unavailable,Staff illness,Client,43.5,True,,,,,
APT-001522,REQ-001638,EMP-00051,LOC-09,SVC-01,2025-10-27,Cancelled,33,False,,Duplicate booking,Client,33.0,True,,,,,
APT-001525,REQ-001641,EMP-00002,LOC-01,SVC-08,2025-10-27,Cancelled,6,False,,Staff illness,Employee,43.0,True,,,,,
APT-001526,REQ-001643,EMP-00051,LOC-10,SVC-02,2025-10-28,Cancelled,36,False,,Other,Client,27.5,True,,,,,
APT-001530,REQ-001647,EMP-00056,LOC-05,SVC-01,2025-10-27,No-show,36,False,,Staff illness,Client,0.0,True,,,,,
APT-001533,REQ-001650,EMP-00105,LOC-10,SVC-09,2025-10-27,No-show,24,False,,Client unavailable,Employee,29.1,False,,,,,
APT-001542,REQ-001660,EMP-00068,LOC-10,SVC-03,2025-10-28,Cancelled,13,False,,Staff illness,Client,0.0,True,,,,,
APT-001546,REQ-001664,EMP-00134,LOC-06,SVC-07,2025-10-29,Cancelled,39,False,,Transport issue,Client,28.5,True,,,,,
APT-001547,REQ-001665,EMP-00052,LOC-04,SVC-02,2025-10-28,Cancelled,18,False,,Duplicate booking,Organisation,23.0,True,,,,,
APT-001551,REQ-001669,EMP-00085,LOC-08,SVC-08,2025-10-28,Cancelled,32,False,,Client unwell,Employee,10.2,True,,,,,
APT-001564,REQ-001684,EMP-00066,LOC-03,SVC-06,2025-10-29,Cancelled,27,False,,Duplicate booking,Client,17.7,True,,,,,
APT-001568,REQ-001688,EMP-00090,LOC-06,SVC-09,2025-11-03,Cancelled,38,False,,Client unwell,Client,3.8,True,,,,,
APT-001570,REQ-001690,EMP-00122,LOC-03,SVC-07,2025-10-29,Cancelled,18,False,,Duplicate booking,Organisation,22.1,True,,,,,
APT-001574,REQ-001694,EMP-00095,LOC-07,SVC-02,2025-11-01,Cancelled,37,False,,Client declined,Organisation,33.3,False,,,,,
APT-001579,REQ-001700,EMP-00131,LOC-02,SVC-09,2025-10-29,Cancelled,31,False,,Client unavailable,Client,4.4,True,,,,,
APT-001580,REQ-001701,EMP-00086,LOC-02,SVC-06,2025-10-29,No-show,32,False,,Client unavailable,Employee,57.4,True,,,,,
APT-001587,REQ-001709,EMP-00123,LOC-09,SVC-08,2025-10-31,Cancelled,55,False,,Transport issue,Client,19.8,True,,,,,
APT-001590,REQ-001714,EMP-00033,LOC-04,SVC-02,2025-10-31,Cancelled,8,False,,Client unwell,Client,8.1,True,,,,,
APT-001594,REQ-001718,EMP-00030,LOC-01,SVC-05,2025-10-30,Cancelled,12,False,,Client unavailable,Client,10.1,True,,,,,
APT-001596,REQ-001720,EMP-00056,LOC-10,SVC-02,2025-10-31,No-show,53,False,,Client declined,Employee,19.6,True,,,,,
APT-001598,REQ-001722,EMP-00027,LOC-06,SVC-04,2025-10-30,Cancelled,37,False,,Weather,Client,28.9,True,,,,,
APT-001600,REQ-001724,EMP-00063,LOC-07,SVC-07,2025-11-03,Cancelled,34,False,,Client declined,Client,13.9,True,,,,,
APT-001601,REQ-001726,EMP-00043,LOC-08,SVC-05,2025-10-30,Cancelled,39,False,,Staff illness,Employee,38.9,True,,,,,
APT-001602,REQ-001727,EMP-00031,LOC-01,SVC-09,2025-10-31,Cancelled,9,False,,Weather,Employee,20.7,True,,,,,
APT-001605,REQ-001730,EMP-00120,LOC-05,SVC-02,2025-10-31,Cancelled,14,False,,Client declined,Client,32.0,True,,,,,
APT-001611,REQ-001736,EMP-00115,LOC-01,SVC-01,2025-11-02,Cancelled,13,False,,Client unwell,Organisation,5.5,False,,,,,
APT-001618,REQ-001743,EMP-00117,LOC-05,SVC-04,2025-11-01,No-show,20,False,,Transport issue,Employee,5.9,True,,,,,
APT-001619,REQ-001744,EMP-00141,LOC-08,SVC-06,2025-10-31,No-show,45,False,,Client unavailable,Organisation,21.5,True,,,,,
APT-001625,REQ-001750,EMP-00096,LOC-03,SVC-01,2025-11-03,Cancelled,3,False,,Client unwell,Client,10.9,True,,,,,
APT-001630,REQ-001755,EMP-00150,LOC-01,SVC-01,2025-11-01,Cancelled,4,False,,Transport issue,Client,26.5,True,,,,,
APT-001633,REQ-001758,EMP-00036,LOC-06,SVC-06,2025-11-03,Cancelled,39,True,Urgent reassignment,Staff illness,Client,32.3,True,,,,,
APT-001634,REQ-001759,EMP-00089,LOC-01,SVC-01,2025-11-03,Cancelled,39,False,,Staff illness,Client,23.2,False,,,,,
APT-001641,REQ-001766,EMP-00110,LOC-07,SVC-06,2025-11-03,Cancelled,31,False,,Transport issue,Client,29.5,True,,,,,
APT-001644,REQ-001769,EMP-00099,LOC-03,SVC-02,2025-11-04,Cancelled,12,False,,Other,Client,0.0,True,,,,,
APT-001646,REQ-001771,EMP-00150,LOC-09,SVC-01,2025-11-03,Cancelled,18,False,,Client unavailable,Client,18.8,True,,,,,
APT-001648,REQ-001773,EMP-00113,LOC-08,SVC-05,2025-11-03,No-show,27,False,,Client unavailable,Client,6.1,True,,,,,
APT-001651,REQ-001776,EMP-00055,LOC-07,SVC-06,2025-11-04,Cancelled,63,False,,Client unavailable,Organisation,27.5,False,,,,,
APT-001653,REQ-001778,EMP-00027,LOC-10,SVC-07,2025-11-04,Cancelled,47,False,,Staff illness,Client,0.0,True,,,,,
APT-001654,REQ-001779,EMP-00017,LOC-09,SVC-01,2025-11-04,Cancelled,40,False,,Staff illness,Client,3.0,False,,,,,
APT-001655,REQ-001782,EMP-00098,LOC-06,SVC-09,2025-11-04,Cancelled,5,False,,Duplicate booking,Organisation,36.8,False,,,,,
APT-001662,REQ-001789,EMP-00069,LOC-05,SVC-01,2025-11-03,Cancelled,12,True,Client preference,Staff illness,Employee,0.8,True,,,,,
APT-001669,REQ-001796,EMP-00150,LOC-06,SVC-04,2025-11-07,No-show,46,False,,Other,Client,42.9,True,,,,,
APT-001672,REQ-001799,EMP-00118,LOC-06,SVC-06,2025-11-04,Cancelled,24,True,Client preference,Transport issue,Organisation,0.0,True,,,,,
APT-001679,REQ-001806,EMP-00014,LOC-07,SVC-01,2025-11-06,No-show,3,False,,Duplicate booking,Client,38.5,True,,,,,
APT-001682,REQ-001809,EMP-00098,LOC-07,SVC-06,2025-11-05,Cancelled,3,False,,Client unavailable,Employee,33.4,False,,,,,
APT-001685,REQ-001812,EMP-00106,LOC-01,SVC-07,2025-11-04,Cancelled,31,False,,Other,Organisation,12.7,True,,,,,
APT-001690,REQ-001818,EMP-00025,LOC-04,SVC-01,2025-11-05,No-show,19,False,,Duplicate booking,Client,0.3,False,,,,,
APT-001692,REQ-001820,EMP-00040,LOC-01,SVC-02,2025-11-05,Cancelled,36,False,,Other,Client,3.0,True,,,,,
APT-001693,REQ-001821,EMP-00139,LOC-09,SVC-06,2025-11-06,No-show,42,False,,Duplicate booking,Organisation,12.1,True,,,,,
APT-001697,REQ-001825,EMP-00104,LOC-04,SVC-05,2025-11-07,No-show,11,False,,Client unwell,Client,16.1,True,,,,,
APT-001706,REQ-001839,EMP-00037,LOC-04,SVC-06,2025-11-06,Cancelled,26,False,,Client unavailable,Organisation,8.4,True,,,,,
APT-001712,REQ-001846,EMP-00148,LOC-04,SVC-03,2025-11-08,Cancelled,21,False,,Other,Client,0.0,True,,,,,
APT-001717,REQ-001852,EMP-00039,LOC-03,SVC-06,2025-11-10,Cancelled,21,False,,Client unavailable,Organisation,36.3,True,,,,,
APT-001719,REQ-001854,EMP-00124,LOC-04,SVC-03,2025-11-06,Cancelled,41,False,,Client unwell,Employee,17.2,False,,,,,
APT-001720,REQ-001855,EMP-00031,LOC-04,SVC-03,2025-11-09,No-show,36,False,,Client unavailable,Employee,12.0,False,,,,,
APT-001723,REQ-001859,EMP-00011,LOC-04,SVC-01,2025-11-07,Cancelled,3,False,,Client unwell,Client,29.2,False,,,,,
APT-001725,REQ-001861,EMP-00055,LOC-04,SVC-02,2025-11-07,Cancelled,23,False,,Weather,Employee,17.0,True,,,,,
APT-001739,REQ-001877,EMP-00011,LOC-06,SVC-05,2025-11-08,No-show,49,False,,Client unavailable,Employee,13.6,True,,,,,
APT-001744,REQ-001883,EMP-00119,LOC-08,SVC-04,2025-11-08,Cancelled,3,False,,Client declined,Client,0.0,False,,,,,
APT-001750,REQ-001889,EMP-00137,LOC-03,SVC-08,2025-11-12,Cancelled,17,False,,Staff illness,Employee,73.1,True,,,,,
APT-001752,REQ-001891,EMP-00120,LOC-07,SVC-07,2025-11-10,Cancelled,46,False,,Weather,Organisation,34.8,False,,,,,
APT-001754,REQ-001895,EMP-00027,LOC-10,SVC-06,2025-11-11,Cancelled,32,False,,Staff illness,Client,42.3,True,,,,,
APT-001760,REQ-001901,EMP-00014,LOC-04,SVC-01,2025-11-11,No-show,26,False,,Transport issue,Employee,0.0,True,,,,,
APT-001769,REQ-001911,EMP-00013,LOC-02,SVC-01,2025-11-10,Cancelled,26,False,,Client unwell,Organisation,23.5,True,,,,,
APT-001771,REQ-001913,EMP-00060,LOC-08,SVC-01,2025-11-11,Cancelled,3,False,,Client unavailable,Employee,3.3,True,,,,,
APT-001774,REQ-001916,EMP-00091,LOC-03,SVC-01,2025-11-12,Cancelled,3,False,,Other,Client,0.0,True,,,,,
APT-001775,REQ-001917,EMP-00120,LOC-10,SVC-01,2025-11-15,Cancelled,3,False,,Client declined,Client,0.0,True,,,,,
APT-001779,REQ-001921,EMP-00042,LOC-03,SVC-02,2025-11-11,Cancelled,35,False,,Transport issue,Client,29.7,True,,,,,
APT-001781,REQ-001923,EMP-00060,LOC-02,SVC-06,2025-11-12,Cancelled,13,False,,Weather,Client,66.6,True,,,,,
APT-001786,REQ-001928,EMP-00047,LOC-09,SVC-02,2025-11-11,No-show,31,False,,Other,Client,0.0,False,,,,,
APT-001792,REQ-001934,EMP-00061,LOC-05,SVC-01,2025-11-12,Cancelled,12,False,,Weather,Client,20.5,True,,,,,
APT-001799,REQ-001941,EMP-00018,LOC-06,SVC-04,2025-11-12,No-show,19,False,,Client declined,Client,13.6,False,,,,,
APT-001800,REQ-001942,EMP-00075,LOC-02,SVC-02,2025-11-13,Cancelled,31,False,,Client declined,Client,52.8,True,,,,,
APT-001801,REQ-001943,EMP-00008,LOC-01,SVC-02,2025-11-12,Cancelled,38,False,,Client unwell,Organisation,59.1,True,,,,,
APT-001802,REQ-001944,EMP-00075,LOC-03,SVC-06,2025-11-12,No-show,21,False,,Weather,Employee,3.1,False,,,,,
APT-001805,REQ-001947,EMP-00105,LOC-06,SVC-03,2025-11-13,Cancelled,38,False,,Other,Organisation,0.0,False,,,,,
APT-001807,REQ-001949,EMP-00063,LOC-03,SVC-07,2025-11-14,No-show,19,False,,Client unavailable,Client,0.0,True,,,,,
APT-001812,REQ-001954,EMP-00086,LOC-01,SVC-03,2025-11-14,Cancelled,35,False,,Duplicate booking,Client,14.4,False,,,,,
APT-001815,REQ-001957,EMP-00042,LOC-10,SVC-03,2025-11-15,Cancelled,49,False,,Client declined,Employee,44.5,False,,,,,
APT-001818,REQ-001961,EMP-00025,LOC-08,SVC-07,2025-11-14,Cancelled,39,True,Skill match unavailable,Client declined,Client,0.0,True,,,,,
APT-001820,REQ-001963,EMP-00021,LOC-06,SVC-05,2025-11-13,Cancelled,35,False,,Duplicate booking,Client,6.9,True,,,,,
APT-001822,REQ-001965,EMP-00085,LOC-07,SVC-02,2025-11-14,Cancelled,40,False,,Transport issue,Client,17.2,False,,,,,
APT-001828,REQ-001972,EMP-00049,LOC-06,SVC-06,2025-11-14,No-show,44,False,,Other,Organisation,0.0,False,,,,,
APT-001833,REQ-001977,EMP-00105,LOC-08,SVC-02,2025-11-14,Cancelled,45,False,,Client unavailable,Employee,47.0,True,,,,,
APT-001836,REQ-001981,EMP-00134,LOC-03,SVC-04,2025-11-14,Cancelled,17,False,,Duplicate booking,Client,0.0,True,,,,,
APT-001839,REQ-001984,EMP-00148,LOC-01,SVC-07,2025-11-14,No-show,45,False,,Staff illness,Client,34.5,True,,,,,
APT-001849,REQ-001994,EMP-00136,LOC-09,SVC-02,2025-11-17,Cancelled,44,False,,Client declined,Client,16.8,True,,,,,
APT-001851,REQ-001996,EMP-00031,LOC-01,SVC-09,2025-11-14,Cancelled,20,False,,Client declined,Employee,1.3,True,,,,,
APT-001860,REQ-002005,EMP-00118,LOC-04,SVC-03,2025-11-16,No-show,26,False,,Weather,Client,7.1,True,,,,,
APT-001867,REQ-002012,EMP-00092,LOC-06,SVC-01,2025-11-17,No-show,3,False,,Weather,Organisation,33.0,False,,,,,
APT-001868,REQ-002013,EMP-00040,LOC-06,SVC-05,2025-11-18,Cancelled,59,False,,Duplicate booking,Employee,0.0,True,,,,,
APT-001874,REQ-002019,EMP-00054,LOC-06,SVC-06,2025-11-17,Cancelled,18,True,Client preference,Other,Client,0.0,False,,,,,
APT-001875,REQ-002020,EMP-00142,LOC-07,SVC-04,2025-11-18,Cancelled,20,False,,Weather,Client,17.0,True,,,,,
APT-001877,REQ-002022,EMP-00134,LOC-01,SVC-08,2025-11-17,Cancelled,24,False,,Client unavailable,Client,10.8,False,,,,,
APT-001884,REQ-002031,EMP-00016,LOC-10,SVC-06,2025-11-17,Cancelled,25,False,,Weather,Organisation,2.2,True,,,,,
APT-001887,REQ-002034,EMP-00122,LOC-06,SVC-02,2025-11-19,No-show,67,False,,Client unwell,Client,0.0,True,,,,,
APT-001890,REQ-002038,EMP-00011,LOC-03,SVC-02,2025-11-17,Cancelled,3,False,,Transport issue,Client,21.2,True,,,,,
APT-001891,REQ-002039,EMP-00133,LOC-10,SVC-01,2025-11-18,Cancelled,13,False,,Transport issue,Employee,71.7,True,,,,,
APT-001894,REQ-002042,EMP-00142,LOC-06,SVC-01,2025-11-18,Cancelled,41,False,,Client unavailable,Organisation,0.0,False,,,,,
APT-001904,REQ-002052,EMP-00028,LOC-05,SVC-05,2025-11-18,Cancelled,10,False,,Client declined,Client,0.0,True,,,,,
APT-001908,REQ-002056,EMP-00098,LOC-04,SVC-07,2025-11-18,Cancelled,34,False,,Duplicate booking,Employee,13.9,True,,,,,
APT-001911,REQ-002059,EMP-00143,LOC-07,SVC-01,2025-11-19,Cancelled,36,False,,Transport issue,Client,33.0,True,,,,,
APT-001913,REQ-002061,EMP-00013,LOC-07,SVC-02,2025-11-21,Cancelled,21,False,,Other,Organisation,38.8,False,,,,,
APT-001918,REQ-002066,EMP-00056,LOC-09,SVC-06,2025-11-21,No-show,10,False,,Client declined,Client,13.4,True,,,,,
APT-001920,REQ-002068,EMP-00109,LOC-08,SVC-06,2025-11-20,Cancelled,29,False,,Staff illness,Organisation,42.3,False,,,,,
APT-001922,REQ-002071,EMP-00027,LOC-06,SVC-05,2025-11-18,Cancelled,18,False,,Client unwell,Client,17.1,True,,,,,
APT-001929,REQ-002079,EMP-00010,LOC-06,SVC-02,2025-11-19,Cancelled,3,False,,Transport issue,Client,26.5,True,,,,,
APT-001930,REQ-002080,EMP-00118,LOC-06,SVC-06,2025-11-21,No-show,18,True,Skill match unavailable,Staff illness,Organisation,0.0,True,,,,,
APT-001931,REQ-002081,EMP-00106,LOC-09,SVC-01,2025-11-19,No-show,49,False,,Other,Client,18.6,False,,,,,
APT-001934,REQ-002085,EMP-00049,LOC-04,SVC-02,2025-11-21,Cancelled,19,False,,Staff illness,Employee,46.3,False,,,,,
APT-001936,REQ-002087,EMP-00030,LOC-04,SVC-06,2025-11-21,Cancelled,33,False,,Duplicate booking,Organisation,3.4,True,,,,,
APT-001937,REQ-002088,EMP-00148,LOC-08,SVC-02,2025-11-20,No-show,15,False,,Staff illness,Employee,9.2,True,,,,,
APT-001940,REQ-002091,EMP-00113,LOC-08,SVC-02,2025-11-21,Cancelled,40,False,,Weather,Client,29.5,True,,,,,
APT-001946,REQ-002097,EMP-00024,LOC-07,SVC-02,2025-11-20,Cancelled,40,False,,Client declined,Organisation,1.1,True,,,,,
APT-001950,REQ-002101,EMP-00123,LOC-03,SVC-07,2025-11-21,Cancelled,34,False,,Duplicate booking,Client,0.0,True,,,,,
APT-001952,REQ-002103,EMP-00043,LOC-05,SVC-07,2025-11-21,Cancelled,23,False,,Client declined,Client,4.8,False,,,,,
APT-001954,REQ-002105,EMP-00124,LOC-08,SVC-07,2025-11-21,Cancelled,40,False,,Transport issue,Organisation,6.0,True,,,,,
APT-001959,REQ-002110,EMP-00121,LOC-03,SVC-03,2025-11-21,Cancelled,23,False,,Duplicate booking,Client,18.7,True,,,,,
APT-001961,REQ-002112,EMP-00070,LOC-03,SVC-06,2025-11-22,Cancelled,29,False,,Transport issue,Client,24.7,False,,,,,
APT-001962,REQ-002113,EMP-00025,LOC-08,SVC-05,2025-11-21,Cancelled,30,False,,Client unwell,Organisation,14.8,True,,,,,
APT-001963,REQ-002114,EMP-00121,LOC-09,SVC-01,2025-11-22,Cancelled,27,False,,Weather,Employee,32.5,True,,,,,
APT-001967,REQ-002119,EMP-00014,LOC-02,SVC-06,2025-11-22,No-show,28,False,,Client unwell,Employee,20.4,True,,,,,
APT-001970,REQ-002124,EMP-00098,LOC-04,SVC-02,2025-11-23,No-show,20,False,,Client unwell,Client,0.0,True,,,,,
APT-001973,REQ-002127,EMP-00086,LOC-04,SVC-02,2025-11-22,Cancelled,37,False,,Client declined,Employee,2.8,True,,,,,
APT-001974,REQ-002128,EMP-00115,LOC-10,SVC-03,2025-11-22,Cancelled,40,False,,Staff illness,Organisation,27.7,True,,,,,
APT-001975,REQ-002129,EMP-00102,LOC-03,SVC-06,2025-11-23,No-show,23,False,,Transport issue,Client,11.8,False,,,,,
APT-001976,REQ-002130,EMP-00014,LOC-09,SVC-09,2025-11-22,Cancelled,14,False,,Other,Employee,49.6,True,,,,,
APT-001979,REQ-002134,EMP-00085,LOC-09,SVC-02,2025-11-23,No-show,33,False,,Client unavailable,Client,11.9,True,,,,,
APT-001980,REQ-002135,EMP-00139,LOC-01,SVC-01,2025-11-23,Cancelled,5,False,,Duplicate booking,Client,49.6,True,,,,,
APT-001982,REQ-002137,EMP-00018,LOC-03,SVC-06,2025-11-24,No-show,21,False,,Transport issue,Client,0.0,False,,,,,
APT-001983,REQ-002138,EMP-00129,LOC-05,SVC-06,2025-11-22,Cancelled,28,False,,Client declined,Organisation,32.5,False,,,,,
APT-001986,REQ-002141,EMP-00005,LOC-06,SVC-04,2025-11-22,No-show,24,False,,Client declined,Client,22.3,True,,,,,
APT-001988,REQ-002143,EMP-00150,LOC-05,SVC-03,2025-11-24,Cancelled,10,False,,Other,Client,6.1,True,,,,,
APT-001996,REQ-002151,EMP-00068,LOC-01,SVC-02,2025-11-25,Cancelled,28,False,,Client unwell,Client,13.2,False,,,,,
APT-002000,REQ-002155,EMP-00040,LOC-05,SVC-07,2025-11-24,Cancelled,18,False,,Client unavailable,Organisation,4.3,True,,,,,
APT-002002,REQ-002157,EMP-00011,LOC-07,SVC-02,2025-11-26,Cancelled,42,False,,Transport issue,Client,3.3,False,,,,,
APT-002007,REQ-002162,EMP-00043,LOC-08,SVC-06,2025-11-24,Cancelled,9,False,,Client unavailable,Employee,11.9,True,,,,,
APT-002011,REQ-002166,EMP-00136,LOC-06,SVC-06,2025-11-24,Cancelled,25,False,,Other,Employee,8.0,True,,,,,
APT-002016,REQ-002171,EMP-00085,LOC-07,SVC-06,2025-11-25,Cancelled,12,False,,Staff illness,Client,3.5,True,,,,,
APT-002020,REQ-002175,EMP-00070,LOC-03,SVC-03,2025-11-26,No-show,8,False,,Transport issue,Client,8.8,True,,,,,
APT-002021,REQ-002176,EMP-00128,LOC-07,SVC-08,2025-11-30,Cancelled,28,False,,Other,Organisation,15.5,True,,,,,
APT-002022,REQ-002177,EMP-00137,LOC-08,SVC-06,2025-11-25,Cancelled,6,False,,Other,Client,26.1,False,,,,,
APT-002025,REQ-002180,EMP-00120,LOC-07,SVC-06,2025-11-27,Cancelled,35,False,,Client unavailable,Employee,22.5,True,,,,,
APT-002034,REQ-002190,EMP-00100,LOC-02,SVC-07,2025-11-25,Cancelled,34,False,,Client declined,Employee,0.0,True,,,,,
APT-002041,REQ-002198,EMP-00122,LOC-04,SVC-03,2025-11-28,Cancelled,24,False,,Staff illness,Organisation,6.5,True,,,,,
APT-002042,REQ-002199,EMP-00146,LOC-05,SVC-07,2025-11-28,No-show,28,True,Client preference,Client unavailable,Client,4.4,True,,,,,
APT-002044,REQ-002201,EMP-00032,LOC-01,SVC-01,2025-11-28,No-show,22,False,,Weather,Client,0.2,False,,,,,
APT-002047,REQ-002205,EMP-00014,LOC-02,SVC-03,2025-11-27,No-show,18,False,,Weather,Client,17.5,True,,,,,
APT-000002,REQ-000002,EMP-00070,LOC-05,SVC-01,2025-08-01,Completed,26,False,,,,,,3.8,81.7,False,True,False
APT-000008,REQ-000008,EMP-00123,LOC-01,SVC-09,2025-08-01,Completed,28,False,,,,,,3.4,82.2,False,False,False
APT-000010,REQ-000011,EMP-00024,LOC-08,SVC-06,2025-08-02,Completed,29,False,,,,,,3.7,79.9,False,True,False
APT-000013,REQ-000015,EMP-00134,LOC-10,SVC-05,2025-08-03,Completed,3,False,,,,,,4.1,83.7,False,True,False
APT-000019,REQ-000021,EMP-00094,LOC-06,SVC-09,2025-08-04,Completed,3,False,,,,,,5.0,71.8,False,True,False
APT-000020,REQ-000022,EMP-00039,LOC-09,SVC-05,2025-08-02,Completed,38,False,,,,,,4.5,89.8,False,True,True
APT-000021,REQ-000023,EMP-00002,LOC-02,SVC-01,2025-08-02,Completed,29,False,,,,,,4.9,78.2,False,True,False
APT-000023,REQ-000026,EMP-00042,LOC-07,SVC-01,2025-08-02,Completed,54,False,,,,,,4.9,85.5,False,True,False
APT-000024,REQ-000027,EMP-00112,LOC-01,SVC-04,2025-08-03,Completed,17,True,Client preference,,,,,5.0,86.8,False,True,True
APT-000026,REQ-000029,EMP-00070,LOC-03,SVC-09,2025-08-03,Completed,12,False,,,,,,5.0,89.7,False,True,True
APT-000027,REQ-000030,EMP-00080,LOC-01,SVC-01,2025-08-02,Completed,18,False,,,,,,4.7,84.2,False,True,False
APT-000030,REQ-000034,EMP-00064,LOC-05,SVC-07,2025-08-03,Completed,18,False,,,,,,4.1,65.6,False,False,True
APT-000032,REQ-000036,EMP-00113,LOC-07,SVC-03,2025-08-05,Completed,41,False,,,,,,5.0,73.5,False,True,False
APT-000033,REQ-000037,EMP-00090,LOC-01,SVC-02,2025-08-03,Completed,3,False,,,,,,3.5,81.3,False,True,False
APT-000034,REQ-000038,EMP-00131,LOC-06,SVC-01,2025-08-06,Completed,41,False,,,,,,4.6,75.5,False,True,False
APT-000035,REQ-000039,EMP-00134,LOC-02,SVC-07,2025-08-03,Completed,19,False,,,,,,,68.6,False,True,False
APT-000038,REQ-000043,EMP-00013,LOC-10,SVC-04,2025-08-05,Completed,8,False,,,,,,,92.4,False,True,False
APT-000039,REQ-000044,EMP-00137,LOC-02,SVC-01,2025-08-05,Completed,17,False,,,,,,4.2,89.8,False,False,False
APT-000040,REQ-000045,EMP-00112,LOC-10,SVC-01,2025-08-05,Completed,13,False,,,,,,4.3,82.6,False,True,False
APT-000042,REQ-000047,EMP-00058,LOC-10,SVC-08,2025-08-07,Completed,30,False,,,,,,,85.2,False,True,False
APT-000043,REQ-000048,EMP-00065,LOC-07,SVC-05,2025-08-05,Completed,26,False,,,,,,4.6,87.4,False,True,False
APT-000047,REQ-000052,EMP-00113,LOC-08,SVC-07,2025-08-05,Completed,20,True,Skill match unavailable,,,,,4.1,78.9,False,True,False
APT-000048,REQ-000053,EMP-00040,LOC-07,SVC-09,2025-08-04,Completed,32,False,,,,,,4.5,86.4,False,True,False
APT-000049,REQ-000054,EMP-00139,LOC-04,SVC-03,2025-08-06,Completed,25,False,,,,,,4.4,72.2,True,True,False
APT-000050,REQ-000055,EMP-00023,LOC-06,SVC-03,2025-08-04,Completed,42,False,,,,,,3.9,65.2,False,True,True
APT-000051,REQ-000056,EMP-00146,LOC-04,SVC-08,2025-08-05,Completed,11,False,,,,,,5.0,99.7,False,True,True
APT-000052,REQ-000057,EMP-00143,LOC-08,SVC-05,2025-08-05,Completed,3,False,,,,,,4.3,81.8,False,True,False
APT-000053,REQ-000058,EMP-00022,LOC-01,SVC-07,2025-08-05,Completed,12,False,,,,,,3.4,72.0,False,False,False
APT-000054,REQ-000059,EMP-00122,LOC-01,SVC-03,2025-08-05,Completed,15,False,,,,,,3.0,84.2,False,True,False
APT-000055,REQ-000060,EMP-00061,LOC-01,SVC-02,2025-08-04,Completed,16,False,,,,,,4.5,96.4,False,True,False
APT-000056,REQ-000061,EMP-00079,LOC-02,SVC-01,2025-08-07,Completed,14,False,,,,,,4.3,86.3,False,False,True
APT-000057,REQ-000062,EMP-00138,LOC-06,SVC-05,2025-08-08,Completed,54,False,,,,,,3.7,66.5,False,True,False
APT-000059,REQ-000065,EMP-00042,LOC-08,SVC-05,2025-08-04,Completed,28,False,,,,,,4.2,82.9,False,True,False
APT-000060,REQ-000066,EMP-00067,LOC-08,SVC-02,2025-08-05,Completed,50,False,,,,,,5.0,88.6,False,True,False
APT-000062,REQ-000068,EMP-00126,LOC-09,SVC-09,2025-08-04,Completed,31,False,,,,,,3.3,99.9,False,True,False
APT-000065,REQ-000071,EMP-00047,LOC-08,SVC-01,2025-08-06,Completed,40,False,,,,,,3.5,82.7,False,True,False
APT-000066,REQ-000072,EMP-00091,LOC-01,SVC-03,2025-08-07,Completed,44,False,,,,,,5.0,85.2,False,True,False
APT-000067,REQ-000073,EMP-00113,LOC-06,SVC-05,2025-08-06,Completed,17,False,,,,,,5.0,92.7,False,True,False
APT-000069,REQ-000075,EMP-00021,LOC-02,SVC-03,2025-08-06,Completed,43,False,,,,,,,85.0,False,False,False
APT-000070,REQ-000076,EMP-00035,LOC-03,SVC-07,2025-08-05,Completed,13,False,,,,,,5.0,74.8,False,True,False
APT-000071,REQ-000078,EMP-00068,LOC-10,SVC-06,2025-08-06,Completed,24,False,,,,,,3.7,95.4,False,True,True
APT-000072,REQ-000079,EMP-00134,LOC-03,SVC-01,2025-08-05,Completed,21,False,,,,,,,87.5,False,True,True
APT-000073,REQ-000080,EMP-00070,LOC-01,SVC-01,2025-08-06,Completed,22,False,,,,,,4.0,76.1,False,True,True
APT-000074,REQ-000081,EMP-00015,LOC-03,SVC-02,2025-08-05,Completed,14,False,,,,,,4.9,86.6,False,True,False
APT-000075,REQ-000082,EMP-00139,LOC-06,SVC-05,2025-08-06,Completed,51,False,,,,,,4.3,76.0,True,False,False
APT-000077,REQ-000084,EMP-00150,LOC-06,SVC-01,2025-08-05,Completed,3,False,,,,,,4.3,79.3,False,True,False
APT-000078,REQ-000086,EMP-00085,LOC-10,SVC-09,2025-08-05,Completed,3,False,,,,,,4.4,80.8,False,True,False
APT-000079,REQ-000087,EMP-00139,LOC-09,SVC-02,2025-08-06,Completed,25,False,,,,,,5.0,86.9,False,True,False
APT-000080,REQ-000088,EMP-00010,LOC-07,SVC-05,2025-08-07,Completed,12,False,,,,,,3.9,68.6,False,False,False
APT-000081,REQ-000089,EMP-00056,LOC-07,SVC-05,2025-08-05,Completed,16,False,,,,,,4.6,88.5,False,False,False
APT-000082,REQ-000090,EMP-00138,LOC-03,SVC-08,2025-08-07,Completed,24,False,,,,,,4.5,95.0,False,True,False
APT-000083,REQ-000091,EMP-00150,LOC-10,SVC-03,2025-08-05,Completed,13,False,,,,,,5.0,95.7,False,True,False
APT-000087,REQ-000095,EMP-00128,LOC-04,SVC-05,2025-08-05,Completed,33,False,,,,,,5.0,87.8,False,True,False
APT-000088,REQ-000096,EMP-00022,LOC-04,SVC-02,2025-08-07,Completed,19,False,,,,,,3.7,78.4,False,True,True
APT-000089,REQ-000097,EMP-00094,LOC-10,SVC-05,2025-08-07,Completed,3,False,,,,,,4.8,45.9,False,False,False
APT-000093,REQ-000101,EMP-00017,LOC-09,SVC-01,2025-08-08,Completed,24,False,,,,,,,83.5,False,False,False
APT-000097,REQ-000105,EMP-00104,LOC-03,SVC-01,2025-08-07,Completed,30,False,,,,,,4.7,69.3,False,True,False
APT-000098,REQ-000106,EMP-00050,LOC-10,SVC-02,2025-08-06,Completed,10,False,,,,,,3.4,65.1,False,True,False
APT-000100,REQ-000108,EMP-00117,LOC-10,SVC-05,2025-08-06,Completed,19,True,Urgent reassignment,,,,,3.5,100.0,False,True,False
APT-000101,REQ-000109,EMP-00040,LOC-08,SVC-05,2025-08-07,Completed,14,False,,,,,,5.0,90.7,False,True,False
APT-000103,REQ-000111,EMP-00069,LOC-09,SVC-05,2025-08-06,Completed,3,False,,,,,,4.3,96.4,False,True,False
APT-000104,REQ-000112,EMP-00100,LOC-03,SVC-01,2025-08-09,Completed,15,True,Skill match unavailable,,,,,4.5,78.9,False,True,False
APT-000107,REQ-000116,EMP-00017,LOC-08,SVC-07,2025-08-07,Completed,27,False,,,,,,4.6,78.7,False,True,True
APT-000111,REQ-000120,EMP-00030,LOC-02,SVC-05,2025-08-06,Completed,16,True,Client preference,,,,,4.8,83.3,False,True,False
APT-000112,REQ-000121,EMP-00123,LOC-08,SVC-02,2025-08-12,Completed,22,False,,,,,,5.0,92.5,False,True,False
APT-000114,REQ-000124,EMP-00064,LOC-10,SVC-01,2025-08-08,Completed,38,False,,,,,,4.3,79.1,False,True,False
APT-000116,REQ-000126,EMP-00043,LOC-04,SVC-09,2025-08-08,Completed,12,False,,,,,,3.6,75.2,False,True,False
APT-000117,REQ-000127,EMP-00129,LOC-06,SVC-02,2025-08-08,Completed,3,False,,,,,,3.9,84.6,False,False,False
APT-000118,REQ-000128,EMP-00014,LOC-03,SVC-01,2025-08-07,Completed,13,False,,,,,,4.9,78.5,False,True,False
APT-000119,REQ-000129,EMP-00022,LOC-08,SVC-05,2025-08-07,Completed,16,False,,,,,,4.6,65.5,False,True,False
APT-000121,REQ-000131,EMP-00098,LOC-02,SVC-04,2025-08-07,Completed,16,False,,,,,,5.0,100.0,False,True,True
APT-000123,REQ-000133,EMP-00065,LOC-07,SVC-01,2025-08-10,Completed,33,False,,,,,,,93.0,False,True,False
APT-000124,REQ-000134,EMP-00098,LOC-04,SVC-09,2025-08-07,Completed,21,False,,,,,,3.0,87.7,False,True,False
APT-000126,REQ-000137,EMP-00044,LOC-06,SVC-01,2025-08-09,Completed,8,False,,,,,,,72.1,False,True,False
APT-000127,REQ-000138,EMP-00043,LOC-02,SVC-06,2025-08-07,Completed,48,False,,,,,,4.3,87.4,False,True,False
APT-000128,REQ-000139,EMP-00062,LOC-09,SVC-01,2025-08-07,Completed,15,False,,,,,,4.0,88.4,False,True,False
APT-000131,REQ-000142,EMP-00091,LOC-01,SVC-01,2025-08-07,Completed,22,False,,,,,,3.6,100.0,False,True,False
APT-000137,REQ-000148,EMP-00102,LOC-02,SVC-03,2025-08-07,Completed,30,False,,,,,,5.0,76.1,False,True,False
APT-000143,REQ-000154,EMP-00128,LOC-04,SVC-01,2025-08-09,Completed,28,False,,,,,,4.3,87.6,False,False,False
APT-000146,REQ-000159,EMP-00136,LOC-06,SVC-07,2025-08-08,Completed,27,False,,,,,,3.2,86.6,False,False,False
APT-000149,REQ-000162,EMP-00035,LOC-03,SVC-02,2025-08-09,Completed,4,False,,,,,,3.6,68.8,False,True,False
APT-000150,REQ-000164,EMP-00054,LOC-01,SVC-05,2025-08-09,Completed,26,False,,,,,,4.9,66.6,False,True,False
APT-000156,REQ-000172,EMP-00128,LOC-01,SVC-04,2025-08-08,Completed,33,False,,,,,,4.6,76.2,False,True,False
APT-000158,REQ-000174,EMP-00061,LOC-06,SVC-09,2025-08-08,Completed,14,False,,,,,,4.6,80.3,False,False,True
APT-000164,REQ-000180,EMP-00089,LOC-07,SVC-03,2025-08-09,Completed,29,False,,,,,,3.9,94.6,True,True,False
APT-000165,REQ-000181,EMP-00067,LOC-07,SVC-09,2025-08-09,Completed,29,False,,,,,,4.1,73.4,False,True,True
APT-000166,REQ-000182,EMP-00063,LOC-10,SVC-05,2025-08-10,Completed,6,False,,,,,,3.2,84.8,False,True,False
APT-000169,REQ-000186,EMP-00123,LOC-05,SVC-02,2025-08-09,Completed,38,False,,,,,,3.5,77.3,False,True,False
APT-000170,REQ-000187,EMP-00068,LOC-09,SVC-03,2025-08-11,Completed,3,False,,,,,,5.0,88.5,False,True,False
APT-000171,REQ-000188,EMP-00117,LOC-03,SVC-04,2025-08-11,Completed,3,False,,,,,,4.2,84.1,False,True,False
APT-000173,REQ-000190,EMP-00084,LOC-09,SVC-05,2025-08-09,Completed,22,False,,,,,,4.1,77.2,False,True,False
APT-000174,REQ-000191,EMP-00105,LOC-05,SVC-04,2025-08-09,Completed,4,False,,,,,,3.0,96.7,False,True,False
APT-000175,REQ-000192,EMP-00110,LOC-01,SVC-01,2025-08-09,Completed,7,False,,,,,,4.5,66.8,False,True,False
APT-000176,REQ-000194,EMP-00056,LOC-10,SVC-03,2025-08-10,Completed,29,False,,,,,,4.2,84.8,False,True,False
APT-000177,REQ-000195,EMP-00119,LOC-09,SVC-04,2025-08-12,Completed,22,False,,,,,,4.4,100.0,False,True,False
APT-000179,REQ-000197,EMP-00004,LOC-01,SVC-01,2025-08-10,Completed,46,False,,,,,,,72.5,False,True,False
APT-000180,REQ-000198,EMP-00041,LOC-05,SVC-07,2025-08-11,Completed,24,False,,,,,,4.7,83.7,False,True,False
APT-000182,REQ-000200,EMP-00148,LOC-09,SVC-02,2025-08-11,Completed,28,False,,,,,,4.8,84.8,False,True,False
APT-000185,REQ-000203,EMP-00050,LOC-05,SVC-01,2025-08-11,Completed,13,False,,,,,,4.5,81.3,False,True,False
APT-000186,REQ-000204,EMP-00100,LOC-07,SVC-08,2025-08-11,Completed,43,True,Skill match unavailable,,,,,4.7,65.0,False,True,False
APT-000187,REQ-000205,EMP-00080,LOC-07,SVC-05,2025-08-13,Completed,24,False,,,,,,4.0,89.7,False,True,True
APT-000188,REQ-000206,EMP-00115,LOC-04,SVC-01,2025-08-11,Completed,22,True,Urgent reassignment,,,,,3.5,97.0,False,True,True
APT-000191,REQ-000209,EMP-00062,LOC-02,SVC-07,2025-08-12,Completed,29,True,Client preference,,,,,4.9,74.9,False,True,True
APT-000192,REQ-000210,EMP-00093,LOC-08,SVC-01,2025-08-12,Completed,17,True,Continuity of care,,,,,4.1,82.0,False,True,False
APT-000193,REQ-000211,EMP-00002,LOC-03,SVC-07,2025-08-11,Completed,57,False,,,,,,,82.2,False,True,False
APT-000195,REQ-000213,EMP-00067,LOC-10,SVC-01,2025-08-12,Completed,53,False,,,,,,4.5,87.7,False,False,False
APT-000196,REQ-000214,EMP-00138,LOC-01,SVC-01,2025-08-12,Completed,13,False,,,,,,4.5,77.9,False,True,False
APT-000197,REQ-000215,EMP-00065,LOC-02,SVC-01,2025-08-13,Completed,11,False,,,,,,5.0,75.7,False,True,True
APT-000199,REQ-000217,EMP-00037,LOC-03,SVC-05,2025-08-12,Completed,20,False,,,,,,4.0,76.5,False,True,False
APT-000200,REQ-000218,EMP-00090,LOC-10,SVC-01,2025-08-12,Completed,35,False,,,,,,3.9,73.2,True,True,False
APT-000201,REQ-000219,EMP-00041,LOC-04,SVC-08,2025-08-12,Completed,22,False,,,,,,3.2,89.6,False,True,True
APT-000202,REQ-000220,EMP-00089,LOC-03,SVC-06,2025-08-11,Completed,10,False,,,,,,4.0,66.3,False,True,False
APT-000203,REQ-000221,EMP-00041,LOC-01,SVC-06,2025-08-11,Completed,34,False,,,,,,3.2,90.3,False,True,False
APT-000204,REQ-000222,EMP-00110,LOC-09,SVC-01,2025-08-14,Completed,13,False,,,,,,4.5,94.5,False,True,False
APT-000210,REQ-000228,EMP-00051,LOC-05,SVC-07,2025-08-13,Completed,14,False,,,,,,4.7,89.0,False,True,False
APT-000211,REQ-000229,EMP-00148,LOC-06,SVC-05,2025-08-13,Completed,40,False,,,,,,,76.3,False,True,False
APT-000212,REQ-000230,EMP-00075,LOC-05,SVC-02,2025-08-13,Completed,27,False,,,,,,5.0,85.6,False,True,False
APT-000213,REQ-000231,EMP-00042,LOC-02,SVC-09,2025-08-14,Completed,3,False,,,,,,4.2,76.6,False,True,False
APT-000214,REQ-000232,EMP-00134,LOC-08,SVC-09,2025-08-14,Completed,22,False,,,,,,4.0,82.1,False,True,True
APT-000216,REQ-000234,EMP-00049,LOC-03,SVC-04,2025-08-12,Completed,28,False,,,,,,4.5,96.5,False,True,False
APT-000217,REQ-000235,EMP-00062,LOC-07,SVC-02,2025-08-17,Completed,10,False,,,,,,3.9,93.1,False,True,False
APT-000220,REQ-000238,EMP-00014,LOC-08,SVC-08,2025-08-12,Completed,28,False,,,,,,,76.9,False,True,False
APT-000221,REQ-000240,EMP-00025,LOC-10,SVC-01,2025-08-12,Completed,3,False,,,,,,4.5,84.0,False,True,True
APT-000222,REQ-000241,EMP-00068,LOC-07,SVC-02,2025-08-12,Completed,3,False,,,,,,,88.0,True,True,False
APT-000223,REQ-000243,EMP-00119,LOC-01,SVC-06,2025-08-13,Completed,21,False,,,,,,5.0,82.5,False,True,True
APT-000224,REQ-000244,EMP-00052,LOC-05,SVC-01,2025-08-12,Completed,36,False,,,,,,4.6,83.3,False,True,True
APT-000225,REQ-000245,EMP-00016,LOC-01,SVC-05,2025-08-12,Completed,19,False,,,,,,4.2,77.3,True,True,True
APT-000226,REQ-000246,EMP-00010,LOC-04,SVC-08,2025-08-13,Completed,31,False,,,,,,3.8,71.6,False,True,False
APT-000228,REQ-000248,EMP-00033,LOC-04,SVC-01,2025-08-12,Completed,10,False,,,,,,5.0,78.5,False,True,True
APT-000229,REQ-000249,EMP-00061,LOC-08,SVC-05,2025-08-13,Completed,41,False,,,,,,4.5,88.5,False,True,False
APT-000230,REQ-000250,EMP-00055,LOC-01,SVC-06,2025-08-12,Completed,6,False,,,,,,4.3,87.8,False,True,True
APT-000231,REQ-000251,EMP-00139,LOC-04,SVC-05,2025-08-13,Completed,24,False,,,,,,5.0,100.0,False,True,False
APT-000234,REQ-000254,EMP-00033,LOC-01,SVC-05,2025-08-13,Completed,56,False,,,,,,4.2,74.5,False,True,False
APT-000235,REQ-000255,EMP-00047,LOC-03,SVC-06,2025-08-13,Completed,48,False,,,,,,3.9,72.8,False,True,False
APT-000236,REQ-000256,EMP-00038,LOC-06,SVC-06,2025-08-13,Completed,26,False,,,,,,,82.1,False,True,True
APT-000242,REQ-000262,EMP-00138,LOC-01,SVC-09,2025-08-13,Completed,38,False,,,,,,3.7,81.8,False,True,False
APT-000245,REQ-000265,EMP-00018,LOC-02,SVC-08,2025-08-14,Completed,9,False,,,,,,3.8,65.5,False,True,False
APT-000246,REQ-000266,EMP-00010,LOC-08,SVC-03,2025-08-14,Completed,37,False,,,,,,3.4,71.7,False,True,False
APT-000247,REQ-000267,EMP-00084,LOC-03,SVC-01,2025-08-14,Completed,16,False,,,,,,4.7,100.0,False,True,False
APT-000248,REQ-000268,EMP-00134,LOC-01,SVC-05,2025-08-14,Completed,21,False,,,,,,,65.4,False,True,False
APT-000249,REQ-000269,EMP-00129,LOC-02,SVC-02,2025-08-15,Completed,28,False,,,,,,3.5,87.7,False,True,False
APT-000250,REQ-000270,EMP-00049,LOC-01,SVC-06,2025-08-15,Completed,30,False,,,,,,4.3,69.9,False,True,False
APT-000252,REQ-000273,EMP-00095,LOC-01,SVC-05,2025-08-16,Completed,4,False,,,,,,2.7,77.9,False,False,True
APT-000253,REQ-000274,EMP-00011,LOC-04,SVC-01,2025-08-14,Completed,35,False,,,,,,4.7,77.1,False,False,False
APT-000254,REQ-000275,EMP-00099,LOC-09,SVC-02,2025-08-14,Completed,36,False,,,,,,2.2,78.0,False,True,False
APT-000256,REQ-000278,EMP-00070,LOC-02,SVC-07,2025-08-14,Completed,23,False,,,,,,4.4,96.0,False,True,False
APT-000257,REQ-000279,EMP-00047,LOC-04,SVC-04,2025-08-14,Completed,28,False,,,,,,3.8,89.8,False,True,False
APT-000258,REQ-000280,EMP-00043,LOC-02,SVC-08,2025-08-14,Completed,21,False,,,,,,3.8,86.6,False,True,False
APT-000261,REQ-000283,EMP-00068,LOC-04,SVC-02,2025-08-14,Completed,23,False,,,,,,4.0,80.1,False,True,False
APT-000262,REQ-000284,EMP-00063,LOC-08,SVC-07,2025-08-15,Completed,19,False,,,,,,3.5,87.5,False,True,False
APT-000267,REQ-000290,EMP-00096,LOC-08,SVC-07,2025-08-17,Completed,31,False,,,,,,5.0,80.7,False,True,False
APT-000268,REQ-000291,EMP-00035,LOC-02,SVC-05,2025-08-15,Completed,15,False,,,,,,4.4,90.5,False,False,False
APT-000278,REQ-000302,EMP-00041,LOC-06,SVC-07,2025-08-16,Completed,8,False,,,,,,3.7,82.4,False,True,False
APT-000279,REQ-000305,EMP-00028,LOC-10,SVC-05,2025-08-17,Completed,26,False,,,,,,3.6,86.1,False,True,False
APT-000280,REQ-000306,EMP-00099,LOC-01,SVC-01,2025-08-15,Completed,24,False,,,,,,5.0,76.7,False,True,True
APT-000282,REQ-000308,EMP-00002,LOC-02,SVC-03,2025-08-17,Completed,19,False,,,,,,3.6,85.5,False,True,False
APT-000283,REQ-000309,EMP-00080,LOC-02,SVC-07,2025-08-16,Completed,43,False,,,,,,3.9,72.2,False,True,False
APT-000284,REQ-000310,EMP-00011,LOC-07,SVC-04,2025-08-16,Completed,21,False,,,,,,2.6,84.7,False,True,False
APT-000286,REQ-000313,EMP-00027,LOC-06,SVC-08,2025-08-15,Completed,25,False,,,,,,3.7,68.2,False,True,True
APT-000288,REQ-000316,EMP-00056,LOC-02,SVC-08,2025-08-15,Completed,17,False,,,,,,5.0,68.1,False,False,False
APT-000289,REQ-000317,EMP-00123,LOC-05,SVC-01,2025-08-15,Completed,19,False,,,,,,3.8,61.6,False,True,False
APT-000290,REQ-000318,EMP-00011,LOC-10,SVC-05,2025-08-15,Completed,60,False,,,,,,4.0,77.2,False,True,True
APT-000294,REQ-000323,EMP-00105,LOC-09,SVC-09,2025-08-19,Completed,32,False,,,,,,4.2,83.3,False,True,False
APT-000301,REQ-000330,EMP-00075,LOC-04,SVC-09,2025-08-17,Completed,31,False,,,,,,4.3,76.1,False,True,False
APT-000303,REQ-000332,EMP-00141,LOC-09,SVC-05,2025-08-17,Completed,11,False,,,,,,5.0,78.6,False,True,False
APT-000304,REQ-000333,EMP-00006,LOC-08,SVC-01,2025-08-16,Completed,31,False,,,,,,4.5,85.4,True,True,True
APT-000305,REQ-000334,EMP-00038,LOC-08,SVC-07,2025-08-16,Completed,49,False,,,,,,3.0,62.4,False,False,True
APT-000307,REQ-000336,EMP-00062,LOC-02,SVC-03,2025-08-17,Completed,12,False,,,,,,4.7,75.7,False,False,False
APT-000309,REQ-000338,EMP-00032,LOC-04,SVC-01,2025-08-18,Completed,3,False,,,,,,5.0,72.2,False,True,False
APT-000310,REQ-000339,EMP-00142,LOC-08,SVC-02,2025-08-17,Completed,20,False,,,,,,4.1,71.4,False,True,False
APT-000311,REQ-000340,EMP-00035,LOC-09,SVC-01,2025-08-17,Completed,29,False,,,,,,2.7,67.4,False,True,False
APT-000312,REQ-000341,EMP-00042,LOC-04,SVC-04,2025-08-17,Completed,3,False,,,,,,4.4,91.4,False,True,True
APT-000314,REQ-000344,EMP-00058,LOC-04,SVC-07,2025-08-17,Completed,26,False,,,,,,4.2,58.9,False,True,False
APT-000315,REQ-000345,EMP-00137,LOC-10,SVC-04,2025-08-19,Completed,58,True,Client preference,,,,,4.4,81.1,False,True,False
APT-000318,REQ-000348,EMP-00094,LOC-08,SVC-05,2025-08-18,Completed,35,False,,,,,,3.5,76.3,False,False,True
APT-000324,REQ-000355,EMP-00143,LOC-04,SVC-08,2025-08-18,Completed,30,False,,,,,,3.2,69.9,False,False,False
APT-000326,REQ-000358,EMP-00023,LOC-04,SVC-09,2025-08-20,Completed,15,False,,,,,,3.3,75.7,False,True,False
APT-000327,REQ-000360,EMP-00040,LOC-04,SVC-08,2025-08-18,Completed,4,False,,,,,,4.1,73.3,False,True,False
APT-000328,REQ-000361,EMP-00054,LOC-02,SVC-05,2025-08-19,Completed,39,False,,,,,,4.4,79.3,False,True,True
APT-000329,REQ-000362,EMP-00058,LOC-10,SVC-02,2025-08-19,Completed,34,True,Urgent reassignment,,,,,5.0,88.4,False,True,False
APT-000330,REQ-000363,EMP-00056,LOC-01,SVC-08,2025-08-18,Completed,30,False,,,,,,4.1,73.3,False,True,True
APT-000331,REQ-000364,EMP-00021,LOC-03,SVC-01,2025-08-19,Completed,18,False,,,,,,5.0,83.9,False,True,False
APT-000333,REQ-000366,EMP-00037,LOC-08,SVC-01,2025-08-20,Completed,12,False,,,,,,4.2,69.6,False,True,False
APT-000334,REQ-000367,EMP-00054,LOC-06,SVC-05,2025-08-18,Completed,23,False,,,,,,4.6,83.1,False,True,False
APT-000336,REQ-000369,EMP-00090,LOC-10,SVC-01,2025-08-19,Completed,14,False,,,,,,4.3,70.5,False,True,False
APT-000337,REQ-000370,EMP-00075,LOC-05,SVC-01,2025-08-19,Completed,17,False,,,,,,4.0,68.8,False,True,False
APT-000338,REQ-000371,EMP-00041,LOC-03,SVC-07,2025-08-19,Completed,30,False,,,,,,3.6,78.8,False,True,False
APT-000339,REQ-000372,EMP-00054,LOC-09,SVC-06,2025-08-19,Completed,26,False,,,,,,4.0,75.7,False,True,True
APT-000340,REQ-000373,EMP-00032,LOC-08,SVC-03,2025-08-20,Completed,3,False,,,,,,3.5,79.6,False,True,True
APT-000341,REQ-000374,EMP-00128,LOC-05,SVC-09,2025-08-18,Completed,26,False,,,,,,3.7,72.4,False,False,False
APT-000344,REQ-000378,EMP-00013,LOC-09,SVC-09,2025-08-21,Completed,9,False,,,,,,4.6,82.7,False,True,False
APT-000345,REQ-000379,EMP-00047,LOC-01,SVC-03,2025-08-19,Completed,27,False,,,,,,4.2,86.4,False,True,False
APT-000346,REQ-000381,EMP-00035,LOC-03,SVC-01,2025-08-21,Completed,35,False,,,,,,4.6,79.8,False,False,False
APT-000348,REQ-000383,EMP-00143,LOC-02,SVC-04,2025-08-20,Completed,3,False,,,,,,4.5,90.7,False,True,False
APT-000349,REQ-000384,EMP-00055,LOC-09,SVC-03,2025-08-20,Completed,16,False,,,,,,3.9,84.2,False,True,False
APT-000350,REQ-000387,EMP-00121,LOC-03,SVC-01,2025-08-20,Completed,14,False,,,,,,4.2,76.7,False,True,False
APT-000351,REQ-000388,EMP-00037,LOC-10,SVC-09,2025-08-19,Completed,19,False,,,,,,4.6,92.0,False,True,False
APT-000352,REQ-000389,EMP-00056,LOC-02,SVC-03,2025-08-20,Completed,33,True,Client preference,,,,,4.2,86.5,False,False,False
APT-000353,REQ-000390,EMP-00021,LOC-04,SVC-07,2025-08-19,Completed,7,False,,,,,,5.0,76.8,False,True,False
APT-000354,REQ-000391,EMP-00064,LOC-10,SVC-02,2025-08-19,Completed,16,False,,,,,,4.0,89.4,False,True,False
APT-000357,REQ-000395,EMP-00031,LOC-02,SVC-07,2025-08-19,Completed,11,False,,,,,,3.8,88.2,False,True,False
APT-000358,REQ-000396,EMP-00052,LOC-01,SVC-01,2025-08-20,Completed,20,False,,,,,,4.4,72.4,False,True,False
APT-000361,REQ-000399,EMP-00119,LOC-09,SVC-07,2025-08-21,Completed,18,False,,,,,,5.0,86.7,False,True,False
APT-000363,REQ-000401,EMP-00032,LOC-04,SVC-05,2025-08-21,Completed,34,True,Urgent reassignment,,,,,2.9,81.6,False,True,False
APT-000364,REQ-000402,EMP-00075,LOC-06,SVC-01,2025-08-20,Completed,18,False,,,,,,4.8,77.3,False,False,False
APT-000365,REQ-000403,EMP-00121,LOC-08,SVC-01,2025-08-20,Completed,37,False,,,,,,4.9,72.2,False,True,False
APT-000366,REQ-000404,EMP-00148,LOC-10,SVC-06,2025-08-20,Completed,3,False,,,,,,,87.3,False,True,True
APT-000370,REQ-000408,EMP-00121,LOC-02,SVC-07,2025-08-21,Completed,16,False,,,,,,4.6,100.0,False,True,True
APT-000371,REQ-000409,EMP-00138,LOC-03,SVC-05,2025-08-21,Completed,16,False,,,,,,3.8,82.8,False,True,False
APT-000372,REQ-000410,EMP-00079,LOC-02,SVC-07,2025-08-20,Completed,24,False,,,,,,4.4,86.8,False,True,False
APT-000373,REQ-000411,EMP-00028,LOC-07,SVC-07,2025-08-22,Completed,22,False,,,,,,3.1,81.8,False,True,False
APT-000374,REQ-000413,EMP-00137,LOC-01,SVC-04,2025-08-22,Completed,25,False,,,,,,3.4,77.2,False,True,False
APT-000375,REQ-000414,EMP-00129,LOC-05,SVC-05,2025-08-21,Completed,28,False,,,,,,4.6,93.3,False,True,False
APT-000377,REQ-000416,EMP-00098,LOC-07,SVC-03,2025-08-21,Completed,25,False,,,,,,5.0,93.3,False,True,False
APT-000378,REQ-000417,EMP-00139,LOC-07,SVC-03,2025-08-26,Completed,10,False,,,,,,4.9,90.7,False,True,False
APT-000379,REQ-000418,EMP-00131,LOC-09,SVC-06,2025-08-21,Completed,20,False,,,,,,3.8,73.2,False,True,False
APT-000382,REQ-000421,EMP-00067,LOC-07,SVC-01,2025-08-21,Completed,50,False,,,,,,2.8,70.4,False,True,False
APT-000383,REQ-000422,EMP-00060,LOC-03,SVC-01,2025-08-20,Completed,20,False,,,,,,4.2,76.9,False,True,False
APT-000384,REQ-000423,EMP-00027,LOC-01,SVC-06,2025-08-20,Completed,30,False,,,,,,5.0,93.7,False,True,False
APT-000386,REQ-000425,EMP-00091,LOC-03,SVC-01,2025-08-21,Completed,23,False,,,,,,4.4,82.7,True,True,False
APT-000388,REQ-000427,EMP-00049,LOC-08,SVC-08,2025-08-23,Completed,42,False,,,,,,4.4,79.1,False,True,True
APT-000389,REQ-000428,EMP-00143,LOC-07,SVC-01,2025-08-21,Completed,30,False,,,,,,4.0,100.0,False,True,False
APT-000390,REQ-000429,EMP-00117,LOC-10,SVC-04,2025-08-22,Completed,21,False,,,,,,2.7,83.1,False,True,False
APT-000394,REQ-000433,EMP-00023,LOC-02,SVC-07,2025-08-21,Completed,21,True,Client preference,,,,,5.0,96.7,False,True,False
APT-000396,REQ-000435,EMP-00051,LOC-08,SVC-05,2025-08-21,Completed,18,False,,,,,,3.8,90.5,False,True,False
APT-000398,REQ-000437,EMP-00070,LOC-06,SVC-06,2025-08-21,Completed,52,False,,,,,,,77.4,False,False,False
APT-000400,REQ-000439,EMP-00148,LOC-09,SVC-06,2025-08-21,Completed,27,False,,,,,,4.7,81.1,False,True,False
APT-000401,REQ-000440,EMP-00103,LOC-09,SVC-09,2025-08-21,Completed,18,False,,,,,,3.9,73.6,False,True,False
APT-000402,REQ-000441,EMP-00013,LOC-03,SVC-05,2025-08-23,Completed,23,False,,,,,,4.1,86.1,False,True,False
APT-000403,REQ-000442,EMP-00015,LOC-03,SVC-05,2025-08-23,Completed,30,False,,,,,,4.0,87.9,False,True,False
APT-000404,REQ-000444,EMP-00016,LOC-06,SVC-03,2025-08-22,Completed,38,False,,,,,,4.0,73.3,False,True,False
APT-000408,REQ-000450,EMP-00049,LOC-08,SVC-05,2025-08-21,Completed,16,False,,,,,,3.2,92.9,False,True,False
APT-000412,REQ-000454,EMP-00139,LOC-10,SVC-07,2025-08-23,Completed,30,False,,,,,,4.8,85.2,False,True,False
APT-000417,REQ-000459,EMP-00060,LOC-04,SVC-01,2025-08-22,Completed,47,False,,,,,,4.8,96.5,False,True,False
APT-000418,REQ-000460,EMP-00060,LOC-01,SVC-04,2025-08-23,Completed,14,False,,,,,,3.6,77.7,False,True,False
APT-000420,REQ-000462,EMP-00050,LOC-07,SVC-07,2025-08-23,Completed,29,False,,,,,,4.2,71.0,False,False,False
APT-000422,REQ-000465,EMP-00124,LOC-06,SVC-07,2025-08-23,Completed,29,False,,,,,,4.2,85.7,False,True,False
APT-000423,REQ-000466,EMP-00028,LOC-07,SVC-02,2025-08-23,Completed,25,False,,,,,,4.4,98.0,False,True,True
APT-000424,REQ-000467,EMP-00032,LOC-10,SVC-01,2025-08-23,Completed,32,False,,,,,,3.7,78.7,False,True,True
APT-000425,REQ-000468,EMP-00015,LOC-05,SVC-01,2025-08-24,Completed,33,False,,,,,,4.6,72.5,False,False,False
APT-000427,REQ-000470,EMP-00036,LOC-02,SVC-08,2025-08-23,Completed,31,False,,,,,,,88.1,False,True,False
APT-000428,REQ-000471,EMP-00049,LOC-03,SVC-01,2025-08-22,Completed,21,False,,,,,,4.7,77.1,False,True,True
APT-000429,REQ-000472,EMP-00031,LOC-02,SVC-01,2025-08-22,Completed,32,False,,,,,,4.0,81.2,False,True,True
APT-000430,REQ-000473,EMP-00067,LOC-10,SVC-03,2025-08-22,Completed,19,False,,,,,,4.2,92.1,False,False,False
APT-000431,REQ-000474,EMP-00037,LOC-10,SVC-02,2025-08-22,Completed,3,False,,,,,,3.7,80.5,False,True,False
APT-000433,REQ-000476,EMP-00057,LOC-09,SVC-06,2025-08-24,Completed,11,False,,,,,,4.8,79.7,False,True,False
APT-000434,REQ-000477,EMP-00089,LOC-07,SVC-07,2025-08-26,Completed,15,False,,,,,,4.1,95.1,False,True,False
APT-000435,REQ-000478,EMP-00065,LOC-02,SVC-07,2025-08-24,Completed,8,False,,,,,,4.7,83.0,False,True,False
APT-000436,REQ-000480,EMP-00011,LOC-03,SVC-07,2025-08-24,Completed,34,False,,,,,,5.0,64.6,False,True,False
APT-000437,REQ-000481,EMP-00117,LOC-10,SVC-02,2025-08-23,Completed,17,False,,,,,,5.0,82.0,False,True,True
APT-000438,REQ-000482,EMP-00041,LOC-09,SVC-03,2025-08-25,Completed,22,False,,,,,,3.9,87.2,False,True,False
APT-000439,REQ-000483,EMP-00095,LOC-10,SVC-08,2025-08-24,Completed,14,False,,,,,,4.6,84.6,False,True,False
APT-000440,REQ-000484,EMP-00092,LOC-04,SVC-09,2025-08-24,Completed,3,False,,,,,,4.6,95.3,False,True,False
APT-000441,REQ-000485,EMP-00038,LOC-02,SVC-06,2025-08-23,Completed,22,False,,,,,,4.4,57.9,False,True,False
APT-000443,REQ-000487,EMP-00095,LOC-03,SVC-02,2025-08-25,Completed,24,False,,,,,,3.6,89.3,False,True,False
APT-000444,REQ-000489,EMP-00122,LOC-04,SVC-07,2025-08-26,Completed,25,False,,,,,,4.8,100.0,False,True,False
APT-000445,REQ-000490,EMP-00100,LOC-02,SVC-07,2025-08-26,Completed,15,False,,,,,,5.0,89.2,False,True,False
APT-000447,REQ-000492,EMP-00054,LOC-02,SVC-03,2025-08-25,Completed,18,False,,,,,,5.0,85.2,False,True,False
APT-000449,REQ-000494,EMP-00143,LOC-06,SVC-07,2025-08-25,Completed,24,False,,,,,,4.3,78.4,False,True,True
APT-000450,REQ-000495,EMP-00067,LOC-03,SVC-08,2025-08-24,Completed,26,True,Client preference,,,,,3.7,81.3,False,True,False
APT-000451,REQ-000496,EMP-00006,LOC-03,SVC-09,2025-08-24,Completed,26,False,,,,,,4.5,89.6,False,False,False
APT-000454,REQ-000499,EMP-00002,LOC-03,SVC-06,2025-08-25,Completed,10,False,,,,,,4.1,87.3,False,True,True
APT-000459,REQ-000504,EMP-00039,LOC-08,SVC-08,2025-08-26,Completed,7,False,,,,,,4.0,88.0,False,True,True
APT-000461,REQ-000506,EMP-00115,LOC-09,SVC-06,2025-08-26,Completed,51,False,,,,,,3.7,72.4,False,True,False
APT-000462,REQ-000507,EMP-00143,LOC-04,SVC-01,2025-08-26,Completed,12,False,,,,,,3.1,86.9,False,True,False
APT-000464,REQ-000509,EMP-00005,LOC-05,SVC-02,2025-08-26,Completed,33,False,,,,,,4.4,86.6,False,True,False
APT-000465,REQ-000510,EMP-00039,LOC-06,SVC-09,2025-08-25,Completed,48,False,,,,,,3.4,92.8,False,True,True
APT-000466,REQ-000511,EMP-00030,LOC-09,SVC-09,2025-08-26,Completed,45,False,,,,,,3.8,65.5,False,True,True
APT-000467,REQ-000512,EMP-00118,LOC-07,SVC-05,2025-08-25,Completed,26,False,,,,,,,70.4,False,True,False
APT-000468,REQ-000513,EMP-00040,LOC-02,SVC-05,2025-08-27,Completed,41,False,,,,,,4.3,71.4,False,True,False
APT-000469,REQ-000514,EMP-00106,LOC-06,SVC-01,2025-08-25,Completed,3,False,,,,,,4.9,72.3,False,True,False
APT-000472,REQ-000517,EMP-00119,LOC-05,SVC-07,2025-08-25,Completed,21,False,,,,,,3.8,84.4,False,True,False
APT-000473,REQ-000518,EMP-00122,LOC-03,SVC-04,2025-08-25,Completed,37,False,,,,,,4.1,72.7,True,True,False
APT-000475,REQ-000520,EMP-00106,LOC-03,SVC-02,2025-08-25,Completed,23,False,,,,,,4.0,74.3,False,True,False
APT-000476,REQ-000521,EMP-00092,LOC-02,SVC-06,2025-08-26,Completed,23,False,,,,,,4.5,98.8,False,True,False
APT-000477,REQ-000522,EMP-00040,LOC-02,SVC-02,2025-08-26,Completed,37,False,,,,,,4.1,74.0,False,True,False
APT-000478,REQ-000523,EMP-00030,LOC-02,SVC-01,2025-08-25,Completed,33,False,,,,,,3.7,70.4,False,False,False
APT-000479,REQ-000524,EMP-00011,LOC-05,SVC-07,2025-08-26,Completed,13,False,,,,,,3.1,75.0,False,True,False
APT-000480,REQ-000525,EMP-00065,LOC-06,SVC-07,2025-08-26,Completed,18,False,,,,,,4.0,81.8,False,False,False
APT-000481,REQ-000526,EMP-00131,LOC-05,SVC-02,2025-08-25,Completed,25,False,,,,,,3.9,79.8,False,True,False
APT-000482,REQ-000527,EMP-00030,LOC-09,SVC-02,2025-08-26,Completed,24,False,,,,,,4.9,89.8,False,True,True
APT-000485,REQ-000530,EMP-00089,LOC-06,SVC-05,2025-08-26,Completed,3,False,,,,,,4.7,81.2,False,False,False
APT-000486,REQ-000531,EMP-00113,LOC-06,SVC-01,2025-08-27,Completed,19,False,,,,,,3.1,84.8,False,True,False
APT-000488,REQ-000534,EMP-00018,LOC-04,SVC-04,2025-08-26,Completed,9,False,,,,,,4.6,100.0,False,True,False
APT-000491,REQ-000537,EMP-00052,LOC-08,SVC-05,2025-08-27,Completed,21,False,,,,,,3.5,88.8,False,True,True
APT-000492,REQ-000538,EMP-00070,LOC-09,SVC-03,2025-08-27,Completed,21,False,,,,,,4.6,88.2,False,True,False
APT-000496,REQ-000542,EMP-00103,LOC-02,SVC-04,2025-08-26,Completed,25,False,,,,,,4.9,78.0,False,True,False
APT-000497,REQ-000543,EMP-00036,LOC-01,SVC-04,2025-08-27,Completed,22,False,,,,,,4.9,77.7,False,True,False
APT-000498,REQ-000544,EMP-00014,LOC-01,SVC-03,2025-08-28,Completed,6,False,,,,,,3.7,72.1,False,True,True
APT-000499,REQ-000545,EMP-00032,LOC-01,SVC-02,2025-08-26,Completed,25,False,,,,,,4.6,89.4,False,False,False
APT-000500,REQ-000546,EMP-00035,LOC-10,SVC-01,2025-08-28,Completed,46,False,,,,,,4.1,85.6,False,True,False
APT-000501,REQ-000547,EMP-00148,LOC-04,SVC-02,2025-08-28,Completed,13,False,,,,,,3.9,71.9,False,True,False
APT-000502,REQ-000548,EMP-00148,LOC-04,SVC-01,2025-08-26,Completed,43,False,,,,,,,86.5,False,True,True
APT-000503,REQ-000549,EMP-00142,LOC-10,SVC-01,2025-08-27,Completed,15,False,,,,,,2.8,100.0,False,True,False
APT-000504,REQ-000550,EMP-00038,LOC-07,SVC-01,2025-08-28,Completed,30,False,,,,,,5.0,100.0,False,True,False
APT-000505,REQ-000551,EMP-00067,LOC-03,SVC-08,2025-08-27,Completed,38,False,,,,,,3.5,82.4,False,True,False
APT-000506,REQ-000552,EMP-00134,LOC-06,SVC-08,2025-08-28,Completed,3,False,,,,,,4.1,84.7,False,False,False
APT-000509,REQ-000555,EMP-00119,LOC-05,SVC-01,2025-08-27,Completed,17,False,,,,,,4.5,88.1,False,False,False
APT-000512,REQ-000558,EMP-00083,LOC-04,SVC-08,2025-08-28,Completed,58,False,,,,,,3.6,83.8,False,True,False
APT-000515,REQ-000561,EMP-00110,LOC-07,SVC-03,2025-08-28,Completed,15,False,,,,,,3.9,80.6,False,True,False
APT-000516,REQ-000563,EMP-00066,LOC-06,SVC-07,2025-08-30,Completed,26,False,,,,,,,81.2,False,True,True
APT-000517,REQ-000564,EMP-00090,LOC-07,SVC-03,2025-08-29,Completed,39,False,,,,,,4.3,73.7,False,True,False
APT-000518,REQ-000565,EMP-00032,LOC-10,SVC-05,2025-08-27,Completed,26,False,,,,,,3.4,72.0,False,True,False
APT-000519,REQ-000566,EMP-00032,LOC-10,SVC-06,2025-08-28,Completed,18,False,,,,,,3.9,77.3,False,True,False
APT-000520,REQ-000567,EMP-00126,LOC-05,SVC-01,2025-08-27,Completed,14,False,,,,,,4.2,90.0,False,True,True
APT-000522,REQ-000569,EMP-00005,LOC-07,SVC-01,2025-08-27,Completed,3,False,,,,,,4.8,72.3,False,True,False
APT-000523,REQ-000570,EMP-00138,LOC-10,SVC-01,2025-08-28,Completed,37,False,,,,,,4.8,75.8,False,True,False
APT-000524,REQ-000571,EMP-00021,LOC-08,SVC-07,2025-08-30,Completed,21,False,,,,,,5.0,74.5,False,False,False
APT-000525,REQ-000572,EMP-00021,LOC-07,SVC-07,2025-08-30,Completed,3,False,,,,,,4.3,80.5,False,True,False
APT-000526,REQ-000573,EMP-00006,LOC-01,SVC-02,2025-08-27,Completed,5,False,,,,,,4.3,89.0,False,True,False
APT-000527,REQ-000574,EMP-00041,LOC-03,SVC-08,2025-08-28,Completed,14,False,,,,,,4.0,88.2,False,True,True
APT-000528,REQ-000575,EMP-00103,LOC-03,SVC-08,2025-08-27,Completed,12,False,,,,,,,81.9,False,True,False
APT-000529,REQ-000576,EMP-00010,LOC-08,SVC-06,2025-08-28,Completed,12,False,,,,,,4.0,79.9,False,False,False
APT-000532,REQ-000579,EMP-00033,LOC-09,SVC-09,2025-08-28,Completed,46,False,,,,,,4.0,95.6,False,True,False
APT-000533,REQ-000580,EMP-00047,LOC-04,SVC-01,2025-08-28,Completed,21,False,,,,,,3.8,84.4,False,True,True
APT-000534,REQ-000581,EMP-00042,LOC-10,SVC-05,2025-08-28,Completed,10,False,,,,,,4.9,93.2,False,False,True
APT-000535,REQ-000582,EMP-00093,LOC-02,SVC-07,2025-08-28,Completed,36,False,,,,,,4.5,74.7,False,False,False
APT-000536,REQ-000583,EMP-00148,LOC-01,SVC-04,2025-08-28,Completed,25,False,,,,,,4.1,76.8,False,False,False
APT-000537,REQ-000584,EMP-00044,LOC-10,SVC-01,2025-08-28,Completed,25,False,,,,,,4.1,81.2,False,True,False
APT-000538,REQ-000585,EMP-00064,LOC-07,SVC-07,2025-08-28,Completed,26,False,,,,,,3.0,74.2,False,True,False
APT-000539,REQ-000586,EMP-00099,LOC-08,SVC-09,2025-08-28,Completed,26,False,,,,,,3.9,60.4,False,True,True
APT-000540,REQ-000587,EMP-00002,LOC-05,SVC-02,2025-08-28,Completed,26,False,,,,,,3.9,77.8,False,True,False
APT-000544,REQ-000591,EMP-00052,LOC-09,SVC-08,2025-08-28,Completed,30,False,,,,,,4.6,87.3,False,True,False
APT-000545,REQ-000592,EMP-00051,LOC-08,SVC-05,2025-08-29,Completed,3,False,,,,,,4.4,85.5,False,True,True
APT-000546,REQ-000593,EMP-00085,LOC-06,SVC-07,2025-08-30,Completed,11,False,,,,,,4.6,87.4,False,True,False
APT-000550,REQ-000597,EMP-00139,LOC-09,SVC-06,2025-08-28,Completed,27,True,Urgent reassignment,,,,,5.0,69.0,False,False,False
APT-000551,REQ-000598,EMP-00008,LOC-05,SVC-06,2025-08-28,Completed,39,False,,,,,,,73.1,False,False,False
APT-000552,REQ-000599,EMP-00100,LOC-09,SVC-01,2025-08-30,Completed,46,False,,,,,,3.4,68.1,False,True,True
APT-000554,REQ-000602,EMP-00139,LOC-01,SVC-05,2025-08-30,Completed,21,False,,,,,,4.0,82.9,False,True,False
APT-000557,REQ-000605,EMP-00027,LOC-08,SVC-07,2025-08-29,Completed,16,False,,,,,,4.9,64.7,False,True,False
APT-000559,REQ-000607,EMP-00024,LOC-03,SVC-01,2025-08-28,Completed,4,False,,,,,,4.5,80.9,False,True,False
APT-000561,REQ-000609,EMP-00100,LOC-10,SVC-01,2025-08-31,Completed,50,False,,,,,,,60.3,False,True,False
APT-000566,REQ-000614,EMP-00133,LOC-09,SVC-01,2025-08-31,Completed,3,False,,,,,,3.6,79.6,False,True,False
APT-000568,REQ-000616,EMP-00052,LOC-01,SVC-04,2025-08-29,Completed,10,False,,,,,,4.8,81.3,False,True,False
APT-000570,REQ-000618,EMP-00124,LOC-01,SVC-05,2025-08-30,Completed,3,False,,,,,,2.6,100.0,False,True,False
APT-000571,REQ-000619,EMP-00112,LOC-07,SVC-02,2025-08-30,Completed,3,True,Continuity of care,,,,,3.8,74.4,False,True,False
APT-000573,REQ-000621,EMP-00050,LOC-10,SVC-08,2025-08-29,Completed,34,False,,,,,,3.8,100.0,False,True,False
APT-000574,REQ-000622,EMP-00069,LOC-01,SVC-02,2025-08-30,Completed,37,False,,,,,,,82.3,False,True,False
APT-000576,REQ-000624,EMP-00124,LOC-05,SVC-07,2025-08-30,Completed,25,False,,,,,,3.4,79.4,False,True,True
APT-000578,REQ-000626,EMP-00150,LOC-08,SVC-03,2025-08-31,Completed,3,False,,,,,,4.3,75.7,False,True,False
APT-000579,REQ-000627,EMP-00093,LOC-09,SVC-06,2025-08-29,Completed,18,False,,,,,,4.4,89.7,False,True,False
APT-000580,REQ-000628,EMP-00123,LOC-03,SVC-04,2025-08-30,Completed,26,False,,,,,,4.6,62.6,False,True,False
APT-000581,REQ-000629,EMP-00005,LOC-01,SVC-02,2025-08-30,Completed,21,False,,,,,,,70.6,False,True,False
APT-000582,REQ-000630,EMP-00063,LOC-02,SVC-01,2025-09-01,Completed,26,False,,,,,,2.4,83.4,False,True,False
APT-000583,REQ-000631,EMP-00103,LOC-07,SVC-01,2025-08-30,Completed,33,False,,,,,,3.3,76.5,True,True,False
APT-000584,REQ-000632,EMP-00095,LOC-02,SVC-04,2025-08-31,Completed,3,False,,,,,,4.3,80.2,False,True,False
APT-000585,REQ-000633,EMP-00024,LOC-06,SVC-04,2025-09-01,Completed,38,False,,,,,,,90.3,False,True,False
APT-000586,REQ-000634,EMP-00030,LOC-02,SVC-08,2025-08-30,Completed,27,False,,,,,,4.6,92.3,False,True,False
APT-000587,REQ-000635,EMP-00042,LOC-10,SVC-03,2025-08-30,Completed,38,False,,,,,,3.8,72.8,False,True,False
APT-000588,REQ-000636,EMP-00085,LOC-02,SVC-02,2025-08-31,Completed,27,False,,,,,,,87.8,False,True,True
APT-000589,REQ-000637,EMP-00150,LOC-04,SVC-02,2025-09-02,Completed,26,False,,,,,,3.4,56.9,False,True,False
APT-000590,REQ-000638,EMP-00049,LOC-08,SVC-02,2025-08-30,Completed,15,False,,,,,,,85.2,True,True,False
APT-000591,REQ-000640,EMP-00027,LOC-05,SVC-03,2025-08-31,Completed,18,False,,,,,,3.6,74.8,False,True,False
APT-000592,REQ-000641,EMP-00052,LOC-06,SVC-07,2025-09-01,Completed,27,False,,,,,,3.3,73.7,False,True,False
APT-000593,REQ-000642,EMP-00102,LOC-09,SVC-04,2025-08-31,Completed,8,False,,,,,,,98.3,False,True,False
APT-000595,REQ-000644,EMP-00094,LOC-03,SVC-07,2025-09-01,Completed,21,False,,,,,,5.0,77.8,False,True,False
APT-000596,REQ-000646,EMP-00105,LOC-07,SVC-05,2025-09-01,Completed,26,False,,,,,,3.3,76.7,False,False,False
APT-000597,REQ-000647,EMP-00098,LOC-02,SVC-01,2025-09-01,Completed,28,False,,,,,,,67.0,False,True,True
APT-000598,REQ-000648,EMP-00100,LOC-08,SVC-05,2025-09-02,Completed,54,False,,,,,,3.7,89.2,False,False,False
APT-000599,REQ-000649,EMP-00043,LOC-07,SVC-07,2025-09-01,Completed,46,True,Urgent reassignment,,,,,3.4,82.2,False,True,False
APT-000600,REQ-000650,EMP-00115,LOC-06,SVC-02,2025-09-02,Completed,23,False,,,,,,4.3,83.5,False,True,False
APT-000602,REQ-000652,EMP-00094,LOC-01,SVC-08,2025-09-03,Completed,22,False,,,,,,5.0,88.1,False,True,True
APT-000603,REQ-000653,EMP-00032,LOC-04,SVC-05,2025-09-04,Completed,19,False,,,,,,4.4,67.8,False,True,False
APT-000605,REQ-000656,EMP-00141,LOC-01,SVC-01,2025-09-02,Completed,5,False,,,,,,3.5,83.5,False,True,True
APT-000606,REQ-000657,EMP-00121,LOC-07,SVC-01,2025-09-02,Completed,50,False,,,,,,3.6,94.6,False,True,False
APT-000610,REQ-000661,EMP-00058,LOC-03,SVC-07,2025-09-02,Completed,27,False,,,,,,,99.1,False,True,False
APT-000611,REQ-000662,EMP-00013,LOC-06,SVC-07,2025-09-02,Completed,37,False,,,,,,3.6,67.3,False,True,False
APT-000612,REQ-000663,EMP-00129,LOC-03,SVC-07,2025-09-03,Completed,31,False,,,,,,4.4,86.0,False,True,False
APT-000613,REQ-000664,EMP-00129,LOC-03,SVC-02,2025-09-01,Completed,25,False,,,,,,3.8,72.6,False,False,False
APT-000614,REQ-000665,EMP-00150,LOC-07,SVC-02,2025-09-02,Completed,39,False,,,,,,3.1,85.0,False,False,False
APT-000615,REQ-000666,EMP-00092,LOC-05,SVC-02,2025-09-02,Completed,25,False,,,,,,4.3,90.7,False,True,False
APT-000616,REQ-000667,EMP-00070,LOC-06,SVC-07,2025-09-02,Completed,22,False,,,,,,3.3,75.5,False,True,False
APT-000618,REQ-000669,EMP-00106,LOC-02,SVC-01,2025-09-04,Completed,8,False,,,,,,5.0,84.1,False,True,True
APT-000620,REQ-000671,EMP-00038,LOC-02,SVC-04,2025-09-02,Completed,29,False,,,,,,4.6,74.1,False,True,False
APT-000621,REQ-000672,EMP-00016,LOC-03,SVC-05,2025-09-02,Completed,21,False,,,,,,4.4,91.1,False,False,False
APT-000622,REQ-000673,EMP-00120,LOC-08,SVC-07,2025-09-02,Completed,17,False,,,,,,3.4,81.9,False,True,False
APT-000624,REQ-000675,EMP-00133,LOC-02,SVC-05,2025-09-02,Completed,26,False,,,,,,4.0,68.0,False,False,False
APT-000625,REQ-000676,EMP-00063,LOC-07,SVC-01,2025-09-02,Completed,65,False,,,,,,4.5,84.3,False,True,True
APT-000626,REQ-000677,EMP-00025,LOC-05,SVC-05,2025-09-02,Completed,29,False,,,,,,3.9,80.7,False,True,False
APT-000629,REQ-000680,EMP-00141,LOC-07,SVC-01,2025-09-04,Completed,34,False,,,,,,3.1,74.4,False,True,True
APT-000631,REQ-000682,EMP-00037,LOC-06,SVC-01,2025-09-02,Completed,43,False,,,,,,3.9,93.3,False,True,False
APT-000632,REQ-000683,EMP-00094,LOC-06,SVC-07,2025-09-06,Completed,33,False,,,,,,4.1,71.9,False,True,False
APT-000633,REQ-000684,EMP-00099,LOC-09,SVC-01,2025-09-03,Completed,17,False,,,,,,5.0,78.1,False,True,True
APT-000635,REQ-000686,EMP-00032,LOC-05,SVC-05,2025-09-05,Completed,16,True,Client preference,,,,,4.6,77.0,False,True,False
APT-000636,REQ-000687,EMP-00112,LOC-07,SVC-01,2025-09-03,Completed,41,False,,,,,,4.1,75.4,False,True,False
APT-000637,REQ-000688,EMP-00134,LOC-04,SVC-01,2025-09-04,Completed,23,False,,,,,,4.0,76.3,False,True,False
APT-000638,REQ-000689,EMP-00002,LOC-07,SVC-01,2025-09-03,Completed,17,False,,,,,,,82.8,False,True,True
APT-000640,REQ-000691,EMP-00123,LOC-04,SVC-01,2025-09-02,Completed,3,True,Continuity of care,,,,,4.2,89.7,False,False,False
APT-000641,REQ-000692,EMP-00006,LOC-05,SVC-05,2025-09-02,Completed,16,False,,,,,,3.8,89.0,False,True,False
APT-000644,REQ-000695,EMP-00091,LOC-06,SVC-01,2025-09-04,Completed,4,False,,,,,,5.0,85.0,False,False,False
APT-000646,REQ-000697,EMP-00142,LOC-06,SVC-02,2025-09-04,Completed,30,False,,,,,,5.0,95.8,False,True,False
APT-000648,REQ-000699,EMP-00031,LOC-10,SVC-05,2025-09-03,Completed,32,False,,,,,,3.5,84.5,False,True,True
APT-000649,REQ-000700,EMP-00113,LOC-06,SVC-01,2025-09-03,Completed,25,False,,,,,,3.2,84.9,False,True,True
APT-000650,REQ-000701,EMP-00084,LOC-01,SVC-06,2025-09-04,Completed,12,False,,,,,,3.1,94.1,False,True,False
APT-000651,REQ-000702,EMP-00136,LOC-05,SVC-03,2025-09-06,Completed,16,False,,,,,,3.8,61.4,False,True,False
APT-000652,REQ-000703,EMP-00063,LOC-08,SVC-05,2025-09-03,Completed,17,False,,,,,,3.7,72.0,False,True,False
APT-000654,REQ-000705,EMP-00090,LOC-01,SVC-02,2025-09-04,Completed,25,False,,,,,,3.1,79.5,False,False,False
APT-000655,REQ-000706,EMP-00136,LOC-04,SVC-05,2025-09-03,Completed,17,False,,,,,,4.9,75.1,False,False,False
APT-000656,REQ-000707,EMP-00010,LOC-09,SVC-09,2025-09-03,Completed,37,False,,,,,,3.7,73.8,False,True,True
APT-000659,REQ-000710,EMP-00123,LOC-09,SVC-09,2025-09-04,Completed,33,False,,,,,,3.8,88.8,False,True,False
APT-000661,REQ-000712,EMP-00030,LOC-05,SVC-01,2025-09-04,Completed,7,False,,,,,,5.0,87.6,False,True,False
APT-000662,REQ-000713,EMP-00101,LOC-03,SVC-07,2025-09-04,Completed,9,False,,,,,,4.0,74.4,False,True,False
APT-000666,REQ-000717,EMP-00110,LOC-06,SVC-01,2025-09-04,Completed,52,False,,,,,,3.8,82.3,False,True,False
APT-000669,REQ-000722,EMP-00120,LOC-07,SVC-01,2025-09-06,Completed,6,False,,,,,,4.5,87.9,False,True,False
APT-000671,REQ-000724,EMP-00011,LOC-10,SVC-08,2025-09-04,Completed,3,False,,,,,,4.3,62.6,False,True,False
APT-000675,REQ-000728,EMP-00044,LOC-09,SVC-05,2025-09-07,Completed,43,False,,,,,,,71.4,False,True,False
APT-000676,REQ-000729,EMP-00086,LOC-06,SVC-02,2025-09-06,Completed,42,False,,,,,,3.8,77.8,False,True,False
APT-000679,REQ-000732,EMP-00055,LOC-07,SVC-02,2025-09-06,Completed,23,False,,,,,,3.0,68.0,False,True,True
APT-000680,REQ-000733,EMP-00010,LOC-04,SVC-07,2025-09-06,Completed,10,False,,,,,,4.0,95.8,False,True,False
APT-000681,REQ-000734,EMP-00021,LOC-01,SVC-02,2025-09-05,Completed,14,False,,,,,,,100.0,False,True,False
APT-000684,REQ-000737,EMP-00016,LOC-10,SVC-02,2025-09-06,Completed,58,False,,,,,,5.0,95.7,False,True,False
APT-000686,REQ-000739,EMP-00061,LOC-09,SVC-03,2025-09-06,Completed,41,False,,,,,,2.7,85.6,False,False,False
APT-000687,REQ-000740,EMP-00047,LOC-07,SVC-07,2025-09-05,Completed,45,False,,,,,,3.2,94.0,False,True,True
APT-000690,REQ-000743,EMP-00150,LOC-04,SVC-04,2025-09-05,Completed,28,False,,,,,,4.7,83.0,False,True,False
APT-000692,REQ-000745,EMP-00100,LOC-02,SVC-02,2025-09-05,Completed,3,False,,,,,,4.3,84.1,False,True,False
APT-000695,REQ-000748,EMP-00113,LOC-10,SVC-02,2025-09-06,Completed,39,False,,,,,,4.1,74.1,False,True,False
APT-000696,REQ-000750,EMP-00100,LOC-07,SVC-05,2025-09-07,Completed,15,False,,,,,,5.0,79.2,False,True,False
APT-000697,REQ-000751,EMP-00109,LOC-01,SVC-03,2025-09-09,Completed,20,False,,,,,,4.4,86.5,False,False,False
APT-000699,REQ-000753,EMP-00027,LOC-09,SVC-01,2025-09-07,Completed,53,False,,,,,,4.5,86.6,False,True,False
APT-000702,REQ-000756,EMP-00028,LOC-08,SVC-01,2025-09-07,Completed,24,False,,,,,,4.5,80.3,False,True,False
APT-000703,REQ-000757,EMP-00131,LOC-10,SVC-03,2025-09-07,Completed,11,False,,,,,,4.2,98.1,False,True,False
APT-000704,REQ-000758,EMP-00101,LOC-05,SVC-09,2025-09-07,Completed,13,False,,,,,,4.6,83.2,False,True,True
APT-000705,REQ-000759,EMP-00050,LOC-05,SVC-01,2025-09-06,Completed,26,False,,,,,,4.3,63.8,False,True,False
APT-000707,REQ-000761,EMP-00051,LOC-01,SVC-06,2025-09-07,Completed,41,False,,,,,,3.9,92.8,False,True,False
APT-000709,REQ-000763,EMP-00038,LOC-03,SVC-08,2025-09-07,Completed,12,False,,,,,,3.3,86.7,False,True,True
APT-000710,REQ-000764,EMP-00041,LOC-05,SVC-06,2025-09-08,Completed,20,False,,,,,,3.7,86.1,False,True,True
APT-000711,REQ-000765,EMP-00143,LOC-08,SVC-02,2025-09-07,Completed,36,False,,,,,,5.0,72.9,False,True,False
APT-000712,REQ-000766,EMP-00131,LOC-06,SVC-01,2025-09-07,Completed,19,False,,,,,,,91.0,False,False,False
APT-000713,REQ-000767,EMP-00124,LOC-04,SVC-01,2025-09-07,Completed,27,False,,,,,,4.3,85.2,False,True,True
APT-000716,REQ-000770,EMP-00105,LOC-03,SVC-05,2025-09-07,Completed,21,False,,,,,,4.5,93.5,False,True,True
APT-000717,REQ-000771,EMP-00091,LOC-02,SVC-05,2025-09-09,Completed,24,False,,,,,,4.5,84.6,False,True,False
APT-000718,REQ-000773,EMP-00051,LOC-07,SVC-08,2025-09-08,Completed,43,False,,,,,,4.1,96.1,False,False,True
APT-000719,REQ-000774,EMP-00032,LOC-08,SVC-05,2025-09-09,Completed,25,False,,,,,,3.6,76.0,False,True,False
APT-000720,REQ-000775,EMP-00016,LOC-02,SVC-04,2025-09-09,Completed,52,False,,,,,,5.0,68.9,True,True,False
APT-000724,REQ-000779,EMP-00051,LOC-08,SVC-02,2025-09-11,Completed,33,False,,,,,,4.4,100.0,False,True,False
APT-000725,REQ-000780,EMP-00064,LOC-02,SVC-05,2025-09-09,Completed,9,False,,,,,,5.0,85.4,False,True,False
APT-000726,REQ-000781,EMP-00080,LOC-08,SVC-01,2025-09-09,Completed,40,False,,,,,,3.7,72.2,False,True,False
APT-000727,REQ-000783,EMP-00093,LOC-03,SVC-01,2025-09-09,Completed,6,False,,,,,,4.9,82.8,False,True,False
APT-000728,REQ-000784,EMP-00065,LOC-05,SVC-05,2025-09-12,Completed,15,False,,,,,,3.9,78.3,False,True,False
APT-000732,REQ-000788,EMP-00061,LOC-10,SVC-02,2025-09-08,Completed,23,False,,,,,,5.0,79.3,False,True,False
APT-000735,REQ-000791,EMP-00015,LOC-04,SVC-05,2025-09-08,Completed,36,False,,,,,,3.8,90.6,False,True,False
APT-000737,REQ-000793,EMP-00042,LOC-04,SVC-07,2025-09-09,Completed,16,False,,,,,,3.8,84.1,False,True,False
APT-000741,REQ-000799,EMP-00004,LOC-04,SVC-04,2025-09-09,Completed,23,False,,,,,,3.7,93.7,False,True,False
APT-000742,REQ-000800,EMP-00133,LOC-06,SVC-01,2025-09-10,Completed,29,False,,,,,,4.4,85.6,False,True,False
APT-000743,REQ-000801,EMP-00021,LOC-07,SVC-03,2025-09-10,Completed,36,False,,,,,,4.8,90.6,False,False,True
APT-000744,REQ-000802,EMP-00095,LOC-02,SVC-04,2025-09-10,Completed,17,False,,,,,,4.6,79.9,False,True,False
APT-000745,REQ-000803,EMP-00093,LOC-02,SVC-06,2025-09-09,Completed,24,False,,,,,,4.1,84.3,False,True,False
APT-000746,REQ-000804,EMP-00084,LOC-05,SVC-06,2025-09-09,Completed,5,False,,,,,,4.0,70.6,False,False,False
APT-000748,REQ-000807,EMP-00041,LOC-09,SVC-02,2025-09-09,Completed,8,False,,,,,,4.7,67.8,False,True,False
APT-000751,REQ-000811,EMP-00094,LOC-07,SVC-01,2025-09-10,Completed,43,False,,,,,,,73.4,True,True,False
APT-000753,REQ-000813,EMP-00021,LOC-01,SVC-02,2025-09-09,Completed,22,False,,,,,,4.3,79.4,False,False,False
APT-000754,REQ-000814,EMP-00035,LOC-10,SVC-02,2025-09-11,Completed,4,False,,,,,,4.1,100.0,False,True,True
APT-000755,REQ-000815,EMP-00030,LOC-01,SVC-03,2025-09-10,Completed,32,False,,,,,,1.8,60.6,False,True,False
APT-000756,REQ-000816,EMP-00011,LOC-04,SVC-01,2025-09-12,Completed,25,False,,,,,,5.0,69.8,False,True,False
APT-000757,REQ-000817,EMP-00005,LOC-04,SVC-09,2025-09-11,Completed,45,False,,,,,,4.9,95.9,False,True,False
APT-000758,REQ-000818,EMP-00036,LOC-03,SVC-08,2025-09-10,Completed,22,False,,,,,,3.9,83.5,False,True,False
APT-000760,REQ-000820,EMP-00035,LOC-06,SVC-01,2025-09-10,Completed,39,False,,,,,,4.3,72.2,False,True,True
APT-000762,REQ-000823,EMP-00047,LOC-07,SVC-07,2025-09-14,Completed,27,False,,,,,,5.0,100.0,False,True,False
APT-000763,REQ-000824,EMP-00138,LOC-03,SVC-03,2025-09-10,Completed,17,False,,,,,,4.4,95.4,False,False,False
APT-000764,REQ-000825,EMP-00031,LOC-03,SVC-01,2025-09-10,Completed,15,False,,,,,,4.3,80.0,False,True,False
APT-000765,REQ-000826,EMP-00089,LOC-08,SVC-01,2025-09-10,Completed,31,False,,,,,,5.0,79.7,False,True,False
APT-000766,REQ-000827,EMP-00008,LOC-05,SVC-07,2025-09-11,Completed,15,False,,,,,,3.8,79.7,False,True,False
APT-000767,REQ-000828,EMP-00098,LOC-07,SVC-04,2025-09-11,Completed,28,False,,,,,,3.4,95.2,False,True,False
APT-000768,REQ-000829,EMP-00141,LOC-03,SVC-05,2025-09-11,Completed,15,False,,,,,,3.7,59.9,False,True,False
APT-000769,REQ-000830,EMP-00118,LOC-10,SVC-02,2025-09-11,Completed,32,False,,,,,,4.0,85.2,False,True,False
APT-000771,REQ-000832,EMP-00086,LOC-08,SVC-02,2025-09-10,Completed,14,False,,,,,,,80.3,False,True,False
APT-000772,REQ-000833,EMP-00030,LOC-03,SVC-01,2025-09-11,Completed,32,True,Skill match unavailable,,,,,4.9,85.0,False,True,False
APT-000773,REQ-000834,EMP-00106,LOC-03,SVC-02,2025-09-10,Completed,12,False,,,,,,4.3,89.8,False,False,False
APT-000775,REQ-000836,EMP-00061,LOC-06,SVC-05,2025-09-10,Completed,21,False,,,,,,4.5,76.3,False,True,False
APT-000777,REQ-000838,EMP-00041,LOC-10,SVC-06,2025-09-13,Completed,19,False,,,,,,4.5,78.4,False,True,False
APT-000778,REQ-000839,EMP-00137,LOC-03,SVC-01,2025-09-11,Completed,27,False,,,,,,3.9,83.1,False,True,False
APT-000780,REQ-000841,EMP-00110,LOC-03,SVC-01,2025-09-10,Completed,24,False,,,,,,4.4,76.9,False,True,False
APT-000782,REQ-000843,EMP-00137,LOC-01,SVC-01,2025-09-11,Completed,43,False,,,,,,4.5,96.0,False,True,False
APT-000784,REQ-000845,EMP-00025,LOC-06,SVC-09,2025-09-11,Completed,30,False,,,,,,4.4,71.5,True,True,False
APT-000788,REQ-000850,EMP-00037,LOC-10,SVC-03,2025-09-11,Completed,58,False,,,,,,3.9,71.6,False,True,False
APT-000790,REQ-000853,EMP-00051,LOC-04,SVC-03,2025-09-11,Completed,11,False,,,,,,4.1,62.3,False,False,False
APT-000791,REQ-000854,EMP-00098,LOC-05,SVC-01,2025-09-11,Completed,39,True,Skill match unavailable,,,,,4.1,98.5,False,True,False
APT-000794,REQ-000857,EMP-00054,LOC-06,SVC-01,2025-09-11,Completed,34,False,,,,,,,89.8,False,True,False
APT-000796,REQ-000859,EMP-00131,LOC-03,SVC-05,2025-09-13,Completed,30,True,Continuity of care,,,,,3.2,80.8,False,True,False
APT-000797,REQ-000860,EMP-00109,LOC-10,SVC-08,2025-09-11,Completed,27,False,,,,,,3.4,65.3,False,True,False
APT-000798,REQ-000861,EMP-00050,LOC-07,SVC-09,2025-09-12,Completed,15,False,,,,,,4.7,94.8,False,True,True
APT-000799,REQ-000863,EMP-00050,LOC-03,SVC-03,2025-09-13,Completed,40,False,,,,,,4.3,69.8,False,True,False
APT-000801,REQ-000865,EMP-00057,LOC-09,SVC-09,2025-09-13,Completed,3,False,,,,,,3.5,64.5,False,True,False
APT-000804,REQ-000868,EMP-00055,LOC-05,SVC-07,2025-09-14,Completed,28,False,,,,,,4.0,73.8,False,True,False
APT-000806,REQ-000870,EMP-00102,LOC-06,SVC-05,2025-09-13,Completed,29,False,,,,,,4.9,99.5,False,True,False
APT-000808,REQ-000873,EMP-00041,LOC-10,SVC-01,2025-09-12,Completed,21,False,,,,,,,93.5,False,True,False
APT-000809,REQ-000874,EMP-00058,LOC-01,SVC-09,2025-09-12,Completed,38,False,,,,,,3.1,100.0,False,False,False
APT-000810,REQ-000875,EMP-00069,LOC-03,SVC-04,2025-09-12,Completed,34,False,,,,,,3.8,85.8,False,True,False
APT-000812,REQ-000877,EMP-00027,LOC-02,SVC-04,2025-09-12,Completed,18,False,,,,,,4.3,88.1,False,True,False
APT-000813,REQ-000878,EMP-00084,LOC-06,SVC-06,2025-09-13,Completed,25,False,,,,,,4.0,70.0,False,True,False
APT-000815,REQ-000880,EMP-00124,LOC-06,SVC-04,2025-09-13,Completed,28,False,,,,,,3.8,100.0,False,True,False
APT-000816,REQ-000882,EMP-00017,LOC-01,SVC-01,2025-09-13,Completed,21,False,,,,,,4.3,90.9,False,True,False
APT-000817,REQ-000883,EMP-00134,LOC-08,SVC-01,2025-09-12,Completed,3,False,,,,,,4.9,84.7,False,True,False
APT-000820,REQ-000886,EMP-00067,LOC-01,SVC-01,2025-09-14,Completed,19,False,,,,,,3.6,99.0,False,True,True
APT-000821,REQ-000887,EMP-00037,LOC-02,SVC-01,2025-09-15,Completed,34,False,,,,,,3.9,70.5,False,True,False
APT-000824,REQ-000890,EMP-00086,LOC-03,SVC-01,2025-09-13,Completed,18,False,,,,,,5.0,97.7,False,True,False
APT-000827,REQ-000893,EMP-00058,LOC-09,SVC-03,2025-09-13,Completed,22,False,,,,,,4.0,86.7,False,True,False
APT-000828,REQ-000894,EMP-00070,LOC-09,SVC-01,2025-09-13,Completed,15,False,,,,,,,90.5,False,True,False
APT-000829,REQ-000895,EMP-00064,LOC-08,SVC-04,2025-09-13,Completed,17,False,,,,,,3.1,78.8,False,False,False
APT-000830,REQ-000896,EMP-00084,LOC-03,SVC-06,2025-09-13,Completed,12,False,,,,,,4.5,96.9,False,False,False
APT-000833,REQ-000899,EMP-00148,LOC-09,SVC-01,2025-09-13,Completed,24,False,,,,,,3.2,80.2,False,True,False
APT-000835,REQ-000902,EMP-00123,LOC-05,SVC-07,2025-09-14,Completed,13,True,Skill match unavailable,,,,,4.4,98.1,False,True,True
APT-000836,REQ-000903,EMP-00142,LOC-04,SVC-08,2025-09-14,Completed,13,False,,,,,,3.9,77.6,False,True,False
APT-000837,REQ-000904,EMP-00143,LOC-05,SVC-04,2025-09-14,Completed,16,True,Urgent reassignment,,,,,4.0,90.8,False,True,False
APT-000838,REQ-000905,EMP-00069,LOC-03,SVC-02,2025-09-15,Completed,21,True,Skill match unavailable,,,,,3.9,82.4,False,False,True
APT-000840,REQ-000907,EMP-00005,LOC-08,SVC-07,2025-09-15,Completed,11,False,,,,,,4.3,84.0,False,True,True
APT-000841,REQ-000908,EMP-00075,LOC-09,SVC-09,2025-09-16,Completed,14,False,,,,,,3.8,93.1,False,True,False
APT-000844,REQ-000911,EMP-00095,LOC-02,SVC-05,2025-09-15,Completed,10,False,,,,,,4.2,75.2,False,True,True
APT-000845,REQ-000912,EMP-00058,LOC-06,SVC-04,2025-09-16,Completed,22,False,,,,,,,71.9,False,True,False
APT-000846,REQ-000913,EMP-00035,LOC-09,SVC-01,2025-09-16,Completed,31,False,,,,,,,89.0,False,True,False
APT-000849,REQ-000916,EMP-00033,LOC-08,SVC-02,2025-09-16,Completed,18,False,,,,,,3.4,95.5,False,False,False
APT-000850,REQ-000917,EMP-00052,LOC-02,SVC-07,2025-09-16,Completed,28,False,,,,,,5.0,76.5,False,True,False
APT-000853,REQ-000920,EMP-00062,LOC-03,SVC-01,2025-09-16,Completed,3,False,,,,,,5.0,76.9,False,True,False
APT-000855,REQ-000922,EMP-00025,LOC-08,SVC-02,2025-09-18,Completed,3,False,,,,,,3.7,81.7,False,True,False
APT-000857,REQ-000924,EMP-00031,LOC-02,SVC-03,2025-09-15,Completed,28,False,,,,,,2.9,72.0,False,True,False
APT-000858,REQ-000925,EMP-00035,LOC-10,SVC-07,2025-09-15,Completed,40,False,,,,,,4.1,92.5,False,True,False
APT-000859,REQ-000926,EMP-00126,LOC-10,SVC-07,2025-09-17,Completed,55,False,,,,,,3.9,84.3,False,False,False
APT-000860,REQ-000927,EMP-00062,LOC-09,SVC-09,2025-09-19,Completed,23,False,,,,,,4.3,87.6,False,True,False
APT-000863,REQ-000930,EMP-00051,LOC-01,SVC-06,2025-09-16,Completed,23,False,,,,,,4.8,78.7,False,True,False
APT-000864,REQ-000931,EMP-00101,LOC-10,SVC-01,2025-09-18,Completed,43,False,,,,,,4.3,89.4,False,True,False
APT-000866,REQ-000933,EMP-00150,LOC-05,SVC-07,2025-09-18,Completed,30,False,,,,,,,83.8,False,True,True
APT-000868,REQ-000935,EMP-00150,LOC-07,SVC-08,2025-09-17,Completed,23,False,,,,,,4.5,76.0,False,True,False
APT-000869,REQ-000936,EMP-00006,LOC-02,SVC-03,2025-09-17,Completed,29,False,,,,,,4.5,86.5,False,False,False
APT-000872,REQ-000939,EMP-00021,LOC-09,SVC-01,2025-09-18,Completed,24,False,,,,,,3.9,71.1,False,False,False
APT-000874,REQ-000941,EMP-00024,LOC-08,SVC-01,2025-09-17,Completed,46,False,,,,,,3.7,90.5,False,False,False
APT-000876,REQ-000943,EMP-00014,LOC-05,SVC-01,2025-09-16,Completed,3,False,,,,,,4.1,58.4,False,True,False
APT-000877,REQ-000944,EMP-00142,LOC-02,SVC-01,2025-09-17,Completed,32,False,,,,,,5.0,77.1,False,True,False
APT-000880,REQ-000947,EMP-00025,LOC-02,SVC-06,2025-09-17,Completed,25,False,,,,,,,88.8,False,True,False
APT-000885,REQ-000952,EMP-00109,LOC-09,SVC-01,2025-09-17,Completed,30,False,,,,,,,95.9,False,True,False
APT-000887,REQ-000954,EMP-00054,LOC-10,SVC-03,2025-09-17,Completed,12,False,,,,,,4.1,82.1,False,False,False
APT-000888,REQ-000955,EMP-00102,LOC-07,SVC-02,2025-09-17,Completed,48,True,Urgent reassignment,,,,,2.3,73.7,False,False,True
APT-000891,REQ-000958,EMP-00098,LOC-06,SVC-09,2025-09-17,Completed,12,False,,,,,,4.5,89.3,False,True,True
APT-000892,REQ-000959,EMP-00099,LOC-03,SVC-05,2025-09-18,Completed,6,False,,,,,,4.1,86.0,False,True,True
APT-000894,REQ-000961,EMP-00015,LOC-10,SVC-08,2025-09-17,Completed,57,False,,,,,,3.4,100.0,False,True,True
APT-000895,REQ-000962,EMP-00120,LOC-02,SVC-05,2025-09-18,Completed,22,False,,,,,,3.3,72.7,False,True,True
APT-000897,REQ-000964,EMP-00086,LOC-10,SVC-07,2025-09-17,Completed,35,False,,,,,,3.9,81.4,False,True,False
APT-000900,REQ-000967,EMP-00002,LOC-07,SVC-04,2025-09-17,Completed,49,False,,,,,,4.4,77.6,False,True,False
APT-000901,REQ-000968,EMP-00050,LOC-09,SVC-04,2025-09-18,Completed,16,False,,,,,,5.0,79.1,False,True,False
APT-000902,REQ-000969,EMP-00123,LOC-05,SVC-03,2025-09-18,Completed,15,False,,,,,,4.2,86.9,False,False,False
APT-000903,REQ-000970,EMP-00065,LOC-08,SVC-01,2025-09-18,Completed,36,False,,,,,,3.4,75.6,False,False,True
APT-000905,REQ-000972,EMP-00128,LOC-07,SVC-06,2025-09-18,Completed,42,False,,,,,,4.2,85.4,False,True,False
APT-000906,REQ-000973,EMP-00143,LOC-01,SVC-01,2025-09-18,Completed,31,False,,,,,,4.4,95.4,False,True,False
APT-000907,REQ-000974,EMP-00052,LOC-03,SVC-04,2025-09-21,Completed,24,False,,,,,,3.6,80.2,False,True,False
APT-000908,REQ-000975,EMP-00106,LOC-05,SVC-04,2025-09-18,Completed,42,False,,,,,,4.4,78.4,False,True,False
APT-000909,REQ-000976,EMP-00109,LOC-10,SVC-02,2025-09-19,Completed,18,False,,,,,,4.9,83.7,False,True,False
APT-000912,REQ-000979,EMP-00040,LOC-10,SVC-01,2025-09-18,Completed,32,True,Urgent reassignment,,,,,4.9,78.1,False,False,False
APT-000913,REQ-000980,EMP-00138,LOC-09,SVC-04,2025-09-18,Completed,25,False,,,,,,3.5,65.8,False,True,False
APT-000914,REQ-000981,EMP-00023,LOC-07,SVC-05,2025-09-19,Completed,31,False,,,,,,4.1,96.2,False,True,False
APT-000915,REQ-000982,EMP-00057,LOC-03,SVC-05,2025-09-18,Completed,51,False,,,,,,3.0,97.1,False,False,False
APT-000919,REQ-000987,EMP-00035,LOC-07,SVC-08,2025-09-20,Completed,24,False,,,,,,,84.6,False,True,False
APT-000921,REQ-000989,EMP-00049,LOC-06,SVC-07,2025-09-20,Completed,15,False,,,,,,3.7,88.7,False,True,False
APT-000927,REQ-000995,EMP-00021,LOC-05,SVC-05,2025-09-19,Completed,21,False,,,,,,5.0,80.0,False,False,False
APT-000928,REQ-000996,EMP-00146,LOC-08,SVC-06,2025-09-20,Completed,19,False,,,,,,3.8,76.9,False,True,False
APT-000929,REQ-000997,EMP-00122,LOC-02,SVC-01,2025-09-19,Completed,18,False,,,,,,,90.9,False,True,False
APT-000933,REQ-001002,EMP-00123,LOC-01,SVC-08,2025-09-19,Completed,20,False,,,,,,3.9,86.5,False,True,False
APT-000934,REQ-001003,EMP-00018,LOC-05,SVC-06,2025-09-20,Completed,10,False,,,,,,4.6,74.7,False,True,True
APT-000939,REQ-001008,EMP-00030,LOC-01,SVC-07,2025-09-19,Completed,14,False,,,,,,4.6,85.4,False,True,False
APT-000941,REQ-001010,EMP-00023,LOC-06,SVC-07,2025-09-19,Completed,7,False,,,,,,4.1,88.2,False,True,False
APT-000942,REQ-001011,EMP-00028,LOC-01,SVC-04,2025-09-20,Completed,33,False,,,,,,4.2,74.7,False,True,False
APT-000943,REQ-001012,EMP-00006,LOC-08,SVC-02,2025-09-19,Completed,21,False,,,,,,,76.8,False,True,False
APT-000944,REQ-001013,EMP-00133,LOC-06,SVC-01,2025-09-19,Completed,5,False,,,,,,3.9,73.2,False,False,True
APT-000945,REQ-001014,EMP-00093,LOC-04,SVC-01,2025-09-20,Completed,16,False,,,,,,4.0,71.0,False,True,False
APT-000946,REQ-001015,EMP-00062,LOC-01,SVC-09,2025-09-19,Completed,33,False,,,,,,4.1,84.1,False,True,False
APT-000947,REQ-001016,EMP-00128,LOC-07,SVC-05,2025-09-19,Completed,27,False,,,,,,4.1,83.9,False,True,False
APT-000950,REQ-001019,EMP-00044,LOC-06,SVC-09,2025-09-21,Completed,23,False,,,,,,4.0,89.5,False,True,False
APT-000954,REQ-001023,EMP-00067,LOC-09,SVC-08,2025-09-22,Completed,26,False,,,,,,5.0,82.6,False,True,False
APT-000958,REQ-001027,EMP-00008,LOC-03,SVC-02,2025-09-21,Completed,16,True,Continuity of care,,,,,3.7,89.8,False,True,False
APT-000959,REQ-001028,EMP-00047,LOC-07,SVC-07,2025-09-21,Completed,22,False,,,,,,3.9,74.5,False,True,False
APT-000960,REQ-001029,EMP-00070,LOC-02,SVC-07,2025-09-21,Completed,16,False,,,,,,4.6,80.5,False,True,True
APT-000962,REQ-001031,EMP-00028,LOC-02,SVC-02,2025-09-22,Completed,6,False,,,,,,4.2,78.3,False,True,True
APT-000963,REQ-001032,EMP-00141,LOC-01,SVC-03,2025-09-22,Completed,48,False,,,,,,3.9,76.8,False,True,False
APT-000965,REQ-001034,EMP-00110,LOC-04,SVC-01,2025-09-22,Completed,14,False,,,,,,4.7,65.9,False,True,True
APT-000967,REQ-001036,EMP-00014,LOC-05,SVC-01,2025-09-22,Completed,11,False,,,,,,3.3,84.6,False,True,False
APT-000968,REQ-001037,EMP-00091,LOC-08,SVC-04,2025-09-24,Completed,94,False,,,,,,5.0,84.0,False,True,False
APT-000969,REQ-001038,EMP-00092,LOC-07,SVC-07,2025-09-22,Completed,42,True,Urgent reassignment,,,,,4.8,95.0,False,True,True
APT-000973,REQ-001042,EMP-00136,LOC-07,SVC-01,2025-09-23,Completed,27,False,,,,,,4.4,84.5,False,True,True
APT-000976,REQ-001045,EMP-00141,LOC-10,SVC-09,2025-09-22,Completed,31,False,,,,,,3.7,89.8,False,True,False
APT-000977,REQ-001046,EMP-00070,LOC-02,SVC-05,2025-09-22,Completed,23,False,,,,,,3.4,82.9,False,True,False
APT-000978,REQ-001047,EMP-00022,LOC-06,SVC-06,2025-09-22,Completed,45,False,,,,,,4.2,73.9,False,True,False
APT-000979,REQ-001048,EMP-00112,LOC-07,SVC-06,2025-09-23,Completed,57,False,,,,,,3.6,74.0,False,True,False
APT-000980,REQ-001049,EMP-00038,LOC-01,SVC-05,2025-09-25,Completed,40,False,,,,,,5.0,93.2,False,True,False
APT-000981,REQ-001051,EMP-00086,LOC-07,SVC-01,2025-09-23,Completed,28,False,,,,,,4.8,84.5,False,True,True
APT-000982,REQ-001052,EMP-00011,LOC-07,SVC-01,2025-09-23,Completed,20,False,,,,,,4.4,92.7,False,True,False
APT-000984,REQ-001054,EMP-00124,LOC-08,SVC-07,2025-09-23,Completed,3,False,,,,,,3.1,68.8,False,False,True
APT-000985,REQ-001055,EMP-00039,LOC-01,SVC-07,2025-09-24,Completed,20,False,,,,,,4.2,84.3,False,True,False
APT-000988,REQ-001058,EMP-00051,LOC-08,SVC-05,2025-09-23,Completed,7,False,,,,,,3.5,82.2,False,True,False
APT-000989,REQ-001059,EMP-00033,LOC-02,SVC-06,2025-09-24,Completed,18,False,,,,,,3.5,82.8,False,True,True
APT-000991,REQ-001061,EMP-00015,LOC-04,SVC-07,2025-09-23,Completed,45,False,,,,,,4.9,71.6,False,True,True
APT-000992,REQ-001062,EMP-00060,LOC-01,SVC-07,2025-09-24,Completed,3,False,,,,,,5.0,81.6,False,False,True
APT-000993,REQ-001064,EMP-00028,LOC-04,SVC-05,2025-09-24,Completed,33,False,,,,,,5.0,84.1,False,True,True
APT-000994,REQ-001065,EMP-00055,LOC-01,SVC-01,2025-09-25,Completed,37,False,,,,,,5.0,94.1,False,False,False
APT-000996,REQ-001067,EMP-00098,LOC-07,SVC-03,2025-09-23,Completed,40,False,,,,,,4.0,67.6,False,True,False
APT-000998,REQ-001069,EMP-00131,LOC-01,SVC-02,2025-09-23,Completed,21,False,,,,,,3.2,87.3,False,True,True
APT-000999,REQ-001070,EMP-00099,LOC-08,SVC-01,2025-09-23,Completed,7,False,,,,,,4.5,79.1,False,True,False
APT-001001,REQ-001073,EMP-00079,LOC-06,SVC-01,2025-09-23,Completed,24,False,,,,,,4.4,87.7,False,True,True
APT-001002,REQ-001074,EMP-00063,LOC-02,SVC-06,2025-09-27,Completed,10,False,,,,,,3.8,83.5,False,False,False
APT-001005,REQ-001078,EMP-00017,LOC-03,SVC-01,2025-09-24,Completed,36,False,,,,,,,91.5,False,True,False
APT-001007,REQ-001080,EMP-00136,LOC-05,SVC-04,2025-09-24,Completed,28,False,,,,,,4.4,95.7,False,True,False
APT-001008,REQ-001081,EMP-00109,LOC-10,SVC-01,2025-09-25,Completed,39,False,,,,,,3.8,77.4,False,False,True
APT-001011,REQ-001084,EMP-00121,LOC-07,SVC-04,2025-09-24,Completed,48,False,,,,,,4.6,84.4,False,False,False
APT-001013,REQ-001086,EMP-00103,LOC-01,SVC-05,2025-09-24,Completed,7,False,,,,,,2.7,100.0,False,False,False
APT-001014,REQ-001087,EMP-00139,LOC-09,SVC-01,2025-09-24,Completed,31,False,,,,,,4.0,91.5,False,True,True
APT-001015,REQ-001088,EMP-00022,LOC-02,SVC-06,2025-09-24,Completed,30,False,,,,,,3.4,75.4,False,False,False
APT-001016,REQ-001089,EMP-00043,LOC-08,SVC-02,2025-09-24,Completed,29,False,,,,,,3.7,82.3,False,True,True
APT-001017,REQ-001090,EMP-00027,LOC-09,SVC-01,2025-09-24,Completed,22,False,,,,,,3.6,98.4,False,True,False
APT-001018,REQ-001091,EMP-00039,LOC-06,SVC-01,2025-09-24,Completed,8,False,,,,,,5.0,78.7,False,True,False
APT-001019,REQ-001092,EMP-00011,LOC-01,SVC-01,2025-09-25,Completed,23,False,,,,,,,79.0,False,True,True
APT-001020,REQ-001093,EMP-00033,LOC-04,SVC-02,2025-09-24,Completed,21,False,,,,,,5.0,99.6,False,True,False
APT-001022,REQ-001095,EMP-00128,LOC-10,SVC-05,2025-09-25,Completed,61,False,,,,,,3.9,88.4,False,True,True
APT-001025,REQ-001098,EMP-00021,LOC-07,SVC-05,2025-09-26,Completed,37,False,,,,,,4.5,81.3,False,False,False
APT-001026,REQ-001099,EMP-00060,LOC-06,SVC-05,2025-09-29,Completed,22,True,Skill match unavailable,,,,,4.5,75.7,False,False,True
APT-001027,REQ-001100,EMP-00101,LOC-09,SVC-01,2025-09-25,Completed,21,False,,,,,,3.0,84.4,False,False,False
APT-001028,REQ-001101,EMP-00022,LOC-01,SVC-05,2025-09-25,Completed,3,False,,,,,,4.2,76.5,False,True,False
APT-001033,REQ-001106,EMP-00104,LOC-05,SVC-01,2025-09-26,Completed,22,False,,,,,,4.1,91.9,False,True,False
APT-001035,REQ-001108,EMP-00025,LOC-09,SVC-02,2025-09-25,Completed,52,False,,,,,,3.8,92.9,False,True,False
APT-001038,REQ-001111,EMP-00002,LOC-06,SVC-01,2025-09-25,Completed,23,False,,,,,,3.7,67.4,False,True,False
APT-001039,REQ-001112,EMP-00040,LOC-03,SVC-01,2025-09-25,Completed,21,False,,,,,,2.8,80.7,False,True,False
APT-001040,REQ-001113,EMP-00016,LOC-02,SVC-07,2025-09-27,Completed,13,False,,,,,,3.1,91.2,False,True,False
APT-001041,REQ-001114,EMP-00052,LOC-02,SVC-03,2025-09-26,Completed,23,False,,,,,,5.0,93.9,False,False,False
APT-001044,REQ-001117,EMP-00070,LOC-08,SVC-05,2025-09-26,Completed,34,False,,,,,,4.2,72.2,False,True,True
APT-001046,REQ-001119,EMP-00042,LOC-01,SVC-01,2025-09-26,Completed,40,False,,,,,,4.2,70.8,False,True,False
APT-001047,REQ-001120,EMP-00044,LOC-10,SVC-09,2025-09-26,Completed,35,False,,,,,,3.2,79.1,False,True,False
APT-001051,REQ-001124,EMP-00031,LOC-08,SVC-01,2025-09-27,Completed,34,False,,,,,,5.0,74.2,False,True,True
APT-001052,REQ-001125,EMP-00083,LOC-06,SVC-05,2025-09-27,Completed,49,False,,,,,,,86.1,False,True,False
APT-001053,REQ-001126,EMP-00031,LOC-05,SVC-08,2025-09-29,Completed,29,False,,,,,,5.0,84.9,False,True,True
APT-001054,REQ-001127,EMP-00115,LOC-10,SVC-09,2025-09-27,Completed,39,False,,,,,,4.9,76.9,False,True,False
APT-001055,REQ-001128,EMP-00054,LOC-04,SVC-07,2025-09-27,Completed,22,False,,,,,,3.7,68.5,False,True,False
APT-001056,REQ-001129,EMP-00124,LOC-09,SVC-01,2025-09-27,Completed,33,False,,,,,,4.8,69.7,False,True,False
APT-001060,REQ-001134,EMP-00119,LOC-02,SVC-02,2025-09-27,Completed,13,False,,,,,,4.4,74.7,False,True,True
APT-001062,REQ-001136,EMP-00150,LOC-05,SVC-07,2025-09-27,Completed,6,False,,,,,,4.3,92.7,False,True,False
APT-001064,REQ-001139,EMP-00047,LOC-02,SVC-07,2025-09-29,Completed,34,False,,,,,,4.0,78.7,False,False,False
APT-001065,REQ-001140,EMP-00030,LOC-08,SVC-01,2025-09-29,Completed,14,False,,,,,,3.7,86.2,False,True,False
APT-001070,REQ-001146,EMP-00103,LOC-09,SVC-05,2025-09-30,Completed,8,False,,,,,,4.2,76.5,False,True,False
APT-001071,REQ-001147,EMP-00109,LOC-03,SVC-05,2025-09-29,Completed,20,False,,,,,,,98.6,False,True,False
APT-001075,REQ-001151,EMP-00117,LOC-05,SVC-05,2025-09-30,Completed,12,False,,,,,,4.9,63.8,False,True,False
APT-001077,REQ-001153,EMP-00052,LOC-09,SVC-01,2025-10-02,Completed,44,False,,,,,,3.9,100.0,False,True,False
APT-001078,REQ-001154,EMP-00123,LOC-02,SVC-09,2025-09-29,Completed,16,False,,,,,,4.6,76.5,False,True,False
APT-001080,REQ-001156,EMP-00092,LOC-07,SVC-06,2025-09-29,Completed,12,False,,,,,,4.4,94.3,False,True,False
APT-001081,REQ-001157,EMP-00038,LOC-06,SVC-05,2025-10-01,Completed,39,False,,,,,,4.4,86.6,False,True,False
APT-001082,REQ-001158,EMP-00148,LOC-06,SVC-09,2025-10-01,Completed,19,False,,,,,,5.0,72.1,False,True,True
APT-001085,REQ-001163,EMP-00090,LOC-08,SVC-07,2025-09-30,Completed,33,False,,,,,,4.1,73.7,False,True,False
APT-001087,REQ-001165,EMP-00122,LOC-10,SVC-08,2025-10-02,Completed,53,True,Client preference,,,,,2.7,78.5,False,False,True
APT-001090,REQ-001169,EMP-00100,LOC-08,SVC-06,2025-09-30,Completed,20,False,,,,,,4.0,68.8,False,True,False
APT-001091,REQ-001170,EMP-00138,LOC-07,SVC-05,2025-10-01,Completed,31,False,,,,,,,71.7,False,True,False
APT-001092,REQ-001171,EMP-00068,LOC-06,SVC-04,2025-10-02,Completed,24,False,,,,,,3.3,76.4,False,True,True
APT-001093,REQ-001172,EMP-00028,LOC-02,SVC-03,2025-10-02,Completed,7,False,,,,,,4.2,90.1,False,True,False
APT-001094,REQ-001173,EMP-00104,LOC-06,SVC-01,2025-09-30,Completed,35,False,,,,,,4.9,77.0,False,True,False
APT-001095,REQ-001174,EMP-00057,LOC-05,SVC-09,2025-10-01,Completed,24,False,,,,,,2.6,84.1,False,True,False
APT-001096,REQ-001175,EMP-00137,LOC-06,SVC-04,2025-10-01,Completed,24,False,,,,,,4.2,78.0,False,True,True
APT-001097,REQ-001176,EMP-00049,LOC-01,SVC-05,2025-10-01,Completed,36,False,,,,,,3.7,91.3,False,True,True
APT-001098,REQ-001177,EMP-00146,LOC-08,SVC-02,2025-09-30,Completed,32,False,,,,,,4.1,91.6,False,True,False
APT-001099,REQ-001178,EMP-00085,LOC-04,SVC-03,2025-10-01,Completed,14,False,,,,,,,77.5,False,True,False
APT-001100,REQ-001179,EMP-00040,LOC-10,SVC-04,2025-10-01,Completed,22,False,,,,,,3.7,93.7,False,True,True
APT-001101,REQ-001180,EMP-00065,LOC-02,SVC-05,2025-09-30,Completed,16,False,,,,,,3.6,81.7,False,True,False
APT-001102,REQ-001181,EMP-00031,LOC-02,SVC-03,2025-10-01,Completed,25,False,,,,,,3.8,83.3,False,True,False
APT-001104,REQ-001183,EMP-00004,LOC-03,SVC-08,2025-10-01,Completed,11,False,,,,,,,85.2,False,True,False
APT-001105,REQ-001184,EMP-00027,LOC-05,SVC-09,2025-10-02,Completed,18,False,,,,,,,84.6,False,True,False
APT-001107,REQ-001186,EMP-00023,LOC-08,SVC-06,2025-10-01,Completed,21,False,,,,,,,66.5,False,True,False
APT-001109,REQ-001188,EMP-00004,LOC-03,SVC-05,2025-10-01,Completed,21,False,,,,,,4.8,88.3,False,True,False
APT-001110,REQ-001189,EMP-00123,LOC-04,SVC-08,2025-10-01,Completed,3,False,,,,,,5.0,82.7,False,True,False
APT-001111,REQ-001190,EMP-00129,LOC-05,SVC-02,2025-10-02,Completed,9,False,,,,,,,88.2,False,True,False
APT-001112,REQ-001191,EMP-00062,LOC-09,SVC-02,2025-10-01,Completed,21,False,,,,,,5.0,93.9,False,True,True
APT-001113,REQ-001192,EMP-00122,LOC-08,SVC-07,2025-10-01,Completed,22,False,,,,,,4.3,84.7,False,False,False
APT-001115,REQ-001194,EMP-00068,LOC-09,SVC-01,2025-10-02,Completed,39,False,,,,,,3.6,87.4,False,False,False
APT-001116,REQ-001195,EMP-00103,LOC-10,SVC-05,2025-10-01,Completed,5,False,,,,,,4.2,86.2,False,True,False
APT-001117,REQ-001196,EMP-00006,LOC-02,SVC-08,2025-10-01,Completed,3,False,,,,,,4.5,86.4,False,True,False
APT-001120,REQ-001200,EMP-00063,LOC-06,SVC-05,2025-10-04,Completed,29,False,,,,,,2.6,87.5,False,True,False
APT-001121,REQ-001201,EMP-00128,LOC-06,SVC-01,2025-10-02,Completed,15,False,,,,,,4.8,84.3,False,True,False
APT-001122,REQ-001202,EMP-00137,LOC-02,SVC-07,2025-10-02,Completed,19,False,,,,,,,90.1,False,True,False
APT-001123,REQ-001203,EMP-00120,LOC-03,SVC-06,2025-10-02,Completed,35,False,,,,,,5.0,81.5,False,True,False
APT-001125,REQ-001205,EMP-00085,LOC-09,SVC-03,2025-10-02,Completed,6,True,Skill match unavailable,,,,,4.1,100.0,False,True,False
APT-001126,REQ-001206,EMP-00121,LOC-04,SVC-05,2025-10-02,Completed,33,False,,,,,,3.3,94.3,False,True,True
APT-001127,REQ-001207,EMP-00148,LOC-04,SVC-08,2025-10-02,Completed,16,False,,,,,,4.8,87.0,False,True,False
APT-001130,REQ-001210,EMP-00136,LOC-03,SVC-03,2025-10-03,Completed,24,False,,,,,,5.0,85.0,True,True,True
APT-001132,REQ-001212,EMP-00142,LOC-09,SVC-02,2025-10-02,Completed,36,False,,,,,,,79.7,False,True,False
APT-001133,REQ-001213,EMP-00092,LOC-05,SVC-06,2025-10-03,Completed,27,False,,,,,,,75.5,False,True,False
APT-001134,REQ-001214,EMP-00099,LOC-08,SVC-04,2025-10-02,Completed,8,False,,,,,,3.2,89.1,False,True,False
APT-001135,REQ-001215,EMP-00056,LOC-03,SVC-01,2025-10-02,Completed,38,False,,,,,,4.3,100.0,False,True,True
APT-001136,REQ-001216,EMP-00117,LOC-02,SVC-02,2025-10-02,Completed,48,False,,,,,,3.9,71.3,False,True,False
APT-001139,REQ-001219,EMP-00115,LOC-03,SVC-02,2025-10-03,Completed,20,False,,,,,,,82.9,False,True,False
APT-001140,REQ-001220,EMP-00023,LOC-10,SVC-09,2025-10-05,Completed,3,False,,,,,,5.0,83.9,False,True,False
APT-001141,REQ-001221,EMP-00096,LOC-02,SVC-07,2025-10-03,Completed,3,False,,,,,,4.8,84.9,False,True,False
APT-001142,REQ-001222,EMP-00091,LOC-06,SVC-08,2025-10-05,Completed,24,False,,,,,,4.2,74.6,False,True,False
APT-001143,REQ-001223,EMP-00057,LOC-02,SVC-07,2025-10-03,Completed,16,False,,,,,,4.8,100.0,False,True,False
APT-001144,REQ-001224,EMP-00146,LOC-09,SVC-05,2025-10-04,Completed,15,False,,,,,,3.3,86.0,False,True,True
APT-001145,REQ-001225,EMP-00057,LOC-10,SVC-08,2025-10-04,Completed,24,False,,,,,,3.5,76.9,False,True,False
APT-001146,REQ-001226,EMP-00018,LOC-02,SVC-03,2025-10-04,Completed,3,False,,,,,,5.0,93.5,False,True,True
APT-001148,REQ-001228,EMP-00032,LOC-03,SVC-07,2025-10-03,Completed,22,False,,,,,,4.7,92.0,False,True,False
APT-001149,REQ-001229,EMP-00094,LOC-04,SVC-01,2025-10-03,Completed,18,False,,,,,,5.0,88.4,False,True,False
APT-001150,REQ-001230,EMP-00138,LOC-10,SVC-01,2025-10-03,Completed,24,False,,,,,,4.2,63.2,False,True,False
APT-001153,REQ-001233,EMP-00123,LOC-07,SVC-05,2025-10-04,Completed,8,False,,,,,,5.0,86.3,False,True,True
APT-001155,REQ-001235,EMP-00002,LOC-02,SVC-07,2025-10-04,Completed,10,False,,,,,,4.2,83.4,False,True,False
APT-001156,REQ-001236,EMP-00146,LOC-04,SVC-02,2025-10-03,Completed,11,False,,,,,,4.0,93.6,False,True,False
APT-001157,REQ-001237,EMP-00120,LOC-04,SVC-04,2025-10-03,Completed,23,False,,,,,,5.0,84.9,False,True,True
APT-001160,REQ-001240,EMP-00036,LOC-04,SVC-02,2025-10-04,Completed,19,False,,,,,,4.1,85.0,False,True,False
APT-001161,REQ-001241,EMP-00137,LOC-05,SVC-07,2025-10-05,Completed,15,False,,,,,,3.9,81.9,False,True,False
APT-001162,REQ-001242,EMP-00018,LOC-09,SVC-08,2025-10-04,Completed,8,False,,,,,,2.4,90.3,False,True,False
APT-001164,REQ-001244,EMP-00120,LOC-02,SVC-04,2025-10-04,Completed,3,False,,,,,,5.0,81.0,False,True,True
APT-001165,REQ-001246,EMP-00117,LOC-04,SVC-01,2025-10-04,Completed,14,False,,,,,,3.8,74.0,False,True,False
APT-001166,REQ-001247,EMP-00052,LOC-10,SVC-08,2025-10-05,Completed,19,False,,,,,,3.5,85.0,False,True,False
APT-001167,REQ-001249,EMP-00063,LOC-08,SVC-01,2025-10-05,Completed,54,False,,,,,,4.9,91.1,False,True,True
APT-001168,REQ-001250,EMP-00104,LOC-06,SVC-06,2025-10-06,Completed,24,False,,,,,,4.2,69.9,False,True,False
APT-001170,REQ-001252,EMP-00136,LOC-06,SVC-01,2025-10-05,Completed,24,True,Urgent reassignment,,,,,4.9,77.4,False,False,False
APT-001171,REQ-001254,EMP-00061,LOC-04,SVC-02,2025-10-05,Completed,31,False,,,,,,3.7,61.8,False,True,False
APT-001172,REQ-001255,EMP-00110,LOC-06,SVC-05,2025-10-06,Completed,33,False,,,,,,3.6,82.2,False,True,False
APT-001174,REQ-001258,EMP-00023,LOC-09,SVC-08,2025-10-08,Completed,23,False,,,,,,4.3,84.9,False,True,True
APT-001175,REQ-001259,EMP-00131,LOC-10,SVC-03,2025-10-08,Completed,3,False,,,,,,3.8,93.6,False,True,False
APT-001177,REQ-001262,EMP-00128,LOC-01,SVC-04,2025-10-07,Completed,13,False,,,,,,3.4,75.7,False,True,False
APT-001179,REQ-001264,EMP-00031,LOC-03,SVC-08,2025-10-06,Completed,19,False,,,,,,4.5,78.1,False,True,True
APT-001181,REQ-001266,EMP-00105,LOC-06,SVC-08,2025-10-07,Completed,49,True,Urgent reassignment,,,,,5.0,72.0,False,True,False
APT-001182,REQ-001267,EMP-00113,LOC-07,SVC-05,2025-10-07,Completed,12,False,,,,,,5.0,76.2,False,True,False
APT-001184,REQ-001269,EMP-00064,LOC-08,SVC-08,2025-10-06,Completed,34,False,,,,,,4.8,76.2,False,True,False
APT-001185,REQ-001270,EMP-00128,LOC-06,SVC-04,2025-10-07,Completed,32,False,,,,,,5.0,80.2,False,True,False
APT-001186,REQ-001271,EMP-00028,LOC-03,SVC-04,2025-10-07,Completed,30,False,,,,,,4.7,100.0,False,True,False
APT-001188,REQ-001273,EMP-00134,LOC-03,SVC-06,2025-10-08,Completed,41,False,,,,,,2.7,78.4,False,True,False
APT-001189,REQ-001274,EMP-00089,LOC-07,SVC-06,2025-10-09,Completed,31,False,,,,,,3.4,83.4,False,True,False
APT-001190,REQ-001275,EMP-00014,LOC-08,SVC-01,2025-10-07,Completed,25,False,,,,,,3.9,86.7,False,True,False
APT-001191,REQ-001276,EMP-00089,LOC-01,SVC-02,2025-10-07,Completed,28,False,,,,,,4.8,85.1,False,True,False
APT-001192,REQ-001277,EMP-00050,LOC-06,SVC-03,2025-10-07,Completed,34,False,,,,,,3.5,74.1,False,True,False
APT-001194,REQ-001279,EMP-00084,LOC-02,SVC-04,2025-10-07,Completed,19,False,,,,,,3.7,72.5,False,True,False
APT-001195,REQ-001280,EMP-00139,LOC-06,SVC-06,2025-10-07,Completed,37,False,,,,,,3.2,80.2,False,True,True
APT-001196,REQ-001281,EMP-00042,LOC-07,SVC-08,2025-10-08,Completed,33,False,,,,,,3.8,78.9,False,True,False
APT-001198,REQ-001283,EMP-00044,LOC-10,SVC-07,2025-10-08,Completed,37,False,,,,,,4.3,75.4,False,True,True
APT-001200,REQ-001285,EMP-00134,LOC-09,SVC-07,2025-10-08,Completed,25,False,,,,,,5.0,86.0,False,True,False
APT-001201,REQ-001286,EMP-00040,LOC-03,SVC-06,2025-10-07,Completed,26,False,,,,,,5.0,80.6,False,True,True
APT-001203,REQ-001288,EMP-00105,LOC-03,SVC-03,2025-10-07,Completed,13,False,,,,,,4.1,84.0,False,True,True
APT-001205,REQ-001290,EMP-00112,LOC-10,SVC-05,2025-10-07,Completed,19,False,,,,,,,87.0,False,True,False
APT-001206,REQ-001291,EMP-00138,LOC-06,SVC-01,2025-10-07,Completed,39,False,,,,,,4.2,91.9,False,True,False
APT-001207,REQ-001292,EMP-00069,LOC-10,SVC-02,2025-10-07,Completed,44,False,,,,,,3.3,81.5,False,True,False
APT-001208,REQ-001293,EMP-00036,LOC-01,SVC-01,2025-10-08,Completed,37,False,,,,,,,87.3,False,True,False
APT-001211,REQ-001296,EMP-00027,LOC-07,SVC-04,2025-10-11,Completed,39,False,,,,,,5.0,71.2,False,True,True
APT-001215,REQ-001301,EMP-00060,LOC-01,SVC-07,2025-10-08,Completed,46,False,,,,,,3.8,84.6,False,True,False
APT-001218,REQ-001304,EMP-00126,LOC-02,SVC-07,2025-10-09,Completed,25,False,,,,,,3.7,90.4,False,True,False
APT-001221,REQ-001307,EMP-00039,LOC-05,SVC-05,2025-10-08,Completed,20,False,,,,,,,85.3,False,True,False
APT-001223,REQ-001309,EMP-00070,LOC-02,SVC-08,2025-10-08,Completed,35,False,,,,,,4.8,77.5,False,True,False
APT-001225,REQ-001311,EMP-00014,LOC-02,SVC-02,2025-10-08,Completed,42,False,,,,,,3.8,69.8,False,True,False
APT-001226,REQ-001313,EMP-00023,LOC-01,SVC-09,2025-10-10,Completed,15,False,,,,,,4.1,93.3,False,False,False
APT-001227,REQ-001314,EMP-00056,LOC-07,SVC-02,2025-10-08,Completed,40,False,,,,,,4.1,72.9,False,True,False
APT-001228,REQ-001315,EMP-00057,LOC-02,SVC-04,2025-10-08,Completed,26,False,,,,,,4.2,97.3,False,True,False
APT-001229,REQ-001316,EMP-00017,LOC-08,SVC-01,2025-10-09,Completed,3,False,,,,,,4.4,83.2,False,True,False
APT-001230,REQ-001317,EMP-00095,LOC-08,SVC-01,2025-10-08,Completed,3,False,,,,,,4.5,79.9,False,True,False
APT-001234,REQ-001321,EMP-00113,LOC-06,SVC-08,2025-10-09,Completed,52,False,,,,,,4.7,80.5,False,True,False
APT-001235,REQ-001322,EMP-00054,LOC-01,SVC-02,2025-10-09,Completed,17,False,,,,,,4.3,73.1,False,True,False
APT-001237,REQ-001324,EMP-00031,LOC-05,SVC-06,2025-10-10,Completed,15,False,,,,,,4.3,78.5,False,True,True
APT-001238,REQ-001325,EMP-00010,LOC-09,SVC-05,2025-10-09,Completed,53,False,,,,,,2.7,79.4,False,True,True
APT-001240,REQ-001327,EMP-00103,LOC-04,SVC-01,2025-10-09,Completed,12,False,,,,,,3.5,67.8,False,True,False
APT-001241,REQ-001328,EMP-00115,LOC-06,SVC-04,2025-10-11,Completed,30,False,,,,,,4.1,76.7,False,True,False
APT-001245,REQ-001333,EMP-00109,LOC-06,SVC-05,2025-10-11,Completed,7,False,,,,,,,94.3,False,True,True
APT-001247,REQ-001335,EMP-00065,LOC-05,SVC-03,2025-10-09,Completed,29,False,,,,,,5.0,77.9,False,True,True
APT-001248,REQ-001336,EMP-00096,LOC-01,SVC-01,2025-10-10,Completed,33,False,,,,,,4.8,77.7,False,True,False
APT-001249,REQ-001337,EMP-00054,LOC-01,SVC-06,2025-10-09,Completed,28,False,,,,,,4.0,90.7,False,True,False
APT-001251,REQ-001339,EMP-00037,LOC-02,SVC-04,2025-10-11,Completed,20,False,,,,,,,79.6,False,True,False
APT-001252,REQ-001340,EMP-00063,LOC-01,SVC-05,2025-10-09,Completed,3,False,,,,,,4.3,69.2,False,True,False
APT-001253,REQ-001341,EMP-00033,LOC-02,SVC-08,2025-10-09,Completed,47,False,,,,,,4.6,93.2,False,True,False
APT-001255,REQ-001343,EMP-00126,LOC-10,SVC-05,2025-10-10,Completed,12,False,,,,,,4.4,76.6,False,False,True
APT-001256,REQ-001345,EMP-00098,LOC-07,SVC-02,2025-10-10,Completed,14,False,,,,,,4.0,80.2,False,True,True
APT-001261,REQ-001350,EMP-00095,LOC-09,SVC-02,2025-10-09,Completed,12,False,,,,,,5.0,65.3,False,True,False
APT-001263,REQ-001352,EMP-00002,LOC-02,SVC-08,2025-10-11,Completed,16,False,,,,,,4.7,75.7,False,True,False
APT-001264,REQ-001353,EMP-00083,LOC-09,SVC-05,2025-10-11,Completed,40,False,,,,,,3.3,100.0,False,True,False
APT-001266,REQ-001356,EMP-00044,LOC-01,SVC-04,2025-10-10,Completed,13,False,,,,,,,89.7,False,True,False
APT-001268,REQ-001359,EMP-00041,LOC-09,SVC-09,2025-10-11,Completed,16,False,,,,,,3.7,71.7,False,True,False
APT-001272,REQ-001363,EMP-00148,LOC-08,SVC-02,2025-10-13,Completed,26,False,,,,,,5.0,70.9,False,False,True
APT-001273,REQ-001364,EMP-00090,LOC-05,SVC-05,2025-10-10,Completed,4,False,,,,,,4.3,61.7,False,True,True
APT-001274,REQ-001365,EMP-00123,LOC-05,SVC-05,2025-10-11,Completed,10,False,,,,,,4.9,83.3,False,True,False
APT-001278,REQ-001369,EMP-00008,LOC-10,SVC-05,2025-10-12,Completed,15,False,,,,,,4.8,82.7,False,True,False
APT-001280,REQ-001371,EMP-00137,LOC-08,SVC-02,2025-10-14,Completed,23,False,,,,,,4.8,76.9,False,True,False
APT-001282,REQ-001373,EMP-00095,LOC-03,SVC-05,2025-10-11,Completed,28,False,,,,,,3.8,83.9,False,True,False
APT-001285,REQ-001376,EMP-00069,LOC-01,SVC-08,2025-10-12,Completed,35,False,,,,,,4.9,74.0,False,True,True
APT-001286,REQ-001377,EMP-00091,LOC-10,SVC-01,2025-10-11,Completed,36,False,,,,,,,98.3,False,True,False
APT-001287,REQ-001378,EMP-00067,LOC-07,SVC-03,2025-10-13,Completed,55,False,,,,,,4.5,88.1,False,True,False
APT-001289,REQ-001381,EMP-00094,LOC-01,SVC-05,2025-10-12,Completed,3,False,,,,,,4.6,86.9,False,True,True
APT-001290,REQ-001382,EMP-00105,LOC-10,SVC-03,2025-10-14,Completed,14,False,,,,,,4.1,76.2,False,True,False
APT-001291,REQ-001383,EMP-00043,LOC-01,SVC-02,2025-10-13,Completed,18,False,,,,,,3.7,71.4,False,True,False
APT-001293,REQ-001385,EMP-00126,LOC-02,SVC-02,2025-10-12,Completed,3,False,,,,,,4.6,91.5,False,True,True
APT-001295,REQ-001389,EMP-00067,LOC-01,SVC-01,2025-10-15,Completed,29,False,,,,,,5.0,80.5,False,True,True
APT-001296,REQ-001390,EMP-00017,LOC-08,SVC-07,2025-10-15,Completed,3,False,,,,,,,84.0,False,True,True
APT-001298,REQ-001392,EMP-00150,LOC-09,SVC-07,2025-10-14,Completed,10,False,,,,,,4.2,77.4,False,True,False
APT-001299,REQ-001393,EMP-00061,LOC-07,SVC-08,2025-10-16,Completed,38,False,,,,,,5.0,84.9,False,True,True
APT-001300,REQ-001394,EMP-00027,LOC-02,SVC-02,2025-10-14,Completed,20,False,,,,,,2.8,93.0,False,False,False
APT-001301,REQ-001395,EMP-00119,LOC-02,SVC-06,2025-10-14,Completed,34,False,,,,,,5.0,83.5,False,True,False
APT-001303,REQ-001397,EMP-00028,LOC-01,SVC-01,2025-10-14,Completed,21,False,,,,,,4.9,86.0,False,True,False
APT-001305,REQ-001400,EMP-00041,LOC-02,SVC-09,2025-10-14,Completed,34,False,,,,,,3.4,84.1,False,True,True
APT-001307,REQ-001402,EMP-00148,LOC-08,SVC-05,2025-10-13,Completed,24,True,Continuity of care,,,,,4.5,89.4,False,True,False
APT-001310,REQ-001405,EMP-00091,LOC-03,SVC-06,2025-10-13,Completed,7,False,,,,,,4.7,76.4,False,True,False
APT-001313,REQ-001409,EMP-00101,LOC-08,SVC-05,2025-10-13,Completed,23,False,,,,,,5.0,99.4,False,True,False
APT-001316,REQ-001412,EMP-00055,LOC-03,SVC-05,2025-10-14,Completed,25,False,,,,,,3.0,88.2,False,True,False
APT-001318,REQ-001414,EMP-00065,LOC-04,SVC-07,2025-10-14,Completed,22,False,,,,,,3.5,72.3,False,True,False
APT-001320,REQ-001416,EMP-00122,LOC-03,SVC-07,2025-10-14,Completed,32,False,,,,,,3.3,66.7,False,False,False
APT-001324,REQ-001420,EMP-00050,LOC-10,SVC-09,2025-10-17,Completed,25,False,,,,,,4.8,87.7,False,True,True
APT-001325,REQ-001421,EMP-00002,LOC-05,SVC-06,2025-10-15,Completed,16,False,,,,,,5.0,83.5,False,True,True
APT-001326,REQ-001422,EMP-00041,LOC-05,SVC-01,2025-10-14,Completed,19,False,,,,,,,80.3,False,True,False
APT-001327,REQ-001423,EMP-00028,LOC-05,SVC-04,2025-10-14,Completed,3,False,,,,,,3.4,91.2,False,True,True
APT-001328,REQ-001424,EMP-00049,LOC-01,SVC-07,2025-10-15,Completed,58,False,,,,,,5.0,84.9,False,True,False
APT-001329,REQ-001425,EMP-00008,LOC-08,SVC-06,2025-10-16,Completed,29,False,,,,,,4.7,69.9,False,True,False
APT-001330,REQ-001426,EMP-00104,LOC-09,SVC-01,2025-10-14,Completed,25,False,,,,,,4.3,69.9,False,False,False
APT-001331,REQ-001427,EMP-00122,LOC-03,SVC-02,2025-10-15,Completed,31,False,,,,,,3.7,84.2,False,True,False
APT-001334,REQ-001430,EMP-00010,LOC-02,SVC-07,2025-10-18,Completed,30,False,,,,,,5.0,88.4,False,True,False
APT-001335,REQ-001431,EMP-00067,LOC-03,SVC-08,2025-10-16,Completed,7,False,,,,,,4.4,81.0,False,True,False
APT-001336,REQ-001432,EMP-00137,LOC-02,SVC-02,2025-10-14,Completed,8,False,,,,,,5.0,95.7,False,True,False
APT-001337,REQ-001433,EMP-00106,LOC-01,SVC-07,2025-10-15,Completed,8,True,Continuity of care,,,,,4.8,58.9,False,True,False
APT-001338,REQ-001434,EMP-00028,LOC-04,SVC-04,2025-10-15,Completed,27,True,Skill match unavailable,,,,,3.6,85.6,False,True,False
APT-001339,REQ-001436,EMP-00044,LOC-06,SVC-02,2025-10-16,Completed,23,False,,,,,,,95.3,False,True,False
APT-001341,REQ-001438,EMP-00050,LOC-01,SVC-01,2025-10-15,Completed,25,False,,,,,,3.1,74.5,False,True,True
APT-001342,REQ-001439,EMP-00011,LOC-10,SVC-08,2025-10-16,Completed,43,True,Continuity of care,,,,,4.2,93.3,False,True,False
APT-001343,REQ-001440,EMP-00018,LOC-10,SVC-05,2025-10-16,Completed,27,False,,,,,,4.2,59.6,False,True,True
APT-001345,REQ-001442,EMP-00084,LOC-05,SVC-02,2025-10-15,Completed,32,False,,,,,,4.5,78.6,False,True,False
APT-001347,REQ-001444,EMP-00095,LOC-06,SVC-06,2025-10-16,Completed,7,False,,,,,,4.7,87.7,False,True,False
APT-001348,REQ-001445,EMP-00121,LOC-03,SVC-01,2025-10-16,Completed,7,False,,,,,,5.0,79.1,False,True,False
APT-001352,REQ-001449,EMP-00113,LOC-02,SVC-06,2025-10-15,Completed,17,False,,,,,,4.6,78.7,False,True,False
APT-001353,REQ-001450,EMP-00068,LOC-02,SVC-07,2025-10-16,Completed,19,False,,,,,,5.0,96.7,False,True,False
APT-001354,REQ-001451,EMP-00036,LOC-02,SVC-07,2025-10-18,Completed,13,False,,,,,,,71.5,False,True,False
APT-001358,REQ-001455,EMP-00080,LOC-10,SVC-09,2025-10-17,Completed,33,False,,,,,,,86.7,False,True,False
APT-001360,REQ-001457,EMP-00017,LOC-01,SVC-05,2025-10-16,Completed,23,False,,,,,,4.1,85.7,False,True,False
APT-001362,REQ-001459,EMP-00047,LOC-01,SVC-05,2025-10-17,Completed,20,False,,,,,,4.5,75.4,False,True,False
APT-001365,REQ-001464,EMP-00089,LOC-01,SVC-09,2025-10-17,Completed,30,False,,,,,,4.1,83.9,False,True,False
APT-001367,REQ-001467,EMP-00063,LOC-08,SVC-02,2025-10-16,Completed,46,False,,,,,,,89.7,False,True,False
APT-001369,REQ-001469,EMP-00037,LOC-03,SVC-05,2025-10-16,Completed,28,False,,,,,,5.0,91.3,False,True,False
APT-001372,REQ-001472,EMP-00008,LOC-06,SVC-02,2025-10-17,Completed,43,False,,,,,,3.3,95.3,False,True,False
APT-001376,REQ-001477,EMP-00010,LOC-02,SVC-01,2025-10-19,Completed,16,False,,,,,,4.8,79.8,False,True,False
APT-001378,REQ-001479,EMP-00013,LOC-07,SVC-05,2025-10-18,Completed,55,False,,,,,,5.0,79.7,False,True,False
APT-001379,REQ-001480,EMP-00036,LOC-08,SVC-03,2025-10-18,Completed,3,False,,,,,,4.2,85.3,False,True,False
APT-001381,REQ-001483,EMP-00102,LOC-10,SVC-05,2025-10-17,Completed,18,False,,,,,,3.9,73.0,False,True,False
APT-001384,REQ-001486,EMP-00141,LOC-05,SVC-04,2025-10-18,Completed,16,False,,,,,,,87.0,False,True,False
APT-001385,REQ-001487,EMP-00058,LOC-09,SVC-05,2025-10-21,Completed,42,False,,,,,,5.0,82.0,False,True,False
APT-001386,REQ-001488,EMP-00119,LOC-09,SVC-03,2025-10-19,Completed,44,False,,,,,,4.8,100.0,False,False,False
APT-001388,REQ-001491,EMP-00138,LOC-02,SVC-07,2025-10-18,Completed,26,False,,,,,,4.3,96.1,False,True,True
APT-001389,REQ-001492,EMP-00084,LOC-09,SVC-05,2025-10-17,Completed,15,False,,,,,,3.3,79.3,False,True,False
APT-001391,REQ-001494,EMP-00013,LOC-10,SVC-09,2025-10-22,Completed,39,False,,,,,,4.8,85.2,False,False,True
APT-001396,REQ-001499,EMP-00022,LOC-02,SVC-08,2025-10-18,Completed,15,False,,,,,,5.0,75.0,True,True,True
APT-001398,REQ-001501,EMP-00089,LOC-07,SVC-06,2025-10-18,Completed,47,False,,,,,,5.0,80.5,False,True,False
APT-001399,REQ-001502,EMP-00091,LOC-07,SVC-03,2025-10-19,Completed,17,False,,,,,,4.4,85.1,False,True,False
APT-001400,REQ-001503,EMP-00044,LOC-03,SVC-08,2025-10-19,Completed,26,False,,,,,,3.8,87.4,False,False,False
APT-001405,REQ-001508,EMP-00148,LOC-08,SVC-08,2025-10-21,Completed,30,False,,,,,,3.6,61.3,False,True,False
APT-001406,REQ-001509,EMP-00148,LOC-02,SVC-04,2025-10-21,Completed,12,False,,,,,,3.7,100.0,False,True,False
APT-001407,REQ-001510,EMP-00103,LOC-07,SVC-09,2025-10-20,Completed,37,False,,,,,,5.0,71.1,False,True,False
APT-001408,REQ-001512,EMP-00066,LOC-05,SVC-07,2025-10-20,Completed,3,False,,,,,,5.0,87.3,False,True,False
APT-001409,REQ-001513,EMP-00075,LOC-05,SVC-02,2025-10-21,Completed,20,False,,,,,,3.1,72.5,False,True,True
APT-001411,REQ-001515,EMP-00011,LOC-07,SVC-01,2025-10-20,Completed,7,False,,,,,,3.1,86.9,False,True,True
APT-001414,REQ-001518,EMP-00123,LOC-04,SVC-05,2025-10-20,Completed,18,False,,,,,,4.6,68.7,False,True,False
APT-001416,REQ-001520,EMP-00015,LOC-09,SVC-03,2025-10-21,Completed,19,False,,,,,,,78.1,False,False,False
APT-001418,REQ-001522,EMP-00058,LOC-09,SVC-02,2025-10-21,Completed,39,False,,,,,,4.6,82.4,False,True,True
APT-001419,REQ-001523,EMP-00117,LOC-01,SVC-01,2025-10-20,Completed,16,False,,,,,,3.6,95.7,False,True,False
APT-001421,REQ-001525,EMP-00093,LOC-05,SVC-09,2025-10-20,Completed,14,False,,,,,,4.6,74.7,False,True,False
APT-001424,REQ-001529,EMP-00065,LOC-07,SVC-05,2025-10-21,Completed,35,True,Continuity of care,,,,,4.1,62.9,False,True,False
APT-001425,REQ-001530,EMP-00050,LOC-03,SVC-01,2025-10-21,Completed,19,False,,,,,,,76.4,False,True,False
APT-001426,REQ-001531,EMP-00055,LOC-05,SVC-09,2025-10-20,Completed,28,False,,,,,,4.2,77.3,False,True,False
APT-001427,REQ-001532,EMP-00063,LOC-03,SVC-01,2025-10-20,Completed,26,False,,,,,,,69.0,False,True,True
APT-001429,REQ-001534,EMP-00098,LOC-09,SVC-06,2025-10-22,Completed,12,False,,,,,,3.4,74.8,False,True,False
APT-001430,REQ-001535,EMP-00093,LOC-03,SVC-05,2025-10-21,Completed,3,False,,,,,,3.9,82.2,False,False,False
APT-001431,REQ-001537,EMP-00038,LOC-05,SVC-07,2025-10-21,Completed,10,False,,,,,,4.0,82.9,False,True,False
APT-001432,REQ-001539,EMP-00128,LOC-10,SVC-01,2025-10-23,Completed,23,False,,,,,,4.3,64.1,False,True,True
APT-001434,REQ-001541,EMP-00141,LOC-04,SVC-08,2025-10-21,Completed,18,False,,,,,,5.0,75.6,False,True,False
APT-001435,REQ-001542,EMP-00096,LOC-09,SVC-02,2025-10-22,Completed,22,False,,,,,,4.8,95.1,False,True,False
APT-001436,REQ-001543,EMP-00109,LOC-10,SVC-04,2025-10-22,Completed,53,False,,,,,,4.7,87.9,False,True,False
APT-001437,REQ-001544,EMP-00011,LOC-03,SVC-03,2025-10-23,Completed,4,False,,,,,,,71.7,False,True,False
APT-001438,REQ-001545,EMP-00070,LOC-10,SVC-09,2025-10-24,Completed,8,False,,,,,,3.8,78.4,False,True,True
APT-001439,REQ-001546,EMP-00142,LOC-02,SVC-01,2025-10-21,Completed,25,False,,,,,,3.7,88.3,False,True,False
APT-001440,REQ-001548,EMP-00093,LOC-08,SVC-05,2025-10-21,Completed,24,False,,,,,,5.0,88.9,False,True,False
APT-001441,REQ-001549,EMP-00036,LOC-04,SVC-03,2025-10-21,Completed,31,False,,,,,,4.6,90.1,False,True,False
APT-001442,REQ-001550,EMP-00049,LOC-10,SVC-01,2025-10-21,Completed,6,False,,,,,,4.1,93.7,False,True,False
APT-001444,REQ-001552,EMP-00054,LOC-05,SVC-06,2025-10-21,Completed,13,True,Skill match unavailable,,,,,5.0,64.1,False,True,False
APT-001445,REQ-001553,EMP-00084,LOC-08,SVC-09,2025-10-21,Completed,11,False,,,,,,4.0,71.6,False,True,True
APT-001448,REQ-001557,EMP-00099,LOC-09,SVC-06,2025-10-22,Completed,33,False,,,,,,4.4,78.4,False,True,False
APT-001449,REQ-001558,EMP-00086,LOC-05,SVC-03,2025-10-21,Completed,15,False,,,,,,4.6,98.9,False,True,False
APT-001450,REQ-001559,EMP-00037,LOC-06,SVC-02,2025-10-22,Completed,16,False,,,,,,,92.6,False,True,False
APT-001453,REQ-001562,EMP-00139,LOC-06,SVC-01,2025-10-22,Completed,36,False,,,,,,,73.2,False,True,True
APT-001458,REQ-001568,EMP-00068,LOC-02,SVC-06,2025-10-22,Completed,29,False,,,,,,3.8,97.8,False,True,False
APT-001459,REQ-001569,EMP-00090,LOC-01,SVC-05,2025-10-23,Completed,6,True,Urgent reassignment,,,,,4.1,93.8,False,False,False
APT-001460,REQ-001570,EMP-00134,LOC-03,SVC-06,2025-10-22,Completed,31,False,,,,,,3.4,79.2,True,True,False
APT-001461,REQ-001571,EMP-00075,LOC-08,SVC-04,2025-10-23,Completed,46,False,,,,,,4.0,91.4,False,True,False
APT-001462,REQ-001572,EMP-00143,LOC-06,SVC-04,2025-10-23,Completed,63,False,,,,,,4.4,97.4,False,True,False
APT-001464,REQ-001574,EMP-00092,LOC-02,SVC-07,2025-10-23,Completed,26,False,,,,,,4.2,100.0,False,True,False
APT-001467,REQ-001577,EMP-00055,LOC-10,SVC-03,2025-10-23,Completed,44,False,,,,,,4.6,71.0,False,True,True
APT-001468,REQ-001578,EMP-00092,LOC-06,SVC-07,2025-10-26,Completed,14,False,,,,,,4.1,92.9,False,False,False
APT-001469,REQ-001579,EMP-00103,LOC-06,SVC-05,2025-10-23,Completed,17,False,,,,,,5.0,100.0,False,False,False
APT-001470,REQ-001580,EMP-00106,LOC-06,SVC-07,2025-10-25,Completed,42,True,Continuity of care,,,,,5.0,67.8,False,True,True
APT-001472,REQ-001583,EMP-00017,LOC-10,SVC-01,2025-10-25,Completed,3,False,,,,,,3.4,67.4,False,True,False
APT-001475,REQ-001586,EMP-00121,LOC-02,SVC-06,2025-10-24,Completed,3,False,,,,,,5.0,80.5,False,True,True
APT-001477,REQ-001588,EMP-00099,LOC-10,SVC-06,2025-10-23,Completed,12,False,,,,,,5.0,64.7,False,True,False
APT-001478,REQ-001589,EMP-00058,LOC-09,SVC-07,2025-10-23,Completed,15,False,,,,,,4.1,89.9,False,True,False
APT-001481,REQ-001592,EMP-00109,LOC-02,SVC-01,2025-10-28,Completed,3,False,,,,,,,84.1,False,True,False
APT-001482,REQ-001593,EMP-00063,LOC-07,SVC-04,2025-10-25,Completed,35,False,,,,,,4.0,66.1,False,True,False
APT-001484,REQ-001597,EMP-00129,LOC-06,SVC-04,2025-10-26,Completed,25,False,,,,,,,87.0,False,True,False
APT-001489,REQ-001602,EMP-00067,LOC-07,SVC-01,2025-10-24,Completed,20,False,,,,,,4.2,96.2,False,True,False
APT-001491,REQ-001604,EMP-00043,LOC-06,SVC-05,2025-10-25,Completed,32,False,,,,,,4.8,83.1,True,True,True
APT-001492,REQ-001605,EMP-00054,LOC-06,SVC-05,2025-10-25,Completed,30,False,,,,,,4.0,73.6,False,True,False
APT-001493,REQ-001606,EMP-00098,LOC-05,SVC-08,2025-10-25,Completed,40,False,,,,,,4.2,84.5,False,True,True
APT-001494,REQ-001608,EMP-00121,LOC-04,SVC-09,2025-10-25,Completed,34,True,Skill match unavailable,,,,,3.1,100.0,False,True,False
APT-001498,REQ-001613,EMP-00063,LOC-01,SVC-05,2025-10-24,Completed,20,False,,,,,,4.6,83.6,False,True,True
APT-001500,REQ-001615,EMP-00085,LOC-09,SVC-07,2025-10-25,Completed,34,False,,,,,,2.8,81.8,False,True,False
APT-001501,REQ-001616,EMP-00067,LOC-10,SVC-07,2025-10-24,Completed,29,False,,,,,,4.1,87.4,False,True,False
APT-001504,REQ-001619,EMP-00023,LOC-07,SVC-02,2025-10-25,Completed,3,False,,,,,,3.9,89.2,False,True,False
APT-001505,REQ-001620,EMP-00075,LOC-09,SVC-05,2025-10-25,Completed,12,False,,,,,,3.8,90.5,False,True,False
APT-001506,REQ-001621,EMP-00138,LOC-01,SVC-03,2025-10-26,Completed,22,False,,,,,,4.5,85.1,False,True,True
APT-001507,REQ-001622,EMP-00031,LOC-05,SVC-05,2025-10-26,Completed,22,False,,,,,,4.1,86.6,False,True,True
APT-001508,REQ-001623,EMP-00067,LOC-08,SVC-02,2025-10-25,Completed,3,False,,,,,,4.7,90.3,False,True,False
APT-001509,REQ-001624,EMP-00139,LOC-08,SVC-02,2025-10-25,Completed,24,False,,,,,,4.2,77.5,False,False,True
APT-001511,REQ-001626,EMP-00133,LOC-02,SVC-01,2025-10-26,Completed,38,False,,,,,,5.0,84.1,False,True,True
APT-001512,REQ-001627,EMP-00065,LOC-05,SVC-01,2025-10-25,Completed,45,False,,,,,,4.7,96.9,False,False,False
APT-001513,REQ-001628,EMP-00117,LOC-08,SVC-01,2025-10-26,Completed,50,False,,,,,,5.0,90.1,False,True,False
APT-001514,REQ-001629,EMP-00129,LOC-09,SVC-01,2025-10-25,Completed,50,False,,,,,,3.7,87.7,False,True,False
APT-001515,REQ-001630,EMP-00036,LOC-07,SVC-03,2025-10-26,Completed,35,False,,,,,,3.0,77.4,False,True,False
APT-001519,REQ-001635,EMP-00095,LOC-05,SVC-05,2025-10-26,Completed,26,False,,,,,,4.8,85.7,False,True,False
APT-001524,REQ-001640,EMP-00103,LOC-04,SVC-04,2025-10-27,Completed,33,False,,,,,,4.9,75.8,False,True,False
APT-001527,REQ-001644,EMP-00128,LOC-09,SVC-04,2025-10-30,Completed,15,False,,,,,,,74.2,False,True,True
APT-001528,REQ-001645,EMP-00030,LOC-08,SVC-01,2025-10-29,Completed,21,False,,,,,,3.8,67.4,False,True,False
APT-001529,REQ-001646,EMP-00128,LOC-10,SVC-02,2025-10-27,Completed,39,False,,,,,,3.7,80.8,False,True,False
APT-001531,REQ-001648,EMP-00084,LOC-04,SVC-09,2025-10-27,Completed,30,False,,,,,,4.1,66.5,False,True,True
APT-001534,REQ-001651,EMP-00137,LOC-02,SVC-01,2025-10-27,Completed,28,False,,,,,,3.5,69.1,False,True,False
APT-001535,REQ-001653,EMP-00027,LOC-10,SVC-01,2025-10-28,Completed,36,False,,,,,,3.3,65.9,False,False,False
APT-001536,REQ-001654,EMP-00090,LOC-02,SVC-08,2025-10-29,Completed,17,False,,,,,,5.0,86.3,False,False,False
APT-001537,REQ-001655,EMP-00094,LOC-03,SVC-01,2025-10-28,Completed,28,False,,,,,,4.6,100.0,False,True,True
APT-001538,REQ-001656,EMP-00051,LOC-03,SVC-04,2025-10-28,Completed,4,False,,,,,,5.0,100.0,False,True,True
APT-001539,REQ-001657,EMP-00066,LOC-06,SVC-05,2025-10-28,Completed,10,False,,,,,,5.0,81.9,False,True,True
APT-001540,REQ-001658,EMP-00014,LOC-08,SVC-08,2025-10-28,Completed,9,False,,,,,,3.5,84.8,False,False,False
APT-001541,REQ-001659,EMP-00018,LOC-09,SVC-05,2025-10-29,Completed,38,False,,,,,,4.2,81.7,False,True,True
APT-001543,REQ-001661,EMP-00101,LOC-10,SVC-06,2025-10-28,Completed,32,False,,,,,,4.8,87.8,False,True,False
APT-001544,REQ-001662,EMP-00015,LOC-07,SVC-02,2025-11-01,Completed,27,False,,,,,,4.8,80.6,False,True,True
APT-001545,REQ-001663,EMP-00095,LOC-06,SVC-09,2025-10-29,Completed,12,False,,,,,,4.5,85.3,False,True,True
APT-001548,REQ-001666,EMP-00040,LOC-09,SVC-01,2025-10-28,Completed,22,True,Continuity of care,,,,,5.0,66.0,False,True,False
APT-001549,REQ-001667,EMP-00148,LOC-05,SVC-04,2025-10-28,Completed,23,False,,,,,,4.7,79.3,False,True,False
APT-001550,REQ-001668,EMP-00110,LOC-03,SVC-02,2025-10-28,Completed,20,False,,,,,,4.4,89.0,False,True,False
APT-001552,REQ-001670,EMP-00089,LOC-06,SVC-07,2025-10-28,Completed,34,False,,,,,,4.9,80.2,False,True,False
APT-001553,REQ-001671,EMP-00141,LOC-01,SVC-07,2025-10-28,Completed,39,False,,,,,,3.8,81.3,False,True,False
APT-001554,REQ-001672,EMP-00028,LOC-07,SVC-06,2025-10-28,Completed,12,False,,,,,,4.0,62.8,False,True,False
APT-001555,REQ-001674,EMP-00102,LOC-08,SVC-09,2025-10-29,Completed,14,False,,,,,,3.6,60.3,False,True,False
APT-001556,REQ-001676,EMP-00016,LOC-06,SVC-02,2025-10-29,Completed,3,False,,,,,,3.8,95.8,False,True,False
APT-001557,REQ-001677,EMP-00133,LOC-10,SVC-09,2025-10-28,Completed,42,False,,,,,,3.8,81.4,False,True,True
APT-001559,REQ-001679,EMP-00033,LOC-07,SVC-05,2025-10-28,Completed,25,False,,,,,,4.2,76.8,False,False,False
APT-001560,REQ-001680,EMP-00123,LOC-10,SVC-05,2025-10-30,Completed,46,False,,,,,,3.5,90.3,False,True,False
APT-001561,REQ-001681,EMP-00142,LOC-06,SVC-08,2025-10-28,Completed,43,False,,,,,,5.0,82.6,False,True,False
APT-001562,REQ-001682,EMP-00013,LOC-01,SVC-01,2025-10-29,Completed,23,False,,,,,,4.8,69.2,False,True,False
APT-001563,REQ-001683,EMP-00131,LOC-07,SVC-03,2025-10-28,Completed,35,False,,,,,,4.4,74.1,False,True,False
APT-001565,REQ-001685,EMP-00118,LOC-09,SVC-07,2025-10-29,Completed,21,False,,,,,,3.9,82.8,False,True,False
APT-001566,REQ-001686,EMP-00056,LOC-10,SVC-01,2025-10-30,Completed,32,False,,,,,,,77.2,False,True,False
APT-001569,REQ-001689,EMP-00058,LOC-08,SVC-03,2025-10-29,Completed,38,True,Client preference,,,,,3.9,82.7,False,True,False
APT-001571,REQ-001691,EMP-00063,LOC-03,SVC-03,2025-10-30,Completed,19,False,,,,,,4.1,80.4,False,False,False
APT-001572,REQ-001692,EMP-00022,LOC-07,SVC-07,2025-10-29,Completed,10,False,,,,,,4.7,91.5,False,True,True
APT-001573,REQ-001693,EMP-00018,LOC-09,SVC-01,2025-10-29,Completed,9,True,Urgent reassignment,,,,,4.7,93.7,False,True,False
APT-001575,REQ-001695,EMP-00025,LOC-08,SVC-01,2025-10-30,Completed,9,False,,,,,,3.9,74.0,False,True,False
APT-001576,REQ-001696,EMP-00069,LOC-05,SVC-02,2025-10-29,Completed,27,False,,,,,,3.5,88.9,False,False,False
APT-001577,REQ-001697,EMP-00066,LOC-01,SVC-01,2025-10-30,Completed,25,False,,,,,,3.5,96.3,False,True,False
APT-001578,REQ-001698,EMP-00022,LOC-10,SVC-03,2025-10-31,Completed,53,False,,,,,,5.0,92.3,False,True,False
APT-001581,REQ-001703,EMP-00033,LOC-09,SVC-02,2025-10-29,Completed,35,False,,,,,,4.4,85.3,False,True,False
APT-001582,REQ-001704,EMP-00089,LOC-03,SVC-07,2025-10-29,Completed,12,False,,,,,,4.4,90.3,False,False,False
APT-001583,REQ-001705,EMP-00121,LOC-05,SVC-05,2025-10-30,Completed,33,False,,,,,,5.0,63.4,False,True,False
APT-001584,REQ-001706,EMP-00066,LOC-01,SVC-09,2025-10-30,Completed,41,False,,,,,,5.0,75.1,False,False,False
APT-001585,REQ-001707,EMP-00112,LOC-02,SVC-09,2025-10-30,Completed,9,False,,,,,,3.6,71.3,False,True,True
APT-001586,REQ-001708,EMP-00058,LOC-05,SVC-05,2025-10-30,Completed,10,True,Skill match unavailable,,,,,3.0,82.4,False,True,True
APT-001588,REQ-001710,EMP-00030,LOC-08,SVC-08,2025-10-31,Completed,33,False,,,,,,4.7,79.4,False,True,True
APT-001591,REQ-001715,EMP-00075,LOC-03,SVC-04,2025-11-01,Completed,6,False,,,,,,4.0,65.4,False,True,False
APT-001592,REQ-001716,EMP-00102,LOC-10,SVC-06,2025-10-30,Completed,3,False,,,,,,4.5,99.2,False,False,True
APT-001593,REQ-001717,EMP-00052,LOC-04,SVC-01,2025-10-30,Completed,36,False,,,,,,3.6,72.2,False,True,False
APT-001597,REQ-001721,EMP-00086,LOC-04,SVC-02,2025-10-30,Completed,16,False,,,,,,4.4,83.1,True,True,False
APT-001599,REQ-001723,EMP-00047,LOC-10,SVC-01,2025-11-01,Completed,4,False,,,,,,4.7,98.4,False,True,False
APT-001603,REQ-001728,EMP-00129,LOC-06,SVC-03,2025-11-01,Completed,29,False,,,,,,5.0,91.8,False,True,False
APT-001604,REQ-001729,EMP-00005,LOC-10,SVC-03,2025-10-31,Completed,48,False,,,,,,4.3,90.5,False,True,False
APT-001606,REQ-001731,EMP-00096,LOC-01,SVC-02,2025-11-01,Completed,33,False,,,,,,,88.8,False,True,True
APT-001607,REQ-001732,EMP-00036,LOC-09,SVC-04,2025-10-31,Completed,35,False,,,,,,3.1,90.4,False,True,True
APT-001608,REQ-001733,EMP-00005,LOC-01,SVC-01,2025-10-31,Completed,31,False,,,,,,4.3,81.3,False,True,True
APT-001609,REQ-001734,EMP-00022,LOC-04,SVC-06,2025-11-01,Completed,22,False,,,,,,4.8,73.3,False,True,False
APT-001612,REQ-001737,EMP-00027,LOC-09,SVC-09,2025-11-01,Completed,8,False,,,,,,3.8,92.1,False,True,False
APT-001613,REQ-001738,EMP-00015,LOC-07,SVC-02,2025-10-31,Completed,3,False,,,,,,4.6,72.9,False,True,False
APT-001614,REQ-001739,EMP-00085,LOC-01,SVC-03,2025-11-02,Completed,33,False,,,,,,4.0,99.9,False,True,False
APT-001615,REQ-001740,EMP-00105,LOC-05,SVC-07,2025-10-31,Completed,39,False,,,,,,4.8,71.8,False,True,False
APT-001616,REQ-001741,EMP-00126,LOC-06,SVC-08,2025-11-01,Completed,11,False,,,,,,3.1,95.9,False,True,False
APT-001617,REQ-001742,EMP-00146,LOC-01,SVC-01,2025-11-01,Completed,32,False,,,,,,4.1,93.7,False,True,False
APT-001620,REQ-001745,EMP-00031,LOC-05,SVC-03,2025-11-02,Completed,3,False,,,,,,4.0,86.1,False,True,False
APT-001621,REQ-001746,EMP-00057,LOC-09,SVC-01,2025-11-06,Completed,5,False,,,,,,4.8,89.1,False,True,True
APT-001622,REQ-001747,EMP-00102,LOC-09,SVC-01,2025-11-01,Completed,17,False,,,,,,4.4,66.1,False,True,True
APT-001623,REQ-001748,EMP-00129,LOC-09,SVC-01,2025-11-02,Completed,26,False,,,,,,5.0,81.2,False,True,False
APT-001626,REQ-001751,EMP-00064,LOC-08,SVC-03,2025-11-02,Completed,50,False,,,,,,4.0,86.0,False,True,False
APT-001629,REQ-001754,EMP-00065,LOC-03,SVC-07,2025-11-01,Completed,20,False,,,,,,4.0,61.8,False,False,False
APT-001631,REQ-001756,EMP-00105,LOC-07,SVC-01,2025-11-02,Completed,48,False,,,,,,4.1,73.2,False,True,True
APT-001636,REQ-001761,EMP-00126,LOC-02,SVC-09,2025-11-02,Completed,12,False,,,,,,3.5,80.0,False,True,False
APT-001637,REQ-001762,EMP-00095,LOC-08,SVC-09,2025-11-05,Completed,11,False,,,,,,3.7,73.9,False,True,False
APT-001638,REQ-001763,EMP-00038,LOC-06,SVC-07,2025-11-02,Completed,30,False,,,,,,4.0,78.0,False,True,True
APT-001639,REQ-001764,EMP-00136,LOC-08,SVC-09,2025-11-02,Completed,13,False,,,,,,4.5,72.6,False,True,False
APT-001640,REQ-001765,EMP-00103,LOC-02,SVC-07,2025-11-02,Completed,3,False,,,,,,3.7,87.3,False,True,False
APT-001642,REQ-001767,EMP-00004,LOC-10,SVC-04,2025-11-02,Completed,23,False,,,,,,4.2,81.9,False,False,True
APT-001643,REQ-001768,EMP-00006,LOC-02,SVC-05,2025-11-05,Completed,36,False,,,,,,4.6,73.1,False,True,False
APT-001645,REQ-001770,EMP-00115,LOC-06,SVC-01,2025-11-05,Completed,27,False,,,,,,5.0,99.2,False,True,False
APT-001647,REQ-001772,EMP-00010,LOC-01,SVC-07,2025-11-04,Completed,12,False,,,,,,3.6,71.8,False,True,False
APT-001649,REQ-001774,EMP-00119,LOC-02,SVC-09,2025-11-05,Completed,25,False,,,,,,4.5,65.8,False,False,False
APT-001650,REQ-001775,EMP-00089,LOC-09,SVC-02,2025-11-06,Completed,30,True,Skill match unavailable,,,,,3.5,89.2,False,True,False
APT-001652,REQ-001777,EMP-00120,LOC-10,SVC-01,2025-11-04,Completed,37,False,,,,,,4.7,70.3,False,False,False
APT-001656,REQ-001783,EMP-00041,LOC-07,SVC-01,2025-11-05,Completed,17,False,,,,,,4.8,80.5,False,True,False
APT-001657,REQ-001784,EMP-00121,LOC-02,SVC-07,2025-11-04,Completed,12,False,,,,,,,85.3,False,True,False
APT-001658,REQ-001785,EMP-00021,LOC-10,SVC-01,2025-11-04,Completed,44,False,,,,,,4.1,66.9,False,False,False
APT-001659,REQ-001786,EMP-00004,LOC-06,SVC-01,2025-11-04,Completed,7,False,,,,,,5.0,72.2,False,True,False
APT-001660,REQ-001787,EMP-00056,LOC-07,SVC-07,2025-11-06,Completed,8,False,,,,,,4.1,92.3,False,True,False
APT-001661,REQ-001788,EMP-00092,LOC-10,SVC-04,2025-11-04,Completed,41,False,,,,,,,74.8,False,True,False
APT-001664,REQ-001791,EMP-00051,LOC-08,SVC-03,2025-11-05,Completed,31,False,,,,,,,76.6,False,True,False
APT-001665,REQ-001792,EMP-00098,LOC-09,SVC-01,2025-11-03,Completed,6,False,,,,,,3.8,99.2,False,False,False
APT-001666,REQ-001793,EMP-00062,LOC-05,SVC-06,2025-11-03,Completed,26,False,,,,,,4.4,87.4,False,True,False
APT-001667,REQ-001794,EMP-00075,LOC-10,SVC-06,2025-11-05,Completed,16,False,,,,,,4.0,91.5,False,False,False
APT-001668,REQ-001795,EMP-00014,LOC-03,SVC-08,2025-11-03,Completed,15,False,,,,,,,90.4,False,True,False
APT-001671,REQ-001798,EMP-00100,LOC-03,SVC-09,2025-11-05,Completed,13,False,,,,,,3.7,98.0,False,True,True
APT-001673,REQ-001800,EMP-00095,LOC-08,SVC-09,2025-11-05,Completed,20,False,,,,,,4.4,78.3,False,True,True
APT-001674,REQ-001801,EMP-00131,LOC-02,SVC-07,2025-11-05,Completed,26,False,,,,,,3.3,65.6,False,False,False
APT-001675,REQ-001802,EMP-00049,LOC-09,SVC-05,2025-11-04,Completed,22,False,,,,,,4.4,73.5,False,True,False
APT-001676,REQ-001803,EMP-00131,LOC-10,SVC-01,2025-11-05,Completed,38,False,,,,,,4.1,84.1,False,True,False
APT-001677,REQ-001804,EMP-00099,LOC-06,SVC-01,2025-11-07,Completed,39,False,,,,,,3.7,100.0,False,True,False
APT-001678,REQ-001805,EMP-00128,LOC-01,SVC-04,2025-11-06,Completed,33,False,,,,,,,81.8,False,True,False
APT-001680,REQ-001807,EMP-00070,LOC-06,SVC-07,2025-11-04,Completed,26,False,,,,,,3.8,90.7,False,True,False
APT-001681,REQ-001808,EMP-00103,LOC-08,SVC-05,2025-11-05,Completed,13,False,,,,,,5.0,93.5,False,True,False
APT-001683,REQ-001810,EMP-00141,LOC-07,SVC-06,2025-11-04,Completed,15,False,,,,,,2.8,83.7,False,True,False
APT-001684,REQ-001811,EMP-00039,LOC-10,SVC-04,2025-11-04,Completed,40,False,,,,,,4.4,100.0,False,True,True
APT-001686,REQ-001814,EMP-00117,LOC-05,SVC-08,2025-11-04,Completed,12,False,,,,,,3.2,94.5,False,True,False
APT-001687,REQ-001815,EMP-00091,LOC-02,SVC-07,2025-11-05,Completed,15,False,,,,,,5.0,86.0,False,False,False
APT-001689,REQ-001817,EMP-00054,LOC-04,SVC-01,2025-11-04,Completed,32,True,Client preference,,,,,3.5,98.9,False,True,False
APT-001691,REQ-001819,EMP-00014,LOC-06,SVC-07,2025-11-08,Completed,20,False,,,,,,4.3,85.5,False,True,False
APT-001694,REQ-001822,EMP-00036,LOC-07,SVC-04,2025-11-06,Completed,41,False,,,,,,5.0,72.8,False,True,True
APT-001695,REQ-001823,EMP-00047,LOC-05,SVC-04,2025-11-06,Completed,19,True,Client preference,,,,,5.0,79.9,False,False,False
APT-001696,REQ-001824,EMP-00102,LOC-04,SVC-01,2025-11-05,Completed,20,False,,,,,,3.4,84.1,False,True,True
APT-001698,REQ-001827,EMP-00040,LOC-06,SVC-01,2025-11-07,Completed,22,False,,,,,,3.7,66.9,False,True,False
APT-001699,REQ-001830,EMP-00129,LOC-05,SVC-04,2025-11-05,Completed,12,False,,,,,,4.2,79.2,False,False,False
APT-001701,REQ-001833,EMP-00120,LOC-07,SVC-06,2025-11-06,Completed,16,False,,,,,,5.0,83.3,False,True,False
APT-001704,REQ-001837,EMP-00065,LOC-01,SVC-05,2025-11-06,Completed,26,False,,,,,,4.6,100.0,False,True,False
APT-001705,REQ-001838,EMP-00022,LOC-09,SVC-05,2025-11-06,Completed,13,False,,,,,,3.5,88.2,False,True,False
APT-001707,REQ-001840,EMP-00085,LOC-03,SVC-04,2025-11-06,Completed,27,False,,,,,,3.9,87.1,False,True,True
APT-001708,REQ-001841,EMP-00015,LOC-01,SVC-08,2025-11-12,Completed,24,False,,,,,,3.7,72.5,False,True,True
APT-001709,REQ-001842,EMP-00041,LOC-03,SVC-04,2025-11-06,Completed,17,False,,,,,,3.9,84.1,False,True,True
APT-001710,REQ-001843,EMP-00138,LOC-01,SVC-01,2025-11-06,Completed,17,False,,,,,,4.7,72.3,False,True,False
APT-001711,REQ-001844,EMP-00028,LOC-02,SVC-09,2025-11-08,Completed,23,False,,,,,,3.9,96.0,False,False,False
APT-001713,REQ-001847,EMP-00025,LOC-06,SVC-07,2025-11-06,Completed,30,False,,,,,,3.9,96.4,False,True,True
APT-001714,REQ-001849,EMP-00068,LOC-02,SVC-07,2025-11-07,Completed,27,False,,,,,,2.4,84.0,False,True,False
APT-001715,REQ-001850,EMP-00126,LOC-01,SVC-06,2025-11-06,Completed,42,False,,,,,,3.9,85.2,False,False,False
APT-001718,REQ-001853,EMP-00050,LOC-06,SVC-01,2025-11-06,Completed,17,False,,,,,,3.8,75.6,False,False,False
APT-001722,REQ-001857,EMP-00128,LOC-09,SVC-01,2025-11-08,Completed,28,False,,,,,,4.5,70.9,False,False,False
APT-001724,REQ-001860,EMP-00060,LOC-06,SVC-02,2025-11-09,Completed,32,False,,,,,,3.7,75.0,False,True,False
APT-001726,REQ-001862,EMP-00118,LOC-09,SVC-07,2025-11-08,Completed,20,False,,,,,,4.3,82.6,False,True,False
APT-001727,REQ-001863,EMP-00021,LOC-04,SVC-06,2025-11-07,Completed,11,False,,,,,,4.6,81.6,False,True,False
APT-001728,REQ-001864,EMP-00054,LOC-01,SVC-02,2025-11-07,Completed,29,False,,,,,,5.0,86.2,False,True,True
APT-001729,REQ-001865,EMP-00036,LOC-08,SVC-01,2025-11-09,Completed,36,False,,,,,,4.6,83.8,False,True,False
APT-001730,REQ-001867,EMP-00121,LOC-09,SVC-01,2025-11-07,Completed,36,False,,,,,,,87.9,False,True,False
APT-001731,REQ-001868,EMP-00131,LOC-10,SVC-01,2025-11-10,Completed,28,False,,,,,,,83.3,False,True,False
APT-001732,REQ-001869,EMP-00038,LOC-07,SVC-03,2025-11-08,Completed,12,False,,,,,,4.3,83.4,False,True,False
APT-001733,REQ-001870,EMP-00037,LOC-08,SVC-04,2025-11-08,Completed,26,False,,,,,,,93.0,False,True,False
APT-001734,REQ-001871,EMP-00089,LOC-07,SVC-08,2025-11-07,Completed,45,False,,,,,,3.5,65.4,False,True,False
APT-001735,REQ-001873,EMP-00023,LOC-02,SVC-01,2025-11-09,Completed,31,False,,,,,,3.4,88.4,False,True,False
APT-001736,REQ-001874,EMP-00070,LOC-03,SVC-05,2025-11-07,Completed,11,False,,,,,,4.6,78.6,False,True,False
APT-001737,REQ-001875,EMP-00104,LOC-09,SVC-07,2025-11-08,Completed,17,False,,,,,,5.0,97.5,False,True,True
APT-001738,REQ-001876,EMP-00143,LOC-01,SVC-01,2025-11-08,Completed,33,False,,,,,,,65.8,False,True,False
APT-001740,REQ-001878,EMP-00099,LOC-01,SVC-09,2025-11-09,Completed,22,False,,,,,,4.7,78.4,False,True,False
APT-001741,REQ-001879,EMP-00013,LOC-07,SVC-02,2025-11-08,Completed,21,False,,,,,,4.5,82.8,False,True,False
APT-001742,REQ-001881,EMP-00148,LOC-04,SVC-01,2025-11-09,Completed,20,False,,,,,,4.4,68.8,False,True,False
APT-001743,REQ-001882,EMP-00056,LOC-07,SVC-01,2025-11-08,Completed,34,False,,,,,,3.9,91.1,False,True,False
APT-001746,REQ-001885,EMP-00056,LOC-06,SVC-04,2025-11-08,Completed,17,False,,,,,,5.0,74.1,False,True,False
APT-001747,REQ-001886,EMP-00051,LOC-10,SVC-01,2025-11-08,Completed,14,True,Client preference,,,,,4.4,86.6,False,True,False
APT-001749,REQ-001888,EMP-00017,LOC-08,SVC-03,2025-11-09,Completed,25,False,,,,,,3.2,70.4,False,True,False
APT-001751,REQ-001890,EMP-00068,LOC-03,SVC-07,2025-11-11,Completed,15,False,,,,,,4.6,73.9,False,True,False
APT-001755,REQ-001896,EMP-00150,LOC-07,SVC-07,2025-11-12,Completed,20,False,,,,,,3.6,80.5,False,True,False
APT-001756,REQ-001897,EMP-00136,LOC-06,SVC-04,2025-11-13,Completed,16,False,,,,,,3.7,67.3,False,False,False
APT-001757,REQ-001898,EMP-00017,LOC-07,SVC-05,2025-11-10,Completed,7,False,,,,,,3.4,72.3,False,True,True
APT-001759,REQ-001900,EMP-00052,LOC-03,SVC-01,2025-11-10,Completed,3,False,,,,,,5.0,65.9,False,True,False
APT-001761,REQ-001902,EMP-00103,LOC-02,SVC-01,2025-11-11,Completed,5,False,,,,,,3.9,81.3,False,True,False
APT-001763,REQ-001904,EMP-00005,LOC-08,SVC-01,2025-11-11,Completed,14,False,,,,,,3.7,72.0,False,False,False
APT-001764,REQ-001905,EMP-00044,LOC-02,SVC-07,2025-11-11,Completed,26,False,,,,,,4.8,66.3,False,True,False
APT-001765,REQ-001906,EMP-00014,LOC-02,SVC-01,2025-11-10,Completed,27,False,,,,,,4.7,77.8,False,True,False
APT-001766,REQ-001907,EMP-00089,LOC-05,SVC-04,2025-11-10,Completed,6,False,,,,,,3.4,75.3,False,True,False
APT-001767,REQ-001909,EMP-00005,LOC-09,SVC-07,2025-11-12,Completed,24,False,,,,,,4.9,81.6,False,True,False
APT-001768,REQ-001910,EMP-00142,LOC-07,SVC-01,2025-11-11,Completed,32,False,,,,,,4.8,85.1,False,True,True
APT-001770,REQ-001912,EMP-00100,LOC-05,SVC-08,2025-11-10,Completed,10,False,,,,,,3.2,93.1,False,True,False
APT-001772,REQ-001914,EMP-00030,LOC-09,SVC-01,2025-11-10,Completed,28,False,,,,,,4.2,73.4,False,True,False
APT-001776,REQ-001918,EMP-00006,LOC-04,SVC-01,2025-11-11,Completed,24,False,,,,,,3.6,78.2,False,True,True
APT-001777,REQ-001919,EMP-00015,LOC-07,SVC-01,2025-11-11,Completed,30,False,,,,,,5.0,95.5,False,False,False
APT-001778,REQ-001920,EMP-00063,LOC-10,SVC-07,2025-11-11,Completed,12,False,,,,,,4.6,68.8,False,True,False
APT-001780,REQ-001922,EMP-00049,LOC-04,SVC-02,2025-11-12,Completed,16,False,,,,,,4.5,63.3,False,True,False
APT-001782,REQ-001924,EMP-00021,LOC-05,SVC-02,2025-11-11,Completed,16,False,,,,,,3.1,100.0,False,True,False
APT-001783,REQ-001925,EMP-00025,LOC-09,SVC-05,2025-11-11,Completed,30,False,,,,,,,80.3,False,True,True
APT-001785,REQ-001927,EMP-00060,LOC-07,SVC-05,2025-11-11,Completed,24,False,,,,,,3.9,83.0,False,True,True
APT-001787,REQ-001929,EMP-00148,LOC-04,SVC-06,2025-11-12,Completed,19,False,,,,,,4.8,87.3,False,True,False
APT-001788,REQ-001930,EMP-00128,LOC-08,SVC-04,2025-11-12,Completed,31,False,,,,,,3.1,95.3,False,True,True
APT-001789,REQ-001931,EMP-00005,LOC-08,SVC-01,2025-11-12,Completed,48,False,,,,,,3.8,90.7,False,True,False
APT-001790,REQ-001932,EMP-00011,LOC-10,SVC-09,2025-11-11,Completed,25,False,,,,,,3.7,73.2,False,True,False
APT-001791,REQ-001933,EMP-00063,LOC-03,SVC-03,2025-11-11,Completed,19,False,,,,,,3.9,81.2,False,True,False
APT-001793,REQ-001935,EMP-00085,LOC-04,SVC-02,2025-11-13,Completed,29,False,,,,,,4.8,91.1,False,True,False
APT-001795,REQ-001937,EMP-00054,LOC-01,SVC-05,2025-11-12,Completed,31,False,,,,,,3.3,88.6,False,True,True
APT-001796,REQ-001938,EMP-00027,LOC-06,SVC-04,2025-11-13,Completed,41,False,,,,,,,74.3,False,True,False
APT-001797,REQ-001939,EMP-00055,LOC-08,SVC-07,2025-11-12,Completed,32,False,,,,,,3.9,91.7,False,False,False
APT-001798,REQ-001940,EMP-00104,LOC-07,SVC-07,2025-11-12,Completed,40,False,,,,,,4.0,71.6,False,True,True
APT-001803,REQ-001945,EMP-00131,LOC-08,SVC-02,2025-11-12,Completed,55,False,,,,,,4.9,83.3,False,True,False
APT-001804,REQ-001946,EMP-00092,LOC-07,SVC-04,2025-11-12,Completed,3,False,,,,,,4.6,86.4,False,True,False
APT-001808,REQ-001950,EMP-00091,LOC-07,SVC-04,2025-11-13,Completed,43,False,,,,,,4.9,91.6,False,False,False
APT-001809,REQ-001951,EMP-00120,LOC-09,SVC-01,2025-11-13,Completed,54,False,,,,,,3.9,75.0,False,True,False
APT-001810,REQ-001952,EMP-00101,LOC-09,SVC-01,2025-11-12,Completed,3,True,Client preference,,,,,4.9,90.5,False,True,False
APT-001813,REQ-001955,EMP-00096,LOC-10,SVC-03,2025-11-12,Completed,39,False,,,,,,3.9,100.0,False,True,False
APT-001814,REQ-001956,EMP-00067,LOC-04,SVC-06,2025-11-12,Completed,11,False,,,,,,5.0,73.2,False,True,False
APT-001817,REQ-001959,EMP-00024,LOC-09,SVC-08,2025-11-12,Completed,19,False,,,,,,5.0,96.8,False,True,False
APT-001819,REQ-001962,EMP-00129,LOC-02,SVC-01,2025-11-12,Completed,30,False,,,,,,3.9,99.9,False,True,False
APT-001821,REQ-001964,EMP-00092,LOC-07,SVC-07,2025-11-13,Completed,71,True,Continuity of care,,,,,3.7,60.3,False,False,False
APT-001823,REQ-001966,EMP-00030,LOC-05,SVC-05,2025-11-13,Completed,6,False,,,,,,4.9,80.6,False,False,False
APT-001824,REQ-001968,EMP-00139,LOC-05,SVC-05,2025-11-13,Completed,3,False,,,,,,4.2,81.8,False,True,True
APT-001825,REQ-001969,EMP-00051,LOC-02,SVC-05,2025-11-13,Completed,33,False,,,,,,5.0,92.5,False,True,True
APT-001826,REQ-001970,EMP-00027,LOC-10,SVC-05,2025-11-14,Completed,21,False,,,,,,4.3,84.2,False,True,False
APT-001829,REQ-001973,EMP-00106,LOC-07,SVC-02,2025-11-19,Completed,3,False,,,,,,,94.6,False,True,False
APT-001830,REQ-001974,EMP-00141,LOC-02,SVC-01,2025-11-13,Completed,25,False,,,,,,3.1,73.2,False,True,False
APT-001832,REQ-001976,EMP-00033,LOC-03,SVC-06,2025-11-14,Completed,11,False,,,,,,4.4,75.2,False,True,False
APT-001838,REQ-001983,EMP-00030,LOC-04,SVC-01,2025-11-16,Completed,27,False,,,,,,3.7,74.3,False,True,False
APT-001840,REQ-001985,EMP-00031,LOC-05,SVC-07,2025-11-16,Completed,30,False,,,,,,3.5,89.1,False,True,True
APT-001841,REQ-001986,EMP-00143,LOC-06,SVC-02,2025-11-16,Completed,19,False,,,,,,3.7,85.3,False,False,False
APT-001843,REQ-001988,EMP-00016,LOC-05,SVC-05,2025-11-15,Completed,25,False,,,,,,4.4,74.8,False,True,True
APT-001845,REQ-001990,EMP-00084,LOC-02,SVC-05,2025-11-15,Completed,20,False,,,,,,4.9,79.0,False,True,False
APT-001846,REQ-001991,EMP-00128,LOC-03,SVC-04,2025-11-17,Completed,30,False,,,,,,3.6,86.6,False,True,False
APT-001847,REQ-001992,EMP-00033,LOC-10,SVC-01,2025-11-15,Completed,40,False,,,,,,3.7,83.0,False,True,False
APT-001848,REQ-001993,EMP-00099,LOC-03,SVC-04,2025-11-14,Completed,23,False,,,,,,4.6,79.2,False,True,False
APT-001850,REQ-001995,EMP-00051,LOC-06,SVC-03,2025-11-15,Completed,20,False,,,,,,2.9,86.7,False,True,False
APT-001852,REQ-001997,EMP-00122,LOC-07,SVC-01,2025-11-14,Completed,16,False,,,,,,4.5,86.1,False,True,False
APT-001853,REQ-001998,EMP-00062,LOC-04,SVC-07,2025-11-14,Completed,5,False,,,,,,5.0,88.1,False,True,True
APT-001854,REQ-001999,EMP-00036,LOC-01,SVC-06,2025-11-14,Completed,34,False,,,,,,3.1,82.1,False,False,True
APT-001855,REQ-002000,EMP-00031,LOC-03,SVC-07,2025-11-16,Completed,17,False,,,,,,4.9,75.5,False,False,True
APT-001856,REQ-002001,EMP-00083,LOC-01,SVC-03,2025-11-15,Completed,25,False,,,,,,5.0,96.2,False,True,False
APT-001861,REQ-002006,EMP-00023,LOC-04,SVC-05,2025-11-15,Completed,15,False,,,,,,3.9,87.1,False,False,False
APT-001862,REQ-002007,EMP-00023,LOC-04,SVC-01,2025-11-15,Completed,21,False,,,,,,3.8,95.3,False,True,False
APT-001863,REQ-002008,EMP-00041,LOC-07,SVC-04,2025-11-16,Completed,31,False,,,,,,4.0,81.6,False,True,False
APT-001864,REQ-002009,EMP-00122,LOC-07,SVC-04,2025-11-15,Completed,47,False,,,,,,4.4,75.0,False,True,True
APT-001865,REQ-002010,EMP-00095,LOC-05,SVC-02,2025-11-15,Completed,14,False,,,,,,5.0,84.0,False,True,False
APT-001866,REQ-002011,EMP-00134,LOC-02,SVC-09,2025-11-16,Completed,25,False,,,,,,3.2,83.5,False,True,False
APT-001869,REQ-002014,EMP-00075,LOC-09,SVC-06,2025-11-16,Completed,20,False,,,,,,3.5,83.2,False,True,False
APT-001870,REQ-002015,EMP-00134,LOC-09,SVC-07,2025-11-16,Completed,50,False,,,,,,4.9,94.7,False,True,False
APT-001871,REQ-002016,EMP-00139,LOC-03,SVC-01,2025-11-17,Completed,11,False,,,,,,5.0,79.7,False,True,False
APT-001872,REQ-002017,EMP-00093,LOC-07,SVC-05,2025-11-18,Completed,18,False,,,,,,,95.3,False,False,False
APT-001873,REQ-002018,EMP-00015,LOC-08,SVC-09,2025-11-16,Completed,23,False,,,,,,4.1,85.5,False,True,False
APT-001876,REQ-002021,EMP-00093,LOC-07,SVC-06,2025-11-18,Completed,9,False,,,,,,4.4,76.4,False,True,True
APT-001878,REQ-002023,EMP-00123,LOC-08,SVC-05,2025-11-18,Completed,19,False,,,,,,4.3,86.7,False,True,True
APT-001879,REQ-002024,EMP-00094,LOC-08,SVC-04,2025-11-17,Completed,34,True,Skill match unavailable,,,,,4.3,87.1,False,True,False
APT-001880,REQ-002025,EMP-00025,LOC-03,SVC-09,2025-11-18,Completed,8,False,,,,,,4.3,76.1,False,True,False
APT-001881,REQ-002026,EMP-00141,LOC-05,SVC-04,2025-11-20,Completed,13,False,,,,,,3.4,85.7,False,True,True
APT-001882,REQ-002027,EMP-00013,LOC-08,SVC-08,2025-11-20,Completed,19,False,,,,,,5.0,64.9,False,True,False
APT-001883,REQ-002030,EMP-00137,LOC-07,SVC-03,2025-11-18,Completed,46,False,,,,,,4.0,71.0,False,True,True
APT-001885,REQ-002032,EMP-00032,LOC-07,SVC-01,2025-11-17,Completed,13,False,,,,,,4.6,87.3,False,True,True
APT-001888,REQ-002035,EMP-00118,LOC-09,SVC-04,2025-11-17,Completed,31,False,,,,,,4.5,91.9,False,True,False
APT-001892,REQ-002040,EMP-00142,LOC-10,SVC-03,2025-11-19,Completed,35,False,,,,,,4.7,89.7,False,True,False
APT-001893,REQ-002041,EMP-00056,LOC-06,SVC-08,2025-11-18,Completed,14,False,,,,,,2.8,84.3,False,True,False
APT-001897,REQ-002045,EMP-00069,LOC-02,SVC-02,2025-11-18,Completed,3,False,,,,,,3.6,96.6,False,True,False
APT-001898,REQ-002046,EMP-00095,LOC-01,SVC-01,2025-11-18,Completed,19,False,,,,,,3.2,70.3,False,True,False
APT-001899,REQ-002047,EMP-00063,LOC-02,SVC-05,2025-11-19,Completed,19,False,,,,,,3.6,66.8,False,False,False
APT-001900,REQ-002048,EMP-00068,LOC-08,SVC-07,2025-11-19,Completed,24,False,,,,,,4.0,93.5,False,True,False
APT-001901,REQ-002049,EMP-00015,LOC-07,SVC-08,2025-11-19,Completed,39,False,,,,,,,65.9,False,True,True
APT-001902,REQ-002050,EMP-00115,LOC-07,SVC-02,2025-11-18,Completed,37,False,,,,,,,91.2,False,True,False
APT-001903,REQ-002051,EMP-00044,LOC-01,SVC-01,2025-11-20,Completed,37,False,,,,,,4.4,89.0,False,True,False
APT-001906,REQ-002054,EMP-00126,LOC-05,SVC-01,2025-11-18,Completed,4,False,,,,,,3.9,78.0,False,True,False
APT-001907,REQ-002055,EMP-00106,LOC-08,SVC-07,2025-11-19,Completed,29,False,,,,,,4.2,72.5,False,True,False
APT-001909,REQ-002057,EMP-00062,LOC-07,SVC-01,2025-11-20,Completed,28,False,,,,,,4.2,86.4,False,False,True
APT-001910,REQ-002058,EMP-00022,LOC-01,SVC-06,2025-11-19,Completed,25,False,,,,,,2.7,62.8,False,True,False
APT-001912,REQ-002060,EMP-00047,LOC-03,SVC-02,2025-11-18,Completed,35,True,Client preference,,,,,3.9,91.7,False,True,False
APT-001914,REQ-002062,EMP-00008,LOC-07,SVC-09,2025-11-18,Completed,41,False,,,,,,3.5,97.3,False,True,False
APT-001915,REQ-002063,EMP-00033,LOC-04,SVC-09,2025-11-20,Completed,22,False,,,,,,4.1,88.8,False,True,False
APT-001916,REQ-002064,EMP-00018,LOC-03,SVC-04,2025-11-19,Completed,39,False,,,,,,4.5,100.0,False,True,False
APT-001917,REQ-002065,EMP-00023,LOC-03,SVC-03,2025-11-18,Completed,12,False,,,,,,4.9,70.7,False,True,True
APT-001919,REQ-002067,EMP-00052,LOC-10,SVC-01,2025-11-18,Completed,37,False,,,,,,4.8,73.7,False,True,False
APT-001921,REQ-002070,EMP-00120,LOC-01,SVC-01,2025-11-18,Completed,18,False,,,,,,3.9,91.7,False,False,False
APT-001923,REQ-002072,EMP-00062,LOC-07,SVC-06,2025-11-19,Completed,20,True,Client preference,,,,,3.8,86.1,True,True,False
APT-001924,REQ-002073,EMP-00056,LOC-10,SVC-03,2025-11-19,Completed,23,False,,,,,,5.0,66.1,False,True,False
APT-001925,REQ-002074,EMP-00058,LOC-01,SVC-05,2025-11-21,Completed,3,False,,,,,,3.2,81.7,False,True,False
APT-001927,REQ-002077,EMP-00030,LOC-06,SVC-09,2025-11-19,Completed,4,False,,,,,,,91.8,False,True,True
APT-001928,REQ-002078,EMP-00109,LOC-07,SVC-09,2025-11-20,Completed,23,False,,,,,,3.9,75.5,False,True,False
APT-001932,REQ-002082,EMP-00036,LOC-08,SVC-03,2025-11-20,Completed,19,False,,,,,,3.3,65.2,False,False,False
APT-001933,REQ-002083,EMP-00005,LOC-09,SVC-05,2025-11-19,Completed,29,False,,,,,,4.2,80.2,False,True,False
APT-001938,REQ-002089,EMP-00030,LOC-10,SVC-07,2025-11-20,Completed,8,False,,,,,,4.0,98.5,False,True,False
APT-001939,REQ-002090,EMP-00024,LOC-03,SVC-05,2025-11-21,Completed,21,False,,,,,,4.3,90.0,False,True,True
APT-001941,REQ-002092,EMP-00126,LOC-09,SVC-02,2025-11-21,Completed,23,False,,,,,,4.9,85.1,False,True,True
APT-001943,REQ-002094,EMP-00143,LOC-09,SVC-03,2025-11-20,Completed,6,False,,,,,,4.4,77.8,False,True,False
APT-001944,REQ-002095,EMP-00017,LOC-09,SVC-02,2025-11-20,Completed,10,False,,,,,,,82.0,False,False,False
APT-001945,REQ-002096,EMP-00032,LOC-01,SVC-09,2025-11-21,Completed,3,False,,,,,,5.0,85.2,False,True,False
APT-001947,REQ-002098,EMP-00028,LOC-09,SVC-09,2025-11-21,Completed,44,False,,,,,,3.2,72.3,False,True,False
APT-001948,REQ-002099,EMP-00064,LOC-07,SVC-08,2025-11-22,Completed,75,False,,,,,,5.0,76.7,False,False,False
APT-001949,REQ-002100,EMP-00129,LOC-03,SVC-06,2025-11-21,Completed,21,False,,,,,,4.5,86.8,False,True,False
APT-001951,REQ-002102,EMP-00056,LOC-09,SVC-01,2025-11-21,Completed,21,False,,,,,,4.2,80.1,False,True,False
APT-001956,REQ-002107,EMP-00141,LOC-01,SVC-05,2025-11-20,Completed,25,False,,,,,,4.4,82.0,False,True,True
APT-001957,REQ-002108,EMP-00085,LOC-07,SVC-01,2025-11-21,Completed,15,False,,,,,,4.0,76.0,False,False,False
APT-001960,REQ-002111,EMP-00136,LOC-03,SVC-04,2025-11-21,Completed,4,False,,,,,,3.4,89.0,False,True,False
APT-001964,REQ-002115,EMP-00010,LOC-10,SVC-01,2025-11-21,Completed,10,False,,,,,,4.3,67.5,False,True,True
APT-001965,REQ-002117,EMP-00124,LOC-01,SVC-07,2025-11-21,Completed,45,False,,,,,,,73.8,False,True,False
APT-001966,REQ-002118,EMP-00023,LOC-07,SVC-01,2025-11-22,Completed,3,False,,,,,,4.6,82.3,False,True,True
APT-001968,REQ-002120,EMP-00035,LOC-03,SVC-01,2025-11-22,Completed,6,False,,,,,,3.7,83.4,False,True,True
APT-001969,REQ-002122,EMP-00064,LOC-09,SVC-09,2025-11-21,Completed,23,False,,,,,,,78.6,False,False,False
APT-001971,REQ-002125,EMP-00104,LOC-10,SVC-01,2025-11-21,Completed,35,False,,,,,,3.6,89.9,False,False,True
APT-001972,REQ-002126,EMP-00083,LOC-06,SVC-03,2025-11-21,Completed,21,False,,,,,,4.9,97.3,False,True,False
APT-001977,REQ-002131,EMP-00037,LOC-06,SVC-06,2025-11-23,Completed,21,False,,,,,,4.5,77.3,False,True,True
APT-001978,REQ-002132,EMP-00123,LOC-02,SVC-01,2025-11-24,Completed,37,False,,,,,,4.0,90.4,False,True,False
APT-001984,REQ-002139,EMP-00106,LOC-10,SVC-01,2025-11-22,Completed,28,False,,,,,,4.6,99.6,False,True,False
APT-001985,REQ-002140,EMP-00102,LOC-09,SVC-07,2025-11-23,Completed,36,False,,,,,,3.4,87.3,False,True,False
APT-001987,REQ-002142,EMP-00142,LOC-02,SVC-02,2025-11-24,Completed,13,False,,,,,,4.3,82.2,False,True,False
APT-001990,REQ-002145,EMP-00018,LOC-09,SVC-01,2025-11-23,Completed,3,False,,,,,,5.0,97.2,False,True,False
APT-001991,REQ-002146,EMP-00064,LOC-04,SVC-05,2025-11-23,Completed,8,False,,,,,,4.6,71.7,False,True,False
APT-001992,REQ-002147,EMP-00123,LOC-10,SVC-03,2025-11-23,Completed,25,False,,,,,,3.9,72.1,False,True,False
APT-001993,REQ-002148,EMP-00113,LOC-02,SVC-03,2025-11-25,Completed,9,False,,,,,,3.7,98.7,False,True,True
APT-001994,REQ-002149,EMP-00044,LOC-10,SVC-08,2025-11-24,Completed,33,False,,,,,,5.0,90.1,False,True,False
APT-001995,REQ-002150,EMP-00083,LOC-05,SVC-07,2025-11-24,Completed,20,False,,,,,,4.1,87.4,False,True,False
APT-001997,REQ-002152,EMP-00021,LOC-09,SVC-05,2025-11-24,Completed,67,False,,,,,,4.2,95.9,False,True,True
APT-001998,REQ-002153,EMP-00096,LOC-03,SVC-02,2025-11-24,Completed,9,False,,,,,,3.8,78.5,False,True,True
APT-001999,REQ-002154,EMP-00112,LOC-08,SVC-01,2025-11-25,Completed,27,False,,,,,,5.0,81.2,False,True,False
APT-002001,REQ-002156,EMP-00150,LOC-06,SVC-04,2025-11-26,Completed,41,False,,,,,,2.6,79.6,False,True,False
APT-002003,REQ-002158,EMP-00091,LOC-07,SVC-05,2025-11-24,Completed,43,False,,,,,,2.5,81.7,False,True,True
APT-002004,REQ-002159,EMP-00117,LOC-01,SVC-04,2025-11-24,Completed,23,True,Skill match unavailable,,,,,3.9,70.1,False,False,False
APT-002005,REQ-002160,EMP-00112,LOC-10,SVC-07,2025-11-28,Completed,8,False,,,,,,,76.1,False,True,False
APT-002006,REQ-002161,EMP-00004,LOC-06,SVC-05,2025-11-25,Completed,35,False,,,,,,4.2,91.6,False,False,False
APT-002008,REQ-002163,EMP-00039,LOC-06,SVC-06,2025-11-26,Completed,3,False,,,,,,3.0,81.3,False,True,False
APT-002009,REQ-002164,EMP-00121,LOC-07,SVC-01,2025-11-27,Completed,7,False,,,,,,4.2,100.0,False,True,False
APT-002013,REQ-002168,EMP-00129,LOC-10,SVC-09,2025-11-27,Completed,25,False,,,,,,4.4,69.3,False,True,False
APT-002014,REQ-002169,EMP-00100,LOC-02,SVC-01,2025-11-26,Completed,28,False,,,,,,3.4,85.9,False,False,False
APT-002015,REQ-002170,EMP-00021,LOC-07,SVC-01,2025-11-26,Completed,46,False,,,,,,2.6,64.6,False,False,False
APT-002017,REQ-002172,EMP-00013,LOC-08,SVC-05,2025-11-26,Completed,34,False,,,,,,4.8,75.6,False,True,False
APT-002023,REQ-002178,EMP-00148,LOC-09,SVC-03,2025-11-26,Completed,17,False,,,,,,5.0,93.7,False,True,False
APT-002026,REQ-002182,EMP-00023,LOC-02,SVC-09,2025-11-26,Completed,40,False,,,,,,3.3,55.7,False,False,False
APT-002027,REQ-002183,EMP-00126,LOC-01,SVC-01,2025-11-26,Completed,29,False,,,,,,3.9,84.9,False,True,False
APT-002028,REQ-002184,EMP-00057,LOC-10,SVC-07,2025-11-26,Completed,20,False,,,,,,3.2,84.8,False,True,False
APT-002029,REQ-002185,EMP-00146,LOC-02,SVC-01,2025-11-25,Completed,38,False,,,,,,4.4,69.9,False,True,False
APT-002030,REQ-002186,EMP-00022,LOC-05,SVC-01,2025-11-27,Completed,19,False,,,,,,3.9,79.1,False,True,False
APT-002032,REQ-002188,EMP-00051,LOC-03,SVC-05,2025-11-27,Completed,28,False,,,,,,4.6,70.5,False,False,False
APT-002033,REQ-002189,EMP-00016,LOC-06,SVC-05,2025-11-26,Completed,9,False,,,,,,4.9,79.3,False,False,False
APT-002035,REQ-002191,EMP-00016,LOC-02,SVC-01,2025-11-26,Completed,7,False,,,,,,4.3,88.4,False,False,False
APT-002037,REQ-002193,EMP-00133,LOC-02,SVC-01,2025-11-25,Completed,3,False,,,,,,3.4,81.6,False,True,False
APT-002038,REQ-002194,EMP-00122,LOC-01,SVC-09,2025-11-27,Completed,16,False,,,,,,4.5,88.2,False,True,False
APT-002039,REQ-002195,EMP-00092,LOC-02,SVC-01,2025-11-25,Completed,13,False,,,,,,4.3,85.2,False,True,False
APT-002040,REQ-002196,EMP-00103,LOC-09,SVC-01,2025-11-27,Completed,6,False,,,,,,4.5,87.1,False,True,False
APT-002043,REQ-002200,EMP-00136,LOC-01,SVC-08,2025-11-26,Completed,16,False,,,,,,3.8,92.6,False,True,False
APT-002045,REQ-002202,EMP-00040,LOC-09,SVC-04,2025-11-27,Completed,21,False,,,,,,3.7,78.8,False,True,False
APT-002046,REQ-002204,EMP-00075,LOC-04,SVC-01,2025-11-27,Completed,17,False,,,,,,3.3,94.9,False,True,False
APT-002048,REQ-002206,EMP-00005,LOC-05,SVC-06,2025-11-26,Completed,13,False,,,,,,5.0,81.4,False,True,True
APT-000012,REQ-000013,EMP-00043,LOC-07,SVC-09,2025-08-03,Rescheduled,14,False,,,,,,,,,,
APT-000016,REQ-000018,EMP-00035,LOC-10,SVC-04,2025-08-01,Rescheduled,39,False,,,,,,,,,,
APT-000090,REQ-000098,EMP-00090,LOC-01,SVC-09,2025-08-06,Rescheduled,35,False,,,,,,,,,,
APT-000091,REQ-000099,EMP-00047,LOC-09,SVC-05,2025-08-06,Rescheduled,42,False,,,,,,,,,,
APT-000096,REQ-000104,EMP-00065,LOC-04,SVC-04,2025-08-07,Rescheduled,17,False,,,,,,,,,,
APT-000102,REQ-000110,EMP-00025,LOC-05,SVC-07,2025-08-08,Rescheduled,20,False,,,,,,,,,,
APT-000105,REQ-000113,EMP-00093,LOC-08,SVC-01,2025-08-09,Rescheduled,35,False,,,,,,,,,,
APT-000108,REQ-000117,EMP-00070,LOC-06,SVC-05,2025-08-06,Rescheduled,36,True,Client preference,,,,,,,,,
APT-000109,REQ-000118,EMP-00075,LOC-02,SVC-06,2025-08-06,Rescheduled,33,False,,,,,,,,,,
APT-000122,REQ-000132,EMP-00047,LOC-01,SVC-02,2025-08-08,Rescheduled,25,False,,,,,,,,,,
APT-000129,REQ-000140,EMP-00021,LOC-10,SVC-06,2025-08-09,Rescheduled,28,False,,,,,,,,,,
APT-000157,REQ-000173,EMP-00117,LOC-03,SVC-01,2025-08-08,Rescheduled,30,False,,,,,,,,,,
APT-000172,REQ-000189,EMP-00002,LOC-07,SVC-05,2025-08-10,Rescheduled,3,False,,,,,,,,,,
APT-000219,REQ-000237,EMP-00033,LOC-03,SVC-09,2025-08-12,Rescheduled,8,False,,,,,,,,,,
APT-000240,REQ-000260,EMP-00036,LOC-06,SVC-01,2025-08-13,Rescheduled,22,False,,,,,,,,,,
APT-000259,REQ-000281,EMP-00025,LOC-02,SVC-08,2025-08-15,Rescheduled,49,False,,,,,,,,,,
APT-000281,REQ-000307,EMP-00052,LOC-10,SVC-01,2025-08-16,Rescheduled,16,False,,,,,,,,,,
APT-000319,REQ-000350,EMP-00146,LOC-06,SVC-05,2025-08-21,Rescheduled,27,False,,,,,,,,,,
APT-000368,REQ-000406,EMP-00117,LOC-04,SVC-02,2025-08-20,Rescheduled,43,False,,,,,,,,,,
APT-000393,REQ-000432,EMP-00024,LOC-05,SVC-01,2025-08-21,Rescheduled,12,False,,,,,,,,,,
APT-000399,REQ-000438,EMP-00004,LOC-08,SVC-05,2025-08-22,Rescheduled,31,False,,,,,,,,,,
APT-000411,REQ-000453,EMP-00054,LOC-01,SVC-06,2025-08-22,Rescheduled,9,False,,,,,,,,,,
APT-000415,REQ-000457,EMP-00131,LOC-02,SVC-06,2025-08-22,Rescheduled,13,False,,,,,,,,,,
APT-000452,REQ-000497,EMP-00041,LOC-09,SVC-01,2025-08-27,Rescheduled,15,False,,,,,,,,,,
APT-000494,REQ-000540,EMP-00124,LOC-08,SVC-05,2025-08-28,Rescheduled,11,False,,,,,,,,,,
APT-000507,REQ-000553,EMP-00069,LOC-07,SVC-08,2025-08-30,Rescheduled,46,False,,,,,,,,,,
APT-000514,REQ-000560,EMP-00047,LOC-01,SVC-07,2025-08-27,Rescheduled,5,False,,,,,,,,,,
APT-000553,REQ-000600,EMP-00083,LOC-06,SVC-08,2025-08-28,Rescheduled,6,False,,,,,,,,,,
APT-000558,REQ-000606,EMP-00093,LOC-07,SVC-04,2025-09-02,Rescheduled,6,True,Continuity of care,,,,,,,,,
APT-000594,REQ-000643,EMP-00137,LOC-06,SVC-01,2025-09-01,Rescheduled,37,False,,,,,,,,,,
APT-000601,REQ-000651,EMP-00027,LOC-03,SVC-03,2025-09-03,Rescheduled,7,False,,,,,,,,,,
APT-000608,REQ-000659,EMP-00099,LOC-02,SVC-07,2025-09-01,Rescheduled,4,False,,,,,,,,,,
APT-000647,REQ-000698,EMP-00148,LOC-06,SVC-02,2025-09-05,Rescheduled,38,False,,,,,,,,,,
APT-000664,REQ-000715,EMP-00011,LOC-03,SVC-03,2025-09-05,Rescheduled,36,False,,,,,,,,,,
APT-000689,REQ-000742,EMP-00119,LOC-01,SVC-09,2025-09-05,Rescheduled,12,False,,,,,,,,,,
APT-000693,REQ-000746,EMP-00065,LOC-04,SVC-01,2025-09-08,Rescheduled,32,False,,,,,,,,,,
APT-000694,REQ-000747,EMP-00084,LOC-10,SVC-01,2025-09-06,Rescheduled,21,False,,,,,,,,,,
APT-000701,REQ-000755,EMP-00028,LOC-06,SVC-02,2025-09-06,Rescheduled,3,False,,,,,,,,,,
APT-000736,REQ-000792,EMP-00006,LOC-07,SVC-09,2025-09-09,Rescheduled,53,False,,,,,,,,,,
APT-000739,REQ-000795,EMP-00039,LOC-06,SVC-01,2025-09-09,Rescheduled,12,False,,,,,,,,,,
APT-000740,REQ-000798,EMP-00103,LOC-04,SVC-03,2025-09-10,Rescheduled,19,False,,,,,,,,,,
APT-000770,REQ-000831,EMP-00062,LOC-03,SVC-02,2025-09-10,Rescheduled,3,False,,,,,,,,,,
APT-000783,REQ-000844,EMP-00137,LOC-04,SVC-06,2025-09-11,Rescheduled,22,False,,,,,,,,,,
APT-000795,REQ-000858,EMP-00036,LOC-07,SVC-03,2025-09-11,Rescheduled,31,False,,,,,,,,,,
APT-000802,REQ-000866,EMP-00110,LOC-05,SVC-06,2025-09-13,Rescheduled,30,False,,,,,,,,,,
APT-000811,REQ-000876,EMP-00030,LOC-02,SVC-02,2025-09-13,Rescheduled,35,False,,,,,,,,,,
APT-000819,REQ-000885,EMP-00075,LOC-06,SVC-07,2025-09-12,Rescheduled,3,False,,,,,,,,,,
APT-000834,REQ-000901,EMP-00105,LOC-09,SVC-02,2025-09-18,Rescheduled,32,False,,,,,,,,,,
APT-000842,REQ-000909,EMP-00100,LOC-10,SVC-01,2025-09-17,Rescheduled,22,False,,,,,,,,,,
APT-000848,REQ-000915,EMP-00057,LOC-06,SVC-06,2025-09-16,Rescheduled,38,False,,,,,,,,,,
APT-000870,REQ-000937,EMP-00021,LOC-05,SVC-08,2025-09-17,Rescheduled,32,False,,,,,,,,,,
APT-000882,REQ-000949,EMP-00044,LOC-03,SVC-03,2025-09-17,Rescheduled,26,False,,,,,,,,,,
APT-000917,REQ-000985,EMP-00041,LOC-08,SVC-07,2025-09-18,Rescheduled,14,False,,,,,,,,,,
APT-000918,REQ-000986,EMP-00119,LOC-06,SVC-01,2025-09-19,Rescheduled,37,False,,,,,,,,,,
APT-000931,REQ-001000,EMP-00103,LOC-03,SVC-07,2025-09-19,Rescheduled,7,False,,,,,,,,,,
APT-000940,REQ-001009,EMP-00095,LOC-04,SVC-08,2025-09-19,Rescheduled,6,False,,,,,,,,,,
APT-000952,REQ-001021,EMP-00136,LOC-01,SVC-07,2025-09-21,Rescheduled,25,False,,,,,,,,,,
APT-000971,REQ-001040,EMP-00112,LOC-01,SVC-02,2025-09-23,Rescheduled,29,False,,,,,,,,,,
APT-000974,REQ-001043,EMP-00134,LOC-04,SVC-01,2025-09-22,Rescheduled,27,False,,,,,,,,,,
APT-000986,REQ-001056,EMP-00014,LOC-01,SVC-02,2025-09-23,Rescheduled,3,True,Client preference,,,,,,,,,
APT-000987,REQ-001057,EMP-00036,LOC-03,SVC-02,2025-09-23,Rescheduled,18,False,,,,,,,,,,
APT-001050,REQ-001123,EMP-00064,LOC-09,SVC-01,2025-09-27,Rescheduled,30,False,,,,,,,,,,
APT-001066,REQ-001141,EMP-00143,LOC-01,SVC-07,2025-09-28,Rescheduled,3,False,,,,,,,,,,
APT-001088,REQ-001167,EMP-00122,LOC-08,SVC-05,2025-10-03,Rescheduled,32,False,,,,,,,,,,
APT-001089,REQ-001168,EMP-00148,LOC-09,SVC-01,2025-09-30,Rescheduled,39,False,,,,,,,,,,
APT-001103,REQ-001182,EMP-00142,LOC-08,SVC-01,2025-10-04,Rescheduled,3,False,,,,,,,,,,
APT-001137,REQ-001217,EMP-00133,LOC-06,SVC-09,2025-10-04,Rescheduled,31,False,,,,,,,,,,
APT-001138,REQ-001218,EMP-00112,LOC-05,SVC-07,2025-10-04,Rescheduled,16,False,,,,,,,,,,
APT-001163,REQ-001243,EMP-00090,LOC-02,SVC-07,2025-10-04,Rescheduled,34,False,,,,,,,,,,
APT-001187,REQ-001272,EMP-00039,LOC-07,SVC-03,2025-10-06,Rescheduled,43,False,,,,,,,,,,
APT-001199,REQ-001284,EMP-00008,LOC-08,SVC-05,2025-10-08,Rescheduled,44,False,,,,,,,,,,
APT-001210,REQ-001295,EMP-00109,LOC-10,SVC-03,2025-10-07,Rescheduled,26,False,,,,,,,,,,
APT-001214,REQ-001300,EMP-00115,LOC-10,SVC-02,2025-10-08,Rescheduled,27,False,,,,,,,,,,
APT-001250,REQ-001338,EMP-00143,LOC-06,SVC-03,2025-10-09,Rescheduled,36,False,,,,,,,,,,
APT-001279,REQ-001370,EMP-00113,LOC-08,SVC-05,2025-10-15,Rescheduled,15,False,,,,,,,,,,
APT-001288,REQ-001379,EMP-00093,LOC-10,SVC-04,2025-10-12,Rescheduled,19,False,,,,,,,,,,
APT-001294,REQ-001386,EMP-00124,LOC-08,SVC-04,2025-10-13,Rescheduled,16,False,,,,,,,,,,
APT-001351,REQ-001448,EMP-00095,LOC-03,SVC-07,2025-10-17,Rescheduled,29,False,,,,,,,,,,
APT-001355,REQ-001452,EMP-00013,LOC-02,SVC-05,2025-10-15,Rescheduled,27,False,,,,,,,,,,
APT-001356,REQ-001453,EMP-00032,LOC-01,SVC-01,2025-10-15,Rescheduled,30,False,,,,,,,,,,
APT-001357,REQ-001454,EMP-00086,LOC-07,SVC-02,2025-10-16,Rescheduled,29,False,,,,,,,,,,
APT-001361,REQ-001458,EMP-00121,LOC-02,SVC-02,2025-10-17,Rescheduled,14,False,,,,,,,,,,
APT-001366,REQ-001465,EMP-00084,LOC-01,SVC-06,2025-10-16,Rescheduled,18,False,,,,,,,,,,
APT-001368,REQ-001468,EMP-00104,LOC-07,SVC-02,2025-10-19,Rescheduled,36,False,,,,,,,,,,
APT-001377,REQ-001478,EMP-00100,LOC-08,SVC-01,2025-10-17,Rescheduled,28,False,,,,,,,,,,
APT-001392,REQ-001495,EMP-00141,LOC-03,SVC-01,2025-10-20,Rescheduled,22,False,,,,,,,,,,
APT-001452,REQ-001561,EMP-00010,LOC-01,SVC-07,2025-10-22,Rescheduled,35,False,,,,,,,,,,
APT-001456,REQ-001566,EMP-00055,LOC-07,SVC-07,2025-10-25,Rescheduled,52,False,,,,,,,,,,
APT-001463,REQ-001573,EMP-00090,LOC-06,SVC-02,2025-10-26,Rescheduled,6,False,,,,,,,,,,
APT-001476,REQ-001587,EMP-00042,LOC-01,SVC-01,2025-10-26,Rescheduled,19,False,,,,,,,,,,
APT-001485,REQ-001598,EMP-00006,LOC-04,SVC-07,2025-10-24,Rescheduled,24,False,,,,,,,,,,
APT-001496,REQ-001611,EMP-00018,LOC-06,SVC-02,2025-10-24,Rescheduled,23,False,,,,,,,,,,
APT-001499,REQ-001614,EMP-00041,LOC-06,SVC-02,2025-10-25,Rescheduled,24,False,,,,,,,,,,
APT-001503,REQ-001618,EMP-00030,LOC-10,SVC-06,2025-10-30,Rescheduled,39,False,,,,,,,,,,
APT-001523,REQ-001639,EMP-00094,LOC-04,SVC-05,2025-10-27,Rescheduled,24,False,,,,,,,,,,
APT-001532,REQ-001649,EMP-00031,LOC-02,SVC-06,2025-10-27,Rescheduled,5,False,,,,,,,,,,
APT-001567,REQ-001687,EMP-00068,LOC-04,SVC-01,2025-10-28,Rescheduled,20,False,,,,,,,,,,
APT-001589,REQ-001712,EMP-00080,LOC-08,SVC-09,2025-11-01,Rescheduled,30,False,,,,,,,,,,
APT-001595,REQ-001719,EMP-00120,LOC-03,SVC-03,2025-11-02,Rescheduled,27,False,,,,,,,,,,
APT-001610,REQ-001735,EMP-00103,LOC-06,SVC-03,2025-10-31,Rescheduled,22,False,,,,,,,,,,
APT-001624,REQ-001749,EMP-00098,LOC-04,SVC-07,2025-10-31,Rescheduled,11,False,,,,,,,,,,
APT-001627,REQ-001752,EMP-00129,LOC-01,SVC-05,2025-11-03,Rescheduled,3,False,,,,,,,,,,
APT-001632,REQ-001757,EMP-00042,LOC-10,SVC-04,2025-11-04,Rescheduled,29,False,,,,,,,,,,
APT-001635,REQ-001760,EMP-00057,LOC-02,SVC-02,2025-11-02,Rescheduled,20,False,,,,,,,,,,
APT-001663,REQ-001790,EMP-00090,LOC-05,SVC-01,2025-11-04,Rescheduled,34,False,,,,,,,,,,
APT-001688,REQ-001816,EMP-00051,LOC-06,SVC-01,2025-11-05,Rescheduled,24,False,,,,,,,,,,
APT-001703,REQ-001836,EMP-00099,LOC-05,SVC-02,2025-11-06,Rescheduled,30,False,,,,,,,,,,
APT-001721,REQ-001856,EMP-00068,LOC-07,SVC-03,2025-11-09,Rescheduled,50,False,,,,,,,,,,
APT-001753,REQ-001893,EMP-00095,LOC-07,SVC-02,2025-11-10,Rescheduled,23,False,,,,,,,,,,
APT-001762,REQ-001903,EMP-00011,LOC-09,SVC-07,2025-11-12,Rescheduled,3,False,,,,,,,,,,
APT-001773,REQ-001915,EMP-00030,LOC-10,SVC-08,2025-11-11,Rescheduled,38,False,,,,,,,,,,
APT-001794,REQ-001936,EMP-00117,LOC-01,SVC-04,2025-11-12,Rescheduled,10,False,,,,,,,,,,
APT-001806,REQ-001948,EMP-00037,LOC-07,SVC-01,2025-11-12,Rescheduled,36,False,,,,,,,,,,
APT-001811,REQ-001953,EMP-00123,LOC-05,SVC-02,2025-11-13,Rescheduled,23,False,,,,,,,,,,
APT-001816,REQ-001958,EMP-00120,LOC-06,SVC-06,2025-11-13,Rescheduled,28,False,,,,,,,,,,
APT-001827,REQ-001971,EMP-00148,LOC-02,SVC-03,2025-11-13,Rescheduled,23,False,,,,,,,,,,
APT-001835,REQ-001980,EMP-00102,LOC-04,SVC-02,2025-11-15,Rescheduled,12,False,,,,,,,,,,
APT-001837,REQ-001982,EMP-00042,LOC-10,SVC-03,2025-11-15,Rescheduled,12,False,,,,,,,,,,
APT-001842,REQ-001987,EMP-00101,LOC-08,SVC-03,2025-11-15,Rescheduled,43,False,,,,,,,,,,
APT-001858,REQ-002003,EMP-00051,LOC-07,SVC-04,2025-11-17,Rescheduled,4,False,,,,,,,,,,
APT-001859,REQ-002004,EMP-00054,LOC-03,SVC-08,2025-11-14,Rescheduled,30,False,,,,,,,,,,
APT-001889,REQ-002036,EMP-00105,LOC-06,SVC-04,2025-11-18,Rescheduled,45,False,,,,,,,,,,
APT-001895,REQ-002043,EMP-00141,LOC-07,SVC-04,2025-11-17,Rescheduled,16,False,,,,,,,,,,
APT-001896,REQ-002044,EMP-00123,LOC-02,SVC-04,2025-11-18,Rescheduled,16,False,,,,,,,,,,
APT-001905,REQ-002053,EMP-00052,LOC-10,SVC-05,2025-11-18,Rescheduled,29,False,,,,,,,,,,
APT-001926,REQ-002075,EMP-00022,LOC-05,SVC-01,2025-11-20,Rescheduled,24,False,,,,,,,,,,
APT-001935,REQ-002086,EMP-00142,LOC-09,SVC-03,2025-11-21,Rescheduled,39,False,,,,,,,,,,
APT-001958,REQ-002109,EMP-00014,LOC-05,SVC-02,2025-11-21,Rescheduled,7,False,,,,,,,,,,
APT-001981,REQ-002136,EMP-00084,LOC-01,SVC-06,2025-11-22,Rescheduled,7,False,,,,,,,,,,
APT-001989,REQ-002144,EMP-00069,LOC-03,SVC-04,2025-11-23,Rescheduled,11,False,,,,,,,,,,
APT-002010,REQ-002165,EMP-00062,LOC-02,SVC-01,2025-11-25,Rescheduled,30,False,,,,,,,,,,
APT-002018,REQ-002173,EMP-00085,LOC-06,SVC-06,2025-11-25,Rescheduled,26,False,,,,,,,,,,
APT-002019,REQ-002174,EMP-00028,LOC-08,SVC-01,2025-11-27,Rescheduled,22,False,,,,,,,,,,
APT-002024,REQ-002179,EMP-00086,LOC-10,SVC-07,2025-11-25,Rescheduled,49,False,,,,,,,,,,
APT-002036,REQ-002192,EMP-00138,LOC-10,SVC-01,2025-11-26,Rescheduled,56,False,,,,,,,,,,
APT-002056,REQ-002214,EMP-00080,LOC-10,SVC-07,2025-11-28,Cancelled,29,False,,Transport issue,Employee,11.8,True,,,,,
APT-002057,REQ-002216,EMP-00043,LOC-06,SVC-02,2025-11-28,No-show,18,False,,Other,Organisation,20.6,False,,,,,
APT-002061,REQ-002220,EMP-00022,LOC-08,SVC-05,2025-11-28,Cancelled,21,True,Client preference,Staff illness,Client,45.0,False,,,,,
APT-002072,REQ-002233,EMP-00017,LOC-01,SVC-09,2025-12-02,Cancelled,50,False,,Other,Employee,3.4,True,,,,,
APT-002087,REQ-002248,EMP-00106,LOC-10,SVC-08,2025-11-30,No-show,32,False,,Transport issue,Client,9.4,False,,,,,
APT-002090,REQ-002252,EMP-00055,LOC-07,SVC-03,2025-11-30,Cancelled,54,False,,Staff illness,Client,3.8,True,,,,,
APT-002093,REQ-002255,EMP-00067,LOC-07,SVC-03,2025-11-29,Cancelled,4,False,,Duplicate booking,Employee,9.3,False,,,,,
APT-002097,REQ-002259,EMP-00060,LOC-05,SVC-02,2025-11-29,Cancelled,8,False,,Transport issue,Employee,15.1,True,,,,,
APT-002098,REQ-002260,EMP-00143,LOC-10,SVC-01,2025-11-29,Cancelled,32,False,,Client unwell,Client,56.8,True,,,,,
APT-002100,REQ-002262,EMP-00006,LOC-01,SVC-01,2025-11-30,No-show,33,False,,Weather,Employee,47.2,True,,,,,
APT-002103,REQ-002265,EMP-00109,LOC-02,SVC-06,2025-11-29,Cancelled,3,False,,Duplicate booking,Organisation,34.9,True,,,,,
APT-002106,REQ-002269,EMP-00064,LOC-08,SVC-02,2025-11-30,No-show,34,False,,Staff illness,Client,14.0,True,,,,,
APT-002109,REQ-002273,EMP-00086,LOC-08,SVC-02,2025-11-29,No-show,52,False,,Client unavailable,Employee,12.6,True,,,,,
APT-002110,REQ-002274,EMP-00084,LOC-04,SVC-07,2025-12-01,Cancelled,22,False,,Client declined,Employee,8.5,True,,,,,
APT-002114,REQ-002278,EMP-00025,LOC-01,SVC-02,2025-12-01,Cancelled,29,False,,Transport issue,Client,0.0,False,,,,,
APT-002115,REQ-002279,EMP-00054,LOC-09,SVC-03,2025-12-02,No-show,28,False,,Transport issue,Client,19.6,True,,,,,
APT-002118,REQ-002282,EMP-00084,LOC-02,SVC-01,2025-12-02,Cancelled,3,False,,Client declined,Client,41.1,True,,,,,
APT-002125,REQ-002289,EMP-00086,LOC-06,SVC-09,2025-12-01,Cancelled,12,False,,Weather,Organisation,0.0,False,,,,,
APT-002126,REQ-002290,EMP-00146,LOC-07,SVC-01,2025-12-02,Cancelled,50,False,,Other,Employee,0.0,True,,,,,
APT-002128,REQ-002293,EMP-00013,LOC-05,SVC-01,2025-12-04,No-show,27,False,,Weather,Client,31.7,True,,,,,
APT-002131,REQ-002296,EMP-00134,LOC-09,SVC-01,2025-12-01,No-show,39,False,,Other,Client,57.6,True,,,,,
APT-002134,REQ-002299,EMP-00109,LOC-05,SVC-06,2025-12-01,Cancelled,3,False,,Duplicate booking,Client,9.9,True,,,,,
APT-002135,REQ-002300,EMP-00096,LOC-07,SVC-06,2025-12-03,No-show,19,False,,Client declined,Client,22.9,True,,,,,
APT-002143,REQ-002309,EMP-00015,LOC-03,SVC-07,2025-12-04,Cancelled,46,False,,Weather,Client,41.8,True,,,,,
APT-002151,REQ-002317,EMP-00128,LOC-02,SVC-02,2025-12-02,Cancelled,42,False,,Client unavailable,Client,30.0,True,,,,,
APT-002160,REQ-002327,EMP-00105,LOC-01,SVC-01,2025-12-03,No-show,13,False,,Transport issue,Employee,11.6,True,,,,,
APT-002162,REQ-002329,EMP-00030,LOC-10,SVC-05,2025-12-04,No-show,49,False,,Client unavailable,Organisation,13.4,False,,,,,
APT-002164,REQ-002331,EMP-00113,LOC-04,SVC-02,2025-12-03,Cancelled,20,False,,Weather,Employee,38.8,True,,,,,
APT-002166,REQ-002333,EMP-00008,LOC-09,SVC-02,2025-12-04,No-show,12,False,,Client declined,Client,0.0,True,,,,,
APT-002167,REQ-002334,EMP-00086,LOC-02,SVC-07,2025-12-03,Cancelled,36,False,,Client declined,Client,28.4,False,,,,,
APT-002174,REQ-002341,EMP-00104,LOC-05,SVC-07,2025-12-03,No-show,16,False,,Other,Organisation,0.1,True,,,,,
APT-002179,REQ-002348,EMP-00117,LOC-03,SVC-07,2025-12-05,Cancelled,7,False,,Client declined,Organisation,0.0,False,,,,,
APT-002180,REQ-002349,EMP-00056,LOC-07,SVC-06,2025-12-06,Cancelled,22,False,,Staff illness,Employee,4.7,False,,,,,
APT-002184,REQ-002353,EMP-00080,LOC-10,SVC-06,2025-12-05,Cancelled,13,False,,Client unavailable,Client,0.0,False,,,,,
APT-002191,REQ-002361,EMP-00022,LOC-03,SVC-05,2025-12-04,Cancelled,43,False,,Duplicate booking,Employee,11.5,False,,,,,
APT-002196,REQ-002366,EMP-00121,LOC-08,SVC-07,2025-12-05,No-show,3,False,,Other,Employee,43.7,True,,,,,
APT-002197,REQ-002367,EMP-00006,LOC-01,SVC-05,2025-12-05,Cancelled,7,False,,Weather,Organisation,52.8,False,,,,,
APT-002198,REQ-002368,EMP-00142,LOC-09,SVC-06,2025-12-04,Cancelled,17,False,,Transport issue,Client,16.1,False,,,,,
APT-002202,REQ-002372,EMP-00044,LOC-07,SVC-01,2025-12-05,Cancelled,3,False,,Duplicate booking,Client,0.0,False,,,,,
APT-002210,REQ-002380,EMP-00083,LOC-02,SVC-02,2025-12-05,No-show,39,False,,Duplicate booking,Employee,13.6,True,,,,,
APT-002211,REQ-002381,EMP-00032,LOC-06,SVC-02,2025-12-07,Cancelled,59,False,,Client unavailable,Client,0.0,True,,,,,
APT-002214,REQ-002384,EMP-00124,LOC-09,SVC-08,2025-12-07,No-show,35,False,,Client unwell,Employee,9.9,True,,,,,
APT-002217,REQ-002387,EMP-00004,LOC-10,SVC-06,2025-12-05,Cancelled,74,False,,Client declined,Employee,29.9,False,,,,,
APT-002219,REQ-002389,EMP-00050,LOC-10,SVC-07,2025-12-05,No-show,5,False,,Client declined,Client,2.1,True,,,,,
APT-002222,REQ-002392,EMP-00070,LOC-01,SVC-01,2025-12-05,Cancelled,17,False,,Other,Client,0.0,True,,,,,
APT-002226,REQ-002396,EMP-00101,LOC-08,SVC-04,2025-12-06,Cancelled,18,False,,Transport issue,Client,5.2,True,,,,,
APT-002228,REQ-002398,EMP-00023,LOC-03,SVC-03,2025-12-06,Cancelled,6,False,,Transport issue,Client,48.6,False,,,,,
APT-002229,REQ-002399,EMP-00123,LOC-02,SVC-05,2025-12-05,Cancelled,18,False,,Client declined,Client,0.0,False,,,,,
APT-002230,REQ-002400,EMP-00011,LOC-04,SVC-04,2025-12-05,No-show,39,False,,Weather,Client,12.4,True,,,,,
APT-002244,REQ-002415,EMP-00031,LOC-03,SVC-02,2025-12-07,Cancelled,17,False,,Weather,Employee,8.1,True,,,,,
APT-002245,REQ-002416,EMP-00030,LOC-02,SVC-05,2025-12-08,Cancelled,34,True,Client preference,Client declined,Client,47.7,False,,,,,
APT-002247,REQ-002419,EMP-00091,LOC-01,SVC-03,2025-12-08,Cancelled,4,False,,Duplicate booking,Client,11.8,True,,,,,
APT-002248,REQ-002420,EMP-00075,LOC-10,SVC-03,2025-12-08,Cancelled,48,False,,Transport issue,Employee,0.0,True,,,,,
APT-002254,REQ-002426,EMP-00035,LOC-08,SVC-02,2025-12-08,Cancelled,3,False,,Client unavailable,Client,2.5,False,,,,,
APT-002257,REQ-002429,EMP-00044,LOC-10,SVC-02,2025-12-08,Cancelled,10,False,,Client unwell,Client,0.0,True,,,,,
APT-002262,REQ-002434,EMP-00099,LOC-04,SVC-04,2025-12-09,Cancelled,24,False,,Staff illness,Client,20.4,True,,,,,
APT-002269,REQ-002441,EMP-00099,LOC-01,SVC-05,2025-12-13,Cancelled,36,False,,Client unavailable,Organisation,18.2,True,,,,,
APT-002271,REQ-002443,EMP-00058,LOC-01,SVC-06,2025-12-09,Cancelled,27,False,,Weather,Client,61.6,True,,,,,
APT-002272,REQ-002445,EMP-00042,LOC-06,SVC-05,2025-12-08,Cancelled,23,False,,Client declined,Client,19.9,True,,,,,
APT-002278,REQ-002451,EMP-00028,LOC-03,SVC-03,2025-12-10,Cancelled,22,False,,Client unwell,Employee,24.1,True,,,,,
APT-002280,REQ-002453,EMP-00137,LOC-01,SVC-03,2025-12-09,Cancelled,13,True,Skill match unavailable,Client unwell,Organisation,27.0,True,,,,,
APT-002283,REQ-002456,EMP-00091,LOC-10,SVC-05,2025-12-12,Cancelled,3,True,Continuity of care,Weather,Client,29.7,True,,,,,
APT-002285,REQ-002458,EMP-00025,LOC-02,SVC-05,2025-12-10,No-show,19,False,,Staff illness,Client,0.0,True,,,,,
APT-002287,REQ-002460,EMP-00099,LOC-04,SVC-06,2025-12-09,Cancelled,21,False,,Transport issue,Client,22.5,False,,,,,
APT-002292,REQ-002466,EMP-00030,LOC-09,SVC-04,2025-12-12,Cancelled,29,False,,Client unwell,Client,32.0,True,,,,,
APT-002298,REQ-002474,EMP-00032,LOC-09,SVC-08,2025-12-11,Cancelled,27,False,,Transport issue,Client,14.7,False,,,,,
APT-002307,REQ-002483,EMP-00068,LOC-03,SVC-01,2025-12-13,No-show,11,False,,Transport issue,Client,0.0,False,,,,,
APT-002313,REQ-002489,EMP-00004,LOC-06,SVC-06,2025-12-12,Cancelled,38,False,,Duplicate booking,Client,28.8,True,,,,,
APT-002315,REQ-002491,EMP-00028,LOC-10,SVC-09,2025-12-11,Cancelled,9,False,,Weather,Organisation,0.0,True,,,,,
APT-002317,REQ-002493,EMP-00064,LOC-06,SVC-07,2025-12-12,Cancelled,11,False,,Staff illness,Client,11.8,True,,,,,
APT-002318,REQ-002494,EMP-00025,LOC-07,SVC-02,2025-12-12,No-show,47,False,,Client declined,Organisation,0.3,True,,,,,
APT-002328,REQ-002505,EMP-00047,LOC-10,SVC-06,2025-12-13,Cancelled,37,False,,Weather,Client,0.0,True,,,,,
APT-002330,REQ-002507,EMP-00129,LOC-04,SVC-07,2025-12-13,Cancelled,18,False,,Other,Client,44.9,True,,,,,
APT-002334,REQ-002511,EMP-00104,LOC-04,SVC-04,2025-12-15,Cancelled,10,False,,Staff illness,Client,17.1,True,,,,,
APT-002337,REQ-002514,EMP-00069,LOC-02,SVC-01,2025-12-12,No-show,20,False,,Duplicate booking,Employee,19.7,True,,,,,
APT-002348,REQ-002528,EMP-00013,LOC-06,SVC-05,2025-12-15,Cancelled,41,False,,Client unwell,Client,40.9,True,,,,,
APT-002349,REQ-002529,EMP-00110,LOC-06,SVC-02,2025-12-13,Cancelled,38,False,,Duplicate booking,Client,18.2,True,,,,,
APT-002366,REQ-002547,EMP-00080,LOC-10,SVC-02,2025-12-18,Cancelled,41,False,,Weather,Employee,11.0,False,,,,,
APT-002369,REQ-002550,EMP-00002,LOC-01,SVC-08,2025-12-17,Cancelled,28,True,Urgent reassignment,Other,Employee,88.0,True,,,,,
APT-002370,REQ-002551,EMP-00018,LOC-04,SVC-01,2025-12-15,Cancelled,39,False,,Staff illness,Employee,12.5,False,,,,,
APT-002371,REQ-002552,EMP-00117,LOC-06,SVC-01,2025-12-16,Cancelled,61,False,,Duplicate booking,Client,0.0,False,,,,,
APT-002379,REQ-002560,EMP-00122,LOC-05,SVC-03,2025-12-16,Cancelled,3,False,,Transport issue,Employee,0.0,False,,,,,
APT-002382,REQ-002565,EMP-00129,LOC-07,SVC-03,2025-12-16,No-show,46,False,,Client unavailable,Client,0.0,False,,,,,
APT-002384,REQ-002567,EMP-00150,LOC-03,SVC-01,2025-12-15,Cancelled,30,False,,Duplicate booking,Client,16.6,True,,,,,
APT-002393,REQ-002577,EMP-00013,LOC-09,SVC-02,2025-12-16,Cancelled,37,False,,Staff illness,Employee,1.8,True,,,,,
APT-002400,REQ-002584,EMP-00083,LOC-02,SVC-02,2025-12-16,Cancelled,13,False,,Other,Organisation,0.0,True,,,,,
APT-002403,REQ-002588,EMP-00099,LOC-03,SVC-03,2025-12-17,Cancelled,12,False,,Client unavailable,Client,10.7,False,,,,,
APT-002409,REQ-002595,EMP-00096,LOC-01,SVC-07,2025-12-17,Cancelled,16,False,,Transport issue,Organisation,0.0,True,,,,,
APT-002414,REQ-002600,EMP-00141,LOC-06,SVC-01,2025-12-18,No-show,46,False,,Client unavailable,Client,7.8,False,,,,,
APT-002416,REQ-002602,EMP-00032,LOC-01,SVC-07,2025-12-18,Cancelled,18,False,,Other,Organisation,0.0,False,,,,,
APT-002424,REQ-002610,EMP-00041,LOC-01,SVC-05,2025-12-18,No-show,40,False,,Transport issue,Employee,3.1,False,,,,,
APT-002425,REQ-002611,EMP-00117,LOC-01,SVC-04,2025-12-20,No-show,18,False,,Client declined,Client,27.0,False,,,,,
APT-002426,REQ-002612,EMP-00121,LOC-04,SVC-02,2025-12-19,Cancelled,27,False,,Weather,Client,0.0,True,,,,,
APT-002428,REQ-002614,EMP-00079,LOC-07,SVC-04,2025-12-18,No-show,36,False,,Duplicate booking,Client,33.8,True,,,,,
APT-002431,REQ-002618,EMP-00100,LOC-04,SVC-01,2025-12-19,Cancelled,3,False,,Other,Client,20.2,True,,,,,
APT-002434,REQ-002621,EMP-00024,LOC-02,SVC-04,2025-12-19,No-show,27,False,,Duplicate booking,Employee,35.9,False,,,,,
APT-002435,REQ-002622,EMP-00005,LOC-09,SVC-02,2025-12-19,Cancelled,36,False,,Client unavailable,Employee,31.3,False,,,,,
APT-002440,REQ-002627,EMP-00119,LOC-05,SVC-07,2025-12-18,Cancelled,27,False,,Client unavailable,Client,59.4,False,,,,,
APT-002443,REQ-002630,EMP-00066,LOC-01,SVC-02,2025-12-20,Cancelled,34,False,,Transport issue,Employee,15.9,False,,,,,
APT-002446,REQ-002633,EMP-00104,LOC-09,SVC-06,2025-12-20,Cancelled,39,False,,Duplicate booking,Organisation,0.0,False,,,,,
APT-002450,REQ-002637,EMP-00075,LOC-05,SVC-04,2025-12-19,Cancelled,3,False,,Client declined,Client,0.0,True,,,,,
APT-002455,REQ-002645,EMP-00084,LOC-04,SVC-02,2025-12-19,Cancelled,21,False,,Other,Client,34.3,True,,,,,
APT-002457,REQ-002647,EMP-00131,LOC-04,SVC-06,2025-12-21,No-show,22,False,,Other,Client,0.0,True,,,,,
APT-002461,REQ-002651,EMP-00139,LOC-03,SVC-06,2025-12-21,Cancelled,32,False,,Client unavailable,Organisation,41.4,False,,,,,
APT-002466,REQ-002656,EMP-00146,LOC-10,SVC-06,2025-12-20,No-show,12,False,,Client unavailable,Organisation,49.8,True,,,,,
APT-002467,REQ-002657,EMP-00056,LOC-03,SVC-01,2025-12-20,No-show,27,False,,Weather,Employee,38.5,True,,,,,
APT-002471,REQ-002661,EMP-00050,LOC-04,SVC-04,2025-12-23,No-show,20,False,,Weather,Employee,0.0,False,,,,,
APT-002473,REQ-002663,EMP-00010,LOC-08,SVC-02,2025-12-25,No-show,28,False,,Client unwell,Organisation,0.0,True,,,,,
APT-002477,REQ-002667,EMP-00025,LOC-06,SVC-06,2025-12-22,Cancelled,50,False,,Transport issue,Client,18.3,True,,,,,
APT-002481,REQ-002671,EMP-00109,LOC-02,SVC-06,2025-12-22,No-show,25,False,,Weather,Organisation,49.0,True,,,,,
APT-002486,REQ-002676,EMP-00085,LOC-09,SVC-02,2025-12-22,Cancelled,33,False,,Weather,Client,0.0,True,,,,,
APT-002487,REQ-002677,EMP-00113,LOC-02,SVC-09,2025-12-22,No-show,17,True,Skill match unavailable,Client declined,Employee,7.1,True,,,,,
APT-002488,REQ-002678,EMP-00136,LOC-02,SVC-01,2025-12-22,No-show,27,False,,Client unavailable,Organisation,28.3,True,,,,,
APT-002489,REQ-002679,EMP-00038,LOC-05,SVC-06,2025-12-22,Cancelled,15,False,,Transport issue,Client,22.7,True,,,,,
APT-002507,REQ-002698,EMP-00016,LOC-03,SVC-02,2025-12-23,No-show,6,False,,Client unavailable,Client,0.0,True,,,,,
APT-002513,REQ-002704,EMP-00024,LOC-10,SVC-01,2025-12-24,Cancelled,38,False,,Client declined,Client,5.6,True,,,,,
APT-002516,REQ-002707,EMP-00137,LOC-06,SVC-06,2025-12-24,Cancelled,26,False,,Duplicate booking,Organisation,0.0,True,,,,,
APT-002521,REQ-002713,EMP-00011,LOC-05,SVC-02,2025-12-25,No-show,3,False,,Duplicate booking,Client,52.4,True,,,,,
APT-002524,REQ-002717,EMP-00104,LOC-03,SVC-03,2025-12-25,Cancelled,28,False,,Other,Client,0.0,True,,,,,
APT-002525,REQ-002718,EMP-00129,LOC-07,SVC-01,2025-12-24,Cancelled,30,False,,Transport issue,Employee,24.3,True,,,,,
APT-002528,REQ-002721,EMP-00106,LOC-10,SVC-01,2025-12-24,Cancelled,38,False,,Other,Employee,0.0,False,,,,,
APT-002534,REQ-002727,EMP-00057,LOC-02,SVC-02,2025-12-24,No-show,29,False,,Client declined,Organisation,0.0,True,,,,,
APT-002538,REQ-002732,EMP-00141,LOC-03,SVC-02,2025-12-26,No-show,16,False,,Weather,Client,8.5,True,,,,,
APT-002541,REQ-002736,EMP-00024,LOC-07,SVC-07,2025-12-26,Cancelled,45,False,,Client declined,Organisation,24.3,True,,,,,
APT-002547,REQ-002742,EMP-00024,LOC-06,SVC-07,2025-12-27,Cancelled,27,False,,Transport issue,Organisation,37.7,True,,,,,
APT-002559,REQ-002757,EMP-00093,LOC-09,SVC-07,2025-12-27,Cancelled,36,False,,Staff illness,Organisation,18.6,False,,,,,
APT-002563,REQ-002761,EMP-00109,LOC-07,SVC-02,2025-12-28,Cancelled,22,False,,Other,Client,17.5,False,,,,,
APT-002567,REQ-002765,EMP-00124,LOC-01,SVC-07,2025-12-26,Cancelled,42,False,,Client unavailable,Organisation,34.4,False,,,,,
APT-002569,REQ-002767,EMP-00064,LOC-04,SVC-09,2025-12-26,No-show,17,False,,Staff illness,Employee,23.3,True,,,,,
APT-002570,REQ-002768,EMP-00033,LOC-03,SVC-02,2025-12-29,Cancelled,10,False,,Client unavailable,Client,23.8,True,,,,,
APT-002574,REQ-002772,EMP-00042,LOC-07,SVC-07,2025-12-26,No-show,36,False,,Transport issue,Employee,19.9,False,,,,,
APT-002576,REQ-002774,EMP-00098,LOC-10,SVC-06,2025-12-26,Cancelled,27,False,,Duplicate booking,Organisation,20.8,False,,,,,
APT-002579,REQ-002778,EMP-00024,LOC-03,SVC-01,2025-12-27,Cancelled,15,False,,Duplicate booking,Client,23.0,True,,,,,
APT-002581,REQ-002780,EMP-00008,LOC-01,SVC-05,2025-12-28,Cancelled,22,False,,Transport issue,Organisation,0.0,True,,,,,
APT-002590,REQ-002789,EMP-00065,LOC-01,SVC-06,2025-12-29,Cancelled,35,False,,Client unavailable,Client,7.1,True,,,,,
APT-002591,REQ-002790,EMP-00065,LOC-09,SVC-01,2025-12-29,Cancelled,20,False,,Client declined,Client,31.5,True,,,,,
APT-002592,REQ-002791,EMP-00033,LOC-08,SVC-03,2025-12-30,Cancelled,50,False,,Transport issue,Client,18.3,True,,,,,
APT-002594,REQ-002793,EMP-00051,LOC-08,SVC-05,2025-12-28,Cancelled,37,False,,Duplicate booking,Employee,56.4,True,,,,,
APT-002595,REQ-002794,EMP-00133,LOC-10,SVC-01,2025-12-29,Cancelled,23,False,,Other,Employee,33.2,False,,,,,
APT-002597,REQ-002796,EMP-00039,LOC-08,SVC-02,2025-12-29,No-show,27,False,,Other,Client,0.0,False,,,,,
APT-002598,REQ-002797,EMP-00137,LOC-07,SVC-06,2025-12-29,Cancelled,3,False,,Staff illness,Organisation,10.5,True,,,,,
APT-002602,REQ-002801,EMP-00143,LOC-01,SVC-01,2025-12-29,Cancelled,29,False,,Client declined,Employee,11.7,False,,,,,
APT-002608,REQ-002807,EMP-00102,LOC-01,SVC-05,2025-12-30,Cancelled,20,False,,Duplicate booking,Client,0.0,True,,,,,
APT-002620,REQ-002819,EMP-00031,LOC-08,SVC-05,2025-12-30,Cancelled,36,False,,Staff illness,Client,48.4,True,,,,,
APT-002622,REQ-002821,EMP-00057,LOC-06,SVC-08,2025-12-30,Cancelled,5,False,,Weather,Client,18.9,True,,,,,
APT-002624,REQ-002823,EMP-00037,LOC-07,SVC-02,2025-12-31,No-show,3,True,Client preference,Staff illness,Client,18.1,True,,,,,
APT-002627,REQ-002826,EMP-00040,LOC-09,SVC-02,2025-12-30,Cancelled,29,False,,Other,Employee,33.3,True,,,,,
APT-002628,REQ-002827,EMP-00110,LOC-02,SVC-04,2025-12-30,No-show,26,False,,Client unavailable,Employee,26.8,False,,,,,
APT-002630,REQ-002829,EMP-00047,LOC-06,SVC-02,2025-12-31,No-show,30,False,,Client declined,Employee,34.1,False,,,,,
APT-002632,REQ-002831,EMP-00123,LOC-10,SVC-04,2025-12-31,No-show,48,False,,Duplicate booking,Organisation,50.2,True,,,,,
APT-002638,REQ-002837,EMP-00040,LOC-08,SVC-01,2026-01-02,Cancelled,38,False,,Client declined,Client,14.9,True,,,,,
APT-002642,REQ-002841,EMP-00137,LOC-02,SVC-03,2025-12-31,Cancelled,32,False,,Other,Client,18.7,True,,,,,
APT-002650,REQ-002849,EMP-00055,LOC-06,SVC-02,2026-01-01,Cancelled,3,False,,Client unwell,Client,22.2,True,,,,,
APT-002653,REQ-002852,EMP-00068,LOC-10,SVC-02,2026-01-01,Cancelled,19,False,,Duplicate booking,Client,63.8,False,,,,,
APT-002654,REQ-002853,EMP-00121,LOC-06,SVC-05,2026-01-02,Cancelled,14,False,,Transport issue,Client,27.5,False,,,,,
APT-002658,REQ-002857,EMP-00031,LOC-10,SVC-03,2026-01-01,Cancelled,9,False,,Client unwell,Employee,17.4,True,,,,,
APT-002659,REQ-002858,EMP-00129,LOC-08,SVC-02,2025-12-31,Cancelled,22,False,,Other,Client,42.9,True,,,,,
APT-002662,REQ-002862,EMP-00030,LOC-01,SVC-07,2025-12-31,Cancelled,18,False,,Duplicate booking,Organisation,20.4,True,,,,,
APT-002663,REQ-002863,EMP-00079,LOC-07,SVC-03,2026-01-01,Cancelled,35,False,,Client unavailable,Organisation,0.0,False,,,,,
APT-002664,REQ-002864,EMP-00064,LOC-06,SVC-07,2026-01-04,Cancelled,3,False,,Client unavailable,Employee,0.0,False,,,,,
APT-002671,REQ-002872,EMP-00036,LOC-06,SVC-07,2026-01-02,No-show,29,False,,Staff illness,Organisation,22.3,True,,,,,
APT-002674,REQ-002875,EMP-00096,LOC-05,SVC-08,2026-01-02,Cancelled,24,False,,Client declined,Client,17.3,False,,,,,
APT-002675,REQ-002876,EMP-00055,LOC-02,SVC-09,2026-01-02,Cancelled,16,False,,Other,Client,0.0,False,,,,,
APT-002677,REQ-002878,EMP-00085,LOC-01,SVC-02,2026-01-03,Cancelled,17,False,,Client declined,Employee,22.0,True,,,,,
APT-002678,REQ-002879,EMP-00096,LOC-07,SVC-09,2026-01-02,Cancelled,26,False,,Weather,Employee,26.8,True,,,,,
APT-002680,REQ-002881,EMP-00110,LOC-03,SVC-05,2026-01-02,Cancelled,19,False,,Weather,Organisation,11.4,False,,,,,
APT-002686,REQ-002887,EMP-00057,LOC-10,SVC-06,2026-01-03,No-show,4,False,,Client declined,Client,19.1,True,,,,,
APT-002688,REQ-002889,EMP-00018,LOC-09,SVC-05,2026-01-02,Cancelled,31,False,,Other,Client,3.3,True,,,,,
APT-002689,REQ-002891,EMP-00121,LOC-09,SVC-02,2026-01-02,Cancelled,32,False,,Transport issue,Employee,14.5,True,,,,,
APT-002691,REQ-002893,EMP-00067,LOC-08,SVC-04,2026-01-02,Cancelled,41,False,,Staff illness,Organisation,22.6,False,,,,,
APT-002692,REQ-002894,EMP-00008,LOC-06,SVC-02,2026-01-03,Cancelled,14,False,,Staff illness,Organisation,25.1,True,,,,,
APT-002693,REQ-002895,EMP-00104,LOC-03,SVC-02,2026-01-04,Cancelled,22,False,,Staff illness,Client,29.2,True,,,,,
APT-002699,REQ-002901,EMP-00041,LOC-08,SVC-06,2026-01-03,Cancelled,27,False,,Duplicate booking,Organisation,16.1,False,,,,,
APT-002703,REQ-002905,EMP-00112,LOC-08,SVC-03,2026-01-02,No-show,17,False,,Client declined,Client,39.3,True,,,,,
APT-002704,REQ-002906,EMP-00095,LOC-10,SVC-05,2026-01-05,Cancelled,43,False,,Client unavailable,Organisation,8.6,True,,,,,
APT-002707,REQ-002909,EMP-00068,LOC-04,SVC-02,2026-01-02,Cancelled,48,False,,Duplicate booking,Employee,11.9,False,,,,,
APT-002708,REQ-002910,EMP-00027,LOC-03,SVC-06,2026-01-02,No-show,23,False,,Client declined,Client,54.6,False,,,,,
APT-002714,REQ-002917,EMP-00150,LOC-06,SVC-01,2026-01-05,Cancelled,51,False,,Weather,Employee,23.1,True,,,,,
APT-002721,REQ-002924,EMP-00066,LOC-07,SVC-01,2026-01-08,Cancelled,13,False,,Transport issue,Employee,27.8,True,,,,,
APT-002728,REQ-002932,EMP-00083,LOC-07,SVC-06,2026-01-05,Cancelled,40,True,Urgent reassignment,Duplicate booking,Organisation,0.0,False,,,,,
APT-002729,REQ-002933,EMP-00124,LOC-05,SVC-01,2026-01-05,No-show,19,False,,Client unwell,Organisation,33.9,True,,,,,
APT-002733,REQ-002937,EMP-00098,LOC-03,SVC-01,2026-01-05,No-show,34,False,,Client declined,Client,14.1,False,,,,,
APT-002736,REQ-002941,EMP-00092,LOC-07,SVC-01,2026-01-06,Cancelled,19,False,,Client unavailable,Client,45.2,True,,,,,
APT-002743,REQ-002949,EMP-00033,LOC-08,SVC-03,2026-01-05,Cancelled,13,False,,Duplicate booking,Client,0.0,True,,,,,
APT-002745,REQ-002951,EMP-00060,LOC-07,SVC-06,2026-01-07,Cancelled,38,False,,Client declined,Organisation,26.4,False,,,,,
APT-002746,REQ-002952,EMP-00027,LOC-01,SVC-01,2026-01-05,Cancelled,14,False,,Staff illness,Client,0.0,False,,,,,
APT-002749,REQ-002955,EMP-00083,LOC-02,SVC-01,2026-01-06,Cancelled,13,False,,Duplicate booking,Employee,0.0,True,,,,,
APT-002750,REQ-002956,EMP-00018,LOC-07,SVC-02,2026-01-06,Cancelled,9,False,,Duplicate booking,Organisation,43.0,True,,,,,
APT-002751,REQ-002957,EMP-00106,LOC-08,SVC-03,2026-01-06,Cancelled,17,False,,Duplicate booking,Employee,50.3,False,,,,,
APT-002757,REQ-002964,EMP-00005,LOC-09,SVC-06,2026-01-07,No-show,11,False,,Client declined,Client,42.2,True,,,,,
APT-002759,REQ-002966,EMP-00075,LOC-07,SVC-01,2026-01-07,Cancelled,14,False,,Other,Employee,25.9,True,,,,,
APT-002774,REQ-002982,EMP-00090,LOC-10,SVC-05,2026-01-07,No-show,13,False,,Client unwell,Organisation,4.1,True,,,,,
APT-002778,REQ-002987,EMP-00086,LOC-03,SVC-02,2026-01-07,No-show,14,False,,Other,Client,43.0,False,,,,,
APT-002781,REQ-002990,EMP-00083,LOC-09,SVC-06,2026-01-09,Cancelled,7,False,,Client declined,Client,26.0,False,,,,,
APT-002782,REQ-002991,EMP-00061,LOC-02,SVC-02,2026-01-09,Cancelled,3,False,,Client unavailable,Client,25.1,True,,,,,
APT-002783,REQ-002992,EMP-00016,LOC-08,SVC-04,2026-01-09,Cancelled,23,False,,Other,Client,0.0,False,,,,,
APT-002784,REQ-002993,EMP-00021,LOC-07,SVC-01,2026-01-08,Cancelled,34,False,,Transport issue,Client,41.0,True,,,,,
APT-002789,REQ-002998,EMP-00023,LOC-01,SVC-06,2026-01-10,No-show,37,False,,Client unavailable,Employee,23.3,True,,,,,
APT-002790,REQ-002999,EMP-00070,LOC-07,SVC-01,2026-01-08,Cancelled,3,False,,Client declined,Organisation,20.6,True,,,,,
APT-002792,REQ-003001,EMP-00004,LOC-03,SVC-05,2026-01-09,No-show,34,True,Urgent reassignment,Client unwell,Client,40.3,True,,,,,
APT-002793,REQ-003003,EMP-00024,LOC-03,SVC-04,2026-01-08,No-show,12,False,,Client declined,Employee,0.0,True,,,,,
APT-002794,REQ-003004,EMP-00040,LOC-06,SVC-06,2026-01-10,No-show,17,False,,Other,Client,0.0,True,,,,,
APT-002804,REQ-003014,EMP-00031,LOC-01,SVC-05,2026-01-08,Cancelled,16,False,,Weather,Organisation,8.4,True,,,,,
APT-002808,REQ-003018,EMP-00085,LOC-02,SVC-02,2026-01-09,No-show,18,False,,Staff illness,Client,2.4,True,,,,,
APT-002810,REQ-003020,EMP-00085,LOC-06,SVC-02,2026-01-10,Cancelled,31,False,,Client declined,Organisation,30.1,True,,,,,
APT-002811,REQ-003021,EMP-00052,LOC-02,SVC-04,2026-01-10,Cancelled,18,False,,Client unwell,Employee,12.8,False,,,,,
APT-002813,REQ-003024,EMP-00024,LOC-07,SVC-02,2026-01-10,Cancelled,24,False,,Client unavailable,Employee,47.1,False,,,,,
APT-002816,REQ-003027,EMP-00051,LOC-06,SVC-06,2026-01-09,No-show,26,False,,Weather,Employee,65.3,True,,,,,
APT-002817,REQ-003028,EMP-00015,LOC-05,SVC-01,2026-01-10,No-show,31,False,,Other,Client,42.1,True,,,,,
APT-002823,REQ-003034,EMP-00013,LOC-03,SVC-02,2026-01-10,Cancelled,11,False,,Duplicate booking,Employee,36.1,True,,,,,
APT-002824,REQ-003035,EMP-00025,LOC-08,SVC-06,2026-01-12,Cancelled,3,False,,Staff illness,Client,9.2,True,,,,,
APT-002827,REQ-003038,EMP-00124,LOC-06,SVC-07,2026-01-10,Cancelled,33,False,,Weather,Organisation,55.7,True,,,,,
APT-002835,REQ-003048,EMP-00084,LOC-07,SVC-01,2026-01-11,No-show,25,False,,Duplicate booking,Organisation,0.8,True,,,,,
APT-002837,REQ-003051,EMP-00061,LOC-04,SVC-07,2026-01-11,Cancelled,32,False,,Client unavailable,Client,0.0,True,,,,,
APT-002838,REQ-003052,EMP-00043,LOC-01,SVC-01,2026-01-12,No-show,24,False,,Client unwell,Employee,0.0,True,,,,,
APT-002840,REQ-003054,EMP-00142,LOC-09,SVC-05,2026-01-12,Cancelled,23,False,,Transport issue,Client,38.6,False,,,,,
APT-002848,REQ-003062,EMP-00002,LOC-06,SVC-02,2026-01-13,No-show,28,True,Continuity of care,Client unwell,Organisation,14.0,False,,,,,
APT-002851,REQ-003065,EMP-00122,LOC-07,SVC-01,2026-01-13,Cancelled,32,False,,Weather,Client,45.5,True,,,,,
APT-002853,REQ-003067,EMP-00027,LOC-06,SVC-03,2026-01-13,No-show,43,False,,Client unavailable,Employee,20.7,True,,,,,
APT-002855,REQ-003069,EMP-00049,LOC-05,SVC-03,2026-01-12,No-show,36,False,,Weather,Employee,27.4,False,,,,,
APT-002859,REQ-003073,EMP-00126,LOC-10,SVC-01,2026-01-12,Cancelled,3,False,,Weather,Client,10.2,True,,,,,
APT-002862,REQ-003076,EMP-00060,LOC-08,SVC-04,2026-01-12,Cancelled,17,False,,Client declined,Client,0.0,True,,,,,
APT-002866,REQ-003080,EMP-00040,LOC-07,SVC-01,2026-01-14,Cancelled,52,False,,Staff illness,Employee,38.5,False,,,,,
APT-002867,REQ-003081,EMP-00028,LOC-06,SVC-06,2026-01-15,No-show,52,False,,Duplicate booking,Employee,57.1,True,,,,,
APT-002875,REQ-003090,EMP-00060,LOC-07,SVC-06,2026-01-13,No-show,44,False,,Other,Client,32.5,True,,,,,
APT-002877,REQ-003092,EMP-00090,LOC-07,SVC-07,2026-01-13,No-show,41,False,,Duplicate booking,Client,7.5,False,,,,,
APT-002880,REQ-003095,EMP-00004,LOC-05,SVC-05,2026-01-14,Cancelled,32,False,,Staff illness,Client,7.8,True,,,,,
APT-002881,REQ-003096,EMP-00090,LOC-10,SVC-03,2026-01-16,Cancelled,50,False,,Client declined,Client,18.8,False,,,,,
APT-002882,REQ-003098,EMP-00047,LOC-04,SVC-02,2026-01-14,No-show,17,False,,Transport issue,Employee,4.7,True,,,,,
APT-002883,REQ-003099,EMP-00104,LOC-02,SVC-04,2026-01-16,Cancelled,13,False,,Transport issue,Organisation,73.6,True,,,,,
APT-002886,REQ-003102,EMP-00110,LOC-06,SVC-01,2026-01-16,Cancelled,5,False,,Staff illness,Organisation,41.1,True,,,,,
APT-002889,REQ-003105,EMP-00057,LOC-08,SVC-01,2026-01-16,Cancelled,5,False,,Client unavailable,Client,11.4,True,,,,,
APT-002890,REQ-003106,EMP-00102,LOC-10,SVC-07,2026-01-14,Cancelled,34,False,,Staff illness,Employee,7.6,True,,,,,
APT-002896,REQ-003112,EMP-00064,LOC-09,SVC-06,2026-01-16,No-show,14,False,,Staff illness,Employee,14.3,False,,,,,
APT-002898,REQ-003114,EMP-00004,LOC-04,SVC-03,2026-01-15,No-show,23,True,Continuity of care,Client unavailable,Employee,0.0,False,,,,,
APT-002902,REQ-003118,EMP-00044,LOC-06,SVC-04,2026-01-16,No-show,30,False,,Other,Client,7.8,True,,,,,
APT-002907,REQ-003125,EMP-00128,LOC-06,SVC-01,2026-01-15,Cancelled,43,False,,Transport issue,Client,30.1,True,,,,,
APT-002913,REQ-003132,EMP-00075,LOC-09,SVC-03,2026-01-19,Cancelled,29,False,,Transport issue,Client,27.1,True,,,,,
APT-002916,REQ-003135,EMP-00100,LOC-08,SVC-04,2026-01-16,Cancelled,37,False,,Staff illness,Client,0.0,True,,,,,
APT-002920,REQ-003141,EMP-00096,LOC-07,SVC-04,2026-01-16,Cancelled,10,False,,Client unavailable,Client,16.2,True,,,,,
APT-002921,REQ-003142,EMP-00023,LOC-08,SVC-09,2026-01-15,Cancelled,32,False,,Client declined,Client,0.0,True,,,,,
APT-002928,REQ-003150,EMP-00004,LOC-06,SVC-02,2026-01-16,Cancelled,41,False,,Client unavailable,Client,0.0,True,,,,,
APT-002930,REQ-003152,EMP-00109,LOC-07,SVC-08,2026-01-17,No-show,62,False,,Client unwell,Employee,16.1,False,,,,,
APT-002931,REQ-003153,EMP-00038,LOC-05,SVC-04,2026-01-18,Cancelled,43,False,,Duplicate booking,Client,24.8,True,,,,,
APT-002935,REQ-003157,EMP-00085,LOC-09,SVC-07,2026-01-16,Cancelled,44,False,,Weather,Employee,27.4,True,,,,,
APT-002942,REQ-003164,EMP-00128,LOC-09,SVC-09,2026-01-16,No-show,18,False,,Transport issue,Client,0.0,False,,,,,
APT-002945,REQ-003167,EMP-00105,LOC-10,SVC-08,2026-01-16,No-show,49,False,,Client unwell,Organisation,17.1,True,,,,,
APT-002950,REQ-003173,EMP-00040,LOC-09,SVC-04,2026-01-17,Cancelled,15,False,,Client unavailable,Client,0.0,True,,,,,
APT-002954,REQ-003177,EMP-00124,LOC-01,SVC-08,2026-01-17,No-show,61,False,,Transport issue,Client,42.6,False,,,,,
APT-002960,REQ-003184,EMP-00010,LOC-07,SVC-03,2026-01-19,No-show,44,False,,Transport issue,Organisation,36.1,True,,,,,
APT-002963,REQ-003187,EMP-00004,LOC-07,SVC-02,2026-01-18,Cancelled,28,False,,Client declined,Organisation,5.1,True,,,,,
APT-002966,REQ-003190,EMP-00117,LOC-10,SVC-04,2026-01-19,Cancelled,38,False,,Other,Client,39.4,False,,,,,
APT-002973,REQ-003197,EMP-00148,LOC-06,SVC-07,2026-01-23,No-show,63,False,,Client declined,Client,0.0,False,,,,,
APT-002977,REQ-003201,EMP-00047,LOC-10,SVC-01,2026-01-23,Cancelled,27,False,,Staff illness,Client,17.6,False,,,,,
APT-002979,REQ-003203,EMP-00096,LOC-05,SVC-01,2026-01-19,Cancelled,12,False,,Other,Client,23.5,True,,,,,
APT-002983,REQ-003207,EMP-00124,LOC-10,SVC-04,2026-01-20,Cancelled,25,False,,Client unwell,Organisation,0.0,False,,,,,
APT-002987,REQ-003211,EMP-00124,LOC-08,SVC-02,2026-01-21,Cancelled,23,False,,Transport issue,Employee,0.0,True,,,,,
APT-002989,REQ-003213,EMP-00131,LOC-03,SVC-05,2026-01-21,Cancelled,10,False,,Client unavailable,Client,46.8,False,,,,,
APT-002990,REQ-003214,EMP-00136,LOC-08,SVC-02,2026-01-21,Cancelled,15,False,,Transport issue,Client,3.2,False,,,,,
APT-002992,REQ-003216,EMP-00025,LOC-01,SVC-01,2026-01-20,Cancelled,32,False,,Weather,Client,42.6,True,,,,,
APT-002993,REQ-003217,EMP-00115,LOC-06,SVC-01,2026-01-20,No-show,38,False,,Transport issue,Client,44.3,False,,,,,
APT-002994,REQ-003219,EMP-00056,LOC-01,SVC-02,2026-01-22,Cancelled,22,False,,Client unwell,Client,22.5,False,,,,,
APT-003003,REQ-003229,EMP-00037,LOC-05,SVC-01,2026-01-20,Cancelled,3,False,,Client declined,Employee,57.4,True,,,,,
APT-003007,REQ-003233,EMP-00038,LOC-03,SVC-03,2026-01-23,Cancelled,45,False,,Client declined,Employee,0.0,True,,,,,
APT-003010,REQ-003236,EMP-00102,LOC-01,SVC-08,2026-01-22,No-show,23,False,,Transport issue,Client,17.0,False,,,,,
APT-003017,REQ-003244,EMP-00054,LOC-06,SVC-02,2026-01-21,Cancelled,57,False,,Other,Employee,29.7,False,,,,,
APT-003019,REQ-003246,EMP-00137,LOC-06,SVC-02,2026-01-23,Cancelled,38,False,,Other,Client,39.2,False,,,,,
APT-003022,REQ-003249,EMP-00030,LOC-02,SVC-02,2026-01-21,Cancelled,39,False,,Duplicate booking,Client,24.2,True,,,,,
APT-003026,REQ-003253,EMP-00075,LOC-03,SVC-06,2026-01-21,No-show,15,False,,Staff illness,Employee,15.2,True,,,,,
APT-003027,REQ-003254,EMP-00028,LOC-06,SVC-03,2026-01-22,Cancelled,52,False,,Weather,Client,36.9,True,,,,,
APT-003036,REQ-003263,EMP-00122,LOC-05,SVC-02,2026-01-23,Cancelled,17,False,,Client unwell,Employee,0.0,False,,,,,
APT-003041,REQ-003268,EMP-00118,LOC-06,SVC-06,2026-01-23,Cancelled,17,False,,Staff illness,Employee,9.2,True,,,,,
APT-003043,REQ-003270,EMP-00011,LOC-09,SVC-05,2026-01-24,Cancelled,45,False,,Client unwell,Client,28.5,False,,,,,
APT-003046,REQ-003273,EMP-00131,LOC-05,SVC-07,2026-01-24,Cancelled,11,False,,Staff illness,Client,9.3,True,,,,,
APT-003047,REQ-003274,EMP-00011,LOC-08,SVC-01,2026-01-23,Cancelled,31,False,,Transport issue,Organisation,30.1,False,,,,,
APT-003048,REQ-003275,EMP-00075,LOC-04,SVC-06,2026-01-23,Cancelled,23,False,,Client unavailable,Organisation,0.0,True,,,,,
APT-003050,REQ-003277,EMP-00094,LOC-08,SVC-01,2026-01-23,Cancelled,32,False,,Client declined,Organisation,10.5,True,,,,,
APT-003054,REQ-003281,EMP-00137,LOC-08,SVC-02,2026-01-23,Cancelled,37,False,,Other,Employee,26.8,False,,,,,
APT-003055,REQ-003282,EMP-00044,LOC-02,SVC-06,2026-01-23,Cancelled,23,False,,Duplicate booking,Employee,0.0,True,,,,,
APT-003059,REQ-003287,EMP-00010,LOC-05,SVC-09,2026-01-24,Cancelled,14,False,,Client unavailable,Client,0.0,False,,,,,
APT-003060,REQ-003288,EMP-00063,LOC-05,SVC-02,2026-01-23,Cancelled,26,False,,Weather,Organisation,14.1,True,,,,,
APT-003069,REQ-003298,EMP-00044,LOC-01,SVC-06,2026-01-24,Cancelled,35,False,,Transport issue,Organisation,13.0,True,,,,,
APT-003074,REQ-003306,EMP-00086,LOC-09,SVC-02,2026-01-26,Cancelled,43,False,,Client declined,Employee,46.1,True,,,,,
APT-003078,REQ-003310,EMP-00079,LOC-04,SVC-01,2026-01-26,Cancelled,9,False,,Staff illness,Client,46.5,True,,,,,
APT-003082,REQ-003315,EMP-00056,LOC-01,SVC-02,2026-01-25,Cancelled,31,False,,Client unwell,Organisation,0.0,False,,,,,
APT-003087,REQ-003321,EMP-00018,LOC-03,SVC-06,2026-01-26,Cancelled,31,False,,Staff illness,Client,23.6,False,,,,,
APT-003090,REQ-003324,EMP-00061,LOC-08,SVC-01,2026-01-26,No-show,37,False,,Other,Client,24.0,False,,,,,
APT-003097,REQ-003332,EMP-00146,LOC-08,SVC-01,2026-01-26,Cancelled,30,False,,Client unwell,Organisation,53.1,True,,,,,
APT-003098,REQ-003333,EMP-00037,LOC-05,SVC-02,2026-01-26,Cancelled,20,False,,Client unavailable,Employee,17.1,True,,,,,
APT-003100,REQ-003335,EMP-00113,LOC-01,SVC-06,2026-01-27,Cancelled,34,False,,Staff illness,Client,22.6,False,,,,,
APT-003102,REQ-003338,EMP-00068,LOC-06,SVC-02,2026-01-26,No-show,37,False,,Client declined,Client,0.0,True,,,,,
APT-003103,REQ-003339,EMP-00016,LOC-02,SVC-01,2026-01-29,Cancelled,32,False,,Client unavailable,Client,0.0,False,,,,,
APT-003116,REQ-003352,EMP-00015,LOC-06,SVC-02,2026-01-29,Cancelled,25,False,,Client unwell,Client,12.4,True,,,,,
APT-003130,REQ-003367,EMP-00049,LOC-07,SVC-06,2026-01-29,Cancelled,20,False,,Staff illness,Client,0.0,True,,,,,
APT-003134,REQ-003371,EMP-00065,LOC-07,SVC-02,2026-01-31,Cancelled,18,False,,Client declined,Client,13.6,False,,,,,
APT-003137,REQ-003374,EMP-00021,LOC-06,SVC-04,2026-01-30,No-show,57,False,,Weather,Organisation,40.9,True,,,,,
APT-003138,REQ-003375,EMP-00040,LOC-09,SVC-04,2026-01-28,Cancelled,39,False,,Other,Client,1.8,True,,,,,
APT-003142,REQ-003381,EMP-00106,LOC-06,SVC-01,2026-01-30,Cancelled,52,False,,Staff illness,Employee,1.8,True,,,,,
APT-003148,REQ-003388,EMP-00062,LOC-03,SVC-04,2026-01-28,No-show,18,False,,Client unwell,Client,23.2,False,,,,,
APT-003155,REQ-003395,EMP-00084,LOC-06,SVC-01,2026-01-31,Cancelled,27,True,Continuity of care,Staff illness,Employee,2.1,False,,,,,
APT-003163,REQ-003403,EMP-00069,LOC-07,SVC-02,2026-01-29,Cancelled,10,False,,Client unwell,Organisation,33.2,True,,,,,
APT-003166,REQ-003407,EMP-00113,LOC-04,SVC-02,2026-01-30,Cancelled,7,False,,Staff illness,Employee,0.0,True,,,,,
APT-003169,REQ-003410,EMP-00098,LOC-08,SVC-02,2026-01-30,Cancelled,30,False,,Client declined,Client,17.7,False,,,,,
APT-003171,REQ-003412,EMP-00075,LOC-10,SVC-03,2026-01-29,No-show,44,False,,Staff illness,Client,0.0,True,,,,,
APT-003179,REQ-003421,EMP-00105,LOC-10,SVC-07,2026-01-31,Cancelled,44,False,,Client unavailable,Employee,23.9,True,,,,,
APT-003180,REQ-003422,EMP-00033,LOC-07,SVC-08,2026-02-02,No-show,23,False,,Weather,Client,28.1,True,,,,,
APT-003184,REQ-003426,EMP-00094,LOC-09,SVC-07,2026-02-02,Cancelled,19,False,,Staff illness,Employee,35.3,False,,,,,
APT-003189,REQ-003431,EMP-00143,LOC-06,SVC-07,2026-01-30,No-show,45,False,,Weather,Client,18.3,False,,,,,
APT-003207,REQ-003449,EMP-00063,LOC-02,SVC-03,2026-02-01,Cancelled,20,False,,Duplicate booking,Client,22.1,True,,,,,
APT-003211,REQ-003453,EMP-00023,LOC-03,SVC-05,2026-02-01,Cancelled,3,False,,Transport issue,Client,45.2,True,,,,,
APT-003215,REQ-003457,EMP-00138,LOC-09,SVC-05,2026-02-03,Cancelled,42,False,,Staff illness,Employee,0.0,False,,,,,
APT-003218,REQ-003460,EMP-00137,LOC-10,SVC-05,2026-02-02,Cancelled,16,False,,Transport issue,Organisation,18.7,False,,,,,
APT-003227,REQ-003471,EMP-00011,LOC-02,SVC-02,2026-02-03,No-show,21,False,,Client unwell,Client,27.4,True,,,,,
APT-003228,REQ-003472,EMP-00137,LOC-06,SVC-03,2026-02-03,Cancelled,38,False,,Transport issue,Organisation,38.2,False,,,,,
APT-003230,REQ-003474,EMP-00035,LOC-09,SVC-03,2026-02-03,Cancelled,53,False,,Transport issue,Client,58.6,False,,,,,
APT-003233,REQ-003477,EMP-00129,LOC-04,SVC-02,2026-02-04,Cancelled,29,False,,Transport issue,Employee,5.0,True,,,,,
APT-003235,REQ-003479,EMP-00039,LOC-05,SVC-08,2026-02-03,Cancelled,44,False,,Other,Organisation,28.2,True,,,,,
APT-003236,REQ-003480,EMP-00049,LOC-02,SVC-01,2026-02-04,Cancelled,17,False,,Other,Client,27.3,True,,,,,
APT-003237,REQ-003481,EMP-00124,LOC-08,SVC-02,2026-02-03,Cancelled,44,False,,Client declined,Client,17.2,True,,,,,
APT-003248,REQ-003493,EMP-00122,LOC-07,SVC-06,2026-02-04,Cancelled,41,False,,Staff illness,Employee,38.3,True,,,,,
APT-003253,REQ-003499,EMP-00137,LOC-03,SVC-02,2026-02-05,Cancelled,3,False,,Other,Client,0.0,True,,,,,
APT-003257,REQ-003503,EMP-00036,LOC-06,SVC-05,2026-02-05,Cancelled,21,False,,Weather,Organisation,19.8,True,,,,,
APT-003261,REQ-003507,EMP-00095,LOC-07,SVC-05,2026-02-04,No-show,24,False,,Weather,Employee,31.9,True,,,,,
APT-003263,REQ-003509,EMP-00049,LOC-01,SVC-06,2026-02-04,Cancelled,14,False,,Client unavailable,Client,50.2,False,,,,,
APT-003268,REQ-003515,EMP-00015,LOC-09,SVC-04,2026-02-05,Cancelled,10,False,,Client unavailable,Client,25.6,False,,,,,
APT-003271,REQ-003519,EMP-00068,LOC-08,SVC-01,2026-02-06,No-show,37,False,,Staff illness,Client,46.9,True,,,,,
APT-003276,REQ-003524,EMP-00119,LOC-08,SVC-07,2026-02-05,Cancelled,36,False,,Other,Client,19.9,True,,,,,
APT-003277,REQ-003525,EMP-00008,LOC-04,SVC-05,2026-02-05,Cancelled,10,False,,Staff illness,Client,12.7,True,,,,,
APT-003286,REQ-003535,EMP-00039,LOC-10,SVC-08,2026-02-06,No-show,46,False,,Weather,Employee,0.0,True,,,,,
APT-003295,REQ-003545,EMP-00035,LOC-08,SVC-02,2026-02-05,Cancelled,41,False,,Staff illness,Employee,0.0,True,,,,,
APT-003296,REQ-003546,EMP-00036,LOC-05,SVC-03,2026-02-06,Cancelled,10,False,,Weather,Client,19.5,True,,,,,
APT-003298,REQ-003548,EMP-00054,LOC-08,SVC-07,2026-02-06,Cancelled,19,False,,Transport issue,Client,4.2,True,,,,,
APT-003300,REQ-003550,EMP-00109,LOC-01,SVC-05,2026-02-06,Cancelled,21,False,,Duplicate booking,Organisation,0.0,True,,,,,
APT-003307,REQ-003559,EMP-00148,LOC-03,SVC-05,2026-02-06,Cancelled,18,False,,Client unwell,Organisation,1.9,True,,,,,
APT-003308,REQ-003560,EMP-00148,LOC-07,SVC-02,2026-02-08,Cancelled,30,False,,Weather,Client,0.0,True,,,,,
APT-003309,REQ-003561,EMP-00105,LOC-06,SVC-04,2026-02-07,Cancelled,12,False,,Client unwell,Employee,6.0,True,,,,,
APT-003313,REQ-003565,EMP-00054,LOC-09,SVC-07,2026-02-06,Cancelled,25,False,,Duplicate booking,Employee,46.5,True,,,,,
APT-003314,REQ-003566,EMP-00091,LOC-05,SVC-02,2026-02-06,No-show,16,False,,Client unwell,Client,41.1,True,,,,,
APT-003316,REQ-003568,EMP-00023,LOC-08,SVC-06,2026-02-06,No-show,18,False,,Client declined,Employee,27.2,True,,,,,
APT-003317,REQ-003570,EMP-00023,LOC-08,SVC-02,2026-02-06,Cancelled,34,False,,Client unavailable,Client,0.0,True,,,,,
APT-003320,REQ-003574,EMP-00036,LOC-10,SVC-04,2026-02-06,Cancelled,12,False,,Client unavailable,Client,12.8,True,,,,,
APT-003323,REQ-003577,EMP-00028,LOC-05,SVC-08,2026-02-08,No-show,36,False,,Client unwell,Client,21.9,True,,,,,
APT-003325,REQ-003579,EMP-00027,LOC-08,SVC-01,2026-02-06,Cancelled,13,False,,Duplicate booking,Organisation,26.7,True,,,,,
APT-003326,REQ-003580,EMP-00115,LOC-01,SVC-06,2026-02-10,No-show,21,True,Client preference,Other,Employee,17.8,True,,,,,
APT-003327,REQ-003581,EMP-00066,LOC-09,SVC-01,2026-02-06,No-show,32,False,,Client unwell,Organisation,28.0,True,,,,,
APT-003332,REQ-003588,EMP-00133,LOC-06,SVC-02,2026-02-07,Cancelled,43,False,,Weather,Client,3.9,False,,,,,
APT-003333,REQ-003589,EMP-00011,LOC-08,SVC-02,2026-02-08,Cancelled,32,False,,Duplicate booking,Client,5.8,True,,,,,
APT-003335,REQ-003592,EMP-00035,LOC-07,SVC-02,2026-02-10,Cancelled,28,False,,Duplicate booking,Employee,0.0,True,,,,,
APT-003338,REQ-003595,EMP-00119,LOC-09,SVC-04,2026-02-08,Cancelled,34,False,,Other,Employee,28.4,False,,,,,
APT-003343,REQ-003600,EMP-00137,LOC-05,SVC-01,2026-02-09,Cancelled,26,False,,Other,Organisation,0.0,True,,,,,
APT-003348,REQ-003605,EMP-00098,LOC-07,SVC-03,2026-02-09,Cancelled,36,False,,Transport issue,Client,40.7,True,,,,,
APT-003354,REQ-003611,EMP-00016,LOC-06,SVC-06,2026-02-10,No-show,6,False,,Duplicate booking,Client,43.7,True,,,,,
APT-003358,REQ-003615,EMP-00070,LOC-06,SVC-05,2026-02-10,Cancelled,37,False,,Transport issue,Organisation,6.4,False,,,,,
APT-003360,REQ-003617,EMP-00113,LOC-10,SVC-04,2026-02-09,No-show,29,False,,Client declined,Organisation,35.2,True,,,,,
APT-003364,REQ-003622,EMP-00096,LOC-10,SVC-03,2026-02-10,Cancelled,23,False,,Client unwell,Client,4.7,True,,,,,
APT-003366,REQ-003624,EMP-00103,LOC-06,SVC-03,2026-02-12,Cancelled,35,False,,Other,Client,21.4,True,,,,,
APT-003367,REQ-003625,EMP-00060,LOC-01,SVC-06,2026-02-11,Cancelled,16,False,,Client unavailable,Client,23.9,True,,,,,
APT-003371,REQ-003629,EMP-00068,LOC-07,SVC-05,2026-02-10,Cancelled,26,False,,Weather,Client,0.0,False,,,,,
APT-003372,REQ-003630,EMP-00035,LOC-01,SVC-07,2026-02-11,Cancelled,41,False,,Client unavailable,Organisation,0.6,True,,,,,
APT-003380,REQ-003638,EMP-00092,LOC-06,SVC-05,2026-02-13,Cancelled,40,False,,Client unavailable,Client,39.5,True,,,,,
APT-003383,REQ-003642,EMP-00092,LOC-08,SVC-02,2026-02-12,Cancelled,8,False,,Duplicate booking,Employee,2.1,True,,,,,
APT-003386,REQ-003645,EMP-00150,LOC-01,SVC-03,2026-02-10,Cancelled,26,False,,Client unwell,Organisation,52.5,True,,,,,
APT-003389,REQ-003648,EMP-00123,LOC-10,SVC-01,2026-02-10,No-show,40,False,,Transport issue,Client,19.3,True,,,,,
APT-003394,REQ-003653,EMP-00146,LOC-02,SVC-02,2026-02-10,No-show,10,False,,Client declined,Employee,0.0,True,,,,,
APT-003398,REQ-003657,EMP-00131,LOC-01,SVC-08,2026-02-12,Cancelled,27,False,,Client unwell,Client,0.0,True,,,,,
APT-003400,REQ-003660,EMP-00060,LOC-06,SVC-01,2026-02-16,Cancelled,32,False,,Client unavailable,Client,37.8,False,,,,,
APT-003406,REQ-003667,EMP-00092,LOC-06,SVC-02,2026-02-12,Cancelled,36,False,,Transport issue,Employee,19.0,True,,,,,
APT-003418,REQ-003681,EMP-00110,LOC-02,SVC-01,2026-02-12,Cancelled,16,False,,Transport issue,Client,2.3,True,,,,,
APT-003427,REQ-003691,EMP-00021,LOC-10,SVC-06,2026-02-13,No-show,34,False,,Client declined,Employee,42.5,True,,,,,
APT-003433,REQ-003698,EMP-00136,LOC-10,SVC-07,2026-02-12,Cancelled,45,False,,Client declined,Client,27.3,False,,,,,
APT-003435,REQ-003700,EMP-00093,LOC-08,SVC-03,2026-02-12,No-show,34,False,,Client declined,Organisation,29.2,True,,,,,
APT-003437,REQ-003702,EMP-00002,LOC-07,SVC-02,2026-02-13,Cancelled,58,False,,Client unavailable,Organisation,46.5,True,,,,,
APT-003440,REQ-003705,EMP-00016,LOC-07,SVC-06,2026-02-13,Cancelled,25,False,,Client unwell,Employee,21.5,True,,,,,
APT-003442,REQ-003707,EMP-00105,LOC-05,SVC-08,2026-02-13,Cancelled,31,False,,Client unavailable,Client,36.8,True,,,,,
APT-003443,REQ-003708,EMP-00105,LOC-06,SVC-02,2026-02-14,Cancelled,49,False,,Weather,Employee,5.2,True,,,,,
APT-003444,REQ-003709,EMP-00080,LOC-06,SVC-03,2026-02-12,No-show,3,False,,Client unavailable,Client,31.9,False,,,,,
APT-003445,REQ-003710,EMP-00017,LOC-02,SVC-09,2026-02-13,Cancelled,24,False,,Client unavailable,Employee,6.6,True,,,,,
APT-003446,REQ-003711,EMP-00008,LOC-07,SVC-02,2026-02-13,No-show,66,False,,Other,Employee,32.3,True,,,,,
APT-003448,REQ-003713,EMP-00024,LOC-07,SVC-01,2026-02-13,Cancelled,36,False,,Duplicate booking,Client,27.0,False,,,,,
APT-003453,REQ-003719,EMP-00047,LOC-01,SVC-06,2026-02-14,Cancelled,41,False,,Transport issue,Client,23.0,False,,,,,
APT-003455,REQ-003721,EMP-00129,LOC-07,SVC-02,2026-02-14,No-show,31,False,,Staff illness,Organisation,23.2,False,,,,,
APT-003460,REQ-003726,EMP-00047,LOC-08,SVC-05,2026-02-14,Cancelled,15,False,,Transport issue,Client,24.3,True,,,,,
APT-003465,REQ-003731,EMP-00129,LOC-07,SVC-02,2026-02-16,Cancelled,30,False,,Client unwell,Employee,4.1,True,,,,,
APT-003467,REQ-003733,EMP-00103,LOC-06,SVC-05,2026-02-13,No-show,48,False,,Transport issue,Employee,36.7,False,,,,,
APT-003468,REQ-003734,EMP-00093,LOC-07,SVC-04,2026-02-13,Cancelled,45,False,,Client unavailable,Client,34.8,False,,,,,
APT-003472,REQ-003739,EMP-00011,LOC-06,SVC-01,2026-02-13,No-show,28,False,,Client unavailable,Client,16.2,False,,,,,
APT-003475,REQ-003742,EMP-00064,LOC-08,SVC-05,2026-02-13,Cancelled,19,False,,Client declined,Client,0.0,True,,,,,
APT-003478,REQ-003746,EMP-00101,LOC-09,SVC-03,2026-02-15,No-show,32,False,,Transport issue,Organisation,9.3,False,,,,,
APT-003487,REQ-003756,EMP-00032,LOC-01,SVC-04,2026-02-15,Cancelled,4,False,,Staff illness,Client,29.2,True,,,,,
APT-003488,REQ-003759,EMP-00016,LOC-07,SVC-01,2026-02-16,No-show,59,False,,Other,Client,0.0,True,,,,,
APT-003490,REQ-003761,EMP-00121,LOC-06,SVC-06,2026-02-17,No-show,67,False,,Client declined,Employee,10.7,False,,,,,
APT-003492,REQ-003763,EMP-00142,LOC-08,SVC-06,2026-02-17,No-show,15,False,,Client unwell,Employee,0.0,True,,,,,
APT-003493,REQ-003764,EMP-00064,LOC-07,SVC-09,2026-02-16,Cancelled,29,False,,Staff illness,Employee,9.4,True,,,,,
APT-003495,REQ-003766,EMP-00133,LOC-06,SVC-07,2026-02-16,Cancelled,23,False,,Staff illness,Organisation,43.8,True,,,,,
APT-003496,REQ-003767,EMP-00118,LOC-03,SVC-06,2026-02-16,Cancelled,27,False,,Client declined,Client,0.0,True,,,,,
APT-003497,REQ-003768,EMP-00066,LOC-09,SVC-08,2026-02-18,Cancelled,22,False,,Other,Employee,5.9,True,,,,,
APT-003499,REQ-003770,EMP-00004,LOC-10,SVC-04,2026-02-16,Cancelled,43,False,,Client declined,Client,21.2,True,,,,,
APT-003501,REQ-003773,EMP-00117,LOC-03,SVC-02,2026-02-16,Cancelled,24,False,,Client unavailable,Employee,47.1,True,,,,,
APT-003504,REQ-003776,EMP-00018,LOC-05,SVC-06,2026-02-17,Cancelled,30,False,,Client unavailable,Employee,35.6,True,,,,,
APT-003507,REQ-003779,EMP-00119,LOC-10,SVC-02,2026-02-18,Cancelled,48,False,,Other,Employee,0.0,True,,,,,
APT-003510,REQ-003783,EMP-00098,LOC-06,SVC-05,2026-02-17,Cancelled,18,False,,Other,Client,7.5,False,,,,,
APT-003511,REQ-003784,EMP-00089,LOC-02,SVC-09,2026-02-17,Cancelled,21,False,,Other,Organisation,0.0,False,,,,,
APT-003518,REQ-003791,EMP-00096,LOC-05,SVC-06,2026-02-18,No-show,22,False,,Duplicate booking,Organisation,0.0,True,,,,,
APT-003519,REQ-003792,EMP-00064,LOC-06,SVC-02,2026-02-18,Cancelled,22,False,,Weather,Client,7.0,True,,,,,
APT-003525,REQ-003799,EMP-00095,LOC-08,SVC-06,2026-02-19,No-show,9,True,Skill match unavailable,Client declined,Client,0.0,True,,,,,
APT-003532,REQ-003806,EMP-00052,LOC-09,SVC-05,2026-02-18,Cancelled,29,False,,Staff illness,Client,11.4,False,,,,,
APT-003537,REQ-003811,EMP-00065,LOC-10,SVC-01,2026-02-19,Cancelled,63,False,,Staff illness,Employee,0.0,True,,,,,
APT-003544,REQ-003818,EMP-00128,LOC-06,SVC-03,2026-02-20,Cancelled,7,False,,Client unavailable,Organisation,24.6,False,,,,,
APT-003546,REQ-003820,EMP-00080,LOC-01,SVC-07,2026-02-19,Cancelled,29,False,,Staff illness,Employee,0.0,True,,,,,
APT-003547,REQ-003821,EMP-00134,LOC-07,SVC-03,2026-02-19,No-show,3,False,,Client unwell,Client,0.0,True,,,,,
APT-003558,REQ-003832,EMP-00023,LOC-09,SVC-07,2026-02-20,No-show,3,False,,Client declined,Client,0.0,True,,,,,
APT-003566,REQ-003840,EMP-00143,LOC-05,SVC-04,2026-02-20,Cancelled,15,True,Urgent reassignment,Duplicate booking,Organisation,51.7,True,,,,,
APT-003568,REQ-003842,EMP-00058,LOC-09,SVC-02,2026-02-23,Cancelled,50,False,,Duplicate booking,Client,22.6,True,,,,,
APT-003572,REQ-003846,EMP-00047,LOC-06,SVC-01,2026-02-24,No-show,29,False,,Client unwell,Organisation,14.6,True,,,,,
APT-003575,REQ-003850,EMP-00002,LOC-01,SVC-03,2026-02-20,Cancelled,3,False,,Client unavailable,Organisation,32.1,True,,,,,
APT-003579,REQ-003854,EMP-00022,LOC-10,SVC-05,2026-02-22,Cancelled,3,False,,Client unwell,Organisation,9.4,True,,,,,
APT-003582,REQ-003857,EMP-00139,LOC-01,SVC-04,2026-02-24,Cancelled,3,False,,Duplicate booking,Client,11.3,True,,,,,
APT-003586,REQ-003861,EMP-00121,LOC-09,SVC-01,2026-02-21,Cancelled,75,False,,Transport issue,Organisation,0.0,True,,,,,
APT-003589,REQ-003864,EMP-00047,LOC-02,SVC-02,2026-02-20,No-show,30,False,,Client declined,Client,0.0,True,,,,,
APT-003591,REQ-003866,EMP-00060,LOC-02,SVC-03,2026-02-22,No-show,26,False,,Transport issue,Client,54.7,True,,,,,
APT-003594,REQ-003869,EMP-00064,LOC-10,SVC-09,2026-02-20,Cancelled,31,False,,Other,Client,54.4,False,,,,,
APT-003601,REQ-003878,EMP-00027,LOC-06,SVC-02,2026-02-23,No-show,42,False,,Staff illness,Client,30.8,True,,,,,
APT-003603,REQ-003880,EMP-00148,LOC-02,SVC-06,2026-02-23,No-show,4,False,,Weather,Employee,25.4,True,,,,,
APT-003604,REQ-003883,EMP-00028,LOC-08,SVC-03,2026-02-24,Cancelled,36,False,,Client unwell,Client,84.0,False,,,,,
APT-003605,REQ-003884,EMP-00027,LOC-07,SVC-07,2026-02-22,No-show,3,False,,Transport issue,Client,40.7,True,,,,,
APT-003613,REQ-003892,EMP-00064,LOC-01,SVC-01,2026-02-23,No-show,3,False,,Duplicate booking,Employee,19.5,True,,,,,
APT-003621,REQ-003900,EMP-00122,LOC-09,SVC-05,2026-02-25,Cancelled,37,False,,Weather,Employee,18.0,True,,,,,
APT-003622,REQ-003901,EMP-00113,LOC-02,SVC-01,2026-02-23,Cancelled,23,False,,Weather,Organisation,59.9,True,,,,,
APT-003632,REQ-003912,EMP-00075,LOC-06,SVC-06,2026-02-25,Cancelled,14,False,,Duplicate booking,Client,13.8,True,,,,,
APT-003633,REQ-003913,EMP-00024,LOC-02,SVC-07,2026-02-24,Cancelled,8,False,,Staff illness,Client,34.2,True,,,,,
APT-003640,REQ-003920,EMP-00091,LOC-05,SVC-02,2026-02-24,Cancelled,3,False,,Staff illness,Client,19.8,True,,,,,
APT-003644,REQ-003924,EMP-00112,LOC-08,SVC-03,2026-02-24,Cancelled,47,False,,Transport issue,Organisation,29.3,True,,,,,
APT-003647,REQ-003927,EMP-00128,LOC-01,SVC-07,2026-02-24,No-show,23,False,,Client declined,Employee,20.4,True,,,,,
APT-003650,REQ-003930,EMP-00055,LOC-10,SVC-07,2026-02-27,Cancelled,8,False,,Client unavailable,Employee,39.2,False,,,,,
APT-003651,REQ-003931,EMP-00104,LOC-03,SVC-01,2026-02-26,No-show,40,False,,Client unwell,Employee,11.5,False,,,,,
APT-003653,REQ-003933,EMP-00103,LOC-03,SVC-02,2026-02-26,Cancelled,23,False,,Other,Client,18.1,True,,,,,
APT-003654,REQ-003934,EMP-00055,LOC-07,SVC-05,2026-02-25,Cancelled,12,False,,Client unwell,Organisation,27.4,True,,,,,
APT-003655,REQ-003935,EMP-00061,LOC-04,SVC-06,2026-02-25,Cancelled,29,False,,Duplicate booking,Client,21.5,True,,,,,
APT-003657,REQ-003937,EMP-00075,LOC-06,SVC-05,2026-02-25,Cancelled,3,False,,Client unavailable,Client,23.3,True,,,,,
APT-003662,REQ-003942,EMP-00054,LOC-03,SVC-07,2026-02-26,No-show,26,False,,Transport issue,Employee,17.0,True,,,,,
APT-003666,REQ-003947,EMP-00083,LOC-07,SVC-06,2026-02-26,Cancelled,37,False,,Staff illness,Employee,0.0,True,,,,,
APT-003668,REQ-003949,EMP-00018,LOC-08,SVC-05,2026-02-27,No-show,20,True,Urgent reassignment,Duplicate booking,Client,0.3,True,,,,,
APT-003671,REQ-003952,EMP-00006,LOC-10,SVC-07,2026-02-27,Cancelled,21,False,,Client unwell,Employee,0.0,False,,,,,
APT-003675,REQ-003957,EMP-00122,LOC-03,SVC-06,2026-02-27,Cancelled,7,False,,Other,Employee,51.7,True,,,,,
APT-003679,REQ-003961,EMP-00133,LOC-01,SVC-01,2026-02-27,Cancelled,23,False,,Staff illness,Client,9.1,True,,,,,
APT-003680,REQ-003962,EMP-00052,LOC-01,SVC-01,2026-02-27,Cancelled,40,False,,Duplicate booking,Client,20.0,True,,,,,
APT-003681,REQ-003963,EMP-00064,LOC-06,SVC-05,2026-02-27,Cancelled,43,False,,Client unavailable,Client,17.2,True,,,,,
APT-003689,REQ-003972,EMP-00143,LOC-09,SVC-06,2026-03-01,Cancelled,12,False,,Other,Client,37.5,True,,,,,
APT-003690,REQ-003974,EMP-00112,LOC-05,SVC-06,2026-02-28,Cancelled,19,False,,Other,Employee,9.5,True,,,,,
APT-003692,REQ-003976,EMP-00075,LOC-04,SVC-06,2026-02-27,Cancelled,22,False,,Transport issue,Organisation,14.8,True,,,,,
APT-003693,REQ-003977,EMP-00010,LOC-09,SVC-05,2026-02-27,Cancelled,43,False,,Weather,Client,0.0,True,,,,,
APT-003698,REQ-003982,EMP-00137,LOC-04,SVC-01,2026-02-27,No-show,29,False,,Duplicate booking,Client,8.6,False,,,,,
APT-003699,REQ-003983,EMP-00056,LOC-08,SVC-03,2026-02-27,Cancelled,42,False,,Client declined,Client,0.0,True,,,,,
APT-003701,REQ-003985,EMP-00065,LOC-09,SVC-05,2026-03-01,Cancelled,29,True,Skill match unavailable,Client unavailable,Client,25.9,True,,,,,
APT-003703,REQ-003987,EMP-00013,LOC-02,SVC-01,2026-02-28,Cancelled,37,False,,Client unavailable,Organisation,21.8,False,,,,,
APT-003708,REQ-003993,EMP-00118,LOC-10,SVC-01,2026-03-01,No-show,15,False,,Duplicate booking,Client,11.4,True,,,,,
APT-003709,REQ-003994,EMP-00126,LOC-07,SVC-05,2026-03-02,Cancelled,34,False,,Staff illness,Organisation,32.9,True,,,,,
APT-003713,REQ-003999,EMP-00057,LOC-05,SVC-01,2026-03-01,Cancelled,3,False,,Client unwell,Client,8.8,True,,,,,
APT-003719,REQ-004005,EMP-00041,LOC-05,SVC-07,2026-03-01,No-show,24,False,,Other,Employee,23.4,True,,,,,
APT-003722,REQ-004008,EMP-00008,LOC-07,SVC-08,2026-03-02,Cancelled,22,False,,Client unavailable,Client,27.4,True,,,,,
APT-003724,REQ-004010,EMP-00011,LOC-10,SVC-02,2026-03-01,Cancelled,6,False,,Client declined,Organisation,57.1,True,,,,,
APT-003726,REQ-004012,EMP-00021,LOC-05,SVC-01,2026-03-02,No-show,3,False,,Client declined,Client,14.2,True,,,,,
APT-003727,REQ-004013,EMP-00028,LOC-06,SVC-05,2026-03-02,Cancelled,44,False,,Transport issue,Client,24.6,False,,,,,
APT-003728,REQ-004014,EMP-00016,LOC-08,SVC-03,2026-03-03,Cancelled,3,False,,Other,Employee,12.9,False,,,,,
APT-003736,REQ-004022,EMP-00062,LOC-06,SVC-04,2026-03-04,No-show,43,False,,Weather,Client,16.5,False,,,,,
APT-003740,REQ-004026,EMP-00037,LOC-04,SVC-05,2026-03-04,Cancelled,15,False,,Transport issue,Employee,10.8,False,,,,,
APT-003742,REQ-004028,EMP-00008,LOC-06,SVC-03,2026-03-02,Cancelled,3,False,,Weather,Client,14.5,False,,,,,
APT-003744,REQ-004030,EMP-00050,LOC-03,SVC-04,2026-03-06,Cancelled,19,False,,Weather,Employee,41.1,False,,,,,
APT-003749,REQ-004035,EMP-00005,LOC-04,SVC-02,2026-03-04,Cancelled,26,False,,Client unavailable,Client,22.4,False,,,,,
APT-003752,REQ-004038,EMP-00055,LOC-10,SVC-05,2026-03-03,No-show,33,False,,Duplicate booking,Client,0.0,True,,,,,
APT-003754,REQ-004040,EMP-00033,LOC-01,SVC-04,2026-03-03,No-show,7,False,,Weather,Client,27.7,False,,,,,
APT-003758,REQ-004044,EMP-00133,LOC-02,SVC-01,2026-03-05,No-show,15,False,,Other,Client,4.1,False,,,,,
APT-003763,REQ-004050,EMP-00063,LOC-08,SVC-06,2026-03-03,Cancelled,28,False,,Other,Client,32.8,True,,,,,
APT-003767,REQ-004055,EMP-00124,LOC-02,SVC-07,2026-03-05,Cancelled,24,False,,Client unwell,Employee,23.3,True,,,,,
APT-003777,REQ-004069,EMP-00092,LOC-06,SVC-02,2026-03-04,Cancelled,55,False,,Duplicate booking,Client,23.0,True,,,,,
APT-003779,REQ-004072,EMP-00018,LOC-02,SVC-01,2026-03-06,No-show,37,False,,Client unwell,Client,0.0,True,,,,,
APT-003783,REQ-004076,EMP-00028,LOC-01,SVC-02,2026-03-08,Cancelled,3,False,,Client unavailable,Client,33.1,True,,,,,
APT-003784,REQ-004077,EMP-00122,LOC-10,SVC-01,2026-03-06,Cancelled,55,False,,Transport issue,Client,8.4,True,,,,,
APT-003785,REQ-004079,EMP-00094,LOC-01,SVC-01,2026-03-07,No-show,11,False,,Client unavailable,Client,34.9,False,,,,,
APT-003790,REQ-004085,EMP-00017,LOC-06,SVC-03,2026-03-06,Cancelled,40,False,,Client declined,Organisation,24.2,True,,,,,
APT-003791,REQ-004086,EMP-00070,LOC-10,SVC-09,2026-03-07,Cancelled,44,False,,Staff illness,Organisation,4.9,False,,,,,
APT-003795,REQ-004091,EMP-00011,LOC-05,SVC-06,2026-03-07,No-show,25,False,,Other,Client,0.6,True,,,,,
APT-003796,REQ-004092,EMP-00022,LOC-02,SVC-02,2026-03-06,Cancelled,26,False,,Staff illness,Client,5.1,True,,,,,
APT-003798,REQ-004094,EMP-00066,LOC-09,SVC-02,2026-03-05,No-show,53,False,,Weather,Client,19.4,True,,,,,
APT-003801,REQ-004097,EMP-00126,LOC-02,SVC-04,2026-03-05,No-show,34,False,,Weather,Client,21.5,True,,,,,
APT-003803,REQ-004099,EMP-00109,LOC-07,SVC-01,2026-03-09,Cancelled,24,False,,Transport issue,Organisation,32.7,True,,,,,
APT-003807,REQ-004103,EMP-00043,LOC-02,SVC-06,2026-03-06,No-show,14,False,,Weather,Client,15.9,False,,,,,
APT-003813,REQ-004109,EMP-00101,LOC-02,SVC-07,2026-03-07,Cancelled,17,False,,Client unwell,Client,0.0,False,,,,,
APT-003816,REQ-004112,EMP-00036,LOC-01,SVC-05,2026-03-06,No-show,29,False,,Weather,Client,17.9,True,,,,,
APT-003825,REQ-004122,EMP-00069,LOC-07,SVC-05,2026-03-08,Cancelled,38,False,,Other,Organisation,11.2,True,,,,,
APT-003827,REQ-004124,EMP-00137,LOC-07,SVC-06,2026-03-09,Cancelled,29,False,,Client unavailable,Employee,0.0,True,,,,,
APT-003829,REQ-004126,EMP-00027,LOC-08,SVC-04,2026-03-07,Cancelled,6,False,,Client unavailable,Client,31.0,True,,,,,
APT-003831,REQ-004128,EMP-00050,LOC-08,SVC-04,2026-03-09,No-show,29,False,,Client unwell,Client,54.9,False,,,,,
APT-003834,REQ-004131,EMP-00079,LOC-04,SVC-05,2026-03-07,No-show,29,False,,Transport issue,Employee,0.0,True,,,,,
APT-003836,REQ-004133,EMP-00103,LOC-06,SVC-01,2026-03-08,Cancelled,47,False,,Transport issue,Client,4.3,True,,,,,
APT-003840,REQ-004137,EMP-00055,LOC-10,SVC-05,2026-03-09,Cancelled,22,False,,Client unavailable,Client,6.6,False,,,,,
APT-003841,REQ-004138,EMP-00136,LOC-01,SVC-05,2026-03-09,Cancelled,24,False,,Client declined,Employee,16.8,True,,,,,
APT-003845,REQ-004142,EMP-00103,LOC-05,SVC-05,2026-03-08,Cancelled,16,False,,Client unwell,Employee,26.9,True,,,,,
APT-003846,REQ-004143,EMP-00015,LOC-05,SVC-09,2026-03-09,Cancelled,18,False,,Client declined,Organisation,0.0,False,,,,,
APT-003850,REQ-004147,EMP-00110,LOC-03,SVC-06,2026-03-09,Cancelled,23,False,,Staff illness,Organisation,31.1,True,,,,,
APT-003853,REQ-004150,EMP-00146,LOC-08,SVC-06,2026-03-10,Cancelled,32,False,,Transport issue,Client,20.1,True,,,,,
APT-003859,REQ-004156,EMP-00080,LOC-06,SVC-03,2026-03-10,Cancelled,43,False,,Transport issue,Client,6.1,True,,,,,
APT-003864,REQ-004161,EMP-00005,LOC-05,SVC-02,2026-03-11,No-show,3,True,Skill match unavailable,Weather,Organisation,26.0,False,,,,,
APT-003879,REQ-004176,EMP-00022,LOC-02,SVC-03,2026-03-10,Cancelled,3,False,,Other,Client,4.0,False,,,,,
APT-003880,REQ-004177,EMP-00106,LOC-09,SVC-02,2026-03-10,Cancelled,21,False,,Other,Employee,22.1,False,,,,,
APT-003889,REQ-004188,EMP-00119,LOC-10,SVC-07,2026-03-13,Cancelled,44,False,,Transport issue,Client,7.9,False,,,,,
APT-003891,REQ-004190,EMP-00123,LOC-07,SVC-01,2026-03-11,Cancelled,30,False,,Client declined,Organisation,37.4,False,,,,,
APT-003892,REQ-004191,EMP-00150,LOC-06,SVC-05,2026-03-17,Cancelled,22,False,,Weather,Employee,76.0,True,,,,,
APT-003894,REQ-004193,EMP-00128,LOC-09,SVC-05,2026-03-12,Cancelled,31,False,,Client unwell,Client,16.0,True,,,,,
APT-003896,REQ-004195,EMP-00100,LOC-10,SVC-06,2026-03-12,No-show,32,False,,Staff illness,Client,28.5,True,,,,,
APT-003904,REQ-004203,EMP-00041,LOC-02,SVC-05,2026-03-15,No-show,21,False,,Transport issue,Client,4.2,True,,,,,
APT-003906,REQ-004205,EMP-00063,LOC-04,SVC-01,2026-03-13,Cancelled,43,False,,Transport issue,Organisation,0.0,True,,,,,
APT-003907,REQ-004206,EMP-00110,LOC-07,SVC-02,2026-03-14,Cancelled,29,False,,Transport issue,Client,0.0,False,,,,,
APT-003913,REQ-004212,EMP-00100,LOC-10,SVC-02,2026-03-12,Cancelled,3,False,,Client unwell,Organisation,23.0,False,,,,,
APT-003914,REQ-004214,EMP-00013,LOC-07,SVC-02,2026-03-13,No-show,49,False,,Staff illness,Organisation,9.1,True,,,,,
APT-003925,REQ-004226,EMP-00064,LOC-08,SVC-02,2026-03-12,Cancelled,11,True,Urgent reassignment,Duplicate booking,Client,28.4,False,,,,,
APT-003933,REQ-004235,EMP-00010,LOC-06,SVC-05,2026-03-13,Cancelled,3,False,,Client unwell,Employee,24.0,False,,,,,
APT-003939,REQ-004242,EMP-00141,LOC-08,SVC-06,2026-03-15,No-show,23,False,,Client declined,Client,24.4,True,,,,,
APT-003945,REQ-004248,EMP-00063,LOC-07,SVC-06,2026-03-13,Cancelled,30,False,,Client declined,Client,23.5,True,,,,,
APT-003947,REQ-004250,EMP-00131,LOC-09,SVC-02,2026-03-14,Cancelled,26,False,,Client declined,Client,27.7,False,,,,,
APT-003948,REQ-004251,EMP-00098,LOC-02,SVC-05,2026-03-15,Cancelled,37,False,,Client unwell,Organisation,36.5,True,,,,,
APT-003954,REQ-004257,EMP-00068,LOC-04,SVC-02,2026-03-15,No-show,3,False,,Client unavailable,Client,46.0,True,,,,,
APT-003968,REQ-004271,EMP-00148,LOC-01,SVC-08,2026-03-16,No-show,23,False,,Client unavailable,Client,30.5,True,,,,,
APT-003972,REQ-004276,EMP-00050,LOC-03,SVC-01,2026-03-16,No-show,37,False,,Client unavailable,Client,0.0,True,,,,,
APT-003977,REQ-004281,EMP-00037,LOC-09,SVC-01,2026-03-16,Cancelled,11,False,,Duplicate booking,Organisation,19.8,True,,,,,
APT-003980,REQ-004284,EMP-00121,LOC-10,SVC-03,2026-03-16,Cancelled,26,False,,Transport issue,Employee,39.0,True,,,,,
APT-003982,REQ-004286,EMP-00119,LOC-06,SVC-05,2026-03-16,No-show,34,False,,Client declined,Employee,0.0,True,,,,,
APT-003987,REQ-004291,EMP-00138,LOC-08,SVC-04,2026-03-20,No-show,45,False,,Weather,Client,0.0,True,,,,,
APT-003991,REQ-004295,EMP-00131,LOC-08,SVC-01,2026-03-19,Cancelled,29,True,Client preference,Client unwell,Organisation,34.5,False,,,,,
APT-003992,REQ-004296,EMP-00084,LOC-03,SVC-01,2026-03-18,No-show,22,False,,Client declined,Client,27.1,True,,,,,
APT-003994,REQ-004298,EMP-00016,LOC-08,SVC-07,2026-03-16,No-show,18,False,,Client declined,Client,0.0,True,,,,,
APT-003995,REQ-004299,EMP-00069,LOC-06,SVC-02,2026-03-16,Cancelled,10,False,,Client unavailable,Client,0.0,True,,,,,
APT-004002,REQ-004306,EMP-00016,LOC-03,SVC-05,2026-03-17,No-show,20,False,,Duplicate booking,Client,12.4,True,,,,,
APT-004003,REQ-004307,EMP-00124,LOC-05,SVC-09,2026-03-18,Cancelled,36,False,,Client unwell,Organisation,0.0,False,,,,,
APT-004004,REQ-004308,EMP-00058,LOC-06,SVC-04,2026-03-17,Cancelled,44,False,,Client declined,Client,34.2,False,,,,,
APT-004011,REQ-004316,EMP-00139,LOC-02,SVC-06,2026-03-18,Cancelled,24,False,,Transport issue,Client,36.3,False,,,,,
APT-004012,REQ-004317,EMP-00091,LOC-09,SVC-07,2026-03-21,Cancelled,26,False,,Client declined,Organisation,36.8,True,,,,,
APT-004013,REQ-004318,EMP-00025,LOC-06,SVC-02,2026-03-17,Cancelled,27,False,,Duplicate booking,Client,30.4,True,,,,,
APT-004016,REQ-004321,EMP-00126,LOC-10,SVC-01,2026-03-20,No-show,23,False,,Other,Client,12.4,True,,,,,
APT-004020,REQ-004325,EMP-00054,LOC-10,SVC-06,2026-03-17,Cancelled,22,False,,Transport issue,Client,33.5,True,,,,,
APT-004021,REQ-004326,EMP-00037,LOC-10,SVC-06,2026-03-18,Cancelled,32,False,,Duplicate booking,Organisation,9.2,True,,,,,
APT-004031,REQ-004336,EMP-00056,LOC-10,SVC-01,2026-03-20,Cancelled,47,False,,Transport issue,Client,21.9,False,,,,,
APT-004045,REQ-004350,EMP-00043,LOC-02,SVC-03,2026-03-20,Cancelled,27,False,,Client declined,Client,16.5,True,,,,,
APT-004049,REQ-004354,EMP-00122,LOC-07,SVC-01,2026-03-18,Cancelled,49,False,,Client declined,Organisation,28.8,False,,,,,
APT-004056,REQ-004361,EMP-00124,LOC-06,SVC-02,2026-03-19,No-show,33,False,,Duplicate booking,Client,24.6,True,,,,,
APT-004059,REQ-004364,EMP-00110,LOC-04,SVC-03,2026-03-20,Cancelled,19,False,,Transport issue,Client,0.0,True,,,,,
APT-004063,REQ-004369,EMP-00064,LOC-04,SVC-05,2026-03-20,Cancelled,3,False,,Weather,Employee,1.0,False,,,,,
APT-004064,REQ-004371,EMP-00098,LOC-09,SVC-02,2026-03-20,Cancelled,21,False,,Client unwell,Client,28.2,True,,,,,
APT-004065,REQ-004372,EMP-00056,LOC-01,SVC-02,2026-03-22,Cancelled,9,True,Continuity of care,Duplicate booking,Client,0.0,True,,,,,
APT-004066,REQ-004373,EMP-00051,LOC-06,SVC-01,2026-03-21,Cancelled,22,False,,Other,Client,0.0,True,,,,,
APT-004079,REQ-004386,EMP-00106,LOC-07,SVC-04,2026-03-24,Cancelled,59,False,,Client declined,Organisation,49.5,True,,,,,
APT-004081,REQ-004388,EMP-00052,LOC-02,SVC-04,2026-03-20,No-show,3,False,,Other,Employee,41.1,False,,,,,
APT-004082,REQ-004389,EMP-00096,LOC-03,SVC-05,2026-03-20,Cancelled,22,False,,Transport issue,Client,34.3,False,,,,,
APT-004087,REQ-004395,EMP-00150,LOC-07,SVC-07,2026-03-22,No-show,37,False,,Staff illness,Client,34.0,False,,,,,
APT-004092,REQ-004400,EMP-00099,LOC-10,SVC-01,2026-03-21,No-show,37,False,,Weather,Client,9.4,True,,,,,
APT-004093,REQ-004401,EMP-00090,LOC-01,SVC-07,2026-03-20,No-show,11,False,,Client declined,Client,0.0,True,,,,,
APT-004094,REQ-004402,EMP-00091,LOC-09,SVC-07,2026-03-22,Cancelled,11,False,,Client unwell,Employee,23.0,True,,,,,
APT-004096,REQ-004404,EMP-00032,LOC-07,SVC-01,2026-03-20,Cancelled,41,False,,Weather,Client,15.3,False,,,,,
APT-002049,REQ-002207,EMP-00062,LOC-10,SVC-09,2025-11-26,Completed,9,False,,,,,,3.5,94.5,False,True,False
APT-002050,REQ-002208,EMP-00099,LOC-04,SVC-05,2025-11-27,Completed,33,False,,,,,,3.9,78.9,False,True,False
APT-002051,REQ-002209,EMP-00043,LOC-04,SVC-07,2025-11-26,Completed,33,False,,,,,,3.8,83.2,False,True,False
APT-002052,REQ-002210,EMP-00121,LOC-09,SVC-01,2025-11-29,Completed,16,False,,,,,,4.6,82.4,False,True,False
APT-002053,REQ-002211,EMP-00038,LOC-06,SVC-02,2025-11-27,Completed,32,False,,,,,,2.7,70.9,False,True,True
APT-002054,REQ-002212,EMP-00041,LOC-04,SVC-04,2025-11-27,Completed,15,False,,,,,,4.5,83.8,False,True,False
APT-002055,REQ-002213,EMP-00013,LOC-08,SVC-02,2025-11-27,Completed,46,False,,,,,,4.0,77.2,False,True,True
APT-002059,REQ-002218,EMP-00025,LOC-06,SVC-03,2025-11-28,Completed,24,False,,,,,,4.7,71.0,False,True,True
APT-002060,REQ-002219,EMP-00017,LOC-03,SVC-04,2025-11-28,Completed,11,False,,,,,,4.6,98.6,False,False,False
APT-002062,REQ-002221,EMP-00128,LOC-09,SVC-01,2025-11-27,Completed,14,False,,,,,,,73.7,False,True,True
APT-002064,REQ-002223,EMP-00022,LOC-02,SVC-05,2025-11-27,Completed,29,False,,,,,,3.2,83.1,False,True,False
APT-002065,REQ-002224,EMP-00122,LOC-09,SVC-05,2025-11-28,Completed,10,False,,,,,,4.5,89.2,False,True,True
APT-002067,REQ-002226,EMP-00017,LOC-03,SVC-05,2025-11-27,Completed,29,False,,,,,,4.7,87.8,False,True,False
APT-002068,REQ-002227,EMP-00066,LOC-03,SVC-07,2025-11-27,Completed,34,False,,,,,,4.6,81.8,False,True,False
APT-002069,REQ-002228,EMP-00112,LOC-08,SVC-07,2025-11-28,Completed,49,False,,,,,,4.7,85.2,False,True,False
APT-002070,REQ-002230,EMP-00035,LOC-10,SVC-01,2025-11-28,Completed,14,False,,,,,,3.6,71.4,False,True,False
APT-002071,REQ-002231,EMP-00022,LOC-04,SVC-04,2025-11-29,Completed,11,False,,,,,,3.9,92.9,False,True,False
APT-002073,REQ-002234,EMP-00033,LOC-07,SVC-02,2025-11-29,Completed,13,False,,,,,,3.2,74.6,False,True,False
APT-002074,REQ-002235,EMP-00139,LOC-09,SVC-02,2025-11-29,Completed,3,False,,,,,,4.6,92.5,False,False,False
APT-002075,REQ-002236,EMP-00030,LOC-02,SVC-03,2025-11-27,Completed,21,False,,,,,,4.7,100.0,False,True,False
APT-002076,REQ-002237,EMP-00063,LOC-02,SVC-04,2025-11-27,Completed,32,False,,,,,,5.0,76.7,False,True,False
APT-002077,REQ-002238,EMP-00139,LOC-10,SVC-02,2025-11-28,Completed,7,False,,,,,,3.4,89.3,False,False,True
APT-002078,REQ-002239,EMP-00086,LOC-10,SVC-01,2025-11-28,Completed,35,False,,,,,,3.7,90.1,False,True,False
APT-002079,REQ-002240,EMP-00062,LOC-03,SVC-02,2025-11-27,Completed,14,False,,,,,,,94.6,False,True,False
APT-002080,REQ-002241,EMP-00104,LOC-04,SVC-01,2025-11-28,Completed,5,False,,,,,,5.0,74.0,False,False,False
APT-002081,REQ-002242,EMP-00100,LOC-05,SVC-06,2025-11-27,Completed,3,False,,,,,,4.2,79.7,False,True,False
APT-002084,REQ-002245,EMP-00022,LOC-07,SVC-05,2025-11-29,Completed,54,False,,,,,,4.0,88.8,False,True,False
APT-002085,REQ-002246,EMP-00004,LOC-03,SVC-05,2025-11-29,Completed,3,False,,,,,,3.9,69.0,False,True,False
APT-002086,REQ-002247,EMP-00067,LOC-04,SVC-07,2025-11-29,Completed,26,False,,,,,,4.4,78.2,False,True,False
APT-002088,REQ-002249,EMP-00148,LOC-05,SVC-05,2025-11-29,Completed,30,False,,,,,,4.8,74.4,False,True,True
APT-002089,REQ-002251,EMP-00065,LOC-07,SVC-01,2025-11-29,Completed,38,False,,,,,,4.6,89.2,False,True,False
APT-002092,REQ-002254,EMP-00106,LOC-09,SVC-01,2025-11-28,Completed,6,False,,,,,,4.2,75.5,False,False,False
APT-002094,REQ-002256,EMP-00063,LOC-06,SVC-06,2025-11-28,Completed,36,False,,,,,,4.9,96.3,False,True,False
APT-002095,REQ-002257,EMP-00025,LOC-08,SVC-02,2025-11-29,Completed,22,False,,,,,,3.5,79.4,False,True,True
APT-002096,REQ-002258,EMP-00080,LOC-08,SVC-01,2025-11-28,Completed,20,False,,,,,,4.3,98.2,False,True,False
APT-002099,REQ-002261,EMP-00104,LOC-07,SVC-01,2025-11-29,Completed,42,False,,,,,,4.8,79.8,False,True,False
APT-002101,REQ-002263,EMP-00136,LOC-08,SVC-05,2025-11-29,Completed,35,False,,,,,,5.0,79.3,False,True,False
APT-002102,REQ-002264,EMP-00011,LOC-04,SVC-01,2025-11-28,Completed,18,False,,,,,,4.1,89.9,False,True,False
APT-002104,REQ-002266,EMP-00017,LOC-06,SVC-05,2025-11-30,Completed,30,False,,,,,,3.5,67.6,True,True,False
APT-002105,REQ-002268,EMP-00064,LOC-10,SVC-04,2025-11-29,Completed,13,False,,,,,,3.9,72.7,False,True,False
APT-002107,REQ-002271,EMP-00099,LOC-05,SVC-01,2025-11-29,Completed,9,False,,,,,,3.7,69.9,False,True,True
APT-002108,REQ-002272,EMP-00022,LOC-10,SVC-05,2025-11-29,Completed,26,False,,,,,,2.6,57.1,False,False,True
APT-002111,REQ-002275,EMP-00014,LOC-04,SVC-04,2025-11-30,Completed,4,False,,,,,,3.0,83.1,False,True,False
APT-002113,REQ-002277,EMP-00043,LOC-08,SVC-04,2025-12-01,Completed,26,False,,,,,,3.9,98.9,False,True,False
APT-002116,REQ-002280,EMP-00067,LOC-07,SVC-05,2025-11-30,Completed,47,False,,,,,,3.9,97.2,False,True,False
APT-002117,REQ-002281,EMP-00084,LOC-03,SVC-05,2025-11-30,Completed,16,False,,,,,,4.2,77.2,False,True,False
APT-002119,REQ-002283,EMP-00064,LOC-03,SVC-08,2025-11-30,Completed,28,False,,,,,,4.8,79.1,False,True,False
APT-002120,REQ-002284,EMP-00027,LOC-02,SVC-04,2025-11-30,Completed,11,False,,,,,,4.5,91.0,False,True,False
APT-002121,REQ-002285,EMP-00117,LOC-02,SVC-02,2025-12-02,Completed,24,False,,,,,,3.4,72.4,False,True,True
APT-002122,REQ-002286,EMP-00084,LOC-10,SVC-01,2025-12-01,Completed,33,False,,,,,,5.0,73.9,False,True,True
APT-002123,REQ-002287,EMP-00098,LOC-08,SVC-08,2025-12-03,Completed,20,False,,,,,,3.7,74.9,False,True,False
APT-002124,REQ-002288,EMP-00110,LOC-01,SVC-05,2025-12-01,Completed,48,False,,,,,,3.6,82.4,False,True,False
APT-002127,REQ-002291,EMP-00113,LOC-01,SVC-09,2025-12-02,Completed,4,False,,,,,,3.3,57.7,False,False,True
APT-002129,REQ-002294,EMP-00038,LOC-09,SVC-01,2025-12-02,Completed,31,False,,,,,,4.4,70.9,True,True,False
APT-002130,REQ-002295,EMP-00089,LOC-04,SVC-01,2025-12-01,Completed,28,False,,,,,,3.5,97.7,False,True,False
APT-002132,REQ-002297,EMP-00063,LOC-04,SVC-05,2025-12-02,Completed,20,False,,,,,,4.4,81.7,False,False,False
APT-002136,REQ-002301,EMP-00119,LOC-09,SVC-07,2025-12-02,Completed,34,False,,,,,,4.3,82.2,False,True,False
APT-002137,REQ-002302,EMP-00025,LOC-06,SVC-07,2025-12-02,Completed,32,False,,,,,,2.8,97.6,False,True,False
APT-002138,REQ-002303,EMP-00032,LOC-07,SVC-03,2025-12-03,Completed,9,False,,,,,,4.5,100.0,False,True,False
APT-002141,REQ-002307,EMP-00133,LOC-02,SVC-06,2025-12-02,Completed,3,False,,,,,,2.3,92.3,False,True,False
APT-002142,REQ-002308,EMP-00117,LOC-07,SVC-09,2025-12-03,Completed,77,False,,,,,,3.9,89.5,False,True,True
APT-002144,REQ-002310,EMP-00013,LOC-04,SVC-05,2025-12-02,Completed,10,False,,,,,,5.0,74.9,False,True,False
APT-002145,REQ-002311,EMP-00058,LOC-03,SVC-01,2025-12-02,Completed,14,False,,,,,,,83.4,False,True,False
APT-002146,REQ-002312,EMP-00028,LOC-06,SVC-07,2025-12-02,Completed,25,False,,,,,,3.4,71.8,False,True,False
APT-002148,REQ-002314,EMP-00039,LOC-08,SVC-02,2025-12-03,Completed,35,False,,,,,,4.2,88.6,False,True,False
APT-002149,REQ-002315,EMP-00099,LOC-09,SVC-09,2025-12-03,Completed,14,False,,,,,,4.9,81.1,False,True,False
APT-002152,REQ-002318,EMP-00056,LOC-04,SVC-03,2025-12-02,Completed,13,False,,,,,,4.8,62.3,False,True,True
APT-002154,REQ-002320,EMP-00040,LOC-08,SVC-02,2025-12-02,Completed,49,False,,,,,,3.8,78.8,False,True,False
APT-002155,REQ-002321,EMP-00137,LOC-02,SVC-02,2025-12-03,Completed,23,False,,,,,,3.2,74.2,False,True,False
APT-002157,REQ-002324,EMP-00106,LOC-05,SVC-04,2025-12-03,Completed,21,False,,,,,,4.3,91.2,False,True,False
APT-002158,REQ-002325,EMP-00092,LOC-06,SVC-04,2025-12-03,Completed,22,False,,,,,,3.9,72.3,False,True,False
APT-002161,REQ-002328,EMP-00017,LOC-10,SVC-02,2025-12-06,Completed,28,False,,,,,,3.4,82.2,False,True,False
APT-002163,REQ-002330,EMP-00004,LOC-07,SVC-09,2025-12-04,Completed,12,False,,,,,,3.8,75.6,False,True,True
APT-002165,REQ-002332,EMP-00109,LOC-08,SVC-06,2025-12-03,Completed,3,False,,,,,,3.3,83.2,False,True,False
APT-002168,REQ-002335,EMP-00096,LOC-03,SVC-02,2025-12-03,Completed,31,False,,,,,,4.9,95.9,False,True,False
APT-002169,REQ-002336,EMP-00112,LOC-05,SVC-02,2025-12-03,Completed,33,False,,,,,,2.9,66.7,False,True,True
APT-002170,REQ-002337,EMP-00083,LOC-08,SVC-06,2025-12-04,Completed,11,False,,,,,,4.7,88.5,False,True,True
APT-002172,REQ-002339,EMP-00136,LOC-05,SVC-02,2025-12-03,Completed,24,False,,,,,,4.4,73.5,False,True,False
APT-002173,REQ-002340,EMP-00102,LOC-05,SVC-03,2025-12-04,Completed,26,False,,,,,,4.3,83.1,False,False,False
APT-002175,REQ-002342,EMP-00068,LOC-05,SVC-07,2025-12-04,Completed,13,False,,,,,,4.3,80.9,False,True,False
APT-002176,REQ-002344,EMP-00104,LOC-06,SVC-09,2025-12-03,Completed,67,False,,,,,,3.6,84.4,False,True,True
APT-002178,REQ-002346,EMP-00010,LOC-01,SVC-02,2025-12-04,Completed,14,False,,,,,,2.6,78.0,False,True,False
APT-002181,REQ-002350,EMP-00022,LOC-04,SVC-03,2025-12-03,Completed,11,False,,,,,,3.5,91.0,False,False,False
APT-002182,REQ-002351,EMP-00031,LOC-02,SVC-08,2025-12-03,Completed,16,False,,,,,,,70.7,False,True,True
APT-002185,REQ-002354,EMP-00075,LOC-06,SVC-08,2025-12-06,Completed,21,False,,,,,,,96.4,False,True,True
APT-002186,REQ-002355,EMP-00066,LOC-01,SVC-07,2025-12-03,Completed,14,False,,,,,,4.1,87.6,False,True,False
APT-002187,REQ-002356,EMP-00100,LOC-05,SVC-05,2025-12-03,Completed,21,False,,,,,,3.8,81.9,False,True,False
APT-002188,REQ-002357,EMP-00091,LOC-08,SVC-01,2025-12-06,Completed,22,False,,,,,,3.9,95.4,False,True,False
APT-002189,REQ-002358,EMP-00024,LOC-05,SVC-01,2025-12-03,Completed,23,False,,,,,,3.1,77.3,False,True,False
APT-002190,REQ-002360,EMP-00039,LOC-07,SVC-01,2025-12-05,Completed,9,False,,,,,,3.2,100.0,False,True,True
APT-002193,REQ-002363,EMP-00096,LOC-05,SVC-02,2025-12-04,Completed,17,False,,,,,,3.8,70.5,False,True,False
APT-002194,REQ-002364,EMP-00036,LOC-02,SVC-07,2025-12-06,Completed,17,False,,,,,,2.7,77.7,False,False,False
APT-002195,REQ-002365,EMP-00141,LOC-03,SVC-01,2025-12-04,Completed,25,False,,,,,,,79.3,False,True,False
APT-002199,REQ-002369,EMP-00139,LOC-01,SVC-07,2025-12-04,Completed,17,False,,,,,,4.4,79.7,False,True,True
APT-002200,REQ-002370,EMP-00015,LOC-07,SVC-02,2025-12-04,Completed,45,False,,,,,,5.0,89.6,False,True,False
APT-002201,REQ-002371,EMP-00021,LOC-01,SVC-06,2025-12-04,Completed,13,False,,,,,,3.9,69.0,False,True,False
APT-002204,REQ-002374,EMP-00101,LOC-03,SVC-02,2025-12-04,Completed,17,False,,,,,,,84.2,False,True,False
APT-002205,REQ-002375,EMP-00133,LOC-06,SVC-01,2025-12-06,Completed,32,False,,,,,,4.6,86.5,False,True,True
APT-002206,REQ-002376,EMP-00103,LOC-06,SVC-01,2025-12-05,Completed,26,True,Skill match unavailable,,,,,3.9,87.8,False,True,True
APT-002208,REQ-002378,EMP-00049,LOC-10,SVC-04,2025-12-06,Completed,12,False,,,,,,3.9,73.2,False,True,False
APT-002209,REQ-002379,EMP-00030,LOC-01,SVC-08,2025-12-06,Completed,5,False,,,,,,,81.7,False,True,True
APT-002212,REQ-002382,EMP-00138,LOC-02,SVC-03,2025-12-06,Completed,27,False,,,,,,4.4,81.8,False,True,False
APT-002213,REQ-002383,EMP-00119,LOC-02,SVC-02,2025-12-05,Completed,31,False,,,,,,4.8,86.1,False,True,True
APT-002216,REQ-002386,EMP-00065,LOC-08,SVC-06,2025-12-05,Completed,25,False,,,,,,5.0,84.9,False,True,True
APT-002218,REQ-002388,EMP-00142,LOC-06,SVC-08,2025-12-05,Completed,29,False,,,,,,3.8,74.4,False,True,True
APT-002220,REQ-002390,EMP-00085,LOC-03,SVC-02,2025-12-06,Completed,3,False,,,,,,3.0,73.6,False,True,False
APT-002221,REQ-002391,EMP-00100,LOC-07,SVC-02,2025-12-06,Completed,23,False,,,,,,5.0,92.0,False,True,False
APT-002223,REQ-002393,EMP-00124,LOC-05,SVC-06,2025-12-06,Completed,3,False,,,,,,4.5,70.8,False,True,True
APT-002224,REQ-002394,EMP-00134,LOC-10,SVC-09,2025-12-05,Completed,9,False,,,,,,3.2,80.3,False,True,False
APT-002225,REQ-002395,EMP-00120,LOC-01,SVC-06,2025-12-05,Completed,17,False,,,,,,4.4,85.2,False,True,False
APT-002227,REQ-002397,EMP-00098,LOC-01,SVC-04,2025-12-06,Completed,10,False,,,,,,2.9,99.7,False,True,True
APT-002232,REQ-002402,EMP-00137,LOC-02,SVC-01,2025-12-06,Completed,19,False,,,,,,,72.3,False,True,True
APT-002233,REQ-002403,EMP-00002,LOC-05,SVC-01,2025-12-07,Completed,3,False,,,,,,4.0,76.5,False,True,True
APT-002234,REQ-002405,EMP-00091,LOC-03,SVC-01,2025-12-06,Completed,23,True,Continuity of care,,,,,4.1,87.3,True,True,False
APT-002235,REQ-002406,EMP-00086,LOC-05,SVC-01,2025-12-06,Completed,18,False,,,,,,3.3,75.2,False,True,True
APT-002240,REQ-002411,EMP-00005,LOC-08,SVC-01,2025-12-06,Completed,62,False,,,,,,,83.7,False,True,False
APT-002241,REQ-002412,EMP-00137,LOC-07,SVC-01,2025-12-06,Completed,6,False,,,,,,3.8,69.9,False,True,True
APT-002242,REQ-002413,EMP-00128,LOC-06,SVC-02,2025-12-06,Completed,7,False,,,,,,3.5,76.7,False,True,False
APT-002243,REQ-002414,EMP-00058,LOC-03,SVC-09,2025-12-07,Completed,3,False,,,,,,5.0,93.6,False,True,False
APT-002246,REQ-002418,EMP-00120,LOC-10,SVC-01,2025-12-07,Completed,35,False,,,,,,,73.3,False,True,True
APT-002249,REQ-002421,EMP-00056,LOC-03,SVC-01,2025-12-07,Completed,14,False,,,,,,4.8,67.1,False,True,False
APT-002250,REQ-002422,EMP-00050,LOC-02,SVC-03,2025-12-07,Completed,33,False,,,,,,,85.2,False,False,False
APT-002251,REQ-002423,EMP-00004,LOC-06,SVC-02,2025-12-09,Completed,32,False,,,,,,,85.7,False,True,False
APT-002252,REQ-002424,EMP-00099,LOC-09,SVC-07,2025-12-09,Completed,20,False,,,,,,3.8,93.8,False,True,False
APT-002253,REQ-002425,EMP-00005,LOC-06,SVC-04,2025-12-08,Completed,40,False,,,,,,4.3,99.3,False,True,False
APT-002255,REQ-002427,EMP-00025,LOC-05,SVC-07,2025-12-08,Completed,20,False,,,,,,3.8,77.1,False,True,False
APT-002256,REQ-002428,EMP-00037,LOC-04,SVC-05,2025-12-08,Completed,13,False,,,,,,4.6,86.7,False,True,False
APT-002258,REQ-002430,EMP-00031,LOC-04,SVC-06,2025-12-09,Completed,3,False,,,,,,4.2,73.2,False,True,False
APT-002259,REQ-002431,EMP-00021,LOC-01,SVC-08,2025-12-08,Completed,27,False,,,,,,3.9,61.8,False,True,True
APT-002260,REQ-002432,EMP-00004,LOC-06,SVC-04,2025-12-10,Completed,3,False,,,,,,4.6,77.0,False,True,False
APT-002261,REQ-002433,EMP-00092,LOC-03,SVC-03,2025-12-08,Completed,19,True,Continuity of care,,,,,4.2,81.6,False,True,True
APT-002263,REQ-002435,EMP-00061,LOC-01,SVC-01,2025-12-09,Completed,22,False,,,,,,4.6,85.0,False,True,False
APT-002264,REQ-002436,EMP-00128,LOC-07,SVC-05,2025-12-09,Completed,25,False,,,,,,5.0,85.4,False,True,False
APT-002266,REQ-002438,EMP-00075,LOC-05,SVC-01,2025-12-08,Completed,7,True,Skill match unavailable,,,,,4.5,81.7,False,True,False
APT-002268,REQ-002440,EMP-00015,LOC-09,SVC-01,2025-12-08,Completed,13,False,,,,,,4.5,91.8,False,True,True
APT-002270,REQ-002442,EMP-00103,LOC-01,SVC-03,2025-12-11,Completed,20,False,,,,,,4.0,81.6,False,True,False
APT-002273,REQ-002446,EMP-00086,LOC-03,SVC-07,2025-12-09,Completed,34,False,,,,,,4.1,91.1,False,True,False
APT-002274,REQ-002447,EMP-00021,LOC-03,SVC-05,2025-12-09,Completed,34,False,,,,,,,80.4,False,True,False
APT-002275,REQ-002448,EMP-00018,LOC-03,SVC-01,2025-12-10,Completed,20,True,Skill match unavailable,,,,,4.6,84.6,False,False,False
APT-002276,REQ-002449,EMP-00129,LOC-03,SVC-05,2025-12-09,Completed,9,False,,,,,,4.5,85.9,False,True,False
APT-002277,REQ-002450,EMP-00148,LOC-06,SVC-06,2025-12-09,Completed,52,False,,,,,,4.3,84.3,False,False,False
APT-002279,REQ-002452,EMP-00103,LOC-07,SVC-08,2025-12-10,Completed,52,False,,,,,,3.6,89.4,False,True,False
APT-002281,REQ-002454,EMP-00014,LOC-08,SVC-07,2025-12-11,Completed,27,False,,,,,,3.3,79.1,False,False,False
APT-002282,REQ-002455,EMP-00040,LOC-10,SVC-04,2025-12-10,Completed,42,False,,,,,,3.5,94.3,False,True,False
APT-002284,REQ-002457,EMP-00084,LOC-01,SVC-07,2025-12-09,Completed,9,False,,,,,,4.7,92.1,False,True,False
APT-002288,REQ-002462,EMP-00092,LOC-08,SVC-03,2025-12-10,Completed,19,False,,,,,,4.5,83.4,False,True,False
APT-002289,REQ-002463,EMP-00128,LOC-01,SVC-02,2025-12-09,Completed,3,False,,,,,,4.9,78.7,False,True,True
APT-002290,REQ-002464,EMP-00050,LOC-03,SVC-01,2025-12-11,Completed,8,False,,,,,,4.9,83.4,True,False,False
APT-002293,REQ-002467,EMP-00095,LOC-08,SVC-03,2025-12-11,Completed,22,False,,,,,,4.3,82.0,False,True,True
APT-002294,REQ-002468,EMP-00119,LOC-08,SVC-03,2025-12-11,Completed,6,False,,,,,,4.9,59.7,False,True,False
APT-002295,REQ-002471,EMP-00002,LOC-08,SVC-04,2025-12-10,Completed,3,False,,,,,,3.2,94.5,False,True,False
APT-002296,REQ-002472,EMP-00102,LOC-03,SVC-06,2025-12-10,Completed,23,False,,,,,,4.0,66.8,False,True,True
APT-002297,REQ-002473,EMP-00109,LOC-08,SVC-03,2025-12-11,Completed,37,False,,,,,,,84.3,False,True,False
APT-002299,REQ-002475,EMP-00084,LOC-02,SVC-08,2025-12-10,Completed,32,False,,,,,,3.8,94.8,False,True,False
APT-002300,REQ-002476,EMP-00037,LOC-04,SVC-07,2025-12-11,Completed,17,False,,,,,,4.0,75.2,False,True,False
APT-002301,REQ-002477,EMP-00063,LOC-09,SVC-03,2025-12-11,Completed,18,False,,,,,,5.0,94.0,False,True,False
APT-002302,REQ-002478,EMP-00065,LOC-10,SVC-02,2025-12-12,Completed,21,False,,,,,,,76.5,False,True,False
APT-002304,REQ-002480,EMP-00086,LOC-07,SVC-06,2025-12-10,Completed,43,False,,,,,,4.7,82.3,False,True,False
APT-002305,REQ-002481,EMP-00123,LOC-02,SVC-01,2025-12-11,Completed,14,False,,,,,,5.0,95.3,False,True,False
APT-002306,REQ-002482,EMP-00090,LOC-07,SVC-03,2025-12-11,Completed,3,False,,,,,,4.8,73.6,False,True,False
APT-002308,REQ-002484,EMP-00032,LOC-06,SVC-05,2025-12-11,Completed,66,False,,,,,,,80.1,False,True,False
APT-002309,REQ-002485,EMP-00018,LOC-09,SVC-01,2025-12-13,Completed,15,False,,,,,,4.4,74.1,False,True,True
APT-002310,REQ-002486,EMP-00006,LOC-10,SVC-07,2025-12-14,Completed,36,False,,,,,,4.3,100.0,False,False,True
APT-002311,REQ-002487,EMP-00058,LOC-04,SVC-01,2025-12-11,Completed,19,False,,,,,,3.9,81.2,False,True,False
APT-002314,REQ-002490,EMP-00014,LOC-05,SVC-05,2025-12-11,Completed,22,False,,,,,,4.3,81.1,False,True,False
APT-002316,REQ-002492,EMP-00121,LOC-09,SVC-03,2025-12-11,Completed,3,False,,,,,,4.9,92.5,False,True,False
APT-002319,REQ-002495,EMP-00129,LOC-03,SVC-01,2025-12-11,Completed,22,False,,,,,,4.4,100.0,False,True,True
APT-002320,REQ-002496,EMP-00023,LOC-02,SVC-01,2025-12-11,Completed,36,False,,,,,,2.9,72.1,False,True,False
APT-002321,REQ-002497,EMP-00113,LOC-03,SVC-02,2025-12-11,Completed,9,False,,,,,,4.8,84.5,False,True,False
APT-002322,REQ-002498,EMP-00035,LOC-01,SVC-03,2025-12-12,Completed,18,False,,,,,,,86.0,False,True,False
APT-002324,REQ-002500,EMP-00070,LOC-08,SVC-03,2025-12-12,Completed,39,False,,,,,,3.8,94.1,False,True,False
APT-002325,REQ-002501,EMP-00058,LOC-06,SVC-05,2025-12-11,Completed,29,False,,,,,,4.6,90.6,False,False,True
APT-002326,REQ-002502,EMP-00100,LOC-08,SVC-06,2025-12-15,Completed,24,False,,,,,,4.1,83.7,False,True,True
APT-002327,REQ-002503,EMP-00035,LOC-08,SVC-02,2025-12-11,Completed,3,False,,,,,,3.6,93.1,False,True,False
APT-002329,REQ-002506,EMP-00065,LOC-10,SVC-01,2025-12-14,Completed,3,False,,,,,,5.0,81.3,False,True,False
APT-002331,REQ-002508,EMP-00065,LOC-05,SVC-03,2025-12-12,Completed,37,False,,,,,,4.5,96.1,False,True,False
APT-002332,REQ-002509,EMP-00104,LOC-01,SVC-06,2025-12-14,Completed,24,False,,,,,,3.9,83.8,False,False,False
APT-002336,REQ-002513,EMP-00065,LOC-06,SVC-01,2025-12-16,Completed,35,False,,,,,,4.9,67.0,False,True,False
APT-002338,REQ-002515,EMP-00065,LOC-07,SVC-07,2025-12-14,Completed,42,False,,,,,,4.4,87.4,False,False,False
APT-002339,REQ-002516,EMP-00031,LOC-07,SVC-04,2025-12-17,Completed,21,False,,,,,,4.9,92.5,False,True,False
APT-002340,REQ-002517,EMP-00138,LOC-09,SVC-01,2025-12-12,Completed,16,False,,,,,,3.0,88.5,False,True,False
APT-002342,REQ-002519,EMP-00011,LOC-01,SVC-02,2025-12-13,Completed,8,True,Continuity of care,,,,,5.0,95.9,False,True,False
APT-002343,REQ-002521,EMP-00102,LOC-07,SVC-09,2025-12-13,Completed,54,False,,,,,,3.9,81.6,False,True,False
APT-002344,REQ-002522,EMP-00113,LOC-05,SVC-01,2025-12-15,Completed,21,False,,,,,,3.9,92.9,False,True,True
APT-002345,REQ-002523,EMP-00057,LOC-04,SVC-07,2025-12-14,Completed,30,False,,,,,,3.7,58.8,False,True,True
APT-002346,REQ-002525,EMP-00037,LOC-02,SVC-06,2025-12-16,Completed,14,True,Client preference,,,,,4.2,70.2,False,True,False
APT-002347,REQ-002526,EMP-00070,LOC-06,SVC-02,2025-12-16,Completed,32,False,,,,,,3.0,85.9,False,False,True
APT-002350,REQ-002530,EMP-00094,LOC-07,SVC-01,2025-12-14,Completed,44,False,,,,,,5.0,92.1,False,True,False
APT-002352,REQ-002532,EMP-00027,LOC-05,SVC-05,2025-12-13,Completed,14,False,,,,,,4.3,88.3,False,True,False
APT-002353,REQ-002533,EMP-00055,LOC-07,SVC-02,2025-12-16,Completed,27,False,,,,,,5.0,79.3,False,True,True
APT-002354,REQ-002534,EMP-00142,LOC-08,SVC-01,2025-12-14,Completed,11,False,,,,,,4.1,73.3,False,False,False
APT-002355,REQ-002535,EMP-00101,LOC-10,SVC-03,2025-12-14,Completed,39,True,Client preference,,,,,3.7,97.0,False,True,False
APT-002356,REQ-002536,EMP-00015,LOC-06,SVC-02,2025-12-16,Completed,39,False,,,,,,4.6,81.4,False,True,True
APT-002357,REQ-002537,EMP-00124,LOC-06,SVC-01,2025-12-14,Completed,26,False,,,,,,3.9,58.3,False,True,True
APT-002358,REQ-002538,EMP-00018,LOC-10,SVC-07,2025-12-14,Completed,28,False,,,,,,5.0,68.7,False,False,True
APT-002359,REQ-002539,EMP-00062,LOC-03,SVC-05,2025-12-14,Completed,26,False,,,,,,3.5,85.8,False,False,False
APT-002360,REQ-002540,EMP-00014,LOC-06,SVC-07,2025-12-14,Completed,26,False,,,,,,3.8,82.8,False,True,True
APT-002361,REQ-002541,EMP-00011,LOC-08,SVC-09,2025-12-17,Completed,21,False,,,,,,4.8,93.8,False,True,False
APT-002362,REQ-002542,EMP-00017,LOC-03,SVC-02,2025-12-15,Completed,33,False,,,,,,3.5,86.6,False,False,False
APT-002363,REQ-002543,EMP-00120,LOC-01,SVC-01,2025-12-17,Completed,25,False,,,,,,4.9,96.7,False,True,False
APT-002364,REQ-002544,EMP-00061,LOC-09,SVC-03,2025-12-18,Completed,14,False,,,,,,3.6,100.0,False,True,False
APT-002365,REQ-002545,EMP-00051,LOC-09,SVC-05,2025-12-16,Completed,19,False,,,,,,4.4,75.5,False,False,False
APT-002367,REQ-002548,EMP-00122,LOC-05,SVC-03,2025-12-16,Completed,37,False,,,,,,2.3,70.3,False,True,False
APT-002368,REQ-002549,EMP-00064,LOC-01,SVC-07,2025-12-18,Completed,23,False,,,,,,4.6,80.8,False,True,False
APT-002372,REQ-002553,EMP-00084,LOC-02,SVC-05,2025-12-15,Completed,36,False,,,,,,,81.6,False,True,True
APT-002373,REQ-002554,EMP-00060,LOC-09,SVC-01,2025-12-16,Completed,35,False,,,,,,5.0,87.8,False,True,True
APT-002374,REQ-002555,EMP-00091,LOC-03,SVC-01,2025-12-15,Completed,15,False,,,,,,5.0,78.7,False,True,False
APT-002375,REQ-002556,EMP-00090,LOC-04,SVC-01,2025-12-15,Completed,24,False,,,,,,4.6,84.2,False,False,False
APT-002376,REQ-002557,EMP-00133,LOC-05,SVC-01,2025-12-15,Completed,17,True,Skill match unavailable,,,,,4.7,75.2,False,True,False
APT-002377,REQ-002558,EMP-00089,LOC-08,SVC-07,2025-12-15,Completed,20,False,,,,,,3.8,85.0,False,True,False
APT-002378,REQ-002559,EMP-00083,LOC-09,SVC-04,2025-12-17,Completed,24,False,,,,,,2.9,85.0,False,False,False
APT-002380,REQ-002562,EMP-00041,LOC-06,SVC-01,2025-12-17,Completed,4,False,,,,,,2.7,85.5,False,True,False
APT-002381,REQ-002564,EMP-00055,LOC-09,SVC-05,2025-12-17,Completed,27,False,,,,,,3.2,79.8,False,False,False
APT-002383,REQ-002566,EMP-00121,LOC-03,SVC-06,2025-12-15,Completed,25,False,,,,,,3.8,75.4,False,True,False
APT-002385,REQ-002568,EMP-00042,LOC-07,SVC-01,2025-12-15,Completed,38,False,,,,,,3.8,98.5,False,False,False
APT-002386,REQ-002569,EMP-00089,LOC-03,SVC-02,2025-12-16,Completed,24,False,,,,,,4.9,78.7,False,True,False
APT-002387,REQ-002570,EMP-00106,LOC-10,SVC-01,2025-12-16,Completed,47,False,,,,,,4.4,86.1,False,True,False
APT-002388,REQ-002571,EMP-00015,LOC-03,SVC-03,2025-12-17,Completed,21,False,,,,,,4.4,100.0,False,False,False
APT-002390,REQ-002574,EMP-00093,LOC-04,SVC-05,2025-12-16,Completed,15,False,,,,,,4.5,84.6,False,True,False
APT-002391,REQ-002575,EMP-00121,LOC-09,SVC-02,2025-12-16,Completed,34,False,,,,,,4.4,73.4,False,True,False
APT-002392,REQ-002576,EMP-00091,LOC-08,SVC-04,2025-12-16,Completed,61,False,,,,,,4.8,78.2,False,True,False
APT-002394,REQ-002578,EMP-00006,LOC-07,SVC-01,2025-12-18,Completed,41,False,,,,,,4.7,93.3,False,True,False
APT-002395,REQ-002579,EMP-00028,LOC-03,SVC-02,2025-12-16,Completed,25,False,,,,,,2.9,97.6,False,True,False
APT-002396,REQ-002580,EMP-00129,LOC-07,SVC-03,2025-12-18,Completed,58,False,,,,,,4.4,80.1,False,True,True
APT-002397,REQ-002581,EMP-00060,LOC-04,SVC-01,2025-12-16,Completed,13,False,,,,,,,81.5,False,True,False
APT-002398,REQ-002582,EMP-00039,LOC-07,SVC-01,2025-12-16,Completed,25,False,,,,,,4.3,96.8,False,True,False
APT-002401,REQ-002585,EMP-00063,LOC-08,SVC-04,2025-12-16,Completed,34,False,,,,,,3.7,97.1,False,True,True
APT-002402,REQ-002586,EMP-00068,LOC-01,SVC-04,2025-12-17,Completed,12,False,,,,,,,86.6,False,True,False
APT-002404,REQ-002589,EMP-00110,LOC-01,SVC-02,2025-12-17,Completed,35,False,,,,,,4.3,90.4,False,True,False
APT-002405,REQ-002590,EMP-00031,LOC-08,SVC-05,2025-12-17,Completed,36,False,,,,,,3.5,88.2,False,True,False
APT-002407,REQ-002593,EMP-00050,LOC-10,SVC-01,2025-12-18,Completed,33,False,,,,,,3.1,65.6,False,True,False
APT-002408,REQ-002594,EMP-00139,LOC-04,SVC-05,2025-12-17,Completed,29,False,,,,,,3.7,100.0,False,False,True
APT-002410,REQ-002596,EMP-00124,LOC-01,SVC-03,2025-12-17,Completed,11,False,,,,,,3.2,94.4,False,False,False
APT-002411,REQ-002597,EMP-00036,LOC-02,SVC-09,2025-12-18,Completed,16,True,Urgent reassignment,,,,,4.2,70.3,False,True,False
APT-002412,REQ-002598,EMP-00100,LOC-01,SVC-02,2025-12-17,Completed,30,False,,,,,,,84.9,False,True,False
APT-002413,REQ-002599,EMP-00064,LOC-01,SVC-03,2025-12-17,Completed,19,False,,,,,,2.8,72.4,False,True,False
APT-002415,REQ-002601,EMP-00022,LOC-08,SVC-03,2025-12-17,Completed,51,False,,,,,,3.2,80.2,False,True,False
APT-002417,REQ-002603,EMP-00105,LOC-05,SVC-03,2025-12-18,Completed,21,False,,,,,,5.0,95.6,False,False,False
APT-002419,REQ-002605,EMP-00067,LOC-04,SVC-08,2025-12-18,Completed,24,False,,,,,,4.2,92.1,False,True,False
APT-002420,REQ-002606,EMP-00010,LOC-06,SVC-01,2025-12-17,Completed,36,False,,,,,,3.8,73.2,False,True,False
APT-002421,REQ-002607,EMP-00141,LOC-06,SVC-07,2025-12-17,Completed,28,False,,,,,,4.0,90.0,False,True,True
APT-002422,REQ-002608,EMP-00044,LOC-08,SVC-06,2025-12-17,Completed,38,False,,,,,,4.4,91.0,False,True,True
APT-002423,REQ-002609,EMP-00024,LOC-08,SVC-05,2025-12-18,Completed,50,True,Client preference,,,,,3.9,97.7,False,True,True
APT-002427,REQ-002613,EMP-00040,LOC-04,SVC-01,2025-12-19,Completed,13,False,,,,,,4.4,78.6,False,True,False
APT-002429,REQ-002615,EMP-00068,LOC-06,SVC-05,2025-12-18,Completed,42,False,,,,,,3.2,75.3,False,True,False
APT-002430,REQ-002616,EMP-00143,LOC-08,SVC-08,2025-12-18,Completed,8,False,,,,,,3.6,90.2,False,True,False
APT-002432,REQ-002619,EMP-00129,LOC-02,SVC-02,2025-12-18,Completed,26,False,,,,,,4.6,80.2,False,True,False
APT-002433,REQ-002620,EMP-00054,LOC-02,SVC-08,2025-12-18,Completed,9,False,,,,,,3.5,80.8,False,True,True
APT-002436,REQ-002623,EMP-00103,LOC-07,SVC-09,2025-12-20,Completed,20,False,,,,,,4.2,76.7,False,True,False
APT-002437,REQ-002624,EMP-00052,LOC-07,SVC-03,2025-12-21,Completed,45,False,,,,,,4.2,98.6,False,True,False
APT-002438,REQ-002625,EMP-00055,LOC-09,SVC-01,2025-12-18,Completed,3,False,,,,,,4.5,79.4,False,False,False
APT-002439,REQ-002626,EMP-00068,LOC-08,SVC-07,2025-12-18,Completed,3,False,,,,,,5.0,95.0,False,True,False
APT-002441,REQ-002628,EMP-00121,LOC-02,SVC-01,2025-12-18,Completed,16,False,,,,,,5.0,88.4,False,True,False
APT-002444,REQ-002631,EMP-00120,LOC-08,SVC-01,2025-12-20,Completed,25,False,,,,,,4.4,69.7,False,True,False
APT-002445,REQ-002632,EMP-00128,LOC-09,SVC-06,2025-12-21,Completed,59,False,,,,,,3.7,83.2,False,True,False
APT-002447,REQ-002634,EMP-00011,LOC-06,SVC-09,2025-12-22,Completed,27,False,,,,,,4.2,71.3,False,True,True
APT-002448,REQ-002635,EMP-00006,LOC-10,SVC-01,2025-12-20,Completed,42,False,,,,,,3.7,78.5,False,True,True
APT-002449,REQ-002636,EMP-00066,LOC-06,SVC-07,2025-12-20,Completed,33,False,,,,,,5.0,98.6,False,True,False
APT-002451,REQ-002638,EMP-00051,LOC-08,SVC-02,2025-12-20,Completed,48,False,,,,,,4.8,74.9,False,False,False
APT-002452,REQ-002639,EMP-00050,LOC-03,SVC-01,2025-12-19,Completed,6,False,,,,,,5.0,79.4,False,True,True
APT-002453,REQ-002640,EMP-00065,LOC-09,SVC-07,2025-12-20,Completed,21,False,,,,,,3.8,82.8,False,True,False
APT-002456,REQ-002646,EMP-00137,LOC-02,SVC-06,2025-12-19,Completed,23,False,,,,,,3.7,68.9,False,True,True
APT-002458,REQ-002648,EMP-00075,LOC-03,SVC-07,2025-12-20,Completed,11,False,,,,,,4.9,85.3,False,False,False
APT-002460,REQ-002650,EMP-00011,LOC-04,SVC-08,2025-12-20,Completed,5,False,,,,,,3.4,100.0,False,True,False
APT-002462,REQ-002652,EMP-00100,LOC-01,SVC-02,2025-12-21,Completed,16,True,Skill match unavailable,,,,,4.3,86.7,False,False,False
APT-002463,REQ-002653,EMP-00013,LOC-03,SVC-05,2025-12-20,Completed,6,False,,,,,,,92.6,False,True,True
APT-002464,REQ-002654,EMP-00123,LOC-02,SVC-01,2025-12-21,Completed,3,False,,,,,,4.1,70.7,False,True,False
APT-002465,REQ-002655,EMP-00090,LOC-03,SVC-07,2025-12-23,Completed,6,False,,,,,,,97.4,False,True,False
APT-002468,REQ-002658,EMP-00115,LOC-04,SVC-02,2025-12-20,Completed,17,False,,,,,,4.0,74.0,False,True,False
APT-002469,REQ-002659,EMP-00058,LOC-05,SVC-05,2025-12-20,Completed,17,False,,,,,,2.6,100.0,False,False,False
APT-002470,REQ-002660,EMP-00085,LOC-04,SVC-05,2025-12-22,Completed,17,False,,,,,,5.0,84.9,False,True,False
APT-002472,REQ-002662,EMP-00094,LOC-08,SVC-04,2025-12-20,Completed,43,False,,,,,,4.6,75.3,False,True,False
APT-002474,REQ-002664,EMP-00122,LOC-01,SVC-07,2025-12-21,Completed,28,False,,,,,,5.0,89.2,False,True,False
APT-002475,REQ-002665,EMP-00021,LOC-05,SVC-05,2025-12-21,Completed,23,False,,,,,,3.9,72.8,False,True,False
APT-002476,REQ-002666,EMP-00121,LOC-09,SVC-05,2025-12-21,Completed,38,False,,,,,,4.6,89.5,False,True,True
APT-002478,REQ-002668,EMP-00089,LOC-10,SVC-01,2025-12-21,Completed,11,False,,,,,,,81.7,False,False,False
APT-002479,REQ-002669,EMP-00032,LOC-08,SVC-06,2025-12-21,Completed,47,False,,,,,,3.1,66.0,False,True,False
APT-002482,REQ-002672,EMP-00049,LOC-01,SVC-02,2025-12-22,Completed,5,False,,,,,,4.5,84.2,False,False,True
APT-002483,REQ-002673,EMP-00105,LOC-02,SVC-03,2025-12-22,Completed,15,True,Urgent reassignment,,,,,3.2,81.4,False,True,False
APT-002485,REQ-002675,EMP-00061,LOC-01,SVC-04,2025-12-23,Completed,26,False,,,,,,3.2,72.6,False,True,True
APT-002490,REQ-002680,EMP-00137,LOC-01,SVC-01,2025-12-26,Completed,29,False,,,,,,3.6,86.8,False,True,False
APT-002492,REQ-002683,EMP-00047,LOC-10,SVC-05,2025-12-22,Completed,12,False,,,,,,4.3,82.6,False,True,False
APT-002493,REQ-002684,EMP-00148,LOC-03,SVC-07,2025-12-24,Completed,40,True,Client preference,,,,,5.0,79.7,False,True,False
APT-002494,REQ-002685,EMP-00115,LOC-04,SVC-06,2025-12-23,Completed,13,False,,,,,,4.8,71.4,False,True,True
APT-002495,REQ-002686,EMP-00142,LOC-02,SVC-05,2025-12-22,Completed,12,False,,,,,,3.3,68.9,False,True,False
APT-002496,REQ-002687,EMP-00060,LOC-09,SVC-07,2025-12-23,Completed,36,False,,,,,,4.8,93.5,False,True,False
APT-002497,REQ-002688,EMP-00064,LOC-04,SVC-02,2025-12-22,Completed,6,False,,,,,,4.6,70.3,False,True,False
APT-002498,REQ-002689,EMP-00085,LOC-02,SVC-02,2025-12-23,Completed,34,False,,,,,,3.5,90.0,False,False,True
APT-002499,REQ-002690,EMP-00084,LOC-10,SVC-05,2025-12-26,Completed,17,False,,,,,,3.9,72.5,False,True,True
APT-002500,REQ-002691,EMP-00089,LOC-03,SVC-01,2025-12-23,Completed,5,False,,,,,,5.0,84.9,False,True,False
APT-002501,REQ-002692,EMP-00106,LOC-04,SVC-02,2025-12-23,Completed,37,False,,,,,,3.5,85.0,False,True,True
APT-002502,REQ-002693,EMP-00005,LOC-07,SVC-09,2025-12-23,Completed,58,False,,,,,,5.0,90.1,False,True,False
APT-002503,REQ-002694,EMP-00004,LOC-01,SVC-02,2025-12-24,Completed,28,False,,,,,,4.9,84.7,False,True,False
APT-002504,REQ-002695,EMP-00117,LOC-08,SVC-01,2025-12-23,Completed,33,False,,,,,,4.3,89.1,False,True,False
APT-002505,REQ-002696,EMP-00032,LOC-01,SVC-05,2025-12-23,Completed,32,False,,,,,,3.9,70.5,False,True,False
APT-002506,REQ-002697,EMP-00062,LOC-03,SVC-07,2025-12-23,Completed,27,False,,,,,,5.0,82.6,False,True,False
APT-002508,REQ-002699,EMP-00013,LOC-03,SVC-02,2025-12-23,Completed,27,False,,,,,,4.7,85.5,False,True,True
APT-002509,REQ-002700,EMP-00075,LOC-07,SVC-09,2025-12-26,Completed,3,False,,,,,,3.2,75.6,False,True,True
APT-002510,REQ-002701,EMP-00064,LOC-05,SVC-01,2025-12-23,Completed,3,False,,,,,,4.6,80.9,False,True,True
APT-002511,REQ-002702,EMP-00051,LOC-02,SVC-03,2025-12-24,Completed,8,False,,,,,,4.2,82.2,False,True,True
APT-002512,REQ-002703,EMP-00043,LOC-04,SVC-04,2025-12-23,Completed,12,False,,,,,,4.8,86.8,False,True,False
APT-002514,REQ-002705,EMP-00085,LOC-10,SVC-01,2025-12-23,Completed,52,False,,,,,,2.6,86.7,False,True,True
APT-002515,REQ-002706,EMP-00011,LOC-07,SVC-09,2025-12-23,Completed,41,False,,,,,,4.3,100.0,False,True,False
APT-002517,REQ-002708,EMP-00091,LOC-03,SVC-05,2025-12-25,Completed,17,True,Urgent reassignment,,,,,,89.1,False,True,False
APT-002518,REQ-002709,EMP-00086,LOC-04,SVC-01,2025-12-27,Completed,21,False,,,,,,5.0,85.9,False,True,True
APT-002519,REQ-002711,EMP-00117,LOC-01,SVC-05,2025-12-24,Completed,18,False,,,,,,3.9,84.5,False,True,True
APT-002520,REQ-002712,EMP-00102,LOC-06,SVC-06,2025-12-26,Completed,30,False,,,,,,4.5,95.3,False,True,False
APT-002522,REQ-002714,EMP-00115,LOC-05,SVC-04,2025-12-27,Completed,15,False,,,,,,5.0,90.7,False,True,False
APT-002523,REQ-002716,EMP-00142,LOC-03,SVC-03,2025-12-24,Completed,31,False,,,,,,4.4,75.5,False,True,False
APT-002526,REQ-002719,EMP-00091,LOC-08,SVC-02,2025-12-24,Completed,31,False,,,,,,4.0,79.4,False,True,False
APT-002527,REQ-002720,EMP-00136,LOC-09,SVC-05,2025-12-24,Completed,32,False,,,,,,,80.5,False,True,False
APT-002529,REQ-002722,EMP-00054,LOC-05,SVC-02,2025-12-24,Completed,36,False,,,,,,5.0,68.0,False,True,True
APT-002530,REQ-002723,EMP-00033,LOC-05,SVC-07,2025-12-25,Completed,12,False,,,,,,5.0,80.7,False,True,False
APT-002531,REQ-002724,EMP-00027,LOC-10,SVC-05,2025-12-25,Completed,16,False,,,,,,4.6,86.3,False,True,False
APT-002532,REQ-002725,EMP-00004,LOC-09,SVC-07,2025-12-25,Completed,32,False,,,,,,,84.5,False,True,False
APT-002533,REQ-002726,EMP-00100,LOC-01,SVC-07,2025-12-24,Completed,32,False,,,,,,3.3,89.5,False,True,False
APT-002535,REQ-002728,EMP-00068,LOC-07,SVC-08,2025-12-26,Completed,37,True,Continuity of care,,,,,4.0,73.3,False,True,False
APT-002536,REQ-002729,EMP-00027,LOC-08,SVC-06,2025-12-26,Completed,30,False,,,,,,4.3,89.9,False,True,False
APT-002537,REQ-002731,EMP-00023,LOC-02,SVC-04,2025-12-27,Completed,14,False,,,,,,4.2,81.8,False,True,False
APT-002539,REQ-002733,EMP-00069,LOC-02,SVC-07,2025-12-27,Completed,19,False,,,,,,4.1,77.7,False,False,False
APT-002540,REQ-002734,EMP-00086,LOC-05,SVC-04,2025-12-25,Completed,6,False,,,,,,4.5,70.7,False,True,False
APT-002542,REQ-002737,EMP-00101,LOC-06,SVC-06,2025-12-25,Completed,27,False,,,,,,3.5,74.7,False,True,False
APT-002543,REQ-002738,EMP-00128,LOC-04,SVC-05,2025-12-25,Completed,25,False,,,,,,4.1,74.1,False,True,False
APT-002544,REQ-002739,EMP-00043,LOC-03,SVC-01,2025-12-28,Completed,33,False,,,,,,4.2,75.4,False,True,False
APT-002545,REQ-002740,EMP-00094,LOC-03,SVC-05,2025-12-27,Completed,35,False,,,,,,3.7,68.8,False,True,False
APT-002546,REQ-002741,EMP-00035,LOC-07,SVC-01,2025-12-25,Completed,7,False,,,,,,3.3,54.8,False,True,False
APT-002548,REQ-002743,EMP-00096,LOC-06,SVC-05,2025-12-26,Completed,10,False,,,,,,3.3,81.9,False,True,False
APT-002549,REQ-002744,EMP-00101,LOC-03,SVC-03,2025-12-26,Completed,15,False,,,,,,5.0,72.5,False,True,False
APT-002550,REQ-002745,EMP-00052,LOC-08,SVC-04,2025-12-25,Completed,4,False,,,,,,2.0,87.5,False,False,False
APT-002551,REQ-002747,EMP-00083,LOC-07,SVC-05,2025-12-25,Completed,10,False,,,,,,4.1,79.9,True,True,False
APT-002552,REQ-002748,EMP-00146,LOC-03,SVC-03,2025-12-25,Completed,23,False,,,,,,,86.2,False,True,False
APT-002554,REQ-002751,EMP-00018,LOC-10,SVC-01,2025-12-26,Completed,30,False,,,,,,2.1,92.8,False,True,True
APT-002555,REQ-002752,EMP-00011,LOC-02,SVC-06,2025-12-25,Completed,26,False,,,,,,4.2,88.8,False,True,False
APT-002556,REQ-002753,EMP-00014,LOC-02,SVC-08,2025-12-26,Completed,33,False,,,,,,5.0,79.9,False,False,False
APT-002557,REQ-002754,EMP-00101,LOC-01,SVC-04,2025-12-27,Completed,9,False,,,,,,2.4,85.7,False,True,False
APT-002558,REQ-002756,EMP-00092,LOC-10,SVC-01,2025-12-27,Completed,27,False,,,,,,3.5,66.3,False,True,False
APT-002560,REQ-002758,EMP-00128,LOC-05,SVC-08,2025-12-26,Completed,28,False,,,,,,3.1,90.8,False,True,False
APT-002561,REQ-002759,EMP-00091,LOC-04,SVC-04,2025-12-27,Completed,27,False,,,,,,4.8,78.7,False,True,False
APT-002565,REQ-002763,EMP-00137,LOC-08,SVC-07,2025-12-26,Completed,5,False,,,,,,3.9,75.4,False,False,True
APT-002566,REQ-002764,EMP-00018,LOC-02,SVC-07,2025-12-26,Completed,7,False,,,,,,3.9,80.3,False,False,True
APT-002571,REQ-002769,EMP-00017,LOC-10,SVC-01,2025-12-27,Completed,26,False,,,,,,4.0,80.0,False,False,False
APT-002572,REQ-002770,EMP-00047,LOC-06,SVC-09,2025-12-26,Completed,31,False,,,,,,3.3,100.0,False,True,False
APT-002573,REQ-002771,EMP-00070,LOC-02,SVC-08,2025-12-27,Completed,32,False,,,,,,3.7,79.3,False,True,False
APT-002575,REQ-002773,EMP-00040,LOC-10,SVC-03,2025-12-27,Completed,37,False,,,,,,4.4,60.9,False,True,False
APT-002577,REQ-002775,EMP-00129,LOC-06,SVC-06,2025-12-27,Completed,3,False,,,,,,5.0,81.2,False,False,False
APT-002578,REQ-002777,EMP-00018,LOC-02,SVC-05,2025-12-27,Completed,3,False,,,,,,3.5,68.6,False,True,True
APT-002580,REQ-002779,EMP-00024,LOC-01,SVC-09,2025-12-28,Completed,34,False,,,,,,4.4,90.5,False,True,False
APT-002582,REQ-002781,EMP-00138,LOC-08,SVC-07,2025-12-28,Completed,29,False,,,,,,4.9,70.2,False,True,False
APT-002583,REQ-002782,EMP-00006,LOC-06,SVC-01,2025-12-28,Completed,27,False,,,,,,4.1,86.4,False,True,False
APT-002584,REQ-002783,EMP-00089,LOC-09,SVC-03,2025-12-27,Completed,55,False,,,,,,,71.7,False,True,False
APT-002585,REQ-002784,EMP-00129,LOC-04,SVC-01,2025-12-27,Completed,34,False,,,,,,4.4,67.4,False,True,False
APT-002587,REQ-002786,EMP-00040,LOC-08,SVC-06,2025-12-27,Completed,39,False,,,,,,5.0,86.4,False,True,False
APT-002588,REQ-002787,EMP-00055,LOC-01,SVC-01,2025-12-29,Completed,3,False,,,,,,2.9,80.9,False,False,False
APT-002589,REQ-002788,EMP-00100,LOC-05,SVC-08,2025-12-29,Completed,27,False,,,,,,4.5,82.4,False,True,False
APT-002593,REQ-002792,EMP-00106,LOC-10,SVC-06,2025-12-30,Completed,40,False,,,,,,4.8,67.0,False,True,True
APT-002596,REQ-002795,EMP-00038,LOC-03,SVC-02,2025-12-28,Completed,8,False,,,,,,3.3,63.7,False,True,True
APT-002599,REQ-002798,EMP-00137,LOC-04,SVC-04,2025-12-29,Completed,48,False,,,,,,,71.8,False,False,False
APT-002600,REQ-002799,EMP-00123,LOC-05,SVC-06,2025-12-30,Completed,27,False,,,,,,5.0,85.6,False,True,False
APT-002601,REQ-002800,EMP-00014,LOC-04,SVC-01,2025-12-31,Completed,10,False,,,,,,4.1,78.3,False,True,False
APT-002603,REQ-002802,EMP-00120,LOC-10,SVC-06,2025-12-30,Completed,40,True,Urgent reassignment,,,,,,79.9,False,True,False
APT-002604,REQ-002803,EMP-00006,LOC-10,SVC-01,2025-12-29,Completed,16,False,,,,,,3.6,80.5,False,True,False
APT-002605,REQ-002804,EMP-00084,LOC-04,SVC-04,2025-12-30,Completed,19,False,,,,,,4.4,61.6,False,True,False
APT-002606,REQ-002805,EMP-00011,LOC-09,SVC-03,2025-12-30,Completed,3,False,,,,,,4.1,64.5,False,False,False
APT-002607,REQ-002806,EMP-00023,LOC-04,SVC-05,2025-12-31,Completed,34,False,,,,,,4.2,86.7,False,True,False
APT-002609,REQ-002808,EMP-00122,LOC-10,SVC-01,2025-12-30,Completed,15,False,,,,,,,91.0,False,True,False
APT-002610,REQ-002809,EMP-00039,LOC-10,SVC-09,2025-12-29,Completed,41,False,,,,,,3.5,67.0,False,True,False
APT-002611,REQ-002810,EMP-00141,LOC-07,SVC-06,2025-12-30,Completed,35,False,,,,,,4.6,78.2,False,True,True
APT-002612,REQ-002811,EMP-00096,LOC-03,SVC-09,2025-12-30,Completed,24,False,,,,,,5.0,85.8,False,True,True
APT-002613,REQ-002812,EMP-00002,LOC-06,SVC-05,2025-12-29,Completed,36,False,,,,,,5.0,82.1,False,True,True
APT-002614,REQ-002813,EMP-00016,LOC-04,SVC-03,2025-12-29,Completed,38,False,,,,,,4.2,86.4,False,True,False
APT-002615,REQ-002814,EMP-00035,LOC-02,SVC-06,2025-12-30,Completed,22,False,,,,,,4.1,74.2,False,True,True
APT-002618,REQ-002817,EMP-00070,LOC-07,SVC-06,2025-12-29,Completed,24,True,Client preference,,,,,,88.0,False,True,True
APT-002621,REQ-002820,EMP-00138,LOC-03,SVC-05,2025-12-30,Completed,27,False,,,,,,4.5,91.6,False,True,True
APT-002625,REQ-002824,EMP-00008,LOC-04,SVC-09,2025-12-31,Completed,25,False,,,,,,3.6,74.9,False,True,False
APT-002626,REQ-002825,EMP-00096,LOC-02,SVC-05,2025-12-30,Completed,12,False,,,,,,4.1,86.4,False,True,False
APT-002629,REQ-002828,EMP-00133,LOC-08,SVC-04,2025-12-30,Completed,3,False,,,,,,5.0,77.0,False,False,False
APT-002633,REQ-002832,EMP-00028,LOC-01,SVC-09,2025-12-30,Completed,25,False,,,,,,5.0,79.5,False,False,False
APT-002635,REQ-002834,EMP-00056,LOC-09,SVC-07,2025-12-31,Completed,45,False,,,,,,4.7,99.2,False,True,False
APT-002636,REQ-002835,EMP-00084,LOC-09,SVC-05,2026-01-01,Completed,37,False,,,,,,3.8,79.0,False,False,False
APT-002637,REQ-002836,EMP-00092,LOC-06,SVC-04,2025-12-31,Completed,49,False,,,,,,5.0,67.4,False,True,False
APT-002639,REQ-002838,EMP-00050,LOC-10,SVC-01,2026-01-02,Completed,3,False,,,,,,4.6,83.8,False,True,False
APT-002640,REQ-002839,EMP-00129,LOC-07,SVC-01,2026-01-03,Completed,4,False,,,,,,5.0,70.3,False,False,False
APT-002641,REQ-002840,EMP-00134,LOC-03,SVC-05,2025-12-31,Completed,19,False,,,,,,2.8,81.4,False,True,False
APT-002643,REQ-002842,EMP-00027,LOC-06,SVC-05,2025-12-31,Completed,8,True,Urgent reassignment,,,,,5.0,81.4,False,False,False
APT-002644,REQ-002843,EMP-00050,LOC-07,SVC-05,2025-12-31,Completed,24,False,,,,,,4.1,100.0,False,True,False
APT-002645,REQ-002844,EMP-00133,LOC-04,SVC-01,2025-12-30,Completed,24,False,,,,,,3.9,86.0,False,True,False
APT-002646,REQ-002845,EMP-00129,LOC-02,SVC-01,2025-12-31,Completed,19,False,,,,,,3.8,88.8,False,True,True
APT-002647,REQ-002846,EMP-00010,LOC-07,SVC-04,2025-12-31,Completed,40,False,,,,,,4.0,80.1,False,True,True
APT-002648,REQ-002847,EMP-00103,LOC-06,SVC-06,2026-01-05,Completed,22,False,,,,,,3.3,83.2,False,True,False
APT-002649,REQ-002848,EMP-00002,LOC-05,SVC-02,2026-01-01,Completed,11,False,,,,,,,80.2,False,True,False
APT-002652,REQ-002851,EMP-00098,LOC-04,SVC-04,2025-12-31,Completed,43,False,,,,,,,71.9,False,True,True
APT-002655,REQ-002854,EMP-00118,LOC-07,SVC-07,2025-12-31,Completed,27,False,,,,,,3.2,70.3,False,True,False
APT-002656,REQ-002855,EMP-00099,LOC-01,SVC-03,2026-01-01,Completed,59,False,,,,,,3.4,97.5,False,True,False
APT-002657,REQ-002856,EMP-00035,LOC-05,SVC-05,2026-01-02,Completed,21,False,,,,,,3.4,88.0,False,False,False
APT-002660,REQ-002859,EMP-00028,LOC-05,SVC-03,2026-01-01,Completed,31,False,,,,,,5.0,68.1,False,False,False
APT-002661,REQ-002861,EMP-00085,LOC-01,SVC-01,2025-12-31,Completed,22,False,,,,,,3.9,84.8,False,True,False
APT-002665,REQ-002865,EMP-00049,LOC-10,SVC-03,2025-12-31,Completed,26,False,,,,,,3.8,86.1,False,True,False
APT-002666,REQ-002866,EMP-00083,LOC-07,SVC-01,2025-12-31,Completed,12,True,Continuity of care,,,,,3.5,93.4,False,True,False
APT-002667,REQ-002868,EMP-00085,LOC-05,SVC-04,2025-12-31,Completed,3,False,,,,,,2.9,77.3,False,True,True
APT-002668,REQ-002869,EMP-00054,LOC-09,SVC-05,2026-01-02,Completed,18,False,,,,,,4.0,85.7,False,True,True
APT-002669,REQ-002870,EMP-00085,LOC-05,SVC-07,2026-01-02,Completed,31,False,,,,,,4.7,100.0,False,False,False
APT-002670,REQ-002871,EMP-00112,LOC-01,SVC-05,2026-01-01,Completed,3,False,,,,,,3.3,83.7,False,False,True
APT-002672,REQ-002873,EMP-00044,LOC-02,SVC-09,2026-01-01,Completed,35,False,,,,,,4.2,63.5,False,True,False
APT-002673,REQ-002874,EMP-00041,LOC-09,SVC-07,2026-01-01,Completed,26,False,,,,,,4.5,77.6,False,True,False
APT-002676,REQ-002877,EMP-00106,LOC-04,SVC-07,2026-01-01,Completed,14,False,,,,,,4.5,84.7,False,True,False
APT-002679,REQ-002880,EMP-00060,LOC-03,SVC-06,2026-01-01,Completed,39,False,,,,,,4.6,88.5,False,True,False
APT-002681,REQ-002882,EMP-00057,LOC-06,SVC-09,2026-01-02,Completed,14,False,,,,,,3.8,85.9,False,True,True
APT-002682,REQ-002883,EMP-00103,LOC-01,SVC-03,2026-01-02,Completed,34,False,,,,,,4.7,73.1,False,True,False
APT-002683,REQ-002884,EMP-00141,LOC-03,SVC-03,2026-01-02,Completed,30,False,,,,,,3.9,84.7,False,True,False
APT-002684,REQ-002885,EMP-00084,LOC-09,SVC-07,2026-01-02,Completed,16,False,,,,,,4.9,73.2,False,True,False
APT-002685,REQ-002886,EMP-00039,LOC-02,SVC-01,2026-01-01,Completed,18,False,,,,,,4.1,66.9,False,True,True
APT-002687,REQ-002888,EMP-00006,LOC-07,SVC-02,2026-01-02,Completed,35,False,,,,,,4.4,78.6,False,True,False
APT-002690,REQ-002892,EMP-00089,LOC-05,SVC-05,2026-01-04,Completed,15,False,,,,,,5.0,83.7,False,True,False
APT-002694,REQ-002896,EMP-00013,LOC-10,SVC-05,2026-01-03,Completed,26,False,,,,,,5.0,92.8,False,False,False
APT-002695,REQ-002897,EMP-00021,LOC-02,SVC-02,2026-01-02,Completed,15,True,Skill match unavailable,,,,,5.0,95.4,False,True,False
APT-002696,REQ-002898,EMP-00141,LOC-05,SVC-04,2026-01-04,Completed,24,False,,,,,,3.6,72.2,False,True,False
APT-002697,REQ-002899,EMP-00131,LOC-06,SVC-07,2026-01-03,Completed,35,False,,,,,,4.3,85.2,False,True,False
APT-002698,REQ-002900,EMP-00089,LOC-05,SVC-02,2026-01-02,Completed,28,False,,,,,,5.0,64.3,False,True,False
APT-002700,REQ-002902,EMP-00068,LOC-06,SVC-02,2026-01-03,Completed,44,False,,,,,,,76.9,False,True,False
APT-002701,REQ-002903,EMP-00092,LOC-08,SVC-05,2026-01-03,Completed,30,False,,,,,,3.6,55.0,False,True,False
APT-002702,REQ-002904,EMP-00005,LOC-03,SVC-07,2026-01-04,Completed,25,False,,,,,,4.0,87.5,False,True,True
APT-002705,REQ-002907,EMP-00025,LOC-06,SVC-09,2026-01-04,Completed,38,False,,,,,,,81.9,False,True,False
APT-002706,REQ-002908,EMP-00023,LOC-10,SVC-04,2026-01-03,Completed,14,False,,,,,,4.6,86.7,False,True,False
APT-002709,REQ-002911,EMP-00022,LOC-05,SVC-03,2026-01-03,Completed,11,False,,,,,,3.8,92.7,False,True,False
APT-002710,REQ-002912,EMP-00052,LOC-07,SVC-01,2026-01-04,Completed,30,False,,,,,,4.9,65.0,False,True,False
APT-002711,REQ-002914,EMP-00101,LOC-04,SVC-03,2026-01-03,Completed,28,False,,,,,,3.3,84.3,False,True,False
APT-002712,REQ-002915,EMP-00040,LOC-07,SVC-04,2026-01-04,Completed,21,False,,,,,,4.9,67.3,False,True,True
APT-002715,REQ-002918,EMP-00091,LOC-08,SVC-05,2026-01-03,Completed,29,False,,,,,,,67.4,False,True,False
APT-002717,REQ-002920,EMP-00004,LOC-10,SVC-02,2026-01-03,Completed,35,False,,,,,,3.5,93.7,False,True,False
APT-002718,REQ-002921,EMP-00033,LOC-06,SVC-04,2026-01-03,Completed,28,False,,,,,,3.2,76.7,False,True,False
APT-002719,REQ-002922,EMP-00105,LOC-05,SVC-07,2026-01-03,Completed,22,False,,,,,,5.0,100.0,False,True,False
APT-002720,REQ-002923,EMP-00124,LOC-10,SVC-02,2026-01-05,Completed,3,False,,,,,,3.4,77.0,False,True,False
APT-002722,REQ-002925,EMP-00143,LOC-03,SVC-05,2026-01-05,Completed,29,False,,,,,,3.7,95.3,False,True,False
APT-002723,REQ-002927,EMP-00089,LOC-02,SVC-05,2026-01-04,Completed,34,False,,,,,,3.8,60.7,False,True,False
APT-002724,REQ-002928,EMP-00018,LOC-10,SVC-06,2026-01-05,Completed,27,False,,,,,,4.8,77.2,False,True,False
APT-002726,REQ-002930,EMP-00040,LOC-07,SVC-05,2026-01-07,Completed,48,False,,,,,,5.0,87.2,False,True,False
APT-002730,REQ-002934,EMP-00104,LOC-06,SVC-01,2026-01-07,Completed,19,False,,,,,,5.0,79.5,False,True,True
APT-002731,REQ-002935,EMP-00086,LOC-06,SVC-07,2026-01-06,Completed,20,False,,,,,,,81.8,False,False,False
APT-002732,REQ-002936,EMP-00008,LOC-03,SVC-01,2026-01-05,Completed,24,False,,,,,,4.6,81.1,False,True,False
APT-002734,REQ-002939,EMP-00143,LOC-07,SVC-01,2026-01-07,Completed,13,False,,,,,,4.7,90.6,False,False,False
APT-002735,REQ-002940,EMP-00150,LOC-07,SVC-01,2026-01-05,Completed,9,False,,,,,,4.1,77.2,False,True,False
APT-002737,REQ-002943,EMP-00141,LOC-02,SVC-01,2026-01-05,Completed,40,False,,,,,,,94.5,False,True,False
APT-002738,REQ-002944,EMP-00103,LOC-10,SVC-07,2026-01-05,Completed,41,False,,,,,,5.0,82.6,False,True,True
APT-002739,REQ-002945,EMP-00121,LOC-03,SVC-08,2026-01-05,Completed,17,False,,,,,,,81.2,False,True,True
APT-002740,REQ-002946,EMP-00115,LOC-01,SVC-02,2026-01-05,Completed,9,False,,,,,,4.4,88.0,False,True,False
APT-002741,REQ-002947,EMP-00070,LOC-05,SVC-03,2026-01-05,Completed,5,False,,,,,,4.5,67.5,False,False,False
APT-002742,REQ-002948,EMP-00051,LOC-09,SVC-04,2026-01-07,Completed,33,False,,,,,,4.8,96.1,False,True,True
APT-002747,REQ-002953,EMP-00128,LOC-02,SVC-06,2026-01-06,Completed,15,False,,,,,,4.4,75.7,False,True,False
APT-002752,REQ-002959,EMP-00005,LOC-07,SVC-01,2026-01-06,Completed,35,False,,,,,,4.5,81.2,False,False,False
APT-002753,REQ-002960,EMP-00032,LOC-06,SVC-03,2026-01-07,Completed,43,False,,,,,,5.0,90.2,False,True,True
APT-002754,REQ-002961,EMP-00080,LOC-08,SVC-06,2026-01-06,Completed,10,False,,,,,,4.9,73.4,False,True,False
APT-002755,REQ-002962,EMP-00038,LOC-08,SVC-01,2026-01-07,Completed,19,False,,,,,,4.0,65.0,False,True,False
APT-002756,REQ-002963,EMP-00021,LOC-07,SVC-01,2026-01-07,Completed,27,False,,,,,,4.2,88.1,False,True,False
APT-002758,REQ-002965,EMP-00028,LOC-08,SVC-09,2026-01-08,Completed,10,False,,,,,,,78.2,False,False,False
APT-002761,REQ-002968,EMP-00119,LOC-06,SVC-05,2026-01-06,Completed,37,False,,,,,,,97.2,False,True,False
APT-002762,REQ-002969,EMP-00057,LOC-01,SVC-05,2026-01-06,Completed,32,False,,,,,,3.9,86.4,False,True,False
APT-002763,REQ-002970,EMP-00039,LOC-05,SVC-04,2026-01-06,Completed,3,False,,,,,,4.5,78.2,True,True,False
APT-002764,REQ-002971,EMP-00095,LOC-03,SVC-09,2026-01-06,Completed,11,False,,,,,,,88.4,False,True,False
APT-002765,REQ-002973,EMP-00021,LOC-02,SVC-03,2026-01-08,Completed,5,False,,,,,,3.0,87.7,False,True,True
APT-002767,REQ-002975,EMP-00143,LOC-07,SVC-08,2026-01-08,Completed,21,False,,,,,,,97.8,False,True,False
APT-002768,REQ-002976,EMP-00085,LOC-08,SVC-01,2026-01-07,Completed,19,False,,,,,,4.7,92.4,False,True,False
APT-002769,REQ-002977,EMP-00103,LOC-08,SVC-01,2026-01-07,Completed,15,False,,,,,,4.6,87.7,False,True,True
APT-002770,REQ-002978,EMP-00031,LOC-03,SVC-05,2026-01-08,Completed,24,False,,,,,,2.9,100.0,False,True,False
APT-002771,REQ-002979,EMP-00044,LOC-07,SVC-07,2026-01-07,Completed,66,False,,,,,,4.3,78.5,False,True,False
APT-002772,REQ-002980,EMP-00110,LOC-09,SVC-02,2026-01-12,Completed,21,False,,,,,,4.2,70.3,False,True,False
APT-002775,REQ-002983,EMP-00143,LOC-04,SVC-03,2026-01-07,Completed,18,False,,,,,,4.1,100.0,False,True,False
APT-002776,REQ-002984,EMP-00085,LOC-08,SVC-05,2026-01-07,Completed,47,False,,,,,,4.5,75.9,False,True,False
APT-002777,REQ-002985,EMP-00137,LOC-03,SVC-02,2026-01-07,Completed,20,False,,,,,,3.0,84.0,False,True,False
APT-002779,REQ-002988,EMP-00117,LOC-08,SVC-09,2026-01-07,Completed,11,False,,,,,,5.0,67.9,False,True,False
APT-002780,REQ-002989,EMP-00037,LOC-08,SVC-09,2026-01-07,Completed,14,False,,,,,,3.9,84.3,False,True,True
APT-002785,REQ-002994,EMP-00101,LOC-08,SVC-03,2026-01-09,Completed,31,False,,,,,,4.4,78.1,False,True,False
APT-002786,REQ-002995,EMP-00101,LOC-08,SVC-08,2026-01-08,Completed,44,False,,,,,,3.8,59.0,False,True,True
APT-002787,REQ-002996,EMP-00146,LOC-06,SVC-03,2026-01-08,Completed,26,False,,,,,,4.5,59.8,False,True,False
APT-002791,REQ-003000,EMP-00021,LOC-09,SVC-06,2026-01-10,Completed,50,False,,,,,,4.3,94.2,False,True,True
APT-002795,REQ-003005,EMP-00143,LOC-06,SVC-01,2026-01-09,Completed,48,False,,,,,,4.9,88.9,False,True,False
APT-002796,REQ-003006,EMP-00109,LOC-03,SVC-08,2026-01-10,Completed,3,False,,,,,,4.2,84.5,False,True,True
APT-002797,REQ-003007,EMP-00052,LOC-02,SVC-09,2026-01-09,Completed,3,False,,,,,,3.2,92.0,False,True,False
APT-002798,REQ-003008,EMP-00065,LOC-07,SVC-09,2026-01-09,Completed,3,False,,,,,,4.1,86.7,False,True,True
APT-002799,REQ-003009,EMP-00006,LOC-03,SVC-01,2026-01-08,Completed,20,False,,,,,,4.0,83.0,False,True,True
APT-002800,REQ-003010,EMP-00065,LOC-03,SVC-05,2026-01-09,Completed,32,False,,,,,,4.7,71.0,False,True,False
APT-002802,REQ-003012,EMP-00058,LOC-06,SVC-04,2026-01-10,Completed,21,False,,,,,,3.2,82.1,False,True,False
APT-002803,REQ-003013,EMP-00123,LOC-03,SVC-03,2026-01-08,Completed,30,False,,,,,,4.2,77.4,False,True,False
APT-002806,REQ-003016,EMP-00150,LOC-05,SVC-05,2026-01-11,Completed,16,False,,,,,,,87.8,False,False,False
APT-002807,REQ-003017,EMP-00086,LOC-04,SVC-05,2026-01-09,Completed,19,False,,,,,,4.1,87.1,False,False,False
APT-002814,REQ-003025,EMP-00055,LOC-09,SVC-07,2026-01-10,Completed,38,False,,,,,,5.0,94.5,False,True,False
APT-002815,REQ-003026,EMP-00109,LOC-02,SVC-01,2026-01-11,Completed,28,False,,,,,,3.1,56.0,False,True,False
APT-002818,REQ-003029,EMP-00031,LOC-01,SVC-06,2026-01-09,Completed,16,False,,,,,,5.0,99.4,False,True,False
APT-002819,REQ-003030,EMP-00041,LOC-07,SVC-05,2026-01-11,Completed,52,False,,,,,,5.0,100.0,False,True,False
APT-002820,REQ-003031,EMP-00090,LOC-07,SVC-08,2026-01-12,Completed,27,False,,,,,,3.7,82.8,False,True,False
APT-002821,REQ-003032,EMP-00106,LOC-01,SVC-05,2026-01-10,Completed,14,False,,,,,,4.5,87.4,False,False,False
APT-002825,REQ-003036,EMP-00033,LOC-06,SVC-04,2026-01-12,Completed,35,False,,,,,,,88.7,False,True,True
APT-002826,REQ-003037,EMP-00134,LOC-10,SVC-02,2026-01-11,Completed,10,False,,,,,,3.5,95.1,False,True,False
APT-002828,REQ-003039,EMP-00050,LOC-05,SVC-07,2026-01-13,Completed,9,False,,,,,,3.1,80.5,False,True,False
APT-002829,REQ-003040,EMP-00013,LOC-10,SVC-08,2026-01-11,Completed,7,False,,,,,,4.1,100.0,False,True,False
APT-002830,REQ-003041,EMP-00039,LOC-01,SVC-03,2026-01-11,Completed,30,False,,,,,,3.9,77.0,True,True,False
APT-002831,REQ-003042,EMP-00106,LOC-02,SVC-05,2026-01-10,Completed,42,False,,,,,,4.7,95.9,False,True,False
APT-002832,REQ-003043,EMP-00055,LOC-04,SVC-02,2026-01-11,Completed,9,False,,,,,,,79.7,False,True,True
APT-002833,REQ-003045,EMP-00067,LOC-07,SVC-03,2026-01-12,Completed,12,False,,,,,,5.0,87.4,False,True,False
APT-002834,REQ-003046,EMP-00126,LOC-08,SVC-01,2026-01-10,Completed,19,False,,,,,,4.9,79.5,False,True,True
APT-002836,REQ-003049,EMP-00043,LOC-09,SVC-09,2026-01-13,Completed,32,False,,,,,,3.9,67.6,False,True,False
APT-002839,REQ-003053,EMP-00109,LOC-10,SVC-01,2026-01-14,Completed,20,False,,,,,,4.9,82.5,False,True,True
APT-002841,REQ-003055,EMP-00112,LOC-01,SVC-05,2026-01-11,Completed,9,True,Urgent reassignment,,,,,4.3,79.8,False,True,False
APT-002842,REQ-003056,EMP-00129,LOC-10,SVC-07,2026-01-14,Completed,8,False,,,,,,4.2,81.3,False,True,False
APT-002843,REQ-003057,EMP-00142,LOC-01,SVC-03,2026-01-11,Completed,17,False,,,,,,3.6,83.8,False,True,False
APT-002844,REQ-003058,EMP-00094,LOC-03,SVC-05,2026-01-11,Completed,25,False,,,,,,3.6,76.2,False,True,False
APT-002845,REQ-003059,EMP-00023,LOC-07,SVC-03,2026-01-13,Completed,47,False,,,,,,5.0,66.2,False,True,False
APT-002846,REQ-003060,EMP-00004,LOC-05,SVC-07,2026-01-12,Completed,20,False,,,,,,3.6,84.9,False,True,False
APT-002849,REQ-003063,EMP-00136,LOC-06,SVC-05,2026-01-12,Completed,46,False,,,,,,4.7,67.6,False,True,False
APT-002852,REQ-003066,EMP-00067,LOC-03,SVC-08,2026-01-12,Completed,31,False,,,,,,4.3,70.7,False,True,True
APT-002854,REQ-003068,EMP-00063,LOC-10,SVC-05,2026-01-13,Completed,37,False,,,,,,3.3,79.8,False,True,False
APT-002856,REQ-003070,EMP-00115,LOC-02,SVC-07,2026-01-13,Completed,12,False,,,,,,4.3,90.1,False,True,False
APT-002857,REQ-003071,EMP-00094,LOC-08,SVC-09,2026-01-12,Completed,6,False,,,,,,,77.3,False,True,False
APT-002860,REQ-003074,EMP-00086,LOC-02,SVC-05,2026-01-12,Completed,12,False,,,,,,4.7,78.6,False,False,False
APT-002861,REQ-003075,EMP-00066,LOC-08,SVC-09,2026-01-12,Completed,37,False,,,,,,5.0,85.6,False,True,True
APT-002863,REQ-003077,EMP-00101,LOC-10,SVC-08,2026-01-14,Completed,24,False,,,,,,4.1,91.6,False,True,False
APT-002864,REQ-003078,EMP-00033,LOC-07,SVC-06,2026-01-12,Completed,34,False,,,,,,,93.0,False,True,False
APT-002865,REQ-003079,EMP-00101,LOC-06,SVC-09,2026-01-14,Completed,29,False,,,,,,4.3,81.9,False,False,False
APT-002868,REQ-003082,EMP-00106,LOC-08,SVC-08,2026-01-13,Completed,28,False,,,,,,5.0,77.0,False,True,True
APT-002869,REQ-003083,EMP-00058,LOC-09,SVC-01,2026-01-14,Completed,29,False,,,,,,3.4,45.3,False,True,False
APT-002870,REQ-003084,EMP-00050,LOC-09,SVC-01,2026-01-13,Completed,25,False,,,,,,3.3,75.0,False,True,False
APT-002871,REQ-003085,EMP-00123,LOC-10,SVC-03,2026-01-13,Completed,32,False,,,,,,4.0,76.1,False,True,False
APT-002873,REQ-003088,EMP-00051,LOC-10,SVC-04,2026-01-14,Completed,15,False,,,,,,3.9,68.7,True,False,True
APT-002874,REQ-003089,EMP-00031,LOC-07,SVC-05,2026-01-14,Completed,35,False,,,,,,5.0,62.3,False,True,False
APT-002876,REQ-003091,EMP-00024,LOC-01,SVC-01,2026-01-13,Completed,19,False,,,,,,3.7,87.8,False,False,True
APT-002878,REQ-003093,EMP-00133,LOC-09,SVC-03,2026-01-13,Completed,39,False,,,,,,4.7,84.4,False,True,True
APT-002879,REQ-003094,EMP-00028,LOC-01,SVC-01,2026-01-13,Completed,5,False,,,,,,3.6,92.6,False,True,True
APT-002884,REQ-003100,EMP-00110,LOC-02,SVC-06,2026-01-14,Completed,29,False,,,,,,2.8,62.8,False,True,True
APT-002885,REQ-003101,EMP-00139,LOC-01,SVC-05,2026-01-15,Completed,37,False,,,,,,4.9,82.2,False,True,False
APT-002887,REQ-003103,EMP-00137,LOC-05,SVC-04,2026-01-14,Completed,6,False,,,,,,5.0,90.5,False,True,True
APT-002888,REQ-003104,EMP-00110,LOC-10,SVC-01,2026-01-14,Completed,10,False,,,,,,4.2,98.9,False,True,False
APT-002891,REQ-003107,EMP-00139,LOC-06,SVC-08,2026-01-14,Completed,21,False,,,,,,3.8,78.6,False,False,True
APT-002892,REQ-003108,EMP-00105,LOC-10,SVC-07,2026-01-18,Completed,5,True,Urgent reassignment,,,,,2.8,68.3,False,True,False
APT-002893,REQ-003109,EMP-00055,LOC-01,SVC-05,2026-01-14,Completed,37,False,,,,,,3.1,73.0,False,True,False
APT-002894,REQ-003110,EMP-00148,LOC-01,SVC-07,2026-01-14,Completed,28,False,,,,,,5.0,84.6,False,True,False
APT-002895,REQ-003111,EMP-00055,LOC-07,SVC-03,2026-01-14,Completed,41,False,,,,,,3.6,80.2,False,True,False
APT-002897,REQ-003113,EMP-00075,LOC-05,SVC-01,2026-01-15,Completed,27,False,,,,,,4.3,85.1,False,True,True
APT-002899,REQ-003115,EMP-00049,LOC-02,SVC-05,2026-01-16,Completed,29,False,,,,,,5.0,73.5,False,True,False
APT-002900,REQ-003116,EMP-00028,LOC-09,SVC-07,2026-01-14,Completed,25,False,,,,,,4.7,81.9,False,True,False
APT-002901,REQ-003117,EMP-00067,LOC-02,SVC-08,2026-01-15,Completed,5,False,,,,,,,83.9,False,True,False
APT-002903,REQ-003119,EMP-00110,LOC-04,SVC-07,2026-01-15,Completed,13,False,,,,,,3.6,75.9,False,True,False
APT-002904,REQ-003122,EMP-00085,LOC-02,SVC-01,2026-01-16,Completed,14,False,,,,,,4.1,86.7,False,True,False
APT-002905,REQ-003123,EMP-00092,LOC-09,SVC-01,2026-01-14,Completed,15,False,,,,,,,91.4,False,True,False
APT-002908,REQ-003126,EMP-00054,LOC-01,SVC-01,2026-01-15,Completed,8,False,,,,,,4.5,69.0,False,True,True
APT-002909,REQ-003127,EMP-00103,LOC-09,SVC-08,2026-01-16,Completed,32,False,,,,,,3.7,72.2,False,True,False
APT-002911,REQ-003129,EMP-00101,LOC-07,SVC-05,2026-01-15,Completed,36,False,,,,,,5.0,77.8,False,True,False
APT-002912,REQ-003131,EMP-00028,LOC-01,SVC-07,2026-01-15,Completed,41,False,,,,,,5.0,89.0,False,True,True
APT-002914,REQ-003133,EMP-00146,LOC-07,SVC-01,2026-01-17,Completed,13,False,,,,,,4.7,82.6,False,False,False
APT-002917,REQ-003137,EMP-00042,LOC-02,SVC-08,2026-01-15,Completed,26,False,,,,,,4.7,80.6,False,True,False
APT-002918,REQ-003139,EMP-00043,LOC-01,SVC-01,2026-01-16,Completed,20,False,,,,,,4.7,96.6,False,True,False
APT-002919,REQ-003140,EMP-00063,LOC-06,SVC-02,2026-01-15,Completed,11,False,,,,,,4.0,64.1,False,True,True
APT-002922,REQ-003144,EMP-00035,LOC-05,SVC-01,2026-01-16,Completed,25,False,,,,,,3.0,74.9,False,True,True
APT-002923,REQ-003145,EMP-00068,LOC-06,SVC-01,2026-01-16,Completed,4,False,,,,,,3.8,86.5,False,True,False
APT-002924,REQ-003146,EMP-00038,LOC-01,SVC-09,2026-01-17,Completed,14,False,,,,,,4.5,71.0,False,False,True
APT-002925,REQ-003147,EMP-00063,LOC-01,SVC-05,2026-01-16,Completed,22,False,,,,,,4.2,74.1,False,True,True
APT-002926,REQ-003148,EMP-00117,LOC-09,SVC-01,2026-01-17,Completed,57,False,,,,,,4.6,67.5,False,True,False
APT-002929,REQ-003151,EMP-00040,LOC-08,SVC-07,2026-01-18,Completed,29,False,,,,,,3.6,87.1,False,False,True
APT-002932,REQ-003154,EMP-00083,LOC-02,SVC-08,2026-01-17,Completed,12,False,,,,,,5.0,71.5,False,True,False
APT-002933,REQ-003155,EMP-00101,LOC-05,SVC-02,2026-01-17,Completed,30,False,,,,,,5.0,85.1,False,True,False
APT-002934,REQ-003156,EMP-00030,LOC-08,SVC-01,2026-01-18,Completed,30,False,,,,,,4.5,73.2,False,False,False
APT-002936,REQ-003158,EMP-00089,LOC-06,SVC-01,2026-01-16,Completed,9,False,,,,,,4.4,85.6,False,False,False
APT-002937,REQ-003159,EMP-00146,LOC-04,SVC-02,2026-01-16,Completed,9,False,,,,,,4.6,80.9,False,True,False
APT-002938,REQ-003160,EMP-00004,LOC-06,SVC-05,2026-01-18,Completed,12,True,Urgent reassignment,,,,,3.3,86.5,False,True,False
APT-002939,REQ-003161,EMP-00024,LOC-03,SVC-04,2026-01-18,Completed,3,False,,,,,,4.0,92.9,False,True,False
APT-002940,REQ-003162,EMP-00031,LOC-05,SVC-02,2026-01-16,Completed,21,False,,,,,,4.0,77.6,False,True,False
APT-002941,REQ-003163,EMP-00061,LOC-02,SVC-01,2026-01-16,Completed,25,False,,,,,,4.7,70.2,False,True,False
APT-002943,REQ-003165,EMP-00136,LOC-05,SVC-03,2026-01-18,Completed,33,False,,,,,,5.0,84.4,False,True,False
APT-002944,REQ-003166,EMP-00084,LOC-02,SVC-07,2026-01-17,Completed,26,False,,,,,,4.5,80.7,False,True,False
APT-002946,REQ-003168,EMP-00043,LOC-01,SVC-04,2026-01-16,Completed,25,False,,,,,,4.2,80.2,False,True,True
APT-002947,REQ-003169,EMP-00047,LOC-03,SVC-05,2026-01-17,Completed,40,False,,,,,,4.4,85.9,False,True,True
APT-002951,REQ-003174,EMP-00096,LOC-06,SVC-08,2026-01-17,Completed,16,False,,,,,,3.1,79.7,False,True,True
APT-002953,REQ-003176,EMP-00110,LOC-05,SVC-09,2026-01-17,Completed,4,False,,,,,,4.3,89.9,False,True,True
APT-002956,REQ-003179,EMP-00110,LOC-04,SVC-05,2026-01-17,Completed,14,False,,,,,,4.1,86.5,False,True,True
APT-002957,REQ-003180,EMP-00042,LOC-02,SVC-05,2026-01-17,Completed,16,False,,,,,,3.8,79.6,False,True,False
APT-002958,REQ-003182,EMP-00030,LOC-04,SVC-06,2026-01-17,Completed,28,False,,,,,,4.6,81.9,False,True,False
APT-002959,REQ-003183,EMP-00014,LOC-07,SVC-04,2026-01-17,Completed,7,False,,,,,,,90.4,False,False,False
APT-002961,REQ-003185,EMP-00023,LOC-04,SVC-07,2026-01-19,Completed,17,False,,,,,,5.0,63.2,False,True,False
APT-002962,REQ-003186,EMP-00122,LOC-01,SVC-05,2026-01-18,Completed,5,False,,,,,,3.7,64.4,False,True,False
APT-002964,REQ-003188,EMP-00113,LOC-10,SVC-01,2026-01-20,Completed,9,False,,,,,,4.4,84.1,False,False,True
APT-002965,REQ-003189,EMP-00006,LOC-05,SVC-02,2026-01-18,Completed,25,False,,,,,,4.4,87.9,False,False,False
APT-002968,REQ-003192,EMP-00106,LOC-10,SVC-08,2026-01-22,Completed,33,False,,,,,,4.0,92.2,False,True,False
APT-002969,REQ-003193,EMP-00027,LOC-10,SVC-09,2026-01-21,Completed,49,False,,,,,,4.3,76.4,False,True,True
APT-002970,REQ-003194,EMP-00084,LOC-06,SVC-01,2026-01-20,Completed,4,False,,,,,,5.0,77.1,False,True,False
APT-002971,REQ-003195,EMP-00139,LOC-01,SVC-01,2026-01-20,Completed,26,False,,,,,,5.0,81.4,False,True,False
APT-002972,REQ-003196,EMP-00150,LOC-10,SVC-03,2026-01-19,Completed,19,False,,,,,,4.2,92.1,False,True,False
APT-002974,REQ-003198,EMP-00060,LOC-06,SVC-04,2026-01-21,Completed,33,False,,,,,,5.0,92.5,False,True,True
APT-002975,REQ-003199,EMP-00139,LOC-06,SVC-07,2026-01-19,Completed,10,False,,,,,,4.3,71.0,False,True,True
APT-002976,REQ-003200,EMP-00096,LOC-05,SVC-01,2026-01-22,Completed,31,False,,,,,,4.4,81.9,False,True,False
APT-002978,REQ-003202,EMP-00039,LOC-09,SVC-07,2026-01-20,Completed,32,False,,,,,,4.7,69.4,False,True,False
APT-002980,REQ-003204,EMP-00138,LOC-06,SVC-05,2026-01-20,Completed,50,False,,,,,,5.0,84.8,False,True,False
APT-002981,REQ-003205,EMP-00069,LOC-01,SVC-09,2026-01-20,Completed,31,False,,,,,,4.1,73.5,False,True,False
APT-002982,REQ-003206,EMP-00055,LOC-01,SVC-01,2026-01-20,Completed,3,False,,,,,,5.0,100.0,False,True,False
APT-002984,REQ-003208,EMP-00120,LOC-09,SVC-09,2026-01-21,Completed,38,False,,,,,,5.0,81.0,False,True,False
APT-002985,REQ-003209,EMP-00091,LOC-06,SVC-07,2026-01-20,Completed,17,False,,,,,,4.3,71.6,False,True,True
APT-002988,REQ-003212,EMP-00011,LOC-03,SVC-06,2026-01-20,Completed,4,False,,,,,,4.6,98.7,False,True,False
APT-002991,REQ-003215,EMP-00050,LOC-01,SVC-01,2026-01-21,Completed,15,False,,,,,,,74.3,False,True,False
APT-002995,REQ-003220,EMP-00049,LOC-04,SVC-05,2026-01-21,Completed,30,False,,,,,,3.4,86.0,False,True,False
APT-002996,REQ-003221,EMP-00069,LOC-05,SVC-06,2026-01-20,Completed,15,False,,,,,,4.9,82.2,False,False,False
APT-002997,REQ-003223,EMP-00146,LOC-03,SVC-01,2026-01-20,Completed,23,False,,,,,,4.1,76.5,False,True,True
APT-002998,REQ-003224,EMP-00016,LOC-06,SVC-06,2026-01-20,Completed,36,False,,,,,,3.2,92.2,False,True,False
APT-002999,REQ-003225,EMP-00079,LOC-07,SVC-05,2026-01-21,Completed,3,False,,,,,,4.6,85.4,False,True,False
APT-003000,REQ-003226,EMP-00100,LOC-02,SVC-04,2026-01-21,Completed,25,False,,,,,,4.1,77.6,False,True,False
APT-003001,REQ-003227,EMP-00110,LOC-09,SVC-04,2026-01-20,Completed,21,False,,,,,,4.0,89.8,False,False,False
APT-003002,REQ-003228,EMP-00105,LOC-07,SVC-07,2026-01-21,Completed,40,False,,,,,,5.0,76.6,False,True,False
APT-003004,REQ-003230,EMP-00121,LOC-10,SVC-04,2026-01-21,Completed,44,True,Skill match unavailable,,,,,4.9,98.6,False,True,False
APT-003005,REQ-003231,EMP-00115,LOC-06,SVC-05,2026-01-20,Completed,54,False,,,,,,4.5,80.3,False,True,False
APT-003006,REQ-003232,EMP-00069,LOC-08,SVC-09,2026-01-21,Completed,14,False,,,,,,3.4,93.3,False,True,True
APT-003008,REQ-003234,EMP-00146,LOC-01,SVC-01,2026-01-21,Completed,14,False,,,,,,3.8,89.4,False,True,False
APT-003009,REQ-003235,EMP-00110,LOC-07,SVC-05,2026-01-23,Completed,32,False,,,,,,3.5,68.8,False,True,True
APT-003011,REQ-003237,EMP-00098,LOC-07,SVC-03,2026-01-21,Completed,31,False,,,,,,5.0,79.9,False,True,False
APT-003013,REQ-003239,EMP-00069,LOC-03,SVC-09,2026-01-21,Completed,5,False,,,,,,4.7,80.4,False,True,False
APT-003014,REQ-003241,EMP-00129,LOC-10,SVC-01,2026-01-21,Completed,15,False,,,,,,4.1,69.3,False,False,False
APT-003015,REQ-003242,EMP-00069,LOC-05,SVC-03,2026-01-22,Completed,14,False,,,,,,4.0,100.0,False,True,False
APT-003016,REQ-003243,EMP-00044,LOC-06,SVC-02,2026-01-22,Completed,11,False,,,,,,4.2,86.4,False,True,False
APT-003018,REQ-003245,EMP-00099,LOC-02,SVC-01,2026-01-21,Completed,11,False,,,,,,4.5,69.2,False,True,True
APT-003020,REQ-003247,EMP-00024,LOC-05,SVC-04,2026-01-21,Completed,16,False,,,,,,3.7,76.3,False,True,False
APT-003023,REQ-003250,EMP-00093,LOC-01,SVC-05,2026-01-23,Completed,9,False,,,,,,4.0,83.7,False,True,False
APT-003024,REQ-003251,EMP-00066,LOC-01,SVC-06,2026-01-21,Completed,17,False,,,,,,3.9,87.1,False,True,False
APT-003025,REQ-003252,EMP-00123,LOC-10,SVC-07,2026-01-22,Completed,3,False,,,,,,4.1,86.2,False,True,False
APT-003028,REQ-003255,EMP-00036,LOC-07,SVC-05,2026-01-23,Completed,18,False,,,,,,3.8,83.9,False,True,False
APT-003029,REQ-003256,EMP-00025,LOC-03,SVC-03,2026-01-22,Completed,31,False,,,,,,3.4,94.7,False,True,False
APT-003030,REQ-003257,EMP-00146,LOC-09,SVC-02,2026-01-23,Completed,24,False,,,,,,4.2,78.3,False,True,False
APT-003031,REQ-003258,EMP-00095,LOC-09,SVC-04,2026-01-23,Completed,14,False,,,,,,4.3,79.9,False,True,True
APT-003032,REQ-003259,EMP-00064,LOC-07,SVC-04,2026-01-22,Completed,17,False,,,,,,3.1,82.0,False,True,False
APT-003033,REQ-003260,EMP-00062,LOC-09,SVC-07,2026-01-22,Completed,20,False,,,,,,4.6,77.9,False,False,False
APT-003034,REQ-003261,EMP-00018,LOC-06,SVC-08,2026-01-22,Completed,32,False,,,,,,3.6,64.6,False,True,False
APT-003035,REQ-003262,EMP-00115,LOC-03,SVC-01,2026-01-26,Completed,23,False,,,,,,3.7,100.0,False,True,True
APT-003037,REQ-003264,EMP-00015,LOC-03,SVC-06,2026-01-22,Completed,31,False,,,,,,,66.9,False,True,False
APT-003038,REQ-003265,EMP-00086,LOC-03,SVC-05,2026-01-22,Completed,48,False,,,,,,4.4,77.5,False,True,False
APT-003039,REQ-003266,EMP-00064,LOC-09,SVC-02,2026-01-23,Completed,43,False,,,,,,3.7,77.8,False,True,False
APT-003040,REQ-003267,EMP-00142,LOC-08,SVC-05,2026-01-23,Completed,30,False,,,,,,4.6,86.4,False,True,False
APT-003042,REQ-003269,EMP-00011,LOC-04,SVC-01,2026-01-24,Completed,14,False,,,,,,3.5,92.5,False,True,False
APT-003044,REQ-003271,EMP-00075,LOC-03,SVC-01,2026-01-22,Completed,3,False,,,,,,4.0,100.0,False,True,True
APT-003045,REQ-003272,EMP-00133,LOC-08,SVC-04,2026-01-23,Completed,27,False,,,,,,4.9,60.0,False,True,False
APT-003049,REQ-003276,EMP-00002,LOC-08,SVC-02,2026-01-24,Completed,41,False,,,,,,4.5,84.3,False,True,False
APT-003051,REQ-003278,EMP-00016,LOC-10,SVC-07,2026-01-24,Completed,60,False,,,,,,3.5,94.1,False,True,True
APT-003053,REQ-003280,EMP-00055,LOC-04,SVC-05,2026-01-23,Completed,25,False,,,,,,5.0,81.3,False,True,False
APT-003056,REQ-003283,EMP-00062,LOC-06,SVC-03,2026-01-23,Completed,15,False,,,,,,3.9,95.0,False,False,False
APT-003057,REQ-003284,EMP-00014,LOC-01,SVC-01,2026-01-25,Completed,18,False,,,,,,4.2,83.7,False,True,False
APT-003058,REQ-003285,EMP-00090,LOC-09,SVC-07,2026-01-24,Completed,12,False,,,,,,,73.8,False,True,True
APT-003061,REQ-003289,EMP-00010,LOC-09,SVC-01,2026-01-23,Completed,18,False,,,,,,4.8,92.0,False,True,False
APT-003062,REQ-003290,EMP-00069,LOC-09,SVC-06,2026-01-24,Completed,36,False,,,,,,,73.8,False,True,False
APT-003063,REQ-003291,EMP-00016,LOC-08,SVC-09,2026-01-25,Completed,22,False,,,,,,4.6,74.3,False,True,False
APT-003064,REQ-003292,EMP-00023,LOC-09,SVC-05,2026-01-24,Completed,21,False,,,,,,4.5,77.1,False,True,False
APT-003066,REQ-003295,EMP-00093,LOC-02,SVC-07,2026-01-26,Completed,4,False,,,,,,5.0,96.5,False,True,False
APT-003067,REQ-003296,EMP-00119,LOC-04,SVC-01,2026-01-24,Completed,23,False,,,,,,5.0,94.6,False,True,False
APT-003070,REQ-003299,EMP-00022,LOC-04,SVC-04,2026-01-24,Completed,16,False,,,,,,5.0,80.1,False,True,False
APT-003071,REQ-003300,EMP-00008,LOC-03,SVC-04,2026-01-24,Completed,19,False,,,,,,4.1,74.9,False,True,True
APT-003072,REQ-003301,EMP-00039,LOC-05,SVC-05,2026-01-23,Completed,27,False,,,,,,4.7,87.0,False,False,True
APT-003073,REQ-003302,EMP-00067,LOC-08,SVC-02,2026-01-23,Completed,15,False,,,,,,4.5,77.6,False,True,False
APT-003075,REQ-003307,EMP-00032,LOC-06,SVC-03,2026-01-26,Completed,10,False,,,,,,4.1,70.2,False,True,True
APT-003076,REQ-003308,EMP-00050,LOC-06,SVC-04,2026-01-24,Completed,10,False,,,,,,3.7,66.0,False,False,False
APT-003077,REQ-003309,EMP-00150,LOC-09,SVC-04,2026-01-25,Completed,21,False,,,,,,4.4,83.0,False,True,False
APT-003080,REQ-003312,EMP-00083,LOC-08,SVC-06,2026-01-27,Completed,28,False,,,,,,4.7,81.1,False,True,False
APT-003081,REQ-003313,EMP-00112,LOC-05,SVC-03,2026-01-25,Completed,11,False,,,,,,,93.9,True,True,False
APT-003083,REQ-003316,EMP-00134,LOC-03,SVC-06,2026-01-26,Completed,17,False,,,,,,4.1,84.7,False,True,False
APT-003084,REQ-003317,EMP-00068,LOC-03,SVC-09,2026-01-27,Completed,3,False,,,,,,2.7,65.9,False,False,False
APT-003085,REQ-003318,EMP-00004,LOC-04,SVC-03,2026-01-26,Completed,36,False,,,,,,4.0,67.9,False,True,False
APT-003086,REQ-003319,EMP-00040,LOC-02,SVC-05,2026-01-26,Completed,25,False,,,,,,3.7,92.8,False,True,False
APT-003088,REQ-003322,EMP-00121,LOC-06,SVC-03,2026-01-27,Completed,55,False,,,,,,4.1,85.0,False,False,False
APT-003089,REQ-003323,EMP-00043,LOC-07,SVC-01,2026-01-26,Completed,27,True,Skill match unavailable,,,,,4.5,94.2,False,True,True
APT-003091,REQ-003325,EMP-00103,LOC-10,SVC-04,2026-01-28,Completed,16,False,,,,,,2.5,76.1,False,True,False
APT-003092,REQ-003326,EMP-00015,LOC-04,SVC-03,2026-01-29,Completed,14,False,,,,,,4.5,86.8,False,True,False
APT-003093,REQ-003328,EMP-00079,LOC-06,SVC-09,2026-01-28,Completed,42,False,,,,,,4.3,82.4,False,True,True
APT-003094,REQ-003329,EMP-00138,LOC-02,SVC-06,2026-01-26,Completed,3,False,,,,,,4.5,99.2,False,True,False
APT-003095,REQ-003330,EMP-00038,LOC-09,SVC-04,2026-01-27,Completed,25,False,,,,,,3.8,85.3,False,True,True
APT-003099,REQ-003334,EMP-00105,LOC-10,SVC-01,2026-01-27,Completed,34,False,,,,,,4.9,78.1,False,True,False
APT-003101,REQ-003336,EMP-00006,LOC-03,SVC-08,2026-01-27,Completed,31,False,,,,,,5.0,95.8,False,True,False
APT-003104,REQ-003340,EMP-00027,LOC-08,SVC-03,2026-01-27,Completed,13,False,,,,,,3.1,75.2,False,True,False
APT-003105,REQ-003341,EMP-00049,LOC-10,SVC-04,2026-01-26,Completed,13,False,,,,,,4.5,89.2,False,False,True
APT-003106,REQ-003342,EMP-00099,LOC-09,SVC-05,2026-01-26,Completed,55,False,,,,,,3.5,92.4,False,True,True
APT-003107,REQ-003343,EMP-00109,LOC-05,SVC-03,2026-01-27,Completed,20,False,,,,,,3.8,79.0,False,True,False
APT-003108,REQ-003344,EMP-00037,LOC-07,SVC-01,2026-01-27,Completed,20,False,,,,,,4.5,80.2,False,True,True
APT-003109,REQ-003345,EMP-00100,LOC-10,SVC-01,2026-01-28,Completed,17,False,,,,,,4.4,67.7,False,True,False
APT-003110,REQ-003346,EMP-00120,LOC-03,SVC-06,2026-01-28,Completed,3,False,,,,,,3.6,84.7,False,True,False
APT-003111,REQ-003347,EMP-00148,LOC-03,SVC-05,2026-01-27,Completed,12,False,,,,,,4.7,90.9,False,True,False
APT-003112,REQ-003348,EMP-00104,LOC-08,SVC-01,2026-01-27,Completed,4,False,,,,,,4.6,77.0,False,True,True
APT-003113,REQ-003349,EMP-00134,LOC-02,SVC-02,2026-01-27,Completed,21,False,,,,,,5.0,85.6,False,True,False
APT-003114,REQ-003350,EMP-00063,LOC-02,SVC-09,2026-01-27,Completed,6,False,,,,,,3.3,99.2,False,True,False
APT-003117,REQ-003353,EMP-00060,LOC-06,SVC-03,2026-01-27,Completed,26,False,,,,,,4.0,85.2,False,True,True
APT-003119,REQ-003355,EMP-00047,LOC-07,SVC-02,2026-01-29,Completed,20,True,Client preference,,,,,5.0,90.4,False,True,False
APT-003120,REQ-003356,EMP-00038,LOC-07,SVC-01,2026-01-29,Completed,7,False,,,,,,4.2,71.4,False,True,True
APT-003121,REQ-003357,EMP-00112,LOC-01,SVC-01,2026-01-28,Completed,25,False,,,,,,4.2,95.0,False,True,False
APT-003122,REQ-003358,EMP-00042,LOC-04,SVC-03,2026-01-27,Completed,13,False,,,,,,,76.7,False,True,False
APT-003123,REQ-003359,EMP-00044,LOC-09,SVC-03,2026-01-27,Completed,45,True,Client preference,,,,,4.5,82.6,False,False,False
APT-003124,REQ-003360,EMP-00027,LOC-01,SVC-05,2026-01-27,Completed,31,False,,,,,,5.0,79.9,False,False,False
APT-003125,REQ-003361,EMP-00011,LOC-09,SVC-01,2026-01-27,Completed,34,False,,,,,,,83.2,False,True,False
APT-003126,REQ-003363,EMP-00148,LOC-06,SVC-04,2026-01-28,Completed,21,True,Skill match unavailable,,,,,,74.8,False,False,False
APT-003127,REQ-003364,EMP-00047,LOC-04,SVC-01,2026-01-28,Completed,27,False,,,,,,3.6,73.0,False,True,True
APT-003128,REQ-003365,EMP-00131,LOC-06,SVC-02,2026-01-28,Completed,21,False,,,,,,,85.9,False,True,False
APT-003129,REQ-003366,EMP-00120,LOC-03,SVC-01,2026-01-27,Completed,38,False,,,,,,4.3,73.0,False,True,True
APT-003131,REQ-003368,EMP-00002,LOC-05,SVC-03,2026-01-28,Completed,12,False,,,,,,4.1,89.0,False,False,False
APT-003132,REQ-003369,EMP-00008,LOC-08,SVC-08,2026-01-28,Completed,39,False,,,,,,4.6,75.6,False,True,False
APT-003133,REQ-003370,EMP-00133,LOC-01,SVC-06,2026-01-28,Completed,9,False,,,,,,5.0,57.7,False,False,False
APT-003136,REQ-003373,EMP-00093,LOC-05,SVC-05,2026-01-29,Completed,7,False,,,,,,4.5,74.4,False,True,False
APT-003139,REQ-003377,EMP-00075,LOC-05,SVC-02,2026-01-28,Completed,3,False,,,,,,4.5,96.1,False,True,True
APT-003140,REQ-003378,EMP-00016,LOC-01,SVC-04,2026-01-28,Completed,11,False,,,,,,4.6,68.7,False,True,True
APT-003141,REQ-003380,EMP-00010,LOC-03,SVC-08,2026-01-28,Completed,16,False,,,,,,,89.1,False,True,True
APT-003143,REQ-003382,EMP-00141,LOC-08,SVC-04,2026-01-30,Completed,27,False,,,,,,4.3,88.5,False,True,False
APT-003144,REQ-003383,EMP-00055,LOC-10,SVC-02,2026-01-29,Completed,3,False,,,,,,3.7,62.3,False,True,False
APT-003145,REQ-003384,EMP-00090,LOC-09,SVC-02,2026-01-28,Completed,36,False,,,,,,4.9,85.4,False,True,False
APT-003146,REQ-003385,EMP-00028,LOC-10,SVC-05,2026-01-30,Completed,45,False,,,,,,4.2,70.6,False,True,False
APT-003147,REQ-003386,EMP-00062,LOC-02,SVC-01,2026-01-29,Completed,15,False,,,,,,3.4,77.2,False,True,False
APT-003149,REQ-003389,EMP-00025,LOC-09,SVC-07,2026-01-30,Completed,15,True,Skill match unavailable,,,,,4.0,69.6,False,False,False
APT-003150,REQ-003390,EMP-00101,LOC-06,SVC-05,2026-01-29,Completed,36,False,,,,,,1.0,73.3,False,True,False
APT-003151,REQ-003391,EMP-00018,LOC-10,SVC-03,2026-01-30,Completed,22,False,,,,,,,77.8,False,True,False
APT-003152,REQ-003392,EMP-00121,LOC-03,SVC-08,2026-01-29,Completed,6,False,,,,,,,80.8,False,True,False
APT-003153,REQ-003393,EMP-00104,LOC-06,SVC-08,2026-01-28,Completed,25,False,,,,,,3.4,72.1,False,True,True
APT-003154,REQ-003394,EMP-00036,LOC-05,SVC-09,2026-01-30,Completed,30,False,,,,,,3.8,91.1,False,True,False
APT-003156,REQ-003396,EMP-00113,LOC-01,SVC-09,2026-01-30,Completed,32,False,,,,,,4.5,80.4,False,True,False
APT-003157,REQ-003397,EMP-00056,LOC-01,SVC-07,2026-01-30,Completed,22,False,,,,,,4.3,78.4,False,True,False
APT-003158,REQ-003398,EMP-00086,LOC-06,SVC-02,2026-01-29,Completed,20,False,,,,,,4.2,93.5,False,True,False
APT-003159,REQ-003399,EMP-00083,LOC-09,SVC-01,2026-02-01,Completed,19,False,,,,,,3.9,91.9,False,True,False
APT-003160,REQ-003400,EMP-00117,LOC-10,SVC-03,2026-01-30,Completed,30,False,,,,,,3.9,72.7,False,True,False
APT-003162,REQ-003402,EMP-00118,LOC-06,SVC-05,2026-01-29,Completed,11,True,Client preference,,,,,3.8,100.0,False,True,True
APT-003164,REQ-003405,EMP-00128,LOC-10,SVC-01,2026-01-30,Completed,23,False,,,,,,3.4,66.1,False,True,False
APT-003165,REQ-003406,EMP-00098,LOC-10,SVC-07,2026-01-31,Completed,28,False,,,,,,5.0,79.6,False,False,False
APT-003167,REQ-003408,EMP-00013,LOC-06,SVC-08,2026-01-30,Completed,48,False,,,,,,3.7,79.8,False,True,True
APT-003168,REQ-003409,EMP-00051,LOC-05,SVC-01,2026-01-29,Completed,19,False,,,,,,4.3,62.5,False,True,False
APT-003174,REQ-003415,EMP-00084,LOC-09,SVC-01,2026-01-31,Completed,30,True,Continuity of care,,,,,3.9,78.6,False,True,False
APT-003175,REQ-003417,EMP-00008,LOC-07,SVC-06,2026-01-30,Completed,6,False,,,,,,4.6,100.0,False,True,False
APT-003176,REQ-003418,EMP-00011,LOC-05,SVC-08,2026-01-30,Completed,32,False,,,,,,4.2,85.2,False,True,False
APT-003177,REQ-003419,EMP-00035,LOC-03,SVC-01,2026-01-31,Completed,23,False,,,,,,4.2,78.9,False,True,False
APT-003178,REQ-003420,EMP-00104,LOC-03,SVC-07,2026-02-01,Completed,20,False,,,,,,3.8,97.4,False,True,True
APT-003182,REQ-003424,EMP-00109,LOC-01,SVC-07,2026-01-31,Completed,22,False,,,,,,4.9,66.9,False,True,False
APT-003183,REQ-003425,EMP-00089,LOC-01,SVC-07,2026-01-30,Completed,39,False,,,,,,3.5,87.4,False,True,False
APT-003185,REQ-003427,EMP-00124,LOC-01,SVC-06,2026-02-02,Completed,23,False,,,,,,4.8,92.2,False,True,False
APT-003186,REQ-003428,EMP-00010,LOC-10,SVC-09,2026-02-01,Completed,34,False,,,,,,3.8,77.5,False,True,False
APT-003187,REQ-003429,EMP-00126,LOC-10,SVC-07,2026-01-30,Completed,44,False,,,,,,3.0,79.4,False,True,False
APT-003190,REQ-003432,EMP-00103,LOC-09,SVC-02,2026-01-30,Completed,9,False,,,,,,4.9,95.1,False,True,False
APT-003191,REQ-003433,EMP-00052,LOC-04,SVC-05,2026-01-31,Completed,3,False,,,,,,4.6,81.8,False,True,False
APT-003192,REQ-003434,EMP-00079,LOC-04,SVC-01,2026-01-30,Completed,19,False,,,,,,4.6,89.7,False,False,False
APT-003193,REQ-003435,EMP-00005,LOC-03,SVC-03,2026-01-31,Completed,23,False,,,,,,3.6,84.7,False,True,False
APT-003194,REQ-003436,EMP-00092,LOC-07,SVC-04,2026-02-01,Completed,32,False,,,,,,4.6,83.8,False,True,False
APT-003195,REQ-003437,EMP-00050,LOC-03,SVC-03,2026-02-02,Completed,12,False,,,,,,4.9,82.1,False,True,False
APT-003197,REQ-003439,EMP-00104,LOC-08,SVC-05,2026-01-31,Completed,3,False,,,,,,,80.7,False,True,False
APT-003198,REQ-003440,EMP-00122,LOC-01,SVC-06,2026-01-31,Completed,11,False,,,,,,4.3,69.3,False,True,False
APT-003200,REQ-003442,EMP-00021,LOC-07,SVC-03,2026-01-31,Completed,24,False,,,,,,4.2,68.4,False,False,False
APT-003201,REQ-003443,EMP-00044,LOC-08,SVC-01,2026-02-01,Completed,24,False,,,,,,4.5,83.2,False,True,False
APT-003202,REQ-003444,EMP-00096,LOC-05,SVC-01,2026-02-01,Completed,27,False,,,,,,4.3,80.9,False,True,True
APT-003205,REQ-003447,EMP-00139,LOC-06,SVC-03,2026-02-01,Completed,17,False,,,,,,4.7,74.0,False,True,True
APT-003208,REQ-003450,EMP-00028,LOC-01,SVC-05,2026-02-02,Completed,28,False,,,,,,4.3,78.7,False,True,False
APT-003209,REQ-003451,EMP-00013,LOC-05,SVC-07,2026-02-02,Completed,29,False,,,,,,4.2,60.9,False,False,True
APT-003210,REQ-003452,EMP-00061,LOC-01,SVC-04,2026-02-01,Completed,27,False,,,,,,4.8,67.7,False,True,True
APT-003212,REQ-003454,EMP-00063,LOC-03,SVC-06,2026-02-04,Completed,14,False,,,,,,,83.0,False,True,False
APT-003213,REQ-003455,EMP-00038,LOC-03,SVC-01,2026-02-05,Completed,18,False,,,,,,3.3,79.9,False,True,True
APT-003214,REQ-003456,EMP-00036,LOC-07,SVC-06,2026-02-03,Completed,33,False,,,,,,2.7,93.4,False,False,False
APT-003216,REQ-003458,EMP-00016,LOC-10,SVC-04,2026-02-02,Completed,53,False,,,,,,4.4,66.1,False,True,False
APT-003217,REQ-003459,EMP-00133,LOC-06,SVC-05,2026-02-04,Completed,15,False,,,,,,4.6,100.0,False,True,False
APT-003219,REQ-003461,EMP-00050,LOC-06,SVC-04,2026-02-02,Completed,9,False,,,,,,4.3,89.5,False,True,False
APT-003222,REQ-003465,EMP-00040,LOC-10,SVC-07,2026-02-02,Completed,5,False,,,,,,5.0,69.0,False,True,False
APT-003223,REQ-003466,EMP-00066,LOC-02,SVC-01,2026-02-05,Completed,44,False,,,,,,4.3,69.7,False,True,True
APT-003224,REQ-003467,EMP-00027,LOC-04,SVC-01,2026-02-02,Completed,17,False,,,,,,3.6,74.5,False,True,False
APT-003225,REQ-003468,EMP-00070,LOC-04,SVC-05,2026-02-04,Completed,12,False,,,,,,4.1,84.0,False,True,True
APT-003226,REQ-003469,EMP-00031,LOC-01,SVC-08,2026-02-03,Completed,18,False,,,,,,4.2,82.1,False,True,True
APT-003229,REQ-003473,EMP-00112,LOC-09,SVC-02,2026-02-03,Completed,3,False,,,,,,4.4,82.9,False,True,False
APT-003231,REQ-003475,EMP-00067,LOC-05,SVC-04,2026-02-03,Completed,14,False,,,,,,4.1,75.3,False,True,False
APT-003232,REQ-003476,EMP-00027,LOC-07,SVC-06,2026-02-04,Completed,12,False,,,,,,3.9,69.2,False,True,False
APT-003234,REQ-003478,EMP-00096,LOC-05,SVC-07,2026-02-04,Completed,15,False,,,,,,4.0,90.3,False,True,False
APT-003238,REQ-003483,EMP-00064,LOC-09,SVC-04,2026-02-04,Completed,3,False,,,,,,3.3,72.3,False,False,False
APT-003239,REQ-003484,EMP-00028,LOC-04,SVC-05,2026-02-03,Completed,24,False,,,,,,4.8,91.0,False,True,False
APT-003240,REQ-003485,EMP-00061,LOC-06,SVC-03,2026-02-05,Completed,3,False,,,,,,5.0,84.4,False,True,False
APT-003241,REQ-003486,EMP-00044,LOC-01,SVC-02,2026-02-05,Completed,22,False,,,,,,4.0,94.6,False,True,False
APT-003242,REQ-003487,EMP-00057,LOC-02,SVC-03,2026-02-03,Completed,27,False,,,,,,4.3,73.9,False,True,False
APT-003243,REQ-003488,EMP-00120,LOC-09,SVC-03,2026-02-04,Completed,28,False,,,,,,4.3,65.6,False,True,False
APT-003244,REQ-003489,EMP-00051,LOC-03,SVC-01,2026-02-03,Completed,28,False,,,,,,4.2,86.7,False,True,False
APT-003245,REQ-003490,EMP-00112,LOC-03,SVC-02,2026-02-03,Completed,5,False,,,,,,3.2,69.8,False,True,False
APT-003246,REQ-003491,EMP-00018,LOC-07,SVC-09,2026-02-03,Completed,15,False,,,,,,4.9,86.2,False,True,True
APT-003247,REQ-003492,EMP-00054,LOC-01,SVC-08,2026-02-03,Completed,26,False,,,,,,3.8,90.8,False,False,False
APT-003249,REQ-003494,EMP-00027,LOC-08,SVC-02,2026-02-03,Completed,29,False,,,,,,5.0,88.3,False,True,False
APT-003250,REQ-003495,EMP-00075,LOC-04,SVC-07,2026-02-03,Completed,9,False,,,,,,4.1,76.5,False,True,False
APT-003251,REQ-003496,EMP-00119,LOC-04,SVC-01,2026-02-05,Completed,22,False,,,,,,3.5,85.7,False,True,False
APT-003252,REQ-003497,EMP-00095,LOC-06,SVC-08,2026-02-08,Completed,25,False,,,,,,4.8,67.0,False,True,True
APT-003254,REQ-003500,EMP-00069,LOC-06,SVC-07,2026-02-05,Completed,12,False,,,,,,3.4,90.4,False,False,True
APT-003255,REQ-003501,EMP-00118,LOC-02,SVC-02,2026-02-05,Completed,31,False,,,,,,3.0,73.0,False,False,True
APT-003256,REQ-003502,EMP-00128,LOC-09,SVC-01,2026-02-06,Completed,52,False,,,,,,5.0,87.2,False,True,False
APT-003258,REQ-003504,EMP-00110,LOC-03,SVC-05,2026-02-04,Completed,8,False,,,,,,4.3,64.2,False,False,True
APT-003259,REQ-003505,EMP-00032,LOC-08,SVC-04,2026-02-05,Completed,18,False,,,,,,3.4,81.9,False,True,True
APT-003260,REQ-003506,EMP-00050,LOC-05,SVC-04,2026-02-05,Completed,23,False,,,,,,3.0,77.7,False,True,False
APT-003262,REQ-003508,EMP-00113,LOC-01,SVC-05,2026-02-04,Completed,3,False,,,,,,3.3,81.8,False,True,False
APT-003264,REQ-003510,EMP-00129,LOC-09,SVC-02,2026-02-05,Completed,19,False,,,,,,4.4,90.1,False,True,False
APT-003265,REQ-003511,EMP-00037,LOC-10,SVC-03,2026-02-04,Completed,63,False,,,,,,,65.1,False,True,True
APT-003267,REQ-003514,EMP-00050,LOC-10,SVC-01,2026-02-04,Completed,15,False,,,,,,4.1,87.3,False,False,False
APT-003269,REQ-003516,EMP-00110,LOC-03,SVC-01,2026-02-05,Completed,13,False,,,,,,5.0,81.8,False,True,False
APT-003270,REQ-003518,EMP-00028,LOC-02,SVC-03,2026-02-04,Completed,9,False,,,,,,3.8,96.1,False,True,True
APT-003272,REQ-003520,EMP-00110,LOC-04,SVC-05,2026-02-06,Completed,12,False,,,,,,,96.0,False,True,False
APT-003273,REQ-003521,EMP-00079,LOC-03,SVC-06,2026-02-04,Completed,32,False,,,,,,3.9,85.9,False,False,False
APT-003275,REQ-003523,EMP-00039,LOC-08,SVC-01,2026-02-05,Completed,22,False,,,,,,4.1,82.5,False,True,False
APT-003278,REQ-003526,EMP-00015,LOC-04,SVC-09,2026-02-07,Completed,31,False,,,,,,4.0,100.0,False,False,False
APT-003279,REQ-003527,EMP-00014,LOC-02,SVC-01,2026-02-05,Completed,4,False,,,,,,3.4,78.3,False,False,False
APT-003280,REQ-003529,EMP-00100,LOC-06,SVC-04,2026-02-07,Completed,31,False,,,,,,3.8,84.7,False,True,True
APT-003281,REQ-003530,EMP-00006,LOC-01,SVC-06,2026-02-05,Completed,11,False,,,,,,3.9,67.4,False,False,True
APT-003282,REQ-003531,EMP-00043,LOC-05,SVC-07,2026-02-06,Completed,25,False,,,,,,4.8,88.8,False,True,True
APT-003284,REQ-003533,EMP-00122,LOC-02,SVC-01,2026-02-05,Completed,26,False,,,,,,3.6,71.1,False,True,False
APT-003285,REQ-003534,EMP-00027,LOC-08,SVC-02,2026-02-05,Completed,26,False,,,,,,3.8,89.4,False,True,False
APT-003287,REQ-003536,EMP-00035,LOC-04,SVC-05,2026-02-05,Completed,21,False,,,,,,4.6,80.2,False,True,False
APT-003288,REQ-003537,EMP-00119,LOC-06,SVC-02,2026-02-05,Completed,44,False,,,,,,2.8,81.6,False,True,False
APT-003289,REQ-003538,EMP-00093,LOC-07,SVC-01,2026-02-06,Completed,44,False,,,,,,,91.0,False,True,False
APT-003290,REQ-003539,EMP-00150,LOC-04,SVC-03,2026-02-05,Completed,3,False,,,,,,4.3,75.0,False,True,False
APT-003291,REQ-003541,EMP-00016,LOC-08,SVC-04,2026-02-07,Completed,17,False,,,,,,4.6,73.4,False,False,False
APT-003292,REQ-003542,EMP-00004,LOC-07,SVC-05,2026-02-06,Completed,35,False,,,,,,2.4,76.5,False,False,False
APT-003293,REQ-003543,EMP-00075,LOC-10,SVC-01,2026-02-05,Completed,24,False,,,,,,4.8,78.2,False,True,False
APT-003294,REQ-003544,EMP-00038,LOC-02,SVC-01,2026-02-06,Completed,28,False,,,,,,4.5,76.1,False,True,False
APT-003297,REQ-003547,EMP-00057,LOC-09,SVC-01,2026-02-06,Completed,31,False,,,,,,3.7,81.6,False,True,False
APT-003299,REQ-003549,EMP-00090,LOC-07,SVC-05,2026-02-08,Completed,18,False,,,,,,3.3,83.1,False,True,False
APT-003301,REQ-003551,EMP-00006,LOC-07,SVC-04,2026-02-07,Completed,10,False,,,,,,4.1,78.4,False,True,False
APT-003302,REQ-003552,EMP-00030,LOC-09,SVC-04,2026-02-07,Completed,50,False,,,,,,3.1,82.9,False,False,False
APT-003303,REQ-003554,EMP-00056,LOC-01,SVC-01,2026-02-07,Completed,3,False,,,,,,4.5,90.9,False,False,True
APT-003304,REQ-003555,EMP-00023,LOC-06,SVC-05,2026-02-08,Completed,23,False,,,,,,4.9,83.6,False,True,False
APT-003306,REQ-003558,EMP-00086,LOC-04,SVC-06,2026-02-09,Completed,21,False,,,,,,4.7,74.3,False,True,False
APT-003311,REQ-003563,EMP-00002,LOC-01,SVC-02,2026-02-07,Completed,32,False,,,,,,5.0,84.8,False,True,False
APT-003312,REQ-003564,EMP-00146,LOC-08,SVC-02,2026-02-08,Completed,6,False,,,,,,3.4,81.1,False,True,False
APT-003315,REQ-003567,EMP-00086,LOC-01,SVC-01,2026-02-07,Completed,5,False,,,,,,5.0,84.0,False,True,True
APT-003318,REQ-003572,EMP-00064,LOC-07,SVC-04,2026-02-07,Completed,50,False,,,,,,2.9,74.7,False,True,True
APT-003319,REQ-003573,EMP-00047,LOC-06,SVC-06,2026-02-07,Completed,25,False,,,,,,3.1,97.6,False,True,False
APT-003321,REQ-003575,EMP-00058,LOC-06,SVC-01,2026-02-07,Completed,18,False,,,,,,4.0,100.0,True,False,False
APT-003322,REQ-003576,EMP-00128,LOC-07,SVC-01,2026-02-07,Completed,3,False,,,,,,3.6,88.8,False,True,False
APT-003324,REQ-003578,EMP-00121,LOC-06,SVC-02,2026-02-07,Completed,50,False,,,,,,3.2,71.8,False,True,False
APT-003328,REQ-003583,EMP-00022,LOC-07,SVC-09,2026-02-07,Completed,28,False,,,,,,3.7,84.1,False,True,False
APT-003329,REQ-003584,EMP-00006,LOC-08,SVC-05,2026-02-08,Completed,40,False,,,,,,4.1,74.6,False,True,False
APT-003330,REQ-003585,EMP-00099,LOC-05,SVC-03,2026-02-09,Completed,18,False,,,,,,3.6,91.5,False,True,False
APT-003331,REQ-003586,EMP-00013,LOC-07,SVC-07,2026-02-09,Completed,24,False,,,,,,2.7,100.0,False,True,False
APT-003334,REQ-003591,EMP-00123,LOC-03,SVC-03,2026-02-10,Completed,27,False,,,,,,3.9,79.0,False,True,False
APT-003336,REQ-003593,EMP-00118,LOC-10,SVC-03,2026-02-08,Completed,20,False,,,,,,3.9,88.5,False,True,False
APT-003337,REQ-003594,EMP-00056,LOC-06,SVC-02,2026-02-08,Completed,23,False,,,,,,3.7,79.3,False,True,False
APT-003339,REQ-003596,EMP-00143,LOC-10,SVC-04,2026-02-09,Completed,15,False,,,,,,3.3,71.5,False,True,True
APT-003341,REQ-003598,EMP-00070,LOC-03,SVC-07,2026-02-08,Completed,3,True,Continuity of care,,,,,5.0,74.0,False,True,False
APT-003342,REQ-003599,EMP-00133,LOC-06,SVC-02,2026-02-09,Completed,33,False,,,,,,3.5,76.9,False,True,False
APT-003344,REQ-003601,EMP-00080,LOC-08,SVC-02,2026-02-09,Completed,21,False,,,,,,4.1,75.4,False,True,False
APT-003345,REQ-003602,EMP-00047,LOC-03,SVC-04,2026-02-09,Completed,33,False,,,,,,4.1,87.2,False,True,False
APT-003346,REQ-003603,EMP-00066,LOC-01,SVC-06,2026-02-09,Completed,30,False,,,,,,2.8,68.1,False,True,True
APT-003349,REQ-003606,EMP-00041,LOC-08,SVC-05,2026-02-09,Completed,3,False,,,,,,4.6,65.4,False,True,False
APT-003351,REQ-003608,EMP-00138,LOC-05,SVC-01,2026-02-10,Completed,33,False,,,,,,4.0,79.5,False,True,True
APT-003352,REQ-003609,EMP-00104,LOC-01,SVC-06,2026-02-10,Completed,12,True,Client preference,,,,,4.3,90.5,False,True,False
APT-003353,REQ-003610,EMP-00070,LOC-06,SVC-05,2026-02-09,Completed,22,False,,,,,,4.2,83.7,False,True,False
APT-003355,REQ-003612,EMP-00008,LOC-06,SVC-03,2026-02-10,Completed,22,False,,,,,,2.6,91.3,False,False,True
APT-003356,REQ-003613,EMP-00035,LOC-01,SVC-05,2026-02-11,Completed,7,False,,,,,,3.1,72.5,False,True,False
APT-003357,REQ-003614,EMP-00004,LOC-06,SVC-01,2026-02-10,Completed,31,False,,,,,,4.3,47.3,False,True,False
APT-003359,REQ-003616,EMP-00124,LOC-10,SVC-06,2026-02-09,Completed,33,False,,,,,,5.0,85.2,False,True,False
APT-003361,REQ-003618,EMP-00148,LOC-04,SVC-03,2026-02-10,Completed,30,False,,,,,,3.4,83.0,False,True,True
APT-003362,REQ-003619,EMP-00030,LOC-07,SVC-07,2026-02-14,Completed,3,False,,,,,,4.3,83.9,False,True,False
APT-003363,REQ-003621,EMP-00043,LOC-01,SVC-06,2026-02-10,Completed,24,False,,,,,,4.0,82.5,False,True,False
APT-003365,REQ-003623,EMP-00148,LOC-02,SVC-05,2026-02-13,Completed,3,False,,,,,,5.0,100.0,False,False,False
APT-003368,REQ-003626,EMP-00017,LOC-08,SVC-01,2026-02-13,Completed,28,False,,,,,,3.7,86.7,False,True,False
APT-003370,REQ-003628,EMP-00131,LOC-06,SVC-01,2026-02-10,Completed,26,False,,,,,,4.9,85.2,False,True,True
APT-003373,REQ-003631,EMP-00014,LOC-01,SVC-06,2026-02-10,Completed,5,False,,,,,,3.4,78.8,False,True,True
APT-003374,REQ-003632,EMP-00093,LOC-06,SVC-06,2026-02-10,Completed,31,False,,,,,,3.7,64.3,False,True,False
APT-003375,REQ-003633,EMP-00091,LOC-03,SVC-06,2026-02-10,Completed,37,False,,,,,,5.0,76.0,False,True,False
APT-003376,REQ-003634,EMP-00134,LOC-03,SVC-01,2026-02-13,Completed,6,False,,,,,,3.9,79.0,False,True,False
APT-003377,REQ-003635,EMP-00122,LOC-03,SVC-01,2026-02-11,Completed,27,False,,,,,,3.9,69.2,False,True,True
APT-003378,REQ-003636,EMP-00092,LOC-08,SVC-04,2026-02-11,Completed,3,False,,,,,,4.0,79.0,False,False,False
APT-003379,REQ-003637,EMP-00067,LOC-06,SVC-01,2026-02-10,Completed,34,False,,,,,,3.4,87.2,False,False,False
APT-003382,REQ-003640,EMP-00121,LOC-06,SVC-07,2026-02-10,Completed,40,False,,,,,,4.1,83.2,False,True,False
APT-003384,REQ-003643,EMP-00030,LOC-10,SVC-06,2026-02-10,Completed,39,False,,,,,,4.1,90.7,False,True,False
APT-003385,REQ-003644,EMP-00058,LOC-05,SVC-09,2026-02-11,Completed,25,False,,,,,,3.8,76.7,False,True,False
APT-003387,REQ-003646,EMP-00139,LOC-03,SVC-01,2026-02-10,Completed,8,False,,,,,,4.3,82.6,False,True,False
APT-003388,REQ-003647,EMP-00137,LOC-05,SVC-05,2026-02-10,Completed,23,False,,,,,,4.2,76.4,False,True,True
APT-003391,REQ-003650,EMP-00022,LOC-09,SVC-06,2026-02-15,Completed,12,False,,,,,,4.4,75.1,False,True,False
APT-003392,REQ-003651,EMP-00101,LOC-03,SVC-01,2026-02-11,Completed,35,False,,,,,,4.7,100.0,False,True,False
APT-003393,REQ-003652,EMP-00066,LOC-01,SVC-04,2026-02-11,Completed,31,False,,,,,,4.4,75.5,False,True,True
APT-003395,REQ-003654,EMP-00115,LOC-04,SVC-01,2026-02-11,Completed,3,False,,,,,,4.8,84.2,False,True,False
APT-003396,REQ-003655,EMP-00070,LOC-01,SVC-06,2026-02-11,Completed,22,False,,,,,,5.0,68.4,False,True,False
APT-003397,REQ-003656,EMP-00066,LOC-05,SVC-02,2026-02-11,Completed,16,False,,,,,,3.4,84.2,False,False,False
APT-003399,REQ-003659,EMP-00141,LOC-09,SVC-04,2026-02-12,Completed,24,False,,,,,,3.7,93.8,False,True,False
APT-003401,REQ-003661,EMP-00066,LOC-06,SVC-03,2026-02-12,Completed,55,False,,,,,,4.8,82.4,False,True,False
APT-003402,REQ-003663,EMP-00148,LOC-02,SVC-05,2026-02-12,Completed,7,False,,,,,,5.0,81.7,False,False,False
APT-003403,REQ-003664,EMP-00094,LOC-10,SVC-01,2026-02-14,Completed,38,True,Urgent reassignment,,,,,,85.8,False,True,False
APT-003404,REQ-003665,EMP-00143,LOC-10,SVC-03,2026-02-12,Completed,32,False,,,,,,5.0,99.7,False,False,False
APT-003405,REQ-003666,EMP-00128,LOC-06,SVC-04,2026-02-11,Completed,39,False,,,,,,,88.4,False,True,True
APT-003407,REQ-003668,EMP-00060,LOC-02,SVC-01,2026-02-11,Completed,19,False,,,,,,,82.8,False,True,False
APT-003408,REQ-003669,EMP-00027,LOC-03,SVC-04,2026-02-11,Completed,8,False,,,,,,,63.9,False,True,False
APT-003409,REQ-003670,EMP-00137,LOC-02,SVC-02,2026-02-13,Completed,34,False,,,,,,4.0,87.6,False,True,False
APT-003410,REQ-003672,EMP-00079,LOC-03,SVC-06,2026-02-11,Completed,11,False,,,,,,5.0,81.0,False,True,False
APT-003411,REQ-003673,EMP-00018,LOC-09,SVC-01,2026-02-13,Completed,46,False,,,,,,4.5,87.1,False,True,False
APT-003412,REQ-003674,EMP-00061,LOC-03,SVC-07,2026-02-11,Completed,16,False,,,,,,3.3,85.4,False,True,False
APT-003413,REQ-003675,EMP-00014,LOC-08,SVC-04,2026-02-11,Completed,3,False,,,,,,4.0,88.5,False,True,False
APT-003414,REQ-003677,EMP-00098,LOC-08,SVC-01,2026-02-14,Completed,40,False,,,,,,4.6,83.3,False,True,False
APT-003415,REQ-003678,EMP-00113,LOC-04,SVC-01,2026-02-12,Completed,16,False,,,,,,3.8,92.2,False,False,False
APT-003416,REQ-003679,EMP-00052,LOC-07,SVC-01,2026-02-13,Completed,19,False,,,,,,3.5,78.9,False,True,True
APT-003419,REQ-003682,EMP-00013,LOC-04,SVC-02,2026-02-11,Completed,38,False,,,,,,3.3,73.2,False,False,True
APT-003420,REQ-003683,EMP-00099,LOC-02,SVC-07,2026-02-12,Completed,22,False,,,,,,3.9,77.9,False,True,False
APT-003421,REQ-003684,EMP-00064,LOC-07,SVC-05,2026-02-13,Completed,46,False,,,,,,,90.4,False,True,True
APT-003422,REQ-003685,EMP-00118,LOC-03,SVC-06,2026-02-12,Completed,13,False,,,,,,4.3,88.4,False,True,False
APT-003423,REQ-003686,EMP-00064,LOC-06,SVC-07,2026-02-12,Completed,24,False,,,,,,4.6,83.6,False,False,False
APT-003424,REQ-003687,EMP-00084,LOC-01,SVC-01,2026-02-12,Completed,35,False,,,,,,,62.4,False,False,False
APT-003425,REQ-003689,EMP-00092,LOC-07,SVC-04,2026-02-14,Completed,31,False,,,,,,5.0,75.4,False,True,False
APT-003428,REQ-003693,EMP-00086,LOC-08,SVC-02,2026-02-13,Completed,24,False,,,,,,4.6,87.2,False,True,False
APT-003429,REQ-003694,EMP-00086,LOC-07,SVC-09,2026-02-13,Completed,36,False,,,,,,,72.7,True,True,False
APT-003430,REQ-003695,EMP-00025,LOC-05,SVC-05,2026-02-12,Completed,23,False,,,,,,3.2,68.0,False,True,False
APT-003431,REQ-003696,EMP-00041,LOC-05,SVC-05,2026-02-12,Completed,3,False,,,,,,4.6,66.9,False,True,True
APT-003432,REQ-003697,EMP-00056,LOC-02,SVC-09,2026-02-13,Completed,17,False,,,,,,5.0,85.6,False,True,True
APT-003434,REQ-003699,EMP-00063,LOC-02,SVC-01,2026-02-12,Completed,29,False,,,,,,4.0,65.6,False,True,True
APT-003436,REQ-003701,EMP-00030,LOC-06,SVC-01,2026-02-12,Completed,27,False,,,,,,5.0,93.3,False,True,False
APT-003438,REQ-003703,EMP-00085,LOC-10,SVC-06,2026-02-13,Completed,14,False,,,,,,4.2,78.1,False,True,False
APT-003439,REQ-003704,EMP-00109,LOC-04,SVC-02,2026-02-12,Completed,18,False,,,,,,4.9,77.6,False,True,False
APT-003441,REQ-003706,EMP-00052,LOC-02,SVC-07,2026-02-15,Completed,26,False,,,,,,3.7,89.5,False,True,True
APT-003447,REQ-003712,EMP-00065,LOC-01,SVC-01,2026-02-12,Completed,15,False,,,,,,3.0,86.2,False,True,False
APT-003449,REQ-003714,EMP-00043,LOC-10,SVC-01,2026-02-13,Completed,30,False,,,,,,4.1,82.9,False,True,False
APT-003450,REQ-003716,EMP-00113,LOC-03,SVC-01,2026-02-12,Completed,20,False,,,,,,,77.5,False,True,True
APT-003451,REQ-003717,EMP-00104,LOC-10,SVC-04,2026-02-14,Completed,68,False,,,,,,3.4,100.0,True,True,False
APT-003452,REQ-003718,EMP-00095,LOC-07,SVC-07,2026-02-13,Completed,50,False,,,,,,3.9,74.3,False,True,False
APT-003454,REQ-003720,EMP-00024,LOC-10,SVC-02,2026-02-14,Completed,16,False,,,,,,5.0,78.0,False,True,True
APT-003456,REQ-003722,EMP-00004,LOC-01,SVC-07,2026-02-13,Completed,37,False,,,,,,4.6,96.1,False,True,True
APT-003457,REQ-003723,EMP-00143,LOC-10,SVC-01,2026-02-13,Completed,21,False,,,,,,3.4,83.3,False,True,False
APT-003458,REQ-003724,EMP-00122,LOC-03,SVC-01,2026-02-14,Completed,25,False,,,,,,3.9,86.3,False,True,False
APT-003459,REQ-003725,EMP-00067,LOC-01,SVC-07,2026-02-14,Completed,26,False,,,,,,5.0,54.7,False,True,False
APT-003461,REQ-003727,EMP-00103,LOC-06,SVC-07,2026-02-15,Completed,46,False,,,,,,3.6,82.2,False,True,False
APT-003462,REQ-003728,EMP-00016,LOC-08,SVC-03,2026-02-13,Completed,46,False,,,,,,5.0,87.5,False,True,False
APT-003463,REQ-003729,EMP-00095,LOC-06,SVC-07,2026-02-13,Completed,22,False,,,,,,3.6,76.5,False,False,False
APT-003469,REQ-003736,EMP-00039,LOC-08,SVC-05,2026-02-13,Completed,21,False,,,,,,3.4,69.0,False,True,True
APT-003470,REQ-003737,EMP-00008,LOC-07,SVC-01,2026-02-13,Completed,43,False,,,,,,3.5,66.0,False,True,False
APT-003471,REQ-003738,EMP-00104,LOC-06,SVC-03,2026-02-15,Completed,21,False,,,,,,4.6,93.2,False,True,False
APT-003473,REQ-003740,EMP-00115,LOC-09,SVC-04,2026-02-13,Completed,28,False,,,,,,4.3,89.7,False,True,False
APT-003474,REQ-003741,EMP-00025,LOC-08,SVC-02,2026-02-16,Completed,22,False,,,,,,4.6,77.4,False,False,False
APT-003476,REQ-003743,EMP-00104,LOC-03,SVC-04,2026-02-15,Completed,18,False,,,,,,4.0,62.9,False,True,True
APT-003477,REQ-003744,EMP-00122,LOC-05,SVC-01,2026-02-14,Completed,35,False,,,,,,4.4,84.6,False,True,False
APT-003479,REQ-003748,EMP-00064,LOC-01,SVC-05,2026-02-15,Completed,14,False,,,,,,5.0,87.3,False,True,False
APT-003480,REQ-003749,EMP-00040,LOC-06,SVC-05,2026-02-14,Completed,25,False,,,,,,4.5,89.3,False,True,True
APT-003482,REQ-003751,EMP-00096,LOC-09,SVC-01,2026-02-14,Completed,14,False,,,,,,,82.9,False,False,False
APT-003484,REQ-003753,EMP-00136,LOC-08,SVC-04,2026-02-17,Completed,27,False,,,,,,3.7,84.0,False,True,False
APT-003489,REQ-003760,EMP-00080,LOC-03,SVC-05,2026-02-15,Completed,21,False,,,,,,4.4,71.7,False,True,False
APT-003494,REQ-003765,EMP-00122,LOC-07,SVC-03,2026-02-17,Completed,27,False,,,,,,5.0,83.9,False,True,True
APT-003498,REQ-003769,EMP-00136,LOC-02,SVC-05,2026-02-16,Completed,33,False,,,,,,3.8,72.9,False,True,True
APT-003500,REQ-003772,EMP-00099,LOC-07,SVC-01,2026-02-16,Completed,39,False,,,,,,4.8,100.0,False,True,False
APT-003502,REQ-003774,EMP-00148,LOC-01,SVC-05,2026-02-16,Completed,58,False,,,,,,3.6,73.8,False,True,False
APT-003503,REQ-003775,EMP-00018,LOC-02,SVC-05,2026-02-18,Completed,3,False,,,,,,4.8,90.3,False,True,False
APT-003505,REQ-003777,EMP-00061,LOC-09,SVC-01,2026-02-19,Completed,3,False,,,,,,4.0,95.8,False,True,False
APT-003506,REQ-003778,EMP-00015,LOC-03,SVC-06,2026-02-17,Completed,33,False,,,,,,4.4,67.2,False,True,False
APT-003508,REQ-003781,EMP-00080,LOC-03,SVC-05,2026-02-17,Completed,26,False,,,,,,5.0,70.6,False,True,False
APT-003509,REQ-003782,EMP-00056,LOC-01,SVC-05,2026-02-20,Completed,27,False,,,,,,4.3,68.5,False,True,False
APT-003512,REQ-003785,EMP-00123,LOC-06,SVC-03,2026-02-17,Completed,39,False,,,,,,5.0,61.3,False,True,False
APT-003513,REQ-003786,EMP-00098,LOC-09,SVC-06,2026-02-18,Completed,32,False,,,,,,4.8,92.3,False,True,True
APT-003514,REQ-003787,EMP-00101,LOC-06,SVC-01,2026-02-19,Completed,5,False,,,,,,,75.2,False,False,True
APT-003515,REQ-003788,EMP-00091,LOC-05,SVC-01,2026-02-17,Completed,23,False,,,,,,4.3,77.7,False,False,False
APT-003516,REQ-003789,EMP-00133,LOC-05,SVC-08,2026-02-17,Completed,13,False,,,,,,3.0,96.0,True,True,True
APT-003517,REQ-003790,EMP-00033,LOC-06,SVC-05,2026-02-17,Completed,36,False,,,,,,5.0,78.3,False,False,True
APT-003520,REQ-003793,EMP-00143,LOC-03,SVC-02,2026-02-18,Completed,45,False,,,,,,4.3,83.7,False,True,False
APT-003521,REQ-003795,EMP-00134,LOC-07,SVC-01,2026-02-18,Completed,41,False,,,,,,4.3,82.1,False,True,True
APT-003522,REQ-003796,EMP-00008,LOC-09,SVC-02,2026-02-18,Completed,8,False,,,,,,4.3,61.3,False,True,False
APT-003523,REQ-003797,EMP-00028,LOC-07,SVC-03,2026-02-21,Completed,58,False,,,,,,5.0,96.3,False,True,False
APT-003526,REQ-003800,EMP-00011,LOC-06,SVC-05,2026-02-19,Completed,22,False,,,,,,4.0,77.6,False,True,False
APT-003527,REQ-003801,EMP-00105,LOC-09,SVC-06,2026-02-19,Completed,17,False,,,,,,4.5,86.1,False,True,True
APT-003528,REQ-003802,EMP-00031,LOC-04,SVC-06,2026-02-17,Completed,18,False,,,,,,4.7,73.3,False,True,True
APT-003530,REQ-003804,EMP-00025,LOC-07,SVC-01,2026-02-19,Completed,19,True,Client preference,,,,,,82.0,False,True,False
APT-003531,REQ-003805,EMP-00032,LOC-08,SVC-03,2026-02-18,Completed,50,False,,,,,,3.4,92.8,False,True,False
APT-003533,REQ-003807,EMP-00105,LOC-10,SVC-03,2026-02-19,Completed,18,False,,,,,,4.6,85.1,False,True,False
APT-003534,REQ-003808,EMP-00044,LOC-03,SVC-05,2026-02-18,Completed,15,False,,,,,,4.6,83.6,False,True,False
APT-003535,REQ-003809,EMP-00050,LOC-10,SVC-04,2026-02-19,Completed,32,False,,,,,,4.0,78.7,False,True,False
APT-003536,REQ-003810,EMP-00089,LOC-05,SVC-01,2026-02-19,Completed,18,False,,,,,,5.0,92.0,False,False,False
APT-003538,REQ-003812,EMP-00093,LOC-08,SVC-04,2026-02-18,Completed,18,False,,,,,,4.0,83.3,False,True,False
APT-003539,REQ-003813,EMP-00002,LOC-09,SVC-04,2026-02-19,Completed,5,False,,,,,,4.5,82.8,False,True,True
APT-003540,REQ-003814,EMP-00075,LOC-08,SVC-01,2026-02-19,Completed,20,False,,,,,,3.6,82.9,False,True,False
APT-003541,REQ-003815,EMP-00062,LOC-03,SVC-07,2026-02-19,Completed,26,False,,,,,,3.7,77.1,False,True,False
APT-003542,REQ-003816,EMP-00068,LOC-05,SVC-03,2026-02-19,Completed,25,False,,,,,,3.5,79.0,False,True,False
APT-003545,REQ-003819,EMP-00014,LOC-03,SVC-08,2026-02-18,Completed,27,False,,,,,,4.1,68.3,False,True,True
APT-003548,REQ-003822,EMP-00014,LOC-09,SVC-01,2026-02-20,Completed,10,False,,,,,,4.3,94.6,False,True,False
APT-003549,REQ-003823,EMP-00080,LOC-08,SVC-02,2026-02-22,Completed,30,False,,,,,,3.9,68.9,False,False,False
APT-003550,REQ-003824,EMP-00138,LOC-06,SVC-05,2026-02-19,Completed,27,False,,,,,,3.5,70.3,False,True,False
APT-003551,REQ-003825,EMP-00030,LOC-05,SVC-05,2026-02-19,Completed,19,False,,,,,,3.3,86.7,False,True,False
APT-003552,REQ-003826,EMP-00017,LOC-01,SVC-06,2026-02-19,Completed,27,False,,,,,,5.0,74.5,False,True,False
APT-003553,REQ-003827,EMP-00121,LOC-02,SVC-09,2026-02-19,Completed,40,False,,,,,,4.0,80.5,False,False,False
APT-003554,REQ-003828,EMP-00138,LOC-02,SVC-02,2026-02-20,Completed,14,False,,,,,,3.2,68.0,False,True,False
APT-003555,REQ-003829,EMP-00079,LOC-06,SVC-07,2026-02-19,Completed,31,False,,,,,,4.4,98.0,False,True,False
APT-003556,REQ-003830,EMP-00042,LOC-10,SVC-06,2026-02-19,Completed,25,False,,,,,,4.9,79.8,False,True,False
APT-003557,REQ-003831,EMP-00051,LOC-04,SVC-02,2026-02-19,Completed,25,False,,,,,,3.5,69.6,False,True,False
APT-003559,REQ-003833,EMP-00027,LOC-10,SVC-02,2026-02-20,Completed,25,False,,,,,,4.5,83.6,False,True,False
APT-003560,REQ-003834,EMP-00101,LOC-10,SVC-05,2026-02-19,Completed,39,False,,,,,,4.9,75.5,False,True,False
APT-003561,REQ-003835,EMP-00060,LOC-02,SVC-01,2026-02-19,Completed,21,False,,,,,,3.8,90.6,False,True,False
APT-003562,REQ-003836,EMP-00008,LOC-06,SVC-02,2026-02-20,Completed,30,False,,,,,,5.0,79.7,False,True,False
APT-003563,REQ-003837,EMP-00044,LOC-05,SVC-04,2026-02-20,Completed,3,False,,,,,,4.3,83.8,False,True,False
APT-003564,REQ-003838,EMP-00143,LOC-01,SVC-05,2026-02-21,Completed,12,False,,,,,,3.6,84.8,False,True,False
APT-003565,REQ-003839,EMP-00043,LOC-05,SVC-05,2026-02-19,Completed,12,False,,,,,,4.4,93.2,False,True,True
APT-003567,REQ-003841,EMP-00057,LOC-09,SVC-06,2026-02-22,Completed,27,False,,,,,,3.5,82.6,False,True,False
APT-003570,REQ-003844,EMP-00083,LOC-05,SVC-05,2026-02-19,Completed,3,False,,,,,,4.9,81.5,False,True,False
APT-003571,REQ-003845,EMP-00101,LOC-10,SVC-08,2026-02-20,Completed,15,False,,,,,,3.6,87.0,False,True,False
APT-003573,REQ-003847,EMP-00037,LOC-01,SVC-03,2026-02-20,Completed,19,False,,,,,,3.4,86.2,False,True,False
APT-003576,REQ-003851,EMP-00056,LOC-03,SVC-09,2026-02-20,Completed,13,False,,,,,,3.7,69.5,False,True,False
APT-003577,REQ-003852,EMP-00006,LOC-09,SVC-03,2026-02-23,Completed,45,False,,,,,,4.2,72.8,False,True,False
APT-003578,REQ-003853,EMP-00085,LOC-05,SVC-07,2026-02-20,Completed,28,True,Urgent reassignment,,,,,3.9,72.0,False,True,False
APT-003580,REQ-003855,EMP-00100,LOC-08,SVC-01,2026-02-20,Completed,47,False,,,,,,4.0,70.7,False,True,True
APT-003581,REQ-003856,EMP-00010,LOC-08,SVC-05,2026-02-20,Completed,15,False,,,,,,3.9,91.6,False,True,False
APT-003583,REQ-003858,EMP-00094,LOC-04,SVC-05,2026-02-20,Completed,21,False,,,,,,3.7,90.1,False,True,True
APT-003584,REQ-003859,EMP-00021,LOC-01,SVC-01,2026-02-22,Completed,29,False,,,,,,5.0,80.4,False,False,True
APT-003585,REQ-003860,EMP-00040,LOC-05,SVC-01,2026-02-20,Completed,30,True,Skill match unavailable,,,,,3.1,62.0,False,True,False
APT-003587,REQ-003862,EMP-00138,LOC-06,SVC-09,2026-02-22,Completed,31,False,,,,,,2.9,81.1,False,True,False
APT-003590,REQ-003865,EMP-00024,LOC-06,SVC-06,2026-02-21,Completed,35,False,,,,,,3.5,90.2,False,True,True
APT-003593,REQ-003868,EMP-00004,LOC-07,SVC-09,2026-02-21,Completed,12,False,,,,,,4.8,86.4,False,True,False
APT-003595,REQ-003870,EMP-00099,LOC-06,SVC-09,2026-02-22,Completed,37,False,,,,,,3.9,69.9,False,True,False
APT-003596,REQ-003871,EMP-00131,LOC-08,SVC-04,2026-02-21,Completed,11,False,,,,,,3.8,79.1,False,True,False
APT-003597,REQ-003872,EMP-00013,LOC-02,SVC-09,2026-02-21,Completed,37,False,,,,,,3.9,92.1,False,True,False
APT-003598,REQ-003874,EMP-00010,LOC-02,SVC-03,2026-02-21,Completed,36,False,,,,,,3.0,83.2,False,True,False
APT-003599,REQ-003876,EMP-00133,LOC-06,SVC-01,2026-02-22,Completed,45,False,,,,,,4.6,85.5,False,True,False
APT-003600,REQ-003877,EMP-00036,LOC-04,SVC-09,2026-02-21,Completed,15,False,,,,,,5.0,73.9,False,True,False
APT-003602,REQ-003879,EMP-00035,LOC-08,SVC-05,2026-02-23,Completed,17,False,,,,,,3.8,73.6,False,True,False
APT-003606,REQ-003885,EMP-00010,LOC-05,SVC-06,2026-02-22,Completed,37,False,,,,,,4.3,85.7,False,False,False
APT-003607,REQ-003886,EMP-00015,LOC-07,SVC-07,2026-02-25,Completed,40,False,,,,,,4.6,97.4,False,True,True
APT-003609,REQ-003888,EMP-00124,LOC-07,SVC-03,2026-02-23,Completed,7,False,,,,,,4.2,95.7,False,True,False
APT-003610,REQ-003889,EMP-00038,LOC-07,SVC-07,2026-02-24,Completed,40,False,,,,,,4.7,86.5,False,True,False
APT-003612,REQ-003891,EMP-00027,LOC-02,SVC-05,2026-02-23,Completed,26,False,,,,,,3.8,79.9,False,True,False
APT-003615,REQ-003894,EMP-00064,LOC-10,SVC-01,2026-02-24,Completed,34,False,,,,,,4.9,67.2,False,True,True
APT-003619,REQ-003898,EMP-00064,LOC-01,SVC-03,2026-02-24,Completed,10,False,,,,,,4.4,63.6,False,True,False
APT-003620,REQ-003899,EMP-00064,LOC-01,SVC-01,2026-02-24,Completed,26,True,Client preference,,,,,3.4,79.3,False,True,False
APT-003624,REQ-003903,EMP-00006,LOC-06,SVC-05,2026-02-25,Completed,22,False,,,,,,3.9,93.9,False,True,False
APT-003625,REQ-003904,EMP-00014,LOC-10,SVC-01,2026-02-23,Completed,27,False,,,,,,2.9,81.9,False,True,False
APT-003626,REQ-003905,EMP-00014,LOC-02,SVC-05,2026-02-23,Completed,3,False,,,,,,4.1,73.8,False,True,True
APT-003627,REQ-003906,EMP-00129,LOC-04,SVC-01,2026-02-24,Completed,17,False,,,,,,4.3,84.1,False,True,True
APT-003629,REQ-003908,EMP-00146,LOC-03,SVC-03,2026-02-24,Completed,3,False,,,,,,3.8,90.7,False,False,False
APT-003630,REQ-003910,EMP-00095,LOC-07,SVC-01,2026-02-25,Completed,23,False,,,,,,4.8,79.3,False,True,False
APT-003634,REQ-003914,EMP-00044,LOC-01,SVC-07,2026-02-24,Completed,37,False,,,,,,2.7,84.6,False,True,False
APT-003635,REQ-003915,EMP-00095,LOC-08,SVC-01,2026-02-26,Completed,30,False,,,,,,4.7,90.0,False,True,False
APT-003636,REQ-003916,EMP-00050,LOC-03,SVC-02,2026-02-24,Completed,23,False,,,,,,5.0,53.7,False,True,True
APT-003637,REQ-003917,EMP-00042,LOC-03,SVC-04,2026-02-25,Completed,21,False,,,,,,4.9,98.2,False,True,False
APT-003638,REQ-003918,EMP-00101,LOC-10,SVC-01,2026-02-26,Completed,40,False,,,,,,3.3,76.6,False,False,False
APT-003639,REQ-003919,EMP-00033,LOC-03,SVC-05,2026-02-25,Completed,30,False,,,,,,4.4,88.6,False,True,False
APT-003642,REQ-003922,EMP-00131,LOC-05,SVC-05,2026-02-24,Completed,9,False,,,,,,4.2,89.9,False,True,False
APT-003643,REQ-003923,EMP-00035,LOC-08,SVC-01,2026-02-25,Completed,12,False,,,,,,5.0,81.5,False,True,False
APT-003645,REQ-003925,EMP-00083,LOC-04,SVC-01,2026-02-24,Completed,8,False,,,,,,3.8,68.4,False,True,False
APT-003646,REQ-003926,EMP-00068,LOC-10,SVC-01,2026-02-24,Completed,32,False,,,,,,5.0,77.4,False,True,False
APT-003648,REQ-003928,EMP-00070,LOC-09,SVC-04,2026-02-25,Completed,25,False,,,,,,5.0,100.0,False,True,False
APT-003649,REQ-003929,EMP-00129,LOC-01,SVC-01,2026-02-24,Completed,23,False,,,,,,3.8,78.6,False,False,False
APT-003652,REQ-003932,EMP-00054,LOC-07,SVC-08,2026-03-02,Completed,9,False,,,,,,4.0,88.3,False,True,False
APT-003656,REQ-003936,EMP-00055,LOC-07,SVC-05,2026-02-27,Completed,37,False,,,,,,4.0,80.1,False,True,False
APT-003658,REQ-003938,EMP-00137,LOC-01,SVC-05,2026-02-25,Completed,11,False,,,,,,3.9,85.8,False,True,False
APT-003660,REQ-003940,EMP-00118,LOC-01,SVC-07,2026-02-25,Completed,28,False,,,,,,3.1,90.1,False,True,False
APT-003661,REQ-003941,EMP-00010,LOC-02,SVC-03,2026-02-25,Completed,14,True,Urgent reassignment,,,,,3.6,77.7,False,True,True
APT-003664,REQ-003945,EMP-00005,LOC-05,SVC-09,2026-02-26,Completed,13,False,,,,,,4.9,81.2,False,False,True
APT-003665,REQ-003946,EMP-00093,LOC-10,SVC-05,2026-02-26,Completed,29,False,,,,,,4.1,86.6,False,True,True
APT-003669,REQ-003950,EMP-00104,LOC-04,SVC-09,2026-02-28,Completed,3,False,,,,,,,75.4,False,True,False
APT-003670,REQ-003951,EMP-00133,LOC-09,SVC-07,2026-02-27,Completed,31,False,,,,,,3.9,75.7,False,False,False
APT-003672,REQ-003954,EMP-00005,LOC-04,SVC-02,2026-02-27,Completed,27,False,,,,,,,96.8,False,False,False
APT-003673,REQ-003955,EMP-00061,LOC-10,SVC-04,2026-02-27,Completed,10,False,,,,,,4.5,75.6,False,True,False
APT-003674,REQ-003956,EMP-00106,LOC-01,SVC-01,2026-02-26,Completed,50,False,,,,,,5.0,84.5,False,True,False
APT-003676,REQ-003958,EMP-00104,LOC-06,SVC-08,2026-02-28,Completed,12,False,,,,,,,75.0,False,True,False
APT-003677,REQ-003959,EMP-00036,LOC-01,SVC-08,2026-02-26,Completed,25,True,Client preference,,,,,4.5,79.3,False,False,False
APT-003682,REQ-003964,EMP-00022,LOC-10,SVC-01,2026-02-26,Completed,42,False,,,,,,2.9,74.7,False,True,False
APT-003683,REQ-003965,EMP-00041,LOC-08,SVC-01,2026-02-28,Completed,26,False,,,,,,4.8,71.2,False,True,False
APT-003684,REQ-003966,EMP-00040,LOC-05,SVC-01,2026-02-26,Completed,28,False,,,,,,3.5,96.2,False,True,False
APT-003685,REQ-003967,EMP-00069,LOC-10,SVC-01,2026-02-26,Completed,3,False,,,,,,4.6,69.8,False,True,False
APT-003686,REQ-003968,EMP-00066,LOC-06,SVC-01,2026-02-28,Completed,32,False,,,,,,3.6,79.0,False,True,True
APT-003687,REQ-003970,EMP-00093,LOC-06,SVC-04,2026-02-27,Completed,36,False,,,,,,5.0,64.0,False,True,False
APT-003688,REQ-003971,EMP-00056,LOC-10,SVC-01,2026-03-01,Completed,14,False,,,,,,,92.1,False,True,False
APT-003694,REQ-003978,EMP-00137,LOC-03,SVC-03,2026-03-01,Completed,19,False,,,,,,3.8,75.2,False,True,False
APT-003695,REQ-003979,EMP-00014,LOC-04,SVC-04,2026-02-28,Completed,20,False,,,,,,4.7,76.4,False,True,False
APT-003696,REQ-003980,EMP-00079,LOC-03,SVC-09,2026-02-28,Completed,20,False,,,,,,3.5,63.6,False,True,False
APT-003704,REQ-003988,EMP-00080,LOC-10,SVC-02,2026-02-28,Completed,19,True,Continuity of care,,,,,5.0,68.5,False,True,True
APT-003705,REQ-003989,EMP-00120,LOC-05,SVC-02,2026-02-28,Completed,23,True,Client preference,,,,,3.9,85.4,False,True,False
APT-003706,REQ-003990,EMP-00142,LOC-05,SVC-06,2026-02-28,Completed,34,False,,,,,,4.0,81.9,False,True,False
APT-003710,REQ-003996,EMP-00113,LOC-05,SVC-03,2026-03-03,Completed,12,True,Urgent reassignment,,,,,3.6,69.2,False,True,True
APT-003711,REQ-003997,EMP-00102,LOC-01,SVC-09,2026-02-28,Completed,22,False,,,,,,3.4,93.4,False,True,False
APT-003712,REQ-003998,EMP-00091,LOC-06,SVC-01,2026-02-28,Completed,22,False,,,,,,5.0,68.7,False,True,False
APT-003714,REQ-004000,EMP-00033,LOC-05,SVC-08,2026-03-01,Completed,20,False,,,,,,4.8,76.0,False,True,False
APT-003715,REQ-004001,EMP-00058,LOC-07,SVC-01,2026-03-01,Completed,60,False,,,,,,4.9,94.6,False,False,False
APT-003716,REQ-004002,EMP-00023,LOC-02,SVC-01,2026-03-04,Completed,12,False,,,,,,4.8,89.3,False,True,False
APT-003717,REQ-004003,EMP-00027,LOC-01,SVC-04,2026-03-02,Completed,20,True,Urgent reassignment,,,,,3.7,76.6,False,True,False
APT-003720,REQ-004006,EMP-00017,LOC-05,SVC-06,2026-03-01,Completed,34,False,,,,,,,90.1,False,True,False
APT-003721,REQ-004007,EMP-00117,LOC-04,SVC-06,2026-03-02,Completed,14,False,,,,,,4.3,79.5,False,True,False
APT-003723,REQ-004009,EMP-00113,LOC-10,SVC-01,2026-03-01,Completed,14,False,,,,,,3.8,78.9,False,True,False
APT-003725,REQ-004011,EMP-00037,LOC-04,SVC-01,2026-03-02,Completed,25,False,,,,,,,99.8,False,True,False
APT-003729,REQ-004015,EMP-00085,LOC-10,SVC-04,2026-03-03,Completed,32,False,,,,,,4.4,92.6,False,True,False
APT-003731,REQ-004017,EMP-00079,LOC-08,SVC-06,2026-03-03,Completed,15,False,,,,,,4.0,82.1,False,True,False
APT-003732,REQ-004018,EMP-00090,LOC-06,SVC-08,2026-03-03,Completed,61,False,,,,,,5.0,72.6,False,True,False
APT-003734,REQ-004020,EMP-00068,LOC-08,SVC-02,2026-03-03,Completed,9,False,,,,,,3.6,79.7,False,True,True
APT-003735,REQ-004021,EMP-00131,LOC-05,SVC-07,2026-03-02,Completed,4,False,,,,,,4.1,88.1,False,True,False
APT-003737,REQ-004023,EMP-00057,LOC-05,SVC-09,2026-03-03,Completed,23,False,,,,,,4.2,71.4,False,True,False
APT-003738,REQ-004024,EMP-00104,LOC-08,SVC-01,2026-03-03,Completed,15,False,,,,,,3.9,85.1,False,True,False
APT-003739,REQ-004025,EMP-00008,LOC-01,SVC-07,2026-03-03,Completed,10,False,,,,,,3.6,84.4,False,True,False
APT-003741,REQ-004027,EMP-00018,LOC-01,SVC-01,2026-03-04,Completed,37,False,,,,,,4.3,98.8,False,True,False
APT-003743,REQ-004029,EMP-00006,LOC-10,SVC-02,2026-03-03,Completed,4,False,,,,,,4.5,91.5,False,True,False
APT-003745,REQ-004031,EMP-00146,LOC-01,SVC-05,2026-03-03,Completed,3,False,,,,,,4.4,80.6,False,True,False
APT-003746,REQ-004032,EMP-00066,LOC-06,SVC-04,2026-03-06,Completed,60,False,,,,,,5.0,85.1,False,True,True
APT-003747,REQ-004033,EMP-00051,LOC-01,SVC-01,2026-03-03,Completed,13,False,,,,,,4.0,100.0,False,True,True
APT-003748,REQ-004034,EMP-00143,LOC-10,SVC-07,2026-03-04,Completed,9,False,,,,,,3.9,56.6,False,True,True
APT-003750,REQ-004036,EMP-00055,LOC-08,SVC-04,2026-03-03,Completed,17,False,,,,,,4.4,87.2,False,True,False
APT-003753,REQ-004039,EMP-00118,LOC-09,SVC-09,2026-03-04,Completed,33,False,,,,,,3.7,76.5,False,True,True
APT-003755,REQ-004041,EMP-00103,LOC-02,SVC-05,2026-03-04,Completed,30,False,,,,,,5.0,100.0,False,True,True
APT-003756,REQ-004042,EMP-00066,LOC-06,SVC-05,2026-03-04,Completed,26,False,,,,,,3.8,74.5,False,True,True
APT-003757,REQ-004043,EMP-00002,LOC-07,SVC-08,2026-03-04,Completed,28,False,,,,,,4.9,89.9,False,True,True
APT-003759,REQ-004045,EMP-00110,LOC-02,SVC-06,2026-03-04,Completed,21,False,,,,,,4.7,82.5,False,True,False
APT-003760,REQ-004046,EMP-00062,LOC-10,SVC-04,2026-03-04,Completed,24,False,,,,,,3.9,84.1,False,True,False
APT-003761,REQ-004047,EMP-00086,LOC-01,SVC-09,2026-03-06,Completed,52,False,,,,,,,100.0,False,True,False
APT-003762,REQ-004048,EMP-00090,LOC-05,SVC-07,2026-03-04,Completed,28,False,,,,,,5.0,98.3,False,False,True
APT-003764,REQ-004051,EMP-00121,LOC-05,SVC-05,2026-03-05,Completed,27,False,,,,,,5.0,71.5,False,True,False
APT-003765,REQ-004052,EMP-00148,LOC-05,SVC-05,2026-03-04,Completed,18,False,,,,,,3.1,98.2,False,True,False
APT-003766,REQ-004054,EMP-00137,LOC-10,SVC-01,2026-03-04,Completed,41,False,,,,,,5.0,87.5,False,True,True
APT-003768,REQ-004056,EMP-00056,LOC-04,SVC-01,2026-03-06,Completed,17,False,,,,,,4.4,64.6,False,False,False
APT-003769,REQ-004058,EMP-00027,LOC-03,SVC-01,2026-03-05,Completed,14,False,,,,,,3.4,91.4,False,True,False
APT-003770,REQ-004059,EMP-00055,LOC-01,SVC-04,2026-03-04,Completed,21,False,,,,,,,72.1,False,True,False
APT-003772,REQ-004062,EMP-00138,LOC-01,SVC-01,2026-03-04,Completed,26,False,,,,,,3.6,88.7,False,False,False
APT-003773,REQ-004064,EMP-00047,LOC-02,SVC-05,2026-03-04,Completed,8,False,,,,,,,91.6,False,True,False
APT-003774,REQ-004065,EMP-00005,LOC-07,SVC-02,2026-03-05,Completed,43,True,Continuity of care,,,,,2.8,86.5,False,True,False
APT-003775,REQ-004066,EMP-00113,LOC-04,SVC-04,2026-03-04,Completed,28,False,,,,,,3.8,71.5,False,True,False
APT-003776,REQ-004068,EMP-00037,LOC-10,SVC-08,2026-03-04,Completed,27,False,,,,,,5.0,100.0,False,True,False
APT-003780,REQ-004073,EMP-00115,LOC-08,SVC-07,2026-03-05,Completed,17,False,,,,,,3.3,85.4,False,False,True
APT-003781,REQ-004074,EMP-00044,LOC-02,SVC-09,2026-03-06,Completed,36,False,,,,,,4.9,89.9,False,True,False
APT-003782,REQ-004075,EMP-00011,LOC-09,SVC-01,2026-03-05,Completed,30,False,,,,,,4.1,81.1,False,True,True
APT-003786,REQ-004080,EMP-00062,LOC-09,SVC-09,2026-03-06,Completed,7,False,,,,,,5.0,75.4,False,True,False
APT-003787,REQ-004082,EMP-00004,LOC-06,SVC-02,2026-03-05,Completed,52,False,,,,,,4.9,73.1,False,True,True
APT-003789,REQ-004084,EMP-00079,LOC-03,SVC-07,2026-03-05,Completed,25,False,,,,,,,79.8,False,True,True
APT-003792,REQ-004087,EMP-00030,LOC-07,SVC-01,2026-03-09,Completed,3,False,,,,,,3.2,85.5,False,False,True
APT-003793,REQ-004089,EMP-00090,LOC-10,SVC-05,2026-03-05,Completed,16,False,,,,,,3.2,70.7,False,True,False
APT-003794,REQ-004090,EMP-00124,LOC-06,SVC-08,2026-03-06,Completed,8,False,,,,,,4.6,85.6,False,True,False
APT-003797,REQ-004093,EMP-00126,LOC-08,SVC-03,2026-03-06,Completed,11,False,,,,,,5.0,99.9,False,True,False
APT-003799,REQ-004095,EMP-00139,LOC-09,SVC-02,2026-03-06,Completed,18,False,,,,,,4.0,90.4,False,True,False
APT-003800,REQ-004096,EMP-00112,LOC-02,SVC-01,2026-03-05,Completed,3,False,,,,,,5.0,85.8,False,True,False
APT-003802,REQ-004098,EMP-00110,LOC-03,SVC-02,2026-03-05,Completed,17,False,,,,,,4.0,87.5,False,True,False
APT-003804,REQ-004100,EMP-00013,LOC-08,SVC-01,2026-03-08,Completed,29,False,,,,,,,78.6,False,True,False
APT-003805,REQ-004101,EMP-00049,LOC-01,SVC-01,2026-03-07,Completed,32,False,,,,,,4.8,73.0,False,True,False
APT-003806,REQ-004102,EMP-00095,LOC-01,SVC-03,2026-03-06,Completed,32,False,,,,,,3.7,67.9,False,True,False
APT-003808,REQ-004104,EMP-00123,LOC-03,SVC-07,2026-03-06,Completed,15,False,,,,,,4.5,82.9,False,True,False
APT-003809,REQ-004105,EMP-00057,LOC-06,SVC-07,2026-03-07,Completed,3,False,,,,,,,81.9,False,True,False
APT-003810,REQ-004106,EMP-00014,LOC-03,SVC-03,2026-03-07,Completed,35,False,,,,,,,82.7,False,True,False
APT-003811,REQ-004107,EMP-00113,LOC-02,SVC-01,2026-03-06,Completed,50,True,Urgent reassignment,,,,,,87.1,False,True,False
APT-003812,REQ-004108,EMP-00109,LOC-02,SVC-08,2026-03-08,Completed,10,False,,,,,,4.2,71.1,False,True,False
APT-003814,REQ-004110,EMP-00041,LOC-06,SVC-01,2026-03-07,Completed,14,False,,,,,,4.0,82.1,False,True,False
APT-003815,REQ-004111,EMP-00062,LOC-10,SVC-01,2026-03-07,Completed,16,False,,,,,,3.4,79.1,False,False,False
APT-003817,REQ-004113,EMP-00057,LOC-01,SVC-04,2026-03-07,Completed,3,False,,,,,,3.7,83.0,True,True,True
APT-003818,REQ-004114,EMP-00040,LOC-09,SVC-07,2026-03-06,Completed,22,False,,,,,,5.0,66.7,False,True,True
APT-003819,REQ-004115,EMP-00142,LOC-04,SVC-06,2026-03-06,Completed,22,False,,,,,,3.6,58.5,False,True,False
APT-003820,REQ-004116,EMP-00102,LOC-06,SVC-06,2026-03-07,Completed,29,False,,,,,,4.8,75.7,False,True,False
APT-003821,REQ-004117,EMP-00024,LOC-05,SVC-07,2026-03-07,Completed,13,False,,,,,,3.8,100.0,False,True,False
APT-003822,REQ-004118,EMP-00103,LOC-02,SVC-04,2026-03-07,Completed,14,False,,,,,,4.1,72.2,False,False,True
APT-003823,REQ-004119,EMP-00064,LOC-09,SVC-05,2026-03-07,Completed,38,False,,,,,,3.7,84.9,False,True,False
APT-003824,REQ-004121,EMP-00105,LOC-03,SVC-03,2026-03-07,Completed,7,False,,,,,,5.0,79.1,False,True,True
APT-003826,REQ-004123,EMP-00121,LOC-05,SVC-05,2026-03-07,Completed,22,False,,,,,,4.0,58.6,False,True,True
APT-003830,REQ-004127,EMP-00102,LOC-08,SVC-05,2026-03-08,Completed,19,False,,,,,,3.0,86.1,False,True,False
APT-003832,REQ-004129,EMP-00101,LOC-03,SVC-05,2026-03-07,Completed,14,False,,,,,,4.8,73.3,False,True,False
APT-003833,REQ-004130,EMP-00089,LOC-08,SVC-08,2026-03-07,Completed,20,False,,,,,,3.8,87.0,False,False,False
APT-003835,REQ-004132,EMP-00043,LOC-09,SVC-09,2026-03-08,Completed,40,False,,,,,,5.0,78.0,False,True,True
APT-003837,REQ-004134,EMP-00128,LOC-04,SVC-08,2026-03-07,Completed,36,False,,,,,,4.8,90.2,False,True,False
APT-003838,REQ-004135,EMP-00040,LOC-07,SVC-05,2026-03-08,Completed,33,True,Skill match unavailable,,,,,3.7,65.7,False,True,False
APT-003839,REQ-004136,EMP-00024,LOC-06,SVC-02,2026-03-08,Completed,34,False,,,,,,2.5,70.7,False,False,False
APT-003842,REQ-004139,EMP-00063,LOC-01,SVC-01,2026-03-08,Completed,6,False,,,,,,4.5,71.4,False,True,False
APT-003843,REQ-004140,EMP-00008,LOC-05,SVC-01,2026-03-09,Completed,25,False,,,,,,5.0,76.4,False,True,False
APT-003844,REQ-004141,EMP-00004,LOC-08,SVC-06,2026-03-08,Completed,32,False,,,,,,3.7,94.3,False,True,False
APT-003847,REQ-004144,EMP-00128,LOC-06,SVC-01,2026-03-09,Completed,23,False,,,,,,4.0,79.4,False,True,True
APT-003848,REQ-004145,EMP-00002,LOC-06,SVC-03,2026-03-11,Completed,42,True,Urgent reassignment,,,,,5.0,84.3,False,True,False
APT-003849,REQ-004146,EMP-00096,LOC-01,SVC-03,2026-03-11,Completed,33,False,,,,,,3.9,78.8,True,True,False
APT-003851,REQ-004148,EMP-00058,LOC-08,SVC-06,2026-03-10,Completed,24,False,,,,,,4.3,70.9,False,True,False
APT-003852,REQ-004149,EMP-00014,LOC-10,SVC-01,2026-03-13,Completed,32,False,,,,,,4.4,86.4,False,True,False
APT-003854,REQ-004151,EMP-00014,LOC-01,SVC-04,2026-03-10,Completed,14,False,,,,,,2.9,81.7,False,False,False
APT-003856,REQ-004153,EMP-00049,LOC-10,SVC-03,2026-03-09,Completed,47,False,,,,,,4.4,68.5,False,True,False
APT-003858,REQ-004155,EMP-00136,LOC-06,SVC-02,2026-03-11,Completed,51,False,,,,,,3.7,88.6,False,True,False
APT-003860,REQ-004157,EMP-00002,LOC-07,SVC-02,2026-03-09,Completed,43,True,Skill match unavailable,,,,,4.5,77.1,False,True,False
APT-003861,REQ-004158,EMP-00033,LOC-05,SVC-05,2026-03-09,Completed,22,False,,,,,,2.5,68.3,False,True,False
APT-003862,REQ-004159,EMP-00017,LOC-07,SVC-06,2026-03-10,Completed,30,False,,,,,,3.8,83.6,False,True,False
APT-003863,REQ-004160,EMP-00054,LOC-09,SVC-05,2026-03-09,Completed,52,False,,,,,,5.0,95.7,True,True,True
APT-003865,REQ-004162,EMP-00051,LOC-10,SVC-09,2026-03-09,Completed,13,False,,,,,,3.6,73.4,False,True,True
APT-003868,REQ-004165,EMP-00017,LOC-04,SVC-02,2026-03-10,Completed,49,False,,,,,,4.8,73.8,False,True,False
APT-003870,REQ-004167,EMP-00128,LOC-07,SVC-05,2026-03-12,Completed,50,False,,,,,,4.4,85.0,False,True,False
APT-003874,REQ-004171,EMP-00080,LOC-05,SVC-05,2026-03-10,Completed,17,False,,,,,,3.9,95.7,False,True,False
APT-003875,REQ-004172,EMP-00089,LOC-03,SVC-06,2026-03-12,Completed,34,False,,,,,,4.1,63.7,False,True,False
APT-003876,REQ-004173,EMP-00064,LOC-03,SVC-01,2026-03-10,Completed,26,False,,,,,,4.2,89.2,False,True,False
APT-003877,REQ-004174,EMP-00142,LOC-08,SVC-01,2026-03-10,Completed,24,False,,,,,,5.0,82.5,False,True,False
APT-003878,REQ-004175,EMP-00054,LOC-03,SVC-02,2026-03-11,Completed,11,False,,,,,,4.3,90.0,False,True,False
APT-003881,REQ-004178,EMP-00006,LOC-05,SVC-01,2026-03-10,Completed,18,False,,,,,,4.0,90.2,False,True,True
APT-003882,REQ-004179,EMP-00115,LOC-02,SVC-02,2026-03-10,Completed,5,False,,,,,,4.6,77.3,False,True,True
APT-003883,REQ-004180,EMP-00002,LOC-08,SVC-01,2026-03-10,Completed,44,True,Urgent reassignment,,,,,4.5,78.4,False,True,False
APT-003884,REQ-004181,EMP-00124,LOC-09,SVC-02,2026-03-12,Completed,11,False,,,,,,4.1,69.7,False,True,False
APT-003885,REQ-004183,EMP-00136,LOC-03,SVC-03,2026-03-10,Completed,20,False,,,,,,4.3,70.6,False,True,False
APT-003886,REQ-004184,EMP-00039,LOC-01,SVC-05,2026-03-12,Completed,20,False,,,,,,3.8,87.9,False,True,False
APT-003887,REQ-004185,EMP-00052,LOC-09,SVC-03,2026-03-12,Completed,3,False,,,,,,5.0,87.8,False,True,False
APT-003888,REQ-004186,EMP-00086,LOC-02,SVC-06,2026-03-12,Completed,30,True,Client preference,,,,,5.0,77.5,False,True,True
APT-003890,REQ-004189,EMP-00054,LOC-08,SVC-01,2026-03-11,Completed,13,False,,,,,,4.5,94.0,False,True,False
APT-003893,REQ-004192,EMP-00018,LOC-07,SVC-02,2026-03-13,Completed,54,False,,,,,,4.4,75.3,False,True,False
APT-003895,REQ-004194,EMP-00094,LOC-06,SVC-05,2026-03-11,Completed,27,False,,,,,,3.6,79.5,False,True,False
APT-003897,REQ-004196,EMP-00047,LOC-04,SVC-07,2026-03-11,Completed,15,False,,,,,,4.2,69.9,False,True,False
APT-003898,REQ-004197,EMP-00060,LOC-02,SVC-05,2026-03-11,Completed,12,False,,,,,,3.6,80.4,False,True,False
APT-003899,REQ-004198,EMP-00037,LOC-07,SVC-01,2026-03-12,Completed,21,False,,,,,,4.7,67.5,False,True,True
APT-003900,REQ-004199,EMP-00104,LOC-03,SVC-01,2026-03-12,Completed,8,False,,,,,,3.4,77.5,False,False,False
APT-003901,REQ-004200,EMP-00141,LOC-06,SVC-07,2026-03-12,Completed,29,False,,,,,,,58.3,False,True,False
APT-003902,REQ-004201,EMP-00056,LOC-07,SVC-02,2026-03-11,Completed,62,False,,,,,,3.9,66.5,False,True,False
APT-003903,REQ-004202,EMP-00039,LOC-06,SVC-07,2026-03-12,Completed,22,False,,,,,,,64.0,False,True,True
APT-003905,REQ-004204,EMP-00030,LOC-07,SVC-01,2026-03-12,Completed,39,False,,,,,,4.0,83.3,False,True,False
APT-003908,REQ-004207,EMP-00037,LOC-09,SVC-01,2026-03-13,Completed,7,False,,,,,,4.1,98.5,False,True,False
APT-003909,REQ-004208,EMP-00005,LOC-08,SVC-05,2026-03-12,Completed,37,False,,,,,,3.6,82.5,False,False,True
APT-003911,REQ-004210,EMP-00106,LOC-07,SVC-09,2026-03-12,Completed,55,False,,,,,,3.6,77.5,False,True,True
APT-003916,REQ-004216,EMP-00086,LOC-09,SVC-05,2026-03-13,Completed,19,False,,,,,,4.5,72.9,False,True,True
APT-003917,REQ-004217,EMP-00091,LOC-04,SVC-01,2026-03-12,Completed,41,True,Urgent reassignment,,,,,4.8,82.3,False,True,False
APT-003918,REQ-004218,EMP-00134,LOC-02,SVC-03,2026-03-15,Completed,17,False,,,,,,3.4,67.2,False,True,False
APT-003920,REQ-004221,EMP-00039,LOC-05,SVC-08,2026-03-12,Completed,47,False,,,,,,2.9,69.4,False,True,False
APT-003921,REQ-004222,EMP-00115,LOC-08,SVC-02,2026-03-12,Completed,24,False,,,,,,4.2,88.8,False,True,False
APT-003922,REQ-004223,EMP-00129,LOC-08,SVC-04,2026-03-12,Completed,57,False,,,,,,4.1,78.2,False,True,False
APT-003923,REQ-004224,EMP-00102,LOC-10,SVC-02,2026-03-12,Completed,22,False,,,,,,4.6,76.9,False,True,True
APT-003924,REQ-004225,EMP-00134,LOC-03,SVC-04,2026-03-14,Completed,11,False,,,,,,3.4,77.6,False,True,False
APT-003926,REQ-004227,EMP-00064,LOC-06,SVC-03,2026-03-12,Completed,42,False,,,,,,3.6,69.1,False,True,False
APT-003927,REQ-004228,EMP-00086,LOC-03,SVC-09,2026-03-15,Completed,17,False,,,,,,3.7,72.1,False,False,False
APT-003928,REQ-004230,EMP-00084,LOC-01,SVC-03,2026-03-13,Completed,34,False,,,,,,4.2,75.9,False,True,True
APT-003929,REQ-004231,EMP-00124,LOC-01,SVC-04,2026-03-14,Completed,22,False,,,,,,5.0,83.2,False,True,True
APT-003930,REQ-004232,EMP-00006,LOC-10,SVC-02,2026-03-16,Completed,3,False,,,,,,,87.0,False,True,False
APT-003931,REQ-004233,EMP-00121,LOC-03,SVC-04,2026-03-13,Completed,17,True,Urgent reassignment,,,,,5.0,85.6,False,True,False
APT-003932,REQ-004234,EMP-00084,LOC-04,SVC-03,2026-03-14,Completed,3,False,,,,,,5.0,94.2,False,True,False
APT-003934,REQ-004237,EMP-00032,LOC-09,SVC-09,2026-03-14,Completed,3,True,Continuity of care,,,,,3.7,77.7,False,True,False
APT-003935,REQ-004238,EMP-00148,LOC-07,SVC-01,2026-03-14,Completed,32,False,,,,,,3.1,67.5,False,True,False
APT-003936,REQ-004239,EMP-00014,LOC-03,SVC-08,2026-03-13,Completed,26,False,,,,,,4.3,80.6,False,True,False
APT-003937,REQ-004240,EMP-00039,LOC-05,SVC-03,2026-03-13,Completed,15,False,,,,,,4.3,93.3,False,False,True
APT-003938,REQ-004241,EMP-00138,LOC-02,SVC-01,2026-03-14,Completed,16,False,,,,,,4.9,80.1,False,True,False
APT-003940,REQ-004243,EMP-00064,LOC-07,SVC-01,2026-03-13,Completed,32,False,,,,,,4.4,59.9,False,True,False
APT-003941,REQ-004244,EMP-00052,LOC-04,SVC-03,2026-03-16,Completed,24,False,,,,,,4.0,92.4,False,False,False
APT-003942,REQ-004245,EMP-00061,LOC-04,SVC-04,2026-03-14,Completed,18,False,,,,,,4.1,85.7,False,False,False
APT-003944,REQ-004247,EMP-00036,LOC-02,SVC-09,2026-03-14,Completed,36,False,,,,,,4.0,91.1,False,True,True
APT-003949,REQ-004252,EMP-00057,LOC-01,SVC-01,2026-03-15,Completed,35,False,,,,,,5.0,74.2,False,True,False
APT-003950,REQ-004253,EMP-00066,LOC-04,SVC-02,2026-03-14,Completed,3,False,,,,,,4.3,77.7,False,True,False
APT-003951,REQ-004254,EMP-00131,LOC-02,SVC-01,2026-03-14,Completed,21,False,,,,,,5.0,94.8,False,True,False
APT-003952,REQ-004255,EMP-00011,LOC-06,SVC-01,2026-03-14,Completed,19,False,,,,,,3.6,80.0,False,True,True
APT-003953,REQ-004256,EMP-00002,LOC-09,SVC-05,2026-03-16,Completed,17,False,,,,,,4.6,88.6,False,True,True
APT-003956,REQ-004259,EMP-00120,LOC-05,SVC-03,2026-03-14,Completed,13,False,,,,,,3.7,73.3,False,False,False
APT-003957,REQ-004260,EMP-00068,LOC-05,SVC-09,2026-03-16,Completed,13,False,,,,,,4.3,79.1,False,True,False
APT-003958,REQ-004261,EMP-00041,LOC-09,SVC-06,2026-03-17,Completed,11,True,Client preference,,,,,3.5,71.8,False,False,False
APT-003959,REQ-004262,EMP-00015,LOC-02,SVC-06,2026-03-15,Completed,34,False,,,,,,3.6,83.5,False,True,False
APT-003960,REQ-004263,EMP-00090,LOC-04,SVC-01,2026-03-16,Completed,13,False,,,,,,3.6,93.6,False,True,False
APT-003961,REQ-004264,EMP-00110,LOC-09,SVC-06,2026-03-15,Completed,29,False,,,,,,3.2,80.7,False,True,False
APT-003962,REQ-004265,EMP-00021,LOC-06,SVC-06,2026-03-15,Completed,3,False,,,,,,4.6,94.1,False,True,False
APT-003963,REQ-004266,EMP-00096,LOC-10,SVC-07,2026-03-15,Completed,40,False,,,,,,3.6,86.8,False,True,False
APT-003964,REQ-004267,EMP-00143,LOC-03,SVC-08,2026-03-16,Completed,28,False,,,,,,3.6,91.9,False,True,True
APT-003965,REQ-004268,EMP-00101,LOC-03,SVC-07,2026-03-15,Completed,3,False,,,,,,,92.4,False,True,False
APT-003966,REQ-004269,EMP-00119,LOC-03,SVC-07,2026-03-15,Completed,34,False,,,,,,,87.9,False,True,False
APT-003967,REQ-004270,EMP-00030,LOC-06,SVC-01,2026-03-19,Completed,15,False,,,,,,4.3,75.0,False,True,False
APT-003969,REQ-004272,EMP-00120,LOC-10,SVC-01,2026-03-17,Completed,35,False,,,,,,5.0,85.3,False,True,False
APT-003970,REQ-004274,EMP-00131,LOC-07,SVC-09,2026-03-17,Completed,37,False,,,,,,5.0,92.3,False,True,False
APT-003971,REQ-004275,EMP-00121,LOC-01,SVC-02,2026-03-20,Completed,26,False,,,,,,4.0,95.9,False,False,True
APT-003973,REQ-004277,EMP-00089,LOC-07,SVC-08,2026-03-20,Completed,35,False,,,,,,5.0,76.9,False,True,False
APT-003974,REQ-004278,EMP-00056,LOC-06,SVC-03,2026-03-17,Completed,3,False,,,,,,3.8,83.6,False,True,False
APT-003975,REQ-004279,EMP-00101,LOC-05,SVC-06,2026-03-17,Completed,3,False,,,,,,4.1,70.4,False,True,False
APT-003976,REQ-004280,EMP-00091,LOC-06,SVC-08,2026-03-17,Completed,12,False,,,,,,3.4,85.3,False,True,False
APT-003978,REQ-004282,EMP-00044,LOC-02,SVC-09,2026-03-16,Completed,8,False,,,,,,3.2,96.5,False,True,False
APT-003979,REQ-004283,EMP-00018,LOC-09,SVC-03,2026-03-16,Completed,32,False,,,,,,4.5,71.4,False,False,True
APT-003981,REQ-004285,EMP-00138,LOC-02,SVC-08,2026-03-17,Completed,20,True,Client preference,,,,,,93.7,False,True,False
APT-003983,REQ-004287,EMP-00121,LOC-04,SVC-03,2026-03-17,Completed,3,False,,,,,,3.7,78.9,False,True,False
APT-003984,REQ-004288,EMP-00124,LOC-02,SVC-04,2026-03-16,Completed,21,False,,,,,,4.5,74.6,False,True,False
APT-003985,REQ-004289,EMP-00024,LOC-01,SVC-01,2026-03-17,Completed,3,False,,,,,,,74.6,False,True,True
APT-003986,REQ-004290,EMP-00150,LOC-10,SVC-06,2026-03-18,Completed,26,False,,,,,,3.8,66.5,False,True,True
APT-003988,REQ-004292,EMP-00070,LOC-03,SVC-07,2026-03-16,Completed,32,False,,,,,,5.0,88.9,False,True,False
APT-003989,REQ-004293,EMP-00084,LOC-05,SVC-08,2026-03-17,Completed,20,False,,,,,,3.9,70.5,False,True,True
APT-003990,REQ-004294,EMP-00022,LOC-09,SVC-02,2026-03-17,Completed,7,False,,,,,,5.0,89.9,False,True,True
APT-003993,REQ-004297,EMP-00080,LOC-05,SVC-06,2026-03-17,Completed,16,False,,,,,,3.6,71.8,False,True,False
APT-003998,REQ-004302,EMP-00124,LOC-04,SVC-04,2026-03-18,Completed,18,False,,,,,,3.4,70.7,False,True,True
APT-003999,REQ-004303,EMP-00085,LOC-03,SVC-01,2026-03-18,Completed,45,False,,,,,,5.0,93.0,False,True,True
APT-004000,REQ-004304,EMP-00028,LOC-04,SVC-05,2026-03-17,Completed,18,False,,,,,,,90.1,False,True,False
APT-004001,REQ-004305,EMP-00134,LOC-02,SVC-08,2026-03-17,Completed,19,False,,,,,,4.8,80.2,False,True,False
APT-004005,REQ-004309,EMP-00142,LOC-01,SVC-01,2026-03-18,Completed,21,False,,,,,,4.5,93.1,False,True,False
APT-004006,REQ-004310,EMP-00080,LOC-04,SVC-01,2026-03-17,Completed,20,False,,,,,,4.1,79.4,False,True,False
APT-004007,REQ-004311,EMP-00044,LOC-10,SVC-01,2026-03-17,Completed,28,False,,,,,,4.3,88.8,False,True,False
APT-004008,REQ-004313,EMP-00052,LOC-03,SVC-04,2026-03-17,Completed,27,False,,,,,,4.8,93.7,False,True,False
APT-004009,REQ-004314,EMP-00064,LOC-08,SVC-01,2026-03-18,Completed,28,True,Continuity of care,,,,,3.6,83.8,False,True,False
APT-004014,REQ-004319,EMP-00129,LOC-08,SVC-07,2026-03-17,Completed,42,False,,,,,,5.0,82.6,False,True,False
APT-004015,REQ-004320,EMP-00052,LOC-08,SVC-01,2026-03-18,Completed,46,False,,,,,,5.0,82.7,False,True,False
APT-004017,REQ-004322,EMP-00106,LOC-04,SVC-03,2026-03-17,Completed,24,False,,,,,,5.0,64.2,False,True,False
APT-004018,REQ-004323,EMP-00091,LOC-08,SVC-04,2026-03-19,Completed,17,True,Skill match unavailable,,,,,4.6,83.4,False,True,False
APT-004022,REQ-004327,EMP-00143,LOC-02,SVC-07,2026-03-17,Completed,10,False,,,,,,3.9,74.8,True,False,False
APT-004023,REQ-004328,EMP-00064,LOC-07,SVC-01,2026-03-19,Completed,12,False,,,,,,4.7,65.0,False,False,False
APT-004024,REQ-004329,EMP-00133,LOC-08,SVC-08,2026-03-18,Completed,25,False,,,,,,,88.7,False,True,True
APT-004025,REQ-004330,EMP-00092,LOC-04,SVC-01,2026-03-17,Completed,8,False,,,,,,,91.3,False,False,False
APT-004026,REQ-004331,EMP-00100,LOC-03,SVC-03,2026-03-17,Completed,13,False,,,,,,2.0,99.5,False,True,False
APT-004027,REQ-004332,EMP-00101,LOC-04,SVC-01,2026-03-17,Completed,13,False,,,,,,4.5,81.0,False,True,False
APT-004028,REQ-004333,EMP-00061,LOC-01,SVC-08,2026-03-18,Completed,26,False,,,,,,4.7,70.8,False,False,False
APT-004029,REQ-004334,EMP-00022,LOC-08,SVC-05,2026-03-19,Completed,27,False,,,,,,4.0,71.0,False,True,False
APT-004030,REQ-004335,EMP-00102,LOC-07,SVC-05,2026-03-18,Completed,18,False,,,,,,,66.2,False,True,False
APT-004032,REQ-004337,EMP-00055,LOC-08,SVC-03,2026-03-18,Completed,49,False,,,,,,4.4,100.0,False,True,False
APT-004033,REQ-004338,EMP-00101,LOC-02,SVC-06,2026-03-21,Completed,22,False,,,,,,3.8,75.8,False,True,False
APT-004034,REQ-004339,EMP-00113,LOC-01,SVC-03,2026-03-18,Completed,18,False,,,,,,,85.6,False,False,True
APT-004035,REQ-004340,EMP-00014,LOC-01,SVC-08,2026-03-19,Completed,9,False,,,,,,4.3,96.3,False,True,False
APT-004036,REQ-004341,EMP-00013,LOC-09,SVC-08,2026-03-18,Completed,19,False,,,,,,4.8,85.0,False,True,False
APT-004037,REQ-004342,EMP-00028,LOC-03,SVC-03,2026-03-18,Completed,24,False,,,,,,3.1,57.2,False,True,False
APT-004038,REQ-004343,EMP-00139,LOC-07,SVC-01,2026-03-18,Completed,25,False,,,,,,3.5,76.4,False,True,False
APT-004039,REQ-004344,EMP-00042,LOC-08,SVC-04,2026-03-19,Completed,24,False,,,,,,4.0,59.5,False,True,False
APT-004040,REQ-004345,EMP-00049,LOC-06,SVC-09,2026-03-18,Completed,33,False,,,,,,3.3,80.5,False,True,False
APT-004042,REQ-004347,EMP-00069,LOC-09,SVC-06,2026-03-21,Completed,14,False,,,,,,,90.7,False,True,False
APT-004043,REQ-004348,EMP-00119,LOC-02,SVC-02,2026-03-18,Completed,25,False,,,,,,4.5,72.2,True,True,False
APT-004046,REQ-004351,EMP-00051,LOC-06,SVC-01,2026-03-18,Completed,6,False,,,,,,3.6,82.6,False,True,False
APT-004047,REQ-004352,EMP-00141,LOC-02,SVC-08,2026-03-19,Completed,17,False,,,,,,4.0,85.1,False,True,True
APT-004048,REQ-004353,EMP-00089,LOC-09,SVC-01,2026-03-19,Completed,15,False,,,,,,5.0,80.1,False,True,False
APT-004050,REQ-004355,EMP-00035,LOC-09,SVC-03,2026-03-22,Completed,50,False,,,,,,4.6,80.9,False,False,False
APT-004051,REQ-004356,EMP-00121,LOC-10,SVC-09,2026-03-19,Completed,3,False,,,,,,4.4,89.0,False,False,False
APT-004052,REQ-004357,EMP-00018,LOC-01,SVC-01,2026-03-19,Completed,3,False,,,,,,4.9,77.3,False,True,False
APT-004053,REQ-004358,EMP-00070,LOC-06,SVC-08,2026-03-19,Completed,3,False,,,,,,4.0,75.0,False,True,True
APT-004054,REQ-004359,EMP-00090,LOC-10,SVC-01,2026-03-24,Completed,39,False,,,,,,4.4,69.4,False,False,False
APT-004055,REQ-004360,EMP-00013,LOC-04,SVC-05,2026-03-19,Completed,13,False,,,,,,,73.7,False,True,True
APT-004057,REQ-004362,EMP-00024,LOC-09,SVC-03,2026-03-19,Completed,65,False,,,,,,,78.1,False,True,False
APT-004058,REQ-004363,EMP-00027,LOC-06,SVC-05,2026-03-21,Completed,5,False,,,,,,4.1,94.4,False,True,False
APT-004060,REQ-004365,EMP-00002,LOC-08,SVC-08,2026-03-20,Completed,17,False,,,,,,3.9,84.4,False,False,False
APT-004061,REQ-004367,EMP-00095,LOC-10,SVC-07,2026-03-21,Completed,48,False,,,,,,3.6,91.4,False,False,False
APT-004067,REQ-004374,EMP-00099,LOC-07,SVC-08,2026-03-20,Completed,48,False,,,,,,3.7,80.1,False,True,False
APT-004068,REQ-004375,EMP-00002,LOC-07,SVC-07,2026-03-21,Completed,32,False,,,,,,4.0,90.5,False,True,False
APT-004070,REQ-004377,EMP-00104,LOC-07,SVC-06,2026-03-22,Completed,26,False,,,,,,3.5,84.2,False,True,True
APT-004071,REQ-004378,EMP-00089,LOC-10,SVC-05,2026-03-21,Completed,50,False,,,,,,4.5,77.5,False,True,False
APT-004072,REQ-004379,EMP-00008,LOC-06,SVC-01,2026-03-20,Completed,16,False,,,,,,3.9,82.4,False,True,True
APT-004073,REQ-004380,EMP-00022,LOC-03,SVC-02,2026-03-20,Completed,29,False,,,,,,,75.9,False,True,False
APT-004074,REQ-004381,EMP-00011,LOC-02,SVC-01,2026-03-21,Completed,19,False,,,,,,2.4,76.1,False,True,False
APT-004075,REQ-004382,EMP-00061,LOC-02,SVC-07,2026-03-21,Completed,16,False,,,,,,3.7,100.0,False,True,False
APT-004076,REQ-004383,EMP-00101,LOC-10,SVC-01,2026-03-20,Completed,8,False,,,,,,3.7,73.2,False,True,False
APT-004077,REQ-004384,EMP-00112,LOC-10,SVC-04,2026-03-21,Completed,31,False,,,,,,3.6,90.3,False,False,False
APT-004078,REQ-004385,EMP-00050,LOC-06,SVC-08,2026-03-20,Completed,50,False,,,,,,,86.9,False,True,False
APT-004083,REQ-004390,EMP-00033,LOC-09,SVC-09,2026-03-21,Completed,21,False,,,,,,3.3,76.0,False,True,False
APT-004084,REQ-004391,EMP-00062,LOC-03,SVC-02,2026-03-20,Completed,15,False,,,,,,3.6,100.0,False,True,False
APT-004085,REQ-004393,EMP-00032,LOC-09,SVC-03,2026-03-21,Completed,11,False,,,,,,4.1,77.7,False,True,True
APT-004086,REQ-004394,EMP-00110,LOC-04,SVC-09,2026-03-21,Completed,13,False,,,,,,3.9,68.4,False,True,False
APT-004088,REQ-004396,EMP-00013,LOC-06,SVC-01,2026-03-21,Completed,24,False,,,,,,4.1,76.2,False,True,True
APT-004089,REQ-004397,EMP-00023,LOC-04,SVC-06,2026-03-21,Completed,18,False,,,,,,4.7,76.2,False,True,False
APT-004090,REQ-004398,EMP-00065,LOC-01,SVC-02,2026-03-20,Completed,3,False,,,,,,,73.8,False,True,False
APT-004091,REQ-004399,EMP-00031,LOC-04,SVC-01,2026-03-20,Completed,12,False,,,,,,3.1,76.6,False,True,False
APT-004095,REQ-004403,EMP-00118,LOC-06,SVC-01,2026-03-21,Completed,13,False,,,,,,,80.5,False,True,False
APT-002058,REQ-002217,EMP-00054,LOC-02,SVC-03,2025-11-27,Rescheduled,5,False,,,,,,,,,,
APT-002063,REQ-002222,EMP-00118,LOC-08,SVC-01,2025-11-27,Rescheduled,10,False,,,,,,,,,,
APT-002066,REQ-002225,EMP-00050,LOC-01,SVC-05,2025-11-27,Rescheduled,25,False,,,,,,,,,,
APT-002082,REQ-002243,EMP-00086,LOC-06,SVC-01,2025-11-30,Rescheduled,18,False,,,,,,,,,,
APT-002091,REQ-002253,EMP-00134,LOC-05,SVC-07,2025-11-28,Rescheduled,51,False,,,,,,,,,,
APT-002133,REQ-002298,EMP-00124,LOC-01,SVC-01,2025-12-01,Rescheduled,16,False,,,,,,,,,,
APT-002171,REQ-002338,EMP-00080,LOC-04,SVC-05,2025-12-04,Rescheduled,19,False,,,,,,,,,,
APT-002177,REQ-002345,EMP-00103,LOC-05,SVC-05,2025-12-03,Rescheduled,15,True,Continuity of care,,,,,,,,,
APT-002183,REQ-002352,EMP-00099,LOC-08,SVC-01,2025-12-04,Rescheduled,53,False,,,,,,,,,,
APT-002203,REQ-002373,EMP-00113,LOC-03,SVC-02,2025-12-05,Rescheduled,3,False,,,,,,,,,,
APT-002207,REQ-002377,EMP-00031,LOC-03,SVC-07,2025-12-06,Rescheduled,16,False,,,,,,,,,,
APT-002231,REQ-002401,EMP-00058,LOC-07,SVC-09,2025-12-07,Rescheduled,48,False,,,,,,,,,,
APT-002236,REQ-002407,EMP-00027,LOC-02,SVC-01,2025-12-06,Rescheduled,3,False,,,,,,,,,,
APT-002237,REQ-002408,EMP-00067,LOC-02,SVC-07,2025-12-08,Rescheduled,16,False,,,,,,,,,,
APT-002267,REQ-002439,EMP-00117,LOC-02,SVC-01,2025-12-11,Rescheduled,20,False,,,,,,,,,,
APT-002286,REQ-002459,EMP-00099,LOC-02,SVC-01,2025-12-09,Rescheduled,18,False,,,,,,,,,,
APT-002303,REQ-002479,EMP-00117,LOC-06,SVC-02,2025-12-10,Rescheduled,3,True,Skill match unavailable,,,,,,,,,
APT-002312,REQ-002488,EMP-00092,LOC-04,SVC-03,2025-12-14,Rescheduled,14,True,Urgent reassignment,,,,,,,,,
APT-002333,REQ-002510,EMP-00032,LOC-02,SVC-06,2025-12-13,Rescheduled,3,False,,,,,,,,,,
APT-002335,REQ-002512,EMP-00139,LOC-09,SVC-08,2025-12-12,Rescheduled,40,False,,,,,,,,,,
APT-002389,REQ-002572,EMP-00030,LOC-04,SVC-01,2025-12-17,Rescheduled,54,False,,,,,,,,,,
APT-002406,REQ-002592,EMP-00134,LOC-02,SVC-08,2025-12-17,Rescheduled,23,True,Skill match unavailable,,,,,,,,,
APT-002442,REQ-002629,EMP-00017,LOC-07,SVC-02,2025-12-22,Rescheduled,14,False,,,,,,,,,,
APT-002454,REQ-002643,EMP-00137,LOC-10,SVC-05,2025-12-19,Rescheduled,46,False,,,,,,,,,,
APT-002459,REQ-002649,EMP-00008,LOC-03,SVC-05,2025-12-20,Rescheduled,31,False,,,,,,,,,,
APT-002484,REQ-002674,EMP-00086,LOC-02,SVC-04,2025-12-22,Rescheduled,8,False,,,,,,,,,,
APT-002491,REQ-002681,EMP-00039,LOC-08,SVC-08,2025-12-23,Rescheduled,15,False,,,,,,,,,,
APT-002564,REQ-002762,EMP-00109,LOC-08,SVC-06,2025-12-26,Rescheduled,29,False,,,,,,,,,,
APT-002586,REQ-002785,EMP-00062,LOC-05,SVC-01,2025-12-27,Rescheduled,7,False,,,,,,,,,,
APT-002616,REQ-002815,EMP-00057,LOC-10,SVC-08,2025-12-30,Rescheduled,34,False,,,,,,,,,,
APT-002631,REQ-002830,EMP-00044,LOC-02,SVC-03,2025-12-30,Rescheduled,25,False,,,,,,,,,,
APT-002651,REQ-002850,EMP-00115,LOC-10,SVC-03,2026-01-02,Rescheduled,32,False,,,,,,,,,,
APT-002725,REQ-002929,EMP-00123,LOC-04,SVC-05,2026-01-05,Rescheduled,24,False,,,,,,,,,,
APT-002727,REQ-002931,EMP-00036,LOC-10,SVC-03,2026-01-07,Rescheduled,27,False,,,,,,,,,,
APT-002748,REQ-002954,EMP-00014,LOC-05,SVC-02,2026-01-07,Rescheduled,13,False,,,,,,,,,,
APT-002766,REQ-002974,EMP-00023,LOC-02,SVC-01,2026-01-09,Rescheduled,23,False,,,,,,,,,,
APT-002773,REQ-002981,EMP-00117,LOC-04,SVC-05,2026-01-07,Rescheduled,20,False,,,,,,,,,,
APT-002788,REQ-002997,EMP-00118,LOC-03,SVC-02,2026-01-08,Rescheduled,19,False,,,,,,,,,,
APT-002801,REQ-003011,EMP-00008,LOC-05,SVC-02,2026-01-08,Rescheduled,17,False,,,,,,,,,,
APT-002805,REQ-003015,EMP-00115,LOC-09,SVC-01,2026-01-10,Rescheduled,15,False,,,,,,,,,,
APT-002809,REQ-003019,EMP-00083,LOC-09,SVC-06,2026-01-12,Rescheduled,60,False,,,,,,,,,,
APT-002812,REQ-003022,EMP-00017,LOC-06,SVC-07,2026-01-09,Rescheduled,38,False,,,,,,,,,,
APT-002847,REQ-003061,EMP-00052,LOC-03,SVC-06,2026-01-14,Rescheduled,32,False,,,,,,,,,,
APT-002850,REQ-003064,EMP-00143,LOC-03,SVC-05,2026-01-13,Rescheduled,5,False,,,,,,,,,,
APT-002858,REQ-003072,EMP-00146,LOC-09,SVC-01,2026-01-12,Rescheduled,55,False,,,,,,,,,,
APT-002872,REQ-003087,EMP-00138,LOC-04,SVC-04,2026-01-15,Rescheduled,40,False,,,,,,,,,,
APT-002948,REQ-003171,EMP-00086,LOC-04,SVC-01,2026-01-17,Rescheduled,29,False,,,,,,,,,,
APT-002949,REQ-003172,EMP-00113,LOC-02,SVC-05,2026-01-19,Rescheduled,31,False,,,,,,,,,,
APT-002952,REQ-003175,EMP-00123,LOC-08,SVC-02,2026-01-17,Rescheduled,21,False,,,,,,,,,,
APT-002967,REQ-003191,EMP-00148,LOC-10,SVC-07,2026-01-20,Rescheduled,38,False,,,,,,,,,,
APT-002986,REQ-003210,EMP-00079,LOC-10,SVC-05,2026-01-22,Rescheduled,10,False,,,,,,,,,,
APT-003065,REQ-003293,EMP-00027,LOC-09,SVC-08,2026-01-25,Rescheduled,25,False,,,,,,,,,,
APT-003068,REQ-003297,EMP-00104,LOC-05,SVC-05,2026-01-24,Rescheduled,9,False,,,,,,,,,,
APT-003079,REQ-003311,EMP-00032,LOC-07,SVC-04,2026-01-28,Rescheduled,26,False,,,,,,,,,,
APT-003096,REQ-003331,EMP-00098,LOC-02,SVC-03,2026-01-28,Rescheduled,25,False,,,,,,,,,,
APT-003118,REQ-003354,EMP-00024,LOC-07,SVC-07,2026-01-27,Rescheduled,29,False,,,,,,,,,,
APT-003135,REQ-003372,EMP-00068,LOC-09,SVC-06,2026-01-28,Rescheduled,9,False,,,,,,,,,,
APT-003170,REQ-003411,EMP-00004,LOC-04,SVC-02,2026-01-30,Rescheduled,9,False,,,,,,,,,,
APT-003172,REQ-003413,EMP-00123,LOC-03,SVC-05,2026-01-30,Rescheduled,45,False,,,,,,,,,,
APT-003173,REQ-003414,EMP-00066,LOC-10,SVC-06,2026-01-31,Rescheduled,35,False,,,,,,,,,,
APT-003196,REQ-003438,EMP-00085,LOC-09,SVC-03,2026-02-01,Rescheduled,24,False,,,,,,,,,,
APT-003203,REQ-003445,EMP-00027,LOC-08,SVC-08,2026-02-03,Rescheduled,26,False,,,,,,,,,,
APT-003206,REQ-003448,EMP-00067,LOC-01,SVC-05,2026-02-01,Rescheduled,32,False,,,,,,,,,,
APT-003305,REQ-003556,EMP-00067,LOC-10,SVC-01,2026-02-07,Rescheduled,45,False,,,,,,,,,,
APT-003310,REQ-003562,EMP-00050,LOC-10,SVC-09,2026-02-09,Rescheduled,18,False,,,,,,,,,,
APT-003340,REQ-003597,EMP-00106,LOC-03,SVC-07,2026-02-08,Rescheduled,37,False,,,,,,,,,,
APT-003417,REQ-003680,EMP-00119,LOC-02,SVC-06,2026-02-11,Rescheduled,34,False,,,,,,,,,,
APT-003426,REQ-003690,EMP-00033,LOC-03,SVC-01,2026-02-13,Rescheduled,25,False,,,,,,,,,,
APT-003483,REQ-003752,EMP-00126,LOC-07,SVC-04,2026-02-17,Rescheduled,14,False,,,,,,,,,,
APT-003485,REQ-003754,EMP-00049,LOC-01,SVC-08,2026-02-15,Rescheduled,9,False,,,,,,,,,,
APT-003486,REQ-003755,EMP-00060,LOC-03,SVC-01,2026-02-15,Rescheduled,19,False,,,,,,,,,,
APT-003524,REQ-003798,EMP-00093,LOC-02,SVC-02,2026-02-17,Rescheduled,27,False,,,,,,,,,,
APT-003529,REQ-003803,EMP-00084,LOC-04,SVC-08,2026-02-18,Rescheduled,39,False,,,,,,,,,,
APT-003569,REQ-003843,EMP-00024,LOC-02,SVC-03,2026-02-19,Rescheduled,3,False,,,,,,,,,,
APT-003588,REQ-003863,EMP-00126,LOC-06,SVC-04,2026-02-22,Rescheduled,35,False,,,,,,,,,,
APT-003614,REQ-003893,EMP-00030,LOC-05,SVC-01,2026-02-25,Rescheduled,14,False,,,,,,,,,,
APT-003617,REQ-003896,EMP-00105,LOC-08,SVC-05,2026-02-23,Rescheduled,44,False,,,,,,,,,,
APT-003623,REQ-003902,EMP-00006,LOC-10,SVC-04,2026-02-24,Rescheduled,33,True,Continuity of care,,,,,,,,,
APT-003631,REQ-003911,EMP-00102,LOC-10,SVC-07,2026-02-24,Rescheduled,12,False,,,,,,,,,,
APT-003641,REQ-003921,EMP-00092,LOC-05,SVC-01,2026-02-25,Rescheduled,34,True,Continuity of care,,,,,,,,,
APT-003663,REQ-003943,EMP-00139,LOC-07,SVC-02,2026-02-26,Rescheduled,51,False,,,,,,,,,,
APT-003678,REQ-003960,EMP-00002,LOC-05,SVC-06,2026-02-26,Rescheduled,16,False,,,,,,,,,,
APT-003691,REQ-003975,EMP-00104,LOC-01,SVC-05,2026-02-27,Rescheduled,29,False,,,,,,,,,,
APT-003697,REQ-003981,EMP-00091,LOC-05,SVC-09,2026-02-27,Rescheduled,22,False,,,,,,,,,,
APT-003702,REQ-003986,EMP-00150,LOC-02,SVC-08,2026-03-01,Rescheduled,19,False,,,,,,,,,,
APT-003707,REQ-003992,EMP-00010,LOC-06,SVC-02,2026-02-28,Rescheduled,46,False,,,,,,,,,,
APT-003718,REQ-004004,EMP-00105,LOC-02,SVC-02,2026-03-03,Rescheduled,40,False,,,,,,,,,,
APT-003730,REQ-004016,EMP-00102,LOC-04,SVC-05,2026-03-03,Rescheduled,21,False,,,,,,,,,,
APT-003751,REQ-004037,EMP-00150,LOC-09,SVC-09,2026-03-04,Rescheduled,3,False,,,,,,,,,,
APT-003788,REQ-004083,EMP-00120,LOC-07,SVC-06,2026-03-07,Rescheduled,21,False,,,,,,,,,,
APT-003855,REQ-004152,EMP-00124,LOC-10,SVC-04,2026-03-09,Rescheduled,4,False,,,,,,,,,,
APT-003857,REQ-004154,EMP-00103,LOC-07,SVC-03,2026-03-11,Rescheduled,27,False,,,,,,,,,,
APT-003867,REQ-004164,EMP-00067,LOC-05,SVC-04,2026-03-10,Rescheduled,15,False,,,,,,,,,,
APT-003873,REQ-004170,EMP-00121,LOC-08,SVC-01,2026-03-10,Rescheduled,3,False,,,,,,,,,,
APT-003910,REQ-004209,EMP-00015,LOC-08,SVC-02,2026-03-15,Rescheduled,26,False,,,,,,,,,,
APT-003912,REQ-004211,EMP-00142,LOC-01,SVC-07,2026-03-13,Rescheduled,9,False,,,,,,,,,,
APT-003943,REQ-004246,EMP-00016,LOC-09,SVC-02,2026-03-14,Rescheduled,21,False,,,,,,,,,,
APT-003946,REQ-004249,EMP-00100,LOC-03,SVC-05,2026-03-14,Rescheduled,6,False,,,,,,,,,,
APT-004010,REQ-004315,EMP-00121,LOC-08,SVC-03,2026-03-18,Rescheduled,8,False,,,,,,,,,,
APT-004019,REQ-004324,EMP-00104,LOC-07,SVC-05,2026-03-18,Rescheduled,33,False,,,,,,,,,,
APT-004044,REQ-004349,EMP-00083,LOC-04,SVC-02,2026-03-18,Rescheduled,8,False,,,,,,,,,,
APT-004062,REQ-004368,EMP-00110,LOC-08,SVC-06,2026-03-20,Rescheduled,5,False,,,,,,,,,,
APT-004098,REQ-004406,EMP-00069,LOC-10,SVC-02,2026-03-20,No-show,35,False,,Transport issue,Client,0.0,False,,,,,
APT-004099,REQ-004407,EMP-00100,LOC-04,SVC-05,2026-03-21,Cancelled,14,False,,Staff illness,Client,0.0,False,,,,,
APT-004100,REQ-004408,EMP-00010,LOC-09,SVC-06,2026-03-21,Cancelled,38,False,,Client unwell,Client,35.7,True,,,,,
APT-004108,REQ-004416,EMP-00101,LOC-08,SVC-01,2026-03-22,Cancelled,19,False,,Staff illness,Employee,39.4,True,,,,,
APT-004113,REQ-004421,EMP-00079,LOC-02,SVC-07,2026-03-23,Cancelled,16,False,,Other,Client,19.8,True,,,,,
APT-004114,REQ-004422,EMP-00133,LOC-09,SVC-05,2026-03-23,Cancelled,48,False,,Transport issue,Organisation,64.7,True,,,,,
APT-004119,REQ-004427,EMP-00044,LOC-02,SVC-02,2026-03-22,Cancelled,28,False,,Transport issue,Client,0.0,True,,,,,
APT-004120,REQ-004428,EMP-00013,LOC-05,SVC-04,2026-03-23,No-show,7,False,,Client declined,Employee,28.8,True,,,,,
APT-004122,REQ-004430,EMP-00054,LOC-10,SVC-01,2026-03-25,Cancelled,21,False,,Weather,Employee,20.0,True,,,,,
APT-004127,REQ-004436,EMP-00005,LOC-08,SVC-04,2026-03-23,Cancelled,19,False,,Staff illness,Employee,55.1,True,,,,,
APT-004128,REQ-004437,EMP-00104,LOC-07,SVC-01,2026-03-24,Cancelled,13,False,,Other,Client,43.1,False,,,,,
APT-004129,REQ-004438,EMP-00005,LOC-09,SVC-05,2026-03-23,Cancelled,33,False,,Transport issue,Employee,14.2,True,,,,,
APT-004130,REQ-004439,EMP-00093,LOC-06,SVC-01,2026-03-24,Cancelled,49,False,,Client unavailable,Client,51.4,False,,,,,
APT-004137,REQ-004447,EMP-00021,LOC-07,SVC-03,2026-03-26,Cancelled,42,False,,Duplicate booking,Organisation,0.0,True,,,,,
APT-004140,REQ-004451,EMP-00148,LOC-08,SVC-09,2026-03-24,Cancelled,48,False,,Client unwell,Client,51.3,False,,,,,
APT-004143,REQ-004454,EMP-00052,LOC-07,SVC-03,2026-03-24,No-show,39,False,,Other,Client,53.7,False,,,,,
APT-004150,REQ-004463,EMP-00061,LOC-02,SVC-07,2026-03-24,Cancelled,25,False,,Other,Client,17.5,True,,,,,
APT-004152,REQ-004467,EMP-00051,LOC-08,SVC-09,2026-03-24,Cancelled,36,False,,Client declined,Client,11.4,False,,,,,
APT-004159,REQ-004476,EMP-00028,LOC-04,SVC-02,2026-03-25,Cancelled,14,False,,Staff illness,Client,0.0,False,,,,,
APT-004160,REQ-004477,EMP-00128,LOC-05,SVC-02,2026-03-25,Cancelled,13,False,,Client unavailable,Employee,5.4,True,,,,,
APT-004163,REQ-004480,EMP-00010,LOC-02,SVC-01,2026-03-26,Cancelled,24,False,,Duplicate booking,Client,2.0,True,,,,,
APT-004165,REQ-004482,EMP-00099,LOC-01,SVC-06,2026-03-27,Cancelled,37,False,,Staff illness,Client,24.3,False,,,,,
APT-004166,REQ-004483,EMP-00049,LOC-06,SVC-06,2026-03-27,No-show,17,False,,Client unwell,Client,46.8,True,,,,,
APT-004171,REQ-004488,EMP-00067,LOC-07,SVC-04,2026-03-27,Cancelled,19,False,,Transport issue,Employee,0.0,True,,,,,
APT-004173,REQ-004490,EMP-00008,LOC-08,SVC-08,2026-03-26,Cancelled,23,False,,Other,Employee,52.0,False,,,,,
APT-004175,REQ-004493,EMP-00024,LOC-10,SVC-02,2026-03-26,Cancelled,6,False,,Client declined,Client,17.2,False,,,,,
APT-004181,REQ-004499,EMP-00118,LOC-07,SVC-07,2026-03-27,Cancelled,3,False,,Client unwell,Client,21.6,False,,,,,
APT-004188,REQ-004506,EMP-00023,LOC-02,SVC-01,2026-03-27,Cancelled,29,False,,Client unavailable,Organisation,28.0,False,,,,,
APT-004199,REQ-004520,EMP-00037,LOC-02,SVC-02,2026-03-27,Cancelled,14,False,,Duplicate booking,Employee,28.1,True,,,,,
APT-004200,REQ-004521,EMP-00106,LOC-09,SVC-03,2026-03-28,Cancelled,11,False,,Duplicate booking,Client,0.0,False,,,,,
APT-004201,REQ-004522,EMP-00129,LOC-10,SVC-05,2026-03-27,Cancelled,47,False,,Client unavailable,Organisation,0.0,True,,,,,
APT-004206,REQ-004527,EMP-00123,LOC-03,SVC-06,2026-03-27,Cancelled,36,False,,Staff illness,Organisation,41.8,True,,,,,
APT-004207,REQ-004528,EMP-00142,LOC-06,SVC-09,2026-03-28,Cancelled,21,False,,Client unavailable,Client,9.8,False,,,,,
APT-004209,REQ-004530,EMP-00128,LOC-07,SVC-05,2026-03-31,Cancelled,8,False,,Other,Organisation,24.7,False,,,,,
APT-004210,REQ-004531,EMP-00106,LOC-07,SVC-01,2026-03-27,Cancelled,27,False,,Other,Employee,10.3,False,,,,,
APT-004212,REQ-004533,EMP-00129,LOC-08,SVC-07,2026-03-27,Cancelled,46,False,,Other,Client,2.4,True,,,,,
APT-004219,REQ-004540,EMP-00112,LOC-08,SVC-05,2026-03-30,No-show,24,False,,Client unavailable,Client,35.2,False,,,,,
APT-004220,REQ-004541,EMP-00110,LOC-10,SVC-02,2026-03-29,No-show,32,True,Urgent reassignment,Duplicate booking,Employee,0.0,True,,,,,
APT-004222,REQ-004543,EMP-00027,LOC-05,SVC-05,2026-03-28,No-show,9,False,,Client declined,Employee,0.9,True,,,,,
APT-004225,REQ-004546,EMP-00148,LOC-03,SVC-02,2026-03-28,Cancelled,29,False,,Duplicate booking,Client,0.0,True,,,,,
APT-004230,REQ-004551,EMP-00146,LOC-06,SVC-03,2026-03-29,Cancelled,41,False,,Client declined,Client,19.1,True,,,,,
APT-004231,REQ-004552,EMP-00038,LOC-09,SVC-02,2026-04-02,Cancelled,37,False,,Staff illness,Client,7.3,False,,,,,
APT-004237,REQ-004558,EMP-00060,LOC-06,SVC-01,2026-03-29,Cancelled,25,True,Client preference,Duplicate booking,Client,25.6,True,,,,,
APT-004239,REQ-004560,EMP-00134,LOC-09,SVC-08,2026-03-29,No-show,18,False,,Weather,Client,40.7,True,,,,,
APT-004245,REQ-004566,EMP-00122,LOC-01,SVC-01,2026-03-30,Cancelled,36,False,,Client unavailable,Client,21.5,True,,,,,
APT-004249,REQ-004572,EMP-00080,LOC-01,SVC-09,2026-04-02,Cancelled,39,False,,Client unavailable,Client,0.0,False,,,,,
APT-004255,REQ-004578,EMP-00075,LOC-07,SVC-06,2026-03-30,Cancelled,42,False,,Client declined,Employee,11.9,True,,,,,
APT-004261,REQ-004585,EMP-00013,LOC-03,SVC-04,2026-04-03,Cancelled,16,False,,Other,Organisation,9.2,True,,,,,
APT-004262,REQ-004586,EMP-00025,LOC-09,SVC-01,2026-03-31,Cancelled,26,False,,Client declined,Organisation,10.0,False,,,,,
APT-004263,REQ-004587,EMP-00021,LOC-09,SVC-06,2026-03-31,Cancelled,18,False,,Client declined,Client,31.2,True,,,,,
APT-004268,REQ-004592,EMP-00047,LOC-04,SVC-02,2026-03-30,Cancelled,29,False,,Other,Client,46.2,True,,,,,
APT-004269,REQ-004593,EMP-00122,LOC-03,SVC-02,2026-04-01,No-show,27,False,,Other,Organisation,16.9,False,,,,,
APT-004276,REQ-004600,EMP-00093,LOC-10,SVC-05,2026-03-31,Cancelled,3,False,,Client unavailable,Employee,29.9,False,,,,,
APT-004278,REQ-004602,EMP-00083,LOC-08,SVC-07,2026-04-01,Cancelled,49,False,,Other,Employee,50.5,True,,,,,
APT-004279,REQ-004603,EMP-00126,LOC-04,SVC-01,2026-03-31,No-show,17,False,,Client declined,Client,48.1,True,,,,,
APT-004283,REQ-004607,EMP-00103,LOC-01,SVC-02,2026-04-01,Cancelled,46,False,,Client declined,Employee,0.0,True,,,,,
APT-004286,REQ-004611,EMP-00065,LOC-03,SVC-02,2026-03-31,Cancelled,36,False,,Weather,Client,22.5,False,,,,,
APT-004291,REQ-004616,EMP-00126,LOC-04,SVC-02,2026-03-31,Cancelled,31,False,,Weather,Organisation,16.4,True,,,,,
APT-004292,REQ-004617,EMP-00070,LOC-10,SVC-01,2026-03-31,No-show,5,False,,Client declined,Client,28.6,True,,,,,
APT-004294,REQ-004619,EMP-00035,LOC-06,SVC-03,2026-04-01,Cancelled,53,False,,Staff illness,Employee,40.0,True,,,,,
APT-004296,REQ-004621,EMP-00106,LOC-02,SVC-01,2026-03-31,Cancelled,3,False,,Weather,Organisation,36.0,True,,,,,
APT-004297,REQ-004622,EMP-00052,LOC-09,SVC-07,2026-04-03,No-show,16,False,,Transport issue,Employee,23.8,True,,,,,
APT-004298,REQ-004623,EMP-00080,LOC-03,SVC-01,2026-04-02,Cancelled,39,False,,Duplicate booking,Employee,0.0,True,,,,,
APT-004300,REQ-004625,EMP-00005,LOC-06,SVC-01,2026-04-03,Cancelled,60,False,,Staff illness,Organisation,9.6,False,,,,,
APT-004303,REQ-004628,EMP-00042,LOC-05,SVC-02,2026-04-02,Cancelled,47,False,,Client unavailable,Client,8.8,True,,,,,
APT-004309,REQ-004635,EMP-00117,LOC-02,SVC-06,2026-04-01,No-show,15,False,,Duplicate booking,Employee,2.2,True,,,,,
APT-004312,REQ-004638,EMP-00134,LOC-07,SVC-01,2026-04-02,Cancelled,29,False,,Other,Employee,16.2,False,,,,,
APT-004320,REQ-004647,EMP-00105,LOC-03,SVC-09,2026-04-02,No-show,27,False,,Client unwell,Client,12.8,False,,,,,
APT-004325,REQ-004652,EMP-00091,LOC-01,SVC-06,2026-04-03,Cancelled,30,False,,Client unavailable,Client,20.5,True,,,,,
APT-004332,REQ-004659,EMP-00043,LOC-01,SVC-06,2026-04-04,No-show,29,False,,Transport issue,Client,18.8,True,,,,,
APT-004344,REQ-004672,EMP-00126,LOC-04,SVC-02,2026-04-03,Cancelled,6,False,,Client declined,Organisation,0.0,True,,,,,
APT-004347,REQ-004676,EMP-00033,LOC-04,SVC-02,2026-04-03,No-show,32,False,,Duplicate booking,Organisation,0.0,True,,,,,
APT-004348,REQ-004677,EMP-00094,LOC-03,SVC-09,2026-04-03,Cancelled,6,False,,Other,Employee,2.4,True,,,,,
APT-004350,REQ-004679,EMP-00042,LOC-06,SVC-03,2026-04-03,Cancelled,44,False,,Transport issue,Client,21.3,True,,,,,
APT-004351,REQ-004680,EMP-00044,LOC-01,SVC-01,2026-04-04,Cancelled,45,False,,Client unwell,Client,28.3,True,,,,,
APT-004359,REQ-004688,EMP-00011,LOC-02,SVC-04,2026-04-03,Cancelled,13,False,,Client declined,Client,0.0,False,,,,,
APT-004365,REQ-004694,EMP-00099,LOC-04,SVC-01,2026-04-07,No-show,21,False,,Client unavailable,Employee,0.0,True,,,,,
APT-004366,REQ-004695,EMP-00052,LOC-08,SVC-01,2026-04-03,Cancelled,10,False,,Staff illness,Client,29.6,False,,,,,
APT-004367,REQ-004696,EMP-00136,LOC-04,SVC-01,2026-04-03,Cancelled,18,False,,Weather,Organisation,13.8,True,,,,,
APT-004379,REQ-004708,EMP-00041,LOC-05,SVC-04,2026-04-06,Cancelled,36,False,,Client unwell,Client,0.0,True,,,,,
APT-004381,REQ-004710,EMP-00134,LOC-05,SVC-06,2026-04-05,Cancelled,30,False,,Duplicate booking,Client,29.8,True,,,,,
APT-004390,REQ-004722,EMP-00041,LOC-02,SVC-04,2026-04-06,Cancelled,25,False,,Client declined,Client,17.4,True,,,,,
APT-004393,REQ-004726,EMP-00056,LOC-02,SVC-06,2026-04-06,Cancelled,23,True,Continuity of care,Staff illness,Employee,0.4,False,,,,,
APT-004394,REQ-004727,EMP-00016,LOC-06,SVC-05,2026-04-07,No-show,24,False,,Weather,Organisation,0.0,True,,,,,
APT-004395,REQ-004728,EMP-00136,LOC-10,SVC-07,2026-04-07,Cancelled,38,False,,Client declined,Employee,9.0,False,,,,,
APT-004399,REQ-004733,EMP-00150,LOC-01,SVC-01,2026-04-06,No-show,6,False,,Weather,Client,7.3,False,,,,,
APT-004402,REQ-004736,EMP-00043,LOC-06,SVC-02,2026-04-06,Cancelled,37,False,,Weather,Organisation,0.0,False,,,,,
APT-004403,REQ-004737,EMP-00136,LOC-01,SVC-02,2026-04-07,No-show,20,False,,Staff illness,Client,52.3,True,,,,,
APT-004405,REQ-004739,EMP-00136,LOC-06,SVC-05,2026-04-06,Cancelled,20,False,,Client unwell,Employee,40.0,False,,,,,
APT-004408,REQ-004742,EMP-00060,LOC-02,SVC-02,2026-04-06,Cancelled,33,False,,Client unwell,Employee,0.0,True,,,,,
APT-004411,REQ-004746,EMP-00120,LOC-05,SVC-06,2026-04-07,No-show,9,False,,Transport issue,Employee,19.6,True,,,,,
APT-004413,REQ-004748,EMP-00041,LOC-09,SVC-02,2026-04-10,Cancelled,53,False,,Duplicate booking,Client,17.7,True,,,,,
APT-004415,REQ-004750,EMP-00146,LOC-03,SVC-04,2026-04-09,Cancelled,31,False,,Client declined,Employee,48.1,False,,,,,
APT-004417,REQ-004752,EMP-00050,LOC-03,SVC-02,2026-04-07,Cancelled,18,False,,Duplicate booking,Client,5.8,True,,,,,
APT-004421,REQ-004756,EMP-00070,LOC-03,SVC-02,2026-04-09,No-show,20,False,,Weather,Employee,16.3,True,,,,,
APT-004424,REQ-004759,EMP-00005,LOC-03,SVC-03,2026-04-09,Cancelled,26,False,,Client unwell,Client,56.4,True,,,,,
APT-004426,REQ-004761,EMP-00013,LOC-09,SVC-01,2026-04-07,Cancelled,37,False,,Duplicate booking,Client,43.4,True,,,,,
APT-004432,REQ-004767,EMP-00004,LOC-03,SVC-02,2026-04-08,Cancelled,7,False,,Duplicate booking,Employee,9.3,True,,,,,
APT-004435,REQ-004770,EMP-00061,LOC-01,SVC-01,2026-04-09,No-show,26,False,,Duplicate booking,Employee,13.9,True,,,,,
APT-004439,REQ-004774,EMP-00041,LOC-07,SVC-02,2026-04-13,No-show,19,False,,Staff illness,Organisation,3.4,True,,,,,
APT-004442,REQ-004777,EMP-00069,LOC-01,SVC-05,2026-04-09,Cancelled,23,False,,Staff illness,Organisation,11.1,True,,,,,
APT-004451,REQ-004788,EMP-00014,LOC-07,SVC-07,2026-04-10,Cancelled,42,False,,Weather,Employee,10.5,True,,,,,
APT-004453,REQ-004790,EMP-00049,LOC-09,SVC-03,2026-04-10,Cancelled,38,False,,Duplicate booking,Employee,48.6,True,,,,,
APT-004454,REQ-004791,EMP-00139,LOC-09,SVC-06,2026-04-09,No-show,50,False,,Other,Client,16.3,False,,,,,
APT-004457,REQ-004794,EMP-00109,LOC-07,SVC-02,2026-04-09,Cancelled,17,False,,Weather,Employee,25.2,False,,,,,
APT-004458,REQ-004795,EMP-00027,LOC-03,SVC-06,2026-04-10,Cancelled,22,False,,Other,Client,37.2,False,,,,,
APT-004461,REQ-004798,EMP-00024,LOC-04,SVC-01,2026-04-11,Cancelled,9,False,,Weather,Client,0.0,True,,,,,
APT-004464,REQ-004801,EMP-00089,LOC-10,SVC-07,2026-04-10,Cancelled,17,False,,Duplicate booking,Client,25.2,True,,,,,
APT-004465,REQ-004802,EMP-00126,LOC-07,SVC-03,2026-04-15,Cancelled,41,False,,Client unwell,Employee,2.5,True,,,,,
APT-004466,REQ-004804,EMP-00016,LOC-05,SVC-06,2026-04-10,Cancelled,12,False,,Client unavailable,Organisation,3.5,True,,,,,
APT-004468,REQ-004807,EMP-00101,LOC-05,SVC-08,2026-04-10,Cancelled,12,False,,Client unavailable,Organisation,0.0,False,,,,,
APT-004470,REQ-004809,EMP-00057,LOC-04,SVC-08,2026-04-10,No-show,32,False,,Client unavailable,Organisation,52.8,False,,,,,
APT-004472,REQ-004811,EMP-00065,LOC-01,SVC-06,2026-04-11,Cancelled,20,True,Urgent reassignment,Client unwell,Employee,25.5,False,,,,,
APT-004474,REQ-004813,EMP-00021,LOC-10,SVC-09,2026-04-11,Cancelled,3,False,,Staff illness,Client,0.5,True,,,,,
APT-004475,REQ-004814,EMP-00025,LOC-01,SVC-07,2026-04-11,Cancelled,32,False,,Client declined,Client,20.3,True,,,,,
APT-004480,REQ-004819,EMP-00063,LOC-01,SVC-05,2026-04-12,No-show,18,False,,Other,Client,35.4,True,,,,,
APT-004481,REQ-004820,EMP-00102,LOC-07,SVC-03,2026-04-11,Cancelled,56,False,,Duplicate booking,Organisation,17.4,False,,,,,
APT-004484,REQ-004823,EMP-00030,LOC-07,SVC-08,2026-04-10,No-show,6,False,,Transport issue,Organisation,24.4,False,,,,,
APT-004488,REQ-004827,EMP-00142,LOC-02,SVC-03,2026-04-12,No-show,6,False,,Client declined,Organisation,13.1,True,,,,,
APT-004489,REQ-004828,EMP-00006,LOC-04,SVC-08,2026-04-11,Cancelled,3,False,,Client declined,Employee,27.8,True,,,,,
APT-004491,REQ-004830,EMP-00036,LOC-07,SVC-02,2026-04-12,Cancelled,41,False,,Other,Client,0.0,True,,,,,
APT-004493,REQ-004833,EMP-00122,LOC-10,SVC-04,2026-04-14,Cancelled,39,False,,Staff illness,Employee,6.5,False,,,,,
APT-004501,REQ-004844,EMP-00146,LOC-10,SVC-02,2026-04-13,Cancelled,15,False,,Weather,Employee,22.0,True,,,,,
APT-004508,REQ-004852,EMP-00061,LOC-01,SVC-01,2026-04-14,Cancelled,46,False,,Client unwell,Client,7.4,False,,,,,
APT-004511,REQ-004855,EMP-00044,LOC-06,SVC-05,2026-04-13,No-show,19,False,,Other,Client,0.0,True,,,,,
APT-004512,REQ-004856,EMP-00028,LOC-03,SVC-02,2026-04-13,No-show,14,False,,Client unavailable,Client,50.4,True,,,,,
APT-004515,REQ-004859,EMP-00134,LOC-05,SVC-08,2026-04-14,Cancelled,34,False,,Weather,Employee,43.5,False,,,,,
APT-004516,REQ-004860,EMP-00052,LOC-05,SVC-01,2026-04-13,Cancelled,24,False,,Client unwell,Client,42.3,True,,,,,
APT-004522,REQ-004866,EMP-00057,LOC-09,SVC-01,2026-04-13,No-show,18,False,,Client declined,Client,43.4,False,,,,,
APT-004527,REQ-004871,EMP-00013,LOC-03,SVC-02,2026-04-14,Cancelled,44,False,,Weather,Employee,22.3,False,,,,,
APT-004528,REQ-004872,EMP-00037,LOC-07,SVC-05,2026-04-13,Cancelled,21,False,,Duplicate booking,Employee,21.4,False,,,,,
APT-004532,REQ-004876,EMP-00050,LOC-06,SVC-01,2026-04-14,No-show,61,False,,Duplicate booking,Employee,49.3,True,,,,,
APT-004534,REQ-004878,EMP-00119,LOC-01,SVC-04,2026-04-14,Cancelled,3,True,Skill match unavailable,Client declined,Client,31.3,False,,,,,
APT-004544,REQ-004889,EMP-00106,LOC-07,SVC-06,2026-04-17,Cancelled,45,False,,Staff illness,Employee,20.1,False,,,,,
APT-004547,REQ-004895,EMP-00075,LOC-09,SVC-02,2026-04-16,Cancelled,17,False,,Duplicate booking,Employee,33.6,False,,,,,
APT-004550,REQ-004898,EMP-00017,LOC-08,SVC-06,2026-04-14,Cancelled,34,False,,Other,Employee,2.7,False,,,,,
APT-004551,REQ-004899,EMP-00083,LOC-05,SVC-02,2026-04-15,Cancelled,34,False,,Other,Employee,0.0,True,,,,,
APT-004557,REQ-004906,EMP-00086,LOC-08,SVC-05,2026-04-15,Cancelled,15,False,,Other,Client,0.0,True,,,,,
APT-004560,REQ-004909,EMP-00091,LOC-05,SVC-03,2026-04-15,No-show,9,False,,Client unavailable,Organisation,11.7,True,,,,,
APT-004566,REQ-004915,EMP-00115,LOC-09,SVC-01,2026-04-15,No-show,24,False,,Weather,Client,41.9,False,,,,,
APT-004576,REQ-004925,EMP-00150,LOC-08,SVC-08,2026-04-17,Cancelled,20,False,,Client declined,Organisation,45.4,False,,,,,
APT-004583,REQ-004933,EMP-00036,LOC-10,SVC-02,2026-04-18,Cancelled,43,False,,Other,Client,23.5,False,,,,,
APT-004585,REQ-004935,EMP-00030,LOC-01,SVC-05,2026-04-17,Cancelled,37,False,,Duplicate booking,Client,33.9,True,,,,,
APT-004589,REQ-004939,EMP-00054,LOC-02,SVC-05,2026-04-16,No-show,40,False,,Staff illness,Client,0.0,True,,,,,
APT-004590,REQ-004940,EMP-00095,LOC-03,SVC-01,2026-04-18,Cancelled,21,False,,Staff illness,Client,35.4,True,,,,,
APT-004591,REQ-004941,EMP-00063,LOC-08,SVC-06,2026-04-16,Cancelled,24,False,,Other,Client,30.6,True,,,,,
APT-004592,REQ-004942,EMP-00095,LOC-07,SVC-07,2026-04-16,No-show,64,False,,Staff illness,Organisation,15.5,True,,,,,
APT-004593,REQ-004943,EMP-00138,LOC-04,SVC-01,2026-04-17,No-show,36,False,,Client declined,Employee,5.2,True,,,,,
APT-004595,REQ-004945,EMP-00011,LOC-05,SVC-03,2026-04-17,Cancelled,45,False,,Client declined,Employee,24.0,True,,,,,
APT-004601,REQ-004951,EMP-00030,LOC-02,SVC-03,2026-04-21,No-show,35,False,,Client unavailable,Client,16.0,False,,,,,
APT-004605,REQ-004955,EMP-00092,LOC-02,SVC-02,2026-04-18,Cancelled,3,False,,Client unavailable,Client,28.2,True,,,,,
APT-004606,REQ-004956,EMP-00104,LOC-03,SVC-01,2026-04-17,Cancelled,6,False,,Client declined,Employee,29.6,False,,,,,
APT-004607,REQ-004957,EMP-00052,LOC-01,SVC-03,2026-04-17,Cancelled,33,False,,Client unwell,Client,54.1,True,,,,,
APT-004610,REQ-004960,EMP-00083,LOC-02,SVC-02,2026-04-17,Cancelled,26,False,,Client unavailable,Organisation,0.0,False,,,,,
APT-004618,REQ-004969,EMP-00134,LOC-07,SVC-06,2026-04-17,Cancelled,15,False,,Client unavailable,Employee,0.0,True,,,,,
APT-004621,REQ-004972,EMP-00080,LOC-07,SVC-06,2026-04-17,Cancelled,67,True,Continuity of care,Transport issue,Employee,0.2,True,,,,,
APT-004626,REQ-004977,EMP-00044,LOC-04,SVC-01,2026-04-18,Cancelled,14,False,,Client unwell,Organisation,0.0,False,,,,,
APT-004629,REQ-004980,EMP-00023,LOC-03,SVC-02,2026-04-20,Cancelled,15,False,,Duplicate booking,Organisation,31.9,False,,,,,
APT-004635,REQ-004986,EMP-00103,LOC-01,SVC-02,2026-04-23,No-show,54,False,,Client declined,Client,0.0,True,,,,,
APT-004636,REQ-004987,EMP-00085,LOC-02,SVC-01,2026-04-21,Cancelled,25,False,,Staff illness,Employee,0.0,True,,,,,
APT-004639,REQ-004990,EMP-00050,LOC-05,SVC-06,2026-04-20,No-show,27,False,,Duplicate booking,Client,45.2,False,,,,,
APT-004640,REQ-004991,EMP-00122,LOC-09,SVC-01,2026-04-20,No-show,49,False,,Client unwell,Client,6.9,False,,,,,
APT-004643,REQ-004994,EMP-00137,LOC-05,SVC-02,2026-04-21,No-show,21,False,,Staff illness,Employee,0.0,True,,,,,
APT-004652,REQ-005003,EMP-00024,LOC-01,SVC-03,2026-04-20,No-show,11,False,,Client unwell,Organisation,21.9,False,,,,,
APT-004653,REQ-005004,EMP-00039,LOC-03,SVC-07,2026-04-21,Cancelled,29,False,,Weather,Client,14.3,False,,,,,
APT-004656,REQ-005007,EMP-00051,LOC-07,SVC-09,2026-04-23,No-show,60,False,,Client declined,Client,4.7,False,,,,,
APT-004658,REQ-005009,EMP-00110,LOC-08,SVC-06,2026-04-21,No-show,33,False,,Staff illness,Client,19.6,True,,,,,
APT-004661,REQ-005012,EMP-00121,LOC-09,SVC-08,2026-04-23,Cancelled,19,False,,Transport issue,Client,33.6,True,,,,,
APT-004664,REQ-005015,EMP-00121,LOC-09,SVC-01,2026-04-22,Cancelled,17,False,,Weather,Employee,0.0,False,,,,,
APT-004671,REQ-005022,EMP-00056,LOC-07,SVC-02,2026-04-22,No-show,3,True,Client preference,Weather,Employee,34.2,True,,,,,
APT-004673,REQ-005024,EMP-00042,LOC-08,SVC-02,2026-04-23,Cancelled,46,False,,Client declined,Client,0.0,True,,,,,
APT-004674,REQ-005025,EMP-00047,LOC-08,SVC-07,2026-04-23,No-show,37,False,,Client declined,Client,28.7,True,,,,,
APT-004676,REQ-005027,EMP-00051,LOC-03,SVC-04,2026-04-26,Cancelled,14,False,,Staff illness,Client,0.0,True,,,,,
APT-004683,REQ-005035,EMP-00131,LOC-08,SVC-02,2026-04-23,Cancelled,17,False,,Client unwell,Client,6.4,False,,,,,
APT-004686,REQ-005038,EMP-00062,LOC-09,SVC-06,2026-04-22,Cancelled,46,False,,Client unavailable,Employee,16.2,True,,,,,
APT-004687,REQ-005039,EMP-00060,LOC-02,SVC-02,2026-04-24,Cancelled,3,True,Urgent reassignment,Weather,Employee,0.0,False,,,,,
APT-004690,REQ-005043,EMP-00109,LOC-04,SVC-03,2026-04-22,No-show,30,False,,Client declined,Employee,0.0,True,,,,,
APT-004694,REQ-005047,EMP-00118,LOC-09,SVC-07,2026-04-24,No-show,19,False,,Duplicate booking,Client,16.0,False,,,,,
APT-004698,REQ-005051,EMP-00038,LOC-07,SVC-01,2026-04-23,No-show,52,False,,Client unavailable,Organisation,0.0,True,,,,,
APT-004699,REQ-005052,EMP-00065,LOC-09,SVC-02,2026-04-23,No-show,59,False,,Transport issue,Client,37.5,True,,,,,
APT-004700,REQ-005053,EMP-00094,LOC-02,SVC-07,2026-04-24,Cancelled,16,False,,Transport issue,Organisation,12.7,False,,,,,
APT-004701,REQ-005054,EMP-00123,LOC-07,SVC-01,2026-04-24,Cancelled,77,False,,Transport issue,Organisation,46.5,True,,,,,
APT-004715,REQ-005069,EMP-00091,LOC-01,SVC-01,2026-04-24,Cancelled,32,False,,Weather,Client,0.0,False,,,,,
APT-004722,REQ-005076,EMP-00068,LOC-01,SVC-07,2026-04-24,Cancelled,15,False,,Other,Client,26.6,False,,,,,
APT-004723,REQ-005077,EMP-00150,LOC-10,SVC-04,2026-04-24,Cancelled,44,False,,Transport issue,Client,9.6,True,,,,,
APT-004724,REQ-005079,EMP-00085,LOC-05,SVC-06,2026-04-25,Cancelled,23,False,,Weather,Client,24.1,True,,,,,
APT-004727,REQ-005082,EMP-00098,LOC-03,SVC-04,2026-04-27,No-show,32,False,,Client unavailable,Client,20.7,True,,,,,
APT-004730,REQ-005085,EMP-00137,LOC-09,SVC-02,2026-04-26,No-show,14,False,,Transport issue,Client,15.5,True,,,,,
APT-004733,REQ-005089,EMP-00102,LOC-07,SVC-06,2026-04-26,Cancelled,10,False,,Duplicate booking,Client,35.8,True,,,,,
APT-004734,REQ-005090,EMP-00136,LOC-10,SVC-02,2026-04-26,No-show,53,False,,Client unwell,Client,21.1,False,,,,,
APT-004740,REQ-005098,EMP-00083,LOC-10,SVC-02,2026-04-26,No-show,23,False,,Client declined,Client,33.6,True,,,,,
APT-004746,REQ-005105,EMP-00061,LOC-06,SVC-07,2026-04-27,Cancelled,26,False,,Client unavailable,Client,73.8,True,,,,,
APT-004747,REQ-005106,EMP-00138,LOC-01,SVC-01,2026-04-27,Cancelled,21,False,,Client declined,Employee,38.5,False,,,,,
APT-004748,REQ-005107,EMP-00032,LOC-06,SVC-05,2026-04-27,No-show,41,False,,Client unavailable,Client,0.0,True,,,,,
APT-004749,REQ-005108,EMP-00123,LOC-06,SVC-07,2026-04-29,Cancelled,31,False,,Client unavailable,Client,27.7,False,,,,,
APT-004750,REQ-005109,EMP-00124,LOC-02,SVC-01,2026-05-02,Cancelled,36,False,,Duplicate booking,Employee,29.2,True,,,,,
APT-004753,REQ-005112,EMP-00092,LOC-01,SVC-05,2026-04-28,Cancelled,31,False,,Other,Organisation,34.7,True,,,,,
APT-004757,REQ-005117,EMP-00062,LOC-10,SVC-05,2026-04-28,No-show,43,False,,Client unwell,Client,1.3,False,,,,,
APT-004758,REQ-005118,EMP-00103,LOC-04,SVC-01,2026-04-27,Cancelled,14,False,,Client unwell,Client,9.7,False,,,,,
APT-004760,REQ-005120,EMP-00115,LOC-09,SVC-03,2026-04-30,Cancelled,32,False,,Client unwell,Employee,8.3,False,,,,,
APT-004762,REQ-005122,EMP-00030,LOC-02,SVC-04,2026-04-28,No-show,4,False,,Duplicate booking,Employee,36.8,False,,,,,
APT-004763,REQ-005123,EMP-00024,LOC-02,SVC-07,2026-04-27,Cancelled,39,False,,Transport issue,Employee,0.0,True,,,,,
APT-004765,REQ-005125,EMP-00117,LOC-02,SVC-07,2026-04-27,Cancelled,36,False,,Duplicate booking,Organisation,35.3,True,,,,,
APT-004769,REQ-005129,EMP-00061,LOC-10,SVC-04,2026-05-01,Cancelled,23,False,,Duplicate booking,Client,35.6,False,,,,,
APT-004777,REQ-005138,EMP-00134,LOC-07,SVC-02,2026-05-01,Cancelled,36,False,,Weather,Organisation,13.0,True,,,,,
APT-004780,REQ-005141,EMP-00063,LOC-06,SVC-02,2026-05-01,No-show,44,True,Urgent reassignment,Client unwell,Client,15.5,False,,,,,
APT-004781,REQ-005142,EMP-00100,LOC-07,SVC-01,2026-04-28,No-show,12,False,,Client unavailable,Client,25.1,False,,,,,
APT-004788,REQ-005150,EMP-00017,LOC-06,SVC-06,2026-04-29,Cancelled,15,False,,Transport issue,Employee,7.1,True,,,,,
APT-004793,REQ-005156,EMP-00064,LOC-02,SVC-07,2026-04-29,Cancelled,45,False,,Client unwell,Organisation,36.3,True,,,,,
APT-004807,REQ-005171,EMP-00067,LOC-03,SVC-08,2026-04-29,No-show,8,False,,Transport issue,Client,18.9,True,,,,,
APT-004808,REQ-005172,EMP-00079,LOC-03,SVC-09,2026-05-01,No-show,13,False,,Weather,Organisation,0.0,False,,,,,
APT-004810,REQ-005174,EMP-00024,LOC-10,SVC-07,2026-04-29,Cancelled,46,False,,Transport issue,Employee,0.0,False,,,,,
APT-004811,REQ-005175,EMP-00102,LOC-08,SVC-06,2026-05-01,No-show,15,False,,Transport issue,Client,30.1,True,,,,,
APT-004814,REQ-005178,EMP-00064,LOC-05,SVC-05,2026-04-30,Cancelled,12,False,,Duplicate booking,Organisation,3.6,True,,,,,
APT-004817,REQ-005181,EMP-00062,LOC-04,SVC-05,2026-04-30,Cancelled,22,False,,Staff illness,Organisation,8.9,False,,,,,
APT-004818,REQ-005182,EMP-00058,LOC-03,SVC-05,2026-05-01,No-show,17,False,,Client declined,Organisation,0.0,True,,,,,
APT-004819,REQ-005183,EMP-00124,LOC-04,SVC-02,2026-04-30,Cancelled,5,False,,Client declined,Client,29.2,True,,,,,
APT-004822,REQ-005186,EMP-00057,LOC-05,SVC-06,2026-05-02,Cancelled,27,False,,Duplicate booking,Client,23.0,True,,,,,
APT-004825,REQ-005190,EMP-00038,LOC-09,SVC-08,2026-05-03,Cancelled,30,False,,Client declined,Client,23.6,True,,,,,
APT-004827,REQ-005192,EMP-00054,LOC-08,SVC-08,2026-05-01,No-show,36,False,,Client declined,Client,15.1,True,,,,,
APT-004829,REQ-005194,EMP-00069,LOC-08,SVC-02,2026-05-01,Cancelled,57,False,,Client declined,Client,11.4,True,,,,,
APT-004831,REQ-005196,EMP-00075,LOC-09,SVC-01,2026-04-30,Cancelled,38,False,,Transport issue,Client,27.6,True,,,,,
APT-004833,REQ-005198,EMP-00055,LOC-10,SVC-09,2026-05-01,Cancelled,39,False,,Client declined,Client,25.1,False,,,,,
APT-004834,REQ-005200,EMP-00038,LOC-05,SVC-07,2026-05-01,Cancelled,22,False,,Duplicate booking,Client,28.6,True,,,,,
APT-004835,REQ-005201,EMP-00021,LOC-09,SVC-01,2026-04-30,Cancelled,50,False,,Staff illness,Client,21.2,False,,,,,
APT-004845,REQ-005211,EMP-00102,LOC-03,SVC-01,2026-05-02,Cancelled,14,False,,Client declined,Client,32.3,True,,,,,
APT-004849,REQ-005215,EMP-00035,LOC-04,SVC-05,2026-05-01,No-show,23,False,,Transport issue,Employee,12.6,True,,,,,
APT-004855,REQ-005221,EMP-00051,LOC-09,SVC-02,2026-05-01,Cancelled,43,False,,Other,Organisation,14.0,True,,,,,
APT-004856,REQ-005222,EMP-00006,LOC-07,SVC-07,2026-05-01,Cancelled,14,False,,Transport issue,Organisation,2.4,True,,,,,
APT-004858,REQ-005224,EMP-00044,LOC-08,SVC-02,2026-05-01,Cancelled,18,False,,Staff illness,Client,40.3,True,,,,,
APT-004860,REQ-005226,EMP-00017,LOC-01,SVC-06,2026-05-03,Cancelled,18,False,,Client declined,Client,26.0,True,,,,,
APT-004864,REQ-005230,EMP-00121,LOC-01,SVC-02,2026-05-02,Cancelled,3,False,,Other,Client,36.7,False,,,,,
APT-004865,REQ-005231,EMP-00104,LOC-02,SVC-01,2026-05-01,No-show,5,False,,Client declined,Client,0.0,True,,,,,
APT-004867,REQ-005234,EMP-00014,LOC-01,SVC-02,2026-05-01,Cancelled,3,True,Skill match unavailable,Duplicate booking,Client,13.1,True,,,,,
APT-004875,REQ-005242,EMP-00033,LOC-09,SVC-02,2026-05-02,Cancelled,21,False,,Staff illness,Organisation,8.1,False,,,,,
APT-004879,REQ-005246,EMP-00049,LOC-08,SVC-06,2026-05-03,Cancelled,33,False,,Other,Client,15.2,True,,,,,
APT-004880,REQ-005247,EMP-00089,LOC-03,SVC-01,2026-05-04,No-show,6,False,,Client unwell,Client,51.2,False,,,,,
APT-004881,REQ-005248,EMP-00060,LOC-10,SVC-05,2026-05-05,Cancelled,40,False,,Client unwell,Organisation,10.6,True,,,,,
APT-004882,REQ-005249,EMP-00086,LOC-10,SVC-04,2026-05-04,Cancelled,5,False,,Client declined,Client,28.0,True,,,,,
APT-004884,REQ-005251,EMP-00120,LOC-03,SVC-07,2026-05-03,Cancelled,28,False,,Client unwell,Organisation,31.1,False,,,,,
APT-004889,REQ-005256,EMP-00055,LOC-02,SVC-01,2026-05-03,Cancelled,17,False,,Client unavailable,Employee,0.0,True,,,,,
APT-004892,REQ-005259,EMP-00095,LOC-05,SVC-05,2026-05-04,No-show,30,False,,Duplicate booking,Client,24.6,True,,,,,
APT-004894,REQ-005261,EMP-00117,LOC-09,SVC-03,2026-05-05,No-show,38,True,Client preference,Client unwell,Employee,37.8,False,,,,,
APT-004895,REQ-005262,EMP-00016,LOC-01,SVC-02,2026-05-04,Cancelled,54,False,,Other,Client,0.0,True,,,,,
APT-004897,REQ-005264,EMP-00038,LOC-10,SVC-06,2026-05-08,No-show,15,False,,Other,Employee,2.3,True,,,,,
APT-004898,REQ-005265,EMP-00115,LOC-09,SVC-05,2026-05-04,Cancelled,17,False,,Client declined,Client,62.9,True,,,,,
APT-004900,REQ-005267,EMP-00093,LOC-10,SVC-02,2026-05-08,Cancelled,3,False,,Transport issue,Client,59.2,False,,,,,
APT-004901,REQ-005268,EMP-00064,LOC-09,SVC-05,2026-05-05,Cancelled,25,False,,Transport issue,Organisation,31.0,True,,,,,
APT-004902,REQ-005269,EMP-00040,LOC-01,SVC-07,2026-05-04,Cancelled,43,False,,Other,Employee,39.8,True,,,,,
APT-004911,REQ-005278,EMP-00022,LOC-07,SVC-09,2026-05-06,Cancelled,35,False,,Transport issue,Employee,26.2,True,,,,,
APT-004916,REQ-005284,EMP-00044,LOC-03,SVC-06,2026-05-05,No-show,16,False,,Duplicate booking,Employee,6.2,False,,,,,
APT-004920,REQ-005288,EMP-00050,LOC-02,SVC-02,2026-05-05,Cancelled,36,False,,Duplicate booking,Organisation,14.1,True,,,,,
APT-004922,REQ-005290,EMP-00015,LOC-05,SVC-01,2026-05-06,Cancelled,45,False,,Weather,Client,2.3,True,,,,,
APT-004928,REQ-005296,EMP-00150,LOC-03,SVC-01,2026-05-05,No-show,31,False,,Staff illness,Client,15.1,True,,,,,
APT-004932,REQ-005301,EMP-00054,LOC-01,SVC-01,2026-05-05,Cancelled,21,False,,Client declined,Organisation,0.0,True,,,,,
APT-004945,REQ-005314,EMP-00068,LOC-09,SVC-02,2026-05-09,No-show,21,True,Client preference,Other,Client,35.4,True,,,,,
APT-004946,REQ-005315,EMP-00014,LOC-02,SVC-06,2026-05-08,Cancelled,20,False,,Client unwell,Client,21.6,True,,,,,
APT-004949,REQ-005319,EMP-00013,LOC-09,SVC-01,2026-05-08,Cancelled,38,False,,Weather,Client,0.0,True,,,,,
APT-004950,REQ-005320,EMP-00084,LOC-08,SVC-07,2026-05-06,No-show,41,False,,Weather,Client,31.8,False,,,,,
APT-004953,REQ-005323,EMP-00150,LOC-09,SVC-03,2026-05-08,No-show,3,False,,Client declined,Client,17.4,False,,,,,
APT-004954,REQ-005324,EMP-00110,LOC-05,SVC-07,2026-05-06,Cancelled,12,False,,Weather,Client,2.8,True,,,,,
APT-004955,REQ-005325,EMP-00032,LOC-05,SVC-01,2026-05-06,Cancelled,8,False,,Other,Client,23.4,True,,,,,
APT-004960,REQ-005330,EMP-00128,LOC-05,SVC-01,2026-05-09,Cancelled,15,True,Continuity of care,Staff illness,Employee,71.4,True,,,,,
APT-004964,REQ-005334,EMP-00036,LOC-01,SVC-02,2026-05-07,Cancelled,25,False,,Staff illness,Employee,3.2,False,,,,,
APT-004965,REQ-005335,EMP-00010,LOC-01,SVC-02,2026-05-07,Cancelled,25,False,,Staff illness,Organisation,10.1,True,,,,,
APT-004969,REQ-005339,EMP-00052,LOC-04,SVC-07,2026-05-08,No-show,28,False,,Duplicate booking,Client,19.0,True,,,,,
APT-004972,REQ-005342,EMP-00052,LOC-02,SVC-01,2026-05-08,Cancelled,9,False,,Duplicate booking,Organisation,6.5,False,,,,,
APT-004976,REQ-005346,EMP-00017,LOC-01,SVC-01,2026-05-08,Cancelled,25,False,,Client unavailable,Employee,0.0,True,,,,,
APT-004981,REQ-005352,EMP-00027,LOC-09,SVC-06,2026-05-10,Cancelled,24,False,,Client unwell,Client,0.0,True,,,,,
APT-004983,REQ-005354,EMP-00022,LOC-06,SVC-06,2026-05-07,Cancelled,28,False,,Weather,Client,14.7,True,,,,,
APT-004984,REQ-005355,EMP-00098,LOC-07,SVC-01,2026-05-08,No-show,46,False,,Weather,Employee,45.7,True,,,,,
APT-004987,REQ-005358,EMP-00057,LOC-08,SVC-02,2026-05-07,Cancelled,12,False,,Other,Client,0.0,False,,,,,
APT-004989,REQ-005360,EMP-00070,LOC-06,SVC-02,2026-05-07,Cancelled,52,False,,Client unavailable,Client,19.8,False,,,,,
APT-004992,REQ-005363,EMP-00089,LOC-09,SVC-05,2026-05-08,Cancelled,46,False,,Weather,Organisation,50.9,True,,,,,
APT-004993,REQ-005364,EMP-00128,LOC-05,SVC-04,2026-05-08,Cancelled,23,False,,Client declined,Employee,18.3,False,,,,,
APT-004994,REQ-005365,EMP-00123,LOC-02,SVC-03,2026-05-08,Cancelled,48,False,,Client unwell,Client,4.3,True,,,,,
APT-004995,REQ-005367,EMP-00052,LOC-03,SVC-06,2026-05-08,Cancelled,14,False,,Transport issue,Employee,0.0,True,,,,,
APT-004998,REQ-005370,EMP-00049,LOC-08,SVC-05,2026-05-08,Cancelled,7,False,,Staff illness,Client,2.0,True,,,,,
APT-004999,REQ-005371,EMP-00118,LOC-10,SVC-02,2026-05-08,No-show,39,False,,Duplicate booking,Client,41.1,True,,,,,
APT-005001,REQ-005373,EMP-00030,LOC-09,SVC-02,2026-05-09,Cancelled,14,False,,Client declined,Employee,0.0,True,,,,,
APT-005009,REQ-005381,EMP-00089,LOC-07,SVC-08,2026-05-09,Cancelled,32,False,,Transport issue,Employee,40.8,True,,,,,
APT-005010,REQ-005382,EMP-00055,LOC-01,SVC-05,2026-05-08,No-show,30,False,,Other,Client,3.6,True,,,,,
APT-005011,REQ-005383,EMP-00060,LOC-07,SVC-01,2026-05-09,Cancelled,6,False,,Other,Client,17.7,True,,,,,
APT-005013,REQ-005385,EMP-00115,LOC-03,SVC-01,2026-05-08,Cancelled,28,False,,Other,Organisation,26.4,True,,,,,
APT-005014,REQ-005386,EMP-00063,LOC-10,SVC-09,2026-05-09,Cancelled,19,False,,Client declined,Organisation,9.6,True,,,,,
APT-005015,REQ-005387,EMP-00094,LOC-07,SVC-03,2026-05-08,Cancelled,49,False,,Transport issue,Organisation,1.1,True,,,,,
APT-005018,REQ-005390,EMP-00093,LOC-07,SVC-05,2026-05-13,Cancelled,8,False,,Weather,Client,36.7,False,,,,,
APT-005019,REQ-005391,EMP-00102,LOC-08,SVC-02,2026-05-11,Cancelled,46,False,,Client declined,Employee,29.9,True,,,,,
APT-005020,REQ-005392,EMP-00033,LOC-10,SVC-03,2026-05-09,Cancelled,22,False,,Staff illness,Employee,0.0,True,,,,,
APT-005022,REQ-005394,EMP-00089,LOC-07,SVC-06,2026-05-09,Cancelled,17,False,,Other,Client,40.6,True,,,,,
APT-005025,REQ-005397,EMP-00018,LOC-02,SVC-05,2026-05-11,No-show,3,False,,Duplicate booking,Client,9.2,True,,,,,
APT-005026,REQ-005398,EMP-00043,LOC-08,SVC-05,2026-05-10,Cancelled,6,False,,Weather,Organisation,12.0,True,,,,,
APT-005027,REQ-005399,EMP-00043,LOC-10,SVC-08,2026-05-12,Cancelled,15,False,,Staff illness,Client,0.0,True,,,,,
APT-005033,REQ-005405,EMP-00085,LOC-03,SVC-06,2026-05-10,Cancelled,32,False,,Staff illness,Client,20.5,True,,,,,
APT-005034,REQ-005406,EMP-00032,LOC-01,SVC-05,2026-05-11,Cancelled,3,False,,Client unwell,Client,0.0,True,,,,,
APT-005037,REQ-005409,EMP-00150,LOC-09,SVC-06,2026-05-10,Cancelled,41,False,,Transport issue,Employee,3.9,True,,,,,
APT-005039,REQ-005411,EMP-00104,LOC-02,SVC-01,2026-05-10,Cancelled,20,False,,Client unwell,Client,0.0,True,,,,,
APT-005045,REQ-005417,EMP-00013,LOC-07,SVC-01,2026-05-11,Cancelled,34,False,,Duplicate booking,Organisation,64.2,True,,,,,
APT-005046,REQ-005418,EMP-00025,LOC-10,SVC-02,2026-05-12,Cancelled,43,False,,Other,Organisation,22.9,False,,,,,
APT-005047,REQ-005419,EMP-00126,LOC-06,SVC-02,2026-05-13,Cancelled,19,False,,Client unwell,Client,8.1,True,,,,,
APT-005048,REQ-005420,EMP-00015,LOC-03,SVC-02,2026-05-12,Cancelled,38,False,,Transport issue,Client,24.7,True,,,,,
APT-005052,REQ-005424,EMP-00002,LOC-02,SVC-05,2026-05-11,Cancelled,24,False,,Client unavailable,Employee,29.1,True,,,,,
APT-005058,REQ-005430,EMP-00120,LOC-10,SVC-01,2026-05-11,No-show,31,False,,Client unwell,Client,19.1,False,,,,,
APT-005062,REQ-005434,EMP-00066,LOC-01,SVC-07,2026-05-12,Cancelled,9,False,,Duplicate booking,Employee,22.5,True,,,,,
APT-005066,REQ-005438,EMP-00100,LOC-10,SVC-02,2026-05-12,Cancelled,30,False,,Staff illness,Employee,2.9,False,,,,,
APT-005067,REQ-005440,EMP-00040,LOC-04,SVC-04,2026-05-12,Cancelled,21,False,,Duplicate booking,Client,26.4,True,,,,,
APT-005070,REQ-005443,EMP-00049,LOC-05,SVC-06,2026-05-12,Cancelled,33,False,,Client unwell,Employee,14.5,False,,,,,
APT-005071,REQ-005444,EMP-00138,LOC-01,SVC-05,2026-05-12,No-show,25,False,,Transport issue,Client,0.0,True,,,,,
APT-005073,REQ-005446,EMP-00096,LOC-07,SVC-02,2026-05-12,No-show,30,False,,Client unavailable,Employee,26.8,False,,,,,
APT-005076,REQ-005449,EMP-00005,LOC-04,SVC-04,2026-05-13,Cancelled,6,False,,Client declined,Organisation,25.9,True,,,,,
APT-005078,REQ-005451,EMP-00061,LOC-09,SVC-05,2026-05-13,Cancelled,46,False,,Transport issue,Client,0.0,True,,,,,
APT-005084,REQ-005457,EMP-00138,LOC-02,SVC-08,2026-05-13,No-show,24,False,,Transport issue,Client,22.2,True,,,,,
APT-005085,REQ-005458,EMP-00106,LOC-02,SVC-04,2026-05-13,No-show,15,False,,Transport issue,Client,0.0,True,,,,,
APT-005087,REQ-005460,EMP-00143,LOC-07,SVC-03,2026-05-15,Cancelled,23,True,Skill match unavailable,Weather,Client,34.6,True,,,,,
APT-005089,REQ-005462,EMP-00008,LOC-06,SVC-01,2026-05-14,Cancelled,8,False,,Staff illness,Client,43.0,False,,,,,
APT-005091,REQ-005464,EMP-00092,LOC-09,SVC-01,2026-05-14,Cancelled,33,False,,Client unavailable,Client,50.9,True,,,,,
APT-005096,REQ-005470,EMP-00027,LOC-05,SVC-02,2026-05-15,No-show,16,False,,Client unwell,Organisation,48.2,True,,,,,
APT-005097,REQ-005471,EMP-00040,LOC-03,SVC-07,2026-05-15,Cancelled,44,False,,Other,Client,44.0,True,,,,,
APT-005099,REQ-005473,EMP-00092,LOC-07,SVC-05,2026-05-15,No-show,29,False,,Client unavailable,Client,11.8,False,,,,,
APT-005100,REQ-005474,EMP-00036,LOC-05,SVC-04,2026-05-14,Cancelled,16,False,,Client unavailable,Employee,33.1,True,,,,,
APT-005115,REQ-005491,EMP-00085,LOC-01,SVC-09,2026-05-14,Cancelled,11,False,,Other,Organisation,18.2,True,,,,,
APT-005118,REQ-005494,EMP-00025,LOC-04,SVC-05,2026-05-14,Cancelled,16,False,,Duplicate booking,Client,1.7,False,,,,,
APT-005122,REQ-005498,EMP-00044,LOC-02,SVC-02,2026-05-14,Cancelled,20,False,,Duplicate booking,Employee,44.8,True,,,,,
APT-005125,REQ-005501,EMP-00032,LOC-01,SVC-01,2026-05-14,No-show,30,False,,Client declined,Client,0.0,True,,,,,
APT-005132,REQ-005509,EMP-00062,LOC-01,SVC-06,2026-05-17,Cancelled,14,False,,Other,Client,20.2,False,,,,,
APT-005133,REQ-005510,EMP-00062,LOC-08,SVC-02,2026-05-16,Cancelled,26,False,,Client unavailable,Client,0.0,True,,,,,
APT-005138,REQ-005516,EMP-00054,LOC-07,SVC-01,2026-05-15,Cancelled,53,False,,Other,Employee,34.3,False,,,,,
APT-005142,REQ-005520,EMP-00138,LOC-10,SVC-01,2026-05-18,No-show,32,False,,Weather,Organisation,0.0,False,,,,,
APT-005145,REQ-005523,EMP-00042,LOC-10,SVC-04,2026-05-15,No-show,49,False,,Weather,Organisation,5.5,True,,,,,
APT-005149,REQ-005527,EMP-00050,LOC-06,SVC-05,2026-05-17,No-show,40,False,,Client unwell,Organisation,5.6,False,,,,,
APT-005153,REQ-005531,EMP-00022,LOC-10,SVC-06,2026-05-15,Cancelled,18,False,,Staff illness,Organisation,22.9,False,,,,,
APT-005154,REQ-005532,EMP-00137,LOC-07,SVC-07,2026-05-15,Cancelled,15,False,,Client unwell,Client,0.0,True,,,,,
APT-005156,REQ-005534,EMP-00056,LOC-06,SVC-06,2026-05-16,Cancelled,43,False,,Client unavailable,Employee,15.3,True,,,,,
APT-005157,REQ-005535,EMP-00067,LOC-03,SVC-03,2026-05-15,Cancelled,29,False,,Staff illness,Employee,18.3,False,,,,,
APT-005158,REQ-005536,EMP-00086,LOC-02,SVC-04,2026-05-15,Cancelled,30,False,,Staff illness,Client,7.1,True,,,,,
APT-005159,REQ-005537,EMP-00099,LOC-10,SVC-02,2026-05-16,Cancelled,38,False,,Weather,Organisation,25.0,True,,,,,
APT-005161,REQ-005539,EMP-00066,LOC-06,SVC-05,2026-05-17,No-show,44,False,,Client unavailable,Client,51.0,True,,,,,
APT-005163,REQ-005541,EMP-00126,LOC-06,SVC-02,2026-05-17,No-show,46,False,,Client declined,Client,0.0,True,,,,,
APT-005165,REQ-005543,EMP-00098,LOC-01,SVC-01,2026-05-19,Cancelled,25,False,,Client unavailable,Client,33.4,True,,,,,
APT-005168,REQ-005546,EMP-00052,LOC-07,SVC-01,2026-05-17,Cancelled,58,False,,Client unavailable,Employee,38.0,False,,,,,
APT-005174,REQ-005552,EMP-00063,LOC-02,SVC-02,2026-05-18,Cancelled,9,False,,Other,Organisation,10.4,True,,,,,
APT-005180,REQ-005559,EMP-00142,LOC-07,SVC-01,2026-05-17,Cancelled,35,False,,Client declined,Organisation,22.7,True,,,,,
APT-005190,REQ-005569,EMP-00148,LOC-09,SVC-02,2026-05-18,Cancelled,3,False,,Staff illness,Organisation,38.6,True,,,,,
APT-005194,REQ-005576,EMP-00129,LOC-06,SVC-08,2026-05-19,Cancelled,50,False,,Client unwell,Employee,0.0,True,,,,,
APT-005195,REQ-005577,EMP-00030,LOC-06,SVC-05,2026-05-18,Cancelled,11,False,,Duplicate booking,Client,26.7,False,,,,,
APT-005196,REQ-005578,EMP-00141,LOC-05,SVC-02,2026-05-18,Cancelled,17,False,,Weather,Organisation,0.0,True,,,,,
APT-005202,REQ-005584,EMP-00032,LOC-01,SVC-04,2026-05-18,Cancelled,17,False,,Client unavailable,Client,45.8,True,,,,,
APT-005203,REQ-005585,EMP-00128,LOC-02,SVC-01,2026-05-21,No-show,12,False,,Transport issue,Client,26.1,True,,,,,
APT-005204,REQ-005586,EMP-00110,LOC-02,SVC-02,2026-05-19,No-show,12,False,,Weather,Client,28.5,True,,,,,
APT-005208,REQ-005591,EMP-00134,LOC-05,SVC-05,2026-05-20,Cancelled,26,False,,Client declined,Organisation,0.0,False,,,,,
APT-005209,REQ-005592,EMP-00122,LOC-06,SVC-01,2026-05-20,Cancelled,17,False,,Client unwell,Employee,13.3,False,,,,,
APT-005213,REQ-005597,EMP-00095,LOC-09,SVC-01,2026-05-20,Cancelled,43,False,,Staff illness,Client,17.7,False,,,,,
APT-005227,REQ-005612,EMP-00004,LOC-01,SVC-04,2026-05-19,Cancelled,24,False,,Transport issue,Organisation,26.6,False,,,,,
APT-005229,REQ-005614,EMP-00141,LOC-08,SVC-03,2026-05-20,Cancelled,26,False,,Transport issue,Employee,1.7,False,,,,,
APT-005234,REQ-005619,EMP-00028,LOC-08,SVC-02,2026-05-20,Cancelled,19,False,,Other,Employee,13.2,False,,,,,
APT-005235,REQ-005620,EMP-00091,LOC-01,SVC-06,2026-05-21,Cancelled,20,False,,Other,Client,0.0,True,,,,,
APT-005237,REQ-005622,EMP-00115,LOC-08,SVC-06,2026-05-21,Cancelled,20,False,,Client unavailable,Organisation,23.6,True,,,,,
APT-005238,REQ-005623,EMP-00013,LOC-06,SVC-02,2026-05-21,Cancelled,23,False,,Staff illness,Client,25.2,True,,,,,
APT-005242,REQ-005628,EMP-00142,LOC-03,SVC-01,2026-05-22,Cancelled,21,False,,Staff illness,Employee,6.3,False,,,,,
APT-005243,REQ-005629,EMP-00014,LOC-01,SVC-05,2026-05-21,No-show,11,False,,Client unwell,Client,26.0,True,,,,,
APT-005245,REQ-005631,EMP-00035,LOC-06,SVC-06,2026-05-21,No-show,37,False,,Client unavailable,Client,1.9,False,,,,,
APT-005252,REQ-005638,EMP-00090,LOC-01,SVC-01,2026-05-25,Cancelled,44,False,,Transport issue,Employee,34.6,False,,,,,
APT-005256,REQ-005642,EMP-00092,LOC-10,SVC-07,2026-05-21,Cancelled,40,False,,Staff illness,Employee,12.4,False,,,,,
APT-005258,REQ-005644,EMP-00093,LOC-01,SVC-06,2026-05-22,Cancelled,46,False,,Other,Client,21.4,False,,,,,
APT-005259,REQ-005645,EMP-00117,LOC-02,SVC-09,2026-05-22,Cancelled,24,False,,Transport issue,Client,6.7,True,,,,,
APT-005261,REQ-005647,EMP-00091,LOC-10,SVC-02,2026-05-21,Cancelled,37,False,,Client unwell,Employee,1.6,False,,,,,
APT-005263,REQ-005649,EMP-00069,LOC-01,SVC-03,2026-05-22,Cancelled,25,False,,Client declined,Client,42.5,True,,,,,
APT-005264,REQ-005650,EMP-00086,LOC-05,SVC-06,2026-05-22,Cancelled,42,False,,Weather,Employee,6.1,True,,,,,
APT-005267,REQ-005653,EMP-00113,LOC-03,SVC-05,2026-05-21,Cancelled,9,False,,Client declined,Organisation,35.6,True,,,,,
APT-005269,REQ-005655,EMP-00005,LOC-06,SVC-09,2026-05-21,Cancelled,13,False,,Transport issue,Client,35.0,False,,,,,
APT-005276,REQ-005662,EMP-00002,LOC-02,SVC-03,2026-05-21,Cancelled,34,False,,Other,Employee,25.3,False,,,,,
APT-005279,REQ-005665,EMP-00104,LOC-02,SVC-01,2026-05-22,Cancelled,22,False,,Transport issue,Client,24.6,True,,,,,
APT-005282,REQ-005669,EMP-00126,LOC-05,SVC-01,2026-05-22,Cancelled,23,True,Skill match unavailable,Duplicate booking,Client,11.1,True,,,,,
APT-005285,REQ-005672,EMP-00023,LOC-10,SVC-07,2026-05-22,Cancelled,23,False,,Staff illness,Client,16.9,True,,,,,
APT-005287,REQ-005674,EMP-00129,LOC-05,SVC-07,2026-05-24,Cancelled,18,False,,Duplicate booking,Organisation,24.8,False,,,,,
APT-005288,REQ-005675,EMP-00002,LOC-04,SVC-01,2026-05-22,No-show,21,False,,Duplicate booking,Employee,17.7,True,,,,,
APT-005294,REQ-005681,EMP-00070,LOC-10,SVC-05,2026-05-23,Cancelled,39,False,,Client unwell,Client,31.7,True,,,,,
APT-005295,REQ-005682,EMP-00042,LOC-05,SVC-05,2026-05-23,Cancelled,8,False,,Transport issue,Client,16.9,True,,,,,
APT-005298,REQ-005685,EMP-00141,LOC-02,SVC-05,2026-05-22,No-show,52,False,,Client unwell,Employee,0.0,False,,,,,
APT-005305,REQ-005692,EMP-00040,LOC-06,SVC-02,2026-05-24,Cancelled,15,False,,Transport issue,Employee,17.8,True,,,,,
APT-005307,REQ-005694,EMP-00134,LOC-08,SVC-02,2026-05-22,Cancelled,11,False,,Transport issue,Organisation,0.0,False,,,,,
APT-005309,REQ-005696,EMP-00057,LOC-05,SVC-05,2026-05-22,Cancelled,32,False,,Staff illness,Employee,6.4,True,,,,,
APT-005311,REQ-005698,EMP-00054,LOC-02,SVC-02,2026-05-22,Cancelled,27,False,,Client unwell,Employee,7.2,True,,,,,
APT-005313,REQ-005701,EMP-00037,LOC-05,SVC-04,2026-05-24,No-show,4,False,,Duplicate booking,Employee,4.5,True,,,,,
APT-005314,REQ-005702,EMP-00124,LOC-05,SVC-01,2026-05-23,Cancelled,28,False,,Client declined,Client,0.0,False,,,,,
APT-005317,REQ-005705,EMP-00090,LOC-03,SVC-02,2026-05-24,Cancelled,14,False,,Transport issue,Client,0.0,True,,,,,
APT-005321,REQ-005709,EMP-00075,LOC-09,SVC-01,2026-05-24,Cancelled,17,False,,Client unwell,Employee,0.0,True,,,,,
APT-005322,REQ-005710,EMP-00080,LOC-02,SVC-09,2026-05-25,No-show,29,False,,Client declined,Employee,2.3,False,,,,,
APT-005324,REQ-005712,EMP-00002,LOC-09,SVC-05,2026-05-24,Cancelled,41,False,,Client unavailable,Employee,40.5,False,,,,,
APT-005329,REQ-005719,EMP-00005,LOC-07,SVC-08,2026-05-25,Cancelled,38,False,,Duplicate booking,Organisation,0.0,False,,,,,
APT-005330,REQ-005720,EMP-00086,LOC-10,SVC-02,2026-05-25,Cancelled,35,False,,Staff illness,Client,29.5,False,,,,,
APT-005337,REQ-005727,EMP-00037,LOC-10,SVC-02,2026-05-25,No-show,4,False,,Weather,Client,0.0,False,,,,,
APT-005344,REQ-005734,EMP-00021,LOC-03,SVC-02,2026-05-25,Cancelled,25,False,,Client unavailable,Employee,0.0,False,,,,,
APT-005345,REQ-005735,EMP-00017,LOC-04,SVC-03,2026-05-28,Cancelled,28,False,,Other,Employee,34.1,True,,,,,
APT-005346,REQ-005736,EMP-00054,LOC-10,SVC-04,2026-05-26,Cancelled,29,False,,Weather,Client,46.3,True,,,,,
APT-005347,REQ-005737,EMP-00058,LOC-01,SVC-02,2026-05-26,Cancelled,11,False,,Client unwell,Client,25.1,True,,,,,
APT-005348,REQ-005738,EMP-00056,LOC-04,SVC-07,2026-05-25,Cancelled,15,False,,Other,Client,0.0,True,,,,,
APT-005351,REQ-005741,EMP-00054,LOC-08,SVC-02,2026-05-27,No-show,27,False,,Staff illness,Client,2.4,True,,,,,
APT-005353,REQ-005743,EMP-00043,LOC-07,SVC-01,2026-05-25,Cancelled,38,False,,Client unwell,Organisation,30.1,False,,,,,
APT-005354,REQ-005744,EMP-00146,LOC-07,SVC-03,2026-05-27,Cancelled,43,False,,Client unwell,Client,26.0,True,,,,,
APT-005357,REQ-005747,EMP-00103,LOC-03,SVC-03,2026-05-26,Cancelled,11,False,,Client unwell,Client,0.0,True,,,,,
APT-005361,REQ-005751,EMP-00128,LOC-08,SVC-06,2026-05-26,No-show,33,False,,Other,Client,0.0,True,,,,,
APT-005363,REQ-005753,EMP-00089,LOC-04,SVC-02,2026-05-28,Cancelled,25,False,,Other,Client,15.2,True,,,,,
APT-005374,REQ-005765,EMP-00018,LOC-02,SVC-04,2026-05-27,No-show,9,False,,Duplicate booking,Employee,46.8,True,,,,,
APT-005375,REQ-005766,EMP-00123,LOC-01,SVC-07,2026-05-29,Cancelled,22,False,,Client declined,Employee,9.8,True,,,,,
APT-005378,REQ-005769,EMP-00091,LOC-04,SVC-09,2026-05-26,Cancelled,35,False,,Weather,Client,1.1,True,,,,,
APT-005379,REQ-005770,EMP-00137,LOC-07,SVC-07,2026-05-26,Cancelled,41,False,,Other,Client,50.5,True,,,,,
APT-005383,REQ-005774,EMP-00079,LOC-06,SVC-07,2026-05-28,Cancelled,51,False,,Client declined,Client,10.8,True,,,,,
APT-005389,REQ-005780,EMP-00040,LOC-02,SVC-06,2026-05-28,Cancelled,28,False,,Client unavailable,Employee,33.4,True,,,,,
APT-005405,REQ-005796,EMP-00025,LOC-06,SVC-06,2026-05-29,Cancelled,26,False,,Client unavailable,Client,40.2,False,,,,,
APT-005412,REQ-005803,EMP-00091,LOC-07,SVC-06,2026-05-29,Cancelled,32,False,,Client unwell,Employee,0.0,True,,,,,
APT-005414,REQ-005805,EMP-00128,LOC-02,SVC-05,2026-05-28,Cancelled,16,False,,Client unavailable,Client,0.0,False,,,,,
APT-005425,REQ-005816,EMP-00101,LOC-02,SVC-01,2026-05-28,Cancelled,25,True,Client preference,Transport issue,Client,35.5,True,,,,,
APT-005427,REQ-005818,EMP-00098,LOC-01,SVC-05,2026-05-28,Cancelled,3,False,,Other,Employee,0.0,True,,,,,
APT-005429,REQ-005820,EMP-00028,LOC-07,SVC-09,2026-05-29,Cancelled,18,False,,Other,Employee,11.3,True,,,,,
APT-005432,REQ-005824,EMP-00058,LOC-05,SVC-04,2026-05-29,Cancelled,19,False,,Client unwell,Employee,0.0,False,,,,,
APT-005434,REQ-005826,EMP-00040,LOC-04,SVC-02,2026-05-29,No-show,6,False,,Client declined,Client,40.0,True,,,,,
APT-005437,REQ-005829,EMP-00069,LOC-04,SVC-03,2026-05-28,Cancelled,12,False,,Transport issue,Organisation,6.3,False,,,,,
APT-005439,REQ-005831,EMP-00117,LOC-06,SVC-01,2026-05-31,Cancelled,31,False,,Weather,Employee,20.2,False,,,,,
APT-005445,REQ-005837,EMP-00146,LOC-08,SVC-06,2026-05-29,No-show,33,False,,Weather,Client,10.3,True,,,,,
APT-005447,REQ-005839,EMP-00023,LOC-01,SVC-01,2026-05-30,Cancelled,22,False,,Client unavailable,Client,0.0,False,,,,,
APT-005454,REQ-005846,EMP-00063,LOC-08,SVC-01,2026-05-29,Cancelled,40,True,Urgent reassignment,Client unavailable,Client,0.0,False,,,,,
APT-005462,REQ-005854,EMP-00017,LOC-01,SVC-01,2026-05-30,No-show,27,False,,Duplicate booking,Client,9.2,True,,,,,
APT-005478,REQ-005871,EMP-00055,LOC-05,SVC-02,2026-06-01,Cancelled,22,False,,Transport issue,Organisation,21.6,True,,,,,
APT-005479,REQ-005872,EMP-00123,LOC-08,SVC-01,2026-06-01,Cancelled,18,False,,Client declined,Organisation,20.3,False,,,,,
APT-005481,REQ-005874,EMP-00105,LOC-01,SVC-06,2026-06-01,No-show,13,False,,Client unavailable,Client,40.9,True,,,,,
APT-005485,REQ-005879,EMP-00039,LOC-03,SVC-02,2026-06-01,Cancelled,29,False,,Other,Organisation,59.7,True,,,,,
APT-005490,REQ-005885,EMP-00100,LOC-08,SVC-06,2026-06-02,Cancelled,40,False,,Staff illness,Employee,37.3,True,,,,,
APT-005498,REQ-005894,EMP-00041,LOC-10,SVC-01,2026-06-01,No-show,42,False,,Other,Client,30.5,True,,,,,
APT-005501,REQ-005897,EMP-00129,LOC-05,SVC-02,2026-06-02,Cancelled,3,False,,Other,Employee,21.3,False,,,,,
APT-005503,REQ-005900,EMP-00062,LOC-07,SVC-04,2026-06-02,No-show,52,False,,Client unavailable,Organisation,14.4,True,,,,,
APT-005509,REQ-005907,EMP-00129,LOC-07,SVC-03,2026-06-03,Cancelled,55,False,,Transport issue,Client,39.5,False,,,,,
APT-005511,REQ-005909,EMP-00065,LOC-06,SVC-02,2026-06-02,Cancelled,38,False,,Weather,Employee,48.7,True,,,,,
APT-005516,REQ-005914,EMP-00043,LOC-10,SVC-01,2026-06-03,Cancelled,40,False,,Staff illness,Client,0.0,True,,,,,
APT-005520,REQ-005918,EMP-00056,LOC-01,SVC-06,2026-06-02,Cancelled,39,False,,Staff illness,Client,21.7,True,,,,,
APT-005522,REQ-005920,EMP-00110,LOC-10,SVC-07,2026-06-02,Cancelled,22,False,,Client unavailable,Client,30.1,True,,,,,
APT-005526,REQ-005924,EMP-00134,LOC-08,SVC-06,2026-06-04,Cancelled,39,False,,Other,Organisation,24.3,True,,,,,
APT-005528,REQ-005926,EMP-00028,LOC-08,SVC-02,2026-06-02,No-show,24,False,,Duplicate booking,Employee,14.9,False,,,,,
APT-005529,REQ-005927,EMP-00022,LOC-04,SVC-02,2026-06-03,Cancelled,35,False,,Client declined,Client,46.8,True,,,,,
APT-005531,REQ-005929,EMP-00142,LOC-04,SVC-02,2026-06-03,No-show,10,False,,Staff illness,Employee,4.7,False,,,,,
APT-005533,REQ-005931,EMP-00093,LOC-08,SVC-02,2026-06-04,No-show,46,False,,Client unwell,Client,43.6,True,,,,,
APT-005536,REQ-005934,EMP-00142,LOC-10,SVC-02,2026-06-02,Cancelled,17,False,,Duplicate booking,Organisation,33.9,True,,,,,
APT-005537,REQ-005935,EMP-00131,LOC-06,SVC-04,2026-06-05,Cancelled,24,False,,Client unavailable,Client,28.0,True,,,,,
APT-005538,REQ-005936,EMP-00036,LOC-08,SVC-02,2026-06-03,Cancelled,47,False,,Weather,Client,0.0,True,,,,,
APT-005542,REQ-005940,EMP-00129,LOC-02,SVC-05,2026-06-03,Cancelled,18,True,Skill match unavailable,Duplicate booking,Client,36.4,True,,,,,
APT-005545,REQ-005944,EMP-00146,LOC-03,SVC-06,2026-06-05,Cancelled,15,False,,Weather,Organisation,13.0,True,,,,,
APT-005547,REQ-005946,EMP-00133,LOC-03,SVC-01,2026-06-05,Cancelled,29,False,,Transport issue,Client,36.1,False,,,,,
APT-005550,REQ-005949,EMP-00002,LOC-06,SVC-06,2026-06-03,Cancelled,24,False,,Other,Client,32.2,False,,,,,
APT-005552,REQ-005951,EMP-00068,LOC-08,SVC-05,2026-06-04,Cancelled,33,True,Skill match unavailable,Staff illness,Client,17.1,True,,,,,
APT-005558,REQ-005958,EMP-00146,LOC-03,SVC-02,2026-06-03,No-show,32,False,,Client declined,Employee,20.5,True,,,,,
APT-005565,REQ-005965,EMP-00062,LOC-06,SVC-05,2026-06-05,No-show,17,False,,Transport issue,Organisation,11.8,False,,,,,
APT-005566,REQ-005966,EMP-00069,LOC-03,SVC-05,2026-06-04,Cancelled,13,False,,Client unavailable,Employee,34.7,True,,,,,
APT-005569,REQ-005970,EMP-00080,LOC-02,SVC-05,2026-06-05,Cancelled,11,False,,Client unwell,Client,0.0,True,,,,,
APT-005570,REQ-005971,EMP-00010,LOC-10,SVC-07,2026-06-05,Cancelled,24,False,,Weather,Organisation,12.6,False,,,,,
APT-005573,REQ-005974,EMP-00146,LOC-07,SVC-05,2026-06-05,No-show,4,False,,Transport issue,Client,20.8,True,,,,,
APT-005576,REQ-005977,EMP-00021,LOC-02,SVC-09,2026-06-07,Cancelled,30,False,,Client unwell,Employee,59.5,False,,,,,
APT-005580,REQ-005981,EMP-00047,LOC-09,SVC-06,2026-06-05,Cancelled,7,False,,Client unwell,Client,15.6,True,,,,,
APT-005582,REQ-005983,EMP-00129,LOC-06,SVC-03,2026-06-09,Cancelled,47,False,,Weather,Client,32.3,True,,,,,
APT-005584,REQ-005985,EMP-00126,LOC-06,SVC-01,2026-06-05,Cancelled,33,False,,Weather,Employee,30.3,True,,,,,
APT-005586,REQ-005988,EMP-00092,LOC-03,SVC-01,2026-06-04,No-show,14,True,Continuity of care,Client declined,Organisation,22.7,True,,,,,
APT-005588,REQ-005990,EMP-00043,LOC-08,SVC-01,2026-06-05,Cancelled,3,False,,Staff illness,Employee,40.5,False,,,,,
APT-005590,REQ-005992,EMP-00064,LOC-04,SVC-05,2026-06-05,Cancelled,21,False,,Duplicate booking,Client,12.4,True,,,,,
APT-005592,REQ-005994,EMP-00139,LOC-06,SVC-05,2026-06-05,Cancelled,27,False,,Duplicate booking,Employee,17.3,True,,,,,
APT-005594,REQ-005996,EMP-00079,LOC-01,SVC-03,2026-06-05,No-show,27,False,,Client unavailable,Employee,7.0,True,,,,,
APT-005598,REQ-006000,EMP-00058,LOC-03,SVC-06,2026-06-05,No-show,14,False,,Transport issue,Client,42.4,False,,,,,
APT-005599,REQ-006001,EMP-00062,LOC-10,SVC-06,2026-06-05,No-show,30,False,,Staff illness,Organisation,7.1,True,,,,,
APT-005601,REQ-006003,EMP-00005,LOC-08,SVC-05,2026-06-05,Cancelled,3,False,,Weather,Organisation,38.4,True,,,,,
APT-005602,REQ-006004,EMP-00064,LOC-04,SVC-02,2026-06-05,No-show,7,False,,Staff illness,Organisation,0.0,True,,,,,
APT-005606,REQ-006008,EMP-00092,LOC-07,SVC-04,2026-06-05,Cancelled,35,False,,Staff illness,Employee,0.0,True,,,,,
APT-005608,REQ-006010,EMP-00089,LOC-04,SVC-04,2026-06-06,Cancelled,33,False,,Duplicate booking,Client,6.5,False,,,,,
APT-005611,REQ-006013,EMP-00086,LOC-03,SVC-03,2026-06-05,No-show,26,False,,Staff illness,Client,13.9,True,,,,,
APT-005614,REQ-006016,EMP-00028,LOC-02,SVC-07,2026-06-06,No-show,3,False,,Weather,Client,0.0,True,,,,,
APT-005615,REQ-006017,EMP-00065,LOC-02,SVC-03,2026-06-06,No-show,21,False,,Duplicate booking,Client,8.8,False,,,,,
APT-005616,REQ-006018,EMP-00044,LOC-10,SVC-06,2026-06-06,Cancelled,6,False,,Client declined,Client,45.7,True,,,,,
APT-005617,REQ-006019,EMP-00025,LOC-05,SVC-05,2026-06-08,Cancelled,38,False,,Staff illness,Client,89.0,True,,,,,
APT-005618,REQ-006020,EMP-00033,LOC-07,SVC-02,2026-06-06,Cancelled,29,False,,Client unwell,Organisation,0.0,True,,,,,
APT-005622,REQ-006025,EMP-00064,LOC-06,SVC-02,2026-06-08,No-show,60,False,,Weather,Client,29.3,True,,,,,
APT-005624,REQ-006027,EMP-00131,LOC-01,SVC-06,2026-06-06,Cancelled,22,False,,Duplicate booking,Organisation,42.4,True,,,,,
APT-005630,REQ-006034,EMP-00115,LOC-03,SVC-02,2026-06-11,No-show,22,False,,Other,Client,0.0,True,,,,,
APT-005636,REQ-006040,EMP-00096,LOC-02,SVC-06,2026-06-07,Cancelled,3,False,,Client unavailable,Employee,38.9,False,,,,,
APT-005637,REQ-006041,EMP-00028,LOC-09,SVC-03,2026-06-08,No-show,23,False,,Client unavailable,Client,0.0,True,,,,,
APT-005639,REQ-006043,EMP-00002,LOC-07,SVC-01,2026-06-08,Cancelled,41,False,,Client unwell,Organisation,2.8,False,,,,,
APT-005645,REQ-006050,EMP-00128,LOC-06,SVC-09,2026-06-09,No-show,14,False,,Client unwell,Client,51.2,False,,,,,
APT-005646,REQ-006051,EMP-00050,LOC-10,SVC-05,2026-06-10,Cancelled,31,False,,Weather,Client,31.1,True,,,,,
APT-005649,REQ-006054,EMP-00002,LOC-10,SVC-01,2026-06-08,Cancelled,42,False,,Other,Client,7.3,True,,,,,
APT-005650,REQ-006055,EMP-00064,LOC-07,SVC-02,2026-06-09,Cancelled,62,False,,Weather,Employee,33.3,False,,,,,
APT-005651,REQ-006056,EMP-00027,LOC-01,SVC-01,2026-06-08,Cancelled,18,False,,Client unwell,Employee,17.0,False,,,,,
APT-005655,REQ-006060,EMP-00067,LOC-05,SVC-06,2026-06-09,Cancelled,17,False,,Transport issue,Organisation,27.4,True,,,,,
APT-005658,REQ-006063,EMP-00056,LOC-02,SVC-03,2026-06-08,Cancelled,34,True,Urgent reassignment,Transport issue,Client,21.7,True,,,,,
APT-005660,REQ-006065,EMP-00031,LOC-04,SVC-07,2026-06-08,Cancelled,12,False,,Client unavailable,Organisation,0.0,True,,,,,
APT-005662,REQ-006067,EMP-00095,LOC-03,SVC-02,2026-06-10,Cancelled,3,False,,Client unavailable,Client,0.0,True,,,,,
APT-005665,REQ-006070,EMP-00040,LOC-08,SVC-02,2026-06-09,No-show,29,False,,Client unavailable,Organisation,14.7,False,,,,,
APT-005672,REQ-006077,EMP-00064,LOC-03,SVC-07,2026-06-11,Cancelled,37,False,,Duplicate booking,Organisation,0.0,False,,,,,
APT-005673,REQ-006078,EMP-00014,LOC-07,SVC-04,2026-06-15,Cancelled,25,False,,Client unwell,Organisation,16.3,True,,,,,
APT-005677,REQ-006082,EMP-00017,LOC-07,SVC-04,2026-06-09,Cancelled,23,True,Client preference,Client unavailable,Client,13.2,True,,,,,
APT-005686,REQ-006093,EMP-00025,LOC-03,SVC-05,2026-06-10,Cancelled,28,True,Client preference,Transport issue,Client,7.4,False,,,,,
APT-005689,REQ-006096,EMP-00121,LOC-10,SVC-06,2026-06-10,Cancelled,29,False,,Client declined,Client,43.2,True,,,,,
APT-005704,REQ-006114,EMP-00117,LOC-03,SVC-02,2026-06-12,Cancelled,17,False,,Staff illness,Organisation,4.8,False,,,,,
APT-005707,REQ-006117,EMP-00015,LOC-10,SVC-08,2026-06-12,No-show,18,True,Client preference,Duplicate booking,Client,10.4,True,,,,,
APT-005721,REQ-006131,EMP-00054,LOC-01,SVC-03,2026-06-12,Cancelled,25,False,,Duplicate booking,Client,1.1,True,,,,,
APT-005725,REQ-006135,EMP-00117,LOC-02,SVC-01,2026-06-12,Cancelled,21,True,Urgent reassignment,Client declined,Organisation,4.9,False,,,,,
APT-005727,REQ-006137,EMP-00075,LOC-01,SVC-01,2026-06-12,Cancelled,33,False,,Other,Organisation,34.3,True,,,,,
APT-005728,REQ-006138,EMP-00069,LOC-01,SVC-07,2026-06-11,Cancelled,10,False,,Transport issue,Client,25.5,False,,,,,
APT-005730,REQ-006140,EMP-00117,LOC-07,SVC-06,2026-06-12,Cancelled,3,False,,Weather,Client,0.0,True,,,,,
APT-005731,REQ-006141,EMP-00129,LOC-10,SVC-01,2026-06-12,No-show,24,False,,Client unwell,Organisation,0.0,True,,,,,
APT-005734,REQ-006145,EMP-00061,LOC-02,SVC-08,2026-06-12,No-show,22,False,,Transport issue,Client,0.0,True,,,,,
APT-005736,REQ-006147,EMP-00067,LOC-05,SVC-01,2026-06-13,No-show,14,False,,Client declined,Organisation,13.4,False,,,,,
APT-005737,REQ-006148,EMP-00138,LOC-01,SVC-04,2026-06-12,Cancelled,26,False,,Other,Client,10.3,True,,,,,
APT-005739,REQ-006150,EMP-00124,LOC-06,SVC-01,2026-06-13,Cancelled,29,True,Urgent reassignment,Client declined,Client,13.5,True,,,,,
APT-005740,REQ-006151,EMP-00093,LOC-07,SVC-01,2026-06-12,Cancelled,37,False,,Client declined,Employee,11.2,True,,,,,
APT-005744,REQ-006156,EMP-00129,LOC-03,SVC-02,2026-06-12,Cancelled,12,True,Urgent reassignment,Weather,Employee,28.5,True,,,,,
APT-005745,REQ-006157,EMP-00031,LOC-02,SVC-04,2026-06-12,Cancelled,53,False,,Weather,Organisation,44.1,False,,,,,
APT-005746,REQ-006158,EMP-00066,LOC-07,SVC-08,2026-06-13,Cancelled,24,False,,Client declined,Employee,0.0,True,,,,,
APT-005747,REQ-006159,EMP-00126,LOC-05,SVC-08,2026-06-15,Cancelled,24,False,,Duplicate booking,Client,10.0,True,,,,,
APT-005749,REQ-006161,EMP-00123,LOC-01,SVC-05,2026-06-12,Cancelled,44,False,,Duplicate booking,Client,12.8,True,,,,,
APT-005750,REQ-006162,EMP-00061,LOC-03,SVC-09,2026-06-13,Cancelled,25,False,,Client unwell,Organisation,41.6,True,,,,,
APT-005752,REQ-006164,EMP-00133,LOC-02,SVC-01,2026-06-15,Cancelled,21,False,,Staff illness,Client,6.1,True,,,,,
APT-005753,REQ-006165,EMP-00022,LOC-06,SVC-07,2026-06-15,Cancelled,24,False,,Duplicate booking,Employee,0.0,False,,,,,
APT-005754,REQ-006167,EMP-00023,LOC-08,SVC-04,2026-06-13,No-show,33,False,,Staff illness,Employee,42.4,True,,,,,
APT-005755,REQ-006168,EMP-00137,LOC-10,SVC-03,2026-06-12,Cancelled,37,True,Skill match unavailable,Client unwell,Client,46.4,False,,,,,
APT-005757,REQ-006170,EMP-00023,LOC-08,SVC-02,2026-06-15,No-show,34,False,,Client unwell,Client,25.8,False,,,,,
APT-005758,REQ-006171,EMP-00091,LOC-05,SVC-05,2026-06-12,Cancelled,23,False,,Other,Client,26.0,True,,,,,
APT-005760,REQ-006173,EMP-00004,LOC-06,SVC-08,2026-06-12,Cancelled,49,False,,Weather,Employee,49.9,False,,,,,
APT-005762,REQ-006175,EMP-00102,LOC-07,SVC-03,2026-06-13,No-show,54,False,,Staff illness,Client,13.5,True,,,,,
APT-005765,REQ-006179,EMP-00105,LOC-05,SVC-09,2026-06-13,Cancelled,15,False,,Duplicate booking,Client,47.0,False,,,,,
APT-005766,REQ-006180,EMP-00044,LOC-06,SVC-01,2026-06-14,Cancelled,40,False,,Staff illness,Client,33.3,False,,,,,
APT-005770,REQ-006184,EMP-00031,LOC-03,SVC-01,2026-06-15,Cancelled,8,False,,Duplicate booking,Client,37.6,True,,,,,
APT-005772,REQ-006186,EMP-00126,LOC-01,SVC-02,2026-06-13,Cancelled,36,True,Skill match unavailable,Duplicate booking,Client,39.2,True,,,,,
APT-005773,REQ-006187,EMP-00065,LOC-07,SVC-07,2026-06-15,Cancelled,28,False,,Weather,Employee,35.0,True,,,,,
APT-005774,REQ-006188,EMP-00084,LOC-01,SVC-05,2026-06-14,Cancelled,40,False,,Client unwell,Employee,47.0,True,,,,,
APT-005778,REQ-006192,EMP-00025,LOC-03,SVC-02,2026-06-14,Cancelled,15,False,,Duplicate booking,Employee,31.7,False,,,,,
APT-005779,REQ-006193,EMP-00041,LOC-02,SVC-01,2026-06-15,Cancelled,29,False,,Transport issue,Organisation,56.5,False,,,,,
APT-005790,REQ-006204,EMP-00142,LOC-09,SVC-07,2026-06-15,Cancelled,37,False,,Other,Client,12.6,True,,,,,
APT-005793,REQ-006207,EMP-00032,LOC-09,SVC-06,2026-06-16,Cancelled,32,False,,Client unavailable,Client,24.7,True,,,,,
APT-005797,REQ-006211,EMP-00043,LOC-08,SVC-02,2026-06-16,Cancelled,32,False,,Weather,Employee,11.4,True,,,,,
APT-005799,REQ-006213,EMP-00060,LOC-07,SVC-05,2026-06-15,No-show,57,False,,Staff illness,Employee,0.0,True,,,,,
APT-005800,REQ-006214,EMP-00122,LOC-10,SVC-06,2026-06-16,Cancelled,15,False,,Weather,Client,31.3,True,,,,,
APT-005802,REQ-006217,EMP-00057,LOC-02,SVC-01,2026-06-15,Cancelled,17,False,,Client declined,Client,21.8,True,,,,,
APT-005803,REQ-006218,EMP-00017,LOC-05,SVC-06,2026-06-15,No-show,22,True,Urgent reassignment,Transport issue,Employee,53.9,False,,,,,
APT-005806,REQ-006221,EMP-00008,LOC-03,SVC-01,2026-06-19,Cancelled,20,False,,Client unavailable,Client,9.7,False,,,,,
APT-005807,REQ-006222,EMP-00089,LOC-07,SVC-01,2026-06-17,Cancelled,29,False,,Staff illness,Client,20.4,True,,,,,
APT-005823,REQ-006239,EMP-00060,LOC-07,SVC-06,2026-06-18,Cancelled,26,False,,Duplicate booking,Client,39.0,False,,,,,
APT-005825,REQ-006242,EMP-00137,LOC-06,SVC-06,2026-06-16,Cancelled,18,False,,Duplicate booking,Client,7.4,False,,,,,
APT-005832,REQ-006249,EMP-00014,LOC-07,SVC-05,2026-06-16,Cancelled,19,False,,Transport issue,Client,14.5,False,,,,,
APT-005835,REQ-006253,EMP-00122,LOC-05,SVC-02,2026-06-16,Cancelled,36,False,,Duplicate booking,Organisation,11.9,True,,,,,
APT-005839,REQ-006257,EMP-00043,LOC-02,SVC-02,2026-06-16,Cancelled,3,False,,Staff illness,Client,22.4,False,,,,,
APT-005842,REQ-006260,EMP-00033,LOC-09,SVC-02,2026-06-17,Cancelled,31,False,,Staff illness,Client,16.5,False,,,,,
APT-005855,REQ-006273,EMP-00010,LOC-09,SVC-01,2026-06-17,Cancelled,8,True,Continuity of care,Transport issue,Organisation,0.0,True,,,,,
APT-005859,REQ-006277,EMP-00056,LOC-02,SVC-09,2026-06-23,Cancelled,30,False,,Client unwell,Client,14.1,False,,,,,
APT-005871,REQ-006292,EMP-00091,LOC-09,SVC-03,2026-06-17,Cancelled,29,False,,Other,Employee,30.7,True,,,,,
APT-005872,REQ-006293,EMP-00050,LOC-08,SVC-02,2026-06-17,No-show,36,False,,Duplicate booking,Client,33.8,True,,,,,
APT-005873,REQ-006294,EMP-00089,LOC-09,SVC-01,2026-06-20,Cancelled,9,False,,Client unwell,Organisation,0.0,True,,,,,
APT-005877,REQ-006298,EMP-00143,LOC-09,SVC-02,2026-06-20,Cancelled,23,False,,Duplicate booking,Client,38.9,False,,,,,
APT-005880,REQ-006301,EMP-00044,LOC-04,SVC-03,2026-06-18,Cancelled,8,False,,Weather,Client,48.3,True,,,,,
APT-005887,REQ-006309,EMP-00023,LOC-04,SVC-02,2026-06-19,Cancelled,34,False,,Staff illness,Organisation,0.0,True,,,,,
APT-005888,REQ-006310,EMP-00032,LOC-02,SVC-01,2026-06-18,Cancelled,7,False,,Duplicate booking,Client,8.0,False,,,,,
APT-005891,REQ-006313,EMP-00068,LOC-09,SVC-02,2026-06-18,Cancelled,37,True,Urgent reassignment,Transport issue,Employee,10.1,True,,,,,
APT-005893,REQ-006315,EMP-00002,LOC-05,SVC-01,2026-06-19,Cancelled,12,False,,Client unwell,Organisation,11.0,True,,,,,
APT-005901,REQ-006323,EMP-00086,LOC-10,SVC-09,2026-06-19,No-show,59,False,,Other,Client,0.0,True,,,,,
APT-005903,REQ-006325,EMP-00112,LOC-07,SVC-06,2026-06-19,Cancelled,34,False,,Client unavailable,Employee,11.2,True,,,,,
APT-005907,REQ-006329,EMP-00091,LOC-04,SVC-03,2026-06-18,Cancelled,3,False,,Client declined,Employee,4.3,True,,,,,
APT-005908,REQ-006330,EMP-00069,LOC-05,SVC-07,2026-06-19,No-show,25,False,,Client unavailable,Organisation,3.7,True,,,,,
APT-005916,REQ-006340,EMP-00060,LOC-03,SVC-02,2026-06-20,No-show,53,False,,Other,Client,0.0,True,,,,,
APT-005918,REQ-006342,EMP-00080,LOC-08,SVC-06,2026-06-19,Cancelled,18,False,,Client unwell,Client,9.5,False,,,,,
APT-005919,REQ-006343,EMP-00146,LOC-09,SVC-09,2026-06-19,Cancelled,41,False,,Client unavailable,Client,39.4,True,,,,,
APT-005921,REQ-006345,EMP-00057,LOC-01,SVC-07,2026-06-19,Cancelled,8,False,,Staff illness,Client,47.1,True,,,,,
APT-005923,REQ-006347,EMP-00005,LOC-03,SVC-02,2026-06-19,Cancelled,34,False,,Weather,Organisation,39.6,True,,,,,
APT-005924,REQ-006348,EMP-00136,LOC-05,SVC-09,2026-06-19,Cancelled,21,False,,Transport issue,Organisation,0.0,True,,,,,
APT-005931,REQ-006355,EMP-00038,LOC-07,SVC-05,2026-06-19,Cancelled,26,False,,Duplicate booking,Employee,37.7,True,,,,,
APT-005942,REQ-006367,EMP-00119,LOC-04,SVC-01,2026-06-21,Cancelled,17,False,,Duplicate booking,Client,0.0,False,,,,,
APT-005944,REQ-006369,EMP-00054,LOC-08,SVC-03,2026-06-22,Cancelled,18,False,,Duplicate booking,Employee,29.9,True,,,,,
APT-005951,REQ-006377,EMP-00098,LOC-10,SVC-01,2026-06-22,Cancelled,35,False,,Client unavailable,Client,0.0,True,,,,,
APT-005952,REQ-006378,EMP-00118,LOC-03,SVC-04,2026-06-22,Cancelled,17,False,,Weather,Client,61.7,True,,,,,
APT-005956,REQ-006383,EMP-00106,LOC-08,SVC-01,2026-06-21,No-show,34,False,,Client unwell,Organisation,28.4,True,,,,,
APT-005958,REQ-006385,EMP-00033,LOC-10,SVC-02,2026-06-21,No-show,41,False,,Client declined,Employee,36.0,True,,,,,
APT-005960,REQ-006387,EMP-00142,LOC-03,SVC-06,2026-06-22,Cancelled,39,False,,Client unwell,Client,44.5,True,,,,,
APT-005961,REQ-006389,EMP-00102,LOC-03,SVC-02,2026-06-24,Cancelled,34,False,,Weather,Organisation,0.3,True,,,,,
APT-005967,REQ-006395,EMP-00089,LOC-07,SVC-07,2026-06-26,Cancelled,19,False,,Staff illness,Organisation,48.8,True,,,,,
APT-005968,REQ-006396,EMP-00090,LOC-06,SVC-02,2026-06-24,Cancelled,40,False,,Transport issue,Client,31.9,True,,,,,
APT-005969,REQ-006397,EMP-00054,LOC-08,SVC-05,2026-06-23,Cancelled,44,True,Skill match unavailable,Weather,Client,5.6,False,,,,,
APT-005974,REQ-006403,EMP-00150,LOC-10,SVC-01,2026-06-22,Cancelled,35,False,,Client unavailable,Client,5.9,True,,,,,
APT-005978,REQ-006408,EMP-00031,LOC-01,SVC-03,2026-06-24,Cancelled,12,False,,Client declined,Client,27.7,True,,,,,
APT-005983,REQ-006413,EMP-00093,LOC-05,SVC-01,2026-06-23,Cancelled,28,False,,Duplicate booking,Client,16.0,True,,,,,
APT-005984,REQ-006414,EMP-00139,LOC-09,SVC-04,2026-06-24,Cancelled,26,False,,Weather,Employee,2.1,False,,,,,
APT-005987,REQ-006417,EMP-00047,LOC-07,SVC-01,2026-06-24,No-show,35,True,Continuity of care,Client unwell,Client,0.1,True,,,,,
APT-005988,REQ-006418,EMP-00065,LOC-04,SVC-01,2026-06-24,Cancelled,21,False,,Client declined,Client,41.7,True,,,,,
APT-005989,REQ-006419,EMP-00119,LOC-07,SVC-05,2026-06-24,No-show,13,False,,Transport issue,Client,0.4,False,,,,,
APT-005991,REQ-006422,EMP-00142,LOC-03,SVC-04,2026-06-24,Cancelled,25,False,,Client unwell,Client,68.8,True,,,,,
APT-005994,REQ-006425,EMP-00124,LOC-02,SVC-01,2026-06-23,No-show,7,False,,Duplicate booking,Organisation,0.0,True,,,,,
APT-005995,REQ-006426,EMP-00069,LOC-08,SVC-01,2026-06-23,No-show,44,False,,Client unwell,Client,0.0,False,,,,,
APT-006002,REQ-006433,EMP-00060,LOC-08,SVC-01,2026-06-23,Cancelled,35,False,,Duplicate booking,Client,11.7,False,,,,,
APT-006004,REQ-006435,EMP-00065,LOC-10,SVC-01,2026-06-25,Cancelled,64,False,,Weather,Organisation,0.0,True,,,,,
APT-006012,REQ-006443,EMP-00043,LOC-03,SVC-08,2026-06-24,Cancelled,22,False,,Client unwell,Organisation,71.6,False,,,,,
APT-006018,REQ-006450,EMP-00091,LOC-07,SVC-03,2026-06-26,Cancelled,25,False,,Duplicate booking,Organisation,0.0,True,,,,,
APT-006023,REQ-006455,EMP-00037,LOC-02,SVC-02,2026-06-25,No-show,26,False,,Client unwell,Employee,29.0,True,,,,,
APT-006024,REQ-006457,EMP-00104,LOC-03,SVC-02,2026-06-25,No-show,26,False,,Duplicate booking,Organisation,9.1,True,,,,,
APT-006026,REQ-006459,EMP-00028,LOC-06,SVC-05,2026-06-26,No-show,45,False,,Weather,Client,1.2,True,,,,,
APT-006028,REQ-006461,EMP-00141,LOC-02,SVC-01,2026-06-26,Cancelled,18,False,,Transport issue,Client,41.7,True,,,,,
APT-006033,REQ-006466,EMP-00033,LOC-08,SVC-01,2026-06-26,Cancelled,3,False,,Client unavailable,Employee,28.6,False,,,,,
APT-006035,REQ-006468,EMP-00096,LOC-07,SVC-01,2026-06-25,Cancelled,39,False,,Client unavailable,Organisation,19.8,True,,,,,
APT-006039,REQ-006473,EMP-00031,LOC-04,SVC-05,2026-06-26,Cancelled,16,False,,Client declined,Employee,69.2,True,,,,,
APT-006041,REQ-006475,EMP-00146,LOC-07,SVC-09,2026-06-26,Cancelled,34,False,,Client unwell,Employee,27.5,True,,,,,
APT-006046,REQ-006481,EMP-00021,LOC-08,SVC-02,2026-06-26,Cancelled,5,False,,Transport issue,Client,12.7,False,,,,,
APT-006048,REQ-006483,EMP-00138,LOC-08,SVC-02,2026-06-26,Cancelled,27,False,,Client unwell,Employee,5.0,True,,,,,
APT-006051,REQ-006487,EMP-00084,LOC-01,SVC-07,2026-06-26,Cancelled,16,False,,Weather,Organisation,27.6,True,,,,,
APT-006052,REQ-006488,EMP-00064,LOC-08,SVC-05,2026-06-26,Cancelled,34,False,,Client unavailable,Employee,31.1,True,,,,,
APT-006056,REQ-006492,EMP-00011,LOC-10,SVC-02,2026-06-25,Cancelled,43,False,,Weather,Client,19.6,False,,,,,
APT-006061,REQ-006498,EMP-00051,LOC-04,SVC-01,2026-06-26,No-show,29,False,,Transport issue,Employee,22.2,True,,,,,
APT-006064,REQ-006502,EMP-00066,LOC-07,SVC-04,2026-06-26,No-show,31,False,,Client unavailable,Client,20.1,True,,,,,
APT-006067,REQ-006506,EMP-00150,LOC-04,SVC-01,2026-06-26,Cancelled,35,False,,Weather,Employee,33.5,True,,,,,
APT-006071,REQ-006511,EMP-00134,LOC-07,SVC-03,2026-06-27,Cancelled,40,False,,Client declined,Client,30.7,True,,,,,
APT-006072,REQ-006512,EMP-00062,LOC-03,SVC-03,2026-06-27,Cancelled,44,False,,Weather,Client,0.0,True,,,,,
APT-006091,REQ-006533,EMP-00060,LOC-07,SVC-05,2026-06-27,Cancelled,10,False,,Client unwell,Client,23.7,True,,,,,
APT-006093,REQ-006535,EMP-00117,LOC-02,SVC-01,2026-06-29,Cancelled,37,False,,Client unwell,Employee,17.3,True,,,,,
APT-006103,REQ-006545,EMP-00039,LOC-04,SVC-09,2026-06-28,No-show,17,False,,Client declined,Client,24.0,True,,,,,
APT-006107,REQ-006549,EMP-00035,LOC-04,SVC-02,2026-06-29,No-show,25,False,,Client unwell,Client,11.6,True,,,,,
APT-006108,REQ-006550,EMP-00051,LOC-05,SVC-02,2026-06-29,Cancelled,16,False,,Client unwell,Client,24.6,True,,,,,
APT-006109,REQ-006551,EMP-00134,LOC-04,SVC-02,2026-06-29,Cancelled,23,False,,Other,Client,46.2,False,,,,,
APT-006114,REQ-006556,EMP-00008,LOC-03,SVC-06,2026-06-29,Cancelled,30,False,,Weather,Employee,0.0,True,,,,,
APT-006116,REQ-006558,EMP-00023,LOC-09,SVC-05,2026-06-29,Cancelled,38,False,,Transport issue,Client,32.3,True,,,,,
APT-006119,REQ-006561,EMP-00131,LOC-08,SVC-02,2026-06-29,Cancelled,30,False,,Weather,Client,28.7,True,,,,,
APT-006121,REQ-006563,EMP-00066,LOC-07,SVC-04,2026-06-29,Cancelled,39,False,,Client unwell,Client,28.7,True,,,,,
APT-006122,REQ-006564,EMP-00056,LOC-06,SVC-06,2026-06-29,No-show,24,False,,Client unwell,Client,31.9,False,,,,,
APT-006123,REQ-006565,EMP-00039,LOC-02,SVC-02,2026-06-29,Cancelled,16,False,,Duplicate booking,Client,30.6,False,,,,,
APT-006125,REQ-006567,EMP-00103,LOC-09,SVC-03,2026-06-30,Cancelled,13,False,,Transport issue,Client,33.7,True,,,,,
APT-006127,REQ-006569,EMP-00096,LOC-10,SVC-06,2026-06-30,Cancelled,55,False,,Client unavailable,Employee,20.6,True,,,,,
APT-006128,REQ-006570,EMP-00143,LOC-08,SVC-04,2026-06-29,Cancelled,43,False,,Weather,Client,0.0,True,,,,,
APT-006137,REQ-006579,EMP-00066,LOC-07,SVC-02,2026-06-30,Cancelled,70,False,,Other,Organisation,24.3,True,,,,,
APT-006142,REQ-006584,EMP-00017,LOC-09,SVC-07,2026-07-01,Cancelled,24,False,,Client unwell,Employee,37.3,False,,,,,
APT-006144,REQ-006587,EMP-00105,LOC-09,SVC-04,2026-07-02,Cancelled,27,False,,Staff illness,Client,29.8,False,,,,,
APT-004097,REQ-004405,EMP-00006,LOC-09,SVC-01,2026-03-22,Completed,31,False,,,,,,4.8,93.1,False,True,True
APT-004101,REQ-004409,EMP-00015,LOC-07,SVC-03,2026-03-21,Completed,45,False,,,,,,,74.9,False,True,False
APT-004102,REQ-004410,EMP-00013,LOC-02,SVC-08,2026-03-21,Completed,27,False,,,,,,3.9,81.4,False,True,True
APT-004103,REQ-004411,EMP-00068,LOC-06,SVC-09,2026-03-24,Completed,60,False,,,,,,4.1,100.0,False,False,False
APT-004104,REQ-004412,EMP-00066,LOC-03,SVC-05,2026-03-23,Completed,3,False,,,,,,4.6,74.6,False,False,True
APT-004105,REQ-004413,EMP-00142,LOC-02,SVC-02,2026-03-21,Completed,7,False,,,,,,4.4,77.7,False,True,False
APT-004106,REQ-004414,EMP-00042,LOC-10,SVC-05,2026-03-22,Completed,27,False,,,,,,4.0,76.3,False,False,False
APT-004107,REQ-004415,EMP-00021,LOC-06,SVC-05,2026-03-21,Completed,3,False,,,,,,4.8,65.1,False,True,False
APT-004109,REQ-004417,EMP-00143,LOC-04,SVC-01,2026-03-21,Completed,13,False,,,,,,4.3,88.5,False,True,True
APT-004110,REQ-004418,EMP-00092,LOC-01,SVC-01,2026-03-21,Completed,21,False,,,,,,3.4,89.3,False,True,False
APT-004111,REQ-004419,EMP-00109,LOC-02,SVC-02,2026-03-23,Completed,36,False,,,,,,5.0,84.0,False,True,False
APT-004112,REQ-004420,EMP-00022,LOC-06,SVC-08,2026-03-21,Completed,31,False,,,,,,4.4,80.5,False,True,False
APT-004115,REQ-004423,EMP-00096,LOC-02,SVC-01,2026-03-24,Completed,13,False,,,,,,3.5,68.0,False,True,False
APT-004116,REQ-004424,EMP-00105,LOC-10,SVC-03,2026-03-23,Completed,27,False,,,,,,4.9,95.7,False,True,False
APT-004117,REQ-004425,EMP-00099,LOC-02,SVC-04,2026-03-23,Completed,21,False,,,,,,3.2,85.0,False,True,True
APT-004118,REQ-004426,EMP-00113,LOC-01,SVC-05,2026-03-25,Completed,3,False,,,,,,4.8,72.0,False,True,False
APT-004121,REQ-004429,EMP-00064,LOC-02,SVC-07,2026-03-26,Completed,30,False,,,,,,3.1,75.8,False,True,True
APT-004123,REQ-004431,EMP-00054,LOC-10,SVC-09,2026-03-24,Completed,13,True,Continuity of care,,,,,4.7,89.0,False,False,True
APT-004124,REQ-004433,EMP-00058,LOC-03,SVC-07,2026-03-24,Completed,28,False,,,,,,4.9,93.9,False,True,True
APT-004125,REQ-004434,EMP-00006,LOC-07,SVC-04,2026-03-25,Completed,14,False,,,,,,4.7,78.7,False,True,False
APT-004126,REQ-004435,EMP-00112,LOC-07,SVC-02,2026-03-24,Completed,19,False,,,,,,4.3,81.4,False,True,False
APT-004132,REQ-004441,EMP-00032,LOC-03,SVC-03,2026-03-23,Completed,30,False,,,,,,4.1,82.1,False,True,False
APT-004133,REQ-004442,EMP-00016,LOC-09,SVC-02,2026-03-23,Completed,13,False,,,,,,3.8,47.4,False,True,False
APT-004134,REQ-004443,EMP-00056,LOC-08,SVC-09,2026-03-24,Completed,18,False,,,,,,3.7,76.1,False,True,False
APT-004135,REQ-004444,EMP-00041,LOC-06,SVC-01,2026-03-26,Completed,43,False,,,,,,4.5,63.8,False,True,False
APT-004136,REQ-004446,EMP-00136,LOC-02,SVC-03,2026-03-23,Completed,5,False,,,,,,4.0,74.3,False,False,False
APT-004138,REQ-004448,EMP-00092,LOC-08,SVC-02,2026-03-24,Completed,3,False,,,,,,3.5,96.7,False,True,False
APT-004139,REQ-004449,EMP-00066,LOC-03,SVC-01,2026-03-26,Completed,15,False,,,,,,4.0,80.0,False,True,False
APT-004141,REQ-004452,EMP-00131,LOC-06,SVC-05,2026-03-25,Completed,49,False,,,,,,4.3,87.5,False,True,True
APT-004142,REQ-004453,EMP-00100,LOC-03,SVC-09,2026-03-24,Completed,32,False,,,,,,4.4,89.4,False,True,False
APT-004144,REQ-004455,EMP-00017,LOC-02,SVC-09,2026-03-24,Completed,14,False,,,,,,3.6,87.9,False,True,False
APT-004145,REQ-004456,EMP-00120,LOC-08,SVC-05,2026-03-25,Completed,18,False,,,,,,3.7,82.2,False,True,False
APT-004146,REQ-004458,EMP-00066,LOC-08,SVC-01,2026-03-24,Completed,46,False,,,,,,3.5,94.6,False,True,False
APT-004147,REQ-004460,EMP-00041,LOC-06,SVC-01,2026-03-24,Completed,48,False,,,,,,,83.8,False,True,False
APT-004148,REQ-004461,EMP-00039,LOC-04,SVC-03,2026-03-26,Completed,26,False,,,,,,5.0,69.3,False,True,False
APT-004149,REQ-004462,EMP-00106,LOC-08,SVC-06,2026-03-24,Completed,24,False,,,,,,2.8,70.5,False,True,False
APT-004151,REQ-004466,EMP-00028,LOC-05,SVC-02,2026-03-24,Completed,9,False,,,,,,,99.6,False,True,False
APT-004153,REQ-004468,EMP-00005,LOC-02,SVC-02,2026-03-24,Completed,25,False,,,,,,4.3,68.7,False,True,False
APT-004154,REQ-004469,EMP-00060,LOC-10,SVC-08,2026-03-26,Completed,35,False,,,,,,5.0,96.7,False,True,False
APT-004155,REQ-004470,EMP-00057,LOC-10,SVC-06,2026-03-26,Completed,28,False,,,,,,4.2,63.8,False,True,False
APT-004156,REQ-004473,EMP-00055,LOC-10,SVC-09,2026-03-26,Completed,38,False,,,,,,2.8,75.9,False,True,False
APT-004157,REQ-004474,EMP-00055,LOC-03,SVC-06,2026-03-26,Completed,24,False,,,,,,3.9,78.3,False,True,False
APT-004158,REQ-004475,EMP-00008,LOC-10,SVC-02,2026-03-25,Completed,14,False,,,,,,3.5,95.5,False,True,False
APT-004161,REQ-004478,EMP-00131,LOC-09,SVC-04,2026-03-25,Completed,8,False,,,,,,4.0,94.7,False,False,False
APT-004162,REQ-004479,EMP-00065,LOC-01,SVC-01,2026-03-25,Completed,45,False,,,,,,3.4,70.3,False,True,False
APT-004164,REQ-004481,EMP-00148,LOC-05,SVC-07,2026-03-26,Completed,6,False,,,,,,,70.1,False,True,True
APT-004169,REQ-004486,EMP-00023,LOC-03,SVC-09,2026-03-25,Completed,35,False,,,,,,4.0,86.5,False,True,True
APT-004170,REQ-004487,EMP-00040,LOC-04,SVC-01,2026-03-26,Completed,28,False,,,,,,5.0,82.4,False,True,False
APT-004172,REQ-004489,EMP-00050,LOC-06,SVC-07,2026-03-27,Completed,3,False,,,,,,4.6,100.0,False,True,False
APT-004174,REQ-004491,EMP-00030,LOC-07,SVC-08,2026-03-27,Completed,19,False,,,,,,4.2,84.6,False,True,True
APT-004176,REQ-004494,EMP-00085,LOC-09,SVC-05,2026-03-29,Completed,65,False,,,,,,4.3,82.0,False,True,False
APT-004177,REQ-004495,EMP-00079,LOC-04,SVC-01,2026-03-26,Completed,21,False,,,,,,4.2,83.9,False,True,False
APT-004180,REQ-004498,EMP-00123,LOC-03,SVC-01,2026-03-26,Completed,25,False,,,,,,4.5,89.7,False,False,True
APT-004183,REQ-004501,EMP-00113,LOC-07,SVC-01,2026-03-26,Completed,36,False,,,,,,4.4,92.8,False,False,False
APT-004184,REQ-004502,EMP-00098,LOC-08,SVC-09,2026-03-27,Completed,17,False,,,,,,4.4,74.8,False,True,False
APT-004185,REQ-004503,EMP-00086,LOC-05,SVC-01,2026-03-28,Completed,42,False,,,,,,4.4,71.7,False,True,False
APT-004186,REQ-004504,EMP-00038,LOC-01,SVC-04,2026-03-27,Completed,40,False,,,,,,3.8,77.6,False,True,False
APT-004187,REQ-004505,EMP-00091,LOC-08,SVC-08,2026-03-27,Completed,20,False,,,,,,5.0,70.1,False,True,False
APT-004189,REQ-004507,EMP-00106,LOC-06,SVC-03,2026-03-27,Completed,40,False,,,,,,4.4,66.6,False,True,False
APT-004191,REQ-004510,EMP-00004,LOC-08,SVC-08,2026-03-27,Completed,26,False,,,,,,4.6,66.5,False,True,False
APT-004192,REQ-004511,EMP-00063,LOC-05,SVC-03,2026-03-29,Completed,27,False,,,,,,3.7,83.7,False,True,False
APT-004194,REQ-004514,EMP-00063,LOC-05,SVC-08,2026-03-27,Completed,32,False,,,,,,,78.4,False,True,True
APT-004195,REQ-004516,EMP-00137,LOC-02,SVC-04,2026-03-28,Completed,27,False,,,,,,4.4,100.0,False,True,False
APT-004196,REQ-004517,EMP-00120,LOC-02,SVC-03,2026-03-28,Completed,16,False,,,,,,3.8,83.0,False,True,False
APT-004198,REQ-004519,EMP-00041,LOC-04,SVC-05,2026-03-28,Completed,3,False,,,,,,5.0,66.0,False,True,False
APT-004202,REQ-004523,EMP-00018,LOC-05,SVC-01,2026-03-30,Completed,17,False,,,,,,3.7,75.0,False,True,False
APT-004204,REQ-004525,EMP-00014,LOC-03,SVC-05,2026-03-27,Completed,22,False,,,,,,5.0,74.2,False,True,False
APT-004205,REQ-004526,EMP-00141,LOC-10,SVC-01,2026-03-28,Completed,35,False,,,,,,4.3,89.5,False,True,False
APT-004208,REQ-004529,EMP-00139,LOC-05,SVC-03,2026-03-28,Completed,7,False,,,,,,4.9,85.6,False,True,True
APT-004211,REQ-004532,EMP-00096,LOC-03,SVC-08,2026-03-29,Completed,21,False,,,,,,3.3,81.7,False,False,False
APT-004213,REQ-004534,EMP-00139,LOC-05,SVC-05,2026-03-27,Completed,8,False,,,,,,4.0,72.0,False,True,False
APT-004214,REQ-004535,EMP-00121,LOC-06,SVC-06,2026-03-28,Completed,33,False,,,,,,4.5,85.6,False,True,False
APT-004215,REQ-004536,EMP-00080,LOC-09,SVC-09,2026-03-27,Completed,21,False,,,,,,4.7,78.3,False,False,False
APT-004216,REQ-004537,EMP-00090,LOC-08,SVC-08,2026-03-28,Completed,37,False,,,,,,2.6,72.4,False,False,False
APT-004217,REQ-004538,EMP-00058,LOC-10,SVC-06,2026-03-28,Completed,44,False,,,,,,4.8,64.0,False,True,False
APT-004218,REQ-004539,EMP-00110,LOC-03,SVC-03,2026-03-30,Completed,21,False,,,,,,5.0,85.7,False,True,False
APT-004221,REQ-004542,EMP-00064,LOC-07,SVC-09,2026-03-29,Completed,56,False,,,,,,3.9,79.1,False,True,False
APT-004223,REQ-004544,EMP-00042,LOC-02,SVC-05,2026-03-28,Completed,3,False,,,,,,5.0,86.0,False,True,True
APT-004224,REQ-004545,EMP-00090,LOC-04,SVC-08,2026-03-29,Completed,12,True,Client preference,,,,,3.6,76.2,False,True,True
APT-004226,REQ-004547,EMP-00042,LOC-04,SVC-01,2026-04-02,Completed,9,False,,,,,,3.1,79.9,False,True,False
APT-004227,REQ-004548,EMP-00075,LOC-05,SVC-04,2026-03-28,Completed,13,False,,,,,,5.0,80.1,False,False,True
APT-004228,REQ-004549,EMP-00106,LOC-04,SVC-05,2026-03-29,Completed,31,False,,,,,,5.0,63.3,False,True,True
APT-004229,REQ-004550,EMP-00094,LOC-05,SVC-05,2026-03-28,Completed,17,False,,,,,,,71.1,False,True,False
APT-004232,REQ-004553,EMP-00060,LOC-08,SVC-01,2026-03-28,Completed,49,False,,,,,,4.0,75.3,False,False,False
APT-004233,REQ-004554,EMP-00103,LOC-07,SVC-01,2026-03-29,Completed,19,False,,,,,,3.9,94.9,False,False,False
APT-004234,REQ-004555,EMP-00035,LOC-07,SVC-02,2026-04-01,Completed,3,False,,,,,,2.5,83.1,False,True,False
APT-004235,REQ-004556,EMP-00066,LOC-02,SVC-06,2026-03-29,Completed,28,False,,,,,,4.5,76.2,False,False,True
APT-004236,REQ-004557,EMP-00096,LOC-09,SVC-07,2026-03-30,Completed,14,False,,,,,,4.9,94.1,False,False,False
APT-004238,REQ-004559,EMP-00006,LOC-01,SVC-07,2026-03-29,Completed,19,False,,,,,,4.6,70.1,False,True,False
APT-004240,REQ-004561,EMP-00142,LOC-04,SVC-09,2026-03-29,Completed,24,False,,,,,,4.1,64.7,False,False,False
APT-004241,REQ-004562,EMP-00118,LOC-04,SVC-08,2026-03-29,Completed,5,False,,,,,,4.0,90.8,False,True,False
APT-004243,REQ-004564,EMP-00123,LOC-05,SVC-05,2026-03-31,Completed,12,False,,,,,,4.2,100.0,False,True,True
APT-004246,REQ-004567,EMP-00065,LOC-03,SVC-05,2026-03-31,Completed,36,False,,,,,,3.3,89.3,False,True,False
APT-004247,REQ-004569,EMP-00031,LOC-02,SVC-02,2026-03-31,Completed,34,False,,,,,,4.1,76.7,False,True,False
APT-004248,REQ-004570,EMP-00036,LOC-05,SVC-01,2026-03-31,Completed,29,False,,,,,,3.9,85.0,False,True,True
APT-004250,REQ-004573,EMP-00091,LOC-10,SVC-07,2026-03-30,Completed,24,False,,,,,,4.9,90.1,False,True,False
APT-004251,REQ-004574,EMP-00033,LOC-06,SVC-07,2026-03-30,Completed,46,False,,,,,,3.1,79.5,False,True,False
APT-004252,REQ-004575,EMP-00101,LOC-03,SVC-06,2026-03-30,Completed,30,False,,,,,,4.0,86.4,False,True,False
APT-004253,REQ-004576,EMP-00090,LOC-02,SVC-01,2026-03-30,Completed,11,False,,,,,,4.1,87.9,False,True,False
APT-004254,REQ-004577,EMP-00010,LOC-04,SVC-05,2026-03-31,Completed,39,False,,,,,,3.9,83.8,False,True,False
APT-004257,REQ-004580,EMP-00063,LOC-04,SVC-05,2026-03-30,Completed,29,False,,,,,,4.7,94.5,False,True,False
APT-004258,REQ-004581,EMP-00075,LOC-06,SVC-01,2026-04-03,Completed,21,False,,,,,,5.0,85.5,False,True,False
APT-004260,REQ-004584,EMP-00063,LOC-09,SVC-01,2026-04-02,Completed,30,False,,,,,,3.7,70.6,False,True,False
APT-004264,REQ-004588,EMP-00040,LOC-03,SVC-05,2026-03-31,Completed,34,False,,,,,,3.6,84.1,False,True,True
APT-004265,REQ-004589,EMP-00027,LOC-10,SVC-01,2026-03-30,Completed,21,False,,,,,,4.3,96.8,False,True,False
APT-004266,REQ-004590,EMP-00030,LOC-02,SVC-06,2026-04-01,Completed,20,False,,,,,,4.7,58.2,False,True,False
APT-004267,REQ-004591,EMP-00057,LOC-08,SVC-05,2026-03-31,Completed,5,False,,,,,,5.0,87.3,False,True,False
APT-004270,REQ-004594,EMP-00150,LOC-05,SVC-06,2026-03-31,Completed,12,True,Skill match unavailable,,,,,5.0,82.9,False,True,False
APT-004272,REQ-004596,EMP-00138,LOC-06,SVC-05,2026-03-31,Completed,23,False,,,,,,,68.5,False,True,False
APT-004273,REQ-004597,EMP-00106,LOC-06,SVC-02,2026-04-01,Completed,30,False,,,,,,3.7,84.3,False,True,True
APT-004274,REQ-004598,EMP-00042,LOC-04,SVC-03,2026-03-31,Completed,7,False,,,,,,5.0,79.8,False,True,False
APT-004275,REQ-004599,EMP-00136,LOC-10,SVC-04,2026-03-31,Completed,23,False,,,,,,3.7,78.9,False,True,True
APT-004277,REQ-004601,EMP-00042,LOC-06,SVC-04,2026-03-31,Completed,29,False,,,,,,3.1,75.2,False,False,False
APT-004280,REQ-004604,EMP-00123,LOC-01,SVC-03,2026-03-31,Completed,3,False,,,,,,4.4,79.4,False,True,False
APT-004281,REQ-004605,EMP-00060,LOC-06,SVC-01,2026-04-01,Completed,49,False,,,,,,,93.1,False,True,False
APT-004282,REQ-004606,EMP-00115,LOC-01,SVC-04,2026-04-03,Completed,26,False,,,,,,4.8,85.9,False,True,False
APT-004284,REQ-004608,EMP-00089,LOC-02,SVC-03,2026-03-31,Completed,14,False,,,,,,4.5,89.2,False,True,True
APT-004285,REQ-004609,EMP-00084,LOC-03,SVC-04,2026-04-01,Completed,15,False,,,,,,4.2,87.6,False,False,False
APT-004287,REQ-004612,EMP-00099,LOC-02,SVC-02,2026-03-31,Completed,15,False,,,,,,3.9,92.3,False,True,False
APT-004288,REQ-004613,EMP-00110,LOC-02,SVC-01,2026-03-31,Completed,30,False,,,,,,3.9,90.3,False,True,False
APT-004289,REQ-004614,EMP-00037,LOC-03,SVC-06,2026-03-31,Completed,21,False,,,,,,3.7,98.8,False,True,False
APT-004293,REQ-004618,EMP-00093,LOC-06,SVC-01,2026-03-31,Completed,17,False,,,,,,3.8,82.9,False,True,False
APT-004295,REQ-004620,EMP-00075,LOC-08,SVC-09,2026-04-01,Completed,25,False,,,,,,,72.4,False,True,False
APT-004299,REQ-004624,EMP-00105,LOC-05,SVC-06,2026-04-01,Completed,5,False,,,,,,3.9,90.5,False,True,False
APT-004301,REQ-004626,EMP-00027,LOC-04,SVC-08,2026-04-03,Completed,3,True,Skill match unavailable,,,,,4.2,73.6,False,True,False
APT-004302,REQ-004627,EMP-00089,LOC-09,SVC-01,2026-04-01,Completed,23,False,,,,,,3.6,78.0,True,True,False
APT-004304,REQ-004630,EMP-00013,LOC-08,SVC-01,2026-04-02,Completed,15,False,,,,,,3.6,100.0,False,True,False
APT-004305,REQ-004631,EMP-00102,LOC-05,SVC-02,2026-04-02,Completed,22,False,,,,,,,90.0,False,True,False
APT-004306,REQ-004632,EMP-00017,LOC-07,SVC-07,2026-04-02,Completed,61,False,,,,,,,73.2,False,True,False
APT-004307,REQ-004633,EMP-00110,LOC-01,SVC-09,2026-04-02,Completed,31,False,,,,,,,63.2,False,True,False
APT-004308,REQ-004634,EMP-00025,LOC-10,SVC-06,2026-04-02,Completed,41,False,,,,,,,87.0,False,True,False
APT-004310,REQ-004636,EMP-00115,LOC-06,SVC-01,2026-04-02,Completed,3,False,,,,,,3.2,91.9,False,True,False
APT-004313,REQ-004639,EMP-00091,LOC-03,SVC-01,2026-04-01,Completed,21,False,,,,,,4.1,99.2,False,True,False
APT-004315,REQ-004641,EMP-00124,LOC-01,SVC-05,2026-04-01,Completed,3,False,,,,,,4.5,95.8,False,True,True
APT-004316,REQ-004642,EMP-00099,LOC-06,SVC-05,2026-04-01,Completed,32,False,,,,,,3.4,80.9,False,True,False
APT-004317,REQ-004643,EMP-00031,LOC-01,SVC-05,2026-04-03,Completed,15,False,,,,,,5.0,76.4,False,True,False
APT-004318,REQ-004644,EMP-00142,LOC-03,SVC-05,2026-04-02,Completed,29,False,,,,,,4.3,65.1,False,True,False
APT-004319,REQ-004646,EMP-00075,LOC-07,SVC-05,2026-04-02,Completed,30,False,,,,,,4.2,78.1,True,True,False
APT-004321,REQ-004648,EMP-00075,LOC-03,SVC-07,2026-04-01,Completed,35,False,,,,,,3.4,98.9,False,True,False
APT-004322,REQ-004649,EMP-00023,LOC-06,SVC-01,2026-04-08,Completed,50,False,,,,,,4.6,76.6,False,True,False
APT-004323,REQ-004650,EMP-00015,LOC-05,SVC-01,2026-04-01,Completed,21,False,,,,,,4.0,92.3,False,True,False
APT-004324,REQ-004651,EMP-00131,LOC-09,SVC-01,2026-04-02,Completed,35,False,,,,,,3.1,100.0,False,True,False
APT-004326,REQ-004653,EMP-00090,LOC-07,SVC-06,2026-04-01,Completed,45,False,,,,,,4.3,87.8,False,False,False
APT-004327,REQ-004654,EMP-00109,LOC-06,SVC-03,2026-04-04,Completed,37,False,,,,,,5.0,88.0,False,False,False
APT-004328,REQ-004655,EMP-00067,LOC-05,SVC-07,2026-04-01,Completed,18,False,,,,,,5.0,84.6,False,True,True
APT-004329,REQ-004656,EMP-00070,LOC-07,SVC-06,2026-04-02,Completed,39,False,,,,,,2.7,85.2,False,True,False
APT-004330,REQ-004657,EMP-00061,LOC-05,SVC-01,2026-04-06,Completed,35,False,,,,,,3.8,73.8,False,True,False
APT-004334,REQ-004661,EMP-00014,LOC-06,SVC-05,2026-04-02,Completed,3,False,,,,,,3.7,78.7,False,True,False
APT-004335,REQ-004662,EMP-00106,LOC-01,SVC-01,2026-04-03,Completed,30,False,,,,,,4.6,89.4,False,False,True
APT-004336,REQ-004663,EMP-00028,LOC-10,SVC-08,2026-04-02,Completed,35,False,,,,,,4.1,81.6,False,True,False
APT-004337,REQ-004664,EMP-00122,LOC-08,SVC-09,2026-04-02,Completed,61,True,Continuity of care,,,,,4.8,100.0,False,True,False
APT-004338,REQ-004666,EMP-00092,LOC-03,SVC-05,2026-04-04,Completed,8,False,,,,,,3.9,83.7,False,True,False
APT-004339,REQ-004667,EMP-00110,LOC-04,SVC-01,2026-04-02,Completed,26,False,,,,,,5.0,86.2,False,False,False
APT-004340,REQ-004668,EMP-00099,LOC-05,SVC-03,2026-04-02,Completed,31,False,,,,,,2.7,82.9,False,True,False
APT-004341,REQ-004669,EMP-00104,LOC-08,SVC-05,2026-04-04,Completed,32,True,Skill match unavailable,,,,,5.0,77.7,False,True,False
APT-004342,REQ-004670,EMP-00118,LOC-02,SVC-01,2026-04-02,Completed,34,False,,,,,,4.3,82.1,False,True,False
APT-004343,REQ-004671,EMP-00104,LOC-07,SVC-02,2026-04-02,Completed,17,False,,,,,,4.3,70.8,False,True,False
APT-004345,REQ-004673,EMP-00060,LOC-02,SVC-07,2026-04-02,Completed,11,True,Skill match unavailable,,,,,3.1,84.1,False,True,True
APT-004346,REQ-004675,EMP-00075,LOC-05,SVC-07,2026-04-02,Completed,3,True,Urgent reassignment,,,,,4.4,85.8,False,True,True
APT-004349,REQ-004678,EMP-00014,LOC-09,SVC-02,2026-04-04,Completed,14,False,,,,,,4.0,79.8,False,True,False
APT-004352,REQ-004681,EMP-00136,LOC-08,SVC-08,2026-04-03,Completed,15,True,Urgent reassignment,,,,,4.7,80.0,False,False,False
APT-004353,REQ-004682,EMP-00101,LOC-03,SVC-07,2026-04-04,Completed,22,False,,,,,,4.2,73.6,False,True,False
APT-004354,REQ-004683,EMP-00013,LOC-01,SVC-03,2026-04-04,Completed,21,False,,,,,,4.6,61.2,False,True,False
APT-004355,REQ-004684,EMP-00061,LOC-02,SVC-01,2026-04-03,Completed,3,False,,,,,,5.0,78.9,False,True,False
APT-004356,REQ-004685,EMP-00027,LOC-08,SVC-09,2026-04-03,Completed,16,False,,,,,,4.5,75.9,False,True,False
APT-004357,REQ-004686,EMP-00090,LOC-03,SVC-01,2026-04-05,Completed,26,False,,,,,,2.5,73.7,False,True,False
APT-004358,REQ-004687,EMP-00142,LOC-01,SVC-09,2026-04-04,Completed,25,False,,,,,,3.7,82.4,False,True,False
APT-004360,REQ-004689,EMP-00134,LOC-06,SVC-03,2026-04-04,Completed,34,False,,,,,,5.0,77.8,False,True,False
APT-004362,REQ-004691,EMP-00038,LOC-08,SVC-05,2026-04-04,Completed,41,False,,,,,,3.7,67.6,False,True,False
APT-004363,REQ-004692,EMP-00049,LOC-04,SVC-07,2026-04-03,Completed,14,False,,,,,,4.6,89.1,False,True,False
APT-004368,REQ-004697,EMP-00010,LOC-01,SVC-05,2026-04-04,Completed,17,False,,,,,,3.9,86.5,False,True,False
APT-004369,REQ-004698,EMP-00142,LOC-03,SVC-08,2026-04-04,Completed,19,False,,,,,,4.9,100.0,False,True,False
APT-004370,REQ-004699,EMP-00033,LOC-07,SVC-06,2026-04-07,Completed,47,False,,,,,,3.4,88.6,False,True,False
APT-004372,REQ-004701,EMP-00142,LOC-01,SVC-03,2026-04-04,Completed,39,False,,,,,,,87.0,False,True,False
APT-004374,REQ-004703,EMP-00096,LOC-02,SVC-01,2026-04-05,Completed,6,False,,,,,,3.9,80.0,False,True,False
APT-004375,REQ-004704,EMP-00030,LOC-05,SVC-01,2026-04-04,Completed,26,False,,,,,,4.3,80.5,False,False,False
APT-004380,REQ-004709,EMP-00056,LOC-07,SVC-09,2026-04-04,Completed,18,False,,,,,,3.9,89.8,False,True,True
APT-004382,REQ-004711,EMP-00084,LOC-05,SVC-02,2026-04-05,Completed,3,False,,,,,,4.5,72.8,False,True,False
APT-004383,REQ-004712,EMP-00123,LOC-10,SVC-06,2026-04-06,Completed,28,False,,,,,,4.2,75.6,False,True,False
APT-004384,REQ-004713,EMP-00041,LOC-07,SVC-02,2026-04-05,Completed,29,False,,,,,,4.1,65.5,False,True,False
APT-004385,REQ-004714,EMP-00005,LOC-01,SVC-07,2026-04-05,Completed,29,False,,,,,,4.0,83.3,False,True,False
APT-004386,REQ-004715,EMP-00105,LOC-02,SVC-09,2026-04-05,Completed,21,False,,,,,,3.8,93.0,False,True,False
APT-004387,REQ-004716,EMP-00100,LOC-10,SVC-02,2026-04-05,Completed,12,False,,,,,,5.0,78.1,False,True,False
APT-004388,REQ-004719,EMP-00025,LOC-01,SVC-01,2026-04-07,Completed,48,False,,,,,,3.5,97.4,False,False,False
APT-004389,REQ-004721,EMP-00044,LOC-04,SVC-09,2026-04-06,Completed,26,False,,,,,,,77.5,False,False,False
APT-004391,REQ-004723,EMP-00118,LOC-07,SVC-07,2026-04-06,Completed,39,False,,,,,,4.9,79.2,False,True,False
APT-004392,REQ-004725,EMP-00094,LOC-07,SVC-07,2026-04-06,Completed,13,False,,,,,,3.6,89.5,False,True,False
APT-004397,REQ-004730,EMP-00089,LOC-06,SVC-05,2026-04-11,Completed,6,False,,,,,,5.0,86.2,False,False,True
APT-004398,REQ-004731,EMP-00042,LOC-06,SVC-01,2026-04-06,Completed,36,False,,,,,,5.0,88.0,False,True,False
APT-004400,REQ-004734,EMP-00122,LOC-08,SVC-05,2026-04-07,Completed,25,False,,,,,,3.6,77.7,False,True,False
APT-004401,REQ-004735,EMP-00143,LOC-08,SVC-04,2026-04-07,Completed,26,False,,,,,,4.7,91.2,False,True,False
APT-004404,REQ-004738,EMP-00123,LOC-10,SVC-05,2026-04-06,Completed,14,False,,,,,,4.2,81.9,False,True,False
APT-004406,REQ-004740,EMP-00016,LOC-07,SVC-01,2026-04-07,Completed,36,False,,,,,,4.7,93.8,False,True,False
APT-004409,REQ-004744,EMP-00089,LOC-06,SVC-01,2026-04-06,Completed,13,False,,,,,,4.3,97.4,False,True,True
APT-004410,REQ-004745,EMP-00038,LOC-09,SVC-02,2026-04-07,Completed,41,False,,,,,,3.2,91.8,False,True,False
APT-004412,REQ-004747,EMP-00032,LOC-02,SVC-05,2026-04-06,Completed,14,False,,,,,,3.5,75.0,False,True,False
APT-004414,REQ-004749,EMP-00143,LOC-06,SVC-05,2026-04-09,Completed,30,False,,,,,,3.6,72.4,False,True,False
APT-004416,REQ-004751,EMP-00044,LOC-05,SVC-05,2026-04-07,Completed,15,False,,,,,,4.6,65.0,False,True,False
APT-004419,REQ-004754,EMP-00010,LOC-02,SVC-06,2026-04-09,Completed,13,False,,,,,,3.3,85.2,False,True,False
APT-004420,REQ-004755,EMP-00085,LOC-05,SVC-01,2026-04-08,Completed,19,False,,,,,,4.1,80.9,False,True,False
APT-004423,REQ-004758,EMP-00102,LOC-08,SVC-09,2026-04-08,Completed,24,False,,,,,,4.1,70.5,False,True,False
APT-004425,REQ-004760,EMP-00006,LOC-02,SVC-05,2026-04-11,Completed,11,False,,,,,,4.6,100.0,False,True,False
APT-004427,REQ-004762,EMP-00027,LOC-06,SVC-01,2026-04-08,Completed,10,True,Continuity of care,,,,,4.6,55.2,False,True,True
APT-004428,REQ-004763,EMP-00134,LOC-09,SVC-06,2026-04-08,Completed,45,False,,,,,,4.7,79.7,False,True,False
APT-004429,REQ-004764,EMP-00102,LOC-02,SVC-07,2026-04-07,Completed,8,False,,,,,,4.8,79.6,False,True,False
APT-004430,REQ-004765,EMP-00027,LOC-10,SVC-04,2026-04-09,Completed,20,False,,,,,,5.0,96.9,False,True,False
APT-004433,REQ-004768,EMP-00104,LOC-10,SVC-03,2026-04-08,Completed,48,False,,,,,,,69.1,False,True,True
APT-004434,REQ-004769,EMP-00038,LOC-01,SVC-05,2026-04-08,Completed,18,False,,,,,,4.2,86.9,False,True,False
APT-004436,REQ-004771,EMP-00119,LOC-05,SVC-08,2026-04-09,Completed,30,False,,,,,,3.9,94.5,False,True,False
APT-004437,REQ-004772,EMP-00060,LOC-10,SVC-06,2026-04-09,Completed,30,False,,,,,,4.8,67.6,False,True,False
APT-004438,REQ-004773,EMP-00150,LOC-07,SVC-01,2026-04-09,Completed,21,False,,,,,,4.7,77.6,False,True,False
APT-004440,REQ-004775,EMP-00013,LOC-02,SVC-01,2026-04-08,Completed,27,False,,,,,,4.4,90.6,False,True,False
APT-004441,REQ-004776,EMP-00027,LOC-07,SVC-05,2026-04-08,Completed,30,False,,,,,,4.0,92.1,False,False,True
APT-004443,REQ-004778,EMP-00120,LOC-03,SVC-03,2026-04-09,Completed,16,False,,,,,,3.1,68.1,False,False,False
APT-004444,REQ-004780,EMP-00027,LOC-08,SVC-05,2026-04-09,Completed,22,True,Skill match unavailable,,,,,4.0,71.5,False,True,False
APT-004445,REQ-004781,EMP-00089,LOC-02,SVC-09,2026-04-10,Completed,26,False,,,,,,4.8,82.3,False,True,False
APT-004446,REQ-004782,EMP-00054,LOC-08,SVC-06,2026-04-09,Completed,32,False,,,,,,4.4,89.5,False,True,False
APT-004447,REQ-004784,EMP-00080,LOC-05,SVC-09,2026-04-08,Completed,19,False,,,,,,3.7,70.4,False,True,True
APT-004448,REQ-004785,EMP-00143,LOC-04,SVC-01,2026-04-09,Completed,43,False,,,,,,3.5,100.0,False,True,False
APT-004449,REQ-004786,EMP-00025,LOC-08,SVC-07,2026-04-09,Completed,3,False,,,,,,5.0,79.9,False,True,False
APT-004450,REQ-004787,EMP-00083,LOC-07,SVC-02,2026-04-09,Completed,32,False,,,,,,3.9,73.6,False,False,True
APT-004452,REQ-004789,EMP-00027,LOC-09,SVC-09,2026-04-09,Completed,28,False,,,,,,5.0,79.3,False,False,False
APT-004455,REQ-004792,EMP-00005,LOC-04,SVC-09,2026-04-09,Completed,23,False,,,,,,3.9,63.1,False,True,False
APT-004456,REQ-004793,EMP-00083,LOC-03,SVC-01,2026-04-09,Completed,42,False,,,,,,4.4,58.9,False,True,False
APT-004459,REQ-004796,EMP-00075,LOC-05,SVC-09,2026-04-09,Completed,38,False,,,,,,,77.7,False,True,True
APT-004460,REQ-004797,EMP-00104,LOC-01,SVC-05,2026-04-09,Completed,22,True,Continuity of care,,,,,4.0,77.2,False,True,False
APT-004462,REQ-004799,EMP-00119,LOC-03,SVC-02,2026-04-11,Completed,30,False,,,,,,3.8,74.3,False,True,False
APT-004463,REQ-004800,EMP-00057,LOC-10,SVC-04,2026-04-10,Completed,26,False,,,,,,4.4,91.7,True,True,True
APT-004467,REQ-004805,EMP-00083,LOC-08,SVC-04,2026-04-11,Completed,11,False,,,,,,4.5,90.7,False,True,False
APT-004469,REQ-004808,EMP-00023,LOC-07,SVC-06,2026-04-12,Completed,18,False,,,,,,,97.7,False,True,False
APT-004471,REQ-004810,EMP-00133,LOC-04,SVC-04,2026-04-10,Completed,24,False,,,,,,4.0,58.9,False,True,False
APT-004473,REQ-004812,EMP-00083,LOC-07,SVC-07,2026-04-13,Completed,13,False,,,,,,4.1,73.5,False,True,True
APT-004476,REQ-004815,EMP-00133,LOC-10,SVC-01,2026-04-12,Completed,26,False,,,,,,5.0,73.0,False,True,False
APT-004478,REQ-004817,EMP-00138,LOC-08,SVC-09,2026-04-11,Completed,33,False,,,,,,,88.1,False,False,False
APT-004479,REQ-004818,EMP-00083,LOC-08,SVC-02,2026-04-11,Completed,15,False,,,,,,3.7,84.2,False,True,True
APT-004483,REQ-004822,EMP-00089,LOC-05,SVC-01,2026-04-11,Completed,28,False,,,,,,3.1,79.9,False,True,False
APT-004485,REQ-004824,EMP-00124,LOC-04,SVC-05,2026-04-11,Completed,14,False,,,,,,4.4,68.6,True,True,False
APT-004486,REQ-004825,EMP-00010,LOC-02,SVC-08,2026-04-11,Completed,33,False,,,,,,4.2,75.5,False,True,False
APT-004487,REQ-004826,EMP-00096,LOC-02,SVC-05,2026-04-11,Completed,38,False,,,,,,4.1,57.9,False,True,True
APT-004490,REQ-004829,EMP-00033,LOC-07,SVC-03,2026-04-11,Completed,18,False,,,,,,3.4,84.7,False,True,False
APT-004492,REQ-004831,EMP-00085,LOC-09,SVC-07,2026-04-12,Completed,6,False,,,,,,4.7,79.5,False,True,False
APT-004494,REQ-004836,EMP-00035,LOC-01,SVC-05,2026-04-12,Completed,48,False,,,,,,5.0,74.9,False,True,False
APT-004496,REQ-004838,EMP-00136,LOC-06,SVC-06,2026-04-12,Completed,29,True,Client preference,,,,,4.8,78.1,False,True,False
APT-004498,REQ-004840,EMP-00093,LOC-02,SVC-06,2026-04-12,Completed,17,False,,,,,,,89.2,False,False,True
APT-004499,REQ-004842,EMP-00025,LOC-10,SVC-03,2026-04-12,Completed,41,False,,,,,,,90.1,False,False,False
APT-004500,REQ-004843,EMP-00113,LOC-08,SVC-09,2026-04-14,Completed,3,False,,,,,,2.9,82.2,False,False,True
APT-004502,REQ-004845,EMP-00054,LOC-08,SVC-05,2026-04-13,Completed,23,False,,,,,,4.3,83.2,False,True,False
APT-004503,REQ-004846,EMP-00137,LOC-07,SVC-09,2026-04-13,Completed,41,False,,,,,,3.7,73.0,False,True,False
APT-004504,REQ-004847,EMP-00085,LOC-08,SVC-01,2026-04-12,Completed,46,False,,,,,,4.4,84.5,False,False,True
APT-004505,REQ-004849,EMP-00113,LOC-02,SVC-01,2026-04-13,Completed,13,False,,,,,,5.0,87.0,False,True,False
APT-004506,REQ-004850,EMP-00101,LOC-04,SVC-05,2026-04-12,Completed,52,False,,,,,,3.4,85.8,False,True,True
APT-004507,REQ-004851,EMP-00084,LOC-06,SVC-07,2026-04-16,Completed,13,False,,,,,,,77.8,False,True,False
APT-004509,REQ-004853,EMP-00047,LOC-05,SVC-07,2026-04-14,Completed,9,False,,,,,,5.0,82.9,False,True,False
APT-004510,REQ-004854,EMP-00024,LOC-09,SVC-03,2026-04-14,Completed,16,False,,,,,,3.7,76.6,False,True,False
APT-004513,REQ-004857,EMP-00055,LOC-09,SVC-01,2026-04-14,Completed,23,False,,,,,,5.0,67.4,False,True,False
APT-004514,REQ-004858,EMP-00133,LOC-04,SVC-01,2026-04-14,Completed,14,False,,,,,,5.0,83.2,False,True,False
APT-004517,REQ-004861,EMP-00138,LOC-03,SVC-01,2026-04-15,Completed,16,False,,,,,,2.9,75.8,False,True,True
APT-004518,REQ-004862,EMP-00113,LOC-07,SVC-01,2026-04-14,Completed,3,False,,,,,,4.4,78.9,False,True,False
APT-004519,REQ-004863,EMP-00129,LOC-07,SVC-01,2026-04-13,Completed,58,False,,,,,,3.0,86.4,False,True,False
APT-004520,REQ-004864,EMP-00142,LOC-01,SVC-02,2026-04-13,Completed,14,False,,,,,,4.7,96.6,False,True,True
APT-004521,REQ-004865,EMP-00061,LOC-06,SVC-04,2026-04-13,Completed,3,False,,,,,,5.0,94.2,False,False,False
APT-004523,REQ-004867,EMP-00092,LOC-02,SVC-03,2026-04-13,Completed,13,False,,,,,,,68.6,False,True,False
APT-004524,REQ-004868,EMP-00021,LOC-08,SVC-09,2026-04-14,Completed,39,False,,,,,,4.8,80.8,False,True,False
APT-004525,REQ-004869,EMP-00035,LOC-07,SVC-03,2026-04-14,Completed,3,False,,,,,,4.1,87.3,False,True,True
APT-004526,REQ-004870,EMP-00033,LOC-02,SVC-05,2026-04-13,Completed,12,False,,,,,,3.1,73.9,False,True,False
APT-004529,REQ-004873,EMP-00022,LOC-03,SVC-01,2026-04-13,Completed,22,False,,,,,,4.5,81.7,False,False,True
APT-004530,REQ-004874,EMP-00023,LOC-09,SVC-05,2026-04-13,Completed,13,True,Skill match unavailable,,,,,4.8,100.0,False,False,False
APT-004531,REQ-004875,EMP-00062,LOC-08,SVC-04,2026-04-13,Completed,24,False,,,,,,3.5,80.7,False,True,False
APT-004535,REQ-004879,EMP-00104,LOC-04,SVC-01,2026-04-13,Completed,3,False,,,,,,3.2,66.6,False,True,False
APT-004537,REQ-004882,EMP-00031,LOC-10,SVC-08,2026-04-13,Completed,28,False,,,,,,3.6,82.6,False,True,True
APT-004538,REQ-004883,EMP-00058,LOC-05,SVC-01,2026-04-15,Completed,20,False,,,,,,4.3,89.5,False,True,True
APT-004539,REQ-004884,EMP-00150,LOC-01,SVC-05,2026-04-16,Completed,31,False,,,,,,4.4,64.5,False,True,False
APT-004540,REQ-004885,EMP-00119,LOC-06,SVC-07,2026-04-14,Completed,12,False,,,,,,,80.0,False,True,False
APT-004541,REQ-004886,EMP-00054,LOC-06,SVC-05,2026-04-15,Completed,25,False,,,,,,4.0,93.7,False,True,False
APT-004542,REQ-004887,EMP-00065,LOC-04,SVC-07,2026-04-14,Completed,16,False,,,,,,3.4,81.7,False,False,False
APT-004545,REQ-004890,EMP-00030,LOC-06,SVC-02,2026-04-15,Completed,23,False,,,,,,5.0,85.4,False,False,False
APT-004546,REQ-004892,EMP-00105,LOC-06,SVC-02,2026-04-15,Completed,42,False,,,,,,3.2,90.3,False,True,False
APT-004548,REQ-004896,EMP-00109,LOC-02,SVC-01,2026-04-14,Completed,10,False,,,,,,4.4,89.2,False,True,False
APT-004549,REQ-004897,EMP-00004,LOC-05,SVC-08,2026-04-14,Completed,19,False,,,,,,3.1,88.5,False,True,False
APT-004552,REQ-004900,EMP-00036,LOC-05,SVC-05,2026-04-14,Completed,33,False,,,,,,5.0,80.5,False,True,False
APT-004553,REQ-004901,EMP-00042,LOC-01,SVC-05,2026-04-14,Completed,55,False,,,,,,3.8,59.7,False,True,False
APT-004554,REQ-004902,EMP-00148,LOC-10,SVC-07,2026-04-14,Completed,56,False,,,,,,3.7,92.6,False,True,False
APT-004555,REQ-004904,EMP-00112,LOC-06,SVC-01,2026-04-14,Completed,40,False,,,,,,5.0,85.8,False,True,False
APT-004558,REQ-004907,EMP-00119,LOC-06,SVC-09,2026-04-16,Completed,9,False,,,,,,,71.0,False,True,False
APT-004559,REQ-004908,EMP-00038,LOC-10,SVC-05,2026-04-16,Completed,5,False,,,,,,4.4,64.4,False,True,False
APT-004562,REQ-004911,EMP-00011,LOC-02,SVC-09,2026-04-15,Completed,37,False,,,,,,4.8,67.7,False,True,True
APT-004565,REQ-004914,EMP-00051,LOC-10,SVC-03,2026-04-15,Completed,24,False,,,,,,4.2,82.8,False,False,False
APT-004568,REQ-004917,EMP-00005,LOC-03,SVC-01,2026-04-16,Completed,13,False,,,,,,4.9,79.8,False,True,False
APT-004569,REQ-004918,EMP-00043,LOC-05,SVC-07,2026-04-15,Completed,29,False,,,,,,5.0,100.0,False,False,False
APT-004570,REQ-004919,EMP-00039,LOC-04,SVC-09,2026-04-16,Completed,3,False,,,,,,4.3,95.2,False,True,False
APT-004571,REQ-004920,EMP-00052,LOC-10,SVC-08,2026-04-16,Completed,17,False,,,,,,5.0,83.1,False,True,False
APT-004573,REQ-004922,EMP-00150,LOC-08,SVC-01,2026-04-21,Completed,38,False,,,,,,,72.8,False,False,False
APT-004574,REQ-004923,EMP-00027,LOC-08,SVC-07,2026-04-16,Completed,11,False,,,,,,3.4,83.4,False,True,True
APT-004577,REQ-004926,EMP-00129,LOC-05,SVC-06,2026-04-16,Completed,8,False,,,,,,3.9,65.4,False,True,False
APT-004578,REQ-004927,EMP-00055,LOC-09,SVC-08,2026-04-17,Completed,38,False,,,,,,,90.3,False,True,True
APT-004579,REQ-004928,EMP-00056,LOC-05,SVC-01,2026-04-16,Completed,25,False,,,,,,5.0,81.4,False,True,False
APT-004580,REQ-004929,EMP-00083,LOC-04,SVC-07,2026-04-15,Completed,26,False,,,,,,3.9,95.2,False,True,False
APT-004581,REQ-004931,EMP-00148,LOC-10,SVC-09,2026-04-15,Completed,32,False,,,,,,3.6,71.0,False,True,False
APT-004584,REQ-004934,EMP-00134,LOC-07,SVC-09,2026-04-15,Completed,32,False,,,,,,4.5,70.2,False,True,False
APT-004587,REQ-004937,EMP-00052,LOC-10,SVC-01,2026-04-16,Completed,29,True,Skill match unavailable,,,,,4.8,89.5,False,True,False
APT-004588,REQ-004938,EMP-00131,LOC-08,SVC-04,2026-04-17,Completed,3,False,,,,,,3.6,74.9,False,False,False
APT-004594,REQ-004944,EMP-00093,LOC-02,SVC-06,2026-04-16,Completed,32,False,,,,,,3.8,87.3,False,True,False
APT-004596,REQ-004946,EMP-00015,LOC-02,SVC-01,2026-04-16,Completed,3,False,,,,,,4.5,83.4,False,True,False
APT-004597,REQ-004947,EMP-00033,LOC-05,SVC-09,2026-04-16,Completed,10,False,,,,,,4.1,77.8,False,True,False
APT-004598,REQ-004948,EMP-00021,LOC-03,SVC-07,2026-04-16,Completed,22,False,,,,,,3.5,87.0,False,True,True
APT-004599,REQ-004949,EMP-00137,LOC-05,SVC-02,2026-04-16,Completed,22,False,,,,,,4.9,88.4,False,True,False
APT-004600,REQ-004950,EMP-00032,LOC-06,SVC-01,2026-04-17,Completed,10,False,,,,,,4.4,87.0,False,True,True
APT-004602,REQ-004952,EMP-00141,LOC-02,SVC-07,2026-04-16,Completed,12,False,,,,,,5.0,85.0,False,True,False
APT-004603,REQ-004953,EMP-00016,LOC-07,SVC-05,2026-04-17,Completed,49,True,Client preference,,,,,5.0,69.4,False,True,False
APT-004604,REQ-004954,EMP-00032,LOC-03,SVC-05,2026-04-18,Completed,25,False,,,,,,3.7,93.5,False,True,False
APT-004608,REQ-004958,EMP-00004,LOC-05,SVC-04,2026-04-20,Completed,15,False,,,,,,4.4,89.9,False,True,False
APT-004609,REQ-004959,EMP-00030,LOC-06,SVC-09,2026-04-18,Completed,17,False,,,,,,3.8,89.8,False,True,False
APT-004611,REQ-004961,EMP-00083,LOC-03,SVC-01,2026-04-17,Completed,32,False,,,,,,3.9,90.1,False,True,False
APT-004612,REQ-004962,EMP-00134,LOC-05,SVC-01,2026-04-18,Completed,6,False,,,,,,3.7,73.8,False,True,False
APT-004613,REQ-004963,EMP-00137,LOC-06,SVC-01,2026-04-17,Completed,10,False,,,,,,3.9,87.0,False,True,True
APT-004614,REQ-004964,EMP-00022,LOC-10,SVC-07,2026-04-17,Completed,38,False,,,,,,4.6,80.3,False,True,False
APT-004616,REQ-004967,EMP-00117,LOC-10,SVC-05,2026-04-17,Completed,17,False,,,,,,4.6,86.3,False,True,False
APT-004617,REQ-004968,EMP-00068,LOC-05,SVC-06,2026-04-18,Completed,3,False,,,,,,3.9,71.6,False,True,True
APT-004619,REQ-004970,EMP-00105,LOC-09,SVC-01,2026-04-17,Completed,34,False,,,,,,4.0,78.8,False,False,False
APT-004620,REQ-004971,EMP-00042,LOC-08,SVC-01,2026-04-17,Completed,42,False,,,,,,2.9,69.2,False,True,False
APT-004623,REQ-004974,EMP-00015,LOC-03,SVC-01,2026-04-18,Completed,4,False,,,,,,4.3,99.7,False,True,True
APT-004624,REQ-004975,EMP-00134,LOC-09,SVC-06,2026-04-20,Completed,3,False,,,,,,3.8,78.8,False,True,False
APT-004627,REQ-004978,EMP-00005,LOC-02,SVC-05,2026-04-18,Completed,17,False,,,,,,3.6,78.5,False,True,False
APT-004628,REQ-004979,EMP-00016,LOC-07,SVC-01,2026-04-19,Completed,20,False,,,,,,3.9,67.5,False,True,True
APT-004630,REQ-004981,EMP-00115,LOC-03,SVC-03,2026-04-19,Completed,29,False,,,,,,3.9,84.3,False,True,False
APT-004631,REQ-004982,EMP-00092,LOC-07,SVC-02,2026-04-19,Completed,49,False,,,,,,3.8,100.0,False,True,True
APT-004632,REQ-004983,EMP-00090,LOC-04,SVC-09,2026-04-20,Completed,10,False,,,,,,5.0,77.8,False,False,False
APT-004633,REQ-004984,EMP-00098,LOC-08,SVC-03,2026-04-20,Completed,17,False,,,,,,3.3,100.0,False,True,False
APT-004634,REQ-004985,EMP-00014,LOC-09,SVC-02,2026-04-20,Completed,32,False,,,,,,4.5,89.6,False,True,True
APT-004637,REQ-004988,EMP-00050,LOC-08,SVC-05,2026-04-20,Completed,12,False,,,,,,3.9,79.3,False,False,False
APT-004641,REQ-004992,EMP-00044,LOC-02,SVC-03,2026-04-20,Completed,32,False,,,,,,4.4,90.4,False,True,False
APT-004642,REQ-004993,EMP-00091,LOC-08,SVC-08,2026-04-21,Completed,17,False,,,,,,4.5,70.5,False,True,True
APT-004644,REQ-004995,EMP-00006,LOC-02,SVC-02,2026-04-21,Completed,29,False,,,,,,,67.8,False,True,False
APT-004645,REQ-004996,EMP-00044,LOC-08,SVC-01,2026-04-20,Completed,8,False,,,,,,4.0,90.5,False,True,True
APT-004646,REQ-004997,EMP-00022,LOC-10,SVC-09,2026-04-20,Completed,39,False,,,,,,3.4,71.3,False,True,True
APT-004649,REQ-005000,EMP-00104,LOC-10,SVC-05,2026-04-21,Completed,23,True,Client preference,,,,,4.5,79.7,False,True,False
APT-004650,REQ-005001,EMP-00106,LOC-10,SVC-05,2026-04-25,Completed,8,False,,,,,,3.5,94.0,False,True,False
APT-004651,REQ-005002,EMP-00052,LOC-03,SVC-04,2026-04-21,Completed,11,False,,,,,,3.5,85.4,False,True,False
APT-004654,REQ-005005,EMP-00052,LOC-02,SVC-03,2026-04-20,Completed,32,False,,,,,,4.2,78.5,False,True,False
APT-004655,REQ-005006,EMP-00139,LOC-03,SVC-07,2026-04-20,Completed,21,False,,,,,,3.2,79.9,False,True,True
APT-004657,REQ-005008,EMP-00095,LOC-03,SVC-07,2026-04-22,Completed,16,False,,,,,,4.8,84.4,False,True,False
APT-004659,REQ-005010,EMP-00011,LOC-05,SVC-01,2026-04-21,Completed,14,False,,,,,,5.0,95.7,False,True,False
APT-004660,REQ-005011,EMP-00128,LOC-09,SVC-09,2026-04-22,Completed,46,False,,,,,,,78.3,False,True,False
APT-004662,REQ-005013,EMP-00120,LOC-10,SVC-02,2026-04-21,Completed,15,False,,,,,,4.4,74.6,False,True,False
APT-004663,REQ-005014,EMP-00028,LOC-08,SVC-04,2026-04-22,Completed,34,False,,,,,,4.8,95.4,False,True,False
APT-004665,REQ-005016,EMP-00128,LOC-05,SVC-05,2026-04-22,Completed,28,False,,,,,,3.9,89.6,False,False,False
APT-004667,REQ-005018,EMP-00143,LOC-06,SVC-01,2026-04-21,Completed,46,False,,,,,,3.7,84.6,False,False,False
APT-004668,REQ-005019,EMP-00119,LOC-02,SVC-05,2026-04-23,Completed,29,False,,,,,,4.3,75.8,False,True,False
APT-004669,REQ-005020,EMP-00056,LOC-06,SVC-07,2026-04-21,Completed,62,True,Skill match unavailable,,,,,3.5,85.4,False,True,False
APT-004670,REQ-005021,EMP-00013,LOC-01,SVC-06,2026-04-22,Completed,4,False,,,,,,3.0,89.6,False,True,False
APT-004672,REQ-005023,EMP-00104,LOC-01,SVC-01,2026-04-22,Completed,3,False,,,,,,4.5,97.4,False,True,False
APT-004675,REQ-005026,EMP-00122,LOC-10,SVC-01,2026-04-23,Completed,15,False,,,,,,3.0,86.2,False,True,True
APT-004677,REQ-005029,EMP-00054,LOC-02,SVC-08,2026-04-24,Completed,3,False,,,,,,3.5,79.2,False,True,False
APT-004679,REQ-005031,EMP-00015,LOC-10,SVC-01,2026-04-26,Completed,30,False,,,,,,4.7,92.6,False,True,True
APT-004680,REQ-005032,EMP-00093,LOC-01,SVC-08,2026-04-22,Completed,46,False,,,,,,2.7,100.0,False,False,False
APT-004681,REQ-005033,EMP-00094,LOC-07,SVC-02,2026-04-22,Completed,30,False,,,,,,4.6,74.0,False,True,True
APT-004682,REQ-005034,EMP-00075,LOC-09,SVC-02,2026-04-22,Completed,13,False,,,,,,3.4,80.2,False,True,False
APT-004684,REQ-005036,EMP-00022,LOC-07,SVC-09,2026-04-22,Completed,11,False,,,,,,4.7,78.5,False,True,False
APT-004685,REQ-005037,EMP-00014,LOC-01,SVC-08,2026-04-23,Completed,8,False,,,,,,4.5,80.3,False,True,False
APT-004688,REQ-005041,EMP-00058,LOC-02,SVC-01,2026-04-22,Completed,18,False,,,,,,5.0,88.1,False,True,False
APT-004689,REQ-005042,EMP-00018,LOC-04,SVC-03,2026-04-23,Completed,14,False,,,,,,,83.4,False,True,False
APT-004691,REQ-005044,EMP-00039,LOC-01,SVC-06,2026-04-22,Completed,35,False,,,,,,4.6,84.5,False,False,False
APT-004692,REQ-005045,EMP-00014,LOC-01,SVC-09,2026-04-23,Completed,30,False,,,,,,3.5,86.6,False,True,False
APT-004693,REQ-005046,EMP-00064,LOC-10,SVC-03,2026-04-24,Completed,19,False,,,,,,5.0,86.2,False,True,False
APT-004695,REQ-005048,EMP-00016,LOC-02,SVC-05,2026-04-23,Completed,16,False,,,,,,4.5,79.4,False,False,False
APT-004696,REQ-005049,EMP-00023,LOC-07,SVC-08,2026-04-24,Completed,31,False,,,,,,4.6,73.9,False,False,False
APT-004702,REQ-005055,EMP-00022,LOC-03,SVC-01,2026-04-25,Completed,28,False,,,,,,2.8,91.7,False,True,True
APT-004703,REQ-005056,EMP-00004,LOC-02,SVC-04,2026-04-24,Completed,24,False,,,,,,4.6,85.4,False,True,False
APT-004704,REQ-005057,EMP-00137,LOC-09,SVC-05,2026-04-23,Completed,3,False,,,,,,3.6,80.2,False,True,False
APT-004705,REQ-005058,EMP-00038,LOC-09,SVC-09,2026-04-23,Completed,16,True,Urgent reassignment,,,,,,87.4,False,True,False
APT-004706,REQ-005059,EMP-00137,LOC-05,SVC-01,2026-04-23,Completed,26,False,,,,,,5.0,66.4,False,True,False
APT-004708,REQ-005061,EMP-00113,LOC-05,SVC-05,2026-04-24,Completed,27,True,Urgent reassignment,,,,,3.5,81.4,False,True,False
APT-004709,REQ-005062,EMP-00033,LOC-04,SVC-08,2026-04-23,Completed,39,False,,,,,,,86.0,False,True,False
APT-004710,REQ-005063,EMP-00044,LOC-09,SVC-01,2026-04-24,Completed,32,False,,,,,,5.0,77.3,False,True,True
APT-004711,REQ-005064,EMP-00070,LOC-08,SVC-08,2026-04-26,Completed,39,False,,,,,,4.3,87.6,False,True,True
APT-004712,REQ-005066,EMP-00055,LOC-08,SVC-01,2026-04-24,Completed,42,False,,,,,,2.9,93.6,False,True,False
APT-004714,REQ-005068,EMP-00013,LOC-03,SVC-06,2026-04-24,Completed,12,False,,,,,,3.7,88.1,False,False,False
APT-004716,REQ-005070,EMP-00109,LOC-01,SVC-07,2026-04-25,Completed,25,False,,,,,,4.0,84.9,False,True,False
APT-004717,REQ-005071,EMP-00011,LOC-04,SVC-07,2026-04-24,Completed,32,False,,,,,,3.4,62.9,False,True,False
APT-004718,REQ-005072,EMP-00065,LOC-07,SVC-04,2026-04-27,Completed,45,False,,,,,,,87.5,False,True,False
APT-004719,REQ-005073,EMP-00083,LOC-05,SVC-04,2026-04-24,Completed,35,False,,,,,,4.1,89.5,False,True,False
APT-004721,REQ-005075,EMP-00065,LOC-03,SVC-02,2026-04-26,Completed,19,False,,,,,,,91.0,False,True,True
APT-004725,REQ-005080,EMP-00143,LOC-06,SVC-05,2026-04-25,Completed,15,False,,,,,,4.2,84.5,False,True,False
APT-004726,REQ-005081,EMP-00093,LOC-05,SVC-02,2026-04-26,Completed,22,False,,,,,,2.8,72.9,False,False,False
APT-004728,REQ-005083,EMP-00110,LOC-07,SVC-02,2026-04-25,Completed,18,False,,,,,,4.0,87.8,False,True,False
APT-004729,REQ-005084,EMP-00068,LOC-02,SVC-08,2026-04-25,Completed,32,False,,,,,,3.7,66.5,False,True,True
APT-004732,REQ-005087,EMP-00038,LOC-07,SVC-03,2026-04-25,Completed,27,False,,,,,,4.5,76.8,False,True,False
APT-004735,REQ-005091,EMP-00126,LOC-09,SVC-08,2026-04-25,Completed,46,True,Continuity of care,,,,,4.3,81.5,False,False,False
APT-004736,REQ-005092,EMP-00017,LOC-06,SVC-08,2026-04-28,Completed,4,False,,,,,,4.2,64.6,False,True,False
APT-004737,REQ-005093,EMP-00148,LOC-09,SVC-06,2026-04-27,Completed,32,False,,,,,,4.6,81.1,False,True,False
APT-004738,REQ-005094,EMP-00018,LOC-02,SVC-01,2026-04-28,Completed,21,False,,,,,,3.8,74.0,False,True,False
APT-004739,REQ-005096,EMP-00006,LOC-01,SVC-01,2026-04-26,Completed,23,False,,,,,,3.4,91.6,False,True,True
APT-004741,REQ-005099,EMP-00150,LOC-07,SVC-05,2026-04-29,Completed,44,False,,,,,,,66.7,False,True,False
APT-004742,REQ-005100,EMP-00124,LOC-06,SVC-09,2026-04-28,Completed,48,False,,,,,,4.6,94.0,False,True,False
APT-004743,REQ-005101,EMP-00025,LOC-08,SVC-01,2026-04-28,Completed,38,False,,,,,,4.1,83.1,False,True,False
APT-004744,REQ-005103,EMP-00099,LOC-02,SVC-05,2026-04-28,Completed,22,False,,,,,,3.5,73.2,False,True,False
APT-004745,REQ-005104,EMP-00031,LOC-10,SVC-01,2026-04-26,Completed,3,False,,,,,,4.2,100.0,False,True,True
APT-004751,REQ-005110,EMP-00079,LOC-09,SVC-07,2026-04-27,Completed,23,False,,,,,,3.3,83.1,False,True,True
APT-004752,REQ-005111,EMP-00021,LOC-06,SVC-02,2026-04-28,Completed,8,False,,,,,,5.0,76.4,False,True,False
APT-004754,REQ-005113,EMP-00018,LOC-05,SVC-05,2026-04-27,Completed,34,True,Client preference,,,,,5.0,82.1,False,True,False
APT-004755,REQ-005114,EMP-00057,LOC-02,SVC-01,2026-04-27,Completed,29,False,,,,,,3.6,85.0,False,True,True
APT-004756,REQ-005115,EMP-00096,LOC-09,SVC-08,2026-04-27,Completed,25,False,,,,,,3.1,52.4,False,False,False
APT-004759,REQ-005119,EMP-00099,LOC-08,SVC-02,2026-04-29,Completed,20,False,,,,,,4.6,71.7,False,False,False
APT-004761,REQ-005121,EMP-00146,LOC-06,SVC-04,2026-04-29,Completed,20,False,,,,,,4.0,82.2,False,False,True
APT-004764,REQ-005124,EMP-00084,LOC-03,SVC-07,2026-04-27,Completed,29,False,,,,,,3.8,84.9,False,True,False
APT-004766,REQ-005126,EMP-00128,LOC-04,SVC-01,2026-04-28,Completed,19,False,,,,,,4.1,77.2,False,True,True
APT-004767,REQ-005127,EMP-00129,LOC-01,SVC-06,2026-04-28,Completed,17,False,,,,,,5.0,87.8,False,True,False
APT-004768,REQ-005128,EMP-00005,LOC-10,SVC-05,2026-04-29,Completed,11,False,,,,,,3.4,73.8,False,True,True
APT-004770,REQ-005130,EMP-00085,LOC-02,SVC-01,2026-04-29,Completed,9,False,,,,,,3.5,68.8,False,False,False
APT-004771,REQ-005131,EMP-00065,LOC-03,SVC-02,2026-04-28,Completed,31,True,Continuity of care,,,,,3.6,84.7,False,True,False
APT-004772,REQ-005132,EMP-00148,LOC-04,SVC-07,2026-04-28,Completed,3,False,,,,,,5.0,76.3,False,False,False
APT-004774,REQ-005134,EMP-00057,LOC-01,SVC-09,2026-04-28,Completed,8,False,,,,,,5.0,96.0,False,True,False
APT-004775,REQ-005135,EMP-00021,LOC-06,SVC-02,2026-04-29,Completed,6,True,Urgent reassignment,,,,,,72.6,False,True,True
APT-004776,REQ-005136,EMP-00124,LOC-02,SVC-03,2026-04-28,Completed,13,False,,,,,,4.5,69.1,False,True,False
APT-004778,REQ-005139,EMP-00112,LOC-10,SVC-05,2026-04-28,Completed,31,False,,,,,,2.8,89.6,False,False,False
APT-004779,REQ-005140,EMP-00105,LOC-09,SVC-04,2026-04-30,Completed,55,False,,,,,,4.4,72.5,False,True,False
APT-004782,REQ-005143,EMP-00021,LOC-09,SVC-03,2026-04-28,Completed,39,False,,,,,,3.5,79.1,False,True,False
APT-004783,REQ-005144,EMP-00030,LOC-05,SVC-08,2026-04-29,Completed,23,False,,,,,,4.3,75.6,False,True,False
APT-004784,REQ-005145,EMP-00008,LOC-04,SVC-05,2026-04-28,Completed,29,False,,,,,,4.4,88.2,False,True,False
APT-004785,REQ-005146,EMP-00099,LOC-03,SVC-04,2026-04-28,Completed,23,False,,,,,,4.8,87.0,False,True,True
APT-004787,REQ-005149,EMP-00028,LOC-06,SVC-02,2026-05-01,Completed,52,False,,,,,,4.8,74.1,False,True,False
APT-004789,REQ-005151,EMP-00089,LOC-04,SVC-01,2026-04-29,Completed,16,False,,,,,,3.5,85.7,False,True,False
APT-004790,REQ-005153,EMP-00136,LOC-06,SVC-03,2026-05-02,Completed,37,False,,,,,,3.5,82.4,False,True,False
APT-004791,REQ-005154,EMP-00062,LOC-01,SVC-05,2026-04-30,Completed,46,False,,,,,,3.9,93.1,False,True,False
APT-004792,REQ-005155,EMP-00056,LOC-09,SVC-03,2026-04-29,Completed,17,False,,,,,,3.0,87.3,False,False,False
APT-004794,REQ-005157,EMP-00033,LOC-06,SVC-09,2026-04-29,Completed,42,False,,,,,,4.1,79.4,False,True,False
APT-004796,REQ-005159,EMP-00094,LOC-05,SVC-07,2026-04-29,Completed,24,False,,,,,,3.1,78.6,False,True,False
APT-004797,REQ-005160,EMP-00035,LOC-03,SVC-07,2026-04-29,Completed,24,False,,,,,,2.8,90.8,False,True,False
APT-004798,REQ-005162,EMP-00131,LOC-01,SVC-05,2026-05-02,Completed,16,False,,,,,,4.0,100.0,False,True,False
APT-004799,REQ-005163,EMP-00002,LOC-02,SVC-03,2026-04-29,Completed,28,False,,,,,,5.0,98.2,False,True,False
APT-004800,REQ-005164,EMP-00030,LOC-09,SVC-02,2026-04-29,Completed,3,False,,,,,,4.9,75.8,False,True,True
APT-004801,REQ-005165,EMP-00043,LOC-04,SVC-08,2026-04-29,Completed,37,False,,,,,,4.5,72.1,False,True,True
APT-004802,REQ-005166,EMP-00113,LOC-09,SVC-04,2026-04-30,Completed,38,False,,,,,,3.0,82.5,False,True,True
APT-004803,REQ-005167,EMP-00143,LOC-10,SVC-04,2026-04-29,Completed,3,False,,,,,,3.7,86.7,False,True,False
APT-004804,REQ-005168,EMP-00005,LOC-05,SVC-01,2026-04-30,Completed,11,False,,,,,,4.9,72.6,False,True,True
APT-004805,REQ-005169,EMP-00090,LOC-03,SVC-08,2026-04-29,Completed,16,False,,,,,,3.5,87.6,False,True,False
APT-004806,REQ-005170,EMP-00104,LOC-02,SVC-06,2026-04-29,Completed,15,True,Client preference,,,,,4.5,91.8,False,True,False
APT-004809,REQ-005173,EMP-00037,LOC-02,SVC-05,2026-04-29,Completed,14,False,,,,,,4.6,96.4,False,True,True
APT-004812,REQ-005176,EMP-00092,LOC-02,SVC-05,2026-04-29,Completed,34,False,,,,,,4.9,74.4,False,True,True
APT-004813,REQ-005177,EMP-00103,LOC-01,SVC-01,2026-04-30,Completed,10,False,,,,,,5.0,71.6,False,True,False
APT-004816,REQ-005180,EMP-00121,LOC-03,SVC-01,2026-04-30,Completed,8,False,,,,,,4.1,100.0,False,True,False
APT-004820,REQ-005184,EMP-00101,LOC-05,SVC-04,2026-04-30,Completed,22,False,,,,,,5.0,74.3,False,False,False
APT-004821,REQ-005185,EMP-00104,LOC-06,SVC-01,2026-04-30,Completed,21,False,,,,,,5.0,75.8,False,True,False
APT-004823,REQ-005187,EMP-00120,LOC-06,SVC-02,2026-04-30,Completed,36,False,,,,,,4.4,93.8,False,True,True
APT-004824,REQ-005189,EMP-00040,LOC-01,SVC-06,2026-04-30,Completed,3,False,,,,,,,76.0,False,True,False
APT-004826,REQ-005191,EMP-00022,LOC-06,SVC-07,2026-05-01,Completed,45,False,,,,,,3.9,80.0,False,True,False
APT-004828,REQ-005193,EMP-00057,LOC-05,SVC-05,2026-04-30,Completed,12,True,Client preference,,,,,3.5,80.0,False,True,False
APT-004832,REQ-005197,EMP-00024,LOC-07,SVC-01,2026-05-02,Completed,40,False,,,,,,,80.8,False,True,False
APT-004836,REQ-005202,EMP-00021,LOC-06,SVC-06,2026-05-02,Completed,25,False,,,,,,3.5,84.3,False,True,True
APT-004837,REQ-005203,EMP-00104,LOC-02,SVC-07,2026-05-02,Completed,28,False,,,,,,5.0,88.7,False,True,False
APT-004838,REQ-005204,EMP-00068,LOC-01,SVC-08,2026-04-30,Completed,22,False,,,,,,4.8,67.7,False,True,False
APT-004839,REQ-005205,EMP-00143,LOC-06,SVC-03,2026-05-01,Completed,31,False,,,,,,4.6,80.5,False,True,False
APT-004840,REQ-005206,EMP-00014,LOC-09,SVC-07,2026-05-01,Completed,32,False,,,,,,5.0,81.0,False,True,True
APT-004841,REQ-005207,EMP-00103,LOC-01,SVC-01,2026-05-01,Completed,42,False,,,,,,4.9,76.7,False,True,False
APT-004842,REQ-005208,EMP-00065,LOC-07,SVC-05,2026-05-02,Completed,24,False,,,,,,4.7,65.3,False,True,True
APT-004843,REQ-005209,EMP-00063,LOC-05,SVC-02,2026-05-01,Completed,19,False,,,,,,5.0,79.2,False,True,False
APT-004844,REQ-005210,EMP-00093,LOC-07,SVC-01,2026-05-01,Completed,60,False,,,,,,4.7,91.5,False,True,True
APT-004846,REQ-005212,EMP-00128,LOC-05,SVC-08,2026-05-02,Completed,15,False,,,,,,5.0,77.5,False,False,False
APT-004847,REQ-005213,EMP-00119,LOC-07,SVC-08,2026-05-02,Completed,5,True,Skill match unavailable,,,,,4.7,75.4,False,True,False
APT-004848,REQ-005214,EMP-00100,LOC-01,SVC-09,2026-05-03,Completed,44,False,,,,,,5.0,72.4,False,True,False
APT-004851,REQ-005217,EMP-00050,LOC-05,SVC-07,2026-05-01,Completed,34,False,,,,,,2.7,93.3,False,True,False
APT-004852,REQ-005218,EMP-00099,LOC-07,SVC-05,2026-05-01,Completed,32,False,,,,,,3.0,81.5,False,True,False
APT-004853,REQ-005219,EMP-00027,LOC-03,SVC-05,2026-05-01,Completed,19,False,,,,,,5.0,84.3,False,True,False
APT-004854,REQ-005220,EMP-00110,LOC-02,SVC-02,2026-05-01,Completed,9,False,,,,,,,82.4,False,True,True
APT-004857,REQ-005223,EMP-00134,LOC-02,SVC-01,2026-05-01,Completed,42,False,,,,,,4.4,95.7,False,True,False
APT-004859,REQ-005225,EMP-00022,LOC-10,SVC-09,2026-05-01,Completed,24,False,,,,,,4.5,85.2,False,True,False
APT-004861,REQ-005227,EMP-00137,LOC-01,SVC-05,2026-05-01,Completed,14,False,,,,,,,100.0,False,True,False
APT-004862,REQ-005228,EMP-00030,LOC-01,SVC-01,2026-05-01,Completed,21,False,,,,,,,82.3,False,True,False
APT-004863,REQ-005229,EMP-00112,LOC-10,SVC-07,2026-05-03,Completed,27,False,,,,,,4.5,64.2,False,True,False
APT-004866,REQ-005232,EMP-00139,LOC-03,SVC-06,2026-05-02,Completed,23,False,,,,,,3.8,89.4,False,True,False
APT-004868,REQ-005235,EMP-00049,LOC-08,SVC-07,2026-05-03,Completed,3,False,,,,,,4.8,83.8,False,True,False
APT-004869,REQ-005236,EMP-00096,LOC-04,SVC-07,2026-05-03,Completed,41,False,,,,,,4.2,82.1,False,True,True
APT-004870,REQ-005237,EMP-00091,LOC-03,SVC-05,2026-05-06,Completed,4,False,,,,,,3.7,68.2,False,True,False
APT-004872,REQ-005239,EMP-00079,LOC-06,SVC-04,2026-05-06,Completed,11,False,,,,,,4.3,82.5,False,True,False
APT-004874,REQ-005241,EMP-00080,LOC-02,SVC-03,2026-05-04,Completed,30,False,,,,,,2.8,92.0,False,True,False
APT-004876,REQ-005243,EMP-00104,LOC-08,SVC-08,2026-05-03,Completed,17,False,,,,,,3.3,85.3,False,True,False
APT-004878,REQ-005245,EMP-00044,LOC-07,SVC-03,2026-05-04,Completed,29,True,Continuity of care,,,,,4.5,69.0,False,False,False
APT-004883,REQ-005250,EMP-00049,LOC-09,SVC-01,2026-05-03,Completed,11,False,,,,,,5.0,79.9,False,False,False
APT-004885,REQ-005252,EMP-00131,LOC-05,SVC-08,2026-05-05,Completed,13,False,,,,,,3.0,83.9,False,True,False
APT-004886,REQ-005253,EMP-00086,LOC-08,SVC-05,2026-05-03,Completed,12,False,,,,,,3.9,88.7,False,True,False
APT-004887,REQ-005254,EMP-00117,LOC-07,SVC-07,2026-05-09,Completed,20,True,Skill match unavailable,,,,,3.5,54.0,False,False,True
APT-004888,REQ-005255,EMP-00080,LOC-05,SVC-01,2026-05-04,Completed,7,False,,,,,,4.0,85.4,False,True,False
APT-004890,REQ-005257,EMP-00084,LOC-07,SVC-01,2026-05-04,Completed,43,False,,,,,,4.9,95.0,False,True,True
APT-004891,REQ-005258,EMP-00033,LOC-08,SVC-05,2026-05-03,Completed,48,False,,,,,,4.4,83.2,False,True,False
APT-004893,REQ-005260,EMP-00134,LOC-01,SVC-01,2026-05-04,Completed,11,False,,,,,,4.6,82.9,False,True,False
APT-004896,REQ-005263,EMP-00011,LOC-06,SVC-01,2026-05-08,Completed,3,False,,,,,,5.0,76.0,False,True,True
APT-004899,REQ-005266,EMP-00065,LOC-01,SVC-03,2026-05-04,Completed,33,False,,,,,,3.9,78.0,False,True,True
APT-004903,REQ-005270,EMP-00028,LOC-03,SVC-05,2026-05-05,Completed,15,False,,,,,,4.3,78.3,False,True,False
APT-004904,REQ-005271,EMP-00068,LOC-08,SVC-02,2026-05-06,Completed,16,False,,,,,,4.5,88.6,False,True,False
APT-004905,REQ-005272,EMP-00031,LOC-04,SVC-01,2026-05-05,Completed,23,False,,,,,,3.6,94.5,False,True,False
APT-004906,REQ-005273,EMP-00101,LOC-05,SVC-05,2026-05-04,Completed,8,False,,,,,,4.3,74.5,False,False,False
APT-004907,REQ-005274,EMP-00128,LOC-06,SVC-08,2026-05-09,Completed,12,False,,,,,,3.9,100.0,False,False,True
APT-004908,REQ-005275,EMP-00006,LOC-07,SVC-04,2026-05-05,Completed,34,False,,,,,,4.9,82.2,False,True,False
APT-004909,REQ-005276,EMP-00104,LOC-07,SVC-07,2026-05-07,Completed,41,False,,,,,,4.3,84.5,False,True,True
APT-004910,REQ-005277,EMP-00119,LOC-09,SVC-01,2026-05-05,Completed,49,False,,,,,,3.7,79.8,False,True,False
APT-004912,REQ-005279,EMP-00050,LOC-05,SVC-07,2026-05-05,Completed,17,False,,,,,,3.5,82.6,False,True,False
APT-004913,REQ-005280,EMP-00068,LOC-09,SVC-07,2026-05-07,Completed,33,True,Urgent reassignment,,,,,5.0,78.7,False,True,False
APT-004914,REQ-005281,EMP-00018,LOC-09,SVC-01,2026-05-06,Completed,10,False,,,,,,5.0,82.6,False,True,False
APT-004915,REQ-005282,EMP-00124,LOC-07,SVC-08,2026-05-06,Completed,30,False,,,,,,4.5,78.8,False,True,False
APT-004917,REQ-005285,EMP-00112,LOC-01,SVC-07,2026-05-06,Completed,7,False,,,,,,4.2,94.6,False,True,False
APT-004919,REQ-005287,EMP-00131,LOC-05,SVC-01,2026-05-05,Completed,17,False,,,,,,1.3,73.8,False,True,False
APT-004921,REQ-005289,EMP-00099,LOC-08,SVC-01,2026-05-06,Completed,23,True,Continuity of care,,,,,3.8,92.7,False,True,False
APT-004923,REQ-005291,EMP-00103,LOC-05,SVC-08,2026-05-05,Completed,21,False,,,,,,4.4,100.0,False,True,True
APT-004924,REQ-005292,EMP-00099,LOC-01,SVC-07,2026-05-05,Completed,29,False,,,,,,3.5,85.0,False,True,True
APT-004925,REQ-005293,EMP-00085,LOC-03,SVC-05,2026-05-05,Completed,29,False,,,,,,2.9,90.8,False,True,False
APT-004927,REQ-005295,EMP-00106,LOC-06,SVC-08,2026-05-06,Completed,29,False,,,,,,,79.4,False,True,False
APT-004929,REQ-005298,EMP-00110,LOC-03,SVC-02,2026-05-06,Completed,15,False,,,,,,,87.2,False,True,False
APT-004930,REQ-005299,EMP-00024,LOC-07,SVC-08,2026-05-07,Completed,42,False,,,,,,4.5,76.1,False,True,False
APT-004931,REQ-005300,EMP-00039,LOC-01,SVC-05,2026-05-07,Completed,26,False,,,,,,,85.6,False,True,False
APT-004933,REQ-005302,EMP-00091,LOC-02,SVC-01,2026-05-07,Completed,12,False,,,,,,5.0,75.9,False,True,False
APT-004934,REQ-005303,EMP-00119,LOC-08,SVC-05,2026-05-06,Completed,28,False,,,,,,4.1,78.6,False,True,False
APT-004935,REQ-005304,EMP-00117,LOC-04,SVC-07,2026-05-06,Completed,15,False,,,,,,4.7,80.2,False,False,False
APT-004937,REQ-005306,EMP-00066,LOC-06,SVC-04,2026-05-07,Completed,34,False,,,,,,4.8,99.9,False,True,True
APT-004938,REQ-005307,EMP-00024,LOC-02,SVC-07,2026-05-06,Completed,23,False,,,,,,4.7,77.3,False,True,True
APT-004939,REQ-005308,EMP-00060,LOC-06,SVC-02,2026-05-06,Completed,19,False,,,,,,4.2,69.5,False,True,False
APT-004940,REQ-005309,EMP-00131,LOC-01,SVC-08,2026-05-07,Completed,3,False,,,,,,3.9,67.7,False,True,False
APT-004941,REQ-005310,EMP-00079,LOC-07,SVC-07,2026-05-07,Completed,45,False,,,,,,4.4,79.6,False,True,False
APT-004943,REQ-005312,EMP-00126,LOC-01,SVC-01,2026-05-07,Completed,29,False,,,,,,4.7,98.9,False,True,False
APT-004944,REQ-005313,EMP-00069,LOC-03,SVC-02,2026-05-10,Completed,12,False,,,,,,4.8,88.8,False,True,False
APT-004947,REQ-005316,EMP-00104,LOC-02,SVC-01,2026-05-06,Completed,16,False,,,,,,5.0,83.2,False,True,False
APT-004948,REQ-005318,EMP-00002,LOC-06,SVC-05,2026-05-06,Completed,25,False,,,,,,5.0,72.7,False,True,False
APT-004951,REQ-005321,EMP-00126,LOC-04,SVC-01,2026-05-07,Completed,25,False,,,,,,5.0,60.8,False,True,True
APT-004952,REQ-005322,EMP-00093,LOC-09,SVC-01,2026-05-08,Completed,32,False,,,,,,5.0,99.3,False,False,False
APT-004956,REQ-005326,EMP-00098,LOC-08,SVC-09,2026-05-06,Completed,35,False,,,,,,3.7,76.9,False,True,False
APT-004957,REQ-005327,EMP-00033,LOC-07,SVC-07,2026-05-06,Completed,24,False,,,,,,4.0,86.9,False,True,False
APT-004958,REQ-005328,EMP-00115,LOC-06,SVC-08,2026-05-07,Completed,32,False,,,,,,5.0,82.7,False,True,False
APT-004959,REQ-005329,EMP-00054,LOC-10,SVC-07,2026-05-06,Completed,22,False,,,,,,5.0,96.9,False,False,False
APT-004961,REQ-005331,EMP-00079,LOC-10,SVC-07,2026-05-09,Completed,22,False,,,,,,4.9,93.3,False,False,False
APT-004962,REQ-005332,EMP-00098,LOC-01,SVC-01,2026-05-06,Completed,22,True,Skill match unavailable,,,,,3.2,74.1,False,True,True
APT-004963,REQ-005333,EMP-00139,LOC-05,SVC-05,2026-05-07,Completed,3,False,,,,,,3.8,83.2,False,True,False
APT-004966,REQ-005336,EMP-00148,LOC-08,SVC-05,2026-05-09,Completed,4,False,,,,,,4.7,95.9,False,False,True
APT-004967,REQ-005337,EMP-00018,LOC-03,SVC-01,2026-05-07,Completed,34,False,,,,,,3.9,98.7,False,True,False
APT-004970,REQ-005340,EMP-00036,LOC-08,SVC-01,2026-05-07,Completed,35,False,,,,,,3.6,68.4,False,False,False
APT-004973,REQ-005343,EMP-00112,LOC-05,SVC-02,2026-05-07,Completed,19,False,,,,,,4.7,86.3,False,True,True
APT-004974,REQ-005344,EMP-00093,LOC-07,SVC-03,2026-05-08,Completed,29,False,,,,,,4.1,76.8,False,True,False
APT-004979,REQ-005350,EMP-00092,LOC-06,SVC-04,2026-05-07,Completed,29,False,,,,,,,63.7,False,True,False
APT-004980,REQ-005351,EMP-00103,LOC-01,SVC-03,2026-05-08,Completed,17,False,,,,,,3.9,67.8,False,True,True
APT-004982,REQ-005353,EMP-00136,LOC-02,SVC-09,2026-05-07,Completed,25,False,,,,,,4.2,75.5,False,True,True
APT-004985,REQ-005356,EMP-00115,LOC-02,SVC-05,2026-05-10,Completed,28,False,,,,,,3.7,81.9,False,True,False
APT-004988,REQ-005359,EMP-00027,LOC-10,SVC-01,2026-05-07,Completed,31,False,,,,,,3.2,90.8,False,True,False
APT-004990,REQ-005361,EMP-00054,LOC-09,SVC-05,2026-05-09,Completed,21,False,,,,,,5.0,83.2,False,True,True
APT-004991,REQ-005362,EMP-00110,LOC-03,SVC-03,2026-05-07,Completed,19,True,Urgent reassignment,,,,,5.0,81.7,False,True,False
APT-004997,REQ-005369,EMP-00049,LOC-06,SVC-03,2026-05-09,Completed,37,False,,,,,,4.5,91.2,False,True,False
APT-005000,REQ-005372,EMP-00005,LOC-07,SVC-03,2026-05-10,Completed,34,False,,,,,,3.5,72.4,False,True,False
APT-005002,REQ-005374,EMP-00057,LOC-03,SVC-01,2026-05-09,Completed,17,False,,,,,,,100.0,False,False,False
APT-005003,REQ-005375,EMP-00039,LOC-06,SVC-02,2026-05-10,Completed,32,False,,,,,,4.4,73.8,False,True,True
APT-005005,REQ-005377,EMP-00091,LOC-02,SVC-03,2026-05-09,Completed,13,False,,,,,,4.0,81.6,False,True,False
APT-005006,REQ-005378,EMP-00054,LOC-07,SVC-06,2026-05-08,Completed,25,False,,,,,,3.7,82.4,False,False,False
APT-005007,REQ-005379,EMP-00022,LOC-03,SVC-03,2026-05-09,Completed,12,False,,,,,,4.2,82.9,False,True,False
APT-005008,REQ-005380,EMP-00015,LOC-02,SVC-07,2026-05-09,Completed,26,False,,,,,,5.0,79.5,False,True,True
APT-005016,REQ-005388,EMP-00024,LOC-04,SVC-01,2026-05-10,Completed,16,False,,,,,,3.4,89.3,False,True,True
APT-005017,REQ-005389,EMP-00030,LOC-05,SVC-06,2026-05-09,Completed,30,False,,,,,,4.0,86.8,False,True,False
APT-005021,REQ-005393,EMP-00056,LOC-02,SVC-06,2026-05-09,Completed,24,False,,,,,,4.1,74.2,False,True,False
APT-005023,REQ-005395,EMP-00117,LOC-09,SVC-01,2026-05-09,Completed,31,False,,,,,,4.4,74.8,False,True,False
APT-005024,REQ-005396,EMP-00024,LOC-04,SVC-05,2026-05-09,Completed,26,False,,,,,,4.3,84.5,False,True,False
APT-005029,REQ-005401,EMP-00035,LOC-05,SVC-01,2026-05-10,Completed,4,False,,,,,,4.9,72.0,False,True,True
APT-005030,REQ-005402,EMP-00083,LOC-07,SVC-01,2026-05-11,Completed,32,False,,,,,,3.6,84.4,False,True,False
APT-005031,REQ-005403,EMP-00011,LOC-08,SVC-02,2026-05-10,Completed,25,False,,,,,,4.5,78.2,False,True,True
APT-005035,REQ-005407,EMP-00122,LOC-06,SVC-02,2026-05-11,Completed,39,False,,,,,,4.5,86.4,False,True,False
APT-005036,REQ-005408,EMP-00025,LOC-02,SVC-08,2026-05-10,Completed,16,False,,,,,,2.7,82.4,False,True,False
APT-005038,REQ-005410,EMP-00150,LOC-03,SVC-02,2026-05-11,Completed,32,False,,,,,,4.2,87.7,False,True,False
APT-005040,REQ-005412,EMP-00121,LOC-05,SVC-03,2026-05-11,Completed,31,False,,,,,,2.9,82.9,False,True,False
APT-005041,REQ-005413,EMP-00117,LOC-01,SVC-07,2026-05-12,Completed,26,False,,,,,,4.6,89.0,False,True,True
APT-005043,REQ-005415,EMP-00005,LOC-05,SVC-04,2026-05-11,Completed,16,False,,,,,,4.3,71.3,False,True,True
APT-005044,REQ-005416,EMP-00112,LOC-07,SVC-06,2026-05-13,Completed,32,False,,,,,,3.7,91.0,False,True,False
APT-005049,REQ-005421,EMP-00031,LOC-06,SVC-04,2026-05-11,Completed,18,False,,,,,,3.7,79.8,False,False,False
APT-005050,REQ-005422,EMP-00118,LOC-03,SVC-05,2026-05-11,Completed,5,False,,,,,,4.3,97.6,False,True,False
APT-005051,REQ-005423,EMP-00018,LOC-09,SVC-02,2026-05-12,Completed,32,False,,,,,,3.5,81.1,True,True,False
APT-005053,REQ-005425,EMP-00049,LOC-08,SVC-01,2026-05-12,Completed,45,False,,,,,,4.4,94.0,False,True,False
APT-005054,REQ-005426,EMP-00052,LOC-06,SVC-07,2026-05-15,Completed,3,False,,,,,,4.7,86.7,False,True,False
APT-005055,REQ-005427,EMP-00056,LOC-10,SVC-06,2026-05-12,Completed,27,False,,,,,,4.5,84.8,False,True,False
APT-005056,REQ-005428,EMP-00023,LOC-05,SVC-06,2026-05-11,Completed,21,False,,,,,,3.6,80.0,False,False,False
APT-005057,REQ-005429,EMP-00065,LOC-05,SVC-06,2026-05-12,Completed,7,False,,,,,,4.2,90.1,False,False,True
APT-005059,REQ-005431,EMP-00110,LOC-04,SVC-01,2026-05-12,Completed,9,False,,,,,,,93.7,False,True,False
APT-005060,REQ-005432,EMP-00099,LOC-06,SVC-08,2026-05-12,Completed,29,False,,,,,,4.8,82.2,True,True,False
APT-005061,REQ-005433,EMP-00050,LOC-08,SVC-01,2026-05-12,Completed,25,False,,,,,,4.1,88.6,False,True,True
APT-005063,REQ-005435,EMP-00122,LOC-09,SVC-01,2026-05-12,Completed,37,False,,,,,,5.0,79.4,False,True,False
APT-005064,REQ-005436,EMP-00137,LOC-05,SVC-06,2026-05-12,Completed,11,False,,,,,,3.3,86.2,False,True,False
APT-005065,REQ-005437,EMP-00069,LOC-03,SVC-05,2026-05-12,Completed,12,False,,,,,,,95.4,False,True,True
APT-005068,REQ-005441,EMP-00033,LOC-08,SVC-07,2026-05-12,Completed,37,False,,,,,,3.9,78.0,False,False,False
APT-005069,REQ-005442,EMP-00146,LOC-09,SVC-07,2026-05-16,Completed,30,False,,,,,,4.0,86.0,False,False,False
APT-005072,REQ-005445,EMP-00091,LOC-10,SVC-02,2026-05-12,Completed,36,False,,,,,,,89.2,False,True,True
APT-005074,REQ-005447,EMP-00047,LOC-02,SVC-03,2026-05-13,Completed,13,False,,,,,,3.9,66.1,False,False,False
APT-005075,REQ-005448,EMP-00110,LOC-09,SVC-04,2026-05-13,Completed,18,False,,,,,,3.0,74.7,False,True,False
APT-005077,REQ-005450,EMP-00023,LOC-03,SVC-01,2026-05-12,Completed,28,False,,,,,,3.9,82.6,False,True,False
APT-005079,REQ-005452,EMP-00098,LOC-09,SVC-01,2026-05-13,Completed,3,False,,,,,,4.4,93.2,False,True,False
APT-005080,REQ-005453,EMP-00057,LOC-05,SVC-06,2026-05-13,Completed,38,False,,,,,,4.7,84.9,False,True,False
APT-005081,REQ-005454,EMP-00100,LOC-02,SVC-05,2026-05-14,Completed,21,True,Client preference,,,,,4.5,77.3,False,True,False
APT-005082,REQ-005455,EMP-00126,LOC-08,SVC-01,2026-05-13,Completed,37,False,,,,,,5.0,58.2,False,True,False
APT-005083,REQ-005456,EMP-00042,LOC-10,SVC-03,2026-05-15,Completed,21,False,,,,,,2.9,89.1,False,True,False
APT-005086,REQ-005459,EMP-00031,LOC-03,SVC-05,2026-05-13,Completed,18,False,,,,,,3.4,70.8,False,True,True
APT-005088,REQ-005461,EMP-00062,LOC-06,SVC-01,2026-05-13,Completed,26,True,Skill match unavailable,,,,,3.7,91.2,False,True,False
APT-005090,REQ-005463,EMP-00058,LOC-05,SVC-02,2026-05-14,Completed,31,False,,,,,,3.8,96.7,False,True,True
APT-005092,REQ-005465,EMP-00002,LOC-08,SVC-01,2026-05-14,Completed,37,False,,,,,,4.1,91.7,False,True,False
APT-005093,REQ-005466,EMP-00080,LOC-06,SVC-02,2026-05-13,Completed,24,False,,,,,,4.8,84.2,False,True,False
APT-005094,REQ-005467,EMP-00138,LOC-04,SVC-01,2026-05-15,Completed,11,False,,,,,,3.9,81.4,False,True,False
APT-005102,REQ-005476,EMP-00110,LOC-04,SVC-03,2026-05-13,Completed,33,False,,,,,,3.7,100.0,False,True,False
APT-005103,REQ-005477,EMP-00014,LOC-02,SVC-05,2026-05-13,Completed,18,False,,,,,,,81.4,False,False,True
APT-005104,REQ-005478,EMP-00021,LOC-02,SVC-07,2026-05-13,Completed,36,False,,,,,,4.5,68.5,False,True,False
APT-005105,REQ-005479,EMP-00047,LOC-10,SVC-08,2026-05-13,Completed,29,False,,,,,,3.2,90.3,False,True,False
APT-005106,REQ-005480,EMP-00109,LOC-06,SVC-03,2026-05-13,Completed,37,False,,,,,,5.0,90.9,False,True,True
APT-005107,REQ-005482,EMP-00113,LOC-06,SVC-02,2026-05-14,Completed,27,False,,,,,,3.8,86.6,False,False,False
APT-005108,REQ-005483,EMP-00066,LOC-10,SVC-04,2026-05-17,Completed,29,False,,,,,,4.0,87.6,False,True,False
APT-005109,REQ-005485,EMP-00027,LOC-05,SVC-09,2026-05-14,Completed,13,False,,,,,,3.6,95.0,False,True,False
APT-005111,REQ-005487,EMP-00037,LOC-09,SVC-05,2026-05-15,Completed,21,False,,,,,,4.1,81.1,False,True,False
APT-005112,REQ-005488,EMP-00067,LOC-06,SVC-07,2026-05-15,Completed,23,False,,,,,,4.8,79.6,False,True,False
APT-005113,REQ-005489,EMP-00017,LOC-08,SVC-06,2026-05-15,Completed,4,False,,,,,,4.8,97.4,False,True,False
APT-005114,REQ-005490,EMP-00049,LOC-03,SVC-04,2026-05-14,Completed,19,False,,,,,,3.1,74.0,False,True,False
APT-005116,REQ-005492,EMP-00098,LOC-07,SVC-01,2026-05-14,Completed,24,False,,,,,,,56.8,False,True,True
APT-005119,REQ-005495,EMP-00110,LOC-07,SVC-02,2026-05-15,Completed,33,False,,,,,,3.8,54.8,False,False,False
APT-005120,REQ-005496,EMP-00027,LOC-09,SVC-06,2026-05-16,Completed,15,False,,,,,,4.1,70.2,False,False,False
APT-005121,REQ-005497,EMP-00091,LOC-10,SVC-05,2026-05-14,Completed,19,False,,,,,,3.6,95.7,False,True,False
APT-005123,REQ-005499,EMP-00098,LOC-06,SVC-08,2026-05-14,Completed,15,False,,,,,,4.2,66.3,False,False,False
APT-005124,REQ-005500,EMP-00067,LOC-02,SVC-07,2026-05-14,Completed,31,False,,,,,,3.3,72.3,False,True,True
APT-005126,REQ-005502,EMP-00131,LOC-09,SVC-05,2026-05-15,Completed,27,False,,,,,,4.8,74.0,False,True,True
APT-005127,REQ-005504,EMP-00150,LOC-01,SVC-08,2026-05-14,Completed,29,False,,,,,,3.0,85.0,False,False,False
APT-005128,REQ-005505,EMP-00065,LOC-01,SVC-08,2026-05-15,Completed,10,False,,,,,,4.0,85.0,False,True,False
APT-005129,REQ-005506,EMP-00093,LOC-04,SVC-03,2026-05-16,Completed,23,False,,,,,,3.5,82.5,False,True,True
APT-005130,REQ-005507,EMP-00119,LOC-08,SVC-01,2026-05-17,Completed,19,False,,,,,,3.4,88.9,False,True,False
APT-005131,REQ-005508,EMP-00058,LOC-07,SVC-06,2026-05-17,Completed,34,False,,,,,,3.3,79.8,False,True,False
APT-005134,REQ-005511,EMP-00042,LOC-02,SVC-03,2026-05-15,Completed,3,False,,,,,,5.0,72.2,False,True,False
APT-005136,REQ-005514,EMP-00069,LOC-09,SVC-02,2026-05-16,Completed,31,False,,,,,,3.6,77.5,False,False,False
APT-005137,REQ-005515,EMP-00093,LOC-06,SVC-01,2026-05-16,Completed,27,False,,,,,,4.5,63.2,False,True,True
APT-005139,REQ-005517,EMP-00060,LOC-09,SVC-04,2026-05-15,Completed,30,False,,,,,,,62.1,False,True,True
APT-005140,REQ-005518,EMP-00093,LOC-07,SVC-02,2026-05-18,Completed,8,False,,,,,,,80.8,False,True,False
APT-005141,REQ-005519,EMP-00008,LOC-08,SVC-05,2026-05-15,Completed,33,False,,,,,,5.0,75.4,False,True,False
APT-005143,REQ-005521,EMP-00089,LOC-02,SVC-06,2026-05-16,Completed,44,False,,,,,,5.0,69.9,False,True,False
APT-005144,REQ-005522,EMP-00124,LOC-07,SVC-04,2026-05-16,Completed,19,False,,,,,,4.9,90.6,False,True,False
APT-005146,REQ-005524,EMP-00038,LOC-06,SVC-07,2026-05-16,Completed,3,False,,,,,,5.0,89.2,True,True,False
APT-005147,REQ-005525,EMP-00002,LOC-06,SVC-08,2026-05-16,Completed,3,True,Skill match unavailable,,,,,4.2,78.8,True,True,False
APT-005150,REQ-005528,EMP-00040,LOC-09,SVC-01,2026-05-16,Completed,41,False,,,,,,3.5,100.0,False,True,True
APT-005151,REQ-005529,EMP-00061,LOC-08,SVC-04,2026-05-16,Completed,17,False,,,,,,4.2,97.3,False,True,False
APT-005152,REQ-005530,EMP-00038,LOC-10,SVC-02,2026-05-18,Completed,26,False,,,,,,5.0,100.0,False,True,False
APT-005155,REQ-005533,EMP-00089,LOC-02,SVC-05,2026-05-18,Completed,16,False,,,,,,3.7,79.9,False,True,False
APT-005160,REQ-005538,EMP-00055,LOC-04,SVC-04,2026-05-16,Completed,23,False,,,,,,,81.8,False,True,False
APT-005162,REQ-005540,EMP-00066,LOC-10,SVC-07,2026-05-16,Completed,29,False,,,,,,3.4,73.9,False,True,False
APT-005164,REQ-005542,EMP-00028,LOC-08,SVC-08,2026-05-17,Completed,21,False,,,,,,4.8,86.3,False,True,False
APT-005166,REQ-005544,EMP-00064,LOC-07,SVC-03,2026-05-16,Completed,24,False,,,,,,,91.3,False,True,False
APT-005167,REQ-005545,EMP-00146,LOC-03,SVC-08,2026-05-16,Completed,31,False,,,,,,4.0,89.9,False,False,False
APT-005170,REQ-005548,EMP-00080,LOC-05,SVC-01,2026-05-16,Completed,30,False,,,,,,5.0,66.8,False,True,False
APT-005171,REQ-005549,EMP-00115,LOC-10,SVC-01,2026-05-17,Completed,47,False,,,,,,4.1,96.7,False,True,False
APT-005172,REQ-005550,EMP-00094,LOC-05,SVC-05,2026-05-16,Completed,31,False,,,,,,4.7,86.6,False,True,False
APT-005173,REQ-005551,EMP-00056,LOC-07,SVC-07,2026-05-17,Completed,38,False,,,,,,4.4,84.4,False,True,False
APT-005175,REQ-005553,EMP-00080,LOC-01,SVC-04,2026-05-22,Completed,16,False,,,,,,3.0,83.7,False,True,False
APT-005176,REQ-005554,EMP-00021,LOC-01,SVC-08,2026-05-20,Completed,26,False,,,,,,5.0,87.2,False,True,True
APT-005178,REQ-005556,EMP-00050,LOC-10,SVC-06,2026-05-17,Completed,33,False,,,,,,5.0,90.7,False,True,False
APT-005179,REQ-005558,EMP-00040,LOC-10,SVC-08,2026-05-18,Completed,15,False,,,,,,3.9,82.6,False,True,False
APT-005181,REQ-005560,EMP-00092,LOC-08,SVC-07,2026-05-17,Completed,37,False,,,,,,4.0,86.0,False,True,False
APT-005182,REQ-005561,EMP-00052,LOC-08,SVC-07,2026-05-17,Completed,32,False,,,,,,4.7,79.6,False,True,False
APT-005183,REQ-005562,EMP-00028,LOC-07,SVC-07,2026-05-18,Completed,27,False,,,,,,4.0,75.4,False,True,False
APT-005184,REQ-005563,EMP-00106,LOC-03,SVC-05,2026-05-17,Completed,8,False,,,,,,4.9,100.0,False,False,False
APT-005185,REQ-005564,EMP-00141,LOC-10,SVC-02,2026-05-17,Completed,20,False,,,,,,4.7,83.8,True,True,False
APT-005186,REQ-005565,EMP-00058,LOC-06,SVC-07,2026-05-19,Completed,30,False,,,,,,4.0,86.9,False,True,False
APT-005188,REQ-005567,EMP-00027,LOC-05,SVC-05,2026-05-18,Completed,31,False,,,,,,3.7,77.9,False,True,True
APT-005189,REQ-005568,EMP-00121,LOC-06,SVC-08,2026-05-18,Completed,16,False,,,,,,,81.7,True,True,True
APT-005192,REQ-005571,EMP-00015,LOC-07,SVC-01,2026-05-18,Completed,23,False,,,,,,4.0,70.9,False,True,True
APT-005193,REQ-005572,EMP-00058,LOC-08,SVC-03,2026-05-20,Completed,43,False,,,,,,4.5,77.0,False,True,False
APT-005197,REQ-005579,EMP-00057,LOC-10,SVC-07,2026-05-19,Completed,22,False,,,,,,3.8,69.9,False,True,False
APT-005198,REQ-005580,EMP-00064,LOC-03,SVC-02,2026-05-18,Completed,21,False,,,,,,3.2,85.8,False,True,False
APT-005199,REQ-005581,EMP-00143,LOC-03,SVC-02,2026-05-19,Completed,13,False,,,,,,4.0,58.0,False,True,True
APT-005200,REQ-005582,EMP-00036,LOC-01,SVC-03,2026-05-18,Completed,14,False,,,,,,3.8,88.4,False,True,False
APT-005201,REQ-005583,EMP-00141,LOC-03,SVC-09,2026-05-18,Completed,39,False,,,,,,4.5,72.9,False,False,False
APT-005205,REQ-005588,EMP-00002,LOC-03,SVC-06,2026-05-19,Completed,14,False,,,,,,3.8,76.8,False,True,False
APT-005206,REQ-005589,EMP-00035,LOC-01,SVC-01,2026-05-19,Completed,40,False,,,,,,4.3,72.0,False,True,False
APT-005207,REQ-005590,EMP-00055,LOC-09,SVC-09,2026-05-19,Completed,36,False,,,,,,4.9,61.8,False,False,False
APT-005210,REQ-005593,EMP-00002,LOC-06,SVC-02,2026-05-19,Completed,14,False,,,,,,3.8,83.1,False,True,False
APT-005211,REQ-005595,EMP-00015,LOC-06,SVC-03,2026-05-20,Completed,48,False,,,,,,4.7,86.1,False,True,False
APT-005212,REQ-005596,EMP-00085,LOC-01,SVC-08,2026-05-19,Completed,20,False,,,,,,4.3,85.6,False,True,False
APT-005214,REQ-005598,EMP-00080,LOC-10,SVC-02,2026-05-21,Completed,45,False,,,,,,4.0,71.1,False,True,False
APT-005215,REQ-005599,EMP-00091,LOC-09,SVC-04,2026-05-22,Completed,25,False,,,,,,4.1,79.3,False,True,False
APT-005216,REQ-005600,EMP-00094,LOC-02,SVC-09,2026-05-19,Completed,19,False,,,,,,4.4,73.7,False,True,False
APT-005217,REQ-005601,EMP-00060,LOC-08,SVC-01,2026-05-21,Completed,21,False,,,,,,3.2,87.2,False,True,False
APT-005218,REQ-005602,EMP-00124,LOC-05,SVC-04,2026-05-20,Completed,31,False,,,,,,5.0,93.2,False,False,False
APT-005219,REQ-005603,EMP-00106,LOC-01,SVC-01,2026-05-20,Completed,23,False,,,,,,3.9,83.0,False,True,False
APT-005220,REQ-005605,EMP-00110,LOC-08,SVC-05,2026-05-21,Completed,5,False,,,,,,3.4,81.2,False,False,False
APT-005221,REQ-005606,EMP-00006,LOC-10,SVC-02,2026-05-21,Completed,32,False,,,,,,3.9,71.4,False,True,True
APT-005222,REQ-005607,EMP-00005,LOC-03,SVC-01,2026-05-19,Completed,11,False,,,,,,4.7,81.0,False,True,False
APT-005223,REQ-005608,EMP-00118,LOC-01,SVC-03,2026-05-20,Completed,25,False,,,,,,3.7,98.1,False,False,False
APT-005224,REQ-005609,EMP-00100,LOC-06,SVC-04,2026-05-19,Completed,25,False,,,,,,4.5,78.4,False,True,False
APT-005225,REQ-005610,EMP-00063,LOC-09,SVC-02,2026-05-19,Completed,32,False,,,,,,4.4,90.9,False,True,False
APT-005226,REQ-005611,EMP-00122,LOC-07,SVC-07,2026-05-19,Completed,49,False,,,,,,3.7,90.2,False,True,False
APT-005228,REQ-005613,EMP-00030,LOC-10,SVC-03,2026-05-20,Completed,32,False,,,,,,4.5,88.1,False,True,False
APT-005231,REQ-005616,EMP-00016,LOC-06,SVC-01,2026-05-21,Completed,18,False,,,,,,4.7,71.3,False,True,False
APT-005232,REQ-005617,EMP-00142,LOC-01,SVC-07,2026-05-20,Completed,18,False,,,,,,4.6,83.2,False,True,False
APT-005233,REQ-005618,EMP-00016,LOC-06,SVC-06,2026-05-22,Completed,5,True,Continuity of care,,,,,4.1,95.4,False,False,True
APT-005236,REQ-005621,EMP-00113,LOC-05,SVC-04,2026-05-20,Completed,30,False,,,,,,4.6,86.0,False,True,False
APT-005239,REQ-005624,EMP-00043,LOC-03,SVC-02,2026-05-21,Completed,10,False,,,,,,3.6,83.5,False,True,False
APT-005240,REQ-005625,EMP-00118,LOC-06,SVC-09,2026-05-20,Completed,36,False,,,,,,,65.0,False,True,False
APT-005241,REQ-005627,EMP-00060,LOC-06,SVC-03,2026-05-21,Completed,17,False,,,,,,3.7,68.8,False,True,True
APT-005246,REQ-005632,EMP-00112,LOC-04,SVC-01,2026-05-20,Completed,26,False,,,,,,3.4,78.6,False,True,False
APT-005248,REQ-005634,EMP-00133,LOC-03,SVC-07,2026-05-21,Completed,24,False,,,,,,4.6,89.6,False,True,False
APT-005249,REQ-005635,EMP-00123,LOC-02,SVC-01,2026-05-21,Completed,19,False,,,,,,3.1,89.1,False,True,False
APT-005250,REQ-005636,EMP-00027,LOC-06,SVC-02,2026-05-23,Completed,30,False,,,,,,3.8,81.8,False,False,False
APT-005251,REQ-005637,EMP-00015,LOC-05,SVC-01,2026-05-22,Completed,29,False,,,,,,3.7,71.1,False,False,False
APT-005253,REQ-005639,EMP-00148,LOC-05,SVC-03,2026-05-21,Completed,28,False,,,,,,5.0,83.5,False,True,False
APT-005255,REQ-005641,EMP-00085,LOC-09,SVC-02,2026-05-24,Completed,23,False,,,,,,4.0,66.1,False,True,False
APT-005257,REQ-005643,EMP-00124,LOC-03,SVC-01,2026-05-21,Completed,30,False,,,,,,2.9,79.5,False,True,False
APT-005260,REQ-005646,EMP-00033,LOC-08,SVC-01,2026-05-23,Completed,26,False,,,,,,4.0,91.1,False,True,False
APT-005262,REQ-005648,EMP-00002,LOC-09,SVC-07,2026-05-21,Completed,28,False,,,,,,5.0,74.6,False,True,False
APT-005265,REQ-005651,EMP-00115,LOC-05,SVC-05,2026-05-23,Completed,11,False,,,,,,5.0,83.6,False,True,False
APT-005266,REQ-005652,EMP-00002,LOC-03,SVC-09,2026-05-21,Completed,19,False,,,,,,,78.6,False,True,False
APT-005268,REQ-005654,EMP-00013,LOC-08,SVC-05,2026-05-23,Completed,5,False,,,,,,,81.3,False,True,False
APT-005270,REQ-005656,EMP-00106,LOC-09,SVC-06,2026-05-22,Completed,61,False,,,,,,3.1,89.2,False,False,False
APT-005271,REQ-005657,EMP-00124,LOC-06,SVC-02,2026-05-21,Completed,26,False,,,,,,4.4,92.6,False,True,False
APT-005272,REQ-005658,EMP-00010,LOC-08,SVC-05,2026-05-24,Completed,20,False,,,,,,4.9,84.7,False,True,False
APT-005274,REQ-005660,EMP-00058,LOC-05,SVC-04,2026-05-22,Completed,34,False,,,,,,4.4,74.6,False,True,False
APT-005275,REQ-005661,EMP-00102,LOC-06,SVC-01,2026-05-24,Completed,45,False,,,,,,3.5,97.2,False,True,True
APT-005277,REQ-005663,EMP-00063,LOC-05,SVC-04,2026-05-21,Completed,19,False,,,,,,4.8,79.4,False,False,False
APT-005278,REQ-005664,EMP-00137,LOC-09,SVC-03,2026-05-23,Completed,3,False,,,,,,5.0,86.8,False,True,False
APT-005280,REQ-005667,EMP-00122,LOC-03,SVC-03,2026-05-24,Completed,14,False,,,,,,4.2,84.0,False,True,False
APT-005281,REQ-005668,EMP-00028,LOC-06,SVC-05,2026-05-23,Completed,21,False,,,,,,3.9,75.3,False,True,False
APT-005284,REQ-005671,EMP-00100,LOC-03,SVC-01,2026-05-21,Completed,32,False,,,,,,4.0,67.7,False,False,False
APT-005286,REQ-005673,EMP-00121,LOC-02,SVC-01,2026-05-23,Completed,24,False,,,,,,,58.7,False,True,False
APT-005289,REQ-005676,EMP-00013,LOC-04,SVC-02,2026-05-25,Completed,33,False,,,,,,4.2,86.3,False,True,False
APT-005291,REQ-005678,EMP-00067,LOC-01,SVC-07,2026-05-23,Completed,30,False,,,,,,5.0,85.0,False,False,False
APT-005292,REQ-005679,EMP-00098,LOC-01,SVC-07,2026-05-23,Completed,35,False,,,,,,4.0,78.4,False,True,False
APT-005296,REQ-005683,EMP-00086,LOC-06,SVC-05,2026-05-24,Completed,17,False,,,,,,4.1,81.5,False,True,False
APT-005299,REQ-005686,EMP-00037,LOC-07,SVC-01,2026-05-22,Completed,38,False,,,,,,3.5,79.0,False,True,False
APT-005300,REQ-005687,EMP-00011,LOC-05,SVC-04,2026-05-22,Completed,40,False,,,,,,4.4,75.1,False,True,True
APT-005301,REQ-005688,EMP-00038,LOC-02,SVC-03,2026-05-26,Completed,21,True,Urgent reassignment,,,,,3.7,76.6,False,True,False
APT-005302,REQ-005689,EMP-00115,LOC-10,SVC-05,2026-05-22,Completed,16,False,,,,,,3.9,71.8,False,True,False
APT-005303,REQ-005690,EMP-00115,LOC-09,SVC-05,2026-05-25,Completed,25,False,,,,,,3.4,68.6,False,True,False
APT-005304,REQ-005691,EMP-00018,LOC-05,SVC-05,2026-05-23,Completed,24,False,,,,,,4.7,82.8,False,False,False
APT-005306,REQ-005693,EMP-00032,LOC-03,SVC-07,2026-05-23,Completed,32,False,,,,,,3.4,77.8,False,True,False
APT-005308,REQ-005695,EMP-00055,LOC-08,SVC-02,2026-05-26,Completed,28,False,,,,,,4.5,90.9,False,True,False
APT-005310,REQ-005697,EMP-00037,LOC-05,SVC-07,2026-05-24,Completed,3,False,,,,,,5.0,95.3,False,True,False
APT-005312,REQ-005700,EMP-00043,LOC-07,SVC-09,2026-05-25,Completed,35,False,,,,,,3.1,92.1,False,False,False
APT-005315,REQ-005703,EMP-00002,LOC-06,SVC-06,2026-05-23,Completed,24,False,,,,,,4.9,87.8,False,True,False
APT-005316,REQ-005704,EMP-00075,LOC-03,SVC-02,2026-05-23,Completed,19,False,,,,,,3.4,100.0,False,True,False
APT-005318,REQ-005706,EMP-00069,LOC-06,SVC-03,2026-05-23,Completed,33,True,Continuity of care,,,,,2.1,90.6,False,True,False
APT-005319,REQ-005707,EMP-00027,LOC-06,SVC-01,2026-05-24,Completed,33,False,,,,,,4.6,70.9,False,True,False
APT-005320,REQ-005708,EMP-00098,LOC-08,SVC-05,2026-05-26,Completed,19,False,,,,,,4.2,97.3,False,False,True
APT-005323,REQ-005711,EMP-00037,LOC-01,SVC-07,2026-05-24,Completed,33,False,,,,,,4.7,68.3,False,True,False
APT-005325,REQ-005714,EMP-00002,LOC-04,SVC-09,2026-05-26,Completed,21,False,,,,,,4.2,90.9,False,True,False
APT-005326,REQ-005715,EMP-00054,LOC-10,SVC-05,2026-05-24,Completed,17,False,,,,,,4.2,88.4,False,True,False
APT-005327,REQ-005716,EMP-00094,LOC-06,SVC-01,2026-05-28,Completed,24,False,,,,,,3.7,88.5,False,True,False
APT-005328,REQ-005718,EMP-00075,LOC-10,SVC-03,2026-05-28,Completed,23,False,,,,,,3.9,71.5,False,True,False
APT-005331,REQ-005721,EMP-00142,LOC-03,SVC-07,2026-05-25,Completed,6,False,,,,,,3.8,74.7,False,True,False
APT-005332,REQ-005722,EMP-00065,LOC-08,SVC-05,2026-05-26,Completed,31,False,,,,,,4.5,90.2,False,True,True
APT-005333,REQ-005723,EMP-00070,LOC-10,SVC-05,2026-05-26,Completed,31,False,,,,,,4.6,66.6,False,True,False
APT-005334,REQ-005724,EMP-00105,LOC-10,SVC-01,2026-05-25,Completed,20,False,,,,,,3.9,89.3,False,True,True
APT-005336,REQ-005726,EMP-00038,LOC-03,SVC-02,2026-05-26,Completed,14,False,,,,,,3.0,68.8,False,True,True
APT-005339,REQ-005729,EMP-00010,LOC-01,SVC-01,2026-05-25,Completed,12,False,,,,,,4.6,72.1,False,True,False
APT-005340,REQ-005730,EMP-00138,LOC-10,SVC-01,2026-05-26,Completed,3,False,,,,,,,78.6,False,False,False
APT-005341,REQ-005731,EMP-00013,LOC-07,SVC-07,2026-05-26,Completed,19,False,,,,,,4.3,67.4,False,True,False
APT-005342,REQ-005732,EMP-00123,LOC-02,SVC-04,2026-05-26,Completed,12,False,,,,,,4.8,80.9,False,True,True
APT-005343,REQ-005733,EMP-00112,LOC-07,SVC-03,2026-05-25,Completed,34,False,,,,,,,87.0,False,True,True
APT-005350,REQ-005740,EMP-00057,LOC-09,SVC-05,2026-05-25,Completed,50,False,,,,,,3.5,84.1,False,True,False
APT-005352,REQ-005742,EMP-00138,LOC-02,SVC-04,2026-05-25,Completed,28,False,,,,,,,93.0,False,True,True
APT-005355,REQ-005745,EMP-00094,LOC-01,SVC-03,2026-05-27,Completed,3,False,,,,,,5.0,84.2,False,True,False
APT-005356,REQ-005746,EMP-00042,LOC-10,SVC-03,2026-05-26,Completed,34,False,,,,,,5.0,70.8,False,True,False
APT-005358,REQ-005748,EMP-00064,LOC-06,SVC-03,2026-05-26,Completed,12,True,Urgent reassignment,,,,,4.4,76.8,False,False,False
APT-005359,REQ-005749,EMP-00094,LOC-01,SVC-01,2026-05-27,Completed,3,False,,,,,,,96.9,False,True,False
APT-005360,REQ-005750,EMP-00141,LOC-07,SVC-09,2026-05-27,Completed,24,False,,,,,,2.8,73.8,False,True,True
APT-005364,REQ-005754,EMP-00068,LOC-01,SVC-04,2026-05-26,Completed,8,False,,,,,,4.2,100.0,False,True,True
APT-005365,REQ-005755,EMP-00039,LOC-07,SVC-03,2026-05-27,Completed,24,True,Urgent reassignment,,,,,3.8,73.1,False,True,True
APT-005366,REQ-005756,EMP-00090,LOC-03,SVC-01,2026-05-26,Completed,25,False,,,,,,3.6,69.4,False,True,False
APT-005368,REQ-005758,EMP-00121,LOC-04,SVC-09,2026-05-28,Completed,17,False,,,,,,5.0,78.5,False,True,True
APT-005369,REQ-005759,EMP-00011,LOC-02,SVC-07,2026-05-27,Completed,29,False,,,,,,4.5,85.6,False,True,False
APT-005372,REQ-005762,EMP-00128,LOC-09,SVC-06,2026-05-27,Completed,8,False,,,,,,4.3,72.9,False,True,True
APT-005373,REQ-005764,EMP-00148,LOC-10,SVC-01,2026-05-26,Completed,33,False,,,,,,4.5,98.8,False,True,False
APT-005376,REQ-005767,EMP-00061,LOC-06,SVC-03,2026-05-30,Completed,48,False,,,,,,3.9,79.0,False,True,False
APT-005377,REQ-005768,EMP-00099,LOC-08,SVC-03,2026-05-26,Completed,28,False,,,,,,2.6,88.3,False,True,False
APT-005380,REQ-005771,EMP-00066,LOC-01,SVC-08,2026-05-27,Completed,47,False,,,,,,4.6,79.9,False,False,False
APT-005382,REQ-005773,EMP-00058,LOC-03,SVC-01,2026-05-27,Completed,16,False,,,,,,3.8,61.0,False,True,False
APT-005384,REQ-005775,EMP-00027,LOC-01,SVC-07,2026-05-26,Completed,14,False,,,,,,4.3,86.3,False,True,False
APT-005385,REQ-005776,EMP-00025,LOC-05,SVC-02,2026-05-26,Completed,8,False,,,,,,4.4,95.7,False,True,True
APT-005386,REQ-005777,EMP-00143,LOC-03,SVC-01,2026-05-27,Completed,15,False,,,,,,5.0,82.8,False,False,False
APT-005387,REQ-005778,EMP-00098,LOC-02,SVC-02,2026-05-27,Completed,35,False,,,,,,3.5,97.4,False,True,False
APT-005390,REQ-005781,EMP-00124,LOC-04,SVC-01,2026-05-27,Completed,21,False,,,,,,3.4,71.5,False,True,False
APT-005391,REQ-005782,EMP-00060,LOC-06,SVC-01,2026-05-29,Completed,33,False,,,,,,4.0,89.2,False,True,True
APT-005392,REQ-005783,EMP-00136,LOC-06,SVC-01,2026-05-28,Completed,38,False,,,,,,3.6,98.5,False,True,True
APT-005393,REQ-005784,EMP-00032,LOC-01,SVC-07,2026-05-28,Completed,14,False,,,,,,3.8,84.1,False,True,True
APT-005394,REQ-005785,EMP-00004,LOC-06,SVC-09,2026-05-27,Completed,18,True,Urgent reassignment,,,,,2.8,82.9,False,True,False
APT-005395,REQ-005786,EMP-00133,LOC-07,SVC-02,2026-05-29,Completed,32,False,,,,,,5.0,87.7,False,True,False
APT-005396,REQ-005787,EMP-00061,LOC-06,SVC-05,2026-05-28,Completed,39,False,,,,,,4.0,83.0,False,True,False
APT-005397,REQ-005788,EMP-00070,LOC-05,SVC-09,2026-05-27,Completed,8,False,,,,,,4.3,84.9,False,False,False
APT-005398,REQ-005789,EMP-00098,LOC-07,SVC-09,2026-05-27,Completed,4,False,,,,,,3.9,81.0,False,True,False
APT-005399,REQ-005790,EMP-00051,LOC-05,SVC-05,2026-05-27,Completed,3,False,,,,,,3.5,82.5,False,True,False
APT-005400,REQ-005791,EMP-00050,LOC-08,SVC-02,2026-05-27,Completed,25,False,,,,,,3.7,77.2,False,False,False
APT-005401,REQ-005792,EMP-00093,LOC-07,SVC-07,2026-05-27,Completed,30,False,,,,,,2.3,70.8,False,True,False
APT-005402,REQ-005793,EMP-00051,LOC-05,SVC-01,2026-05-27,Completed,28,False,,,,,,4.5,56.3,False,True,False
APT-005404,REQ-005795,EMP-00039,LOC-10,SVC-04,2026-05-27,Completed,28,False,,,,,,3.4,100.0,False,True,False
APT-005406,REQ-005797,EMP-00028,LOC-05,SVC-02,2026-05-28,Completed,20,True,Skill match unavailable,,,,,3.6,89.0,True,True,False
APT-005407,REQ-005798,EMP-00124,LOC-01,SVC-06,2026-05-28,Completed,30,False,,,,,,3.5,93.5,False,True,True
APT-005408,REQ-005799,EMP-00131,LOC-02,SVC-04,2026-05-28,Completed,20,False,,,,,,4.8,92.7,False,True,False
APT-005409,REQ-005800,EMP-00100,LOC-02,SVC-01,2026-05-28,Completed,17,False,,,,,,4.7,90.3,False,True,True
APT-005410,REQ-005801,EMP-00065,LOC-02,SVC-01,2026-05-28,Completed,17,False,,,,,,3.1,92.4,False,True,False
APT-005411,REQ-005802,EMP-00136,LOC-07,SVC-01,2026-05-29,Completed,27,False,,,,,,4.0,80.0,False,True,False
APT-005413,REQ-005804,EMP-00039,LOC-07,SVC-02,2026-05-29,Completed,24,False,,,,,,2.8,75.7,False,True,False
APT-005415,REQ-005806,EMP-00057,LOC-03,SVC-05,2026-05-29,Completed,19,False,,,,,,3.9,89.9,False,True,False
APT-005416,REQ-005807,EMP-00025,LOC-09,SVC-04,2026-05-30,Completed,23,False,,,,,,3.9,82.6,False,True,False
APT-005418,REQ-005809,EMP-00120,LOC-10,SVC-05,2026-05-30,Completed,11,False,,,,,,,73.5,False,True,False
APT-005419,REQ-005810,EMP-00032,LOC-06,SVC-04,2026-05-30,Completed,8,True,Client preference,,,,,5.0,76.7,False,True,False
APT-005421,REQ-005812,EMP-00085,LOC-10,SVC-03,2026-05-28,Completed,6,False,,,,,,3.5,72.4,False,True,True
APT-005422,REQ-005813,EMP-00133,LOC-08,SVC-04,2026-05-28,Completed,25,False,,,,,,2.9,63.6,False,True,False
APT-005423,REQ-005814,EMP-00044,LOC-08,SVC-01,2026-05-28,Completed,39,False,,,,,,5.0,88.1,False,True,False
APT-005424,REQ-005815,EMP-00014,LOC-04,SVC-08,2026-05-28,Completed,25,True,Skill match unavailable,,,,,5.0,87.6,False,True,False
APT-005426,REQ-005817,EMP-00115,LOC-10,SVC-08,2026-05-29,Completed,19,False,,,,,,4.5,71.7,False,True,False
APT-005428,REQ-005819,EMP-00138,LOC-09,SVC-01,2026-05-28,Completed,40,False,,,,,,3.5,98.1,False,True,False
APT-005430,REQ-005822,EMP-00128,LOC-08,SVC-05,2026-05-28,Completed,24,False,,,,,,4.1,92.5,False,True,False
APT-005431,REQ-005823,EMP-00137,LOC-03,SVC-05,2026-05-28,Completed,41,False,,,,,,3.7,92.8,False,True,False
APT-005433,REQ-005825,EMP-00016,LOC-01,SVC-09,2026-05-30,Completed,24,False,,,,,,4.8,92.9,False,False,False
APT-005435,REQ-005827,EMP-00136,LOC-02,SVC-08,2026-05-29,Completed,19,False,,,,,,3.0,63.7,False,True,False
APT-005438,REQ-005830,EMP-00057,LOC-08,SVC-03,2026-05-28,Completed,28,False,,,,,,5.0,85.4,False,True,False
APT-005440,REQ-005832,EMP-00032,LOC-06,SVC-01,2026-06-02,Completed,17,False,,,,,,4.1,68.4,False,True,False
APT-005441,REQ-005833,EMP-00028,LOC-09,SVC-01,2026-05-31,Completed,47,False,,,,,,2.8,57.8,False,True,False
APT-005442,REQ-005834,EMP-00063,LOC-08,SVC-01,2026-05-31,Completed,6,False,,,,,,4.3,87.5,False,True,False
APT-005443,REQ-005835,EMP-00105,LOC-06,SVC-05,2026-05-29,Completed,33,False,,,,,,4.1,81.0,False,True,False
APT-005444,REQ-005836,EMP-00069,LOC-09,SVC-01,2026-05-30,Completed,11,False,,,,,,,70.0,False,True,False
APT-005446,REQ-005838,EMP-00069,LOC-02,SVC-02,2026-05-29,Completed,25,False,,,,,,5.0,64.2,False,True,False
APT-005448,REQ-005840,EMP-00002,LOC-03,SVC-05,2026-06-01,Completed,15,False,,,,,,4.9,69.0,False,True,False
APT-005449,REQ-005841,EMP-00090,LOC-04,SVC-01,2026-05-29,Completed,21,False,,,,,,5.0,83.7,False,False,False
APT-005450,REQ-005842,EMP-00057,LOC-02,SVC-02,2026-05-30,Completed,3,False,,,,,,3.9,86.7,False,True,True
APT-005451,REQ-005843,EMP-00118,LOC-01,SVC-02,2026-05-30,Completed,37,False,,,,,,4.2,74.8,False,True,True
APT-005452,REQ-005844,EMP-00039,LOC-10,SVC-05,2026-05-30,Completed,20,False,,,,,,4.4,76.5,False,False,False
APT-005453,REQ-005845,EMP-00005,LOC-03,SVC-04,2026-05-29,Completed,17,False,,,,,,3.8,68.5,False,True,True
APT-005457,REQ-005849,EMP-00060,LOC-03,SVC-07,2026-05-30,Completed,24,False,,,,,,4.6,97.0,False,True,True
APT-005458,REQ-005850,EMP-00123,LOC-10,SVC-03,2026-05-29,Completed,16,False,,,,,,4.7,90.2,False,True,False
APT-005460,REQ-005852,EMP-00096,LOC-07,SVC-02,2026-05-29,Completed,18,False,,,,,,4.8,85.2,False,True,True
APT-005464,REQ-005856,EMP-00028,LOC-02,SVC-06,2026-05-30,Completed,15,False,,,,,,3.7,87.5,False,True,False
APT-005466,REQ-005858,EMP-00023,LOC-03,SVC-01,2026-05-30,Completed,4,False,,,,,,,91.9,False,True,False
APT-005467,REQ-005860,EMP-00119,LOC-05,SVC-02,2026-05-30,Completed,15,False,,,,,,4.8,93.2,True,True,False
APT-005468,REQ-005861,EMP-00040,LOC-08,SVC-01,2026-05-30,Completed,38,False,,,,,,4.1,82.5,False,True,False
APT-005469,REQ-005862,EMP-00148,LOC-04,SVC-06,2026-05-30,Completed,15,False,,,,,,3.6,97.3,False,True,False
APT-005470,REQ-005863,EMP-00015,LOC-03,SVC-05,2026-05-30,Completed,26,True,Urgent reassignment,,,,,4.1,100.0,False,True,False
APT-005471,REQ-005864,EMP-00093,LOC-06,SVC-02,2026-06-02,Completed,47,False,,,,,,4.6,75.7,False,True,False
APT-005472,REQ-005865,EMP-00008,LOC-05,SVC-05,2026-05-30,Completed,10,False,,,,,,4.5,83.1,False,True,False
APT-005473,REQ-005866,EMP-00025,LOC-01,SVC-09,2026-05-30,Completed,33,False,,,,,,4.3,94.9,False,True,True
APT-005474,REQ-005867,EMP-00050,LOC-02,SVC-05,2026-05-30,Completed,12,False,,,,,,4.8,93.3,False,True,False
APT-005475,REQ-005868,EMP-00037,LOC-04,SVC-01,2026-06-01,Completed,32,False,,,,,,5.0,81.6,False,True,False
APT-005477,REQ-005870,EMP-00047,LOC-06,SVC-01,2026-06-02,Completed,42,False,,,,,,3.3,98.5,False,True,False
APT-005480,REQ-005873,EMP-00021,LOC-07,SVC-06,2026-06-02,Completed,28,False,,,,,,3.2,63.1,False,False,False
APT-005483,REQ-005877,EMP-00038,LOC-05,SVC-02,2026-05-31,Completed,15,False,,,,,,3.3,80.2,False,False,False
APT-005484,REQ-005878,EMP-00051,LOC-03,SVC-01,2026-05-31,Completed,45,False,,,,,,4.1,66.7,False,True,False
APT-005486,REQ-005880,EMP-00101,LOC-08,SVC-01,2026-06-02,Completed,40,False,,,,,,5.0,82.1,False,True,True
APT-005487,REQ-005881,EMP-00022,LOC-04,SVC-04,2026-06-02,Completed,19,False,,,,,,4.6,91.0,False,True,False
APT-005488,REQ-005883,EMP-00128,LOC-06,SVC-02,2026-06-02,Completed,31,False,,,,,,3.3,100.0,False,True,False
APT-005489,REQ-005884,EMP-00094,LOC-02,SVC-05,2026-06-02,Completed,24,False,,,,,,3.0,61.6,False,True,True
APT-005492,REQ-005887,EMP-00032,LOC-01,SVC-06,2026-06-01,Completed,3,False,,,,,,4.1,91.9,False,True,False
APT-005493,REQ-005888,EMP-00014,LOC-08,SVC-06,2026-06-02,Completed,57,False,,,,,,4.3,99.2,False,False,False
APT-005495,REQ-005891,EMP-00109,LOC-01,SVC-03,2026-06-02,Completed,25,False,,,,,,4.6,94.1,False,False,False
APT-005496,REQ-005892,EMP-00050,LOC-05,SVC-09,2026-06-03,Completed,3,False,,,,,,3.4,80.5,False,True,False
APT-005499,REQ-005895,EMP-00120,LOC-08,SVC-01,2026-06-02,Completed,10,False,,,,,,,74.1,False,False,False
APT-005500,REQ-005896,EMP-00024,LOC-09,SVC-02,2026-06-03,Completed,35,False,,,,,,4.0,70.1,False,True,False
APT-005502,REQ-005898,EMP-00025,LOC-05,SVC-01,2026-06-01,Completed,23,False,,,,,,5.0,75.0,False,True,False
APT-005504,REQ-005901,EMP-00075,LOC-07,SVC-08,2026-06-02,Completed,27,False,,,,,,4.0,88.9,False,True,True
APT-005506,REQ-005904,EMP-00146,LOC-04,SVC-02,2026-06-01,Completed,28,False,,,,,,3.8,84.6,False,True,False
APT-005507,REQ-005905,EMP-00084,LOC-02,SVC-09,2026-06-01,Completed,13,False,,,,,,4.0,89.7,False,True,False
APT-005508,REQ-005906,EMP-00067,LOC-02,SVC-06,2026-06-01,Completed,27,False,,,,,,4.2,97.5,False,True,True
APT-005510,REQ-005908,EMP-00086,LOC-02,SVC-04,2026-06-03,Completed,13,False,,,,,,3.9,64.7,False,True,True
APT-005512,REQ-005910,EMP-00050,LOC-04,SVC-01,2026-06-04,Completed,4,False,,,,,,5.0,80.4,False,True,False
APT-005513,REQ-005911,EMP-00079,LOC-08,SVC-06,2026-06-02,Completed,21,False,,,,,,4.1,87.9,False,True,False
APT-005514,REQ-005912,EMP-00008,LOC-07,SVC-05,2026-06-03,Completed,29,False,,,,,,3.9,73.9,False,True,False
APT-005515,REQ-005913,EMP-00044,LOC-10,SVC-04,2026-06-02,Completed,44,False,,,,,,3.7,93.0,False,True,True
APT-005517,REQ-005915,EMP-00129,LOC-02,SVC-05,2026-06-03,Completed,22,False,,,,,,4.1,81.3,False,True,True
APT-005519,REQ-005917,EMP-00112,LOC-06,SVC-03,2026-06-07,Completed,26,False,,,,,,3.8,94.6,False,True,True
APT-005521,REQ-005919,EMP-00069,LOC-10,SVC-01,2026-06-03,Completed,47,False,,,,,,,87.7,False,True,False
APT-005524,REQ-005922,EMP-00128,LOC-10,SVC-08,2026-06-02,Completed,33,True,Continuity of care,,,,,,83.0,False,True,False
APT-005525,REQ-005923,EMP-00050,LOC-10,SVC-04,2026-06-02,Completed,13,True,Urgent reassignment,,,,,5.0,90.9,False,True,True
APT-005527,REQ-005925,EMP-00093,LOC-02,SVC-08,2026-06-04,Completed,20,False,,,,,,2.8,74.1,False,True,False
APT-005530,REQ-005928,EMP-00128,LOC-08,SVC-01,2026-06-02,Completed,30,False,,,,,,4.0,83.9,False,False,False
APT-005532,REQ-005930,EMP-00138,LOC-05,SVC-03,2026-06-02,Completed,16,False,,,,,,4.3,88.4,False,True,False
APT-005534,REQ-005932,EMP-00070,LOC-08,SVC-06,2026-06-03,Completed,21,False,,,,,,4.5,87.6,False,True,False
APT-005535,REQ-005933,EMP-00023,LOC-10,SVC-09,2026-06-03,Completed,21,False,,,,,,5.0,94.0,False,True,True
APT-005539,REQ-005937,EMP-00010,LOC-05,SVC-04,2026-06-03,Completed,29,False,,,,,,3.2,100.0,False,True,False
APT-005540,REQ-005938,EMP-00015,LOC-06,SVC-01,2026-06-02,Completed,25,False,,,,,,,100.0,False,True,False
APT-005541,REQ-005939,EMP-00137,LOC-09,SVC-06,2026-06-05,Completed,26,False,,,,,,4.7,78.4,False,True,False
APT-005543,REQ-005942,EMP-00148,LOC-01,SVC-07,2026-06-06,Completed,45,False,,,,,,,74.5,False,True,True
APT-005544,REQ-005943,EMP-00084,LOC-09,SVC-05,2026-06-03,Completed,24,True,Continuity of care,,,,,5.0,66.2,False,True,False
APT-005546,REQ-005945,EMP-00042,LOC-05,SVC-05,2026-06-03,Completed,34,False,,,,,,3.0,89.9,False,False,False
APT-005548,REQ-005947,EMP-00014,LOC-02,SVC-01,2026-06-04,Completed,33,True,Client preference,,,,,4.0,78.5,False,True,False
APT-005549,REQ-005948,EMP-00134,LOC-09,SVC-03,2026-06-03,Completed,38,False,,,,,,,89.1,False,True,False
APT-005551,REQ-005950,EMP-00080,LOC-01,SVC-01,2026-06-05,Completed,28,False,,,,,,3.9,74.0,False,True,False
APT-005553,REQ-005952,EMP-00021,LOC-08,SVC-01,2026-06-04,Completed,14,False,,,,,,,69.2,False,True,False
APT-005554,REQ-005953,EMP-00032,LOC-05,SVC-05,2026-06-03,Completed,12,False,,,,,,4.8,84.3,False,True,False
APT-005555,REQ-005955,EMP-00094,LOC-01,SVC-08,2026-06-03,Completed,10,False,,,,,,4.2,65.4,False,True,False
APT-005557,REQ-005957,EMP-00057,LOC-07,SVC-02,2026-06-04,Completed,42,False,,,,,,4.7,63.6,False,True,False
APT-005559,REQ-005959,EMP-00032,LOC-10,SVC-07,2026-06-06,Completed,18,False,,,,,,5.0,89.3,False,False,False
APT-005560,REQ-005960,EMP-00124,LOC-03,SVC-09,2026-06-03,Completed,27,False,,,,,,4.0,73.6,False,False,False
APT-005562,REQ-005962,EMP-00043,LOC-03,SVC-04,2026-06-03,Completed,16,True,Continuity of care,,,,,4.9,75.5,False,True,False
APT-005563,REQ-005963,EMP-00131,LOC-02,SVC-01,2026-06-03,Completed,17,False,,,,,,5.0,90.9,False,True,True
APT-005564,REQ-005964,EMP-00080,LOC-01,SVC-03,2026-06-05,Completed,22,False,,,,,,4.5,83.6,False,True,False
APT-005567,REQ-005967,EMP-00057,LOC-05,SVC-06,2026-06-04,Completed,8,False,,,,,,,96.2,False,True,False
APT-005568,REQ-005969,EMP-00018,LOC-02,SVC-02,2026-06-03,Completed,36,False,,,,,,4.9,67.1,False,True,False
APT-005571,REQ-005972,EMP-00096,LOC-09,SVC-09,2026-06-05,Completed,14,False,,,,,,4.3,84.9,False,True,False
APT-005572,REQ-005973,EMP-00128,LOC-04,SVC-03,2026-06-04,Completed,29,False,,,,,,4.4,73.1,False,True,False
APT-005574,REQ-005975,EMP-00004,LOC-04,SVC-01,2026-06-04,Completed,26,False,,,,,,4.8,76.0,False,True,False
APT-005575,REQ-005976,EMP-00051,LOC-05,SVC-03,2026-06-05,Completed,11,False,,,,,,4.6,85.9,False,True,False
APT-005577,REQ-005978,EMP-00008,LOC-04,SVC-01,2026-06-06,Completed,3,False,,,,,,4.3,100.0,False,True,False
APT-005578,REQ-005979,EMP-00016,LOC-07,SVC-09,2026-06-04,Completed,24,False,,,,,,4.5,100.0,False,True,False
APT-005579,REQ-005980,EMP-00061,LOC-07,SVC-04,2026-06-04,Completed,52,False,,,,,,4.6,84.0,False,True,False
APT-005581,REQ-005982,EMP-00055,LOC-03,SVC-01,2026-06-05,Completed,15,True,Urgent reassignment,,,,,,75.8,False,True,False
APT-005583,REQ-005984,EMP-00051,LOC-01,SVC-03,2026-06-04,Completed,16,False,,,,,,4.0,69.5,False,True,False
APT-005585,REQ-005986,EMP-00069,LOC-01,SVC-01,2026-06-04,Completed,20,False,,,,,,4.2,68.1,False,True,True
APT-005587,REQ-005989,EMP-00055,LOC-03,SVC-01,2026-06-04,Completed,28,False,,,,,,4.8,82.1,False,True,False
APT-005589,REQ-005991,EMP-00139,LOC-06,SVC-03,2026-06-07,Completed,3,False,,,,,,,74.9,False,False,False
APT-005591,REQ-005993,EMP-00100,LOC-05,SVC-02,2026-06-04,Completed,7,False,,,,,,4.3,86.3,False,True,False
APT-005593,REQ-005995,EMP-00090,LOC-02,SVC-05,2026-06-04,Completed,42,False,,,,,,3.4,69.2,False,True,False
APT-005595,REQ-005997,EMP-00141,LOC-10,SVC-08,2026-06-07,Completed,44,False,,,,,,4.3,72.4,False,True,False
APT-005596,REQ-005998,EMP-00106,LOC-09,SVC-07,2026-06-04,Completed,23,False,,,,,,3.4,82.4,False,True,False
APT-005597,REQ-005999,EMP-00040,LOC-01,SVC-01,2026-06-05,Completed,6,False,,,,,,3.8,73.6,False,True,False
APT-005600,REQ-006002,EMP-00068,LOC-01,SVC-06,2026-06-06,Completed,17,False,,,,,,,79.3,False,True,False
APT-005604,REQ-006006,EMP-00136,LOC-10,SVC-01,2026-06-05,Completed,23,False,,,,,,,90.0,False,True,False
APT-005607,REQ-006009,EMP-00089,LOC-07,SVC-01,2026-06-05,Completed,56,False,,,,,,4.0,74.6,False,False,False
APT-005609,REQ-006011,EMP-00011,LOC-03,SVC-04,2026-06-06,Completed,22,False,,,,,,4.6,78.1,False,True,False
APT-005612,REQ-006014,EMP-00113,LOC-09,SVC-04,2026-06-05,Completed,15,False,,,,,,2.6,93.0,False,True,False
APT-005613,REQ-006015,EMP-00085,LOC-07,SVC-02,2026-06-07,Completed,3,False,,,,,,5.0,81.1,False,True,False
APT-005619,REQ-006021,EMP-00142,LOC-08,SVC-09,2026-06-06,Completed,10,False,,,,,,4.1,86.6,False,True,False
APT-005620,REQ-006022,EMP-00035,LOC-03,SVC-01,2026-06-06,Completed,11,False,,,,,,4.6,75.5,False,True,False
APT-005621,REQ-006023,EMP-00010,LOC-08,SVC-04,2026-06-06,Completed,13,False,,,,,,3.9,71.2,False,True,True
APT-005623,REQ-006026,EMP-00067,LOC-05,SVC-06,2026-06-06,Completed,3,False,,,,,,4.7,97.9,False,True,False
APT-005625,REQ-006028,EMP-00083,LOC-04,SVC-08,2026-06-06,Completed,9,False,,,,,,3.9,80.7,False,True,False
APT-005626,REQ-006029,EMP-00022,LOC-07,SVC-01,2026-06-06,Completed,29,False,,,,,,4.0,91.3,False,True,False
APT-005627,REQ-006030,EMP-00002,LOC-10,SVC-05,2026-06-06,Completed,43,False,,,,,,5.0,82.8,False,True,True
APT-005628,REQ-006031,EMP-00080,LOC-01,SVC-01,2026-06-06,Completed,24,False,,,,,,3.5,81.3,False,True,False
APT-005629,REQ-006032,EMP-00008,LOC-08,SVC-05,2026-06-08,Completed,24,False,,,,,,5.0,79.6,False,True,False
APT-005631,REQ-006035,EMP-00022,LOC-04,SVC-01,2026-06-08,Completed,8,False,,,,,,,77.8,False,True,False
APT-005632,REQ-006036,EMP-00025,LOC-02,SVC-09,2026-06-08,Completed,29,False,,,,,,3.3,71.0,False,True,False
APT-005633,REQ-006037,EMP-00037,LOC-03,SVC-05,2026-06-07,Completed,23,False,,,,,,,97.6,False,True,False
APT-005634,REQ-006038,EMP-00115,LOC-02,SVC-05,2026-06-07,Completed,20,False,,,,,,3.7,74.3,True,True,False
APT-005635,REQ-006039,EMP-00100,LOC-08,SVC-02,2026-06-07,Completed,22,False,,,,,,2.8,79.7,False,True,False
APT-005638,REQ-006042,EMP-00075,LOC-05,SVC-03,2026-06-11,Completed,39,False,,,,,,3.5,81.4,False,True,True
APT-005640,REQ-006044,EMP-00041,LOC-07,SVC-03,2026-06-08,Completed,55,False,,,,,,4.9,68.3,False,True,False
APT-005641,REQ-006046,EMP-00095,LOC-08,SVC-03,2026-06-09,Completed,37,False,,,,,,4.7,86.5,False,True,False
APT-005643,REQ-006048,EMP-00101,LOC-10,SVC-01,2026-06-08,Completed,42,False,,,,,,4.9,84.9,False,True,False
APT-005647,REQ-006052,EMP-00042,LOC-07,SVC-05,2026-06-10,Completed,18,False,,,,,,4.9,87.0,False,True,True
APT-005652,REQ-006057,EMP-00004,LOC-04,SVC-07,2026-06-08,Completed,15,False,,,,,,4.8,73.4,False,True,False
APT-005653,REQ-006058,EMP-00083,LOC-03,SVC-06,2026-06-09,Completed,7,False,,,,,,5.0,84.0,False,True,False
APT-005654,REQ-006059,EMP-00069,LOC-10,SVC-03,2026-06-09,Completed,31,False,,,,,,4.7,82.3,False,True,False
APT-005659,REQ-006064,EMP-00032,LOC-08,SVC-06,2026-06-10,Completed,13,False,,,,,,4.5,84.6,False,False,False
APT-005661,REQ-006066,EMP-00079,LOC-03,SVC-06,2026-06-08,Completed,12,False,,,,,,4.0,84.3,False,True,False
APT-005663,REQ-006068,EMP-00094,LOC-04,SVC-03,2026-06-11,Completed,10,False,,,,,,4.1,81.4,False,True,False
APT-005664,REQ-006069,EMP-00142,LOC-07,SVC-01,2026-06-09,Completed,25,False,,,,,,4.7,82.6,False,True,True
APT-005666,REQ-006071,EMP-00105,LOC-02,SVC-05,2026-06-10,Completed,12,True,Client preference,,,,,3.9,76.7,False,True,False
APT-005667,REQ-006072,EMP-00057,LOC-10,SVC-01,2026-06-11,Completed,15,False,,,,,,4.1,85.5,False,True,True
APT-005670,REQ-006075,EMP-00090,LOC-10,SVC-02,2026-06-12,Completed,7,False,,,,,,4.6,69.2,False,True,False
APT-005671,REQ-006076,EMP-00136,LOC-04,SVC-01,2026-06-09,Completed,3,False,,,,,,4.4,68.1,False,True,False
APT-005674,REQ-006079,EMP-00079,LOC-07,SVC-04,2026-06-10,Completed,40,False,,,,,,,76.2,False,True,False
APT-005675,REQ-006080,EMP-00106,LOC-05,SVC-07,2026-06-09,Completed,12,False,,,,,,4.1,89.4,False,True,False
APT-005676,REQ-006081,EMP-00104,LOC-02,SVC-04,2026-06-10,Completed,14,False,,,,,,4.8,92.1,False,True,True
APT-005678,REQ-006083,EMP-00090,LOC-04,SVC-04,2026-06-12,Completed,33,False,,,,,,4.4,74.5,False,True,False
APT-005679,REQ-006084,EMP-00068,LOC-07,SVC-03,2026-06-09,Completed,3,False,,,,,,4.7,86.1,False,True,False
APT-005680,REQ-006085,EMP-00085,LOC-10,SVC-09,2026-06-13,Completed,19,False,,,,,,4.6,96.7,False,True,True
APT-005681,REQ-006086,EMP-00062,LOC-06,SVC-08,2026-06-09,Completed,29,False,,,,,,4.8,83.0,False,True,True
APT-005682,REQ-006087,EMP-00064,LOC-05,SVC-01,2026-06-09,Completed,4,False,,,,,,3.7,81.5,False,True,False
APT-005684,REQ-006089,EMP-00042,LOC-05,SVC-06,2026-06-10,Completed,15,False,,,,,,5.0,84.4,False,True,False
APT-005685,REQ-006092,EMP-00131,LOC-08,SVC-05,2026-06-10,Completed,14,False,,,,,,4.9,83.6,True,False,False
APT-005687,REQ-006094,EMP-00014,LOC-02,SVC-02,2026-06-10,Completed,19,False,,,,,,3.5,97.2,False,True,False
APT-005688,REQ-006095,EMP-00054,LOC-06,SVC-04,2026-06-11,Completed,33,False,,,,,,,89.7,False,True,False
APT-005690,REQ-006097,EMP-00015,LOC-07,SVC-01,2026-06-12,Completed,49,False,,,,,,4.0,85.9,False,True,True
APT-005691,REQ-006098,EMP-00136,LOC-10,SVC-09,2026-06-10,Completed,3,False,,,,,,5.0,97.5,False,True,False
APT-005692,REQ-006099,EMP-00002,LOC-03,SVC-02,2026-06-10,Completed,19,False,,,,,,4.6,96.1,False,True,True
APT-005693,REQ-006101,EMP-00028,LOC-07,SVC-07,2026-06-10,Completed,44,False,,,,,,3.6,85.8,False,False,False
APT-005694,REQ-006102,EMP-00062,LOC-07,SVC-04,2026-06-12,Completed,24,False,,,,,,4.1,82.9,False,True,False
APT-005695,REQ-006104,EMP-00023,LOC-02,SVC-06,2026-06-11,Completed,18,False,,,,,,5.0,71.5,False,True,True
APT-005696,REQ-006105,EMP-00098,LOC-01,SVC-07,2026-06-11,Completed,33,False,,,,,,3.4,80.9,False,True,False
APT-005697,REQ-006106,EMP-00124,LOC-07,SVC-02,2026-06-11,Completed,3,True,Urgent reassignment,,,,,3.1,78.0,False,True,False
APT-005698,REQ-006107,EMP-00032,LOC-05,SVC-01,2026-06-11,Completed,14,False,,,,,,4.6,72.4,False,False,False
APT-005699,REQ-006108,EMP-00011,LOC-08,SVC-01,2026-06-13,Completed,29,False,,,,,,4.7,78.6,False,True,False
APT-005700,REQ-006109,EMP-00113,LOC-10,SVC-02,2026-06-10,Completed,28,False,,,,,,,78.2,False,True,False
APT-005701,REQ-006110,EMP-00061,LOC-02,SVC-06,2026-06-11,Completed,10,False,,,,,,,79.9,False,True,True
APT-005702,REQ-006111,EMP-00137,LOC-06,SVC-05,2026-06-12,Completed,32,False,,,,,,4.7,56.3,False,True,False
APT-005703,REQ-006112,EMP-00027,LOC-05,SVC-06,2026-06-10,Completed,17,True,Urgent reassignment,,,,,3.3,73.3,False,False,False
APT-005705,REQ-006115,EMP-00117,LOC-10,SVC-03,2026-06-11,Completed,25,False,,,,,,3.6,74.4,False,False,True
APT-005706,REQ-006116,EMP-00016,LOC-07,SVC-01,2026-06-12,Completed,50,True,Skill match unavailable,,,,,4.0,70.8,False,True,False
APT-005708,REQ-006118,EMP-00120,LOC-10,SVC-01,2026-06-13,Completed,19,False,,,,,,3.4,84.2,False,True,False
APT-005710,REQ-006120,EMP-00051,LOC-07,SVC-07,2026-06-18,Completed,37,False,,,,,,3.9,71.4,False,True,False
APT-005711,REQ-006121,EMP-00099,LOC-02,SVC-02,2026-06-11,Completed,21,False,,,,,,4.2,81.2,True,False,True
APT-005713,REQ-006123,EMP-00015,LOC-01,SVC-07,2026-06-12,Completed,22,False,,,,,,4.8,94.0,False,True,False
APT-005715,REQ-006125,EMP-00005,LOC-10,SVC-01,2026-06-12,Completed,37,False,,,,,,5.0,77.5,False,True,False
APT-005716,REQ-006126,EMP-00033,LOC-03,SVC-05,2026-06-11,Completed,14,False,,,,,,3.5,72.5,False,True,True
APT-005717,REQ-006127,EMP-00056,LOC-04,SVC-05,2026-06-11,Completed,33,False,,,,,,4.0,85.4,False,True,False
APT-005718,REQ-006128,EMP-00050,LOC-02,SVC-06,2026-06-13,Completed,17,False,,,,,,4.3,93.9,False,True,False
APT-005719,REQ-006129,EMP-00143,LOC-05,SVC-01,2026-06-11,Completed,12,False,,,,,,4.9,70.5,False,True,False
APT-005720,REQ-006130,EMP-00128,LOC-08,SVC-03,2026-06-13,Completed,34,False,,,,,,3.0,89.5,False,True,False
APT-005723,REQ-006133,EMP-00018,LOC-03,SVC-01,2026-06-11,Completed,22,False,,,,,,3.4,87.2,False,True,False
APT-005724,REQ-006134,EMP-00035,LOC-08,SVC-01,2026-06-11,Completed,16,True,Urgent reassignment,,,,,5.0,77.0,False,True,False
APT-005729,REQ-006139,EMP-00138,LOC-06,SVC-09,2026-06-13,Completed,14,False,,,,,,4.6,91.4,False,True,False
APT-005732,REQ-006143,EMP-00047,LOC-08,SVC-08,2026-06-13,Completed,13,False,,,,,,3.5,76.9,False,True,False
APT-005733,REQ-006144,EMP-00006,LOC-06,SVC-09,2026-06-11,Completed,44,False,,,,,,,82.8,False,True,False
APT-005735,REQ-006146,EMP-00068,LOC-03,SVC-04,2026-06-11,Completed,19,False,,,,,,5.0,95.3,False,False,False
APT-005741,REQ-006152,EMP-00005,LOC-07,SVC-05,2026-06-13,Completed,24,False,,,,,,2.5,83.4,False,True,True
APT-005742,REQ-006153,EMP-00121,LOC-05,SVC-05,2026-06-13,Completed,14,False,,,,,,4.0,86.3,False,True,True
APT-005743,REQ-006154,EMP-00055,LOC-06,SVC-04,2026-06-12,Completed,46,False,,,,,,3.6,84.6,False,True,False
APT-005756,REQ-006169,EMP-00025,LOC-02,SVC-06,2026-06-13,Completed,14,False,,,,,,4.4,100.0,False,True,True
APT-005759,REQ-006172,EMP-00139,LOC-08,SVC-08,2026-06-13,Completed,30,False,,,,,,3.7,78.4,False,True,False
APT-005761,REQ-006174,EMP-00126,LOC-05,SVC-04,2026-06-12,Completed,8,False,,,,,,4.9,60.3,False,True,False
APT-005763,REQ-006176,EMP-00113,LOC-10,SVC-07,2026-06-12,Completed,25,False,,,,,,4.3,97.5,False,True,False
APT-005764,REQ-006178,EMP-00139,LOC-10,SVC-01,2026-06-13,Completed,21,False,,,,,,4.7,87.2,False,True,False
APT-005767,REQ-006181,EMP-00095,LOC-06,SVC-04,2026-06-14,Completed,28,False,,,,,,4.6,85.1,False,True,False
APT-005769,REQ-006183,EMP-00037,LOC-10,SVC-02,2026-06-14,Completed,28,False,,,,,,4.1,66.7,False,True,False
APT-005775,REQ-006189,EMP-00065,LOC-08,SVC-01,2026-06-14,Completed,25,False,,,,,,4.6,62.5,False,True,False
APT-005777,REQ-006191,EMP-00101,LOC-09,SVC-05,2026-06-13,Completed,4,False,,,,,,4.7,84.1,False,False,False
APT-005780,REQ-006194,EMP-00141,LOC-01,SVC-05,2026-06-17,Completed,14,False,,,,,,5.0,95.4,False,True,False
APT-005781,REQ-006195,EMP-00122,LOC-06,SVC-04,2026-06-16,Completed,34,False,,,,,,4.3,73.1,False,False,False
APT-005782,REQ-006196,EMP-00129,LOC-04,SVC-07,2026-06-14,Completed,10,False,,,,,,3.7,84.1,False,False,True
APT-005783,REQ-006197,EMP-00096,LOC-06,SVC-06,2026-06-16,Completed,13,False,,,,,,4.6,78.2,False,True,True
APT-005785,REQ-006199,EMP-00139,LOC-02,SVC-01,2026-06-14,Completed,26,False,,,,,,5.0,72.8,False,True,True
APT-005786,REQ-006200,EMP-00123,LOC-04,SVC-06,2026-06-14,Completed,15,False,,,,,,4.5,75.2,False,True,False
APT-005787,REQ-006201,EMP-00006,LOC-08,SVC-05,2026-06-16,Completed,53,False,,,,,,4.5,57.3,False,True,False
APT-005788,REQ-006202,EMP-00142,LOC-01,SVC-02,2026-06-14,Completed,8,False,,,,,,4.9,79.6,False,True,False
APT-005789,REQ-006203,EMP-00093,LOC-08,SVC-03,2026-06-14,Completed,30,False,,,,,,5.0,68.0,False,True,False
APT-005791,REQ-006205,EMP-00068,LOC-10,SVC-04,2026-06-17,Completed,10,False,,,,,,4.9,79.4,False,False,True
APT-005792,REQ-006206,EMP-00106,LOC-06,SVC-01,2026-06-16,Completed,19,False,,,,,,4.1,96.3,False,True,True
APT-005794,REQ-006208,EMP-00040,LOC-06,SVC-04,2026-06-15,Completed,42,False,,,,,,4.0,85.8,False,False,False
APT-005795,REQ-006209,EMP-00032,LOC-07,SVC-06,2026-06-18,Completed,35,False,,,,,,5.0,75.9,False,True,True
APT-005796,REQ-006210,EMP-00148,LOC-10,SVC-01,2026-06-18,Completed,18,False,,,,,,3.5,81.6,False,True,False
APT-005798,REQ-006212,EMP-00080,LOC-02,SVC-03,2026-06-17,Completed,19,False,,,,,,5.0,92.5,False,True,False
APT-005801,REQ-006216,EMP-00010,LOC-03,SVC-01,2026-06-17,Completed,15,False,,,,,,4.4,88.6,False,True,False
APT-005805,REQ-006220,EMP-00092,LOC-07,SVC-01,2026-06-15,Completed,23,False,,,,,,4.6,86.8,False,True,False
APT-005808,REQ-006223,EMP-00138,LOC-07,SVC-03,2026-06-16,Completed,3,False,,,,,,4.3,70.2,False,False,False
APT-005809,REQ-006224,EMP-00115,LOC-02,SVC-08,2026-06-17,Completed,17,False,,,,,,4.2,94.6,False,True,False
APT-005810,REQ-006225,EMP-00013,LOC-10,SVC-06,2026-06-15,Completed,9,False,,,,,,3.3,95.2,False,False,False
APT-005811,REQ-006226,EMP-00133,LOC-05,SVC-05,2026-06-16,Completed,5,False,,,,,,5.0,86.4,True,False,False
APT-005812,REQ-006227,EMP-00122,LOC-06,SVC-03,2026-06-16,Completed,3,False,,,,,,4.8,92.8,False,True,False
APT-005813,REQ-006228,EMP-00134,LOC-07,SVC-07,2026-06-17,Completed,21,False,,,,,,4.1,91.6,False,True,False
APT-005814,REQ-006229,EMP-00110,LOC-07,SVC-07,2026-06-16,Completed,31,False,,,,,,5.0,86.7,False,True,False
APT-005815,REQ-006230,EMP-00113,LOC-09,SVC-01,2026-06-16,Completed,38,False,,,,,,4.4,100.0,False,True,False
APT-005817,REQ-006232,EMP-00142,LOC-01,SVC-01,2026-06-16,Completed,44,False,,,,,,3.5,91.4,False,True,False
APT-005819,REQ-006235,EMP-00043,LOC-06,SVC-01,2026-06-16,Completed,45,False,,,,,,3.9,84.9,False,True,True
APT-005821,REQ-006237,EMP-00094,LOC-06,SVC-06,2026-06-17,Completed,62,False,,,,,,4.5,86.4,False,True,False
APT-005822,REQ-006238,EMP-00039,LOC-02,SVC-04,2026-06-18,Completed,26,False,,,,,,4.6,50.5,False,True,False
APT-005824,REQ-006240,EMP-00075,LOC-01,SVC-06,2026-06-16,Completed,12,False,,,,,,3.2,71.8,False,False,True
APT-005826,REQ-006243,EMP-00065,LOC-03,SVC-01,2026-06-16,Completed,10,False,,,,,,4.2,89.2,False,True,False
APT-005827,REQ-006244,EMP-00124,LOC-10,SVC-07,2026-06-16,Completed,43,False,,,,,,4.1,80.0,False,True,True
APT-005829,REQ-006246,EMP-00083,LOC-05,SVC-01,2026-06-17,Completed,27,False,,,,,,4.2,94.5,False,False,False
APT-005830,REQ-006247,EMP-00005,LOC-10,SVC-01,2026-06-17,Completed,28,True,Skill match unavailable,,,,,4.8,70.0,False,True,False
APT-005833,REQ-006250,EMP-00060,LOC-01,SVC-01,2026-06-17,Completed,20,False,,,,,,4.9,96.1,False,True,False
APT-005837,REQ-006255,EMP-00094,LOC-09,SVC-04,2026-06-16,Completed,18,False,,,,,,4.3,90.1,False,True,False
APT-005840,REQ-006258,EMP-00143,LOC-04,SVC-05,2026-06-16,Completed,20,True,Urgent reassignment,,,,,4.4,75.7,False,True,False
APT-005841,REQ-006259,EMP-00095,LOC-10,SVC-05,2026-06-16,Completed,27,False,,,,,,3.9,62.9,False,True,False
APT-005843,REQ-006261,EMP-00121,LOC-10,SVC-07,2026-06-18,Completed,3,False,,,,,,3.5,80.2,False,True,True
APT-005844,REQ-006262,EMP-00143,LOC-05,SVC-03,2026-06-17,Completed,37,False,,,,,,3.5,61.3,False,False,False
APT-005845,REQ-006263,EMP-00075,LOC-10,SVC-01,2026-06-17,Completed,57,False,,,,,,4.5,84.9,False,True,False
APT-005846,REQ-006264,EMP-00091,LOC-10,SVC-06,2026-06-19,Completed,3,False,,,,,,2.9,86.3,False,False,False
APT-005847,REQ-006265,EMP-00075,LOC-02,SVC-01,2026-06-16,Completed,28,False,,,,,,1.6,66.8,False,True,False
APT-005848,REQ-006266,EMP-00106,LOC-01,SVC-01,2026-06-18,Completed,18,False,,,,,,4.8,81.0,False,True,False
APT-005849,REQ-006267,EMP-00039,LOC-01,SVC-01,2026-06-18,Completed,35,False,,,,,,4.1,68.6,False,False,False
APT-005850,REQ-006268,EMP-00069,LOC-07,SVC-04,2026-06-19,Completed,11,False,,,,,,4.2,78.9,False,True,False
APT-005851,REQ-006269,EMP-00079,LOC-08,SVC-04,2026-06-17,Completed,33,True,Urgent reassignment,,,,,5.0,82.0,False,True,False
APT-005852,REQ-006270,EMP-00106,LOC-01,SVC-01,2026-06-18,Completed,9,False,,,,,,,91.4,False,True,True
APT-005853,REQ-006271,EMP-00057,LOC-05,SVC-08,2026-06-17,Completed,35,False,,,,,,4.0,86.4,False,True,True
APT-005854,REQ-006272,EMP-00061,LOC-08,SVC-06,2026-06-18,Completed,20,False,,,,,,3.6,84.8,False,True,True
APT-005856,REQ-006274,EMP-00075,LOC-09,SVC-03,2026-06-18,Completed,39,False,,,,,,4.1,66.1,False,True,False
APT-005858,REQ-006276,EMP-00095,LOC-10,SVC-07,2026-06-19,Completed,31,False,,,,,,5.0,76.3,False,True,False
APT-005860,REQ-006278,EMP-00006,LOC-03,SVC-07,2026-06-21,Completed,30,False,,,,,,3.9,78.5,False,True,True
APT-005861,REQ-006279,EMP-00035,LOC-05,SVC-05,2026-06-19,Completed,14,False,,,,,,4.3,69.8,False,True,False
APT-005862,REQ-006280,EMP-00027,LOC-03,SVC-08,2026-06-17,Completed,30,False,,,,,,5.0,60.2,False,True,True
APT-005864,REQ-006282,EMP-00141,LOC-10,SVC-02,2026-06-17,Completed,27,False,,,,,,3.5,50.6,False,True,False
APT-005865,REQ-006284,EMP-00105,LOC-06,SVC-08,2026-06-18,Completed,30,False,,,,,,4.3,76.9,False,True,False
APT-005866,REQ-006285,EMP-00056,LOC-08,SVC-02,2026-06-19,Completed,22,False,,,,,,3.4,75.5,False,True,False
APT-005867,REQ-006286,EMP-00036,LOC-07,SVC-03,2026-06-18,Completed,18,True,Urgent reassignment,,,,,4.2,72.4,False,True,True
APT-005868,REQ-006287,EMP-00079,LOC-06,SVC-01,2026-06-18,Completed,36,False,,,,,,4.6,69.7,False,True,False
APT-005869,REQ-006288,EMP-00146,LOC-10,SVC-07,2026-06-18,Completed,38,False,,,,,,3.0,73.7,False,False,True
APT-005875,REQ-006296,EMP-00058,LOC-04,SVC-08,2026-06-19,Completed,21,False,,,,,,4.6,95.2,False,True,False
APT-005876,REQ-006297,EMP-00011,LOC-01,SVC-04,2026-06-18,Completed,33,True,Skill match unavailable,,,,,4.5,90.0,False,False,True
APT-005878,REQ-006299,EMP-00051,LOC-09,SVC-05,2026-06-18,Completed,21,False,,,,,,4.7,84.7,False,True,False
APT-005879,REQ-006300,EMP-00143,LOC-05,SVC-01,2026-06-17,Completed,17,False,,,,,,4.2,79.5,False,True,True
APT-005881,REQ-006302,EMP-00070,LOC-08,SVC-05,2026-06-17,Completed,38,False,,,,,,5.0,82.2,False,True,True
APT-005882,REQ-006303,EMP-00015,LOC-03,SVC-01,2026-06-19,Completed,14,False,,,,,,4.3,79.1,False,True,False
APT-005883,REQ-006304,EMP-00083,LOC-05,SVC-01,2026-06-18,Completed,3,False,,,,,,4.3,87.3,False,True,False
APT-005884,REQ-006305,EMP-00035,LOC-06,SVC-06,2026-06-20,Completed,29,False,,,,,,4.6,81.5,False,False,False
APT-005885,REQ-006306,EMP-00039,LOC-03,SVC-09,2026-06-18,Completed,26,False,,,,,,4.2,89.6,False,True,False
APT-005886,REQ-006307,EMP-00057,LOC-07,SVC-04,2026-06-19,Completed,21,False,,,,,,4.4,78.1,False,False,True
APT-005889,REQ-006311,EMP-00134,LOC-01,SVC-06,2026-06-20,Completed,25,False,,,,,,3.3,91.8,False,False,False
APT-005890,REQ-006312,EMP-00016,LOC-08,SVC-08,2026-06-18,Completed,17,False,,,,,,4.5,81.7,False,True,False
APT-005892,REQ-006314,EMP-00004,LOC-01,SVC-06,2026-06-19,Completed,40,False,,,,,,4.9,96.0,False,True,True
APT-005894,REQ-006316,EMP-00124,LOC-05,SVC-02,2026-06-18,Completed,26,False,,,,,,4.9,72.2,False,True,False
APT-005895,REQ-006317,EMP-00065,LOC-02,SVC-06,2026-06-19,Completed,22,False,,,,,,5.0,80.8,False,True,True
APT-005896,REQ-006318,EMP-00014,LOC-07,SVC-05,2026-06-18,Completed,32,False,,,,,,4.4,73.5,False,False,False
APT-005897,REQ-006319,EMP-00056,LOC-07,SVC-09,2026-06-19,Completed,39,False,,,,,,3.8,70.1,False,True,False
APT-005898,REQ-006320,EMP-00002,LOC-05,SVC-09,2026-06-20,Completed,33,False,,,,,,4.9,88.2,False,True,False
APT-005899,REQ-006321,EMP-00061,LOC-02,SVC-03,2026-06-18,Completed,17,False,,,,,,4.9,84.4,False,True,True
APT-005904,REQ-006326,EMP-00115,LOC-05,SVC-02,2026-06-20,Completed,26,False,,,,,,3.9,76.9,False,True,False
APT-005906,REQ-006328,EMP-00056,LOC-05,SVC-05,2026-06-19,Completed,4,False,,,,,,5.0,75.9,False,False,False
APT-005909,REQ-006331,EMP-00008,LOC-04,SVC-01,2026-06-21,Completed,14,True,Skill match unavailable,,,,,4.0,79.4,False,False,False
APT-005910,REQ-006332,EMP-00033,LOC-04,SVC-02,2026-06-20,Completed,10,False,,,,,,4.4,89.8,False,True,False
APT-005911,REQ-006333,EMP-00142,LOC-10,SVC-02,2026-06-22,Completed,46,False,,,,,,5.0,84.3,False,True,False
APT-005912,REQ-006335,EMP-00017,LOC-05,SVC-03,2026-06-20,Completed,22,False,,,,,,4.4,100.0,False,False,True
APT-005913,REQ-006336,EMP-00105,LOC-08,SVC-01,2026-06-20,Completed,30,False,,,,,,,68.8,False,True,False
APT-005915,REQ-006338,EMP-00124,LOC-09,SVC-01,2026-06-20,Completed,18,False,,,,,,5.0,77.9,False,True,False
APT-005917,REQ-006341,EMP-00042,LOC-03,SVC-01,2026-06-21,Completed,26,False,,,,,,2.6,84.4,False,False,True
APT-005920,REQ-006344,EMP-00017,LOC-09,SVC-01,2026-06-21,Completed,20,False,,,,,,4.3,70.8,False,True,False
APT-005922,REQ-006346,EMP-00134,LOC-08,SVC-03,2026-06-19,Completed,5,False,,,,,,5.0,85.6,False,False,False
APT-005925,REQ-006349,EMP-00004,LOC-01,SVC-06,2026-06-23,Completed,17,False,,,,,,4.6,73.6,False,True,False
APT-005926,REQ-006350,EMP-00075,LOC-04,SVC-06,2026-06-19,Completed,18,False,,,,,,4.7,90.2,False,True,False
APT-005927,REQ-006351,EMP-00090,LOC-01,SVC-02,2026-06-21,Completed,16,False,,,,,,3.8,78.8,False,True,True
APT-005928,REQ-006352,EMP-00014,LOC-09,SVC-04,2026-06-21,Completed,19,True,Skill match unavailable,,,,,4.7,75.7,False,True,True
APT-005929,REQ-006353,EMP-00064,LOC-07,SVC-03,2026-06-19,Completed,13,False,,,,,,3.9,88.1,False,True,False
APT-005930,REQ-006354,EMP-00040,LOC-10,SVC-07,2026-06-19,Completed,28,False,,,,,,3.8,89.5,False,True,False
APT-005933,REQ-006357,EMP-00033,LOC-02,SVC-06,2026-06-19,Completed,22,True,Urgent reassignment,,,,,5.0,78.7,False,True,False
APT-005934,REQ-006358,EMP-00095,LOC-04,SVC-05,2026-06-20,Completed,16,False,,,,,,5.0,87.3,False,True,False
APT-005935,REQ-006359,EMP-00002,LOC-07,SVC-08,2026-06-22,Completed,6,False,,,,,,3.4,76.9,False,True,False
APT-005936,REQ-006360,EMP-00146,LOC-02,SVC-05,2026-06-20,Completed,6,False,,,,,,3.6,81.8,False,True,False
APT-005937,REQ-006361,EMP-00062,LOC-09,SVC-03,2026-06-21,Completed,34,False,,,,,,3.5,81.7,True,True,False
APT-005941,REQ-006366,EMP-00064,LOC-10,SVC-07,2026-06-21,Completed,26,False,,,,,,,74.9,False,False,False
APT-005943,REQ-006368,EMP-00008,LOC-05,SVC-01,2026-06-20,Completed,29,False,,,,,,5.0,84.3,False,True,True
APT-005945,REQ-006370,EMP-00122,LOC-05,SVC-03,2026-06-23,Completed,28,False,,,,,,3.5,100.0,False,True,False
APT-005946,REQ-006371,EMP-00008,LOC-04,SVC-01,2026-06-20,Completed,42,False,,,,,,4.6,98.1,False,True,False
APT-005947,REQ-006372,EMP-00150,LOC-10,SVC-02,2026-06-21,Completed,19,False,,,,,,4.3,67.4,False,False,False
APT-005948,REQ-006373,EMP-00030,LOC-02,SVC-02,2026-06-20,Completed,25,False,,,,,,2.3,76.4,False,True,False
APT-005949,REQ-006375,EMP-00115,LOC-07,SVC-07,2026-06-23,Completed,56,False,,,,,,3.9,87.3,False,True,False
APT-005953,REQ-006379,EMP-00119,LOC-02,SVC-03,2026-06-24,Completed,26,False,,,,,,2.4,81.5,False,True,False
APT-005954,REQ-006381,EMP-00093,LOC-10,SVC-08,2026-06-21,Completed,9,False,,,,,,4.7,73.4,False,True,False
APT-005955,REQ-006382,EMP-00119,LOC-03,SVC-02,2026-06-21,Completed,28,False,,,,,,3.3,89.0,False,True,False
APT-005957,REQ-006384,EMP-00115,LOC-06,SVC-02,2026-06-22,Completed,36,False,,,,,,3.3,69.7,False,True,False
APT-005959,REQ-006386,EMP-00021,LOC-04,SVC-05,2026-06-24,Completed,26,False,,,,,,5.0,94.8,False,False,False
APT-005962,REQ-006390,EMP-00031,LOC-03,SVC-06,2026-06-23,Completed,36,False,,,,,,4.2,75.7,False,True,False
APT-005963,REQ-006391,EMP-00106,LOC-10,SVC-05,2026-06-24,Completed,24,True,Urgent reassignment,,,,,4.2,71.4,False,True,False
APT-005970,REQ-006399,EMP-00065,LOC-03,SVC-01,2026-06-23,Completed,25,False,,,,,,4.0,95.7,False,True,False
APT-005971,REQ-006400,EMP-00011,LOC-03,SVC-08,2026-06-22,Completed,11,False,,,,,,3.8,84.4,False,True,False
APT-005972,REQ-006401,EMP-00136,LOC-01,SVC-08,2026-06-23,Completed,20,False,,,,,,5.0,82.3,False,True,True
APT-005973,REQ-006402,EMP-00138,LOC-04,SVC-05,2026-06-24,Completed,4,False,,,,,,5.0,80.4,False,True,True
APT-005975,REQ-006404,EMP-00134,LOC-03,SVC-01,2026-06-22,Completed,21,False,,,,,,,95.4,False,True,True
APT-005976,REQ-006405,EMP-00070,LOC-08,SVC-05,2026-06-22,Completed,20,False,,,,,,4.6,73.9,False,True,False
APT-005977,REQ-006406,EMP-00006,LOC-08,SVC-03,2026-06-27,Completed,23,False,,,,,,3.8,75.4,False,True,False
APT-005979,REQ-006409,EMP-00040,LOC-07,SVC-01,2026-06-24,Completed,6,True,Skill match unavailable,,,,,3.0,96.1,False,False,True
APT-005980,REQ-006410,EMP-00093,LOC-03,SVC-01,2026-06-23,Completed,13,True,Skill match unavailable,,,,,4.5,74.6,False,True,False
APT-005981,REQ-006411,EMP-00049,LOC-06,SVC-05,2026-06-24,Completed,20,False,,,,,,4.5,77.0,False,True,False
APT-005982,REQ-006412,EMP-00011,LOC-03,SVC-05,2026-06-24,Completed,45,False,,,,,,5.0,100.0,False,True,False
APT-005985,REQ-006415,EMP-00092,LOC-08,SVC-01,2026-06-24,Completed,26,False,,,,,,,94.6,False,True,True
APT-005986,REQ-006416,EMP-00101,LOC-04,SVC-08,2026-06-23,Completed,23,False,,,,,,3.7,68.6,False,True,False
APT-005990,REQ-006420,EMP-00032,LOC-02,SVC-05,2026-06-25,Completed,20,False,,,,,,4.0,92.0,False,True,True
APT-005992,REQ-006423,EMP-00036,LOC-04,SVC-03,2026-06-24,Completed,25,False,,,,,,4.2,90.7,False,True,True
APT-005993,REQ-006424,EMP-00050,LOC-03,SVC-01,2026-06-23,Completed,16,False,,,,,,4.2,76.8,False,True,False
APT-005996,REQ-006427,EMP-00131,LOC-05,SVC-04,2026-06-23,Completed,29,False,,,,,,3.2,97.6,False,True,False
APT-005997,REQ-006428,EMP-00035,LOC-02,SVC-02,2026-06-23,Completed,14,False,,,,,,4.8,74.6,False,False,True
APT-005998,REQ-006429,EMP-00056,LOC-01,SVC-01,2026-06-24,Completed,3,False,,,,,,3.3,81.2,False,True,False
APT-005999,REQ-006430,EMP-00027,LOC-04,SVC-05,2026-06-25,Completed,7,False,,,,,,5.0,79.8,False,True,False
APT-006000,REQ-006431,EMP-00040,LOC-06,SVC-04,2026-06-24,Completed,37,False,,,,,,5.0,82.6,False,False,False
APT-006001,REQ-006432,EMP-00075,LOC-01,SVC-04,2026-06-25,Completed,3,False,,,,,,4.0,93.3,False,False,True
APT-006003,REQ-006434,EMP-00016,LOC-06,SVC-01,2026-06-25,Completed,12,False,,,,,,5.0,85.6,False,True,False
APT-006005,REQ-006436,EMP-00058,LOC-04,SVC-03,2026-06-24,Completed,33,False,,,,,,4.7,100.0,False,False,False
APT-006006,REQ-006437,EMP-00105,LOC-08,SVC-01,2026-06-24,Completed,25,False,,,,,,4.9,62.6,False,True,True
APT-006007,REQ-006438,EMP-00091,LOC-01,SVC-01,2026-06-24,Completed,30,False,,,,,,4.2,74.6,False,True,False
APT-006008,REQ-006439,EMP-00110,LOC-09,SVC-02,2026-06-25,Completed,26,False,,,,,,3.6,76.0,False,True,False
APT-006009,REQ-006440,EMP-00084,LOC-03,SVC-01,2026-06-26,Completed,30,False,,,,,,4.3,72.6,False,True,False
APT-006010,REQ-006441,EMP-00119,LOC-05,SVC-09,2026-06-25,Completed,19,False,,,,,,4.8,57.6,False,False,False
APT-006011,REQ-006442,EMP-00061,LOC-05,SVC-05,2026-06-24,Completed,22,False,,,,,,3.3,62.6,False,True,False
APT-006013,REQ-006444,EMP-00040,LOC-01,SVC-01,2026-06-28,Completed,35,True,Skill match unavailable,,,,,3.7,83.5,False,False,False
APT-006014,REQ-006445,EMP-00100,LOC-10,SVC-05,2026-06-24,Completed,5,False,,,,,,3.7,89.6,False,False,False
APT-006015,REQ-006446,EMP-00098,LOC-09,SVC-05,2026-06-25,Completed,6,False,,,,,,4.7,84.8,False,True,False
APT-006016,REQ-006448,EMP-00139,LOC-08,SVC-02,2026-06-24,Completed,13,False,,,,,,4.6,85.4,False,True,False
APT-006017,REQ-006449,EMP-00039,LOC-06,SVC-05,2026-06-25,Completed,34,False,,,,,,3.9,70.8,False,True,True
APT-006019,REQ-006451,EMP-00136,LOC-01,SVC-01,2026-06-24,Completed,15,False,,,,,,3.7,76.9,False,True,False
APT-006020,REQ-006452,EMP-00113,LOC-07,SVC-01,2026-06-25,Completed,29,False,,,,,,4.9,68.5,False,True,False
APT-006021,REQ-006453,EMP-00095,LOC-09,SVC-01,2026-06-26,Completed,41,False,,,,,,4.7,77.2,False,True,False
APT-006022,REQ-006454,EMP-00054,LOC-10,SVC-05,2026-06-25,Completed,21,False,,,,,,3.9,87.0,False,True,False
APT-006025,REQ-006458,EMP-00008,LOC-01,SVC-07,2026-06-25,Completed,25,False,,,,,,1.7,75.2,False,True,False
APT-006027,REQ-006460,EMP-00061,LOC-05,SVC-05,2026-06-25,Completed,10,False,,,,,,3.2,94.7,False,True,False
APT-006029,REQ-006462,EMP-00131,LOC-02,SVC-04,2026-06-26,Completed,19,False,,,,,,4.0,74.9,False,False,False
APT-006030,REQ-006463,EMP-00090,LOC-03,SVC-03,2026-06-25,Completed,4,False,,,,,,3.9,82.2,False,True,False
APT-006031,REQ-006464,EMP-00142,LOC-04,SVC-06,2026-06-26,Completed,3,True,Client preference,,,,,5.0,83.2,False,True,False
APT-006032,REQ-006465,EMP-00018,LOC-02,SVC-02,2026-06-25,Completed,53,False,,,,,,3.3,92.6,False,True,True
APT-006034,REQ-006467,EMP-00070,LOC-06,SVC-03,2026-06-28,Completed,30,True,Skill match unavailable,,,,,4.3,90.5,False,True,False
APT-006036,REQ-006470,EMP-00050,LOC-03,SVC-05,2026-06-27,Completed,11,False,,,,,,3.6,76.1,False,True,False
APT-006037,REQ-006471,EMP-00091,LOC-02,SVC-06,2026-06-27,Completed,9,False,,,,,,4.4,81.1,False,True,False
APT-006038,REQ-006472,EMP-00083,LOC-10,SVC-02,2026-06-26,Completed,35,False,,,,,,,68.5,False,True,False
APT-006040,REQ-006474,EMP-00031,LOC-05,SVC-01,2026-06-25,Completed,12,False,,,,,,4.9,74.7,False,True,False
APT-006042,REQ-006477,EMP-00022,LOC-05,SVC-06,2026-06-25,Completed,26,False,,,,,,4.5,80.6,False,True,False
APT-006043,REQ-006478,EMP-00134,LOC-02,SVC-01,2026-06-27,Completed,38,False,,,,,,2.7,86.5,False,True,True
APT-006044,REQ-006479,EMP-00121,LOC-07,SVC-01,2026-06-26,Completed,39,False,,,,,,4.4,80.2,False,False,False
APT-006045,REQ-006480,EMP-00052,LOC-03,SVC-07,2026-06-25,Completed,30,False,,,,,,4.2,82.7,False,True,False
APT-006047,REQ-006482,EMP-00089,LOC-04,SVC-05,2026-06-25,Completed,19,False,,,,,,5.0,75.5,False,False,False
APT-006049,REQ-006484,EMP-00123,LOC-06,SVC-05,2026-06-26,Completed,29,False,,,,,,4.9,83.9,False,False,False
APT-006050,REQ-006485,EMP-00122,LOC-03,SVC-01,2026-06-25,Completed,13,False,,,,,,,79.7,False,True,True
APT-006053,REQ-006489,EMP-00141,LOC-10,SVC-08,2026-06-26,Completed,33,False,,,,,,5.0,89.8,False,True,True
APT-006054,REQ-006490,EMP-00049,LOC-07,SVC-09,2026-06-25,Completed,35,False,,,,,,4.6,83.8,False,True,False
APT-006055,REQ-006491,EMP-00025,LOC-08,SVC-09,2026-06-25,Completed,23,False,,,,,,4.7,99.0,False,True,False
APT-006058,REQ-006495,EMP-00117,LOC-10,SVC-01,2026-06-26,Completed,10,False,,,,,,4.4,84.2,False,True,False
APT-006059,REQ-006496,EMP-00105,LOC-07,SVC-08,2026-06-26,Completed,3,False,,,,,,2.1,65.7,False,True,False
APT-006060,REQ-006497,EMP-00117,LOC-07,SVC-09,2026-06-28,Completed,49,False,,,,,,5.0,83.8,False,False,True
APT-006062,REQ-006500,EMP-00146,LOC-10,SVC-01,2026-06-27,Completed,16,False,,,,,,4.0,76.8,False,True,False
APT-006063,REQ-006501,EMP-00008,LOC-06,SVC-04,2026-06-30,Completed,18,False,,,,,,4.3,89.9,False,True,True
APT-006065,REQ-006504,EMP-00044,LOC-07,SVC-01,2026-06-28,Completed,23,False,,,,,,3.9,68.6,False,True,False
APT-006066,REQ-006505,EMP-00109,LOC-10,SVC-08,2026-06-27,Completed,46,False,,,,,,4.2,86.5,False,True,False
APT-006068,REQ-006507,EMP-00042,LOC-04,SVC-01,2026-06-26,Completed,16,False,,,,,,5.0,81.0,False,False,False
APT-006069,REQ-006508,EMP-00094,LOC-07,SVC-01,2026-06-28,Completed,17,False,,,,,,4.7,62.4,False,False,True
APT-006070,REQ-006510,EMP-00022,LOC-03,SVC-02,2026-06-26,Completed,15,False,,,,,,4.1,81.0,True,True,False
APT-006073,REQ-006513,EMP-00006,LOC-10,SVC-04,2026-06-28,Completed,6,False,,,,,,4.4,76.6,False,True,False
APT-006074,REQ-006514,EMP-00131,LOC-04,SVC-04,2026-06-27,Completed,29,False,,,,,,2.7,78.7,False,True,False
APT-006075,REQ-006515,EMP-00064,LOC-04,SVC-05,2026-06-29,Completed,18,False,,,,,,4.1,75.6,False,False,False
APT-006076,REQ-006516,EMP-00015,LOC-10,SVC-05,2026-06-26,Completed,30,False,,,,,,5.0,75.0,False,True,False
APT-006081,REQ-006521,EMP-00079,LOC-06,SVC-03,2026-06-29,Completed,33,False,,,,,,3.7,85.7,False,True,True
APT-006082,REQ-006522,EMP-00051,LOC-05,SVC-06,2026-06-27,Completed,27,False,,,,,,3.0,73.9,False,True,False
APT-006083,REQ-006523,EMP-00096,LOC-01,SVC-03,2026-06-27,Completed,20,False,,,,,,5.0,85.2,False,True,True
APT-006084,REQ-006524,EMP-00017,LOC-10,SVC-09,2026-06-29,Completed,30,False,,,,,,4.1,88.8,False,True,False
APT-006085,REQ-006525,EMP-00069,LOC-10,SVC-09,2026-06-29,Completed,30,False,,,,,,4.2,86.2,False,True,True
APT-006087,REQ-006527,EMP-00075,LOC-10,SVC-09,2026-06-29,Completed,44,False,,,,,,,82.2,False,True,False
APT-006088,REQ-006528,EMP-00043,LOC-03,SVC-08,2026-06-28,Completed,19,False,,,,,,,77.8,True,True,False
APT-006089,REQ-006531,EMP-00136,LOC-05,SVC-01,2026-06-28,Completed,23,False,,,,,,3.0,86.2,False,True,False
APT-006090,REQ-006532,EMP-00014,LOC-09,SVC-01,2026-06-27,Completed,23,False,,,,,,,83.8,False,True,False
APT-006092,REQ-006534,EMP-00015,LOC-06,SVC-05,2026-07-04,Completed,38,False,,,,,,3.8,80.0,False,True,False
APT-006095,REQ-006537,EMP-00006,LOC-09,SVC-09,2026-06-28,Completed,22,False,,,,,,3.6,60.3,False,True,False
APT-006096,REQ-006538,EMP-00120,LOC-06,SVC-02,2026-06-28,Completed,35,False,,,,,,4.2,87.9,False,True,False
APT-006097,REQ-006539,EMP-00085,LOC-08,SVC-02,2026-06-28,Completed,14,False,,,,,,4.1,83.8,False,False,False
APT-006098,REQ-006540,EMP-00063,LOC-06,SVC-01,2026-06-29,Completed,33,False,,,,,,3.5,99.8,False,True,False
APT-006099,REQ-006541,EMP-00080,LOC-08,SVC-01,2026-06-28,Completed,40,False,,,,,,5.0,83.0,False,True,False
APT-006100,REQ-006542,EMP-00123,LOC-05,SVC-04,2026-06-28,Completed,48,False,,,,,,3.8,81.3,False,False,True
APT-006101,REQ-006543,EMP-00090,LOC-01,SVC-09,2026-06-29,Completed,28,False,,,,,,4.6,91.9,False,True,False
APT-006102,REQ-006544,EMP-00093,LOC-06,SVC-04,2026-06-28,Completed,40,False,,,,,,4.0,69.0,False,True,False
APT-006104,REQ-006546,EMP-00134,LOC-03,SVC-05,2026-06-29,Completed,20,False,,,,,,3.7,66.1,False,True,False
APT-006105,REQ-006547,EMP-00002,LOC-10,SVC-09,2026-06-29,Completed,31,False,,,,,,4.2,71.7,False,True,False
APT-006110,REQ-006552,EMP-00067,LOC-06,SVC-02,2026-06-29,Completed,3,False,,,,,,3.7,77.8,False,False,False
APT-006111,REQ-006553,EMP-00041,LOC-03,SVC-09,2026-06-29,Completed,30,False,,,,,,4.1,82.6,False,True,False
APT-006112,REQ-006554,EMP-00058,LOC-04,SVC-03,2026-06-29,Completed,51,False,,,,,,4.2,78.8,False,False,False
APT-006115,REQ-006557,EMP-00085,LOC-08,SVC-05,2026-07-02,Completed,28,False,,,,,,4.3,71.9,False,True,False
APT-006117,REQ-006559,EMP-00021,LOC-07,SVC-01,2026-06-30,Completed,36,False,,,,,,4.0,85.9,False,False,True
APT-006118,REQ-006560,EMP-00092,LOC-08,SVC-01,2026-06-29,Completed,42,False,,,,,,3.4,78.8,False,True,True
APT-006120,REQ-006562,EMP-00080,LOC-01,SVC-03,2026-07-01,Completed,10,False,,,,,,5.0,67.2,False,True,False
APT-006124,REQ-006566,EMP-00093,LOC-10,SVC-06,2026-07-01,Completed,20,False,,,,,,3.3,74.9,False,True,False
APT-006129,REQ-006571,EMP-00022,LOC-02,SVC-07,2026-06-29,Completed,13,False,,,,,,4.8,79.3,False,True,False
APT-006130,REQ-006572,EMP-00105,LOC-01,SVC-08,2026-06-29,Completed,33,False,,,,,,4.2,87.2,False,True,False
APT-006131,REQ-006573,EMP-00042,LOC-05,SVC-05,2026-06-30,Completed,28,False,,,,,,,67.9,False,True,False
APT-006132,REQ-006574,EMP-00079,LOC-03,SVC-01,2026-06-30,Completed,20,False,,,,,,3.9,82.7,False,True,False
APT-006133,REQ-006575,EMP-00106,LOC-05,SVC-07,2026-06-29,Completed,37,False,,,,,,4.4,59.6,False,True,False
APT-006134,REQ-006576,EMP-00033,LOC-04,SVC-07,2026-07-01,Completed,20,False,,,,,,4.8,69.0,False,True,False
APT-006135,REQ-006577,EMP-00002,LOC-09,SVC-09,2026-06-30,Completed,20,False,,,,,,4.3,79.9,False,True,True
APT-006136,REQ-006578,EMP-00091,LOC-03,SVC-08,2026-06-30,Completed,12,False,,,,,,,89.4,False,True,False
APT-006139,REQ-006581,EMP-00040,LOC-06,SVC-06,2026-07-01,Completed,25,False,,,,,,3.9,73.7,False,True,False
APT-006140,REQ-006582,EMP-00139,LOC-02,SVC-05,2026-06-30,Completed,27,True,Continuity of care,,,,,5.0,87.0,False,True,False
APT-006143,REQ-006585,EMP-00101,LOC-03,SVC-07,2026-06-30,Completed,23,False,,,,,,5.0,95.5,False,True,True
APT-004131,REQ-004440,EMP-00006,LOC-05,SVC-05,2026-03-24,Rescheduled,32,False,,,,,,,,,,
APT-004168,REQ-004485,EMP-00075,LOC-06,SVC-05,2026-03-26,Rescheduled,8,False,,,,,,,,,,
APT-004178,REQ-004496,EMP-00052,LOC-05,SVC-06,2026-03-27,Rescheduled,22,False,,,,,,,,,,
APT-004182,REQ-004500,EMP-00030,LOC-03,SVC-02,2026-03-29,Rescheduled,14,False,,,,,,,,,,
APT-004193,REQ-004513,EMP-00131,LOC-05,SVC-05,2026-03-26,Rescheduled,16,False,,,,,,,,,,
APT-004242,REQ-004563,EMP-00070,LOC-02,SVC-09,2026-04-02,Rescheduled,25,False,,,,,,,,,,
APT-004244,REQ-004565,EMP-00101,LOC-08,SVC-05,2026-03-31,Rescheduled,14,False,,,,,,,,,,
APT-004256,REQ-004579,EMP-00137,LOC-03,SVC-04,2026-03-30,Rescheduled,19,False,,,,,,,,,,
APT-004259,REQ-004583,EMP-00057,LOC-06,SVC-03,2026-03-31,Rescheduled,14,False,,,,,,,,,,
APT-004271,REQ-004595,EMP-00031,LOC-05,SVC-05,2026-03-31,Rescheduled,11,False,,,,,,,,,,
APT-004290,REQ-004615,EMP-00095,LOC-07,SVC-02,2026-03-31,Rescheduled,15,False,,,,,,,,,,
APT-004331,REQ-004658,EMP-00085,LOC-01,SVC-07,2026-04-02,Rescheduled,27,False,,,,,,,,,,
APT-004333,REQ-004660,EMP-00066,LOC-05,SVC-01,2026-04-03,Rescheduled,22,False,,,,,,,,,,
APT-004364,REQ-004693,EMP-00129,LOC-01,SVC-02,2026-04-05,Rescheduled,14,False,,,,,,,,,,
APT-004371,REQ-004700,EMP-00010,LOC-10,SVC-09,2026-04-05,Rescheduled,36,False,,,,,,,,,,
APT-004376,REQ-004705,EMP-00056,LOC-08,SVC-06,2026-04-05,Rescheduled,43,False,,,,,,,,,,
APT-004377,REQ-004706,EMP-00136,LOC-10,SVC-04,2026-04-04,Rescheduled,5,False,,,,,,,,,,
APT-004378,REQ-004707,EMP-00104,LOC-04,SVC-01,2026-04-04,Rescheduled,10,False,,,,,,,,,,
APT-004396,REQ-004729,EMP-00134,LOC-01,SVC-01,2026-04-06,Rescheduled,9,False,,,,,,,,,,
APT-004407,REQ-004741,EMP-00057,LOC-02,SVC-09,2026-04-06,Rescheduled,6,False,,,,,,,,,,
APT-004418,REQ-004753,EMP-00083,LOC-07,SVC-04,2026-04-07,Rescheduled,22,False,,,,,,,,,,
APT-004422,REQ-004757,EMP-00036,LOC-06,SVC-05,2026-04-07,Rescheduled,25,True,Urgent reassignment,,,,,,,,,
APT-004495,REQ-004837,EMP-00095,LOC-07,SVC-09,2026-04-16,Rescheduled,29,False,,,,,,,,,,
APT-004497,REQ-004839,EMP-00096,LOC-02,SVC-03,2026-04-12,Rescheduled,29,False,,,,,,,,,,
APT-004536,REQ-004881,EMP-00044,LOC-06,SVC-01,2026-04-13,Rescheduled,62,False,,,,,,,,,,
APT-004556,REQ-004905,EMP-00090,LOC-10,SVC-06,2026-04-14,Rescheduled,35,False,,,,,,,,,,
APT-004561,REQ-004910,EMP-00005,LOC-06,SVC-04,2026-04-15,Rescheduled,16,False,,,,,,,,,,
APT-004567,REQ-004916,EMP-00139,LOC-08,SVC-06,2026-04-18,Rescheduled,19,False,,,,,,,,,,
APT-004572,REQ-004921,EMP-00038,LOC-07,SVC-03,2026-04-17,Rescheduled,29,False,,,,,,,,,,
APT-004582,REQ-004932,EMP-00032,LOC-04,SVC-03,2026-04-15,Rescheduled,21,False,,,,,,,,,,
APT-004586,REQ-004936,EMP-00027,LOC-05,SVC-01,2026-04-17,Rescheduled,55,False,,,,,,,,,,
APT-004622,REQ-004973,EMP-00013,LOC-08,SVC-03,2026-04-18,Rescheduled,48,False,,,,,,,,,,
APT-004647,REQ-004998,EMP-00064,LOC-03,SVC-06,2026-04-22,Rescheduled,33,False,,,,,,,,,,
APT-004678,REQ-005030,EMP-00050,LOC-05,SVC-06,2026-04-23,Rescheduled,23,False,,,,,,,,,,
APT-004707,REQ-005060,EMP-00085,LOC-01,SVC-02,2026-04-23,Rescheduled,26,False,,,,,,,,,,
APT-004713,REQ-005067,EMP-00015,LOC-02,SVC-02,2026-04-24,Rescheduled,16,False,,,,,,,,,,
APT-004731,REQ-005086,EMP-00060,LOC-08,SVC-03,2026-04-25,Rescheduled,31,True,Skill match unavailable,,,,,,,,,
APT-004773,REQ-005133,EMP-00042,LOC-08,SVC-03,2026-04-28,Rescheduled,39,False,,,,,,,,,,
APT-004795,REQ-005158,EMP-00098,LOC-02,SVC-05,2026-04-29,Rescheduled,8,False,,,,,,,,,,
APT-004815,REQ-005179,EMP-00044,LOC-09,SVC-03,2026-04-30,Rescheduled,49,False,,,,,,,,,,
APT-004830,REQ-005195,EMP-00067,LOC-03,SVC-03,2026-04-30,Rescheduled,8,False,,,,,,,,,,
APT-004873,REQ-005240,EMP-00146,LOC-09,SVC-06,2026-05-03,Rescheduled,15,False,,,,,,,,,,
APT-004877,REQ-005244,EMP-00047,LOC-06,SVC-01,2026-05-03,Rescheduled,47,False,,,,,,,,,,
APT-004918,REQ-005286,EMP-00052,LOC-01,SVC-08,2026-05-07,Rescheduled,32,False,,,,,,,,,,
APT-004942,REQ-005311,EMP-00008,LOC-06,SVC-07,2026-05-06,Rescheduled,37,False,,,,,,,,,,
APT-004968,REQ-005338,EMP-00041,LOC-01,SVC-04,2026-05-07,Rescheduled,33,False,,,,,,,,,,
APT-004971,REQ-005341,EMP-00040,LOC-10,SVC-02,2026-05-07,Rescheduled,8,False,,,,,,,,,,
APT-004975,REQ-005345,EMP-00004,LOC-02,SVC-01,2026-05-07,Rescheduled,10,False,,,,,,,,,,
APT-004977,REQ-005348,EMP-00103,LOC-01,SVC-04,2026-05-08,Rescheduled,14,False,,,,,,,,,,
APT-004996,REQ-005368,EMP-00069,LOC-10,SVC-01,2026-05-09,Rescheduled,27,False,,,,,,,,,,
APT-005004,REQ-005376,EMP-00049,LOC-04,SVC-01,2026-05-10,Rescheduled,38,False,,,,,,,,,,
APT-005012,REQ-005384,EMP-00142,LOC-10,SVC-04,2026-05-09,Rescheduled,27,False,,,,,,,,,,
APT-005101,REQ-005475,EMP-00093,LOC-03,SVC-04,2026-05-14,Rescheduled,12,False,,,,,,,,,,
APT-005169,REQ-005547,EMP-00011,LOC-09,SVC-05,2026-05-16,Rescheduled,47,False,,,,,,,,,,
APT-005187,REQ-005566,EMP-00115,LOC-09,SVC-06,2026-05-18,Rescheduled,34,False,,,,,,,,,,
APT-005230,REQ-005615,EMP-00101,LOC-02,SVC-01,2026-05-21,Rescheduled,20,False,,,,,,,,,,
APT-005247,REQ-005633,EMP-00083,LOC-01,SVC-02,2026-05-23,Rescheduled,44,False,,,,,,,,,,
APT-005273,REQ-005659,EMP-00058,LOC-03,SVC-01,2026-05-22,Rescheduled,31,False,,,,,,,,,,
APT-005283,REQ-005670,EMP-00015,LOC-10,SVC-04,2026-05-21,Rescheduled,3,False,,,,,,,,,,
APT-005290,REQ-005677,EMP-00148,LOC-02,SVC-01,2026-05-22,Rescheduled,13,True,Continuity of care,,,,,,,,,
APT-005293,REQ-005680,EMP-00109,LOC-06,SVC-02,2026-05-25,Rescheduled,6,False,,,,,,,,,,
APT-005297,REQ-005684,EMP-00008,LOC-02,SVC-08,2026-05-22,Rescheduled,48,False,,,,,,,,,,
APT-005335,REQ-005725,EMP-00112,LOC-09,SVC-04,2026-05-27,Rescheduled,3,False,,,,,,,,,,
APT-005362,REQ-005752,EMP-00035,LOC-08,SVC-01,2026-05-26,Rescheduled,30,False,,,,,,,,,,
APT-005367,REQ-005757,EMP-00079,LOC-10,SVC-09,2026-05-27,Rescheduled,29,False,,,,,,,,,,
APT-005370,REQ-005760,EMP-00080,LOC-01,SVC-01,2026-05-27,Rescheduled,21,False,,,,,,,,,,
APT-005381,REQ-005772,EMP-00004,LOC-02,SVC-01,2026-05-27,Rescheduled,13,False,,,,,,,,,,
APT-005388,REQ-005779,EMP-00067,LOC-01,SVC-07,2026-05-28,Rescheduled,31,False,,,,,,,,,,
APT-005417,REQ-005808,EMP-00068,LOC-09,SVC-05,2026-05-28,Rescheduled,16,False,,,,,,,,,,
APT-005455,REQ-005847,EMP-00011,LOC-03,SVC-08,2026-06-01,Rescheduled,8,False,,,,,,,,,,
APT-005459,REQ-005851,EMP-00090,LOC-06,SVC-06,2026-05-29,Rescheduled,37,False,,,,,,,,,,
APT-005461,REQ-005853,EMP-00143,LOC-06,SVC-02,2026-05-29,Rescheduled,9,False,,,,,,,,,,
APT-005482,REQ-005875,EMP-00032,LOC-06,SVC-06,2026-06-01,Rescheduled,29,False,,,,,,,,,,
APT-005491,REQ-005886,EMP-00119,LOC-02,SVC-01,2026-06-01,Rescheduled,13,False,,,,,,,,,,
APT-005518,REQ-005916,EMP-00040,LOC-09,SVC-02,2026-06-02,Rescheduled,16,False,,,,,,,,,,
APT-005605,REQ-006007,EMP-00141,LOC-05,SVC-02,2026-06-06,Rescheduled,16,False,,,,,,,,,,
APT-005648,REQ-006053,EMP-00018,LOC-08,SVC-01,2026-06-10,Rescheduled,7,False,,,,,,,,,,
APT-005657,REQ-006062,EMP-00115,LOC-08,SVC-07,2026-06-09,Rescheduled,32,False,,,,,,,,,,
APT-005668,REQ-006073,EMP-00106,LOC-10,SVC-01,2026-06-10,Rescheduled,14,False,,,,,,,,,,
APT-005683,REQ-006088,EMP-00110,LOC-05,SVC-01,2026-06-10,Rescheduled,30,False,,,,,,,,,,
APT-005714,REQ-006124,EMP-00143,LOC-05,SVC-07,2026-06-12,Rescheduled,27,False,,,,,,,,,,
APT-005722,REQ-006132,EMP-00049,LOC-09,SVC-07,2026-06-12,Rescheduled,29,False,,,,,,,,,,
APT-005726,REQ-006136,EMP-00128,LOC-08,SVC-04,2026-06-12,Rescheduled,22,False,,,,,,,,,,
APT-005738,REQ-006149,EMP-00115,LOC-07,SVC-04,2026-06-12,Rescheduled,44,False,,,,,,,,,,
APT-005748,REQ-006160,EMP-00123,LOC-06,SVC-07,2026-06-13,Rescheduled,20,False,,,,,,,,,,
APT-005771,REQ-006185,EMP-00040,LOC-03,SVC-09,2026-06-16,Rescheduled,36,False,,,,,,,,,,
APT-005776,REQ-006190,EMP-00023,LOC-01,SVC-03,2026-06-13,Rescheduled,27,True,Continuity of care,,,,,,,,,
APT-005816,REQ-006231,EMP-00098,LOC-10,SVC-02,2026-06-17,Rescheduled,23,False,,,,,,,,,,
APT-005820,REQ-006236,EMP-00146,LOC-10,SVC-05,2026-06-18,Rescheduled,33,False,,,,,,,,,,
APT-005828,REQ-006245,EMP-00004,LOC-01,SVC-03,2026-06-19,Rescheduled,15,False,,,,,,,,,,
APT-005831,REQ-006248,EMP-00098,LOC-04,SVC-01,2026-06-16,Rescheduled,40,False,,,,,,,,,,
APT-005834,REQ-006251,EMP-00119,LOC-07,SVC-02,2026-06-16,Rescheduled,57,False,,,,,,,,,,
APT-005836,REQ-006254,EMP-00050,LOC-04,SVC-06,2026-06-16,Rescheduled,26,False,,,,,,,,,,
APT-005838,REQ-006256,EMP-00118,LOC-07,SVC-02,2026-06-18,Rescheduled,18,True,Skill match unavailable,,,,,,,,,
APT-005870,REQ-006290,EMP-00091,LOC-08,SVC-05,2026-06-18,Rescheduled,45,False,,,,,,,,,,
APT-005874,REQ-006295,EMP-00065,LOC-01,SVC-06,2026-06-18,Rescheduled,26,False,,,,,,,,,,
APT-005900,REQ-006322,EMP-00118,LOC-01,SVC-08,2026-06-18,Rescheduled,28,False,,,,,,,,,,
APT-005902,REQ-006324,EMP-00106,LOC-08,SVC-01,2026-06-19,Rescheduled,42,False,,,,,,,,,,
APT-005905,REQ-006327,EMP-00099,LOC-10,SVC-08,2026-06-19,Rescheduled,47,False,,,,,,,,,,
APT-005932,REQ-006356,EMP-00005,LOC-02,SVC-07,2026-06-19,Rescheduled,21,False,,,,,,,,,,
APT-005939,REQ-006363,EMP-00070,LOC-02,SVC-03,2026-06-23,Rescheduled,12,False,,,,,,,,,,
APT-005940,REQ-006364,EMP-00064,LOC-01,SVC-08,2026-06-19,Rescheduled,13,False,,,,,,,,,,
APT-005965,REQ-006393,EMP-00101,LOC-07,SVC-04,2026-06-22,Rescheduled,20,False,,,,,,,,,,
APT-006057,REQ-006494,EMP-00122,LOC-04,SVC-05,2026-06-25,Rescheduled,28,False,,,,,,,,,,
APT-006078,REQ-006518,EMP-00055,LOC-09,SVC-06,2026-06-28,Rescheduled,35,False,,,,,,,,,,
APT-006080,REQ-006520,EMP-00105,LOC-06,SVC-01,2026-06-27,Rescheduled,15,False,,,,,,,,,,
APT-006086,REQ-006526,EMP-00035,LOC-04,SVC-08,2026-06-27,Rescheduled,19,False,,,,,,,,,,
APT-006094,REQ-006536,EMP-00052,LOC-08,SVC-01,2026-06-29,Rescheduled,25,False,,,,,,,,,,
APT-006106,REQ-006548,EMP-00036,LOC-08,SVC-02,2026-07-01,Rescheduled,30,False,,,,,,,,,,
APT-006126,REQ-006568,EMP-00051,LOC-01,SVC-01,2026-06-30,Rescheduled,18,False,,,,,,,,,,
APT-006138,REQ-006580,EMP-00031,LOC-06,SVC-05,2026-07-01,Rescheduled,50,False,,,,,,,,,,
APT-006153,REQ-006597,EMP-00061,LOC-08,SVC-04,2026-07-02,No-show,18,False,,Transport issue,Organisation,38.7,True,,,,,
APT-006161,REQ-006606,EMP-00018,LOC-01,SVC-04,2026-07-01,Cancelled,3,False,,Weather,Client,3.9,True,,,,,
APT-006162,REQ-006607,EMP-00004,LOC-03,SVC-09,2026-06-30,Cancelled,13,False,,Staff illness,Client,18.5,True,,,,,
APT-006166,REQ-006611,EMP-00002,LOC-07,SVC-05,2026-07-01,No-show,50,False,,Client unavailable,Organisation,32.2,False,,,,,
APT-006167,REQ-006612,EMP-00061,LOC-10,SVC-07,2026-07-01,Cancelled,3,False,,Weather,Organisation,40.5,True,,,,,
APT-006176,REQ-006621,EMP-00117,LOC-04,SVC-02,2026-07-02,No-show,7,False,,Transport issue,Employee,0.0,True,,,,,
APT-006178,REQ-006623,EMP-00117,LOC-10,SVC-02,2026-07-03,Cancelled,47,False,,Client declined,Employee,0.0,True,,,,,
APT-006179,REQ-006624,EMP-00113,LOC-09,SVC-02,2026-07-01,Cancelled,49,False,,Staff illness,Client,28.8,True,,,,,
APT-006180,REQ-006625,EMP-00143,LOC-04,SVC-07,2026-07-02,Cancelled,37,False,,Client declined,Client,0.0,True,,,,,
APT-006181,REQ-006626,EMP-00128,LOC-10,SVC-05,2026-07-03,Cancelled,32,False,,Weather,Client,0.0,True,,,,,
APT-006182,REQ-006627,EMP-00123,LOC-07,SVC-06,2026-07-02,No-show,43,False,,Duplicate booking,Organisation,20.1,True,,,,,
APT-006184,REQ-006631,EMP-00017,LOC-09,SVC-01,2026-07-02,Cancelled,3,False,,Staff illness,Organisation,41.1,True,,,,,
APT-006186,REQ-006633,EMP-00023,LOC-02,SVC-03,2026-07-02,Cancelled,42,False,,Client unwell,Client,6.1,True,,,,,
APT-006187,REQ-006634,EMP-00015,LOC-06,SVC-02,2026-07-02,Cancelled,15,False,,Weather,Client,0.0,True,,,,,
APT-006192,REQ-006640,EMP-00080,LOC-08,SVC-04,2026-07-03,Cancelled,30,False,,Other,Client,21.0,False,,,,,
APT-006193,REQ-006641,EMP-00063,LOC-07,SVC-01,2026-07-03,Cancelled,15,False,,Transport issue,Organisation,43.3,False,,,,,
APT-006194,REQ-006642,EMP-00122,LOC-07,SVC-05,2026-07-03,No-show,13,False,,Client unavailable,Employee,42.2,True,,,,,
APT-006196,REQ-006644,EMP-00065,LOC-04,SVC-06,2026-07-02,Cancelled,19,False,,Duplicate booking,Client,47.1,False,,,,,
APT-006200,REQ-006648,EMP-00043,LOC-08,SVC-01,2026-07-08,Cancelled,22,False,,Client declined,Employee,4.1,True,,,,,
APT-006201,REQ-006649,EMP-00041,LOC-05,SVC-01,2026-07-02,Cancelled,18,False,,Weather,Client,23.4,True,,,,,
APT-006204,REQ-006653,EMP-00022,LOC-10,SVC-05,2026-07-03,No-show,33,False,,Staff illness,Employee,18.9,True,,,,,
APT-006209,REQ-006658,EMP-00066,LOC-07,SVC-05,2026-07-02,Cancelled,6,False,,Client declined,Organisation,23.9,True,,,,,
APT-006210,REQ-006659,EMP-00124,LOC-07,SVC-01,2026-07-05,Cancelled,8,False,,Other,Client,36.7,True,,,,,
APT-006211,REQ-006660,EMP-00037,LOC-10,SVC-04,2026-07-03,Cancelled,32,True,Continuity of care,Other,Organisation,11.4,False,,,,,
APT-006218,REQ-006667,EMP-00128,LOC-08,SVC-03,2026-07-05,Cancelled,3,False,,Duplicate booking,Client,64.1,True,,,,,
APT-006219,REQ-006668,EMP-00040,LOC-04,SVC-06,2026-07-05,Cancelled,6,False,,Transport issue,Employee,8.8,True,,,,,
APT-006220,REQ-006669,EMP-00006,LOC-05,SVC-02,2026-07-05,Cancelled,35,False,,Client unavailable,Client,0.0,True,,,,,
APT-006224,REQ-006673,EMP-00148,LOC-09,SVC-06,2026-07-06,Cancelled,34,False,,Duplicate booking,Client,22.9,True,,,,,
APT-006225,REQ-006674,EMP-00017,LOC-04,SVC-02,2026-07-06,Cancelled,28,False,,Client unwell,Client,15.6,True,,,,,
APT-006233,REQ-006683,EMP-00128,LOC-10,SVC-06,2026-07-03,Cancelled,48,False,,Weather,Client,65.5,True,,,,,
APT-006234,REQ-006684,EMP-00017,LOC-10,SVC-02,2026-07-05,Cancelled,19,False,,Staff illness,Client,38.6,False,,,,,
APT-006235,REQ-006685,EMP-00018,LOC-01,SVC-06,2026-07-04,Cancelled,26,False,,Duplicate booking,Employee,53.8,False,,,,,
APT-006248,REQ-006698,EMP-00137,LOC-09,SVC-05,2026-07-04,Cancelled,12,False,,Client unavailable,Organisation,0.0,True,,,,,
APT-006249,REQ-006700,EMP-00093,LOC-10,SVC-01,2026-07-04,Cancelled,65,False,,Client declined,Organisation,38.3,False,,,,,
APT-006250,REQ-006701,EMP-00032,LOC-01,SVC-06,2026-07-07,No-show,22,False,,Transport issue,Organisation,0.0,True,,,,,
APT-006254,REQ-006706,EMP-00061,LOC-09,SVC-03,2026-07-05,Cancelled,34,False,,Client declined,Client,0.0,False,,,,,
APT-006260,REQ-006713,EMP-00118,LOC-04,SVC-01,2026-07-07,Cancelled,19,False,,Client unwell,Employee,19.5,True,,,,,
APT-006261,REQ-006714,EMP-00122,LOC-03,SVC-06,2026-07-06,Cancelled,4,False,,Duplicate booking,Client,4.9,False,,,,,
APT-006268,REQ-006722,EMP-00128,LOC-01,SVC-08,2026-07-05,Cancelled,55,False,,Other,Client,19.4,True,,,,,
APT-006269,REQ-006723,EMP-00122,LOC-04,SVC-02,2026-07-06,Cancelled,36,True,Urgent reassignment,Staff illness,Organisation,14.9,False,,,,,
APT-006273,REQ-006727,EMP-00002,LOC-06,SVC-01,2026-07-08,No-show,56,False,,Weather,Client,9.2,True,,,,,
APT-006278,REQ-006733,EMP-00069,LOC-09,SVC-02,2026-07-06,Cancelled,36,False,,Client declined,Employee,24.0,True,,,,,
APT-006282,REQ-006737,EMP-00027,LOC-08,SVC-01,2026-07-06,No-show,36,False,,Staff illness,Employee,23.7,False,,,,,
APT-006284,REQ-006739,EMP-00083,LOC-09,SVC-03,2026-07-08,No-show,39,False,,Client declined,Client,34.2,True,,,,,
APT-006285,REQ-006740,EMP-00083,LOC-02,SVC-04,2026-07-07,Cancelled,6,False,,Client unwell,Organisation,7.3,False,,,,,
APT-006287,REQ-006743,EMP-00083,LOC-05,SVC-02,2026-07-06,Cancelled,16,False,,Client unavailable,Client,56.7,True,,,,,
APT-006288,REQ-006744,EMP-00095,LOC-02,SVC-08,2026-07-06,Cancelled,15,False,,Weather,Organisation,6.8,True,,,,,
APT-006289,REQ-006745,EMP-00129,LOC-05,SVC-02,2026-07-07,Cancelled,17,False,,Staff illness,Client,33.7,True,,,,,
APT-006290,REQ-006746,EMP-00112,LOC-09,SVC-05,2026-07-07,No-show,22,False,,Transport issue,Client,6.1,False,,,,,
APT-006292,REQ-006748,EMP-00075,LOC-08,SVC-02,2026-07-06,No-show,28,False,,Other,Client,0.0,False,,,,,
APT-006293,REQ-006749,EMP-00061,LOC-03,SVC-05,2026-07-06,Cancelled,16,False,,Other,Organisation,26.0,False,,,,,
APT-006298,REQ-006754,EMP-00054,LOC-09,SVC-06,2026-07-07,Cancelled,10,False,,Transport issue,Employee,39.6,True,,,,,
APT-006300,REQ-006756,EMP-00148,LOC-05,SVC-05,2026-07-08,Cancelled,20,False,,Weather,Employee,0.0,False,,,,,
APT-006303,REQ-006759,EMP-00115,LOC-10,SVC-02,2026-07-07,Cancelled,24,False,,Duplicate booking,Client,0.0,True,,,,,
APT-006304,REQ-006761,EMP-00058,LOC-02,SVC-05,2026-07-07,Cancelled,16,False,,Staff illness,Client,17.0,False,,,,,
APT-006306,REQ-006763,EMP-00146,LOC-07,SVC-07,2026-07-08,Cancelled,31,False,,Staff illness,Client,10.5,True,,,,,
APT-006308,REQ-006765,EMP-00115,LOC-07,SVC-05,2026-07-07,No-show,38,False,,Transport issue,Client,16.0,False,,,,,
APT-006316,REQ-006773,EMP-00095,LOC-06,SVC-01,2026-07-07,Cancelled,39,False,,Client declined,Client,19.3,True,,,,,
APT-006324,REQ-006781,EMP-00143,LOC-06,SVC-05,2026-07-10,Cancelled,39,False,,Duplicate booking,Organisation,23.6,False,,,,,
APT-006337,REQ-006794,EMP-00064,LOC-06,SVC-02,2026-07-10,Cancelled,23,False,,Client declined,Employee,28.0,False,,,,,
APT-006339,REQ-006796,EMP-00086,LOC-01,SVC-05,2026-07-09,Cancelled,10,False,,Transport issue,Employee,8.2,True,,,,,
APT-006342,REQ-006799,EMP-00058,LOC-06,SVC-05,2026-07-09,No-show,50,False,,Duplicate booking,Client,0.0,True,,,,,
APT-006349,REQ-006806,EMP-00080,LOC-09,SVC-05,2026-07-10,No-show,23,False,,Client declined,Client,0.0,True,,,,,
APT-006352,REQ-006809,EMP-00109,LOC-10,SVC-02,2026-07-08,No-show,19,False,,Other,Client,0.0,True,,,,,
APT-006357,REQ-006814,EMP-00033,LOC-07,SVC-01,2026-07-10,Cancelled,57,False,,Client unavailable,Client,41.4,True,,,,,
APT-006358,REQ-006815,EMP-00090,LOC-04,SVC-02,2026-07-10,No-show,13,True,Client preference,Client declined,Client,33.8,True,,,,,
APT-006362,REQ-006819,EMP-00101,LOC-07,SVC-02,2026-07-09,Cancelled,17,False,,Transport issue,Employee,20.2,True,,,,,
APT-006363,REQ-006820,EMP-00133,LOC-10,SVC-06,2026-07-10,Cancelled,37,False,,Other,Client,48.9,True,,,,,
APT-006369,REQ-006827,EMP-00142,LOC-05,SVC-08,2026-07-10,No-show,21,False,,Client unavailable,Employee,33.5,True,,,,,
APT-006370,REQ-006828,EMP-00018,LOC-08,SVC-03,2026-07-10,Cancelled,3,False,,Weather,Employee,41.9,False,,,,,
APT-006371,REQ-006829,EMP-00095,LOC-06,SVC-09,2026-07-10,Cancelled,26,False,,Other,Client,3.0,False,,,,,
APT-006372,REQ-006830,EMP-00089,LOC-01,SVC-07,2026-07-09,Cancelled,28,True,Urgent reassignment,Other,Client,7.1,False,,,,,
APT-006377,REQ-006835,EMP-00121,LOC-07,SVC-04,2026-07-12,No-show,71,False,,Client declined,Employee,0.2,False,,,,,
APT-006378,REQ-006836,EMP-00008,LOC-06,SVC-05,2026-07-10,Cancelled,3,False,,Staff illness,Client,40.1,True,,,,,
APT-006382,REQ-006840,EMP-00118,LOC-02,SVC-04,2026-07-10,Cancelled,21,False,,Client unwell,Client,23.5,True,,,,,
APT-006384,REQ-006842,EMP-00120,LOC-07,SVC-05,2026-07-11,Cancelled,22,False,,Other,Employee,0.0,False,,,,,
APT-006385,REQ-006843,EMP-00044,LOC-02,SVC-05,2026-07-10,Cancelled,18,False,,Weather,Employee,0.0,False,,,,,
APT-006386,REQ-006844,EMP-00004,LOC-05,SVC-01,2026-07-10,No-show,17,False,,Client unwell,Client,0.0,True,,,,,
APT-006388,REQ-006847,EMP-00038,LOC-02,SVC-06,2026-07-10,Cancelled,22,False,,Client unavailable,Client,22.2,False,,,,,
APT-006396,REQ-006855,EMP-00024,LOC-08,SVC-01,2026-07-10,No-show,42,True,Client preference,Duplicate booking,Client,20.5,False,,,,,
APT-006400,REQ-006859,EMP-00148,LOC-02,SVC-08,2026-07-10,Cancelled,32,False,,Client declined,Client,18.1,True,,,,,
APT-006404,REQ-006863,EMP-00090,LOC-07,SVC-05,2026-07-10,Cancelled,46,False,,Transport issue,Employee,32.3,True,,,,,
APT-006407,REQ-006866,EMP-00069,LOC-06,SVC-06,2026-07-10,No-show,31,False,,Transport issue,Client,9.0,True,,,,,
APT-006413,REQ-006872,EMP-00075,LOC-04,SVC-02,2026-07-10,No-show,14,False,,Transport issue,Client,0.0,True,,,,,
APT-006415,REQ-006874,EMP-00134,LOC-01,SVC-01,2026-07-11,Cancelled,18,False,,Client declined,Client,0.0,True,,,,,
APT-006417,REQ-006876,EMP-00105,LOC-07,SVC-06,2026-07-11,No-show,44,False,,Client unwell,Client,30.8,True,,,,,
APT-006419,REQ-006878,EMP-00064,LOC-08,SVC-01,2026-07-11,No-show,29,False,,Client declined,Client,16.9,True,,,,,
APT-006421,REQ-006880,EMP-00102,LOC-02,SVC-07,2026-07-14,Cancelled,15,False,,Client unavailable,Organisation,0.0,False,,,,,
APT-006423,REQ-006882,EMP-00121,LOC-10,SVC-03,2026-07-12,Cancelled,5,False,,Staff illness,Client,25.1,True,,,,,
APT-006424,REQ-006883,EMP-00103,LOC-02,SVC-03,2026-07-13,Cancelled,25,False,,Client unavailable,Client,26.4,True,,,,,
APT-006433,REQ-006892,EMP-00101,LOC-07,SVC-05,2026-07-14,Cancelled,18,False,,Weather,Client,16.5,True,,,,,
APT-006434,REQ-006893,EMP-00105,LOC-06,SVC-02,2026-07-15,Cancelled,44,False,,Other,Client,3.4,False,,,,,
APT-006436,REQ-006895,EMP-00128,LOC-07,SVC-07,2026-07-13,Cancelled,42,False,,Other,Client,36.6,True,,,,,
APT-006437,REQ-006896,EMP-00150,LOC-10,SVC-05,2026-07-13,Cancelled,31,True,Continuity of care,Transport issue,Client,58.7,True,,,,,
APT-006438,REQ-006897,EMP-00038,LOC-07,SVC-03,2026-07-14,Cancelled,13,False,,Transport issue,Client,19.0,True,,,,,
APT-006440,REQ-006899,EMP-00066,LOC-06,SVC-02,2026-07-14,Cancelled,30,False,,Staff illness,Client,33.3,True,,,,,
APT-006444,REQ-006904,EMP-00089,LOC-05,SVC-02,2026-07-12,Cancelled,33,False,,Transport issue,Client,8.9,True,,,,,
APT-006446,REQ-006906,EMP-00057,LOC-06,SVC-03,2026-07-13,Cancelled,49,False,,Duplicate booking,Client,11.5,True,,,,,
APT-006449,REQ-006909,EMP-00110,LOC-07,SVC-01,2026-07-13,Cancelled,11,True,Urgent reassignment,Weather,Employee,44.2,True,,,,,
APT-006451,REQ-006911,EMP-00018,LOC-09,SVC-02,2026-07-13,Cancelled,14,False,,Client unavailable,Client,34.2,False,,,,,
APT-006458,REQ-006918,EMP-00110,LOC-03,SVC-02,2026-07-15,No-show,25,True,Skill match unavailable,Other,Organisation,0.2,True,,,,,
APT-006460,REQ-006920,EMP-00118,LOC-10,SVC-02,2026-07-15,No-show,32,False,,Weather,Client,37.0,True,,,,,
APT-006461,REQ-006921,EMP-00143,LOC-10,SVC-01,2026-07-13,Cancelled,38,False,,Client unavailable,Client,3.5,False,,,,,
APT-006462,REQ-006922,EMP-00023,LOC-04,SVC-08,2026-07-13,No-show,17,False,,Client unavailable,Employee,0.0,True,,,,,
APT-006464,REQ-006924,EMP-00090,LOC-10,SVC-08,2026-07-13,No-show,44,False,,Client unavailable,Employee,6.9,False,,,,,
APT-006470,REQ-006931,EMP-00025,LOC-08,SVC-02,2026-07-15,Cancelled,21,False,,Client unwell,Client,30.9,False,,,,,
APT-006475,REQ-006936,EMP-00117,LOC-01,SVC-01,2026-07-14,Cancelled,38,False,,Client unwell,Client,0.0,True,,,,,
APT-006477,REQ-006939,EMP-00013,LOC-08,SVC-06,2026-07-17,Cancelled,50,False,,Transport issue,Client,10.0,False,,,,,
APT-006482,REQ-006944,EMP-00131,LOC-10,SVC-04,2026-07-14,Cancelled,48,False,,Client unwell,Client,33.1,True,,,,,
APT-006493,REQ-006956,EMP-00063,LOC-07,SVC-01,2026-07-14,Cancelled,24,False,,Other,Client,6.6,False,,,,,
APT-006498,REQ-006961,EMP-00055,LOC-07,SVC-02,2026-07-16,No-show,30,False,,Client unavailable,Client,23.0,True,,,,,
APT-006501,REQ-006964,EMP-00011,LOC-02,SVC-02,2026-07-14,Cancelled,10,False,,Client declined,Employee,23.4,True,,,,,
APT-006502,REQ-006965,EMP-00095,LOC-10,SVC-02,2026-07-14,Cancelled,27,False,,Transport issue,Client,0.0,True,,,,,
APT-006506,REQ-006970,EMP-00093,LOC-09,SVC-01,2026-07-18,No-show,28,False,,Duplicate booking,Client,0.0,False,,,,,
APT-006508,REQ-006972,EMP-00011,LOC-07,SVC-01,2026-07-17,Cancelled,56,False,,Duplicate booking,Organisation,0.0,True,,,,,
APT-006511,REQ-006975,EMP-00057,LOC-08,SVC-01,2026-07-15,Cancelled,4,False,,Duplicate booking,Organisation,21.6,True,,,,,
APT-006513,REQ-006978,EMP-00005,LOC-08,SVC-01,2026-07-15,Cancelled,27,False,,Client declined,Client,46.7,True,,,,,
APT-006515,REQ-006980,EMP-00133,LOC-07,SVC-01,2026-07-17,Cancelled,60,False,,Staff illness,Client,0.0,True,,,,,
APT-006516,REQ-006981,EMP-00137,LOC-10,SVC-02,2026-07-18,Cancelled,11,False,,Duplicate booking,Client,15.0,True,,,,,
APT-006520,REQ-006985,EMP-00118,LOC-08,SVC-06,2026-07-15,Cancelled,37,False,,Client declined,Client,14.6,True,,,,,
APT-006527,REQ-006993,EMP-00126,LOC-09,SVC-03,2026-07-17,Cancelled,34,False,,Staff illness,Client,13.2,True,,,,,
APT-006537,REQ-007003,EMP-00061,LOC-06,SVC-01,2026-07-19,Cancelled,23,False,,Client declined,Client,0.0,True,,,,,
APT-006540,REQ-007006,EMP-00035,LOC-03,SVC-02,2026-07-16,Cancelled,22,False,,Transport issue,Employee,24.7,True,,,,,
APT-006543,REQ-007010,EMP-00086,LOC-05,SVC-07,2026-07-17,Cancelled,21,True,Skill match unavailable,Client unwell,Client,7.9,True,,,,,
APT-006548,REQ-007016,EMP-00014,LOC-02,SVC-02,2026-07-16,Cancelled,25,False,,Staff illness,Organisation,35.2,False,,,,,
APT-006549,REQ-007017,EMP-00013,LOC-09,SVC-01,2026-07-16,No-show,28,False,,Transport issue,Employee,16.0,False,,,,,
APT-006557,REQ-007028,EMP-00089,LOC-09,SVC-07,2026-07-18,Cancelled,25,False,,Staff illness,Organisation,44.2,False,,,,,
APT-006562,REQ-007033,EMP-00138,LOC-04,SVC-02,2026-07-19,No-show,8,False,,Duplicate booking,Employee,0.0,True,,,,,
APT-006565,REQ-007036,EMP-00091,LOC-10,SVC-02,2026-07-23,Cancelled,35,False,,Client declined,Employee,27.5,True,,,,,
APT-006567,REQ-007038,EMP-00138,LOC-09,SVC-07,2026-07-20,Cancelled,33,False,,Other,Client,7.3,False,,,,,
APT-006571,REQ-007042,EMP-00086,LOC-09,SVC-03,2026-07-18,Cancelled,55,False,,Weather,Employee,0.0,False,,,,,
APT-006579,REQ-007051,EMP-00120,LOC-05,SVC-04,2026-07-18,No-show,23,True,Client preference,Client unwell,Client,34.9,True,,,,,
APT-006580,REQ-007052,EMP-00010,LOC-02,SVC-05,2026-07-19,Cancelled,33,False,,Staff illness,Organisation,3.9,True,,,,,
APT-006581,REQ-007053,EMP-00010,LOC-06,SVC-02,2026-07-19,No-show,37,False,,Other,Client,12.5,True,,,,,
APT-006582,REQ-007054,EMP-00099,LOC-09,SVC-02,2026-07-19,Cancelled,13,False,,Weather,Employee,12.9,True,,,,,
APT-006583,REQ-007055,EMP-00104,LOC-03,SVC-01,2026-07-20,Cancelled,20,False,,Client unavailable,Client,0.0,True,,,,,
APT-006586,REQ-007058,EMP-00025,LOC-01,SVC-03,2026-07-20,Cancelled,36,False,,Client declined,Client,0.0,False,,,,,
APT-006592,REQ-007064,EMP-00138,LOC-04,SVC-01,2026-07-20,No-show,37,False,,Transport issue,Employee,11.3,True,,,,,
APT-006593,REQ-007065,EMP-00101,LOC-02,SVC-02,2026-07-21,Cancelled,14,False,,Client unavailable,Organisation,58.7,False,,,,,
APT-006594,REQ-007066,EMP-00089,LOC-04,SVC-05,2026-07-22,Cancelled,14,False,,Duplicate booking,Employee,58.3,False,,,,,
APT-006597,REQ-007069,EMP-00133,LOC-01,SVC-02,2026-07-22,Cancelled,23,False,,Weather,Client,0.0,True,,,,,
APT-006599,REQ-007071,EMP-00043,LOC-03,SVC-02,2026-07-21,No-show,11,False,,Weather,Client,27.8,True,,,,,
APT-006601,REQ-007073,EMP-00119,LOC-08,SVC-01,2026-07-20,Cancelled,3,False,,Transport issue,Client,46.0,True,,,,,
APT-006602,REQ-007074,EMP-00141,LOC-04,SVC-09,2026-07-21,Cancelled,9,False,,Other,Client,11.4,False,,,,,
APT-006604,REQ-007076,EMP-00016,LOC-03,SVC-07,2026-07-20,Cancelled,8,False,,Client unavailable,Organisation,42.4,True,,,,,
APT-006609,REQ-007082,EMP-00085,LOC-09,SVC-07,2026-07-20,No-show,21,False,,Weather,Employee,39.3,True,,,,,
APT-006612,REQ-007085,EMP-00100,LOC-08,SVC-06,2026-07-20,Cancelled,34,False,,Other,Employee,13.7,False,,,,,
APT-006613,REQ-007086,EMP-00096,LOC-10,SVC-02,2026-07-20,Cancelled,19,False,,Other,Client,0.0,False,,,,,
APT-006633,REQ-007106,EMP-00030,LOC-08,SVC-08,2026-07-22,Cancelled,45,False,,Client unwell,Employee,39.1,True,,,,,
APT-006637,REQ-007112,EMP-00070,LOC-09,SVC-01,2026-07-23,Cancelled,40,False,,Client unavailable,Client,18.7,True,,,,,
APT-006643,REQ-007120,EMP-00021,LOC-06,SVC-05,2026-07-22,Cancelled,36,False,,Other,Client,19.4,False,,,,,
APT-006646,REQ-007123,EMP-00056,LOC-02,SVC-01,2026-07-22,No-show,9,False,,Client declined,Employee,28.4,False,,,,,
APT-006647,REQ-007124,EMP-00137,LOC-06,SVC-01,2026-07-24,No-show,25,False,,Client unavailable,Client,31.5,True,,,,,
APT-006648,REQ-007125,EMP-00119,LOC-08,SVC-05,2026-07-23,Cancelled,3,False,,Staff illness,Organisation,23.4,True,,,,,
APT-006649,REQ-007126,EMP-00098,LOC-02,SVC-01,2026-07-22,Cancelled,10,False,,Transport issue,Client,29.9,False,,,,,
APT-006651,REQ-007128,EMP-00024,LOC-03,SVC-01,2026-07-23,Cancelled,22,False,,Weather,Client,24.3,False,,,,,
APT-006655,REQ-007132,EMP-00113,LOC-03,SVC-03,2026-07-22,Cancelled,37,False,,Other,Client,28.1,True,,,,,
APT-006659,REQ-007136,EMP-00042,LOC-05,SVC-06,2026-07-22,Cancelled,4,False,,Weather,Client,7.2,True,,,,,
APT-006660,REQ-007137,EMP-00118,LOC-01,SVC-05,2026-07-24,No-show,25,False,,Other,Client,0.0,True,,,,,
APT-006661,REQ-007138,EMP-00122,LOC-08,SVC-03,2026-07-23,Cancelled,4,False,,Staff illness,Client,0.0,True,,,,,
APT-006665,REQ-007142,EMP-00150,LOC-08,SVC-02,2026-07-24,Cancelled,40,False,,Client unavailable,Organisation,12.9,False,,,,,
APT-006672,REQ-007151,EMP-00075,LOC-03,SVC-01,2026-07-30,Cancelled,6,False,,Staff illness,Client,33.4,True,,,,,
APT-006673,REQ-007152,EMP-00041,LOC-08,SVC-01,2026-07-24,No-show,24,False,,Client declined,Organisation,0.0,True,,,,,
APT-006675,REQ-007154,EMP-00113,LOC-09,SVC-02,2026-07-23,Cancelled,51,False,,Client declined,Client,44.3,False,,,,,
APT-006677,REQ-007156,EMP-00068,LOC-08,SVC-05,2026-07-27,Cancelled,35,False,,Transport issue,Client,15.2,False,,,,,
APT-006678,REQ-007157,EMP-00056,LOC-01,SVC-01,2026-07-23,No-show,3,False,,Client declined,Client,6.8,True,,,,,
APT-006682,REQ-007161,EMP-00010,LOC-07,SVC-04,2026-07-23,Cancelled,23,False,,Other,Client,59.5,True,,,,,
APT-006684,REQ-007163,EMP-00092,LOC-07,SVC-03,2026-07-24,Cancelled,19,False,,Staff illness,Employee,0.0,True,,,,,
APT-006692,REQ-007171,EMP-00110,LOC-04,SVC-02,2026-07-24,Cancelled,23,False,,Duplicate booking,Client,33.3,True,,,,,
APT-006693,REQ-007172,EMP-00137,LOC-07,SVC-03,2026-07-24,Cancelled,13,False,,Transport issue,Client,38.7,True,,,,,
APT-006694,REQ-007173,EMP-00103,LOC-04,SVC-06,2026-07-27,No-show,36,False,,Client unavailable,Client,60.5,True,,,,,
APT-006696,REQ-007175,EMP-00052,LOC-07,SVC-03,2026-07-25,Cancelled,33,False,,Transport issue,Organisation,14.5,True,,,,,
APT-006700,REQ-007179,EMP-00058,LOC-08,SVC-09,2026-07-27,Cancelled,23,False,,Other,Client,32.6,True,,,,,
APT-006703,REQ-007182,EMP-00063,LOC-08,SVC-06,2026-07-24,Cancelled,3,False,,Client unavailable,Organisation,1.0,True,,,,,
APT-006707,REQ-007186,EMP-00044,LOC-03,SVC-06,2026-07-24,Cancelled,27,False,,Weather,Client,36.5,False,,,,,
APT-006710,REQ-007189,EMP-00098,LOC-01,SVC-05,2026-07-25,Cancelled,34,False,,Other,Organisation,3.7,False,,,,,
APT-006714,REQ-007193,EMP-00022,LOC-06,SVC-01,2026-07-24,Cancelled,53,False,,Staff illness,Client,0.0,True,,,,,
APT-006717,REQ-007196,EMP-00039,LOC-06,SVC-05,2026-07-28,Cancelled,70,False,,Client unwell,Client,28.9,False,,,,,
APT-006718,REQ-007197,EMP-00051,LOC-10,SVC-04,2026-07-27,No-show,31,False,,Client unavailable,Client,11.6,False,,,,,
APT-006723,REQ-007202,EMP-00039,LOC-08,SVC-02,2026-07-27,Cancelled,30,False,,Weather,Organisation,46.5,True,,,,,
APT-006725,REQ-007204,EMP-00085,LOC-09,SVC-06,2026-07-27,Cancelled,36,False,,Client unwell,Client,3.1,True,,,,,
APT-006727,REQ-007206,EMP-00024,LOC-09,SVC-01,2026-07-27,Cancelled,22,False,,Staff illness,Client,30.5,True,,,,,
APT-006734,REQ-007213,EMP-00096,LOC-06,SVC-04,2026-07-27,Cancelled,29,False,,Client unavailable,Organisation,24.1,False,,,,,
APT-006736,REQ-007215,EMP-00049,LOC-08,SVC-05,2026-07-27,Cancelled,38,False,,Duplicate booking,Client,60.4,True,,,,,
APT-006738,REQ-007217,EMP-00102,LOC-04,SVC-02,2026-07-27,No-show,25,True,Urgent reassignment,Other,Client,0.0,False,,,,,
APT-006743,REQ-007222,EMP-00042,LOC-07,SVC-02,2026-07-27,No-show,16,False,,Duplicate booking,Organisation,14.3,False,,,,,
APT-006747,REQ-007226,EMP-00016,LOC-10,SVC-06,2026-07-27,Cancelled,41,True,Skill match unavailable,Other,Employee,0.0,False,,,,,
APT-006749,REQ-007228,EMP-00049,LOC-10,SVC-01,2026-07-27,No-show,3,False,,Client unavailable,Client,1.4,False,,,,,
APT-006752,REQ-007231,EMP-00024,LOC-01,SVC-05,2026-07-27,Cancelled,43,False,,Client unwell,Organisation,24.3,True,,,,,
APT-006753,REQ-007232,EMP-00150,LOC-07,SVC-02,2026-07-27,Cancelled,13,False,,Duplicate booking,Client,11.3,True,,,,,
APT-006754,REQ-007233,EMP-00065,LOC-07,SVC-02,2026-07-27,Cancelled,5,False,,Other,Client,0.0,False,,,,,
APT-006757,REQ-007238,EMP-00041,LOC-06,SVC-03,2026-07-28,Cancelled,26,False,,Weather,Employee,41.8,False,,,,,
APT-006758,REQ-007239,EMP-00090,LOC-02,SVC-02,2026-07-27,Cancelled,27,False,,Client declined,Client,14.6,True,,,,,
APT-006760,REQ-007242,EMP-00134,LOC-08,SVC-02,2026-07-27,Cancelled,37,False,,Client declined,Client,0.0,True,,,,,
APT-006762,REQ-007245,EMP-00134,LOC-03,SVC-05,2026-07-27,Cancelled,19,False,,Other,Client,0.0,True,,,,,
APT-006763,REQ-007247,EMP-00021,LOC-06,SVC-02,2026-07-27,No-show,24,False,,Staff illness,Client,26.8,False,,,,,
APT-006764,REQ-007248,EMP-00061,LOC-01,SVC-05,2026-07-29,Cancelled,19,False,,Transport issue,Organisation,1.1,True,,,,,
APT-006765,REQ-007249,EMP-00066,LOC-03,SVC-07,2026-07-29,No-show,7,False,,Client unavailable,Client,48.8,False,,,,,
APT-006774,REQ-007258,EMP-00031,LOC-05,SVC-01,2026-07-28,No-show,48,False,,Other,Client,0.0,True,,,,,
APT-006785,REQ-007272,EMP-00150,LOC-07,SVC-02,2026-07-30,Cancelled,42,False,,Duplicate booking,Client,17.3,False,,,,,
APT-006786,REQ-007273,EMP-00101,LOC-08,SVC-09,2026-07-28,Cancelled,26,False,,Weather,Employee,11.9,True,,,,,
APT-006787,REQ-007274,EMP-00018,LOC-07,SVC-06,2026-07-31,No-show,19,False,,Staff illness,Organisation,22.1,False,,,,,
APT-006795,REQ-007282,EMP-00013,LOC-03,SVC-02,2026-07-30,No-show,40,False,,Weather,Organisation,22.9,True,,,,,
APT-006799,REQ-007286,EMP-00128,LOC-04,SVC-03,2026-07-31,Cancelled,3,False,,Other,Client,11.7,True,,,,,
APT-006804,REQ-007291,EMP-00011,LOC-06,SVC-01,2026-07-29,Cancelled,46,False,,Duplicate booking,Organisation,0.0,False,,,,,
APT-006806,REQ-007293,EMP-00079,LOC-07,SVC-07,2026-08-03,Cancelled,24,False,,Client unwell,Employee,10.8,True,,,,,
APT-006815,REQ-007302,EMP-00126,LOC-07,SVC-03,2026-08-01,Cancelled,24,False,,Weather,Client,23.6,False,,,,,
APT-006819,REQ-007306,EMP-00142,LOC-06,SVC-04,2026-07-31,Cancelled,32,False,,Duplicate booking,Client,0.0,False,,,,,
APT-006822,REQ-007310,EMP-00115,LOC-08,SVC-01,2026-08-03,Cancelled,10,False,,Staff illness,Employee,0.0,False,,,,,
APT-006825,REQ-007313,EMP-00113,LOC-10,SVC-01,2026-07-31,Cancelled,10,False,,Client declined,Employee,21.0,True,,,,,
APT-006828,REQ-007316,EMP-00136,LOC-02,SVC-01,2026-07-30,Cancelled,6,False,,Other,Client,2.9,True,,,,,
APT-006829,REQ-007317,EMP-00120,LOC-04,SVC-07,2026-07-31,Cancelled,22,False,,Transport issue,Client,23.3,True,,,,,
APT-006831,REQ-007319,EMP-00070,LOC-03,SVC-01,2026-08-01,Cancelled,41,False,,Client unwell,Client,23.1,False,,,,,
APT-006834,REQ-007322,EMP-00021,LOC-04,SVC-01,2026-07-30,No-show,21,False,,Client unavailable,Organisation,19.5,False,,,,,
APT-006836,REQ-007324,EMP-00094,LOC-06,SVC-06,2026-07-30,Cancelled,34,False,,Client unwell,Organisation,14.5,False,,,,,
APT-006844,REQ-007332,EMP-00146,LOC-07,SVC-04,2026-07-31,Cancelled,41,False,,Weather,Organisation,23.7,True,,,,,
APT-006846,REQ-007334,EMP-00106,LOC-01,SVC-01,2026-07-31,No-show,22,False,,Client unavailable,Client,0.0,False,,,,,
APT-006850,REQ-007338,EMP-00079,LOC-02,SVC-02,2026-07-31,Cancelled,42,False,,Client unavailable,Organisation,11.3,True,,,,,
APT-006857,REQ-007345,EMP-00115,LOC-02,SVC-02,2026-07-31,Cancelled,37,False,,Duplicate booking,Employee,63.7,True,,,,,
APT-006862,REQ-007350,EMP-00058,LOC-09,SVC-02,2026-07-31,Cancelled,33,False,,Client unavailable,Client,25.7,False,,,,,
APT-006863,REQ-007351,EMP-00146,LOC-06,SVC-07,2026-08-02,No-show,8,False,,Staff illness,Organisation,24.7,False,,,,,
APT-006865,REQ-007353,EMP-00099,LOC-06,SVC-06,2026-07-31,Cancelled,62,False,,Other,Client,33.4,False,,,,,
APT-006145,REQ-006588,EMP-00024,LOC-02,SVC-03,2026-07-01,Completed,15,False,,,,,,4.5,90.7,False,True,True
APT-006146,REQ-006589,EMP-00136,LOC-02,SVC-08,2026-07-01,Completed,37,False,,,,,,4.6,90.1,False,False,False
APT-006148,REQ-006591,EMP-00011,LOC-03,SVC-06,2026-07-01,Completed,26,False,,,,,,3.9,82.8,False,True,True
APT-006149,REQ-006593,EMP-00061,LOC-02,SVC-01,2026-06-30,Completed,27,False,,,,,,3.3,83.1,False,False,False
APT-006150,REQ-006594,EMP-00060,LOC-07,SVC-06,2026-07-01,Completed,38,False,,,,,,3.8,75.9,False,True,True
APT-006151,REQ-006595,EMP-00061,LOC-09,SVC-02,2026-06-30,Completed,3,False,,,,,,4.0,88.5,False,True,False
APT-006154,REQ-006598,EMP-00040,LOC-07,SVC-06,2026-07-02,Completed,44,False,,,,,,,65.0,False,False,False
APT-006155,REQ-006600,EMP-00061,LOC-10,SVC-08,2026-07-02,Completed,25,False,,,,,,2.4,63.5,False,True,False
APT-006156,REQ-006601,EMP-00013,LOC-02,SVC-01,2026-07-01,Completed,14,False,,,,,,4.4,90.0,False,True,False
APT-006157,REQ-006602,EMP-00014,LOC-06,SVC-09,2026-07-01,Completed,35,False,,,,,,5.0,84.5,False,True,True
APT-006159,REQ-006604,EMP-00065,LOC-01,SVC-01,2026-07-01,Completed,32,False,,,,,,3.0,87.3,False,True,False
APT-006160,REQ-006605,EMP-00042,LOC-01,SVC-02,2026-07-02,Completed,24,False,,,,,,4.2,80.3,False,True,True
APT-006163,REQ-006608,EMP-00100,LOC-02,SVC-03,2026-07-02,Completed,21,False,,,,,,5.0,74.2,False,True,False
APT-006164,REQ-006609,EMP-00069,LOC-06,SVC-03,2026-06-30,Completed,31,False,,,,,,4.3,86.0,False,False,False
APT-006165,REQ-006610,EMP-00075,LOC-05,SVC-01,2026-06-30,Completed,22,False,,,,,,3.6,75.3,False,True,False
APT-006169,REQ-006614,EMP-00025,LOC-08,SVC-04,2026-07-01,Completed,28,True,Client preference,,,,,4.1,65.8,False,False,False
APT-006170,REQ-006615,EMP-00115,LOC-02,SVC-07,2026-07-01,Completed,23,False,,,,,,5.0,83.1,False,True,False
APT-006172,REQ-006617,EMP-00049,LOC-08,SVC-05,2026-07-02,Completed,16,False,,,,,,5.0,87.9,False,True,False
APT-006173,REQ-006618,EMP-00085,LOC-09,SVC-09,2026-07-02,Completed,44,False,,,,,,3.8,66.7,True,True,True
APT-006174,REQ-006619,EMP-00044,LOC-01,SVC-01,2026-07-02,Completed,10,False,,,,,,5.0,84.4,False,True,False
APT-006175,REQ-006620,EMP-00110,LOC-05,SVC-06,2026-07-01,Completed,27,False,,,,,,3.2,100.0,False,True,False
APT-006183,REQ-006629,EMP-00100,LOC-02,SVC-02,2026-07-04,Completed,26,False,,,,,,5.0,72.3,False,True,True
APT-006188,REQ-006636,EMP-00106,LOC-06,SVC-01,2026-07-02,Completed,34,False,,,,,,,86.9,False,True,False
APT-006189,REQ-006637,EMP-00037,LOC-03,SVC-07,2026-07-01,Completed,18,False,,,,,,4.9,70.9,True,True,False
APT-006190,REQ-006638,EMP-00121,LOC-01,SVC-04,2026-07-02,Completed,15,False,,,,,,5.0,73.6,False,False,False
APT-006191,REQ-006639,EMP-00083,LOC-03,SVC-01,2026-07-02,Completed,30,False,,,,,,4.1,85.3,False,True,False
APT-006197,REQ-006645,EMP-00093,LOC-07,SVC-07,2026-07-03,Completed,44,False,,,,,,2.7,73.5,False,True,False
APT-006198,REQ-006646,EMP-00150,LOC-06,SVC-05,2026-07-02,Completed,40,True,Skill match unavailable,,,,,3.8,97.8,False,True,False
APT-006199,REQ-006647,EMP-00066,LOC-10,SVC-04,2026-07-02,Completed,21,False,,,,,,4.3,72.1,False,True,False
APT-006202,REQ-006650,EMP-00142,LOC-07,SVC-02,2026-07-02,Completed,36,False,,,,,,3.7,83.2,False,True,False
APT-006203,REQ-006651,EMP-00080,LOC-02,SVC-05,2026-07-02,Completed,48,False,,,,,,4.8,100.0,True,True,True
APT-006205,REQ-006654,EMP-00018,LOC-07,SVC-05,2026-07-04,Completed,56,False,,,,,,3.2,85.0,False,True,False
APT-006206,REQ-006655,EMP-00139,LOC-04,SVC-01,2026-07-03,Completed,30,False,,,,,,5.0,94.6,False,True,True
APT-006212,REQ-006661,EMP-00005,LOC-05,SVC-05,2026-07-03,Completed,29,False,,,,,,4.3,85.2,False,True,True
APT-006213,REQ-006662,EMP-00002,LOC-09,SVC-01,2026-07-02,Completed,15,False,,,,,,3.8,93.9,False,True,False
APT-006214,REQ-006663,EMP-00044,LOC-10,SVC-03,2026-07-03,Completed,11,False,,,,,,5.0,71.0,False,True,False
APT-006215,REQ-006664,EMP-00083,LOC-07,SVC-01,2026-07-03,Completed,51,False,,,,,,4.6,75.3,False,True,False
APT-006216,REQ-006665,EMP-00066,LOC-03,SVC-01,2026-07-02,Completed,17,False,,,,,,4.1,79.2,False,True,True
APT-006221,REQ-006670,EMP-00083,LOC-01,SVC-05,2026-07-03,Completed,32,False,,,,,,3.6,89.2,False,True,False
APT-006222,REQ-006671,EMP-00100,LOC-06,SVC-08,2026-07-06,Completed,49,False,,,,,,4.5,74.5,False,True,False
APT-006223,REQ-006672,EMP-00080,LOC-05,SVC-01,2026-07-04,Completed,26,False,,,,,,4.9,86.1,False,True,False
APT-006226,REQ-006675,EMP-00063,LOC-03,SVC-05,2026-07-03,Completed,27,False,,,,,,5.0,90.7,False,True,False
APT-006228,REQ-006678,EMP-00047,LOC-07,SVC-01,2026-07-08,Completed,46,True,Urgent reassignment,,,,,3.9,91.9,False,False,True
APT-006229,REQ-006679,EMP-00086,LOC-07,SVC-05,2026-07-08,Completed,39,False,,,,,,3.5,96.6,False,True,False
APT-006230,REQ-006680,EMP-00060,LOC-06,SVC-01,2026-07-03,Completed,11,False,,,,,,,91.4,False,True,False
APT-006231,REQ-006681,EMP-00099,LOC-10,SVC-08,2026-07-05,Completed,41,False,,,,,,5.0,100.0,False,True,False
APT-006236,REQ-006686,EMP-00015,LOC-09,SVC-05,2026-07-04,Completed,26,False,,,,,,4.8,74.9,False,True,False
APT-006237,REQ-006687,EMP-00042,LOC-05,SVC-02,2026-07-04,Completed,23,False,,,,,,4.7,68.3,False,False,True
APT-006238,REQ-006688,EMP-00018,LOC-10,SVC-01,2026-07-03,Completed,36,False,,,,,,4.7,59.7,False,True,False
APT-006239,REQ-006689,EMP-00137,LOC-09,SVC-05,2026-07-03,Completed,41,False,,,,,,3.8,94.5,False,True,False
APT-006240,REQ-006690,EMP-00065,LOC-01,SVC-07,2026-07-03,Completed,11,False,,,,,,4.5,97.0,False,False,False
APT-006241,REQ-006691,EMP-00117,LOC-04,SVC-06,2026-07-04,Completed,38,False,,,,,,4.7,79.3,False,True,True
APT-006242,REQ-006692,EMP-00035,LOC-02,SVC-01,2026-07-04,Completed,16,False,,,,,,4.9,66.1,False,True,True
APT-006243,REQ-006693,EMP-00093,LOC-04,SVC-04,2026-07-05,Completed,28,False,,,,,,3.4,75.3,False,True,False
APT-006244,REQ-006694,EMP-00015,LOC-10,SVC-05,2026-07-03,Completed,17,False,,,,,,4.3,62.6,True,True,False
APT-006245,REQ-006695,EMP-00093,LOC-06,SVC-06,2026-07-07,Completed,3,False,,,,,,4.3,91.9,False,True,True
APT-006246,REQ-006696,EMP-00093,LOC-08,SVC-07,2026-07-04,Completed,39,False,,,,,,3.9,89.2,False,True,True
APT-006247,REQ-006697,EMP-00050,LOC-09,SVC-02,2026-07-05,Completed,42,False,,,,,,4.6,91.1,False,False,True
APT-006251,REQ-006702,EMP-00015,LOC-09,SVC-09,2026-07-05,Completed,32,False,,,,,,5.0,74.2,False,True,False
APT-006252,REQ-006703,EMP-00058,LOC-02,SVC-01,2026-07-05,Completed,19,False,,,,,,4.9,88.2,False,True,False
APT-006253,REQ-006705,EMP-00070,LOC-02,SVC-01,2026-07-04,Completed,16,False,,,,,,5.0,56.1,False,True,True
APT-006255,REQ-006707,EMP-00025,LOC-02,SVC-05,2026-07-04,Completed,30,False,,,,,,4.6,61.8,False,True,False
APT-006256,REQ-006708,EMP-00110,LOC-08,SVC-03,2026-07-06,Completed,11,False,,,,,,3.4,68.3,False,True,False
APT-006257,REQ-006710,EMP-00069,LOC-05,SVC-05,2026-07-04,Completed,18,False,,,,,,2.8,73.5,False,True,True
APT-006258,REQ-006711,EMP-00096,LOC-10,SVC-04,2026-07-05,Completed,3,True,Skill match unavailable,,,,,4.6,83.5,False,True,False
APT-006259,REQ-006712,EMP-00021,LOC-03,SVC-01,2026-07-05,Completed,21,False,,,,,,4.6,84.2,False,False,False
APT-006263,REQ-006717,EMP-00064,LOC-08,SVC-08,2026-07-05,Completed,17,False,,,,,,4.7,85.8,False,False,False
APT-006264,REQ-006718,EMP-00066,LOC-03,SVC-05,2026-07-06,Completed,19,False,,,,,,4.6,66.9,False,True,True
APT-006265,REQ-006719,EMP-00122,LOC-10,SVC-07,2026-07-05,Completed,16,False,,,,,,4.5,82.5,False,True,False
APT-006266,REQ-006720,EMP-00032,LOC-01,SVC-06,2026-07-05,Completed,29,False,,,,,,2.9,87.5,False,True,True
APT-006270,REQ-006724,EMP-00055,LOC-06,SVC-04,2026-07-06,Completed,30,False,,,,,,3.4,87.7,True,True,True
APT-006271,REQ-006725,EMP-00054,LOC-06,SVC-02,2026-07-05,Completed,7,False,,,,,,5.0,93.4,False,True,False
APT-006272,REQ-006726,EMP-00024,LOC-07,SVC-01,2026-07-05,Completed,22,False,,,,,,3.8,63.1,False,True,False
APT-006274,REQ-006728,EMP-00110,LOC-10,SVC-03,2026-07-07,Completed,41,False,,,,,,4.9,98.6,False,True,False
APT-006275,REQ-006729,EMP-00133,LOC-07,SVC-03,2026-07-07,Completed,32,False,,,,,,4.5,59.5,False,True,False
APT-006276,REQ-006731,EMP-00080,LOC-05,SVC-08,2026-07-07,Completed,6,False,,,,,,2.8,77.1,False,True,False
APT-006277,REQ-006732,EMP-00134,LOC-08,SVC-01,2026-07-06,Completed,13,False,,,,,,3.2,93.1,False,True,False
APT-006281,REQ-006736,EMP-00031,LOC-07,SVC-05,2026-07-07,Completed,21,True,Urgent reassignment,,,,,4.1,77.9,False,False,False
APT-006283,REQ-006738,EMP-00093,LOC-01,SVC-06,2026-07-07,Completed,24,False,,,,,,3.8,97.4,False,True,False
APT-006286,REQ-006741,EMP-00096,LOC-10,SVC-03,2026-07-07,Completed,31,False,,,,,,4.4,73.1,False,True,True
APT-006291,REQ-006747,EMP-00115,LOC-05,SVC-05,2026-07-06,Completed,22,False,,,,,,3.0,77.1,False,True,False
APT-006294,REQ-006750,EMP-00044,LOC-02,SVC-01,2026-07-06,Completed,29,False,,,,,,5.0,95.6,False,True,False
APT-006295,REQ-006751,EMP-00120,LOC-04,SVC-04,2026-07-06,Completed,11,False,,,,,,4.5,74.6,False,True,False
APT-006297,REQ-006753,EMP-00032,LOC-07,SVC-04,2026-07-07,Completed,24,False,,,,,,5.0,64.2,True,True,False
APT-006299,REQ-006755,EMP-00105,LOC-04,SVC-01,2026-07-07,Completed,13,False,,,,,,5.0,68.9,False,False,False
APT-006301,REQ-006757,EMP-00089,LOC-09,SVC-03,2026-07-07,Completed,26,False,,,,,,,80.0,False,True,False
APT-006302,REQ-006758,EMP-00018,LOC-07,SVC-08,2026-07-08,Completed,17,False,,,,,,4.7,90.1,False,True,False
APT-006305,REQ-006762,EMP-00014,LOC-07,SVC-09,2026-07-07,Completed,18,False,,,,,,,92.6,False,True,True
APT-006307,REQ-006764,EMP-00117,LOC-01,SVC-04,2026-07-07,Completed,25,False,,,,,,3.3,82.5,False,False,False
APT-006309,REQ-006766,EMP-00079,LOC-06,SVC-06,2026-07-07,Completed,52,False,,,,,,,93.5,False,True,False
APT-006311,REQ-006768,EMP-00106,LOC-03,SVC-08,2026-07-08,Completed,15,False,,,,,,3.9,77.1,False,True,True
APT-006312,REQ-006769,EMP-00044,LOC-04,SVC-01,2026-07-07,Completed,34,False,,,,,,4.6,74.2,False,True,False
APT-006314,REQ-006771,EMP-00031,LOC-06,SVC-05,2026-07-08,Completed,30,False,,,,,,3.5,78.9,False,True,True
APT-006315,REQ-006772,EMP-00021,LOC-06,SVC-06,2026-07-07,Completed,35,False,,,,,,5.0,95.4,False,True,False
APT-006318,REQ-006775,EMP-00119,LOC-02,SVC-05,2026-07-09,Completed,4,False,,,,,,3.6,74.3,False,True,False
APT-006319,REQ-006776,EMP-00089,LOC-07,SVC-05,2026-07-07,Completed,28,False,,,,,,3.0,71.6,False,True,False
APT-006320,REQ-006777,EMP-00064,LOC-01,SVC-09,2026-07-09,Completed,26,False,,,,,,3.6,73.1,False,True,True
APT-006321,REQ-006778,EMP-00033,LOC-09,SVC-05,2026-07-08,Completed,11,False,,,,,,4.3,71.7,False,True,False
APT-006322,REQ-006779,EMP-00115,LOC-01,SVC-09,2026-07-08,Completed,39,False,,,,,,4.0,73.0,False,True,False
APT-006323,REQ-006780,EMP-00051,LOC-03,SVC-07,2026-07-07,Completed,19,False,,,,,,4.1,73.5,False,False,False
APT-006325,REQ-006782,EMP-00115,LOC-05,SVC-03,2026-07-08,Completed,9,False,,,,,,,86.9,False,True,False
APT-006326,REQ-006783,EMP-00041,LOC-03,SVC-09,2026-07-08,Completed,41,False,,,,,,4.4,88.8,False,False,False
APT-006327,REQ-006784,EMP-00050,LOC-03,SVC-06,2026-07-07,Completed,27,False,,,,,,3.9,81.3,True,True,True
APT-006328,REQ-006785,EMP-00086,LOC-10,SVC-07,2026-07-08,Completed,25,False,,,,,,4.4,93.4,False,True,False
APT-006329,REQ-006786,EMP-00006,LOC-05,SVC-02,2026-07-08,Completed,7,False,,,,,,5.0,77.4,False,True,False
APT-006330,REQ-006787,EMP-00044,LOC-03,SVC-05,2026-07-10,Completed,28,False,,,,,,4.3,81.8,False,False,False
APT-006331,REQ-006788,EMP-00030,LOC-07,SVC-01,2026-07-08,Completed,10,False,,,,,,3.4,89.1,False,True,True
APT-006332,REQ-006789,EMP-00106,LOC-10,SVC-05,2026-07-09,Completed,66,True,Urgent reassignment,,,,,4.5,100.0,True,True,False
APT-006334,REQ-006791,EMP-00137,LOC-06,SVC-01,2026-07-08,Completed,37,False,,,,,,3.8,79.2,False,True,False
APT-006335,REQ-006792,EMP-00005,LOC-02,SVC-04,2026-07-08,Completed,23,False,,,,,,3.5,58.1,False,True,False
APT-006338,REQ-006795,EMP-00095,LOC-07,SVC-06,2026-07-09,Completed,28,False,,,,,,4.7,88.4,False,True,False
APT-006340,REQ-006797,EMP-00033,LOC-09,SVC-07,2026-07-08,Completed,15,False,,,,,,4.7,73.5,False,True,False
APT-006341,REQ-006798,EMP-00118,LOC-06,SVC-03,2026-07-09,Completed,30,False,,,,,,4.9,82.3,False,True,False
APT-006343,REQ-006800,EMP-00069,LOC-10,SVC-01,2026-07-11,Completed,29,False,,,,,,3.8,95.8,False,True,False
APT-006344,REQ-006801,EMP-00057,LOC-06,SVC-07,2026-07-08,Completed,14,False,,,,,,3.5,67.1,False,True,False
APT-006345,REQ-006802,EMP-00065,LOC-06,SVC-04,2026-07-08,Completed,38,False,,,,,,3.5,94.4,False,True,False
APT-006346,REQ-006803,EMP-00013,LOC-07,SVC-03,2026-07-12,Completed,25,False,,,,,,4.7,74.3,False,True,False
APT-006347,REQ-006804,EMP-00044,LOC-03,SVC-01,2026-07-09,Completed,24,False,,,,,,4.6,99.2,False,True,False
APT-006350,REQ-006807,EMP-00062,LOC-01,SVC-01,2026-07-09,Completed,28,False,,,,,,4.1,80.6,False,True,False
APT-006351,REQ-006808,EMP-00118,LOC-03,SVC-04,2026-07-08,Completed,26,False,,,,,,,67.3,False,True,False
APT-006353,REQ-006810,EMP-00101,LOC-03,SVC-01,2026-07-08,Completed,14,False,,,,,,3.4,73.4,False,True,False
APT-006354,REQ-006811,EMP-00057,LOC-04,SVC-02,2026-07-08,Completed,33,False,,,,,,2.8,81.6,False,True,False
APT-006355,REQ-006812,EMP-00011,LOC-03,SVC-03,2026-07-09,Completed,19,False,,,,,,3.7,96.7,False,True,False
APT-006356,REQ-006813,EMP-00096,LOC-03,SVC-01,2026-07-09,Completed,22,False,,,,,,3.1,78.6,False,True,False
APT-006359,REQ-006816,EMP-00120,LOC-03,SVC-01,2026-07-09,Completed,30,True,Client preference,,,,,4.6,86.1,False,True,False
APT-006360,REQ-006817,EMP-00085,LOC-06,SVC-01,2026-07-11,Completed,52,False,,,,,,4.6,83.3,False,True,False
APT-006361,REQ-006818,EMP-00018,LOC-08,SVC-02,2026-07-10,Completed,13,False,,,,,,4.0,77.8,False,True,False
APT-006364,REQ-006821,EMP-00055,LOC-07,SVC-08,2026-07-10,Completed,26,False,,,,,,4.4,100.0,False,True,False
APT-006365,REQ-006822,EMP-00098,LOC-05,SVC-06,2026-07-09,Completed,35,False,,,,,,3.6,96.9,False,True,False
APT-006366,REQ-006823,EMP-00005,LOC-07,SVC-01,2026-07-09,Completed,46,False,,,,,,3.1,86.2,False,False,False
APT-006367,REQ-006824,EMP-00123,LOC-01,SVC-07,2026-07-10,Completed,21,False,,,,,,4.4,76.2,False,True,True
APT-006373,REQ-006831,EMP-00063,LOC-05,SVC-06,2026-07-11,Completed,17,False,,,,,,3.3,79.2,False,True,False
APT-006374,REQ-006832,EMP-00042,LOC-08,SVC-09,2026-07-10,Completed,27,False,,,,,,3.4,82.3,False,True,True
APT-006375,REQ-006833,EMP-00090,LOC-10,SVC-04,2026-07-09,Completed,3,False,,,,,,4.1,71.9,False,True,False
APT-006376,REQ-006834,EMP-00096,LOC-01,SVC-03,2026-07-09,Completed,29,False,,,,,,4.0,88.5,False,True,False
APT-006379,REQ-006837,EMP-00146,LOC-07,SVC-03,2026-07-10,Completed,33,False,,,,,,3.6,69.4,False,True,False
APT-006380,REQ-006838,EMP-00065,LOC-01,SVC-01,2026-07-10,Completed,12,False,,,,,,4.2,89.9,False,True,False
APT-006383,REQ-006841,EMP-00134,LOC-06,SVC-03,2026-07-10,Completed,29,False,,,,,,4.2,74.3,False,True,True
APT-006387,REQ-006846,EMP-00139,LOC-09,SVC-08,2026-07-12,Completed,38,False,,,,,,3.1,88.2,False,False,False
APT-006389,REQ-006848,EMP-00068,LOC-03,SVC-02,2026-07-10,Completed,27,False,,,,,,4.3,86.8,False,False,False
APT-006390,REQ-006849,EMP-00105,LOC-10,SVC-09,2026-07-11,Completed,17,False,,,,,,4.0,66.4,False,True,True
APT-006393,REQ-006852,EMP-00141,LOC-01,SVC-03,2026-07-11,Completed,8,False,,,,,,3.8,95.8,False,True,False
APT-006395,REQ-006854,EMP-00150,LOC-01,SVC-01,2026-07-11,Completed,20,False,,,,,,4.3,81.6,False,True,False
APT-006398,REQ-006857,EMP-00118,LOC-02,SVC-01,2026-07-12,Completed,3,False,,,,,,3.3,85.9,False,True,False
APT-006399,REQ-006858,EMP-00139,LOC-05,SVC-04,2026-07-10,Completed,25,False,,,,,,,100.0,False,True,False
APT-006401,REQ-006860,EMP-00027,LOC-10,SVC-01,2026-07-10,Completed,28,False,,,,,,4.4,76.1,False,False,True
APT-006402,REQ-006861,EMP-00093,LOC-04,SVC-03,2026-07-10,Completed,19,False,,,,,,3.7,82.2,False,True,False
APT-006403,REQ-006862,EMP-00094,LOC-05,SVC-02,2026-07-11,Completed,11,False,,,,,,4.4,89.2,False,True,False
APT-006405,REQ-006864,EMP-00023,LOC-03,SVC-03,2026-07-11,Completed,32,False,,,,,,4.3,78.8,False,True,False
APT-006406,REQ-006865,EMP-00101,LOC-08,SVC-09,2026-07-14,Completed,26,False,,,,,,3.8,90.3,False,True,False
APT-006409,REQ-006868,EMP-00050,LOC-03,SVC-05,2026-07-11,Completed,28,True,Continuity of care,,,,,3.9,83.3,False,True,False
APT-006410,REQ-006869,EMP-00014,LOC-05,SVC-06,2026-07-10,Completed,18,False,,,,,,4.3,71.3,False,False,False
APT-006411,REQ-006870,EMP-00058,LOC-05,SVC-02,2026-07-11,Completed,5,False,,,,,,3.6,100.0,False,True,False
APT-006412,REQ-006871,EMP-00110,LOC-08,SVC-05,2026-07-10,Completed,25,False,,,,,,4.5,100.0,False,False,False
APT-006414,REQ-006873,EMP-00015,LOC-04,SVC-06,2026-07-11,Completed,27,True,Skill match unavailable,,,,,3.6,86.1,False,True,False
APT-006416,REQ-006875,EMP-00095,LOC-06,SVC-02,2026-07-11,Completed,46,False,,,,,,4.4,90.5,False,True,False
APT-006418,REQ-006877,EMP-00098,LOC-10,SVC-09,2026-07-12,Completed,34,False,,,,,,4.4,84.4,False,True,False
APT-006420,REQ-006879,EMP-00092,LOC-06,SVC-01,2026-07-12,Completed,31,True,Skill match unavailable,,,,,4.1,100.0,True,True,False
APT-006422,REQ-006881,EMP-00115,LOC-08,SVC-04,2026-07-11,Completed,16,False,,,,,,4.3,64.0,True,True,False
APT-006425,REQ-006884,EMP-00084,LOC-06,SVC-08,2026-07-13,Completed,38,False,,,,,,3.7,82.0,False,True,False
APT-006426,REQ-006885,EMP-00084,LOC-10,SVC-01,2026-07-11,Completed,39,False,,,,,,4.9,88.1,False,True,False
APT-006427,REQ-006886,EMP-00032,LOC-06,SVC-02,2026-07-11,Completed,3,False,,,,,,5.0,76.9,False,True,False
APT-006429,REQ-006888,EMP-00010,LOC-01,SVC-01,2026-07-11,Completed,20,False,,,,,,2.6,90.7,False,True,False
APT-006430,REQ-006889,EMP-00141,LOC-04,SVC-05,2026-07-11,Completed,39,False,,,,,,5.0,77.3,False,True,False
APT-006431,REQ-006890,EMP-00124,LOC-01,SVC-05,2026-07-13,Completed,3,False,,,,,,3.9,78.6,False,True,False
APT-006432,REQ-006891,EMP-00093,LOC-09,SVC-01,2026-07-13,Completed,48,True,Urgent reassignment,,,,,5.0,72.8,False,False,False
APT-006435,REQ-006894,EMP-00056,LOC-07,SVC-06,2026-07-12,Completed,49,False,,,,,,3.6,84.4,False,True,False
APT-006439,REQ-006898,EMP-00069,LOC-03,SVC-01,2026-07-12,Completed,21,False,,,,,,4.7,77.5,False,True,False
APT-006441,REQ-006901,EMP-00103,LOC-07,SVC-04,2026-07-13,Completed,41,False,,,,,,4.6,75.0,False,True,True
APT-006442,REQ-006902,EMP-00138,LOC-02,SVC-06,2026-07-12,Completed,22,False,,,,,,4.2,77.3,False,True,False
APT-006443,REQ-006903,EMP-00010,LOC-03,SVC-05,2026-07-12,Completed,19,False,,,,,,4.6,76.0,False,False,False
APT-006445,REQ-006905,EMP-00142,LOC-09,SVC-07,2026-07-12,Completed,20,False,,,,,,4.2,76.3,False,True,False
APT-006447,REQ-006907,EMP-00079,LOC-09,SVC-02,2026-07-13,Completed,8,False,,,,,,4.1,100.0,False,True,True
APT-006448,REQ-006908,EMP-00006,LOC-07,SVC-02,2026-07-16,Completed,32,False,,,,,,4.3,89.8,False,True,False
APT-006452,REQ-006912,EMP-00136,LOC-04,SVC-04,2026-07-13,Completed,3,False,,,,,,4.2,66.1,False,True,False
APT-006453,REQ-006913,EMP-00039,LOC-01,SVC-02,2026-07-13,Completed,33,False,,,,,,4.1,79.9,False,True,False
APT-006454,REQ-006914,EMP-00148,LOC-02,SVC-07,2026-07-13,Completed,24,False,,,,,,3.3,89.6,False,True,False
APT-006457,REQ-006917,EMP-00143,LOC-07,SVC-03,2026-07-14,Completed,17,False,,,,,,4.0,68.4,False,True,False
APT-006459,REQ-006919,EMP-00044,LOC-08,SVC-01,2026-07-13,Completed,17,False,,,,,,4.7,85.2,False,False,False
APT-006463,REQ-006923,EMP-00134,LOC-10,SVC-04,2026-07-13,Completed,49,False,,,,,,4.8,84.3,False,True,False
APT-006465,REQ-006925,EMP-00131,LOC-04,SVC-04,2026-07-14,Completed,24,False,,,,,,3.6,81.9,False,False,False
APT-006466,REQ-006926,EMP-00117,LOC-07,SVC-03,2026-07-14,Completed,32,False,,,,,,4.2,83.9,False,False,True
APT-006467,REQ-006927,EMP-00005,LOC-04,SVC-06,2026-07-14,Completed,14,False,,,,,,4.0,94.7,False,True,False
APT-006468,REQ-006928,EMP-00041,LOC-06,SVC-05,2026-07-14,Completed,29,False,,,,,,,80.1,False,True,True
APT-006469,REQ-006930,EMP-00110,LOC-06,SVC-06,2026-07-13,Completed,31,False,,,,,,5.0,69.2,False,True,True
APT-006471,REQ-006932,EMP-00143,LOC-09,SVC-01,2026-07-13,Completed,16,False,,,,,,4.8,84.6,False,True,False
APT-006472,REQ-006933,EMP-00093,LOC-10,SVC-01,2026-07-15,Completed,18,False,,,,,,3.4,84.3,False,True,False
APT-006473,REQ-006934,EMP-00117,LOC-04,SVC-06,2026-07-16,Completed,5,False,,,,,,3.2,74.9,False,True,False
APT-006474,REQ-006935,EMP-00091,LOC-10,SVC-05,2026-07-14,Completed,36,False,,,,,,4.3,63.6,False,True,False
APT-006476,REQ-006937,EMP-00054,LOC-08,SVC-08,2026-07-15,Completed,36,False,,,,,,4.7,74.8,False,True,True
APT-006478,REQ-006940,EMP-00090,LOC-04,SVC-01,2026-07-14,Completed,27,False,,,,,,4.4,83.3,False,True,False
APT-006479,REQ-006941,EMP-00010,LOC-10,SVC-07,2026-07-14,Completed,35,False,,,,,,4.0,67.3,False,False,False
APT-006480,REQ-006942,EMP-00054,LOC-09,SVC-05,2026-07-16,Completed,25,False,,,,,,5.0,87.6,False,True,True
APT-006481,REQ-006943,EMP-00057,LOC-07,SVC-01,2026-07-15,Completed,34,False,,,,,,4.5,85.4,False,True,False
APT-006483,REQ-006945,EMP-00133,LOC-09,SVC-09,2026-07-14,Completed,38,False,,,,,,3.0,75.8,False,True,True
APT-006484,REQ-006946,EMP-00033,LOC-06,SVC-07,2026-07-15,Completed,23,False,,,,,,4.2,59.2,False,True,False
APT-006485,REQ-006947,EMP-00030,LOC-01,SVC-04,2026-07-14,Completed,21,False,,,,,,3.5,98.1,False,True,False
APT-006486,REQ-006948,EMP-00096,LOC-05,SVC-05,2026-07-14,Completed,21,False,,,,,,4.4,88.6,False,True,False
APT-006487,REQ-006949,EMP-00142,LOC-07,SVC-03,2026-07-17,Completed,38,False,,,,,,4.8,87.9,False,False,False
APT-006488,REQ-006950,EMP-00089,LOC-08,SVC-02,2026-07-15,Completed,22,False,,,,,,4.2,78.4,False,True,False
APT-006489,REQ-006951,EMP-00031,LOC-08,SVC-04,2026-07-15,Completed,36,False,,,,,,3.8,79.6,False,True,True
APT-006492,REQ-006954,EMP-00051,LOC-06,SVC-05,2026-07-17,Completed,45,False,,,,,,5.0,66.0,False,True,False
APT-006494,REQ-006957,EMP-00089,LOC-08,SVC-03,2026-07-14,Completed,20,False,,,,,,2.6,86.4,True,True,False
APT-006496,REQ-006959,EMP-00017,LOC-01,SVC-03,2026-07-14,Completed,3,False,,,,,,4.9,86.1,False,True,False
APT-006497,REQ-006960,EMP-00134,LOC-07,SVC-04,2026-07-16,Completed,26,False,,,,,,3.9,86.8,False,True,False
APT-006499,REQ-006962,EMP-00035,LOC-07,SVC-04,2026-07-14,Completed,9,False,,,,,,3.7,71.1,False,True,False
APT-006500,REQ-006963,EMP-00094,LOC-08,SVC-04,2026-07-14,Completed,3,False,,,,,,4.6,92.8,False,True,True
APT-006503,REQ-006966,EMP-00113,LOC-04,SVC-02,2026-07-15,Completed,3,False,,,,,,3.4,83.0,False,False,False
APT-006504,REQ-006967,EMP-00069,LOC-02,SVC-01,2026-07-14,Completed,3,False,,,,,,4.1,61.0,False,True,False
APT-006507,REQ-006971,EMP-00068,LOC-01,SVC-05,2026-07-16,Completed,14,False,,,,,,4.0,72.5,False,True,False
APT-006510,REQ-006974,EMP-00004,LOC-02,SVC-05,2026-07-17,Completed,9,False,,,,,,4.1,97.0,False,True,False
APT-006512,REQ-006977,EMP-00095,LOC-04,SVC-04,2026-07-15,Completed,24,False,,,,,,2.8,71.9,False,True,False
APT-006514,REQ-006979,EMP-00089,LOC-10,SVC-05,2026-07-15,Completed,29,False,,,,,,5.0,100.0,False,True,False
APT-006517,REQ-006982,EMP-00016,LOC-06,SVC-07,2026-07-15,Completed,3,False,,,,,,4.0,75.3,False,True,False
APT-006519,REQ-006984,EMP-00067,LOC-03,SVC-06,2026-07-16,Completed,27,False,,,,,,3.7,87.6,False,False,True
APT-006521,REQ-006986,EMP-00101,LOC-02,SVC-05,2026-07-15,Completed,20,False,,,,,,4.5,94.3,False,True,False
APT-006522,REQ-006987,EMP-00101,LOC-01,SVC-05,2026-07-15,Completed,21,False,,,,,,4.3,96.2,False,True,False
APT-006523,REQ-006988,EMP-00016,LOC-10,SVC-03,2026-07-16,Completed,20,False,,,,,,3.3,81.3,False,True,True
APT-006524,REQ-006989,EMP-00032,LOC-01,SVC-03,2026-07-15,Completed,10,True,Client preference,,,,,5.0,90.5,False,True,False
APT-006525,REQ-006990,EMP-00103,LOC-07,SVC-01,2026-07-15,Completed,20,False,,,,,,3.5,86.4,False,True,False
APT-006526,REQ-006992,EMP-00117,LOC-02,SVC-02,2026-07-15,Completed,26,False,,,,,,3.9,86.6,False,True,False
APT-006529,REQ-006995,EMP-00015,LOC-07,SVC-05,2026-07-16,Completed,18,False,,,,,,5.0,92.7,False,True,False
APT-006530,REQ-006996,EMP-00011,LOC-01,SVC-04,2026-07-15,Completed,27,False,,,,,,4.4,83.3,False,True,False
APT-006531,REQ-006997,EMP-00146,LOC-07,SVC-01,2026-07-16,Completed,37,False,,,,,,4.1,80.2,False,True,False
APT-006532,REQ-006998,EMP-00099,LOC-07,SVC-06,2026-07-15,Completed,10,False,,,,,,4.7,88.9,False,True,False
APT-006533,REQ-006999,EMP-00054,LOC-02,SVC-03,2026-07-15,Completed,38,False,,,,,,5.0,67.2,False,True,True
APT-006535,REQ-007001,EMP-00027,LOC-08,SVC-09,2026-07-17,Completed,16,False,,,,,,3.8,73.7,False,True,False
APT-006536,REQ-007002,EMP-00133,LOC-05,SVC-08,2026-07-17,Completed,28,False,,,,,,3.3,73.5,False,True,False
APT-006539,REQ-007005,EMP-00006,LOC-07,SVC-07,2026-07-16,Completed,30,True,Continuity of care,,,,,3.7,69.4,False,True,False
APT-006541,REQ-007008,EMP-00142,LOC-10,SVC-02,2026-07-17,Completed,23,False,,,,,,4.1,86.1,False,True,False
APT-006542,REQ-007009,EMP-00080,LOC-10,SVC-01,2026-07-17,Completed,14,False,,,,,,3.4,75.0,False,True,True
APT-006545,REQ-007012,EMP-00091,LOC-02,SVC-03,2026-07-18,Completed,31,False,,,,,,2.8,87.3,False,True,True
APT-006546,REQ-007014,EMP-00092,LOC-09,SVC-03,2026-07-18,Completed,42,False,,,,,,5.0,74.6,False,True,False
APT-006550,REQ-007018,EMP-00030,LOC-03,SVC-01,2026-07-16,Completed,31,True,Urgent reassignment,,,,,2.8,86.4,False,True,False
APT-006551,REQ-007019,EMP-00120,LOC-01,SVC-07,2026-07-16,Completed,17,False,,,,,,3.2,80.3,False,True,False
APT-006553,REQ-007021,EMP-00115,LOC-01,SVC-06,2026-07-17,Completed,23,False,,,,,,5.0,76.1,False,True,True
APT-006554,REQ-007022,EMP-00112,LOC-01,SVC-05,2026-07-18,Completed,46,False,,,,,,4.0,90.6,False,True,False
APT-006556,REQ-007025,EMP-00050,LOC-04,SVC-03,2026-07-17,Completed,4,False,,,,,,5.0,76.7,False,True,False
APT-006558,REQ-007029,EMP-00094,LOC-04,SVC-01,2026-07-17,Completed,9,False,,,,,,3.7,80.9,False,True,False
APT-006559,REQ-007030,EMP-00137,LOC-08,SVC-07,2026-07-17,Completed,29,False,,,,,,4.1,67.6,False,True,False
APT-006560,REQ-007031,EMP-00065,LOC-03,SVC-01,2026-07-17,Completed,15,False,,,,,,3.7,87.2,False,False,True
APT-006561,REQ-007032,EMP-00089,LOC-06,SVC-01,2026-07-18,Completed,18,False,,,,,,4.3,63.0,False,False,False
APT-006563,REQ-007034,EMP-00141,LOC-02,SVC-03,2026-07-17,Completed,25,False,,,,,,4.0,92.6,False,True,False
APT-006566,REQ-007037,EMP-00024,LOC-08,SVC-09,2026-07-17,Completed,27,False,,,,,,4.0,83.6,False,True,False
APT-006568,REQ-007039,EMP-00118,LOC-10,SVC-05,2026-07-18,Completed,49,False,,,,,,5.0,92.6,False,True,False
APT-006569,REQ-007040,EMP-00055,LOC-05,SVC-01,2026-07-19,Completed,10,False,,,,,,4.5,81.2,False,True,False
APT-006570,REQ-007041,EMP-00049,LOC-08,SVC-01,2026-07-19,Completed,20,False,,,,,,3.8,99.0,False,True,False
APT-006572,REQ-007043,EMP-00134,LOC-10,SVC-03,2026-07-21,Completed,22,False,,,,,,4.6,72.8,False,True,False
APT-006573,REQ-007044,EMP-00131,LOC-04,SVC-01,2026-07-19,Completed,17,False,,,,,,5.0,73.0,False,True,False
APT-006574,REQ-007045,EMP-00049,LOC-01,SVC-05,2026-07-18,Completed,35,False,,,,,,3.7,86.2,False,True,False
APT-006575,REQ-007046,EMP-00092,LOC-10,SVC-03,2026-07-20,Completed,14,False,,,,,,3.9,87.8,False,True,False
APT-006576,REQ-007048,EMP-00103,LOC-04,SVC-05,2026-07-18,Completed,11,False,,,,,,3.4,69.3,False,True,False
APT-006577,REQ-007049,EMP-00143,LOC-04,SVC-07,2026-07-18,Completed,9,False,,,,,,5.0,85.0,False,True,False
APT-006578,REQ-007050,EMP-00058,LOC-06,SVC-01,2026-07-21,Completed,14,False,,,,,,3.8,71.9,False,True,False
APT-006584,REQ-007056,EMP-00040,LOC-02,SVC-01,2026-07-20,Completed,30,False,,,,,,3.0,81.8,False,True,False
APT-006585,REQ-007057,EMP-00061,LOC-01,SVC-05,2026-07-19,Completed,22,False,,,,,,4.7,82.0,False,True,False
APT-006587,REQ-007059,EMP-00050,LOC-08,SVC-07,2026-07-22,Completed,31,False,,,,,,5.0,86.4,False,False,False
APT-006588,REQ-007060,EMP-00036,LOC-01,SVC-04,2026-07-19,Completed,19,False,,,,,,3.7,78.6,False,True,False
APT-006589,REQ-007061,EMP-00043,LOC-04,SVC-09,2026-07-20,Completed,3,False,,,,,,5.0,85.7,False,True,False
APT-006590,REQ-007062,EMP-00080,LOC-02,SVC-05,2026-07-21,Completed,13,False,,,,,,4.9,87.2,False,True,False
APT-006591,REQ-007063,EMP-00095,LOC-04,SVC-03,2026-07-20,Completed,21,False,,,,,,,97.0,False,True,False
APT-006595,REQ-007067,EMP-00141,LOC-04,SVC-02,2026-07-20,Completed,11,False,,,,,,2.8,91.2,False,True,False
APT-006596,REQ-007068,EMP-00091,LOC-02,SVC-01,2026-07-20,Completed,15,False,,,,,,5.0,83.6,False,False,True
APT-006600,REQ-007072,EMP-00133,LOC-01,SVC-01,2026-07-21,Completed,28,False,,,,,,3.3,91.9,False,True,True
APT-006603,REQ-007075,EMP-00090,LOC-09,SVC-05,2026-07-21,Completed,39,False,,,,,,3.3,76.4,False,True,False
APT-006605,REQ-007077,EMP-00025,LOC-09,SVC-04,2026-07-22,Completed,37,False,,,,,,4.9,90.4,False,True,False
APT-006607,REQ-007080,EMP-00017,LOC-10,SVC-06,2026-07-21,Completed,74,False,,,,,,4.4,90.2,False,True,False
APT-006608,REQ-007081,EMP-00022,LOC-05,SVC-03,2026-07-20,Completed,34,False,,,,,,3.9,79.9,False,False,True
APT-006610,REQ-007083,EMP-00068,LOC-02,SVC-08,2026-07-20,Completed,33,False,,,,,,5.0,63.4,False,True,False
APT-006611,REQ-007084,EMP-00136,LOC-05,SVC-01,2026-07-20,Completed,30,False,,,,,,4.2,97.9,False,True,False
APT-006614,REQ-007087,EMP-00037,LOC-05,SVC-09,2026-07-20,Completed,28,False,,,,,,3.9,92.5,False,False,False
APT-006615,REQ-007088,EMP-00129,LOC-05,SVC-02,2026-07-21,Completed,22,False,,,,,,4.7,72.9,False,True,False
APT-006616,REQ-007089,EMP-00040,LOC-01,SVC-03,2026-07-20,Completed,16,False,,,,,,3.1,68.6,False,True,True
APT-006618,REQ-007091,EMP-00123,LOC-05,SVC-05,2026-07-21,Completed,9,False,,,,,,4.1,75.4,True,True,False
APT-006619,REQ-007092,EMP-00102,LOC-10,SVC-04,2026-07-21,Completed,34,False,,,,,,5.0,81.6,False,True,False
APT-006620,REQ-007093,EMP-00032,LOC-08,SVC-01,2026-07-21,Completed,25,False,,,,,,5.0,63.9,False,True,False
APT-006621,REQ-007094,EMP-00062,LOC-04,SVC-09,2026-07-21,Completed,22,False,,,,,,3.7,77.7,False,True,False
APT-006622,REQ-007095,EMP-00030,LOC-05,SVC-02,2026-07-21,Completed,8,False,,,,,,4.1,75.0,False,True,False
APT-006623,REQ-007096,EMP-00102,LOC-02,SVC-05,2026-07-22,Completed,29,False,,,,,,4.6,88.5,False,True,False
APT-006624,REQ-007097,EMP-00037,LOC-01,SVC-05,2026-07-22,Completed,33,False,,,,,,3.5,88.9,False,False,False
APT-006626,REQ-007099,EMP-00104,LOC-05,SVC-02,2026-07-22,Completed,36,False,,,,,,5.0,85.4,False,True,False
APT-006627,REQ-007100,EMP-00133,LOC-01,SVC-01,2026-07-23,Completed,13,False,,,,,,4.2,96.7,False,True,False
APT-006628,REQ-007101,EMP-00083,LOC-05,SVC-03,2026-07-22,Completed,24,False,,,,,,4.0,100.0,False,True,True
APT-006629,REQ-007102,EMP-00050,LOC-03,SVC-09,2026-07-22,Completed,31,False,,,,,,,100.0,False,True,False
APT-006630,REQ-007103,EMP-00115,LOC-10,SVC-02,2026-07-22,Completed,3,False,,,,,,4.2,59.3,False,True,True
APT-006632,REQ-007105,EMP-00091,LOC-09,SVC-02,2026-07-21,Completed,25,False,,,,,,4.3,98.9,False,True,False
APT-006634,REQ-007107,EMP-00139,LOC-03,SVC-01,2026-07-21,Completed,3,False,,,,,,5.0,94.4,False,True,False
APT-006635,REQ-007109,EMP-00137,LOC-05,SVC-07,2026-07-21,Completed,17,False,,,,,,4.6,67.1,False,True,True
APT-006636,REQ-007110,EMP-00091,LOC-10,SVC-05,2026-07-23,Completed,7,False,,,,,,3.7,91.0,False,True,False
APT-006639,REQ-007114,EMP-00085,LOC-02,SVC-09,2026-07-22,Completed,32,False,,,,,,4.2,83.4,False,True,False
APT-006641,REQ-007117,EMP-00066,LOC-01,SVC-05,2026-07-22,Completed,47,False,,,,,,3.8,88.5,False,True,False
APT-006642,REQ-007118,EMP-00027,LOC-07,SVC-04,2026-07-23,Completed,3,False,,,,,,4.2,97.5,False,True,False
APT-006644,REQ-007121,EMP-00062,LOC-08,SVC-01,2026-07-22,Completed,35,False,,,,,,5.0,80.5,False,True,False
APT-006645,REQ-007122,EMP-00058,LOC-03,SVC-08,2026-07-22,Completed,39,False,,,,,,3.8,79.9,False,True,True
APT-006650,REQ-007127,EMP-00025,LOC-06,SVC-08,2026-07-23,Completed,37,False,,,,,,,100.0,False,False,True
APT-006652,REQ-007129,EMP-00075,LOC-03,SVC-01,2026-07-22,Completed,28,False,,,,,,4.3,100.0,False,True,True
APT-006653,REQ-007130,EMP-00079,LOC-03,SVC-01,2026-07-23,Completed,18,False,,,,,,,85.1,False,True,False
APT-006656,REQ-007133,EMP-00115,LOC-08,SVC-06,2026-07-22,Completed,32,False,,,,,,4.4,73.1,False,True,False
APT-006658,REQ-007135,EMP-00039,LOC-08,SVC-01,2026-07-23,Completed,42,False,,,,,,5.0,87.8,False,True,True
APT-006663,REQ-007140,EMP-00126,LOC-04,SVC-01,2026-07-24,Completed,13,False,,,,,,3.5,70.5,False,True,False
APT-006664,REQ-007141,EMP-00039,LOC-08,SVC-08,2026-07-23,Completed,41,False,,,,,,3.3,80.6,False,True,False
APT-006666,REQ-007144,EMP-00061,LOC-01,SVC-03,2026-07-24,Completed,18,False,,,,,,4.1,85.6,False,True,True
APT-006667,REQ-007145,EMP-00028,LOC-04,SVC-06,2026-07-25,Completed,26,False,,,,,,4.0,92.0,False,True,False
APT-006668,REQ-007147,EMP-00031,LOC-09,SVC-06,2026-07-23,Completed,24,False,,,,,,4.3,78.2,False,True,False
APT-006669,REQ-007148,EMP-00138,LOC-05,SVC-05,2026-07-23,Completed,27,False,,,,,,,75.5,False,True,False
APT-006670,REQ-007149,EMP-00030,LOC-03,SVC-06,2026-07-23,Completed,25,False,,,,,,4.4,83.2,False,True,False
APT-006671,REQ-007150,EMP-00106,LOC-09,SVC-04,2026-07-24,Completed,3,False,,,,,,3.8,66.3,False,True,False
APT-006674,REQ-007153,EMP-00063,LOC-10,SVC-05,2026-07-26,Completed,13,False,,,,,,3.0,67.9,False,True,False
APT-006676,REQ-007155,EMP-00103,LOC-08,SVC-04,2026-07-23,Completed,26,False,,,,,,3.8,93.5,False,True,True
APT-006681,REQ-007160,EMP-00006,LOC-07,SVC-05,2026-07-25,Completed,53,False,,,,,,3.3,68.4,False,True,False
APT-006685,REQ-007164,EMP-00122,LOC-06,SVC-01,2026-07-23,Completed,12,False,,,,,,3.3,70.7,False,True,False
APT-006686,REQ-007165,EMP-00117,LOC-06,SVC-08,2026-07-25,Completed,33,False,,,,,,4.7,97.4,False,True,False
APT-006687,REQ-007166,EMP-00141,LOC-05,SVC-01,2026-07-25,Completed,29,False,,,,,,3.6,80.1,False,True,False
APT-006688,REQ-007167,EMP-00120,LOC-07,SVC-01,2026-07-24,Completed,38,False,,,,,,4.4,82.4,False,True,True
APT-006689,REQ-007168,EMP-00090,LOC-09,SVC-01,2026-07-24,Completed,11,False,,,,,,4.6,86.5,False,False,True
APT-006691,REQ-007170,EMP-00100,LOC-04,SVC-05,2026-07-24,Completed,27,False,,,,,,3.5,96.7,False,True,True
APT-006695,REQ-007174,EMP-00055,LOC-10,SVC-08,2026-07-24,Completed,50,False,,,,,,3.7,74.3,False,True,False
APT-006698,REQ-007177,EMP-00095,LOC-05,SVC-05,2026-07-26,Completed,30,False,,,,,,4.3,83.1,False,True,False
APT-006701,REQ-007180,EMP-00122,LOC-10,SVC-08,2026-07-24,Completed,46,False,,,,,,3.4,88.8,False,True,False
APT-006702,REQ-007181,EMP-00069,LOC-06,SVC-03,2026-07-25,Completed,23,False,,,,,,3.9,69.3,False,False,False
APT-006704,REQ-007183,EMP-00095,LOC-03,SVC-05,2026-07-24,Completed,33,False,,,,,,4.0,84.3,True,True,False
APT-006705,REQ-007184,EMP-00056,LOC-07,SVC-05,2026-07-24,Completed,24,False,,,,,,4.8,87.0,False,True,False
APT-006708,REQ-007187,EMP-00090,LOC-09,SVC-08,2026-07-27,Completed,28,False,,,,,,3.3,85.0,False,True,False
APT-006709,REQ-007188,EMP-00131,LOC-08,SVC-09,2026-07-26,Completed,36,False,,,,,,3.8,79.3,False,True,False
APT-006712,REQ-007191,EMP-00142,LOC-01,SVC-06,2026-07-25,Completed,46,True,Continuity of care,,,,,,94.4,False,True,False
APT-006713,REQ-007192,EMP-00139,LOC-02,SVC-04,2026-07-25,Completed,25,False,,,,,,3.9,75.9,False,True,False
APT-006715,REQ-007194,EMP-00064,LOC-10,SVC-07,2026-07-25,Completed,8,False,,,,,,5.0,75.5,False,False,False
APT-006716,REQ-007195,EMP-00060,LOC-03,SVC-01,2026-07-25,Completed,6,False,,,,,,4.9,68.7,False,True,False
APT-006719,REQ-007198,EMP-00141,LOC-06,SVC-01,2026-07-25,Completed,3,False,,,,,,3.2,65.9,False,True,True
APT-006720,REQ-007199,EMP-00129,LOC-07,SVC-02,2026-07-26,Completed,30,False,,,,,,5.0,70.0,False,False,False
APT-006721,REQ-007200,EMP-00137,LOC-02,SVC-07,2026-07-26,Completed,8,False,,,,,,5.0,89.6,False,True,False
APT-006722,REQ-007201,EMP-00060,LOC-03,SVC-06,2026-07-26,Completed,10,False,,,,,,4.9,86.1,False,True,True
APT-006724,REQ-007203,EMP-00061,LOC-06,SVC-01,2026-07-26,Completed,23,False,,,,,,3.9,79.3,False,False,False
APT-006726,REQ-007205,EMP-00080,LOC-02,SVC-06,2026-07-26,Completed,12,True,Skill match unavailable,,,,,4.1,82.2,False,True,True
APT-006728,REQ-007207,EMP-00136,LOC-06,SVC-07,2026-07-25,Completed,21,False,,,,,,3.4,92.0,False,True,False
APT-006729,REQ-007208,EMP-00060,LOC-06,SVC-01,2026-07-26,Completed,32,False,,,,,,4.7,69.0,False,True,False
APT-006730,REQ-007209,EMP-00096,LOC-07,SVC-04,2026-07-25,Completed,17,False,,,,,,3.9,82.4,False,False,False
APT-006731,REQ-007210,EMP-00105,LOC-01,SVC-06,2026-07-25,Completed,19,False,,,,,,5.0,83.7,False,True,False
APT-006732,REQ-007211,EMP-00079,LOC-05,SVC-04,2026-07-28,Completed,15,False,,,,,,4.5,93.2,False,True,True
APT-006733,REQ-007212,EMP-00131,LOC-01,SVC-01,2026-07-31,Completed,3,False,,,,,,3.6,83.9,False,False,False
APT-006735,REQ-007214,EMP-00092,LOC-03,SVC-05,2026-07-26,Completed,17,True,Skill match unavailable,,,,,5.0,68.3,False,True,False
APT-006737,REQ-007216,EMP-00038,LOC-03,SVC-03,2026-07-26,Completed,26,False,,,,,,4.4,93.1,False,True,False
APT-006739,REQ-007218,EMP-00118,LOC-01,SVC-05,2026-07-28,Completed,25,False,,,,,,5.0,65.3,False,False,True
APT-006741,REQ-007220,EMP-00137,LOC-07,SVC-07,2026-07-29,Completed,42,False,,,,,,4.1,81.6,False,False,False
APT-006742,REQ-007221,EMP-00110,LOC-06,SVC-06,2026-07-26,Completed,44,False,,,,,,4.5,85.5,False,True,True
APT-006744,REQ-007223,EMP-00148,LOC-09,SVC-08,2026-07-28,Completed,25,False,,,,,,4.9,71.3,False,True,False
APT-006748,REQ-007227,EMP-00141,LOC-09,SVC-08,2026-07-29,Completed,36,False,,,,,,3.7,64.5,False,True,False
APT-006750,REQ-007229,EMP-00121,LOC-04,SVC-01,2026-07-28,Completed,24,False,,,,,,2.8,81.5,False,True,False
APT-006751,REQ-007230,EMP-00124,LOC-06,SVC-02,2026-07-27,Completed,13,False,,,,,,,77.3,False,True,False
APT-006755,REQ-007235,EMP-00031,LOC-01,SVC-05,2026-07-28,Completed,21,False,,,,,,5.0,78.6,False,True,False
APT-006756,REQ-007237,EMP-00051,LOC-05,SVC-01,2026-07-27,Completed,19,False,,,,,,3.5,96.5,False,True,False
APT-006761,REQ-007243,EMP-00118,LOC-09,SVC-03,2026-07-28,Completed,24,False,,,,,,3.4,84.3,False,True,False
APT-006766,REQ-007250,EMP-00133,LOC-03,SVC-07,2026-07-29,Completed,14,False,,,,,,4.2,70.6,False,True,False
APT-006767,REQ-007251,EMP-00055,LOC-02,SVC-08,2026-07-28,Completed,20,False,,,,,,4.0,82.1,False,True,True
APT-006770,REQ-007254,EMP-00138,LOC-05,SVC-01,2026-07-28,Completed,25,False,,,,,,4.3,79.0,False,True,False
APT-006772,REQ-007256,EMP-00093,LOC-04,SVC-05,2026-07-28,Completed,6,False,,,,,,4.2,93.0,False,False,False
APT-006773,REQ-007257,EMP-00110,LOC-04,SVC-07,2026-07-28,Completed,25,False,,,,,,4.6,87.4,False,True,False
APT-006775,REQ-007259,EMP-00104,LOC-05,SVC-03,2026-07-31,Completed,34,False,,,,,,4.1,85.5,False,True,False
APT-006776,REQ-007262,EMP-00018,LOC-07,SVC-02,2026-07-28,Completed,3,False,,,,,,5.0,87.7,False,True,False
APT-006777,REQ-007263,EMP-00141,LOC-02,SVC-09,2026-07-30,Completed,29,False,,,,,,5.0,73.7,False,True,False
APT-006778,REQ-007264,EMP-00014,LOC-08,SVC-03,2026-07-29,Completed,4,False,,,,,,,77.6,False,True,False
APT-006779,REQ-007265,EMP-00025,LOC-10,SVC-02,2026-07-28,Completed,34,False,,,,,,4.3,69.9,False,True,False
APT-006780,REQ-007266,EMP-00121,LOC-01,SVC-06,2026-07-28,Completed,9,False,,,,,,4.6,79.0,False,True,False
APT-006781,REQ-007267,EMP-00069,LOC-02,SVC-07,2026-07-28,Completed,20,False,,,,,,3.5,85.8,False,True,False
APT-006782,REQ-007268,EMP-00090,LOC-07,SVC-03,2026-07-28,Completed,29,False,,,,,,,87.5,False,True,False
APT-006784,REQ-007271,EMP-00137,LOC-10,SVC-01,2026-07-31,Completed,30,False,,,,,,4.0,92.5,False,True,False
APT-006788,REQ-007275,EMP-00120,LOC-07,SVC-09,2026-07-28,Completed,48,False,,,,,,4.5,80.6,False,False,True
APT-006790,REQ-007277,EMP-00128,LOC-04,SVC-07,2026-07-30,Completed,9,False,,,,,,4.5,84.0,False,True,False
APT-006791,REQ-007278,EMP-00083,LOC-06,SVC-01,2026-07-30,Completed,20,False,,,,,,5.0,73.0,False,True,False
APT-006792,REQ-007279,EMP-00041,LOC-10,SVC-05,2026-07-29,Completed,17,False,,,,,,,93.0,False,False,False
APT-006793,REQ-007280,EMP-00047,LOC-01,SVC-01,2026-07-29,Completed,21,False,,,,,,5.0,90.2,False,True,False
APT-006794,REQ-007281,EMP-00031,LOC-10,SVC-01,2026-07-29,Completed,21,False,,,,,,5.0,100.0,False,True,False
APT-006796,REQ-007283,EMP-00040,LOC-09,SVC-01,2026-07-30,Completed,28,False,,,,,,3.3,100.0,False,True,False
APT-006797,REQ-007284,EMP-00096,LOC-01,SVC-09,2026-07-29,Completed,39,False,,,,,,4.1,97.3,False,False,False
APT-006798,REQ-007285,EMP-00022,LOC-06,SVC-03,2026-07-31,Completed,59,False,,,,,,4.8,88.4,False,True,False
APT-006800,REQ-007287,EMP-00148,LOC-02,SVC-03,2026-07-29,Completed,14,False,,,,,,2.5,72.7,False,True,True
APT-006802,REQ-007289,EMP-00101,LOC-03,SVC-03,2026-07-30,Completed,25,False,,,,,,3.9,72.6,False,True,True
APT-006803,REQ-007290,EMP-00141,LOC-06,SVC-01,2026-07-29,Completed,25,False,,,,,,4.8,81.0,False,True,False
APT-006805,REQ-007292,EMP-00148,LOC-01,SVC-07,2026-07-31,Completed,10,False,,,,,,5.0,84.2,False,True,False
APT-006809,REQ-007296,EMP-00015,LOC-02,SVC-03,2026-07-29,Completed,29,False,,,,,,,60.4,False,False,False
APT-006810,REQ-007297,EMP-00030,LOC-07,SVC-07,2026-07-29,Completed,23,False,,,,,,,72.1,False,True,False
APT-006812,REQ-007299,EMP-00037,LOC-09,SVC-02,2026-07-29,Completed,46,True,Skill match unavailable,,,,,3.3,67.7,False,True,False
APT-006816,REQ-007303,EMP-00120,LOC-02,SVC-03,2026-07-30,Completed,39,False,,,,,,3.8,92.9,False,True,True
APT-006817,REQ-007304,EMP-00103,LOC-07,SVC-02,2026-08-02,Completed,29,False,,,,,,3.4,78.6,False,True,False
APT-006820,REQ-007307,EMP-00106,LOC-08,SVC-03,2026-07-31,Completed,34,False,,,,,,4.8,81.3,False,True,True
APT-006821,REQ-007308,EMP-00134,LOC-06,SVC-08,2026-07-31,Completed,28,False,,,,,,5.0,84.3,False,False,True
APT-006823,REQ-007311,EMP-00092,LOC-01,SVC-03,2026-07-30,Completed,12,False,,,,,,3.5,77.1,False,False,False
APT-006824,REQ-007312,EMP-00093,LOC-05,SVC-01,2026-07-30,Completed,30,False,,,,,,3.7,90.4,False,True,False
APT-006826,REQ-007314,EMP-00033,LOC-05,SVC-06,2026-07-30,Completed,23,False,,,,,,4.0,85.2,False,True,False
APT-006827,REQ-007315,EMP-00039,LOC-05,SVC-01,2026-07-31,Completed,18,False,,,,,,5.0,71.3,False,True,True
APT-006830,REQ-007318,EMP-00102,LOC-01,SVC-09,2026-08-01,Completed,22,False,,,,,,5.0,73.4,False,True,False
APT-006832,REQ-007320,EMP-00142,LOC-08,SVC-05,2026-07-30,Completed,15,False,,,,,,4.4,92.7,False,True,False
APT-006833,REQ-007321,EMP-00139,LOC-09,SVC-04,2026-08-01,Completed,31,False,,,,,,5.0,77.9,False,True,False
APT-006835,REQ-007323,EMP-00120,LOC-06,SVC-04,2026-08-01,Completed,7,False,,,,,,3.5,100.0,False,True,False
APT-006837,REQ-007325,EMP-00031,LOC-10,SVC-01,2026-07-30,Completed,24,False,,,,,,4.8,74.1,False,False,False
APT-006838,REQ-007326,EMP-00141,LOC-01,SVC-09,2026-08-01,Completed,18,False,,,,,,3.9,75.7,False,True,False
APT-006839,REQ-007327,EMP-00060,LOC-04,SVC-09,2026-07-30,Completed,29,False,,,,,,,77.9,False,True,False
APT-006841,REQ-007329,EMP-00030,LOC-04,SVC-07,2026-08-01,Completed,41,False,,,,,,4.2,79.8,False,False,False
APT-006842,REQ-007330,EMP-00095,LOC-08,SVC-06,2026-08-06,Completed,16,False,,,,,,3.5,100.0,False,False,False
APT-006843,REQ-007331,EMP-00123,LOC-02,SVC-02,2026-07-31,Completed,35,False,,,,,,4.1,74.6,False,True,True
APT-006845,REQ-007333,EMP-00042,LOC-09,SVC-05,2026-07-31,Completed,18,False,,,,,,2.8,97.5,False,True,False
APT-006847,REQ-007335,EMP-00091,LOC-09,SVC-02,2026-08-01,Completed,15,False,,,,,,4.5,100.0,False,True,False
APT-006848,REQ-007336,EMP-00066,LOC-01,SVC-01,2026-08-01,Completed,9,True,Skill match unavailable,,,,,,73.5,False,True,False
APT-006849,REQ-007337,EMP-00146,LOC-06,SVC-01,2026-08-04,Completed,18,False,,,,,,4.6,83.5,False,True,False
APT-006851,REQ-007339,EMP-00141,LOC-04,SVC-05,2026-08-01,Completed,14,False,,,,,,4.9,88.3,False,True,True
APT-006852,REQ-007340,EMP-00039,LOC-06,SVC-01,2026-07-31,Completed,40,False,,,,,,3.5,91.9,False,True,False
APT-006853,REQ-007341,EMP-00113,LOC-08,SVC-01,2026-08-01,Completed,36,False,,,,,,5.0,84.8,False,True,False
APT-006854,REQ-007342,EMP-00043,LOC-09,SVC-03,2026-07-31,Completed,24,True,Skill match unavailable,,,,,2.6,81.5,False,True,False
APT-006855,REQ-007343,EMP-00109,LOC-01,SVC-01,2026-07-31,Completed,5,False,,,,,,3.5,86.4,False,True,False
APT-006856,REQ-007344,EMP-00105,LOC-04,SVC-03,2026-08-01,Completed,13,False,,,,,,3.7,94.8,False,True,False
APT-006858,REQ-007346,EMP-00138,LOC-08,SVC-01,2026-08-01,Completed,5,False,,,,,,4.7,73.4,False,True,False
APT-006860,REQ-007348,EMP-00006,LOC-01,SVC-05,2026-08-01,Completed,28,False,,,,,,4.9,87.5,False,True,False
APT-006861,REQ-007349,EMP-00089,LOC-06,SVC-08,2026-08-03,Completed,37,False,,,,,,5.0,74.7,False,True,True
APT-006864,REQ-007352,EMP-00013,LOC-09,SVC-04,2026-07-31,Completed,38,False,,,,,,4.8,84.4,False,True,False
APT-006152,REQ-006596,EMP-00106,LOC-02,SVC-07,2026-06-30,Rescheduled,27,False,,,,,,,,,,
APT-006171,REQ-006616,EMP-00061,LOC-10,SVC-09,2026-07-02,Rescheduled,72,False,,,,,,,,,,
APT-006195,REQ-006643,EMP-00091,LOC-10,SVC-02,2026-07-02,Rescheduled,35,False,,,,,,,,,,
APT-006207,REQ-006656,EMP-00119,LOC-03,SVC-06,2026-07-03,Rescheduled,16,False,,,,,,,,,,
APT-006208,REQ-006657,EMP-00137,LOC-04,SVC-01,2026-07-02,Rescheduled,10,False,,,,,,,,,,
APT-006217,REQ-006666,EMP-00122,LOC-10,SVC-01,2026-07-03,Rescheduled,24,False,,,,,,,,,,
APT-006227,REQ-006676,EMP-00068,LOC-08,SVC-09,2026-07-03,Rescheduled,16,False,,,,,,,,,,
APT-006232,REQ-006682,EMP-00008,LOC-03,SVC-05,2026-07-03,Rescheduled,7,False,,,,,,,,,,
APT-006262,REQ-006716,EMP-00033,LOC-03,SVC-03,2026-07-05,Rescheduled,33,False,,,,,,,,,,
APT-006267,REQ-006721,EMP-00036,LOC-07,SVC-07,2026-07-05,Rescheduled,8,False,,,,,,,,,,
APT-006279,REQ-006734,EMP-00052,LOC-04,SVC-06,2026-07-06,Rescheduled,27,False,,,,,,,,,,
APT-006280,REQ-006735,EMP-00040,LOC-02,SVC-03,2026-07-07,Rescheduled,15,False,,,,,,,,,,
APT-006296,REQ-006752,EMP-00089,LOC-09,SVC-07,2026-07-09,Rescheduled,28,False,,,,,,,,,,
APT-006310,REQ-006767,EMP-00142,LOC-07,SVC-07,2026-07-07,Rescheduled,30,False,,,,,,,,,,
APT-006336,REQ-006793,EMP-00036,LOC-01,SVC-01,2026-07-08,Rescheduled,3,False,,,,,,,,,,
APT-006348,REQ-006805,EMP-00058,LOC-07,SVC-09,2026-07-09,Rescheduled,50,False,,,,,,,,,,
APT-006368,REQ-006826,EMP-00016,LOC-04,SVC-03,2026-07-09,Rescheduled,16,True,Client preference,,,,,,,,,
APT-006397,REQ-006856,EMP-00110,LOC-06,SVC-08,2026-07-11,Rescheduled,25,False,,,,,,,,,,
APT-006408,REQ-006867,EMP-00138,LOC-02,SVC-06,2026-07-11,Rescheduled,20,False,,,,,,,,,,
APT-006428,REQ-006887,EMP-00148,LOC-01,SVC-02,2026-07-11,Rescheduled,19,False,,,,,,,,,,
APT-006450,REQ-006910,EMP-00033,LOC-10,SVC-01,2026-07-16,Rescheduled,21,False,,,,,,,,,,
APT-006456,REQ-006916,EMP-00058,LOC-01,SVC-07,2026-07-13,Rescheduled,24,False,,,,,,,,,,
APT-006495,REQ-006958,EMP-00139,LOC-06,SVC-02,2026-07-15,Rescheduled,26,False,,,,,,,,,,
APT-006505,REQ-006968,EMP-00070,LOC-08,SVC-04,2026-07-14,Rescheduled,23,False,,,,,,,,,,
APT-006509,REQ-006973,EMP-00120,LOC-07,SVC-08,2026-07-15,Rescheduled,45,False,,,,,,,,,,
APT-006518,REQ-006983,EMP-00027,LOC-06,SVC-09,2026-07-16,Rescheduled,24,False,,,,,,,,,,
APT-006528,REQ-006994,EMP-00137,LOC-06,SVC-08,2026-07-16,Rescheduled,33,False,,,,,,,,,,
APT-006534,REQ-007000,EMP-00093,LOC-04,SVC-01,2026-07-19,Rescheduled,10,False,,,,,,,,,,
APT-006547,REQ-007015,EMP-00083,LOC-02,SVC-05,2026-07-16,Rescheduled,20,False,,,,,,,,,,
APT-006552,REQ-007020,EMP-00037,LOC-03,SVC-01,2026-07-17,Rescheduled,33,False,,,,,,,,,,
APT-006555,REQ-007023,EMP-00117,LOC-07,SVC-02,2026-07-20,Rescheduled,31,False,,,,,,,,,,
APT-006606,REQ-007078,EMP-00091,LOC-10,SVC-07,2026-07-21,Rescheduled,9,False,,,,,,,,,,
APT-006638,REQ-007113,EMP-00089,LOC-07,SVC-08,2026-07-21,Rescheduled,19,False,,,,,,,,,,
APT-006640,REQ-007115,EMP-00027,LOC-10,SVC-05,2026-07-23,Rescheduled,16,False,,,,,,,,,,
APT-006654,REQ-007131,EMP-00057,LOC-02,SVC-02,2026-07-22,Rescheduled,19,False,,,,,,,,,,
APT-006657,REQ-007134,EMP-00100,LOC-06,SVC-02,2026-07-23,Rescheduled,14,False,,,,,,,,,,
APT-006679,REQ-007158,EMP-00134,LOC-10,SVC-05,2026-07-23,Rescheduled,3,False,,,,,,,,,,
APT-006680,REQ-007159,EMP-00133,LOC-01,SVC-07,2026-07-23,Rescheduled,35,False,,,,,,,,,,
APT-006683,REQ-007162,EMP-00032,LOC-08,SVC-04,2026-07-24,Rescheduled,10,False,,,,,,,,,,
APT-006697,REQ-007176,EMP-00131,LOC-10,SVC-06,2026-07-25,Rescheduled,47,False,,,,,,,,,,
APT-006711,REQ-007190,EMP-00043,LOC-03,SVC-01,2026-07-24,Rescheduled,25,False,,,,,,,,,,
APT-006740,REQ-007219,EMP-00124,LOC-01,SVC-05,2026-07-26,Rescheduled,28,False,,,,,,,,,,
APT-006745,REQ-007224,EMP-00011,LOC-07,SVC-02,2026-07-29,Rescheduled,36,False,,,,,,,,,,
APT-006759,REQ-007240,EMP-00089,LOC-02,SVC-01,2026-07-27,Rescheduled,28,False,,,,,,,,,,
APT-006783,REQ-007269,EMP-00069,LOC-02,SVC-02,2026-07-31,Rescheduled,38,False,,,,,,,,,,
APT-006789,REQ-007276,EMP-00018,LOC-07,SVC-04,2026-07-29,Rescheduled,47,False,,,,,,,,,,
APT-006801,REQ-007288,EMP-00066,LOC-08,SVC-07,2026-07-30,Rescheduled,3,False,,,,,,,,,,
APT-006808,REQ-007295,EMP-00051,LOC-02,SVC-06,2026-07-29,Rescheduled,4,False,,,,,,,,,,
APT-006811,REQ-007298,EMP-00134,LOC-10,SVC-03,2026-07-29,Rescheduled,44,False,,,,,,,,,,
APT-006814,REQ-007301,EMP-00038,LOC-06,SVC-03,2026-07-31,Rescheduled,21,False,,,,,,,,,,
APT-006818,REQ-007305,EMP-00064,LOC-03,SVC-03,2026-07-30,Rescheduled,26,False,,,,,,,,,,
APT-006859,REQ-007347,EMP-00018,LOC-01,SVC-07,2026-08-02,Rescheduled,13,False,,,,,,,,,,
