date_key,location_id,service_type_id,urgency,requests,avg_complexity_score,sla_met_count,backlog_count
2025-08-01,LOC-06,SVC-07,Routine,1,62.1,1.0,0.0
2025-08-01,LOC-10,SVC-05,Routine,1,65.1,1.0,0.0
2025-08-01,LOC-09,SVC-03,Routine,1,12.3,1.0,0.0
2025-08-01,LOC-06,SVC-09,Routine,1,37.8,1.0,0.0
2025-08-02,LOC-01,SVC-04,Routine,1,54.7,1.0,0.0
2025-08-02,LOC-05,SVC-02,Routine,1,46.5,1.0,0.0
2025-08-03,LOC-05,SVC-07,Urgent,1,34.6,1.0,0.0
2025-08-04,LOC-10,SVC-04,Routine,1,11.7,1.0,0.0
2025-08-04,LOC-10,SVC-08,Priority,1,36.1,1.0,0.0
2025-08-04,LOC-07,SVC-02,Priority,1,53.3,1.0,0.0
2025-08-04,LOC-07,SVC-05,Routine,1,42.8,1.0,0.0
2025-08-04,LOC-08,SVC-07,Priority,1,62.2,1.0,0.0
2025-08-04,LOC-04,SVC-08,Priority,1,7.5,1.0,0.0
2025-08-04,LOC-01,SVC-07,Urgent,1,14.2,0.0,0.0
2025-08-04,LOC-01,SVC-02,Priority,1,61.0,1.0,0.0
2025-08-04,LOC-02,SVC-01,Priority,1,91.8,0.0,0.0
2025-08-04,LOC-06,SVC-05,Routine,1,45.2,1.0,0.0
2025-08-05,LOC-06,SVC-05,Routine,1,31.8,1.0,0.0
2025-08-05,LOC-03,SVC-07,Routine,1,21.0,1.0,0.0
2025-08-05,LOC-03,SVC-01,Urgent,1,84.0,1.0,0.0
2025-08-05,LOC-03,SVC-02,Urgent,1,46.3,1.0,0.0
2025-08-05,LOC-09,SVC-02,Priority,1,40.4,1.0,0.0
2025-08-05,LOC-03,SVC-08,Routine,1,16.0,1.0,0.0
2025-08-05,LOC-10,SVC-03,Routine,1,24.5,1.0,0.0
2025-08-05,LOC-03,SVC-05,Routine,1,37.4,1.0,0.0
2025-08-06,LOC-04,SVC-02,Priority,1,40.3,1.0,0.0
2025-08-06,LOC-09,SVC-05,Routine,1,41.3,1.0,0.0
2025-08-06,LOC-05,SVC-02,Urgent,1,67.4,0.0,0.0
2025-08-06,LOC-10,SVC-05,Routine,2,16.75,2.0,0.0
2025-08-06,LOC-08,SVC-07,Urgent,1,39.1,1.0,0.0
2025-08-06,LOC-07,SVC-06,Urgent,1,55.5,0.0,0.0
2025-08-06,LOC-02,SVC-05,Urgent,1,64.6,1.0,0.0
2025-08-07,LOC-04,SVC-09,Routine,1,46.7,1.0,0.0
2025-08-07,LOC-02,SVC-06,Priority,1,40.6,1.0,0.0
2025-08-07,LOC-02,SVC-03,Routine,1,35.7,1.0,0.0
2025-08-08,LOC-06,SVC-06,Routine,1,40.8,1.0,0.0
2025-08-08,LOC-05,SVC-01,Priority,1,13.2,1.0,0.0
2025-08-08,LOC-06,SVC-05,Routine,1,61.1,1.0,0.0
2025-08-08,LOC-03,SVC-02,Routine,1,27.6,1.0,0.0
2025-08-08,LOC-04,SVC-02,Routine,1,14.6,1.0,0.0
2025-08-08,LOC-02,SVC-05,Routine,1,16.6,1.0,0.0
2025-08-08,LOC-01,SVC-04,Urgent,1,62.4,1.0,0.0
2025-08-08,LOC-03,SVC-01,Urgent,1,66.5,1.0,0.0
2025-08-08,LOC-06,SVC-09,Urgent,1,66.4,1.0,0.0
2025-08-09,LOC-05,SVC-06,Routine,1,33.1,1.0,0.0
2025-08-10,LOC-05,SVC-02,Priority,1,65.3,1.0,0.0
2025-08-11,LOC-09,SVC-02,Urgent,1,86.3,1.0,0.0
2025-08-11,LOC-01,SVC-06,Urgent,1,83.6,1.0,0.0
2025-08-12,LOC-09,SVC-05,Routine,1,67.0,1.0,0.0
2025-08-12,LOC-05,SVC-07,Routine,1,14.6,1.0,0.0
2025-08-12,LOC-02,SVC-09,Routine,1,4.0,1.0,0.0
2025-08-12,LOC-05,SVC-05,Routine,1,48.4,1.0,0.0
2025-08-12,LOC-03,SVC-04,Routine,1,12.8,1.0,0.0
2025-08-12,LOC-07,SVC-02,Routine,1,38.7,1.0,0.0
2025-08-12,LOC-01,SVC-05,Priority,1,54.7,1.0,0.0
2025-08-12,LOC-04,SVC-08,Routine,1,,1.0,0.0
2025-08-12,LOC-04,SVC-05,Routine,1,16.0,1.0,0.0
2025-08-13,LOC-06,SVC-01,Routine,2,41.0,2.0,0.0
2025-08-13,LOC-01,SVC-09,Routine,1,17.9,1.0,0.0
2025-08-13,LOC-09,SVC-07,Routine,1,36.9,1.0,0.0
2025-08-14,LOC-04,SVC-01,Urgent,1,77.7,1.0,0.0
2025-08-14,LOC-10,SVC-05,Priority,1,33.8,1.0,0.0
2025-08-14,LOC-07,SVC-02,Priority,1,75.7,1.0,0.0
2025-08-15,LOC-06,SVC-07,Routine,1,9.1,1.0,0.0
2025-08-15,LOC-10,SVC-01,Urgent,1,84.3,0.0,0.0
2025-08-15,LOC-02,SVC-07,Urgent,1,80.5,0.0,0.0
2025-08-15,LOC-06,SVC-08,Urgent,1,99.0,1.0,0.0
2025-08-15,LOC-05,SVC-01,Priority,1,,1.0,0.0
2025-08-15,LOC-10,SVC-05,Emergency,1,28.6,1.0,0.0
2025-08-16,LOC-09,SVC-09,Routine,1,27.1,1.0,0.0
2025-08-16,LOC-05,SVC-01,Routine,1,17.6,1.0,0.0
2025-08-16,LOC-04,SVC-09,Routine,1,13.1,1.0,0.0
2025-08-17,LOC-02,SVC-03,Urgent,1,61.9,1.0,0.0
2025-08-17,LOC-01,SVC-08,Routine,1,21.2,1.0,0.0
2025-08-17,LOC-07,SVC-08,Priority,1,61.9,1.0,0.0
2025-08-17,LOC-08,SVC-05,Routine,1,9.5,1.0,0.0
2025-08-18,LOC-06,SVC-05,Routine,1,8.9,1.0,0.0
2025-08-18,LOC-04,SVC-09,Priority,1,43.1,1.0,0.0
2025-08-18,LOC-04,SVC-08,Urgent,1,17.2,1.0,0.0
2025-08-18,LOC-03,SVC-01,Routine,1,34.3,1.0,0.0
2025-08-18,LOC-10,SVC-01,Urgent,1,62.3,1.0,0.0
2025-08-19,LOC-09,SVC-09,Urgent,1,94.9,0.0,0.0
2025-08-20,LOC-08,SVC-01,Routine,1,19.2,1.0,0.0
2025-08-20,LOC-02,SVC-07,Routine,1,14.2,1.0,0.0
2025-08-20,LOC-07,SVC-03,Routine,3,18.95,2.0,1.0
2025-08-20,LOC-09,SVC-06,Urgent,1,25.5,0.0,0.0
2025-08-20,LOC-06,SVC-01,Routine,1,32.8,1.0,0.0
2025-08-20,LOC-01,SVC-06,Routine,1,,1.0,0.0
2025-08-20,LOC-08,SVC-05,Priority,1,16.3,1.0,0.0
2025-08-21,LOC-08,SVC-08,Routine,1,6.1,1.0,0.0
2025-08-21,LOC-01,SVC-06,Routine,1,36.5,1.0,0.0
2025-08-21,LOC-02,SVC-07,Priority,1,67.8,1.0,0.0
2025-08-21,LOC-08,SVC-06,Routine,2,29.75,2.0,0.0
2025-08-21,LOC-08,SVC-05,Routine,2,10.45,2.0,0.0
2025-08-21,LOC-03,SVC-05,Priority,1,29.6,1.0,0.0
2025-08-21,LOC-04,SVC-07,Routine,1,10.5,1.0,0.0
2025-08-22,LOC-06,SVC-01,Routine,1,13.8,1.0,0.0
2025-08-22,LOC-07,SVC-07,Routine,2,23.85,2.0,0.0
2025-08-22,LOC-08,SVC-08,Routine,1,11.9,1.0,0.0
2025-08-22,LOC-06,SVC-07,Routine,1,7.9,1.0,0.0
2025-08-22,LOC-02,SVC-08,Priority,1,59.7,1.0,0.0
2025-08-23,LOC-07,SVC-03,Priority,1,14.4,1.0,0.0
2025-08-23,LOC-06,SVC-02,Routine,1,15.6,1.0,0.0
2025-08-24,LOC-02,SVC-07,Urgent,1,70.2,0.0,0.0
2025-08-24,LOC-03,SVC-03,Priority,1,35.3,1.0,0.0
2025-08-25,LOC-03,SVC-02,Routine,2,14.65,2.0,0.0
2025-08-25,LOC-10,SVC-01,Routine,1,14.4,1.0,0.0
2025-08-25,LOC-05,SVC-02,Priority,1,65.3,1.0,0.0
2025-08-25,LOC-06,SVC-09,Priority,1,19.4,1.0,0.0
2025-08-25,LOC-07,SVC-05,Urgent,1,67.2,1.0,0.0
2025-08-25,LOC-10,SVC-07,Priority,1,25.5,1.0,0.0
2025-08-26,LOC-06,SVC-01,Routine,1,14.1,1.0,0.0
2025-08-26,LOC-10,SVC-03,Routine,1,37.4,1.0,0.0
2025-08-26,LOC-01,SVC-03,Priority,1,64.7,1.0,0.0
2025-08-26,LOC-10,SVC-01,Routine,1,8.8,1.0,0.0
2025-08-26,LOC-04,SVC-02,Priority,1,56.9,1.0,0.0
2025-08-26,LOC-04,SVC-01,Urgent,1,37.3,1.0,0.0
2025-08-27,LOC-07,SVC-01,Urgent,1,40.1,0.0,0.0
2025-08-27,LOC-06,SVC-08,Routine,1,44.0,1.0,0.0
2025-08-27,LOC-05,SVC-01,Priority,2,52.6,2.0,0.0
2025-08-27,LOC-07,SVC-03,Urgent,1,32.3,0.0,0.0
2025-08-27,LOC-08,SVC-07,Routine,1,41.3,1.0,0.0
2025-08-27,LOC-07,SVC-07,Routine,1,59.7,1.0,0.0
2025-08-28,LOC-09,SVC-01,Priority,1,61.0,1.0,0.0
2025-08-28,LOC-04,SVC-01,Routine,1,68.6,1.0,0.0
2025-08-28,LOC-10,SVC-05,Routine,1,11.0,1.0,0.0
2025-08-28,LOC-05,SVC-02,Routine,1,1.0,1.0,0.0
2025-08-28,LOC-03,SVC-07,Routine,1,12.5,1.0,0.0
2025-08-28,LOC-08,SVC-06,Priority,1,55.4,1.0,0.0
2025-08-28,LOC-09,SVC-06,Emergency,1,29.4,0.0,0.0
2025-08-28,LOC-01,SVC-05,Routine,1,64.9,1.0,0.0
2025-08-29,LOC-08,SVC-02,Routine,1,8.6,1.0,0.0
2025-08-29,LOC-07,SVC-02,Routine,1,18.1,1.0,0.0
2025-08-29,LOC-10,SVC-08,Routine,1,61.9,1.0,0.0
2025-08-29,LOC-01,SVC-02,Routine,2,16.3,2.0,0.0
2025-08-29,LOC-02,SVC-05,Priority,1,37.7,1.0,0.0
2025-08-29,LOC-03,SVC-04,Routine,1,15.8,1.0,0.0
2025-08-29,LOC-02,SVC-08,Routine,1,23.6,1.0,0.0
2025-08-30,LOC-04,SVC-02,Routine,1,29.2,1.0,0.0
2025-08-30,LOC-08,SVC-02,Priority,1,20.8,1.0,0.0
2025-08-31,LOC-05,SVC-03,Routine,1,15.1,1.0,0.0
2025-08-31,LOC-09,SVC-04,Routine,1,14.1,1.0,0.0
2025-09-01,LOC-07,SVC-07,Routine,1,5.4,1.0,0.0
2025-09-01,LOC-06,SVC-02,Routine,1,37.6,1.0,0.0
2025-09-01,LOC-07,SVC-01,Emergency,1,37.6,0.0,0.0
2025-09-01,LOC-09,SVC-02,Urgent,1,65.0,1.0,0.0
2025-09-01,LOC-02,SVC-07,Routine,1,18.6,1.0,0.0
2025-09-01,LOC-03,SVC-07,Priority,1,15.7,1.0,0.0
2025-09-01,LOC-03,SVC-02,Routine,1,19.0,1.0,0.0
2025-09-02,LOC-07,SVC-01,Routine,2,22.2,2.0,0.0
2025-09-02,LOC-03,SVC-05,Emergency,1,35.2,0.0,0.0
2025-09-02,LOC-08,SVC-01,Routine,1,63.4,1.0,0.0
2025-09-02,LOC-05,SVC-05,Urgent,1,86.5,1.0,0.0
2025-09-02,LOC-09,SVC-07,Routine,1,73.1,1.0,0.0
2025-09-02,LOC-04,SVC-01,Priority,2,58.3,2.0,0.0
2025-09-02,LOC-08,SVC-09,Routine,1,9.4,1.0,0.0
2025-09-03,LOC-06,SVC-02,Routine,1,6.1,1.0,0.0
2025-09-03,LOC-06,SVC-01,Urgent,1,59.5,1.0,0.0
2025-09-04,LOC-09,SVC-09,Routine,1,32.4,1.0,0.0
2025-09-04,LOC-03,SVC-01,Routine,1,77.7,1.0,0.0
2025-09-04,LOC-05,SVC-01,Priority,1,38.1,1.0,0.0
2025-09-04,LOC-04,SVC-06,Routine,1,82.6,1.0,0.0
2025-09-04,LOC-07,SVC-05,Routine,1,37.7,1.0,0.0
2025-09-05,LOC-01,SVC-02,Priority,1,,1.0,0.0
2025-09-05,LOC-10,SVC-02,Routine,2,23.85,2.0,0.0
2025-09-05,LOC-07,SVC-07,Urgent,1,87.7,1.0,0.0
2025-09-05,LOC-04,SVC-01,Priority,1,40.3,0.0,0.0
2025-09-06,LOC-01,SVC-03,Routine,1,39.0,1.0,0.0
2025-09-06,LOC-09,SVC-01,Priority,1,32.7,1.0,0.0
2025-09-06,LOC-06,SVC-02,Priority,1,59.3,1.0,0.0
2025-09-06,LOC-05,SVC-01,Priority,1,64.4,1.0,0.0
2025-09-06,LOC-01,SVC-06,Priority,1,26.9,1.0,0.0
2025-09-07,LOC-05,SVC-06,Priority,1,72.7,1.0,0.0
2025-09-08,LOC-10,SVC-01,Routine,1,46.6,1.0,0.0
2025-09-08,LOC-09,SVC-01,Routine,1,16.6,1.0,0.0
2025-09-08,LOC-10,SVC-06,Routine,1,18.3,1.0,0.0
2025-09-09,LOC-02,SVC-04,Routine,1,46.2,1.0,0.0
2025-09-09,LOC-02,SVC-06,Urgent,1,33.3,1.0,0.0
2025-09-09,LOC-01,SVC-02,Routine,1,34.3,1.0,0.0
2025-09-10,LOC-04,SVC-09,Routine,1,46.1,1.0,0.0
2025-09-11,LOC-06,SVC-02,Routine,1,21.2,1.0,0.0
2025-09-11,LOC-01,SVC-01,Priority,1,39.4,1.0,0.0
2025-09-11,LOC-04,SVC-06,Emergency,1,55.9,0.0,0.0
2025-09-11,LOC-07,SVC-02,Priority,1,43.5,1.0,0.0
2025-09-11,LOC-04,SVC-03,Routine,1,40.3,1.0,0.0
2025-09-11,LOC-08,SVC-01,Routine,1,13.2,1.0,0.0
2025-09-12,LOC-05,SVC-06,Routine,1,6.2,1.0,0.0
2025-09-12,LOC-02,SVC-02,Routine,1,27.4,1.0,0.0
2025-09-12,LOC-02,SVC-04,Emergency,1,54.4,0.0,0.0
2025-09-12,LOC-06,SVC-04,Priority,1,65.8,1.0,0.0
2025-09-12,LOC-06,SVC-07,Routine,1,14.3,1.0,0.0
2025-09-12,LOC-02,SVC-01,Urgent,1,60.1,0.0,0.0
2025-09-12,LOC-03,SVC-01,Urgent,1,15.0,0.0,0.0
2025-09-13,LOC-09,SVC-01,Priority,1,14.3,1.0,0.0
2025-09-13,LOC-08,SVC-04,Priority,1,62.6,1.0,0.0
2025-09-14,LOC-07,SVC-02,Routine,1,17.0,1.0,0.0
2025-09-14,LOC-08,SVC-07,Routine,1,16.4,1.0,0.0
2025-09-14,LOC-10,SVC-01,Priority,1,58.1,1.0,0.0
2025-09-16,LOC-08,SVC-05,Routine,1,4.2,1.0,0.0
2025-09-16,LOC-07,SVC-06,Priority,1,87.9,1.0,0.0
2025-09-16,LOC-09,SVC-07,Routine,1,29.9,1.0,0.0
2025-09-16,LOC-03,SVC-03,Routine,1,,1.0,0.0
2025-09-17,LOC-02,SVC-05,Routine,2,33.9,2.0,0.0
2025-09-17,LOC-07,SVC-02,Priority,1,12.9,1.0,0.0
2025-09-18,LOC-05,SVC-04,Routine,1,15.3,1.0,0.0
2025-09-18,LOC-10,SVC-01,Routine,1,17.1,1.0,0.0
2025-09-18,LOC-08,SVC-07,Routine,1,10.9,1.0,0.0
2025-09-18,LOC-01,SVC-01,Routine,1,17.5,1.0,0.0
2025-09-18,LOC-02,SVC-08,Routine,1,83.1,1.0,0.0
2025-09-19,LOC-02,SVC-01,Routine,1,48.5,1.0,0.0
2025-09-19,LOC-01,SVC-08,Routine,1,,1.0,0.0
2025-09-19,LOC-05,SVC-06,Urgent,1,66.5,0.0,0.0
2025-09-19,LOC-06,SVC-07,Urgent,1,26.3,1.0,0.0
2025-09-19,LOC-08,SVC-02,Priority,1,20.0,1.0,0.0
2025-09-19,LOC-04,SVC-01,Emergency,1,64.3,0.0,0.0
2025-09-20,LOC-06,SVC-09,Priority,1,39.6,1.0,0.0
2025-09-20,LOC-07,SVC-01,Priority,1,36.0,1.0,0.0
2025-09-21,LOC-03,SVC-09,Routine,1,36.4,1.0,0.0
2025-09-21,LOC-02,SVC-02,Priority,1,66.1,1.0,0.0
2025-09-22,LOC-01,SVC-03,Urgent,1,18.5,1.0,0.0
2025-09-22,LOC-08,SVC-04,Routine,1,16.8,1.0,0.0
2025-09-22,LOC-04,SVC-01,Urgent,2,52.550000000000004,2.0,0.0
2025-09-22,LOC-07,SVC-09,Routine,1,60.7,1.0,0.0
2025-09-22,LOC-01,SVC-02,Routine,1,48.5,1.0,0.0
2025-09-22,LOC-10,SVC-09,Priority,1,30.3,1.0,0.0
2025-09-22,LOC-02,SVC-05,Priority,1,43.8,1.0,0.0
2025-09-23,LOC-02,SVC-06,Priority,1,28.8,1.0,0.0
2025-09-23,LOC-01,SVC-07,Priority,1,65.9,1.0,0.0
2025-09-23,LOC-01,SVC-04,Routine,1,14.2,1.0,0.0
2025-09-23,LOC-06,SVC-09,Routine,1,33.0,1.0,0.0
2025-09-23,LOC-06,SVC-01,Routine,1,24.9,1.0,0.0
2025-09-24,LOC-03,SVC-01,Routine,1,16.6,1.0,0.0
2025-09-24,LOC-07,SVC-02,Priority,1,38.0,1.0,0.0
2025-09-24,LOC-10,SVC-01,Priority,1,23.4,1.0,0.0
2025-09-24,LOC-07,SVC-04,Urgent,1,,1.0,0.0
2025-09-24,LOC-01,SVC-05,Routine,1,22.8,1.0,0.0
2025-09-24,LOC-09,SVC-01,Emergency,1,87.9,0.0,0.0
2025-09-25,LOC-06,SVC-05,Priority,2,73.15,1.0,0.0
2025-09-25,LOC-06,SVC-01,Routine,1,37.5,1.0,0.0
2025-09-26,LOC-10,SVC-09,Priority,1,11.0,1.0,0.0
2025-09-26,LOC-01,SVC-04,Routine,1,45.2,1.0,0.0
2025-09-26,LOC-04,SVC-07,Priority,1,57.2,1.0,0.0
2025-09-27,LOC-02,SVC-02,Priority,1,,1.0,0.0
2025-09-27,LOC-02,SVC-04,Routine,1,34.5,1.0,0.0
2025-09-28,LOC-02,SVC-07,Urgent,1,95.0,0.0,0.0
2025-09-28,LOC-08,SVC-04,Routine,1,11.6,1.0,0.0
2025-09-28,LOC-01,SVC-03,Priority,1,29.5,1.0,0.0
2025-09-29,LOC-07,SVC-04,Routine,1,16.7,1.0,0.0
2025-09-29,LOC-05,SVC-03,Urgent,1,60.6,1.0,0.0
2025-09-29,LOC-01,SVC-01,Urgent,1,59.0,0.0,0.0
2025-09-29,LOC-07,SVC-06,Priority,1,62.1,1.0,0.0
2025-09-30,LOC-06,SVC-01,Routine,1,15.1,1.0,0.0
2025-10-01,LOC-02,SVC-03,Urgent,1,60.9,1.0,0.0
2025-10-01,LOC-03,SVC-08,Urgent,1,26.4,1.0,0.0
2025-10-01,LOC-09,SVC-01,Priority,1,47.1,1.0,0.0
2025-10-01,LOC-02,SVC-08,Priority,1,17.1,1.0,0.0
2025-10-02,LOC-06,SVC-05,Priority,1,65.5,1.0,0.0
2025-10-02,LOC-09,SVC-06,Urgent,1,16.1,1.0,0.0
2025-10-02,LOC-04,SVC-05,Urgent,1,16.4,1.0,0.0
2025-10-02,LOC-04,SVC-08,Routine,1,45.6,1.0,0.0
2025-10-02,LOC-03,SVC-01,Routine,1,9.9,1.0,0.0
2025-10-03,LOC-06,SVC-08,Priority,1,68.8,1.0,0.0
2025-10-03,LOC-04,SVC-01,Routine,1,13.9,1.0,0.0
2025-10-03,LOC-03,SVC-08,Routine,1,15.8,1.0,0.0
2025-10-03,LOC-04,SVC-02,Routine,1,40.8,1.0,0.0
2025-10-04,LOC-09,SVC-08,Priority,1,52.6,1.0,0.0
2025-10-04,LOC-04,SVC-01,Priority,1,30.0,1.0,0.0
2025-10-05,LOC-08,SVC-01,Priority,1,30.8,1.0,0.0
2025-10-06,LOC-09,SVC-08,Priority,1,90.7,1.0,0.0
2025-10-06,LOC-04,SVC-01,Priority,1,14.0,1.0,0.0
2025-10-06,LOC-03,SVC-08,Urgent,1,21.7,1.0,0.0
2025-10-06,LOC-08,SVC-08,Urgent,1,27.7,1.0,0.0
2025-10-07,LOC-03,SVC-06,Routine,2,19.35,2.0,0.0
2025-10-07,LOC-07,SVC-06,Priority,1,10.0,1.0,0.0
2025-10-07,LOC-08,SVC-01,Routine,1,42.6,1.0,0.0
2025-10-07,LOC-01,SVC-02,Routine,1,13.2,1.0,0.0
2025-10-07,LOC-06,SVC-06,Urgent,1,15.8,1.0,0.0
2025-10-07,LOC-09,SVC-07,Routine,1,18.4,1.0,0.0
2025-10-07,LOC-06,SVC-01,Priority,1,16.3,1.0,0.0
2025-10-08,LOC-10,SVC-02,Priority,1,5.3,1.0,0.0
2025-10-08,LOC-08,SVC-08,Routine,1,52.5,1.0,0.0
2025-10-08,LOC-02,SVC-02,Urgent,1,60.0,1.0,0.0
2025-10-08,LOC-07,SVC-02,Urgent,1,34.3,1.0,0.0
2025-10-08,LOC-03,SVC-01,Priority,1,14.4,1.0,0.0
2025-10-09,LOC-09,SVC-03,Routine,1,34.1,1.0,0.0
2025-10-09,LOC-01,SVC-02,Routine,1,68.2,1.0,0.0
2025-10-09,LOC-07,SVC-02,Routine,1,32.0,1.0,0.0
2025-10-09,LOC-09,SVC-05,Priority,1,57.2,1.0,0.0
2025-10-09,LOC-09,SVC-02,Routine,1,13.8,1.0,0.0
2025-10-09,LOC-06,SVC-05,Urgent,1,58.4,0.0,0.0
2025-10-09,LOC-06,SVC-04,Routine,1,49.1,0.0,0.0
2025-10-09,LOC-01,SVC-01,Urgent,1,65.5,0.0,0.0
2025-10-09,LOC-08,SVC-06,Routine,1,10.7,1.0,0.0
2025-10-09,LOC-10,SVC-06,Routine,1,28.6,1.0,0.0
2025-10-10,LOC-09,SVC-05,Priority,1,21.8,1.0,0.0
2025-10-10,LOC-02,SVC-05,Priority,1,93.9,1.0,0.0
2025-10-10,LOC-09,SVC-09,Urgent,1,76.9,0.0,0.0
2025-10-10,LOC-08,SVC-01,Routine,1,13.7,1.0,0.0
2025-10-11,LOC-03,SVC-05,Priority,1,37.0,1.0,0.0
2025-10-11,LOC-10,SVC-01,Routine,1,5.4,1.0,0.0
2025-10-12,LOC-07,SVC-03,Urgent,1,,0.0,0.0
2025-10-13,LOC-01,SVC-01,Routine,2,21.2,2.0,0.0
2025-10-13,LOC-08,SVC-07,Routine,1,67.5,1.0,0.0
2025-10-13,LOC-06,SVC-04,Routine,1,27.9,1.0,0.0
2025-10-13,LOC-02,SVC-09,Priority,1,54.1,1.0,0.0
2025-10-13,LOC-06,SVC-09,Routine,1,63.9,1.0,0.0
2025-10-13,LOC-08,SVC-02,Routine,1,75.3,1.0,0.0
2025-10-14,LOC-04,SVC-07,Routine,1,16.0,1.0,0.0
2025-10-14,LOC-05,SVC-02,Routine,1,47.5,1.0,0.0
2025-10-14,LOC-10,SVC-09,Routine,1,22.5,1.0,0.0
2025-10-15,LOC-06,SVC-02,Priority,1,38.5,1.0,0.0
2025-10-15,LOC-06,SVC-06,Priority,1,61.7,1.0,0.0
2025-10-15,LOC-03,SVC-01,Urgent,1,21.0,0.0,0.0
2025-10-15,LOC-10,SVC-02,Routine,1,32.8,1.0,0.0
2025-10-15,LOC-02,SVC-05,Urgent,1,7.9,1.0,0.0
2025-10-16,LOC-01,SVC-05,Priority,2,37.8,1.0,1.0
2025-10-16,LOC-09,SVC-05,Routine,1,36.2,1.0,0.0
2025-10-16,LOC-01,SVC-01,Routine,1,81.9,1.0,0.0
2025-10-16,LOC-01,SVC-09,Priority,1,50.8,1.0,0.0
2025-10-16,LOC-08,SVC-02,Routine,1,,1.0,0.0
2025-10-16,LOC-08,SVC-01,Priority,1,38.2,1.0,0.0
2025-10-17,LOC-03,SVC-01,Priority,1,20.2,1.0,0.0
2025-10-17,LOC-09,SVC-03,Priority,1,44.7,1.0,0.0
2025-10-19,LOC-08,SVC-08,Priority,1,38.9,1.0,0.0
2025-10-19,LOC-05,SVC-07,Routine,1,37.1,1.0,0.0
2025-10-19,LOC-05,SVC-02,Routine,1,35.1,1.0,0.0
2025-10-20,LOC-09,SVC-02,Priority,1,32.8,1.0,0.0
2025-10-20,LOC-01,SVC-01,Urgent,1,34.7,1.0,0.0
2025-10-20,LOC-03,SVC-01,Priority,1,35.3,1.0,0.0
2025-10-20,LOC-09,SVC-06,Routine,1,10.9,1.0,0.0
2025-10-21,LOC-03,SVC-03,Routine,1,28.9,1.0,0.0
2025-10-21,LOC-10,SVC-09,Routine,1,7.1,1.0,0.0
2025-10-21,LOC-02,SVC-01,Routine,1,28.6,1.0,0.0
2025-10-21,LOC-08,SVC-09,Routine,1,19.2,1.0,0.0
2025-10-21,LOC-03,SVC-02,Routine,1,8.9,1.0,0.0
2025-10-22,LOC-02,SVC-06,Emergency,1,61.9,0.0,0.0
2025-10-23,LOC-03,SVC-06,Routine,1,20.2,1.0,0.0
2025-10-23,LOC-06,SVC-07,Routine,1,36.4,1.0,0.0
2025-10-23,LOC-05,SVC-06,Routine,1,37.6,1.0,0.0
2025-10-23,LOC-01,SVC-01,Routine,2,47.949999999999996,2.0,0.0
2025-10-23,LOC-10,SVC-06,Routine,1,35.1,1.0,0.0
2025-10-24,LOC-06,SVC-04,Routine,1,63.2,1.0,0.0
2025-10-24,LOC-06,SVC-05,Priority,1,44.3,1.0,0.0
2025-10-24,LOC-10,SVC-08,Priority,1,42.6,1.0,0.0
2025-10-25,LOC-08,SVC-02,Emergency,1,67.4,0.0,0.0
2025-10-25,LOC-05,SVC-01,Emergency,1,60.2,0.0,0.0
2025-10-26,LOC-03,SVC-07,Routine,1,3.7,1.0,0.0
2025-10-27,LOC-05,SVC-01,Routine,1,8.7,1.0,0.0
2025-10-28,LOC-03,SVC-04,Urgent,1,7.4,1.0,0.0
2025-10-28,LOC-06,SVC-05,Priority,1,89.3,1.0,0.0
2025-10-28,LOC-08,SVC-08,Urgent,1,20.4,1.0,0.0
2025-10-28,LOC-07,SVC-06,Priority,1,56.4,1.0,0.0
2025-10-28,LOC-08,SVC-09,Routine,1,17.2,1.0,0.0
2025-10-28,LOC-06,SVC-02,Routine,1,87.1,1.0,0.0
2025-10-28,LOC-01,SVC-01,Priority,1,46.1,1.0,0.0
2025-10-28,LOC-10,SVC-01,Routine,1,15.1,1.0,0.0
2025-10-29,LOC-07,SVC-02,Routine,1,10.5,1.0,0.0
2025-10-29,LOC-01,SVC-01,Priority,1,30.9,1.0,0.0
2025-10-29,LOC-02,SVC-06,Emergency,1,78.2,0.0,0.0
2025-10-29,LOC-05,SVC-05,Routine,1,25.8,1.0,0.0
2025-10-30,LOC-03,SVC-04,Priority,1,69.1,1.0,0.0
2025-10-30,LOC-10,SVC-01,Routine,1,13.7,1.0,0.0
2025-10-30,LOC-07,SVC-07,Routine,1,76.5,1.0,0.0
2025-10-31,LOC-01,SVC-09,Urgent,1,92.8,1.0,0.0
2025-10-31,LOC-10,SVC-03,Routine,1,11.9,1.0,0.0
2025-10-31,LOC-01,SVC-01,Urgent,1,34.1,1.0,0.0
2025-10-31,LOC-04,SVC-06,Routine,1,1.5,1.0,0.0
2025-10-31,LOC-06,SVC-03,Urgent,1,24.5,1.0,0.0
2025-10-31,LOC-05,SVC-07,Priority,1,19.3,1.0,0.0
2025-10-31,LOC-08,SVC-06,Urgent,1,69.4,1.0,0.0
2025-10-31,LOC-09,SVC-01,Urgent,1,87.7,0.0,0.0
2025-11-02,LOC-02,SVC-07,Routine,1,11.0,1.0,0.0
2025-11-03,LOC-06,SVC-01,Routine,1,67.8,1.0,0.0
2025-11-03,LOC-01,SVC-07,Priority,1,62.4,1.0,0.0
2025-11-03,LOC-07,SVC-06,Priority,1,20.4,1.0,0.0
2025-11-03,LOC-10,SVC-07,Routine,1,11.7,1.0,0.0
2025-11-03,LOC-06,SVC-09,Routine,1,19.9,1.0,0.0
2025-11-03,LOC-10,SVC-04,Urgent,1,28.3,0.0,0.0
2025-11-03,LOC-10,SVC-06,Priority,1,38.3,1.0,0.0
2025-11-04,LOC-03,SVC-09,Urgent,1,86.3,0.0,0.0
2025-11-04,LOC-08,SVC-09,Routine,1,14.0,1.0,0.0
2025-11-04,LOC-10,SVC-01,Routine,1,37.9,1.0,0.0
2025-11-04,LOC-06,SVC-01,Routine,2,19.75,2.0,0.0
2025-11-04,LOC-05,SVC-08,Routine,1,42.3,1.0,0.0
2025-11-04,LOC-04,SVC-01,Routine,2,26.2,2.0,0.0
2025-11-05,LOC-09,SVC-06,Priority,1,88.0,1.0,0.0
2025-11-05,LOC-04,SVC-05,Routine,1,22.7,1.0,0.0
2025-11-05,LOC-06,SVC-01,Routine,1,25.4,1.0,0.0
2025-11-06,LOC-01,SVC-05,Urgent,1,36.4,1.0,0.0
2025-11-06,LOC-04,SVC-03,Routine,4,18.425,3.0,1.0
2025-11-06,LOC-01,SVC-06,Priority,1,42.7,1.0,0.0
2025-11-06,LOC-03,SVC-06,Routine,1,14.2,1.0,0.0
2025-11-06,LOC-06,SVC-01,Emergency,1,34.9,0.0,0.0
2025-11-07,LOC-04,SVC-02,Urgent,1,86.1,1.0,0.0
2025-11-07,LOC-09,SVC-01,Priority,1,38.1,1.0,0.0
2025-11-07,LOC-03,SVC-05,Routine,1,16.1,1.0,0.0
2025-11-07,LOC-01,SVC-01,Priority,1,65.0,1.0,0.0
2025-11-07,LOC-07,SVC-02,Routine,1,38.4,1.0,0.0
2025-11-09,LOC-07,SVC-02,Routine,1,43.6,1.0,0.0
2025-11-10,LOC-06,SVC-04,Routine,1,18.2,1.0,0.0
2025-11-10,LOC-09,SVC-07,Priority,1,41.3,1.0,0.0
2025-11-10,LOC-05,SVC-04,Urgent,1,58.3,1.0,0.0
2025-11-10,LOC-10,SVC-08,Routine,1,17.4,1.0,0.0
2025-11-11,LOC-04,SVC-01,Priority,1,42.6,1.0,0.0
2025-11-11,LOC-05,SVC-02,Priority,1,32.5,1.0,0.0
2025-11-11,LOC-09,SVC-05,Routine,1,19.1,1.0,0.0
2025-11-12,LOC-08,SVC-07,Routine,2,9.1,2.0,0.0
2025-11-12,LOC-06,SVC-04,Priority,1,32.4,1.0,0.0
2025-11-12,LOC-02,SVC-02,Routine,1,30.3,1.0,0.0
2025-11-12,LOC-10,SVC-03,Routine,1,,1.0,0.0
2025-11-13,LOC-05,SVC-05,Priority,1,28.2,1.0,0.0
2025-11-13,LOC-06,SVC-06,Routine,1,26.2,1.0,0.0
2025-11-14,LOC-10,SVC-03,Routine,1,35.0,1.0,0.0
2025-11-14,LOC-04,SVC-01,Priority,1,86.4,1.0,0.0
2025-11-14,LOC-01,SVC-07,Routine,1,39.5,1.0,0.0
2025-11-14,LOC-06,SVC-02,Priority,1,65.1,1.0,0.0
2025-11-14,LOC-10,SVC-01,Routine,1,20.1,1.0,0.0
2025-11-14,LOC-07,SVC-01,Priority,1,23.1,1.0,0.0
2025-11-14,LOC-01,SVC-03,Routine,1,8.4,1.0,0.0
2025-11-15,LOC-07,SVC-04,Urgent,1,18.3,1.0,0.0
2025-11-16,LOC-03,SVC-01,Routine,1,19.0,1.0,0.0
2025-11-17,LOC-07,SVC-06,Routine,1,6.3,1.0,0.0
2025-11-17,LOC-07,SVC-03,Routine,1,5.9,1.0,0.0
2025-11-17,LOC-10,SVC-06,Priority,1,,1.0,0.0
2025-11-17,LOC-06,SVC-04,Routine,1,8.7,1.0,0.0
2025-11-17,LOC-10,SVC-01,Priority,1,24.8,1.0,0.0
2025-11-17,LOC-10,SVC-03,Routine,1,,1.0,0.0
2025-11-17,LOC-07,SVC-04,Priority,1,64.8,1.0,0.0
2025-11-17,LOC-02,SVC-04,Routine,1,62.5,1.0,0.0
2025-11-18,LOC-07,SVC-02,Priority,1,41.7,1.0,0.0
2025-11-18,LOC-01,SVC-01,Priority,1,58.3,1.0,0.0
2025-11-18,LOC-05,SVC-05,Routine,1,41.0,1.0,0.0
2025-11-18,LOC-08,SVC-07,Routine,1,39.1,1.0,0.0
2025-11-18,LOC-07,SVC-01,Routine,2,22.099999999999998,2.0,0.0
2025-11-19,LOC-01,SVC-05,Routine,1,16.4,1.0,0.0
2025-11-19,LOC-05,SVC-01,Priority,1,64.6,1.0,0.0
2025-11-19,LOC-07,SVC-09,Routine,1,17.3,1.0,0.0
2025-11-19,LOC-06,SVC-06,Urgent,1,94.5,0.0,0.0
2025-11-19,LOC-09,SVC-05,Priority,1,62.4,1.0,0.0
2025-11-19,LOC-04,SVC-02,Routine,1,15.9,1.0,0.0
2025-11-20,LOC-03,SVC-05,Urgent,1,40.8,0.0,0.0
2025-11-20,LOC-07,SVC-02,Urgent,1,,1.0,0.0
2025-11-20,LOC-09,SVC-09,Priority,1,57.0,1.0,0.0
2025-11-20,LOC-07,SVC-08,Priority,1,39.8,1.0,0.0
2025-11-21,LOC-08,SVC-05,Routine,1,10.5,1.0,0.0
2025-11-21,LOC-10,SVC-01,Priority,1,6.7,1.0,0.0
2025-11-22,LOC-09,SVC-02,Urgent,1,83.8,0.0,0.0
2025-11-22,LOC-01,SVC-01,Priority,1,35.8,1.0,0.0
2025-11-22,LOC-01,SVC-06,Routine,1,7.5,1.0,0.0
2025-11-23,LOC-04,SVC-05,Routine,1,8.5,1.0,0.0
2025-11-24,LOC-02,SVC-03,Urgent,1,64.7,0.0,0.0
2025-11-24,LOC-10,SVC-08,Priority,1,38.0,1.0,0.0
2025-11-24,LOC-08,SVC-01,Routine,1,41.1,1.0,0.0
2025-11-24,LOC-07,SVC-02,Routine,1,37.7,1.0,0.0
2025-11-24,LOC-07,SVC-05,Priority,1,,1.0,0.0
2025-11-24,LOC-06,SVC-05,Routine,1,12.0,1.0,0.0
2025-11-24,LOC-06,SVC-06,Priority,1,92.9,1.0,0.0
2025-11-24,LOC-07,SVC-01,Routine,1,23.4,1.0,0.0
2025-11-24,LOC-02,SVC-01,Routine,1,61.0,1.0,0.0
2025-11-25,LOC-07,SVC-01,Priority,1,39.7,1.0,0.0
2025-11-25,LOC-03,SVC-03,Routine,1,11.4,1.0,0.0
2025-11-25,LOC-10,SVC-07,Routine,2,30.450000000000003,2.0,0.0
2025-11-25,LOC-07,SVC-06,Routine,1,33.2,1.0,0.0
2025-11-25,LOC-05,SVC-01,Priority,1,26.4,1.0,0.0
2025-11-25,LOC-06,SVC-05,Priority,1,,1.0,0.0
2025-11-25,LOC-02,SVC-01,Emergency,1,16.8,0.0,0.0
2025-11-26,LOC-05,SVC-06,Emergency,1,74.1,0.0,0.0
2025-11-26,LOC-10,SVC-09,Urgent,1,62.9,1.0,0.0
2025-11-26,LOC-04,SVC-05,Routine,1,13.7,1.0,0.0
2025-11-26,LOC-04,SVC-07,Urgent,1,,1.0,0.0
2025-11-27,LOC-10,SVC-07,Routine,1,38.4,1.0,0.0
2025-11-27,LOC-09,SVC-01,Priority,1,43.1,1.0,0.0
2025-11-27,LOC-01,SVC-05,Routine,1,32.5,1.0,0.0
2025-11-27,LOC-03,SVC-07,Routine,1,39.8,1.0,0.0
2025-11-27,LOC-01,SVC-09,Routine,1,56.4,1.0,0.0
2025-11-27,LOC-10,SVC-01,Urgent,1,23.5,1.0,0.0
2025-11-27,LOC-06,SVC-01,Routine,1,93.5,1.0,0.0
2025-11-28,LOC-07,SVC-05,Urgent,1,64.0,0.0,0.0
2025-11-28,LOC-10,SVC-08,Priority,1,59.3,1.0,0.0
2025-11-28,LOC-05,SVC-05,Priority,1,60.6,1.0,0.0
2025-11-28,LOC-07,SVC-01,Routine,2,21.2,2.0,0.0
2025-11-28,LOC-09,SVC-01,Urgent,1,49.6,1.0,0.0
2025-11-28,LOC-07,SVC-03,Routine,1,54.8,1.0,0.0
2025-11-28,LOC-06,SVC-06,Emergency,1,38.3,0.0,0.0
2025-11-28,LOC-08,SVC-01,Urgent,1,24.6,1.0,0.0
2025-11-28,LOC-10,SVC-01,Routine,1,,1.0,0.0
2025-11-28,LOC-04,SVC-01,Routine,1,27.7,1.0,0.0
2025-11-28,LOC-10,SVC-04,Priority,1,23.1,1.0,0.0
2025-11-28,LOC-08,SVC-02,Priority,1,86.4,1.0,0.0
2025-11-29,LOC-05,SVC-01,Urgent,1,82.5,1.0,0.0
2025-11-29,LOC-08,SVC-02,Priority,1,19.8,1.0,0.0
2025-11-30,LOC-02,SVC-04,Urgent,1,77.6,1.0,0.0
2025-12-01,LOC-10,SVC-01,Urgent,1,34.3,1.0,0.0
2025-12-01,LOC-01,SVC-05,Urgent,1,42.3,1.0,0.0
2025-12-01,LOC-07,SVC-01,Routine,1,13.8,1.0,0.0
2025-12-02,LOC-07,SVC-03,Routine,1,18.4,1.0,0.0
2025-12-02,LOC-04,SVC-05,Routine,1,22.7,1.0,0.0
2025-12-02,LOC-02,SVC-02,Routine,1,14.3,1.0,0.0
2025-12-02,LOC-08,SVC-02,Emergency,1,42.2,0.0,0.0
2025-12-02,LOC-05,SVC-04,Priority,1,63.0,1.0,0.0
2025-12-02,LOC-06,SVC-04,Priority,1,44.7,1.0,0.0
2025-12-03,LOC-02,SVC-07,Routine,1,12.9,1.0,0.0
2025-12-03,LOC-03,SVC-02,Routine,1,36.0,1.0,0.0
2025-12-03,LOC-08,SVC-01,Priority,1,47.2,1.0,0.0
2025-12-03,LOC-10,SVC-06,Routine,1,16.2,1.0,0.0
2025-12-03,LOC-05,SVC-05,Priority,1,41.1,1.0,0.0
2025-12-03,LOC-05,SVC-01,Urgent,1,72.0,1.0,0.0
2025-12-04,LOC-05,SVC-02,Priority,1,42.3,1.0,0.0
2025-12-04,LOC-02,SVC-07,Routine,1,37.4,1.0,0.0
2025-12-04,LOC-01,SVC-05,Routine,1,61.5,1.0,0.0
2025-12-04,LOC-09,SVC-06,Routine,2,42.65,1.0,1.0
2025-12-04,LOC-01,SVC-06,Priority,1,,1.0,0.0
2025-12-04,LOC-03,SVC-02,Priority,1,33.6,1.0,0.0
2025-12-05,LOC-06,SVC-01,Urgent,1,58.5,1.0,0.0
2025-12-05,LOC-01,SVC-08,Routine,1,34.8,1.0,0.0
2025-12-05,LOC-02,SVC-02,Urgent,2,62.3,2.0,0.0
2025-12-05,LOC-06,SVC-02,Routine,1,22.0,1.0,0.0
2025-12-05,LOC-02,SVC-03,Routine,1,22.1,1.0,0.0
2025-12-06,LOC-07,SVC-09,Priority,1,62.5,1.0,0.0
2025-12-06,LOC-05,SVC-01,Routine,1,33.1,1.0,0.0
2025-12-06,LOC-02,SVC-01,Routine,1,11.5,1.0,0.0
2025-12-07,LOC-02,SVC-05,Routine,1,46.2,1.0,0.0
2025-12-07,LOC-10,SVC-03,Priority,1,77.6,1.0,0.0
2025-12-07,LOC-02,SVC-03,Routine,1,19.0,1.0,0.0
2025-12-08,LOC-08,SVC-02,Routine,1,18.4,1.0,0.0
2025-12-08,LOC-10,SVC-02,Routine,1,5.2,1.0,0.0
2025-12-08,LOC-03,SVC-03,Routine,1,27.8,1.0,0.0
2025-12-08,LOC-01,SVC-01,Routine,1,4.4,1.0,0.0
2025-12-08,LOC-07,SVC-05,Urgent,1,66.6,0.0,0.0
2025-12-08,LOC-05,SVC-01,Routine,1,66.9,1.0,0.0
2025-12-08,LOC-01,SVC-03,Priority,1,89.6,0.0,0.0
2025-12-08,LOC-01,SVC-06,Urgent,1,47.4,0.0,0.0
2025-12-09,LOC-03,SVC-07,Urgent,1,61.8,1.0,0.0
2025-12-09,LOC-03,SVC-03,Routine,1,64.7,1.0,0.0
2025-12-09,LOC-07,SVC-08,Priority,1,32.2,1.0,0.0
2025-12-09,LOC-01,SVC-03,Routine,1,19.7,1.0,0.0
2025-12-09,LOC-08,SVC-07,Routine,1,15.9,1.0,0.0
2025-12-09,LOC-01,SVC-07,Priority,1,39.5,1.0,0.0
2025-12-09,LOC-01,SVC-02,Priority,1,35.9,1.0,0.0
2025-12-10,LOC-08,SVC-04,Routine,1,11.2,1.0,0.0
2025-12-10,LOC-04,SVC-07,Urgent,1,66.9,0.0,0.0
2025-12-10,LOC-06,SVC-02,Priority,1,68.5,1.0,0.0
2025-12-11,LOC-04,SVC-03,Routine,1,85.1,1.0,0.0
2025-12-11,LOC-06,SVC-06,Routine,1,8.2,1.0,0.0
2025-12-11,LOC-10,SVC-09,Priority,1,41.0,1.0,0.0
2025-12-11,LOC-09,SVC-03,Priority,1,20.0,1.0,0.0
2025-12-11,LOC-06,SVC-07,Routine,1,13.1,1.0,0.0
2025-12-11,LOC-03,SVC-02,Routine,1,33.5,1.0,0.0
2025-12-11,LOC-01,SVC-03,Routine,1,16.5,1.0,0.0
2025-12-12,LOC-04,SVC-07,Routine,1,14.8,1.0,0.0
2025-12-12,LOC-09,SVC-08,Emergency,1,35.3,0.0,0.0
2025-12-12,LOC-07,SVC-04,Routine,1,37.8,1.0,0.0
2025-12-13,LOC-05,SVC-01,Priority,1,41.4,1.0,0.0
2025-12-13,LOC-02,SVC-06,Priority,1,10.0,0.0,0.0
2025-12-13,LOC-07,SVC-01,Routine,1,12.6,1.0,0.0
2025-12-14,LOC-10,SVC-03,Routine,1,10.8,1.0,0.0
2025-12-15,LOC-08,SVC-09,Urgent,1,99.0,0.0,0.0
2025-12-15,LOC-01,SVC-08,Routine,1,72.9,1.0,0.0
2025-12-15,LOC-02,SVC-05,Emergency,1,81.5,0.0,0.0
2025-12-15,LOC-03,SVC-01,Routine,1,10.2,1.0,0.0
2025-12-15,LOC-07,SVC-01,Routine,1,35.4,1.0,0.0
2025-12-16,LOC-07,SVC-01,Emergency,1,63.6,0.0,0.0
2025-12-16,LOC-04,SVC-01,Priority,1,61.2,1.0,0.0
2025-12-16,LOC-02,SVC-02,Urgent,1,20.1,1.0,0.0
2025-12-17,LOC-01,SVC-02,Urgent,1,34.3,1.0,0.0
2025-12-17,LOC-01,SVC-03,Priority,1,30.2,1.0,0.0
2025-12-17,LOC-06,SVC-07,Priority,1,13.5,1.0,0.0
2025-12-17,LOC-08,SVC-06,Priority,1,20.7,1.0,0.0
2025-12-18,LOC-02,SVC-04,Priority,1,82.7,1.0,0.0
2025-12-18,LOC-02,SVC-01,Priority,1,59.6,1.0,0.0
2025-12-19,LOC-05,SVC-04,Priority,1,39.8,1.0,0.0
2025-12-19,LOC-09,SVC-07,Routine,1,44.3,1.0,0.0
2025-12-19,LOC-04,SVC-02,Routine,1,25.2,1.0,0.0
2025-12-20,LOC-04,SVC-06,Priority,1,34.1,1.0,0.0
2025-12-20,LOC-04,SVC-05,Routine,1,14.5,1.0,0.0
2025-12-21,LOC-09,SVC-05,Urgent,1,39.2,1.0,0.0
2025-12-22,LOC-02,SVC-06,Routine,1,13.5,1.0,0.0
2025-12-22,LOC-02,SVC-04,Routine,1,20.1,1.0,0.0
2025-12-22,LOC-10,SVC-05,Routine,1,12.7,1.0,0.0
2025-12-22,LOC-04,SVC-02,Routine,1,80.0,1.0,0.0
2025-12-23,LOC-03,SVC-07,Urgent,1,39.4,1.0,0.0
2025-12-23,LOC-03,SVC-02,Routine,2,15.25,2.0,0.0
2025-12-23,LOC-05,SVC-01,Priority,1,6.9,1.0,0.0
2025-12-23,LOC-02,SVC-03,Priority,1,47.7,1.0,0.0
2025-12-23,LOC-04,SVC-04,Priority,1,20.9,1.0,0.0
2025-12-24,LOC-06,SVC-06,Priority,1,42.1,1.0,0.0
2025-12-24,LOC-05,SVC-02,Urgent,1,82.4,1.0,0.0
2025-12-24,LOC-05,SVC-07,Emergency,1,63.2,0.0,0.0
2025-12-24,LOC-09,SVC-07,Routine,1,45.1,1.0,0.0
2025-12-24,LOC-02,SVC-02,Priority,1,94.7,1.0,0.0
2025-12-24,LOC-07,SVC-08,Routine,1,23.0,1.0,0.0
2025-12-25,LOC-06,SVC-06,Priority,1,45.1,1.0,0.0
2025-12-25,LOC-03,SVC-01,Routine,1,18.6,1.0,0.0
2025-12-25,LOC-07,SVC-01,Emergency,1,72.5,0.0,0.0
2025-12-25,LOC-06,SVC-07,Routine,1,21.1,1.0,0.0
2025-12-25,LOC-03,SVC-03,Priority,1,4.9,1.0,0.0
2025-12-25,LOC-08,SVC-04,Urgent,1,41.1,1.0,0.0
2025-12-25,LOC-07,SVC-05,Routine,1,19.3,1.0,0.0
2025-12-26,LOC-01,SVC-04,Routine,1,34.7,1.0,0.0
2025-12-26,LOC-09,SVC-07,Urgent,1,28.0,1.0,0.0
2025-12-26,LOC-04,SVC-04,Priority,1,44.8,1.0,0.0
2025-12-26,LOC-03,SVC-02,Routine,1,,1.0,0.0
2025-12-26,LOC-02,SVC-08,Priority,1,77.1,1.0,0.0
2025-12-27,LOC-09,SVC-03,Urgent,1,44.7,1.0,0.0
2025-12-27,LOC-04,SVC-01,Urgent,1,70.4,1.0,0.0
2025-12-28,LOC-05,SVC-08,Priority,1,63.2,1.0,0.0
2025-12-28,LOC-09,SVC-01,Routine,1,11.1,1.0,0.0
2025-12-29,LOC-01,SVC-01,Priority,1,65.6,1.0,0.0
2025-12-29,LOC-07,SVC-06,Priority,1,,1.0,0.0
2025-12-29,LOC-04,SVC-03,Urgent,1,79.0,1.0,0.0
2025-12-29,LOC-10,SVC-08,Routine,1,24.5,1.0,0.0
2025-12-30,LOC-06,SVC-08,Priority,1,7.6,1.0,0.0
2025-12-30,LOC-07,SVC-02,Routine,1,77.8,1.0,0.0
2025-12-30,LOC-09,SVC-02,Routine,1,41.4,1.0,0.0
2025-12-30,LOC-08,SVC-04,Routine,1,4.6,1.0,0.0
2025-12-30,LOC-10,SVC-04,Routine,1,88.9,1.0,0.0
2025-12-30,LOC-07,SVC-04,Routine,1,5.0,1.0,0.0
2025-12-31,LOC-06,SVC-05,Routine,1,19.3,1.0,0.0
2025-12-31,LOC-07,SVC-07,Routine,1,25.1,1.0,0.0
2025-12-31,LOC-01,SVC-03,Routine,1,33.9,1.0,0.0
2025-12-31,LOC-05,SVC-05,Routine,1,46.2,1.0,0.0
2026-01-01,LOC-09,SVC-07,Routine,1,15.1,1.0,0.0
2026-01-01,LOC-06,SVC-09,Routine,1,9.2,1.0,0.0
2026-01-01,LOC-03,SVC-03,Priority,1,21.5,1.0,0.0
2026-01-02,LOC-09,SVC-02,Priority,1,19.6,1.0,0.0
2026-01-02,LOC-08,SVC-04,Emergency,1,40.4,0.0,0.0
2026-01-02,LOC-06,SVC-02,Urgent,1,,0.0,0.0
2026-01-02,LOC-03,SVC-02,Routine,1,17.2,1.0,0.0
2026-01-02,LOC-08,SVC-06,Routine,1,37.0,1.0,0.0
2026-01-02,LOC-08,SVC-05,Priority,1,22.8,1.0,0.0
2026-01-02,LOC-03,SVC-07,Priority,1,36.1,1.0,0.0
2026-01-02,LOC-08,SVC-03,Routine,1,20.2,1.0,0.0
2026-01-02,LOC-03,SVC-06,Priority,1,36.0,1.0,0.0
2026-01-03,LOC-07,SVC-01,Priority,1,40.7,1.0,0.0
2026-01-03,LOC-04,SVC-03,Routine,1,11.4,1.0,0.0
2026-01-03,LOC-10,SVC-02,Routine,1,20.6,1.0,0.0
2026-01-03,LOC-06,SVC-04,Routine,1,8.5,1.0,0.0
2026-01-04,LOC-03,SVC-05,Emergency,1,89.4,0.0,0.0
2026-01-04,LOC-02,SVC-05,Urgent,1,43.5,1.0,0.0
2026-01-05,LOC-04,SVC-05,Routine,1,32.2,1.0,0.0
2026-01-05,LOC-10,SVC-03,Routine,1,13.2,1.0,0.0
2026-01-05,LOC-07,SVC-06,Priority,1,99.0,1.0,0.0
2026-01-05,LOC-05,SVC-01,Routine,1,18.6,1.0,0.0
2026-01-05,LOC-03,SVC-01,Urgent,1,43.0,1.0,0.0
2026-01-05,LOC-08,SVC-03,Routine,1,44.5,1.0,0.0
2026-01-06,LOC-08,SVC-01,Routine,1,65.7,1.0,0.0
2026-01-06,LOC-06,SVC-05,Priority,1,56.8,1.0,0.0
2026-01-07,LOC-02,SVC-03,Urgent,1,83.0,0.0,0.0
2026-01-07,LOC-02,SVC-01,Routine,1,36.8,1.0,0.0
2026-01-07,LOC-09,SVC-02,Routine,1,60.9,1.0,0.0
2026-01-07,LOC-04,SVC-05,Urgent,1,13.9,1.0,0.0
2026-01-07,LOC-08,SVC-09,Urgent,2,39.5,2.0,0.0
2026-01-08,LOC-07,SVC-01,Priority,1,8.6,1.0,0.0
2026-01-08,LOC-03,SVC-08,Urgent,1,79.0,0.0,0.0
2026-01-08,LOC-03,SVC-01,Priority,1,41.5,1.0,0.0
2026-01-08,LOC-06,SVC-04,Routine,1,6.1,1.0,0.0
2026-01-08,LOC-03,SVC-03,Urgent,1,82.6,1.0,0.0
2026-01-09,LOC-07,SVC-02,Routine,1,37.2,1.0,0.0
2026-01-09,LOC-01,SVC-06,Routine,1,41.3,1.0,0.0
2026-01-09,LOC-07,SVC-05,Priority,1,47.7,1.0,0.0
2026-01-10,LOC-01,SVC-05,Urgent,1,77.5,1.0,0.0
2026-01-10,LOC-06,SVC-04,Urgent,1,87.9,0.0,0.0
2026-01-10,LOC-10,SVC-08,Routine,1,40.3,1.0,0.0
2026-01-10,LOC-02,SVC-05,Routine,1,8.6,1.0,0.0
2026-01-10,LOC-07,SVC-03,Routine,1,34.5,1.0,0.0
2026-01-11,LOC-07,SVC-01,Priority,1,59.1,1.0,0.0
2026-01-11,LOC-03,SVC-05,Routine,1,57.6,1.0,0.0
2026-01-11,LOC-07,SVC-03,Routine,1,12.6,1.0,0.0
2026-01-12,LOC-07,SVC-01,Routine,1,68.9,1.0,0.0
2026-01-12,LOC-06,SVC-03,Routine,1,35.0,1.0,0.0
2026-01-12,LOC-08,SVC-09,Urgent,1,21.6,1.0,0.0
2026-01-12,LOC-08,SVC-04,Routine,1,11.1,1.0,0.0
2026-01-13,LOC-06,SVC-09,Urgent,1,65.7,0.0,0.0
2026-01-13,LOC-08,SVC-08,Urgent,1,40.1,1.0,0.0
2026-01-13,LOC-10,SVC-04,Routine,1,89.6,1.0,0.0
2026-01-13,LOC-01,SVC-01,Routine,3,31.666666666666668,2.0,1.0
2026-01-13,LOC-10,SVC-03,Routine,1,67.7,1.0,0.0
2026-01-14,LOC-10,SVC-07,Priority,1,7.8,1.0,0.0
2026-01-14,LOC-05,SVC-01,Routine,1,36.1,1.0,0.0
2026-01-15,LOC-09,SVC-08,Routine,1,15.0,1.0,0.0
2026-01-15,LOC-09,SVC-03,Routine,1,39.5,1.0,0.0
2026-01-15,LOC-07,SVC-01,Routine,1,28.3,1.0,0.0
2026-01-15,LOC-08,SVC-04,Routine,1,4.9,1.0,0.0
2026-01-15,LOC-01,SVC-01,Routine,1,6.9,1.0,0.0
2026-01-16,LOC-06,SVC-02,Priority,1,33.8,1.0,0.0
2026-01-16,LOC-05,SVC-04,Priority,1,35.2,1.0,0.0
2026-01-16,LOC-02,SVC-08,Urgent,1,29.7,0.0,0.0
2026-01-16,LOC-05,SVC-02,Routine,1,43.9,1.0,0.0
2026-01-16,LOC-03,SVC-04,Routine,1,15.9,1.0,0.0
2026-01-16,LOC-01,SVC-04,Priority,1,82.8,1.0,0.0
2026-01-16,LOC-03,SVC-05,Urgent,1,35.6,0.0,0.0
2026-01-17,LOC-06,SVC-08,Urgent,1,57.5,1.0,0.0
2026-01-17,LOC-08,SVC-02,Routine,1,7.6,1.0,0.0
2026-01-18,LOC-07,SVC-02,Routine,1,17.3,1.0,0.0
2026-01-18,LOC-05,SVC-02,Urgent,1,17.9,1.0,0.0
2026-01-18,LOC-10,SVC-04,Routine,1,,1.0,0.0
2026-01-19,LOC-10,SVC-08,Routine,1,36.5,1.0,0.0
2026-01-19,LOC-06,SVC-01,Priority,1,27.7,1.0,0.0
2026-01-19,LOC-06,SVC-04,Priority,1,33.6,1.0,0.0
2026-01-19,LOC-10,SVC-04,Urgent,1,95.6,0.0,0.0
2026-01-20,LOC-06,SVC-07,Priority,1,11.0,1.0,0.0
2026-01-20,LOC-03,SVC-06,Priority,1,61.9,1.0,0.0
2026-01-20,LOC-03,SVC-05,Priority,1,77.3,1.0,0.0
2026-01-20,LOC-01,SVC-01,Urgent,1,56.7,1.0,0.0
2026-01-20,LOC-09,SVC-04,Routine,1,5.4,1.0,0.0
2026-01-20,LOC-07,SVC-07,Priority,1,41.2,1.0,0.0
2026-01-20,LOC-10,SVC-04,Routine,1,20.0,1.0,0.0
2026-01-20,LOC-06,SVC-05,Priority,1,31.8,1.0,0.0
2026-01-21,LOC-07,SVC-03,Routine,1,16.0,1.0,0.0
2026-01-21,LOC-06,SVC-02,Priority,3,57.03333333333333,3.0,0.0
2026-01-21,LOC-02,SVC-02,Routine,1,19.1,1.0,0.0
2026-01-21,LOC-01,SVC-06,Priority,1,40.3,1.0,0.0
2026-01-21,LOC-10,SVC-07,Urgent,1,70.0,0.0,0.0
2026-01-22,LOC-06,SVC-08,Urgent,1,90.5,1.0,0.0
2026-01-22,LOC-05,SVC-02,Priority,1,28.2,1.0,0.0
2026-01-22,LOC-03,SVC-06,Priority,1,21.8,1.0,0.0
2026-01-22,LOC-08,SVC-05,Routine,1,31.2,1.0,0.0
2026-01-22,LOC-06,SVC-06,Routine,1,13.4,1.0,0.0
2026-01-23,LOC-05,SVC-07,Routine,1,35.2,1.0,0.0
2026-01-23,LOC-08,SVC-01,Routine,2,12.4,2.0,0.0
2026-01-23,LOC-08,SVC-02,Routine,2,17.450000000000003,2.0,0.0
2026-01-23,LOC-10,SVC-07,Routine,1,11.8,1.0,0.0
2026-01-23,LOC-06,SVC-03,Urgent,1,3.6,1.0,0.0
2026-01-23,LOC-05,SVC-09,Routine,1,44.6,1.0,0.0
2026-01-23,LOC-09,SVC-01,Emergency,1,68.9,0.0,0.0
2026-01-23,LOC-09,SVC-06,Priority,1,27.2,1.0,0.0
2026-01-23,LOC-09,SVC-05,Priority,1,1.0,1.0,0.0
2026-01-23,LOC-04,SVC-01,Routine,1,65.1,1.0,0.0
2026-01-25,LOC-07,SVC-04,Routine,1,37.5,1.0,0.0
2026-01-26,LOC-02,SVC-05,Urgent,1,70.6,1.0,0.0
2026-01-26,LOC-06,SVC-03,Priority,1,13.1,1.0,0.0
2026-01-26,LOC-07,SVC-01,Routine,1,17.5,1.0,0.0
2026-01-27,LOC-10,SVC-01,Priority,1,36.2,1.0,0.0
2026-01-27,LOC-02,SVC-02,Emergency,1,80.7,0.0,0.0
2026-01-27,LOC-02,SVC-09,Urgent,1,19.7,1.0,0.0
2026-01-27,LOC-07,SVC-07,Priority,1,10.9,1.0,0.0
2026-01-27,LOC-01,SVC-01,Routine,1,34.7,1.0,0.0
2026-01-27,LOC-04,SVC-03,Priority,1,41.8,1.0,0.0
2026-01-27,LOC-01,SVC-05,Routine,1,23.4,1.0,0.0
2026-01-28,LOC-01,SVC-06,Routine,1,9.5,1.0,0.0
2026-01-28,LOC-01,SVC-04,Priority,1,36.2,1.0,0.0
2026-01-28,LOC-06,SVC-01,Routine,1,47.1,1.0,0.0
2026-01-28,LOC-09,SVC-02,Priority,1,42.4,1.0,0.0
2026-01-28,LOC-10,SVC-05,Routine,1,6.0,1.0,0.0
2026-01-28,LOC-06,SVC-08,Urgent,1,76.1,1.0,0.0
2026-01-29,LOC-09,SVC-01,Priority,1,46.9,1.0,0.0
2026-01-29,LOC-06,SVC-05,Urgent,1,49.2,1.0,0.0
2026-01-29,LOC-08,SVC-02,Routine,1,61.2,1.0,0.0
2026-01-29,LOC-10,SVC-03,Routine,1,71.4,1.0,0.0
2026-01-29,LOC-10,SVC-06,Routine,1,23.0,1.0,0.0
2026-01-30,LOC-03,SVC-01,Urgent,1,88.7,0.0,0.0
2026-01-30,LOC-03,SVC-07,Priority,1,,1.0,0.0
2026-01-30,LOC-01,SVC-07,Priority,2,,2.0,0.0
2026-01-31,LOC-07,SVC-04,Routine,1,7.9,1.0,0.0
2026-01-31,LOC-09,SVC-03,Priority,1,87.9,1.0,0.0
2026-01-31,LOC-01,SVC-06,Urgent,1,86.9,1.0,0.0
2026-02-01,LOC-01,SVC-05,Routine,1,24.4,1.0,0.0
2026-02-02,LOC-03,SVC-01,Routine,1,63.2,1.0,0.0
2026-02-02,LOC-06,SVC-05,Priority,1,29.2,1.0,0.0
2026-02-02,LOC-10,SVC-05,Priority,1,13.0,1.0,0.0
2026-02-02,LOC-06,SVC-04,Emergency,1,65.4,0.0,0.0
2026-02-03,LOC-01,SVC-08,Routine,1,33.8,1.0,0.0
2026-02-03,LOC-06,SVC-03,Priority,1,40.2,1.0,0.0
2026-02-03,LOC-01,SVC-02,Routine,1,66.8,1.0,0.0
2026-02-03,LOC-03,SVC-01,Urgent,1,61.1,1.0,0.0
2026-02-03,LOC-03,SVC-02,Routine,1,15.6,1.0,0.0
2026-02-03,LOC-07,SVC-09,Routine,1,22.5,1.0,0.0
2026-02-03,LOC-08,SVC-02,Priority,1,7.9,1.0,0.0
2026-02-04,LOC-06,SVC-07,Priority,1,62.7,1.0,0.0
2026-02-04,LOC-09,SVC-01,Priority,1,57.5,1.0,0.0
2026-02-04,LOC-06,SVC-05,Routine,1,7.3,1.0,0.0
2026-02-04,LOC-09,SVC-02,Routine,1,31.6,1.0,0.0
2026-02-04,LOC-10,SVC-01,Urgent,1,38.8,1.0,0.0
2026-02-04,LOC-09,SVC-04,Routine,1,31.4,1.0,0.0
2026-02-05,LOC-05,SVC-07,Routine,1,65.6,1.0,0.0
2026-02-05,LOC-02,SVC-01,Emergency,1,33.8,0.0,0.0
2026-02-05,LOC-08,SVC-02,Priority,1,11.0,1.0,0.0
2026-02-05,LOC-07,SVC-01,Routine,1,22.5,1.0,0.0
2026-02-06,LOC-09,SVC-04,Urgent,1,40.0,0.0,0.0
2026-02-06,LOC-01,SVC-01,Routine,2,19.2,2.0,0.0
2026-02-06,LOC-07,SVC-02,Routine,1,69.2,1.0,0.0
2026-02-06,LOC-06,SVC-04,Routine,1,35.3,1.0,0.0
2026-02-06,LOC-10,SVC-09,Routine,1,14.8,1.0,0.0
2026-02-06,LOC-01,SVC-02,Routine,1,21.5,1.0,0.0
2026-02-06,LOC-07,SVC-04,Routine,1,9.0,1.0,0.0
2026-02-06,LOC-06,SVC-06,Routine,1,14.5,1.0,0.0
2026-02-06,LOC-06,SVC-01,Priority,1,14.9,1.0,0.0
2026-02-06,LOC-08,SVC-01,Priority,1,32.1,1.0,0.0
2026-02-06,LOC-07,SVC-09,Priority,1,42.9,1.0,0.0
2026-02-07,LOC-08,SVC-05,Routine,1,13.8,1.0,0.0
2026-02-07,LOC-07,SVC-07,Routine,1,27.9,1.0,0.0
2026-02-08,LOC-07,SVC-02,Routine,1,10.9,1.0,0.0
2026-02-09,LOC-06,SVC-05,Priority,1,33.0,1.0,0.0
2026-02-09,LOC-06,SVC-03,Routine,1,53.6,1.0,0.0
2026-02-09,LOC-10,SVC-04,Priority,1,63.3,1.0,0.0
2026-02-09,LOC-04,SVC-03,Routine,1,17.3,1.0,0.0
2026-02-10,LOC-06,SVC-05,Routine,1,34.4,1.0,0.0
2026-02-10,LOC-06,SVC-07,Urgent,1,32.3,1.0,0.0
2026-02-10,LOC-08,SVC-02,Routine,1,34.0,1.0,0.0
2026-02-10,LOC-03,SVC-01,Emergency,1,78.0,0.0,0.0
2026-02-10,LOC-01,SVC-06,Routine,1,18.9,1.0,0.0
2026-02-11,LOC-06,SVC-01,Routine,1,26.7,1.0,0.0
2026-02-11,LOC-06,SVC-02,Routine,1,26.6,1.0,0.0
2026-02-11,LOC-02,SVC-01,Urgent,1,12.0,1.0,0.0
2026-02-11,LOC-09,SVC-01,Routine,1,32.4,1.0,0.0
2026-02-11,LOC-03,SVC-07,Routine,1,26.6,1.0,0.0
2026-02-11,LOC-04,SVC-01,Priority,1,31.7,1.0,0.0
2026-02-11,LOC-02,SVC-06,Urgent,1,38.5,1.0,0.0
2026-02-11,LOC-04,SVC-02,Routine,1,6.1,1.0,0.0
2026-02-12,LOC-01,SVC-01,Routine,2,36.8,2.0,0.0
2026-02-12,LOC-10,SVC-07,Priority,1,65.3,1.0,0.0
2026-02-12,LOC-02,SVC-01,Urgent,1,30.5,1.0,0.0
2026-02-12,LOC-07,SVC-02,Routine,1,13.3,1.0,0.0
2026-02-12,LOC-07,SVC-06,Priority,1,69.2,1.0,0.0
2026-02-12,LOC-05,SVC-08,Routine,1,41.2,1.0,0.0
2026-02-12,LOC-10,SVC-01,Urgent,1,14.1,1.0,0.0
2026-02-12,LOC-03,SVC-01,Priority,1,,1.0,0.0
2026-02-13,LOC-07,SVC-07,Urgent,1,38.6,1.0,0.0
2026-02-13,LOC-01,SVC-06,Routine,1,40.9,1.0,0.0
2026-02-13,LOC-10,SVC-02,Urgent,1,41.5,0.0,0.0
2026-02-13,LOC-06,SVC-07,Urgent,1,23.3,0.0,0.0
2026-02-13,LOC-06,SVC-05,Priority,1,31.7,1.0,0.0
2026-02-13,LOC-07,SVC-04,Urgent,1,9.3,1.0,0.0
2026-02-13,LOC-07,SVC-01,Priority,1,41.4,1.0,0.0
2026-02-14,LOC-09,SVC-03,Routine,1,6.7,1.0,0.0
2026-02-15,LOC-03,SVC-05,Priority,1,15.5,1.0,0.0
2026-02-16,LOC-07,SVC-09,Routine,1,14.8,1.0,0.0
2026-02-16,LOC-02,SVC-05,Priority,1,20.0,1.0,0.0
2026-02-16,LOC-01,SVC-05,Urgent,1,50.4,1.0,0.0
2026-02-16,LOC-09,SVC-01,Priority,1,71.6,1.0,0.0
2026-02-16,LOC-03,SVC-06,Priority,1,62.9,1.0,0.0
2026-02-17,LOC-01,SVC-05,Routine,1,69.6,1.0,0.0
2026-02-17,LOC-06,SVC-05,Urgent,2,69.65,2.0,0.0
2026-02-17,LOC-02,SVC-09,Routine,1,27.3,1.0,0.0
2026-02-17,LOC-06,SVC-01,Priority,1,71.8,1.0,0.0
2026-02-17,LOC-05,SVC-08,Urgent,1,61.6,1.0,0.0
2026-02-17,LOC-03,SVC-02,Priority,1,43.9,1.0,0.0
2026-02-17,LOC-02,SVC-02,Emergency,1,72.6,0.0,0.0
2026-02-18,LOC-03,SVC-05,Routine,1,10.9,1.0,0.0
2026-02-18,LOC-05,SVC-01,Routine,1,41.2,1.0,0.0
2026-02-18,LOC-03,SVC-07,Routine,1,35.5,1.0,0.0
2026-02-19,LOC-09,SVC-07,Routine,1,47.7,1.0,0.0
2026-02-19,LOC-06,SVC-02,Routine,1,16.7,1.0,0.0
2026-02-20,LOC-05,SVC-07,Priority,1,15.6,1.0,0.0
2026-02-20,LOC-08,SVC-05,Routine,1,65.5,1.0,0.0
2026-02-20,LOC-07,SVC-09,Routine,1,24.6,1.0,0.0
2026-02-20,LOC-10,SVC-09,Priority,1,51.6,1.0,0.0
2026-02-22,LOC-07,SVC-07,Routine,1,7.9,1.0,0.0
2026-02-23,LOC-09,SVC-05,Routine,1,,1.0,0.0
2026-02-23,LOC-02,SVC-01,Routine,1,65.1,1.0,0.0
2026-02-23,LOC-10,SVC-04,Routine,1,24.6,1.0,0.0
2026-02-23,LOC-02,SVC-05,Urgent,1,82.2,1.0,0.0
2026-02-24,LOC-02,SVC-07,Routine,1,45.9,1.0,0.0
2026-02-24,LOC-03,SVC-02,Routine,1,25.3,1.0,0.0
2026-02-24,LOC-03,SVC-05,Routine,1,30.4,1.0,0.0
2026-02-24,LOC-05,SVC-02,Priority,1,12.1,1.0,0.0
2026-02-24,LOC-09,SVC-04,Priority,1,8.9,1.0,0.0
2026-02-25,LOC-03,SVC-01,Routine,1,17.4,1.0,0.0
2026-02-25,LOC-03,SVC-02,Urgent,1,31.7,0.0,0.0
2026-02-25,LOC-01,SVC-05,Routine,1,,1.0,0.0
2026-02-26,LOC-08,SVC-05,Routine,1,65.5,1.0,0.0
2026-02-26,LOC-09,SVC-07,Priority,1,27.6,1.0,0.0
2026-02-26,LOC-01,SVC-01,Routine,3,56.9,3.0,0.0
2026-02-26,LOC-06,SVC-08,Priority,1,44.2,1.0,0.0
2026-02-26,LOC-06,SVC-05,Routine,1,11.0,1.0,0.0
2026-02-27,LOC-06,SVC-01,Routine,1,12.9,1.0,0.0
2026-02-27,LOC-10,SVC-01,Priority,2,63.349999999999994,1.0,1.0
2026-02-27,LOC-09,SVC-05,Routine,1,28.7,1.0,0.0
2026-02-28,LOC-02,SVC-01,Routine,1,16.4,1.0,0.0
2026-02-28,LOC-05,SVC-06,Urgent,1,38.9,1.0,0.0
2026-02-28,LOC-06,SVC-02,Routine,1,38.7,1.0,0.0
2026-02-28,LOC-06,SVC-01,Priority,1,21.8,1.0,0.0
2026-03-01,LOC-07,SVC-01,Urgent,1,35.3,1.0,0.0
2026-03-01,LOC-02,SVC-02,Routine,1,40.2,1.0,0.0
2026-03-01,LOC-10,SVC-01,Priority,1,59.9,1.0,0.0
2026-03-02,LOC-10,SVC-04,Routine,1,11.9,1.0,0.0
2026-03-02,LOC-08,SVC-01,Urgent,1,57.8,0.0,0.0
2026-03-03,LOC-08,SVC-04,Routine,1,24.8,1.0,0.0
2026-03-03,LOC-09,SVC-09,Emergency,1,88.2,0.0,0.0
2026-03-03,LOC-02,SVC-05,Priority,1,37.7,1.0,0.0
2026-03-03,LOC-10,SVC-04,Priority,1,88.1,1.0,0.0
2026-03-05,LOC-09,SVC-01,Routine,1,30.9,1.0,0.0
2026-03-05,LOC-10,SVC-01,Priority,1,84.0,1.0,0.0
2026-03-05,LOC-01,SVC-01,Routine,1,63.6,1.0,0.0
2026-03-05,LOC-06,SVC-03,Routine,1,9.4,1.0,0.0
2026-03-05,LOC-06,SVC-08,Routine,1,39.6,1.0,0.0
2026-03-05,LOC-05,SVC-06,Routine,1,87.0,1.0,0.0
2026-03-05,LOC-02,SVC-04,Priority,1,39.7,1.0,0.0
2026-03-06,LOC-08,SVC-01,Routine,1,41.7,1.0,0.0
2026-03-06,LOC-02,SVC-06,Routine,1,46.5,1.0,0.0
2026-03-06,LOC-06,SVC-07,Routine,1,19.1,1.0,0.0
2026-03-06,LOC-03,SVC-03,Routine,1,19.9,1.0,0.0
2026-03-06,LOC-02,SVC-08,Routine,1,37.7,1.0,0.0
2026-03-06,LOC-06,SVC-01,Routine,1,25.6,1.0,0.0
2026-03-07,LOC-06,SVC-06,Priority,1,54.7,1.0,0.0
2026-03-07,LOC-03,SVC-03,Routine,1,14.9,1.0,0.0
2026-03-07,LOC-08,SVC-05,Routine,1,20.9,1.0,0.0
2026-03-07,LOC-09,SVC-09,Priority,1,43.9,1.0,0.0
2026-03-08,LOC-01,SVC-01,Priority,1,14.9,1.0,0.0
2026-03-08,LOC-08,SVC-06,Priority,1,14.1,1.0,0.0
2026-03-08,LOC-05,SVC-09,Routine,1,44.8,1.0,0.0
2026-03-09,LOC-01,SVC-04,Routine,1,54.0,1.0,0.0
2026-03-09,LOC-05,SVC-04,Priority,1,33.4,1.0,0.0
2026-03-09,LOC-04,SVC-02,Priority,1,56.0,1.0,0.0
2026-03-10,LOC-03,SVC-01,Priority,1,51.0,1.0,0.0
2026-03-11,LOC-09,SVC-05,Routine,1,16.7,1.0,0.0
2026-03-11,LOC-06,SVC-07,Priority,2,38.6,2.0,0.0
2026-03-11,LOC-02,SVC-05,Routine,1,39.8,1.0,0.0
2026-03-12,LOC-08,SVC-02,Routine,2,31.900000000000002,2.0,0.0
2026-03-12,LOC-04,SVC-01,Urgent,1,55.8,1.0,0.0
2026-03-12,LOC-05,SVC-08,Routine,1,34.3,1.0,0.0
2026-03-12,LOC-06,SVC-03,Routine,1,21.8,1.0,0.0
2026-03-13,LOC-03,SVC-04,Routine,1,10.9,1.0,0.0
2026-03-13,LOC-04,SVC-03,Urgent,1,68.5,0.0,0.0
2026-03-13,LOC-07,SVC-01,Routine,1,9.3,1.0,0.0
2026-03-13,LOC-09,SVC-02,Routine,1,38.7,1.0,0.0
2026-03-14,LOC-02,SVC-01,Urgent,1,16.5,1.0,0.0
2026-03-14,LOC-06,SVC-01,Priority,1,62.3,1.0,0.0
2026-03-14,LOC-09,SVC-05,Routine,1,44.5,1.0,0.0
2026-03-15,LOC-06,SVC-06,Priority,1,41.3,1.0,0.0
2026-03-15,LOC-03,SVC-08,Priority,1,42.9,1.0,0.0
2026-03-16,LOC-06,SVC-01,Routine,1,28.7,1.0,0.0
2026-03-16,LOC-06,SVC-03,Routine,1,14.2,1.0,0.0
2026-03-16,LOC-05,SVC-06,Priority,1,63.8,1.0,0.0
2026-03-16,LOC-06,SVC-08,Emergency,1,,0.0,0.0
2026-03-16,LOC-10,SVC-03,Routine,1,18.3,1.0,0.0
2026-03-16,LOC-04,SVC-03,Priority,1,44.5,1.0,0.0
2026-03-16,LOC-10,SVC-06,Routine,1,16.7,1.0,0.0
2026-03-16,LOC-08,SVC-01,Priority,1,27.3,1.0,0.0
2026-03-16,LOC-03,SVC-01,Routine,1,27.2,1.0,0.0
2026-03-17,LOC-03,SVC-01,Routine,1,39.6,1.0,0.0
2026-03-17,LOC-03,SVC-05,Priority,1,31.8,1.0,0.0
2026-03-17,LOC-04,SVC-01,Routine,3,28.8,3.0,0.0
2026-03-17,LOC-10,SVC-01,Routine,1,19.4,1.0,0.0
2026-03-17,LOC-03,SVC-04,Priority,1,11.1,1.0,0.0
2026-03-17,LOC-08,SVC-03,Priority,1,40.0,1.0,0.0
2026-03-17,LOC-06,SVC-02,Routine,1,33.9,1.0,0.0
2026-03-17,LOC-08,SVC-01,Urgent,1,35.8,1.0,0.0
2026-03-17,LOC-02,SVC-07,Emergency,1,93.4,0.0,0.0
2026-03-18,LOC-09,SVC-08,Routine,1,43.6,1.0,0.0
2026-03-18,LOC-07,SVC-01,Routine,1,33.7,1.0,0.0
2026-03-18,LOC-06,SVC-09,Priority,1,69.8,1.0,0.0
2026-03-18,LOC-09,SVC-06,Priority,1,42.1,1.0,0.0
2026-03-18,LOC-02,SVC-02,Priority,1,54.9,1.0,0.0
2026-03-18,LOC-04,SVC-02,Priority,1,67.5,1.0,0.0
2026-03-18,LOC-06,SVC-01,Emergency,1,37.5,0.0,0.0
2026-03-19,LOC-10,SVC-07,Routine,2,25.700000000000003,1.0,1.0
2026-03-19,LOC-01,SVC-02,Routine,1,62.1,1.0,0.0
2026-03-19,LOC-07,SVC-07,Routine,1,19.0,1.0,0.0
2026-03-20,LOC-07,SVC-04,Routine,1,38.0,1.0,0.0
2026-03-20,LOC-09,SVC-03,Routine,1,17.8,1.0,0.0
2026-03-20,LOC-10,SVC-01,Urgent,1,47.4,0.0,0.0
2026-03-20,LOC-09,SVC-01,Priority,1,12.0,1.0,0.0
2026-03-21,LOC-06,SVC-09,Routine,1,,1.0,0.0
2026-03-21,LOC-04,SVC-01,Priority,1,63.5,1.0,0.0
2026-03-21,LOC-06,SVC-08,Emergency,1,61.0,0.0,0.0
2026-03-22,LOC-10,SVC-03,Priority,1,24.1,1.0,0.0
2026-03-22,LOC-02,SVC-04,Urgent,1,77.2,0.0,0.0
2026-03-23,LOC-03,SVC-07,Urgent,1,60.2,0.0,0.0
2026-03-23,LOC-08,SVC-04,Routine,1,35.3,1.0,0.0
2026-03-23,LOC-07,SVC-01,Routine,1,21.0,1.0,0.0
2026-03-23,LOC-05,SVC-05,Routine,1,9.5,1.0,0.0
2026-03-23,LOC-02,SVC-03,Routine,1,12.3,1.0,0.0
2026-03-24,LOC-08,SVC-09,Routine,2,25.55,2.0,0.0
2026-03-24,LOC-03,SVC-09,Urgent,1,17.1,1.0,0.0
2026-03-24,LOC-02,SVC-09,Emergency,1,37.1,1.0,0.0
2026-03-24,LOC-08,SVC-01,Priority,1,32.3,1.0,0.0
2026-03-25,LOC-10,SVC-02,Routine,1,22.0,1.0,0.0
2026-03-25,LOC-04,SVC-02,Urgent,1,43.8,1.0,0.0
2026-03-25,LOC-05,SVC-02,Routine,1,41.0,1.0,0.0
2026-03-25,LOC-08,SVC-08,Routine,1,20.7,1.0,0.0
2026-03-26,LOC-07,SVC-08,Priority,1,62.9,1.0,0.0
2026-03-26,LOC-04,SVC-01,Emergency,1,63.2,0.0,0.0
2026-03-26,LOC-05,SVC-06,Routine,1,35.8,1.0,0.0
2026-03-26,LOC-03,SVC-01,Urgent,1,42.7,1.0,0.0
2026-03-26,LOC-03,SVC-02,Routine,1,34.8,1.0,0.0
2026-03-26,LOC-05,SVC-01,Priority,1,64.9,1.0,0.0
2026-03-26,LOC-05,SVC-08,Priority,1,68.8,1.0,0.0
2026-03-27,LOC-04,SVC-05,Routine,1,28.5,1.0,0.0
2026-03-27,LOC-06,SVC-09,Routine,1,40.0,1.0,0.0
2026-03-27,LOC-03,SVC-08,Routine,1,67.2,1.0,0.0
2026-03-27,LOC-05,SVC-05,Urgent,1,38.9,1.0,0.0
2026-03-27,LOC-08,SVC-08,Urgent,1,18.1,1.0,0.0
2026-03-27,LOC-03,SVC-03,Routine,1,63.9,1.0,0.0
2026-03-27,LOC-08,SVC-05,Priority,1,42.1,1.0,0.0
2026-03-28,LOC-02,SVC-05,Routine,1,32.7,1.0,0.0
2026-03-28,LOC-04,SVC-08,Urgent,1,66.6,0.0,0.0
2026-03-28,LOC-05,SVC-05,Priority,1,44.3,1.0,0.0
2026-03-29,LOC-07,SVC-01,Routine,1,23.9,1.0,0.0
2026-03-29,LOC-01,SVC-07,Priority,1,40.3,1.0,0.0
2026-03-29,LOC-04,SVC-09,Routine,1,20.4,1.0,0.0
2026-03-30,LOC-02,SVC-09,Routine,1,49.0,1.0,0.0
2026-03-30,LOC-01,SVC-01,Routine,1,9.2,1.0,0.0
2026-03-30,LOC-03,SVC-05,Routine,1,18.3,1.0,0.0
2026-03-30,LOC-02,SVC-02,Urgent,1,54.5,0.0,0.0
2026-03-30,LOC-01,SVC-09,Routine,1,19.7,1.0,0.0
2026-03-30,LOC-10,SVC-07,Urgent,1,27.0,1.0,0.0
2026-03-30,LOC-06,SVC-07,Urgent,1,63.7,1.0,0.0
2026-03-30,LOC-03,SVC-04,Priority,1,75.0,0.0,0.0
2026-03-30,LOC-09,SVC-01,Urgent,1,47.1,1.0,0.0
2026-03-30,LOC-09,SVC-06,Routine,1,48.4,1.0,0.0
2026-03-31,LOC-04,SVC-01,Routine,1,15.3,1.0,0.0
2026-03-31,LOC-02,SVC-01,Priority,1,6.6,1.0,0.0
2026-03-31,LOC-03,SVC-06,Routine,1,36.0,1.0,0.0
2026-03-31,LOC-04,SVC-02,Routine,1,33.1,1.0,0.0
2026-03-31,LOC-10,SVC-01,Routine,1,30.6,1.0,0.0
2026-04-01,LOC-03,SVC-01,Routine,2,16.8,2.0,0.0
2026-04-01,LOC-05,SVC-02,Priority,1,38.2,1.0,0.0
2026-04-01,LOC-06,SVC-01,Urgent,1,60.4,0.0,0.0
2026-04-01,LOC-01,SVC-05,Routine,1,14.0,1.0,0.0
2026-04-01,LOC-06,SVC-05,Routine,1,17.5,1.0,0.0
2026-04-01,LOC-03,SVC-05,Priority,1,89.5,1.0,0.0
2026-04-01,LOC-03,SVC-09,Routine,1,34.0,1.0,0.0
2026-04-01,LOC-06,SVC-03,Routine,1,27.4,1.0,0.0
2026-04-01,LOC-05,SVC-07,Priority,1,12.3,1.0,0.0
2026-04-02,LOC-01,SVC-07,Priority,1,17.7,1.0,0.0
2026-04-02,LOC-06,SVC-05,Priority,1,25.8,1.0,0.0
2026-04-02,LOC-05,SVC-03,Urgent,1,38.4,1.0,0.0
2026-04-02,LOC-08,SVC-05,Routine,1,40.0,1.0,0.0
2026-04-02,LOC-07,SVC-02,Priority,1,,1.0,0.0
2026-04-02,LOC-04,SVC-02,Routine,1,70.1,1.0,0.0
2026-04-03,LOC-06,SVC-03,Routine,1,12.0,1.0,0.0
2026-04-03,LOC-08,SVC-08,Routine,1,41.1,1.0,0.0
2026-04-03,LOC-01,SVC-03,Routine,1,35.2,1.0,0.0
2026-04-03,LOC-04,SVC-01,Routine,2,37.3,2.0,0.0
2026-04-04,LOC-07,SVC-06,Emergency,1,90.4,0.0,0.0
2026-04-04,LOC-02,SVC-01,Priority,1,87.9,1.0,0.0
2026-04-04,LOC-05,SVC-01,Urgent,1,26.2,1.0,0.0
2026-04-04,LOC-08,SVC-06,Priority,1,30.8,1.0,0.0
2026-04-05,LOC-02,SVC-09,Priority,1,7.9,1.0,0.0
2026-04-05,LOC-10,SVC-02,Emergency,1,13.5,1.0,0.0
2026-04-06,LOC-10,SVC-07,Urgent,1,83.9,0.0,0.0
2026-04-06,LOC-01,SVC-02,Routine,1,53.5,1.0,0.0
2026-04-06,LOC-06,SVC-05,Urgent,1,93.6,1.0,0.0
2026-04-06,LOC-02,SVC-09,Routine,1,36.4,1.0,0.0
2026-04-06,LOC-02,SVC-02,Urgent,1,66.5,1.0,0.0
2026-04-06,LOC-02,SVC-05,Priority,1,,1.0,0.0
2026-04-07,LOC-03,SVC-04,Routine,1,15.4,1.0,0.0
2026-04-07,LOC-05,SVC-05,Urgent,1,33.9,1.0,0.0
2026-04-07,LOC-03,SVC-02,Routine,3,28.6,3.0,0.0
2026-04-07,LOC-02,SVC-05,Priority,1,93.8,0.0,0.0
2026-04-07,LOC-06,SVC-01,Emergency,1,68.2,0.0,0.0
2026-04-07,LOC-10,SVC-04,Priority,1,86.8,1.0,0.0
2026-04-08,LOC-10,SVC-06,Routine,1,29.7,1.0,0.0
2026-04-08,LOC-07,SVC-01,Routine,1,31.9,1.0,0.0
2026-04-08,LOC-03,SVC-03,Emergency,1,82.8,0.0,0.0
2026-04-09,LOC-09,SVC-09,Emergency,1,29.5,0.0,0.0
2026-04-09,LOC-09,SVC-06,Urgent,1,32.4,1.0,0.0
2026-04-09,LOC-03,SVC-01,Routine,1,21.8,1.0,0.0
2026-04-09,LOC-03,SVC-06,Priority,1,18.4,1.0,0.0
2026-04-09,LOC-04,SVC-01,Routine,1,18.1,1.0,0.0
2026-04-10,LOC-05,SVC-08,Routine,1,65.1,1.0,0.0
2026-04-10,LOC-07,SVC-06,Routine,1,48.6,1.0,0.0
2026-04-11,LOC-02,SVC-05,Priority,1,30.3,1.0,0.0
2026-04-12,LOC-02,SVC-03,Urgent,1,28.7,1.0,0.0
2026-04-12,LOC-02,SVC-06,Urgent,1,32.4,1.0,0.0
2026-04-12,LOC-02,SVC-01,Routine,1,31.0,1.0,0.0
2026-04-13,LOC-05,SVC-08,Priority,1,51.0,1.0,0.0
2026-04-13,LOC-07,SVC-01,Urgent,1,33.2,0.0,0.0
2026-04-13,LOC-03,SVC-01,Priority,1,40.3,1.0,0.0
2026-04-13,LOC-01,SVC-04,Routine,1,1.0,1.0,0.0
2026-04-13,LOC-04,SVC-01,Urgent,1,88.8,1.0,0.0
2026-04-14,LOC-05,SVC-01,Routine,1,42.7,1.0,0.0
2026-04-14,LOC-06,SVC-02,Routine,1,17.5,1.0,0.0
2026-04-14,LOC-08,SVC-06,Urgent,1,31.1,1.0,0.0
2026-04-14,LOC-05,SVC-05,Priority,1,38.3,1.0,0.0
2026-04-14,LOC-10,SVC-07,Urgent,1,20.3,1.0,0.0
2026-04-14,LOC-06,SVC-01,Priority,1,59.6,1.0,0.0
2026-04-15,LOC-06,SVC-04,Priority,1,33.9,1.0,0.0
2026-04-15,LOC-04,SVC-09,Routine,1,10.4,1.0,0.0
2026-04-15,LOC-10,SVC-02,Routine,1,44.3,1.0,0.0
2026-04-16,LOC-10,SVC-01,Emergency,1,23.4,0.0,0.0
2026-04-16,LOC-02,SVC-05,Routine,1,33.1,1.0,0.0
2026-04-16,LOC-03,SVC-01,Routine,1,36.7,1.0,0.0
2026-04-16,LOC-02,SVC-06,Urgent,1,42.6,1.0,0.0
2026-04-16,LOC-05,SVC-03,Priority,1,32.5,1.0,0.0
2026-04-16,LOC-03,SVC-07,Urgent,1,29.3,1.0,0.0
2026-04-16,LOC-02,SVC-07,Priority,1,62.9,1.0,0.0
2026-04-17,LOC-03,SVC-01,Urgent,1,24.9,1.0,0.0
2026-04-17,LOC-01,SVC-03,Routine,1,4.0,1.0,0.0
2026-04-17,LOC-02,SVC-02,Priority,1,41.2,1.0,0.0
2026-04-17,LOC-05,SVC-06,Routine,1,9.9,1.0,0.0
2026-04-17,LOC-07,SVC-06,Routine,1,34.1,1.0,0.0
2026-04-17,LOC-09,SVC-01,Urgent,1,41.9,1.0,0.0
2026-04-19,LOC-07,SVC-02,Priority,1,34.3,1.0,0.0
2026-04-19,LOC-08,SVC-03,Emergency,1,49.4,0.0,0.0
2026-04-20,LOC-05,SVC-06,Priority,1,19.9,1.0,0.0
2026-04-20,LOC-08,SVC-08,Priority,1,61.2,1.0,0.0
2026-04-20,LOC-02,SVC-02,Priority,1,67.1,1.0,0.0
2026-04-20,LOC-10,SVC-05,Emergency,1,73.7,0.0,0.0
2026-04-20,LOC-02,SVC-03,Priority,1,,1.0,0.0
2026-04-21,LOC-09,SVC-09,Routine,1,14.7,1.0,0.0
2026-04-21,LOC-08,SVC-04,Priority,1,14.1,1.0,0.0
2026-04-21,LOC-09,SVC-01,Priority,1,63.8,1.0,0.0
2026-04-21,LOC-02,SVC-05,Routine,1,33.8,1.0,0.0
2026-04-21,LOC-06,SVC-07,Routine,1,33.4,1.0,0.0
2026-04-22,LOC-10,SVC-01,Routine,1,12.9,1.0,0.0
2026-04-23,LOC-08,SVC-08,Routine,1,43.8,1.0,0.0
2026-04-24,LOC-04,SVC-07,Routine,1,8.9,1.0,0.0
2026-04-24,LOC-03,SVC-02,Routine,1,34.9,1.0,0.0
2026-04-26,LOC-09,SVC-06,Routine,1,42.1,1.0,0.0
2026-04-26,LOC-10,SVC-02,Priority,1,3.2,1.0,0.0
2026-04-26,LOC-10,SVC-01,Routine,1,31.3,1.0,0.0
2026-04-27,LOC-01,SVC-05,Routine,1,35.4,1.0,0.0
2026-04-27,LOC-02,SVC-01,Emergency,1,35.1,0.0,0.0
2026-04-27,LOC-10,SVC-05,Routine,1,11.0,1.0,0.0
2026-04-27,LOC-02,SVC-04,Routine,1,38.3,1.0,0.0
2026-04-27,LOC-02,SVC-07,Priority,2,77.75,2.0,0.0
2026-04-28,LOC-09,SVC-04,Priority,1,30.1,1.0,0.0
2026-04-28,LOC-09,SVC-03,Urgent,1,43.7,1.0,0.0
2026-04-29,LOC-04,SVC-01,Urgent,1,61.3,1.0,0.0
2026-04-29,LOC-06,SVC-03,Routine,1,32.8,1.0,0.0
2026-04-29,LOC-02,SVC-07,Routine,1,50.8,1.0,0.0
2026-04-29,LOC-02,SVC-03,Emergency,1,25.6,0.0,0.0
2026-04-29,LOC-09,SVC-02,Priority,1,40.8,1.0,0.0
2026-04-29,LOC-09,SVC-04,Routine,1,23.6,1.0,0.0
2026-04-29,LOC-10,SVC-04,Routine,1,19.0,1.0,0.0
2026-04-29,LOC-02,SVC-05,Priority,1,60.1,1.0,0.0
2026-04-30,LOC-04,SVC-02,Routine,1,21.7,1.0,0.0
2026-04-30,LOC-06,SVC-01,Routine,1,18.7,1.0,0.0
2026-04-30,LOC-05,SVC-06,Routine,1,31.9,1.0,0.0
2026-04-30,LOC-06,SVC-02,Urgent,1,42.0,1.0,0.0
2026-04-30,LOC-06,SVC-07,Priority,1,66.6,1.0,0.0
2026-04-30,LOC-07,SVC-01,Routine,1,14.5,1.0,0.0
2026-04-30,LOC-05,SVC-07,Priority,1,49.8,1.0,0.0
2026-04-30,LOC-02,SVC-07,Routine,1,15.8,1.0,0.0
2026-05-01,LOC-07,SVC-01,Routine,1,7.5,1.0,0.0
2026-05-01,LOC-03,SVC-01,Routine,1,14.6,1.0,0.0
2026-05-01,LOC-07,SVC-08,Routine,1,25.7,1.0,0.0
2026-05-01,LOC-03,SVC-05,Priority,1,99.0,1.0,0.0
2026-05-01,LOC-10,SVC-09,Emergency,1,23.7,0.0,0.0
2026-05-01,LOC-01,SVC-02,Routine,1,14.7,1.0,0.0
2026-05-02,LOC-09,SVC-06,Priority,1,14.8,1.0,0.0
2026-05-03,LOC-03,SVC-01,Routine,1,19.1,1.0,0.0
2026-05-03,LOC-10,SVC-05,Routine,1,44.2,1.0,0.0
2026-05-03,LOC-10,SVC-04,Priority,1,24.3,1.0,0.0
2026-05-03,LOC-02,SVC-01,Priority,1,83.1,1.0,0.0
2026-05-04,LOC-01,SVC-02,Routine,1,9.3,1.0,0.0
2026-05-04,LOC-01,SVC-07,Routine,1,12.8,1.0,0.0
2026-05-04,LOC-04,SVC-01,Emergency,1,95.0,0.0,0.0
2026-05-04,LOC-07,SVC-08,Routine,1,19.5,1.0,0.0
2026-05-05,LOC-01,SVC-05,Routine,1,33.3,1.0,0.0
2026-05-05,LOC-04,SVC-07,Emergency,1,81.7,0.0,0.0
2026-05-06,LOC-06,SVC-04,Priority,1,12.1,1.0,0.0
2026-05-06,LOC-06,SVC-02,Priority,1,72.2,1.0,0.0
2026-05-06,LOC-09,SVC-01,Routine,2,18.75,2.0,0.0
2026-05-06,LOC-08,SVC-07,Urgent,1,66.6,1.0,0.0
2026-05-06,LOC-09,SVC-03,Routine,1,15.3,1.0,0.0
2026-05-06,LOC-07,SVC-07,Priority,1,22.3,1.0,0.0
2026-05-06,LOC-05,SVC-01,Routine,1,9.2,1.0,0.0
2026-05-07,LOC-01,SVC-02,Routine,1,38.0,1.0,0.0
2026-05-07,LOC-06,SVC-04,Urgent,1,37.8,1.0,0.0
2026-05-07,LOC-01,SVC-03,Routine,1,36.4,1.0,0.0
2026-05-07,LOC-09,SVC-06,Routine,1,48.2,1.0,0.0
2026-05-07,LOC-06,SVC-06,Routine,1,21.0,1.0,0.0
2026-05-07,LOC-06,SVC-02,Urgent,1,19.3,1.0,0.0
2026-05-08,LOC-05,SVC-04,Routine,1,57.1,1.0,0.0
2026-05-08,LOC-10,SVC-01,Routine,1,12.9,1.0,0.0
2026-05-08,LOC-06,SVC-03,Routine,1,49.0,1.0,0.0
2026-05-08,LOC-08,SVC-05,Urgent,1,74.7,1.0,0.0
2026-05-08,LOC-07,SVC-08,Routine,1,26.0,1.0,0.0
2026-05-08,LOC-07,SVC-01,Routine,1,12.3,1.0,0.0
2026-05-08,LOC-03,SVC-01,Routine,1,36.8,1.0,0.0
2026-05-09,LOC-04,SVC-05,Emergency,1,31.9,1.0,0.0
2026-05-10,LOC-10,SVC-08,Routine,1,29.0,1.0,0.0
2026-05-10,LOC-03,SVC-02,Routine,1,23.4,1.0,0.0
2026-05-11,LOC-01,SVC-07,Routine,2,23.4,2.0,0.0
2026-05-11,LOC-05,SVC-04,Routine,1,27.5,1.0,0.0
2026-05-11,LOC-03,SVC-05,Emergency,1,32.3,0.0,0.0
2026-05-11,LOC-06,SVC-07,Priority,1,63.7,0.0,0.0
2026-05-12,LOC-09,SVC-01,Priority,2,18.85,2.0,0.0
2026-05-13,LOC-10,SVC-03,Priority,1,13.6,1.0,0.0
2026-05-13,LOC-06,SVC-01,Routine,2,20.8,2.0,0.0
2026-05-13,LOC-05,SVC-02,Urgent,1,65.6,0.0,0.0
2026-05-13,LOC-04,SVC-01,Routine,1,53.0,1.0,0.0
2026-05-13,LOC-07,SVC-05,Routine,1,47.2,1.0,0.0
2026-05-13,LOC-05,SVC-04,Priority,1,67.2,1.0,0.0
2026-05-13,LOC-02,SVC-07,Emergency,1,60.5,0.0,0.0
2026-05-14,LOC-05,SVC-09,Routine,1,32.5,1.0,0.0
2026-05-14,LOC-06,SVC-07,Routine,2,26.4,1.0,1.0
2026-05-14,LOC-01,SVC-09,Routine,1,35.1,1.0,0.0
2026-05-14,LOC-02,SVC-02,Routine,1,19.1,1.0,0.0
2026-05-14,LOC-06,SVC-08,Emergency,1,89.4,0.0,0.0
2026-05-14,LOC-01,SVC-01,Routine,1,36.3,1.0,0.0
2026-05-15,LOC-01,SVC-06,Routine,1,77.3,1.0,0.0
2026-05-15,LOC-08,SVC-02,Priority,1,31.9,1.0,0.0
2026-05-15,LOC-06,SVC-01,Emergency,1,81.8,0.0,0.0
2026-05-15,LOC-07,SVC-01,Routine,1,16.0,1.0,0.0
2026-05-15,LOC-09,SVC-04,Urgent,1,,1.0,0.0
2026-05-15,LOC-07,SVC-02,Routine,1,32.4,1.0,0.0
2026-05-15,LOC-06,SVC-05,Routine,1,13.8,1.0,0.0
2026-05-15,LOC-08,SVC-04,Routine,1,18.9,1.0,0.0
2026-05-15,LOC-03,SVC-03,Routine,1,37.7,1.0,0.0
2026-05-16,LOC-03,SVC-08,Priority,1,40.9,1.0,0.0
2026-05-16,LOC-07,SVC-01,Routine,1,32.7,1.0,0.0
2026-05-16,LOC-09,SVC-05,Routine,1,11.5,1.0,0.0
2026-05-16,LOC-05,SVC-01,Priority,1,33.6,1.0,0.0
2026-05-17,LOC-02,SVC-02,Routine,1,15.8,1.0,0.0
2026-05-17,LOC-01,SVC-04,Routine,1,60.6,1.0,0.0
2026-05-17,LOC-10,SVC-06,Priority,1,30.5,1.0,0.0
2026-05-17,LOC-07,SVC-01,Routine,1,28.4,1.0,0.0
2026-05-17,LOC-07,SVC-07,Routine,1,24.2,1.0,0.0
2026-05-17,LOC-06,SVC-07,Priority,1,35.8,1.0,0.0
2026-05-18,LOC-01,SVC-04,Routine,1,50.6,1.0,0.0
2026-05-19,LOC-01,SVC-01,Routine,2,33.8,2.0,0.0
2026-05-19,LOC-01,SVC-08,Routine,1,6.5,1.0,0.0
2026-05-19,LOC-10,SVC-02,Urgent,1,79.8,0.0,0.0
2026-05-19,LOC-08,SVC-01,Routine,1,40.9,1.0,0.0
2026-05-19,LOC-05,SVC-04,Routine,1,43.7,1.0,0.0
2026-05-20,LOC-08,SVC-03,Routine,1,69.5,1.0,0.0
2026-05-20,LOC-01,SVC-06,Priority,1,59.4,1.0,0.0
2026-05-20,LOC-03,SVC-01,Routine,1,49.9,1.0,0.0
2026-05-20,LOC-04,SVC-01,Routine,1,16.8,1.0,0.0
2026-05-21,LOC-01,SVC-01,Routine,1,59.8,1.0,0.0
2026-05-21,LOC-09,SVC-02,Routine,1,78.6,1.0,0.0
2026-05-21,LOC-02,SVC-09,Routine,1,,1.0,0.0
2026-05-21,LOC-01,SVC-03,Routine,1,45.0,1.0,0.0
2026-05-21,LOC-05,SVC-06,Routine,1,43.0,1.0,0.0
2026-05-21,LOC-08,SVC-05,Routine,2,45.45,2.0,0.0
2026-05-21,LOC-05,SVC-04,Priority,1,26.4,1.0,0.0
2026-05-21,LOC-02,SVC-03,Routine,1,34.8,1.0,0.0
2026-05-21,LOC-02,SVC-01,Urgent,1,80.0,0.0,0.0
2026-05-21,LOC-06,SVC-05,Routine,1,29.2,1.0,0.0
2026-05-21,LOC-10,SVC-04,Urgent,1,86.2,1.0,0.0
2026-05-21,LOC-10,SVC-07,Urgent,1,14.6,1.0,0.0
2026-05-22,LOC-02,SVC-01,Urgent,2,25.8,1.0,0.0
2026-05-22,LOC-05,SVC-04,Priority,1,,1.0,0.0
2026-05-24,LOC-01,SVC-07,Priority,1,45.3,1.0,0.0
2026-05-25,LOC-03,SVC-07,Emergency,1,95.7,0.0,0.0
2026-05-25,LOC-08,SVC-05,Priority,1,22.9,1.0,0.0
2026-05-25,LOC-09,SVC-04,Urgent,1,24.9,0.0,0.0
2026-05-25,LOC-10,SVC-04,Priority,1,92.3,1.0,0.0
2026-05-26,LOC-10,SVC-03,Priority,1,55.0,1.0,0.0
2026-05-26,LOC-04,SVC-02,Routine,1,43.0,1.0,0.0
2026-05-26,LOC-01,SVC-04,Urgent,1,63.1,1.0,0.0
2026-05-26,LOC-07,SVC-03,Routine,1,23.4,1.0,0.0
2026-05-26,LOC-03,SVC-01,Routine,3,37.766666666666666,3.0,0.0
2026-05-26,LOC-02,SVC-07,Priority,1,67.9,1.0,0.0
2026-05-26,LOC-10,SVC-01,Routine,1,17.5,1.0,0.0
2026-05-26,LOC-01,SVC-08,Urgent,1,60.4,0.0,0.0
2026-05-26,LOC-06,SVC-07,Priority,1,28.9,1.0,0.0
2026-05-26,LOC-01,SVC-07,Priority,1,33.0,1.0,0.0
2026-05-27,LOC-02,SVC-06,Routine,1,22.3,1.0,0.0
2026-05-27,LOC-06,SVC-01,Priority,1,7.4,1.0,0.0
2026-05-27,LOC-05,SVC-09,Urgent,1,56.2,1.0,0.0
2026-05-27,LOC-05,SVC-02,Routine,1,32.4,1.0,0.0
2026-05-27,LOC-02,SVC-04,Priority,1,32.3,1.0,0.0
2026-05-28,LOC-07,SVC-06,Routine,1,27.3,1.0,0.0
2026-05-28,LOC-03,SVC-05,Routine,1,21.4,1.0,0.0
2026-05-28,LOC-06,SVC-04,Priority,1,35.4,1.0,0.0
2026-05-28,LOC-08,SVC-04,Priority,1,45.5,1.0,0.0
2026-05-28,LOC-08,SVC-01,Priority,1,34.2,1.0,0.0
2026-05-28,LOC-10,SVC-08,Urgent,1,85.6,0.0,0.0
2026-05-28,LOC-01,SVC-09,Priority,1,69.2,1.0,0.0
2026-05-28,LOC-02,SVC-08,Urgent,1,41.2,0.0,0.0
2026-05-28,LOC-08,SVC-03,Priority,1,21.6,1.0,0.0
2026-05-29,LOC-10,SVC-05,Priority,1,10.1,1.0,0.0
2026-05-29,LOC-03,SVC-07,Routine,1,43.8,1.0,0.0
2026-05-29,LOC-10,SVC-03,Emergency,1,23.4,0.0,0.0
2026-05-30,LOC-04,SVC-06,Emergency,1,38.8,0.0,0.0
2026-05-30,LOC-03,SVC-05,Urgent,1,77.2,1.0,0.0
2026-05-30,LOC-06,SVC-02,Routine,1,69.1,1.0,0.0
2026-05-31,LOC-08,SVC-01,Priority,1,35.0,1.0,0.0
2026-05-31,LOC-06,SVC-06,Routine,1,46.5,1.0,0.0
2026-06-01,LOC-03,SVC-02,Routine,1,,1.0,0.0
2026-06-01,LOC-02,SVC-05,Routine,1,15.4,1.0,0.0
2026-06-01,LOC-05,SVC-09,Routine,1,32.1,1.0,0.0
2026-06-01,LOC-10,SVC-01,Routine,1,17.7,1.0,0.0
2026-06-02,LOC-10,SVC-04,Urgent,1,80.7,1.0,0.0
2026-06-02,LOC-01,SVC-06,Urgent,1,77.9,1.0,0.0
2026-06-02,LOC-10,SVC-08,Urgent,1,89.4,1.0,0.0
2026-06-02,LOC-02,SVC-08,Priority,1,40.3,1.0,0.0
2026-06-02,LOC-10,SVC-02,Routine,1,9.0,1.0,0.0
2026-06-02,LOC-08,SVC-02,Priority,1,,1.0,0.0
2026-06-03,LOC-09,SVC-06,Routine,1,34.2,1.0,0.0
2026-06-03,LOC-03,SVC-01,Routine,1,45.9,1.0,0.0
2026-06-03,LOC-06,SVC-06,Routine,1,42.3,1.0,0.0
2026-06-03,LOC-01,SVC-08,Priority,1,15.2,1.0,0.0
2026-06-03,LOC-07,SVC-02,Routine,1,19.9,1.0,0.0
2026-06-03,LOC-03,SVC-04,Priority,1,72.6,1.0,0.0
2026-06-03,LOC-01,SVC-03,Priority,1,33.9,1.0,0.0
2026-06-03,LOC-05,SVC-06,Routine,1,27.8,1.0,0.0
2026-06-04,LOC-09,SVC-09,Priority,1,37.4,1.0,0.0
2026-06-04,LOC-04,SVC-03,Routine,1,68.4,1.0,0.0
2026-06-04,LOC-04,SVC-01,Routine,1,29.1,1.0,0.0
2026-06-04,LOC-07,SVC-09,Routine,1,9.0,1.0,0.0
2026-06-04,LOC-07,SVC-04,Urgent,1,18.0,1.0,0.0
2026-06-04,LOC-09,SVC-06,Priority,1,37.2,1.0,0.0
2026-06-04,LOC-03,SVC-01,Priority,2,58.2,2.0,0.0
2026-06-04,LOC-04,SVC-05,Routine,1,83.9,1.0,0.0
2026-06-05,LOC-01,SVC-06,Priority,1,13.1,1.0,0.0
2026-06-05,LOC-08,SVC-05,Priority,1,70.8,1.0,0.0
2026-06-05,LOC-05,SVC-02,Routine,1,37.9,1.0,0.0
2026-06-05,LOC-07,SVC-04,Priority,1,18.1,1.0,0.0
2026-06-05,LOC-07,SVC-01,Routine,1,8.4,1.0,0.0
2026-06-05,LOC-09,SVC-04,Emergency,1,37.7,0.0,0.0
2026-06-06,LOC-03,SVC-01,Urgent,1,31.6,1.0,0.0
2026-06-06,LOC-01,SVC-06,Urgent,1,89.5,1.0,0.0
2026-06-06,LOC-10,SVC-05,Urgent,1,89.6,1.0,0.0
2026-06-07,LOC-08,SVC-02,Priority,1,8.4,1.0,0.0
2026-06-07,LOC-09,SVC-03,Routine,1,42.2,1.0,0.0
2026-06-08,LOC-07,SVC-02,Urgent,1,88.7,0.0,0.0
2026-06-08,LOC-05,SVC-06,Routine,1,61.4,1.0,0.0
2026-06-08,LOC-02,SVC-03,Routine,1,53.2,1.0,0.0
2026-06-08,LOC-08,SVC-06,Routine,1,,1.0,0.0
2026-06-08,LOC-04,SVC-07,Emergency,1,56.8,0.0,0.0
2026-06-09,LOC-04,SVC-03,Routine,1,83.3,1.0,0.0
2026-06-09,LOC-10,SVC-01,Routine,1,45.8,1.0,0.0
2026-06-09,LOC-07,SVC-04,Routine,2,41.949999999999996,2.0,0.0
2026-06-09,LOC-06,SVC-08,Routine,1,7.8,1.0,0.0
2026-06-09,LOC-05,SVC-01,Routine,2,34.75,2.0,0.0
2026-06-10,LOC-02,SVC-02,Priority,1,81.7,1.0,0.0
2026-06-10,LOC-10,SVC-09,Routine,1,22.4,1.0,0.0
2026-06-10,LOC-03,SVC-02,Emergency,1,41.0,1.0,0.0
2026-06-11,LOC-01,SVC-07,Priority,1,42.8,1.0,0.0
2026-06-11,LOC-05,SVC-07,Routine,1,33.7,1.0,0.0
2026-06-11,LOC-10,SVC-01,Routine,2,13.2,2.0,0.0
2026-06-11,LOC-02,SVC-01,Priority,1,8.6,1.0,0.0
2026-06-11,LOC-06,SVC-09,Emergency,1,90.2,0.0,0.0
2026-06-11,LOC-05,SVC-01,Routine,1,41.7,1.0,0.0
2026-06-11,LOC-01,SVC-04,Priority,1,40.6,1.0,0.0
2026-06-12,LOC-05,SVC-05,Routine,1,39.5,1.0,0.0
2026-06-12,LOC-06,SVC-04,Routine,1,83.6,1.0,0.0
2026-06-12,LOC-05,SVC-08,Routine,1,40.1,1.0,0.0
2026-06-12,LOC-02,SVC-01,Routine,1,62.4,1.0,0.0
2026-06-12,LOC-10,SVC-03,Routine,1,32.1,1.0,0.0
2026-06-12,LOC-06,SVC-08,Routine,1,9.2,1.0,0.0
2026-06-13,LOC-05,SVC-09,Routine,1,20.4,1.0,0.0
2026-06-14,LOC-01,SVC-05,Routine,1,55.8,1.0,0.0
2026-06-14,LOC-04,SVC-06,Emergency,1,31.4,0.0,0.0
2026-06-14,LOC-08,SVC-05,Priority,1,67.3,1.0,0.0
2026-06-14,LOC-01,SVC-02,Priority,1,23.5,1.0,0.0
2026-06-15,LOC-10,SVC-04,Priority,1,96.1,1.0,0.0
2026-06-15,LOC-06,SVC-04,Routine,1,15.8,1.0,0.0
2026-06-15,LOC-02,SVC-03,Priority,1,60.8,1.0,0.0
2026-06-15,LOC-07,SVC-05,Routine,1,19.4,1.0,0.0
2026-06-15,LOC-02,SVC-01,Routine,1,11.0,1.0,0.0
2026-06-16,LOC-05,SVC-05,Routine,1,39.2,1.0,0.0
2026-06-16,LOC-02,SVC-04,Priority,1,85.2,1.0,0.0
2026-06-16,LOC-05,SVC-01,Routine,1,32.8,1.0,0.0
2026-06-16,LOC-10,SVC-01,Routine,2,14.25,2.0,0.0
2026-06-16,LOC-09,SVC-02,Priority,1,44.5,1.0,0.0
2026-06-16,LOC-02,SVC-01,Urgent,1,42.6,1.0,0.0
2026-06-17,LOC-01,SVC-01,Priority,2,37.5,2.0,0.0
2026-06-17,LOC-07,SVC-04,Routine,1,37.2,1.0,0.0
2026-06-17,LOC-09,SVC-03,Urgent,1,40.6,0.0,0.0
2026-06-17,LOC-10,SVC-02,Urgent,1,79.1,1.0,0.0
2026-06-17,LOC-06,SVC-01,Routine,1,14.5,1.0,0.0
2026-06-17,LOC-10,SVC-07,Urgent,1,78.3,0.0,0.0
2026-06-17,LOC-01,SVC-04,Routine,2,33.3,1.0,1.0
2026-06-17,LOC-09,SVC-02,Routine,1,40.9,1.0,0.0
2026-06-17,LOC-09,SVC-05,Priority,1,13.6,1.0,0.0
2026-06-17,LOC-05,SVC-01,Priority,1,62.3,1.0,0.0
2026-06-18,LOC-02,SVC-01,Priority,1,38.3,1.0,0.0
2026-06-18,LOC-08,SVC-08,Routine,1,35.8,1.0,0.0
2026-06-18,LOC-02,SVC-06,Priority,1,26.5,1.0,0.0
2026-06-18,LOC-05,SVC-09,Priority,1,36.8,1.0,0.0
2026-06-18,LOC-01,SVC-08,Priority,1,53.8,1.0,0.0
2026-06-18,LOC-08,SVC-01,Routine,1,11.3,1.0,0.0
2026-06-18,LOC-05,SVC-02,Priority,1,35.7,1.0,0.0
2026-06-18,LOC-10,SVC-08,Routine,1,40.6,1.0,0.0
2026-06-18,LOC-05,SVC-07,Routine,1,11.4,1.0,0.0
2026-06-19,LOC-10,SVC-02,Priority,1,68.8,1.0,0.0
2026-06-19,LOC-03,SVC-01,Priority,1,16.7,1.0,0.0
2026-06-19,LOC-01,SVC-07,Priority,1,9.2,1.0,0.0
2026-06-19,LOC-03,SVC-02,Urgent,1,87.3,1.0,0.0
2026-06-19,LOC-04,SVC-06,Priority,1,,1.0,0.0
2026-06-19,LOC-09,SVC-04,Routine,1,31.1,1.0,0.0
2026-06-19,LOC-10,SVC-07,Routine,1,16.1,1.0,0.0
2026-06-19,LOC-02,SVC-05,Routine,1,48.0,1.0,0.0
2026-06-20,LOC-05,SVC-01,Priority,1,40.6,1.0,0.0
2026-06-20,LOC-08,SVC-03,Priority,1,13.3,1.0,0.0
2026-06-21,LOC-10,SVC-01,Urgent,1,83.2,0.0,0.0
2026-06-21,LOC-03,SVC-02,Priority,1,27.2,1.0,0.0
2026-06-22,LOC-07,SVC-07,Routine,1,50.0,1.0,0.0
2026-06-22,LOC-03,SVC-01,Urgent,2,81.1,1.0,0.0
2026-06-22,LOC-04,SVC-05,Priority,1,62.1,1.0,0.0
2026-06-23,LOC-06,SVC-05,Routine,1,17.1,1.0,0.0
2026-06-23,LOC-05,SVC-01,Routine,1,20.1,1.0,0.0
2026-06-23,LOC-04,SVC-03,Routine,1,8.4,1.0,0.0
2026-06-23,LOC-03,SVC-01,Emergency,1,59.8,1.0,0.0
2026-06-23,LOC-02,SVC-02,Urgent,1,83.9,1.0,0.0
2026-06-24,LOC-06,SVC-01,Routine,1,23.2,1.0,0.0
2026-06-24,LOC-04,SVC-03,Urgent,1,15.3,1.0,0.0
2026-06-24,LOC-01,SVC-01,Urgent,1,33.0,1.0,0.0
2026-06-24,LOC-03,SVC-08,Routine,1,18.5,1.0,0.0
2026-06-24,LOC-07,SVC-01,Priority,1,32.1,1.0,0.0
2026-06-24,LOC-10,SVC-05,Urgent,1,36.8,1.0,0.0
2026-06-25,LOC-04,SVC-06,Routine,1,36.7,1.0,0.0
2026-06-25,LOC-10,SVC-02,Priority,1,8.0,1.0,0.0
2026-06-25,LOC-04,SVC-05,Priority,2,57.349999999999994,2.0,0.0
2026-06-25,LOC-02,SVC-01,Routine,1,32.6,1.0,0.0
2026-06-25,LOC-08,SVC-02,Routine,1,37.6,1.0,0.0
2026-06-25,LOC-08,SVC-05,Routine,1,38.0,1.0,0.0
2026-06-25,LOC-10,SVC-08,Priority,1,40.0,1.0,0.0
2026-06-25,LOC-08,SVC-09,Urgent,1,36.6,1.0,0.0
2026-06-26,LOC-07,SVC-08,Priority,1,9.8,1.0,0.0
2026-06-26,LOC-07,SVC-04,Urgent,1,58.8,1.0,0.0
2026-06-26,LOC-10,SVC-04,Emergency,1,85.5,0.0,0.0
2026-06-27,LOC-05,SVC-06,Routine,1,33.0,1.0,0.0
2026-06-27,LOC-04,SVC-08,Routine,1,34.7,1.0,0.0
2026-06-28,LOC-02,SVC-01,Priority,1,41.4,1.0,0.0
2026-06-28,LOC-03,SVC-05,Urgent,1,34.9,0.0,0.0
2026-06-29,LOC-04,SVC-02,Priority,1,32.9,1.0,0.0
2026-06-29,LOC-06,SVC-02,Urgent,1,89.6,1.0,0.0
2026-06-29,LOC-04,SVC-03,Priority,1,64.1,1.0,0.0
2026-06-29,LOC-09,SVC-05,Priority,1,30.0,1.0,0.0
2026-06-29,LOC-08,SVC-01,Priority,1,29.3,1.0,0.0
2026-06-29,LOC-01,SVC-08,Priority,1,77.8,1.0,0.0
2026-06-30,LOC-02,SVC-05,Routine,1,48.9,1.0,0.0
2026-06-30,LOC-09,SVC-04,Priority,1,42.3,1.0,0.0
2026-06-30,LOC-02,SVC-03,Urgent,3,71.86666666666667,0.0,1.0
2026-06-30,LOC-07,SVC-06,Routine,1,20.2,1.0,0.0
2026-06-30,LOC-06,SVC-09,Urgent,1,50.0,1.0,0.0
2026-06-30,LOC-01,SVC-01,Routine,1,19.6,1.0,0.0
2026-06-30,LOC-05,SVC-01,Urgent,1,35.8,1.0,0.0
2026-07-01,LOC-08,SVC-05,Urgent,1,72.9,0.0,0.0
2026-07-01,LOC-09,SVC-09,Urgent,1,43.9,0.0,0.0
2026-07-01,LOC-10,SVC-02,Priority,1,36.5,1.0,0.0
2026-07-01,LOC-02,SVC-02,Priority,1,91.4,0.0,0.0
2026-07-01,LOC-03,SVC-07,Urgent,1,98.9,1.0,0.0
2026-07-02,LOC-03,SVC-01,Routine,1,40.1,1.0,0.0
2026-07-02,LOC-08,SVC-01,Routine,1,74.6,1.0,0.0
2026-07-02,LOC-05,SVC-01,Routine,1,38.4,1.0,0.0
2026-07-02,LOC-07,SVC-02,Emergency,1,17.3,0.0,0.0
2026-07-02,LOC-02,SVC-05,Urgent,1,42.5,1.0,0.0
2026-07-02,LOC-04,SVC-01,Priority,1,86.7,1.0,0.0
2026-07-02,LOC-03,SVC-06,Priority,1,,1.0,0.0
2026-07-02,LOC-10,SVC-03,Routine,1,19.0,1.0,0.0
2026-07-02,LOC-07,SVC-01,Routine,1,31.0,1.0,0.0
2026-07-02,LOC-10,SVC-01,Priority,1,36.8,1.0,0.0
2026-07-03,LOC-08,SVC-03,Routine,1,37.9,1.0,0.0
2026-07-03,LOC-01,SVC-05,Urgent,1,11.9,1.0,0.0
2026-07-03,LOC-09,SVC-06,Priority,1,35.1,1.0,0.0
2026-07-03,LOC-10,SVC-06,Urgent,1,77.9,1.0,0.0
2026-07-03,LOC-10,SVC-02,Routine,1,13.0,1.0,0.0
2026-07-03,LOC-04,SVC-04,Priority,1,,1.0,0.0
2026-07-03,LOC-10,SVC-05,Routine,1,21.7,1.0,0.0
2026-07-03,LOC-06,SVC-06,Routine,1,35.0,1.0,0.0
2026-07-03,LOC-08,SVC-07,Routine,1,57.6,1.0,0.0
2026-07-04,LOC-09,SVC-03,Routine,1,11.3,1.0,0.0
2026-07-04,LOC-08,SVC-03,Routine,1,39.4,1.0,0.0
2026-07-04,LOC-10,SVC-04,Urgent,1,38.7,1.0,0.0
2026-07-05,LOC-03,SVC-05,Routine,1,11.6,1.0,0.0
2026-07-05,LOC-01,SVC-06,Routine,1,,1.0,0.0
2026-07-05,LOC-07,SVC-07,Routine,1,45.7,1.0,0.0
2026-07-05,LOC-01,SVC-08,Routine,1,7.3,1.0,0.0
2026-07-05,LOC-04,SVC-02,Routine,1,22.2,1.0,0.0
2026-07-05,LOC-06,SVC-02,Emergency,1,,0.0,0.0
2026-07-05,LOC-06,SVC-01,Routine,1,60.9,1.0,0.0
2026-07-06,LOC-07,SVC-05,Priority,1,37.0,1.0,0.0
2026-07-06,LOC-01,SVC-06,Routine,1,10.0,1.0,0.0
2026-07-06,LOC-02,SVC-04,Routine,1,39.3,1.0,0.0
2026-07-06,LOC-05,SVC-02,Urgent,1,32.0,1.0,0.0
2026-07-06,LOC-09,SVC-05,Routine,1,39.7,1.0,0.0
2026-07-06,LOC-08,SVC-02,Priority,1,50.2,1.0,0.0
2026-07-06,LOC-02,SVC-01,Urgent,1,38.4,1.0,0.0
2026-07-06,LOC-09,SVC-06,Priority,1,26.2,1.0,0.0
2026-07-07,LOC-10,SVC-02,Priority,1,16.1,1.0,0.0
2026-07-07,LOC-07,SVC-09,Priority,1,20.8,1.0,0.0
2026-07-07,LOC-04,SVC-01,Urgent,1,16.3,1.0,0.0
2026-07-07,LOC-03,SVC-09,Routine,1,18.9,1.0,0.0
2026-07-08,LOC-03,SVC-05,Routine,1,18.8,1.0,0.0
2026-07-08,LOC-10,SVC-05,Routine,1,3.9,1.0,0.0
2026-07-08,LOC-06,SVC-02,Routine,1,13.3,1.0,0.0
2026-07-08,LOC-09,SVC-07,Urgent,1,68.1,1.0,0.0
2026-07-08,LOC-03,SVC-01,Priority,2,50.2,2.0,0.0
2026-07-08,LOC-10,SVC-02,Urgent,1,9.9,1.0,0.0
2026-07-09,LOC-03,SVC-03,Priority,1,18.9,1.0,0.0
2026-07-09,LOC-08,SVC-02,Routine,1,16.7,1.0,0.0
2026-07-09,LOC-07,SVC-02,Urgent,1,35.4,1.0,0.0
2026-07-09,LOC-07,SVC-01,Routine,1,15.3,1.0,0.0
2026-07-09,LOC-01,SVC-07,Routine,2,34.1,2.0,0.0
2026-07-09,LOC-08,SVC-03,Routine,1,,1.0,0.0
2026-07-09,LOC-06,SVC-09,Routine,1,37.1,1.0,0.0
2026-07-09,LOC-05,SVC-06,Routine,1,15.3,1.0,0.0
2026-07-09,LOC-01,SVC-01,Routine,1,22.2,1.0,0.0
2026-07-09,LOC-02,SVC-04,Routine,1,16.1,1.0,0.0
2026-07-09,LOC-06,SVC-03,Routine,1,,1.0,0.0
2026-07-10,LOC-02,SVC-05,Routine,2,31.25,1.0,1.0
2026-07-10,LOC-05,SVC-01,Routine,1,38.8,1.0,0.0
2026-07-10,LOC-03,SVC-02,Urgent,1,29.8,1.0,0.0
2026-07-10,LOC-04,SVC-03,Priority,1,14.3,1.0,0.0
2026-07-10,LOC-03,SVC-03,Urgent,1,85.7,0.0,0.0
2026-07-10,LOC-06,SVC-06,Priority,1,28.9,1.0,0.0
2026-07-10,LOC-05,SVC-06,Routine,1,44.1,1.0,0.0
2026-07-10,LOC-04,SVC-06,Routine,1,36.7,1.0,0.0
2026-07-11,LOC-01,SVC-01,Urgent,1,70.6,1.0,0.0
2026-07-11,LOC-10,SVC-09,Urgent,1,77.2,1.0,0.0
2026-07-11,LOC-08,SVC-01,Priority,1,17.2,1.0,0.0
2026-07-11,LOC-06,SVC-08,Routine,1,14.9,1.0,0.0
2026-07-11,LOC-04,SVC-05,Routine,1,58.9,1.0,0.0
2026-07-12,LOC-07,SVC-05,Routine,1,18.6,1.0,0.0
2026-07-12,LOC-06,SVC-02,Routine,1,8.4,1.0,0.0
2026-07-12,LOC-03,SVC-05,Routine,1,18.6,1.0,0.0
2026-07-12,LOC-05,SVC-02,Routine,1,40.8,1.0,0.0
2026-07-13,LOC-07,SVC-03,Routine,1,43.9,1.0,0.0
2026-07-13,LOC-09,SVC-01,Routine,1,32.3,1.0,0.0
2026-07-14,LOC-04,SVC-06,Routine,1,45.2,1.0,0.0
2026-07-14,LOC-01,SVC-01,Routine,1,13.0,1.0,0.0
2026-07-14,LOC-04,SVC-01,Routine,1,11.9,1.0,0.0
2026-07-14,LOC-07,SVC-01,Routine,2,37.95,2.0,0.0
2026-07-14,LOC-10,SVC-04,Priority,1,75.2,1.0,0.0
2026-07-14,LOC-01,SVC-04,Routine,1,14.2,1.0,0.0
2026-07-14,LOC-08,SVC-02,Priority,1,13.1,1.0,0.0
2026-07-14,LOC-06,SVC-05,Urgent,1,80.9,0.0,0.0
2026-07-15,LOC-07,SVC-01,Routine,2,22.5,2.0,0.0
2026-07-15,LOC-02,SVC-05,Routine,1,34.1,1.0,0.0
2026-07-15,LOC-10,SVC-05,Emergency,1,,0.0,0.0
2026-07-15,LOC-06,SVC-09,Routine,1,26.0,1.0,0.0
2026-07-15,LOC-01,SVC-05,Priority,1,70.7,1.0,0.0
2026-07-15,LOC-07,SVC-06,Emergency,1,53.2,0.0,0.0
2026-07-15,LOC-08,SVC-09,Routine,1,29.4,1.0,0.0
2026-07-16,LOC-07,SVC-07,Routine,1,8.6,1.0,0.0
2026-07-16,LOC-03,SVC-02,Priority,1,37.7,1.0,0.0
2026-07-16,LOC-10,SVC-01,Routine,1,21.1,1.0,0.0
2026-07-16,LOC-03,SVC-01,Urgent,1,65.6,1.0,0.0
2026-07-16,LOC-01,SVC-07,Priority,1,33.6,1.0,0.0
2026-07-17,LOC-01,SVC-06,Emergency,1,63.8,0.0,0.0
2026-07-17,LOC-01,SVC-05,Priority,1,17.3,1.0,0.0
2026-07-17,LOC-04,SVC-02,Routine,1,23.2,1.0,0.0
2026-07-18,LOC-05,SVC-01,Routine,1,51.5,1.0,0.0
2026-07-18,LOC-08,SVC-01,Routine,1,34.8,1.0,0.0
2026-07-18,LOC-05,SVC-04,Priority,1,39.3,1.0,0.0
2026-07-19,LOC-09,SVC-02,Priority,1,43.8,1.0,0.0
2026-07-19,LOC-08,SVC-07,Routine,1,41.6,1.0,0.0
2026-07-20,LOC-04,SVC-01,Routine,1,36.2,1.0,0.0
2026-07-20,LOC-04,SVC-02,Urgent,1,61.7,1.0,0.0
2026-07-20,LOC-03,SVC-02,Routine,1,42.9,1.0,0.0
2026-07-20,LOC-08,SVC-01,Routine,1,10.6,1.0,0.0
2026-07-20,LOC-04,SVC-09,Routine,1,63.7,1.0,0.0
2026-07-20,LOC-03,SVC-07,Routine,1,,1.0,0.0
2026-07-20,LOC-05,SVC-03,Routine,1,41.1,1.0,0.0
2026-07-20,LOC-05,SVC-02,Routine,1,16.6,1.0,0.0
2026-07-21,LOC-01,SVC-05,Urgent,1,84.8,0.0,0.0
2026-07-21,LOC-10,SVC-02,Routine,1,8.4,1.0,0.0
2026-07-21,LOC-03,SVC-01,Priority,1,17.1,1.0,0.0
2026-07-22,LOC-06,SVC-08,Routine,1,29.8,1.0,0.0
2026-07-22,LOC-06,SVC-02,Routine,1,31.5,1.0,0.0
2026-07-22,LOC-08,SVC-01,Priority,1,15.3,1.0,0.0
2026-07-23,LOC-08,SVC-02,Routine,1,1.9,1.0,0.0
2026-07-23,LOC-05,SVC-05,Emergency,1,36.5,0.0,0.0
2026-07-23,LOC-01,SVC-07,Urgent,1,66.1,1.0,0.0
2026-07-24,LOC-07,SVC-03,Routine,1,23.0,1.0,0.0
2026-07-24,LOC-10,SVC-06,Routine,1,12.6,1.0,0.0
2026-07-24,LOC-03,SVC-05,Routine,1,18.2,1.0,0.0
2026-07-24,LOC-09,SVC-08,Routine,1,41.7,1.0,0.0
2026-07-24,LOC-06,SVC-01,Urgent,1,91.6,1.0,0.0
2026-07-25,LOC-10,SVC-07,Routine,1,21.1,1.0,0.0
2026-07-25,LOC-03,SVC-01,Urgent,1,31.2,1.0,0.0
2026-07-25,LOC-10,SVC-04,Priority,1,67.8,1.0,0.0
2026-07-25,LOC-07,SVC-02,Routine,1,,1.0,0.0
2026-07-25,LOC-08,SVC-02,Urgent,1,35.4,0.0,0.0
2026-07-26,LOC-01,SVC-05,Routine,2,20.0,2.0,0.0
2026-07-26,LOC-06,SVC-06,Routine,1,9.7,1.0,0.0
2026-07-27,LOC-01,SVC-05,Routine,2,41.45,2.0,0.0
2026-07-27,LOC-05,SVC-01,Priority,1,59.4,1.0,0.0
2026-07-27,LOC-06,SVC-03,Routine,1,45.1,1.0,0.0
2026-07-27,LOC-08,SVC-02,Routine,1,40.0,1.0,0.0
2026-07-27,LOC-03,SVC-07,Routine,1,64.3,1.0,0.0
2026-07-28,LOC-02,SVC-09,Priority,1,46.3,1.0,0.0
2026-07-28,LOC-07,SVC-02,Routine,1,42.6,1.0,0.0
2026-07-28,LOC-08,SVC-09,Routine,1,48.6,1.0,0.0
2026-07-28,LOC-07,SVC-09,Urgent,1,56.8,1.0,0.0
2026-07-28,LOC-07,SVC-04,Routine,1,37.0,1.0,0.0
2026-07-29,LOC-10,SVC-05,Routine,1,17.3,1.0,0.0
2026-07-29,LOC-03,SVC-02,Priority,1,79.8,1.0,0.0
2026-07-29,LOC-06,SVC-03,Priority,1,31.3,1.0,0.0
2026-07-29,LOC-04,SVC-03,Priority,1,87.7,1.0,0.0
2026-07-29,LOC-06,SVC-01,Priority,1,32.5,1.0,0.0
2026-07-30,LOC-06,SVC-03,Priority,1,14.0,1.0,0.0
2026-07-30,LOC-10,SVC-01,Routine,1,65.1,1.0,0.0
2026-07-30,LOC-02,SVC-01,Urgent,1,99.0,1.0,0.0
2026-07-30,LOC-08,SVC-05,Emergency,1,85.1,0.0,0.0
2026-07-30,LOC-04,SVC-09,Priority,1,33.6,1.0,0.0
2026-07-31,LOC-09,SVC-02,Priority,1,91.3,1.0,0.0
2026-07-31,LOC-09,SVC-03,Routine,1,15.4,1.0,0.0
2026-07-31,LOC-01,SVC-01,Priority,1,18.8,1.0,0.0
2026-07-31,LOC-01,SVC-05,Urgent,1,46.5,0.0,0.0
2026-07-31,LOC-06,SVC-08,Priority,1,64.9,1.0,0.0
2025-09-08,LOC-03,SVC-05,Urgent,1,88.4,0.0,1.0
2025-10-13,LOC-01,SVC-06,Priority,1,15.2,0.0,1.0
2026-01-21,LOC-03,SVC-05,Routine,1,42.4,0.0,1.0
2026-03-07,LOC-01,SVC-03,Routine,1,40.2,0.0,1.0
2026-03-25,LOC-01,SVC-09,Routine,1,41.7,0.0,1.0
2026-05-24,LOC-07,SVC-05,Priority,1,17.9,0.0,1.0
2025-09-13,LOC-06,SVC-06,Routine,1,40.6,0.0,1.0
2025-12-02,LOC-01,SVC-04,Urgent,1,,0.0,1.0
2026-02-19,LOC-06,SVC-05,Priority,1,45.0,0.0,1.0
2026-02-22,LOC-09,SVC-02,Emergency,1,58.5,0.0,1.0
2026-06-01,LOC-02,SVC-07,Priority,1,33.3,0.0,1.0
2026-06-21,LOC-06,SVC-04,Routine,1,17.1,0.0,1.0
2025-11-26,LOC-02,SVC-04,Routine,1,15.7,0.0,1.0
2025-11-27,LOC-10,SVC-06,Routine,1,14.9,0.0,1.0
2026-01-04,LOC-07,SVC-05,Priority,1,41.3,0.0,1.0
2026-01-15,LOC-04,SVC-02,Priority,1,84.8,0.0,1.0
2026-01-23,LOC-07,SVC-01,Priority,1,44.5,0.0,1.0
2026-04-24,LOC-01,SVC-04,Priority,1,66.9,0.0,1.0
2026-05-21,LOC-08,SVC-02,Priority,1,33.8,0.0,1.0
2026-06-11,LOC-06,SVC-05,Routine,1,37.0,0.0,1.0
2026-07-23,LOC-07,SVC-01,Priority,1,28.4,0.0,1.0
2025-08-31,LOC-06,SVC-03,Priority,1,20.1,0.0,1.0
2025-10-10,LOC-03,SVC-05,Priority,1,12.8,0.0,1.0
2026-03-11,LOC-08,SVC-08,Routine,1,19.4,0.0,1.0
2026-03-26,LOC-06,SVC-06,Routine,1,43.1,0.0,1.0
2026-04-10,LOC-05,SVC-07,Urgent,1,80.6,0.0,1.0
2026-06-10,LOC-01,SVC-03,Priority,1,32.5,0.0,1.0
2025-08-05,LOC-05,SVC-07,Priority,1,56.3,0.0,1.0
2025-08-08,LOC-01,SVC-02,Routine,1,13.4,0.0,1.0
2025-08-09,LOC-02,SVC-01,Routine,1,47.1,0.0,1.0
2025-08-10,LOC-04,SVC-07,Routine,1,8.1,0.0,1.0
2026-01-11,LOC-08,SVC-05,Routine,1,32.5,0.0,1.0
2026-01-23,LOC-03,SVC-08,Urgent,1,60.7,0.0,1.0
2026-05-06,LOC-07,SVC-08,Routine,1,39.4,0.0,1.0
2025-11-14,LOC-01,SVC-02,Urgent,1,84.4,0.0,1.0
2025-11-25,LOC-03,SVC-02,Routine,1,13.4,0.0,1.0
2025-12-17,LOC-06,SVC-01,Priority,1,84.4,0.0,1.0
2026-01-25,LOC-08,SVC-01,Routine,1,15.5,0.0,1.0
2026-03-04,LOC-07,SVC-06,Routine,1,44.1,0.0,1.0
2026-03-16,LOC-08,SVC-03,Routine,1,58.5,0.0,1.0
2026-04-08,LOC-10,SVC-04,Routine,1,40.2,0.0,1.0
2026-07-28,LOC-02,SVC-03,Routine,1,14.5,0.0,1.0
2025-11-22,LOC-08,SVC-02,Urgent,1,19.3,0.0,1.0
2026-01-27,LOC-04,SVC-02,Routine,1,8.8,0.0,1.0
2026-03-19,LOC-09,SVC-05,Routine,1,54.8,0.0,1.0
2026-05-17,LOC-08,SVC-01,Priority,1,31.2,0.0,1.0
2026-06-15,LOC-02,SVC-05,Routine,1,64.1,0.0,1.0
2026-07-03,LOC-05,SVC-01,Urgent,1,64.4,0.0,1.0
2025-08-17,LOC-03,SVC-09,Routine,1,65.8,0.0,1.0
2025-11-06,LOC-06,SVC-05,Routine,1,40.4,0.0,1.0
2026-02-05,LOC-02,SVC-09,Priority,1,31.1,0.0,1.0
2026-03-23,LOC-03,SVC-05,Routine,1,4.9,0.0,1.0
2026-04-27,LOC-07,SVC-05,Urgent,1,42.9,0.0,1.0
2025-08-08,LOC-06,SVC-01,Priority,1,64.0,0.0,1.0
2025-12-13,LOC-04,SVC-07,Emergency,1,33.0,0.0,1.0
2026-03-12,LOC-08,SVC-01,Urgent,1,21.8,0.0,1.0
2026-06-17,LOC-08,SVC-03,Routine,1,1.7,0.0,1.0
2026-07-01,LOC-09,SVC-01,Priority,1,56.8,0.0,1.0
2025-08-12,LOC-07,SVC-05,Urgent,1,39.1,0.0,1.0
2025-09-01,LOC-10,SVC-06,Priority,1,63.7,0.0,1.0
2025-12-01,LOC-06,SVC-01,Routine,1,16.4,0.0,1.0
2026-01-24,LOC-09,SVC-02,Priority,1,17.2,0.0,1.0
2026-06-10,LOC-02,SVC-03,Priority,1,53.9,0.0,1.0
2026-06-11,LOC-08,SVC-05,Emergency,1,14.5,0.0,1.0
2026-07-04,LOC-05,SVC-03,Priority,1,18.9,0.0,1.0
2025-08-07,LOC-03,SVC-04,Routine,1,39.8,0.0,1.0
2025-08-16,LOC-03,SVC-02,Routine,1,17.7,0.0,1.0
2025-08-28,LOC-09,SVC-08,Routine,1,38.8,0.0,1.0
2025-09-29,LOC-08,SVC-07,Routine,1,29.7,0.0,1.0
2025-10-26,LOC-07,SVC-04,Routine,1,5.4,0.0,1.0
2025-11-05,LOC-04,SVC-06,Routine,1,4.1,0.0,1.0
2026-02-06,LOC-05,SVC-06,Urgent,1,94.9,0.0,1.0
2026-04-14,LOC-04,SVC-05,Routine,1,28.7,0.0,1.0
2026-06-03,LOC-09,SVC-01,Priority,1,10.3,0.0,1.0
2026-06-16,LOC-04,SVC-01,Routine,1,35.9,0.0,1.0
2025-08-01,LOC-01,SVC-05,Priority,1,78.1,0.0,1.0
2025-10-30,LOC-09,SVC-06,Urgent,1,73.0,0.0,1.0
2025-11-21,LOC-06,SVC-09,Urgent,1,90.3,0.0,1.0
2025-12-12,LOC-07,SVC-02,Urgent,1,55.8,0.0,1.0
2025-12-27,LOC-09,SVC-01,Priority,1,29.2,0.0,1.0
2026-02-04,LOC-07,SVC-03,Priority,1,9.0,0.0,1.0
2026-02-07,LOC-01,SVC-01,Priority,1,40.2,0.0,1.0
2026-02-11,LOC-03,SVC-06,Routine,1,22.5,0.0,1.0
2026-02-22,LOC-02,SVC-06,Routine,1,20.6,0.0,1.0
2026-07-17,LOC-03,SVC-09,Urgent,1,65.4,0.0,1.0
2025-08-08,LOC-05,SVC-07,Urgent,1,62.5,0.0,1.0
2025-10-28,LOC-04,SVC-04,Routine,1,6.7,0.0,1.0
2025-11-25,LOC-09,SVC-01,Urgent,1,42.2,0.0,1.0
2026-04-12,LOC-07,SVC-01,Priority,1,13.9,0.0,1.0
2026-07-14,LOC-10,SVC-01,Priority,1,43.5,0.0,1.0
2026-07-22,LOC-08,SVC-06,Priority,1,10.7,0.0,1.0
2025-08-18,LOC-01,SVC-05,Priority,1,45.0,0.0,1.0
2025-09-11,LOC-02,SVC-09,Priority,1,80.4,0.0,1.0
2025-11-19,LOC-10,SVC-07,Urgent,1,87.7,0.0,1.0
2026-02-10,LOC-01,SVC-03,Routine,1,45.2,0.0,1.0
2026-03-04,LOC-09,SVC-06,Routine,1,12.7,0.0,1.0
2026-04-11,LOC-08,SVC-02,Routine,1,15.4,0.0,1.0
2026-06-01,LOC-04,SVC-01,Routine,1,18.1,0.0,1.0
2026-07-06,LOC-01,SVC-05,Emergency,1,68.3,0.0,1.0
2026-07-27,LOC-04,SVC-06,Routine,1,26.4,0.0,1.0
2025-08-14,LOC-08,SVC-01,Urgent,1,69.9,0.0,1.0
2025-10-09,LOC-08,SVC-01,Urgent,1,65.3,0.0,1.0
2025-12-03,LOC-07,SVC-03,Routine,1,42.8,0.0,1.0
2026-01-26,LOC-07,SVC-04,Routine,1,13.7,0.0,1.0
2026-06-19,LOC-08,SVC-09,Routine,1,35.2,0.0,1.0
2025-08-05,LOC-10,SVC-06,Routine,1,9.9,0.0,1.0
2025-08-19,LOC-03,SVC-09,Routine,1,38.5,0.0,1.0
2025-10-27,LOC-09,SVC-01,Urgent,1,37.6,0.0,1.0
2025-10-30,LOC-02,SVC-02,Urgent,1,32.0,0.0,1.0
2025-11-12,LOC-06,SVC-01,Routine,1,25.9,0.0,1.0
2025-12-11,LOC-05,SVC-02,Routine,1,11.2,0.0,1.0
2025-12-19,LOC-05,SVC-02,Routine,1,,0.0,1.0
2026-03-10,LOC-01,SVC-03,Urgent,1,54.7,0.0,1.0
2026-04-24,LOC-09,SVC-06,Routine,1,30.0,0.0,1.0
2026-06-23,LOC-10,SVC-05,Priority,1,36.8,0.0,1.0
2026-07-21,LOC-09,SVC-05,Routine,1,45.5,0.0,1.0
2026-07-30,LOC-06,SVC-05,Routine,1,7.4,0.0,1.0
2025-08-01,LOC-05,SVC-01,Routine,2,22.55,2.0,0.0
2025-08-01,LOC-10,SVC-02,Urgent,1,26.6,1.0,0.0
2025-08-01,LOC-02,SVC-07,Routine,1,37.6,1.0,0.0
2025-08-01,LOC-10,SVC-04,Urgent,1,11.8,1.0,0.0
2025-08-02,LOC-02,SVC-01,Priority,1,38.3,1.0,0.0
2025-08-03,LOC-06,SVC-02,Routine,1,36.5,1.0,0.0
2025-08-03,LOC-07,SVC-03,Priority,1,34.4,1.0,0.0
2025-08-03,LOC-01,SVC-02,Priority,1,35.4,1.0,0.0
2025-08-03,LOC-06,SVC-01,Routine,1,29.4,1.0,0.0
2025-08-04,LOC-10,SVC-01,Routine,1,42.1,1.0,0.0
2025-08-04,LOC-07,SVC-05,Priority,1,39.4,1.0,0.0
2025-08-04,LOC-08,SVC-05,Emergency,1,79.6,0.0,0.0
2025-08-05,LOC-08,SVC-02,Routine,1,10.4,1.0,0.0
2025-08-05,LOC-08,SVC-01,Emergency,1,12.4,0.0,0.0
2025-08-05,LOC-06,SVC-01,Priority,1,89.3,1.0,0.0
2025-08-05,LOC-10,SVC-06,Priority,1,57.7,1.0,0.0
2025-08-05,LOC-01,SVC-01,Routine,1,37.2,1.0,0.0
2025-08-05,LOC-10,SVC-09,Routine,1,12.2,1.0,0.0
2025-08-05,LOC-07,SVC-05,Routine,2,12.8,2.0,0.0
2025-08-06,LOC-10,SVC-05,Priority,1,41.5,1.0,0.0
2025-08-06,LOC-08,SVC-05,Routine,1,18.4,1.0,0.0
2025-08-06,LOC-05,SVC-07,Routine,1,86.4,1.0,0.0
2025-08-06,LOC-08,SVC-01,Routine,1,12.4,1.0,0.0
2025-08-06,LOC-02,SVC-06,Priority,1,31.7,1.0,0.0
2025-08-07,LOC-08,SVC-06,Routine,1,37.2,1.0,0.0
2025-08-07,LOC-10,SVC-01,Urgent,1,68.6,0.0,0.0
2025-08-07,LOC-04,SVC-09,Priority,1,22.8,1.0,0.0
2025-08-07,LOC-06,SVC-01,Routine,1,15.8,1.0,0.0
2025-08-08,LOC-10,SVC-07,Priority,1,59.4,1.0,0.0
2025-08-09,LOC-05,SVC-07,Routine,1,64.8,1.0,0.0
2025-08-09,LOC-07,SVC-03,Urgent,1,8.2,1.0,0.0
2025-08-09,LOC-07,SVC-09,Urgent,1,20.0,1.0,0.0
2025-08-09,LOC-09,SVC-02,Priority,1,59.2,1.0,0.0
2025-08-09,LOC-06,SVC-05,Routine,1,8.3,1.0,0.0
2025-08-09,LOC-09,SVC-03,Urgent,1,34.8,0.0,0.0
2025-08-09,LOC-09,SVC-05,Routine,1,14.7,1.0,0.0
2025-08-09,LOC-05,SVC-04,Urgent,1,55.3,1.0,0.0
2025-08-09,LOC-01,SVC-01,Urgent,1,39.7,1.0,0.0
2025-08-10,LOC-10,SVC-03,Urgent,1,28.7,1.0,0.0
2025-08-10,LOC-06,SVC-08,Routine,1,16.1,1.0,0.0
2025-08-11,LOC-05,SVC-01,Priority,1,35.9,1.0,0.0
2025-08-11,LOC-07,SVC-05,Routine,1,38.3,1.0,0.0
2025-08-11,LOC-10,SVC-03,Routine,1,25.9,1.0,0.0
2025-08-11,LOC-10,SVC-01,Routine,2,45.75,2.0,0.0
2025-08-11,LOC-05,SVC-09,Urgent,1,80.4,1.0,0.0
2025-08-11,LOC-03,SVC-06,Routine,1,,1.0,0.0
2025-08-11,LOC-09,SVC-01,Priority,1,87.0,1.0,0.0
2025-08-12,LOC-06,SVC-05,Routine,1,15.1,1.0,0.0
2025-08-12,LOC-05,SVC-02,Urgent,1,84.8,0.0,0.0
2025-08-12,LOC-08,SVC-08,Urgent,1,45.3,1.0,0.0
2025-08-12,LOC-10,SVC-01,Priority,1,23.6,1.0,0.0
2025-08-12,LOC-01,SVC-06,Routine,2,39.7,2.0,0.0
2025-08-12,LOC-03,SVC-06,Routine,1,87.6,1.0,0.0
2025-08-12,LOC-04,SVC-01,Priority,1,41.4,1.0,0.0
2025-08-13,LOC-08,SVC-06,Routine,1,9.6,1.0,0.0
2025-08-13,LOC-03,SVC-06,Priority,1,19.8,1.0,0.0
2025-08-13,LOC-03,SVC-02,Routine,1,65.0,1.0,0.0
2025-08-14,LOC-01,SVC-06,Priority,1,43.6,1.0,0.0
2025-08-14,LOC-02,SVC-08,Routine,2,49.5,2.0,0.0
2025-08-14,LOC-05,SVC-01,Priority,1,16.5,1.0,0.0
2025-08-15,LOC-02,SVC-02,Urgent,1,40.1,0.0,0.0
2025-08-15,LOC-08,SVC-08,Routine,1,13.3,1.0,0.0
2025-08-15,LOC-04,SVC-02,Routine,1,79.7,1.0,0.0
2025-08-16,LOC-03,SVC-02,Priority,1,35.8,1.0,0.0
2025-08-16,LOC-09,SVC-05,Routine,1,,1.0,0.0
2025-08-16,LOC-08,SVC-01,Urgent,1,13.4,1.0,0.0
2025-08-17,LOC-10,SVC-01,Urgent,1,79.4,1.0,0.0
2025-08-17,LOC-08,SVC-02,Emergency,1,2.2,1.0,0.0
2025-08-17,LOC-04,SVC-04,Urgent,1,64.6,1.0,0.0
2025-08-17,LOC-04,SVC-07,Priority,1,15.0,1.0,0.0
2025-08-17,LOC-10,SVC-04,Routine,1,38.0,1.0,0.0
2025-08-17,LOC-01,SVC-03,Priority,1,24.4,1.0,0.0
2025-08-18,LOC-10,SVC-08,Routine,1,5.7,1.0,0.0
2025-08-18,LOC-05,SVC-02,Urgent,1,59.0,1.0,0.0
2025-08-18,LOC-01,SVC-01,Routine,1,8.4,1.0,0.0
2025-08-18,LOC-05,SVC-01,Routine,2,56.6,2.0,0.0
2025-08-18,LOC-09,SVC-06,Urgent,1,61.5,0.0,0.0
2025-08-18,LOC-08,SVC-03,Routine,1,33.0,1.0,0.0
2025-08-18,LOC-09,SVC-05,Routine,1,11.2,1.0,0.0
2025-08-19,LOC-04,SVC-02,Routine,1,18.2,1.0,0.0
2025-08-19,LOC-09,SVC-03,Routine,1,16.1,1.0,0.0
2025-08-19,LOC-04,SVC-07,Routine,1,15.8,1.0,0.0
2025-08-19,LOC-10,SVC-02,Urgent,1,68.9,1.0,0.0
2025-08-19,LOC-02,SVC-07,Priority,1,63.5,1.0,0.0
2025-08-19,LOC-01,SVC-01,Priority,1,47.4,1.0,0.0
2025-08-20,LOC-06,SVC-01,Priority,1,14.2,1.0,0.0
2025-08-20,LOC-10,SVC-06,Urgent,1,44.3,1.0,0.0
2025-08-20,LOC-05,SVC-05,Priority,1,39.6,1.0,0.0
2025-08-21,LOC-09,SVC-09,Urgent,1,75.4,1.0,0.0
2025-08-21,LOC-03,SVC-05,Routine,1,20.2,1.0,0.0
2025-08-21,LOC-02,SVC-05,Routine,1,24.0,1.0,0.0
2025-08-22,LOC-01,SVC-06,Urgent,1,57.6,1.0,0.0
2025-08-22,LOC-10,SVC-07,Routine,1,37.8,1.0,0.0
2025-08-22,LOC-04,SVC-03,Routine,1,16.2,1.0,0.0
2025-08-22,LOC-06,SVC-07,Priority,1,61.5,1.0,0.0
2025-08-22,LOC-05,SVC-01,Priority,1,21.4,1.0,0.0
2025-08-22,LOC-02,SVC-01,Priority,1,63.3,1.0,0.0
2025-08-22,LOC-10,SVC-03,Emergency,1,38.2,0.0,0.0
2025-08-23,LOC-07,SVC-07,Routine,1,91.4,1.0,0.0
2025-08-23,LOC-03,SVC-07,Routine,1,21.8,1.0,0.0
2025-08-23,LOC-04,SVC-09,Priority,1,68.5,1.0,0.0
2025-08-24,LOC-03,SVC-02,Routine,1,41.2,1.0,0.0
2025-08-24,LOC-06,SVC-07,Urgent,1,65.1,0.0,0.0
2025-08-24,LOC-09,SVC-01,Routine,1,37.9,1.0,0.0
2025-08-25,LOC-06,SVC-02,Routine,1,32.5,1.0,0.0
2025-08-25,LOC-04,SVC-05,Routine,1,83.8,1.0,0.0
2025-08-25,LOC-07,SVC-01,Priority,1,69.5,1.0,0.0
2025-08-25,LOC-02,SVC-06,Priority,1,17.7,1.0,0.0
2025-08-26,LOC-06,SVC-05,Priority,1,42.3,1.0,0.0
2025-08-26,LOC-07,SVC-03,Priority,1,67.8,1.0,0.0
2025-08-26,LOC-02,SVC-04,Urgent,1,36.2,1.0,0.0
2025-08-26,LOC-01,SVC-02,Priority,1,39.6,1.0,0.0
2025-08-27,LOC-02,SVC-01,Routine,1,52.5,1.0,0.0
2025-08-27,LOC-04,SVC-08,Priority,1,67.2,1.0,0.0
2025-08-27,LOC-10,SVC-01,Routine,2,23.4,1.0,1.0
2025-08-27,LOC-01,SVC-02,Routine,1,11.3,1.0,0.0
2025-08-27,LOC-03,SVC-08,Routine,2,23.1,2.0,0.0
2025-08-28,LOC-08,SVC-06,Routine,1,36.7,1.0,0.0
2025-08-28,LOC-01,SVC-05,Priority,1,65.8,1.0,0.0
2025-08-28,LOC-09,SVC-09,Urgent,1,89.6,1.0,0.0
2025-08-28,LOC-02,SVC-07,Emergency,1,36.6,0.0,0.0
2025-08-28,LOC-01,SVC-04,Routine,1,91.4,1.0,0.0
2025-08-28,LOC-07,SVC-07,Routine,1,40.1,1.0,0.0
2025-08-28,LOC-08,SVC-09,Priority,1,8.5,1.0,0.0
2025-08-28,LOC-01,SVC-02,Priority,1,29.4,1.0,0.0
2025-08-28,LOC-02,SVC-02,Routine,1,70.6,1.0,0.0
2025-08-28,LOC-09,SVC-01,Routine,1,7.6,1.0,0.0
2025-08-28,LOC-07,SVC-04,Priority,1,67.2,0.0,0.0
2025-08-28,LOC-03,SVC-01,Routine,1,10.8,1.0,0.0
2025-08-29,LOC-09,SVC-05,Routine,1,36.1,1.0,0.0
2025-08-29,LOC-01,SVC-04,Urgent,1,66.7,1.0,0.0
2025-08-29,LOC-07,SVC-01,Routine,1,73.9,1.0,0.0
2025-08-29,LOC-10,SVC-03,Priority,1,36.0,1.0,0.0
2025-09-01,LOC-03,SVC-03,Routine,1,46.3,1.0,0.0
2025-09-01,LOC-01,SVC-03,Routine,1,35.0,1.0,0.0
2025-09-01,LOC-01,SVC-01,Routine,1,28.4,1.0,0.0
2025-09-01,LOC-07,SVC-02,Urgent,1,8.9,0.0,0.0
2025-09-01,LOC-06,SVC-07,Routine,1,14.3,1.0,0.0
2025-09-02,LOC-02,SVC-01,Routine,1,32.6,1.0,0.0
2025-09-02,LOC-08,SVC-06,Routine,1,16.2,1.0,0.0
2025-09-03,LOC-01,SVC-05,Routine,1,40.9,1.0,0.0
2025-09-03,LOC-06,SVC-02,Priority,1,34.4,1.0,0.0
2025-09-03,LOC-01,SVC-06,Routine,1,15.0,1.0,0.0
2025-09-03,LOC-08,SVC-05,Priority,1,42.8,1.0,0.0
2025-09-03,LOC-09,SVC-09,Priority,1,6.3,1.0,0.0
2025-09-04,LOC-03,SVC-07,Emergency,1,35.2,1.0,0.0
2025-09-04,LOC-03,SVC-03,Priority,1,12.3,1.0,0.0
2025-09-04,LOC-07,SVC-05,Priority,1,72.8,0.0,0.0
2025-09-04,LOC-10,SVC-08,Routine,1,9.9,1.0,0.0
2025-09-05,LOC-09,SVC-05,Urgent,1,49.0,0.0,0.0
2025-09-05,LOC-06,SVC-02,Routine,1,67.7,1.0,0.0
2025-09-05,LOC-07,SVC-02,Routine,1,10.3,1.0,0.0
2025-09-05,LOC-04,SVC-06,Priority,1,59.4,1.0,0.0
2025-09-05,LOC-04,SVC-02,Routine,1,58.3,1.0,0.0
2025-09-05,LOC-02,SVC-02,Priority,1,57.7,1.0,0.0
2025-09-05,LOC-10,SVC-01,Routine,1,37.7,1.0,0.0
2025-09-06,LOC-06,SVC-02,Routine,1,21.4,1.0,0.0
2025-09-06,LOC-08,SVC-01,Routine,1,15.1,1.0,0.0
2025-09-06,LOC-07,SVC-02,Priority,1,63.1,1.0,0.0
2025-09-06,LOC-09,SVC-05,Routine,1,20.0,1.0,0.0
2025-09-08,LOC-08,SVC-05,Routine,1,18.4,1.0,0.0
2025-09-08,LOC-02,SVC-04,Routine,1,16.4,1.0,0.0
2025-09-08,LOC-05,SVC-06,Routine,1,64.3,1.0,0.0
2025-09-08,LOC-02,SVC-02,Routine,1,59.6,1.0,0.0
2025-09-08,LOC-02,SVC-05,Urgent,1,65.5,0.0,0.0
2025-09-08,LOC-05,SVC-05,Routine,1,45.0,1.0,0.0
2025-09-08,LOC-07,SVC-09,Routine,1,63.2,1.0,0.0
2025-09-09,LOC-09,SVC-04,Routine,1,,1.0,0.0
2025-09-09,LOC-06,SVC-01,Routine,1,10.3,1.0,0.0
2025-09-09,LOC-07,SVC-03,Routine,1,34.8,1.0,0.0
2025-09-10,LOC-01,SVC-03,Emergency,1,79.1,0.0,0.0
2025-09-10,LOC-04,SVC-01,Priority,1,63.9,1.0,0.0
2025-09-10,LOC-03,SVC-08,Emergency,1,12.9,1.0,0.0
2025-09-10,LOC-06,SVC-01,Urgent,1,17.6,1.0,0.0
2025-09-10,LOC-09,SVC-02,Urgent,1,82.3,1.0,0.0
2025-09-11,LOC-08,SVC-04,Routine,2,55.1,2.0,0.0
2025-09-11,LOC-10,SVC-03,Emergency,1,96.3,0.0,0.0
2025-09-11,LOC-04,SVC-06,Urgent,1,39.6,1.0,0.0
2025-09-12,LOC-03,SVC-03,Routine,1,12.4,1.0,0.0
2025-09-12,LOC-08,SVC-01,Routine,1,13.3,1.0,0.0
2025-09-12,LOC-09,SVC-09,Routine,1,18.4,1.0,0.0
2025-09-12,LOC-01,SVC-09,Routine,1,9.5,1.0,0.0
2025-09-12,LOC-06,SVC-06,Priority,1,63.0,1.0,0.0
2025-09-12,LOC-09,SVC-01,Routine,1,,1.0,0.0
2025-09-13,LOC-08,SVC-05,Routine,1,29.4,1.0,0.0
2025-09-13,LOC-09,SVC-01,Routine,1,36.9,1.0,0.0
2025-09-14,LOC-04,SVC-08,Urgent,1,60.5,1.0,0.0
2025-09-15,LOC-06,SVC-04,Routine,1,59.5,1.0,0.0
2025-09-15,LOC-08,SVC-02,Routine,2,15.5,2.0,0.0
2025-09-15,LOC-09,SVC-09,Priority,1,51.8,0.0,0.0
2025-09-15,LOC-05,SVC-05,Priority,1,35.7,1.0,0.0
2025-09-15,LOC-01,SVC-06,Priority,1,62.3,1.0,0.0
2025-09-16,LOC-10,SVC-01,Routine,1,40.4,1.0,0.0
2025-09-16,LOC-05,SVC-08,Routine,1,,1.0,0.0
2025-09-16,LOC-05,SVC-01,Routine,1,11.3,1.0,0.0
2025-09-16,LOC-06,SVC-05,Routine,1,47.6,1.0,0.0
2025-09-17,LOC-08,SVC-05,Routine,1,11.8,1.0,0.0
2025-09-17,LOC-09,SVC-01,Routine,1,58.9,1.0,0.0
2025-09-17,LOC-06,SVC-09,Routine,1,33.2,1.0,0.0
2025-09-17,LOC-08,SVC-01,Routine,1,15.7,1.0,0.0
2025-09-17,LOC-10,SVC-07,Routine,1,35.1,1.0,0.0
2025-09-18,LOC-07,SVC-06,Priority,1,58.5,1.0,0.0
2025-09-18,LOC-06,SVC-01,Urgent,1,38.0,1.0,0.0
2025-09-18,LOC-07,SVC-08,Routine,1,33.1,1.0,0.0
2025-09-19,LOC-05,SVC-05,Urgent,1,10.5,1.0,0.0
2025-09-19,LOC-08,SVC-06,Routine,1,20.1,1.0,0.0
2025-09-19,LOC-10,SVC-02,Priority,1,36.3,1.0,0.0
2025-09-19,LOC-03,SVC-07,Emergency,1,87.4,1.0,0.0
2025-09-19,LOC-04,SVC-06,Emergency,1,94.1,0.0,0.0
2025-09-20,LOC-01,SVC-07,Routine,1,69.6,1.0,0.0
2025-09-20,LOC-04,SVC-05,Routine,1,18.1,1.0,0.0
2025-09-21,LOC-03,SVC-02,Priority,1,38.7,1.0,0.0
2025-09-21,LOC-02,SVC-07,Priority,1,64.5,1.0,0.0
2025-09-22,LOC-09,SVC-02,Urgent,2,66.19999999999999,1.0,1.0
2025-09-22,LOC-01,SVC-02,Priority,1,42.1,1.0,0.0
2025-09-22,LOC-07,SVC-01,Routine,1,16.6,1.0,0.0
2025-09-22,LOC-01,SVC-05,Priority,1,9.4,0.0,0.0
2025-09-23,LOC-07,SVC-01,Emergency,1,96.7,0.0,0.0
2025-09-23,LOC-01,SVC-07,Routine,1,17.5,1.0,0.0
2025-09-23,LOC-01,SVC-02,Urgent,1,63.4,1.0,0.0
2025-09-23,LOC-08,SVC-05,Emergency,1,65.8,0.0,0.0
2025-09-23,LOC-04,SVC-07,Priority,1,88.0,1.0,0.0
2025-09-23,LOC-01,SVC-01,Routine,1,19.0,1.0,0.0
2025-09-23,LOC-02,SVC-06,Routine,1,61.3,1.0,0.0
2025-09-24,LOC-06,SVC-05,Routine,1,36.6,1.0,0.0
2025-09-24,LOC-08,SVC-02,Urgent,1,49.1,1.0,0.0
2025-09-24,LOC-06,SVC-01,Priority,1,61.5,1.0,0.0
2025-09-24,LOC-01,SVC-01,Urgent,1,,0.0,0.0
2025-09-25,LOC-07,SVC-05,Routine,1,7.2,1.0,0.0
2025-09-25,LOC-09,SVC-01,Emergency,1,64.0,0.0,0.0
2025-09-25,LOC-07,SVC-03,Routine,1,29.3,1.0,0.0
2025-09-25,LOC-02,SVC-06,Urgent,1,50.6,1.0,0.0
2025-09-25,LOC-01,SVC-07,Routine,1,9.7,1.0,0.0
2025-09-25,LOC-03,SVC-01,Priority,1,72.3,1.0,0.0
2025-09-26,LOC-02,SVC-07,Priority,1,33.8,1.0,0.0
2025-09-26,LOC-09,SVC-01,Routine,2,37.7,2.0,0.0
2025-09-27,LOC-09,SVC-07,Routine,1,33.3,1.0,0.0
2025-09-28,LOC-08,SVC-01,Routine,1,22.2,1.0,0.0
2025-09-28,LOC-01,SVC-07,Priority,1,,1.0,0.0
2025-09-28,LOC-03,SVC-03,Routine,1,26.1,1.0,0.0
2025-09-29,LOC-08,SVC-04,Urgent,1,38.3,1.0,0.0
2025-09-29,LOC-05,SVC-05,Routine,1,35.4,1.0,0.0
2025-09-29,LOC-07,SVC-05,Routine,1,19.9,1.0,0.0
2025-09-29,LOC-06,SVC-09,Routine,1,,1.0,0.0
2025-09-30,LOC-10,SVC-01,Priority,1,74.6,1.0,0.0
2025-09-30,LOC-10,SVC-08,Routine,1,33.3,1.0,0.0
2025-09-30,LOC-06,SVC-04,Urgent,1,45.5,1.0,0.0
2025-09-30,LOC-01,SVC-05,Priority,1,37.6,1.0,0.0
2025-09-30,LOC-08,SVC-02,Emergency,1,48.5,0.0,0.0
2025-09-30,LOC-04,SVC-03,Routine,1,15.2,1.0,0.0
2025-09-30,LOC-10,SVC-04,Urgent,1,20.8,1.0,0.0
2025-10-01,LOC-04,SVC-05,Routine,1,32.9,1.0,0.0
2025-10-01,LOC-03,SVC-05,Emergency,1,39.4,0.0,0.0
2025-10-01,LOC-05,SVC-02,Priority,1,36.2,1.0,0.0
2025-10-01,LOC-08,SVC-07,Routine,1,24.3,1.0,0.0
2025-10-02,LOC-09,SVC-02,Urgent,1,43.5,0.0,0.0
2025-10-02,LOC-03,SVC-03,Routine,1,35.3,1.0,0.0
2025-10-02,LOC-06,SVC-09,Routine,1,7.3,1.0,0.0
2025-10-03,LOC-02,SVC-07,Urgent,2,92.9,2.0,0.0
2025-10-03,LOC-10,SVC-01,Routine,1,20.5,1.0,0.0
2025-10-03,LOC-06,SVC-03,Routine,1,15.2,1.0,0.0
2025-10-04,LOC-02,SVC-07,Routine,1,10.0,1.0,0.0
2025-10-06,LOC-10,SVC-03,Priority,1,37.1,1.0,0.0
2025-10-06,LOC-01,SVC-04,Routine,1,39.8,1.0,0.0
2025-10-06,LOC-10,SVC-01,Routine,1,17.2,1.0,0.0
2025-10-06,LOC-05,SVC-03,Routine,1,19.5,1.0,0.0
2025-10-06,LOC-07,SVC-03,Priority,1,13.3,1.0,0.0
2025-10-07,LOC-02,SVC-04,Emergency,1,,0.0,0.0
2025-10-07,LOC-03,SVC-03,Priority,1,37.8,1.0,0.0
2025-10-07,LOC-08,SVC-02,Routine,1,36.2,1.0,0.0
2025-10-07,LOC-10,SVC-03,Urgent,1,18.3,1.0,0.0
2025-10-08,LOC-01,SVC-07,Urgent,1,59.8,1.0,0.0
2025-10-08,LOC-02,SVC-07,Routine,1,67.3,1.0,0.0
2025-10-08,LOC-03,SVC-02,Priority,1,71.1,1.0,0.0
2025-10-09,LOC-05,SVC-06,Urgent,1,,0.0,0.0
2025-10-09,LOC-05,SVC-03,Urgent,1,31.6,1.0,0.0
2025-10-09,LOC-02,SVC-08,Emergency,1,85.0,0.0,0.0
2025-10-09,LOC-10,SVC-05,Routine,1,5.4,1.0,0.0
2025-10-09,LOC-07,SVC-02,Priority,1,30.7,1.0,0.0
2025-10-09,LOC-08,SVC-07,Routine,1,57.5,1.0,0.0
2025-10-09,LOC-08,SVC-03,Priority,1,17.3,1.0,0.0
2025-10-10,LOC-04,SVC-02,Routine,1,57.6,1.0,0.0
2025-10-10,LOC-08,SVC-01,Priority,1,8.6,1.0,0.0
2025-10-10,LOC-08,SVC-02,Routine,1,19.2,1.0,0.0
2025-10-10,LOC-05,SVC-05,Priority,2,35.599999999999994,2.0,0.0
2025-10-11,LOC-10,SVC-05,Urgent,1,93.5,0.0,0.0
2025-10-11,LOC-08,SVC-05,Routine,1,55.9,1.0,0.0
2025-10-11,LOC-09,SVC-02,Priority,1,94.8,1.0,0.0
2025-10-11,LOC-05,SVC-09,Routine,1,46.3,1.0,0.0
2025-10-12,LOC-10,SVC-04,Routine,1,18.2,1.0,0.0
2025-10-12,LOC-10,SVC-03,Priority,1,24.6,1.0,0.0
2025-10-12,LOC-01,SVC-02,Urgent,1,59.1,0.0,0.0
2025-10-12,LOC-02,SVC-02,Priority,1,39.4,1.0,0.0
2025-10-12,LOC-08,SVC-04,Routine,1,22.2,1.0,0.0
2025-10-13,LOC-02,SVC-01,Routine,1,17.5,1.0,0.0
2025-10-13,LOC-02,SVC-09,Routine,1,17.5,1.0,0.0
2025-10-13,LOC-08,SVC-05,Routine,2,15.75,2.0,0.0
2025-10-13,LOC-07,SVC-02,Routine,1,11.6,1.0,0.0
2025-10-13,LOC-10,SVC-03,Priority,1,59.0,1.0,0.0
2025-10-13,LOC-03,SVC-05,Priority,1,36.4,1.0,0.0
2025-10-14,LOC-03,SVC-05,Routine,2,27.3,2.0,0.0
2025-10-14,LOC-08,SVC-06,Routine,1,40.3,1.0,0.0
2025-10-14,LOC-02,SVC-07,Routine,1,64.5,1.0,0.0
2025-10-15,LOC-10,SVC-08,Routine,1,27.5,1.0,0.0
2025-10-15,LOC-05,SVC-02,Urgent,1,38.9,1.0,0.0
2025-10-15,LOC-01,SVC-01,Priority,1,,1.0,0.0
2025-10-16,LOC-02,SVC-02,Routine,1,35.3,1.0,0.0
2025-10-16,LOC-01,SVC-05,Routine,1,,1.0,0.0
2025-10-17,LOC-02,SVC-03,Routine,1,22.3,1.0,0.0
2025-10-17,LOC-08,SVC-01,Routine,1,32.0,1.0,0.0
2025-10-17,LOC-08,SVC-03,Urgent,1,58.1,0.0,0.0
2025-10-17,LOC-10,SVC-05,Priority,1,45.7,1.0,0.0
2025-10-17,LOC-05,SVC-04,Priority,1,46.4,1.0,0.0
2025-10-17,LOC-08,SVC-02,Urgent,1,8.3,1.0,0.0
2025-10-17,LOC-10,SVC-09,Routine,1,14.1,1.0,0.0
2025-10-17,LOC-03,SVC-01,Routine,1,50.6,1.0,0.0
2025-10-17,LOC-10,SVC-02,Priority,1,44.6,1.0,0.0
2025-10-17,LOC-05,SVC-03,Priority,1,64.5,1.0,0.0
2025-10-18,LOC-07,SVC-06,Routine,1,43.3,1.0,0.0
2025-10-19,LOC-08,SVC-01,Priority,1,,1.0,0.0
2025-10-19,LOC-02,SVC-04,Urgent,1,91.1,0.0,0.0
2025-10-19,LOC-07,SVC-09,Priority,1,33.3,1.0,0.0
2025-10-20,LOC-04,SVC-05,Priority,1,39.1,1.0,0.0
2025-10-20,LOC-03,SVC-01,Routine,1,43.4,1.0,0.0
2025-10-20,LOC-06,SVC-06,Routine,1,64.4,1.0,0.0
2025-10-21,LOC-10,SVC-01,Routine,2,29.65,2.0,0.0
2025-10-21,LOC-04,SVC-08,Urgent,1,67.4,1.0,0.0
2025-10-21,LOC-04,SVC-03,Priority,1,35.4,1.0,0.0
2025-10-22,LOC-03,SVC-07,Routine,1,16.4,1.0,0.0
2025-10-22,LOC-03,SVC-06,Urgent,2,44.5,2.0,0.0
2025-10-22,LOC-01,SVC-05,Priority,1,40.6,1.0,0.0
2025-10-23,LOC-06,SVC-04,Priority,1,26.1,1.0,0.0
2025-10-23,LOC-10,SVC-03,Priority,2,13.8,1.0,1.0
2025-10-23,LOC-06,SVC-07,Priority,1,51.4,1.0,0.0
2025-10-23,LOC-09,SVC-07,Priority,2,54.5,1.0,1.0
2025-10-24,LOC-06,SVC-05,Routine,2,23.75,1.0,1.0
2025-10-24,LOC-07,SVC-02,Routine,1,13.9,1.0,0.0
2025-10-24,LOC-01,SVC-05,Urgent,1,59.2,1.0,0.0
2025-10-24,LOC-09,SVC-07,Priority,1,37.8,1.0,0.0
2025-10-24,LOC-10,SVC-07,Urgent,1,86.0,1.0,0.0
2025-10-25,LOC-09,SVC-05,Routine,1,42.6,1.0,0.0
2025-10-25,LOC-05,SVC-05,Priority,1,73.6,1.0,0.0
2025-10-25,LOC-08,SVC-02,Urgent,1,43.3,1.0,0.0
2025-10-25,LOC-07,SVC-06,Routine,1,37.3,1.0,0.0
2025-10-27,LOC-01,SVC-08,Routine,1,37.9,1.0,0.0
2025-10-27,LOC-09,SVC-04,Priority,1,63.1,1.0,0.0
2025-10-28,LOC-02,SVC-08,Routine,1,12.9,1.0,0.0
2025-10-28,LOC-03,SVC-01,Routine,2,25.05,1.0,1.0
2025-10-28,LOC-10,SVC-06,Emergency,1,31.9,0.0,0.0
2025-10-28,LOC-09,SVC-01,Emergency,1,38.9,0.0,0.0
2025-10-28,LOC-03,SVC-02,Urgent,1,44.0,1.0,0.0
2025-10-28,LOC-03,SVC-06,Priority,1,35.9,1.0,0.0
2025-10-29,LOC-06,SVC-09,Routine,1,35.7,1.0,0.0
2025-10-29,LOC-08,SVC-03,Urgent,1,29.0,1.0,0.0
2025-10-29,LOC-09,SVC-01,Priority,1,62.9,1.0,0.0
2025-10-30,LOC-01,SVC-09,Urgent,1,63.0,1.0,0.0
2025-10-30,LOC-08,SVC-09,Priority,1,64.6,1.0,0.0
2025-10-30,LOC-01,SVC-05,Routine,1,32.5,1.0,0.0
2025-10-30,LOC-03,SVC-03,Priority,1,36.1,0.0,0.0
2025-10-30,LOC-10,SVC-02,Priority,1,18.5,1.0,0.0
2025-10-30,LOC-08,SVC-05,Routine,1,22.5,1.0,0.0
2025-10-31,LOC-05,SVC-04,Routine,1,33.4,1.0,0.0
2025-11-01,LOC-03,SVC-01,Routine,1,72.9,1.0,0.0
2025-11-01,LOC-01,SVC-05,Routine,1,41.3,1.0,0.0
2025-11-01,LOC-03,SVC-07,Routine,1,14.2,1.0,0.0
2025-11-01,LOC-01,SVC-01,Routine,1,1.0,1.0,0.0
2025-11-02,LOC-01,SVC-01,Routine,1,,1.0,0.0
2025-11-02,LOC-02,SVC-02,Priority,1,35.7,1.0,0.0
2025-11-02,LOC-08,SVC-09,Urgent,1,85.6,1.0,0.0
2025-11-02,LOC-07,SVC-06,Routine,1,38.3,1.0,0.0
2025-11-02,LOC-10,SVC-04,Routine,1,14.7,1.0,0.0
2025-11-03,LOC-02,SVC-05,Urgent,1,37.7,0.0,0.0
2025-11-03,LOC-09,SVC-01,Urgent,1,56.6,1.0,0.0
2025-11-03,LOC-02,SVC-07,Routine,1,28.9,1.0,0.0
2025-11-03,LOC-06,SVC-01,Priority,1,,1.0,0.0
2025-11-03,LOC-03,SVC-08,Priority,1,17.8,1.0,0.0
2025-11-04,LOC-02,SVC-07,Urgent,2,84.65,0.0,0.0
2025-11-04,LOC-01,SVC-04,Routine,1,35.9,1.0,0.0
2025-11-04,LOC-07,SVC-06,Routine,2,18.0,2.0,0.0
2025-11-04,LOC-10,SVC-04,Routine,1,73.7,1.0,0.0
2025-11-04,LOC-01,SVC-07,Priority,1,56.8,1.0,0.0
2025-11-05,LOC-01,SVC-02,Routine,1,5.2,1.0,0.0
2025-11-05,LOC-07,SVC-04,Priority,1,23.6,1.0,0.0
2025-11-05,LOC-04,SVC-01,Urgent,1,88.6,1.0,0.0
2025-11-06,LOC-05,SVC-02,Routine,1,43.3,1.0,0.0
2025-11-06,LOC-01,SVC-08,Routine,1,57.5,1.0,0.0
2025-11-06,LOC-06,SVC-07,Routine,1,66.5,1.0,0.0
2025-11-06,LOC-07,SVC-03,Routine,1,39.2,1.0,0.0
2025-11-07,LOC-09,SVC-01,Routine,1,38.1,1.0,0.0
2025-11-07,LOC-04,SVC-01,Routine,1,12.7,1.0,0.0
2025-11-07,LOC-04,SVC-06,Priority,1,21.4,1.0,0.0
2025-11-07,LOC-08,SVC-01,Priority,1,14.7,1.0,0.0
2025-11-07,LOC-09,SVC-07,Emergency,1,44.2,0.0,0.0
2025-11-07,LOC-06,SVC-05,Priority,1,41.2,1.0,0.0
2025-11-07,LOC-01,SVC-09,Routine,1,59.7,1.0,0.0
2025-11-08,LOC-08,SVC-04,Routine,1,24.3,1.0,0.0
2025-11-09,LOC-08,SVC-03,Routine,1,43.3,1.0,0.0
2025-11-10,LOC-07,SVC-07,Priority,1,32.2,1.0,0.0
2025-11-10,LOC-03,SVC-01,Emergency,1,90.9,0.0,0.0
2025-11-10,LOC-09,SVC-07,Routine,1,70.9,1.0,0.0
2025-11-10,LOC-07,SVC-01,Routine,1,24.0,1.0,0.0
2025-11-11,LOC-07,SVC-01,Priority,1,35.0,1.0,0.0
2025-11-11,LOC-03,SVC-02,Routine,1,8.3,1.0,0.0
2025-11-11,LOC-07,SVC-05,Priority,1,47.6,1.0,0.0
2025-11-11,LOC-09,SVC-02,Routine,1,77.3,1.0,0.0
2025-11-11,LOC-04,SVC-06,Urgent,1,62.3,0.0,0.0
2025-11-12,LOC-04,SVC-02,Routine,1,15.0,1.0,0.0
2025-11-12,LOC-01,SVC-04,Priority,1,34.5,1.0,0.0
2025-11-12,LOC-06,SVC-04,Routine,1,56.9,1.0,0.0
2025-11-12,LOC-01,SVC-02,Urgent,1,29.5,1.0,0.0
2025-11-12,LOC-03,SVC-06,Routine,1,20.3,1.0,0.0
2025-11-12,LOC-08,SVC-02,Urgent,1,55.5,1.0,0.0
2025-11-12,LOC-07,SVC-04,Priority,2,28.25,2.0,0.0
2025-11-12,LOC-09,SVC-01,Priority,1,11.5,1.0,0.0
2025-11-12,LOC-05,SVC-02,Priority,1,54.8,1.0,0.0
2025-11-12,LOC-01,SVC-03,Priority,1,15.7,1.0,0.0
2025-11-12,LOC-04,SVC-06,Urgent,1,48.0,1.0,0.0
2025-11-12,LOC-06,SVC-06,Urgent,1,26.4,0.0,0.0
2025-11-13,LOC-06,SVC-05,Routine,1,2.3,1.0,0.0
2025-11-13,LOC-07,SVC-07,Emergency,1,88.2,0.0,0.0
2025-11-13,LOC-05,SVC-05,Routine,1,31.9,1.0,0.0
2025-11-13,LOC-10,SVC-05,Routine,1,20.6,1.0,0.0
2025-11-13,LOC-02,SVC-03,Urgent,1,76.7,1.0,0.0
2025-11-13,LOC-02,SVC-01,Urgent,1,15.5,1.0,0.0
2025-11-13,LOC-03,SVC-06,Priority,1,36.6,1.0,0.0
2025-11-14,LOC-03,SVC-04,Routine,3,41.46666666666666,3.0,0.0
2025-11-14,LOC-08,SVC-03,Routine,1,13.2,1.0,0.0
2025-11-14,LOC-02,SVC-05,Routine,1,25.6,1.0,0.0
2025-11-14,LOC-09,SVC-02,Routine,1,45.6,1.0,0.0
2025-11-14,LOC-04,SVC-07,Priority,1,17.6,1.0,0.0
2025-11-14,LOC-07,SVC-04,Routine,1,61.9,1.0,0.0
2025-11-16,LOC-09,SVC-06,Urgent,1,35.0,1.0,0.0
2025-11-17,LOC-08,SVC-04,Priority,1,11.1,1.0,0.0
2025-11-17,LOC-08,SVC-08,Routine,1,65.5,1.0,0.0
2025-11-17,LOC-09,SVC-04,Urgent,1,31.7,1.0,0.0
2025-11-17,LOC-06,SVC-08,Urgent,1,64.6,0.0,0.0
2025-11-17,LOC-01,SVC-01,Routine,1,58.0,1.0,0.0
2025-11-18,LOC-08,SVC-07,Priority,1,47.0,1.0,0.0
2025-11-18,LOC-07,SVC-02,Routine,1,51.3,1.0,0.0
2025-11-18,LOC-03,SVC-04,Routine,1,46.6,1.0,0.0
2025-11-18,LOC-03,SVC-03,Priority,1,19.3,1.0,0.0
2025-11-18,LOC-09,SVC-06,Priority,1,30.0,1.0,0.0
2025-11-18,LOC-10,SVC-01,Priority,1,10.7,1.0,0.0
2025-11-19,LOC-10,SVC-03,Routine,1,,1.0,0.0
2025-11-19,LOC-09,SVC-01,Routine,1,18.4,1.0,0.0
2025-11-20,LOC-08,SVC-02,Urgent,1,35.9,1.0,0.0
2025-11-20,LOC-08,SVC-07,Priority,1,,1.0,0.0
2025-11-21,LOC-01,SVC-07,Urgent,1,62.3,1.0,0.0
2025-11-21,LOC-06,SVC-03,Urgent,1,29.5,1.0,0.0
2025-11-21,LOC-10,SVC-03,Routine,1,14.6,1.0,0.0
2025-11-23,LOC-05,SVC-03,Urgent,1,38.5,0.0,0.0
2025-11-23,LOC-03,SVC-04,Priority,1,17.2,1.0,0.0
2025-11-23,LOC-09,SVC-01,Routine,1,42.1,1.0,0.0
2025-11-24,LOC-05,SVC-07,Urgent,1,39.3,1.0,0.0
2025-11-24,LOC-01,SVC-04,Urgent,1,65.4,1.0,0.0
2025-11-24,LOC-02,SVC-01,Priority,1,95.9,1.0,0.0
2025-11-25,LOC-07,SVC-06,Priority,1,43.6,1.0,0.0
2025-11-25,LOC-06,SVC-06,Emergency,1,30.6,0.0,0.0
2025-11-25,LOC-07,SVC-08,Routine,1,19.5,1.0,0.0
2025-11-25,LOC-09,SVC-03,Routine,1,17.1,1.0,0.0
2025-11-25,LOC-03,SVC-05,Priority,1,9.2,1.0,0.0
2025-11-25,LOC-10,SVC-01,Routine,1,14.1,1.0,0.0
2025-11-26,LOC-01,SVC-08,Priority,1,37.3,1.0,0.0
2025-11-26,LOC-02,SVC-03,Routine,1,41.1,1.0,0.0
2025-11-26,LOC-09,SVC-01,Routine,1,16.9,1.0,0.0
2025-11-26,LOC-04,SVC-04,Routine,1,23.4,1.0,0.0
2025-11-27,LOC-06,SVC-02,Priority,1,56.1,1.0,0.0
2025-11-27,LOC-08,SVC-05,Priority,1,23.8,1.0,0.0
2025-11-27,LOC-07,SVC-02,Routine,1,11.0,1.0,0.0
2025-11-27,LOC-02,SVC-04,Routine,1,14.9,1.0,0.0
2025-11-27,LOC-10,SVC-02,Routine,1,19.9,1.0,0.0
2025-11-27,LOC-04,SVC-01,Routine,1,22.0,1.0,0.0
2025-11-27,LOC-05,SVC-06,Routine,1,37.5,1.0,0.0
2025-11-28,LOC-03,SVC-05,Priority,1,80.0,1.0,0.0
2025-11-28,LOC-07,SVC-03,Priority,1,19.6,1.0,0.0
2025-11-28,LOC-08,SVC-02,Routine,1,19.7,1.0,0.0
2025-11-28,LOC-02,SVC-06,Routine,1,38.6,1.0,0.0
2025-11-28,LOC-06,SVC-05,Urgent,1,39.3,0.0,0.0
2025-11-29,LOC-10,SVC-05,Routine,1,37.9,1.0,0.0
2025-11-30,LOC-01,SVC-02,Routine,1,24.9,1.0,0.0
2025-11-30,LOC-02,SVC-01,Priority,1,66.2,1.0,0.0
2025-11-30,LOC-02,SVC-02,Routine,1,31.4,1.0,0.0
2025-12-01,LOC-04,SVC-01,Priority,1,17.8,1.0,0.0
2025-12-01,LOC-01,SVC-01,Urgent,1,35.0,1.0,0.0
2025-12-02,LOC-03,SVC-01,Priority,1,18.0,1.0,0.0
2025-12-02,LOC-06,SVC-07,Priority,1,64.5,1.0,0.0
2025-12-03,LOC-01,SVC-01,Routine,1,26.4,1.0,0.0
2025-12-03,LOC-10,SVC-05,Routine,1,20.8,1.0,0.0
2025-12-03,LOC-07,SVC-09,Routine,1,15.6,1.0,0.0
2025-12-03,LOC-04,SVC-02,Priority,1,11.7,1.0,0.0
2025-12-03,LOC-05,SVC-02,Priority,1,40.8,1.0,0.0
2025-12-03,LOC-05,SVC-03,Priority,1,32.0,1.0,0.0
2025-12-03,LOC-01,SVC-02,Priority,1,41.7,1.0,0.0
2025-12-03,LOC-01,SVC-07,Urgent,1,33.3,1.0,0.0
2025-12-03,LOC-08,SVC-01,Routine,1,24.1,1.0,0.0
2025-12-04,LOC-03,SVC-01,Urgent,1,36.2,1.0,0.0
2025-12-04,LOC-01,SVC-07,Urgent,1,16.1,1.0,0.0
2025-12-05,LOC-03,SVC-07,Routine,1,15.9,1.0,0.0
2025-12-05,LOC-10,SVC-04,Routine,1,13.6,1.0,0.0
2025-12-05,LOC-09,SVC-08,Routine,1,56.2,1.0,0.0
2025-12-05,LOC-02,SVC-05,Routine,1,40.4,1.0,0.0
2025-12-06,LOC-03,SVC-01,Priority,1,14.9,1.0,0.0
2025-12-06,LOC-06,SVC-02,Emergency,1,36.8,0.0,0.0
2025-12-07,LOC-03,SVC-02,Routine,1,9.8,1.0,0.0
2025-12-07,LOC-01,SVC-03,Routine,1,38.3,1.0,0.0
2025-12-08,LOC-04,SVC-06,Routine,1,18.9,1.0,0.0
2025-12-08,LOC-02,SVC-01,Routine,1,47.8,1.0,0.0
2025-12-08,LOC-09,SVC-01,Emergency,1,36.8,0.0,0.0
2025-12-09,LOC-10,SVC-04,Routine,1,15.8,1.0,0.0
2025-12-10,LOC-03,SVC-01,Urgent,1,41.7,0.0,0.0
2025-12-10,LOC-09,SVC-04,Routine,1,9.3,1.0,0.0
2025-12-10,LOC-08,SVC-03,Urgent,1,39.1,1.0,0.0
2025-12-10,LOC-09,SVC-03,Priority,1,41.1,1.0,0.0
2025-12-10,LOC-10,SVC-02,Routine,1,62.5,1.0,0.0
2025-12-11,LOC-02,SVC-01,Routine,1,34.1,1.0,0.0
2025-12-11,LOC-06,SVC-05,Routine,1,23.2,1.0,0.0
2025-12-11,LOC-08,SVC-02,Priority,1,66.0,1.0,0.0
2025-12-12,LOC-10,SVC-01,Urgent,1,78.2,0.0,0.0
2025-12-12,LOC-09,SVC-01,Urgent,1,79.4,1.0,0.0
2025-12-13,LOC-06,SVC-02,Urgent,1,62.6,1.0,0.0
2025-12-13,LOC-05,SVC-05,Routine,1,35.0,1.0,0.0
2025-12-14,LOC-06,SVC-02,Emergency,1,80.9,0.0,0.0
2025-12-14,LOC-06,SVC-07,Priority,1,34.4,1.0,0.0
2025-12-15,LOC-01,SVC-01,Priority,1,39.1,1.0,0.0
2025-12-15,LOC-05,SVC-03,Routine,2,21.85,2.0,0.0
2025-12-15,LOC-04,SVC-01,Routine,1,15.2,1.0,0.0
2025-12-15,LOC-06,SVC-01,Urgent,1,65.1,1.0,0.0
2025-12-15,LOC-09,SVC-01,Routine,1,55.4,1.0,0.0
2025-12-15,LOC-05,SVC-01,Priority,1,16.4,1.0,0.0
2025-12-15,LOC-08,SVC-07,Priority,1,32.2,1.0,0.0
2025-12-15,LOC-09,SVC-05,Routine,1,66.2,1.0,0.0
2025-12-15,LOC-03,SVC-01,Priority,1,43.2,1.0,0.0
2025-12-15,LOC-03,SVC-02,Urgent,1,19.5,0.0,0.0
2025-12-15,LOC-10,SVC-01,Routine,1,11.0,1.0,0.0
2025-12-16,LOC-03,SVC-03,Routine,2,20.8,2.0,0.0
2025-12-17,LOC-04,SVC-05,Emergency,1,87.0,0.0,0.0
2025-12-17,LOC-01,SVC-07,Routine,2,40.3,2.0,0.0
2025-12-17,LOC-01,SVC-03,Routine,1,14.9,1.0,0.0
2025-12-17,LOC-02,SVC-09,Priority,1,44.7,1.0,0.0
2025-12-17,LOC-06,SVC-01,Routine,1,19.0,1.0,0.0
2025-12-17,LOC-05,SVC-03,Routine,1,35.1,1.0,0.0
2025-12-18,LOC-01,SVC-04,Routine,1,64.2,1.0,0.0
2025-12-18,LOC-02,SVC-02,Priority,1,59.8,1.0,0.0
2025-12-18,LOC-02,SVC-08,Urgent,1,81.6,1.0,0.0
2025-12-18,LOC-05,SVC-07,Routine,1,71.2,1.0,0.0
2025-12-19,LOC-10,SVC-01,Routine,1,18.7,1.0,0.0
2025-12-19,LOC-08,SVC-02,Priority,1,35.5,1.0,0.0
2025-12-20,LOC-02,SVC-01,Priority,1,43.6,1.0,0.0
2025-12-20,LOC-04,SVC-02,Priority,1,12.1,1.0,0.0
2025-12-21,LOC-01,SVC-07,Urgent,1,9.9,1.0,0.0
2025-12-21,LOC-05,SVC-05,Priority,1,17.7,1.0,0.0
2025-12-21,LOC-06,SVC-06,Priority,1,55.7,1.0,0.0
2025-12-22,LOC-01,SVC-04,Priority,1,34.7,1.0,0.0
2025-12-22,LOC-02,SVC-01,Priority,1,65.5,1.0,0.0
2025-12-22,LOC-02,SVC-05,Emergency,1,10.6,0.0,0.0
2025-12-22,LOC-09,SVC-07,Urgent,1,24.8,1.0,0.0
2025-12-23,LOC-02,SVC-02,Priority,1,46.3,1.0,0.0
2025-12-23,LOC-04,SVC-02,Emergency,1,10.6,0.0,0.0
2025-12-23,LOC-01,SVC-02,Urgent,1,61.8,0.0,0.0
2025-12-23,LOC-08,SVC-01,Routine,1,36.3,1.0,0.0
2025-12-23,LOC-07,SVC-09,Routine,2,24.35,2.0,0.0
2025-12-24,LOC-03,SVC-05,Priority,1,38.0,1.0,0.0
2025-12-24,LOC-03,SVC-03,Routine,2,15.15,2.0,0.0
2025-12-24,LOC-08,SVC-02,Routine,1,16.2,1.0,0.0
2025-12-24,LOC-09,SVC-05,Priority,1,30.7,1.0,0.0
2025-12-24,LOC-10,SVC-05,Routine,1,15.2,1.0,0.0
2025-12-25,LOC-02,SVC-07,Priority,1,85.3,1.0,0.0
2025-12-25,LOC-07,SVC-07,Routine,1,37.4,1.0,0.0
2025-12-25,LOC-03,SVC-05,Routine,1,46.0,1.0,0.0
2025-12-25,LOC-03,SVC-03,Routine,1,17.3,1.0,0.0
2025-12-25,LOC-10,SVC-01,Routine,1,37.3,1.0,0.0
2025-12-25,LOC-02,SVC-06,Urgent,1,66.7,1.0,0.0
2025-12-26,LOC-10,SVC-01,Routine,2,29.849999999999998,2.0,0.0
2025-12-26,LOC-05,SVC-08,Urgent,1,66.4,1.0,0.0
2025-12-26,LOC-08,SVC-06,Emergency,1,62.8,1.0,0.0
2025-12-26,LOC-04,SVC-09,Priority,1,71.2,1.0,0.0
2025-12-26,LOC-07,SVC-07,Routine,1,19.6,1.0,0.0
2025-12-26,LOC-10,SVC-06,Priority,1,66.6,1.0,0.0
2025-12-27,LOC-06,SVC-06,Routine,1,25.8,1.0,0.0
2025-12-27,LOC-01,SVC-09,Routine,1,19.7,1.0,0.0
2025-12-27,LOC-08,SVC-07,Urgent,1,49.8,1.0,0.0
2025-12-27,LOC-05,SVC-01,Urgent,1,90.9,1.0,0.0
2025-12-27,LOC-08,SVC-06,Urgent,1,64.5,1.0,0.0
2025-12-28,LOC-08,SVC-02,Priority,1,32.6,1.0,0.0
2025-12-28,LOC-07,SVC-06,Routine,1,17.4,1.0,0.0
2025-12-29,LOC-10,SVC-06,Priority,1,89.3,1.0,0.0
2025-12-29,LOC-10,SVC-01,Urgent,1,60.0,1.0,0.0
2025-12-29,LOC-09,SVC-03,Routine,1,36.4,1.0,0.0
2025-12-29,LOC-10,SVC-09,Emergency,1,59.2,1.0,0.0
2025-12-29,LOC-07,SVC-06,Routine,1,36.1,1.0,0.0
2025-12-30,LOC-02,SVC-04,Priority,1,86.1,1.0,0.0
2025-12-30,LOC-06,SVC-02,Urgent,1,46.9,0.0,0.0
2025-12-30,LOC-09,SVC-07,Emergency,1,84.1,0.0,0.0
2025-12-30,LOC-10,SVC-01,Priority,1,79.5,1.0,0.0
2025-12-30,LOC-07,SVC-01,Routine,1,39.6,1.0,0.0
2025-12-30,LOC-03,SVC-05,Routine,1,48.5,1.0,0.0
2025-12-30,LOC-06,SVC-05,Routine,1,13.5,1.0,0.0
2025-12-30,LOC-07,SVC-05,Urgent,1,18.1,0.0,0.0
2025-12-30,LOC-02,SVC-01,Routine,1,17.4,1.0,0.0
2025-12-31,LOC-06,SVC-02,Priority,1,42.0,1.0,0.0
2025-12-31,LOC-04,SVC-04,Urgent,1,64.5,1.0,0.0
2025-12-31,LOC-08,SVC-02,Emergency,1,35.6,1.0,0.0
2025-12-31,LOC-01,SVC-01,Routine,1,5.9,1.0,0.0
2025-12-31,LOC-06,SVC-07,Routine,1,33.0,1.0,0.0
2025-12-31,LOC-07,SVC-01,Routine,1,12.1,1.0,0.0
2025-12-31,LOC-05,SVC-04,Emergency,1,47.0,1.0,0.0
2026-01-01,LOC-05,SVC-08,Routine,1,27.2,1.0,0.0
2026-01-01,LOC-04,SVC-07,Urgent,1,30.1,1.0,0.0
2026-01-01,LOC-01,SVC-02,Priority,1,39.0,1.0,0.0
2026-01-01,LOC-03,SVC-05,Routine,1,36.0,1.0,0.0
2026-01-01,LOC-09,SVC-07,Priority,1,18.1,1.0,0.0
2026-01-02,LOC-05,SVC-05,Routine,1,43.1,1.0,0.0
2026-01-02,LOC-05,SVC-04,Routine,1,60.0,1.0,0.0
2026-01-03,LOC-07,SVC-04,Urgent,1,68.8,0.0,0.0
2026-01-05,LOC-10,SVC-06,Routine,1,11.6,1.0,0.0
2026-01-05,LOC-07,SVC-05,Urgent,1,37.3,0.0,0.0
2026-01-05,LOC-06,SVC-07,Routine,1,15.1,1.0,0.0
2026-01-05,LOC-01,SVC-02,Priority,1,1.0,1.0,0.0
2026-01-05,LOC-07,SVC-06,Routine,1,,1.0,0.0
2026-01-06,LOC-02,SVC-06,Routine,1,39.2,1.0,0.0
2026-01-06,LOC-07,SVC-02,Urgent,1,84.9,1.0,0.0
2026-01-06,LOC-06,SVC-03,Routine,1,16.9,1.0,0.0
2026-01-06,LOC-09,SVC-06,Routine,1,6.8,1.0,0.0
2026-01-07,LOC-08,SVC-01,Emergency,1,43.6,0.0,0.0
2026-01-07,LOC-07,SVC-07,Urgent,1,41.9,1.0,0.0
2026-01-07,LOC-10,SVC-05,Routine,1,17.0,1.0,0.0
2026-01-07,LOC-04,SVC-03,Priority,1,64.1,1.0,0.0
2026-01-07,LOC-09,SVC-06,Routine,1,63.2,1.0,0.0
2026-01-08,LOC-02,SVC-02,Routine,1,54.2,1.0,0.0
2026-01-08,LOC-07,SVC-01,Routine,1,44.7,1.0,0.0
2026-01-08,LOC-03,SVC-05,Routine,2,15.75,2.0,0.0
2026-01-08,LOC-03,SVC-04,Routine,1,9.8,1.0,0.0
2026-01-08,LOC-06,SVC-06,Routine,1,40.7,1.0,0.0
2026-01-08,LOC-07,SVC-09,Routine,1,31.9,1.0,0.0
2026-01-08,LOC-04,SVC-05,Urgent,1,70.5,0.0,0.0
2026-01-09,LOC-09,SVC-06,Priority,1,38.7,1.0,0.0
2026-01-09,LOC-02,SVC-01,Routine,1,30.7,1.0,0.0
2026-01-09,LOC-07,SVC-08,Routine,1,35.5,1.0,0.0
2026-01-10,LOC-03,SVC-02,Priority,1,42.4,1.0,0.0
2026-01-10,LOC-08,SVC-01,Priority,1,17.6,1.0,0.0
2026-01-11,LOC-04,SVC-07,Routine,1,38.1,1.0,0.0
2026-01-11,LOC-10,SVC-07,Routine,1,16.0,1.0,0.0
2026-01-12,LOC-03,SVC-05,Routine,1,22.8,1.0,0.0
2026-01-12,LOC-03,SVC-08,Urgent,1,52.5,1.0,0.0
2026-01-12,LOC-02,SVC-05,Priority,1,18.1,1.0,0.0
2026-01-12,LOC-10,SVC-08,Priority,1,79.3,1.0,0.0
2026-01-13,LOC-06,SVC-06,Priority,1,30.4,1.0,0.0
2026-01-13,LOC-09,SVC-01,Priority,1,70.7,1.0,0.0
2026-01-13,LOC-10,SVC-03,Priority,1,16.0,1.0,0.0
2026-01-13,LOC-09,SVC-03,Priority,1,61.2,1.0,0.0
2026-01-13,LOC-05,SVC-05,Routine,1,,1.0,0.0
2026-01-14,LOC-04,SVC-02,Routine,1,10.5,1.0,0.0
2026-01-14,LOC-02,SVC-06,Priority,1,3.8,1.0,0.0
2026-01-14,LOC-05,SVC-04,Priority,1,37.9,1.0,0.0
2026-01-14,LOC-10,SVC-01,Priority,1,6.4,1.0,0.0
2026-01-14,LOC-08,SVC-01,Routine,1,16.5,1.0,0.0
2026-01-14,LOC-06,SVC-08,Urgent,1,65.9,1.0,0.0
2026-01-14,LOC-10,SVC-07,Routine,1,61.6,1.0,0.0
2026-01-14,LOC-01,SVC-07,Urgent,1,92.9,1.0,0.0
2026-01-14,LOC-06,SVC-04,Routine,1,36.1,1.0,0.0
2026-01-14,LOC-09,SVC-01,Urgent,2,65.45,1.0,1.0
2026-01-15,LOC-07,SVC-05,Priority,1,36.8,1.0,0.0
2026-01-15,LOC-06,SVC-02,Routine,1,7.9,1.0,0.0
2026-01-15,LOC-07,SVC-04,Priority,1,63.0,1.0,0.0
2026-01-16,LOC-06,SVC-01,Emergency,1,11.8,0.0,0.0
2026-01-16,LOC-07,SVC-08,Routine,1,66.7,1.0,0.0
2026-01-16,LOC-08,SVC-01,Priority,1,63.8,1.0,0.0
2026-01-16,LOC-02,SVC-07,Routine,1,19.2,1.0,0.0
2026-01-17,LOC-05,SVC-09,Priority,1,30.1,1.0,0.0
2026-01-17,LOC-01,SVC-08,Routine,1,48.9,1.0,0.0
2026-01-17,LOC-04,SVC-05,Routine,1,8.7,1.0,0.0
2026-01-17,LOC-02,SVC-05,Urgent,1,62.5,1.0,0.0
2026-01-17,LOC-04,SVC-06,Urgent,1,64.8,1.0,0.0
2026-01-17,LOC-07,SVC-04,Emergency,1,32.8,0.0,0.0
2026-01-17,LOC-07,SVC-03,Routine,1,52.7,1.0,0.0
2026-01-19,LOC-10,SVC-03,Routine,1,12.9,1.0,0.0
2026-01-19,LOC-10,SVC-01,Routine,1,31.4,1.0,0.0
2026-01-19,LOC-01,SVC-09,Routine,1,35.6,1.0,0.0
2026-01-19,LOC-01,SVC-01,Emergency,1,62.0,0.0,0.0
2026-01-20,LOC-01,SVC-02,Routine,1,3.0,1.0,0.0
2026-01-20,LOC-04,SVC-05,Urgent,1,86.8,0.0,0.0
2026-01-20,LOC-02,SVC-04,Priority,1,36.9,1.0,0.0
2026-01-21,LOC-08,SVC-09,Priority,1,16.4,1.0,0.0
2026-01-21,LOC-07,SVC-05,Priority,1,74.6,1.0,0.0
2026-01-21,LOC-05,SVC-04,Emergency,1,34.8,0.0,0.0
2026-01-22,LOC-07,SVC-04,Urgent,1,19.3,1.0,0.0
2026-01-22,LOC-09,SVC-07,Emergency,1,33.1,0.0,0.0
2026-01-22,LOC-09,SVC-02,Priority,1,65.2,1.0,0.0
2026-01-22,LOC-09,SVC-05,Routine,1,19.3,1.0,0.0
2026-01-22,LOC-08,SVC-04,Priority,1,31.3,1.0,0.0
2026-01-23,LOC-04,SVC-06,Routine,1,23.1,1.0,0.0
2026-01-23,LOC-02,SVC-06,Priority,1,43.7,1.0,0.0
2026-01-23,LOC-09,SVC-07,Routine,1,22.5,1.0,0.0
2026-01-23,LOC-08,SVC-09,Routine,1,23.7,1.0,0.0
2026-01-23,LOC-09,SVC-08,Routine,1,16.8,1.0,0.0
2026-01-23,LOC-05,SVC-05,Urgent,1,57.1,1.0,0.0
2026-01-24,LOC-09,SVC-02,Routine,1,30.9,1.0,0.0
2026-01-24,LOC-09,SVC-04,Routine,1,20.9,1.0,0.0
2026-01-26,LOC-03,SVC-09,Routine,1,17.6,1.0,0.0
2026-01-26,LOC-08,SVC-01,Routine,2,19.75,2.0,0.0
2026-01-26,LOC-06,SVC-09,Routine,1,23.3,1.0,0.0
2026-01-26,LOC-02,SVC-01,Routine,2,16.2,1.0,1.0
2026-01-26,LOC-10,SVC-04,Urgent,1,16.2,1.0,0.0
2026-01-26,LOC-05,SVC-03,Urgent,1,66.3,0.0,0.0
2026-01-27,LOC-03,SVC-05,Priority,1,38.6,1.0,0.0
2026-01-27,LOC-07,SVC-02,Urgent,1,57.1,0.0,0.0
2026-01-27,LOC-04,SVC-01,Routine,1,20.0,1.0,0.0
2026-01-28,LOC-07,SVC-02,Routine,1,41.9,1.0,0.0
2026-01-28,LOC-05,SVC-05,Urgent,1,63.8,0.0,0.0
2026-01-28,LOC-06,SVC-04,Priority,1,90.8,1.0,0.0
2026-01-28,LOC-09,SVC-04,Priority,1,38.2,1.0,0.0
2026-01-28,LOC-08,SVC-04,Priority,1,62.8,1.0,0.0
2026-01-28,LOC-02,SVC-01,Priority,1,52.5,1.0,0.0
2026-01-28,LOC-09,SVC-07,Routine,1,40.2,1.0,0.0
2026-01-29,LOC-10,SVC-03,Priority,1,27.5,1.0,0.0
2026-01-29,LOC-10,SVC-07,Routine,1,21.2,1.0,0.0
2026-01-29,LOC-04,SVC-02,Routine,1,27.6,1.0,0.0
2026-01-29,LOC-05,SVC-01,Routine,1,1.0,1.0,0.0
2026-01-29,LOC-03,SVC-05,Routine,1,42.4,1.0,0.0
2026-01-30,LOC-09,SVC-01,Urgent,1,91.1,1.0,0.0
2026-01-30,LOC-07,SVC-08,Routine,1,10.4,1.0,0.0
2026-01-30,LOC-01,SVC-06,Routine,1,44.8,1.0,0.0
2026-01-30,LOC-10,SVC-09,Urgent,1,77.9,0.0,0.0
2026-01-30,LOC-04,SVC-01,Priority,1,10.7,1.0,0.0
2026-01-31,LOC-07,SVC-03,Urgent,1,82.4,1.0,0.0
2026-01-31,LOC-08,SVC-01,Routine,1,14.9,1.0,0.0
2026-02-01,LOC-05,SVC-01,Emergency,1,,0.0,0.0
2026-02-01,LOC-06,SVC-03,Routine,1,28.0,1.0,0.0
2026-02-01,LOC-02,SVC-03,Routine,1,30.1,1.0,0.0
2026-02-01,LOC-01,SVC-05,Priority,1,83.1,1.0,0.0
2026-02-02,LOC-10,SVC-07,Priority,1,23.3,1.0,0.0
2026-02-03,LOC-02,SVC-02,Urgent,1,82.9,1.0,0.0
2026-02-03,LOC-09,SVC-02,Priority,1,21.6,1.0,0.0
2026-02-03,LOC-05,SVC-04,Priority,1,39.0,1.0,0.0
2026-02-03,LOC-05,SVC-07,Routine,1,9.3,1.0,0.0
2026-02-03,LOC-08,SVC-02,Routine,1,15.1,1.0,0.0
2026-02-03,LOC-02,SVC-03,Urgent,1,,1.0,0.0
2026-02-03,LOC-09,SVC-03,Urgent,1,24.9,0.0,0.0
2026-02-03,LOC-04,SVC-07,Routine,1,19.2,1.0,0.0
2026-02-04,LOC-06,SVC-08,Routine,1,30.7,1.0,0.0
2026-02-04,LOC-03,SVC-05,Priority,1,19.6,1.0,0.0
2026-02-04,LOC-01,SVC-05,Routine,1,15.3,1.0,0.0
2026-02-04,LOC-10,SVC-03,Priority,1,86.8,1.0,0.0
2026-02-04,LOC-03,SVC-06,Priority,1,14.8,1.0,0.0
2026-02-05,LOC-04,SVC-05,Routine,1,9.7,1.0,0.0
2026-02-05,LOC-04,SVC-09,Routine,1,1.4,1.0,0.0
2026-02-05,LOC-10,SVC-08,Routine,1,10.2,1.0,0.0
2026-02-05,LOC-06,SVC-02,Priority,1,47.9,1.0,0.0
2026-02-05,LOC-05,SVC-03,Routine,1,12.6,1.0,0.0
2026-02-06,LOC-08,SVC-07,Routine,1,,1.0,0.0
2026-02-06,LOC-07,SVC-05,Urgent,1,62.1,0.0,0.0
2026-02-06,LOC-07,SVC-04,Priority,1,49.9,1.0,0.0
2026-02-06,LOC-06,SVC-05,Routine,1,28.7,1.0,0.0
2026-02-06,LOC-03,SVC-05,Routine,1,20.2,1.0,0.0
2026-02-06,LOC-05,SVC-02,Routine,1,47.0,1.0,0.0
2026-02-06,LOC-09,SVC-01,Priority,1,,1.0,0.0
2026-02-07,LOC-06,SVC-02,Routine,1,4.2,1.0,0.0
2026-02-09,LOC-08,SVC-02,Priority,1,56.5,1.0,0.0
2026-02-09,LOC-01,SVC-06,Priority,2,47.550000000000004,2.0,0.0
2026-02-09,LOC-07,SVC-03,Routine,1,40.7,1.0,0.0
2026-02-09,LOC-01,SVC-05,Priority,1,39.1,1.0,0.0
2026-02-09,LOC-06,SVC-01,Routine,1,38.8,1.0,0.0
2026-02-09,LOC-06,SVC-05,Routine,1,22.4,1.0,0.0
2026-02-09,LOC-10,SVC-03,Urgent,1,75.9,1.0,0.0
2026-02-10,LOC-06,SVC-03,Routine,1,17.0,1.0,0.0
2026-02-10,LOC-08,SVC-01,Routine,1,23.7,1.0,0.0
2026-02-10,LOC-07,SVC-05,Emergency,1,39.6,0.0,0.0
2026-02-10,LOC-01,SVC-06,Priority,1,,1.0,0.0
2026-02-10,LOC-01,SVC-04,Priority,1,37.5,1.0,0.0
2026-02-10,LOC-05,SVC-02,Priority,1,86.6,1.0,0.0
2026-02-11,LOC-09,SVC-04,Priority,1,44.1,1.0,0.0
2026-02-11,LOC-08,SVC-04,Routine,1,11.9,1.0,0.0
2026-02-11,LOC-02,SVC-07,Priority,1,38.6,1.0,0.0
2026-02-11,LOC-07,SVC-05,Routine,1,10.9,1.0,0.0
2026-02-12,LOC-06,SVC-07,Routine,1,24.3,1.0,0.0
2026-02-12,LOC-03,SVC-01,Routine,1,15.4,1.0,0.0
2026-02-12,LOC-05,SVC-05,Urgent,1,80.5,1.0,0.0
2026-02-12,LOC-02,SVC-09,Routine,2,17.95,2.0,0.0
2026-02-12,LOC-10,SVC-06,Routine,1,15.3,1.0,0.0
2026-02-12,LOC-04,SVC-02,Routine,1,35.6,1.0,0.0
2026-02-12,LOC-02,SVC-07,Priority,1,88.8,0.0,0.0
2026-02-12,LOC-06,SVC-02,Routine,1,35.4,1.0,0.0
2026-02-12,LOC-07,SVC-02,Priority,1,84.2,1.0,0.0
2026-02-12,LOC-07,SVC-01,Priority,1,36.5,1.0,0.0
2026-02-13,LOC-07,SVC-02,Routine,2,25.9,2.0,0.0
2026-02-13,LOC-03,SVC-01,Routine,1,17.4,1.0,0.0
2026-02-13,LOC-08,SVC-02,Routine,1,24.3,1.0,0.0
2026-02-15,LOC-01,SVC-08,Priority,1,74.2,1.0,0.0
2026-02-16,LOC-08,SVC-06,Routine,1,25.2,1.0,0.0
2026-02-16,LOC-06,SVC-07,Priority,1,34.9,1.0,0.0
2026-02-16,LOC-03,SVC-06,Routine,1,3.8,1.0,0.0
2026-02-16,LOC-09,SVC-08,Routine,1,54.5,1.0,0.0
2026-02-16,LOC-03,SVC-02,Routine,1,30.1,1.0,0.0
2026-02-16,LOC-02,SVC-05,Routine,1,82.9,1.0,0.0
2026-02-17,LOC-07,SVC-01,Urgent,1,34.2,0.0,0.0
2026-02-17,LOC-07,SVC-03,Routine,1,19.8,1.0,0.0
2026-02-17,LOC-04,SVC-06,Urgent,1,32.5,1.0,0.0
2026-02-18,LOC-09,SVC-05,Routine,1,26.0,1.0,0.0
2026-02-18,LOC-10,SVC-03,Urgent,1,66.9,0.0,0.0
2026-02-19,LOC-08,SVC-02,Routine,1,10.9,1.0,0.0
2026-02-19,LOC-06,SVC-05,Routine,1,43.8,1.0,0.0
2026-02-19,LOC-05,SVC-05,Urgent,2,47.5,2.0,0.0
2026-02-19,LOC-02,SVC-02,Priority,1,40.1,1.0,0.0
2026-02-19,LOC-10,SVC-05,Routine,1,7.0,1.0,0.0
2026-02-19,LOC-02,SVC-01,Priority,1,39.9,1.0,0.0
2026-02-19,LOC-01,SVC-05,Routine,1,52.7,1.0,0.0
2026-02-19,LOC-01,SVC-03,Routine,1,53.3,1.0,0.0
2026-02-20,LOC-08,SVC-01,Urgent,1,41.6,1.0,0.0
2026-02-20,LOC-04,SVC-05,Emergency,1,85.1,0.0,0.0
2026-02-20,LOC-05,SVC-01,Priority,1,63.3,1.0,0.0
2026-02-20,LOC-02,SVC-02,Priority,1,64.0,1.0,0.0
2026-02-21,LOC-04,SVC-09,Emergency,1,63.4,0.0,0.0
2026-02-22,LOC-06,SVC-02,Routine,1,34.2,1.0,0.0
2026-02-22,LOC-02,SVC-06,Priority,1,68.5,1.0,0.0
2026-02-23,LOC-07,SVC-03,Routine,1,14.5,1.0,0.0
2026-02-23,LOC-07,SVC-07,Urgent,1,82.0,0.0,0.0
2026-02-23,LOC-02,SVC-05,Emergency,1,65.4,0.0,0.0
2026-02-23,LOC-10,SVC-01,Routine,2,14.4,2.0,0.0
2026-02-23,LOC-01,SVC-03,Priority,1,39.6,1.0,0.0
2026-02-23,LOC-04,SVC-01,Priority,1,47.3,1.0,0.0
2026-02-24,LOC-07,SVC-01,Urgent,1,37.4,0.0,0.0
2026-02-24,LOC-03,SVC-04,Priority,1,13.0,1.0,0.0
2026-02-24,LOC-08,SVC-03,Routine,1,11.8,1.0,0.0
2026-02-24,LOC-04,SVC-01,Routine,1,5.1,1.0,0.0
2026-02-25,LOC-10,SVC-07,Routine,1,10.6,1.0,0.0
2026-02-25,LOC-07,SVC-08,Routine,1,76.8,1.0,0.0
2026-02-25,LOC-04,SVC-06,Priority,1,48.2,1.0,0.0
2026-02-25,LOC-01,SVC-07,Emergency,1,76.4,0.0,0.0
2026-02-25,LOC-03,SVC-07,Routine,1,24.1,1.0,0.0
2026-02-25,LOC-07,SVC-02,Routine,1,15.3,1.0,0.0
2026-02-25,LOC-10,SVC-05,Priority,1,24.5,1.0,0.0
2026-02-25,LOC-07,SVC-06,Priority,1,38.6,1.0,0.0
2026-02-26,LOC-10,SVC-04,Routine,1,63.3,1.0,0.0
2026-02-26,LOC-03,SVC-06,Emergency,1,44.8,0.0,0.0
2026-02-26,LOC-08,SVC-01,Routine,1,6.5,1.0,0.0
2026-02-27,LOC-06,SVC-04,Urgent,1,47.7,1.0,0.0
2026-02-27,LOC-09,SVC-06,Routine,1,35.1,1.0,0.0
2026-02-27,LOC-05,SVC-06,Routine,1,34.0,1.0,0.0
2026-02-27,LOC-03,SVC-03,Routine,1,60.0,1.0,0.0
2026-02-27,LOC-04,SVC-04,Routine,1,16.6,1.0,0.0
2026-02-27,LOC-03,SVC-09,Priority,1,58.3,1.0,0.0
2026-02-27,LOC-08,SVC-03,Urgent,1,26.5,1.0,0.0
2026-02-28,LOC-09,SVC-05,Priority,1,46.1,1.0,0.0
2026-02-28,LOC-02,SVC-08,Priority,1,43.4,1.0,0.0
2026-02-28,LOC-07,SVC-05,Routine,1,38.4,1.0,0.0
2026-03-01,LOC-05,SVC-06,Urgent,1,63.2,1.0,0.0
2026-03-01,LOC-07,SVC-08,Routine,1,15.0,1.0,0.0
2026-03-02,LOC-06,SVC-04,Routine,1,45.0,1.0,0.0
2026-03-02,LOC-01,SVC-07,Routine,1,33.4,1.0,0.0
2026-03-02,LOC-04,SVC-05,Routine,1,64.5,1.0,0.0
2026-03-02,LOC-06,SVC-03,Routine,1,,1.0,0.0
2026-03-03,LOC-06,SVC-04,Routine,1,62.3,1.0,0.0
2026-03-03,LOC-04,SVC-02,Priority,1,91.0,1.0,0.0
2026-03-03,LOC-10,SVC-05,Routine,1,6.9,1.0,0.0
2026-03-03,LOC-01,SVC-04,Priority,1,61.5,1.0,0.0
2026-03-03,LOC-07,SVC-08,Priority,1,84.7,1.0,0.0
2026-03-03,LOC-02,SVC-01,Routine,1,34.3,1.0,0.0
2026-03-04,LOC-05,SVC-05,Routine,2,19.85,1.0,1.0
2026-03-04,LOC-02,SVC-05,Emergency,1,86.6,0.0,0.0
2026-03-04,LOC-06,SVC-02,Routine,1,7.2,1.0,0.0
2026-03-05,LOC-03,SVC-07,Priority,1,40.1,1.0,0.0
2026-03-05,LOC-10,SVC-09,Routine,1,36.9,1.0,0.0
2026-03-05,LOC-02,SVC-02,Priority,1,86.0,1.0,0.0
2026-03-05,LOC-09,SVC-02,Priority,2,47.1,2.0,0.0
2026-03-06,LOC-03,SVC-07,Routine,1,37.8,1.0,0.0
2026-03-06,LOC-10,SVC-01,Urgent,1,86.1,1.0,0.0
2026-03-07,LOC-05,SVC-07,Urgent,1,37.9,1.0,0.0
2026-03-07,LOC-02,SVC-04,Urgent,1,54.5,1.0,0.0
2026-03-07,LOC-07,SVC-05,Priority,1,62.1,1.0,0.0
2026-03-07,LOC-05,SVC-05,Priority,1,20.2,1.0,0.0
2026-03-07,LOC-07,SVC-06,Routine,1,43.0,1.0,0.0
2026-03-07,LOC-04,SVC-05,Routine,1,14.0,1.0,0.0
2026-03-07,LOC-04,SVC-08,Priority,1,7.1,1.0,0.0
2026-03-09,LOC-03,SVC-06,Priority,1,36.2,1.0,0.0
2026-03-09,LOC-10,SVC-03,Priority,1,3.5,1.0,0.0
2026-03-09,LOC-06,SVC-02,Routine,1,16.2,1.0,0.0
2026-03-10,LOC-03,SVC-06,Urgent,1,32.5,0.0,0.0
2026-03-10,LOC-09,SVC-02,Urgent,1,94.1,1.0,0.0
2026-03-10,LOC-05,SVC-01,Routine,1,68.7,1.0,0.0
2026-03-10,LOC-08,SVC-01,Urgent,1,42.9,1.0,0.0
2026-03-10,LOC-03,SVC-03,Urgent,1,85.7,1.0,0.0
2026-03-11,LOC-02,SVC-06,Priority,1,88.3,1.0,0.0
2026-03-11,LOC-08,SVC-01,Emergency,1,6.6,1.0,0.0
2026-03-11,LOC-04,SVC-07,Routine,1,16.4,1.0,0.0
2026-03-11,LOC-07,SVC-01,Urgent,1,55.9,0.0,0.0
2026-03-11,LOC-07,SVC-02,Urgent,1,44.0,1.0,0.0
2026-03-12,LOC-08,SVC-05,Priority,1,37.8,1.0,0.0
2026-03-12,LOC-07,SVC-09,Routine,1,16.6,1.0,0.0
2026-03-12,LOC-09,SVC-05,Priority,1,19.0,1.0,0.0
2026-03-13,LOC-06,SVC-05,Routine,1,7.9,1.0,0.0
2026-03-13,LOC-07,SVC-01,Priority,1,34.0,1.0,0.0
2026-03-13,LOC-02,SVC-09,Urgent,1,59.4,0.0,0.0
2026-03-13,LOC-09,SVC-02,Priority,1,18.6,1.0,0.0
2026-03-14,LOC-05,SVC-03,Urgent,1,38.3,1.0,0.0
2026-03-15,LOC-04,SVC-01,Priority,1,16.3,1.0,0.0
2026-03-15,LOC-03,SVC-07,Urgent,1,44.5,1.0,0.0
2026-03-16,LOC-01,SVC-02,Routine,1,45.3,1.0,0.0
2026-03-16,LOC-03,SVC-01,Priority,1,41.1,1.0,0.0
2026-03-16,LOC-07,SVC-08,Routine,1,67.8,1.0,0.0
2026-03-16,LOC-09,SVC-01,Priority,1,57.9,1.0,0.0
2026-03-16,LOC-02,SVC-09,Urgent,1,34.8,1.0,0.0
2026-03-16,LOC-02,SVC-04,Urgent,1,68.3,1.0,0.0
2026-03-16,LOC-05,SVC-08,Routine,1,38.2,1.0,0.0
2026-03-16,LOC-05,SVC-06,Routine,1,18.3,1.0,0.0
2026-03-17,LOC-04,SVC-05,Routine,1,10.5,1.0,0.0
2026-03-17,LOC-06,SVC-04,Routine,1,34.9,1.0,0.0
2026-03-17,LOC-01,SVC-01,Urgent,1,65.1,0.0,0.0
2026-03-17,LOC-08,SVC-01,Emergency,1,67.0,0.0,0.0
2026-03-17,LOC-10,SVC-01,Priority,1,61.9,0.0,0.0
2026-03-17,LOC-04,SVC-03,Urgent,1,22.3,1.0,0.0
2026-03-17,LOC-10,SVC-06,Urgent,1,84.2,0.0,0.0
2026-03-17,LOC-08,SVC-08,Urgent,1,55.8,0.0,0.0
2026-03-17,LOC-03,SVC-03,Emergency,1,87.3,0.0,0.0
2026-03-18,LOC-08,SVC-05,Routine,1,33.2,1.0,0.0
2026-03-18,LOC-01,SVC-03,Priority,1,40.2,1.0,0.0
2026-03-18,LOC-03,SVC-03,Priority,1,9.7,1.0,0.0
2026-03-18,LOC-02,SVC-03,Routine,1,27.3,1.0,0.0
2026-03-18,LOC-07,SVC-01,Priority,1,37.9,1.0,0.0
2026-03-19,LOC-04,SVC-05,Urgent,1,89.2,1.0,0.0
2026-03-19,LOC-04,SVC-03,Routine,1,15.6,1.0,0.0
2026-03-19,LOC-08,SVC-08,Priority,1,37.9,1.0,0.0
2026-03-20,LOC-06,SVC-01,Routine,2,25.4,2.0,0.0
2026-03-20,LOC-10,SVC-04,Routine,1,8.8,1.0,0.0
2026-03-20,LOC-07,SVC-07,Routine,1,65.6,1.0,0.0
2026-03-20,LOC-04,SVC-01,Priority,1,38.8,1.0,0.0
2026-03-21,LOC-07,SVC-03,Priority,1,19.3,1.0,0.0
2026-03-21,LOC-08,SVC-01,Routine,1,13.6,1.0,0.0
2026-03-22,LOC-01,SVC-05,Priority,1,67.2,0.0,0.0
2026-03-23,LOC-10,SVC-09,Routine,1,13.0,1.0,0.0
2026-03-23,LOC-07,SVC-04,Routine,1,34.5,1.0,0.0
2026-03-23,LOC-07,SVC-02,Routine,1,10.9,1.0,0.0
2026-03-23,LOC-09,SVC-02,Urgent,1,88.4,1.0,0.0
2026-03-24,LOC-08,SVC-02,Routine,1,42.0,1.0,0.0
2026-03-24,LOC-04,SVC-03,Priority,2,52.599999999999994,1.0,1.0
2026-03-24,LOC-08,SVC-06,Routine,1,33.7,1.0,0.0
2026-03-25,LOC-10,SVC-06,Routine,1,9.7,1.0,0.0
2026-03-25,LOC-03,SVC-09,Urgent,1,98.9,1.0,0.0
2026-03-26,LOC-08,SVC-08,Urgent,1,35.4,1.0,0.0
2026-03-26,LOC-05,SVC-05,Routine,1,16.4,1.0,0.0
2026-03-27,LOC-02,SVC-03,Priority,1,46.8,1.0,0.0
2026-03-27,LOC-10,SVC-05,Routine,1,10.2,1.0,0.0
2026-03-27,LOC-05,SVC-03,Priority,1,40.9,1.0,0.0
2026-03-27,LOC-07,SVC-05,Routine,1,39.2,1.0,0.0
2026-03-27,LOC-07,SVC-01,Routine,1,45.4,1.0,0.0
2026-03-27,LOC-09,SVC-09,Priority,1,14.5,1.0,0.0
2026-03-27,LOC-10,SVC-06,Priority,1,85.6,1.0,0.0
2026-03-28,LOC-05,SVC-05,Routine,1,4.3,1.0,0.0
2026-03-28,LOC-03,SVC-02,Priority,1,36.6,1.0,0.0
2026-03-28,LOC-04,SVC-01,Routine,1,55.2,1.0,0.0
2026-03-28,LOC-04,SVC-05,Urgent,1,33.8,0.0,0.0
2026-03-29,LOC-02,SVC-06,Urgent,1,45.4,1.0,0.0
2026-03-30,LOC-03,SVC-04,Routine,1,18.9,1.0,0.0
2026-03-30,LOC-03,SVC-05,Priority,1,86.4,1.0,0.0
2026-03-30,LOC-02,SVC-06,Routine,1,38.9,1.0,0.0
2026-03-31,LOC-05,SVC-05,Emergency,1,62.0,0.0,0.0
2026-03-31,LOC-06,SVC-05,Priority,1,29.3,1.0,0.0
2026-03-31,LOC-06,SVC-04,Priority,1,66.2,1.0,0.0
2026-03-31,LOC-01,SVC-03,Urgent,1,38.6,1.0,0.0
2026-03-31,LOC-06,SVC-01,Routine,1,20.7,1.0,0.0
2026-03-31,LOC-01,SVC-04,Priority,1,86.1,0.0,0.0
2026-03-31,LOC-03,SVC-04,Priority,1,63.3,1.0,0.0
2026-03-31,LOC-03,SVC-02,Urgent,1,52.9,1.0,0.0
2026-03-31,LOC-02,SVC-01,Routine,1,13.3,1.0,0.0
2026-04-01,LOC-09,SVC-01,Emergency,1,65.5,0.0,0.0
2026-04-01,LOC-05,SVC-02,Routine,1,8.3,1.0,0.0
2026-04-01,LOC-08,SVC-01,Routine,2,29.450000000000003,1.0,1.0
2026-04-01,LOC-07,SVC-01,Priority,1,59.3,1.0,0.0
2026-04-01,LOC-05,SVC-01,Urgent,1,60.6,1.0,0.0
2026-04-01,LOC-01,SVC-06,Priority,1,,1.0,0.0
2026-04-02,LOC-01,SVC-06,Routine,1,56.2,1.0,0.0
2026-04-02,LOC-05,SVC-01,Emergency,1,60.5,0.0,0.0
2026-04-02,LOC-03,SVC-05,Routine,1,7.2,1.0,0.0
2026-04-02,LOC-04,SVC-01,Priority,1,63.5,1.0,0.0
2026-04-03,LOC-03,SVC-09,Routine,1,33.5,1.0,0.0
2026-04-03,LOC-02,SVC-01,Priority,1,11.9,1.0,0.0
2026-04-03,LOC-08,SVC-09,Routine,1,14.1,1.0,0.0
2026-04-03,LOC-03,SVC-01,Routine,1,45.8,1.0,0.0
2026-04-03,LOC-02,SVC-04,Routine,1,19.2,1.0,0.0
2026-04-03,LOC-06,SVC-03,Priority,1,46.6,1.0,0.0
2026-04-03,LOC-04,SVC-07,Urgent,1,67.8,1.0,0.0
2026-04-03,LOC-03,SVC-08,Routine,1,32.0,1.0,0.0
2026-04-04,LOC-01,SVC-03,Urgent,1,32.7,1.0,0.0
2026-04-04,LOC-05,SVC-04,Routine,1,44.0,1.0,0.0
2026-04-06,LOC-07,SVC-07,Urgent,1,36.1,1.0,0.0
2026-04-06,LOC-06,SVC-01,Urgent,2,36.7,2.0,0.0
2026-04-06,LOC-08,SVC-04,Priority,1,39.0,1.0,0.0
2026-04-06,LOC-10,SVC-05,Urgent,1,15.2,1.0,0.0
2026-04-06,LOC-09,SVC-02,Routine,1,7.3,1.0,0.0
2026-04-06,LOC-05,SVC-06,Routine,1,37.3,1.0,0.0
2026-04-07,LOC-06,SVC-05,Routine,2,51.45,2.0,0.0
2026-04-07,LOC-03,SVC-03,Routine,1,38.8,1.0,0.0
2026-04-08,LOC-01,SVC-05,Urgent,1,63.0,1.0,0.0
2026-04-08,LOC-07,SVC-05,Routine,1,59.9,1.0,0.0
2026-04-08,LOC-08,SVC-05,Routine,1,1.9,1.0,0.0
2026-04-09,LOC-04,SVC-09,Routine,1,35.3,1.0,0.0
2026-04-09,LOC-05,SVC-09,Priority,1,34.0,1.0,0.0
2026-04-09,LOC-01,SVC-05,Urgent,1,32.7,1.0,0.0
2026-04-09,LOC-10,SVC-07,Routine,1,65.0,1.0,0.0
2026-04-10,LOC-05,SVC-06,Routine,1,71.0,1.0,0.0
2026-04-10,LOC-04,SVC-08,Routine,1,64.7,1.0,0.0
2026-04-10,LOC-01,SVC-06,Routine,1,32.5,1.0,0.0
2026-04-10,LOC-10,SVC-09,Routine,1,22.3,1.0,0.0
2026-04-10,LOC-01,SVC-05,Routine,1,51.8,1.0,0.0
2026-04-11,LOC-04,SVC-08,Routine,1,10.9,1.0,0.0
2026-04-12,LOC-07,SVC-09,Routine,2,28.35,2.0,0.0
2026-04-12,LOC-06,SVC-06,Urgent,1,31.5,1.0,0.0
2026-04-12,LOC-08,SVC-05,Priority,1,,1.0,0.0
2026-04-12,LOC-06,SVC-07,Routine,1,22.2,1.0,0.0
2026-04-13,LOC-06,SVC-05,Routine,1,11.6,1.0,0.0
2026-04-13,LOC-03,SVC-02,Routine,2,10.1,2.0,0.0
2026-04-13,LOC-03,SVC-01,Routine,1,21.8,1.0,0.0
2026-04-13,LOC-01,SVC-02,Routine,1,11.1,1.0,0.0
2026-04-13,LOC-06,SVC-04,Routine,1,48.8,1.0,0.0
2026-04-13,LOC-09,SVC-01,Priority,1,35.3,1.0,0.0
2026-04-13,LOC-07,SVC-05,Priority,1,9.3,1.0,0.0
2026-04-13,LOC-09,SVC-05,Routine,1,41.3,1.0,0.0
2026-04-13,LOC-06,SVC-01,Routine,1,41.1,1.0,0.0
2026-04-14,LOC-07,SVC-06,Priority,1,69.4,0.0,0.0
2026-04-14,LOC-06,SVC-02,Priority,1,95.8,1.0,0.0
2026-04-14,LOC-02,SVC-01,Routine,1,87.1,1.0,0.0
2026-04-14,LOC-10,SVC-06,Priority,1,31.7,1.0,0.0
2026-04-15,LOC-06,SVC-09,Priority,1,7.9,1.0,0.0
2026-04-15,LOC-05,SVC-03,Routine,1,27.4,1.0,0.0
2026-04-15,LOC-08,SVC-06,Routine,1,43.6,1.0,0.0
2026-04-15,LOC-08,SVC-08,Routine,1,5.0,1.0,0.0
2026-04-15,LOC-07,SVC-09,Routine,1,61.3,1.0,0.0
2026-04-16,LOC-01,SVC-05,Priority,1,13.9,1.0,0.0
2026-04-16,LOC-05,SVC-01,Priority,1,36.7,1.0,0.0
2026-04-16,LOC-02,SVC-01,Routine,1,37.1,1.0,0.0
2026-04-17,LOC-07,SVC-05,Priority,1,12.5,1.0,0.0
2026-04-17,LOC-03,SVC-05,Routine,1,11.3,1.0,0.0
2026-04-17,LOC-02,SVC-02,Routine,1,11.0,1.0,0.0
2026-04-17,LOC-05,SVC-04,Urgent,1,85.0,0.0,0.0
2026-04-17,LOC-06,SVC-01,Priority,1,9.8,1.0,0.0
2026-04-17,LOC-10,SVC-07,Urgent,1,86.3,1.0,0.0
2026-04-17,LOC-07,SVC-06,Priority,1,16.1,1.0,0.0
2026-04-17,LOC-08,SVC-03,Routine,1,,1.0,0.0
2026-04-18,LOC-09,SVC-06,Routine,1,38.2,1.0,0.0
2026-04-20,LOC-01,SVC-02,Routine,1,66.5,1.0,0.0
2026-04-20,LOC-05,SVC-02,Priority,1,21.9,1.0,0.0
2026-04-20,LOC-03,SVC-06,Priority,1,84.6,1.0,0.0
2026-04-20,LOC-03,SVC-07,Routine,1,37.4,1.0,0.0
2026-04-21,LOC-09,SVC-08,Routine,1,40.4,1.0,0.0
2026-04-22,LOC-01,SVC-01,Emergency,1,37.7,0.0,0.0
2026-04-22,LOC-08,SVC-07,Priority,1,61.7,1.0,0.0
2026-04-22,LOC-10,SVC-01,Priority,1,39.4,1.0,0.0
2026-04-22,LOC-03,SVC-04,Routine,1,13.5,1.0,0.0
2026-04-22,LOC-07,SVC-02,Urgent,1,42.8,1.0,0.0
2026-04-22,LOC-01,SVC-08,Priority,1,59.0,1.0,0.0
2026-04-23,LOC-10,SVC-03,Priority,1,11.1,1.0,0.0
2026-04-23,LOC-02,SVC-05,Emergency,1,85.3,0.0,0.0
2026-04-23,LOC-07,SVC-08,Priority,1,65.7,1.0,0.0
2026-04-23,LOC-09,SVC-02,Priority,1,35.8,1.0,0.0
2026-04-23,LOC-02,SVC-04,Priority,1,48.3,1.0,0.0
2026-04-23,LOC-09,SVC-05,Routine,1,37.3,1.0,0.0
2026-04-23,LOC-09,SVC-09,Routine,1,39.5,1.0,0.0
2026-04-23,LOC-05,SVC-01,Urgent,1,49.8,1.0,0.0
2026-04-24,LOC-08,SVC-01,Urgent,1,13.0,1.0,0.0
2026-04-24,LOC-02,SVC-02,Emergency,1,66.7,0.0,0.0
2026-04-24,LOC-01,SVC-01,Routine,1,17.3,1.0,0.0
2026-04-24,LOC-07,SVC-04,Routine,1,39.5,1.0,0.0
2026-04-24,LOC-05,SVC-04,Urgent,1,26.6,1.0,0.0
2026-04-25,LOC-09,SVC-02,Priority,1,37.1,1.0,0.0
2026-04-25,LOC-07,SVC-03,Priority,1,22.8,1.0,0.0
2026-04-25,LOC-10,SVC-02,Routine,1,14.5,1.0,0.0
2026-04-26,LOC-08,SVC-01,Routine,1,14.8,1.0,0.0
2026-04-26,LOC-06,SVC-07,Routine,1,42.6,1.0,0.0
2026-04-27,LOC-01,SVC-01,Urgent,1,62.6,1.0,0.0
2026-04-27,LOC-06,SVC-02,Routine,1,30.7,1.0,0.0
2026-04-27,LOC-05,SVC-05,Routine,1,42.3,1.0,0.0
2026-04-27,LOC-09,SVC-08,Routine,1,40.5,1.0,0.0
2026-04-27,LOC-03,SVC-07,Urgent,1,29.7,1.0,0.0
2026-04-28,LOC-10,SVC-05,Urgent,2,42.3,1.0,0.0
2026-04-28,LOC-10,SVC-04,Routine,1,27.4,1.0,0.0
2026-04-28,LOC-03,SVC-02,Routine,1,32.1,1.0,0.0
2026-04-28,LOC-06,SVC-02,Urgent,1,67.5,0.0,0.0
2026-04-29,LOC-06,SVC-06,Routine,1,26.5,1.0,0.0
2026-04-29,LOC-01,SVC-05,Emergency,1,79.2,0.0,0.0
2026-04-29,LOC-09,SVC-03,Priority,1,35.0,1.0,0.0
2026-04-29,LOC-02,SVC-05,Routine,1,44.8,1.0,0.0
2026-04-29,LOC-03,SVC-08,Priority,2,52.150000000000006,2.0,0.0
2026-04-29,LOC-03,SVC-09,Routine,1,,1.0,0.0
2026-04-30,LOC-05,SVC-05,Routine,2,43.55,2.0,0.0
2026-04-30,LOC-09,SVC-03,Priority,1,40.5,1.0,0.0
2026-04-30,LOC-03,SVC-01,Priority,1,11.2,1.0,0.0
2026-04-30,LOC-05,SVC-04,Priority,1,,1.0,0.0
2026-04-30,LOC-01,SVC-06,Routine,1,12.1,1.0,0.0
2026-04-30,LOC-03,SVC-03,Routine,1,8.5,1.0,0.0
2026-04-30,LOC-06,SVC-06,Priority,1,65.5,1.0,0.0
2026-04-30,LOC-09,SVC-07,Routine,1,17.3,1.0,0.0
2026-05-01,LOC-01,SVC-01,Priority,1,20.6,1.0,0.0
2026-05-01,LOC-05,SVC-08,Routine,1,41.1,1.0,0.0
2026-05-01,LOC-07,SVC-05,Urgent,1,,1.0,0.0
2026-05-01,LOC-01,SVC-02,Priority,1,27.9,1.0,0.0
2026-05-02,LOC-08,SVC-07,Routine,1,26.2,1.0,0.0
2026-05-02,LOC-02,SVC-03,Priority,1,58.4,1.0,0.0
2026-05-03,LOC-08,SVC-06,Routine,1,13.6,1.0,0.0
2026-05-03,LOC-05,SVC-08,Routine,1,18.7,1.0,0.0
2026-05-03,LOC-05,SVC-01,Priority,1,35.1,1.0,0.0
2026-05-03,LOC-07,SVC-01,Priority,1,37.7,1.0,0.0
2026-05-03,LOC-05,SVC-05,Priority,1,13.5,1.0,0.0
2026-05-04,LOC-09,SVC-03,Routine,1,68.1,1.0,0.0
2026-05-04,LOC-06,SVC-01,Routine,1,31.7,1.0,0.0
2026-05-04,LOC-10,SVC-06,Routine,1,21.0,1.0,0.0
2026-05-04,LOC-10,SVC-02,Routine,1,72.4,1.0,0.0
2026-05-04,LOC-06,SVC-08,Priority,1,71.1,0.0,0.0
2026-05-04,LOC-07,SVC-04,Routine,1,9.0,1.0,0.0
2026-05-04,LOC-09,SVC-07,Routine,1,70.1,1.0,0.0
2026-05-05,LOC-02,SVC-02,Priority,1,62.8,1.0,0.0
2026-05-05,LOC-06,SVC-08,Routine,1,,1.0,0.0
2026-05-05,LOC-03,SVC-01,Routine,1,23.8,1.0,0.0
2026-05-05,LOC-03,SVC-02,Routine,1,27.5,1.0,0.0
2026-05-05,LOC-02,SVC-01,Priority,1,63.3,1.0,0.0
2026-05-05,LOC-08,SVC-05,Priority,1,27.8,1.0,0.0
2026-05-06,LOC-02,SVC-07,Priority,1,36.9,1.0,0.0
2026-05-06,LOC-07,SVC-07,Routine,1,31.3,1.0,0.0
2026-05-06,LOC-09,SVC-02,Routine,1,54.0,1.0,0.0
2026-05-06,LOC-02,SVC-06,Routine,1,58.4,1.0,0.0
2026-05-06,LOC-06,SVC-05,Priority,1,40.6,1.0,0.0
2026-05-06,LOC-04,SVC-01,Routine,1,63.8,1.0,0.0
2026-05-06,LOC-05,SVC-07,Routine,1,19.3,1.0,0.0
2026-05-06,LOC-05,SVC-01,Priority,1,4.3,1.0,0.0
2026-05-06,LOC-05,SVC-05,Priority,1,50.4,1.0,0.0
2026-05-07,LOC-01,SVC-02,Priority,1,36.4,1.0,0.0
2026-05-07,LOC-08,SVC-05,Routine,1,12.5,1.0,0.0
2026-05-07,LOC-04,SVC-07,Routine,1,4.1,1.0,0.0
2026-05-07,LOC-07,SVC-03,Routine,1,9.7,1.0,0.0
2026-05-07,LOC-02,SVC-01,Urgent,1,58.1,1.0,0.0
2026-05-07,LOC-02,SVC-05,Routine,1,52.8,1.0,0.0
2026-05-07,LOC-10,SVC-01,Emergency,1,85.5,1.0,0.0
2026-05-07,LOC-09,SVC-05,Routine,1,14.9,1.0,0.0
2026-05-08,LOC-09,SVC-05,Urgent,1,18.5,1.0,0.0
2026-05-08,LOC-02,SVC-03,Priority,2,47.8,2.0,0.0
2026-05-08,LOC-03,SVC-01,Priority,1,37.6,1.0,0.0
2026-05-08,LOC-06,SVC-02,Routine,1,63.7,1.0,0.0
2026-05-08,LOC-02,SVC-07,Priority,1,40.1,1.0,0.0
2026-05-08,LOC-10,SVC-04,Priority,1,64.5,1.0,0.0
2026-05-08,LOC-10,SVC-09,Priority,1,11.3,1.0,0.0
2026-05-08,LOC-07,SVC-03,Urgent,1,55.7,1.0,0.0
2026-05-09,LOC-02,SVC-06,Priority,1,26.6,1.0,0.0
2026-05-10,LOC-08,SVC-02,Urgent,1,20.3,1.0,0.0
2026-05-10,LOC-01,SVC-05,Routine,1,15.2,1.0,0.0
2026-05-10,LOC-06,SVC-02,Priority,1,32.7,1.0,0.0
2026-05-10,LOC-02,SVC-08,Priority,1,,1.0,0.0
2026-05-11,LOC-07,SVC-06,Priority,1,28.4,1.0,0.0
2026-05-11,LOC-07,SVC-01,Urgent,1,68.5,1.0,0.0
2026-05-11,LOC-03,SVC-02,Routine,1,,1.0,0.0
2026-05-11,LOC-09,SVC-02,Priority,1,12.0,1.0,0.0
2026-05-11,LOC-08,SVC-01,Priority,2,36.5,2.0,0.0
2026-05-11,LOC-04,SVC-01,Routine,1,14.9,1.0,0.0
2026-05-12,LOC-01,SVC-05,Routine,1,34.6,1.0,0.0
2026-05-12,LOC-09,SVC-05,Routine,1,22.6,1.0,0.0
2026-05-13,LOC-05,SVC-06,Priority,1,35.8,1.0,0.0
2026-05-13,LOC-03,SVC-05,Routine,1,17.2,1.0,0.0
2026-05-13,LOC-03,SVC-07,Priority,1,90.9,1.0,0.0
2026-05-13,LOC-06,SVC-03,Emergency,1,61.9,0.0,0.0
2026-05-14,LOC-06,SVC-02,Priority,1,36.8,1.0,0.0
2026-05-15,LOC-08,SVC-05,Urgent,1,58.7,1.0,0.0
2026-05-15,LOC-10,SVC-01,Routine,1,54.7,1.0,0.0
2026-05-15,LOC-02,SVC-06,Priority,1,21.8,1.0,0.0
2026-05-15,LOC-10,SVC-04,Emergency,1,92.7,0.0,0.0
2026-05-15,LOC-06,SVC-08,Priority,1,52.5,1.0,0.0
2026-05-15,LOC-10,SVC-02,Priority,1,34.7,1.0,0.0
2026-05-15,LOC-02,SVC-05,Priority,1,35.2,0.0,0.0
2026-05-15,LOC-06,SVC-06,Priority,1,89.6,1.0,0.0
2026-05-16,LOC-04,SVC-04,Urgent,1,15.4,1.0,0.0
2026-05-16,LOC-06,SVC-05,Priority,1,66.6,1.0,0.0
2026-05-16,LOC-10,SVC-07,Routine,1,21.1,1.0,0.0
2026-05-16,LOC-06,SVC-02,Urgent,1,14.1,0.0,0.0
2026-05-16,LOC-01,SVC-01,Routine,1,63.5,1.0,0.0
2026-05-16,LOC-07,SVC-03,Routine,1,34.2,1.0,0.0
2026-05-16,LOC-10,SVC-01,Priority,1,35.1,1.0,0.0
2026-05-16,LOC-07,SVC-07,Priority,1,64.4,1.0,0.0
2026-05-17,LOC-08,SVC-07,Priority,1,46.3,1.0,0.0
2026-05-17,LOC-03,SVC-05,Urgent,1,83.7,1.0,0.0
2026-05-18,LOC-09,SVC-06,Priority,1,41.2,1.0,0.0
2026-05-18,LOC-05,SVC-05,Emergency,1,31.4,0.0,0.0
2026-05-18,LOC-06,SVC-08,Routine,2,30.450000000000003,2.0,0.0
2026-05-18,LOC-09,SVC-02,Routine,1,9.9,1.0,0.0
2026-05-19,LOC-03,SVC-06,Routine,1,37.7,1.0,0.0
2026-05-19,LOC-06,SVC-01,Routine,1,13.8,1.0,0.0
2026-05-19,LOC-06,SVC-03,Routine,1,11.7,1.0,0.0
2026-05-19,LOC-09,SVC-04,Routine,1,35.9,1.0,0.0
2026-05-19,LOC-08,SVC-05,Routine,1,40.7,1.0,0.0
2026-05-19,LOC-01,SVC-03,Priority,1,38.4,1.0,0.0
2026-05-19,LOC-09,SVC-02,Priority,1,34.6,1.0,0.0
2026-05-19,LOC-01,SVC-04,Priority,1,46.0,1.0,0.0
2026-05-20,LOC-10,SVC-03,Routine,1,20.4,1.0,0.0
2026-05-20,LOC-05,SVC-04,Routine,1,12.4,1.0,0.0
2026-05-20,LOC-06,SVC-09,Urgent,1,81.5,1.0,0.0
2026-05-20,LOC-03,SVC-07,Urgent,1,42.6,0.0,0.0
2026-05-21,LOC-03,SVC-01,Routine,2,22.3,2.0,0.0
2026-05-21,LOC-08,SVC-01,Routine,1,40.4,1.0,0.0
2026-05-21,LOC-10,SVC-02,Routine,1,41.0,1.0,0.0
2026-05-21,LOC-09,SVC-07,Emergency,1,86.8,0.0,0.0
2026-05-21,LOC-03,SVC-09,Routine,1,25.7,1.0,0.0
2026-05-21,LOC-06,SVC-09,Routine,1,52.7,1.0,0.0
2026-05-22,LOC-06,SVC-02,Urgent,1,64.3,0.0,0.0
2026-05-22,LOC-02,SVC-08,Routine,1,36.0,1.0,0.0
2026-05-22,LOC-02,SVC-05,Routine,1,18.3,1.0,0.0
2026-05-22,LOC-07,SVC-01,Priority,1,11.8,1.0,0.0
2026-05-22,LOC-10,SVC-05,Urgent,1,42.2,1.0,0.0
2026-05-22,LOC-09,SVC-05,Priority,1,54.8,1.0,0.0
2026-05-22,LOC-08,SVC-02,Routine,2,25.45,2.0,0.0
2026-05-22,LOC-05,SVC-05,Emergency,1,63.3,0.0,0.0
2026-05-22,LOC-02,SVC-02,Routine,1,42.4,1.0,0.0
2026-05-23,LOC-07,SVC-09,Priority,1,40.9,1.0,0.0
2026-05-23,LOC-05,SVC-01,Routine,1,41.8,1.0,0.0
2026-05-24,LOC-09,SVC-05,Routine,1,21.9,1.0,0.0
2026-05-24,LOC-04,SVC-09,Routine,1,34.2,1.0,0.0
2026-05-25,LOC-10,SVC-02,Routine,2,16.55,2.0,0.0
2026-05-25,LOC-10,SVC-05,Routine,1,71.1,1.0,0.0
2026-05-25,LOC-10,SVC-01,Routine,2,47.45,2.0,0.0
2026-05-25,LOC-03,SVC-02,Priority,2,40.65,2.0,0.0
2026-05-25,LOC-01,SVC-01,Routine,1,38.0,1.0,0.0
2026-05-25,LOC-07,SVC-03,Priority,1,34.3,1.0,0.0
2026-05-25,LOC-08,SVC-02,Routine,1,67.4,1.0,0.0
2026-05-25,LOC-02,SVC-04,Urgent,1,20.5,1.0,0.0
2026-05-26,LOC-08,SVC-01,Priority,1,44.8,1.0,0.0
2026-05-26,LOC-10,SVC-09,Routine,1,19.5,1.0,0.0
2026-05-26,LOC-09,SVC-06,Routine,1,32.8,1.0,0.0
2026-05-26,LOC-02,SVC-04,Priority,1,61.9,1.0,0.0
2026-05-26,LOC-01,SVC-07,Routine,1,31.2,1.0,0.0
2026-05-26,LOC-07,SVC-07,Routine,1,23.0,1.0,0.0
2026-05-26,LOC-05,SVC-02,Urgent,1,31.4,1.0,0.0
2026-05-27,LOC-04,SVC-01,Routine,1,16.1,1.0,0.0
2026-05-27,LOC-06,SVC-01,Routine,1,22.7,1.0,0.0
2026-05-27,LOC-01,SVC-07,Emergency,1,81.4,0.0,0.0
2026-05-27,LOC-06,SVC-05,Routine,1,36.4,1.0,0.0
2026-05-27,LOC-08,SVC-02,Priority,1,26.4,1.0,0.0
2026-05-27,LOC-07,SVC-01,Routine,1,18.6,1.0,0.0
2026-05-28,LOC-10,SVC-03,Priority,1,15.2,1.0,0.0
2026-05-28,LOC-07,SVC-09,Routine,1,32.6,1.0,0.0
2026-05-28,LOC-04,SVC-02,Routine,1,,1.0,0.0
2026-05-28,LOC-04,SVC-03,Urgent,1,93.0,1.0,0.0
2026-05-29,LOC-02,SVC-02,Urgent,1,9.3,1.0,0.0
2026-05-29,LOC-01,SVC-02,Priority,1,59.3,1.0,0.0
2026-05-30,LOC-02,SVC-06,Urgent,1,81.5,1.0,0.0
2026-05-30,LOC-08,SVC-01,Priority,1,19.1,1.0,0.0
2026-05-31,LOC-07,SVC-06,Priority,1,65.6,1.0,0.0
2026-05-31,LOC-01,SVC-06,Priority,1,36.9,1.0,0.0
2026-06-01,LOC-01,SVC-06,Routine,1,18.7,1.0,0.0
2026-06-01,LOC-05,SVC-01,Priority,1,36.9,1.0,0.0
2026-06-01,LOC-07,SVC-04,Routine,1,17.1,1.0,0.0
2026-06-01,LOC-02,SVC-06,Routine,1,38.6,1.0,0.0
2026-06-02,LOC-05,SVC-03,Priority,1,48.1,1.0,0.0
2026-06-02,LOC-08,SVC-02,Routine,1,39.8,1.0,0.0
2026-06-03,LOC-01,SVC-07,Routine,1,10.2,1.0,0.0
2026-06-03,LOC-09,SVC-05,Routine,1,29.4,1.0,0.0
2026-06-03,LOC-05,SVC-05,Priority,1,43.8,1.0,0.0
2026-06-03,LOC-03,SVC-09,Urgent,1,86.1,1.0,0.0
2026-06-03,LOC-02,SVC-02,Urgent,1,85.3,1.0,0.0
2026-06-04,LOC-04,SVC-01,Priority,1,44.7,1.0,0.0
2026-06-04,LOC-03,SVC-01,Routine,1,32.1,1.0,0.0
2026-06-04,LOC-02,SVC-05,Emergency,1,36.9,0.0,0.0
2026-06-05,LOC-04,SVC-02,Routine,1,12.9,1.0,0.0
2026-06-05,LOC-03,SVC-04,Urgent,1,81.3,0.0,0.0
2026-06-05,LOC-03,SVC-03,Routine,1,48.2,1.0,0.0
2026-06-06,LOC-05,SVC-06,Priority,1,15.0,1.0,0.0
2026-06-06,LOC-04,SVC-08,Emergency,1,38.5,1.0,0.0
2026-06-06,LOC-01,SVC-01,Routine,1,16.5,1.0,0.0
2026-06-06,LOC-08,SVC-05,Routine,1,71.4,1.0,0.0
2026-06-07,LOC-02,SVC-09,Priority,1,35.4,1.0,0.0
2026-06-07,LOC-05,SVC-03,Routine,1,13.3,1.0,0.0
2026-06-08,LOC-06,SVC-09,Routine,1,43.1,1.0,0.0
2026-06-08,LOC-07,SVC-05,Urgent,1,66.8,0.0,0.0
2026-06-08,LOC-08,SVC-07,Routine,1,44.1,1.0,0.0
2026-06-09,LOC-10,SVC-01,Priority,1,7.9,1.0,0.0
2026-06-09,LOC-07,SVC-04,Priority,1,32.4,1.0,0.0
2026-06-09,LOC-05,SVC-07,Urgent,1,53.0,1.0,0.0
2026-06-09,LOC-04,SVC-04,Routine,1,8.4,1.0,0.0
2026-06-09,LOC-05,SVC-06,Routine,1,39.4,1.0,0.0
2026-06-10,LOC-06,SVC-04,Urgent,1,67.9,0.0,0.0
2026-06-10,LOC-07,SVC-07,Urgent,1,14.1,1.0,0.0
2026-06-10,LOC-02,SVC-06,Routine,2,20.8,2.0,0.0
2026-06-10,LOC-01,SVC-07,Routine,1,32.3,1.0,0.0
2026-06-10,LOC-05,SVC-01,Routine,1,,1.0,0.0
2026-06-10,LOC-06,SVC-05,Routine,1,25.7,1.0,0.0
2026-06-10,LOC-05,SVC-06,Priority,1,37.4,1.0,0.0
2026-06-11,LOC-10,SVC-03,Priority,1,25.5,1.0,0.0
2026-06-11,LOC-07,SVC-01,Routine,1,35.0,1.0,0.0
2026-06-11,LOC-10,SVC-01,Priority,1,81.9,1.0,0.0
2026-06-11,LOC-04,SVC-05,Routine,1,16.3,1.0,0.0
2026-06-11,LOC-02,SVC-06,Routine,1,64.4,1.0,0.0
2026-06-11,LOC-08,SVC-04,Routine,1,17.9,1.0,0.0
2026-06-11,LOC-01,SVC-01,Priority,1,29.8,1.0,0.0
2026-06-11,LOC-03,SVC-04,Emergency,1,35.7,0.0,0.0
2026-06-12,LOC-07,SVC-04,Routine,1,27.5,1.0,0.0
2026-06-12,LOC-07,SVC-05,Priority,1,13.4,1.0,0.0
2026-06-12,LOC-03,SVC-02,Priority,1,32.4,1.0,0.0
2026-06-12,LOC-01,SVC-05,Urgent,1,40.4,1.0,0.0
2026-06-12,LOC-03,SVC-09,Routine,1,29.9,1.0,0.0
2026-06-12,LOC-02,SVC-06,Priority,1,61.2,1.0,0.0
2026-06-12,LOC-05,SVC-05,Priority,2,47.300000000000004,1.0,1.0
2026-06-12,LOC-05,SVC-04,Priority,1,50.3,1.0,0.0
2026-06-12,LOC-07,SVC-03,Urgent,1,88.0,0.0,0.0
2026-06-13,LOC-10,SVC-02,Priority,1,97.1,1.0,0.0
2026-06-13,LOC-03,SVC-01,Routine,1,13.7,1.0,0.0
2026-06-13,LOC-08,SVC-01,Priority,1,41.9,1.0,0.0
2026-06-14,LOC-02,SVC-01,Priority,1,33.3,1.0,0.0
2026-06-15,LOC-09,SVC-07,Routine,1,27.2,1.0,0.0
2026-06-15,LOC-06,SVC-01,Routine,1,42.2,1.0,0.0
2026-06-15,LOC-07,SVC-01,Emergency,1,37.0,0.0,0.0
2026-06-15,LOC-07,SVC-03,Routine,1,23.1,1.0,0.0
2026-06-16,LOC-10,SVC-02,Urgent,1,30.4,0.0,0.0
2026-06-16,LOC-01,SVC-01,Routine,1,57.4,1.0,0.0
2026-06-16,LOC-06,SVC-06,Routine,1,40.9,1.0,0.0
2026-06-16,LOC-01,SVC-03,Routine,1,45.6,1.0,0.0
2026-06-16,LOC-04,SVC-01,Priority,1,7.9,1.0,0.0
2026-06-16,LOC-07,SVC-05,Routine,1,,1.0,0.0
2026-06-16,LOC-10,SVC-05,Urgent,1,43.5,1.0,0.0
2026-06-16,LOC-05,SVC-03,Routine,1,35.8,1.0,0.0
2026-06-16,LOC-10,SVC-06,Routine,1,11.0,1.0,0.0
2026-06-17,LOC-01,SVC-01,Routine,1,52.4,1.0,0.0
2026-06-17,LOC-05,SVC-08,Priority,1,59.6,1.0,0.0
2026-06-17,LOC-03,SVC-07,Routine,1,12.4,1.0,0.0
2026-06-17,LOC-05,SVC-05,Routine,1,39.2,1.0,0.0
2026-06-17,LOC-01,SVC-06,Routine,1,32.2,1.0,0.0
2026-06-17,LOC-04,SVC-03,Routine,1,44.4,1.0,0.0
2026-06-17,LOC-08,SVC-05,Urgent,1,19.5,1.0,0.0
2026-06-18,LOC-03,SVC-01,Routine,1,16.8,1.0,0.0
2026-06-18,LOC-09,SVC-02,Priority,1,13.8,1.0,0.0
2026-06-18,LOC-05,SVC-02,Routine,1,39.4,1.0,0.0
2026-06-18,LOC-10,SVC-09,Routine,1,46.4,1.0,0.0
2026-06-18,LOC-07,SVC-06,Routine,1,56.6,1.0,0.0
2026-06-18,LOC-04,SVC-03,Priority,1,32.6,1.0,0.0
2026-06-19,LOC-05,SVC-03,Routine,1,27.1,1.0,0.0
2026-06-19,LOC-08,SVC-01,Routine,1,22.4,1.0,0.0
2026-06-19,LOC-09,SVC-01,Urgent,1,87.9,0.0,0.0
2026-06-19,LOC-08,SVC-03,Urgent,1,68.7,1.0,0.0
2026-06-19,LOC-01,SVC-06,Routine,1,,1.0,0.0
2026-06-19,LOC-02,SVC-06,Priority,1,66.7,1.0,0.0
2026-06-19,LOC-02,SVC-03,Routine,1,41.0,1.0,0.0
2026-06-19,LOC-01,SVC-08,Emergency,1,83.0,1.0,0.0
2026-06-20,LOC-10,SVC-02,Emergency,1,46.9,0.0,0.0
2026-06-20,LOC-02,SVC-02,Priority,1,87.4,1.0,0.0
2026-06-21,LOC-07,SVC-07,Priority,1,43.8,1.0,0.0
2026-06-21,LOC-02,SVC-03,Priority,1,90.7,0.0,0.0
2026-06-21,LOC-10,SVC-02,Routine,1,6.0,1.0,0.0
2026-06-22,LOC-04,SVC-05,Routine,1,37.8,1.0,0.0
2026-06-22,LOC-03,SVC-02,Routine,1,28.5,1.0,0.0
2026-06-22,LOC-08,SVC-05,Routine,2,13.3,2.0,0.0
2026-06-22,LOC-01,SVC-08,Routine,1,33.7,1.0,0.0
2026-06-22,LOC-10,SVC-01,Priority,1,16.7,1.0,0.0
2026-06-23,LOC-04,SVC-08,Routine,1,36.3,1.0,0.0
2026-06-23,LOC-04,SVC-01,Priority,1,9.1,1.0,0.0
2026-06-23,LOC-02,SVC-05,Routine,1,62.3,1.0,0.0
2026-06-23,LOC-03,SVC-04,Priority,1,37.0,1.0,0.0
2026-06-23,LOC-05,SVC-04,Priority,1,60.2,1.0,0.0
2026-06-23,LOC-01,SVC-01,Priority,1,89.1,1.0,0.0
2026-06-23,LOC-06,SVC-04,Routine,1,,1.0,0.0
2026-06-23,LOC-01,SVC-04,Routine,1,44.6,1.0,0.0
2026-06-24,LOC-03,SVC-01,Routine,1,37.2,1.0,0.0
2026-06-24,LOC-05,SVC-09,Priority,1,61.0,1.0,0.0
2026-06-24,LOC-06,SVC-05,Urgent,1,58.4,0.0,0.0
2026-06-24,LOC-01,SVC-07,Priority,1,52.8,1.0,0.0
2026-06-25,LOC-02,SVC-01,Priority,1,41.3,1.0,0.0
2026-06-25,LOC-02,SVC-02,Urgent,1,93.8,1.0,0.0
2026-06-25,LOC-06,SVC-03,Routine,1,42.4,1.0,0.0
2026-06-25,LOC-07,SVC-01,Routine,1,34.1,1.0,0.0
2026-06-25,LOC-03,SVC-05,Routine,1,64.3,1.0,0.0
2026-06-25,LOC-02,SVC-06,Routine,1,36.8,1.0,0.0
2026-06-25,LOC-05,SVC-06,Emergency,1,91.8,0.0,0.0
2026-06-25,LOC-08,SVC-02,Priority,1,48.1,1.0,0.0
2026-06-25,LOC-07,SVC-09,Urgent,1,63.6,1.0,0.0
2026-06-25,LOC-04,SVC-05,Routine,1,15.4,1.0,0.0
2026-06-26,LOC-07,SVC-09,Routine,1,59.0,1.0,0.0
2026-06-26,LOC-04,SVC-01,Routine,2,11.6,2.0,0.0
2026-06-26,LOC-09,SVC-06,Routine,1,63.1,1.0,0.0
2026-06-27,LOC-01,SVC-03,Emergency,1,92.4,0.0,0.0
2026-06-27,LOC-09,SVC-01,Urgent,1,61.2,1.0,0.0
2026-06-28,LOC-09,SVC-09,Urgent,1,81.6,1.0,0.0
2026-06-28,LOC-06,SVC-02,Routine,1,13.3,1.0,0.0
2026-06-28,LOC-08,SVC-02,Urgent,1,60.5,1.0,0.0
2026-06-28,LOC-06,SVC-01,Priority,1,45.2,1.0,0.0
2026-06-28,LOC-01,SVC-09,Priority,1,52.8,1.0,0.0
2026-06-28,LOC-06,SVC-04,Emergency,1,36.2,0.0,0.0
2026-06-29,LOC-05,SVC-02,Urgent,1,55.6,1.0,0.0
2026-06-29,LOC-03,SVC-09,Routine,1,13.5,1.0,0.0
2026-06-29,LOC-03,SVC-06,Priority,1,11.5,1.0,0.0
2026-06-29,LOC-07,SVC-01,Emergency,1,89.0,0.0,0.0
2026-06-29,LOC-01,SVC-03,Priority,1,55.3,1.0,0.0
2026-06-29,LOC-06,SVC-06,Emergency,1,87.4,0.0,0.0
2026-06-29,LOC-02,SVC-02,Urgent,1,12.5,1.0,0.0
2026-06-29,LOC-09,SVC-03,Routine,1,16.4,1.0,0.0
2026-06-29,LOC-08,SVC-04,Priority,1,,1.0,0.0
2026-06-29,LOC-05,SVC-05,Routine,1,42.0,1.0,0.0
2026-06-30,LOC-03,SVC-08,Routine,1,38.9,1.0,0.0
2026-06-30,LOC-06,SVC-06,Priority,1,14.7,1.0,0.0
2026-06-30,LOC-07,SVC-06,Priority,1,65.7,1.0,0.0
2026-06-30,LOC-02,SVC-01,Priority,1,7.6,1.0,0.0
2026-06-30,LOC-03,SVC-09,Urgent,1,36.8,1.0,0.0
2026-06-30,LOC-06,SVC-03,Priority,1,45.7,1.0,0.0
2026-07-01,LOC-10,SVC-07,Routine,1,20.8,1.0,0.0
2026-07-01,LOC-02,SVC-07,Urgent,1,34.4,1.0,0.0
2026-07-01,LOC-09,SVC-01,Routine,1,32.3,1.0,0.0
2026-07-01,LOC-06,SVC-02,Routine,1,31.0,1.0,0.0
2026-07-01,LOC-06,SVC-01,Routine,1,16.5,1.0,0.0
2026-07-02,LOC-07,SVC-01,Priority,2,46.949999999999996,1.0,0.0
2026-07-02,LOC-10,SVC-05,Priority,1,18.3,1.0,0.0
2026-07-02,LOC-03,SVC-01,Priority,1,2.9,1.0,0.0
2026-07-03,LOC-04,SVC-06,Routine,2,36.5,2.0,0.0
2026-07-03,LOC-07,SVC-01,Priority,1,43.8,0.0,0.0
2026-07-03,LOC-07,SVC-05,Routine,1,,1.0,0.0
2026-07-03,LOC-10,SVC-08,Routine,1,15.2,1.0,0.0
2026-07-03,LOC-03,SVC-05,Routine,1,18.0,1.0,0.0
2026-07-03,LOC-09,SVC-05,Urgent,2,39.05,1.0,0.0
2026-07-03,LOC-10,SVC-01,Routine,2,23.6,2.0,0.0
2026-07-03,LOC-02,SVC-01,Routine,1,45.4,1.0,0.0
2026-07-04,LOC-02,SVC-01,Urgent,1,84.1,1.0,0.0
2026-07-05,LOC-04,SVC-01,Routine,1,73.7,1.0,0.0
2026-07-05,LOC-03,SVC-03,Routine,1,15.9,1.0,0.0
2026-07-05,LOC-10,SVC-07,Urgent,1,88.8,1.0,0.0
2026-07-06,LOC-09,SVC-02,Emergency,1,65.5,0.0,0.0
2026-07-06,LOC-04,SVC-06,Urgent,1,70.0,1.0,0.0
2026-07-06,LOC-09,SVC-03,Priority,1,65.8,1.0,0.0
2026-07-06,LOC-05,SVC-05,Emergency,1,39.2,0.0,0.0
2026-07-06,LOC-03,SVC-05,Routine,1,43.9,1.0,0.0
2026-07-06,LOC-09,SVC-07,Routine,1,48.7,1.0,0.0
2026-07-06,LOC-07,SVC-04,Routine,1,12.6,1.0,0.0
2026-07-07,LOC-05,SVC-05,Routine,1,17.9,1.0,0.0
2026-07-07,LOC-07,SVC-08,Routine,1,12.3,1.0,0.0
2026-07-07,LOC-06,SVC-06,Emergency,1,65.9,0.0,0.0
2026-07-07,LOC-03,SVC-08,Routine,1,30.4,1.0,0.0
2026-07-07,LOC-07,SVC-05,Priority,1,37.8,1.0,0.0
2026-07-07,LOC-03,SVC-07,Priority,1,27.2,1.0,0.0
2026-07-08,LOC-05,SVC-02,Priority,1,64.1,1.0,0.0
2026-07-08,LOC-06,SVC-01,Priority,1,45.2,1.0,0.0
2026-07-08,LOC-01,SVC-05,Routine,1,50.2,1.0,0.0
2026-07-08,LOC-06,SVC-03,Routine,1,16.8,1.0,0.0
2026-07-08,LOC-10,SVC-01,Priority,1,61.8,1.0,0.0
2026-07-08,LOC-07,SVC-03,Routine,1,85.0,1.0,0.0
2026-07-08,LOC-07,SVC-09,Routine,1,23.0,1.0,0.0
2026-07-08,LOC-03,SVC-04,Routine,1,15.4,1.0,0.0
2026-07-09,LOC-03,SVC-01,Urgent,2,76.6,2.0,0.0
2026-07-09,LOC-07,SVC-01,Priority,1,92.7,1.0,0.0
2026-07-09,LOC-04,SVC-02,Urgent,1,34.0,0.0,0.0
2026-07-09,LOC-05,SVC-06,Priority,1,31.0,1.0,0.0
2026-07-09,LOC-10,SVC-04,Emergency,1,78.0,0.0,0.0
2026-07-09,LOC-07,SVC-04,Routine,1,,1.0,0.0
2026-07-09,LOC-06,SVC-05,Priority,1,60.8,1.0,0.0
2026-07-09,LOC-07,SVC-03,Priority,1,63.0,1.0,0.0
2026-07-10,LOC-09,SVC-08,Routine,1,37.3,1.0,0.0
2026-07-10,LOC-02,SVC-06,Emergency,1,57.9,0.0,0.0
2026-07-10,LOC-10,SVC-09,Routine,1,14.6,1.0,0.0
2026-07-10,LOC-05,SVC-04,Urgent,1,40.7,1.0,0.0
2026-07-10,LOC-02,SVC-08,Routine,1,40.9,1.0,0.0
2026-07-10,LOC-10,SVC-01,Routine,1,31.4,1.0,0.0
2026-07-10,LOC-05,SVC-02,Routine,2,35.0,2.0,0.0
2026-07-10,LOC-08,SVC-09,Routine,1,40.2,1.0,0.0
2026-07-11,LOC-02,SVC-07,Priority,1,64.8,0.0,0.0
2026-07-11,LOC-08,SVC-04,Routine,1,18.4,1.0,0.0
2026-07-11,LOC-10,SVC-03,Routine,1,10.0,1.0,0.0
2026-07-11,LOC-06,SVC-02,Routine,1,35.2,1.0,0.0
2026-07-11,LOC-01,SVC-02,Priority,1,6.8,1.0,0.0
2026-07-11,LOC-01,SVC-01,Emergency,1,68.5,0.0,0.0
2026-07-12,LOC-06,SVC-02,Priority,1,72.2,1.0,0.0
2026-07-12,LOC-07,SVC-04,Routine,1,21.2,1.0,0.0
2026-07-12,LOC-09,SVC-07,Priority,1,29.6,1.0,0.0
2026-07-13,LOC-09,SVC-02,Priority,1,30.0,1.0,0.0
2026-07-13,LOC-01,SVC-02,Urgent,1,43.7,1.0,0.0
2026-07-13,LOC-02,SVC-07,Urgent,1,61.5,1.0,0.0
2026-07-13,LOC-07,SVC-03,Priority,1,39.5,1.0,0.0
2026-07-13,LOC-10,SVC-02,Routine,1,32.1,1.0,0.0
2026-07-13,LOC-04,SVC-06,Routine,1,10.4,1.0,0.0
2026-07-14,LOC-06,SVC-02,Urgent,1,34.0,0.0,0.0
2026-07-14,LOC-07,SVC-02,Routine,1,54.0,1.0,0.0
2026-07-14,LOC-07,SVC-04,Emergency,1,33.8,0.0,0.0
2026-07-14,LOC-08,SVC-04,Priority,2,14.15,2.0,0.0
2026-07-15,LOC-01,SVC-05,Routine,1,10.8,1.0,0.0
2026-07-15,LOC-04,SVC-04,Priority,1,57.3,1.0,0.0
2026-07-15,LOC-10,SVC-03,Routine,1,11.4,1.0,0.0
2026-07-15,LOC-02,SVC-02,Routine,1,38.9,1.0,0.0
2026-07-15,LOC-09,SVC-03,Routine,1,,1.0,0.0
2026-07-15,LOC-01,SVC-04,Routine,1,40.5,1.0,0.0
2026-07-15,LOC-07,SVC-01,Priority,1,42.8,1.0,0.0
2026-07-16,LOC-05,SVC-07,Routine,1,24.2,1.0,0.0
2026-07-16,LOC-02,SVC-02,Urgent,1,59.9,1.0,0.0
2026-07-17,LOC-09,SVC-07,Routine,1,61.6,1.0,0.0
2026-07-17,LOC-04,SVC-01,Emergency,1,31.8,0.0,0.0
2026-07-17,LOC-08,SVC-07,Priority,1,37.6,1.0,0.0
2026-07-17,LOC-02,SVC-03,Urgent,1,38.9,1.0,0.0
2026-07-17,LOC-10,SVC-02,Routine,1,24.6,1.0,0.0
2026-07-18,LOC-09,SVC-03,Routine,1,12.1,1.0,0.0
2026-07-18,LOC-01,SVC-05,Emergency,1,86.7,0.0,0.0
2026-07-18,LOC-02,SVC-05,Routine,1,12.6,1.0,0.0
2026-07-19,LOC-02,SVC-01,Urgent,1,59.7,0.0,0.0
2026-07-19,LOC-01,SVC-05,Urgent,1,65.7,1.0,0.0
2026-07-19,LOC-04,SVC-09,Routine,1,14.0,1.0,0.0
2026-07-20,LOC-04,SVC-03,Urgent,1,,1.0,0.0
2026-07-20,LOC-10,SVC-07,Routine,1,13.9,1.0,0.0
2026-07-20,LOC-08,SVC-06,Routine,1,33.9,1.0,0.0
2026-07-20,LOC-10,SVC-02,Routine,1,20.0,1.0,0.0
2026-07-20,LOC-05,SVC-09,Routine,1,69.8,1.0,0.0
2026-07-20,LOC-01,SVC-03,Priority,1,54.6,1.0,0.0
2026-07-21,LOC-04,SVC-09,Priority,1,12.0,1.0,0.0
2026-07-21,LOC-02,SVC-05,Routine,1,20.2,1.0,0.0
2026-07-21,LOC-01,SVC-01,Priority,1,36.5,1.0,0.0
2026-07-21,LOC-08,SVC-08,Routine,1,33.4,1.0,0.0
2026-07-21,LOC-07,SVC-08,Routine,1,14.4,1.0,0.0
2026-07-22,LOC-02,SVC-09,Urgent,1,94.2,1.0,0.0
2026-07-22,LOC-10,SVC-05,Urgent,1,67.0,0.0,0.0
2026-07-22,LOC-02,SVC-02,Urgent,1,61.7,1.0,0.0
2026-07-22,LOC-08,SVC-06,Routine,1,14.4,1.0,0.0
2026-07-23,LOC-01,SVC-05,Priority,1,,1.0,0.0
2026-07-23,LOC-09,SVC-06,Urgent,1,66.3,1.0,0.0
2026-07-23,LOC-09,SVC-04,Routine,1,17.0,1.0,0.0
2026-07-23,LOC-08,SVC-01,Priority,1,87.9,1.0,0.0
2026-07-23,LOC-08,SVC-05,Routine,1,29.4,1.0,0.0
2026-07-23,LOC-07,SVC-03,Routine,1,13.0,1.0,0.0
2026-07-24,LOC-06,SVC-08,Priority,1,33.0,1.0,0.0
2026-07-24,LOC-05,SVC-01,Routine,1,42.4,1.0,0.0
2026-07-24,LOC-09,SVC-01,Priority,1,39.2,1.0,0.0
2026-07-24,LOC-04,SVC-02,Routine,1,20.8,1.0,0.0
2026-07-24,LOC-04,SVC-06,Routine,1,44.4,1.0,0.0
2026-07-24,LOC-05,SVC-05,Routine,1,30.3,1.0,0.0
2026-07-25,LOC-09,SVC-01,Routine,1,43.7,1.0,0.0
2026-07-25,LOC-06,SVC-01,Routine,1,20.6,1.0,0.0
2026-07-25,LOC-07,SVC-04,Routine,1,18.0,1.0,0.0
2026-07-25,LOC-01,SVC-06,Urgent,1,34.1,1.0,0.0
2026-07-26,LOC-01,SVC-01,Routine,1,12.8,1.0,0.0
2026-07-26,LOC-07,SVC-07,Routine,1,4.3,1.0,0.0
2026-07-27,LOC-06,SVC-02,Priority,1,40.6,1.0,0.0
2026-07-27,LOC-01,SVC-05,Priority,1,13.7,1.0,0.0
2026-07-27,LOC-07,SVC-02,Urgent,1,57.9,1.0,0.0
2026-07-28,LOC-03,SVC-07,Routine,1,40.9,1.0,0.0
2026-07-28,LOC-04,SVC-07,Urgent,1,30.7,1.0,0.0
2026-07-28,LOC-08,SVC-03,Routine,1,6.0,1.0,0.0
2026-07-28,LOC-02,SVC-07,Urgent,1,87.5,1.0,0.0
2026-07-28,LOC-10,SVC-01,Priority,1,60.9,1.0,0.0
2026-07-29,LOC-06,SVC-01,Routine,2,27.7,2.0,0.0
2026-07-29,LOC-01,SVC-09,Priority,1,11.5,1.0,0.0
2026-07-29,LOC-03,SVC-03,Routine,1,36.9,1.0,0.0
2026-07-29,LOC-02,SVC-06,Routine,1,41.3,1.0,0.0
2026-07-29,LOC-07,SVC-07,Urgent,1,36.1,1.0,0.0
2026-07-30,LOC-07,SVC-02,Priority,1,38.7,0.0,0.0
2026-07-30,LOC-04,SVC-01,Routine,1,5.9,1.0,0.0
2026-07-30,LOC-06,SVC-06,Urgent,1,56.2,1.0,0.0
2026-07-30,LOC-10,SVC-01,Priority,1,5.5,1.0,0.0
2026-07-31,LOC-01,SVC-01,Routine,2,26.799999999999997,2.0,0.0
2026-07-31,LOC-02,SVC-02,Urgent,1,88.7,1.0,0.0
2026-07-31,LOC-09,SVC-02,Routine,1,22.4,1.0,0.0
2026-07-31,LOC-06,SVC-07,Priority,1,57.5,1.0,0.0
2026-07-31,LOC-06,SVC-06,Priority,1,26.3,1.0,0.0
2025-10-16,LOC-09,SVC-03,Routine,1,31.1,0.0,1.0
2025-12-25,LOC-10,SVC-02,Routine,1,18.9,0.0,1.0
2026-01-06,LOC-03,SVC-01,Routine,1,34.9,0.0,1.0
2026-01-30,LOC-02,SVC-01,Routine,1,37.3,0.0,1.0
2026-06-03,LOC-04,SVC-03,Urgent,1,31.5,0.0,1.0
2026-07-16,LOC-02,SVC-07,Routine,1,47.3,0.0,1.0
2026-02-04,LOC-03,SVC-02,Urgent,1,38.0,0.0,1.0
2026-02-05,LOC-08,SVC-06,Routine,1,15.3,0.0,1.0
2026-03-03,LOC-07,SVC-01,Urgent,1,66.3,0.0,1.0
2026-03-05,LOC-08,SVC-04,Routine,1,10.9,0.0,1.0
2026-03-26,LOC-05,SVC-06,Priority,1,41.6,0.0,1.0
2025-08-03,LOC-01,SVC-06,Priority,1,97.1,0.0,1.0
2025-10-23,LOC-01,SVC-03,Routine,1,42.3,0.0,1.0
2025-12-16,LOC-05,SVC-09,Priority,1,15.5,0.0,1.0
2026-04-22,LOC-08,SVC-05,Priority,1,63.3,0.0,1.0
2026-06-24,LOC-03,SVC-06,Routine,1,7.5,0.0,1.0
2026-07-14,LOC-10,SVC-01,Routine,1,74.8,0.0,1.0
2026-07-14,LOC-01,SVC-01,Priority,1,35.2,0.0,1.0
2025-08-15,LOC-10,SVC-03,Routine,1,38.3,0.0,1.0
2025-09-09,LOC-08,SVC-05,Routine,1,46.8,0.0,1.0
2025-11-07,LOC-02,SVC-06,Routine,1,41.9,0.0,1.0
2025-12-06,LOC-05,SVC-09,Emergency,1,39.3,0.0,1.0
2025-12-16,LOC-01,SVC-01,Urgent,1,62.5,0.0,1.0
2026-04-15,LOC-10,SVC-02,Priority,1,23.5,0.0,1.0
2026-05-30,LOC-08,SVC-03,Priority,1,37.7,0.0,1.0
2025-12-09,LOC-06,SVC-01,Priority,1,37.6,0.0,1.0
2025-12-18,LOC-01,SVC-01,Emergency,1,68.3,0.0,1.0
2025-12-25,LOC-10,SVC-08,Routine,1,11.2,0.0,1.0
2026-01-28,LOC-06,SVC-05,Urgent,1,61.8,0.0,1.0
2026-04-06,LOC-05,SVC-05,Routine,1,42.2,0.0,1.0
2026-04-13,LOC-02,SVC-07,Routine,1,,0.0,1.0
2026-04-28,LOC-01,SVC-05,Routine,1,46.4,0.0,1.0
2026-06-22,LOC-08,SVC-02,Priority,1,41.7,0.0,1.0
2026-06-25,LOC-10,SVC-08,Routine,1,1.8,0.0,1.0
2026-07-02,LOC-09,SVC-02,Priority,1,64.1,0.0,1.0
2026-07-21,LOC-03,SVC-01,Routine,1,34.2,0.0,1.0
2025-09-12,LOC-05,SVC-08,Routine,1,43.1,0.0,1.0
2025-10-08,LOC-10,SVC-05,Priority,1,61.6,0.0,1.0
2025-12-31,LOC-06,SVC-04,Priority,1,19.5,0.0,1.0
2026-02-14,LOC-02,SVC-05,Routine,1,33.3,0.0,1.0
2026-03-23,LOC-06,SVC-04,Routine,1,8.3,0.0,1.0
2026-04-10,LOC-02,SVC-03,Routine,1,66.4,0.0,1.0
2026-07-09,LOC-05,SVC-02,Routine,1,33.3,0.0,1.0
2025-09-08,LOC-04,SVC-02,Urgent,1,27.5,0.0,1.0
2025-10-06,LOC-09,SVC-07,Priority,1,,0.0,1.0
2025-11-29,LOC-08,SVC-07,Priority,1,11.2,0.0,1.0
2026-02-09,LOC-02,SVC-08,Routine,1,38.8,0.0,1.0
2026-03-04,LOC-10,SVC-09,Priority,1,22.0,0.0,1.0
2026-04-29,LOC-04,SVC-05,Urgent,1,33.1,0.0,1.0
2026-05-19,LOC-05,SVC-02,Priority,1,59.0,0.0,1.0
2025-12-26,LOC-06,SVC-02,Routine,1,19.2,0.0,1.0
2026-03-13,LOC-09,SVC-03,Routine,1,64.9,0.0,1.0
2026-03-24,LOC-07,SVC-06,Priority,1,40.0,0.0,1.0
2026-04-14,LOC-09,SVC-05,Routine,1,41.8,0.0,1.0
2026-04-30,LOC-02,SVC-02,Routine,1,90.5,0.0,1.0
2026-05-15,LOC-02,SVC-01,Urgent,1,65.3,0.0,1.0
2025-09-24,LOC-02,SVC-01,Urgent,1,86.6,0.0,1.0
2025-11-10,LOC-02,SVC-02,Urgent,1,58.7,0.0,1.0
2026-01-24,LOC-07,SVC-09,Emergency,1,92.4,0.0,1.0
2026-04-25,LOC-04,SVC-02,Routine,1,10.6,0.0,1.0
2026-04-26,LOC-06,SVC-06,Routine,1,75.1,0.0,1.0
2025-12-03,LOC-07,SVC-02,Urgent,1,37.0,0.0,1.0
2026-02-02,LOC-07,SVC-09,Urgent,1,38.0,0.0,1.0
2026-02-21,LOC-09,SVC-07,Routine,1,21.2,0.0,1.0
2026-03-30,LOC-06,SVC-03,Routine,1,62.6,0.0,1.0
2026-06-04,LOC-09,SVC-06,Routine,1,32.8,0.0,1.0
2026-06-27,LOC-03,SVC-07,Priority,1,9.0,0.0,1.0
2025-11-28,LOC-10,SVC-05,Routine,1,20.2,0.0,1.0
2026-06-18,LOC-02,SVC-08,Urgent,1,89.1,0.0,1.0
2026-06-22,LOC-09,SVC-08,Urgent,1,34.2,0.0,1.0
2026-07-05,LOC-06,SVC-06,Urgent,1,87.9,0.0,1.0
2026-07-17,LOC-07,SVC-04,Routine,1,15.2,0.0,1.0
2025-08-21,LOC-04,SVC-03,Routine,1,20.5,0.0,1.0
2025-10-24,LOC-02,SVC-07,Routine,1,34.9,0.0,1.0
2026-01-09,LOC-04,SVC-03,Routine,1,17.4,0.0,1.0
2026-01-14,LOC-06,SVC-01,Urgent,1,44.6,0.0,1.0
2026-01-28,LOC-10,SVC-02,Routine,1,12.7,0.0,1.0
2026-03-30,LOC-09,SVC-06,Priority,1,79.2,0.0,1.0
2026-04-14,LOC-08,SVC-03,Routine,1,20.5,0.0,1.0
2026-06-16,LOC-07,SVC-01,Routine,1,30.2,0.0,1.0
2025-10-13,LOC-04,SVC-02,Priority,1,38.2,0.0,1.0
2025-10-16,LOC-08,SVC-01,Routine,1,44.3,0.0,1.0
2025-12-25,LOC-04,SVC-06,Emergency,1,7.8,0.0,1.0
2026-03-20,LOC-02,SVC-02,Routine,1,14.9,0.0,1.0
2026-03-24,LOC-06,SVC-09,Routine,1,24.4,0.0,1.0
2026-04-29,LOC-07,SVC-06,Priority,1,64.0,0.0,1.0
2026-06-26,LOC-06,SVC-05,Routine,1,62.5,0.0,1.0
2025-08-02,LOC-03,SVC-04,Routine,1,17.0,0.0,1.0
2025-08-18,LOC-06,SVC-01,Emergency,1,30.9,0.0,1.0
2025-09-09,LOC-10,SVC-01,Priority,1,12.2,0.0,1.0
2025-10-22,LOC-06,SVC-01,Emergency,1,81.5,0.0,1.0
2025-11-05,LOC-08,SVC-03,Priority,1,64.9,0.0,1.0
2025-11-27,LOC-09,SVC-03,Routine,1,28.3,0.0,1.0
2026-04-26,LOC-04,SVC-07,Routine,1,35.1,0.0,1.0
2025-08-02,LOC-08,SVC-06,Routine,1,25.0,0.0,1.0
2025-08-22,LOC-08,SVC-08,Priority,1,18.9,0.0,1.0
2025-11-21,LOC-08,SVC-04,Routine,1,34.4,0.0,1.0
2026-03-24,LOC-07,SVC-02,Routine,1,13.2,0.0,1.0
2026-04-22,LOC-07,SVC-01,Routine,1,43.1,0.0,1.0
2026-07-20,LOC-08,SVC-01,Priority,1,30.5,0.0,1.0
2026-07-27,LOC-06,SVC-09,Routine,1,59.3,0.0,1.0
2025-08-15,LOC-01,SVC-01,Routine,1,44.0,0.0,1.0
2025-10-01,LOC-06,SVC-05,Routine,1,16.8,0.0,1.0
2026-01-10,LOC-02,SVC-07,Urgent,1,33.6,0.0,1.0
2026-06-20,LOC-07,SVC-06,Urgent,1,17.6,0.0,1.0
2026-07-06,LOC-06,SVC-04,Routine,1,9.6,0.0,1.0
2025-08-01,LOC-10,SVC-02,Routine,1,85.4,1.0,0.0
2025-08-01,LOC-01,SVC-09,Urgent,1,,1.0,0.0
2025-08-01,LOC-08,SVC-06,Routine,1,15.8,1.0,0.0
2025-08-01,LOC-09,SVC-05,Routine,1,41.1,1.0,0.0
2025-08-02,LOC-07,SVC-01,Routine,1,12.8,1.0,0.0
2025-08-02,LOC-03,SVC-05,Emergency,1,69.4,0.0,0.0
2025-08-02,LOC-03,SVC-09,Priority,1,7.8,1.0,0.0
2025-08-02,LOC-01,SVC-01,Routine,1,34.2,1.0,0.0
2025-08-03,LOC-09,SVC-06,Routine,1,26.2,1.0,0.0
2025-08-04,LOC-02,SVC-01,Urgent,1,54.7,0.0,0.0
2025-08-04,LOC-06,SVC-03,Priority,1,69.8,1.0,0.0
2025-08-04,LOC-08,SVC-05,Priority,1,65.7,1.0,0.0
2025-08-04,LOC-01,SVC-01,Routine,1,41.2,1.0,0.0
2025-08-04,LOC-08,SVC-02,Routine,1,3.2,1.0,0.0
2025-08-04,LOC-03,SVC-04,Priority,1,36.6,1.0,0.0
2025-08-05,LOC-04,SVC-05,Routine,2,16.3,2.0,0.0
2025-08-05,LOC-06,SVC-05,Emergency,1,51.0,0.0,0.0
2025-08-06,LOC-01,SVC-09,Routine,1,10.0,1.0,0.0
2025-08-06,LOC-09,SVC-01,Routine,1,30.1,1.0,0.0
2025-08-06,LOC-04,SVC-04,Priority,1,62.7,1.0,0.0
2025-08-06,LOC-03,SVC-01,Routine,1,18.4,1.0,0.0
2025-08-06,LOC-10,SVC-02,Priority,1,65.6,1.0,0.0
2025-08-06,LOC-08,SVC-05,Urgent,1,79.2,1.0,0.0
2025-08-06,LOC-09,SVC-05,Emergency,1,56.5,0.0,0.0
2025-08-06,LOC-02,SVC-05,Priority,1,31.1,1.0,0.0
2025-08-06,LOC-06,SVC-05,Emergency,1,38.9,0.0,0.0
2025-08-07,LOC-08,SVC-02,Routine,1,75.4,1.0,0.0
2025-08-07,LOC-06,SVC-02,Urgent,1,42.0,0.0,0.0
2025-08-07,LOC-10,SVC-05,Routine,2,41.85,2.0,0.0
2025-08-07,LOC-01,SVC-01,Urgent,1,86.8,1.0,0.0
2025-08-07,LOC-02,SVC-01,Routine,1,32.8,1.0,0.0
2025-08-08,LOC-10,SVC-06,Routine,1,14.3,1.0,0.0
2025-08-08,LOC-04,SVC-01,Urgent,2,48.349999999999994,0.0,1.0
2025-08-08,LOC-06,SVC-07,Priority,1,27.1,1.0,0.0
2025-08-08,LOC-01,SVC-05,Urgent,1,93.0,0.0,0.0
2025-08-08,LOC-01,SVC-03,Routine,1,34.6,1.0,0.0
2025-08-08,LOC-01,SVC-06,Priority,1,39.2,1.0,0.0
2025-08-08,LOC-10,SVC-03,Routine,1,65.0,1.0,0.0
2025-08-09,LOC-09,SVC-06,Routine,1,43.5,1.0,0.0
2025-08-09,LOC-05,SVC-02,Urgent,1,40.8,1.0,0.0
2025-08-09,LOC-03,SVC-04,Urgent,1,74.0,0.0,0.0
2025-08-10,LOC-01,SVC-01,Routine,1,30.5,1.0,0.0
2025-08-10,LOC-05,SVC-07,Priority,1,7.4,1.0,0.0
2025-08-11,LOC-01,SVC-07,Routine,1,7.9,1.0,0.0
2025-08-11,LOC-04,SVC-01,Routine,1,12.0,1.0,0.0
2025-08-11,LOC-06,SVC-06,Urgent,1,78.1,0.0,0.0
2025-08-11,LOC-02,SVC-07,Urgent,1,83.2,0.0,0.0
2025-08-11,LOC-08,SVC-01,Routine,1,22.6,1.0,0.0
2025-08-11,LOC-01,SVC-01,Routine,1,11.7,1.0,0.0
2025-08-11,LOC-02,SVC-01,Routine,1,18.6,1.0,0.0
2025-08-11,LOC-03,SVC-05,Priority,1,42.8,1.0,0.0
2025-08-11,LOC-04,SVC-08,Routine,1,36.3,1.0,0.0
2025-08-11,LOC-03,SVC-02,Routine,1,85.7,1.0,0.0
2025-08-12,LOC-04,SVC-02,Priority,1,65.4,1.0,0.0
2025-08-13,LOC-01,SVC-05,Emergency,1,93.9,0.0,0.0
2025-08-13,LOC-06,SVC-06,Urgent,1,70.1,1.0,0.0
2025-08-13,LOC-10,SVC-02,Routine,1,12.9,1.0,0.0
2025-08-14,LOC-02,SVC-08,Urgent,1,60.8,1.0,0.0
2025-08-14,LOC-01,SVC-05,Priority,2,40.800000000000004,2.0,0.0
2025-08-14,LOC-09,SVC-02,Urgent,1,,1.0,0.0
2025-08-14,LOC-04,SVC-04,Routine,1,21.5,1.0,0.0
2025-08-14,LOC-05,SVC-07,Routine,1,58.6,1.0,0.0
2025-08-14,LOC-08,SVC-07,Routine,2,17.3,2.0,0.0
2025-08-14,LOC-06,SVC-02,Routine,1,27.7,1.0,0.0
2025-08-14,LOC-03,SVC-08,Routine,1,33.2,1.0,0.0
2025-08-15,LOC-10,SVC-05,Routine,1,40.8,1.0,0.0
2025-08-15,LOC-01,SVC-01,Urgent,1,69.2,1.0,0.0
2025-08-15,LOC-02,SVC-03,Routine,1,67.4,1.0,0.0
2025-08-15,LOC-07,SVC-04,Routine,1,13.0,1.0,0.0
2025-08-15,LOC-02,SVC-08,Priority,1,34.5,1.0,0.0
2025-08-15,LOC-07,SVC-03,Routine,1,37.3,1.0,0.0
2025-08-16,LOC-08,SVC-04,Routine,1,16.0,1.0,0.0
2025-08-16,LOC-08,SVC-07,Priority,1,10.5,1.0,0.0
2025-08-17,LOC-04,SVC-01,Routine,1,19.3,1.0,0.0
2025-08-17,LOC-09,SVC-01,Routine,1,17.4,1.0,0.0
2025-08-17,LOC-07,SVC-02,Routine,1,47.8,1.0,0.0
2025-08-18,LOC-09,SVC-09,Routine,1,7.8,1.0,0.0
2025-08-18,LOC-02,SVC-05,Routine,1,64.2,1.0,0.0
2025-08-18,LOC-08,SVC-01,Routine,1,63.8,1.0,0.0
2025-08-18,LOC-05,SVC-09,Routine,1,19.6,1.0,0.0
2025-08-19,LOC-02,SVC-04,Routine,1,25.2,1.0,0.0
2025-08-19,LOC-03,SVC-01,Priority,1,61.2,1.0,0.0
2025-08-19,LOC-02,SVC-03,Priority,1,63.5,1.0,0.0
2025-08-19,LOC-10,SVC-01,Routine,1,28.6,1.0,0.0
2025-08-19,LOC-04,SVC-03,Priority,1,63.1,1.0,0.0
2025-08-19,LOC-07,SVC-02,Routine,2,21.1,2.0,0.0
2025-08-20,LOC-10,SVC-01,Routine,1,,1.0,0.0
2025-08-20,LOC-04,SVC-02,Routine,1,27.0,1.0,0.0
2025-08-20,LOC-07,SVC-07,Routine,1,40.1,1.0,0.0
2025-08-20,LOC-03,SVC-07,Routine,1,45.0,1.0,0.0
2025-08-20,LOC-03,SVC-01,Routine,2,36.95,2.0,0.0
2025-08-21,LOC-05,SVC-01,Priority,1,57.9,1.0,0.0
2025-08-21,LOC-06,SVC-06,Urgent,1,74.6,1.0,0.0
2025-08-21,LOC-09,SVC-06,Priority,1,17.3,1.0,0.0
2025-08-21,LOC-06,SVC-03,Priority,1,65.4,1.0,0.0
2025-08-22,LOC-04,SVC-01,Urgent,1,68.1,1.0,0.0
2025-08-22,LOC-07,SVC-02,Priority,1,75.2,1.0,0.0
2025-08-22,LOC-10,SVC-01,Urgent,1,59.6,0.0,0.0
2025-08-22,LOC-03,SVC-01,Priority,1,8.4,1.0,0.0
2025-08-22,LOC-10,SVC-02,Priority,1,12.6,1.0,0.0
2025-08-23,LOC-09,SVC-06,Routine,1,39.2,1.0,0.0
2025-08-23,LOC-09,SVC-03,Priority,1,85.5,1.0,0.0
2025-08-24,LOC-04,SVC-07,Routine,1,4.8,1.0,0.0
2025-08-24,LOC-03,SVC-08,Routine,1,26.6,1.0,0.0
2025-08-24,LOC-03,SVC-09,Urgent,1,42.1,1.0,0.0
2025-08-25,LOC-03,SVC-06,Routine,1,9.6,1.0,0.0
2025-08-25,LOC-08,SVC-08,Routine,1,16.6,1.0,0.0
2025-08-25,LOC-05,SVC-07,Routine,3,19.96666666666667,3.0,0.0
2025-08-25,LOC-02,SVC-05,Urgent,1,60.1,0.0,0.0
2025-08-25,LOC-06,SVC-01,Routine,1,9.5,1.0,0.0
2025-08-25,LOC-02,SVC-02,Urgent,1,18.0,0.0,0.0
2025-08-25,LOC-06,SVC-07,Priority,1,41.1,1.0,0.0
2025-08-25,LOC-05,SVC-02,Urgent,1,66.8,1.0,0.0
2025-08-26,LOC-08,SVC-01,Routine,1,,1.0,0.0
2025-08-26,LOC-08,SVC-05,Routine,2,29.599999999999998,2.0,0.0
2025-08-26,LOC-09,SVC-03,Routine,1,14.4,1.0,0.0
2025-08-26,LOC-01,SVC-04,Priority,1,72.6,1.0,0.0
2025-08-27,LOC-03,SVC-08,Urgent,1,15.0,1.0,0.0
2025-08-27,LOC-07,SVC-08,Priority,1,67.6,0.0,0.0
2025-08-27,LOC-01,SVC-06,Routine,1,13.5,1.0,0.0
2025-08-27,LOC-03,SVC-01,Routine,1,8.8,1.0,0.0
2025-08-27,LOC-01,SVC-07,Priority,1,,1.0,0.0
2025-08-27,LOC-07,SVC-03,Priority,1,45.2,1.0,0.0
2025-08-27,LOC-06,SVC-05,Priority,1,46.8,1.0,0.0
2025-08-28,LOC-10,SVC-01,Routine,1,33.3,1.0,0.0
2025-08-28,LOC-05,SVC-02,Emergency,1,37.3,0.0,0.0
2025-08-28,LOC-06,SVC-07,Priority,1,48.8,1.0,0.0
2025-08-28,LOC-07,SVC-09,Routine,1,32.1,1.0,0.0
2025-08-28,LOC-03,SVC-04,Priority,1,13.7,1.0,0.0
2025-08-28,LOC-08,SVC-07,Routine,1,37.2,1.0,0.0
2025-08-29,LOC-09,SVC-01,Priority,1,78.0,1.0,0.0
2025-08-29,LOC-06,SVC-01,Priority,1,27.7,1.0,0.0
2025-08-29,LOC-01,SVC-05,Priority,1,32.9,1.0,0.0
2025-08-29,LOC-06,SVC-02,Routine,2,9.1,2.0,0.0
2025-08-29,LOC-08,SVC-03,Priority,1,9.6,1.0,0.0
2025-08-29,LOC-09,SVC-06,Emergency,1,85.7,0.0,0.0
2025-08-29,LOC-02,SVC-01,Routine,1,14.3,1.0,0.0
2025-08-29,LOC-06,SVC-04,Priority,1,36.0,1.0,0.0
2025-08-30,LOC-02,SVC-02,Priority,1,68.0,1.0,0.0
2025-08-31,LOC-06,SVC-07,Priority,1,58.6,1.0,0.0
2025-08-31,LOC-06,SVC-01,Priority,1,35.3,1.0,0.0
2025-09-01,LOC-08,SVC-05,Priority,1,64.2,1.0,0.0
2025-09-01,LOC-01,SVC-08,Routine,1,25.7,1.0,0.0
2025-09-01,LOC-06,SVC-07,Urgent,1,28.5,1.0,0.0
2025-09-01,LOC-03,SVC-07,Urgent,1,88.3,0.0,0.0
2025-09-01,LOC-05,SVC-02,Urgent,1,64.5,0.0,0.0
2025-09-02,LOC-03,SVC-02,Routine,1,49.6,1.0,0.0
2025-09-02,LOC-08,SVC-07,Priority,1,20.0,1.0,0.0
2025-09-02,LOC-02,SVC-05,Emergency,1,86.4,0.0,0.0
2025-09-02,LOC-06,SVC-07,Routine,1,66.3,1.0,0.0
2025-09-02,LOC-05,SVC-05,Priority,1,6.1,0.0,0.0
2025-09-02,LOC-07,SVC-04,Routine,1,48.8,1.0,0.0
2025-09-03,LOC-10,SVC-05,Routine,2,24.6,2.0,0.0
2025-09-03,LOC-01,SVC-02,Priority,1,37.3,1.0,0.0
2025-09-04,LOC-02,SVC-08,Priority,1,85.1,1.0,0.0
2025-09-04,LOC-06,SVC-01,Routine,1,13.1,1.0,0.0
2025-09-04,LOC-07,SVC-01,Routine,1,12.9,1.0,0.0
2025-09-04,LOC-05,SVC-02,Routine,1,29.9,1.0,0.0
2025-09-04,LOC-04,SVC-03,Routine,1,20.3,1.0,0.0
2025-09-05,LOC-01,SVC-02,Urgent,1,6.8,1.0,0.0
2025-09-05,LOC-09,SVC-03,Emergency,1,87.5,0.0,0.0
2025-09-05,LOC-04,SVC-04,Urgent,1,62.0,1.0,0.0
2025-09-06,LOC-10,SVC-03,Urgent,1,82.7,0.0,0.0
2025-09-06,LOC-05,SVC-09,Routine,1,41.7,1.0,0.0
2025-09-07,LOC-03,SVC-08,Priority,1,71.4,1.0,0.0
2025-09-07,LOC-06,SVC-01,Priority,1,66.8,1.0,0.0
2025-09-07,LOC-05,SVC-01,Priority,1,,1.0,0.0
2025-09-07,LOC-09,SVC-05,Routine,1,29.6,1.0,0.0
2025-09-08,LOC-07,SVC-08,Routine,1,39.4,1.0,0.0
2025-09-08,LOC-07,SVC-07,Routine,1,14.9,1.0,0.0
2025-09-08,LOC-08,SVC-02,Routine,1,26.3,1.0,0.0
2025-09-08,LOC-08,SVC-01,Priority,1,36.2,1.0,0.0
2025-09-08,LOC-10,SVC-02,Priority,1,18.4,1.0,0.0
2025-09-08,LOC-04,SVC-02,Routine,1,69.3,1.0,0.0
2025-09-08,LOC-04,SVC-05,Urgent,1,23.3,1.0,0.0
2025-09-09,LOC-04,SVC-03,Routine,2,22.8,2.0,0.0
2025-09-09,LOC-04,SVC-04,Priority,1,45.2,1.0,0.0
2025-09-09,LOC-06,SVC-01,Urgent,1,90.6,0.0,0.0
2025-09-09,LOC-05,SVC-06,Routine,1,39.0,1.0,0.0
2025-09-09,LOC-03,SVC-07,Routine,1,9.0,1.0,0.0
2025-09-09,LOC-05,SVC-05,Routine,1,36.8,1.0,0.0
2025-09-09,LOC-07,SVC-01,Urgent,1,55.3,0.0,0.0
2025-09-09,LOC-07,SVC-06,Routine,1,,1.0,0.0
2025-09-10,LOC-03,SVC-01,Routine,2,16.55,2.0,0.0
2025-09-10,LOC-07,SVC-07,Routine,1,34.2,1.0,0.0
2025-09-10,LOC-06,SVC-05,Routine,1,10.4,1.0,0.0
2025-09-11,LOC-07,SVC-03,Urgent,1,17.6,1.0,0.0
2025-09-11,LOC-10,SVC-08,Urgent,1,45.7,1.0,0.0
2025-09-12,LOC-07,SVC-09,Urgent,1,55.9,1.0,0.0
2025-09-12,LOC-09,SVC-02,Routine,1,94.1,1.0,0.0
2025-09-12,LOC-03,SVC-04,Priority,1,39.7,1.0,0.0
2025-09-12,LOC-01,SVC-01,Routine,2,15.049999999999999,2.0,0.0
2025-09-12,LOC-08,SVC-01,Urgent,1,30.3,1.0,0.0
2025-09-12,LOC-03,SVC-02,Priority,1,44.1,1.0,0.0
2025-09-12,LOC-05,SVC-02,Routine,1,40.6,1.0,0.0
2025-09-14,LOC-09,SVC-02,Routine,1,69.5,1.0,0.0
2025-09-14,LOC-05,SVC-07,Emergency,1,33.7,0.0,0.0
2025-09-14,LOC-03,SVC-02,Routine,1,8.5,1.0,0.0
2025-09-15,LOC-09,SVC-01,Priority,2,39.55,2.0,0.0
2025-09-15,LOC-03,SVC-05,Routine,1,39.7,1.0,0.0
2025-09-15,LOC-08,SVC-07,Routine,1,9.9,1.0,0.0
2025-09-15,LOC-10,SVC-07,Routine,1,37.4,1.0,0.0
2025-09-15,LOC-08,SVC-09,Routine,1,16.1,1.0,0.0
2025-09-16,LOC-07,SVC-08,Routine,1,44.3,1.0,0.0
2025-09-16,LOC-01,SVC-04,Routine,1,20.4,1.0,0.0
2025-09-16,LOC-09,SVC-01,Routine,1,29.8,1.0,0.0
2025-09-16,LOC-08,SVC-01,Priority,1,41.4,1.0,0.0
2025-09-16,LOC-02,SVC-06,Priority,1,16.3,1.0,0.0
2025-09-16,LOC-02,SVC-01,Priority,1,46.7,1.0,0.0
2025-09-17,LOC-03,SVC-05,Routine,1,27.8,1.0,0.0
2025-09-17,LOC-10,SVC-08,Routine,1,15.5,1.0,0.0
2025-09-17,LOC-02,SVC-03,Routine,1,91.4,1.0,0.0
2025-09-17,LOC-03,SVC-03,Priority,1,,1.0,0.0
2025-09-17,LOC-07,SVC-04,Routine,1,35.4,1.0,0.0
2025-09-17,LOC-09,SVC-04,Routine,1,40.5,1.0,0.0
2025-09-17,LOC-05,SVC-03,Routine,1,39.6,1.0,0.0
2025-09-17,LOC-08,SVC-01,Urgent,1,32.9,1.0,0.0
2025-09-18,LOC-03,SVC-04,Routine,1,31.0,1.0,0.0
2025-09-18,LOC-10,SVC-02,Routine,1,14.7,1.0,0.0
2025-09-18,LOC-08,SVC-01,Routine,1,19.7,1.0,0.0
2025-09-18,LOC-09,SVC-04,Priority,1,35.2,1.0,0.0
2025-09-18,LOC-08,SVC-06,Priority,1,39.7,1.0,0.0
2025-09-18,LOC-10,SVC-07,Routine,1,33.5,1.0,0.0
2025-09-18,LOC-10,SVC-06,Priority,1,60.2,1.0,0.0
2025-09-19,LOC-02,SVC-04,Urgent,1,63.6,1.0,0.0
2025-09-19,LOC-06,SVC-01,Priority,1,,1.0,0.0
2025-09-19,LOC-04,SVC-08,Routine,1,22.4,1.0,0.0
2025-09-20,LOC-07,SVC-06,Routine,1,8.4,1.0,0.0
2025-09-21,LOC-07,SVC-07,Urgent,1,22.6,1.0,0.0
2025-09-22,LOC-06,SVC-06,Routine,1,8.4,1.0,0.0
2025-09-23,LOC-08,SVC-07,Urgent,1,32.7,1.0,0.0
2025-09-23,LOC-08,SVC-02,Routine,1,14.3,1.0,0.0
2025-09-23,LOC-04,SVC-05,Routine,1,20.3,1.0,0.0
2025-09-24,LOC-07,SVC-01,Routine,1,62.8,1.0,0.0
2025-09-24,LOC-03,SVC-03,Priority,1,44.6,1.0,0.0
2025-09-24,LOC-10,SVC-01,Urgent,1,84.8,1.0,0.0
2025-09-24,LOC-02,SVC-06,Priority,1,70.6,1.0,0.0
2025-09-24,LOC-09,SVC-01,Routine,1,,1.0,0.0
2025-09-24,LOC-10,SVC-02,Emergency,1,91.1,0.0,0.0
2025-09-25,LOC-10,SVC-05,Urgent,1,74.6,1.0,0.0
2025-09-25,LOC-07,SVC-01,Routine,1,59.6,1.0,0.0
2025-09-25,LOC-01,SVC-05,Priority,1,36.3,1.0,0.0
2025-09-25,LOC-05,SVC-01,Priority,1,58.3,1.0,0.0
2025-09-25,LOC-09,SVC-02,Routine,1,22.4,1.0,0.0
2025-09-26,LOC-01,SVC-01,Urgent,1,11.9,1.0,0.0
2025-09-26,LOC-08,SVC-01,Priority,1,18.2,1.0,0.0
2025-09-26,LOC-06,SVC-05,Routine,1,14.6,1.0,0.0
2025-09-26,LOC-05,SVC-08,Routine,1,43.3,1.0,0.0
2025-09-26,LOC-10,SVC-09,Urgent,1,89.6,0.0,0.0
2025-09-27,LOC-10,SVC-01,Urgent,1,94.0,1.0,0.0
2025-09-27,LOC-05,SVC-07,Routine,1,6.4,1.0,0.0
2025-09-28,LOC-02,SVC-02,Routine,1,58.2,1.0,0.0
2025-09-29,LOC-06,SVC-05,Urgent,1,61.7,0.0,0.0
2025-09-30,LOC-08,SVC-07,Routine,1,15.4,1.0,0.0
2025-09-30,LOC-08,SVC-05,Routine,1,23.3,1.0,0.0
2025-09-30,LOC-09,SVC-01,Priority,1,55.9,1.0,0.0
2025-09-30,LOC-08,SVC-06,Priority,1,45.3,1.0,0.0
2025-09-30,LOC-07,SVC-05,Routine,2,22.200000000000003,1.0,1.0
2025-09-30,LOC-06,SVC-04,Routine,1,35.3,1.0,0.0
2025-09-30,LOC-02,SVC-03,Priority,1,63.2,1.0,0.0
2025-09-30,LOC-05,SVC-09,Urgent,1,28.7,0.0,0.0
2025-10-01,LOC-08,SVC-01,Priority,1,14.3,1.0,0.0
2025-10-01,LOC-05,SVC-09,Routine,1,42.5,1.0,0.0
2025-10-01,LOC-08,SVC-06,Urgent,1,66.9,1.0,0.0
2025-10-02,LOC-06,SVC-01,Routine,1,12.7,1.0,0.0
2025-10-02,LOC-03,SVC-06,Routine,1,24.7,1.0,0.0
2025-10-02,LOC-09,SVC-03,Routine,1,42.8,1.0,0.0
2025-10-02,LOC-04,SVC-07,Priority,1,24.0,1.0,0.0
2025-10-02,LOC-09,SVC-02,Routine,1,45.3,1.0,0.0
2025-10-02,LOC-05,SVC-06,Priority,1,54.7,1.0,0.0
2025-10-02,LOC-08,SVC-04,Routine,1,37.7,1.0,0.0
2025-10-02,LOC-03,SVC-02,Routine,1,39.6,1.0,0.0
2025-10-02,LOC-10,SVC-09,Priority,1,72.7,1.0,0.0
2025-10-03,LOC-10,SVC-08,Routine,1,19.2,1.0,0.0
2025-10-03,LOC-02,SVC-03,Routine,1,13.3,1.0,0.0
2025-10-03,LOC-06,SVC-02,Priority,1,68.9,1.0,0.0
2025-10-03,LOC-01,SVC-01,Priority,1,25.3,1.0,0.0
2025-10-03,LOC-07,SVC-05,Routine,1,25.6,1.0,0.0
2025-10-03,LOC-03,SVC-06,Routine,1,18.2,1.0,0.0
2025-10-04,LOC-05,SVC-07,Routine,1,77.1,1.0,0.0
2025-10-05,LOC-06,SVC-06,Routine,1,17.6,1.0,0.0
2025-10-05,LOC-04,SVC-02,Routine,1,,1.0,0.0
2025-10-06,LOC-07,SVC-05,Urgent,1,33.9,0.0,0.0
2025-10-06,LOC-03,SVC-04,Routine,1,40.4,1.0,0.0
2025-10-07,LOC-07,SVC-08,Routine,1,45.1,1.0,0.0
2025-10-08,LOC-03,SVC-05,Routine,1,11.8,1.0,0.0
2025-10-08,LOC-01,SVC-09,Routine,1,64.5,1.0,0.0
2025-10-08,LOC-02,SVC-04,Routine,1,13.9,1.0,0.0
2025-10-08,LOC-08,SVC-01,Priority,1,33.6,1.0,0.0
2025-10-09,LOC-06,SVC-08,Routine,1,23.4,1.0,0.0
2025-10-09,LOC-04,SVC-01,Urgent,1,56.6,1.0,0.0
2025-10-09,LOC-03,SVC-01,Routine,1,4.5,1.0,0.0
2025-10-09,LOC-03,SVC-08,Routine,1,37.2,1.0,0.0
2025-10-09,LOC-01,SVC-06,Priority,1,61.6,1.0,0.0
2025-10-09,LOC-02,SVC-04,Priority,1,60.1,1.0,0.0
2025-10-09,LOC-06,SVC-06,Routine,1,85.0,1.0,0.0
2025-10-10,LOC-02,SVC-08,Priority,1,67.3,1.0,0.0
2025-10-10,LOC-03,SVC-03,Priority,1,91.9,1.0,0.0
2025-10-10,LOC-06,SVC-05,Routine,1,16.5,1.0,0.0
2025-10-12,LOC-01,SVC-05,Routine,1,21.7,1.0,0.0
2025-10-13,LOC-09,SVC-07,Priority,1,33.3,1.0,0.0
2025-10-13,LOC-02,SVC-06,Emergency,1,15.2,0.0,0.0
2025-10-13,LOC-08,SVC-01,Routine,1,45.0,1.0,0.0
2025-10-14,LOC-05,SVC-05,Routine,1,38.9,1.0,0.0
2025-10-14,LOC-03,SVC-07,Urgent,1,40.3,1.0,0.0
2025-10-14,LOC-05,SVC-01,Urgent,1,82.3,1.0,0.0
2025-10-14,LOC-09,SVC-01,Priority,1,32.8,1.0,0.0
2025-10-15,LOC-01,SVC-07,Urgent,2,79.2,1.0,0.0
2025-10-15,LOC-04,SVC-04,Urgent,1,84.7,1.0,0.0
2025-10-15,LOC-10,SVC-05,Priority,1,39.5,1.0,0.0
2025-10-15,LOC-02,SVC-06,Urgent,1,71.3,1.0,0.0
2025-10-16,LOC-10,SVC-09,Routine,1,9.8,1.0,0.0
2025-10-16,LOC-09,SVC-01,Priority,1,,1.0,0.0
2025-10-16,LOC-04,SVC-05,Routine,1,21.7,1.0,0.0
2025-10-17,LOC-07,SVC-05,Priority,1,37.7,1.0,0.0
2025-10-17,LOC-03,SVC-05,Routine,1,15.6,1.0,0.0
2025-10-17,LOC-09,SVC-05,Routine,2,49.0,2.0,0.0
2025-10-17,LOC-07,SVC-02,Priority,1,24.3,1.0,0.0
2025-10-18,LOC-07,SVC-03,Urgent,1,,0.0,0.0
2025-10-18,LOC-03,SVC-08,Routine,1,18.7,1.0,0.0
2025-10-19,LOC-06,SVC-06,Emergency,1,63.2,0.0,0.0
2025-10-19,LOC-06,SVC-02,Routine,1,20.6,1.0,0.0
2025-10-20,LOC-07,SVC-01,Priority,1,30.8,1.0,0.0
2025-10-20,LOC-09,SVC-05,Routine,1,37.4,1.0,0.0
2025-10-20,LOC-10,SVC-01,Urgent,1,25.8,1.0,0.0
2025-10-20,LOC-05,SVC-09,Emergency,1,14.6,0.0,0.0
2025-10-20,LOC-06,SVC-05,Routine,1,11.5,1.0,0.0
2025-10-21,LOC-05,SVC-07,Urgent,1,61.3,1.0,0.0
2025-10-21,LOC-08,SVC-01,Routine,1,14.6,1.0,0.0
2025-10-21,LOC-10,SVC-04,Priority,1,,1.0,0.0
2025-10-21,LOC-09,SVC-06,Routine,1,34.1,1.0,0.0
2025-10-22,LOC-01,SVC-02,Priority,1,48.0,1.0,0.0
2025-10-22,LOC-01,SVC-07,Routine,1,16.3,1.0,0.0
2025-10-22,LOC-07,SVC-06,Routine,1,15.1,1.0,0.0
2025-10-22,LOC-08,SVC-04,Priority,1,30.5,1.0,0.0
2025-10-23,LOC-06,SVC-02,Routine,1,9.6,1.0,0.0
2025-10-23,LOC-02,SVC-07,Urgent,1,8.0,1.0,0.0
2025-10-23,LOC-10,SVC-01,Priority,1,37.5,1.0,0.0
2025-10-23,LOC-03,SVC-07,Routine,1,20.0,1.0,0.0
2025-10-23,LOC-04,SVC-01,Priority,1,51.2,1.0,0.0
2025-10-23,LOC-07,SVC-04,Routine,1,36.7,1.0,0.0
2025-10-24,LOC-09,SVC-09,Priority,1,95.8,1.0,0.0
2025-10-24,LOC-08,SVC-02,Priority,1,9.0,1.0,0.0
2025-10-24,LOC-10,SVC-03,Priority,1,42.7,1.0,0.0
2025-10-24,LOC-04,SVC-09,Routine,1,66.1,1.0,0.0
2025-10-24,LOC-06,SVC-02,Routine,1,16.7,1.0,0.0
2025-10-25,LOC-10,SVC-06,Routine,1,26.9,1.0,0.0
2025-10-25,LOC-07,SVC-02,Urgent,1,30.1,1.0,0.0
2025-10-25,LOC-02,SVC-01,Routine,1,7.6,1.0,0.0
2025-10-25,LOC-07,SVC-03,Priority,1,58.0,1.0,0.0
2025-10-26,LOC-06,SVC-04,Emergency,1,77.7,0.0,0.0
2025-10-26,LOC-05,SVC-05,Urgent,1,33.7,1.0,0.0
2025-10-26,LOC-01,SVC-03,Routine,1,42.2,1.0,0.0
2025-10-27,LOC-09,SVC-01,Priority,1,36.5,1.0,0.0
2025-10-27,LOC-04,SVC-05,Emergency,1,55.8,0.0,0.0
2025-10-27,LOC-04,SVC-04,Priority,1,33.2,1.0,0.0
2025-10-27,LOC-10,SVC-09,Priority,1,20.3,1.0,0.0
2025-10-27,LOC-02,SVC-01,Routine,1,20.9,1.0,0.0
2025-10-28,LOC-10,SVC-01,Emergency,1,46.2,0.0,0.0
2025-10-28,LOC-09,SVC-05,Routine,1,78.7,1.0,0.0
2025-10-28,LOC-10,SVC-03,Priority,1,70.2,1.0,0.0
2025-10-28,LOC-06,SVC-09,Priority,1,55.1,1.0,0.0
2025-10-28,LOC-06,SVC-07,Routine,2,36.65,2.0,0.0
2025-10-28,LOC-04,SVC-02,Routine,1,12.6,1.0,0.0
2025-10-28,LOC-06,SVC-08,Routine,1,28.0,1.0,0.0
2025-10-28,LOC-07,SVC-03,Routine,1,55.4,1.0,0.0
2025-10-29,LOC-03,SVC-07,Routine,1,43.7,1.0,0.0
2025-10-29,LOC-03,SVC-03,Routine,1,7.8,1.0,0.0
2025-10-29,LOC-07,SVC-07,Priority,1,67.4,1.0,0.0
2025-10-29,LOC-05,SVC-02,Priority,1,14.0,1.0,0.0
2025-10-29,LOC-10,SVC-03,Routine,1,13.0,1.0,0.0
2025-10-29,LOC-02,SVC-09,Routine,1,12.2,1.0,0.0
2025-10-29,LOC-09,SVC-02,Urgent,1,,1.0,0.0
2025-10-30,LOC-02,SVC-09,Priority,1,40.3,1.0,0.0
2025-10-30,LOC-05,SVC-05,Urgent,1,71.3,1.0,0.0
2025-10-30,LOC-08,SVC-08,Priority,1,16.7,1.0,0.0
2025-10-30,LOC-10,SVC-06,Emergency,1,39.8,0.0,0.0
2025-10-30,LOC-04,SVC-01,Priority,1,64.5,1.0,0.0
2025-10-30,LOC-04,SVC-02,Priority,1,27.0,1.0,0.0
2025-10-31,LOC-05,SVC-02,Priority,1,32.5,1.0,0.0
2025-10-31,LOC-01,SVC-02,Urgent,1,66.8,0.0,0.0
2025-10-31,LOC-09,SVC-04,Emergency,1,61.3,0.0,0.0
2025-10-31,LOC-07,SVC-02,Urgent,1,35.3,1.0,0.0
2025-10-31,LOC-01,SVC-01,Priority,1,32.5,1.0,0.0
2025-10-31,LOC-05,SVC-03,Priority,1,75.5,1.0,0.0
2025-10-31,LOC-04,SVC-07,Priority,1,3.0,1.0,0.0
2025-11-01,LOC-08,SVC-03,Routine,1,15.9,1.0,0.0
2025-11-02,LOC-10,SVC-04,Urgent,1,44.2,0.0,0.0
2025-11-02,LOC-02,SVC-09,Priority,1,34.5,1.0,0.0
2025-11-02,LOC-08,SVC-09,Routine,1,35.4,1.0,0.0
2025-11-03,LOC-03,SVC-02,Routine,1,90.9,1.0,0.0
2025-11-03,LOC-08,SVC-05,Priority,1,18.0,1.0,0.0
2025-11-03,LOC-02,SVC-09,Routine,1,36.7,1.0,0.0
2025-11-03,LOC-09,SVC-01,Routine,1,38.8,1.0,0.0
2025-11-03,LOC-07,SVC-01,Priority,1,,1.0,0.0
2025-11-03,LOC-05,SVC-01,Routine,2,37.8,2.0,0.0
2025-11-03,LOC-08,SVC-03,Routine,1,20.3,1.0,0.0
2025-11-04,LOC-06,SVC-06,Priority,1,17.9,1.0,0.0
2025-11-04,LOC-08,SVC-05,Urgent,1,59.0,0.0,0.0
2025-11-04,LOC-06,SVC-07,Priority,1,66.3,0.0,0.0
2025-11-05,LOC-07,SVC-06,Priority,1,28.1,1.0,0.0
2025-11-06,LOC-03,SVC-04,Priority,1,35.3,1.0,0.0
2025-11-06,LOC-01,SVC-01,Urgent,1,86.5,1.0,0.0
2025-11-06,LOC-02,SVC-09,Priority,1,34.9,1.0,0.0
2025-11-07,LOC-06,SVC-02,Routine,1,46.6,1.0,0.0
2025-11-07,LOC-07,SVC-03,Priority,1,14.1,1.0,0.0
2025-11-07,LOC-08,SVC-04,Routine,1,52.5,1.0,0.0
2025-11-08,LOC-04,SVC-01,Routine,1,67.1,1.0,0.0
2025-11-08,LOC-07,SVC-01,Urgent,1,71.4,1.0,0.0
2025-11-08,LOC-10,SVC-01,Routine,1,14.2,1.0,0.0
2025-11-09,LOC-03,SVC-07,Routine,1,37.4,1.0,0.0
2025-11-09,LOC-07,SVC-07,Routine,1,13.5,1.0,0.0
2025-11-10,LOC-10,SVC-06,Routine,1,46.2,1.0,0.0
2025-11-10,LOC-07,SVC-05,Urgent,1,33.6,1.0,0.0
2025-11-10,LOC-04,SVC-01,Priority,1,16.7,1.0,0.0
2025-11-10,LOC-02,SVC-01,Routine,2,27.75,2.0,0.0
2025-11-10,LOC-02,SVC-07,Urgent,1,48.8,0.0,0.0
2025-11-10,LOC-05,SVC-08,Emergency,1,86.2,0.0,0.0
2025-11-11,LOC-03,SVC-01,Routine,1,65.7,1.0,0.0
2025-11-11,LOC-04,SVC-02,Routine,1,58.3,1.0,0.0
2025-11-11,LOC-02,SVC-06,Routine,1,43.7,1.0,0.0
2025-11-11,LOC-10,SVC-09,Priority,1,12.6,1.0,0.0
2025-11-12,LOC-01,SVC-05,Urgent,1,70.5,1.0,0.0
2025-11-12,LOC-07,SVC-07,Routine,1,1.0,1.0,0.0
2025-11-12,LOC-06,SVC-03,Routine,1,18.4,1.0,0.0
2025-11-12,LOC-07,SVC-01,Routine,1,32.1,1.0,0.0
2025-11-12,LOC-09,SVC-01,Emergency,1,86.0,0.0,0.0
2025-11-12,LOC-10,SVC-03,Emergency,1,76.0,0.0,0.0
2025-11-12,LOC-02,SVC-01,Priority,1,43.8,1.0,0.0
2025-11-13,LOC-07,SVC-02,Routine,2,19.35,2.0,0.0
2025-11-13,LOC-02,SVC-05,Emergency,1,88.1,0.0,0.0
2025-11-13,LOC-08,SVC-02,Priority,1,35.9,1.0,0.0
2025-11-14,LOC-04,SVC-02,Urgent,1,84.1,0.0,0.0
2025-11-14,LOC-05,SVC-05,Priority,1,33.8,1.0,0.0
2025-11-14,LOC-06,SVC-03,Emergency,1,80.8,0.0,0.0
2025-11-14,LOC-03,SVC-07,Urgent,1,89.2,0.0,0.0
2025-11-14,LOC-03,SVC-08,Routine,1,56.2,1.0,0.0
2025-11-15,LOC-04,SVC-03,Routine,1,11.5,1.0,0.0
2025-11-15,LOC-04,SVC-05,Routine,1,,1.0,0.0
2025-11-15,LOC-05,SVC-02,Priority,1,32.2,1.0,0.0
2025-11-16,LOC-06,SVC-01,Urgent,1,27.1,0.0,0.0
2025-11-16,LOC-09,SVC-07,Emergency,1,88.4,0.0,0.0
2025-11-16,LOC-07,SVC-05,Priority,1,88.9,1.0,0.0
2025-11-16,LOC-08,SVC-09,Routine,1,15.4,1.0,0.0
2025-11-17,LOC-01,SVC-08,Urgent,1,53.1,1.0,0.0
2025-11-17,LOC-08,SVC-05,Priority,1,34.8,1.0,0.0
2025-11-18,LOC-02,SVC-05,Urgent,1,49.0,0.0,0.0
2025-11-18,LOC-05,SVC-01,Routine,1,63.4,1.0,0.0
2025-11-18,LOC-04,SVC-07,Priority,1,62.7,1.0,0.0
2025-11-18,LOC-07,SVC-09,Priority,1,39.3,1.0,0.0
2025-11-18,LOC-06,SVC-05,Routine,1,8.0,1.0,0.0
2025-11-19,LOC-07,SVC-06,Urgent,1,61.1,1.0,0.0
2025-11-19,LOC-06,SVC-02,Urgent,1,80.0,1.0,0.0
2025-11-20,LOC-08,SVC-02,Routine,1,31.1,1.0,0.0
2025-11-20,LOC-09,SVC-02,Priority,2,38.599999999999994,2.0,0.0
2025-11-20,LOC-09,SVC-03,Routine,1,4.7,1.0,0.0
2025-11-20,LOC-01,SVC-09,Routine,1,1.0,1.0,0.0
2025-11-20,LOC-03,SVC-07,Routine,1,1.3,1.0,0.0
2025-11-20,LOC-01,SVC-05,Priority,1,41.6,1.0,0.0
2025-11-20,LOC-05,SVC-02,Routine,1,17.9,1.0,0.0
2025-11-21,LOC-03,SVC-04,Urgent,1,88.2,1.0,0.0
2025-11-21,LOC-03,SVC-06,Routine,1,19.1,1.0,0.0
2025-11-21,LOC-09,SVC-01,Priority,1,38.1,1.0,0.0
2025-11-21,LOC-02,SVC-06,Routine,1,24.5,1.0,0.0
2025-11-21,LOC-09,SVC-09,Priority,1,66.8,1.0,0.0
2025-11-21,LOC-04,SVC-02,Routine,2,20.799999999999997,2.0,0.0
2025-11-21,LOC-10,SVC-01,Urgent,1,34.5,1.0,0.0
2025-11-22,LOC-06,SVC-06,Routine,1,50.6,1.0,0.0
2025-11-22,LOC-02,SVC-01,Routine,1,36.5,1.0,0.0
2025-11-23,LOC-10,SVC-03,Priority,1,19.3,1.0,0.0
2025-11-24,LOC-03,SVC-02,Priority,1,20.9,1.0,0.0
2025-11-24,LOC-10,SVC-07,Priority,1,,0.0,0.0
2025-11-24,LOC-08,SVC-06,Urgent,1,9.5,1.0,0.0
2025-11-24,LOC-10,SVC-09,Routine,1,25.5,1.0,0.0
2025-11-25,LOC-08,SVC-05,Priority,1,13.9,1.0,0.0
2025-11-25,LOC-02,SVC-01,Routine,2,9.2,2.0,0.0
2025-11-25,LOC-02,SVC-07,Routine,1,50.7,1.0,0.0
2025-11-26,LOC-05,SVC-07,Priority,1,41.1,1.0,0.0
2025-11-26,LOC-01,SVC-01,Routine,1,17.4,1.0,0.0
2025-11-26,LOC-04,SVC-01,Priority,1,64.4,1.0,0.0
2025-11-26,LOC-08,SVC-02,Routine,1,15.6,1.0,0.0
2025-11-27,LOC-03,SVC-04,Priority,1,,1.0,0.0
2025-11-27,LOC-08,SVC-01,Routine,1,11.9,1.0,0.0
2025-11-27,LOC-03,SVC-05,Emergency,1,78.1,1.0,0.0
2025-11-27,LOC-04,SVC-04,Routine,1,13.8,1.0,0.0
2025-11-27,LOC-02,SVC-03,Routine,1,48.1,1.0,0.0
2025-11-28,LOC-05,SVC-07,Routine,1,61.9,1.0,0.0
2025-11-28,LOC-01,SVC-01,Routine,1,40.5,1.0,0.0
2025-11-30,LOC-03,SVC-08,Urgent,1,32.5,1.0,0.0
2025-12-01,LOC-01,SVC-09,Routine,1,40.8,1.0,0.0
2025-12-01,LOC-09,SVC-01,Priority,1,63.9,1.0,0.0
2025-12-01,LOC-05,SVC-06,Urgent,1,63.6,1.0,0.0
2025-12-01,LOC-07,SVC-06,Routine,1,36.3,1.0,0.0
2025-12-01,LOC-09,SVC-07,Routine,1,5.5,1.0,0.0
2025-12-01,LOC-06,SVC-07,Priority,1,37.5,1.0,0.0
2025-12-02,LOC-02,SVC-06,Urgent,1,82.0,1.0,0.0
2025-12-02,LOC-07,SVC-09,Urgent,1,40.2,0.0,0.0
2025-12-02,LOC-03,SVC-07,Urgent,1,67.1,0.0,0.0
2025-12-02,LOC-08,SVC-02,Routine,1,24.7,1.0,0.0
2025-12-02,LOC-09,SVC-09,Routine,1,33.5,1.0,0.0
2025-12-02,LOC-02,SVC-02,Emergency,1,80.7,0.0,0.0
2025-12-03,LOC-10,SVC-02,Priority,1,60.6,1.0,0.0
2025-12-03,LOC-09,SVC-02,Routine,1,37.4,1.0,0.0
2025-12-03,LOC-05,SVC-07,Routine,2,27.7,2.0,0.0
2025-12-03,LOC-05,SVC-05,Urgent,1,29.1,1.0,0.0
2025-12-04,LOC-08,SVC-07,Routine,1,12.2,1.0,0.0
2025-12-04,LOC-07,SVC-01,Routine,1,10.7,1.0,0.0
2025-12-05,LOC-08,SVC-06,Priority,1,36.3,1.0,0.0
2025-12-05,LOC-06,SVC-08,Priority,1,40.1,1.0,0.0
2025-12-05,LOC-08,SVC-04,Routine,1,10.0,1.0,0.0
2025-12-05,LOC-01,SVC-04,Urgent,1,32.0,0.0,0.0
2025-12-06,LOC-02,SVC-01,Emergency,1,37.0,0.0,0.0
2025-12-06,LOC-02,SVC-07,Routine,1,42.4,1.0,0.0
2025-12-06,LOC-07,SVC-01,Emergency,1,24.9,0.0,0.0
2025-12-07,LOC-03,SVC-01,Priority,1,79.5,1.0,0.0
2025-12-08,LOC-09,SVC-07,Urgent,1,66.0,0.0,0.0
2025-12-08,LOC-04,SVC-05,Routine,1,8.8,1.0,0.0
2025-12-08,LOC-01,SVC-05,Priority,1,61.9,0.0,0.0
2025-12-09,LOC-03,SVC-05,Urgent,2,31.0,2.0,0.0
2025-12-09,LOC-03,SVC-01,Routine,1,39.1,1.0,0.0
2025-12-09,LOC-06,SVC-06,Urgent,1,51.4,1.0,0.0
2025-12-09,LOC-04,SVC-06,Routine,1,40.1,1.0,0.0
2025-12-10,LOC-03,SVC-06,Routine,1,28.3,1.0,0.0
2025-12-10,LOC-08,SVC-03,Routine,1,18.5,1.0,0.0
2025-12-10,LOC-09,SVC-08,Routine,1,38.5,1.0,0.0
2025-12-10,LOC-02,SVC-01,Priority,1,76.1,1.0,0.0
2025-12-11,LOC-04,SVC-01,Routine,1,45.6,1.0,0.0
2025-12-11,LOC-07,SVC-02,Routine,1,44.5,1.0,0.0
2025-12-11,LOC-08,SVC-03,Urgent,1,83.6,1.0,0.0
2025-12-12,LOC-05,SVC-03,Routine,1,20.7,1.0,0.0
2025-12-12,LOC-01,SVC-06,Urgent,1,63.6,0.0,0.0
2025-12-12,LOC-02,SVC-01,Priority,1,58.1,1.0,0.0
2025-12-12,LOC-07,SVC-07,Routine,1,12.4,1.0,0.0
2025-12-12,LOC-07,SVC-09,Routine,1,42.6,1.0,0.0
2025-12-13,LOC-04,SVC-07,Routine,1,43.4,1.0,0.0
2025-12-13,LOC-06,SVC-02,Routine,1,15.2,1.0,0.0
2025-12-13,LOC-06,SVC-05,Routine,1,7.7,1.0,0.0
2025-12-14,LOC-07,SVC-02,Priority,1,35.5,1.0,0.0
2025-12-14,LOC-08,SVC-01,Emergency,1,80.4,0.0,0.0
2025-12-14,LOC-03,SVC-05,Priority,1,18.8,1.0,0.0
2025-12-15,LOC-09,SVC-05,Urgent,1,59.4,1.0,0.0
2025-12-15,LOC-10,SVC-02,Routine,1,11.5,1.0,0.0
2025-12-15,LOC-04,SVC-01,Urgent,1,46.4,1.0,0.0
2025-12-15,LOC-07,SVC-03,Priority,1,62.7,1.0,0.0
2025-12-15,LOC-03,SVC-06,Priority,1,16.2,1.0,0.0
2025-12-16,LOC-04,SVC-01,Urgent,1,86.7,0.0,0.0
2025-12-16,LOC-04,SVC-05,Routine,1,63.5,1.0,0.0
2025-12-16,LOC-08,SVC-04,Routine,1,63.3,1.0,0.0
2025-12-16,LOC-09,SVC-02,Emergency,1,40.9,0.0,0.0
2025-12-16,LOC-03,SVC-02,Urgent,1,39.3,1.0,0.0
2025-12-16,LOC-07,SVC-03,Priority,1,61.3,1.0,0.0
2025-12-16,LOC-07,SVC-01,Routine,1,36.4,1.0,0.0
2025-12-16,LOC-01,SVC-04,Routine,1,25.3,1.0,0.0
2025-12-17,LOC-08,SVC-05,Priority,1,17.3,1.0,0.0
2025-12-17,LOC-10,SVC-01,Priority,1,12.4,1.0,0.0
2025-12-17,LOC-01,SVC-02,Priority,1,41.6,1.0,0.0
2025-12-17,LOC-06,SVC-01,Urgent,1,29.7,1.0,0.0
2025-12-18,LOC-01,SVC-05,Routine,1,38.2,1.0,0.0
2025-12-18,LOC-04,SVC-02,Priority,1,8.3,1.0,0.0
2025-12-18,LOC-04,SVC-01,Priority,1,15.9,1.0,0.0
2025-12-18,LOC-08,SVC-08,Urgent,1,66.5,1.0,0.0
2025-12-18,LOC-09,SVC-02,Routine,1,14.6,1.0,0.0
2025-12-18,LOC-07,SVC-09,Priority,1,61.7,1.0,0.0
2025-12-18,LOC-07,SVC-03,Priority,1,55.1,0.0,0.0
2025-12-18,LOC-09,SVC-01,Priority,1,35.9,1.0,0.0
2025-12-18,LOC-08,SVC-07,Emergency,1,85.1,0.0,0.0
2025-12-19,LOC-08,SVC-01,Routine,1,22.8,1.0,0.0
2025-12-19,LOC-09,SVC-06,Priority,1,54.4,1.0,0.0
2025-12-19,LOC-06,SVC-09,Priority,1,82.7,1.0,0.0
2025-12-19,LOC-03,SVC-01,Routine,1,18.9,1.0,0.0
2025-12-19,LOC-10,SVC-05,Routine,1,14.4,1.0,0.0
2025-12-20,LOC-03,SVC-07,Routine,2,12.55,2.0,0.0
2025-12-20,LOC-04,SVC-08,Urgent,1,41.4,1.0,0.0
2025-12-20,LOC-03,SVC-06,Routine,1,12.7,1.0,0.0
2025-12-20,LOC-10,SVC-06,Routine,1,13.0,1.0,0.0
2025-12-20,LOC-04,SVC-04,Routine,1,11.1,1.0,0.0
2025-12-20,LOC-08,SVC-04,Priority,1,39.4,1.0,0.0
2025-12-21,LOC-08,SVC-02,Routine,1,,1.0,0.0
2025-12-21,LOC-08,SVC-06,Urgent,1,55.4,1.0,0.0
2025-12-22,LOC-02,SVC-03,Priority,1,63.2,1.0,0.0
2025-12-22,LOC-09,SVC-02,Routine,1,21.5,1.0,0.0
2025-12-22,LOC-04,SVC-06,Routine,1,6.1,1.0,0.0
2025-12-23,LOC-07,SVC-09,Urgent,1,15.3,1.0,0.0
2025-12-23,LOC-10,SVC-01,Routine,1,17.0,1.0,0.0
2025-12-23,LOC-06,SVC-06,Urgent,1,50.3,0.0,0.0
2025-12-24,LOC-04,SVC-01,Priority,1,44.3,0.0,0.0
2025-12-24,LOC-01,SVC-07,Urgent,1,35.6,1.0,0.0
2025-12-25,LOC-03,SVC-02,Routine,1,15.6,1.0,0.0
2025-12-25,LOC-05,SVC-04,Urgent,1,60.3,1.0,0.0
2025-12-26,LOC-02,SVC-08,Urgent,1,57.6,1.0,0.0
2025-12-26,LOC-07,SVC-02,Routine,1,10.0,1.0,0.0
2025-12-26,LOC-08,SVC-07,Routine,1,11.2,1.0,0.0
2025-12-26,LOC-01,SVC-07,Routine,1,43.7,1.0,0.0
2025-12-26,LOC-06,SVC-09,Routine,1,4.4,1.0,0.0
2025-12-26,LOC-10,SVC-03,Urgent,1,41.8,1.0,0.0
2025-12-27,LOC-02,SVC-05,Urgent,1,45.7,1.0,0.0
2025-12-27,LOC-06,SVC-01,Routine,1,10.3,1.0,0.0
2025-12-28,LOC-01,SVC-01,Priority,1,33.4,1.0,0.0
2025-12-28,LOC-01,SVC-06,Priority,1,63.2,1.0,0.0
2025-12-28,LOC-08,SVC-03,Priority,1,41.8,1.0,0.0
2025-12-28,LOC-10,SVC-01,Routine,1,70.3,1.0,0.0
2025-12-28,LOC-04,SVC-04,Urgent,1,56.6,0.0,0.0
2025-12-29,LOC-05,SVC-06,Urgent,1,37.9,0.0,0.0
2025-12-29,LOC-04,SVC-05,Routine,1,10.3,1.0,0.0
2025-12-29,LOC-01,SVC-05,Routine,1,34.5,1.0,0.0
2025-12-29,LOC-10,SVC-01,Routine,1,,1.0,0.0
2025-12-29,LOC-06,SVC-05,Priority,1,61.0,1.0,0.0
2025-12-30,LOC-08,SVC-05,Priority,1,22.2,1.0,0.0
2025-12-30,LOC-04,SVC-09,Routine,1,21.8,1.0,0.0
2025-12-30,LOC-02,SVC-05,Routine,1,6.8,1.0,0.0
2025-12-30,LOC-01,SVC-09,Routine,1,12.7,1.0,0.0
2025-12-30,LOC-02,SVC-03,Urgent,1,87.3,0.0,0.0
2025-12-31,LOC-06,SVC-06,Routine,1,48.2,1.0,0.0
2025-12-31,LOC-05,SVC-02,Routine,1,61.5,1.0,0.0
2025-12-31,LOC-10,SVC-03,Priority,2,61.2,2.0,0.0
2025-12-31,LOC-05,SVC-03,Urgent,1,36.9,0.0,0.0
2025-12-31,LOC-07,SVC-03,Routine,1,21.5,1.0,0.0
2026-01-01,LOC-05,SVC-07,Routine,1,40.5,1.0,0.0
2026-01-01,LOC-01,SVC-05,Urgent,1,42.4,1.0,0.0
2026-01-01,LOC-06,SVC-07,Routine,1,13.0,1.0,0.0
2026-01-01,LOC-02,SVC-09,Priority,1,58.2,1.0,0.0
2026-01-01,LOC-07,SVC-09,Routine,1,19.7,1.0,0.0
2026-01-01,LOC-03,SVC-06,Urgent,1,37.5,1.0,0.0
2026-01-01,LOC-02,SVC-01,Urgent,1,14.8,1.0,0.0
2026-01-02,LOC-10,SVC-05,Priority,1,21.7,1.0,0.0
2026-01-02,LOC-05,SVC-02,Routine,1,39.8,1.0,0.0
2026-01-03,LOC-08,SVC-05,Routine,1,12.1,1.0,0.0
2026-01-03,LOC-05,SVC-07,Urgent,1,59.8,1.0,0.0
2026-01-05,LOC-07,SVC-01,Routine,3,13.4,3.0,0.0
2026-01-05,LOC-02,SVC-01,Urgent,1,80.6,1.0,0.0
2026-01-05,LOC-10,SVC-07,Urgent,1,25.6,1.0,0.0
2026-01-05,LOC-05,SVC-03,Priority,1,29.9,1.0,0.0
2026-01-05,LOC-01,SVC-01,Urgent,1,83.1,1.0,0.0
2026-01-06,LOC-02,SVC-01,Routine,1,85.2,1.0,0.0
2026-01-06,LOC-08,SVC-06,Priority,1,34.7,1.0,0.0
2026-01-06,LOC-07,SVC-01,Priority,1,40.4,1.0,0.0
2026-01-06,LOC-01,SVC-05,Routine,1,37.1,1.0,0.0
2026-01-06,LOC-05,SVC-04,Urgent,1,18.5,1.0,0.0
2026-01-06,LOC-03,SVC-09,Routine,1,12.6,1.0,0.0
2026-01-07,LOC-07,SVC-08,Priority,1,27.6,1.0,0.0
2026-01-07,LOC-03,SVC-05,Routine,1,37.6,1.0,0.0
2026-01-07,LOC-08,SVC-05,Routine,1,18.1,1.0,0.0
2026-01-07,LOC-03,SVC-02,Routine,1,18.6,1.0,0.0
2026-01-08,LOC-08,SVC-03,Routine,1,10.8,1.0,0.0
2026-01-08,LOC-06,SVC-03,Priority,1,43.3,1.0,0.0
2026-01-08,LOC-06,SVC-01,Urgent,1,74.1,0.0,0.0
2026-01-08,LOC-02,SVC-09,Routine,1,57.4,1.0,0.0
2026-01-08,LOC-05,SVC-02,Priority,2,25.650000000000002,1.0,1.0
2026-01-09,LOC-06,SVC-02,Routine,1,10.4,1.0,0.0
2026-01-09,LOC-09,SVC-07,Routine,1,32.2,1.0,0.0
2026-01-10,LOC-08,SVC-06,Routine,1,34.5,1.0,0.0
2026-01-10,LOC-10,SVC-02,Priority,1,37.1,1.0,0.0
2026-01-10,LOC-06,SVC-07,Routine,1,,1.0,0.0
2026-01-10,LOC-05,SVC-07,Routine,1,71.2,1.0,0.0
2026-01-11,LOC-09,SVC-09,Routine,1,13.4,1.0,0.0
2026-01-11,LOC-01,SVC-01,Routine,1,34.5,1.0,0.0
2026-01-11,LOC-10,SVC-01,Routine,1,56.1,1.0,0.0
2026-01-11,LOC-01,SVC-03,Routine,1,,1.0,0.0
2026-01-12,LOC-03,SVC-06,Routine,1,51.5,1.0,0.0
2026-01-12,LOC-06,SVC-02,Priority,1,61.1,1.0,0.0
2026-01-12,LOC-10,SVC-05,Routine,1,49.2,1.0,0.0
2026-01-13,LOC-07,SVC-06,Routine,1,4.4,1.0,0.0
2026-01-14,LOC-01,SVC-05,Priority,1,13.9,1.0,0.0
2026-01-14,LOC-04,SVC-03,Priority,1,76.6,1.0,0.0
2026-01-14,LOC-02,SVC-05,Routine,1,59.4,1.0,0.0
2026-01-15,LOC-06,SVC-01,Routine,1,,1.0,0.0
2026-01-15,LOC-01,SVC-01,Emergency,1,98.7,0.0,0.0
2026-01-16,LOC-05,SVC-01,Priority,1,14.3,1.0,0.0
2026-01-16,LOC-08,SVC-07,Routine,1,38.0,1.0,0.0
2026-01-16,LOC-09,SVC-07,Priority,1,43.0,1.0,0.0
2026-01-16,LOC-06,SVC-01,Priority,1,5.7,1.0,0.0
2026-01-16,LOC-05,SVC-02,Emergency,1,,0.0,0.0
2026-01-16,LOC-09,SVC-09,Routine,1,30.2,1.0,0.0
2026-01-16,LOC-05,SVC-03,Priority,1,33.5,1.0,0.0
2026-01-17,LOC-04,SVC-01,Routine,1,21.1,1.0,0.0
2026-01-17,LOC-02,SVC-05,Routine,1,45.0,1.0,0.0
2026-01-17,LOC-09,SVC-04,Routine,1,16.5,1.0,0.0
2026-01-18,LOC-04,SVC-07,Routine,1,,1.0,0.0
2026-01-18,LOC-10,SVC-01,Priority,1,67.0,1.0,0.0
2026-01-19,LOC-01,SVC-01,Priority,1,33.8,1.0,0.0
2026-01-19,LOC-06,SVC-07,Priority,1,60.6,1.0,0.0
2026-01-19,LOC-05,SVC-01,Routine,1,44.2,1.0,0.0
2026-01-19,LOC-09,SVC-07,Urgent,1,63.0,1.0,0.0
2026-01-20,LOC-10,SVC-05,Routine,1,42.1,1.0,0.0
2026-01-20,LOC-06,SVC-01,Routine,1,16.2,1.0,0.0
2026-01-20,LOC-05,SVC-01,Routine,1,64.0,1.0,0.0
2026-01-21,LOC-03,SVC-09,Routine,1,46.4,1.0,0.0
2026-01-21,LOC-10,SVC-01,Routine,1,19.3,1.0,0.0
2026-01-21,LOC-05,SVC-03,Priority,1,47.0,1.0,0.0
2026-01-22,LOC-06,SVC-03,Priority,1,40.8,1.0,0.0
2026-01-22,LOC-07,SVC-05,Urgent,1,61.2,0.0,0.0
2026-01-22,LOC-03,SVC-05,Priority,1,36.5,1.0,0.0
2026-01-22,LOC-03,SVC-01,Priority,1,32.2,1.0,0.0
2026-01-23,LOC-02,SVC-07,Routine,1,47.1,1.0,0.0
2026-01-23,LOC-05,SVC-05,Routine,1,28.2,1.0,0.0
2026-01-23,LOC-04,SVC-04,Urgent,1,91.3,0.0,0.0
2026-01-24,LOC-06,SVC-03,Priority,1,75.0,1.0,0.0
2026-01-24,LOC-06,SVC-04,Urgent,1,19.8,1.0,0.0
2026-01-25,LOC-04,SVC-01,Priority,1,37.4,1.0,0.0
2026-01-25,LOC-05,SVC-03,Routine,1,25.2,1.0,0.0
2026-01-26,LOC-03,SVC-06,Priority,1,44.1,1.0,0.0
2026-01-26,LOC-04,SVC-03,Priority,1,18.8,1.0,0.0
2026-01-26,LOC-07,SVC-01,Emergency,1,44.0,0.0,0.0
2026-01-26,LOC-10,SVC-04,Routine,1,16.7,1.0,0.0
2026-01-26,LOC-02,SVC-06,Priority,1,29.3,1.0,0.0
2026-01-26,LOC-02,SVC-03,Routine,1,14.5,1.0,0.0
2026-01-26,LOC-05,SVC-02,Priority,1,39.2,1.0,0.0
2026-01-26,LOC-10,SVC-01,Routine,1,20.2,1.0,0.0
2026-01-26,LOC-01,SVC-06,Priority,1,33.1,1.0,0.0
2026-01-26,LOC-06,SVC-02,Urgent,1,12.3,1.0,0.0
2026-01-26,LOC-08,SVC-03,Priority,1,13.5,1.0,0.0
2026-01-26,LOC-09,SVC-05,Priority,1,12.5,1.0,0.0
2026-01-27,LOC-06,SVC-02,Routine,2,30.9,2.0,0.0
2026-01-27,LOC-06,SVC-03,Priority,1,18.4,1.0,0.0
2026-01-27,LOC-09,SVC-01,Urgent,1,73.9,1.0,0.0
2026-01-27,LOC-06,SVC-04,Routine,1,38.1,1.0,0.0
2026-01-27,LOC-07,SVC-06,Routine,1,35.9,1.0,0.0
2026-01-28,LOC-09,SVC-06,Routine,1,10.4,1.0,0.0
2026-01-28,LOC-10,SVC-02,Urgent,1,61.2,1.0,0.0
2026-01-28,LOC-06,SVC-05,Routine,1,39.9,1.0,0.0
2026-01-28,LOC-10,SVC-03,Routine,1,68.1,1.0,0.0
2026-01-29,LOC-06,SVC-01,Routine,1,11.3,1.0,0.0
2026-01-29,LOC-01,SVC-09,Urgent,1,67.7,0.0,0.0
2026-01-29,LOC-01,SVC-07,Priority,1,86.7,1.0,0.0
2026-01-29,LOC-06,SVC-02,Routine,1,21.0,1.0,0.0
2026-01-29,LOC-07,SVC-02,Urgent,1,33.7,1.0,0.0
2026-01-29,LOC-10,SVC-01,Routine,1,20.0,1.0,0.0
2026-01-29,LOC-04,SVC-02,Urgent,1,97.1,0.0,0.0
2026-01-30,LOC-05,SVC-08,Urgent,1,49.5,1.0,0.0
2026-01-30,LOC-09,SVC-07,Priority,1,36.2,1.0,0.0
2026-01-30,LOC-06,SVC-07,Emergency,1,68.1,0.0,0.0
2026-01-30,LOC-04,SVC-05,Priority,1,37.8,1.0,0.0
2026-01-31,LOC-03,SVC-03,Priority,2,8.0,2.0,0.0
2026-02-01,LOC-01,SVC-04,Priority,1,45.6,1.0,0.0
2026-02-02,LOC-03,SVC-06,Routine,1,23.2,1.0,0.0
2026-02-02,LOC-02,SVC-01,Routine,1,65.6,1.0,0.0
2026-02-02,LOC-04,SVC-01,Priority,1,17.3,1.0,0.0
2026-02-03,LOC-06,SVC-03,Urgent,1,81.3,1.0,0.0
2026-02-03,LOC-09,SVC-03,Routine,1,30.9,1.0,0.0
2026-02-03,LOC-02,SVC-01,Routine,1,36.9,1.0,0.0
2026-02-03,LOC-04,SVC-05,Routine,1,33.7,1.0,0.0
2026-02-03,LOC-07,SVC-06,Priority,1,49.7,1.0,0.0
2026-02-04,LOC-03,SVC-02,Routine,1,66.0,1.0,0.0
2026-02-04,LOC-08,SVC-04,Routine,1,23.3,1.0,0.0
2026-02-04,LOC-04,SVC-05,Priority,1,59.7,1.0,0.0
2026-02-05,LOC-06,SVC-04,Routine,1,27.5,1.0,0.0
2026-02-05,LOC-04,SVC-05,Urgent,1,18.5,1.0,0.0
2026-02-05,LOC-04,SVC-03,Urgent,1,74.4,1.0,0.0
2026-02-06,LOC-08,SVC-02,Priority,1,16.6,1.0,0.0
2026-02-06,LOC-10,SVC-04,Priority,1,88.1,1.0,0.0
2026-02-06,LOC-07,SVC-01,Routine,1,43.6,1.0,0.0
2026-02-06,LOC-01,SVC-06,Routine,1,59.8,1.0,0.0
2026-02-07,LOC-05,SVC-03,Routine,1,37.1,1.0,0.0
2026-02-07,LOC-08,SVC-02,Priority,1,63.3,1.0,0.0
2026-02-08,LOC-03,SVC-03,Routine,1,,1.0,0.0
2026-02-08,LOC-10,SVC-03,Urgent,1,67.7,1.0,0.0
2026-02-08,LOC-09,SVC-04,Routine,1,14.9,1.0,0.0
2026-02-09,LOC-05,SVC-01,Priority,2,42.0,2.0,0.0
2026-02-09,LOC-10,SVC-06,Routine,1,1.4,1.0,0.0
2026-02-10,LOC-02,SVC-05,Priority,1,63.3,0.0,0.0
2026-02-10,LOC-06,SVC-06,Priority,1,33.5,1.0,0.0
2026-02-10,LOC-03,SVC-06,Routine,1,16.6,1.0,0.0
2026-02-10,LOC-03,SVC-01,Routine,3,29.66666666666666,3.0,0.0
2026-02-10,LOC-06,SVC-01,Emergency,1,62.6,1.0,0.0
2026-02-10,LOC-09,SVC-06,Routine,1,86.2,1.0,0.0
2026-02-10,LOC-04,SVC-01,Priority,1,38.4,1.0,0.0
2026-02-11,LOC-06,SVC-03,Routine,1,29.8,1.0,0.0
2026-02-11,LOC-10,SVC-01,Routine,1,73.6,1.0,0.0
2026-02-11,LOC-06,SVC-04,Priority,1,22.1,1.0,0.0
2026-02-11,LOC-03,SVC-04,Urgent,1,58.1,1.0,0.0
2026-02-11,LOC-08,SVC-01,Routine,1,46.6,1.0,0.0
2026-02-11,LOC-02,SVC-01,Priority,1,39.1,1.0,0.0
2026-02-12,LOC-03,SVC-06,Routine,1,9.2,1.0,0.0
2026-02-12,LOC-10,SVC-06,Urgent,1,55.3,0.0,0.0
2026-02-12,LOC-08,SVC-02,Routine,1,42.2,1.0,0.0
2026-02-12,LOC-08,SVC-03,Emergency,1,66.7,1.0,0.0
2026-02-12,LOC-06,SVC-03,Urgent,1,34.8,1.0,0.0
2026-02-13,LOC-10,SVC-04,Routine,1,14.6,1.0,0.0
2026-02-13,LOC-10,SVC-01,Priority,1,79.0,1.0,0.0
2026-02-13,LOC-01,SVC-07,Priority,1,30.7,1.0,0.0
2026-02-13,LOC-06,SVC-07,Priority,1,25.3,1.0,0.0
2026-02-13,LOC-08,SVC-05,Routine,1,7.1,1.0,0.0
2026-02-13,LOC-06,SVC-03,Routine,1,19.9,1.0,0.0
2026-02-13,LOC-09,SVC-04,Urgent,1,,1.0,0.0
2026-02-14,LOC-05,SVC-01,Priority,1,74.0,1.0,0.0
2026-02-14,LOC-06,SVC-05,Routine,1,16.3,1.0,0.0
2026-02-15,LOC-07,SVC-01,Priority,1,9.3,1.0,0.0
2026-02-16,LOC-07,SVC-03,Routine,1,37.9,1.0,0.0
2026-02-16,LOC-07,SVC-01,Routine,1,14.6,1.0,0.0
2026-02-16,LOC-05,SVC-06,Routine,1,41.6,1.0,0.0
2026-02-16,LOC-10,SVC-02,Routine,1,21.2,1.0,0.0
2026-02-17,LOC-05,SVC-01,Routine,1,51.1,1.0,0.0
2026-02-17,LOC-09,SVC-02,Priority,1,27.4,1.0,0.0
2026-02-18,LOC-04,SVC-08,Urgent,1,63.8,1.0,0.0
2026-02-18,LOC-07,SVC-01,Urgent,1,45.7,0.0,0.0
2026-02-18,LOC-08,SVC-03,Priority,1,36.4,1.0,0.0
2026-02-18,LOC-10,SVC-04,Routine,1,13.0,1.0,0.0
2026-02-18,LOC-10,SVC-01,Routine,1,40.8,1.0,0.0
2026-02-18,LOC-08,SVC-04,Routine,1,40.9,1.0,0.0
2026-02-18,LOC-08,SVC-01,Priority,1,98.7,1.0,0.0
2026-02-18,LOC-06,SVC-03,Routine,1,17.9,1.0,0.0
2026-02-18,LOC-03,SVC-08,Urgent,1,14.5,1.0,0.0
2026-02-18,LOC-01,SVC-07,Routine,1,39.6,1.0,0.0
2026-02-18,LOC-07,SVC-03,Routine,1,10.7,1.0,0.0
2026-02-19,LOC-04,SVC-02,Urgent,1,84.2,1.0,0.0
2026-02-19,LOC-05,SVC-04,Routine,1,43.4,1.0,0.0
2026-02-19,LOC-02,SVC-03,Routine,1,17.5,1.0,0.0
2026-02-19,LOC-10,SVC-08,Routine,1,43.7,1.0,0.0
2026-02-19,LOC-06,SVC-01,Priority,1,83.3,0.0,0.0
2026-02-20,LOC-01,SVC-03,Priority,1,22.4,1.0,0.0
2026-02-20,LOC-10,SVC-05,Routine,1,39.7,1.0,0.0
2026-02-20,LOC-01,SVC-04,Routine,1,71.3,1.0,0.0
2026-02-20,LOC-01,SVC-01,Routine,1,12.8,1.0,0.0
2026-02-20,LOC-06,SVC-06,Urgent,1,82.6,0.0,0.0
2026-02-22,LOC-08,SVC-05,Routine,1,18.8,1.0,0.0
2026-02-22,LOC-08,SVC-03,Routine,1,10.8,1.0,0.0
2026-02-23,LOC-01,SVC-01,Priority,1,35.9,1.0,0.0
2026-02-23,LOC-08,SVC-05,Priority,1,21.3,1.0,0.0
2026-02-23,LOC-06,SVC-05,Routine,1,25.8,1.0,0.0
2026-02-24,LOC-03,SVC-03,Urgent,1,47.4,1.0,0.0
2026-02-24,LOC-10,SVC-07,Routine,1,7.6,1.0,0.0
2026-02-24,LOC-01,SVC-07,Priority,1,6.3,1.0,0.0
2026-02-24,LOC-05,SVC-01,Urgent,1,55.3,0.0,0.0
2026-02-24,LOC-05,SVC-05,Urgent,1,69.1,1.0,0.0
2026-02-24,LOC-08,SVC-01,Priority,1,34.8,1.0,0.0
2026-02-24,LOC-10,SVC-01,Priority,1,67.2,1.0,0.0
2026-02-24,LOC-01,SVC-01,Priority,1,63.8,1.0,0.0
2026-02-25,LOC-07,SVC-05,Routine,2,48.4,2.0,0.0
2026-02-25,LOC-05,SVC-09,Routine,1,35.4,1.0,0.0
2026-02-26,LOC-10,SVC-07,Routine,1,38.6,1.0,0.0
2026-02-26,LOC-05,SVC-01,Urgent,1,81.0,1.0,0.0
2026-02-26,LOC-10,SVC-01,Urgent,1,70.8,1.0,0.0
2026-02-27,LOC-01,SVC-05,Priority,1,13.6,1.0,0.0
2026-02-27,LOC-04,SVC-06,Priority,1,15.1,1.0,0.0
2026-02-27,LOC-04,SVC-01,Priority,1,52.9,1.0,0.0
2026-02-28,LOC-05,SVC-03,Routine,1,23.2,1.0,0.0
2026-03-01,LOC-02,SVC-01,Routine,1,51.8,1.0,0.0
2026-03-01,LOC-05,SVC-07,Routine,1,30.7,1.0,0.0
2026-03-02,LOC-04,SVC-05,Urgent,1,56.3,0.0,0.0
2026-03-02,LOC-08,SVC-06,Routine,1,14.7,1.0,0.0
2026-03-02,LOC-05,SVC-07,Routine,1,31.5,1.0,0.0
2026-03-02,LOC-01,SVC-01,Routine,1,31.4,1.0,0.0
2026-03-03,LOC-10,SVC-02,Urgent,1,,1.0,0.0
2026-03-03,LOC-10,SVC-07,Routine,1,39.9,1.0,0.0
2026-03-03,LOC-05,SVC-07,Priority,1,82.6,1.0,0.0
2026-03-03,LOC-08,SVC-06,Urgent,1,79.9,1.0,0.0
2026-03-03,LOC-05,SVC-05,Routine,1,20.7,1.0,0.0
2026-03-04,LOC-02,SVC-07,Routine,1,14.9,1.0,0.0
2026-03-04,LOC-01,SVC-04,Urgent,1,50.5,1.0,0.0
2026-03-04,LOC-01,SVC-01,Priority,1,96.3,1.0,0.0
2026-03-04,LOC-07,SVC-02,Routine,1,12.1,1.0,0.0
2026-03-04,LOC-10,SVC-08,Priority,1,42.7,1.0,0.0
2026-03-05,LOC-08,SVC-07,Urgent,1,61.1,1.0,0.0
2026-03-05,LOC-02,SVC-09,Priority,1,34.5,1.0,0.0
2026-03-05,LOC-01,SVC-02,Routine,1,46.2,1.0,0.0
2026-03-05,LOC-08,SVC-03,Urgent,1,85.6,1.0,0.0
2026-03-05,LOC-03,SVC-02,Emergency,1,55.3,0.0,0.0
2026-03-06,LOC-07,SVC-01,Routine,1,60.1,1.0,0.0
2026-03-06,LOC-01,SVC-03,Urgent,1,90.3,1.0,0.0
2026-03-06,LOC-01,SVC-05,Routine,1,62.7,1.0,0.0
2026-03-06,LOC-01,SVC-04,Routine,1,71.5,1.0,0.0
2026-03-06,LOC-09,SVC-07,Routine,1,28.8,1.0,0.0
2026-03-06,LOC-04,SVC-06,Urgent,1,77.2,1.0,0.0
2026-03-07,LOC-08,SVC-04,Routine,1,11.1,1.0,0.0
2026-03-07,LOC-08,SVC-08,Urgent,1,57.1,1.0,0.0
2026-03-07,LOC-06,SVC-01,Routine,1,,1.0,0.0
2026-03-08,LOC-07,SVC-05,Routine,1,14.5,1.0,0.0
2026-03-08,LOC-06,SVC-02,Routine,1,20.2,1.0,0.0
2026-03-08,LOC-01,SVC-05,Routine,1,33.8,1.0,0.0
2026-03-08,LOC-05,SVC-01,Emergency,1,83.3,0.0,0.0
2026-03-08,LOC-05,SVC-05,Routine,1,25.8,1.0,0.0
2026-03-08,LOC-06,SVC-01,Urgent,1,65.3,0.0,0.0
2026-03-09,LOC-10,SVC-01,Routine,1,18.0,1.0,0.0
2026-03-09,LOC-08,SVC-06,Routine,1,12.3,1.0,0.0
2026-03-09,LOC-10,SVC-04,Priority,1,18.3,1.0,0.0
2026-03-09,LOC-06,SVC-03,Priority,1,61.5,1.0,0.0
2026-03-09,LOC-07,SVC-06,Priority,1,35.6,1.0,0.0
2026-03-10,LOC-07,SVC-05,Routine,1,36.0,1.0,0.0
2026-03-10,LOC-05,SVC-05,Priority,1,7.5,1.0,0.0
2026-03-10,LOC-08,SVC-01,Routine,1,24.4,1.0,0.0
2026-03-10,LOC-09,SVC-02,Routine,1,20.6,1.0,0.0
2026-03-11,LOC-09,SVC-03,Urgent,1,91.3,0.0,0.0
2026-03-11,LOC-06,SVC-05,Routine,1,37.9,1.0,0.0
2026-03-11,LOC-10,SVC-06,Routine,1,15.1,1.0,0.0
2026-03-11,LOC-02,SVC-05,Emergency,1,63.8,0.0,0.0
2026-03-11,LOC-03,SVC-01,Routine,1,38.3,1.0,0.0
2026-03-12,LOC-07,SVC-02,Priority,1,31.4,1.0,0.0
2026-03-12,LOC-08,SVC-04,Routine,1,30.1,1.0,0.0
2026-03-12,LOC-10,SVC-02,Priority,1,14.4,1.0,0.0
2026-03-13,LOC-01,SVC-03,Urgent,1,76.6,1.0,0.0
2026-03-13,LOC-03,SVC-08,Routine,1,18.7,1.0,0.0
2026-03-13,LOC-05,SVC-03,Priority,1,32.2,1.0,0.0
2026-03-13,LOC-02,SVC-01,Priority,1,16.6,1.0,0.0
2026-03-13,LOC-04,SVC-03,Priority,1,70.4,0.0,0.0
2026-03-13,LOC-04,SVC-04,Routine,1,61.7,1.0,0.0
2026-03-13,LOC-07,SVC-06,Routine,1,18.5,1.0,0.0
2026-03-13,LOC-03,SVC-05,Priority,1,15.5,1.0,0.0
2026-03-13,LOC-02,SVC-05,Routine,1,65.3,1.0,0.0
2026-03-14,LOC-01,SVC-01,Routine,1,1.0,1.0,0.0
2026-03-14,LOC-04,SVC-02,Routine,1,45.2,1.0,0.0
2026-03-15,LOC-09,SVC-06,Routine,1,19.8,1.0,0.0
2026-03-15,LOC-03,SVC-07,Routine,1,38.4,1.0,0.0
2026-03-16,LOC-10,SVC-01,Routine,1,11.6,1.0,0.0
2026-03-16,LOC-07,SVC-09,Urgent,1,64.5,0.0,0.0
2026-03-16,LOC-09,SVC-03,Urgent,1,45.0,1.0,0.0
2026-03-16,LOC-03,SVC-07,Routine,1,19.0,1.0,0.0
2026-03-16,LOC-08,SVC-07,Routine,1,36.3,1.0,0.0
2026-03-17,LOC-02,SVC-08,Urgent,1,59.2,1.0,0.0
2026-03-17,LOC-05,SVC-09,Routine,1,50.5,1.0,0.0
2026-03-17,LOC-02,SVC-06,Routine,1,43.5,1.0,0.0
2026-03-17,LOC-08,SVC-07,Routine,1,16.6,1.0,0.0
2026-03-17,LOC-08,SVC-04,Routine,1,64.7,1.0,0.0
2026-03-17,LOC-07,SVC-05,Routine,1,,1.0,0.0
2026-03-17,LOC-10,SVC-06,Routine,1,41.1,1.0,0.0
2026-03-17,LOC-07,SVC-01,Routine,1,21.2,1.0,0.0
2026-03-18,LOC-07,SVC-05,Urgent,1,38.1,1.0,0.0
2026-03-18,LOC-08,SVC-03,Urgent,1,14.4,1.0,0.0
2026-03-18,LOC-02,SVC-06,Routine,1,31.1,1.0,0.0
2026-03-18,LOC-01,SVC-08,Priority,1,,1.0,0.0
2026-03-18,LOC-08,SVC-04,Routine,1,38.5,1.0,0.0
2026-03-18,LOC-02,SVC-08,Priority,1,47.6,1.0,0.0
2026-03-19,LOC-10,SVC-09,Urgent,1,18.7,1.0,0.0
2026-03-19,LOC-06,SVC-08,Urgent,1,64.3,1.0,0.0
2026-03-19,LOC-06,SVC-02,Routine,1,42.1,1.0,0.0
2026-03-19,LOC-08,SVC-06,Urgent,1,34.8,0.0,0.0
2026-03-20,LOC-03,SVC-02,Urgent,2,17.95,2.0,0.0
2026-03-20,LOC-02,SVC-01,Urgent,1,94.3,0.0,0.0
2026-03-20,LOC-02,SVC-07,Priority,1,68.7,1.0,0.0
2026-03-20,LOC-10,SVC-01,Priority,1,66.7,1.0,0.0
2026-03-20,LOC-09,SVC-09,Routine,1,41.7,1.0,0.0
2026-03-20,LOC-04,SVC-06,Routine,1,33.5,1.0,0.0
2026-03-20,LOC-01,SVC-02,Emergency,1,41.2,0.0,0.0
2026-03-20,LOC-01,SVC-07,Urgent,1,33.5,1.0,0.0
2026-03-20,LOC-06,SVC-01,Urgent,1,69.7,0.0,0.0
2026-03-21,LOC-02,SVC-08,Emergency,1,80.9,0.0,0.0
2026-03-21,LOC-03,SVC-05,Priority,1,56.3,1.0,0.0
2026-03-21,LOC-10,SVC-05,Routine,1,7.3,1.0,0.0
2026-03-21,LOC-02,SVC-02,Priority,1,84.3,1.0,0.0
2026-03-22,LOC-02,SVC-07,Routine,1,12.4,1.0,0.0
2026-03-22,LOC-09,SVC-05,Emergency,1,86.9,0.0,0.0
2026-03-22,LOC-02,SVC-02,Routine,1,45.1,1.0,0.0
2026-03-22,LOC-05,SVC-04,Priority,1,71.1,1.0,0.0
2026-03-23,LOC-06,SVC-01,Routine,2,23.049999999999997,2.0,0.0
2026-03-24,LOC-03,SVC-01,Routine,1,15.1,1.0,0.0
2026-03-24,LOC-06,SVC-05,Routine,1,56.1,1.0,0.0
2026-03-24,LOC-07,SVC-03,Emergency,1,39.6,0.0,0.0
2026-03-24,LOC-08,SVC-05,Routine,1,28.2,1.0,0.0
2026-03-24,LOC-06,SVC-01,Routine,1,,1.0,0.0
2026-03-24,LOC-02,SVC-07,Routine,1,12.8,1.0,0.0
2026-03-25,LOC-10,SVC-08,Priority,1,45.8,1.0,0.0
2026-03-25,LOC-10,SVC-09,Urgent,1,91.2,0.0,0.0
2026-03-25,LOC-03,SVC-06,Urgent,1,36.3,0.0,0.0
2026-03-25,LOC-01,SVC-01,Priority,1,61.1,1.0,0.0
2026-03-25,LOC-02,SVC-01,Routine,1,66.1,1.0,0.0
2026-03-25,LOC-05,SVC-07,Routine,1,,1.0,0.0
2026-03-25,LOC-01,SVC-06,Routine,1,42.8,1.0,0.0
2026-03-25,LOC-06,SVC-07,Routine,1,35.1,1.0,0.0
2026-03-26,LOC-09,SVC-05,Routine,1,60.5,1.0,0.0
2026-03-26,LOC-01,SVC-04,Routine,1,12.0,1.0,0.0
2026-03-26,LOC-08,SVC-08,Routine,1,37.1,1.0,0.0
2026-03-26,LOC-06,SVC-03,Priority,1,16.6,1.0,0.0
2026-03-26,LOC-05,SVC-03,Routine,1,8.3,1.0,0.0
2026-03-27,LOC-02,SVC-02,Urgent,1,34.9,1.0,0.0
2026-03-27,LOC-03,SVC-05,Urgent,1,50.5,1.0,0.0
2026-03-27,LOC-10,SVC-01,Priority,1,85.5,1.0,0.0
2026-03-27,LOC-03,SVC-06,Urgent,1,40.7,1.0,0.0
2026-03-27,LOC-08,SVC-07,Urgent,1,40.0,1.0,0.0
2026-03-28,LOC-10,SVC-02,Priority,1,81.6,1.0,0.0
2026-03-28,LOC-07,SVC-09,Routine,1,12.3,1.0,0.0
2026-03-28,LOC-05,SVC-04,Priority,1,40.8,1.0,0.0
2026-03-28,LOC-06,SVC-03,Routine,1,13.4,1.0,0.0
2026-03-28,LOC-09,SVC-02,Routine,1,17.4,1.0,0.0
2026-03-29,LOC-07,SVC-02,Priority,1,42.2,0.0,0.0
2026-03-29,LOC-09,SVC-07,Routine,1,34.2,1.0,0.0
2026-03-29,LOC-04,SVC-08,Routine,1,13.3,1.0,0.0
2026-03-30,LOC-05,SVC-05,Routine,1,18.9,1.0,0.0
2026-03-30,LOC-05,SVC-01,Priority,1,40.3,1.0,0.0
2026-03-30,LOC-03,SVC-06,Priority,1,38.3,1.0,0.0
2026-03-30,LOC-06,SVC-01,Routine,1,16.5,1.0,0.0
2026-03-30,LOC-06,SVC-03,Urgent,1,65.7,0.0,0.0
2026-03-30,LOC-10,SVC-01,Emergency,1,98.1,0.0,0.0
2026-03-31,LOC-03,SVC-02,Routine,1,36.7,1.0,0.0
2026-03-31,LOC-05,SVC-06,Routine,1,31.5,1.0,0.0
2026-03-31,LOC-06,SVC-02,Routine,1,9.3,1.0,0.0
2026-03-31,LOC-04,SVC-03,Emergency,1,88.6,0.0,0.0
2026-03-31,LOC-10,SVC-04,Routine,1,20.3,1.0,0.0
2026-03-31,LOC-02,SVC-02,Priority,1,89.6,1.0,0.0
2026-03-31,LOC-06,SVC-01,Urgent,1,62.1,1.0,0.0
2026-04-01,LOC-09,SVC-07,Urgent,1,43.1,0.0,0.0
2026-04-01,LOC-07,SVC-07,Priority,1,42.2,1.0,0.0
2026-04-01,LOC-10,SVC-06,Priority,1,14.7,1.0,0.0
2026-04-01,LOC-03,SVC-07,Urgent,2,42.8,1.0,1.0
2026-04-01,LOC-09,SVC-01,Priority,1,20.6,1.0,0.0
2026-04-01,LOC-07,SVC-06,Urgent,1,69.6,1.0,0.0
2026-04-02,LOC-01,SVC-01,Routine,1,21.9,1.0,0.0
2026-04-02,LOC-10,SVC-08,Urgent,1,43.6,1.0,0.0
2026-04-02,LOC-02,SVC-01,Routine,1,64.1,1.0,0.0
2026-04-02,LOC-02,SVC-07,Priority,1,44.0,1.0,0.0
2026-04-03,LOC-09,SVC-02,Routine,1,34.0,1.0,0.0
2026-04-03,LOC-03,SVC-07,Priority,1,64.0,1.0,0.0
2026-04-03,LOC-01,SVC-09,Priority,1,34.2,1.0,0.0
2026-04-03,LOC-01,SVC-02,Priority,1,85.7,1.0,0.0
2026-04-03,LOC-01,SVC-05,Priority,1,37.3,1.0,0.0
2026-04-04,LOC-10,SVC-04,Routine,1,23.3,1.0,0.0
2026-04-04,LOC-04,SVC-01,Emergency,1,13.5,0.0,0.0
2026-04-04,LOC-07,SVC-09,Priority,1,32.6,1.0,0.0
2026-04-04,LOC-05,SVC-06,Routine,1,35.6,1.0,0.0
2026-04-05,LOC-10,SVC-06,Routine,1,21.5,1.0,0.0
2026-04-05,LOC-07,SVC-02,Urgent,1,33.1,1.0,0.0
2026-04-05,LOC-01,SVC-07,Emergency,1,84.0,0.0,0.0
2026-04-06,LOC-01,SVC-01,Routine,2,15.35,2.0,0.0
2026-04-06,LOC-02,SVC-04,Routine,1,34.8,1.0,0.0
2026-04-06,LOC-07,SVC-07,Routine,1,27.8,1.0,0.0
2026-04-06,LOC-08,SVC-05,Urgent,1,73.8,1.0,0.0
2026-04-06,LOC-07,SVC-01,Priority,1,36.3,1.0,0.0
2026-04-07,LOC-09,SVC-02,Priority,1,32.2,1.0,0.0
2026-04-07,LOC-07,SVC-04,Routine,1,10.2,1.0,0.0
2026-04-07,LOC-02,SVC-06,Routine,1,14.2,1.0,0.0
2026-04-07,LOC-08,SVC-09,Priority,1,50.7,1.0,0.0
2026-04-07,LOC-09,SVC-01,Urgent,1,62.7,1.0,0.0
2026-04-07,LOC-10,SVC-03,Priority,1,11.1,1.0,0.0
2026-04-08,LOC-05,SVC-08,Urgent,1,60.8,0.0,0.0
2026-04-08,LOC-02,SVC-01,Emergency,1,43.0,0.0,0.0
2026-04-08,LOC-01,SVC-05,Routine,1,13.2,1.0,0.0
2026-04-08,LOC-02,SVC-09,Routine,1,16.3,1.0,0.0
2026-04-08,LOC-08,SVC-06,Routine,1,30.4,1.0,0.0
2026-04-08,LOC-05,SVC-09,Urgent,1,53.8,1.0,0.0
2026-04-09,LOC-07,SVC-07,Routine,1,28.2,1.0,0.0
2026-04-09,LOC-09,SVC-03,Priority,1,15.8,1.0,0.0
2026-04-09,LOC-03,SVC-02,Priority,1,65.4,1.0,0.0
2026-04-09,LOC-10,SVC-04,Routine,1,63.6,1.0,0.0
2026-04-10,LOC-07,SVC-03,Priority,2,70.8,1.0,0.0
2026-04-10,LOC-10,SVC-01,Routine,1,11.9,1.0,0.0
2026-04-10,LOC-08,SVC-02,Routine,1,6.7,1.0,0.0
2026-04-10,LOC-07,SVC-08,Routine,1,18.7,1.0,0.0
2026-04-11,LOC-02,SVC-08,Urgent,1,28.8,1.0,0.0
2026-04-11,LOC-02,SVC-03,Routine,1,42.9,1.0,0.0
2026-04-11,LOC-07,SVC-03,Urgent,1,15.9,1.0,0.0
2026-04-11,LOC-07,SVC-02,Routine,1,6.1,1.0,0.0
2026-04-11,LOC-09,SVC-07,Priority,1,33.9,1.0,0.0
2026-04-11,LOC-10,SVC-04,Routine,1,42.4,1.0,0.0
2026-04-12,LOC-01,SVC-05,Urgent,1,60.8,1.0,0.0
2026-04-12,LOC-08,SVC-01,Routine,1,17.9,1.0,0.0
2026-04-12,LOC-04,SVC-05,Routine,1,74.6,1.0,0.0
2026-04-12,LOC-01,SVC-01,Priority,1,89.2,1.0,0.0
2026-04-13,LOC-09,SVC-03,Urgent,1,39.2,1.0,0.0
2026-04-13,LOC-05,SVC-01,Routine,1,8.5,1.0,0.0
2026-04-13,LOC-07,SVC-03,Routine,1,12.2,1.0,0.0
2026-04-13,LOC-02,SVC-05,Emergency,1,87.0,0.0,0.0
2026-04-13,LOC-08,SVC-04,Urgent,1,70.1,1.0,0.0
2026-04-13,LOC-06,SVC-01,Urgent,1,62.6,1.0,0.0
2026-04-14,LOC-01,SVC-05,Priority,2,65.5,2.0,0.0
2026-04-14,LOC-09,SVC-02,Urgent,1,41.0,0.0,0.0
2026-04-14,LOC-05,SVC-08,Priority,1,38.2,1.0,0.0
2026-04-15,LOC-10,SVC-05,Priority,1,31.1,1.0,0.0
2026-04-15,LOC-09,SVC-01,Urgent,1,83.1,1.0,0.0
2026-04-15,LOC-10,SVC-08,Priority,1,22.4,1.0,0.0
2026-04-15,LOC-07,SVC-03,Priority,1,42.6,1.0,0.0
2026-04-15,LOC-08,SVC-01,Routine,1,23.8,1.0,0.0
2026-04-15,LOC-05,SVC-06,Urgent,1,68.3,0.0,0.0
2026-04-15,LOC-05,SVC-01,Routine,1,31.5,1.0,0.0
2026-04-15,LOC-04,SVC-07,Routine,1,27.1,1.0,0.0
2026-04-15,LOC-10,SVC-09,Routine,1,12.8,1.0,0.0
2026-04-16,LOC-08,SVC-06,Routine,1,36.4,1.0,0.0
2026-04-16,LOC-04,SVC-01,Routine,1,12.7,1.0,0.0
2026-04-17,LOC-06,SVC-09,Priority,1,26.3,1.0,0.0
2026-04-17,LOC-03,SVC-01,Priority,1,36.6,1.0,0.0
2026-04-17,LOC-10,SVC-05,Priority,1,39.9,1.0,0.0
2026-04-18,LOC-04,SVC-01,Urgent,1,75.8,1.0,0.0
2026-04-18,LOC-02,SVC-05,Routine,1,2.2,1.0,0.0
2026-04-19,LOC-07,SVC-01,Urgent,1,11.1,1.0,0.0
2026-04-19,LOC-03,SVC-02,Routine,1,12.9,1.0,0.0
2026-04-19,LOC-03,SVC-03,Urgent,1,16.0,1.0,0.0
2026-04-20,LOC-08,SVC-05,Urgent,1,44.6,1.0,0.0
2026-04-20,LOC-02,SVC-03,Urgent,1,96.2,1.0,0.0
2026-04-20,LOC-01,SVC-03,Priority,1,,1.0,0.0
2026-04-20,LOC-03,SVC-07,Urgent,1,28.0,1.0,0.0
2026-04-21,LOC-07,SVC-09,Routine,1,34.2,1.0,0.0
2026-04-21,LOC-03,SVC-07,Routine,1,17.4,1.0,0.0
2026-04-21,LOC-08,SVC-06,Routine,1,14.2,1.0,0.0
2026-04-21,LOC-06,SVC-01,Routine,1,26.1,1.0,0.0
2026-04-21,LOC-07,SVC-02,Priority,1,,1.0,0.0
2026-04-22,LOC-02,SVC-08,Priority,1,46.5,1.0,0.0
2026-04-22,LOC-07,SVC-09,Priority,1,1.0,1.0,0.0
2026-04-22,LOC-02,SVC-02,Priority,1,27.3,1.0,0.0
2026-04-22,LOC-02,SVC-01,Routine,1,12.4,1.0,0.0
2026-04-22,LOC-04,SVC-03,Priority,1,33.6,1.0,0.0
2026-04-22,LOC-01,SVC-06,Routine,1,10.0,1.0,0.0
2026-04-23,LOC-01,SVC-09,Routine,1,42.8,1.0,0.0
2026-04-23,LOC-07,SVC-01,Routine,2,21.299999999999997,2.0,0.0
2026-04-23,LOC-02,SVC-07,Routine,1,35.7,1.0,0.0
2026-04-23,LOC-03,SVC-01,Routine,1,46.6,1.0,0.0
2026-04-23,LOC-01,SVC-02,Routine,1,46.3,1.0,0.0
2026-04-24,LOC-01,SVC-07,Routine,2,14.399999999999999,2.0,0.0
2026-04-25,LOC-05,SVC-06,Emergency,1,62.7,0.0,0.0
2026-04-25,LOC-05,SVC-02,Routine,1,63.2,1.0,0.0
2026-04-25,LOC-03,SVC-04,Priority,1,,1.0,0.0
2026-04-25,LOC-02,SVC-08,Routine,1,14.8,1.0,0.0
2026-04-25,LOC-09,SVC-08,Routine,1,21.2,1.0,0.0
2026-04-26,LOC-06,SVC-08,Routine,1,6.6,1.0,0.0
2026-04-26,LOC-02,SVC-01,Routine,1,60.8,1.0,0.0
2026-04-26,LOC-07,SVC-05,Priority,1,36.4,0.0,0.0
2026-04-26,LOC-06,SVC-09,Priority,1,40.0,1.0,0.0
2026-04-27,LOC-06,SVC-05,Priority,1,7.1,1.0,0.0
2026-04-27,LOC-06,SVC-07,Routine,1,19.0,1.0,0.0
2026-04-27,LOC-02,SVC-01,Routine,1,25.7,1.0,0.0
2026-04-27,LOC-09,SVC-07,Urgent,1,38.7,1.0,0.0
2026-04-27,LOC-09,SVC-03,Routine,1,19.6,1.0,0.0
2026-04-27,LOC-06,SVC-04,Priority,1,36.9,1.0,0.0
2026-04-27,LOC-04,SVC-01,Priority,1,88.6,1.0,0.0
2026-04-28,LOC-02,SVC-01,Routine,1,17.6,1.0,0.0
2026-04-28,LOC-01,SVC-09,Urgent,1,84.7,1.0,0.0
2026-04-28,LOC-07,SVC-02,Priority,1,43.6,1.0,0.0
2026-04-28,LOC-07,SVC-01,Routine,1,15.9,1.0,0.0
2026-04-28,LOC-05,SVC-08,Routine,1,43.5,1.0,0.0
2026-04-29,LOC-06,SVC-02,Routine,1,40.1,1.0,0.0
2026-04-29,LOC-06,SVC-09,Priority,1,15.5,1.0,0.0
2026-04-29,LOC-05,SVC-07,Urgent,1,22.3,1.0,0.0
2026-04-29,LOC-04,SVC-08,Priority,1,13.4,1.0,0.0
2026-04-29,LOC-02,SVC-06,Priority,1,16.8,1.0,0.0
2026-04-29,LOC-10,SVC-07,Routine,1,46.8,1.0,0.0
2026-04-29,LOC-08,SVC-06,Routine,1,26.2,1.0,0.0
2026-04-29,LOC-02,SVC-05,Urgent,1,18.3,1.0,0.0
2026-04-30,LOC-03,SVC-05,Routine,1,41.9,1.0,0.0
2026-04-30,LOC-09,SVC-08,Routine,1,39.4,1.0,0.0
2026-04-30,LOC-08,SVC-08,Routine,1,16.1,1.0,0.0
2026-04-30,LOC-08,SVC-02,Routine,1,42.9,1.0,0.0
2026-04-30,LOC-09,SVC-01,Routine,2,10.850000000000001,2.0,0.0
2026-04-30,LOC-01,SVC-08,Priority,1,46.0,1.0,0.0
2026-04-30,LOC-06,SVC-03,Urgent,1,33.7,0.0,0.0
2026-05-01,LOC-05,SVC-02,Priority,1,31.4,1.0,0.0
2026-05-01,LOC-01,SVC-09,Priority,1,84.1,1.0,0.0
2026-05-01,LOC-04,SVC-05,Routine,1,13.3,1.0,0.0
2026-05-01,LOC-02,SVC-02,Urgent,1,16.2,1.0,0.0
2026-05-01,LOC-09,SVC-02,Priority,1,47.5,1.0,0.0
2026-05-01,LOC-02,SVC-01,Urgent,1,14.3,1.0,0.0
2026-05-01,LOC-01,SVC-06,Routine,1,22.1,1.0,0.0
2026-05-01,LOC-10,SVC-07,Priority,1,92.3,1.0,0.0
2026-05-01,LOC-03,SVC-06,Routine,1,10.3,1.0,0.0
2026-05-02,LOC-03,SVC-05,Routine,1,73.5,1.0,0.0
2026-05-02,LOC-06,SVC-04,Priority,1,66.8,0.0,0.0
2026-05-02,LOC-09,SVC-02,Routine,1,37.0,1.0,0.0
2026-05-03,LOC-08,SVC-05,Urgent,2,57.699999999999996,2.0,0.0
2026-05-03,LOC-07,SVC-07,Routine,1,,1.0,0.0
2026-05-04,LOC-01,SVC-03,Urgent,1,49.4,1.0,0.0
2026-05-04,LOC-09,SVC-05,Routine,1,18.4,1.0,0.0
2026-05-04,LOC-08,SVC-02,Routine,1,29.3,1.0,0.0
2026-05-04,LOC-07,SVC-07,Routine,1,21.1,1.0,0.0
2026-05-04,LOC-05,SVC-07,Urgent,1,44.9,0.0,0.0
2026-05-04,LOC-09,SVC-01,Routine,1,63.8,1.0,0.0
2026-05-05,LOC-01,SVC-08,Priority,1,,1.0,0.0
2026-05-05,LOC-05,SVC-01,Urgent,2,61.55,1.0,0.0
2026-05-05,LOC-05,SVC-08,Urgent,1,28.7,1.0,0.0
2026-05-05,LOC-07,SVC-08,Priority,1,87.5,1.0,0.0
2026-05-06,LOC-01,SVC-08,Priority,1,70.9,1.0,0.0
2026-05-06,LOC-06,SVC-07,Urgent,1,38.5,1.0,0.0
2026-05-06,LOC-03,SVC-02,Routine,1,26.0,1.0,0.0
2026-05-06,LOC-02,SVC-01,Urgent,1,85.9,1.0,0.0
2026-05-06,LOC-06,SVC-08,Routine,1,13.2,1.0,0.0
2026-05-06,LOC-01,SVC-01,Routine,1,29.1,1.0,0.0
2026-05-07,LOC-03,SVC-01,Emergency,1,91.8,0.0,0.0
2026-05-07,LOC-08,SVC-01,Priority,1,67.4,1.0,0.0
2026-05-07,LOC-02,SVC-01,Routine,1,45.5,1.0,0.0
2026-05-07,LOC-05,SVC-02,Priority,1,62.2,1.0,0.0
2026-05-07,LOC-02,SVC-09,Emergency,1,81.4,0.0,0.0
2026-05-07,LOC-07,SVC-01,Routine,1,69.1,1.0,0.0
2026-05-07,LOC-08,SVC-02,Routine,1,26.7,1.0,0.0
2026-05-07,LOC-03,SVC-03,Routine,1,19.8,1.0,0.0
2026-05-08,LOC-10,SVC-02,Urgent,1,85.0,1.0,0.0
2026-05-08,LOC-07,SVC-03,Routine,1,,1.0,0.0
2026-05-08,LOC-09,SVC-02,Routine,1,89.3,1.0,0.0
2026-05-08,LOC-07,SVC-06,Emergency,1,73.5,0.0,0.0
2026-05-08,LOC-03,SVC-03,Priority,1,41.0,1.0,0.0
2026-05-09,LOC-04,SVC-01,Routine,1,34.8,1.0,0.0
2026-05-09,LOC-05,SVC-06,Emergency,1,40.6,1.0,0.0
2026-05-09,LOC-10,SVC-03,Routine,1,48.2,1.0,0.0
2026-05-09,LOC-07,SVC-06,Urgent,1,64.4,1.0,0.0
2026-05-10,LOC-09,SVC-06,Emergency,1,41.6,1.0,0.0
2026-05-11,LOC-05,SVC-03,Priority,1,22.8,1.0,0.0
2026-05-11,LOC-06,SVC-04,Urgent,1,60.5,1.0,0.0
2026-05-11,LOC-02,SVC-05,Routine,1,25.1,1.0,0.0
2026-05-11,LOC-10,SVC-06,Routine,1,14.3,1.0,0.0
2026-05-11,LOC-05,SVC-06,Routine,1,37.5,1.0,0.0
2026-05-12,LOC-05,SVC-06,Routine,2,48.6,2.0,0.0
2026-05-12,LOC-03,SVC-05,Routine,1,,1.0,0.0
2026-05-12,LOC-10,SVC-02,Urgent,2,14.399999999999999,2.0,0.0
2026-05-12,LOC-08,SVC-07,Routine,1,,1.0,0.0
2026-05-12,LOC-09,SVC-07,Routine,1,63.0,1.0,0.0
2026-05-12,LOC-07,SVC-02,Urgent,1,73.1,1.0,0.0
2026-05-12,LOC-02,SVC-03,Routine,1,34.4,1.0,0.0
2026-05-12,LOC-09,SVC-04,Priority,1,35.1,1.0,0.0
2026-05-13,LOC-02,SVC-05,Routine,1,38.8,1.0,0.0
2026-05-13,LOC-08,SVC-01,Priority,1,41.1,1.0,0.0
2026-05-13,LOC-02,SVC-08,Routine,1,12.4,1.0,0.0
2026-05-13,LOC-09,SVC-01,Routine,1,28.9,1.0,0.0
2026-05-13,LOC-06,SVC-02,Routine,1,1.6,1.0,0.0
2026-05-13,LOC-10,SVC-08,Priority,1,18.6,1.0,0.0
2026-05-14,LOC-09,SVC-05,Routine,2,19.55,2.0,0.0
2026-05-14,LOC-09,SVC-06,Priority,1,9.2,1.0,0.0
2026-05-14,LOC-10,SVC-05,Priority,1,14.7,1.0,0.0
2026-05-14,LOC-02,SVC-07,Urgent,1,63.7,1.0,0.0
2026-05-14,LOC-01,SVC-08,Routine,1,27.3,1.0,0.0
2026-05-15,LOC-01,SVC-08,Priority,1,2.7,1.0,0.0
2026-05-15,LOC-04,SVC-03,Urgent,1,82.8,0.0,0.0
2026-05-15,LOC-08,SVC-01,Routine,1,14.6,1.0,0.0
2026-05-15,LOC-07,SVC-06,Routine,1,15.4,1.0,0.0
2026-05-15,LOC-09,SVC-02,Routine,1,35.5,1.0,0.0
2026-05-15,LOC-07,SVC-04,Emergency,1,,0.0,0.0
2026-05-15,LOC-09,SVC-01,Emergency,1,6.0,0.0,0.0
2026-05-15,LOC-10,SVC-06,Routine,1,20.1,1.0,0.0
2026-05-15,LOC-07,SVC-07,Priority,1,42.3,1.0,0.0
2026-05-16,LOC-10,SVC-02,Routine,1,6.5,1.0,0.0
2026-05-16,LOC-05,SVC-05,Urgent,1,52.5,1.0,0.0
2026-05-17,LOC-08,SVC-07,Emergency,1,19.6,1.0,0.0
2026-05-17,LOC-10,SVC-02,Urgent,1,33.4,1.0,0.0
2026-05-18,LOC-06,SVC-05,Routine,1,25.8,1.0,0.0
2026-05-18,LOC-10,SVC-07,Routine,1,19.9,1.0,0.0
2026-05-18,LOC-03,SVC-02,Routine,2,23.0,2.0,0.0
2026-05-18,LOC-03,SVC-09,Emergency,1,85.5,0.0,0.0
2026-05-18,LOC-02,SVC-01,Routine,1,74.8,1.0,0.0
2026-05-18,LOC-02,SVC-02,Priority,1,68.4,1.0,0.0
2026-05-19,LOC-09,SVC-09,Urgent,1,82.2,1.0,0.0
2026-05-19,LOC-06,SVC-02,Routine,1,14.7,1.0,0.0
2026-05-20,LOC-02,SVC-01,Priority,1,54.2,1.0,0.0
2026-05-20,LOC-06,SVC-01,Priority,1,72.5,1.0,0.0
2026-05-20,LOC-08,SVC-06,Routine,1,18.1,1.0,0.0
2026-05-20,LOC-06,SVC-02,Urgent,1,30.2,1.0,0.0
2026-05-20,LOC-01,SVC-05,Routine,1,18.3,1.0,0.0
2026-05-20,LOC-01,SVC-02,Routine,1,42.7,1.0,0.0
2026-05-21,LOC-05,SVC-01,Priority,1,31.2,1.0,0.0
2026-05-21,LOC-05,SVC-03,Urgent,1,39.8,1.0,0.0
2026-05-21,LOC-01,SVC-06,Priority,1,44.3,1.0,0.0
2026-05-21,LOC-03,SVC-05,Routine,1,16.7,1.0,0.0
2026-05-21,LOC-06,SVC-02,Priority,1,38.4,1.0,0.0
2026-05-21,LOC-06,SVC-01,Priority,1,50.3,0.0,0.0
2026-05-21,LOC-05,SVC-04,Urgent,1,69.0,1.0,0.0
2026-05-21,LOC-03,SVC-01,Urgent,1,34.1,1.0,0.0
2026-05-22,LOC-04,SVC-01,Priority,1,64.4,1.0,0.0
2026-05-22,LOC-01,SVC-07,Routine,1,8.8,1.0,0.0
2026-05-22,LOC-10,SVC-05,Routine,1,23.6,1.0,0.0
2026-05-22,LOC-05,SVC-05,Priority,2,39.7,2.0,0.0
2026-05-22,LOC-06,SVC-02,Routine,1,81.7,1.0,0.0
2026-05-23,LOC-05,SVC-04,Routine,1,13.5,1.0,0.0
2026-05-23,LOC-06,SVC-06,Priority,1,24.3,1.0,0.0
2026-05-23,LOC-06,SVC-03,Emergency,1,92.9,0.0,0.0
2026-05-24,LOC-08,SVC-05,Routine,1,43.4,1.0,0.0
2026-05-24,LOC-09,SVC-01,Routine,1,45.4,1.0,0.0
2026-05-24,LOC-06,SVC-01,Routine,1,85.7,1.0,0.0
2026-05-25,LOC-10,SVC-03,Priority,1,45.2,1.0,0.0
2026-05-25,LOC-07,SVC-07,Routine,1,43.9,1.0,0.0
2026-05-25,LOC-02,SVC-04,Routine,1,10.6,1.0,0.0
2026-05-25,LOC-01,SVC-02,Priority,1,11.2,1.0,0.0
2026-05-25,LOC-09,SVC-05,Routine,1,8.5,1.0,0.0
2026-05-25,LOC-07,SVC-01,Emergency,1,68.0,1.0,0.0
2026-05-26,LOC-03,SVC-03,Routine,1,45.8,1.0,0.0
2026-05-26,LOC-07,SVC-09,Priority,1,37.1,1.0,0.0
2026-05-26,LOC-08,SVC-06,Priority,1,28.3,1.0,0.0
2026-05-26,LOC-06,SVC-03,Routine,1,56.8,1.0,0.0
2026-05-26,LOC-02,SVC-01,Priority,1,17.5,1.0,0.0
2026-05-27,LOC-02,SVC-02,Urgent,1,62.3,1.0,0.0
2026-05-27,LOC-06,SVC-09,Routine,1,16.4,1.0,0.0
2026-05-27,LOC-07,SVC-02,Priority,1,61.8,1.0,0.0
2026-05-27,LOC-07,SVC-09,Urgent,1,31.2,1.0,0.0
2026-05-27,LOC-05,SVC-05,Priority,1,64.2,1.0,0.0
2026-05-27,LOC-06,SVC-06,Routine,1,43.7,1.0,0.0
2026-05-27,LOC-01,SVC-06,Routine,1,19.7,1.0,0.0
2026-05-27,LOC-02,SVC-01,Urgent,1,80.3,0.0,0.0
2026-05-28,LOC-09,SVC-04,Routine,1,10.3,1.0,0.0
2026-05-28,LOC-10,SVC-05,Routine,1,,1.0,0.0
2026-05-28,LOC-04,SVC-08,Priority,1,6.8,1.0,0.0
2026-05-28,LOC-01,SVC-05,Routine,1,41.9,1.0,0.0
2026-05-28,LOC-08,SVC-05,Routine,1,41.8,1.0,0.0
2026-05-29,LOC-06,SVC-01,Routine,1,22.7,1.0,0.0
2026-05-29,LOC-08,SVC-06,Routine,1,20.4,1.0,0.0
2026-05-29,LOC-04,SVC-01,Routine,1,23.8,1.0,0.0
2026-05-29,LOC-08,SVC-01,Priority,1,10.0,1.0,0.0
2026-05-29,LOC-03,SVC-08,Routine,1,39.1,1.0,0.0
2026-05-29,LOC-07,SVC-02,Emergency,1,85.2,0.0,0.0
2026-05-29,LOC-01,SVC-01,Priority,1,42.2,1.0,0.0
2026-05-30,LOC-03,SVC-01,Routine,1,,1.0,0.0
2026-05-30,LOC-05,SVC-02,Routine,1,35.0,1.0,0.0
2026-05-30,LOC-05,SVC-05,Urgent,1,20.5,1.0,0.0
2026-05-30,LOC-01,SVC-09,Routine,1,49.3,1.0,0.0
2026-05-30,LOC-04,SVC-01,Routine,1,80.6,1.0,0.0
2026-05-31,LOC-05,SVC-02,Priority,1,38.0,1.0,0.0
2026-06-01,LOC-02,SVC-01,Urgent,1,42.7,1.0,0.0
2026-06-01,LOC-08,SVC-01,Routine,1,36.2,1.0,0.0
2026-06-01,LOC-09,SVC-02,Routine,1,84.9,1.0,0.0
2026-06-02,LOC-10,SVC-01,Priority,1,87.6,1.0,0.0
2026-06-02,LOC-02,SVC-05,Priority,1,72.1,1.0,0.0
2026-06-02,LOC-09,SVC-02,Emergency,1,51.7,0.0,0.0
2026-06-02,LOC-10,SVC-07,Priority,1,,1.0,0.0
2026-06-02,LOC-10,SVC-04,Priority,1,22.9,1.0,0.0
2026-06-02,LOC-08,SVC-06,Priority,1,99.0,1.0,0.0
2026-06-02,LOC-08,SVC-02,Urgent,1,21.8,1.0,0.0
2026-06-02,LOC-04,SVC-02,Routine,1,15.0,1.0,0.0
2026-06-02,LOC-10,SVC-09,Routine,1,41.9,1.0,0.0
2026-06-02,LOC-06,SVC-04,Priority,1,48.9,0.0,0.0
2026-06-02,LOC-05,SVC-04,Routine,1,34.0,1.0,0.0
2026-06-03,LOC-08,SVC-05,Routine,1,36.8,1.0,0.0
2026-06-03,LOC-08,SVC-01,Emergency,1,77.2,0.0,0.0
2026-06-03,LOC-03,SVC-02,Routine,1,21.0,1.0,0.0
2026-06-04,LOC-02,SVC-05,Priority,1,28.8,1.0,0.0
2026-06-04,LOC-10,SVC-07,Routine,1,39.2,1.0,0.0
2026-06-04,LOC-05,SVC-03,Priority,1,19.1,1.0,0.0
2026-06-04,LOC-06,SVC-03,Routine,1,84.9,1.0,0.0
2026-06-04,LOC-01,SVC-01,Emergency,1,33.3,0.0,0.0
2026-06-04,LOC-08,SVC-01,Priority,1,17.2,1.0,0.0
2026-06-04,LOC-05,SVC-02,Priority,1,36.5,1.0,0.0
2026-06-04,LOC-06,SVC-05,Routine,1,11.9,1.0,0.0
2026-06-05,LOC-03,SVC-06,Routine,1,7.3,1.0,0.0
2026-06-05,LOC-10,SVC-06,Routine,2,16.95,2.0,0.0
2026-06-05,LOC-04,SVC-04,Routine,1,14.3,1.0,0.0
2026-06-06,LOC-05,SVC-05,Routine,1,15.0,1.0,0.0
2026-06-06,LOC-07,SVC-02,Routine,1,8.3,1.0,0.0
2026-06-06,LOC-08,SVC-09,Routine,1,10.7,1.0,0.0
2026-06-06,LOC-06,SVC-02,Routine,1,18.0,1.0,0.0
2026-06-07,LOC-03,SVC-05,Urgent,1,83.2,1.0,0.0
2026-06-07,LOC-02,SVC-06,Priority,1,63.3,1.0,0.0
2026-06-07,LOC-07,SVC-01,Routine,1,21.5,1.0,0.0
2026-06-08,LOC-08,SVC-03,Routine,1,22.9,1.0,0.0
2026-06-08,LOC-10,SVC-01,Emergency,1,87.7,0.0,0.0
2026-06-08,LOC-10,SVC-05,Routine,1,41.8,1.0,0.0
2026-06-08,LOC-08,SVC-01,Priority,1,64.9,1.0,0.0
2026-06-08,LOC-03,SVC-06,Priority,1,33.3,1.0,0.0
2026-06-09,LOC-08,SVC-02,Routine,1,8.3,1.0,0.0
2026-06-09,LOC-02,SVC-05,Routine,1,20.4,1.0,0.0
2026-06-09,LOC-10,SVC-02,Routine,2,28.4,1.0,1.0
2026-06-09,LOC-04,SVC-01,Routine,1,10.6,1.0,0.0
2026-06-10,LOC-07,SVC-04,Priority,1,45.9,1.0,0.0
2026-06-10,LOC-07,SVC-02,Routine,1,16.8,1.0,0.0
2026-06-10,LOC-08,SVC-01,Routine,1,56.2,1.0,0.0
2026-06-11,LOC-03,SVC-02,Priority,1,33.1,1.0,0.0
2026-06-11,LOC-10,SVC-08,Routine,1,40.9,1.0,0.0
2026-06-11,LOC-07,SVC-07,Routine,1,37.9,1.0,0.0
2026-06-11,LOC-02,SVC-02,Priority,1,21.9,1.0,0.0
2026-06-11,LOC-03,SVC-05,Routine,1,16.5,1.0,0.0
2026-06-11,LOC-08,SVC-03,Routine,1,27.4,1.0,0.0
2026-06-11,LOC-01,SVC-03,Priority,1,34.1,1.0,0.0
2026-06-11,LOC-09,SVC-07,Routine,1,36.9,1.0,0.0
2026-06-11,LOC-08,SVC-01,Urgent,1,44.1,1.0,0.0
2026-06-11,LOC-01,SVC-07,Urgent,1,91.5,1.0,0.0
2026-06-11,LOC-06,SVC-09,Routine,1,2.8,1.0,0.0
2026-06-11,LOC-07,SVC-06,Priority,1,59.1,1.0,0.0
2026-06-11,LOC-02,SVC-08,Priority,1,63.0,1.0,0.0
2026-06-12,LOC-06,SVC-01,Priority,1,14.1,1.0,0.0
2026-06-12,LOC-07,SVC-01,Routine,1,12.4,1.0,0.0
2026-06-12,LOC-02,SVC-04,Emergency,1,65.6,0.0,0.0
2026-06-12,LOC-07,SVC-08,Priority,1,15.5,1.0,0.0
2026-06-12,LOC-06,SVC-07,Priority,1,40.2,1.0,0.0
2026-06-12,LOC-08,SVC-02,Routine,1,63.9,1.0,0.0
2026-06-12,LOC-10,SVC-07,Priority,1,65.1,1.0,0.0
2026-06-13,LOC-06,SVC-01,Routine,1,37.8,1.0,0.0
2026-06-13,LOC-06,SVC-04,Priority,1,35.9,1.0,0.0
2026-06-13,LOC-01,SVC-02,Routine,1,15.9,1.0,0.0
2026-06-13,LOC-01,SVC-05,Routine,1,58.2,1.0,0.0
2026-06-13,LOC-01,SVC-03,Urgent,1,62.7,1.0,0.0
2026-06-13,LOC-09,SVC-05,Urgent,1,5.1,1.0,0.0
2026-06-14,LOC-06,SVC-04,Routine,1,70.2,1.0,0.0
2026-06-14,LOC-04,SVC-07,Urgent,1,30.8,1.0,0.0
2026-06-14,LOC-06,SVC-06,Routine,1,40.7,1.0,0.0
2026-06-15,LOC-07,SVC-06,Routine,1,35.0,1.0,0.0
2026-06-15,LOC-10,SVC-06,Routine,1,12.2,1.0,0.0
2026-06-15,LOC-05,SVC-06,Priority,1,29.4,1.0,0.0
2026-06-15,LOC-07,SVC-01,Priority,1,38.0,1.0,0.0
2026-06-15,LOC-02,SVC-08,Priority,1,28.4,1.0,0.0
2026-06-16,LOC-07,SVC-07,Routine,1,34.8,1.0,0.0
2026-06-16,LOC-06,SVC-01,Routine,1,5.2,1.0,0.0
2026-06-16,LOC-06,SVC-06,Urgent,1,70.1,0.0,0.0
2026-06-16,LOC-07,SVC-06,Priority,1,41.4,1.0,0.0
2026-06-16,LOC-10,SVC-07,Routine,1,7.1,1.0,0.0
2026-06-16,LOC-01,SVC-01,Urgent,1,63.8,0.0,0.0
2026-06-16,LOC-07,SVC-02,Priority,1,9.9,1.0,0.0
2026-06-16,LOC-05,SVC-02,Urgent,1,60.7,1.0,0.0
2026-06-16,LOC-04,SVC-06,Emergency,1,33.9,0.0,0.0
2026-06-16,LOC-09,SVC-04,Urgent,1,24.0,1.0,0.0
2026-06-16,LOC-02,SVC-02,Routine,1,72.4,1.0,0.0
2026-06-17,LOC-08,SVC-04,Routine,1,57.2,1.0,0.0
2026-06-17,LOC-09,SVC-01,Priority,1,42.5,1.0,0.0
2026-06-17,LOC-10,SVC-07,Priority,1,34.7,1.0,0.0
2026-06-17,LOC-03,SVC-08,Priority,1,19.6,1.0,0.0
2026-06-17,LOC-07,SVC-03,Routine,1,9.4,1.0,0.0
2026-06-17,LOC-08,SVC-05,Routine,1,41.7,1.0,0.0
2026-06-17,LOC-08,SVC-02,Priority,1,12.0,1.0,0.0
2026-06-17,LOC-04,SVC-08,Routine,1,16.9,1.0,0.0
2026-06-18,LOC-06,SVC-06,Priority,1,84.3,1.0,0.0
2026-06-18,LOC-04,SVC-02,Priority,1,38.3,1.0,0.0
2026-06-18,LOC-01,SVC-06,Routine,2,22.0,2.0,0.0
2026-06-19,LOC-03,SVC-02,Priority,1,21.6,1.0,0.0
2026-06-19,LOC-08,SVC-06,Routine,1,11.5,1.0,0.0
2026-06-19,LOC-01,SVC-02,Routine,1,45.1,1.0,0.0
2026-06-19,LOC-07,SVC-03,Priority,1,67.9,1.0,0.0
2026-06-19,LOC-02,SVC-07,Priority,1,89.0,1.0,0.0
2026-06-19,LOC-07,SVC-08,Routine,1,37.3,1.0,0.0
2026-06-19,LOC-09,SVC-03,Priority,1,17.5,1.0,0.0
2026-06-20,LOC-04,SVC-01,Routine,1,40.2,1.0,0.0
2026-06-21,LOC-03,SVC-04,Routine,1,49.1,1.0,0.0
2026-06-21,LOC-10,SVC-08,Routine,1,,1.0,0.0
2026-06-21,LOC-08,SVC-01,Routine,1,41.2,1.0,0.0
2026-06-22,LOC-07,SVC-04,Routine,1,41.9,1.0,0.0
2026-06-22,LOC-06,SVC-02,Priority,1,72.1,1.0,0.0
2026-06-23,LOC-07,SVC-01,Priority,1,34.8,1.0,0.0
2026-06-23,LOC-03,SVC-01,Routine,1,21.3,1.0,0.0
2026-06-23,LOC-07,SVC-05,Routine,1,12.1,1.0,0.0
2026-06-23,LOC-08,SVC-01,Routine,2,27.450000000000003,2.0,0.0
2026-06-24,LOC-09,SVC-02,Routine,1,31.1,1.0,0.0
2026-06-24,LOC-08,SVC-02,Routine,1,11.6,1.0,0.0
2026-06-24,LOC-01,SVC-01,Priority,1,19.8,1.0,0.0
2026-06-24,LOC-02,SVC-02,Routine,1,67.0,1.0,0.0
2026-06-24,LOC-03,SVC-02,Routine,1,33.0,1.0,0.0
2026-06-24,LOC-06,SVC-05,Routine,1,66.2,1.0,0.0
2026-06-24,LOC-05,SVC-05,Urgent,1,30.6,0.0,0.0
2026-06-25,LOC-03,SVC-03,Routine,1,40.6,1.0,0.0
2026-06-25,LOC-08,SVC-01,Priority,1,54.2,1.0,0.0
2026-06-25,LOC-07,SVC-09,Routine,1,58.8,1.0,0.0
2026-06-25,LOC-07,SVC-01,Urgent,1,38.5,0.0,0.0
2026-06-25,LOC-03,SVC-01,Priority,1,74.6,1.0,0.0
2026-06-25,LOC-01,SVC-07,Priority,1,36.2,1.0,0.0
2026-06-26,LOC-10,SVC-01,Routine,1,4.2,1.0,0.0
2026-06-26,LOC-04,SVC-01,Urgent,1,67.0,1.0,0.0
2026-06-26,LOC-07,SVC-01,Priority,2,61.55,1.0,1.0
2026-06-26,LOC-03,SVC-02,Priority,1,18.8,1.0,0.0
2026-06-26,LOC-04,SVC-05,Routine,1,54.4,1.0,0.0
2026-06-26,LOC-10,SVC-05,Urgent,1,66.0,1.0,0.0
2026-06-27,LOC-06,SVC-01,Routine,1,30.1,1.0,0.0
2026-06-27,LOC-10,SVC-09,Priority,2,53.849999999999994,2.0,0.0
2026-06-27,LOC-05,SVC-01,Priority,1,45.4,1.0,0.0
2026-06-28,LOC-06,SVC-05,Routine,1,67.9,1.0,0.0
2026-06-28,LOC-08,SVC-01,Routine,1,15.6,1.0,0.0
2026-06-28,LOC-05,SVC-04,Priority,1,34.3,1.0,0.0
2026-06-28,LOC-10,SVC-09,Priority,1,34.6,1.0,0.0
2026-06-29,LOC-04,SVC-02,Urgent,1,68.5,1.0,0.0
2026-06-29,LOC-01,SVC-01,Priority,1,64.4,1.0,0.0
2026-06-29,LOC-02,SVC-07,Priority,1,33.1,1.0,0.0
2026-06-29,LOC-03,SVC-01,Routine,1,24.7,1.0,0.0
2026-06-30,LOC-07,SVC-02,Routine,1,58.1,1.0,0.0
2026-06-30,LOC-06,SVC-05,Routine,1,12.3,1.0,0.0
2026-06-30,LOC-09,SVC-07,Routine,1,21.1,1.0,0.0
2026-06-30,LOC-03,SVC-07,Routine,1,40.2,1.0,0.0
2026-06-30,LOC-10,SVC-08,Priority,1,48.5,1.0,0.0
2026-06-30,LOC-01,SVC-02,Routine,1,16.9,1.0,0.0
2026-06-30,LOC-01,SVC-04,Routine,1,42.8,1.0,0.0
2026-07-01,LOC-07,SVC-05,Routine,1,11.4,1.0,0.0
2026-07-01,LOC-08,SVC-04,Emergency,1,61.9,0.0,0.0
2026-07-01,LOC-09,SVC-02,Priority,1,32.1,1.0,0.0
2026-07-01,LOC-04,SVC-07,Priority,1,7.3,1.0,0.0
2026-07-01,LOC-10,SVC-05,Routine,1,4.5,1.0,0.0
2026-07-01,LOC-02,SVC-03,Routine,1,12.0,1.0,0.0
2026-07-02,LOC-08,SVC-04,Urgent,1,46.8,0.0,0.0
2026-07-02,LOC-10,SVC-02,Priority,1,17.2,1.0,0.0
2026-07-02,LOC-04,SVC-06,Urgent,1,88.3,1.0,0.0
2026-07-02,LOC-07,SVC-07,Routine,1,6.9,1.0,0.0
2026-07-02,LOC-04,SVC-01,Urgent,1,85.4,1.0,0.0
2026-07-02,LOC-07,SVC-05,Priority,1,1.0,1.0,0.0
2026-07-02,LOC-10,SVC-04,Routine,1,15.6,1.0,0.0
2026-07-02,LOC-09,SVC-01,Priority,1,14.7,1.0,0.0
2026-07-03,LOC-05,SVC-02,Routine,1,40.4,1.0,0.0
2026-07-03,LOC-06,SVC-08,Priority,1,54.3,0.0,0.0
2026-07-03,LOC-03,SVC-05,Urgent,1,38.1,1.0,0.0
2026-07-03,LOC-08,SVC-09,Priority,1,,1.0,0.0
2026-07-03,LOC-09,SVC-02,Priority,1,37.3,1.0,0.0
2026-07-03,LOC-09,SVC-05,Routine,1,8.0,1.0,0.0
2026-07-04,LOC-01,SVC-06,Routine,1,52.0,1.0,0.0
2026-07-04,LOC-09,SVC-09,Priority,1,42.6,1.0,0.0
2026-07-04,LOC-02,SVC-05,Urgent,1,85.2,1.0,0.0
2026-07-04,LOC-05,SVC-05,Routine,1,15.3,1.0,0.0
2026-07-05,LOC-03,SVC-06,Priority,1,41.4,1.0,0.0
2026-07-05,LOC-08,SVC-08,Priority,1,36.9,1.0,0.0
2026-07-05,LOC-07,SVC-01,Urgent,1,33.5,1.0,0.0
2026-07-06,LOC-10,SVC-03,Routine,1,15.4,1.0,0.0
2026-07-06,LOC-07,SVC-03,Routine,1,35.4,1.0,0.0
2026-07-06,LOC-08,SVC-01,Priority,1,36.3,1.0,0.0
2026-07-06,LOC-02,SVC-03,Priority,1,87.6,1.0,0.0
2026-07-07,LOC-09,SVC-03,Urgent,1,26.4,1.0,0.0
2026-07-07,LOC-02,SVC-05,Routine,1,,1.0,0.0
2026-07-07,LOC-07,SVC-07,Priority,2,36.849999999999994,2.0,0.0
2026-07-07,LOC-01,SVC-04,Priority,1,3.2,1.0,0.0
2026-07-07,LOC-01,SVC-09,Priority,2,20.35,2.0,0.0
2026-07-07,LOC-06,SVC-05,Routine,1,28.9,1.0,0.0
2026-07-07,LOC-03,SVC-06,Priority,1,34.4,1.0,0.0
2026-07-08,LOC-01,SVC-01,Priority,1,29.5,1.0,0.0
2026-07-08,LOC-06,SVC-05,Routine,1,11.7,1.0,0.0
2026-07-08,LOC-06,SVC-07,Routine,1,20.1,1.0,0.0
2026-07-08,LOC-09,SVC-05,Routine,1,35.4,1.0,0.0
2026-07-09,LOC-06,SVC-01,Priority,1,42.4,1.0,0.0
2026-07-09,LOC-10,SVC-06,Urgent,1,31.1,0.0,0.0
2026-07-09,LOC-07,SVC-08,Routine,1,65.6,1.0,0.0
2026-07-09,LOC-01,SVC-03,Routine,1,12.4,1.0,0.0
2026-07-10,LOC-08,SVC-01,Emergency,1,70.2,1.0,0.0
2026-07-10,LOC-07,SVC-05,Priority,1,14.6,1.0,0.0
2026-07-11,LOC-06,SVC-02,Urgent,1,86.3,1.0,0.0
2026-07-11,LOC-07,SVC-06,Priority,1,38.9,1.0,0.0
2026-07-11,LOC-06,SVC-01,Routine,1,9.3,1.0,0.0
2026-07-11,LOC-10,SVC-01,Routine,1,15.3,1.0,0.0
2026-07-11,LOC-01,SVC-05,Urgent,1,55.0,0.0,0.0
2026-07-12,LOC-07,SVC-07,Priority,1,23.8,1.0,0.0
2026-07-12,LOC-10,SVC-05,Routine,1,13.3,1.0,0.0
2026-07-12,LOC-03,SVC-01,Emergency,1,78.7,0.0,0.0
2026-07-12,LOC-02,SVC-06,Priority,1,22.5,1.0,0.0
2026-07-13,LOC-06,SVC-03,Routine,1,8.7,1.0,0.0
2026-07-13,LOC-07,SVC-02,Routine,1,41.3,1.0,0.0
2026-07-13,LOC-01,SVC-07,Priority,1,20.0,1.0,0.0
2026-07-13,LOC-08,SVC-01,Priority,1,14.8,1.0,0.0
2026-07-13,LOC-10,SVC-01,Priority,1,17.2,1.0,0.0
2026-07-13,LOC-10,SVC-08,Routine,1,8.6,1.0,0.0
2026-07-13,LOC-04,SVC-04,Routine,1,,1.0,0.0
2026-07-13,LOC-06,SVC-05,Routine,1,38.0,1.0,0.0
2026-07-13,LOC-08,SVC-02,Priority,1,14.2,1.0,0.0
2026-07-14,LOC-10,SVC-05,Priority,1,14.8,1.0,0.0
2026-07-14,LOC-08,SVC-06,Routine,1,22.1,1.0,0.0
2026-07-14,LOC-09,SVC-05,Routine,1,20.3,1.0,0.0
2026-07-14,LOC-09,SVC-09,Priority,1,18.0,1.0,0.0
2026-07-14,LOC-07,SVC-03,Routine,1,37.4,1.0,0.0
2026-07-14,LOC-02,SVC-01,Urgent,1,32.7,1.0,0.0
2026-07-15,LOC-07,SVC-08,Priority,1,67.7,1.0,0.0
2026-07-15,LOC-08,SVC-01,Routine,1,29.2,1.0,0.0
2026-07-15,LOC-03,SVC-06,Routine,1,22.2,1.0,0.0
2026-07-15,LOC-02,SVC-05,Emergency,1,,0.0,0.0
2026-07-15,LOC-02,SVC-03,Urgent,1,12.0,1.0,0.0
2026-07-15,LOC-04,SVC-01,Routine,1,40.4,1.0,0.0
2026-07-16,LOC-05,SVC-08,Routine,1,15.4,1.0,0.0
2026-07-16,LOC-02,SVC-03,Priority,1,47.3,1.0,0.0
2026-07-16,LOC-02,SVC-05,Routine,1,65.3,1.0,0.0
2026-07-16,LOC-09,SVC-01,Urgent,1,22.6,1.0,0.0
2026-07-17,LOC-03,SVC-01,Routine,1,40.5,1.0,0.0
2026-07-18,LOC-10,SVC-05,Routine,2,19.45,1.0,1.0
2026-07-18,LOC-10,SVC-03,Routine,1,16.0,1.0,0.0
2026-07-18,LOC-04,SVC-07,Emergency,1,18.0,0.0,0.0
2026-07-18,LOC-06,SVC-01,Priority,1,88.1,0.0,0.0
2026-07-19,LOC-01,SVC-03,Routine,1,60.9,1.0,0.0
2026-07-20,LOC-04,SVC-05,Routine,1,64.1,1.0,0.0
2026-07-20,LOC-09,SVC-07,Priority,1,16.2,1.0,0.0
2026-07-21,LOC-05,SVC-05,Routine,1,27.7,1.0,0.0
2026-07-21,LOC-10,SVC-04,Routine,1,59.1,1.0,0.0
2026-07-21,LOC-08,SVC-01,Routine,1,13.8,1.0,0.0
2026-07-21,LOC-05,SVC-02,Routine,2,18.65,2.0,0.0
2026-07-21,LOC-10,SVC-05,Routine,1,42.9,1.0,0.0
2026-07-21,LOC-09,SVC-01,Routine,1,39.1,1.0,0.0
2026-07-22,LOC-01,SVC-05,Priority,1,31.8,1.0,0.0
2026-07-22,LOC-08,SVC-01,Urgent,1,43.5,1.0,0.0
2026-07-22,LOC-03,SVC-08,Priority,1,13.2,1.0,0.0
2026-07-22,LOC-02,SVC-01,Priority,1,16.8,1.0,0.0
2026-07-22,LOC-06,SVC-01,Routine,1,34.1,1.0,0.0
2026-07-22,LOC-08,SVC-05,Routine,1,25.6,1.0,0.0
2026-07-22,LOC-03,SVC-03,Routine,1,37.6,1.0,0.0
2026-07-23,LOC-08,SVC-03,Routine,1,58.3,1.0,0.0
2026-07-23,LOC-01,SVC-03,Priority,1,31.3,1.0,0.0
2026-07-23,LOC-03,SVC-06,Urgent,1,17.2,1.0,0.0
2026-07-23,LOC-03,SVC-01,Routine,1,88.0,0.0,0.0
2026-07-23,LOC-10,SVC-05,Routine,1,,1.0,0.0
2026-07-23,LOC-09,SVC-02,Routine,1,8.2,1.0,0.0
2026-07-23,LOC-07,SVC-05,Routine,1,42.9,1.0,0.0
2026-07-23,LOC-06,SVC-01,Priority,1,88.4,1.0,0.0
2026-07-24,LOC-07,SVC-01,Emergency,1,67.1,0.0,0.0
2026-07-24,LOC-10,SVC-08,Priority,1,,1.0,0.0
2026-07-24,LOC-08,SVC-09,Routine,1,13.4,1.0,0.0
2026-07-24,LOC-03,SVC-06,Routine,1,41.4,1.0,0.0
2026-07-24,LOC-01,SVC-06,Routine,1,14.3,1.0,0.0
2026-07-25,LOC-06,SVC-05,Routine,1,9.1,1.0,0.0
2026-07-25,LOC-06,SVC-01,Urgent,2,70.15,1.0,0.0
2026-07-25,LOC-03,SVC-06,Priority,1,33.6,1.0,0.0
2026-07-25,LOC-09,SVC-06,Priority,1,63.8,1.0,0.0
2026-07-25,LOC-02,SVC-06,Urgent,1,12.0,0.0,0.0
2026-07-25,LOC-06,SVC-07,Urgent,1,61.4,1.0,0.0
2026-07-26,LOC-05,SVC-04,Routine,1,44.8,1.0,0.0
2026-07-26,LOC-06,SVC-04,Routine,1,12.5,1.0,0.0
2026-07-26,LOC-03,SVC-03,Routine,1,36.4,1.0,0.0
2026-07-26,LOC-04,SVC-02,Priority,1,80.2,1.0,0.0
2026-07-27,LOC-07,SVC-02,Routine,2,10.45,2.0,0.0
2026-07-27,LOC-02,SVC-02,Routine,1,43.9,1.0,0.0
2026-07-28,LOC-04,SVC-05,Routine,1,,1.0,0.0
2026-07-28,LOC-05,SVC-01,Routine,1,59.8,1.0,0.0
2026-07-28,LOC-05,SVC-03,Routine,1,66.5,1.0,0.0
2026-07-28,LOC-10,SVC-02,Priority,1,60.2,1.0,0.0
2026-07-28,LOC-01,SVC-06,Emergency,1,61.7,0.0,0.0
2026-07-28,LOC-02,SVC-02,Routine,1,44.2,1.0,0.0
2026-07-28,LOC-04,SVC-07,Routine,1,14.0,1.0,0.0
2026-07-29,LOC-01,SVC-01,Priority,1,16.0,1.0,0.0
2026-07-29,LOC-10,SVC-01,Urgent,1,12.2,1.0,0.0
2026-07-29,LOC-07,SVC-07,Routine,1,49.9,1.0,0.0
2026-07-29,LOC-02,SVC-03,Priority,1,23.4,1.0,0.0
2026-07-29,LOC-09,SVC-02,Priority,1,6.7,1.0,0.0
2026-07-30,LOC-07,SVC-03,Routine,1,20.8,1.0,0.0
2026-07-30,LOC-02,SVC-03,Priority,1,8.6,1.0,0.0
2026-07-30,LOC-03,SVC-03,Priority,1,38.2,1.0,0.0
2026-07-30,LOC-08,SVC-03,Routine,1,16.1,1.0,0.0
2026-07-30,LOC-06,SVC-08,Urgent,1,68.1,0.0,0.0
2026-07-30,LOC-05,SVC-06,Urgent,1,62.5,1.0,0.0
2026-07-30,LOC-05,SVC-01,Routine,1,39.7,1.0,0.0
2026-07-30,LOC-04,SVC-07,Priority,1,43.6,1.0,0.0
2026-07-30,LOC-01,SVC-09,Priority,2,27.1,2.0,0.0
2026-07-30,LOC-06,SVC-04,Priority,1,62.5,1.0,0.0
2026-07-31,LOC-08,SVC-06,Priority,1,68.8,0.0,0.0
2026-07-31,LOC-02,SVC-02,Routine,1,39.3,1.0,0.0
2026-07-31,LOC-09,SVC-05,Emergency,1,89.3,0.0,0.0
2026-07-31,LOC-06,SVC-01,Routine,1,18.0,1.0,0.0
2026-07-31,LOC-08,SVC-01,Priority,1,41.2,1.0,0.0
2026-07-31,LOC-01,SVC-07,Routine,1,12.3,1.0,0.0
2026-07-31,LOC-09,SVC-04,Routine,1,13.2,1.0,0.0
2025-11-05,LOC-01,SVC-01,Urgent,1,92.9,0.0,1.0
2025-12-24,LOC-02,SVC-03,Urgent,1,87.0,0.0,1.0
2026-01-17,LOC-06,SVC-03,Priority,1,56.3,0.0,1.0
2026-02-11,LOC-08,SVC-03,Urgent,1,39.7,0.0,1.0
2026-02-26,LOC-07,SVC-06,Routine,1,56.1,0.0,1.0
2026-03-31,LOC-09,SVC-02,Priority,1,85.6,0.0,1.0
2026-06-12,LOC-09,SVC-04,Priority,1,43.4,0.0,1.0
2026-06-25,LOC-09,SVC-08,Urgent,1,83.8,0.0,1.0
2026-07-27,LOC-03,SVC-01,Priority,1,66.9,0.0,1.0
2026-06-01,LOC-01,SVC-01,Priority,1,15.5,0.0,1.0
2025-08-04,LOC-10,SVC-02,Urgent,1,87.1,0.0,1.0
2025-08-19,LOC-05,SVC-09,Urgent,1,94.9,0.0,1.0
2025-08-24,LOC-09,SVC-09,Priority,1,,0.0,1.0
2025-09-23,LOC-07,SVC-04,Routine,1,20.9,0.0,1.0
2025-10-29,LOC-08,SVC-01,Routine,1,14.4,0.0,1.0
2025-12-13,LOC-10,SVC-03,Emergency,1,95.2,0.0,1.0
2025-12-19,LOC-07,SVC-05,Routine,1,19.7,0.0,1.0
2026-01-11,LOC-02,SVC-04,Routine,1,52.3,0.0,1.0
2026-01-15,LOC-09,SVC-04,Routine,1,42.9,0.0,1.0
2026-03-05,LOC-09,SVC-07,Emergency,1,75.9,0.0,1.0
2026-07-28,LOC-06,SVC-04,Routine,1,84.8,0.0,1.0
2025-08-21,LOC-04,SVC-01,Priority,1,47.5,0.0,1.0
2025-10-17,LOC-09,SVC-02,Routine,1,59.6,0.0,1.0
2026-01-15,LOC-01,SVC-05,Urgent,1,16.7,0.0,1.0
2026-03-12,LOC-06,SVC-01,Priority,1,18.5,0.0,1.0
2026-03-26,LOC-02,SVC-03,Routine,1,95.8,0.0,1.0
2026-06-22,LOC-06,SVC-09,Routine,1,9.4,0.0,1.0
2026-07-27,LOC-01,SVC-01,Routine,1,35.8,0.0,1.0
2025-08-08,LOC-05,SVC-07,Priority,1,58.9,0.0,1.0
2025-08-12,LOC-06,SVC-08,Routine,1,37.8,0.0,1.0
2025-11-13,LOC-07,SVC-05,Emergency,1,86.2,0.0,1.0
2025-11-21,LOC-06,SVC-03,Routine,1,22.4,0.0,1.0
2026-02-11,LOC-01,SVC-01,Routine,1,22.7,0.0,1.0
2026-05-18,LOC-10,SVC-03,Routine,1,92.0,0.0,1.0
2025-08-30,LOC-10,SVC-04,Routine,1,30.4,0.0,1.0
2025-11-09,LOC-08,SVC-01,Urgent,1,10.1,0.0,1.0
2026-02-12,LOC-07,SVC-04,Priority,1,41.0,0.0,1.0
2026-04-26,LOC-03,SVC-01,Routine,1,34.0,0.0,1.0
2026-05-05,LOC-08,SVC-07,Priority,1,11.2,0.0,1.0
2026-05-31,LOC-05,SVC-03,Urgent,1,63.0,0.0,1.0
2026-06-21,LOC-06,SVC-02,Routine,1,17.7,0.0,1.0
2026-07-01,LOC-01,SVC-07,Routine,1,40.4,0.0,1.0
2025-08-14,LOC-10,SVC-06,Priority,1,41.0,0.0,1.0
2025-10-09,LOC-09,SVC-04,Routine,1,31.2,0.0,1.0
2025-10-15,LOC-07,SVC-07,Urgent,1,63.1,0.0,1.0
2025-11-07,LOC-10,SVC-04,Priority,1,32.8,0.0,1.0
2025-12-24,LOC-06,SVC-01,Priority,1,35.2,0.0,1.0
2026-01-23,LOC-07,SVC-09,Routine,1,71.7,0.0,1.0
2026-04-14,LOC-09,SVC-09,Priority,1,,0.0,1.0
2025-08-07,LOC-10,SVC-04,Routine,1,21.4,0.0,1.0
2025-08-18,LOC-10,SVC-02,Priority,1,60.2,0.0,1.0
2025-10-29,LOC-01,SVC-07,Urgent,1,15.5,0.0,1.0
2026-01-29,LOC-09,SVC-01,Urgent,1,48.2,0.0,1.0
2026-02-13,LOC-10,SVC-02,Priority,1,9.3,0.0,1.0
2026-02-16,LOC-05,SVC-05,Urgent,1,41.7,0.0,1.0
2026-02-28,LOC-08,SVC-02,Routine,1,10.4,0.0,1.0
2026-03-26,LOC-04,SVC-06,Routine,1,64.3,0.0,1.0
2026-06-26,LOC-09,SVC-02,Routine,1,32.5,0.0,1.0
2025-10-12,LOC-06,SVC-01,Urgent,1,88.4,0.0,1.0
2025-12-24,LOC-09,SVC-04,Urgent,1,67.9,0.0,1.0
2026-05-22,LOC-05,SVC-07,Priority,1,46.2,0.0,1.0
2025-11-09,LOC-08,SVC-08,Urgent,1,52.9,0.0,1.0
2025-11-27,LOC-09,SVC-01,Urgent,1,41.3,0.0,1.0
2026-03-24,LOC-09,SVC-06,Routine,1,34.1,0.0,1.0
2026-04-12,LOC-09,SVC-02,Priority,1,21.1,0.0,1.0
2026-05-13,LOC-03,SVC-06,Routine,1,33.3,0.0,1.0
2026-07-07,LOC-01,SVC-03,Emergency,1,82.6,0.0,1.0
2025-09-28,LOC-07,SVC-02,Routine,1,17.4,0.0,1.0
2025-10-16,LOC-09,SVC-05,Emergency,1,50.7,0.0,1.0
2026-01-20,LOC-09,SVC-08,Priority,1,31.7,0.0,1.0
2026-05-01,LOC-10,SVC-02,Priority,1,17.5,0.0,1.0
2026-07-13,LOC-04,SVC-07,Routine,1,28.8,0.0,1.0
2025-08-23,LOC-02,SVC-03,Priority,1,27.8,0.0,1.0
2025-10-05,LOC-06,SVC-01,Priority,1,59.1,0.0,1.0
2026-02-03,LOC-05,SVC-06,Routine,1,68.5,0.0,1.0
2026-03-25,LOC-09,SVC-05,Priority,1,52.7,0.0,1.0
2026-04-02,LOC-06,SVC-02,Routine,1,20.4,0.0,1.0
2025-08-15,LOC-04,SVC-06,Routine,1,24.3,0.0,1.0
2025-08-19,LOC-08,SVC-05,Routine,1,35.2,0.0,1.0
2025-09-09,LOC-09,SVC-07,Urgent,1,85.1,0.0,1.0
2025-12-02,LOC-03,SVC-03,Urgent,1,46.2,0.0,1.0
2025-12-22,LOC-10,SVC-04,Priority,1,60.6,0.0,1.0
2026-07-12,LOC-08,SVC-08,Routine,1,,0.0,1.0
2025-09-27,LOC-10,SVC-02,Routine,1,21.8,0.0,1.0
2025-11-19,LOC-03,SVC-01,Routine,1,11.3,0.0,1.0
2026-02-27,LOC-02,SVC-05,Priority,1,71.1,0.0,1.0
2026-05-14,LOC-06,SVC-08,Routine,1,23.6,0.0,1.0
2026-05-19,LOC-03,SVC-03,Routine,1,66.4,0.0,1.0
2025-11-08,LOC-04,SVC-04,Routine,1,4.5,0.0,1.0
2025-11-17,LOC-03,SVC-07,Priority,1,30.9,0.0,1.0
2026-01-17,LOC-08,SVC-08,Urgent,1,66.6,0.0,1.0
2026-01-20,LOC-06,SVC-05,Urgent,1,87.0,0.0,1.0
2026-01-28,LOC-10,SVC-09,Emergency,1,59.2,0.0,1.0
2026-02-17,LOC-02,SVC-03,Routine,1,40.2,0.0,1.0
2026-04-06,LOC-08,SVC-01,Routine,1,38.1,0.0,1.0
2026-05-20,LOC-04,SVC-09,Emergency,1,77.5,0.0,1.0
2025-08-01,LOC-04,SVC-01,Routine,1,13.1,0.0,1.0
2025-09-12,LOC-07,SVC-06,Routine,1,65.6,0.0,1.0
2025-11-03,LOC-03,SVC-05,Routine,1,13.7,0.0,1.0
2025-12-15,LOC-04,SVC-06,Urgent,1,55.9,0.0,1.0
2026-02-12,LOC-06,SVC-01,Routine,1,62.9,0.0,1.0
2026-04-05,LOC-02,SVC-03,Urgent,1,86.9,0.0,1.0
2026-04-12,LOC-06,SVC-03,Routine,1,30.4,0.0,1.0
2026-06-25,LOC-08,SVC-06,Routine,1,45.9,0.0,1.0
2025-08-01,LOC-05,SVC-02,Routine,1,34.2,1.0,0.0
2025-08-01,LOC-07,SVC-07,Priority,1,71.5,1.0,0.0
2025-08-01,LOC-07,SVC-09,Priority,1,57.2,1.0,0.0
2025-08-01,LOC-03,SVC-04,Priority,1,7.6,1.0,0.0
2025-08-01,LOC-01,SVC-07,Priority,1,42.9,1.0,0.0
2025-08-02,LOC-06,SVC-03,Priority,1,33.4,1.0,0.0
2025-08-02,LOC-04,SVC-01,Routine,1,88.0,1.0,0.0
2025-08-03,LOC-02,SVC-07,Urgent,1,76.1,1.0,0.0
2025-08-03,LOC-06,SVC-06,Priority,1,65.8,1.0,0.0
2025-08-04,LOC-08,SVC-02,Priority,1,44.9,1.0,0.0
2025-08-04,LOC-01,SVC-07,Routine,1,68.4,1.0,0.0
2025-08-04,LOC-07,SVC-09,Priority,1,46.6,1.0,0.0
2025-08-04,LOC-04,SVC-03,Routine,1,34.3,1.0,0.0
2025-08-04,LOC-01,SVC-03,Routine,1,30.5,1.0,0.0
2025-08-04,LOC-09,SVC-09,Priority,1,,1.0,0.0
2025-08-05,LOC-01,SVC-03,Urgent,1,64.4,0.0,0.0
2025-08-05,LOC-02,SVC-03,Priority,1,52.9,1.0,0.0
2025-08-05,LOC-05,SVC-01,Routine,1,70.3,1.0,0.0
2025-08-05,LOC-06,SVC-01,Urgent,1,32.5,1.0,0.0
2025-08-05,LOC-08,SVC-01,Routine,1,58.1,1.0,0.0
2025-08-05,LOC-02,SVC-04,Priority,1,67.4,1.0,0.0
2025-08-06,LOC-03,SVC-01,Priority,1,26.1,0.0,0.0
2025-08-07,LOC-08,SVC-02,Priority,1,34.5,0.0,0.0
2025-08-07,LOC-03,SVC-01,Routine,1,24.7,1.0,0.0
2025-08-07,LOC-08,SVC-05,Emergency,1,82.5,0.0,0.0
2025-08-07,LOC-02,SVC-04,Priority,1,51.5,1.0,0.0
2025-08-07,LOC-01,SVC-02,Routine,1,32.1,1.0,0.0
2025-08-07,LOC-07,SVC-01,Urgent,1,72.1,0.0,0.0
2025-08-07,LOC-09,SVC-01,Priority,1,11.7,1.0,0.0
2025-08-07,LOC-10,SVC-06,Priority,1,41.8,1.0,0.0
2025-08-07,LOC-07,SVC-09,Priority,1,91.2,1.0,0.0
2025-08-07,LOC-08,SVC-01,Routine,1,16.3,1.0,0.0
2025-08-08,LOC-04,SVC-09,Routine,1,45.7,1.0,0.0
2025-08-09,LOC-10,SVC-05,Urgent,1,55.6,0.0,0.0
2025-08-09,LOC-07,SVC-05,Routine,1,59.6,1.0,0.0
2025-08-10,LOC-09,SVC-04,Routine,1,11.5,1.0,0.0
2025-08-11,LOC-07,SVC-08,Urgent,1,17.4,1.0,0.0
2025-08-11,LOC-03,SVC-07,Urgent,1,63.8,1.0,0.0
2025-08-11,LOC-03,SVC-05,Routine,1,15.9,1.0,0.0
2025-08-11,LOC-09,SVC-04,Routine,1,38.0,1.0,0.0
2025-08-12,LOC-08,SVC-09,Routine,1,32.5,1.0,0.0
2025-08-12,LOC-03,SVC-09,Routine,1,25.2,1.0,0.0
2025-08-12,LOC-07,SVC-02,Urgent,1,26.6,1.0,0.0
2025-08-12,LOC-05,SVC-01,Urgent,1,54.5,1.0,0.0
2025-08-12,LOC-08,SVC-05,Priority,1,9.4,1.0,0.0
2025-08-13,LOC-09,SVC-04,Routine,1,65.6,1.0,0.0
2025-08-14,LOC-08,SVC-03,Priority,1,14.4,1.0,0.0
2025-08-14,LOC-03,SVC-01,Routine,1,22.3,1.0,0.0
2025-08-14,LOC-01,SVC-05,Routine,1,62.1,1.0,0.0
2025-08-14,LOC-02,SVC-02,Routine,2,54.95,2.0,0.0
2025-08-14,LOC-01,SVC-04,Routine,1,60.9,1.0,0.0
2025-08-14,LOC-10,SVC-01,Routine,2,13.65,1.0,1.0
2025-08-14,LOC-02,SVC-07,Priority,1,17.7,1.0,0.0
2025-08-14,LOC-04,SVC-02,Urgent,1,12.7,1.0,0.0
2025-08-14,LOC-02,SVC-05,Urgent,1,85.4,0.0,0.0
2025-08-14,LOC-06,SVC-09,Routine,1,26.6,1.0,0.0
2025-08-14,LOC-07,SVC-05,Urgent,1,91.6,1.0,0.0
2025-08-15,LOC-01,SVC-02,Routine,1,39.0,1.0,0.0
2025-08-15,LOC-06,SVC-02,Routine,1,86.9,1.0,0.0
2025-08-18,LOC-03,SVC-05,Routine,1,22.1,1.0,0.0
2025-08-18,LOC-04,SVC-08,Routine,1,12.3,1.0,0.0
2025-08-18,LOC-10,SVC-02,Routine,1,6.7,1.0,0.0
2025-08-18,LOC-01,SVC-08,Priority,1,47.1,1.0,0.0
2025-08-18,LOC-06,SVC-05,Urgent,1,,1.0,0.0
2025-08-18,LOC-03,SVC-07,Routine,1,20.6,1.0,0.0
2025-08-18,LOC-07,SVC-08,Priority,1,9.8,1.0,0.0
2025-08-19,LOC-01,SVC-03,Priority,1,36.4,1.0,0.0
2025-08-19,LOC-03,SVC-01,Routine,1,18.2,1.0,0.0
2025-08-19,LOC-10,SVC-09,Routine,1,12.8,1.0,0.0
2025-08-20,LOC-09,SVC-07,Routine,1,12.9,1.0,0.0
2025-08-20,LOC-04,SVC-05,Priority,1,9.2,1.0,0.0
2025-08-20,LOC-07,SVC-09,Emergency,1,91.6,0.0,0.0
2025-08-20,LOC-02,SVC-07,Urgent,1,54.0,0.0,0.0
2025-08-20,LOC-03,SVC-05,Priority,1,38.1,1.0,0.0
2025-08-20,LOC-01,SVC-04,Priority,1,,1.0,0.0
2025-08-20,LOC-05,SVC-06,Priority,1,37.0,1.0,0.0
2025-08-20,LOC-07,SVC-01,Urgent,1,42.6,0.0,0.0
2025-08-20,LOC-07,SVC-04,Priority,1,72.5,1.0,0.0
2025-08-21,LOC-07,SVC-01,Routine,1,33.3,1.0,0.0
2025-08-21,LOC-10,SVC-04,Routine,1,6.4,1.0,0.0
2025-08-21,LOC-09,SVC-02,Routine,1,,1.0,0.0
2025-08-21,LOC-08,SVC-05,Urgent,1,,1.0,0.0
2025-08-21,LOC-10,SVC-05,Routine,1,12.8,1.0,0.0
2025-08-22,LOC-05,SVC-06,Routine,1,32.9,1.0,0.0
2025-08-22,LOC-02,SVC-06,Priority,1,30.6,1.0,0.0
2025-08-22,LOC-04,SVC-04,Routine,1,38.3,1.0,0.0
2025-08-22,LOC-01,SVC-04,Routine,1,47.6,1.0,0.0
2025-08-22,LOC-06,SVC-02,Urgent,1,59.9,0.0,0.0
2025-08-23,LOC-02,SVC-07,Priority,1,11.4,1.0,0.0
2025-08-23,LOC-10,SVC-02,Priority,1,21.3,1.0,0.0
2025-08-23,LOC-10,SVC-08,Priority,1,28.9,1.0,0.0
2025-08-23,LOC-02,SVC-06,Routine,1,35.7,1.0,0.0
2025-08-24,LOC-02,SVC-03,Routine,1,14.9,1.0,0.0
2025-08-24,LOC-01,SVC-08,Routine,1,46.0,1.0,0.0
2025-08-25,LOC-02,SVC-05,Emergency,1,54.0,0.0,0.0
2025-08-25,LOC-09,SVC-06,Urgent,1,16.0,1.0,0.0
2025-08-25,LOC-04,SVC-01,Priority,1,18.8,1.0,0.0
2025-08-25,LOC-08,SVC-04,Routine,1,36.4,1.0,0.0
2025-08-25,LOC-09,SVC-09,Routine,2,27.0,2.0,0.0
2025-08-25,LOC-03,SVC-04,Priority,1,47.0,1.0,0.0
2025-08-25,LOC-02,SVC-01,Priority,1,37.3,1.0,0.0
2025-08-25,LOC-09,SVC-02,Urgent,1,87.7,1.0,0.0
2025-08-26,LOC-06,SVC-01,Urgent,1,49.4,0.0,0.0
2025-08-26,LOC-04,SVC-04,Priority,1,14.6,1.0,0.0
2025-08-26,LOC-07,SVC-06,Urgent,1,66.0,1.0,0.0
2025-08-27,LOC-10,SVC-01,Emergency,1,65.6,0.0,0.0
2025-08-27,LOC-07,SVC-01,Routine,2,22.15,2.0,0.0
2025-08-27,LOC-06,SVC-07,Routine,1,43.7,1.0,0.0
2025-08-27,LOC-10,SVC-05,Routine,1,17.8,1.0,0.0
2025-08-27,LOC-10,SVC-06,Priority,1,29.1,1.0,0.0
2025-08-28,LOC-09,SVC-08,Urgent,1,11.1,1.0,0.0
2025-08-28,LOC-08,SVC-05,Routine,1,36.9,1.0,0.0
2025-08-28,LOC-05,SVC-06,Routine,1,39.7,1.0,0.0
2025-08-28,LOC-06,SVC-08,Routine,1,7.9,1.0,0.0
2025-08-28,LOC-09,SVC-06,Priority,1,94.9,1.0,0.0
2025-08-29,LOC-10,SVC-01,Priority,1,16.2,1.0,0.0
2025-08-29,LOC-05,SVC-07,Routine,1,57.2,1.0,0.0
2025-08-29,LOC-02,SVC-04,Routine,1,33.4,1.0,0.0
2025-08-31,LOC-03,SVC-07,Routine,1,43.4,1.0,0.0
2025-08-31,LOC-07,SVC-05,Urgent,1,66.3,0.0,0.0
2025-09-01,LOC-02,SVC-01,Priority,1,63.9,1.0,0.0
2025-09-01,LOC-04,SVC-05,Priority,1,18.9,0.0,0.0
2025-09-01,LOC-06,SVC-08,Urgent,1,79.9,1.0,0.0
2025-09-02,LOC-02,SVC-04,Priority,1,44.5,1.0,0.0
2025-09-02,LOC-07,SVC-01,Urgent,3,51.56666666666666,1.0,0.0
2025-09-02,LOC-06,SVC-05,Routine,1,23.2,1.0,0.0
2025-09-02,LOC-06,SVC-01,Urgent,1,,1.0,0.0
2025-09-02,LOC-09,SVC-01,Routine,1,16.2,1.0,0.0
2025-09-02,LOC-01,SVC-02,Routine,1,12.3,1.0,0.0
2025-09-02,LOC-05,SVC-05,Routine,1,45.4,1.0,0.0
2025-09-03,LOC-06,SVC-01,Routine,1,,1.0,0.0
2025-09-03,LOC-03,SVC-07,Priority,1,42.1,1.0,0.0
2025-09-03,LOC-05,SVC-03,Routine,1,38.4,1.0,0.0
2025-09-03,LOC-04,SVC-05,Priority,1,20.0,1.0,0.0
2025-09-04,LOC-07,SVC-07,Routine,1,64.3,1.0,0.0
2025-09-05,LOC-03,SVC-02,Urgent,1,,1.0,0.0
2025-09-05,LOC-04,SVC-07,Routine,1,15.5,1.0,0.0
2025-09-05,LOC-07,SVC-01,Urgent,1,53.6,1.0,0.0
2025-09-05,LOC-01,SVC-09,Priority,1,19.7,1.0,0.0
2025-09-05,LOC-01,SVC-08,Routine,1,16.5,1.0,0.0
2025-09-06,LOC-10,SVC-02,Priority,1,12.3,1.0,0.0
2025-09-06,LOC-07,SVC-05,Routine,2,27.7,1.0,1.0
2025-09-06,LOC-02,SVC-02,Routine,1,14.1,1.0,0.0
2025-09-07,LOC-08,SVC-02,Urgent,1,72.4,1.0,0.0
2025-09-07,LOC-04,SVC-01,Priority,1,3.5,1.0,0.0
2025-09-07,LOC-03,SVC-05,Routine,1,28.2,1.0,0.0
2025-09-08,LOC-02,SVC-05,Priority,1,77.8,1.0,0.0
2025-09-08,LOC-03,SVC-01,Priority,1,34.9,1.0,0.0
2025-09-09,LOC-04,SVC-07,Urgent,1,59.7,1.0,0.0
2025-09-09,LOC-09,SVC-02,Emergency,1,72.3,1.0,0.0
2025-09-09,LOC-10,SVC-02,Routine,1,55.8,1.0,0.0
2025-09-10,LOC-06,SVC-02,Priority,1,17.3,1.0,0.0
2025-09-10,LOC-03,SVC-03,Urgent,1,,1.0,0.0
2025-09-10,LOC-03,SVC-01,Priority,3,21.433333333333334,3.0,0.0
2025-09-10,LOC-08,SVC-01,Urgent,1,,1.0,0.0
2025-09-10,LOC-05,SVC-07,Priority,1,27.5,1.0,0.0
2025-09-10,LOC-07,SVC-04,Routine,1,14.3,1.0,0.0
2025-09-10,LOC-03,SVC-05,Priority,1,12.0,1.0,0.0
2025-09-10,LOC-10,SVC-02,Priority,1,16.6,1.0,0.0
2025-09-10,LOC-03,SVC-02,Priority,2,42.55,2.0,0.0
2025-09-10,LOC-08,SVC-02,Priority,2,33.95,2.0,0.0
2025-09-10,LOC-10,SVC-06,Priority,1,61.0,1.0,0.0
2025-09-11,LOC-06,SVC-09,Priority,1,35.2,1.0,0.0
2025-09-11,LOC-05,SVC-06,Priority,1,16.8,1.0,0.0
2025-09-11,LOC-05,SVC-01,Routine,1,32.0,1.0,0.0
2025-09-11,LOC-06,SVC-01,Urgent,1,36.0,1.0,0.0
2025-09-11,LOC-03,SVC-05,Routine,1,26.0,1.0,0.0
2025-09-12,LOC-05,SVC-07,Routine,1,42.5,1.0,0.0
2025-09-12,LOC-02,SVC-02,Urgent,1,88.8,0.0,0.0
2025-09-12,LOC-06,SVC-05,Priority,1,9.8,1.0,0.0
2025-09-12,LOC-06,SVC-03,Routine,1,71.4,1.0,0.0
2025-09-12,LOC-10,SVC-01,Routine,2,49.15,1.0,1.0
2025-09-12,LOC-10,SVC-09,Routine,1,2.2,1.0,0.0
2025-09-13,LOC-09,SVC-03,Routine,1,33.8,1.0,0.0
2025-09-13,LOC-03,SVC-06,Urgent,1,68.0,1.0,0.0
2025-09-14,LOC-05,SVC-04,Urgent,1,56.4,1.0,0.0
2025-09-14,LOC-09,SVC-09,Routine,1,8.6,1.0,0.0
2025-09-15,LOC-02,SVC-05,Priority,1,16.7,1.0,0.0
2025-09-15,LOC-06,SVC-06,Urgent,1,99.0,1.0,0.0
2025-09-15,LOC-02,SVC-07,Emergency,1,81.1,0.0,0.0
2025-09-15,LOC-02,SVC-08,Priority,1,66.3,1.0,0.0
2025-09-15,LOC-03,SVC-01,Routine,1,47.7,1.0,0.0
2025-09-15,LOC-10,SVC-06,Priority,1,33.2,1.0,0.0
2025-09-15,LOC-02,SVC-03,Priority,1,16.7,1.0,0.0
2025-09-15,LOC-10,SVC-07,Priority,1,60.1,1.0,0.0
2025-09-16,LOC-05,SVC-07,Routine,1,,1.0,0.0
2025-09-16,LOC-07,SVC-01,Routine,1,60.3,1.0,0.0
2025-09-16,LOC-02,SVC-03,Routine,1,85.6,1.0,0.0
2025-09-16,LOC-09,SVC-02,Routine,1,11.8,1.0,0.0
2025-09-16,LOC-02,SVC-06,Routine,1,41.5,1.0,0.0
2025-09-17,LOC-02,SVC-07,Priority,1,62.6,1.0,0.0
2025-09-17,LOC-10,SVC-03,Urgent,1,87.8,1.0,0.0
2025-09-17,LOC-08,SVC-02,Urgent,1,59.6,1.0,0.0
2025-09-17,LOC-08,SVC-03,Routine,1,13.6,1.0,0.0
2025-09-17,LOC-08,SVC-06,Routine,1,37.6,1.0,0.0
2025-09-18,LOC-01,SVC-01,Urgent,1,29.2,1.0,0.0
2025-09-18,LOC-06,SVC-03,Routine,1,39.4,1.0,0.0
2025-09-18,LOC-07,SVC-05,Priority,1,23.9,1.0,0.0
2025-09-18,LOC-03,SVC-05,Routine,1,13.0,1.0,0.0
2025-09-18,LOC-06,SVC-07,Routine,1,21.6,1.0,0.0
2025-09-19,LOC-09,SVC-01,Routine,1,64.2,1.0,0.0
2025-09-19,LOC-01,SVC-07,Priority,1,55.2,1.0,0.0
2025-09-19,LOC-01,SVC-04,Urgent,1,65.3,0.0,0.0
2025-09-19,LOC-06,SVC-01,Routine,1,16.6,1.0,0.0
2025-09-19,LOC-01,SVC-09,Urgent,1,60.8,1.0,0.0
2025-09-19,LOC-07,SVC-05,Routine,1,31.8,1.0,0.0
2025-09-19,LOC-04,SVC-03,Routine,1,21.1,1.0,0.0
2025-09-20,LOC-10,SVC-05,Routine,1,31.2,1.0,0.0
2025-09-20,LOC-08,SVC-02,Routine,1,17.2,1.0,0.0
2025-09-20,LOC-09,SVC-08,Routine,1,24.2,1.0,0.0
2025-09-21,LOC-05,SVC-02,Routine,1,40.1,1.0,0.0
2025-09-22,LOC-09,SVC-09,Routine,1,54.5,1.0,0.0
2025-09-22,LOC-05,SVC-01,Priority,1,51.4,1.0,0.0
2025-09-22,LOC-08,SVC-04,Urgent,1,93.3,0.0,0.0
2025-09-22,LOC-07,SVC-07,Routine,1,36.4,1.0,0.0
2025-09-22,LOC-07,SVC-06,Priority,1,35.2,1.0,0.0
2025-09-23,LOC-07,SVC-01,Routine,1,22.9,1.0,0.0
2025-09-23,LOC-06,SVC-08,Routine,1,40.2,1.0,0.0
2025-09-23,LOC-03,SVC-02,Routine,1,12.9,1.0,0.0
2025-09-23,LOC-07,SVC-03,Routine,1,11.4,1.0,0.0
2025-09-23,LOC-01,SVC-02,Priority,1,43.2,1.0,0.0
2025-09-23,LOC-08,SVC-01,Urgent,1,17.3,1.0,0.0
2025-09-23,LOC-04,SVC-02,Priority,1,83.7,1.0,0.0
2025-09-24,LOC-05,SVC-04,Urgent,1,,1.0,0.0
2025-09-24,LOC-04,SVC-02,Routine,1,24.7,1.0,0.0
2025-09-25,LOC-06,SVC-02,Priority,1,48.7,1.0,0.0
2025-09-25,LOC-04,SVC-07,Routine,1,77.7,1.0,0.0
2025-09-25,LOC-07,SVC-09,Urgent,1,39.1,0.0,0.0
2025-09-26,LOC-02,SVC-03,Routine,1,38.3,1.0,0.0
2025-09-26,LOC-05,SVC-05,Priority,1,38.1,1.0,0.0
2025-09-26,LOC-08,SVC-05,Routine,1,39.0,1.0,0.0
2025-09-26,LOC-10,SVC-05,Routine,1,12.4,1.0,0.0
2025-09-26,LOC-05,SVC-09,Priority,1,75.8,1.0,0.0
2025-09-29,LOC-09,SVC-05,Routine,1,,1.0,0.0
2025-09-29,LOC-03,SVC-05,Urgent,1,17.8,1.0,0.0
2025-09-29,LOC-09,SVC-01,Priority,1,58.9,1.0,0.0
2025-09-29,LOC-02,SVC-09,Priority,1,62.2,1.0,0.0
2025-09-29,LOC-06,SVC-03,Priority,1,24.6,1.0,0.0
2025-09-30,LOC-02,SVC-05,Urgent,1,66.2,1.0,0.0
2025-10-01,LOC-04,SVC-08,Priority,1,8.0,1.0,0.0
2025-10-01,LOC-09,SVC-02,Routine,1,11.5,1.0,0.0
2025-10-01,LOC-10,SVC-05,Priority,1,11.7,1.0,0.0
2025-10-01,LOC-09,SVC-09,Routine,1,64.4,1.0,0.0
2025-10-02,LOC-02,SVC-07,Priority,1,40.9,1.0,0.0
2025-10-02,LOC-04,SVC-02,Routine,1,,1.0,0.0
2025-10-02,LOC-03,SVC-07,Routine,1,13.4,1.0,0.0
2025-10-02,LOC-02,SVC-02,Emergency,1,17.0,0.0,0.0
2025-10-02,LOC-05,SVC-07,Urgent,1,34.2,0.0,0.0
2025-10-03,LOC-09,SVC-05,Routine,1,40.9,1.0,0.0
2025-10-03,LOC-03,SVC-07,Priority,1,8.4,1.0,0.0
2025-10-03,LOC-02,SVC-07,Priority,1,34.0,1.0,0.0
2025-10-03,LOC-04,SVC-04,Urgent,1,83.0,1.0,0.0
2025-10-04,LOC-04,SVC-02,Urgent,1,28.6,1.0,0.0
2025-10-04,LOC-02,SVC-04,Urgent,1,81.5,1.0,0.0
2025-10-04,LOC-10,SVC-08,Routine,1,15.6,1.0,0.0
2025-10-05,LOC-06,SVC-01,Routine,1,27.3,1.0,0.0
2025-10-05,LOC-06,SVC-05,Priority,1,37.1,1.0,0.0
2025-10-05,LOC-04,SVC-09,Routine,1,13.6,1.0,0.0
2025-10-06,LOC-03,SVC-05,Priority,1,30.3,1.0,0.0
2025-10-06,LOC-06,SVC-08,Routine,1,28.9,1.0,0.0
2025-10-06,LOC-06,SVC-04,Routine,1,34.7,1.0,0.0
2025-10-07,LOC-06,SVC-03,Priority,1,34.9,1.0,0.0
2025-10-07,LOC-09,SVC-02,Routine,1,15.9,1.0,0.0
2025-10-07,LOC-10,SVC-07,Routine,1,22.4,1.0,0.0
2025-10-07,LOC-08,SVC-05,Routine,1,65.8,1.0,0.0
2025-10-07,LOC-04,SVC-05,Routine,1,24.9,1.0,0.0
2025-10-07,LOC-10,SVC-05,Routine,1,,1.0,0.0
2025-10-07,LOC-10,SVC-02,Emergency,1,61.3,0.0,0.0
2025-10-07,LOC-01,SVC-01,Routine,1,88.8,1.0,0.0
2025-10-07,LOC-07,SVC-04,Routine,1,86.0,1.0,0.0
2025-10-08,LOC-08,SVC-07,Routine,1,39.9,1.0,0.0
2025-10-08,LOC-09,SVC-02,Routine,1,13.5,1.0,0.0
2025-10-08,LOC-05,SVC-01,Priority,1,35.7,1.0,0.0
2025-10-08,LOC-05,SVC-05,Urgent,1,43.9,1.0,0.0
2025-10-08,LOC-06,SVC-09,Routine,1,61.7,1.0,0.0
2025-10-08,LOC-02,SVC-08,Routine,1,16.4,1.0,0.0
2025-10-08,LOC-02,SVC-02,Routine,1,40.2,1.0,0.0
2025-10-08,LOC-08,SVC-01,Routine,1,42.1,1.0,0.0
2025-10-08,LOC-07,SVC-06,Routine,1,46.4,1.0,0.0
2025-10-09,LOC-06,SVC-04,Urgent,1,68.2,0.0,0.0
2025-10-09,LOC-08,SVC-01,Routine,1,45.1,1.0,0.0
2025-10-09,LOC-06,SVC-03,Priority,1,11.5,1.0,0.0
2025-10-09,LOC-01,SVC-05,Urgent,1,26.1,1.0,0.0
2025-10-09,LOC-05,SVC-01,Routine,1,30.7,1.0,0.0
2025-10-09,LOC-09,SVC-02,Urgent,1,21.4,1.0,0.0
2025-10-10,LOC-01,SVC-04,Urgent,1,92.0,1.0,0.0
2025-10-11,LOC-08,SVC-02,Urgent,1,59.5,0.0,0.0
2025-10-11,LOC-01,SVC-08,Priority,1,63.9,1.0,0.0
2025-10-12,LOC-01,SVC-09,Routine,1,19.9,1.0,0.0
2025-10-13,LOC-07,SVC-08,Priority,1,82.9,0.0,0.0
2025-10-13,LOC-02,SVC-02,Priority,1,38.3,1.0,0.0
2025-10-13,LOC-03,SVC-06,Urgent,1,48.5,1.0,0.0
2025-10-13,LOC-09,SVC-02,Urgent,1,58.9,0.0,0.0
2025-10-14,LOC-05,SVC-06,Routine,1,28.3,1.0,0.0
2025-10-14,LOC-05,SVC-04,Priority,1,64.4,1.0,0.0
2025-10-14,LOC-01,SVC-07,Routine,1,13.1,1.0,0.0
2025-10-14,LOC-03,SVC-02,Routine,1,72.7,1.0,0.0
2025-10-14,LOC-05,SVC-07,Priority,1,64.3,1.0,0.0
2025-10-14,LOC-03,SVC-08,Routine,1,14.4,1.0,0.0
2025-10-14,LOC-02,SVC-02,Routine,1,41.1,1.0,0.0
2025-10-15,LOC-01,SVC-01,Urgent,1,71.8,1.0,0.0
2025-10-15,LOC-08,SVC-02,Priority,1,61.7,1.0,0.0
2025-10-15,LOC-04,SVC-01,Routine,1,11.2,1.0,0.0
2025-10-15,LOC-03,SVC-07,Routine,1,23.1,1.0,0.0
2025-10-15,LOC-02,SVC-07,Routine,2,16.5,2.0,0.0
2025-10-16,LOC-07,SVC-02,Routine,2,17.5,2.0,0.0
2025-10-16,LOC-01,SVC-06,Priority,1,22.5,1.0,0.0
2025-10-16,LOC-03,SVC-05,Routine,1,21.0,1.0,0.0
2025-10-16,LOC-05,SVC-01,Routine,1,73.8,1.0,0.0
2025-10-16,LOC-06,SVC-02,Routine,1,66.7,1.0,0.0
2025-10-17,LOC-02,SVC-01,Routine,1,13.4,1.0,0.0
2025-10-17,LOC-07,SVC-01,Priority,1,56.5,1.0,0.0
2025-10-17,LOC-02,SVC-07,Routine,1,45.1,1.0,0.0
2025-10-17,LOC-03,SVC-05,Priority,1,44.6,1.0,0.0
2025-10-17,LOC-02,SVC-08,Priority,1,65.7,1.0,0.0
2025-10-18,LOC-02,SVC-01,Priority,1,71.3,1.0,0.0
2025-10-20,LOC-08,SVC-01,Routine,1,20.7,1.0,0.0
2025-10-20,LOC-03,SVC-05,Priority,2,44.099999999999994,2.0,0.0
2025-10-20,LOC-09,SVC-03,Urgent,1,45.0,0.0,0.0
2025-10-20,LOC-07,SVC-05,Routine,2,15.1,2.0,0.0
2025-10-20,LOC-07,SVC-06,Emergency,1,37.6,0.0,0.0
2025-10-20,LOC-05,SVC-09,Urgent,1,43.5,1.0,0.0
2025-10-21,LOC-09,SVC-02,Routine,1,51.1,1.0,0.0
2025-10-21,LOC-08,SVC-05,Emergency,1,40.1,0.0,0.0
2025-10-21,LOC-05,SVC-06,Priority,1,66.2,1.0,0.0
2025-10-21,LOC-01,SVC-06,Routine,1,38.5,1.0,0.0
2025-10-21,LOC-05,SVC-03,Priority,1,30.6,1.0,0.0
2025-10-22,LOC-06,SVC-02,Urgent,1,22.7,1.0,0.0
2025-10-22,LOC-06,SVC-01,Routine,1,15.8,1.0,0.0
2025-10-22,LOC-07,SVC-07,Routine,1,43.5,1.0,0.0
2025-10-23,LOC-07,SVC-09,Priority,1,42.3,0.0,0.0
2025-10-23,LOC-06,SVC-05,Routine,2,37.2,2.0,0.0
2025-10-23,LOC-02,SVC-06,Routine,2,48.6,2.0,0.0
2025-10-23,LOC-02,SVC-01,Routine,1,66.0,1.0,0.0
2025-10-24,LOC-04,SVC-07,Urgent,1,37.4,1.0,0.0
2025-10-24,LOC-10,SVC-02,Routine,1,27.0,1.0,0.0
2025-10-24,LOC-07,SVC-01,Routine,1,65.3,1.0,0.0
2025-10-24,LOC-05,SVC-08,Emergency,1,79.9,0.0,0.0
2025-10-24,LOC-06,SVC-02,Priority,1,14.3,1.0,0.0
2025-10-25,LOC-01,SVC-03,Priority,1,24.2,1.0,0.0
2025-10-25,LOC-08,SVC-01,Urgent,1,81.3,0.0,0.0
2025-10-25,LOC-09,SVC-01,Routine,1,49.5,1.0,0.0
2025-10-26,LOC-08,SVC-05,Routine,1,23.8,1.0,0.0
2025-10-26,LOC-02,SVC-06,Priority,1,35.1,1.0,0.0
2025-10-27,LOC-10,SVC-02,Routine,2,29.05,2.0,0.0
2025-10-27,LOC-08,SVC-01,Routine,1,41.7,1.0,0.0
2025-10-27,LOC-04,SVC-09,Urgent,1,81.9,1.0,0.0
2025-10-27,LOC-02,SVC-06,Priority,1,46.1,1.0,0.0
2025-10-28,LOC-07,SVC-02,Routine,1,53.0,1.0,0.0
2025-10-28,LOC-05,SVC-04,Emergency,1,37.3,0.0,0.0
2025-10-28,LOC-08,SVC-08,Routine,1,23.3,1.0,0.0
2025-10-28,LOC-01,SVC-07,Urgent,1,38.2,1.0,0.0
2025-10-28,LOC-10,SVC-09,Urgent,1,96.6,1.0,0.0
2025-10-28,LOC-07,SVC-05,Urgent,1,58.8,1.0,0.0
2025-10-28,LOC-10,SVC-05,Routine,1,20.7,1.0,0.0
2025-10-28,LOC-09,SVC-07,Priority,1,37.6,1.0,0.0
2025-10-28,LOC-04,SVC-01,Routine,1,66.2,1.0,0.0
2025-10-29,LOC-08,SVC-01,Priority,1,40.9,1.0,0.0
2025-10-29,LOC-03,SVC-07,Priority,1,46.1,1.0,0.0
2025-10-30,LOC-09,SVC-08,Routine,1,72.1,1.0,0.0
2025-10-30,LOC-04,SVC-02,Routine,1,47.7,1.0,0.0
2025-10-30,LOC-06,SVC-04,Routine,1,10.8,1.0,0.0
2025-10-31,LOC-06,SVC-03,Routine,1,34.9,1.0,0.0
2025-10-31,LOC-01,SVC-01,Routine,1,66.2,1.0,0.0
2025-10-31,LOC-09,SVC-09,Priority,1,16.1,1.0,0.0
2025-10-31,LOC-01,SVC-03,Routine,1,38.9,1.0,0.0
2025-10-31,LOC-06,SVC-08,Routine,1,40.1,1.0,0.0
2025-10-31,LOC-09,SVC-01,Routine,2,49.0,2.0,0.0
2025-11-01,LOC-07,SVC-01,Routine,1,47.0,1.0,0.0
2025-11-02,LOC-06,SVC-06,Priority,1,38.2,1.0,0.0
2025-11-02,LOC-06,SVC-07,Urgent,1,61.1,1.0,0.0
2025-11-03,LOC-09,SVC-02,Routine,1,50.2,1.0,0.0
2025-11-03,LOC-10,SVC-01,Routine,2,23.9,2.0,0.0
2025-11-03,LOC-07,SVC-07,Priority,1,30.1,1.0,0.0
2025-11-03,LOC-09,SVC-01,Priority,1,42.2,1.0,0.0
2025-11-03,LOC-05,SVC-06,Routine,1,41.5,1.0,0.0
2025-11-04,LOC-06,SVC-04,Routine,1,45.0,1.0,0.0
2025-11-04,LOC-09,SVC-05,Routine,1,28.3,1.0,0.0
2025-11-04,LOC-07,SVC-01,Routine,1,16.0,1.0,0.0
2025-11-04,LOC-06,SVC-07,Routine,1,16.9,1.0,0.0
2025-11-05,LOC-05,SVC-04,Routine,2,64.35,2.0,0.0
2025-11-06,LOC-09,SVC-05,Routine,1,48.6,1.0,0.0
2025-11-06,LOC-04,SVC-06,Routine,1,10.9,1.0,0.0
2025-11-06,LOC-03,SVC-04,Routine,1,36.6,1.0,0.0
2025-11-06,LOC-02,SVC-07,Urgent,1,67.8,0.0,0.0
2025-11-07,LOC-09,SVC-07,Routine,1,2.7,1.0,0.0
2025-11-07,LOC-01,SVC-02,Priority,1,92.1,1.0,0.0
2025-11-07,LOC-10,SVC-01,Routine,1,48.7,1.0,0.0
2025-11-07,LOC-07,SVC-08,Routine,1,11.3,1.0,0.0
2025-11-07,LOC-02,SVC-01,Urgent,1,71.2,0.0,0.0
2025-11-08,LOC-06,SVC-04,Emergency,1,80.9,0.0,0.0
2025-11-09,LOC-03,SVC-08,Routine,1,41.4,1.0,0.0
2025-11-10,LOC-08,SVC-01,Routine,2,49.9,2.0,0.0
2025-11-10,LOC-02,SVC-01,Priority,1,8.0,1.0,0.0
2025-11-10,LOC-09,SVC-01,Routine,1,16.0,1.0,0.0
2025-11-11,LOC-10,SVC-01,Routine,1,46.8,1.0,0.0
2025-11-11,LOC-10,SVC-07,Routine,1,17.1,1.0,0.0
2025-11-11,LOC-08,SVC-04,Routine,1,15.8,1.0,0.0
2025-11-11,LOC-08,SVC-01,Urgent,1,44.3,0.0,0.0
2025-11-11,LOC-03,SVC-03,Priority,1,21.5,1.0,0.0
2025-11-12,LOC-05,SVC-01,Routine,1,43.2,1.0,0.0
2025-11-12,LOC-03,SVC-07,Routine,1,42.2,1.0,0.0
2025-11-12,LOC-09,SVC-08,Priority,1,45.2,1.0,0.0
2025-11-14,LOC-05,SVC-07,Routine,1,39.3,1.0,0.0
2025-11-14,LOC-01,SVC-09,Priority,1,59.4,1.0,0.0
2025-11-14,LOC-01,SVC-06,Priority,1,69.9,1.0,0.0
2025-11-15,LOC-04,SVC-01,Routine,1,12.5,1.0,0.0
2025-11-15,LOC-07,SVC-04,Routine,1,17.1,1.0,0.0
2025-11-15,LOC-02,SVC-09,Priority,1,63.8,1.0,0.0
2025-11-16,LOC-06,SVC-05,Routine,1,6.3,1.0,0.0
2025-11-16,LOC-06,SVC-06,Routine,1,15.3,1.0,0.0
2025-11-16,LOC-07,SVC-04,Priority,1,96.2,1.0,0.0
2025-11-17,LOC-03,SVC-09,Priority,1,82.7,1.0,0.0
2025-11-17,LOC-05,SVC-04,Routine,1,19.4,1.0,0.0
2025-11-17,LOC-07,SVC-01,Routine,1,6.5,1.0,0.0
2025-11-17,LOC-06,SVC-02,Priority,1,41.9,1.0,0.0
2025-11-17,LOC-03,SVC-02,Routine,1,9.3,1.0,0.0
2025-11-17,LOC-06,SVC-01,Routine,1,11.4,1.0,0.0
2025-11-17,LOC-02,SVC-02,Routine,1,11.2,1.0,0.0
2025-11-18,LOC-07,SVC-08,Routine,1,7.0,1.0,0.0
2025-11-18,LOC-10,SVC-05,Priority,1,13.3,1.0,0.0
2025-11-18,LOC-01,SVC-06,Urgent,1,54.7,0.0,0.0
2025-11-18,LOC-03,SVC-02,Priority,1,12.4,1.0,0.0
2025-11-18,LOC-04,SVC-09,Routine,1,10.4,1.0,0.0
2025-11-18,LOC-08,SVC-06,Routine,1,44.8,1.0,0.0
2025-11-18,LOC-01,SVC-01,Emergency,1,36.3,0.0,0.0
2025-11-19,LOC-06,SVC-09,Urgent,1,63.2,1.0,0.0
2025-11-19,LOC-08,SVC-03,Routine,1,,1.0,0.0
2025-11-20,LOC-09,SVC-03,Priority,1,36.7,1.0,0.0
2025-11-20,LOC-04,SVC-06,Routine,1,8.8,1.0,0.0
2025-11-20,LOC-10,SVC-07,Priority,1,45.1,1.0,0.0
2025-11-20,LOC-03,SVC-06,Routine,1,4.1,1.0,0.0
2025-11-20,LOC-09,SVC-01,Priority,1,31.7,1.0,0.0
2025-11-20,LOC-05,SVC-07,Priority,1,50.8,1.0,0.0
2025-11-20,LOC-07,SVC-01,Routine,1,66.1,1.0,0.0
2025-11-21,LOC-03,SVC-03,Emergency,1,54.8,0.0,0.0
2025-11-21,LOC-07,SVC-01,Urgent,1,30.5,1.0,0.0
2025-11-21,LOC-03,SVC-01,Routine,1,23.2,1.0,0.0
2025-11-22,LOC-03,SVC-06,Routine,2,25.049999999999997,2.0,0.0
2025-11-22,LOC-09,SVC-09,Routine,1,37.9,1.0,0.0
2025-11-22,LOC-05,SVC-06,Priority,1,47.7,1.0,0.0
2025-11-22,LOC-10,SVC-01,Routine,1,12.3,1.0,0.0
2025-11-22,LOC-09,SVC-07,Routine,1,39.0,1.0,0.0
2025-11-22,LOC-06,SVC-04,Routine,1,67.8,1.0,0.0
2025-11-23,LOC-02,SVC-02,Routine,1,41.1,1.0,0.0
2025-11-24,LOC-01,SVC-02,Routine,1,6.9,1.0,0.0
2025-11-24,LOC-09,SVC-05,Emergency,1,42.4,0.0,0.0
2025-11-24,LOC-05,SVC-07,Priority,1,54.3,1.0,0.0
2025-11-24,LOC-06,SVC-04,Routine,1,25.7,1.0,0.0
2025-11-24,LOC-06,SVC-06,Emergency,1,15.7,0.0,0.0
2025-11-25,LOC-08,SVC-01,Routine,1,43.9,1.0,0.0
2025-11-25,LOC-08,SVC-06,Routine,1,14.6,1.0,0.0
2025-11-25,LOC-02,SVC-09,Priority,1,66.1,1.0,0.0
2025-11-25,LOC-01,SVC-01,Routine,1,52.2,1.0,0.0
2025-11-25,LOC-01,SVC-09,Routine,1,12.9,1.0,0.0
2025-11-25,LOC-02,SVC-01,Priority,1,90.8,1.0,0.0
2025-11-25,LOC-09,SVC-01,Routine,1,42.0,1.0,0.0
2025-11-26,LOC-04,SVC-03,Routine,1,16.8,1.0,0.0
2025-11-26,LOC-09,SVC-04,Priority,1,68.7,1.0,0.0
2025-11-26,LOC-06,SVC-02,Priority,1,5.5,1.0,0.0
2025-11-27,LOC-02,SVC-03,Priority,1,41.0,1.0,0.0
2025-11-27,LOC-06,SVC-03,Priority,1,4.0,1.0,0.0
2025-11-27,LOC-02,SVC-05,Urgent,1,89.8,1.0,0.0
2025-11-27,LOC-09,SVC-05,Priority,1,4.0,1.0,0.0
2025-11-27,LOC-08,SVC-07,Routine,1,,1.0,0.0
2025-11-27,LOC-10,SVC-01,Routine,1,19.1,1.0,0.0
2025-11-27,LOC-09,SVC-02,Routine,1,14.1,1.0,0.0
2025-11-27,LOC-03,SVC-02,Emergency,1,86.5,0.0,0.0
2025-11-28,LOC-04,SVC-07,Routine,1,12.9,1.0,0.0
2025-11-28,LOC-05,SVC-02,Priority,1,50.7,1.0,0.0
2025-11-28,LOC-08,SVC-05,Urgent,1,2.3,1.0,0.0
2025-11-30,LOC-04,SVC-07,Routine,1,58.7,1.0,0.0
2025-11-30,LOC-04,SVC-04,Urgent,1,13.4,1.0,0.0
2025-11-30,LOC-08,SVC-04,Priority,1,44.8,1.0,0.0
2025-11-30,LOC-09,SVC-03,Priority,1,68.2,1.0,0.0
2025-11-30,LOC-07,SVC-05,Routine,1,39.2,1.0,0.0
2025-11-30,LOC-03,SVC-05,Emergency,1,90.0,0.0,0.0
2025-12-01,LOC-08,SVC-08,Routine,1,25.0,1.0,0.0
2025-12-01,LOC-06,SVC-09,Routine,1,17.8,1.0,0.0
2025-12-01,LOC-05,SVC-01,Routine,1,55.5,1.0,0.0
2025-12-01,LOC-09,SVC-01,Routine,1,38.7,1.0,0.0
2025-12-01,LOC-04,SVC-05,Routine,1,79.9,1.0,0.0
2025-12-02,LOC-04,SVC-03,Urgent,1,50.3,1.0,0.0
2025-12-03,LOC-08,SVC-06,Routine,2,47.15,2.0,0.0
2025-12-03,LOC-05,SVC-02,Urgent,1,69.1,1.0,0.0
2025-12-03,LOC-04,SVC-05,Routine,1,25.1,1.0,0.0
2025-12-03,LOC-06,SVC-09,Emergency,1,58.7,0.0,0.0
2025-12-03,LOC-03,SVC-07,Routine,1,23.2,1.0,0.0
2025-12-03,LOC-07,SVC-06,Routine,1,12.4,1.0,0.0
2025-12-03,LOC-04,SVC-03,Priority,1,12.1,1.0,0.0
2025-12-03,LOC-02,SVC-08,Priority,1,18.4,1.0,0.0
2025-12-03,LOC-06,SVC-08,Routine,1,21.1,1.0,0.0
2025-12-04,LOC-07,SVC-01,Priority,1,41.2,1.0,0.0
2025-12-04,LOC-03,SVC-05,Routine,1,12.6,1.0,0.0
2025-12-04,LOC-07,SVC-02,Priority,1,38.2,1.0,0.0
2025-12-04,LOC-03,SVC-02,Emergency,1,47.4,0.0,0.0
2025-12-05,LOC-06,SVC-01,Routine,1,59.7,1.0,0.0
2025-12-05,LOC-10,SVC-06,Emergency,1,96.0,1.0,0.0
2025-12-05,LOC-10,SVC-07,Routine,1,42.0,1.0,0.0
2025-12-05,LOC-03,SVC-02,Routine,1,,1.0,0.0
2025-12-05,LOC-07,SVC-02,Urgent,1,93.8,0.0,0.0
2025-12-05,LOC-01,SVC-01,Routine,1,8.0,1.0,0.0
2025-12-05,LOC-05,SVC-06,Routine,1,76.7,1.0,0.0
2025-12-05,LOC-10,SVC-09,Priority,1,70.1,1.0,0.0
2025-12-05,LOC-01,SVC-06,Priority,1,42.1,1.0,0.0
2025-12-05,LOC-03,SVC-03,Priority,1,8.8,1.0,0.0
2025-12-05,LOC-04,SVC-04,Priority,1,19.3,1.0,0.0
2025-12-06,LOC-05,SVC-01,Urgent,1,,1.0,0.0
2025-12-06,LOC-08,SVC-01,Routine,1,42.8,1.0,0.0
2025-12-06,LOC-03,SVC-09,Routine,1,63.5,1.0,0.0
2025-12-07,LOC-10,SVC-01,Emergency,1,64.6,0.0,0.0
2025-12-08,LOC-06,SVC-02,Priority,1,41.3,1.0,0.0
2025-12-08,LOC-06,SVC-04,Priority,2,34.85,2.0,0.0
2025-12-08,LOC-05,SVC-07,Emergency,1,80.1,0.0,0.0
2025-12-08,LOC-01,SVC-08,Priority,1,46.3,1.0,0.0
2025-12-08,LOC-04,SVC-04,Routine,1,23.6,1.0,0.0
2025-12-08,LOC-06,SVC-05,Urgent,1,6.4,1.0,0.0
2025-12-09,LOC-10,SVC-05,Routine,1,23.0,1.0,0.0
2025-12-09,LOC-02,SVC-05,Priority,1,56.5,1.0,0.0
2025-12-09,LOC-02,SVC-01,Emergency,1,84.5,0.0,0.0
2025-12-09,LOC-08,SVC-03,Urgent,1,31.0,0.0,0.0
2025-12-10,LOC-08,SVC-03,Priority,1,67.9,1.0,0.0
2025-12-10,LOC-02,SVC-08,Priority,1,42.9,1.0,0.0
2025-12-10,LOC-07,SVC-06,Emergency,1,94.0,0.0,0.0
2025-12-11,LOC-07,SVC-03,Routine,1,71.6,1.0,0.0
2025-12-11,LOC-03,SVC-01,Routine,2,92.2,2.0,0.0
2025-12-11,LOC-06,SVC-05,Emergency,1,39.9,0.0,0.0
2025-12-11,LOC-09,SVC-01,Routine,1,39.5,1.0,0.0
2025-12-11,LOC-10,SVC-07,Priority,1,20.1,1.0,0.0
2025-12-11,LOC-05,SVC-05,Emergency,1,24.9,0.0,0.0
2025-12-11,LOC-08,SVC-06,Routine,1,66.5,1.0,0.0
2025-12-12,LOC-10,SVC-06,Priority,1,33.4,1.0,0.0
2025-12-12,LOC-02,SVC-06,Routine,1,13.9,1.0,0.0
2025-12-12,LOC-04,SVC-04,Priority,1,22.0,0.0,0.0
2025-12-12,LOC-06,SVC-01,Priority,1,,0.0,0.0
2025-12-12,LOC-01,SVC-02,Urgent,1,83.0,0.0,0.0
2025-12-14,LOC-06,SVC-01,Routine,1,26.6,1.0,0.0
2025-12-14,LOC-10,SVC-07,Urgent,1,38.9,1.0,0.0
2025-12-15,LOC-03,SVC-02,Priority,1,18.3,1.0,0.0
2025-12-15,LOC-09,SVC-03,Priority,1,35.0,1.0,0.0
2025-12-15,LOC-01,SVC-07,Routine,1,24.0,1.0,0.0
2025-12-15,LOC-09,SVC-04,Routine,1,6.6,1.0,0.0
2025-12-15,LOC-06,SVC-01,Priority,1,39.0,1.0,0.0
2025-12-16,LOC-09,SVC-02,Urgent,1,86.0,1.0,0.0
2025-12-16,LOC-08,SVC-04,Priority,1,40.9,1.0,0.0
2025-12-17,LOC-02,SVC-08,Routine,1,45.7,1.0,0.0
2025-12-17,LOC-08,SVC-03,Routine,1,33.0,1.0,0.0
2025-12-17,LOC-04,SVC-08,Routine,1,38.6,1.0,0.0
2025-12-17,LOC-08,SVC-05,Routine,1,26.7,1.0,0.0
2025-12-18,LOC-07,SVC-04,Urgent,1,60.3,1.0,0.0
2025-12-18,LOC-06,SVC-05,Routine,1,16.8,1.0,0.0
2025-12-18,LOC-04,SVC-01,Routine,1,54.2,1.0,0.0
2025-12-19,LOC-07,SVC-02,Priority,1,14.7,1.0,0.0
2025-12-19,LOC-01,SVC-02,Routine,1,39.2,1.0,0.0
2025-12-19,LOC-09,SVC-06,Routine,1,38.4,1.0,0.0
2025-12-19,LOC-06,SVC-07,Priority,1,,1.0,0.0
2025-12-19,LOC-02,SVC-06,Urgent,1,19.9,1.0,0.0
2025-12-20,LOC-03,SVC-05,Priority,2,30.7,2.0,0.0
2025-12-20,LOC-01,SVC-02,Routine,1,16.4,1.0,0.0
2025-12-20,LOC-03,SVC-01,Routine,1,34.9,1.0,0.0
2025-12-20,LOC-05,SVC-05,Emergency,1,81.1,1.0,0.0
2025-12-21,LOC-10,SVC-01,Priority,1,14.2,1.0,0.0
2025-12-22,LOC-01,SVC-02,Priority,1,7.2,1.0,0.0
2025-12-22,LOC-02,SVC-09,Priority,1,80.2,1.0,0.0
2025-12-22,LOC-05,SVC-06,Urgent,1,78.3,1.0,0.0
2025-12-22,LOC-01,SVC-01,Routine,1,26.2,1.0,0.0
2025-12-22,LOC-08,SVC-08,Priority,1,63.5,1.0,0.0
2025-12-22,LOC-03,SVC-07,Priority,1,89.8,1.0,0.0
2025-12-23,LOC-10,SVC-05,Urgent,1,94.6,0.0,0.0
2025-12-23,LOC-03,SVC-01,Priority,1,45.7,1.0,0.0
2025-12-23,LOC-01,SVC-05,Priority,1,39.4,1.0,0.0
2025-12-23,LOC-10,SVC-01,Priority,1,19.0,1.0,0.0
2025-12-24,LOC-01,SVC-05,Emergency,1,76.4,0.0,0.0
2025-12-24,LOC-05,SVC-02,Routine,1,38.2,1.0,0.0
2025-12-24,LOC-05,SVC-04,Routine,1,72.5,1.0,0.0
2025-12-24,LOC-07,SVC-01,Emergency,1,66.1,0.0,0.0
2025-12-24,LOC-10,SVC-01,Routine,1,16.3,1.0,0.0
2025-12-24,LOC-08,SVC-06,Urgent,1,58.4,0.0,0.0
2025-12-25,LOC-02,SVC-04,Priority,1,43.0,1.0,0.0
2025-12-25,LOC-04,SVC-05,Urgent,1,26.2,1.0,0.0
2025-12-25,LOC-06,SVC-05,Priority,1,21.3,1.0,0.0
2025-12-26,LOC-02,SVC-07,Urgent,1,85.3,1.0,0.0
2025-12-27,LOC-03,SVC-01,Routine,1,12.9,1.0,0.0
2025-12-27,LOC-01,SVC-05,Routine,1,50.8,1.0,0.0
2025-12-28,LOC-10,SVC-06,Priority,1,,1.0,0.0
2025-12-28,LOC-08,SVC-05,Routine,1,5.7,1.0,0.0
2025-12-28,LOC-03,SVC-02,Priority,1,38.8,1.0,0.0
2025-12-29,LOC-04,SVC-01,Priority,1,39.3,1.0,0.0
2025-12-29,LOC-04,SVC-04,Priority,1,,1.0,0.0
2025-12-29,LOC-03,SVC-09,Routine,1,10.3,1.0,0.0
2025-12-29,LOC-02,SVC-06,Priority,1,46.4,1.0,0.0
2025-12-30,LOC-03,SVC-05,Emergency,1,91.1,0.0,0.0
2025-12-30,LOC-02,SVC-03,Emergency,1,92.8,0.0,0.0
2025-12-30,LOC-09,SVC-05,Routine,1,62.0,1.0,0.0
2025-12-30,LOC-06,SVC-04,Routine,1,43.9,1.0,0.0
2025-12-30,LOC-08,SVC-01,Urgent,1,84.7,0.0,0.0
2025-12-30,LOC-04,SVC-01,Priority,1,13.0,1.0,0.0
2025-12-31,LOC-10,SVC-03,Routine,1,26.9,1.0,0.0
2025-12-31,LOC-10,SVC-02,Routine,1,24.5,1.0,0.0
2025-12-31,LOC-01,SVC-07,Routine,1,42.5,1.0,0.0
2025-12-31,LOC-09,SVC-05,Priority,1,39.6,1.0,0.0
2026-01-01,LOC-02,SVC-09,Routine,1,15.8,1.0,0.0
2026-01-01,LOC-01,SVC-03,Routine,1,24.2,1.0,0.0
2026-01-01,LOC-10,SVC-06,Priority,1,87.9,1.0,0.0
2026-01-02,LOC-07,SVC-02,Priority,1,7.1,1.0,0.0
2026-01-02,LOC-09,SVC-05,Routine,1,64.7,1.0,0.0
2026-01-02,LOC-02,SVC-02,Routine,1,12.4,1.0,0.0
2026-01-02,LOC-06,SVC-07,Urgent,1,18.6,0.0,0.0
2026-01-02,LOC-06,SVC-02,Routine,1,21.5,1.0,0.0
2026-01-02,LOC-10,SVC-05,Routine,1,8.0,1.0,0.0
2026-01-02,LOC-06,SVC-09,Routine,1,15.5,1.0,0.0
2026-01-02,LOC-10,SVC-04,Urgent,1,83.6,0.0,0.0
2026-01-02,LOC-04,SVC-02,Urgent,1,36.5,1.0,0.0
2026-01-02,LOC-05,SVC-03,Priority,1,60.6,1.0,0.0
2026-01-03,LOC-06,SVC-01,Routine,1,71.1,1.0,0.0
2026-01-04,LOC-10,SVC-02,Priority,1,,1.0,0.0
2026-01-04,LOC-07,SVC-01,Routine,1,55.6,1.0,0.0
2026-01-05,LOC-06,SVC-01,Routine,1,61.9,1.0,0.0
2026-01-05,LOC-03,SVC-01,Routine,1,12.6,1.0,0.0
2026-01-05,LOC-03,SVC-08,Priority,1,,1.0,0.0
2026-01-05,LOC-09,SVC-04,Urgent,1,83.3,0.0,0.0
2026-01-06,LOC-05,SVC-02,Priority,1,64.6,1.0,0.0
2026-01-06,LOC-08,SVC-03,Priority,1,10.0,1.0,0.0
2026-01-06,LOC-07,SVC-01,Routine,2,22.35,2.0,0.0
2026-01-06,LOC-08,SVC-09,Routine,1,11.3,1.0,0.0
2026-01-07,LOC-08,SVC-01,Routine,1,41.1,1.0,0.0
2026-01-07,LOC-03,SVC-02,Priority,1,40.8,1.0,0.0
2026-01-08,LOC-08,SVC-04,Routine,1,5.3,1.0,0.0
2026-01-08,LOC-08,SVC-08,Priority,1,46.1,1.0,0.0
2026-01-08,LOC-03,SVC-02,Routine,1,26.5,1.0,0.0
2026-01-08,LOC-01,SVC-06,Routine,1,69.9,1.0,0.0
2026-01-08,LOC-09,SVC-06,Priority,1,74.7,1.0,0.0
2026-01-08,LOC-01,SVC-05,Emergency,1,65.7,0.0,0.0
2026-01-08,LOC-09,SVC-01,Priority,1,34.4,1.0,0.0
2026-01-08,LOC-05,SVC-05,Routine,1,64.2,1.0,0.0
2026-01-09,LOC-02,SVC-02,Priority,1,30.9,1.0,0.0
2026-01-09,LOC-02,SVC-04,Priority,1,65.3,1.0,0.0
2026-01-09,LOC-06,SVC-07,Urgent,1,28.7,1.0,0.0
2026-01-09,LOC-06,SVC-06,Urgent,1,37.0,1.0,0.0
2026-01-09,LOC-05,SVC-01,Routine,1,27.9,1.0,0.0
2026-01-10,LOC-01,SVC-03,Urgent,1,30.2,0.0,0.0
2026-01-10,LOC-04,SVC-02,Routine,1,12.1,1.0,0.0
2026-01-11,LOC-09,SVC-05,Routine,1,60.8,1.0,0.0
2026-01-11,LOC-01,SVC-05,Routine,1,3.7,1.0,0.0
2026-01-12,LOC-05,SVC-07,Routine,1,63.0,1.0,0.0
2026-01-12,LOC-06,SVC-05,Urgent,1,58.1,1.0,0.0
2026-01-12,LOC-05,SVC-03,Routine,1,37.9,1.0,0.0
2026-01-12,LOC-02,SVC-07,Routine,1,21.3,1.0,0.0
2026-01-12,LOC-08,SVC-09,Routine,1,5.0,1.0,0.0
2026-01-12,LOC-09,SVC-01,Priority,1,14.1,1.0,0.0
2026-01-12,LOC-10,SVC-01,Routine,1,63.3,1.0,0.0
2026-01-12,LOC-07,SVC-06,Emergency,1,39.5,0.0,0.0
2026-01-13,LOC-07,SVC-01,Priority,1,12.5,1.0,0.0
2026-01-13,LOC-09,SVC-01,Urgent,1,31.3,1.0,0.0
2026-01-13,LOC-04,SVC-04,Routine,1,14.9,1.0,0.0
2026-01-13,LOC-07,SVC-05,Routine,1,8.5,1.0,0.0
2026-01-13,LOC-07,SVC-07,Routine,1,6.1,1.0,0.0
2026-01-14,LOC-02,SVC-04,Routine,1,37.7,1.0,0.0
2026-01-14,LOC-01,SVC-05,Routine,1,33.5,1.0,0.0
2026-01-14,LOC-06,SVC-01,Priority,1,73.5,1.0,0.0
2026-01-14,LOC-07,SVC-03,Routine,1,38.8,1.0,0.0
2026-01-14,LOC-09,SVC-06,Routine,1,37.3,1.0,0.0
2026-01-14,LOC-09,SVC-07,Routine,1,40.9,1.0,0.0
2026-01-14,LOC-02,SVC-08,Routine,1,36.7,1.0,0.0
2026-01-14,LOC-04,SVC-07,Priority,1,19.2,1.0,0.0
2026-01-14,LOC-02,SVC-01,Priority,1,47.3,1.0,0.0
2026-01-15,LOC-01,SVC-07,Priority,1,44.4,1.0,0.0
2026-01-15,LOC-02,SVC-08,Routine,1,7.4,1.0,0.0
2026-01-15,LOC-08,SVC-09,Routine,1,6.8,1.0,0.0
2026-01-16,LOC-01,SVC-09,Priority,1,59.2,1.0,0.0
2026-01-16,LOC-01,SVC-05,Urgent,1,56.7,1.0,0.0
2026-01-16,LOC-09,SVC-01,Urgent,1,33.0,0.0,0.0
2026-01-16,LOC-04,SVC-02,Urgent,1,68.2,1.0,0.0
2026-01-16,LOC-06,SVC-05,Routine,1,13.9,1.0,0.0
2026-01-16,LOC-02,SVC-01,Emergency,1,89.6,0.0,0.0
2026-01-16,LOC-10,SVC-08,Routine,1,36.2,1.0,0.0
2026-01-18,LOC-01,SVC-05,Routine,1,24.1,1.0,0.0
2026-01-19,LOC-10,SVC-07,Priority,1,25.7,1.0,0.0
2026-01-19,LOC-10,SVC-09,Urgent,1,66.5,0.0,0.0
2026-01-19,LOC-06,SVC-07,Routine,1,34.5,1.0,0.0
2026-01-19,LOC-05,SVC-01,Priority,1,30.6,1.0,0.0
2026-01-19,LOC-06,SVC-05,Emergency,1,86.4,0.0,0.0
2026-01-19,LOC-09,SVC-09,Urgent,1,32.0,0.0,0.0
2026-01-20,LOC-08,SVC-02,Routine,2,13.05,2.0,0.0
2026-01-20,LOC-01,SVC-01,Routine,1,16.9,1.0,0.0
2026-01-20,LOC-05,SVC-06,Routine,1,23.9,1.0,0.0
2026-01-20,LOC-03,SVC-01,Priority,1,57.4,1.0,0.0
2026-01-20,LOC-06,SVC-06,Urgent,1,,1.0,0.0
2026-01-20,LOC-07,SVC-05,Urgent,1,35.2,0.0,0.0
2026-01-21,LOC-03,SVC-03,Priority,1,86.2,1.0,0.0
2026-01-21,LOC-01,SVC-01,Routine,1,11.0,1.0,0.0
2026-01-21,LOC-01,SVC-08,Routine,1,77.6,1.0,0.0
2026-01-21,LOC-02,SVC-01,Priority,1,33.0,1.0,0.0
2026-01-21,LOC-01,SVC-05,Routine,1,64.0,1.0,0.0
2026-01-21,LOC-03,SVC-06,Priority,1,43.2,1.0,0.0
2026-01-22,LOC-03,SVC-03,Routine,1,21.3,1.0,0.0
2026-01-22,LOC-09,SVC-02,Urgent,1,36.9,0.0,0.0
2026-01-22,LOC-09,SVC-04,Priority,1,22.6,1.0,0.0
2026-01-22,LOC-03,SVC-01,Routine,1,13.3,1.0,0.0
2026-01-22,LOC-04,SVC-01,Priority,1,41.1,1.0,0.0
2026-01-23,LOC-04,SVC-05,Routine,1,10.6,1.0,0.0
2026-01-23,LOC-08,SVC-02,Urgent,1,37.3,1.0,0.0
2026-01-23,LOC-01,SVC-01,Urgent,1,83.2,0.0,0.0
2026-01-23,LOC-05,SVC-02,Priority,1,15.6,1.0,0.0
2026-01-23,LOC-01,SVC-06,Routine,1,40.7,1.0,0.0
2026-01-23,LOC-03,SVC-04,Priority,1,24.2,1.0,0.0
2026-01-25,LOC-08,SVC-06,Routine,1,17.4,1.0,0.0
2026-01-25,LOC-01,SVC-02,Routine,1,64.6,1.0,0.0
2026-01-26,LOC-03,SVC-06,Routine,1,23.5,1.0,0.0
2026-01-26,LOC-04,SVC-03,Routine,1,66.3,1.0,0.0
2026-01-26,LOC-09,SVC-04,Routine,1,20.2,1.0,0.0
2026-01-26,LOC-03,SVC-08,Urgent,1,83.8,0.0,0.0
2026-01-27,LOC-03,SVC-06,Priority,1,44.5,1.0,0.0
2026-01-27,LOC-08,SVC-01,Routine,1,17.0,1.0,0.0
2026-01-27,LOC-07,SVC-01,Routine,1,14.2,1.0,0.0
2026-01-27,LOC-09,SVC-03,Emergency,1,42.9,0.0,0.0
2026-01-27,LOC-03,SVC-01,Priority,1,38.8,1.0,0.0
2026-01-28,LOC-05,SVC-03,Emergency,1,34.8,1.0,0.0
2026-01-28,LOC-08,SVC-08,Emergency,1,24.7,0.0,0.0
2026-01-28,LOC-05,SVC-02,Routine,1,92.3,1.0,0.0
2026-01-28,LOC-03,SVC-08,Routine,2,24.0,2.0,0.0
2026-01-28,LOC-03,SVC-04,Routine,1,60.9,1.0,0.0
2026-01-29,LOC-05,SVC-09,Priority,1,65.6,1.0,0.0
2026-01-29,LOC-06,SVC-08,Routine,1,11.3,1.0,0.0
2026-01-30,LOC-07,SVC-06,Routine,1,48.4,1.0,0.0
2026-01-30,LOC-10,SVC-07,Routine,2,7.55,2.0,0.0
2026-01-30,LOC-09,SVC-02,Urgent,1,14.4,1.0,0.0
2026-01-31,LOC-08,SVC-05,Priority,1,57.2,1.0,0.0
2026-02-01,LOC-08,SVC-08,Priority,1,51.6,1.0,0.0
2026-02-01,LOC-05,SVC-07,Priority,1,24.6,1.0,0.0
2026-02-01,LOC-03,SVC-05,Priority,1,,1.0,0.0
2026-02-02,LOC-07,SVC-06,Routine,1,13.6,1.0,0.0
2026-02-02,LOC-09,SVC-05,Routine,1,38.4,1.0,0.0
2026-02-02,LOC-10,SVC-04,Priority,1,72.2,1.0,0.0
2026-02-03,LOC-04,SVC-05,Priority,1,12.5,1.0,0.0
2026-02-03,LOC-07,SVC-06,Routine,1,29.2,1.0,0.0
2026-02-03,LOC-04,SVC-02,Routine,1,1.9,1.0,0.0
2026-02-03,LOC-05,SVC-08,Routine,1,26.0,1.0,0.0
2026-02-03,LOC-09,SVC-04,Routine,1,21.1,1.0,0.0
2026-02-03,LOC-01,SVC-08,Urgent,1,83.4,1.0,0.0
2026-02-03,LOC-04,SVC-01,Routine,1,6.6,1.0,0.0
2026-02-04,LOC-02,SVC-02,Urgent,1,92.2,0.0,0.0
2026-02-04,LOC-05,SVC-04,Priority,1,31.8,1.0,0.0
2026-02-04,LOC-07,SVC-05,Urgent,1,93.3,1.0,0.0
2026-02-04,LOC-01,SVC-06,Priority,1,37.0,1.0,0.0
2026-02-04,LOC-03,SVC-01,Routine,1,20.6,1.0,0.0
2026-02-04,LOC-02,SVC-03,Priority,1,4.3,1.0,0.0
2026-02-04,LOC-08,SVC-01,Routine,1,34.8,1.0,0.0
2026-02-05,LOC-08,SVC-01,Urgent,1,,1.0,0.0
2026-02-05,LOC-08,SVC-07,Routine,1,6.9,1.0,0.0
2026-02-05,LOC-02,SVC-01,Priority,2,61.9,2.0,0.0
2026-02-05,LOC-01,SVC-06,Priority,1,65.6,1.0,0.0
2026-02-05,LOC-08,SVC-04,Priority,1,70.4,1.0,0.0
2026-02-05,LOC-07,SVC-05,Priority,1,45.5,1.0,0.0
2026-02-05,LOC-10,SVC-01,Emergency,1,59.2,0.0,0.0
2026-02-05,LOC-08,SVC-02,Emergency,1,72.1,0.0,0.0
2026-02-06,LOC-09,SVC-01,Urgent,2,56.9,1.0,1.0
2026-02-06,LOC-01,SVC-05,Routine,2,27.7,1.0,1.0
2026-02-06,LOC-10,SVC-01,Routine,1,19.8,1.0,0.0
2026-02-06,LOC-04,SVC-06,Routine,1,21.1,1.0,0.0
2026-02-06,LOC-09,SVC-07,Priority,1,64.4,1.0,0.0
2026-02-06,LOC-08,SVC-06,Routine,1,21.9,1.0,0.0
2026-02-06,LOC-08,SVC-02,Routine,1,32.3,1.0,0.0
2026-02-06,LOC-05,SVC-08,Routine,1,85.9,1.0,0.0
2026-02-06,LOC-06,SVC-02,Urgent,1,27.8,0.0,0.0
2026-02-08,LOC-06,SVC-02,Priority,1,44.6,1.0,0.0
2026-02-08,LOC-10,SVC-04,Routine,1,46.8,1.0,0.0
2026-02-08,LOC-03,SVC-07,Priority,2,47.9,2.0,0.0
2026-02-09,LOC-06,SVC-02,Routine,1,38.2,1.0,0.0
2026-02-09,LOC-03,SVC-04,Emergency,1,33.2,0.0,0.0
2026-02-09,LOC-08,SVC-05,Urgent,1,42.8,1.0,0.0
2026-02-09,LOC-06,SVC-06,Emergency,1,92.4,0.0,0.0
2026-02-09,LOC-07,SVC-07,Priority,1,58.9,0.0,0.0
2026-02-09,LOC-01,SVC-06,Urgent,1,68.1,0.0,0.0
2026-02-10,LOC-01,SVC-06,Urgent,1,21.7,0.0,0.0
2026-02-10,LOC-06,SVC-01,Urgent,1,17.0,1.0,0.0
2026-02-10,LOC-01,SVC-07,Routine,1,35.9,1.0,0.0
2026-02-10,LOC-08,SVC-04,Routine,1,17.1,1.0,0.0
2026-02-10,LOC-10,SVC-06,Priority,1,27.4,1.0,0.0
2026-02-10,LOC-05,SVC-09,Urgent,1,43.1,0.0,0.0
2026-02-10,LOC-01,SVC-03,Urgent,1,11.9,1.0,0.0
2026-02-10,LOC-05,SVC-05,Routine,1,41.9,1.0,0.0
2026-02-10,LOC-10,SVC-01,Priority,1,22.0,1.0,0.0
2026-02-10,LOC-02,SVC-02,Routine,1,44.8,1.0,0.0
2026-02-10,LOC-01,SVC-08,Routine,1,18.0,1.0,0.0
2026-02-11,LOC-02,SVC-05,Priority,1,55.0,1.0,0.0
2026-02-11,LOC-10,SVC-03,Priority,1,39.8,1.0,0.0
2026-02-11,LOC-02,SVC-02,Priority,1,20.6,1.0,0.0
2026-02-11,LOC-03,SVC-06,Urgent,1,42.6,1.0,0.0
2026-02-11,LOC-07,SVC-01,Routine,1,45.6,1.0,0.0
2026-02-12,LOC-07,SVC-04,Routine,1,18.3,1.0,0.0
2026-02-12,LOC-07,SVC-09,Routine,1,13.3,1.0,0.0
2026-02-12,LOC-05,SVC-05,Priority,1,,1.0,0.0
2026-02-12,LOC-06,SVC-01,Priority,1,27.0,1.0,0.0
2026-02-13,LOC-01,SVC-07,Routine,1,14.9,1.0,0.0
2026-02-13,LOC-08,SVC-05,Priority,2,14.85,2.0,0.0
2026-02-13,LOC-08,SVC-03,Urgent,1,39.4,1.0,0.0
2026-02-13,LOC-06,SVC-01,Routine,1,8.8,1.0,0.0
2026-02-14,LOC-03,SVC-04,Routine,1,40.6,1.0,0.0
2026-02-14,LOC-01,SVC-05,Priority,1,26.9,1.0,0.0
2026-02-14,LOC-09,SVC-01,Urgent,1,39.6,1.0,0.0
2026-02-15,LOC-07,SVC-04,Routine,1,37.1,1.0,0.0
2026-02-15,LOC-08,SVC-04,Routine,1,5.8,1.0,0.0
2026-02-15,LOC-03,SVC-01,Routine,2,22.2,1.0,1.0
2026-02-15,LOC-01,SVC-04,Routine,1,49.7,1.0,0.0
2026-02-16,LOC-06,SVC-06,Routine,1,30.1,1.0,0.0
2026-02-16,LOC-10,SVC-04,Routine,1,21.0,1.0,0.0
2026-02-17,LOC-03,SVC-05,Priority,1,83.4,1.0,0.0
2026-02-17,LOC-06,SVC-03,Priority,1,64.6,1.0,0.0
2026-02-17,LOC-09,SVC-06,Routine,2,40.900000000000006,2.0,0.0
2026-02-17,LOC-05,SVC-06,Priority,1,53.9,1.0,0.0
2026-02-17,LOC-06,SVC-02,Priority,1,18.4,1.0,0.0
2026-02-17,LOC-08,SVC-06,Priority,1,54.4,1.0,0.0
2026-02-17,LOC-06,SVC-05,Routine,1,16.7,1.0,0.0
2026-02-18,LOC-09,SVC-04,Routine,1,50.5,1.0,0.0
2026-02-18,LOC-05,SVC-03,Routine,1,24.6,1.0,0.0
2026-02-19,LOC-09,SVC-01,Priority,1,33.4,1.0,0.0
2026-02-19,LOC-01,SVC-06,Routine,1,13.5,1.0,0.0
2026-02-19,LOC-02,SVC-09,Urgent,1,56.3,1.0,0.0
2026-02-19,LOC-06,SVC-07,Routine,1,13.6,1.0,0.0
2026-02-19,LOC-10,SVC-06,Routine,1,4.8,1.0,0.0
2026-02-19,LOC-10,SVC-02,Routine,1,12.9,1.0,0.0
2026-02-19,LOC-05,SVC-04,Priority,1,55.1,1.0,0.0
2026-02-19,LOC-09,SVC-06,Routine,1,39.8,1.0,0.0
2026-02-19,LOC-09,SVC-02,Priority,1,64.7,0.0,0.0
2026-02-19,LOC-05,SVC-05,Priority,1,62.0,1.0,0.0
2026-02-20,LOC-03,SVC-09,Urgent,1,91.0,1.0,0.0
2026-02-20,LOC-09,SVC-03,Priority,1,65.9,1.0,0.0
2026-02-20,LOC-09,SVC-01,Routine,1,33.6,1.0,0.0
2026-02-20,LOC-06,SVC-09,Priority,1,40.6,1.0,0.0
2026-02-20,LOC-06,SVC-04,Emergency,1,90.8,0.0,0.0
2026-02-20,LOC-02,SVC-03,Priority,1,83.1,1.0,0.0
2026-02-21,LOC-06,SVC-09,Urgent,1,33.6,1.0,0.0
2026-02-21,LOC-08,SVC-04,Routine,1,11.6,1.0,0.0
2026-02-21,LOC-02,SVC-09,Priority,1,38.1,1.0,0.0
2026-02-21,LOC-02,SVC-03,Urgent,1,12.4,1.0,0.0
2026-02-21,LOC-06,SVC-01,Routine,1,43.2,1.0,0.0
2026-02-22,LOC-05,SVC-06,Routine,1,17.4,1.0,0.0
2026-02-22,LOC-07,SVC-07,Urgent,1,,0.0,0.0
2026-02-23,LOC-05,SVC-01,Routine,1,39.4,1.0,0.0
2026-02-23,LOC-01,SVC-01,Routine,1,47.2,1.0,0.0
2026-02-24,LOC-06,SVC-06,Priority,1,33.6,1.0,0.0
2026-02-24,LOC-08,SVC-01,Routine,1,5.6,1.0,0.0
2026-02-24,LOC-10,SVC-01,Routine,1,20.0,1.0,0.0
2026-02-24,LOC-01,SVC-07,Routine,1,84.6,1.0,0.0
2026-02-25,LOC-06,SVC-05,Priority,1,44.2,1.0,0.0
2026-02-25,LOC-02,SVC-03,Urgent,1,62.4,1.0,0.0
2026-02-26,LOC-04,SVC-09,Routine,1,27.0,1.0,0.0
2026-02-26,LOC-04,SVC-02,Urgent,1,55.0,0.0,0.0
2026-02-26,LOC-01,SVC-08,Priority,1,60.6,1.0,0.0
2026-02-26,LOC-05,SVC-06,Urgent,1,56.4,1.0,0.0
2026-02-26,LOC-10,SVC-01,Emergency,1,16.0,0.0,0.0
2026-02-27,LOC-05,SVC-09,Priority,1,39.6,1.0,0.0
2026-02-28,LOC-10,SVC-02,Priority,1,8.1,1.0,0.0
2026-02-28,LOC-05,SVC-02,Priority,1,68.1,1.0,0.0
2026-02-28,LOC-10,SVC-01,Priority,1,60.3,1.0,0.0
2026-02-28,LOC-01,SVC-09,Routine,1,6.3,1.0,0.0
2026-03-01,LOC-05,SVC-01,Routine,1,42.1,1.0,0.0
2026-03-01,LOC-05,SVC-08,Routine,1,68.0,1.0,0.0
2026-03-01,LOC-01,SVC-04,Priority,1,55.1,1.0,0.0
2026-03-01,LOC-04,SVC-06,Priority,1,72.5,1.0,0.0
2026-03-01,LOC-10,SVC-02,Routine,1,5.9,1.0,0.0
2026-03-02,LOC-04,SVC-01,Routine,1,5.6,1.0,0.0
2026-03-02,LOC-05,SVC-01,Routine,1,5.6,1.0,0.0
2026-03-02,LOC-06,SVC-05,Routine,1,20.2,1.0,0.0
2026-03-02,LOC-08,SVC-03,Priority,1,44.4,1.0,0.0
2026-03-02,LOC-06,SVC-08,Emergency,1,90.4,0.0,0.0
2026-03-02,LOC-08,SVC-02,Priority,1,6.7,1.0,0.0
2026-03-02,LOC-05,SVC-09,Urgent,1,33.3,0.0,0.0
2026-03-03,LOC-03,SVC-04,Routine,1,34.4,1.0,0.0
2026-03-03,LOC-01,SVC-05,Priority,1,16.2,1.0,0.0
2026-03-03,LOC-01,SVC-01,Urgent,1,14.3,1.0,0.0
2026-03-03,LOC-09,SVC-09,Priority,1,62.2,1.0,0.0
2026-03-03,LOC-06,SVC-05,Priority,1,16.6,1.0,0.0
2026-03-03,LOC-02,SVC-06,Routine,1,8.2,1.0,0.0
2026-03-03,LOC-01,SVC-09,Routine,1,83.9,1.0,0.0
2026-03-04,LOC-10,SVC-01,Emergency,1,78.8,0.0,0.0
2026-03-04,LOC-04,SVC-01,Priority,1,21.3,1.0,0.0
2026-03-04,LOC-03,SVC-01,Routine,1,30.6,1.0,0.0
2026-03-04,LOC-04,SVC-04,Priority,1,33.9,1.0,0.0
2026-03-04,LOC-02,SVC-01,Priority,1,61.7,1.0,0.0
2026-03-05,LOC-09,SVC-09,Routine,1,40.3,1.0,0.0
2026-03-05,LOC-06,SVC-02,Urgent,1,16.4,1.0,0.0
2026-03-05,LOC-07,SVC-06,Routine,1,59.4,1.0,0.0
2026-03-05,LOC-07,SVC-01,Priority,1,46.3,0.0,0.0
2026-03-05,LOC-10,SVC-05,Routine,1,18.6,1.0,0.0
2026-03-05,LOC-02,SVC-01,Priority,1,37.4,1.0,0.0
2026-03-06,LOC-01,SVC-01,Priority,1,41.0,1.0,0.0
2026-03-06,LOC-02,SVC-01,Priority,1,93.3,1.0,0.0
2026-03-06,LOC-02,SVC-07,Routine,1,50.6,1.0,0.0
2026-03-07,LOC-09,SVC-05,Routine,1,11.6,1.0,0.0
2026-03-07,LOC-08,SVC-04,Priority,1,19.7,1.0,0.0
2026-03-07,LOC-03,SVC-05,Routine,1,5.4,1.0,0.0
2026-03-08,LOC-10,SVC-05,Priority,1,36.9,1.0,0.0
2026-03-09,LOC-06,SVC-03,Routine,1,66.5,1.0,0.0
2026-03-09,LOC-01,SVC-03,Priority,1,60.7,1.0,0.0
2026-03-09,LOC-08,SVC-06,Priority,1,45.6,1.0,0.0
2026-03-09,LOC-07,SVC-03,Priority,1,29.1,1.0,0.0
2026-03-09,LOC-07,SVC-02,Urgent,1,60.4,1.0,0.0
2026-03-09,LOC-05,SVC-05,Priority,1,47.6,1.0,0.0
2026-03-09,LOC-09,SVC-05,Priority,1,,1.0,0.0
2026-03-09,LOC-05,SVC-02,Routine,1,53.3,1.0,0.0
2026-03-09,LOC-10,SVC-09,Urgent,1,,1.0,0.0
2026-03-10,LOC-08,SVC-01,Priority,1,21.6,1.0,0.0
2026-03-10,LOC-03,SVC-02,Routine,1,40.0,1.0,0.0
2026-03-10,LOC-02,SVC-03,Priority,1,62.5,1.0,0.0
2026-03-10,LOC-02,SVC-02,Routine,1,37.6,1.0,0.0
2026-03-11,LOC-01,SVC-05,Priority,1,27.4,1.0,0.0
2026-03-11,LOC-10,SVC-07,Priority,1,30.3,1.0,0.0
2026-03-11,LOC-07,SVC-01,Priority,2,44.15,2.0,0.0
2026-03-11,LOC-07,SVC-02,Priority,1,35.9,1.0,0.0
2026-03-11,LOC-06,SVC-05,Priority,1,13.8,1.0,0.0
2026-03-12,LOC-04,SVC-01,Routine,1,64.6,1.0,0.0
2026-03-12,LOC-09,SVC-01,Urgent,1,57.0,0.0,0.0
2026-03-12,LOC-01,SVC-07,Urgent,1,18.9,0.0,0.0
2026-03-12,LOC-10,SVC-02,Routine,1,12.7,1.0,0.0
2026-03-12,LOC-07,SVC-02,Routine,1,65.8,1.0,0.0
2026-03-12,LOC-02,SVC-03,Routine,1,43.3,1.0,0.0
2026-03-12,LOC-08,SVC-02,Urgent,1,21.5,1.0,0.0
2026-03-12,LOC-03,SVC-04,Routine,1,45.9,1.0,0.0
2026-03-13,LOC-03,SVC-09,Urgent,1,89.4,0.0,0.0
2026-03-13,LOC-01,SVC-04,Priority,1,83.3,1.0,0.0
2026-03-13,LOC-10,SVC-02,Routine,1,19.8,1.0,0.0
2026-03-13,LOC-09,SVC-09,Urgent,1,45.4,1.0,0.0
2026-03-13,LOC-08,SVC-06,Routine,1,14.9,1.0,0.0
2026-03-14,LOC-04,SVC-02,Priority,1,10.1,1.0,0.0
2026-03-15,LOC-05,SVC-09,Routine,1,84.7,1.0,0.0
2026-03-15,LOC-02,SVC-06,Urgent,1,24.3,1.0,0.0
2026-03-15,LOC-09,SVC-06,Priority,1,36.1,1.0,0.0
2026-03-15,LOC-10,SVC-07,Urgent,1,54.4,1.0,0.0
2026-03-16,LOC-01,SVC-08,Priority,1,59.9,1.0,0.0
2026-03-16,LOC-02,SVC-08,Priority,1,40.7,1.0,0.0
2026-03-16,LOC-06,SVC-05,Routine,1,39.9,1.0,0.0
2026-03-16,LOC-01,SVC-01,Priority,1,91.8,1.0,0.0
2026-03-16,LOC-08,SVC-04,Routine,1,34.2,1.0,0.0
2026-03-16,LOC-09,SVC-02,Urgent,1,62.2,1.0,0.0
2026-03-16,LOC-06,SVC-02,Urgent,1,43.6,1.0,0.0
2026-03-17,LOC-04,SVC-04,Priority,1,61.8,1.0,0.0
2026-03-17,LOC-09,SVC-07,Routine,1,62.1,1.0,0.0
2026-03-18,LOC-01,SVC-08,Routine,1,31.2,1.0,0.0
2026-03-18,LOC-10,SVC-01,Routine,1,16.8,1.0,0.0
2026-03-18,LOC-09,SVC-01,Urgent,1,30.0,0.0,0.0
2026-03-19,LOC-09,SVC-03,Routine,2,20.15,2.0,0.0
2026-03-19,LOC-01,SVC-01,Emergency,1,29.2,0.0,0.0
2026-03-19,LOC-10,SVC-01,Routine,1,,1.0,0.0
2026-03-19,LOC-06,SVC-05,Routine,1,30.4,1.0,0.0
2026-03-19,LOC-04,SVC-05,Priority,1,57.1,1.0,0.0
2026-03-19,LOC-09,SVC-02,Routine,1,14.2,1.0,0.0
2026-03-19,LOC-06,SVC-01,Routine,1,42.2,1.0,0.0
2026-03-19,LOC-07,SVC-08,Emergency,1,50.2,0.0,0.0
2026-03-19,LOC-07,SVC-06,Routine,1,,1.0,0.0
2026-03-20,LOC-10,SVC-05,Priority,1,,1.0,0.0
2026-03-20,LOC-06,SVC-08,Routine,1,18.3,1.0,0.0
2026-03-20,LOC-02,SVC-04,Priority,1,29.3,1.0,0.0
2026-03-20,LOC-03,SVC-05,Emergency,1,66.1,0.0,0.0
2026-03-20,LOC-04,SVC-09,Routine,1,34.4,1.0,0.0
2026-03-20,LOC-09,SVC-07,Priority,1,63.7,1.0,0.0
2026-03-20,LOC-07,SVC-01,Priority,1,46.6,1.0,0.0
2026-03-20,LOC-10,SVC-02,Priority,1,37.7,1.0,0.0
2026-03-20,LOC-04,SVC-05,Routine,1,38.2,1.0,0.0
2026-03-20,LOC-09,SVC-06,Priority,1,13.7,1.0,0.0
2026-03-21,LOC-02,SVC-02,Routine,1,27.7,1.0,0.0
2026-03-21,LOC-06,SVC-05,Priority,1,33.7,1.0,0.0
2026-03-21,LOC-01,SVC-01,Emergency,1,91.6,0.0,0.0
2026-03-22,LOC-02,SVC-01,Urgent,1,79.3,0.0,0.0
2026-03-23,LOC-02,SVC-07,Routine,1,65.4,1.0,0.0
2026-03-23,LOC-10,SVC-01,Priority,1,21.3,1.0,0.0
2026-03-23,LOC-09,SVC-05,Priority,1,10.8,1.0,0.0
2026-03-23,LOC-03,SVC-03,Urgent,1,58.7,1.0,0.0
2026-03-23,LOC-08,SVC-09,Routine,1,63.7,1.0,0.0
2026-03-24,LOC-07,SVC-03,Urgent,1,97.9,0.0,0.0
2026-03-24,LOC-05,SVC-02,Urgent,1,73.2,1.0,0.0
2026-03-24,LOC-02,SVC-02,Urgent,1,19.1,1.0,0.0
2026-03-25,LOC-09,SVC-04,Priority,1,33.3,1.0,0.0
2026-03-25,LOC-06,SVC-06,Routine,1,34.1,1.0,0.0
2026-03-25,LOC-06,SVC-05,Priority,1,53.0,1.0,0.0
2026-03-25,LOC-04,SVC-01,Routine,1,16.9,1.0,0.0
2026-03-25,LOC-07,SVC-04,Routine,1,15.1,1.0,0.0
2026-03-26,LOC-10,SVC-02,Routine,1,69.9,1.0,0.0
2026-03-26,LOC-07,SVC-07,Routine,1,86.2,1.0,0.0
2026-03-26,LOC-07,SVC-01,Emergency,1,69.1,0.0,0.0
2026-03-26,LOC-08,SVC-09,Urgent,1,61.9,1.0,0.0
2026-03-26,LOC-02,SVC-01,Routine,1,65.2,1.0,0.0
2026-03-27,LOC-02,SVC-04,Routine,1,33.6,1.0,0.0
2026-03-27,LOC-09,SVC-03,Routine,1,11.3,1.0,0.0
2026-03-27,LOC-05,SVC-01,Routine,1,61.2,1.0,0.0
2026-03-27,LOC-06,SVC-06,Routine,1,22.5,1.0,0.0
2026-03-28,LOC-08,SVC-01,Urgent,1,40.5,1.0,0.0
2026-03-29,LOC-06,SVC-01,Priority,1,40.1,1.0,0.0
2026-03-29,LOC-09,SVC-08,Priority,1,44.6,1.0,0.0
2026-03-30,LOC-08,SVC-05,Routine,2,7.5,2.0,0.0
2026-03-30,LOC-02,SVC-01,Priority,1,36.3,1.0,0.0
2026-03-30,LOC-04,SVC-05,Urgent,2,63.5,1.0,0.0
2026-03-30,LOC-07,SVC-06,Priority,1,63.6,1.0,0.0
2026-03-30,LOC-09,SVC-01,Routine,1,43.0,1.0,0.0
2026-03-30,LOC-04,SVC-02,Routine,1,8.8,1.0,0.0
2026-03-31,LOC-10,SVC-05,Routine,1,21.5,1.0,0.0
2026-03-31,LOC-08,SVC-07,Priority,1,46.7,1.0,0.0
2026-03-31,LOC-01,SVC-02,Routine,1,6.1,1.0,0.0
2026-03-31,LOC-02,SVC-03,Urgent,1,99.0,1.0,0.0
2026-03-31,LOC-07,SVC-02,Routine,1,41.4,1.0,0.0
2026-03-31,LOC-06,SVC-03,Routine,1,27.7,1.0,0.0
2026-03-31,LOC-08,SVC-09,Routine,1,7.5,1.0,0.0
2026-04-01,LOC-05,SVC-06,Routine,1,23.1,1.0,0.0
2026-04-01,LOC-06,SVC-01,Routine,2,60.3,2.0,0.0
2026-04-01,LOC-04,SVC-08,Routine,1,33.8,1.0,0.0
2026-04-01,LOC-01,SVC-09,Urgent,1,18.4,0.0,0.0
2026-04-01,LOC-02,SVC-06,Urgent,1,55.8,1.0,0.0
2026-04-01,LOC-01,SVC-05,Urgent,1,92.0,0.0,0.0
2026-04-01,LOC-07,SVC-05,Routine,1,23.9,1.0,0.0
2026-04-02,LOC-07,SVC-06,Routine,1,10.7,1.0,0.0
2026-04-02,LOC-05,SVC-01,Routine,1,78.3,1.0,0.0
2026-04-02,LOC-08,SVC-09,Routine,1,20.4,1.0,0.0
2026-04-02,LOC-05,SVC-07,Routine,1,36.3,1.0,0.0
2026-04-03,LOC-04,SVC-02,Routine,1,15.6,1.0,0.0
2026-04-03,LOC-01,SVC-01,Routine,1,33.1,1.0,0.0
2026-04-03,LOC-08,SVC-05,Urgent,1,45.7,1.0,0.0
2026-04-03,LOC-08,SVC-01,Routine,1,10.0,1.0,0.0
2026-04-04,LOC-10,SVC-09,Urgent,1,82.9,1.0,0.0
2026-04-05,LOC-05,SVC-02,Urgent,1,78.1,1.0,0.0
2026-04-06,LOC-04,SVC-09,Urgent,1,6.7,1.0,0.0
2026-04-06,LOC-02,SVC-06,Urgent,1,37.1,1.0,0.0
2026-04-06,LOC-06,SVC-05,Routine,2,36.85,2.0,0.0
2026-04-06,LOC-01,SVC-01,Priority,1,44.0,1.0,0.0
2026-04-06,LOC-06,SVC-02,Priority,1,14.1,1.0,0.0
2026-04-07,LOC-05,SVC-01,Priority,1,6.7,1.0,0.0
2026-04-07,LOC-09,SVC-06,Urgent,1,79.0,1.0,0.0
2026-04-07,LOC-02,SVC-07,Routine,1,27.4,1.0,0.0
2026-04-08,LOC-01,SVC-01,Routine,1,17.4,1.0,0.0
2026-04-08,LOC-07,SVC-02,Routine,1,35.2,1.0,0.0
2026-04-09,LOC-04,SVC-01,Urgent,1,32.2,1.0,0.0
2026-04-09,LOC-08,SVC-07,Priority,1,32.8,1.0,0.0
2026-04-09,LOC-07,SVC-02,Priority,2,16.95,2.0,0.0
2026-04-10,LOC-08,SVC-04,Urgent,1,44.1,0.0,0.0
2026-04-10,LOC-04,SVC-04,Routine,1,12.8,1.0,0.0
2026-04-10,LOC-07,SVC-07,Routine,1,11.6,1.0,0.0
2026-04-10,LOC-01,SVC-07,Routine,1,12.9,1.0,0.0
2026-04-10,LOC-08,SVC-09,Urgent,1,64.3,0.0,0.0
2026-04-10,LOC-05,SVC-01,Priority,1,66.9,1.0,0.0
2026-04-10,LOC-04,SVC-05,Routine,1,45.3,1.0,0.0
2026-04-12,LOC-10,SVC-03,Routine,1,14.8,1.0,0.0
2026-04-12,LOC-08,SVC-09,Routine,1,33.5,1.0,0.0
2026-04-12,LOC-10,SVC-02,Routine,1,35.9,1.0,0.0
2026-04-13,LOC-05,SVC-07,Routine,1,9.6,1.0,0.0
2026-04-13,LOC-09,SVC-01,Urgent,1,37.0,1.0,0.0
2026-04-13,LOC-04,SVC-01,Routine,1,18.6,1.0,0.0
2026-04-13,LOC-07,SVC-01,Routine,1,,1.0,0.0
2026-04-13,LOC-02,SVC-03,Priority,1,38.5,1.0,0.0
2026-04-13,LOC-08,SVC-09,Urgent,1,,1.0,0.0
2026-04-13,LOC-10,SVC-08,Priority,1,8.5,1.0,0.0
2026-04-14,LOC-06,SVC-07,Urgent,1,68.9,1.0,0.0
2026-04-14,LOC-06,SVC-05,Routine,1,65.0,1.0,0.0
2026-04-14,LOC-04,SVC-07,Routine,1,54.4,1.0,0.0
2026-04-14,LOC-05,SVC-02,Routine,1,93.0,1.0,0.0
2026-04-15,LOC-08,SVC-05,Routine,1,16.9,1.0,0.0
2026-04-15,LOC-02,SVC-09,Priority,1,31.3,1.0,0.0
2026-04-15,LOC-10,SVC-03,Urgent,1,32.9,1.0,0.0
2026-04-15,LOC-03,SVC-01,Priority,1,68.7,1.0,0.0
2026-04-15,LOC-05,SVC-07,Urgent,1,38.1,1.0,0.0
2026-04-15,LOC-08,SVC-07,Priority,1,11.9,1.0,0.0
2026-04-15,LOC-09,SVC-08,Priority,1,8.3,1.0,0.0
2026-04-15,LOC-04,SVC-03,Urgent,1,17.9,1.0,0.0
2026-04-16,LOC-08,SVC-04,Urgent,1,45.0,0.0,0.0
2026-04-16,LOC-07,SVC-07,Routine,1,12.8,1.0,0.0
2026-04-16,LOC-05,SVC-09,Priority,1,40.0,1.0,0.0
2026-04-16,LOC-05,SVC-02,Priority,1,29.5,1.0,0.0
2026-04-16,LOC-06,SVC-01,Priority,1,68.9,1.0,0.0
2026-04-16,LOC-02,SVC-03,Routine,1,74.5,1.0,0.0
2026-04-17,LOC-05,SVC-01,Routine,1,38.3,1.0,0.0
2026-04-17,LOC-08,SVC-01,Routine,2,14.35,1.0,1.0
2026-04-18,LOC-03,SVC-01,Priority,1,8.7,1.0,0.0
2026-04-19,LOC-04,SVC-09,Routine,1,36.7,1.0,0.0
2026-04-20,LOC-09,SVC-02,Priority,1,70.3,1.0,0.0
2026-04-20,LOC-02,SVC-01,Priority,1,87.2,1.0,0.0
2026-04-20,LOC-09,SVC-01,Routine,1,16.3,1.0,0.0
2026-04-20,LOC-08,SVC-01,Urgent,1,14.9,1.0,0.0
2026-04-20,LOC-10,SVC-09,Routine,1,13.5,1.0,0.0
2026-04-20,LOC-10,SVC-05,Priority,1,13.6,0.0,0.0
2026-04-20,LOC-03,SVC-04,Priority,1,35.0,1.0,0.0
2026-04-21,LOC-05,SVC-01,Urgent,1,42.1,1.0,0.0
2026-04-21,LOC-10,SVC-02,Priority,1,65.4,1.0,0.0
2026-04-21,LOC-05,SVC-05,Routine,1,36.9,1.0,0.0
2026-04-21,LOC-01,SVC-06,Priority,1,43.2,1.0,0.0
2026-04-22,LOC-08,SVC-02,Routine,2,10.95,2.0,0.0
2026-04-22,LOC-05,SVC-06,Priority,1,66.0,1.0,0.0
2026-04-22,LOC-01,SVC-08,Urgent,1,64.5,1.0,0.0
2026-04-22,LOC-09,SVC-02,Priority,1,13.0,1.0,0.0
2026-04-22,LOC-09,SVC-06,Routine,1,17.7,1.0,0.0
2026-04-22,LOC-04,SVC-03,Routine,1,5.6,1.0,0.0
2026-04-23,LOC-09,SVC-07,Priority,1,38.2,1.0,0.0
2026-04-23,LOC-05,SVC-05,Routine,1,47.5,1.0,0.0
2026-04-23,LOC-04,SVC-08,Routine,1,12.9,1.0,0.0
2026-04-23,LOC-09,SVC-01,Routine,1,34.4,1.0,0.0
2026-04-24,LOC-03,SVC-06,Routine,1,21.8,1.0,0.0
2026-04-24,LOC-10,SVC-04,Priority,1,18.8,1.0,0.0
2026-04-25,LOC-06,SVC-05,Routine,1,7.4,1.0,0.0
2026-04-25,LOC-07,SVC-02,Urgent,1,35.0,1.0,0.0
2026-04-25,LOC-08,SVC-03,Routine,1,1.0,1.0,0.0
2026-04-25,LOC-07,SVC-06,Priority,1,71.1,1.0,0.0
2026-04-26,LOC-01,SVC-01,Priority,1,41.5,1.0,0.0
2026-04-26,LOC-02,SVC-05,Routine,1,25.6,1.0,0.0
2026-04-27,LOC-04,SVC-01,Routine,1,20.6,1.0,0.0
2026-04-27,LOC-08,SVC-02,Routine,1,35.0,1.0,0.0
2026-04-27,LOC-01,SVC-06,Priority,1,34.7,1.0,0.0
2026-04-28,LOC-04,SVC-07,Urgent,1,62.8,1.0,0.0
2026-04-28,LOC-08,SVC-03,Urgent,1,68.7,1.0,0.0
2026-04-28,LOC-02,SVC-03,Priority,1,69.3,1.0,0.0
2026-04-28,LOC-06,SVC-02,Priority,1,20.0,1.0,0.0
2026-04-28,LOC-04,SVC-05,Routine,1,11.3,1.0,0.0
2026-04-28,LOC-03,SVC-04,Urgent,1,87.9,1.0,0.0
2026-04-29,LOC-03,SVC-07,Emergency,1,76.9,0.0,0.0
2026-04-29,LOC-01,SVC-05,Routine,1,11.8,1.0,0.0
2026-04-29,LOC-05,SVC-01,Priority,1,31.1,1.0,0.0
2026-04-30,LOC-01,SVC-01,Priority,1,97.7,1.0,0.0
2026-04-30,LOC-04,SVC-05,Priority,1,13.6,1.0,0.0
2026-04-30,LOC-10,SVC-09,Priority,1,37.3,1.0,0.0
2026-05-01,LOC-07,SVC-05,Priority,1,14.4,1.0,0.0
2026-05-01,LOC-05,SVC-07,Emergency,1,66.9,0.0,0.0
2026-05-01,LOC-07,SVC-07,Routine,1,10.5,1.0,0.0
2026-05-01,LOC-08,SVC-02,Routine,1,20.9,1.0,0.0
2026-05-01,LOC-01,SVC-05,Priority,1,16.3,1.0,0.0
2026-05-01,LOC-01,SVC-01,Urgent,1,41.0,1.0,0.0
2026-05-01,LOC-02,SVC-01,Emergency,1,91.8,1.0,0.0
2026-05-02,LOC-04,SVC-07,Priority,1,66.7,1.0,0.0
2026-05-02,LOC-08,SVC-08,Routine,1,42.8,1.0,0.0
2026-05-02,LOC-06,SVC-01,Urgent,1,30.6,0.0,0.0
2026-05-03,LOC-07,SVC-03,Routine,1,41.4,1.0,0.0
2026-05-03,LOC-09,SVC-01,Routine,1,47.3,1.0,0.0
2026-05-03,LOC-03,SVC-07,Routine,1,32.5,1.0,0.0
2026-05-04,LOC-01,SVC-01,Routine,1,37.8,1.0,0.0
2026-05-04,LOC-09,SVC-05,Priority,1,16.7,1.0,0.0
2026-05-04,LOC-03,SVC-05,Routine,1,10.3,1.0,0.0
2026-05-04,LOC-05,SVC-05,Urgent,1,37.0,1.0,0.0
2026-05-04,LOC-09,SVC-01,Priority,1,47.3,1.0,0.0
2026-05-04,LOC-07,SVC-09,Routine,1,16.3,1.0,0.0
2026-05-05,LOC-03,SVC-06,Urgent,1,32.4,1.0,0.0
2026-05-05,LOC-01,SVC-07,Routine,2,60.2,2.0,0.0
2026-05-05,LOC-08,SVC-01,Priority,1,58.7,1.0,0.0
2026-05-05,LOC-03,SVC-05,Routine,1,10.9,1.0,0.0
2026-05-05,LOC-01,SVC-01,Routine,1,15.3,1.0,0.0
2026-05-06,LOC-01,SVC-01,Priority,1,38.5,1.0,0.0
2026-05-06,LOC-08,SVC-09,Priority,1,9.5,1.0,0.0
2026-05-06,LOC-10,SVC-07,Routine,2,21.75,2.0,0.0
2026-05-07,LOC-01,SVC-04,Priority,2,27.35,2.0,0.0
2026-05-07,LOC-10,SVC-02,Priority,1,17.3,1.0,0.0
2026-05-07,LOC-01,SVC-01,Routine,1,9.7,1.0,0.0
2026-05-08,LOC-03,SVC-06,Priority,1,40.0,1.0,0.0
2026-05-08,LOC-04,SVC-01,Routine,1,25.8,1.0,0.0
2026-05-08,LOC-01,SVC-05,Routine,1,7.8,1.0,0.0
2026-05-09,LOC-07,SVC-05,Routine,1,39.7,1.0,0.0
2026-05-09,LOC-08,SVC-02,Routine,1,,1.0,0.0
2026-05-09,LOC-09,SVC-01,Priority,1,33.0,1.0,0.0
2026-05-10,LOC-02,SVC-05,Routine,1,60.0,1.0,0.0
2026-05-10,LOC-08,SVC-05,Urgent,1,84.7,1.0,0.0
2026-05-10,LOC-05,SVC-01,Routine,1,65.6,1.0,0.0
2026-05-10,LOC-07,SVC-01,Urgent,1,57.8,0.0,0.0
2026-05-10,LOC-03,SVC-06,Priority,1,12.6,1.0,0.0
2026-05-10,LOC-02,SVC-01,Routine,1,20.1,1.0,0.0
2026-05-11,LOC-10,SVC-02,Priority,1,14.7,1.0,0.0
2026-05-11,LOC-06,SVC-02,Routine,1,5.7,1.0,0.0
2026-05-11,LOC-05,SVC-06,Priority,1,63.6,1.0,0.0
2026-05-11,LOC-10,SVC-01,Urgent,1,3.6,1.0,0.0
2026-05-11,LOC-06,SVC-08,Routine,1,64.5,1.0,0.0
2026-05-12,LOC-04,SVC-04,Routine,2,42.0,2.0,0.0
2026-05-12,LOC-03,SVC-01,Priority,1,64.6,1.0,0.0
2026-05-13,LOC-02,SVC-04,Routine,1,27.5,1.0,0.0
2026-05-13,LOC-07,SVC-03,Routine,1,,1.0,0.0
2026-05-13,LOC-08,SVC-01,Routine,1,31.4,1.0,0.0
2026-05-13,LOC-05,SVC-02,Routine,1,,1.0,0.0
2026-05-13,LOC-03,SVC-04,Priority,1,45.4,1.0,0.0
2026-05-13,LOC-04,SVC-03,Urgent,1,39.5,1.0,0.0
2026-05-13,LOC-02,SVC-05,Priority,1,75.5,1.0,0.0
2026-05-14,LOC-10,SVC-04,Routine,1,25.9,1.0,0.0
2026-05-14,LOC-08,SVC-06,Priority,1,90.3,1.0,0.0
2026-05-14,LOC-03,SVC-04,Priority,1,32.5,1.0,0.0
2026-05-14,LOC-07,SVC-01,Priority,1,45.6,1.0,0.0
2026-05-14,LOC-04,SVC-05,Routine,1,14.0,1.0,0.0
2026-05-14,LOC-07,SVC-02,Routine,1,59.5,1.0,0.0
2026-05-15,LOC-02,SVC-03,Routine,1,42.3,1.0,0.0
2026-05-15,LOC-06,SVC-07,Urgent,1,39.6,0.0,0.0
2026-05-15,LOC-02,SVC-04,Priority,1,39.1,1.0,0.0
2026-05-16,LOC-08,SVC-08,Priority,1,49.7,1.0,0.0
2026-05-17,LOC-01,SVC-08,Priority,1,24.2,0.0,0.0
2026-05-17,LOC-10,SVC-08,Priority,1,17.7,1.0,0.0
2026-05-18,LOC-07,SVC-01,Priority,1,27.8,1.0,0.0
2026-05-18,LOC-08,SVC-03,Routine,1,30.7,1.0,0.0
2026-05-18,LOC-05,SVC-02,Routine,1,17.8,1.0,0.0
2026-05-18,LOC-01,SVC-03,Priority,1,40.3,1.0,0.0
2026-05-19,LOC-05,SVC-05,Routine,1,15.6,1.0,0.0
2026-05-19,LOC-09,SVC-01,Routine,1,14.7,1.0,0.0
2026-05-19,LOC-02,SVC-09,Routine,1,9.2,1.0,0.0
2026-05-19,LOC-10,SVC-02,Routine,1,7.5,1.0,0.0
2026-05-19,LOC-03,SVC-01,Priority,1,14.5,1.0,0.0
2026-05-19,LOC-06,SVC-04,Priority,1,14.2,1.0,0.0
2026-05-19,LOC-07,SVC-07,Routine,1,9.8,1.0,0.0
2026-05-20,LOC-01,SVC-07,Routine,1,15.7,1.0,0.0
2026-05-20,LOC-06,SVC-06,Urgent,2,61.2,0.0,0.0
2026-05-20,LOC-08,SVC-02,Priority,1,13.6,1.0,0.0
2026-05-20,LOC-03,SVC-02,Routine,1,23.0,1.0,0.0
2026-05-20,LOC-06,SVC-03,Routine,1,13.8,1.0,0.0
2026-05-21,LOC-02,SVC-01,Routine,1,31.2,1.0,0.0
2026-05-21,LOC-06,SVC-02,Routine,1,31.9,1.0,0.0
2026-05-21,LOC-10,SVC-07,Routine,1,13.4,1.0,0.0
2026-05-21,LOC-05,SVC-05,Emergency,1,81.6,0.0,0.0
2026-05-21,LOC-09,SVC-06,Routine,1,21.4,1.0,0.0
2026-05-21,LOC-09,SVC-03,Priority,1,73.7,1.0,0.0
2026-05-21,LOC-03,SVC-03,Routine,1,18.4,1.0,0.0
2026-05-21,LOC-05,SVC-01,Routine,1,33.9,1.0,0.0
2026-05-22,LOC-05,SVC-07,Routine,2,41.650000000000006,2.0,0.0
2026-05-22,LOC-04,SVC-02,Routine,1,36.8,1.0,0.0
2026-05-22,LOC-01,SVC-07,Priority,1,38.3,1.0,0.0
2026-05-22,LOC-06,SVC-05,Priority,1,34.4,1.0,0.0
2026-05-22,LOC-02,SVC-03,Priority,1,57.5,0.0,0.0
2026-05-22,LOC-03,SVC-07,Priority,1,34.4,1.0,0.0
2026-05-23,LOC-03,SVC-02,Routine,2,21.4,2.0,0.0
2026-05-23,LOC-06,SVC-01,Routine,1,45.8,1.0,0.0
2026-05-24,LOC-02,SVC-09,Priority,1,73.1,1.0,0.0
2026-05-24,LOC-10,SVC-05,Priority,1,10.0,1.0,0.0
2026-05-25,LOC-07,SVC-08,Urgent,1,63.4,1.0,0.0
2026-05-25,LOC-04,SVC-03,Routine,1,15.3,1.0,0.0
2026-05-25,LOC-04,SVC-07,Emergency,1,61.9,1.0,0.0
2026-05-26,LOC-07,SVC-03,Urgent,1,56.5,0.0,0.0
2026-05-26,LOC-01,SVC-03,Routine,1,61.4,1.0,0.0
2026-05-26,LOC-06,SVC-03,Priority,1,48.7,1.0,0.0
2026-05-26,LOC-01,SVC-01,Priority,2,62.75,2.0,0.0
2026-05-26,LOC-04,SVC-09,Routine,2,11.350000000000001,2.0,0.0
2026-05-26,LOC-08,SVC-03,Routine,1,1.0,1.0,0.0
2026-05-27,LOC-01,SVC-07,Routine,1,13.6,1.0,0.0
2026-05-27,LOC-07,SVC-07,Priority,1,35.3,1.0,0.0
2026-05-27,LOC-05,SVC-01,Urgent,1,65.0,1.0,0.0
2026-05-27,LOC-10,SVC-04,Urgent,1,11.8,1.0,0.0
2026-05-27,LOC-02,SVC-01,Emergency,1,92.5,0.0,0.0
2026-05-28,LOC-07,SVC-02,Priority,1,10.5,1.0,0.0
2026-05-28,LOC-02,SVC-05,Routine,1,61.6,1.0,0.0
2026-05-28,LOC-09,SVC-05,Urgent,1,32.2,1.0,0.0
2026-05-28,LOC-02,SVC-01,Routine,1,48.7,1.0,0.0
2026-05-28,LOC-09,SVC-01,Routine,1,20.1,1.0,0.0
2026-05-28,LOC-03,SVC-05,Urgent,1,69.8,1.0,0.0
2026-05-28,LOC-05,SVC-04,Urgent,1,47.7,0.0,0.0
2026-05-28,LOC-06,SVC-01,Routine,1,13.6,1.0,0.0
2026-05-29,LOC-09,SVC-01,Routine,2,37.45,2.0,0.0
2026-05-29,LOC-08,SVC-01,Routine,1,27.7,1.0,0.0
2026-05-29,LOC-06,SVC-05,Priority,1,25.0,1.0,0.0
2026-05-29,LOC-01,SVC-01,Routine,1,72.1,1.0,0.0
2026-05-29,LOC-03,SVC-05,Routine,1,23.4,1.0,0.0
2026-05-29,LOC-02,SVC-02,Priority,1,36.5,1.0,0.0
2026-05-29,LOC-03,SVC-04,Routine,1,35.6,1.0,0.0
2026-05-29,LOC-06,SVC-06,Routine,1,36.4,1.0,0.0
2026-05-29,LOC-06,SVC-02,Urgent,1,17.7,1.0,0.0
2026-05-30,LOC-02,SVC-05,Priority,1,39.2,1.0,0.0
2026-05-30,LOC-06,SVC-01,Routine,1,15.5,1.0,0.0
2026-05-31,LOC-05,SVC-02,Routine,1,20.7,1.0,0.0
2026-05-31,LOC-03,SVC-01,Routine,1,7.6,1.0,0.0
2026-06-01,LOC-08,SVC-01,Priority,1,3.6,1.0,0.0
2026-06-01,LOC-04,SVC-04,Routine,1,10.2,1.0,0.0
2026-06-01,LOC-06,SVC-02,Routine,1,32.2,1.0,0.0
2026-06-01,LOC-08,SVC-06,Priority,2,30.45,2.0,0.0
2026-06-01,LOC-01,SVC-03,Routine,1,26.9,1.0,0.0
2026-06-01,LOC-05,SVC-02,Routine,1,42.1,1.0,0.0
2026-06-01,LOC-07,SVC-08,Urgent,1,67.6,0.0,0.0
2026-06-01,LOC-04,SVC-02,Routine,1,35.6,1.0,0.0
2026-06-01,LOC-02,SVC-09,Urgent,1,81.0,1.0,0.0
2026-06-02,LOC-07,SVC-03,Routine,1,18.7,1.0,0.0
2026-06-02,LOC-02,SVC-04,Routine,1,97.6,1.0,0.0
2026-06-02,LOC-06,SVC-02,Priority,1,38.6,1.0,0.0
2026-06-02,LOC-04,SVC-01,Priority,1,16.0,1.0,0.0
2026-06-02,LOC-08,SVC-06,Routine,2,25.950000000000003,2.0,0.0
2026-06-02,LOC-07,SVC-05,Priority,1,24.2,1.0,0.0
2026-06-02,LOC-06,SVC-03,Routine,1,15.9,1.0,0.0
2026-06-02,LOC-10,SVC-01,Routine,1,18.6,1.0,0.0
2026-06-02,LOC-08,SVC-01,Priority,1,35.4,1.0,0.0
2026-06-02,LOC-04,SVC-02,Priority,1,39.9,1.0,0.0
2026-06-02,LOC-06,SVC-01,Priority,1,64.3,1.0,0.0
2026-06-03,LOC-02,SVC-05,Routine,1,16.8,1.0,0.0
2026-06-03,LOC-03,SVC-06,Routine,1,50.5,1.0,0.0
2026-06-03,LOC-05,SVC-05,Urgent,1,38.3,1.0,0.0
2026-06-03,LOC-02,SVC-01,Urgent,2,69.1,1.0,0.0
2026-06-03,LOC-09,SVC-03,Urgent,1,52.8,1.0,0.0
2026-06-03,LOC-01,SVC-01,Routine,1,6.3,1.0,0.0
2026-06-03,LOC-10,SVC-07,Routine,1,33.7,1.0,0.0
2026-06-03,LOC-06,SVC-05,Urgent,1,65.3,0.0,0.0
2026-06-03,LOC-03,SVC-05,Routine,1,66.4,1.0,0.0
2026-06-04,LOC-07,SVC-05,Priority,1,47.2,1.0,0.0
2026-06-04,LOC-02,SVC-09,Routine,1,61.4,1.0,0.0
2026-06-04,LOC-01,SVC-03,Routine,2,26.25,2.0,0.0
2026-06-04,LOC-06,SVC-01,Routine,1,14.9,1.0,0.0
2026-06-04,LOC-06,SVC-03,Priority,1,37.3,0.0,0.0
2026-06-04,LOC-10,SVC-08,Priority,1,38.1,1.0,0.0
2026-06-04,LOC-09,SVC-07,Routine,1,38.6,1.0,0.0
2026-06-05,LOC-01,SVC-01,Urgent,1,65.5,1.0,0.0
2026-06-05,LOC-10,SVC-01,Priority,1,25.8,1.0,0.0
2026-06-05,LOC-07,SVC-02,Routine,1,41.9,1.0,0.0
2026-06-05,LOC-02,SVC-07,Priority,1,45.0,1.0,0.0
2026-06-05,LOC-02,SVC-03,Routine,1,36.3,1.0,0.0
2026-06-06,LOC-08,SVC-04,Routine,1,11.7,1.0,0.0
2026-06-06,LOC-07,SVC-01,Urgent,1,29.3,1.0,0.0
2026-06-07,LOC-03,SVC-02,Routine,1,24.9,1.0,0.0
2026-06-07,LOC-04,SVC-01,Urgent,1,35.1,0.0,0.0
2026-06-07,LOC-02,SVC-05,Urgent,1,68.2,1.0,0.0
2026-06-08,LOC-07,SVC-03,Urgent,1,67.9,1.0,0.0
2026-06-08,LOC-10,SVC-01,Urgent,1,79.8,1.0,0.0
2026-06-08,LOC-01,SVC-01,Routine,1,67.4,1.0,0.0
2026-06-08,LOC-04,SVC-07,Priority,1,36.1,1.0,0.0
2026-06-08,LOC-03,SVC-06,Routine,1,43.6,1.0,0.0
2026-06-08,LOC-10,SVC-03,Routine,1,18.3,1.0,0.0
2026-06-08,LOC-03,SVC-02,Routine,1,35.2,1.0,0.0
2026-06-09,LOC-07,SVC-01,Urgent,1,48.3,1.0,0.0
2026-06-09,LOC-03,SVC-07,Routine,1,60.4,1.0,0.0
2026-06-09,LOC-02,SVC-04,Priority,2,63.3,1.0,1.0
2026-06-09,LOC-07,SVC-03,Routine,1,10.2,1.0,0.0
2026-06-09,LOC-10,SVC-09,Routine,1,19.3,1.0,0.0
2026-06-09,LOC-08,SVC-05,Urgent,1,38.8,1.0,0.0
2026-06-10,LOC-03,SVC-05,Routine,1,33.6,1.0,0.0
2026-06-10,LOC-10,SVC-06,Routine,1,13.2,1.0,0.0
2026-06-10,LOC-07,SVC-01,Routine,1,13.8,1.0,0.0
2026-06-10,LOC-10,SVC-02,Urgent,1,99.0,1.0,0.0
2026-06-11,LOC-05,SVC-01,Urgent,1,34.4,1.0,0.0
2026-06-11,LOC-03,SVC-01,Priority,1,17.3,1.0,0.0
2026-06-11,LOC-08,SVC-08,Routine,1,43.2,1.0,0.0
2026-06-12,LOC-06,SVC-07,Routine,1,38.3,1.0,0.0
2026-06-12,LOC-08,SVC-04,Routine,1,12.2,1.0,0.0
2026-06-12,LOC-08,SVC-08,Urgent,1,57.9,0.0,0.0
2026-06-12,LOC-10,SVC-01,Priority,1,16.0,1.0,0.0
2026-06-13,LOC-03,SVC-09,Routine,1,36.5,1.0,0.0
2026-06-13,LOC-07,SVC-07,Routine,1,23.4,1.0,0.0
2026-06-14,LOC-03,SVC-02,Routine,1,35.9,1.0,0.0
2026-06-14,LOC-02,SVC-01,Urgent,1,50.8,1.0,0.0
2026-06-14,LOC-08,SVC-03,Routine,1,23.7,1.0,0.0
2026-06-15,LOC-09,SVC-06,Routine,1,16.9,1.0,0.0
2026-06-15,LOC-10,SVC-01,Routine,1,12.3,1.0,0.0
2026-06-15,LOC-08,SVC-02,Urgent,1,65.4,1.0,0.0
2026-06-15,LOC-03,SVC-01,Routine,2,42.400000000000006,2.0,0.0
2026-06-15,LOC-10,SVC-06,Priority,1,31.8,1.0,0.0
2026-06-16,LOC-06,SVC-03,Priority,1,66.5,1.0,0.0
2026-06-16,LOC-07,SVC-07,Priority,1,19.5,1.0,0.0
2026-06-16,LOC-09,SVC-01,Routine,1,12.2,1.0,0.0
2026-06-16,LOC-10,SVC-05,Priority,1,39.0,1.0,0.0
2026-06-16,LOC-01,SVC-06,Priority,1,10.2,1.0,0.0
2026-06-16,LOC-03,SVC-01,Urgent,1,39.9,1.0,0.0
2026-06-16,LOC-07,SVC-02,Routine,1,60.0,1.0,0.0
2026-06-16,LOC-04,SVC-05,Urgent,1,93.2,1.0,0.0
2026-06-16,LOC-10,SVC-07,Priority,1,59.9,1.0,0.0
2026-06-17,LOC-08,SVC-06,Urgent,1,40.5,1.0,0.0
2026-06-17,LOC-02,SVC-09,Priority,1,68.8,0.0,0.0
2026-06-17,LOC-06,SVC-08,Routine,1,,1.0,0.0
2026-06-17,LOC-08,SVC-02,Routine,1,65.7,1.0,0.0
2026-06-17,LOC-09,SVC-03,Routine,1,15.1,1.0,0.0
2026-06-17,LOC-09,SVC-01,Routine,1,61.4,1.0,0.0
2026-06-18,LOC-05,SVC-01,Routine,2,21.5,2.0,0.0
2026-06-18,LOC-03,SVC-09,Priority,1,30.3,1.0,0.0
2026-06-18,LOC-07,SVC-04,Routine,1,16.4,1.0,0.0
2026-06-18,LOC-07,SVC-05,Urgent,1,22.0,1.0,0.0
2026-06-18,LOC-07,SVC-09,Priority,1,20.4,1.0,0.0
2026-06-18,LOC-02,SVC-03,Routine,1,19.5,1.0,0.0
2026-06-18,LOC-05,SVC-05,Priority,1,44.5,1.0,0.0
2026-06-19,LOC-04,SVC-01,Routine,1,56.6,1.0,0.0
2026-06-19,LOC-04,SVC-02,Routine,1,33.8,1.0,0.0
2026-06-19,LOC-09,SVC-01,Priority,1,27.7,1.0,0.0
2026-06-19,LOC-09,SVC-09,Priority,1,58.6,1.0,0.0
2026-06-19,LOC-05,SVC-09,Routine,1,69.2,1.0,0.0
2026-06-19,LOC-07,SVC-05,Routine,1,13.7,1.0,0.0
2026-06-19,LOC-04,SVC-05,Routine,1,16.0,1.0,0.0
2026-06-20,LOC-10,SVC-07,Priority,1,57.9,1.0,0.0
2026-06-20,LOC-04,SVC-01,Priority,1,33.0,1.0,0.0
2026-06-20,LOC-05,SVC-03,Routine,1,42.0,1.0,0.0
2026-06-21,LOC-06,SVC-02,Priority,1,40.7,1.0,0.0
2026-06-22,LOC-03,SVC-06,Priority,2,24.9,2.0,0.0
2026-06-22,LOC-10,SVC-05,Routine,1,50.3,1.0,0.0
2026-06-22,LOC-03,SVC-08,Priority,1,34.1,1.0,0.0
2026-06-22,LOC-08,SVC-03,Routine,1,55.0,1.0,0.0
2026-06-23,LOC-01,SVC-03,Routine,1,89.5,1.0,0.0
2026-06-23,LOC-03,SVC-05,Routine,1,18.0,1.0,0.0
2026-06-23,LOC-09,SVC-04,Routine,1,11.4,1.0,0.0
2026-06-23,LOC-08,SVC-01,Priority,1,13.7,1.0,0.0
2026-06-23,LOC-07,SVC-01,Routine,1,64.4,1.0,0.0
2026-06-23,LOC-02,SVC-01,Urgent,1,40.2,1.0,0.0
2026-06-23,LOC-04,SVC-05,Routine,1,53.1,1.0,0.0
2026-06-24,LOC-10,SVC-01,Routine,2,23.55,1.0,1.0
2026-06-24,LOC-08,SVC-01,Urgent,1,21.5,1.0,0.0
2026-06-24,LOC-05,SVC-05,Emergency,1,51.3,0.0,0.0
2026-06-24,LOC-01,SVC-01,Routine,1,38.3,1.0,0.0
2026-06-24,LOC-10,SVC-05,Routine,1,6.1,1.0,0.0
2026-06-24,LOC-09,SVC-05,Routine,1,12.0,1.0,0.0
2026-06-24,LOC-07,SVC-03,Routine,1,5.8,1.0,0.0
2026-06-24,LOC-09,SVC-01,Priority,1,58.5,1.0,0.0
2026-06-25,LOC-02,SVC-04,Routine,1,34.4,1.0,0.0
2026-06-25,LOC-05,SVC-01,Routine,1,39.8,1.0,0.0
2026-06-25,LOC-03,SVC-07,Routine,1,38.8,1.0,0.0
2026-06-25,LOC-06,SVC-05,Routine,1,62.9,1.0,0.0
2026-06-25,LOC-10,SVC-02,Emergency,1,41.0,0.0,0.0
2026-06-26,LOC-10,SVC-01,Priority,1,6.6,1.0,0.0
2026-06-26,LOC-06,SVC-04,Routine,1,22.1,1.0,0.0
2026-06-26,LOC-07,SVC-01,Routine,1,61.3,1.0,0.0
2026-06-26,LOC-10,SVC-08,Routine,1,12.7,1.0,0.0
2026-06-26,LOC-07,SVC-03,Routine,1,,1.0,0.0
2026-06-26,LOC-03,SVC-03,Routine,1,8.4,1.0,0.0
2026-06-26,LOC-04,SVC-04,Priority,1,30.7,1.0,0.0
2026-06-27,LOC-06,SVC-03,Priority,1,38.7,1.0,0.0
2026-06-27,LOC-10,SVC-09,Routine,1,47.0,1.0,0.0
2026-06-27,LOC-03,SVC-08,Priority,1,79.6,1.0,0.0
2026-06-27,LOC-07,SVC-05,Urgent,1,63.4,1.0,0.0
2026-06-28,LOC-08,SVC-01,Priority,1,10.8,1.0,0.0
2026-06-28,LOC-04,SVC-09,Routine,1,14.6,1.0,0.0
2026-06-29,LOC-08,SVC-02,Routine,2,12.1,2.0,0.0
2026-06-29,LOC-08,SVC-05,Priority,1,95.0,1.0,0.0
2026-06-29,LOC-07,SVC-04,Priority,1,44.8,1.0,0.0
2026-06-29,LOC-10,SVC-06,Routine,2,34.4,2.0,0.0
2026-06-29,LOC-05,SVC-07,Emergency,1,35.2,1.0,0.0
2026-06-30,LOC-04,SVC-07,Priority,1,83.2,1.0,0.0
2026-06-30,LOC-09,SVC-09,Priority,1,16.2,1.0,0.0
2026-06-30,LOC-02,SVC-08,Priority,1,37.8,1.0,0.0
2026-06-30,LOC-03,SVC-06,Urgent,1,80.2,0.0,0.0
2026-06-30,LOC-02,SVC-01,Urgent,1,54.5,1.0,0.0
2026-06-30,LOC-09,SVC-02,Urgent,1,37.5,1.0,0.0
2026-06-30,LOC-02,SVC-07,Urgent,1,63.6,1.0,0.0
2026-06-30,LOC-08,SVC-04,Routine,1,53.4,1.0,0.0
2026-07-01,LOC-10,SVC-09,Routine,1,14.0,1.0,0.0
2026-07-01,LOC-01,SVC-01,Routine,1,38.9,1.0,0.0
2026-07-01,LOC-05,SVC-06,Priority,1,19.1,1.0,0.0
2026-07-01,LOC-04,SVC-02,Routine,1,13.9,1.0,0.0
2026-07-01,LOC-07,SVC-06,Routine,1,3.6,1.0,0.0
2026-07-02,LOC-01,SVC-04,Urgent,1,83.9,1.0,0.0
2026-07-02,LOC-07,SVC-05,Routine,2,52.449999999999996,2.0,0.0
2026-07-02,LOC-06,SVC-05,Routine,1,17.9,1.0,0.0
2026-07-02,LOC-10,SVC-04,Priority,1,13.4,1.0,0.0
2026-07-02,LOC-05,SVC-05,Routine,1,33.2,1.0,0.0
2026-07-03,LOC-05,SVC-01,Routine,1,14.1,1.0,0.0
2026-07-03,LOC-04,SVC-02,Priority,1,57.7,0.0,0.0
2026-07-03,LOC-06,SVC-01,Urgent,1,60.8,1.0,0.0
2026-07-03,LOC-01,SVC-06,Priority,1,31.5,1.0,0.0
2026-07-03,LOC-05,SVC-02,Priority,1,67.5,1.0,0.0
2026-07-03,LOC-01,SVC-07,Priority,1,33.0,1.0,0.0
2026-07-04,LOC-02,SVC-01,Priority,1,60.9,1.0,0.0
2026-07-05,LOC-03,SVC-01,Urgent,1,46.6,1.0,0.0
2026-07-05,LOC-06,SVC-04,Priority,1,35.7,1.0,0.0
2026-07-06,LOC-05,SVC-08,Priority,1,39.4,1.0,0.0
2026-07-06,LOC-08,SVC-01,Routine,1,7.3,1.0,0.0
2026-07-06,LOC-10,SVC-03,Priority,1,64.3,1.0,0.0
2026-07-06,LOC-02,SVC-08,Urgent,1,91.2,1.0,0.0
2026-07-06,LOC-05,SVC-02,Routine,1,65.3,1.0,0.0
2026-07-06,LOC-04,SVC-04,Emergency,1,78.3,0.0,0.0
2026-07-06,LOC-04,SVC-01,Urgent,1,65.2,0.0,0.0
2026-07-07,LOC-07,SVC-05,Urgent,1,47.3,1.0,0.0
2026-07-07,LOC-06,SVC-05,Priority,1,34.3,1.0,0.0
2026-07-07,LOC-06,SVC-06,Routine,1,15.3,1.0,0.0
2026-07-07,LOC-06,SVC-01,Routine,1,,1.0,0.0
2026-07-07,LOC-02,SVC-05,Priority,1,30.1,1.0,0.0
2026-07-07,LOC-09,SVC-05,Routine,1,1.4,1.0,0.0
2026-07-07,LOC-05,SVC-03,Priority,1,34.8,1.0,0.0
2026-07-07,LOC-10,SVC-07,Routine,1,16.8,1.0,0.0
2026-07-08,LOC-07,SVC-01,Priority,1,,1.0,0.0
2026-07-08,LOC-02,SVC-04,Urgent,1,71.2,1.0,0.0
2026-07-08,LOC-07,SVC-06,Urgent,1,87.9,0.0,0.0
2026-07-08,LOC-06,SVC-04,Priority,1,10.3,1.0,0.0
2026-07-08,LOC-01,SVC-01,Routine,1,30.9,1.0,0.0
2026-07-08,LOC-04,SVC-02,Priority,1,92.3,1.0,0.0
2026-07-09,LOC-04,SVC-03,Urgent,1,,1.0,0.0
2026-07-09,LOC-05,SVC-08,Routine,1,44.4,1.0,0.0
2026-07-09,LOC-08,SVC-09,Priority,1,39.1,1.0,0.0
2026-07-10,LOC-07,SVC-05,Routine,1,14.2,1.0,0.0
2026-07-10,LOC-01,SVC-03,Routine,1,40.7,1.0,0.0
2026-07-10,LOC-01,SVC-01,Routine,1,35.7,1.0,0.0
2026-07-10,LOC-06,SVC-08,Priority,1,65.1,1.0,0.0
2026-07-10,LOC-02,SVC-01,Priority,1,66.8,1.0,0.0
2026-07-10,LOC-02,SVC-06,Routine,1,39.7,1.0,0.0
2026-07-10,LOC-03,SVC-05,Urgent,1,87.2,0.0,0.0
2026-07-10,LOC-08,SVC-05,Urgent,1,36.2,1.0,0.0
2026-07-10,LOC-04,SVC-02,Emergency,1,82.1,1.0,0.0
2026-07-11,LOC-02,SVC-03,Routine,1,10.4,1.0,0.0
2026-07-12,LOC-09,SVC-01,Priority,1,37.4,1.0,0.0
2026-07-12,LOC-07,SVC-06,Urgent,1,51.7,1.0,0.0
2026-07-12,LOC-07,SVC-03,Routine,1,35.4,1.0,0.0
2026-07-13,LOC-09,SVC-02,Urgent,1,38.9,1.0,0.0
2026-07-13,LOC-07,SVC-01,Urgent,1,61.9,1.0,0.0
2026-07-13,LOC-10,SVC-01,Routine,2,26.5,2.0,0.0
2026-07-13,LOC-04,SVC-04,Priority,1,39.6,1.0,0.0
2026-07-13,LOC-03,SVC-02,Routine,1,34.8,1.0,0.0
2026-07-13,LOC-04,SVC-08,Routine,1,61.7,1.0,0.0
2026-07-13,LOC-10,SVC-04,Urgent,1,60.4,1.0,0.0
2026-07-13,LOC-06,SVC-06,Routine,1,17.4,1.0,0.0
2026-07-14,LOC-08,SVC-08,Priority,1,71.8,1.0,0.0
2026-07-14,LOC-10,SVC-07,Emergency,1,90.6,0.0,0.0
2026-07-14,LOC-06,SVC-07,Urgent,1,42.1,0.0,0.0
2026-07-14,LOC-05,SVC-05,Routine,1,17.4,1.0,0.0
2026-07-14,LOC-08,SVC-04,Urgent,1,54.4,1.0,0.0
2026-07-14,LOC-08,SVC-03,Urgent,1,64.3,1.0,0.0
2026-07-14,LOC-01,SVC-03,Routine,1,23.4,1.0,0.0
2026-07-14,LOC-07,SVC-04,Routine,1,18.7,1.0,0.0
2026-07-14,LOC-02,SVC-02,Urgent,1,72.8,1.0,0.0
2026-07-14,LOC-10,SVC-02,Routine,1,20.0,1.0,0.0
2026-07-14,LOC-04,SVC-02,Priority,1,38.2,1.0,0.0
2026-07-15,LOC-09,SVC-01,Priority,1,72.6,1.0,0.0
2026-07-15,LOC-08,SVC-01,Priority,1,83.7,1.0,0.0
2026-07-15,LOC-07,SVC-01,Urgent,1,59.6,0.0,0.0
2026-07-15,LOC-10,SVC-02,Routine,2,1.0,1.0,1.0
2026-07-15,LOC-06,SVC-07,Emergency,1,80.7,0.0,0.0
2026-07-15,LOC-08,SVC-06,Priority,1,40.2,1.0,0.0
2026-07-15,LOC-01,SVC-03,Emergency,1,39.8,0.0,0.0
2026-07-15,LOC-06,SVC-08,Routine,1,21.9,1.0,0.0
2026-07-15,LOC-07,SVC-05,Routine,1,6.3,1.0,0.0
2026-07-16,LOC-06,SVC-01,Routine,1,12.9,1.0,0.0
2026-07-16,LOC-10,SVC-02,Routine,1,37.0,1.0,0.0
2026-07-16,LOC-09,SVC-03,Priority,1,35.5,1.0,0.0
2026-07-16,LOC-03,SVC-01,Routine,1,36.6,1.0,0.0
2026-07-17,LOC-07,SVC-02,Routine,1,71.4,1.0,0.0
2026-07-17,LOC-04,SVC-03,Urgent,1,74.3,1.0,0.0
2026-07-17,LOC-06,SVC-01,Priority,1,40.1,1.0,0.0
2026-07-17,LOC-08,SVC-09,Urgent,1,35.2,1.0,0.0
2026-07-18,LOC-09,SVC-07,Priority,1,35.3,1.0,0.0
2026-07-18,LOC-04,SVC-01,Urgent,1,42.9,0.0,0.0
2026-07-18,LOC-10,SVC-03,Priority,1,38.7,1.0,0.0
2026-07-18,LOC-04,SVC-05,Urgent,1,59.8,1.0,0.0
2026-07-18,LOC-06,SVC-02,Routine,1,38.4,1.0,0.0
2026-07-19,LOC-03,SVC-01,Priority,1,13.4,1.0,0.0
2026-07-19,LOC-01,SVC-04,Routine,1,4.0,1.0,0.0
2026-07-20,LOC-02,SVC-05,Priority,1,8.8,1.0,0.0
2026-07-20,LOC-02,SVC-02,Urgent,1,90.4,0.0,0.0
2026-07-20,LOC-02,SVC-01,Emergency,1,60.6,0.0,0.0
2026-07-20,LOC-01,SVC-02,Routine,1,11.7,1.0,0.0
2026-07-20,LOC-01,SVC-01,Priority,1,73.1,1.0,0.0
2026-07-20,LOC-09,SVC-05,Routine,1,25.0,1.0,0.0
2026-07-20,LOC-09,SVC-04,Priority,1,34.4,1.0,0.0
2026-07-20,LOC-10,SVC-06,Priority,1,44.5,1.0,0.0
2026-07-20,LOC-02,SVC-08,Routine,1,13.0,1.0,0.0
2026-07-20,LOC-05,SVC-01,Urgent,1,16.5,1.0,0.0
2026-07-21,LOC-05,SVC-03,Urgent,1,60.5,0.0,0.0
2026-07-21,LOC-03,SVC-09,Routine,1,35.2,1.0,0.0
2026-07-21,LOC-09,SVC-02,Priority,1,37.2,1.0,0.0
2026-07-21,LOC-05,SVC-07,Priority,1,19.2,1.0,0.0
2026-07-22,LOC-07,SVC-04,Routine,1,31.4,1.0,0.0
2026-07-22,LOC-06,SVC-05,Priority,1,3.6,1.0,0.0
2026-07-22,LOC-02,SVC-01,Routine,1,64.5,1.0,0.0
2026-07-22,LOC-03,SVC-01,Routine,3,37.766666666666666,3.0,0.0
2026-07-22,LOC-05,SVC-06,Priority,1,55.5,1.0,0.0
2026-07-23,LOC-04,SVC-01,Routine,1,14.2,1.0,0.0
2026-07-23,LOC-08,SVC-08,Urgent,1,33.8,1.0,0.0
2026-07-23,LOC-04,SVC-06,Routine,1,36.5,1.0,0.0
2026-07-23,LOC-08,SVC-04,Routine,2,13.65,2.0,0.0
2026-07-23,LOC-01,SVC-01,Routine,1,17.3,1.0,0.0
2026-07-23,LOC-10,SVC-05,Priority,1,14.7,1.0,0.0
2026-07-23,LOC-07,SVC-04,Priority,1,71.0,1.0,0.0
2026-07-24,LOC-04,SVC-05,Urgent,1,82.2,1.0,0.0
2026-07-24,LOC-07,SVC-03,Urgent,1,62.9,1.0,0.0
2026-07-24,LOC-10,SVC-08,Routine,1,1.0,1.0,0.0
2026-07-24,LOC-06,SVC-03,Priority,1,,1.0,0.0
2026-07-24,LOC-08,SVC-06,Urgent,1,48.1,1.0,0.0
2026-07-24,LOC-07,SVC-05,Priority,1,41.4,1.0,0.0
2026-07-24,LOC-08,SVC-09,Priority,1,20.6,1.0,0.0
2026-07-24,LOC-01,SVC-05,Routine,1,17.2,1.0,0.0
2026-07-24,LOC-03,SVC-01,Routine,1,84.0,1.0,0.0
2026-07-24,LOC-02,SVC-04,Routine,1,16.8,1.0,0.0
2026-07-25,LOC-02,SVC-07,Urgent,1,51.6,0.0,0.0
2026-07-26,LOC-03,SVC-05,Routine,1,12.9,1.0,0.0
2026-07-26,LOC-08,SVC-05,Routine,1,37.3,1.0,0.0
2026-07-27,LOC-09,SVC-08,Urgent,2,38.65,0.0,0.0
2026-07-27,LOC-07,SVC-02,Priority,1,34.4,1.0,0.0
2026-07-27,LOC-10,SVC-06,Routine,1,34.5,1.0,0.0
2026-07-27,LOC-10,SVC-01,Priority,1,46.3,1.0,0.0
2026-07-27,LOC-04,SVC-01,Routine,1,14.1,1.0,0.0
2026-07-27,LOC-02,SVC-01,Priority,1,15.0,1.0,0.0
2026-07-27,LOC-09,SVC-03,Routine,1,24.2,1.0,0.0
2026-07-27,LOC-03,SVC-05,Urgent,1,26.9,1.0,0.0
2026-07-27,LOC-06,SVC-02,Urgent,1,53.9,1.0,0.0
2026-07-28,LOC-02,SVC-08,Priority,1,59.1,1.0,0.0
2026-07-28,LOC-05,SVC-01,Priority,1,8.7,1.0,0.0
2026-07-28,LOC-07,SVC-02,Urgent,1,91.5,1.0,0.0
2026-07-28,LOC-07,SVC-03,Urgent,1,56.0,1.0,0.0
2026-07-28,LOC-07,SVC-06,Routine,1,17.5,1.0,0.0
2026-07-29,LOC-09,SVC-01,Routine,1,7.0,1.0,0.0
2026-07-29,LOC-02,SVC-03,Routine,1,18.0,1.0,0.0
2026-07-29,LOC-08,SVC-07,Priority,1,39.8,1.0,0.0
2026-07-29,LOC-01,SVC-07,Routine,1,19.2,1.0,0.0
2026-07-29,LOC-10,SVC-03,Emergency,1,85.8,0.0,0.0
2026-07-30,LOC-06,SVC-04,Routine,1,9.7,1.0,0.0
2026-07-30,LOC-08,SVC-01,Routine,1,17.9,1.0,0.0
2026-07-30,LOC-01,SVC-03,Urgent,1,43.4,1.0,0.0
2026-07-30,LOC-05,SVC-01,Priority,1,2.3,1.0,0.0
2026-07-30,LOC-03,SVC-01,Routine,1,43.0,1.0,0.0
2026-07-30,LOC-09,SVC-04,Priority,1,4.1,1.0,0.0
2026-07-31,LOC-04,SVC-07,Routine,1,44.1,1.0,0.0
2026-07-31,LOC-07,SVC-04,Routine,1,14.1,1.0,0.0
2026-07-31,LOC-06,SVC-01,Priority,1,65.9,0.0,0.0
2026-07-31,LOC-04,SVC-05,Urgent,1,63.6,0.0,0.0
2026-07-31,LOC-08,SVC-01,Routine,1,72.6,1.0,0.0
2026-07-31,LOC-04,SVC-03,Priority,1,20.4,1.0,0.0
2026-07-31,LOC-02,SVC-02,Priority,1,63.9,1.0,0.0
2026-06-06,LOC-10,SVC-01,Routine,1,14.6,0.0,1.0
2025-11-18,LOC-06,SVC-05,Priority,1,41.2,0.0,1.0
2026-05-07,LOC-10,SVC-03,Urgent,1,17.1,0.0,1.0
2026-06-12,LOC-04,SVC-04,Routine,1,13.4,0.0,1.0
2026-06-30,LOC-08,SVC-01,Urgent,1,33.5,0.0,1.0
2026-07-03,LOC-05,SVC-03,Routine,1,10.6,0.0,1.0
2025-08-15,LOC-02,SVC-07,Routine,1,8.6,0.0,1.0
2025-09-04,LOC-03,SVC-07,Routine,1,20.7,0.0,1.0
2025-09-27,LOC-07,SVC-03,Urgent,1,61.4,0.0,1.0
2025-10-04,LOC-03,SVC-02,Routine,1,36.3,0.0,1.0
2025-10-10,LOC-04,SVC-07,Priority,1,76.4,0.0,1.0
2025-12-19,LOC-08,SVC-07,Routine,1,22.8,0.0,1.0
2026-01-15,LOC-10,SVC-02,Urgent,1,66.8,0.0,1.0
2026-02-03,LOC-05,SVC-01,Priority,1,45.7,0.0,1.0
2026-03-05,LOC-03,SVC-02,Urgent,1,77.0,0.0,1.0
2026-03-30,LOC-02,SVC-05,Routine,1,7.4,0.0,1.0
2026-04-08,LOC-07,SVC-01,Urgent,1,21.2,0.0,1.0
2026-06-06,LOC-05,SVC-08,Priority,1,88.6,0.0,1.0
2025-08-06,LOC-01,SVC-01,Urgent,1,78.6,0.0,1.0
2025-09-23,LOC-03,SVC-08,Routine,1,38.6,0.0,1.0
2025-10-20,LOC-06,SVC-09,Priority,1,38.3,0.0,1.0
2025-11-04,LOC-02,SVC-04,Routine,1,37.0,0.0,1.0
2025-11-05,LOC-10,SVC-01,Emergency,1,27.5,0.0,1.0
2026-02-16,LOC-07,SVC-06,Routine,1,60.6,0.0,1.0
2026-05-12,LOC-06,SVC-01,Priority,1,42.3,0.0,1.0
2026-05-19,LOC-03,SVC-07,Routine,1,8.0,0.0,1.0
2026-06-08,LOC-02,SVC-08,Routine,1,37.9,0.0,1.0
2026-07-17,LOC-08,SVC-02,Routine,1,55.4,0.0,1.0
2025-10-05,LOC-08,SVC-02,Routine,1,22.4,0.0,1.0
2025-10-21,LOC-08,SVC-01,Priority,1,41.3,0.0,1.0
2025-10-21,LOC-03,SVC-02,Urgent,1,43.5,0.0,1.0
2026-02-06,LOC-05,SVC-09,Priority,1,44.1,0.0,1.0
2026-02-06,LOC-01,SVC-01,Urgent,1,29.0,0.0,1.0
2026-07-27,LOC-07,SVC-06,Routine,1,23.8,0.0,1.0
2025-09-10,LOC-01,SVC-06,Priority,1,9.5,0.0,1.0
2025-09-19,LOC-05,SVC-02,Priority,1,62.3,0.0,1.0
2025-10-27,LOC-01,SVC-02,Urgent,1,42.5,0.0,1.0
2025-11-28,LOC-09,SVC-02,Routine,1,24.0,0.0,1.0
2026-01-07,LOC-03,SVC-09,Priority,1,27.5,0.0,1.0
2026-05-13,LOC-09,SVC-07,Routine,1,16.7,0.0,1.0
2026-07-01,LOC-02,SVC-04,Routine,1,10.5,0.0,1.0
2026-07-28,LOC-09,SVC-02,Emergency,1,89.3,0.0,1.0
2025-08-21,LOC-03,SVC-07,Emergency,1,90.3,0.0,1.0
2025-09-09,LOC-02,SVC-06,Routine,1,,0.0,1.0
2025-10-13,LOC-03,SVC-09,Routine,1,10.8,0.0,1.0
2025-11-03,LOC-09,SVC-04,Urgent,1,13.6,0.0,1.0
2025-12-15,LOC-02,SVC-03,Priority,1,46.3,0.0,1.0
2026-02-07,LOC-01,SVC-05,Urgent,1,71.1,0.0,1.0
2026-06-01,LOC-10,SVC-06,Routine,1,4.8,0.0,1.0
2025-08-19,LOC-06,SVC-04,Routine,1,25.4,0.0,1.0
2025-10-05,LOC-01,SVC-01,Routine,1,40.2,0.0,1.0
2025-11-17,LOC-02,SVC-01,Priority,1,72.9,0.0,1.0
2025-12-15,LOC-07,SVC-06,Priority,1,35.8,0.0,1.0
2026-01-03,LOC-04,SVC-07,Priority,1,68.4,0.0,1.0
2026-01-05,LOC-06,SVC-05,Priority,1,14.6,0.0,1.0
2026-02-28,LOC-01,SVC-01,Routine,1,50.6,0.0,1.0
2026-04-30,LOC-07,SVC-02,Priority,1,,0.0,1.0
2026-06-17,LOC-03,SVC-08,Routine,1,15.7,0.0,1.0
2025-10-19,LOC-08,SVC-06,Priority,1,37.4,0.0,1.0
2025-10-21,LOC-01,SVC-02,Priority,1,60.6,0.0,1.0
2026-01-07,LOC-10,SVC-01,Routine,1,18.5,0.0,1.0
2026-03-04,LOC-08,SVC-09,Routine,1,43.3,0.0,1.0
2025-12-31,LOC-05,SVC-02,Priority,1,25.1,0.0,1.0
2026-01-13,LOC-06,SVC-05,Routine,1,12.9,0.0,1.0
2026-02-21,LOC-01,SVC-05,Urgent,1,37.8,0.0,1.0
2026-03-13,LOC-10,SVC-01,Priority,1,8.4,0.0,1.0
2026-05-18,LOC-05,SVC-05,Routine,1,13.9,0.0,1.0
2026-07-23,LOC-07,SVC-03,Emergency,1,85.8,0.0,1.0
2025-08-26,LOC-10,SVC-06,Routine,1,11.7,0.0,1.0
2026-02-14,LOC-10,SVC-03,Routine,1,68.5,0.0,1.0
2026-04-06,LOC-04,SVC-06,Priority,1,17.4,0.0,1.0
2025-10-17,LOC-08,SVC-02,Priority,1,15.4,0.0,1.0
2025-12-07,LOC-05,SVC-01,Routine,1,20.8,0.0,1.0
2025-12-10,LOC-02,SVC-01,Routine,1,49.4,0.0,1.0
2026-02-11,LOC-08,SVC-07,Emergency,1,43.2,0.0,1.0
2026-04-06,LOC-10,SVC-04,Priority,1,58.4,0.0,1.0
2026-04-06,LOC-01,SVC-03,Urgent,1,,0.0,1.0
2026-05-08,LOC-08,SVC-06,Routine,1,35.5,0.0,1.0
2026-06-30,LOC-05,SVC-01,Routine,1,39.4,0.0,1.0
2026-03-17,LOC-08,SVC-06,Routine,1,36.3,0.0,1.0
2026-04-28,LOC-01,SVC-06,Priority,1,33.6,0.0,1.0
2026-05-04,LOC-08,SVC-02,Priority,1,46.9,0.0,1.0
2026-05-24,LOC-10,SVC-02,Routine,1,13.5,0.0,1.0
2026-06-27,LOC-07,SVC-03,Urgent,1,95.1,0.0,1.0
2026-07-16,LOC-01,SVC-06,Routine,1,48.7,0.0,1.0
2025-08-15,LOC-10,SVC-01,Routine,1,8.9,0.0,1.0
2025-08-19,LOC-07,SVC-03,Urgent,1,71.2,0.0,1.0
2025-09-04,LOC-06,SVC-02,Routine,1,56.3,0.0,1.0
2026-02-04,LOC-02,SVC-07,Urgent,1,63.1,0.0,1.0
2026-06-25,LOC-04,SVC-03,Priority,1,34.0,0.0,1.0
2026-07-15,LOC-04,SVC-04,Urgent,1,61.2,0.0,1.0
2026-07-22,LOC-07,SVC-05,Priority,1,,0.0,1.0
2025-09-29,LOC-05,SVC-03,Routine,1,1.0,0.0,1.0
2025-10-21,LOC-06,SVC-01,Priority,1,11.2,0.0,1.0
2026-01-02,LOC-10,SVC-02,Routine,1,15.0,0.0,1.0
2026-01-05,LOC-04,SVC-07,Routine,1,21.9,0.0,1.0
2026-01-26,LOC-09,SVC-01,Priority,1,54.7,0.0,1.0
2026-02-12,LOC-10,SVC-01,Routine,1,88.8,0.0,1.0
2026-02-25,LOC-07,SVC-06,Urgent,1,54.4,0.0,1.0
2026-05-18,LOC-08,SVC-01,Routine,1,3.8,0.0,1.0
2026-06-03,LOC-08,SVC-05,Priority,1,17.7,0.0,1.0
2026-07-04,LOC-03,SVC-08,Routine,1,40.8,0.0,1.0
2025-09-18,LOC-01,SVC-03,Routine,1,33.6,0.0,1.0
2025-10-08,LOC-07,SVC-02,Routine,1,17.9,0.0,1.0
2026-02-24,LOC-01,SVC-06,Priority,1,,0.0,1.0
2026-06-16,LOC-01,SVC-02,Urgent,1,42.6,0.0,1.0
