week_start_date,location_id,primary_role,employees_with_overtime,total_overtime_hours,avg_overtime_hours,total_hours_worked,total_contracted_hours
2025-08-18,LOC-10,Support Worker,9,40.14,4.46,221.8,196.0
2025-08-25,LOC-10,Support Worker,9,27.830000000000005,3.092222222222223,205.56,196.0
2025-09-22,LOC-10,Support Worker,9,38.989999999999995,4.332222222222222,219.19,196.0
2025-10-06,LOC-10,Support Worker,8,17.89,2.23625,157.20999999999998,172.0
2025-10-20,LOC-10,Support Worker,9,29.310000000000002,3.256666666666667,210.86,196.0
2025-11-03,LOC-10,Support Worker,8,23.74,2.9675,161.97,158.0
2026-01-12,LOC-10,Support Worker,9,29.59,3.287777777777778,206.42000000000002,196.0
2026-03-09,LOC-10,Support Worker,9,28.24,3.1377777777777776,201.01000000000002,196.0
2026-03-23,LOC-10,Support Worker,9,15.04,1.671111111111111,182.05999999999997,196.0
2026-06-08,LOC-10,Support Worker,8,27.200000000000003,3.4000000000000004,190.51,180.0
2026-07-20,LOC-10,Support Worker,9,11.53,1.281111111111111,179.56,196.0
2026-07-27,LOC-10,Support Worker,8,0.0,0.0,105.75,184.0
2025-08-25,LOC-05,Allied Health Clinician,4,9.48,2.37,140.78,138.0
2025-09-29,LOC-05,Allied Health Clinician,4,12.83,3.2075,142.72,138.0
2025-12-08,LOC-05,Allied Health Clinician,4,13.39,3.3475,143.38,138.0
2026-02-23,LOC-05,Allied Health Clinician,4,13.6,3.4,143.44,138.0
2026-03-16,LOC-05,Allied Health Clinician,4,6.01,1.5025,125.96000000000001,138.0
2026-03-23,LOC-05,Allied Health Clinician,4,15.049999999999999,3.7624999999999997,145.35,138.0
2026-04-06,LOC-05,Allied Health Clinician,4,2.73,0.6825,120.82,138.0
2026-04-13,LOC-05,Allied Health Clinician,4,6.01,1.5025,130.24,138.0
2026-04-20,LOC-05,Allied Health Clinician,4,12.44,3.11,128.98,138.0
2026-05-04,LOC-05,Allied Health Clinician,4,3.89,0.9725,127.98000000000002,138.0
2026-05-18,LOC-05,Allied Health Clinician,4,15.360000000000001,3.8400000000000003,137.27,138.0
2026-06-08,LOC-05,Allied Health Clinician,3,10.29,3.4299999999999997,97.55,100.0
2026-06-22,LOC-05,Allied Health Clinician,4,10.620000000000001,2.6550000000000002,138.94,138.0
2026-07-06,LOC-05,Allied Health Clinician,3,10.0,3.3333333333333335,102.02,100.0
2025-08-18,LOC-01,Coordinator,2,18.38,9.19,34.38,16.0
2025-09-08,LOC-01,Coordinator,2,20.1,10.05,36.1,16.0
2025-09-29,LOC-01,Coordinator,2,15.990000000000002,7.995000000000001,31.990000000000002,16.0
2025-10-06,LOC-01,Coordinator,2,16.06,8.03,32.06,16.0
2025-10-20,LOC-01,Coordinator,2,15.75,7.875,31.75,16.0
2025-11-03,LOC-01,Coordinator,2,19.79,9.895,35.79,16.0
2025-12-08,LOC-01,Coordinator,2,19.16,9.58,35.16,16.0
2025-12-22,LOC-01,Coordinator,2,15.51,7.755,31.509999999999998,16.0
2026-01-19,LOC-01,Coordinator,2,9.15,4.575,25.14,16.0
2026-02-02,LOC-01,Coordinator,2,8.31,4.155,24.230000000000004,16.0
2026-02-23,LOC-01,Coordinator,2,15.6,7.8,31.6,16.0
2026-04-20,LOC-01,Coordinator,2,16.03,8.015,32.03,16.0
2026-06-01,LOC-01,Coordinator,2,20.05,10.025,36.05,16.0
2026-07-20,LOC-01,Coordinator,2,15.940000000000001,7.970000000000001,31.94,16.0
2026-07-27,LOC-01,Coordinator,2,20.0,10.0,36.0,16.0
2025-09-22,LOC-09,Support Worker,6,19.07,3.1783333333333332,167.20000000000002,154.0
2025-10-06,LOC-09,Support Worker,7,13.0,1.8571428571428572,136.72,178.0
2025-12-08,LOC-09,Support Worker,7,27.57,3.9385714285714286,189.31,178.0
2026-01-05,LOC-09,Support Worker,7,11.129999999999999,1.5899999999999999,168.31,178.0
2026-02-23,LOC-09,Support Worker,7,11.52,1.6457142857142857,166.10000000000002,178.0
2026-03-16,LOC-09,Support Worker,7,16.85,2.4071428571428575,176.99999999999997,178.0
2026-04-13,LOC-09,Support Worker,6,13.09,2.1816666666666666,161.74,166.0
2026-04-27,LOC-09,Support Worker,7,23.28,3.325714285714286,181.73000000000002,178.0
2026-05-04,LOC-09,Support Worker,7,8.12,1.16,152.78,178.0
2026-06-08,LOC-09,Support Worker,7,18.79,2.684285714285714,182.85,178.0
2026-06-29,LOC-09,Support Worker,7,17.07,2.4385714285714286,177.46,178.0
2026-07-06,LOC-09,Support Worker,7,21.200000000000003,3.028571428571429,184.39,178.0
2026-07-20,LOC-09,Support Worker,7,13.19,1.8842857142857141,163.9,178.0
2026-07-27,LOC-09,Support Worker,6,0.02,0.0033333333333333335,136.27,154.0
2025-08-25,LOC-05,Team Leader,3,0.0,0.0,50.99,60.0
2025-09-29,LOC-05,Team Leader,3,1.28,0.4266666666666667,56.980000000000004,60.0
2025-12-08,LOC-05,Team Leader,3,0.0,0.0,48.75,60.0
2026-02-23,LOC-05,Team Leader,3,1.32,0.44,51.71,60.0
2026-03-16,LOC-05,Team Leader,3,0.07,0.023333333333333334,55.71,60.0
2026-03-23,LOC-05,Team Leader,3,0.13,0.043333333333333335,57.849999999999994,60.0
2026-04-06,LOC-05,Team Leader,3,0.41,0.13666666666666666,40.379999999999995,60.0
2026-04-13,LOC-05,Team Leader,3,0.0,0.0,47.32,60.0
2026-04-20,LOC-05,Team Leader,3,2.5,0.8333333333333334,60.31,60.0
2026-05-04,LOC-05,Team Leader,3,0.18,0.06,56.06999999999999,60.0
2026-05-18,LOC-05,Team Leader,2,0.13,0.065,32.44,40.0
2026-06-08,LOC-05,Team Leader,2,0.19,0.095,32.17,40.0
2026-06-22,LOC-05,Team Leader,3,0.0,0.0,44.02,60.0
2026-07-06,LOC-05,Team Leader,3,0.29,0.09666666666666666,49.89,60.0
2025-09-08,LOC-05,Support Worker,6,10.27,1.7116666666666667,150.48,160.0
2025-10-20,LOC-05,Support Worker,6,8.389999999999999,1.3983333333333332,156.04,160.0
2025-10-27,LOC-05,Support Worker,6,2.53,0.42166666666666663,126.17999999999999,160.0
2025-11-10,LOC-05,Support Worker,5,9.72,1.9440000000000002,133.74,140.0
2025-11-17,LOC-05,Support Worker,5,7.120000000000001,1.4240000000000002,137.85,144.0
2025-12-22,LOC-05,Support Worker,6,1.81,0.3016666666666667,143.48000000000002,160.0
2026-01-19,LOC-05,Support Worker,6,11.73,1.955,152.43,160.0
2026-02-09,LOC-05,Support Worker,6,5.0,0.8333333333333334,140.95000000000002,160.0
2026-03-02,LOC-05,Support Worker,6,3.23,0.5383333333333333,145.46999999999997,160.0
2026-03-09,LOC-05,Support Worker,6,5.6,0.9333333333333332,144.94,160.0
2026-05-25,LOC-05,Support Worker,6,11.71,1.9516666666666669,144.06,160.0
2026-06-15,LOC-05,Support Worker,6,13.030000000000001,2.171666666666667,150.57000000000002,160.0
2026-07-20,LOC-05,Support Worker,6,3.9000000000000004,0.65,139.54,160.0
2026-07-27,LOC-05,Support Worker,5,0.0,0.0,103.88,136.0
2025-09-15,LOC-06,Support Worker,4,20.52,5.13,142.51999999999998,122.0
2025-10-06,LOC-06,Support Worker,4,22.269999999999996,5.567499999999999,144.27,122.0
2025-12-08,LOC-06,Support Worker,4,15.829999999999998,3.9574999999999996,136.07999999999998,122.0
2025-12-22,LOC-06,Support Worker,4,17.99,4.4975,139.98999999999998,122.0
2025-12-29,LOC-06,Support Worker,4,20.64,5.16,142.64000000000001,122.0
2026-01-12,LOC-06,Support Worker,3,9.08,3.026666666666667,93.08000000000001,84.0
2026-01-26,LOC-06,Support Worker,3,9.43,3.143333333333333,118.48,114.0
2026-03-02,LOC-06,Support Worker,4,21.869999999999997,5.467499999999999,140.16,122.0
2026-04-06,LOC-06,Support Worker,4,12.04,3.01,132.27999999999997,122.0
2026-05-04,LOC-06,Support Worker,4,28.24,7.06,150.24,122.0
2026-06-15,LOC-06,Support Worker,4,9.39,2.3475,131.26999999999998,122.0
2026-07-06,LOC-06,Support Worker,4,17.67,4.4175,133.76,122.0
2026-07-20,LOC-06,Support Worker,4,20.11,5.0275,142.11,122.0
2025-10-27,LOC-03,Support Worker,6,7.6899999999999995,1.2816666666666665,104.01,112.0
2025-11-03,LOC-03,Support Worker,5,2.45,0.49000000000000005,84.23,100.0
2025-11-24,LOC-03,Support Worker,6,8.27,1.3783333333333332,92.44,112.0
2025-12-22,LOC-03,Support Worker,6,11.309999999999999,1.8849999999999998,103.51000000000002,112.0
2026-01-19,LOC-03,Support Worker,6,5.18,0.8633333333333333,92.75,112.0
2026-03-02,LOC-03,Support Worker,5,8.29,1.658,94.38000000000001,96.0
2026-03-09,LOC-03,Support Worker,6,4.380000000000001,0.7300000000000001,90.43,112.0
2026-04-13,LOC-03,Support Worker,6,8.56,1.4266666666666667,101.78999999999999,112.0
2026-04-27,LOC-03,Support Worker,6,4.17,0.695,79.78,112.0
2026-05-18,LOC-03,Support Worker,5,5.75,1.15,82.32,96.0
2026-06-15,LOC-03,Support Worker,6,6.86,1.1433333333333333,82.65,112.0
2026-06-29,LOC-03,Support Worker,6,5.85,0.975,100.81,112.0
2025-08-25,LOC-07,Support Worker,7,12.259999999999998,1.7514285714285711,114.26000000000002,140.0
2025-09-08,LOC-07,Support Worker,7,15.98,2.282857142857143,118.52999999999999,140.0
2025-09-15,LOC-07,Support Worker,7,8.0,1.1428571428571428,118.44999999999999,140.0
2025-10-06,LOC-07,Support Worker,7,8.34,1.1914285714285715,112.51999999999998,140.0
2025-11-03,LOC-07,Support Worker,7,18.16,2.5942857142857143,130.71,140.0
2025-11-24,LOC-07,Support Worker,7,11.42,1.6314285714285715,119.09000000000002,140.0
2026-01-26,LOC-07,Support Worker,7,15.98,2.282857142857143,115.29,140.0
2026-02-02,LOC-07,Support Worker,7,12.559999999999999,1.794285714285714,108.62,140.0
2026-03-09,LOC-07,Support Worker,6,14.69,2.4483333333333333,105.89,110.0
2026-03-16,LOC-07,Support Worker,7,11.870000000000001,1.695714285714286,103.90999999999998,140.0
2026-04-06,LOC-07,Support Worker,7,11.89,1.6985714285714286,125.96000000000001,140.0
2026-05-04,LOC-07,Support Worker,7,17.0,2.4285714285714284,110.77,140.0
2026-05-11,LOC-07,Support Worker,7,7.99,1.1414285714285715,110.4,140.0
2026-05-18,LOC-07,Support Worker,7,16.27,2.3242857142857143,120.11,140.0
2026-06-08,LOC-07,Support Worker,7,11.719999999999999,1.6742857142857142,119.32000000000002,140.0
2026-06-15,LOC-07,Support Worker,7,16.990000000000002,2.4271428571428575,126.68999999999998,140.0
2026-06-22,LOC-07,Support Worker,6,15.260000000000002,2.5433333333333334,99.86,110.0
2026-06-29,LOC-07,Support Worker,7,17.759999999999998,2.537142857142857,120.47999999999999,140.0
2025-09-01,LOC-08,Support Worker,10,40.92999999999999,4.092999999999999,320.09000000000003,284.0
2025-11-03,LOC-08,Support Worker,10,24.020000000000003,2.402,292.67,284.0
2025-12-01,LOC-08,Support Worker,10,39.79,3.979,320.07000000000005,284.0
2025-12-08,LOC-08,Support Worker,10,46.69,4.669,330.62,284.0
2025-12-15,LOC-08,Support Worker,10,41.46000000000001,4.146000000000001,317.35,284.0
2025-12-22,LOC-08,Support Worker,10,40.519999999999996,4.052,309.28000000000003,284.0
2026-02-09,LOC-08,Support Worker,10,41.56,4.156000000000001,308.79999999999995,284.0
2026-03-02,LOC-08,Support Worker,10,36.400000000000006,3.6400000000000006,296.17,284.0
2026-03-16,LOC-08,Support Worker,10,33.14,3.314,305.08,284.0
2026-07-06,LOC-08,Support Worker,10,44.44,4.444,325.17,284.0
2026-07-27,LOC-08,Support Worker,9,25.49,2.832222222222222,203.90999999999997,246.0
2026-02-16,LOC-08,Support Worker,9,33.69,3.743333333333333,263.86,246.0
2025-08-04,LOC-04,Coordinator,1,8.07,8.07,16.07,8.0
2025-10-13,LOC-04,Coordinator,1,8.01,8.01,16.009999999999998,8.0
2025-10-20,LOC-04,Coordinator,1,10.0,10.0,18.0,8.0
2025-10-27,LOC-04,Coordinator,1,10.02,10.02,18.02,8.0
2025-11-10,LOC-04,Coordinator,1,9.65,9.65,17.65,8.0
2025-11-24,LOC-04,Coordinator,1,7.63,7.63,15.629999999999999,8.0
2025-12-08,LOC-04,Coordinator,1,8.45,8.45,16.45,8.0
2025-12-22,LOC-04,Coordinator,1,7.99,7.99,15.989999999999998,8.0
2026-01-26,LOC-04,Coordinator,1,7.66,7.66,15.66,8.0
2026-02-02,LOC-04,Coordinator,1,8.25,8.25,16.25,8.0
2026-03-30,LOC-04,Coordinator,1,7.96,7.96,15.96,8.0
2026-05-04,LOC-04,Coordinator,1,12.06,12.06,20.060000000000002,8.0
2026-05-11,LOC-04,Coordinator,1,8.05,8.05,16.049999999999997,8.0
2026-06-22,LOC-04,Coordinator,1,7.83,7.83,15.83,8.0
2025-08-11,LOC-10,Team Leader,1,7.88,7.88,23.88,16.0
2025-09-29,LOC-10,Team Leader,1,8.4,8.4,24.4,16.0
2025-10-13,LOC-10,Team Leader,1,7.8,7.8,23.8,16.0
2025-11-17,LOC-10,Team Leader,1,0.19,0.19,16.189999999999998,16.0
2025-12-01,LOC-10,Team Leader,1,0.0,0.0,9.04,16.0
2025-12-22,LOC-10,Team Leader,1,10.32,10.32,26.32,16.0
2026-02-02,LOC-10,Team Leader,1,0.0,0.0,15.59,16.0
2026-02-16,LOC-10,Team Leader,1,9.72,9.72,25.72,16.0
2026-03-16,LOC-10,Team Leader,1,11.38,11.38,27.38,16.0
2026-04-06,LOC-10,Team Leader,1,7.8,7.8,23.8,16.0
2026-04-13,LOC-10,Team Leader,1,9.82,9.82,25.82,16.0
2026-04-27,LOC-10,Team Leader,1,11.21,11.21,27.21,16.0
2026-06-01,LOC-10,Team Leader,1,0.0,0.0,15.76,16.0
2026-07-06,LOC-10,Team Leader,1,11.25,11.25,27.25,16.0
2026-06-08,LOC-03,Support Worker,5,5.98,1.1960000000000002,76.1,92.0
2025-09-15,LOC-01,Allied Health Clinician,1,0.0,0.0,7.69,12.0
2025-10-27,LOC-01,Allied Health Clinician,1,0.0,0.0,9.02,12.0
2025-11-17,LOC-01,Allied Health Clinician,1,0.0,0.0,8.06,12.0
2026-02-09,LOC-01,Allied Health Clinician,1,0.0,0.0,8.09,12.0
2026-03-02,LOC-01,Allied Health Clinician,1,0.0,0.0,8.14,12.0
2026-04-13,LOC-01,Allied Health Clinician,1,0.0,0.0,7.99,12.0
2026-04-27,LOC-01,Allied Health Clinician,1,0.0,0.0,7.88,12.0
2026-05-04,LOC-01,Allied Health Clinician,1,0.0,0.0,8.15,12.0
2026-06-15,LOC-01,Allied Health Clinician,1,0.0,0.0,7.57,12.0
2025-10-06,LOC-02,Support Worker,7,19.11,2.73,162.81,152.0
2025-10-20,LOC-02,Support Worker,6,8.15,1.3583333333333334,130.98,144.0
2025-11-10,LOC-02,Support Worker,7,18.580000000000002,2.6542857142857144,168.21,152.0
2025-12-08,LOC-02,Support Worker,6,17.96,2.9933333333333336,140.12,132.0
2026-03-16,LOC-02,Support Worker,6,21.7,3.6166666666666667,129.59,114.0
2026-04-06,LOC-02,Support Worker,7,23.59,3.37,165.9,152.0
2026-06-29,LOC-02,Support Worker,7,24.31,3.472857142857143,164.48000000000002,152.0
2026-07-06,LOC-02,Support Worker,7,18.39,2.6271428571428572,159.60000000000002,152.0
2025-08-04,LOC-09,Allied Health Clinician,2,12.16,6.08,88.16,76.0
2025-08-11,LOC-09,Allied Health Clinician,2,6.15,3.075,82.15,76.0
2025-08-18,LOC-09,Allied Health Clinician,2,8.75,4.375,84.75,76.0
2025-08-25,LOC-09,Allied Health Clinician,2,5.96,2.98,81.96000000000001,76.0
2025-09-01,LOC-09,Allied Health Clinician,2,0.0,0.0,64.37,76.0
2025-09-08,LOC-09,Allied Health Clinician,2,3.46,1.73,77.39,76.0
2025-09-29,LOC-09,Allied Health Clinician,1,0.0,0.0,35.620000000000005,38.0
2025-11-10,LOC-09,Allied Health Clinician,2,8.91,4.455,84.91,76.0
2025-11-17,LOC-09,Allied Health Clinician,2,6.3999999999999995,3.1999999999999997,82.4,76.0
2025-12-22,LOC-09,Allied Health Clinician,2,5.91,2.955,76.96000000000001,76.0
2026-01-12,LOC-09,Allied Health Clinician,2,4.48,2.24,75.36000000000001,76.0
2026-03-23,LOC-09,Allied Health Clinician,2,4.94,2.47,74.78,76.0
2026-04-06,LOC-09,Allied Health Clinician,2,6.85,3.425,82.85,76.0
2026-04-20,LOC-09,Allied Health Clinician,2,0.0,0.0,69.52000000000001,76.0
2026-05-11,LOC-09,Allied Health Clinician,2,8.24,4.12,84.24,76.0
2026-05-18,LOC-09,Allied Health Clinician,2,0.0,0.0,39.739999999999995,76.0
2026-06-01,LOC-09,Allied Health Clinician,2,3.5700000000000003,1.7850000000000001,79.57,76.0
2025-08-18,LOC-05,Support Worker,5,4.19,0.8380000000000001,123.72999999999999,136.0
2025-09-01,LOC-08,Coordinator,1,7.0,7.0,27.0,20.0
2025-11-03,LOC-08,Coordinator,1,4.12,4.12,24.119999999999997,20.0
2025-12-01,LOC-08,Coordinator,1,4.21,4.21,24.21,20.0
2025-12-08,LOC-08,Coordinator,1,0.0,0.0,18.58,20.0
2025-12-15,LOC-08,Coordinator,1,4.36,4.36,24.36,20.0
2025-12-22,LOC-08,Coordinator,1,0.89,0.89,20.89,20.0
2026-02-09,LOC-08,Coordinator,1,3.92,3.92,23.92,20.0
2026-02-16,LOC-08,Coordinator,1,5.67,5.67,25.67,20.0
2026-03-02,LOC-08,Coordinator,1,3.96,3.96,23.96,20.0
2026-03-16,LOC-08,Coordinator,1,6.42,6.42,26.42,20.0
2026-07-06,LOC-08,Coordinator,1,4.02,4.02,24.02,20.0
2026-07-27,LOC-08,Coordinator,1,0.0,0.0,15.989999999999998,20.0
2025-09-08,LOC-05,Coordinator,2,0.0,0.0,17.08,38.0
2025-10-20,LOC-05,Coordinator,2,0.11,0.055,23.71,38.0
2025-10-27,LOC-05,Coordinator,2,0.0,0.0,25.75,38.0
2025-11-10,LOC-05,Coordinator,2,0.01,0.005,25.39,38.0
2025-11-17,LOC-05,Coordinator,2,0.14,0.07,24.060000000000002,38.0
2025-12-22,LOC-05,Coordinator,2,0.0,0.0,23.900000000000002,38.0
2026-03-02,LOC-05,Coordinator,2,0.05,0.025,23.880000000000003,38.0
2026-03-09,LOC-05,Coordinator,2,0.0,0.0,25.9,38.0
2026-05-25,LOC-05,Coordinator,2,0.0,0.0,23.810000000000002,38.0
2026-06-15,LOC-05,Coordinator,2,2.14,1.07,26.25,38.0
2026-07-20,LOC-05,Coordinator,2,0.0,0.0,26.05,38.0
2026-07-27,LOC-05,Coordinator,2,0.03,0.015,16.31,38.0
2025-07-28,LOC-02,Allied Health Clinician,2,0.0,0.0,25.43,50.0
2025-08-04,LOC-02,Allied Health Clinician,2,5.8100000000000005,2.9050000000000002,55.81,50.0
2025-08-11,LOC-02,Allied Health Clinician,2,18.439999999999998,9.219999999999999,68.44,50.0
2025-10-27,LOC-02,Allied Health Clinician,2,11.62,5.81,61.620000000000005,50.0
2025-11-24,LOC-02,Allied Health Clinician,2,3.98,1.99,50.239999999999995,50.0
2025-12-01,LOC-02,Allied Health Clinician,2,5.79,2.895,55.790000000000006,50.0
2025-12-22,LOC-02,Allied Health Clinician,2,6.11,3.055,56.11,50.0
2026-01-12,LOC-02,Allied Health Clinician,2,8.34,4.17,58.34,50.0
2026-02-09,LOC-02,Allied Health Clinician,2,8.28,4.14,58.28,50.0
2026-02-23,LOC-02,Allied Health Clinician,2,9.32,4.66,59.32,50.0
2026-04-27,LOC-02,Allied Health Clinician,2,9.51,4.755,59.510000000000005,50.0
2026-05-18,LOC-02,Allied Health Clinician,2,8.01,4.005,58.01,50.0
2026-06-01,LOC-02,Allied Health Clinician,2,4.14,2.07,51.68,50.0
2026-06-15,LOC-02,Allied Health Clinician,2,3.74,1.87,47.550000000000004,50.0
2026-07-13,LOC-02,Allied Health Clinician,2,11.64,5.82,61.64,50.0
2026-07-20,LOC-02,Allied Health Clinician,2,3.93,1.965,48.79,50.0
2025-12-29,LOC-09,Support Worker,6,14.589999999999998,2.431666666666666,154.3,158.0
2026-03-30,LOC-09,Support Worker,5,12.68,2.536,144.77,146.0
2025-08-18,LOC-10,Coordinator,1,0.0,0.0,31.48,38.0
2025-08-25,LOC-10,Coordinator,1,0.0,0.0,32.519999999999996,38.0
2025-09-22,LOC-10,Coordinator,1,3.69,3.69,41.69,38.0
2025-10-06,LOC-10,Coordinator,1,4.13,4.13,42.13,38.0
2025-10-20,LOC-10,Coordinator,1,1.82,1.82,39.82,38.0
2025-11-03,LOC-10,Coordinator,1,0.0,0.0,36.97,38.0
2026-01-12,LOC-10,Coordinator,1,1.9,1.9,39.9,38.0
2026-03-09,LOC-10,Coordinator,1,3.37,3.37,41.370000000000005,38.0
2026-03-23,LOC-10,Coordinator,1,7.78,7.78,45.78,38.0
2026-06-08,LOC-10,Coordinator,1,0.0,0.0,8.11,38.0
2026-07-27,LOC-10,Coordinator,1,0.0,0.0,24.15,38.0
2025-08-04,LOC-07,Allied Health Clinician,2,4.77,2.385,78.99,76.0
2025-08-18,LOC-07,Allied Health Clinician,2,4.66,2.33,74.74,76.0
2025-09-01,LOC-07,Allied Health Clinician,2,8.27,4.135,84.27000000000001,76.0
2025-10-13,LOC-07,Allied Health Clinician,2,2.22,1.11,71.94999999999999,76.0
2025-10-20,LOC-07,Allied Health Clinician,2,0.61,0.305,64.67,76.0
2025-12-01,LOC-07,Allied Health Clinician,2,0.0,0.0,68.12,76.0
2025-12-22,LOC-07,Allied Health Clinician,2,3.83,1.915,76.83,76.0
2026-03-02,LOC-07,Allied Health Clinician,2,9.68,4.84,85.67999999999999,76.0
2026-04-13,LOC-07,Allied Health Clinician,2,0.0,0.0,59.31,76.0
2025-08-04,LOC-09,Team Leader,1,8.99,8.99,46.99,38.0
2025-08-11,LOC-09,Team Leader,1,1.96,1.96,39.96,38.0
2025-08-18,LOC-09,Team Leader,1,3.11,3.11,41.11,38.0
2025-08-25,LOC-09,Team Leader,1,2.56,2.56,40.56,38.0
2025-09-01,LOC-09,Team Leader,1,0.0,0.0,32.14,38.0
2025-09-08,LOC-09,Team Leader,1,1.57,1.57,39.57,38.0
2025-09-29,LOC-09,Team Leader,1,3.74,3.74,41.74,38.0
2025-11-10,LOC-09,Team Leader,1,3.41,3.41,41.41,38.0
2025-11-17,LOC-09,Team Leader,1,1.42,1.42,39.42,38.0
2025-12-22,LOC-09,Team Leader,1,5.97,5.97,43.97,38.0
2026-01-12,LOC-09,Team Leader,1,0.0,0.0,16.25,38.0
2026-03-23,LOC-09,Team Leader,1,2.86,2.86,40.86,38.0
2026-04-06,LOC-09,Team Leader,1,3.05,3.05,41.05,38.0
2026-04-20,LOC-09,Team Leader,1,6.2,6.2,44.2,38.0
2026-05-11,LOC-09,Team Leader,1,6.46,6.46,44.46,38.0
2026-05-18,LOC-09,Team Leader,1,4.12,4.12,42.120000000000005,38.0
2026-06-01,LOC-09,Team Leader,1,2.08,2.08,40.08,38.0
2025-08-04,LOC-04,Support Worker,6,3.85,0.6416666666666667,120.25,152.0
2025-10-13,LOC-04,Support Worker,6,5.67,0.945,133.41,152.0
2025-10-27,LOC-04,Support Worker,6,1.34,0.22333333333333336,127.32000000000001,152.0
2025-11-24,LOC-04,Support Worker,6,3.63,0.605,118.02,152.0
2025-12-08,LOC-04,Support Worker,6,7.74,1.29,131.41,152.0
2025-12-22,LOC-04,Support Worker,5,5.89,1.178,123.78,136.0
2026-01-26,LOC-04,Support Worker,5,9.260000000000002,1.8520000000000003,117.18,132.0
2026-02-02,LOC-04,Support Worker,5,10.6,2.12,112.29,128.0
2026-03-30,LOC-04,Support Worker,6,6.14,1.0233333333333332,126.47,152.0
2026-05-04,LOC-04,Support Worker,6,1.53,0.255,124.21000000000001,152.0
2026-05-11,LOC-04,Support Worker,6,7.02,1.17,114.87,152.0
2026-06-22,LOC-04,Support Worker,6,3.84,0.64,123.50000000000001,152.0
2025-10-06,LOC-02,Coordinator,2,11.85,5.925,65.85,54.0
2025-10-20,LOC-02,Coordinator,2,13.440000000000001,6.720000000000001,67.44,54.0
2025-11-10,LOC-02,Coordinator,2,9.73,4.865,63.73,54.0
2025-12-08,LOC-02,Coordinator,2,12.15,6.075,66.15,54.0
2026-03-16,LOC-02,Coordinator,2,10.14,5.07,64.12,54.0
2026-04-06,LOC-02,Coordinator,2,15.350000000000001,7.675000000000001,69.35,54.0
2026-06-29,LOC-02,Coordinator,2,12.12,6.06,66.12,54.0
2026-07-06,LOC-02,Coordinator,2,18.880000000000003,9.440000000000001,72.88,54.0
2025-07-28,LOC-07,Support Worker,5,0.16,0.032,47.79,98.0
2025-10-20,LOC-04,Support Worker,5,0.0,0.0,100.42,136.0
2025-11-10,LOC-04,Support Worker,5,5.21,1.042,113.07000000000001,136.0
2025-08-11,LOC-03,Team Leader,6,5.81,0.9683333333333333,192.95000000000002,200.0
2025-08-18,LOC-03,Team Leader,6,10.87,1.8116666666666665,192.76999999999998,200.0
2025-08-25,LOC-03,Team Leader,6,13.469999999999999,2.2449999999999997,199.27,200.0
2025-10-06,LOC-03,Team Leader,6,6.74,1.1233333333333333,174.38000000000002,200.0
2025-10-20,LOC-03,Team Leader,6,4.97,0.8283333333333333,180.99,200.0
2025-11-10,LOC-03,Team Leader,6,15.600000000000001,2.6,194.15,200.0
2025-12-29,LOC-03,Team Leader,6,6.050000000000001,1.0083333333333335,166.43,200.0
2026-01-05,LOC-03,Team Leader,6,10.459999999999999,1.7433333333333332,197.11,200.0
2026-01-12,LOC-03,Team Leader,6,7.720000000000001,1.2866666666666668,174.92999999999998,200.0
2026-02-02,LOC-03,Team Leader,5,9.149999999999999,1.8299999999999996,170.77,176.0
2026-02-16,LOC-03,Team Leader,6,9.600000000000001,1.6000000000000003,182.93,200.0
2026-04-20,LOC-03,Team Leader,6,7.92,1.32,189.43,200.0
2026-06-22,LOC-03,Team Leader,6,13.98,2.33,206.19,200.0
2026-07-06,LOC-03,Team Leader,6,6.92,1.1533333333333333,183.29999999999998,200.0
2026-07-13,LOC-03,Team Leader,6,29.01,4.835,213.15,200.0
2026-07-20,LOC-03,Team Leader,6,14.38,2.396666666666667,208.38,200.0
2025-08-11,LOC-10,Allied Health Clinician,1,0.07,0.07,8.07,8.0
2025-09-29,LOC-10,Allied Health Clinician,1,0.06,0.06,8.06,8.0
2025-10-13,LOC-10,Allied Health Clinician,1,1.81,1.81,9.81,8.0
2025-11-17,LOC-10,Allied Health Clinician,1,0.0,0.0,7.98,8.0
2025-12-01,LOC-10,Allied Health Clinician,1,0.1,0.1,8.1,8.0
2025-12-22,LOC-10,Allied Health Clinician,1,2.08,2.08,10.08,8.0
2026-01-26,LOC-10,Allied Health Clinician,1,0.01,0.01,8.01,8.0
2026-02-02,LOC-10,Allied Health Clinician,1,0.0,0.0,8.0,8.0
2026-02-16,LOC-10,Allied Health Clinician,1,1.67,1.67,9.67,8.0
2026-03-16,LOC-10,Allied Health Clinician,1,0.24,0.24,8.24,8.0
2026-04-06,LOC-10,Allied Health Clinician,1,0.18,0.18,8.18,8.0
2026-04-27,LOC-10,Allied Health Clinician,1,0.09,0.09,8.09,8.0
2025-09-22,LOC-09,Coordinator,2,4.73,2.365,58.730000000000004,54.0
2025-10-06,LOC-09,Coordinator,2,3.53,1.765,57.35,54.0
2025-12-08,LOC-09,Coordinator,2,3.8899999999999997,1.9449999999999998,57.89,54.0
2025-12-29,LOC-09,Coordinator,2,4.28,2.14,57.89,54.0
2026-01-05,LOC-09,Coordinator,2,7.63,3.815,53.58,54.0
2026-02-23,LOC-09,Coordinator,2,4.87,2.435,50.89,54.0
2026-03-16,LOC-09,Coordinator,2,1.16,0.58,47.059999999999995,54.0
2026-03-30,LOC-09,Coordinator,2,6.460000000000001,3.2300000000000004,60.46000000000001,54.0
2026-04-13,LOC-09,Coordinator,2,0.0,0.0,48.11,54.0
2026-04-27,LOC-09,Coordinator,2,7.45,3.725,61.449999999999996,54.0
2026-05-04,LOC-09,Coordinator,2,8.34,4.17,62.339999999999996,54.0
2026-06-08,LOC-09,Coordinator,2,3.37,1.685,57.37,54.0
2026-06-29,LOC-09,Coordinator,2,0.19,0.095,49.96,54.0
2026-07-06,LOC-09,Coordinator,2,0.98,0.49,49.43000000000001,54.0
2026-07-20,LOC-09,Coordinator,2,3.74,1.87,57.74,54.0
2026-07-27,LOC-09,Coordinator,2,0.0,0.0,40.31,54.0
2025-09-01,LOC-04,Team Leader,1,0.0,0.0,24.03,38.0
2025-09-29,LOC-04,Team Leader,1,6.58,6.58,44.58,38.0
2026-01-19,LOC-04,Team Leader,1,0.0,0.0,34.2,38.0
2026-02-16,LOC-04,Team Leader,1,0.0,0.0,32.15,38.0
2026-02-23,LOC-04,Team Leader,1,5.98,5.98,43.980000000000004,38.0
2026-03-02,LOC-04,Team Leader,1,3.3,3.3,41.3,38.0
2026-03-09,LOC-04,Team Leader,1,5.89,5.89,43.89,38.0
2026-03-23,LOC-04,Team Leader,1,3.2,3.2,41.2,38.0
2026-04-06,LOC-04,Team Leader,1,2.07,2.07,40.07,38.0
2026-04-13,LOC-04,Team Leader,1,0.0,0.0,35.68,38.0
2026-05-18,LOC-04,Team Leader,1,3.47,3.47,41.47,38.0
2026-06-01,LOC-04,Team Leader,1,6.4,6.4,44.400000000000006,38.0
2026-06-15,LOC-04,Team Leader,1,0.0,0.0,36.93,38.0
2026-07-13,LOC-04,Team Leader,1,3.68,3.68,41.68,38.0
2025-08-11,LOC-06,Allied Health Clinician,1,3.68,3.68,23.68,20.0
2025-09-08,LOC-06,Allied Health Clinician,1,5.73,5.73,25.729999999999997,20.0
2025-10-20,LOC-06,Allied Health Clinician,1,0.0,0.0,17.97,20.0
2025-10-27,LOC-06,Allied Health Clinician,1,10.17,10.17,30.169999999999998,20.0
2025-11-10,LOC-06,Allied Health Clinician,1,6.48,6.48,26.48,20.0
2025-11-17,LOC-06,Allied Health Clinician,1,5.65,5.65,25.65,20.0
2026-01-19,LOC-06,Allied Health Clinician,1,5.91,5.91,25.91,20.0
2026-03-09,LOC-06,Allied Health Clinician,1,8.0,8.0,28.0,20.0
2026-03-23,LOC-06,Allied Health Clinician,1,6.75,6.75,26.75,20.0
2026-04-20,LOC-06,Allied Health Clinician,1,3.97,3.97,23.97,20.0
2026-06-08,LOC-06,Allied Health Clinician,1,9.69,9.69,29.689999999999998,20.0
2026-06-29,LOC-06,Allied Health Clinician,1,8.19,8.19,28.19,20.0
2026-07-13,LOC-06,Allied Health Clinician,1,3.58,3.58,23.580000000000002,20.0
2025-08-18,LOC-01,Support Worker,2,3.94,1.97,53.8,54.0
2025-09-08,LOC-01,Support Worker,2,2.7,1.35,56.7,54.0
2025-09-29,LOC-01,Support Worker,2,2.54,1.27,56.54,54.0
2025-10-06,LOC-01,Support Worker,2,0.0,0.0,31.61,54.0
2025-10-20,LOC-01,Support Worker,2,6.66,3.33,60.66,54.0
2025-11-03,LOC-01,Support Worker,2,0.0,0.0,50.58,54.0
2025-12-08,LOC-01,Support Worker,2,2.27,1.135,56.06999999999999,54.0
2025-12-22,LOC-01,Support Worker,2,3.09,1.545,57.09,54.0
2026-01-19,LOC-01,Support Worker,2,8.15,4.075,62.150000000000006,54.0
2026-02-02,LOC-01,Support Worker,2,2.16,1.08,52.89,54.0
2026-02-23,LOC-01,Support Worker,2,0.0,0.0,39.6,54.0
2026-04-20,LOC-01,Support Worker,2,4.33,2.165,58.33,54.0
2026-06-01,LOC-01,Support Worker,2,5.49,2.745,59.49,54.0
2026-07-20,LOC-01,Support Worker,2,4.66,2.33,58.63,54.0
2026-07-27,LOC-01,Support Worker,2,0.0,0.0,41.6,54.0
2025-08-18,LOC-05,Coordinator,1,0.0,0.0,16.009999999999998,30.0
2026-01-19,LOC-05,Coordinator,1,0.0,0.0,15.53,30.0
2026-02-09,LOC-05,Coordinator,1,0.0,0.0,15.74,30.0
2025-08-11,LOC-06,Team Leader,1,5.84,5.84,43.839999999999996,38.0
2025-09-08,LOC-06,Team Leader,1,8.08,8.08,46.08,38.0
2025-10-20,LOC-06,Team Leader,1,5.11,5.11,43.11,38.0
2025-10-27,LOC-06,Team Leader,1,1.96,1.96,39.96,38.0
2025-11-10,LOC-06,Team Leader,1,0.0,0.0,32.07,38.0
2025-11-17,LOC-06,Team Leader,1,0.0,0.0,24.259999999999998,38.0
2026-01-05,LOC-06,Team Leader,1,0.0,0.0,33.67,38.0
2026-01-19,LOC-06,Team Leader,1,4.89,4.89,42.89,38.0
2026-03-09,LOC-06,Team Leader,1,0.0,0.0,34.45,38.0
2026-03-23,LOC-06,Team Leader,1,4.09,4.09,42.09,38.0
2026-04-20,LOC-06,Team Leader,1,6.36,6.36,44.36,38.0
2026-06-08,LOC-06,Team Leader,1,0.0,0.0,31.580000000000002,38.0
2026-06-29,LOC-06,Team Leader,1,2.06,2.06,40.06,38.0
2025-08-18,LOC-08,Team Leader,2,10.350000000000001,5.175000000000001,68.35,58.0
2025-08-25,LOC-08,Team Leader,2,4.1,2.05,61.86,58.0
2025-09-08,LOC-08,Team Leader,2,7.38,3.69,65.38,58.0
2025-09-15,LOC-08,Team Leader,2,4.28,2.14,56.59,58.0
2025-11-17,LOC-08,Team Leader,2,8.43,4.215,66.43,58.0
2025-11-24,LOC-08,Team Leader,2,0.0,0.0,49.510000000000005,58.0
2026-01-05,LOC-08,Team Leader,2,12.989999999999998,6.494999999999999,70.99000000000001,58.0
2026-01-12,LOC-08,Team Leader,2,6.35,3.175,64.35,58.0
2026-03-09,LOC-08,Team Leader,2,12.829999999999998,6.414999999999999,70.83,58.0
2026-04-06,LOC-08,Team Leader,2,7.99,3.995,62.06999999999999,58.0
2026-05-04,LOC-08,Team Leader,2,11.55,5.775,69.55000000000001,58.0
2026-05-25,LOC-08,Team Leader,2,8.73,4.365,66.73,58.0
2026-06-01,LOC-08,Team Leader,2,6.74,3.37,60.55,58.0
2026-07-20,LOC-08,Team Leader,2,5.97,2.985,41.96,58.0
2025-08-04,LOC-03,Registered Nurse,1,1.79,1.79,39.79,38.0
2025-09-01,LOC-03,Registered Nurse,1,5.83,5.83,43.83,38.0
2025-09-08,LOC-03,Registered Nurse,1,0.0,0.0,26.490000000000002,38.0
2025-09-15,LOC-03,Registered Nurse,1,2.01,2.01,40.01,38.0
2025-09-29,LOC-03,Registered Nurse,1,2.07,2.07,40.07,38.0
2025-11-17,LOC-03,Registered Nurse,1,5.91,5.91,43.91,38.0
2025-12-01,LOC-03,Registered Nurse,1,5.95,5.95,43.95,38.0
2025-12-15,LOC-03,Registered Nurse,1,5.94,5.94,43.94,38.0
2026-03-16,LOC-03,Registered Nurse,1,0.0,0.0,32.120000000000005,38.0
2026-03-30,LOC-03,Registered Nurse,1,7.49,7.49,45.489999999999995,38.0
2026-05-11,LOC-03,Registered Nurse,1,1.39,1.39,39.39,38.0
2026-05-25,LOC-03,Registered Nurse,1,0.0,0.0,32.1,38.0
2026-06-01,LOC-03,Registered Nurse,1,0.0,0.0,26.21,38.0
2026-07-27,LOC-03,Registered Nurse,1,0.0,0.0,23.82,38.0
2025-08-04,LOC-05,Registered Nurse,1,4.31,4.31,42.31,38.0
2025-08-11,LOC-05,Registered Nurse,1,3.01,3.01,41.01,38.0
2025-11-24,LOC-05,Registered Nurse,1,4.11,4.11,42.11,38.0
2025-12-01,LOC-05,Registered Nurse,1,0.0,0.0,32.06,38.0
2025-12-15,LOC-05,Registered Nurse,1,1.62,1.62,39.620000000000005,38.0
2026-01-12,LOC-05,Registered Nurse,1,1.27,1.27,39.269999999999996,38.0
2026-01-26,LOC-05,Registered Nurse,1,7.64,7.64,45.64,38.0
2026-02-16,LOC-05,Registered Nurse,1,0.0,0.0,31.92,38.0
2026-06-01,LOC-05,Registered Nurse,1,0.0,0.0,31.64,38.0
2026-06-29,LOC-05,Registered Nurse,1,4.02,4.02,42.019999999999996,38.0
2025-09-22,LOC-07,Registered Nurse,1,2.19,2.19,40.19,38.0
2025-10-27,LOC-07,Registered Nurse,1,0.0,0.0,33.88,38.0
2025-12-08,LOC-07,Registered Nurse,1,3.66,3.66,41.66,38.0
2026-01-05,LOC-07,Registered Nurse,1,0.0,0.0,35.32,38.0
2026-03-23,LOC-07,Registered Nurse,1,3.73,3.73,41.73,38.0
2026-03-30,LOC-07,Registered Nurse,1,0.0,0.0,24.79,38.0
2025-08-18,LOC-08,Allied Health Clinician,1,0.0,0.0,15.74,20.0
2025-08-25,LOC-08,Allied Health Clinician,1,0.0,0.0,15.96,20.0
2025-09-08,LOC-08,Allied Health Clinician,1,0.0,0.0,16.29,20.0
2025-09-15,LOC-08,Allied Health Clinician,1,0.0,0.0,8.03,20.0
2025-11-17,LOC-08,Allied Health Clinician,1,0.0,0.0,16.2,20.0
2025-11-24,LOC-08,Allied Health Clinician,1,0.0,0.0,18.29,20.0
2026-01-05,LOC-08,Allied Health Clinician,1,0.0,0.0,9.18,20.0
2026-01-12,LOC-08,Allied Health Clinician,1,0.0,0.0,16.17,20.0
2026-03-09,LOC-08,Allied Health Clinician,1,0.0,0.0,15.879999999999999,20.0
2026-04-06,LOC-08,Allied Health Clinician,1,0.0,0.0,16.560000000000002,20.0
2026-05-04,LOC-08,Allied Health Clinician,1,0.0,0.0,16.02,20.0
2026-05-25,LOC-08,Allied Health Clinician,1,0.0,0.0,17.5,20.0
2026-06-01,LOC-08,Allied Health Clinician,1,0.0,0.0,17.88,20.0
2026-07-20,LOC-08,Allied Health Clinician,1,0.0,0.0,9.84,20.0
2025-07-28,LOC-06,Registered Nurse,1,0.0,0.0,23.72,38.0
2025-08-18,LOC-06,Registered Nurse,1,0.0,0.0,26.04,38.0
2025-08-25,LOC-06,Registered Nurse,1,4.72,4.72,42.72,38.0
2026-02-09,LOC-06,Registered Nurse,1,0.0,0.0,31.43,38.0
2026-02-16,LOC-06,Registered Nurse,1,1.76,1.76,39.76,38.0
2026-02-23,LOC-06,Registered Nurse,1,1.69,1.69,39.69,38.0
2026-04-13,LOC-06,Registered Nurse,1,0.0,0.0,34.94,38.0
2026-05-11,LOC-06,Registered Nurse,1,5.24,5.24,43.24,38.0
2026-05-18,LOC-06,Registered Nurse,1,4.57,4.57,42.57,38.0
2026-06-01,LOC-06,Registered Nurse,1,6.28,6.28,44.28,38.0
2026-06-22,LOC-06,Registered Nurse,1,4.11,4.11,42.11,38.0
2026-07-27,LOC-06,Registered Nurse,1,0.0,0.0,23.95,38.0
2025-08-04,LOC-10,Support Worker,9,25.799999999999997,2.8666666666666663,199.01000000000002,196.0
2025-09-15,LOC-10,Support Worker,9,30.490000000000002,3.387777777777778,208.66000000000003,196.0
2025-11-10,LOC-10,Support Worker,9,35.56,3.9511111111111115,214.63000000000005,196.0
2025-12-08,LOC-10,Support Worker,9,25.43,2.8255555555555554,199.38,196.0
2026-02-09,LOC-10,Support Worker,9,35.53,3.947777777777778,201.57999999999998,196.0
2026-03-02,LOC-10,Support Worker,9,33.69,3.743333333333333,192.04,196.0
2026-03-30,LOC-10,Support Worker,9,23.5,2.611111111111111,200.24,196.0
2026-04-20,LOC-10,Support Worker,7,32.02,4.574285714285715,192.93,168.0
2026-05-11,LOC-10,Support Worker,7,18.18,2.597142857142857,164.16,160.0
2026-05-18,LOC-10,Support Worker,8,30.740000000000002,3.8425000000000002,202.77,180.0
2026-05-25,LOC-10,Support Worker,9,40.08,4.453333333333333,216.28,196.0
2026-06-22,LOC-10,Support Worker,9,40.25999999999999,4.473333333333333,223.62000000000003,196.0
2026-07-13,LOC-10,Support Worker,9,23.8,2.6444444444444444,192.67000000000004,196.0
2025-08-04,LOC-05,Allied Health Clinician,4,16.8,4.2,146.57,138.0
2025-08-11,LOC-05,Allied Health Clinician,4,6.32,1.58,106.14,138.0
2025-11-24,LOC-05,Allied Health Clinician,4,1.5,0.375,88.67999999999999,138.0
2025-12-01,LOC-05,Allied Health Clinician,4,8.03,2.0075,131.63,138.0
2025-12-15,LOC-05,Allied Health Clinician,4,2.35,0.5875,100.96,138.0
2026-01-05,LOC-05,Allied Health Clinician,4,1.8,0.45,103.98000000000002,138.0
2026-01-12,LOC-05,Allied Health Clinician,4,13.71,3.4275,147.76,138.0
2026-01-26,LOC-05,Allied Health Clinician,4,13.469999999999999,3.3674999999999997,135.39999999999998,138.0
2026-02-16,LOC-05,Allied Health Clinician,4,4.16,1.04,127.80000000000001,138.0
2026-06-01,LOC-05,Allied Health Clinician,4,3.74,0.935,103.36,138.0
2026-06-29,LOC-05,Allied Health Clinician,4,7.03,1.7575,109.97999999999999,138.0
2025-08-04,LOC-01,Coordinator,2,18.28,9.14,34.28,16.0
2025-08-11,LOC-01,Coordinator,2,7.88,3.94,23.82,16.0
2025-11-10,LOC-01,Coordinator,2,20.189999999999998,10.094999999999999,36.19,16.0
2025-12-01,LOC-01,Coordinator,2,17.27,8.635,33.269999999999996,16.0
2025-12-29,LOC-01,Coordinator,2,16.259999999999998,8.129999999999999,32.26,16.0
2026-01-12,LOC-01,Coordinator,2,18.04,9.02,34.04,16.0
2026-01-26,LOC-01,Coordinator,2,16.29,8.145,32.29,16.0
2026-03-16,LOC-01,Coordinator,2,15.870000000000001,7.9350000000000005,31.87,16.0
2026-05-18,LOC-01,Coordinator,2,17.85,8.925,33.849999999999994,16.0
2026-06-22,LOC-01,Coordinator,2,15.780000000000001,7.890000000000001,31.78,16.0
2026-06-29,LOC-01,Coordinator,2,18.18,9.09,34.18,16.0
2026-07-06,LOC-01,Coordinator,2,18.12,9.06,34.120000000000005,16.0
2025-10-27,LOC-09,Support Worker,7,19.509999999999998,2.787142857142857,182.26000000000002,178.0
2025-11-24,LOC-09,Support Worker,7,15.829999999999998,2.261428571428571,175.02,178.0
2025-12-15,LOC-09,Support Worker,6,25.939999999999998,4.323333333333333,179.71,166.0
2026-01-26,LOC-09,Support Worker,7,20.869999999999997,2.981428571428571,176.63,178.0
2026-02-09,LOC-09,Support Worker,7,12.15,1.7357142857142858,161.85999999999999,178.0
2026-05-25,LOC-09,Support Worker,6,12.0,2.0,161.78,166.0
2026-06-15,LOC-09,Support Worker,7,15.41,2.2014285714285715,177.65,178.0
2026-06-22,LOC-09,Support Worker,7,17.450000000000003,2.4928571428571433,178.25,178.0
2026-07-13,LOC-09,Support Worker,7,11.84,1.6914285714285715,161.57,178.0
2025-08-04,LOC-05,Team Leader,3,0.15,0.049999999999999996,47.66,60.0
2025-08-11,LOC-05,Team Leader,3,5.4,1.8,53.26,60.0
2025-11-24,LOC-05,Team Leader,3,1.65,0.5499999999999999,49.589999999999996,60.0
2025-12-01,LOC-05,Team Leader,3,0.26,0.08666666666666667,50.19,60.0
2025-12-15,LOC-05,Team Leader,3,0.07,0.023333333333333334,55.410000000000004,60.0
2026-01-05,LOC-05,Team Leader,3,3.94,1.3133333333333332,54.15,60.0
2026-01-12,LOC-05,Team Leader,3,0.0,0.0,49.64,60.0
2026-02-16,LOC-05,Team Leader,3,1.85,0.6166666666666667,57.68,60.0
2026-06-01,LOC-05,Team Leader,3,4.88,1.6266666666666667,52.86,60.0
2026-06-29,LOC-05,Team Leader,3,0.32,0.10666666666666667,48.43,60.0
2025-07-28,LOC-05,Support Worker,4,0.0,0.0,48.24000000000001,124.0
2025-09-15,LOC-05,Support Worker,6,0.0,0.0,123.39,160.0
2025-09-22,LOC-05,Support Worker,6,2.8899999999999997,0.48166666666666663,138.64000000000001,160.0
2025-10-06,LOC-05,Support Worker,6,16.119999999999997,2.686666666666666,156.46999999999997,160.0
2025-10-13,LOC-05,Support Worker,6,7.83,1.305,140.1,160.0
2025-11-03,LOC-05,Support Worker,6,6.41,1.0683333333333334,126.03,160.0
2025-12-29,LOC-05,Support Worker,6,7.54,1.2566666666666666,148.93,160.0
2026-02-02,LOC-05,Support Worker,6,4.23,0.7050000000000001,151.26000000000002,160.0
2026-03-30,LOC-05,Support Worker,6,11.139999999999999,1.8566666666666665,159.23,160.0
2026-04-27,LOC-05,Support Worker,5,4.449999999999999,0.8899999999999999,131.85999999999999,140.0
2026-05-11,LOC-05,Support Worker,5,15.23,3.0460000000000003,154.81,144.0
2026-07-13,LOC-05,Support Worker,6,14.06,2.3433333333333333,162.23,160.0
2025-08-04,LOC-06,Support Worker,4,19.01,4.7525,141.01000000000002,122.0
2025-09-01,LOC-06,Support Worker,4,19.14,4.785,134.25,122.0
2025-09-22,LOC-06,Support Worker,4,22.65,5.6625,144.65,122.0
2025-09-29,LOC-06,Support Worker,4,12.57,3.1425,134.35,122.0
2025-10-13,LOC-06,Support Worker,4,16.92,4.23,125.98,122.0
2025-11-03,LOC-06,Support Worker,4,17.970000000000002,4.492500000000001,139.97,122.0
2025-11-24,LOC-06,Support Worker,4,14.530000000000001,3.6325000000000003,120.28999999999999,122.0
2025-12-01,LOC-06,Support Worker,4,21.59,5.3975,131.38,122.0
2025-12-15,LOC-06,Support Worker,4,21.94,5.485,143.94,122.0
2026-02-02,LOC-06,Support Worker,4,26.090000000000003,6.522500000000001,148.09,122.0
2026-03-16,LOC-06,Support Worker,4,24.58,6.145,146.58,122.0
2026-03-30,LOC-06,Support Worker,4,22.82,5.705,144.82,122.0
2026-04-27,LOC-06,Support Worker,4,20.89,5.2225,142.89,122.0
2026-05-25,LOC-06,Support Worker,4,16.8,4.2,132.87,122.0
2025-07-28,LOC-03,Support Worker,4,0.0,0.0,43.41,72.0
2025-09-22,LOC-03,Support Worker,5,8.53,1.706,92.14,96.0
2025-10-13,LOC-03,Support Worker,6,5.2,0.8666666666666667,99.56,112.0
2025-12-08,LOC-03,Support Worker,6,3.92,0.6533333333333333,94.27000000000001,112.0
2026-01-26,LOC-03,Support Worker,6,4.22,0.7033333333333333,97.52000000000001,112.0
2026-02-09,LOC-03,Support Worker,6,4.77,0.7949999999999999,97.51,112.0
2026-02-23,LOC-03,Support Worker,5,13.55,2.71,99.50000000000001,96.0
2026-03-23,LOC-03,Support Worker,6,6.48,1.08,91.84,112.0
2026-04-06,LOC-03,Support Worker,6,7.8500000000000005,1.3083333333333333,102.99000000000001,112.0
2026-05-04,LOC-03,Support Worker,6,8.23,1.3716666666666668,91.86,112.0
2025-08-11,LOC-07,Support Worker,7,12.26,1.7514285714285713,106.13,140.0
2025-09-29,LOC-07,Support Worker,7,13.45,1.9214285714285713,122.55,140.0
2025-11-10,LOC-07,Support Worker,7,14.940000000000001,2.1342857142857143,119.47,140.0
2025-11-17,LOC-07,Support Worker,7,13.309999999999999,1.9014285714285712,104.31,140.0
2025-12-15,LOC-07,Support Worker,7,11.76,1.68,116.69,140.0
2025-12-29,LOC-07,Support Worker,6,14.280000000000001,2.3800000000000003,96.41000000000001,124.0
2026-01-12,LOC-07,Support Worker,6,12.13,2.021666666666667,105.92,110.0
2026-01-19,LOC-07,Support Worker,7,13.49,1.9271428571428573,125.71000000000001,140.0
2026-02-09,LOC-07,Support Worker,7,13.309999999999999,1.9014285714285712,118.49000000000001,140.0
2026-02-16,LOC-07,Support Worker,7,10.25,1.4642857142857142,114.72999999999999,140.0
2026-02-23,LOC-07,Support Worker,7,13.45,1.9214285714285713,122.5,140.0
2026-04-20,LOC-07,Support Worker,7,17.140000000000004,2.4485714285714293,133.31,140.0
2026-04-27,LOC-07,Support Worker,7,12.47,1.7814285714285716,119.97,140.0
2026-05-25,LOC-07,Support Worker,7,4.42,0.6314285714285715,117.72999999999999,140.0
2026-06-01,LOC-07,Support Worker,7,15.46,2.2085714285714286,127.47999999999999,140.0
2026-07-06,LOC-07,Support Worker,7,15.46,2.2085714285714286,124.89,140.0
2026-07-13,LOC-07,Support Worker,7,16.080000000000002,2.2971428571428576,126.11999999999999,140.0
2026-07-20,LOC-07,Support Worker,7,3.91,0.5585714285714286,114.35000000000001,140.0
2026-07-27,LOC-07,Support Worker,6,14.850000000000001,2.475,84.42999999999999,110.0
2026-01-26,LOC-05,Team Leader,2,0.0,0.0,39.620000000000005,44.0
2025-07-28,LOC-08,Support Worker,6,0.0,0.0,94.77000000000001,228.0
2025-08-04,LOC-08,Support Worker,10,29.820000000000004,2.982,302.52,284.0
2025-09-22,LOC-08,Support Worker,10,27.79,2.779,289.04,284.0
2025-09-29,LOC-08,Support Worker,10,26.06,2.606,301.91,284.0
2025-10-06,LOC-08,Support Worker,10,26.24,2.6239999999999997,276.54999999999995,284.0
2025-10-20,LOC-08,Support Worker,10,34.45,3.4450000000000003,306.27,284.0
2025-10-27,LOC-08,Support Worker,10,44.73,4.473,328.7300000000001,284.0
2025-11-10,LOC-08,Support Worker,10,22.759999999999998,2.276,292.80999999999995,284.0
2026-01-26,LOC-08,Support Worker,9,32.29,3.5877777777777777,241.56000000000003,260.0
2026-02-02,LOC-08,Support Worker,9,20.23,2.247777777777778,265.49,260.0
2026-02-23,LOC-08,Support Worker,10,43.93,4.393,286.03,284.0
2026-03-30,LOC-08,Support Worker,10,46.55,4.654999999999999,330.44,284.0
2026-04-13,LOC-08,Support Worker,10,45.67,4.567,329.66999999999996,284.0
2026-04-20,LOC-08,Support Worker,10,33.199999999999996,3.3199999999999994,317.12,284.0
2026-04-27,LOC-08,Support Worker,10,33.28,3.3280000000000003,298.89,284.0
2026-05-18,LOC-08,Support Worker,10,44.22,4.422,320.25,284.0
2026-06-08,LOC-08,Support Worker,10,45.959999999999994,4.595999999999999,324.12999999999994,284.0
2026-06-29,LOC-08,Support Worker,10,44.36,4.436,269.83000000000004,284.0
2025-09-08,LOC-04,Coordinator,1,10.44,10.44,18.44,8.0
2025-09-15,LOC-04,Coordinator,1,8.01,8.01,16.009999999999998,8.0
2025-12-01,LOC-04,Coordinator,1,8.03,8.03,16.03,8.0
2025-12-29,LOC-04,Coordinator,1,7.66,7.66,15.66,8.0
2026-01-05,LOC-04,Coordinator,1,8.13,8.13,16.130000000000003,8.0
2026-01-12,LOC-04,Coordinator,1,8.45,8.45,16.45,8.0
2026-04-20,LOC-04,Coordinator,1,7.93,7.93,15.93,8.0
2026-04-27,LOC-04,Coordinator,1,7.59,7.59,15.59,8.0
2026-05-25,LOC-04,Coordinator,1,9.83,9.83,17.83,8.0
2026-06-29,LOC-04,Coordinator,1,8.06,8.06,16.060000000000002,8.0
2026-07-20,LOC-04,Coordinator,1,10.33,10.33,18.33,8.0
2026-07-27,LOC-04,Coordinator,1,0.02,0.02,8.02,8.0
2025-07-28,LOC-10,Team Leader,1,2.07,2.07,18.07,16.0
2025-09-01,LOC-10,Team Leader,1,1.88,1.88,17.88,16.0
2025-09-08,LOC-10,Team Leader,1,10.07,10.07,26.07,16.0
2025-10-27,LOC-10,Team Leader,1,8.42,8.42,24.42,16.0
2025-11-24,LOC-10,Team Leader,1,1.18,1.18,17.18,16.0
2025-12-15,LOC-10,Team Leader,1,7.76,7.76,23.76,16.0
2025-12-29,LOC-10,Team Leader,1,7.93,7.93,23.93,16.0
2026-01-05,LOC-10,Team Leader,1,7.47,7.47,23.47,16.0
2026-01-19,LOC-10,Team Leader,1,0.0,0.0,7.98,16.0
2026-02-23,LOC-10,Team Leader,1,9.72,9.72,25.72,16.0
2026-05-04,LOC-10,Team Leader,1,7.84,7.84,23.84,16.0
2026-06-15,LOC-10,Team Leader,1,9.28,9.28,25.28,16.0
2026-06-29,LOC-10,Team Leader,1,8.13,8.13,24.13,16.0
2025-08-25,LOC-01,Allied Health Clinician,1,0.0,0.0,8.03,12.0
2025-09-01,LOC-01,Allied Health Clinician,1,0.0,0.0,8.13,12.0
2025-09-22,LOC-01,Allied Health Clinician,1,0.0,0.0,8.32,12.0
2025-10-13,LOC-01,Allied Health Clinician,1,0.0,0.0,7.97,12.0
2025-12-15,LOC-01,Allied Health Clinician,1,0.0,0.0,7.94,12.0
2026-02-16,LOC-01,Allied Health Clinician,1,0.0,0.0,7.79,12.0
2026-03-09,LOC-01,Allied Health Clinician,1,0.0,0.0,7.88,12.0
2026-03-30,LOC-01,Allied Health Clinician,1,0.0,0.0,7.94,12.0
2026-04-06,LOC-01,Allied Health Clinician,1,0.0,0.0,8.22,12.0
2026-05-11,LOC-01,Allied Health Clinician,1,0.0,0.0,8.07,12.0
2026-05-25,LOC-01,Allied Health Clinician,1,0.0,0.0,9.98,12.0
2026-06-08,LOC-01,Allied Health Clinician,1,0.0,0.0,9.96,12.0
2026-07-13,LOC-01,Allied Health Clinician,1,0.0,0.0,8.18,12.0
2025-08-25,LOC-02,Support Worker,7,28.449999999999996,4.064285714285714,176.06000000000003,152.0
2025-09-01,LOC-02,Support Worker,7,15.86,2.2657142857142856,153.60000000000002,152.0
2025-11-03,LOC-02,Support Worker,7,19.58,2.7971428571428567,163.67000000000002,152.0
2026-01-26,LOC-02,Support Worker,7,20.21,2.8871428571428575,169.54999999999998,152.0
2026-03-23,LOC-02,Support Worker,7,21.78,3.1114285714285717,165.69,152.0
2026-03-30,LOC-02,Support Worker,7,23.65,3.3785714285714286,171.65,152.0
2026-04-13,LOC-02,Support Worker,7,18.92,2.7028571428571433,159.38000000000002,152.0
2026-04-20,LOC-02,Support Worker,7,24.28,3.468571428571429,172.34000000000003,152.0
2026-05-11,LOC-02,Support Worker,7,16.01,2.2871428571428574,158.63,152.0
2026-06-22,LOC-02,Support Worker,7,28.070000000000004,4.010000000000001,176.29,152.0
2025-09-15,LOC-09,Allied Health Clinician,2,10.1,5.05,86.1,76.0
2025-10-13,LOC-09,Allied Health Clinician,2,5.85,2.925,75.57,76.0
2025-10-20,LOC-09,Allied Health Clinician,2,6.04,3.02,82.03999999999999,76.0
2025-11-03,LOC-09,Allied Health Clinician,2,1.76,0.88,72.72999999999999,76.0
2025-12-01,LOC-09,Allied Health Clinician,2,4.14,2.07,74.35,76.0
2026-01-19,LOC-09,Allied Health Clinician,2,3.66,1.83,76.44999999999999,76.0
2026-02-02,LOC-09,Allied Health Clinician,2,8.98,4.49,84.98,76.0
2026-02-16,LOC-09,Allied Health Clinician,2,8.59,4.295,84.59,76.0
2025-07-28,LOC-08,Coordinator,1,0.0,0.0,7.93,20.0
2025-08-04,LOC-08,Coordinator,1,0.0,0.0,18.03,20.0
2025-09-22,LOC-08,Coordinator,1,3.57,3.57,23.57,20.0
2025-09-29,LOC-08,Coordinator,1,3.73,3.73,23.73,20.0
2025-10-06,LOC-08,Coordinator,1,8.06,8.06,28.060000000000002,20.0
2025-10-20,LOC-08,Coordinator,1,6.02,6.02,26.020000000000003,20.0
2025-10-27,LOC-08,Coordinator,1,4.1,4.1,24.1,20.0
2025-11-10,LOC-08,Coordinator,1,8.3,8.3,28.3,20.0
2026-01-26,LOC-08,Coordinator,1,4.15,4.15,24.15,20.0
2026-02-02,LOC-08,Coordinator,1,0.0,0.0,16.37,20.0
2026-02-23,LOC-08,Coordinator,1,0.0,0.0,16.07,20.0
2026-03-30,LOC-08,Coordinator,1,5.49,5.49,25.490000000000002,20.0
2026-04-13,LOC-08,Coordinator,1,4.3,4.3,24.3,20.0
2026-04-20,LOC-08,Coordinator,1,4.1,4.1,24.1,20.0
2026-04-27,LOC-08,Coordinator,1,4.47,4.47,24.47,20.0
2026-05-18,LOC-08,Coordinator,1,5.64,5.64,25.64,20.0
2026-06-08,LOC-08,Coordinator,1,5.54,5.54,25.54,20.0
2026-06-29,LOC-08,Coordinator,1,0.0,0.0,16.15,20.0
2025-07-28,LOC-05,Coordinator,2,0.0,0.0,23.73,38.0
2025-09-15,LOC-05,Coordinator,2,1.96,0.98,28.66,38.0
2025-09-22,LOC-05,Coordinator,2,0.05,0.025,23.990000000000002,38.0
2025-10-06,LOC-05,Coordinator,2,0.06,0.03,23.9,38.0
2025-10-13,LOC-05,Coordinator,2,0.0,0.0,25.8,38.0
2025-11-03,LOC-05,Coordinator,2,0.0,0.0,26.0,38.0
2025-12-29,LOC-05,Coordinator,2,0.14,0.07,24.270000000000003,38.0
2026-03-30,LOC-05,Coordinator,2,0.08,0.04,16.2,38.0
2026-04-27,LOC-05,Coordinator,2,0.0,0.0,26.09,38.0
2026-05-11,LOC-05,Coordinator,2,0.13,0.065,26.549999999999997,38.0
2026-07-13,LOC-05,Coordinator,2,0.2,0.1,26.68,38.0
2025-08-18,LOC-02,Allied Health Clinician,2,4.29,2.145,48.449999999999996,50.0
2025-09-08,LOC-02,Allied Health Clinician,2,7.32,3.66,57.31999999999999,50.0
2025-09-15,LOC-02,Allied Health Clinician,2,13.419999999999998,6.709999999999999,63.42,50.0
2025-09-22,LOC-02,Allied Health Clinician,2,10.34,5.17,60.34,50.0
2025-09-29,LOC-02,Allied Health Clinician,2,5.78,2.89,49.75,50.0
2025-10-13,LOC-02,Allied Health Clinician,2,2.55,1.275,50.14,50.0
2025-11-17,LOC-02,Allied Health Clinician,2,10.58,5.29,60.58,50.0
2025-12-15,LOC-02,Allied Health Clinician,2,8.95,4.475,58.95,50.0
2025-12-29,LOC-02,Allied Health Clinician,2,9.89,4.945,59.89,50.0
2026-01-05,LOC-02,Allied Health Clinician,2,8.05,4.025,52.34,50.0
2026-01-19,LOC-02,Allied Health Clinician,2,0.0,0.0,31.41,50.0
2026-02-02,LOC-02,Allied Health Clinician,2,3.96,1.98,50.6,50.0
2026-02-16,LOC-02,Allied Health Clinician,2,0.0,0.0,43.21,50.0
2026-03-02,LOC-02,Allied Health Clinician,2,7.08,3.54,54.1,50.0
2026-03-09,LOC-02,Allied Health Clinician,2,5.54,2.77,55.54,50.0
2026-05-04,LOC-02,Allied Health Clinician,2,6.050000000000001,3.0250000000000004,56.050000000000004,50.0
2026-05-25,LOC-02,Allied Health Clinician,2,4.14,2.07,48.08,50.0
2026-06-08,LOC-02,Allied Health Clinician,2,5.8100000000000005,2.9050000000000002,55.81,50.0
2026-07-27,LOC-02,Allied Health Clinician,2,5.77,2.885,41.55,50.0
2025-07-28,LOC-09,Support Worker,5,8.14,1.6280000000000001,84.12,146.0
2026-03-02,LOC-09,Support Worker,5,10.94,2.1879999999999997,140.58999999999997,134.0
2026-03-09,LOC-09,Support Worker,6,25.44,4.24,173.33999999999997,158.0
2025-08-04,LOC-10,Coordinator,1,4.8,4.8,42.8,38.0
2025-09-15,LOC-10,Coordinator,1,3.83,3.83,41.83,38.0
2025-11-10,LOC-10,Coordinator,1,0.0,0.0,35.15,38.0
2025-12-08,LOC-10,Coordinator,1,2.94,2.94,40.94,38.0
2026-02-09,LOC-10,Coordinator,1,2.4,2.4,40.4,38.0
2026-03-02,LOC-10,Coordinator,1,2.64,2.64,40.64,38.0
2026-03-30,LOC-10,Coordinator,1,5.98,5.98,43.98,38.0
2026-04-20,LOC-10,Coordinator,1,0.0,0.0,34.14,38.0
2026-05-11,LOC-10,Coordinator,1,1.85,1.85,39.85,38.0
2026-05-18,LOC-10,Coordinator,1,0.0,0.0,32.129999999999995,38.0
2026-05-25,LOC-10,Coordinator,1,0.0,0.0,24.66,38.0
2026-06-22,LOC-10,Coordinator,1,1.76,1.76,39.760000000000005,38.0
2026-07-13,LOC-10,Coordinator,1,0.0,0.0,8.23,38.0
2025-09-01,LOC-05,Support Worker,4,7.66,1.915,123.53000000000002,120.0
2025-09-22,LOC-07,Allied Health Clinician,2,5.859999999999999,2.9299999999999997,81.86000000000001,76.0
2025-10-27,LOC-07,Allied Health Clinician,2,7.5600000000000005,3.7800000000000002,83.56,76.0
2025-12-08,LOC-07,Allied Health Clinician,2,0.0,0.0,68.07,76.0
2026-01-05,LOC-07,Allied Health Clinician,2,9.55,4.775,85.55000000000001,76.0
2026-03-23,LOC-07,Allied Health Clinician,2,2.2,1.1,72.8,76.0
2026-03-30,LOC-07,Allied Health Clinician,2,3.58,1.79,75.33,76.0
2025-09-15,LOC-09,Team Leader,1,2.2,2.2,40.2,38.0
2025-10-13,LOC-09,Team Leader,1,1.97,1.97,39.97,38.0
2025-10-20,LOC-09,Team Leader,1,5.98,5.98,43.98,38.0
2025-11-03,LOC-09,Team Leader,1,1.88,1.88,39.879999999999995,38.0
2025-12-01,LOC-09,Team Leader,1,1.9,1.9,39.9,38.0
2026-01-19,LOC-09,Team Leader,1,2.32,2.32,40.32,38.0
2026-02-02,LOC-09,Team Leader,1,0.0,0.0,35.99,38.0
2026-02-16,LOC-09,Team Leader,1,0.0,0.0,25.63,38.0
2025-08-11,LOC-04,Support Worker,6,2.96,0.49333333333333335,116.60999999999999,152.0
2025-12-29,LOC-04,Support Worker,6,7.55,1.2583333333333333,137.54,152.0
2026-01-05,LOC-04,Support Worker,6,3.75,0.625,129.68,152.0
2026-04-20,LOC-04,Support Worker,6,6.46,1.0766666666666667,118.87,152.0
2026-04-27,LOC-04,Support Worker,6,2.05,0.3416666666666666,120.21000000000001,152.0
2026-05-25,LOC-04,Support Worker,6,5.88,0.98,130.49,152.0
2026-06-29,LOC-04,Support Worker,6,9.34,1.5566666666666666,125.65,152.0
2026-07-20,LOC-04,Support Worker,6,1.87,0.3116666666666667,122.78,152.0
2026-07-27,LOC-04,Support Worker,5,0.0,0.0,102.56,136.0
2025-08-25,LOC-02,Coordinator,2,0.3,0.15,48.59,54.0
2025-09-01,LOC-02,Coordinator,2,0.07,0.035,48.06,54.0
2025-11-03,LOC-02,Coordinator,2,1.79,0.895,55.76,54.0
2026-01-26,LOC-02,Coordinator,2,2.38,1.19,56.379999999999995,54.0
2026-03-23,LOC-02,Coordinator,2,4.35,2.175,58.21,54.0
2026-03-30,LOC-02,Coordinator,2,10.77,5.385,64.77,54.0
2026-04-13,LOC-02,Coordinator,2,12.23,6.115,66.22999999999999,54.0
2026-04-20,LOC-02,Coordinator,2,2.47,1.235,54.46,54.0
2026-05-11,LOC-02,Coordinator,2,13.5,6.75,67.5,54.0
2026-06-22,LOC-02,Coordinator,2,10.84,5.42,64.84,54.0
2025-09-08,LOC-04,Support Worker,4,1.97,0.4925,80.94,120.0
2025-09-15,LOC-04,Support Worker,5,2.39,0.47800000000000004,112.94000000000001,136.0
2025-12-01,LOC-04,Support Worker,5,7.609999999999999,1.5219999999999998,125.35,136.0
2026-01-12,LOC-04,Support Worker,5,8.17,1.634,123.63,136.0
2025-08-04,LOC-03,Team Leader,6,10.05,1.675,186.68,200.0
2025-09-01,LOC-03,Team Leader,6,9.1,1.5166666666666666,189.33999999999997,200.0
2025-09-08,LOC-03,Team Leader,6,10.42,1.7366666666666666,198.75,200.0
2025-09-15,LOC-03,Team Leader,6,11.719999999999999,1.9533333333333331,200.75,200.0
2025-09-29,LOC-03,Team Leader,6,13.11,2.185,205.64000000000001,200.0
2025-11-17,LOC-03,Team Leader,6,13.79,2.2983333333333333,191.82999999999998,200.0
2025-12-01,LOC-03,Team Leader,5,2.4099999999999997,0.48199999999999993,151.82999999999998,176.0
2025-12-15,LOC-03,Team Leader,5,8.51,1.702,156.72,162.0
2026-03-16,LOC-03,Team Leader,6,18.84,3.14,202.48,200.0
2026-03-30,LOC-03,Team Leader,6,10.44,1.74,190.17000000000002,200.0
2026-05-11,LOC-03,Team Leader,6,13.669999999999998,2.278333333333333,207.31000000000003,200.0
2026-05-25,LOC-03,Team Leader,6,9.59,1.5983333333333334,187.48999999999998,200.0
2026-06-01,LOC-03,Team Leader,6,6.629999999999999,1.1049999999999998,184.71,200.0
2026-07-27,LOC-03,Team Leader,6,0.0,0.0,140.73000000000002,200.0
2025-09-08,LOC-10,Allied Health Clinician,1,0.24,0.24,8.24,8.0
2025-10-27,LOC-10,Allied Health Clinician,1,1.1,1.1,9.1,8.0
2025-12-29,LOC-10,Allied Health Clinician,1,0.0,0.0,7.98,8.0
2026-01-05,LOC-10,Allied Health Clinician,1,0.0,0.0,7.84,8.0
2026-02-23,LOC-10,Allied Health Clinician,1,0.13,0.13,8.13,8.0
2026-05-04,LOC-10,Allied Health Clinician,1,0.0,0.0,7.98,8.0
2026-06-29,LOC-10,Allied Health Clinician,1,0.0,0.0,7.95,8.0
2025-07-28,LOC-09,Coordinator,2,0.0,0.0,25.39,54.0
2025-10-27,LOC-09,Coordinator,2,7.34,3.67,55.46,54.0
2025-11-24,LOC-09,Coordinator,2,1.58,0.79,53.53,54.0
2025-12-15,LOC-09,Coordinator,2,1.5,0.75,48.11,54.0
2026-01-26,LOC-09,Coordinator,2,1.59,0.795,55.589999999999996,54.0
2026-02-09,LOC-09,Coordinator,2,4.77,2.385,58.72,54.0
2026-03-02,LOC-09,Coordinator,2,3.63,1.815,57.33,54.0
2026-03-09,LOC-09,Coordinator,2,3.88,1.94,57.58,54.0
2026-05-25,LOC-09,Coordinator,2,1.48,0.74,55.3,54.0
2026-07-13,LOC-09,Coordinator,2,4.36,2.18,58.040000000000006,54.0
2025-07-28,LOC-04,Team Leader,1,0.0,0.0,15.86,38.0
2025-09-22,LOC-04,Team Leader,1,4.35,4.35,42.349999999999994,38.0
2025-10-06,LOC-04,Team Leader,1,4.16,4.16,42.16,38.0
2025-11-03,LOC-04,Team Leader,1,4.85,4.85,42.85,38.0
2025-11-17,LOC-04,Team Leader,1,2.46,2.46,40.46,38.0
2025-12-15,LOC-04,Team Leader,1,2.01,2.01,40.01,38.0
2026-02-09,LOC-04,Team Leader,1,1.89,1.89,39.89,38.0
2026-03-16,LOC-04,Team Leader,1,2.74,2.74,40.74,38.0
2026-06-08,LOC-04,Team Leader,1,3.85,3.85,41.85,38.0
2026-07-06,LOC-04,Team Leader,1,1.6,1.6,39.6,38.0
2025-07-28,LOC-06,Allied Health Clinician,1,0.0,0.0,15.89,20.0
2025-08-18,LOC-06,Allied Health Clinician,1,6.46,6.46,26.46,20.0
2025-08-25,LOC-06,Allied Health Clinician,1,6.6,6.6,26.6,20.0
2026-02-09,LOC-06,Allied Health Clinician,1,4.33,4.33,24.330000000000002,20.0
2026-02-16,LOC-06,Allied Health Clinician,1,0.0,0.0,16.27,20.0
2026-02-23,LOC-06,Allied Health Clinician,1,6.35,6.35,26.35,20.0
2026-04-13,LOC-06,Allied Health Clinician,1,8.15,8.15,28.15,20.0
2026-05-11,LOC-06,Allied Health Clinician,1,4.27,4.27,24.27,20.0
2026-05-18,LOC-06,Allied Health Clinician,1,4.08,4.08,24.08,20.0
2026-06-01,LOC-06,Allied Health Clinician,1,3.72,3.72,23.72,20.0
2026-06-22,LOC-06,Allied Health Clinician,1,10.81,10.81,30.810000000000002,20.0
2026-07-27,LOC-06,Allied Health Clinician,1,0.0,0.0,19.810000000000002,20.0
2025-08-04,LOC-01,Support Worker,2,1.92,0.96,47.95,54.0
2025-08-11,LOC-01,Support Worker,2,4.03,2.015,58.03,54.0
2025-11-10,LOC-01,Support Worker,2,1.79,0.895,54.48,54.0
2026-01-12,LOC-01,Support Worker,2,2.77,1.385,50.56999999999999,54.0
2026-01-26,LOC-01,Support Worker,2,2.3,1.15,56.3,54.0
2026-03-16,LOC-01,Support Worker,2,2.85,1.425,56.85,54.0
2026-05-18,LOC-01,Support Worker,2,4.17,2.085,58.17,54.0
2026-06-22,LOC-01,Support Worker,2,3.59,1.795,49.31999999999999,54.0
2026-06-29,LOC-01,Support Worker,2,0.71,0.355,48.46,54.0
2026-07-06,LOC-01,Support Worker,2,6.34,3.17,59.88,54.0
2025-09-01,LOC-05,Coordinator,1,0.0,0.0,15.719999999999999,30.0
2026-02-02,LOC-05,Coordinator,1,0.0,0.0,15.780000000000001,30.0
2025-07-28,LOC-06,Team Leader,1,0.0,0.0,24.61,38.0
2025-08-18,LOC-06,Team Leader,1,2.24,2.24,40.24,38.0
2025-08-25,LOC-06,Team Leader,1,1.13,1.13,39.13,38.0
2026-02-09,LOC-06,Team Leader,1,3.98,3.98,41.980000000000004,38.0
2026-02-16,LOC-06,Team Leader,1,1.62,1.62,39.620000000000005,38.0
2026-02-23,LOC-06,Team Leader,1,1.74,1.74,39.74,38.0
2026-04-13,LOC-06,Team Leader,1,6.79,6.79,44.79,38.0
2026-05-11,LOC-06,Team Leader,1,0.0,0.0,34.72,38.0
2026-05-18,LOC-06,Team Leader,1,4.02,4.02,42.02,38.0
2026-06-01,LOC-06,Team Leader,1,3.82,3.82,41.82,38.0
2026-06-22,LOC-06,Team Leader,1,6.2,6.2,44.2,38.0
2026-07-27,LOC-06,Team Leader,1,0.0,0.0,15.76,38.0
2025-08-11,LOC-08,Team Leader,2,14.64,7.32,72.64,58.0
2025-10-13,LOC-08,Team Leader,2,9.62,4.81,67.62,58.0
2025-12-29,LOC-08,Team Leader,2,9.25,4.625,67.25,58.0
2026-01-19,LOC-08,Team Leader,2,5.37,2.685,63.370000000000005,58.0
2026-03-23,LOC-08,Team Leader,1,5.69,5.69,25.69,20.0
2026-05-11,LOC-08,Team Leader,2,10.52,5.26,68.52000000000001,58.0
2026-06-15,LOC-08,Team Leader,2,10.36,5.18,68.36,58.0
2026-06-22,LOC-08,Team Leader,2,14.57,7.285,72.57,58.0
2026-07-13,LOC-08,Team Leader,2,5.53,2.765,63.53,58.0
2026-06-15,LOC-09,Coordinator,1,1.61,1.61,39.61,38.0
2026-06-22,LOC-09,Coordinator,1,7.95,7.95,45.95,38.0
2025-12-01,LOC-01,Support Worker,1,0.0,0.0,32.69,38.0
2025-12-29,LOC-01,Support Worker,1,8.68,8.68,46.68000000000001,38.0
2025-08-11,LOC-03,Registered Nurse,1,4.0,4.0,42.0,38.0
2025-08-18,LOC-03,Registered Nurse,1,4.53,4.53,42.53,38.0
2025-08-25,LOC-03,Registered Nurse,1,7.68,7.68,45.68,38.0
2025-10-06,LOC-03,Registered Nurse,1,4.88,4.88,42.879999999999995,38.0
2025-10-20,LOC-03,Registered Nurse,1,1.42,1.42,39.42,38.0
2025-11-10,LOC-03,Registered Nurse,1,0.0,0.0,24.37,38.0
2025-12-29,LOC-03,Registered Nurse,1,0.0,0.0,31.900000000000002,38.0
2026-01-05,LOC-03,Registered Nurse,1,2.14,2.14,40.14,38.0
2026-01-12,LOC-03,Registered Nurse,1,1.84,1.84,39.839999999999996,38.0
2026-02-02,LOC-03,Registered Nurse,1,1.91,1.91,39.91,38.0
2026-02-16,LOC-03,Registered Nurse,1,1.49,1.49,39.49,38.0
2026-04-20,LOC-03,Registered Nurse,1,6.98,6.98,44.980000000000004,38.0
2026-06-22,LOC-03,Registered Nurse,1,5.54,5.54,43.54,38.0
2026-07-06,LOC-03,Registered Nurse,1,4.21,4.21,42.21,38.0
2026-07-13,LOC-03,Registered Nurse,1,2.3,2.3,40.3,38.0
2026-07-20,LOC-03,Registered Nurse,1,2.01,2.01,40.01,38.0
2025-08-25,LOC-05,Registered Nurse,1,0.0,0.0,34.14,38.0
2025-09-29,LOC-05,Registered Nurse,1,4.3,4.3,42.3,38.0
2025-12-08,LOC-05,Registered Nurse,1,0.0,0.0,28.23,38.0
2026-02-23,LOC-05,Registered Nurse,1,2.33,2.33,40.33,38.0
2026-03-16,LOC-05,Registered Nurse,1,0.0,0.0,35.37,38.0
2026-03-23,LOC-05,Registered Nurse,1,1.67,1.67,39.67,38.0
2026-04-06,LOC-05,Registered Nurse,1,4.84,4.84,42.84,38.0
2026-04-13,LOC-05,Registered Nurse,1,8.31,8.31,46.31,38.0
2026-04-20,LOC-05,Registered Nurse,1,0.0,0.0,24.119999999999997,38.0
2026-05-04,LOC-05,Registered Nurse,1,5.05,5.05,43.05,38.0
2026-05-18,LOC-05,Registered Nurse,1,0.0,0.0,32.35,38.0
2026-06-08,LOC-05,Registered Nurse,1,0.0,0.0,32.08,38.0
2026-06-22,LOC-05,Registered Nurse,1,0.0,0.0,34.32,38.0
2026-07-06,LOC-05,Registered Nurse,1,0.0,0.0,32.32,38.0
2025-08-04,LOC-07,Registered Nurse,1,3.78,3.78,41.78,38.0
2025-08-18,LOC-07,Registered Nurse,1,5.69,5.69,43.69,38.0
2025-09-01,LOC-07,Registered Nurse,1,0.0,0.0,24.2,38.0
2025-10-13,LOC-07,Registered Nurse,1,3.91,3.91,41.91,38.0
2025-10-20,LOC-07,Registered Nurse,1,7.56,7.56,45.56,38.0
2025-12-01,LOC-07,Registered Nurse,1,0.0,0.0,32.0,38.0
2025-12-22,LOC-07,Registered Nurse,1,4.32,4.32,42.32,38.0
2026-03-02,LOC-07,Registered Nurse,1,3.84,3.84,41.84,38.0
2026-04-13,LOC-07,Registered Nurse,1,0.0,0.0,34.120000000000005,38.0
2025-08-11,LOC-08,Allied Health Clinician,1,0.0,0.0,8.0,20.0
2025-10-13,LOC-08,Allied Health Clinician,1,0.0,0.0,18.560000000000002,20.0
2025-12-29,LOC-08,Allied Health Clinician,1,0.0,0.0,18.6,20.0
2026-01-19,LOC-08,Allied Health Clinician,1,1.84,1.84,21.84,20.0
2026-03-23,LOC-08,Allied Health Clinician,1,0.0,0.0,16.189999999999998,20.0
2026-05-11,LOC-08,Allied Health Clinician,1,0.0,0.0,15.82,20.0
2026-06-15,LOC-08,Allied Health Clinician,1,0.0,0.0,17.830000000000002,20.0
2026-06-22,LOC-08,Allied Health Clinician,1,0.0,0.0,16.21,20.0
2026-07-13,LOC-08,Allied Health Clinician,1,0.0,0.0,17.68,20.0
2025-08-11,LOC-06,Registered Nurse,1,3.77,3.77,41.769999999999996,38.0
2025-09-08,LOC-06,Registered Nurse,1,6.25,6.25,44.25,38.0
2025-10-20,LOC-06,Registered Nurse,1,2.12,2.12,40.12,38.0
2025-10-27,LOC-06,Registered Nurse,1,1.76,1.76,39.76,38.0
2025-11-10,LOC-06,Registered Nurse,1,1.74,1.74,39.74,38.0
2025-11-17,LOC-06,Registered Nurse,1,2.57,2.57,40.57,38.0
2026-01-05,LOC-06,Registered Nurse,1,2.23,2.23,40.230000000000004,38.0
2026-01-19,LOC-06,Registered Nurse,1,2.4,2.4,40.4,38.0
2026-03-09,LOC-06,Registered Nurse,1,3.31,3.31,41.31,38.0
2026-03-23,LOC-06,Registered Nurse,1,4.93,4.93,42.93,38.0
2026-04-20,LOC-06,Registered Nurse,1,0.0,0.0,32.18,38.0
2026-06-08,LOC-06,Registered Nurse,1,3.15,3.15,41.15,38.0
2026-06-29,LOC-06,Registered Nurse,1,4.45,4.45,42.45,38.0
2026-07-13,LOC-06,Registered Nurse,1,3.81,3.81,41.81,38.0
2025-07-28,LOC-10,Support Worker,8,0.2,0.025,90.82,180.0
2025-09-01,LOC-10,Support Worker,8,19.85,2.48125,188.14,184.0
2025-09-08,LOC-10,Support Worker,9,21.13,2.3477777777777775,190.38,196.0
2025-10-27,LOC-10,Support Worker,8,31.97,3.99625,168.02,158.0
2025-11-24,LOC-10,Support Worker,8,29.449999999999996,3.6812499999999995,179.28000000000003,176.0
2025-12-15,LOC-10,Support Worker,9,31.1,3.4555555555555557,207.89999999999998,196.0
2025-12-29,LOC-10,Support Worker,9,32.39,3.598888888888889,183.97,196.0
2026-01-05,LOC-10,Support Worker,7,24.95,3.564285714285714,140.35,142.0
2026-01-19,LOC-10,Support Worker,9,39.660000000000004,4.406666666666667,201.70999999999998,196.0
2026-02-23,LOC-10,Support Worker,9,24.28,2.697777777777778,192.52,196.0
2026-05-04,LOC-10,Support Worker,7,26.090000000000003,3.7271428571428578,177.97,160.0
2026-06-15,LOC-10,Support Worker,8,42.34,5.2925,214.32,180.0
2026-06-29,LOC-10,Support Worker,8,34.589999999999996,4.3237499999999995,208.42,180.0
2025-07-28,LOC-05,Allied Health Clinician,4,0.0,0.0,51.169999999999995,138.0
2025-09-01,LOC-05,Allied Health Clinician,4,9.36,2.34,141.82999999999998,138.0
2025-09-15,LOC-05,Allied Health Clinician,4,3.83,0.9575,130.03,138.0
2025-09-22,LOC-05,Allied Health Clinician,4,5.83,1.4575,123.13999999999999,138.0
2025-10-06,LOC-05,Allied Health Clinician,4,8.17,2.0425,138.22,138.0
2025-10-13,LOC-05,Allied Health Clinician,4,7.81,1.9525,131.59,138.0
2025-11-03,LOC-05,Allied Health Clinician,4,8.78,2.195,138.97,138.0
2025-12-29,LOC-05,Allied Health Clinician,4,5.75,1.4375,124.91999999999999,138.0
2026-02-02,LOC-05,Allied Health Clinician,4,11.31,2.8275,141.57999999999998,138.0
2026-03-30,LOC-05,Allied Health Clinician,4,9.29,2.3225,135.2,138.0
2026-04-27,LOC-05,Allied Health Clinician,4,7.4,1.85,134.43,138.0
2026-05-11,LOC-05,Allied Health Clinician,4,6.57,1.6425,125.22999999999999,138.0
2026-07-13,LOC-05,Allied Health Clinician,4,0.0,0.0,98.24000000000001,138.0
2025-07-28,LOC-01,Coordinator,2,0.01,0.005,15.82,16.0
2025-08-25,LOC-01,Coordinator,2,16.04,8.02,32.04,16.0
2025-09-01,LOC-01,Coordinator,2,16.5,8.25,32.5,16.0
2025-09-22,LOC-01,Coordinator,2,15.99,7.995,31.990000000000002,16.0
2025-10-13,LOC-01,Coordinator,2,18.22,9.11,34.22,16.0
2025-12-15,LOC-01,Coordinator,2,17.44,8.72,33.44,16.0
2026-01-05,LOC-01,Coordinator,2,7.93,3.965,23.6,16.0
2026-02-16,LOC-01,Coordinator,2,15.73,7.865,31.73,16.0
2026-03-09,LOC-01,Coordinator,2,17.810000000000002,8.905000000000001,33.81,16.0
2026-03-30,LOC-01,Coordinator,2,16.95,8.475,32.95,16.0
2026-04-06,LOC-01,Coordinator,2,20.22,10.11,36.22,16.0
2026-05-25,LOC-01,Coordinator,2,18.87,9.435,34.870000000000005,16.0
2026-06-08,LOC-01,Coordinator,2,15.969999999999999,7.984999999999999,31.970000000000002,16.0
2026-07-13,LOC-01,Coordinator,2,17.07,8.535,33.07,16.0
2025-09-15,LOC-09,Support Worker,7,11.54,1.6485714285714284,149.45,178.0
2025-10-13,LOC-09,Support Worker,6,12.690000000000001,2.115,122.63,140.0
2025-10-20,LOC-09,Support Worker,7,11.32,1.6171428571428572,140.93,178.0
2025-11-03,LOC-09,Support Worker,6,9.49,1.5816666666666668,123.24000000000001,140.0
2025-12-01,LOC-09,Support Worker,7,4.05,0.5785714285714285,158.14,178.0
2026-01-19,LOC-09,Support Worker,7,22.740000000000002,3.2485714285714287,179.04,178.0
2026-02-02,LOC-09,Support Worker,7,15.879999999999999,2.2685714285714282,145.37,178.0
2026-02-16,LOC-09,Support Worker,7,11.879999999999999,1.697142857142857,149.24,178.0
2025-09-01,LOC-05,Team Leader,3,5.08,1.6933333333333334,52.56,60.0
2025-09-15,LOC-05,Team Leader,3,0.0,0.0,40.07,60.0
2025-09-22,LOC-05,Team Leader,3,0.1,0.03333333333333333,47.72,60.0
2025-10-06,LOC-05,Team Leader,3,1.54,0.5133333333333333,49.230000000000004,60.0
2025-10-13,LOC-05,Team Leader,3,0.0,0.0,57.269999999999996,60.0
2025-11-03,LOC-05,Team Leader,3,3.45,1.1500000000000001,61.58,60.0
2025-12-29,LOC-05,Team Leader,3,4.4,1.4666666666666668,60.080000000000005,60.0
2026-02-02,LOC-05,Team Leader,3,0.0,0.0,47.78,60.0
2026-03-30,LOC-05,Team Leader,3,0.0,0.0,55.53999999999999,60.0
2026-04-27,LOC-05,Team Leader,3,0.08,0.02666666666666667,55.97999999999999,60.0
2026-05-11,LOC-05,Team Leader,2,0.01,0.005,26.15,40.0
2026-07-13,LOC-05,Team Leader,3,0.59,0.19666666666666666,48.61,60.0
2025-08-04,LOC-05,Support Worker,6,3.3400000000000003,0.5566666666666668,149.78,160.0
2025-08-11,LOC-05,Support Worker,6,6.22,1.0366666666666666,142.53,160.0
2025-11-24,LOC-05,Support Worker,6,3.51,0.585,120.74999999999999,160.0
2025-12-01,LOC-05,Support Worker,6,2.69,0.4483333333333333,122.38,160.0
2025-12-15,LOC-05,Support Worker,6,6.4399999999999995,1.0733333333333333,118.6,160.0
2026-01-05,LOC-05,Support Worker,6,3.3899999999999997,0.565,138.3,160.0
2026-01-12,LOC-05,Support Worker,6,10.72,1.7866666666666668,160.67,160.0
2026-01-26,LOC-05,Support Worker,6,4.51,0.7516666666666666,147.44,160.0
2026-02-16,LOC-05,Support Worker,6,3.7199999999999998,0.62,151.47,160.0
2026-06-01,LOC-05,Support Worker,6,11.190000000000001,1.8650000000000002,159.57999999999998,160.0
2026-06-29,LOC-05,Support Worker,6,1.16,0.19333333333333333,145.78000000000003,160.0
2025-07-28,LOC-06,Support Worker,3,0.0,0.0,42.07,84.0
2025-08-18,LOC-06,Support Worker,4,26.14,6.535,148.14,122.0
2025-08-25,LOC-06,Support Worker,4,11.3,2.825,121.13999999999999,122.0
2026-02-09,LOC-06,Support Worker,4,18.35,4.5875,140.35000000000002,122.0
2026-02-16,LOC-06,Support Worker,4,15.02,3.755,124.27,122.0
2026-02-23,LOC-06,Support Worker,4,21.130000000000003,5.282500000000001,140.75,122.0
2026-04-13,LOC-06,Support Worker,4,17.04,4.26,132.87,122.0
2026-05-11,LOC-06,Support Worker,4,19.98,4.995,141.98,122.0
2026-05-18,LOC-06,Support Worker,4,24.46,6.115,146.45999999999998,122.0
2026-06-01,LOC-06,Support Worker,4,20.91,5.2275,142.91,122.0
2026-06-22,LOC-06,Support Worker,4,21.63,5.4075,137.32,122.0
2026-07-27,LOC-06,Support Worker,4,9.99,2.4975,116.91999999999999,122.0
2025-08-04,LOC-03,Support Worker,6,4.58,0.7633333333333333,92.19000000000001,112.0
2025-09-01,LOC-03,Support Worker,6,3.98,0.6633333333333333,98.15,112.0
2025-09-08,LOC-03,Support Worker,6,6.28,1.0466666666666666,101.52,112.0
2025-09-15,LOC-03,Support Worker,6,10.99,1.8316666666666668,105.53,112.0
2025-09-29,LOC-03,Support Worker,5,8.09,1.6179999999999999,84.93,88.0
2025-11-17,LOC-03,Support Worker,6,9.059999999999999,1.5099999999999998,89.42000000000002,112.0
2025-12-01,LOC-03,Support Worker,5,11.4,2.2800000000000002,87.16,88.0
2025-12-15,LOC-03,Support Worker,6,6.1,1.0166666666666666,93.03,112.0
2026-03-16,LOC-03,Support Worker,5,4.02,0.8039999999999999,64.1,88.0
2026-03-30,LOC-03,Support Worker,6,8.65,1.4416666666666667,100.65,112.0
2026-05-11,LOC-03,Support Worker,6,3.95,0.6583333333333333,97.54,112.0
2026-05-25,LOC-03,Support Worker,6,4.33,0.7216666666666667,82.14,112.0
2026-06-01,LOC-03,Support Worker,6,3.65,0.6083333333333333,89.27,112.0
2026-07-27,LOC-03,Support Worker,6,6.01,1.0016666666666667,65.35,112.0
2025-09-22,LOC-07,Support Worker,7,4.29,0.6128571428571429,108.15,140.0
2025-10-27,LOC-07,Support Worker,7,14.219999999999999,2.031428571428571,121.67000000000002,140.0
2025-12-08,LOC-07,Support Worker,6,11.95,1.9916666666666665,100.84,124.0
2026-01-05,LOC-07,Support Worker,5,11.94,2.388,92.41,94.0
2026-03-23,LOC-07,Support Worker,7,12.120000000000001,1.7314285714285715,112.11000000000001,140.0
2026-03-30,LOC-07,Support Worker,6,6.4,1.0666666666666667,108.36000000000001,132.0
2025-07-28,LOC-05,Team Leader,1,0.0,0.0,18.11,24.0
2025-08-11,LOC-08,Support Worker,10,37.31,3.7310000000000003,314.82,284.0
2025-10-13,LOC-08,Support Worker,10,29.259999999999998,2.9259999999999997,293.27,284.0
2025-12-29,LOC-08,Support Worker,9,37.76,4.195555555555555,286.26,268.0
2026-01-19,LOC-08,Support Worker,9,19.27,2.141111111111111,272.46000000000004,276.0
2026-03-23,LOC-08,Support Worker,10,32.97,3.2969999999999997,288.82,284.0
2026-05-11,LOC-08,Support Worker,10,31.0,3.1,309.79,284.0
2026-06-15,LOC-08,Support Worker,8,14.17,1.77125,227.52,222.0
2026-06-22,LOC-08,Support Worker,8,20.700000000000003,2.5875000000000004,222.77,222.0
2026-07-13,LOC-08,Support Worker,10,28.1,2.81,300.61,284.0
2025-07-28,LOC-04,Coordinator,1,0.1,0.1,8.1,8.0
2025-08-18,LOC-04,Coordinator,1,0.0,0.0,7.81,8.0
2025-08-25,LOC-04,Coordinator,1,0.04,0.04,8.04,8.0
2025-09-22,LOC-04,Coordinator,1,8.48,8.48,16.48,8.0
2025-10-06,LOC-04,Coordinator,1,10.01,10.01,18.009999999999998,8.0
2025-11-03,LOC-04,Coordinator,1,9.48,9.48,17.48,8.0
2025-11-17,LOC-04,Coordinator,1,7.79,7.79,15.79,8.0
2025-12-15,LOC-04,Coordinator,1,10.3,10.3,18.3,8.0
2026-02-09,LOC-04,Coordinator,1,10.42,10.42,18.42,8.0
2026-03-16,LOC-04,Coordinator,1,10.03,10.03,18.03,8.0
2026-06-08,LOC-04,Coordinator,1,11.87,11.87,19.87,8.0
2026-07-06,LOC-04,Coordinator,1,10.07,10.07,18.07,8.0
2025-08-04,LOC-10,Team Leader,1,7.86,7.86,23.86,16.0
2025-09-15,LOC-10,Team Leader,1,10.55,10.55,26.55,16.0
2025-11-10,LOC-10,Team Leader,1,7.94,7.94,23.939999999999998,16.0
2026-02-09,LOC-10,Team Leader,1,10.27,10.27,26.269999999999996,16.0
2026-03-02,LOC-10,Team Leader,1,10.04,10.04,26.04,16.0
2026-03-30,LOC-10,Team Leader,1,0.0,0.0,10.15,16.0
2026-04-20,LOC-10,Team Leader,1,9.84,9.84,25.84,16.0
2026-05-11,LOC-10,Team Leader,1,9.98,9.98,25.98,16.0
2026-05-18,LOC-10,Team Leader,1,0.0,0.0,15.84,16.0
2026-05-25,LOC-10,Team Leader,1,8.74,8.74,24.740000000000002,16.0
2026-06-22,LOC-10,Team Leader,1,9.33,9.33,25.330000000000002,16.0
2026-07-13,LOC-10,Team Leader,1,0.0,0.0,7.97,16.0
2025-08-04,LOC-01,Allied Health Clinician,1,0.0,0.0,9.93,12.0
2025-08-11,LOC-01,Allied Health Clinician,1,0.0,0.0,8.01,12.0
2025-11-10,LOC-01,Allied Health Clinician,1,0.0,0.0,7.66,12.0
2025-12-01,LOC-01,Allied Health Clinician,1,0.0,0.0,8.04,12.0
2025-12-29,LOC-01,Allied Health Clinician,1,0.0,0.0,9.95,12.0
2026-01-12,LOC-01,Allied Health Clinician,1,0.0,0.0,8.05,12.0
2026-01-26,LOC-01,Allied Health Clinician,1,0.0,0.0,10.35,12.0
2026-03-16,LOC-01,Allied Health Clinician,1,0.0,0.0,7.96,12.0
2026-05-18,LOC-01,Allied Health Clinician,1,0.0,0.0,8.19,12.0
2026-06-22,LOC-01,Allied Health Clinician,1,0.0,0.0,9.8,12.0
2026-07-06,LOC-01,Allied Health Clinician,1,0.0,0.0,7.79,12.0
2025-08-18,LOC-02,Support Worker,7,27.09,3.87,168.49,152.0
2025-09-08,LOC-02,Support Worker,7,21.689999999999998,3.0985714285714283,161.43,152.0
2025-09-15,LOC-02,Support Worker,7,13.39,1.912857142857143,142.64999999999998,152.0
2025-09-22,LOC-02,Support Worker,7,17.950000000000003,2.5642857142857145,153.51,152.0
2025-09-29,LOC-02,Support Worker,6,21.44,3.5733333333333337,161.44000000000003,140.0
2025-10-13,LOC-02,Support Worker,7,19.2,2.742857142857143,148.61,152.0
2025-11-17,LOC-02,Support Worker,7,23.72,3.3885714285714283,167.92000000000002,152.0
2025-12-15,LOC-02,Support Worker,7,7.86,1.122857142857143,138.44,152.0
2025-12-29,LOC-02,Support Worker,7,25.800000000000004,3.6857142857142864,173.94000000000003,152.0
2026-01-05,LOC-02,Support Worker,7,29.12,4.16,177.10000000000002,152.0
2026-01-19,LOC-02,Support Worker,6,7.96,1.3266666666666667,122.16999999999999,144.0
2026-02-02,LOC-02,Support Worker,7,20.03,2.8614285714285717,164.01000000000002,152.0
2026-02-16,LOC-02,Support Worker,7,21.54,3.077142857142857,160.82,152.0
2026-03-02,LOC-02,Support Worker,7,32.39,4.627142857142857,180.37,152.0
2026-03-09,LOC-02,Support Worker,7,20.07,2.867142857142857,136.96,152.0
2026-05-04,LOC-02,Support Worker,7,21.119999999999997,3.017142857142857,157.66000000000003,152.0
2026-05-25,LOC-02,Support Worker,7,20.12,2.8742857142857146,163.36,152.0
2026-06-08,LOC-02,Support Worker,7,24.68,3.525714285714286,160.51,152.0
2026-07-27,LOC-02,Support Worker,7,12.51,1.7871428571428571,118.16000000000001,152.0
2025-07-28,LOC-09,Allied Health Clinician,2,0.0,0.0,40.36,76.0
2025-10-27,LOC-09,Allied Health Clinician,2,7.460000000000001,3.7300000000000004,83.46000000000001,76.0
2025-11-24,LOC-09,Allied Health Clinician,2,3.64,1.82,49.54,76.0
2025-12-15,LOC-09,Allied Health Clinician,2,4.720000000000001,2.3600000000000003,80.72,76.0
2026-01-26,LOC-09,Allied Health Clinician,2,9.9,4.95,85.9,76.0
2026-02-09,LOC-09,Allied Health Clinician,2,7.32,3.66,83.32000000000001,76.0
2026-03-02,LOC-09,Allied Health Clinician,2,5.31,2.655,75.30000000000001,76.0
2026-03-09,LOC-09,Allied Health Clinician,2,5.6,2.8,81.6,76.0
2026-05-25,LOC-09,Allied Health Clinician,2,4.2,2.1,76.04,76.0
2026-06-15,LOC-09,Allied Health Clinician,2,3.09,1.545,73.84,76.0
2026-06-22,LOC-09,Allied Health Clinician,2,5.51,2.755,81.51,76.0
2026-07-13,LOC-09,Allied Health Clinician,2,0.0,0.0,57.410000000000004,76.0
2025-08-11,LOC-08,Coordinator,1,0.0,0.0,16.11,20.0
2025-10-13,LOC-08,Coordinator,1,4.64,4.64,24.64,20.0
2025-12-29,LOC-08,Coordinator,1,7.08,7.08,27.08,20.0
2026-01-19,LOC-08,Coordinator,1,9.17,9.17,29.17,20.0
2026-03-23,LOC-08,Coordinator,1,3.9,3.9,23.900000000000002,20.0
2026-05-11,LOC-08,Coordinator,1,8.81,8.81,28.810000000000002,20.0
2026-06-15,LOC-08,Coordinator,1,6.54,6.54,26.54,20.0
2026-06-22,LOC-08,Coordinator,1,5.57,5.57,25.57,20.0
2026-07-13,LOC-08,Coordinator,1,4.13,4.13,24.13,20.0
2025-08-11,LOC-05,Coordinator,2,0.15,0.075,16.36,38.0
2025-11-24,LOC-05,Coordinator,2,0.0,0.0,15.9,38.0
2025-12-01,LOC-05,Coordinator,2,0.04,0.02,24.159999999999997,38.0
2025-12-15,LOC-05,Coordinator,2,0.0,0.0,23.86,38.0
2026-01-05,LOC-05,Coordinator,2,0.15,0.075,26.159999999999997,38.0
2026-01-12,LOC-05,Coordinator,2,0.0,0.0,23.85,38.0
2026-01-26,LOC-05,Coordinator,2,1.99,0.995,17.91,38.0
2026-02-16,LOC-05,Coordinator,2,0.32,0.16,26.15,38.0
2026-06-01,LOC-05,Coordinator,2,0.0,0.0,25.810000000000002,38.0
2025-08-25,LOC-02,Allied Health Clinician,2,6.449999999999999,3.2249999999999996,56.45,50.0
2025-09-01,LOC-02,Allied Health Clinician,2,10.030000000000001,5.015000000000001,60.03,50.0
2025-11-03,LOC-02,Allied Health Clinician,2,8.4,4.2,58.4,50.0
2026-01-26,LOC-02,Allied Health Clinician,2,4.02,2.01,53.650000000000006,50.0
2026-03-23,LOC-02,Allied Health Clinician,2,6.77,3.385,56.77,50.0
2026-03-30,LOC-02,Allied Health Clinician,2,10.34,5.17,60.339999999999996,50.0
2026-04-13,LOC-02,Allied Health Clinician,2,4.57,2.285,50.64,50.0
2026-04-20,LOC-02,Allied Health Clinician,2,6.29,3.145,56.29,50.0
2026-05-11,LOC-02,Allied Health Clinician,2,4.77,2.385,53.06999999999999,50.0
2026-06-22,LOC-02,Allied Health Clinician,2,10.16,5.08,60.16,50.0
2025-07-28,LOC-10,Coordinator,1,0.0,0.0,21.91,38.0
2025-09-01,LOC-10,Coordinator,1,4.51,4.51,42.51,38.0
2025-09-08,LOC-10,Coordinator,1,9.84,9.84,47.839999999999996,38.0
2025-10-27,LOC-10,Coordinator,1,9.2,9.2,47.199999999999996,38.0
2025-11-24,LOC-10,Coordinator,1,4.77,4.77,42.769999999999996,38.0
2025-12-15,LOC-10,Coordinator,1,3.06,3.06,41.06,38.0
2025-12-29,LOC-10,Coordinator,1,5.87,5.87,43.870000000000005,38.0
2026-01-05,LOC-10,Coordinator,1,0.0,0.0,33.11,38.0
2026-01-19,LOC-10,Coordinator,1,0.0,0.0,33.77,38.0
2026-02-23,LOC-10,Coordinator,1,4.11,4.11,42.11,38.0
2026-05-04,LOC-10,Coordinator,1,6.04,6.04,44.04,38.0
2026-06-15,LOC-10,Coordinator,1,7.34,7.34,45.34,38.0
2026-06-29,LOC-10,Coordinator,1,0.0,0.0,32.41,38.0
2026-05-11,LOC-01,Coordinator,1,7.83,7.83,15.83,8.0
2025-08-11,LOC-07,Allied Health Clinician,2,8.39,4.195,84.39,76.0
2025-09-29,LOC-07,Allied Health Clinician,2,13.74,6.87,89.74000000000001,76.0
2025-11-10,LOC-07,Allied Health Clinician,2,7.08,3.54,69.3,76.0
2025-11-17,LOC-07,Allied Health Clinician,2,2.91,1.455,51.57000000000001,76.0
2025-12-15,LOC-07,Allied Health Clinician,2,8.8,4.4,84.80000000000001,76.0
2025-12-29,LOC-07,Allied Health Clinician,2,11.2,5.6,87.19999999999999,76.0
2026-01-12,LOC-07,Allied Health Clinician,2,3.71,1.855,74.95,76.0
2026-01-19,LOC-07,Allied Health Clinician,2,6.24,3.12,82.24000000000001,76.0
2026-02-09,LOC-07,Allied Health Clinician,2,0.0,0.0,65.61,76.0
2026-02-16,LOC-07,Allied Health Clinician,2,4.68,2.34,74.7,76.0
2026-02-23,LOC-07,Allied Health Clinician,2,8.73,4.365,84.72999999999999,76.0
2026-04-20,LOC-07,Allied Health Clinician,2,10.1,5.05,82.80000000000001,76.0
2026-04-27,LOC-07,Allied Health Clinician,2,9.09,4.545,85.09,76.0
2026-05-25,LOC-07,Allied Health Clinician,2,6.8100000000000005,3.4050000000000002,82.81,76.0
2026-06-01,LOC-07,Allied Health Clinician,2,4.83,2.415,77.15,76.0
2026-07-06,LOC-07,Allied Health Clinician,2,4.21,2.105,78.1,76.0
2026-07-13,LOC-07,Allied Health Clinician,2,7.15,3.575,83.15,76.0
2026-07-20,LOC-07,Allied Health Clinician,2,2.92,1.46,78.14,76.0
2026-07-27,LOC-07,Allied Health Clinician,2,0.0,0.0,67.58,76.0
2025-07-28,LOC-09,Team Leader,1,0.0,0.0,16.060000000000002,38.0
2025-10-27,LOC-09,Team Leader,1,6.29,6.29,44.290000000000006,38.0
2025-11-24,LOC-09,Team Leader,1,3.36,3.36,41.36,38.0
2025-12-15,LOC-09,Team Leader,1,4.28,4.28,42.28,38.0
2026-01-26,LOC-09,Team Leader,1,3.69,3.69,41.69,38.0
2026-02-09,LOC-09,Team Leader,1,0.0,0.0,33.06,38.0
2026-03-02,LOC-09,Team Leader,1,0.0,0.0,31.71,38.0
2026-03-09,LOC-09,Team Leader,1,3.86,3.86,41.86,38.0
2026-05-25,LOC-09,Team Leader,1,0.0,0.0,34.06,38.0
2026-06-15,LOC-09,Team Leader,1,0.0,0.0,31.66,38.0
2026-06-22,LOC-09,Team Leader,1,6.42,6.42,44.42,38.0
2026-07-13,LOC-09,Team Leader,1,4.54,4.54,42.54,38.0
2025-08-18,LOC-04,Support Worker,6,13.01,2.1683333333333334,136.89,152.0
2025-08-25,LOC-04,Support Worker,6,6.67,1.1116666666666666,121.94,152.0
2025-09-22,LOC-04,Support Worker,6,6.49,1.0816666666666668,132.16,152.0
2025-10-06,LOC-04,Support Worker,6,9.96,1.6600000000000001,136.46,152.0
2025-11-03,LOC-04,Support Worker,6,1.88,0.3133333333333333,104.88,152.0
2025-11-17,LOC-04,Support Worker,6,2.17,0.36166666666666664,121.84,152.0
2025-12-15,LOC-04,Support Worker,5,10.68,2.136,126.52,136.0
2026-02-09,LOC-04,Support Worker,6,15.149999999999999,2.525,141.17000000000002,152.0
2026-03-16,LOC-04,Support Worker,6,4.36,0.7266666666666667,130.31,152.0
2026-06-08,LOC-04,Support Worker,6,0.0,0.0,115.97999999999999,152.0
2026-07-06,LOC-04,Support Worker,6,11.52,1.92,136.99,152.0
2025-08-18,LOC-02,Coordinator,2,10.53,5.265,60.85,54.0
2025-09-08,LOC-02,Coordinator,2,7.69,3.845,60.129999999999995,54.0
2025-09-15,LOC-02,Coordinator,2,18.43,9.215,72.43,54.0
2025-09-22,LOC-02,Coordinator,2,4.3999999999999995,2.1999999999999997,58.400000000000006,54.0
2025-09-29,LOC-02,Coordinator,2,18.84,9.42,72.84,54.0
2025-10-13,LOC-02,Coordinator,2,10.27,5.135,64.27000000000001,54.0
2025-11-17,LOC-02,Coordinator,2,8.58,4.29,58.5,54.0
2025-12-15,LOC-02,Coordinator,2,15.69,7.845,69.69,54.0
2025-12-29,LOC-02,Coordinator,2,0.0,0.0,47.53,54.0
2026-01-05,LOC-02,Coordinator,2,11.54,5.77,59.51,54.0
2026-01-19,LOC-02,Coordinator,2,16.37,8.185,70.37,54.0
2026-02-02,LOC-02,Coordinator,2,12.75,6.375,66.75,54.0
2026-02-16,LOC-02,Coordinator,2,8.06,4.03,56.84,54.0
2026-03-02,LOC-02,Coordinator,2,10.66,5.33,64.66,54.0
2026-03-09,LOC-02,Coordinator,2,7.8,3.9,58.120000000000005,54.0
2026-05-04,LOC-02,Coordinator,2,18.33,9.165,72.33,54.0
2026-05-25,LOC-02,Coordinator,2,7.81,3.905,55.769999999999996,54.0
2026-06-08,LOC-02,Coordinator,2,12.12,6.06,66.12,54.0
2026-07-27,LOC-02,Coordinator,2,0.0,0.0,47.59,54.0
2025-07-28,LOC-04,Support Worker,3,0.0,0.0,24.03,92.0
2025-07-28,LOC-03,Team Leader,5,0.0,0.0,74.7,176.0
2025-09-22,LOC-03,Team Leader,6,10.24,1.7066666666666668,176.89,200.0
2025-10-13,LOC-03,Team Leader,6,15.219999999999999,2.5366666666666666,207.11999999999998,200.0
2025-12-08,LOC-03,Team Leader,6,9.43,1.5716666666666665,178.87,200.0
2026-01-26,LOC-03,Team Leader,5,8.379999999999999,1.6759999999999997,168.31,176.0
2026-02-09,LOC-03,Team Leader,5,18.06,3.6119999999999997,194.06,176.0
2026-02-23,LOC-03,Team Leader,6,18.34,3.0566666666666666,172.46,200.0
2026-03-23,LOC-03,Team Leader,5,6.53,1.306,158.8,176.0
2026-04-06,LOC-03,Team Leader,6,5.17,0.8616666666666667,174.09000000000003,200.0
2026-05-04,LOC-03,Team Leader,6,18.349999999999998,3.058333333333333,194.26,200.0
2025-08-04,LOC-10,Allied Health Clinician,1,0.17,0.17,8.17,8.0
2025-09-15,LOC-10,Allied Health Clinician,1,2.09,2.09,10.09,8.0
2025-11-10,LOC-10,Allied Health Clinician,1,0.0,0.0,7.97,8.0
2026-02-09,LOC-10,Allied Health Clinician,1,0.24,0.24,8.24,8.0
2026-03-02,LOC-10,Allied Health Clinician,1,0.31,0.31,8.31,8.0
2026-03-30,LOC-10,Allied Health Clinician,1,0.0,0.0,7.81,8.0
2026-04-20,LOC-10,Allied Health Clinician,1,0.02,0.02,8.02,8.0
2026-05-11,LOC-10,Allied Health Clinician,1,0.12,0.12,8.12,8.0
2026-05-18,LOC-10,Allied Health Clinician,1,0.0,0.0,7.78,8.0
2026-06-22,LOC-10,Allied Health Clinician,1,0.26,0.26,8.26,8.0
2026-07-13,LOC-10,Allied Health Clinician,1,0.13,0.13,8.13,8.0
2025-09-15,LOC-09,Coordinator,2,2.65,1.325,56.65,54.0
2025-10-13,LOC-09,Coordinator,2,8.139999999999999,4.069999999999999,62.14,54.0
2025-10-20,LOC-09,Coordinator,2,4.45,2.225,58.449999999999996,54.0
2025-11-03,LOC-09,Coordinator,2,6.34,3.17,60.339999999999996,54.0
2025-12-01,LOC-09,Coordinator,2,0.0,0.0,50.0,54.0
2026-01-19,LOC-09,Coordinator,2,4.98,2.49,58.98,54.0
2026-02-02,LOC-09,Coordinator,2,0.14,0.07,48.94,54.0
2025-08-11,LOC-04,Team Leader,1,0.0,0.0,33.8,38.0
2025-09-08,LOC-04,Team Leader,1,5.99,5.99,43.99,38.0
2025-09-15,LOC-04,Team Leader,1,9.82,9.82,47.82,38.0
2025-12-01,LOC-04,Team Leader,1,0.0,0.0,24.689999999999998,38.0
2025-12-29,LOC-04,Team Leader,1,6.12,6.12,44.12,38.0
2026-01-05,LOC-04,Team Leader,1,5.59,5.59,43.59,38.0
2026-01-12,LOC-04,Team Leader,1,8.46,8.46,46.459999999999994,38.0
2026-04-20,LOC-04,Team Leader,1,4.45,4.45,42.45,38.0
2026-04-27,LOC-04,Team Leader,1,2.94,2.94,40.94,38.0
2026-05-25,LOC-04,Team Leader,1,5.83,5.83,43.83,38.0
2026-06-29,LOC-04,Team Leader,1,4.96,4.96,42.96,38.0
2026-07-20,LOC-04,Team Leader,1,2.5,2.5,40.5,38.0
2026-07-27,LOC-04,Team Leader,1,0.0,0.0,32.25,38.0
2025-08-04,LOC-06,Allied Health Clinician,1,0.0,0.0,8.08,20.0
2025-09-01,LOC-06,Allied Health Clinician,1,6.69,6.69,26.689999999999998,20.0
2025-09-22,LOC-06,Allied Health Clinician,1,7.03,7.03,27.03,20.0
2025-09-29,LOC-06,Allied Health Clinician,1,3.61,3.61,23.61,20.0
2025-10-13,LOC-06,Allied Health Clinician,1,7.6,7.6,27.6,20.0
2025-11-03,LOC-06,Allied Health Clinician,1,0.0,0.0,18.229999999999997,20.0
2025-11-24,LOC-06,Allied Health Clinician,1,5.71,5.71,25.71,20.0
2025-12-01,LOC-06,Allied Health Clinician,1,4.87,4.87,24.869999999999997,20.0
2025-12-15,LOC-06,Allied Health Clinician,1,5.37,5.37,25.37,20.0
2026-02-02,LOC-06,Allied Health Clinician,1,8.05,8.05,28.05,20.0
2026-03-16,LOC-06,Allied Health Clinician,1,6.22,6.22,26.22,20.0
2026-03-30,LOC-06,Allied Health Clinician,1,4.91,4.91,24.91,20.0
2026-04-27,LOC-06,Allied Health Clinician,1,3.88,3.88,23.88,20.0
2026-05-25,LOC-06,Allied Health Clinician,1,6.63,6.63,26.63,20.0
2025-07-28,LOC-01,Support Worker,2,0.0,0.0,26.56,54.0
2025-08-25,LOC-01,Support Worker,2,0.25,0.125,48.33,54.0
2025-09-22,LOC-01,Support Worker,2,2.79,1.395,56.79,54.0
2025-10-13,LOC-01,Support Worker,2,2.73,1.365,56.550000000000004,54.0
2025-12-15,LOC-01,Support Worker,2,0.0,0.0,50.64,54.0
2026-02-16,LOC-01,Support Worker,2,4.06,2.03,58.06,54.0
2026-03-09,LOC-01,Support Worker,2,3.8,1.9,57.8,54.0
2026-03-30,LOC-01,Support Worker,2,4.84,2.42,58.84,54.0
2026-04-06,LOC-01,Support Worker,2,0.0,0.0,47.67,54.0
2026-05-11,LOC-01,Support Worker,2,0.11,0.055,51.5,54.0
2026-05-25,LOC-01,Support Worker,2,4.92,2.46,58.92,54.0
2026-06-08,LOC-01,Support Worker,2,2.04,1.02,49.95,54.0
2026-07-13,LOC-01,Support Worker,2,8.950000000000001,4.4750000000000005,62.95,54.0
2025-08-04,LOC-05,Coordinator,1,0.0,0.0,19.95,30.0
2026-06-29,LOC-05,Coordinator,1,0.0,0.0,15.959999999999999,30.0
2025-08-04,LOC-06,Team Leader,1,4.69,4.69,42.69,38.0
2025-09-01,LOC-06,Team Leader,1,7.99,7.99,45.99,38.0
2025-09-22,LOC-06,Team Leader,1,2.01,2.01,40.01,38.0
2025-09-29,LOC-06,Team Leader,1,4.04,4.04,42.040000000000006,38.0
2025-10-13,LOC-06,Team Leader,1,2.2,2.2,40.2,38.0
2025-11-03,LOC-06,Team Leader,1,3.58,3.58,41.58,38.0
2025-11-24,LOC-06,Team Leader,1,2.55,2.55,40.550000000000004,38.0
2025-12-01,LOC-06,Team Leader,1,0.0,0.0,33.870000000000005,38.0
2025-12-15,LOC-06,Team Leader,1,4.39,4.39,42.39,38.0
2026-02-02,LOC-06,Team Leader,1,1.62,1.62,39.62,38.0
2026-03-16,LOC-06,Team Leader,1,0.0,0.0,34.11,38.0
2026-03-30,LOC-06,Team Leader,1,0.0,0.0,34.08,38.0
2026-04-27,LOC-06,Team Leader,1,3.99,3.99,41.99,38.0
2026-05-25,LOC-06,Team Leader,1,0.0,0.0,36.05,38.0
2025-07-28,LOC-08,Team Leader,2,0.0,0.0,23.95,58.0
2025-08-04,LOC-08,Team Leader,2,3.5,1.75,57.59,58.0
2025-09-22,LOC-08,Team Leader,2,7.01,3.505,60.949999999999996,58.0
2025-09-29,LOC-08,Team Leader,2,5.58,2.79,63.58,58.0
2025-10-06,LOC-08,Team Leader,2,6.91,3.455,64.91,58.0
2025-10-20,LOC-08,Team Leader,2,10.24,5.12,68.24,58.0
2025-10-27,LOC-08,Team Leader,2,11.100000000000001,5.550000000000001,69.10000000000001,58.0
2025-11-10,LOC-08,Team Leader,2,6.130000000000001,3.0650000000000004,64.13,58.0
2026-01-26,LOC-08,Team Leader,2,10.05,5.025,68.05,58.0
2026-02-02,LOC-08,Team Leader,2,7.51,3.755,65.50999999999999,58.0
2026-02-23,LOC-08,Team Leader,2,6.04,3.02,60.5,58.0
2026-03-30,LOC-08,Team Leader,2,5.92,2.96,63.919999999999995,58.0
2026-04-13,LOC-08,Team Leader,2,6.33,3.165,60.129999999999995,58.0
2026-04-20,LOC-08,Team Leader,2,6.19,3.095,62.66,58.0
2026-04-27,LOC-08,Team Leader,2,5.63,2.815,57.620000000000005,58.0
2026-05-18,LOC-08,Team Leader,2,14.92,7.46,72.92,58.0
2026-06-08,LOC-08,Team Leader,2,5.91,2.955,63.91,58.0
2026-06-29,LOC-08,Team Leader,2,4.1,2.05,48.22,58.0
2026-02-16,LOC-09,Coordinator,1,0.0,0.0,33.64,38.0
2025-09-01,LOC-01,Support Worker,1,0.0,0.0,33.65,38.0
2026-01-05,LOC-01,Support Worker,1,3.22,3.22,41.22,38.0
2025-10-27,LOC-03,Registered Nurse,1,1.85,1.85,39.849999999999994,38.0
2025-11-03,LOC-03,Registered Nurse,1,2.17,2.17,40.17,38.0
2025-11-24,LOC-03,Registered Nurse,1,1.66,1.66,39.66,38.0
2025-12-22,LOC-03,Registered Nurse,1,0.0,0.0,31.81,38.0
2026-01-19,LOC-03,Registered Nurse,1,0.0,0.0,7.83,38.0
2026-03-02,LOC-03,Registered Nurse,1,4.18,4.18,42.18,38.0
2026-03-09,LOC-03,Registered Nurse,1,3.59,3.59,41.59,38.0
2026-04-13,LOC-03,Registered Nurse,1,5.77,5.77,43.769999999999996,38.0
2026-04-27,LOC-03,Registered Nurse,1,1.71,1.71,39.71,38.0
2026-05-18,LOC-03,Registered Nurse,1,3.9,3.9,41.9,38.0
2026-06-08,LOC-03,Registered Nurse,1,2.07,2.07,40.07,38.0
2026-06-15,LOC-03,Registered Nurse,1,4.42,4.42,42.42,38.0
2026-06-29,LOC-03,Registered Nurse,1,4.6,4.6,42.6,38.0
2025-08-18,LOC-05,Registered Nurse,1,6.08,6.08,44.08,38.0
2025-09-08,LOC-05,Registered Nurse,1,2.0,2.0,40.0,38.0
2025-10-20,LOC-05,Registered Nurse,1,3.67,3.67,41.67,38.0
2025-10-27,LOC-05,Registered Nurse,1,2.04,2.04,40.04,38.0
2025-11-10,LOC-05,Registered Nurse,1,6.89,6.89,44.89,38.0
2025-11-17,LOC-05,Registered Nurse,1,2.36,2.36,40.36,38.0
2025-12-22,LOC-05,Registered Nurse,1,1.83,1.83,39.83,38.0
2026-01-19,LOC-05,Registered Nurse,1,0.0,0.0,32.519999999999996,38.0
2026-02-09,LOC-05,Registered Nurse,1,2.08,2.08,40.08,38.0
2026-03-02,LOC-05,Registered Nurse,1,4.19,4.19,42.19,38.0
2026-03-09,LOC-05,Registered Nurse,1,4.56,4.56,42.56,38.0
2026-05-25,LOC-05,Registered Nurse,1,4.5,4.5,42.5,38.0
2026-06-15,LOC-05,Registered Nurse,1,2.39,2.39,40.39,38.0
2026-07-20,LOC-05,Registered Nurse,1,6.88,6.88,44.88,38.0
2026-07-27,LOC-05,Registered Nurse,1,0.0,0.0,24.43,38.0
2025-07-28,LOC-07,Registered Nurse,1,0.0,0.0,15.55,38.0
2025-08-25,LOC-07,Registered Nurse,1,0.0,0.0,34.34,38.0
2025-09-08,LOC-07,Registered Nurse,1,0.0,0.0,34.45,38.0
2025-09-15,LOC-07,Registered Nurse,1,0.0,0.0,31.990000000000002,38.0
2025-10-06,LOC-07,Registered Nurse,1,6.59,6.59,44.59,38.0
2025-11-03,LOC-07,Registered Nurse,1,4.32,4.32,42.32,38.0
2025-11-24,LOC-07,Registered Nurse,1,2.76,2.76,40.76,38.0
2026-01-26,LOC-07,Registered Nurse,1,1.7,1.7,39.7,38.0
2026-02-02,LOC-07,Registered Nurse,1,3.01,3.01,41.01,38.0
2026-03-09,LOC-07,Registered Nurse,1,0.0,0.0,33.269999999999996,38.0
2026-03-16,LOC-07,Registered Nurse,1,3.21,3.21,41.21,38.0
2026-04-06,LOC-07,Registered Nurse,1,3.84,3.84,41.839999999999996,38.0
2026-05-04,LOC-07,Registered Nurse,1,3.56,3.56,41.56,38.0
2026-05-11,LOC-07,Registered Nurse,1,5.91,5.91,43.91,38.0
2026-05-18,LOC-07,Registered Nurse,1,4.54,4.54,42.54,38.0
2026-06-08,LOC-07,Registered Nurse,1,1.83,1.83,39.83,38.0
2026-06-15,LOC-07,Registered Nurse,1,4.36,4.36,42.36,38.0
2026-06-22,LOC-07,Registered Nurse,1,2.31,2.31,40.31,38.0
2026-06-29,LOC-07,Registered Nurse,1,6.62,6.62,44.62,38.0
2025-08-04,LOC-08,Allied Health Clinician,1,0.0,0.0,15.76,20.0
2025-09-22,LOC-08,Allied Health Clinician,1,0.0,0.0,18.08,20.0
2025-09-29,LOC-08,Allied Health Clinician,1,0.0,0.0,18.15,20.0
2025-10-06,LOC-08,Allied Health Clinician,1,0.0,0.0,9.88,20.0
2025-10-20,LOC-08,Allied Health Clinician,1,0.0,0.0,9.47,20.0
2025-10-27,LOC-08,Allied Health Clinician,1,0.0,0.0,8.17,20.0
2025-11-10,LOC-08,Allied Health Clinician,1,0.0,0.0,7.89,20.0
2026-01-26,LOC-08,Allied Health Clinician,1,0.0,0.0,15.71,20.0
2026-02-02,LOC-08,Allied Health Clinician,1,0.0,0.0,16.14,20.0
2026-02-23,LOC-08,Allied Health Clinician,1,0.0,0.0,16.33,20.0
2026-03-30,LOC-08,Allied Health Clinician,1,0.0,0.0,15.920000000000002,20.0
2026-04-13,LOC-08,Allied Health Clinician,1,0.0,0.0,15.780000000000001,20.0
2026-04-20,LOC-08,Allied Health Clinician,1,0.0,0.0,15.989999999999998,20.0
2026-04-27,LOC-08,Allied Health Clinician,1,0.0,0.0,16.11,20.0
2026-05-18,LOC-08,Allied Health Clinician,1,0.0,0.0,18.97,20.0
2026-06-08,LOC-08,Allied Health Clinician,1,0.0,0.0,16.15,20.0
2026-06-29,LOC-08,Allied Health Clinician,1,0.0,0.0,7.94,20.0
2025-09-15,LOC-06,Registered Nurse,1,2.41,2.41,40.41,38.0
2025-10-06,LOC-06,Registered Nurse,1,2.46,2.46,40.46,38.0
2025-12-08,LOC-06,Registered Nurse,1,3.52,3.52,41.519999999999996,38.0
2025-12-22,LOC-06,Registered Nurse,1,0.0,0.0,31.64,38.0
2025-12-29,LOC-06,Registered Nurse,1,1.97,1.97,39.97,38.0
2026-01-12,LOC-06,Registered Nurse,1,8.96,8.96,46.96,38.0
2026-01-26,LOC-06,Registered Nurse,1,3.58,3.58,41.58,38.0
2026-03-02,LOC-06,Registered Nurse,1,6.58,6.58,44.58,38.0
2026-04-06,LOC-06,Registered Nurse,1,4.9,4.9,42.9,38.0
2026-05-04,LOC-06,Registered Nurse,1,3.66,3.66,41.66,38.0
2026-06-15,LOC-06,Registered Nurse,1,1.81,1.81,39.81,38.0
2026-07-06,LOC-06,Registered Nurse,1,2.63,2.63,40.63,38.0
2026-07-20,LOC-06,Registered Nurse,1,1.79,1.79,39.79,38.0
2025-08-11,LOC-10,Support Worker,9,30.580000000000002,3.397777777777778,212.22,196.0
2025-09-29,LOC-10,Support Worker,9,20.55,2.283333333333333,204.74,196.0
2025-10-13,LOC-10,Support Worker,8,31.57,3.94625,163.5,180.0
2025-11-17,LOC-10,Support Worker,9,25.53,2.836666666666667,191.2,196.0
2025-12-01,LOC-10,Support Worker,9,28.439999999999998,3.1599999999999997,207.64000000000004,196.0
2025-12-22,LOC-10,Support Worker,9,29.55,3.283333333333333,174.24,196.0
2026-01-26,LOC-10,Support Worker,8,28.470000000000002,3.5587500000000003,194.83,180.0
2026-02-02,LOC-10,Support Worker,9,15.8,1.7555555555555555,179.3,196.0
2026-02-16,LOC-10,Support Worker,9,28.799999999999997,3.1999999999999997,208.24,196.0
2026-03-16,LOC-10,Support Worker,9,37.730000000000004,4.192222222222223,211.64999999999998,196.0
2026-04-06,LOC-10,Support Worker,9,39.01,4.334444444444444,208.59000000000003,196.0
2026-04-13,LOC-10,Support Worker,9,33.33,3.703333333333333,203.61,196.0
2026-04-27,LOC-10,Support Worker,8,9.02,1.1275,161.33,180.0
2026-06-01,LOC-10,Support Worker,9,21.009999999999998,2.3344444444444443,192.27,196.0
2026-07-06,LOC-10,Support Worker,8,24.44,3.055,179.41,180.0
2025-08-18,LOC-05,Allied Health Clinician,4,9.22,2.305,137.92000000000002,138.0
2025-09-08,LOC-05,Allied Health Clinician,4,6.13,1.5325,133.17000000000002,138.0
2025-10-20,LOC-05,Allied Health Clinician,4,8.379999999999999,2.0949999999999998,108.58,138.0
2025-10-27,LOC-05,Allied Health Clinician,4,6.34,1.585,131.10000000000002,138.0
2025-11-10,LOC-05,Allied Health Clinician,4,5.9,1.475,132.13,138.0
2025-11-17,LOC-05,Allied Health Clinician,4,3.78,0.945,119.14,138.0
2025-12-22,LOC-05,Allied Health Clinician,3,5.87,1.9566666666666668,100.16,100.0
2026-01-19,LOC-05,Allied Health Clinician,4,14.75,3.6875,140.56,138.0
2026-02-09,LOC-05,Allied Health Clinician,4,2.63,0.6575,125.83999999999999,138.0
2026-03-02,LOC-05,Allied Health Clinician,4,8.43,2.1075,134.7,138.0
2026-03-09,LOC-05,Allied Health Clinician,4,5.86,1.465,118.03,138.0
2026-06-15,LOC-05,Allied Health Clinician,4,0.0,0.0,108.91,138.0
2026-07-20,LOC-05,Allied Health Clinician,4,13.81,3.4525,146.05,138.0
2026-07-27,LOC-05,Allied Health Clinician,4,0.0,0.0,93.27000000000001,138.0
2025-09-15,LOC-01,Coordinator,2,18.4,9.2,34.4,16.0
2025-10-27,LOC-01,Coordinator,2,16.53,8.265,32.53,16.0
2025-11-17,LOC-01,Coordinator,2,0.01,0.005,15.93,16.0
2025-11-24,LOC-01,Coordinator,2,17.98,8.99,33.980000000000004,16.0
2026-02-09,LOC-01,Coordinator,2,17.75,8.875,33.75,16.0
2026-03-02,LOC-01,Coordinator,2,18.36,9.18,34.36,16.0
2026-03-23,LOC-01,Coordinator,2,8.04,4.02,23.86,16.0
2026-04-13,LOC-01,Coordinator,2,19.119999999999997,9.559999999999999,35.120000000000005,16.0
2026-04-27,LOC-01,Coordinator,2,10.32,5.16,26.32,16.0
2026-05-04,LOC-01,Coordinator,2,15.719999999999999,7.859999999999999,31.72,16.0
2026-06-15,LOC-01,Coordinator,2,18.48,9.24,34.480000000000004,16.0
2025-08-04,LOC-09,Support Worker,6,17.77,2.9616666666666664,169.64,166.0
2025-08-11,LOC-09,Support Worker,7,19.28,2.7542857142857144,179.42,178.0
2025-08-18,LOC-09,Support Worker,7,22.240000000000002,3.1771428571428575,185.54,178.0
2025-08-25,LOC-09,Support Worker,7,26.230000000000004,3.7471428571428578,190.41,178.0
2025-09-01,LOC-09,Support Worker,7,14.32,2.045714285714286,162.94,178.0
2025-09-08,LOC-09,Support Worker,6,7.140000000000001,1.1900000000000002,125.85999999999999,154.0
2025-11-10,LOC-09,Support Worker,6,11.44,1.9066666666666665,129.94,140.0
2025-11-17,LOC-09,Support Worker,7,13.95,1.9928571428571427,166.66000000000003,178.0
2025-12-22,LOC-09,Support Worker,7,9.74,1.3914285714285715,165.49,178.0
2026-01-12,LOC-09,Support Worker,7,17.97,2.567142857142857,173.3,178.0
2026-03-23,LOC-09,Support Worker,7,22.85,3.2642857142857147,188.98,178.0
2026-04-06,LOC-09,Support Worker,7,16.57,2.367142857142857,164.45999999999998,178.0
2026-04-20,LOC-09,Support Worker,6,20.74,3.4566666666666666,152.66,154.0
2026-05-11,LOC-09,Support Worker,7,19.169999999999998,2.7385714285714284,179.54,178.0
2026-05-18,LOC-09,Support Worker,7,10.67,1.5242857142857142,166.48999999999998,178.0
2026-06-01,LOC-09,Support Worker,7,30.95,4.421428571428572,193.32999999999998,178.0
2025-08-18,LOC-05,Team Leader,3,3.32,1.1066666666666667,61.06,60.0
2025-09-08,LOC-05,Team Leader,3,4.5,1.5,60.5,60.0
2025-10-20,LOC-05,Team Leader,3,4.36,1.4533333333333334,60.31999999999999,60.0
2025-10-27,LOC-05,Team Leader,3,1.91,0.6366666666666666,58.339999999999996,60.0
2025-11-10,LOC-05,Team Leader,3,1.91,0.6366666666666666,57.459999999999994,60.0
2025-11-17,LOC-05,Team Leader,3,0.0,0.0,42.47,60.0
2025-12-22,LOC-05,Team Leader,3,3.2699999999999996,1.0899999999999999,58.89999999999999,60.0
2026-01-19,LOC-05,Team Leader,3,2.39,0.7966666666666667,52.06,60.0
2026-02-09,LOC-05,Team Leader,3,2.07,0.69,57.82999999999999,60.0
2026-03-02,LOC-05,Team Leader,3,1.9300000000000002,0.6433333333333334,59.92,60.0
2026-03-09,LOC-05,Team Leader,3,1.7999999999999998,0.6,59.55,60.0
2026-05-25,LOC-05,Team Leader,3,0.06,0.02,56.25,60.0
2026-06-15,LOC-05,Team Leader,2,0.33999999999999997,0.16999999999999998,40.34,40.0
2026-07-20,LOC-05,Team Leader,3,1.79,0.5966666666666667,51.36,60.0
2026-07-27,LOC-05,Team Leader,3,0.07,0.023333333333333334,40.12,60.0
2025-08-25,LOC-05,Support Worker,6,11.5,1.9166666666666667,143.47,160.0
2025-09-29,LOC-05,Support Worker,6,9.36,1.5599999999999998,159.05999999999997,160.0
2025-12-08,LOC-05,Support Worker,5,8.45,1.69,150.06,144.0
2026-02-23,LOC-05,Support Worker,6,1.65,0.27499999999999997,135.93,160.0
2026-03-16,LOC-05,Support Worker,6,8.71,1.4516666666666669,148.8,160.0
2026-03-23,LOC-05,Support Worker,5,8.370000000000001,1.6740000000000002,140.1,140.0
2026-04-06,LOC-05,Support Worker,6,8.33,1.3883333333333334,156.17000000000002,160.0
2026-04-13,LOC-05,Support Worker,6,10.26,1.71,157.97,160.0
2026-04-20,LOC-05,Support Worker,5,10.44,2.088,150.46,144.0
2026-05-04,LOC-05,Support Worker,6,10.440000000000001,1.7400000000000002,153.85,160.0
2026-05-18,LOC-05,Support Worker,6,5.91,0.985,148.53,160.0
2026-06-08,LOC-05,Support Worker,6,11.75,1.9583333333333333,151.81,160.0
2026-06-22,LOC-05,Support Worker,6,11.45,1.9083333333333332,160.79,160.0
2026-07-06,LOC-05,Support Worker,6,10.45,1.7416666666666665,152.46,160.0
2025-08-11,LOC-06,Support Worker,4,21.1,5.275,137.39000000000001,122.0
2025-09-08,LOC-06,Support Worker,4,18.59,4.6475,134.85,122.0
2025-10-20,LOC-06,Support Worker,4,14.330000000000002,3.5825000000000005,132.32999999999998,122.0
2025-10-27,LOC-06,Support Worker,4,20.310000000000002,5.077500000000001,142.31,122.0
2025-11-10,LOC-06,Support Worker,4,9.780000000000001,2.4450000000000003,122.14999999999999,122.0
2025-11-17,LOC-06,Support Worker,3,21.150000000000002,7.050000000000001,105.15,84.0
2026-01-05,LOC-06,Support Worker,4,29.14,7.285,151.14,122.0
2026-01-19,LOC-06,Support Worker,3,6.91,2.3033333333333332,90.89,84.0
2026-03-09,LOC-06,Support Worker,4,22.07,5.5175,144.07,122.0
2026-03-23,LOC-06,Support Worker,4,20.82,5.205,142.82,122.0
2026-04-20,LOC-06,Support Worker,4,19.9,4.975,141.89999999999998,122.0
2026-06-08,LOC-06,Support Worker,4,16.72,4.18,138.72,122.0
2026-06-29,LOC-06,Support Worker,4,8.02,2.005,115.63999999999999,122.0
2026-07-13,LOC-06,Support Worker,4,17.009999999999998,4.2524999999999995,117.31,122.0
2025-08-11,LOC-03,Support Worker,6,2.65,0.44166666666666665,86.89000000000001,112.0
2025-08-18,LOC-03,Support Worker,6,7.85,1.3083333333333333,99.75999999999999,112.0
2025-08-25,LOC-03,Support Worker,6,7.210000000000001,1.2016666666666669,102.69999999999999,112.0
2025-10-06,LOC-03,Support Worker,6,1.83,0.305,95.97999999999999,112.0
2025-10-20,LOC-03,Support Worker,6,5.7,0.9500000000000001,81.69,112.0
2025-11-10,LOC-03,Support Worker,6,6.59,1.0983333333333334,82.88,112.0
2025-12-29,LOC-03,Support Worker,5,4.09,0.818,87.53,96.0
2026-01-05,LOC-03,Support Worker,6,3.95,0.6583333333333333,81.46,112.0
2026-01-12,LOC-03,Support Worker,6,7.27,1.2116666666666667,94.93,112.0
2026-02-02,LOC-03,Support Worker,6,5.07,0.8450000000000001,96.50999999999999,112.0
2026-02-16,LOC-03,Support Worker,6,8.85,1.4749999999999999,103.06,112.0
2026-04-20,LOC-03,Support Worker,6,8.040000000000001,1.34,94.01,112.0
2026-06-22,LOC-03,Support Worker,6,0.41,0.06833333333333333,89.1,112.0
2026-07-06,LOC-03,Support Worker,6,0.0,0.0,84.47,112.0
2026-07-13,LOC-03,Support Worker,6,12.93,2.155,100.78,112.0
2026-07-20,LOC-03,Support Worker,5,13.559999999999999,2.7119999999999997,81.84,88.0
2025-08-04,LOC-07,Support Worker,7,14.0,2.0,127.77,140.0
2025-08-18,LOC-07,Support Worker,7,16.64,2.3771428571428572,128.3,140.0
2025-09-01,LOC-07,Support Worker,7,11.12,1.5885714285714285,90.08,140.0
2025-10-13,LOC-07,Support Worker,7,14.87,2.124285714285714,128.45,140.0
2025-10-20,LOC-07,Support Worker,7,12.149999999999999,1.7357142857142855,121.77999999999999,140.0
2025-12-01,LOC-07,Support Worker,7,16.770000000000003,2.3957142857142864,127.98,140.0
2025-12-22,LOC-07,Support Worker,7,16.8,2.4,131.87,140.0
2026-03-02,LOC-07,Support Worker,6,12.299999999999999,2.05,104.22,116.0
2026-04-13,LOC-07,Support Worker,7,15.030000000000001,2.1471428571428572,110.25,140.0
2025-08-18,LOC-08,Support Worker,10,29.520000000000003,2.9520000000000004,298.66,284.0
2025-08-25,LOC-08,Support Worker,10,47.95,4.795,323.83000000000004,284.0
2025-09-08,LOC-08,Support Worker,10,29.47,2.947,301.49,284.0
2025-09-15,LOC-08,Support Worker,10,35.67,3.567,308.12,284.0
2025-11-17,LOC-08,Support Worker,8,28.01,3.50125,259.82,238.0
2025-11-24,LOC-08,Support Worker,10,20.8,2.08,259.64,284.0
2026-01-05,LOC-08,Support Worker,10,29.969999999999995,2.9969999999999994,307.08,284.0
2026-01-12,LOC-08,Support Worker,10,30.48,3.048,308.08,284.0
2026-03-09,LOC-08,Support Worker,10,48.1,4.8100000000000005,332.09999999999997,284.0
2026-04-06,LOC-08,Support Worker,10,43.78,4.378,315.62,284.0
2026-05-04,LOC-08,Support Worker,10,33.55,3.3549999999999995,309.31,284.0
2026-05-25,LOC-08,Support Worker,10,33.739999999999995,3.3739999999999997,311.63999999999993,284.0
2026-06-01,LOC-08,Support Worker,10,32.8,3.28,306.92,284.0
2026-07-20,LOC-08,Support Worker,10,41.510000000000005,4.151000000000001,324.11,284.0
2025-09-01,LOC-04,Coordinator,1,8.03,8.03,16.03,8.0
2025-09-29,LOC-04,Coordinator,1,7.81,7.81,15.809999999999999,8.0
2026-01-19,LOC-04,Coordinator,1,0.02,0.02,8.02,8.0
2026-02-16,LOC-04,Coordinator,1,8.04,8.04,16.04,8.0
2026-02-23,LOC-04,Coordinator,1,11.79,11.79,19.79,8.0
2026-03-02,LOC-04,Coordinator,1,8.13,8.13,16.130000000000003,8.0
2026-03-09,LOC-04,Coordinator,1,7.86,7.86,15.86,8.0
2026-03-23,LOC-04,Coordinator,1,8.11,8.11,16.11,8.0
2026-04-06,LOC-04,Coordinator,1,9.95,9.95,17.95,8.0
2026-04-13,LOC-04,Coordinator,1,7.7,7.7,15.700000000000001,8.0
2026-05-18,LOC-04,Coordinator,1,8.62,8.62,16.619999999999997,8.0
2026-06-01,LOC-04,Coordinator,1,7.93,7.93,15.93,8.0
2026-06-15,LOC-04,Coordinator,1,7.91,7.91,15.91,8.0
2026-07-13,LOC-04,Coordinator,1,0.12,0.12,8.12,8.0
2025-08-18,LOC-10,Team Leader,1,8.22,8.22,24.22,16.0
2025-08-25,LOC-10,Team Leader,1,7.77,7.77,23.77,16.0
2025-09-22,LOC-10,Team Leader,1,0.02,0.02,16.02,16.0
2025-10-06,LOC-10,Team Leader,1,8.12,8.12,24.119999999999997,16.0
2025-10-20,LOC-10,Team Leader,1,7.63,7.63,23.63,16.0
2025-11-03,LOC-10,Team Leader,1,8.63,8.63,24.63,16.0
2026-01-12,LOC-10,Team Leader,1,8.25,8.25,24.25,16.0
2026-03-09,LOC-10,Team Leader,1,10.23,10.23,26.23,16.0
2026-03-23,LOC-10,Team Leader,1,0.35,0.35,16.35,16.0
2026-06-08,LOC-10,Team Leader,1,8.01,8.01,24.009999999999998,16.0
2026-07-20,LOC-10,Team Leader,1,0.01,0.01,16.009999999999998,16.0
2026-07-27,LOC-10,Team Leader,1,4.79,4.79,20.79,16.0
2026-05-25,LOC-05,Allied Health Clinician,3,6.06,2.02,108.38,114.0
2025-08-18,LOC-01,Allied Health Clinician,1,0.0,0.0,10.39,12.0
2025-09-08,LOC-01,Allied Health Clinician,1,0.0,0.0,7.95,12.0
2025-09-29,LOC-01,Allied Health Clinician,1,0.0,0.0,7.8,12.0
2025-10-06,LOC-01,Allied Health Clinician,1,0.0,0.0,7.93,12.0
2025-10-20,LOC-01,Allied Health Clinician,1,0.0,0.0,8.03,12.0
2025-11-03,LOC-01,Allied Health Clinician,1,0.0,0.0,8.19,12.0
2025-12-08,LOC-01,Allied Health Clinician,1,0.0,0.0,8.04,12.0
2025-12-22,LOC-01,Allied Health Clinician,1,0.0,0.0,7.87,12.0
2026-01-19,LOC-01,Allied Health Clinician,1,0.0,0.0,10.09,12.0
2026-02-02,LOC-01,Allied Health Clinician,1,0.0,0.0,8.14,12.0
2026-02-23,LOC-01,Allied Health Clinician,1,0.0,0.0,7.88,12.0
2026-04-20,LOC-01,Allied Health Clinician,1,0.0,0.0,7.81,12.0
2026-07-20,LOC-01,Allied Health Clinician,1,0.0,0.0,8.91,12.0
2026-07-27,LOC-01,Allied Health Clinician,1,0.0,0.0,7.9,12.0
2025-07-28,LOC-02,Support Worker,5,0.01,0.002,91.64999999999999,132.0
2025-08-04,LOC-02,Support Worker,7,24.17,3.4528571428571433,168.07999999999998,152.0
2025-08-11,LOC-02,Support Worker,7,28.64,4.091428571428572,176.45,152.0
2025-10-27,LOC-02,Support Worker,6,15.790000000000001,2.631666666666667,150.15,140.0
2025-11-24,LOC-02,Support Worker,7,16.759999999999998,2.394285714285714,156.62,152.0
2025-12-01,LOC-02,Support Worker,7,21.58,3.0828571428571427,157.62,152.0
2025-12-22,LOC-02,Support Worker,7,25.49,3.641428571428571,173.85000000000002,152.0
2026-01-12,LOC-02,Support Worker,7,16.200000000000003,2.3142857142857145,158.42,152.0
2026-02-09,LOC-02,Support Worker,7,27.159999999999997,3.8799999999999994,173.67000000000002,152.0
2026-02-23,LOC-02,Support Worker,7,17.7,2.5285714285714285,161.71,152.0
2026-04-27,LOC-02,Support Worker,6,5.29,0.8816666666666667,129.67,140.0
2026-05-18,LOC-02,Support Worker,7,12.34,1.762857142857143,160.14000000000001,152.0
2026-06-01,LOC-02,Support Worker,7,22.77,3.2528571428571427,158.99,152.0
2026-06-15,LOC-02,Support Worker,6,32.8,5.466666666666666,172.64,140.0
2026-07-13,LOC-02,Support Worker,7,28.36,4.051428571428572,176.3,152.0
2026-07-20,LOC-02,Support Worker,7,24.96,3.565714285714286,167.67999999999998,152.0
2025-09-22,LOC-09,Allied Health Clinician,2,4.85,2.425,61.31,76.0
2025-10-06,LOC-09,Allied Health Clinician,2,4.26,2.13,50.199999999999996,76.0
2025-12-08,LOC-09,Allied Health Clinician,2,6.77,3.385,77.21000000000001,76.0
2025-12-29,LOC-09,Allied Health Clinician,2,10.1,5.05,86.1,76.0
2026-01-05,LOC-09,Allied Health Clinician,2,3.55,1.775,79.55,76.0
2026-02-23,LOC-09,Allied Health Clinician,2,4.22,2.11,80.22,76.0
2026-03-16,LOC-09,Allied Health Clinician,2,10.23,5.115,86.22999999999999,76.0
2026-03-30,LOC-09,Allied Health Clinician,2,8.3,4.15,84.3,76.0
2026-04-13,LOC-09,Allied Health Clinician,2,3.92,1.96,79.92,76.0
2026-04-27,LOC-09,Allied Health Clinician,2,1.74,0.87,73.76,76.0
2026-05-04,LOC-09,Allied Health Clinician,2,0.0,0.0,63.650000000000006,76.0
2026-06-08,LOC-09,Allied Health Clinician,2,3.88,1.94,74.4,76.0
2026-06-29,LOC-09,Allied Health Clinician,2,0.0,0.0,40.17,76.0
2026-07-06,LOC-09,Allied Health Clinician,2,0.0,0.0,57.49,76.0
2026-07-20,LOC-09,Allied Health Clinician,2,5.6,2.8,81.6,76.0
2026-07-27,LOC-09,Allied Health Clinician,2,0.0,0.0,59.02,76.0
2025-08-18,LOC-08,Coordinator,1,4.22,4.22,24.220000000000002,20.0
2025-08-25,LOC-08,Coordinator,1,3.96,3.96,23.959999999999997,20.0
2025-09-08,LOC-08,Coordinator,1,5.79,5.79,25.79,20.0
2025-09-15,LOC-08,Coordinator,1,4.26,4.26,24.259999999999998,20.0
2025-11-17,LOC-08,Coordinator,1,5.73,5.73,25.73,20.0
2025-11-24,LOC-08,Coordinator,1,4.17,4.17,24.17,20.0
2026-01-05,LOC-08,Coordinator,1,6.15,6.15,26.15,20.0
2026-01-12,LOC-08,Coordinator,1,3.79,3.79,23.79,20.0
2026-03-09,LOC-08,Coordinator,1,3.94,3.94,23.939999999999998,20.0
2026-04-06,LOC-08,Coordinator,1,4.08,4.08,24.08,20.0
2026-05-04,LOC-08,Coordinator,1,4.36,4.36,24.36,20.0
2026-05-25,LOC-08,Coordinator,1,5.75,5.75,25.75,20.0
2026-06-01,LOC-08,Coordinator,1,4.05,4.05,24.05,20.0
2026-07-20,LOC-08,Coordinator,1,6.42,6.42,26.42,20.0
2025-08-25,LOC-05,Coordinator,2,0.0,0.0,26.37,38.0
2025-09-29,LOC-05,Coordinator,2,0.0,0.0,24.92,38.0
2025-12-08,LOC-05,Coordinator,2,0.0,0.0,23.89,38.0
2026-03-16,LOC-05,Coordinator,2,0.07,0.035,26.72,38.0
2026-03-23,LOC-05,Coordinator,2,0.02,0.01,23.79,38.0
2026-04-20,LOC-05,Coordinator,2,0.03,0.015,18.14,38.0
2026-05-04,LOC-05,Coordinator,2,0.15,0.075,24.4,38.0
2026-05-18,LOC-05,Coordinator,2,0.0,0.0,25.71,38.0
2026-06-08,LOC-05,Coordinator,2,0.08,0.04,16.27,38.0
2026-06-22,LOC-05,Coordinator,2,1.48,0.74,25.63,38.0
2026-07-06,LOC-05,Coordinator,2,0.02,0.01,25.9,38.0
2025-10-06,LOC-02,Allied Health Clinician,2,3.84,1.92,49.78,50.0
2025-10-20,LOC-02,Allied Health Clinician,2,7.970000000000001,3.9850000000000003,57.97,50.0
2025-11-10,LOC-02,Allied Health Clinician,2,8.899999999999999,4.449999999999999,58.9,50.0
2025-12-08,LOC-02,Allied Health Clinician,2,8.56,4.28,58.56,50.0
2026-03-16,LOC-02,Allied Health Clinician,2,3.91,1.955,47.78,50.0
2026-04-06,LOC-02,Allied Health Clinician,2,5.75,2.875,55.75,50.0
2026-06-29,LOC-02,Allied Health Clinician,2,10.2,5.1,60.2,50.0
2026-07-06,LOC-02,Allied Health Clinician,2,6.55,3.275,56.55,50.0
2025-09-29,LOC-09,Support Worker,6,23.86,3.9766666666666666,169.68,158.0
2025-08-11,LOC-10,Coordinator,1,1.86,1.86,39.86,38.0
2025-09-29,LOC-10,Coordinator,1,0.0,0.0,32.07,38.0
2025-10-13,LOC-10,Coordinator,1,0.0,0.0,33.96,38.0
2025-11-17,LOC-10,Coordinator,1,2.23,2.23,40.23,38.0
2025-12-01,LOC-10,Coordinator,1,0.0,0.0,31.45,38.0
2025-12-22,LOC-10,Coordinator,1,11.17,11.17,49.17,38.0
2026-01-26,LOC-10,Coordinator,1,0.0,0.0,32.74,38.0
2026-02-02,LOC-10,Coordinator,1,6.65,6.65,44.65,38.0
2026-02-16,LOC-10,Coordinator,1,0.0,0.0,32.16,38.0
2026-03-16,LOC-10,Coordinator,1,5.55,5.55,43.55,38.0
2026-04-06,LOC-10,Coordinator,1,4.29,4.29,42.29,38.0
2026-04-13,LOC-10,Coordinator,1,3.68,3.68,41.68,38.0
2026-04-27,LOC-10,Coordinator,1,4.59,4.59,42.59,38.0
2026-07-06,LOC-10,Coordinator,1,2.26,2.26,40.260000000000005,38.0
2025-07-28,LOC-07,Allied Health Clinician,2,0.0,0.0,30.239999999999995,76.0
2025-08-25,LOC-07,Allied Health Clinician,1,4.02,4.02,42.019999999999996,38.0
2025-09-08,LOC-07,Allied Health Clinician,2,0.0,0.0,69.13,76.0
2025-09-15,LOC-07,Allied Health Clinician,2,4.32,2.16,74.78999999999999,76.0
2025-10-06,LOC-07,Allied Health Clinician,2,4.46,2.23,80.46000000000001,76.0
2025-11-03,LOC-07,Allied Health Clinician,2,8.58,4.29,84.58,76.0
2025-11-24,LOC-07,Allied Health Clinician,2,3.82,1.91,76.0,76.0
2026-01-26,LOC-07,Allied Health Clinician,2,3.59,1.795,79.59,76.0
2026-02-02,LOC-07,Allied Health Clinician,2,4.21,2.105,77.31,76.0
2026-03-09,LOC-07,Allied Health Clinician,2,6.28,3.14,78.22,76.0
2026-03-16,LOC-07,Allied Health Clinician,2,6.54,3.27,82.43,76.0
2026-04-06,LOC-07,Allied Health Clinician,2,2.3,1.15,77.12,76.0
2026-05-04,LOC-07,Allied Health Clinician,2,9.93,4.965,85.93,76.0
2026-05-11,LOC-07,Allied Health Clinician,2,7.15,3.575,77.22,76.0
2026-05-18,LOC-07,Allied Health Clinician,2,3.09,1.545,72.67,76.0
2026-06-08,LOC-07,Allied Health Clinician,2,4.63,2.315,78.63,76.0
2026-06-15,LOC-07,Allied Health Clinician,2,11.34,5.67,87.34,76.0
2026-06-22,LOC-07,Allied Health Clinician,2,6.42,3.21,82.42,76.0
2026-06-29,LOC-07,Allied Health Clinician,2,0.0,0.0,47.53,76.0
2025-09-22,LOC-09,Team Leader,1,0.0,0.0,33.66,38.0
2025-10-06,LOC-09,Team Leader,1,7.23,7.23,45.23,38.0
2025-12-08,LOC-09,Team Leader,1,5.51,5.51,43.51,38.0
2025-12-29,LOC-09,Team Leader,1,0.0,0.0,17.92,38.0
2026-02-23,LOC-09,Team Leader,1,0.0,0.0,15.6,38.0
2026-03-16,LOC-09,Team Leader,1,6.91,6.91,44.91,38.0
2026-03-30,LOC-09,Team Leader,1,8.42,8.42,46.42,38.0
2026-04-13,LOC-09,Team Leader,1,4.99,4.99,42.99,38.0
2026-04-27,LOC-09,Team Leader,1,3.01,3.01,41.01,38.0
2026-05-04,LOC-09,Team Leader,1,1.92,1.92,39.92,38.0
2026-06-08,LOC-09,Team Leader,1,3.63,3.63,41.63,38.0
2026-06-29,LOC-09,Team Leader,1,0.0,0.0,34.56,38.0
2026-07-06,LOC-09,Team Leader,1,0.0,0.0,34.629999999999995,38.0
2026-07-20,LOC-09,Team Leader,1,1.83,1.83,39.83,38.0
2026-07-27,LOC-09,Team Leader,1,0.0,0.0,15.73,38.0
2025-09-29,LOC-04,Support Worker,6,1.98,0.33,115.29,152.0
2026-01-19,LOC-04,Support Worker,6,2.87,0.47833333333333333,114.28,152.0
2026-02-16,LOC-04,Support Worker,6,4.18,0.6966666666666667,113.69999999999999,152.0
2026-02-23,LOC-04,Support Worker,6,2.44,0.4066666666666667,124.12,152.0
2026-03-02,LOC-04,Support Worker,6,1.82,0.30333333333333334,122.59,152.0
2026-03-09,LOC-04,Support Worker,6,1.95,0.325,123.48,152.0
2026-03-23,LOC-04,Support Worker,6,4.57,0.7616666666666667,120.71,152.0
2026-04-06,LOC-04,Support Worker,5,2.9,0.58,92.74000000000001,114.0
2026-04-13,LOC-04,Support Worker,6,5.15,0.8583333333333334,102.16000000000001,152.0
2026-05-18,LOC-04,Support Worker,6,8.36,1.3933333333333333,132.4,152.0
2026-06-15,LOC-04,Support Worker,6,7.85,1.3083333333333333,128.76,152.0
2026-07-13,LOC-04,Support Worker,6,10.93,1.8216666666666665,137.53,152.0
2025-07-28,LOC-02,Coordinator,2,0.0,0.0,24.03,54.0
2025-08-04,LOC-02,Coordinator,2,2.6799999999999997,1.3399999999999999,56.67999999999999,54.0
2025-08-11,LOC-02,Coordinator,2,8.24,4.12,62.24,54.0
2025-10-27,LOC-02,Coordinator,2,9.91,4.955,63.91,54.0
2025-11-24,LOC-02,Coordinator,2,7.72,3.86,60.57,54.0
2025-12-01,LOC-02,Coordinator,2,13.33,6.665,67.33,54.0
2025-12-22,LOC-02,Coordinator,2,12.280000000000001,6.140000000000001,66.28,54.0
2026-01-12,LOC-02,Coordinator,2,9.690000000000001,4.845000000000001,63.69,54.0
2026-02-09,LOC-02,Coordinator,2,13.43,6.715,67.43,54.0
2026-02-23,LOC-02,Coordinator,2,12.16,6.08,66.16,54.0
2026-04-27,LOC-02,Coordinator,2,11.69,5.845,65.69,54.0
2026-05-18,LOC-02,Coordinator,2,10.95,5.475,52.910000000000004,54.0
2026-06-01,LOC-02,Coordinator,2,12.14,6.07,66.14,54.0
2026-06-15,LOC-02,Coordinator,2,6.35,3.175,60.35,54.0
2026-07-13,LOC-02,Coordinator,2,10.77,5.385,64.77000000000001,54.0
2026-07-20,LOC-02,Coordinator,2,6.29,3.145,60.29,54.0
2025-09-01,LOC-04,Support Worker,5,1.96,0.392,113.87,136.0
2026-06-01,LOC-04,Support Worker,5,6.42,1.284,108.84,136.0
2025-10-27,LOC-03,Team Leader,6,15.73,2.6216666666666666,186.36999999999998,200.0
2025-11-03,LOC-03,Team Leader,6,6.21,1.035,193.66,200.0
2025-11-24,LOC-03,Team Leader,5,5.7700000000000005,1.1540000000000001,163.76,176.0
2025-12-22,LOC-03,Team Leader,6,12.370000000000001,2.061666666666667,190.82,200.0
2026-01-19,LOC-03,Team Leader,6,7.879999999999999,1.3133333333333332,191.35999999999999,200.0
2026-03-09,LOC-03,Team Leader,6,12.75,2.125,198.91999999999996,200.0
2026-04-13,LOC-03,Team Leader,6,12.440000000000001,2.0733333333333337,197.44,200.0
2026-04-27,LOC-03,Team Leader,6,6.35,1.0583333333333333,182.73,200.0
2026-05-18,LOC-03,Team Leader,6,6.21,1.035,189.07,200.0
2026-06-08,LOC-03,Team Leader,6,8.76,1.46,191.52999999999997,200.0
2026-06-15,LOC-03,Team Leader,6,5.16,0.86,176.10000000000002,200.0
2026-06-29,LOC-03,Team Leader,6,12.11,2.018333333333333,199.59,200.0
2026-03-02,LOC-03,Team Leader,5,4.63,0.9259999999999999,144.17000000000002,162.0
2025-08-18,LOC-10,Allied Health Clinician,1,0.1,0.1,8.1,8.0
2025-08-25,LOC-10,Allied Health Clinician,1,0.17,0.17,8.17,8.0
2025-09-22,LOC-10,Allied Health Clinician,1,0.27,0.27,8.27,8.0
2025-10-06,LOC-10,Allied Health Clinician,1,0.12,0.12,8.12,8.0
2025-10-20,LOC-10,Allied Health Clinician,1,0.0,0.0,7.92,8.0
2025-11-03,LOC-10,Allied Health Clinician,1,0.21,0.21,8.21,8.0
2026-01-12,LOC-10,Allied Health Clinician,1,2.02,2.02,10.02,8.0
2026-03-09,LOC-10,Allied Health Clinician,1,0.0,0.0,7.94,8.0
2026-03-23,LOC-10,Allied Health Clinician,1,0.04,0.04,8.04,8.0
2026-07-20,LOC-10,Allied Health Clinician,1,0.06,0.06,8.06,8.0
2026-07-27,LOC-10,Allied Health Clinician,1,0.23,0.23,8.23,8.0
2025-08-04,LOC-09,Coordinator,2,4.47,2.235,58.33,54.0
2025-08-11,LOC-09,Coordinator,2,0.0,0.0,49.64,54.0
2025-08-18,LOC-09,Coordinator,2,4.83,2.415,57.94,54.0
2025-08-25,LOC-09,Coordinator,2,0.0,0.0,52.09,54.0
2025-09-01,LOC-09,Coordinator,2,4.22,2.11,54.73,54.0
2025-09-08,LOC-09,Coordinator,2,1.92,0.96,55.92,54.0
2025-09-29,LOC-09,Coordinator,2,2.18,1.09,52.35,54.0
2025-11-10,LOC-09,Coordinator,2,5.69,2.845,51.48,54.0
2025-11-17,LOC-09,Coordinator,2,0.04,0.02,47.849999999999994,54.0
2025-12-22,LOC-09,Coordinator,2,4.3,2.15,58.3,54.0
2026-01-12,LOC-09,Coordinator,2,0.04,0.02,42.14,54.0
2026-03-23,LOC-09,Coordinator,2,0.27,0.135,50.349999999999994,54.0
2026-04-06,LOC-09,Coordinator,2,0.14,0.07,48.05,54.0
2026-04-20,LOC-09,Coordinator,2,6.96,3.48,60.96,54.0
2026-05-11,LOC-09,Coordinator,2,4.91,2.455,58.91,54.0
2026-05-18,LOC-09,Coordinator,2,1.67,0.835,49.25,54.0
2026-06-01,LOC-09,Coordinator,2,0.0,0.0,49.51,54.0
2025-08-04,LOC-04,Team Leader,1,2.0,2.0,40.0,38.0
2025-10-13,LOC-04,Team Leader,1,0.0,0.0,26.64,38.0
2025-10-20,LOC-04,Team Leader,1,4.38,4.38,42.38,38.0
2025-10-27,LOC-04,Team Leader,1,0.0,0.0,34.29,38.0
2025-11-10,LOC-04,Team Leader,1,2.53,2.53,40.53,38.0
2025-11-24,LOC-04,Team Leader,1,1.76,1.76,39.76,38.0
2025-12-08,LOC-04,Team Leader,1,5.23,5.23,43.230000000000004,38.0
2025-12-22,LOC-04,Team Leader,1,4.45,4.45,42.45,38.0
2026-01-26,LOC-04,Team Leader,1,0.0,0.0,31.759999999999998,38.0
2026-02-02,LOC-04,Team Leader,1,4.11,4.11,42.11,38.0
2026-03-30,LOC-04,Team Leader,1,0.0,0.0,32.48,38.0
2026-05-04,LOC-04,Team Leader,1,0.0,0.0,33.739999999999995,38.0
2026-05-11,LOC-04,Team Leader,1,2.04,2.04,40.04,38.0
2026-06-22,LOC-04,Team Leader,1,0.0,0.0,24.23,38.0
2025-09-15,LOC-06,Allied Health Clinician,1,5.89,5.89,25.89,20.0
2025-10-06,LOC-06,Allied Health Clinician,1,5.22,5.22,25.22,20.0
2025-12-08,LOC-06,Allied Health Clinician,1,8.02,8.02,28.02,20.0
2025-12-22,LOC-06,Allied Health Clinician,1,8.25,8.25,28.25,20.0
2025-12-29,LOC-06,Allied Health Clinician,1,8.16,8.16,28.16,20.0
2026-01-12,LOC-06,Allied Health Clinician,1,0.0,0.0,17.89,20.0
2026-01-26,LOC-06,Allied Health Clinician,1,6.12,6.12,26.119999999999997,20.0
2026-03-02,LOC-06,Allied Health Clinician,1,8.92,8.92,28.92,20.0
2026-04-06,LOC-06,Allied Health Clinician,1,6.22,6.22,26.22,20.0
2026-05-04,LOC-06,Allied Health Clinician,1,5.54,5.54,25.54,20.0
2026-06-15,LOC-06,Allied Health Clinician,1,0.0,0.0,16.060000000000002,20.0
2026-07-06,LOC-06,Allied Health Clinician,1,0.0,0.0,9.73,20.0
2026-07-20,LOC-06,Allied Health Clinician,1,5.95,5.95,25.95,20.0
2025-09-15,LOC-01,Support Worker,2,3.31,1.655,57.25,54.0
2025-10-27,LOC-01,Support Worker,2,0.04,0.02,48.48,54.0
2025-11-17,LOC-01,Support Worker,2,3.62,1.81,57.56,54.0
2025-11-24,LOC-01,Support Worker,2,0.08,0.04,39.69,54.0
2026-02-09,LOC-01,Support Worker,2,2.98,1.49,56.9,54.0
2026-03-02,LOC-01,Support Worker,2,3.41,1.705,51.39,54.0
2026-03-23,LOC-01,Support Worker,2,10.959999999999999,5.4799999999999995,64.96000000000001,54.0
2026-04-13,LOC-01,Support Worker,2,1.6,0.8,55.3,54.0
2026-04-27,LOC-01,Support Worker,2,7.909999999999999,3.9549999999999996,61.910000000000004,54.0
2026-05-04,LOC-01,Support Worker,2,0.0,0.0,48.379999999999995,54.0
2026-06-15,LOC-01,Support Worker,2,1.72,0.86,55.46,54.0
2026-02-23,LOC-05,Coordinator,1,0.0,0.0,15.98,30.0
2026-04-06,LOC-05,Coordinator,1,0.0,0.0,8.1,30.0
2026-04-13,LOC-05,Coordinator,1,0.0,0.0,15.89,30.0
2025-09-15,LOC-06,Team Leader,1,1.82,1.82,39.82,38.0
2025-10-06,LOC-06,Team Leader,1,2.71,2.71,40.71,38.0
2025-12-08,LOC-06,Team Leader,1,0.0,0.0,32.15,38.0
2025-12-22,LOC-06,Team Leader,1,5.04,5.04,43.04,38.0
2025-12-29,LOC-06,Team Leader,1,0.0,0.0,34.260000000000005,38.0
2026-01-12,LOC-06,Team Leader,1,2.12,2.12,40.12,38.0
2026-01-26,LOC-06,Team Leader,1,1.89,1.89,39.89,38.0
2026-03-02,LOC-06,Team Leader,1,5.55,5.55,43.55,38.0
2026-04-06,LOC-06,Team Leader,1,1.95,1.95,39.95,38.0
2026-05-04,LOC-06,Team Leader,1,7.77,7.77,45.77,38.0
2026-06-15,LOC-06,Team Leader,1,2.02,2.02,40.02,38.0
2026-07-06,LOC-06,Team Leader,1,2.38,2.38,40.38,38.0
2026-07-20,LOC-06,Team Leader,1,0.0,0.0,8.23,38.0
2025-09-01,LOC-08,Team Leader,2,7.5,3.75,65.5,58.0
2025-11-03,LOC-08,Team Leader,2,8.57,4.285,66.57,58.0
2025-12-01,LOC-08,Team Leader,2,4.04,2.02,58.4,58.0
2025-12-08,LOC-08,Team Leader,2,7.84,3.92,65.84,58.0
2025-12-15,LOC-08,Team Leader,2,6.14,3.07,62.36,58.0
2025-12-22,LOC-08,Team Leader,2,5.5600000000000005,2.7800000000000002,63.559999999999995,58.0
2026-02-09,LOC-08,Team Leader,2,2.09,1.045,58.21000000000001,58.0
2026-02-16,LOC-08,Team Leader,2,10.35,5.175,68.35000000000001,58.0
2026-03-02,LOC-08,Team Leader,2,4.11,2.055,56.510000000000005,58.0
2026-03-16,LOC-08,Team Leader,2,0.0,0.0,46.57,58.0
2026-07-06,LOC-08,Team Leader,2,9.540000000000001,4.7700000000000005,67.53999999999999,58.0
2026-07-27,LOC-08,Team Leader,2,0.0,0.0,32.349999999999994,58.0
2025-07-28,LOC-03,Registered Nurse,1,0.0,0.0,16.130000000000003,38.0
2025-09-22,LOC-03,Registered Nurse,1,0.0,0.0,31.65,38.0
2025-10-13,LOC-03,Registered Nurse,1,1.72,1.72,39.72,38.0
2025-12-08,LOC-03,Registered Nurse,1,0.0,0.0,31.99,38.0
2026-01-26,LOC-03,Registered Nurse,1,4.29,4.29,42.29,38.0
2026-02-09,LOC-03,Registered Nurse,1,2.02,2.02,40.019999999999996,38.0
2026-02-23,LOC-03,Registered Nurse,1,4.73,4.73,42.730000000000004,38.0
2026-03-23,LOC-03,Registered Nurse,1,4.06,4.06,42.06,38.0
2026-04-06,LOC-03,Registered Nurse,1,1.97,1.97,39.97,38.0
2026-05-04,LOC-03,Registered Nurse,1,11.45,11.45,49.45,38.0
2025-07-28,LOC-05,Registered Nurse,1,0.0,0.0,15.86,38.0
2025-09-01,LOC-05,Registered Nurse,1,0.0,0.0,32.17,38.0
2025-09-15,LOC-05,Registered Nurse,1,4.23,4.23,42.230000000000004,38.0
2025-09-22,LOC-05,Registered Nurse,1,4.03,4.03,42.03,38.0
2025-10-06,LOC-05,Registered Nurse,1,2.62,2.62,40.62,38.0
2025-10-13,LOC-05,Registered Nurse,1,0.0,0.0,32.16,38.0
2025-11-03,LOC-05,Registered Nurse,1,4.23,4.23,42.230000000000004,38.0
2025-12-29,LOC-05,Registered Nurse,1,0.0,0.0,17.73,38.0
2026-02-02,LOC-05,Registered Nurse,1,3.87,3.87,41.87,38.0
2026-03-30,LOC-05,Registered Nurse,1,1.96,1.96,39.96,38.0
2026-04-27,LOC-05,Registered Nurse,1,2.34,2.34,40.34,38.0
2026-05-11,LOC-05,Registered Nurse,1,2.79,2.79,40.79,38.0
2026-07-13,LOC-05,Registered Nurse,1,4.88,4.88,42.88,38.0
2025-08-11,LOC-07,Registered Nurse,1,0.0,0.0,35.51,38.0
2025-09-29,LOC-07,Registered Nurse,1,1.77,1.77,39.769999999999996,38.0
2025-11-10,LOC-07,Registered Nurse,1,0.0,0.0,26.42,38.0
2025-11-17,LOC-07,Registered Nurse,1,5.3,5.3,43.3,38.0
2025-12-15,LOC-07,Registered Nurse,1,6.83,6.83,44.83,38.0
2025-12-29,LOC-07,Registered Nurse,1,0.0,0.0,26.619999999999997,38.0
2026-01-12,LOC-07,Registered Nurse,1,5.13,5.13,43.13,38.0
2026-01-19,LOC-07,Registered Nurse,1,0.0,0.0,34.0,38.0
2026-02-09,LOC-07,Registered Nurse,1,6.26,6.26,44.26,38.0
2026-02-16,LOC-07,Registered Nurse,1,6.59,6.59,44.59,38.0
2026-02-23,LOC-07,Registered Nurse,1,0.0,0.0,24.21,38.0
2026-04-20,LOC-07,Registered Nurse,1,6.01,6.01,44.01,38.0
2026-04-27,LOC-07,Registered Nurse,1,2.03,2.03,40.03,38.0
2026-05-25,LOC-07,Registered Nurse,1,0.92,0.92,38.92,38.0
2026-06-01,LOC-07,Registered Nurse,1,1.42,1.42,39.42,38.0
2026-07-06,LOC-07,Registered Nurse,1,0.0,0.0,35.72,38.0
2026-07-13,LOC-07,Registered Nurse,1,1.7,1.7,39.7,38.0
2026-07-20,LOC-07,Registered Nurse,1,4.08,4.08,42.08,38.0
2026-07-27,LOC-07,Registered Nurse,1,0.0,0.0,32.78,38.0
2025-09-01,LOC-08,Allied Health Clinician,1,0.0,0.0,15.82,20.0
2025-12-01,LOC-08,Allied Health Clinician,1,0.0,0.0,16.02,20.0
2025-12-08,LOC-08,Allied Health Clinician,1,0.0,0.0,18.490000000000002,20.0
2025-12-15,LOC-08,Allied Health Clinician,1,0.0,0.0,18.060000000000002,20.0
2025-12-22,LOC-08,Allied Health Clinician,1,0.0,0.0,17.44,20.0
2026-02-09,LOC-08,Allied Health Clinician,1,0.0,0.0,18.869999999999997,20.0
2026-02-16,LOC-08,Allied Health Clinician,1,0.0,0.0,16.19,20.0
2026-03-02,LOC-08,Allied Health Clinician,1,0.0,0.0,15.7,20.0
2026-03-16,LOC-08,Allied Health Clinician,1,0.0,0.0,16.34,20.0
2026-07-06,LOC-08,Allied Health Clinician,1,0.0,0.0,16.259999999999998,20.0
2025-08-04,LOC-06,Registered Nurse,1,2.66,2.66,40.66,38.0
2025-09-01,LOC-06,Registered Nurse,1,5.47,5.47,43.47,38.0
2025-09-22,LOC-06,Registered Nurse,1,0.0,0.0,34.19,38.0
2025-09-29,LOC-06,Registered Nurse,1,0.0,0.0,33.94,38.0
2025-10-13,LOC-06,Registered Nurse,1,0.0,0.0,36.7,38.0
2025-11-03,LOC-06,Registered Nurse,1,0.0,0.0,32.6,38.0
2025-11-24,LOC-06,Registered Nurse,1,3.45,3.45,41.45,38.0
2025-12-01,LOC-06,Registered Nurse,1,0.0,0.0,32.260000000000005,38.0
2025-12-15,LOC-06,Registered Nurse,1,7.13,7.13,45.13,38.0
2026-02-02,LOC-06,Registered Nurse,1,0.0,0.0,34.629999999999995,38.0
2026-03-16,LOC-06,Registered Nurse,1,1.74,1.74,39.74,38.0
2026-03-30,LOC-06,Registered Nurse,1,7.34,7.34,45.34,38.0
2026-04-27,LOC-06,Registered Nurse,1,4.64,4.64,42.64,38.0
2026-05-25,LOC-06,Registered Nurse,1,1.83,1.83,39.83,38.0
