date_key,location_id,primary_role,shifts_rostered,shifts_completed,actual_hours,planned_hours,overtime_shifts
2025-08-04,LOC-10,Support Worker,4,4.0,32.36,32.0,0.0
2025-08-12,LOC-10,Support Worker,3,3.0,23.99,24.0,0.0
2025-08-31,LOC-10,Support Worker,5,5.0,39.989999999999995,40.0,0.0
2025-09-15,LOC-10,Support Worker,4,4.0,35.44,32.0,2.0
2025-09-28,LOC-10,Support Worker,5,5.0,41.190000000000005,40.0,1.0
2025-10-07,LOC-10,Support Worker,3,2.0,18.87,26.0,1.0
2025-10-12,LOC-10,Support Worker,3,3.0,24.189999999999998,24.0,0.0
2025-10-26,LOC-10,Support Worker,4,4.0,32.37,32.0,0.0
2025-11-09,LOC-10,Support Worker,4,4.0,31.990000000000002,32.0,0.0
2025-11-10,LOC-10,Support Worker,4,4.0,33.92999999999999,32.0,1.0
2025-11-16,LOC-10,Support Worker,4,4.0,34.56,34.0,1.0
2025-12-08,LOC-10,Support Worker,4,4.0,33.1,32.0,1.0
2025-12-21,LOC-10,Support Worker,4,4.0,34.95,34.0,1.0
2025-12-23,LOC-10,Support Worker,2,2.0,15.66,16.0,0.0
2025-12-30,LOC-10,Support Worker,3,3.0,28.05,26.0,1.0
2026-01-27,LOC-10,Support Worker,3,3.0,26.21,26.0,0.0
2026-02-09,LOC-10,Support Worker,4,4.0,32.31,32.0,0.0
2026-02-10,LOC-10,Support Worker,3,3.0,25.43,24.0,1.0
2026-03-02,LOC-10,Support Worker,4,4.0,31.87,32.0,0.0
2026-03-22,LOC-10,Support Worker,5,5.0,44.0,42.0,1.0
2026-03-24,LOC-10,Support Worker,3,2.0,16.369999999999997,24.0,0.0
2026-04-07,LOC-10,Support Worker,3,3.0,24.03,24.0,0.0
2026-04-20,LOC-10,Support Worker,3,3.0,28.36,26.0,1.0
2026-05-05,LOC-10,Support Worker,3,3.0,26.880000000000003,26.0,1.0
2026-05-11,LOC-10,Support Worker,3,3.0,24.439999999999998,24.0,0.0
2026-05-18,LOC-10,Support Worker,4,4.0,32.05,32.0,0.0
2026-05-25,LOC-10,Support Worker,4,4.0,34.07,34.0,0.0
2026-06-07,LOC-10,Support Worker,5,5.0,40.45,40.0,0.0
2026-06-22,LOC-10,Support Worker,4,4.0,38.120000000000005,32.0,2.0
2026-06-30,LOC-10,Support Worker,3,3.0,27.810000000000002,28.0,0.0
2026-07-07,LOC-10,Support Worker,3,3.0,24.22,24.0,0.0
2026-07-12,LOC-10,Support Worker,5,5.0,42.03,42.0,0.0
2026-07-13,LOC-10,Support Worker,4,4.0,35.010000000000005,34.0,1.0
2026-07-26,LOC-10,Support Worker,5,5.0,40.12,40.0,0.0
2025-08-20,LOC-05,Allied Health Clinician,2,2.0,16.15,16.0,0.0
2025-08-22,LOC-05,Allied Health Clinician,2,2.0,15.96,16.0,0.0
2025-08-27,LOC-05,Allied Health Clinician,2,2.0,16.07,16.0,0.0
2025-08-29,LOC-05,Allied Health Clinician,2,2.0,17.22,16.0,1.0
2025-09-03,LOC-05,Allied Health Clinician,2,2.0,18.42,16.0,1.0
2025-09-10,LOC-05,Allied Health Clinician,2,2.0,18.16,18.0,0.0
2025-09-19,LOC-05,Allied Health Clinician,2,2.0,16.119999999999997,16.0,0.0
2025-10-03,LOC-05,Allied Health Clinician,2,2.0,15.719999999999999,16.0,0.0
2025-10-08,LOC-05,Allied Health Clinician,2,2.0,15.850000000000001,16.0,0.0
2025-10-17,LOC-05,Allied Health Clinician,2,2.0,16.119999999999997,16.0,0.0
2025-11-14,LOC-05,Allied Health Clinician,2,2.0,16.14,16.0,0.0
2025-11-26,LOC-05,Allied Health Clinician,2,2.0,16.08,16.0,0.0
2026-01-09,LOC-05,Allied Health Clinician,2,2.0,15.98,16.0,0.0
2026-01-21,LOC-05,Allied Health Clinician,2,2.0,15.75,16.0,0.0
2026-02-11,LOC-05,Allied Health Clinician,1,1.0,7.97,8.0,0.0
2026-02-13,LOC-05,Allied Health Clinician,2,2.0,18.74,16.0,1.0
2026-02-20,LOC-05,Allied Health Clinician,2,2.0,16.43,16.0,0.0
2026-02-25,LOC-05,Allied Health Clinician,2,2.0,15.77,16.0,0.0
2026-03-13,LOC-05,Allied Health Clinician,2,2.0,18.78,16.0,2.0
2026-03-27,LOC-05,Allied Health Clinician,2,2.0,15.85,16.0,0.0
2026-04-03,LOC-05,Allied Health Clinician,2,2.0,15.97,16.0,0.0
2026-04-08,LOC-05,Allied Health Clinician,1,0.0,0.0,8.0,0.0
2026-04-15,LOC-05,Allied Health Clinician,2,2.0,16.270000000000003,16.0,0.0
2026-05-06,LOC-05,Allied Health Clinician,2,2.0,17.95,18.0,0.0
2026-06-03,LOC-05,Allied Health Clinician,2,2.0,15.75,16.0,0.0
2026-06-10,LOC-05,Allied Health Clinician,1,1.0,7.82,8.0,0.0
2026-06-19,LOC-05,Allied Health Clinician,2,2.0,17.89,18.0,0.0
2026-06-24,LOC-05,Allied Health Clinician,2,2.0,16.009999999999998,16.0,0.0
2026-07-08,LOC-05,Allied Health Clinician,2,2.0,17.9,18.0,0.0
2026-07-24,LOC-05,Allied Health Clinician,2,2.0,18.41,16.0,1.0
2025-08-05,LOC-01,Coordinator,1,1.0,7.92,8.0,0.0
2025-08-08,LOC-01,Coordinator,2,2.0,18.21,18.0,0.0
2025-08-12,LOC-01,Coordinator,1,1.0,7.94,8.0,0.0
2025-08-26,LOC-01,Coordinator,1,1.0,7.93,8.0,0.0
2025-09-05,LOC-01,Coordinator,2,2.0,16.14,16.0,0.0
2025-09-12,LOC-01,Coordinator,2,2.0,18.7,16.0,1.0
2025-09-19,LOC-01,Coordinator,2,2.0,18.299999999999997,18.0,0.0
2025-10-31,LOC-01,Coordinator,2,2.0,16.619999999999997,16.0,1.0
2025-11-04,LOC-01,Coordinator,1,1.0,10.17,8.0,1.0
2025-11-25,LOC-01,Coordinator,1,1.0,8.0,8.0,0.0
2025-12-09,LOC-01,Coordinator,1,1.0,10.5,8.0,1.0
2025-12-16,LOC-01,Coordinator,1,1.0,8.05,8.0,0.0
2026-02-10,LOC-01,Coordinator,1,1.0,7.87,8.0,0.0
2026-03-10,LOC-01,Coordinator,1,1.0,9.92,10.0,0.0
2026-04-21,LOC-01,Coordinator,1,1.0,8.01,8.0,0.0
2026-05-22,LOC-01,Coordinator,2,2.0,15.75,16.0,0.0
2026-06-02,LOC-01,Coordinator,1,1.0,10.03,10.0,0.0
2026-06-09,LOC-01,Coordinator,1,1.0,8.01,8.0,0.0
2026-06-26,LOC-01,Coordinator,2,2.0,16.23,16.0,0.0
2026-07-17,LOC-01,Coordinator,2,2.0,17.04,16.0,1.0
2026-07-28,LOC-01,Coordinator,1,1.0,8.15,8.0,0.0
2026-07-31,LOC-01,Coordinator,2,2.0,19.770000000000003,20.0,0.0
2025-10-27,LOC-09,Support Worker,4,3.0,26.02,34.0,0.0
2025-10-30,LOC-09,Support Worker,4,4.0,32.3,32.0,0.0
2025-11-20,LOC-09,Support Worker,4,4.0,33.74,32.0,1.0
2025-11-24,LOC-09,Support Worker,4,4.0,31.93,32.0,0.0
2025-12-15,LOC-09,Support Worker,4,4.0,35.81,36.0,0.0
2026-01-26,LOC-09,Support Worker,4,3.0,26.08,34.0,0.0
2026-01-29,LOC-09,Support Worker,4,4.0,33.980000000000004,34.0,0.0
2026-02-05,LOC-09,Support Worker,4,4.0,33.61,34.0,0.0
2026-02-09,LOC-09,Support Worker,3,2.0,18.07,26.0,0.0
2026-04-09,LOC-09,Support Worker,4,4.0,32.32,32.0,0.0
2026-05-14,LOC-09,Support Worker,4,4.0,36.34,32.0,3.0
2026-05-25,LOC-09,Support Worker,3,3.0,25.57,24.0,1.0
2026-06-15,LOC-09,Support Worker,4,4.0,31.84,32.0,0.0
2026-06-18,LOC-09,Support Worker,4,4.0,35.86,34.0,1.0
2026-06-22,LOC-09,Support Worker,3,3.0,26.86,26.0,0.0
2026-07-13,LOC-09,Support Worker,4,4.0,35.94,34.0,1.0
2026-07-16,LOC-09,Support Worker,4,4.0,32.65,32.0,0.0
2025-08-04,LOC-05,Team Leader,2,2.0,15.84,16.0,0.0
2025-08-11,LOC-05,Team Leader,2,2.0,17.93,18.0,0.0
2025-08-14,LOC-05,Team Leader,1,1.0,9.4,8.0,1.0
2025-10-09,LOC-05,Team Leader,1,1.0,8.03,8.0,0.0
2025-10-16,LOC-05,Team Leader,1,1.0,8.01,8.0,0.0
2025-10-30,LOC-05,Team Leader,1,1.0,8.2,8.0,0.0
2025-11-13,LOC-05,Team Leader,1,1.0,7.83,8.0,0.0
2025-11-24,LOC-05,Team Leader,2,2.0,16.14,16.0,0.0
2025-12-01,LOC-05,Team Leader,2,2.0,16.43,16.0,0.0
2025-12-11,LOC-05,Team Leader,1,1.0,7.93,8.0,0.0
2025-12-15,LOC-05,Team Leader,2,2.0,15.879999999999999,16.0,0.0
2026-01-01,LOC-05,Team Leader,1,1.0,7.92,8.0,0.0
2026-01-05,LOC-05,Team Leader,2,2.0,15.989999999999998,16.0,0.0
2026-01-08,LOC-05,Team Leader,1,1.0,9.8,10.0,0.0
2026-01-12,LOC-05,Team Leader,2,2.0,17.9,18.0,0.0
2026-02-16,LOC-05,Team Leader,2,2.0,18.05,18.0,0.0
2026-03-12,LOC-05,Team Leader,1,1.0,7.93,8.0,0.0
2026-03-19,LOC-05,Team Leader,1,1.0,7.79,8.0,0.0
2026-05-07,LOC-05,Team Leader,1,1.0,7.6,8.0,0.0
2026-05-14,LOC-05,Team Leader,1,1.0,7.98,8.0,0.0
2026-06-01,LOC-05,Team Leader,2,2.0,16.13,16.0,0.0
2026-06-29,LOC-05,Team Leader,2,2.0,16.07,16.0,0.0
2026-07-09,LOC-05,Team Leader,1,1.0,7.99,8.0,0.0
2026-07-23,LOC-05,Team Leader,1,1.0,9.74,10.0,0.0
2025-08-07,LOC-05,Support Worker,5,5.0,40.699999999999996,40.0,0.0
2025-09-16,LOC-05,Support Worker,3,3.0,23.98,24.0,0.0
2025-09-18,LOC-05,Support Worker,4,3.0,23.759999999999998,32.0,0.0
2025-09-25,LOC-05,Support Worker,5,5.0,42.81,40.0,1.0
2025-10-02,LOC-05,Support Worker,5,5.0,42.13,42.0,0.0
2025-10-21,LOC-05,Support Worker,3,3.0,25.410000000000004,24.0,1.0
2025-10-23,LOC-05,Support Worker,5,5.0,42.78,40.0,1.0
2025-10-26,LOC-05,Support Worker,2,2.0,16.04,16.0,0.0
2025-11-02,LOC-05,Support Worker,2,2.0,19.45,18.0,1.0
2025-11-04,LOC-05,Support Worker,2,2.0,16.01,16.0,0.0
2025-11-06,LOC-05,Support Worker,4,4.0,35.620000000000005,32.0,2.0
2025-11-09,LOC-05,Support Worker,2,2.0,15.73,16.0,0.0
2025-11-20,LOC-05,Support Worker,4,4.0,32.06,32.0,0.0
2025-11-27,LOC-05,Support Worker,4,4.0,31.93,32.0,0.0
2025-12-02,LOC-05,Support Worker,2,2.0,15.98,16.0,0.0
2025-12-04,LOC-05,Support Worker,5,5.0,41.83,42.0,0.0
2025-12-07,LOC-05,Support Worker,2,1.0,8.09,16.0,0.0
2025-12-09,LOC-05,Support Worker,3,3.0,25.79,26.0,0.0
2025-12-23,LOC-05,Support Worker,3,3.0,24.339999999999996,24.0,0.0
2025-12-25,LOC-05,Support Worker,5,5.0,39.629999999999995,40.0,0.0
2026-01-06,LOC-05,Support Worker,3,3.0,26.169999999999998,24.0,2.0
2026-01-15,LOC-05,Support Worker,5,5.0,42.2,40.0,1.0
2026-01-20,LOC-05,Support Worker,3,3.0,25.73,24.0,1.0
2026-01-27,LOC-05,Support Worker,3,3.0,23.979999999999997,24.0,0.0
2026-01-29,LOC-05,Support Worker,5,5.0,41.0,40.0,1.0
2026-02-01,LOC-05,Support Worker,2,2.0,15.809999999999999,16.0,0.0
2026-02-05,LOC-05,Support Worker,4,4.0,31.79,32.0,0.0
2026-02-10,LOC-05,Support Worker,3,3.0,24.550000000000004,24.0,0.0
2026-02-12,LOC-05,Support Worker,5,5.0,39.89,40.0,0.0
2026-02-19,LOC-05,Support Worker,5,5.0,39.89,40.0,0.0
2026-02-22,LOC-05,Support Worker,2,2.0,15.91,16.0,0.0
2026-03-05,LOC-05,Support Worker,5,5.0,39.8,40.0,0.0
2026-03-26,LOC-05,Support Worker,4,4.0,33.959999999999994,34.0,0.0
2026-04-07,LOC-05,Support Worker,3,3.0,24.08,24.0,0.0
2026-04-14,LOC-05,Support Worker,3,3.0,23.799999999999997,24.0,0.0
2026-04-16,LOC-05,Support Worker,5,5.0,39.52,40.0,0.0
2026-04-19,LOC-05,Support Worker,2,2.0,17.58,16.0,1.0
2026-04-21,LOC-05,Support Worker,3,3.0,26.869999999999997,24.0,1.0
2026-04-23,LOC-05,Support Worker,5,5.0,41.480000000000004,40.0,1.0
2026-04-26,LOC-05,Support Worker,2,2.0,15.79,16.0,0.0
2026-04-30,LOC-05,Support Worker,4,4.0,32.26,32.0,0.0
2026-05-21,LOC-05,Support Worker,4,4.0,31.760000000000005,32.0,0.0
2026-06-04,LOC-05,Support Worker,5,5.0,42.230000000000004,42.0,0.0
2026-06-11,LOC-05,Support Worker,4,4.0,33.42,34.0,0.0
2026-06-16,LOC-05,Support Worker,3,3.0,25.549999999999997,24.0,1.0
2026-06-18,LOC-05,Support Worker,4,3.0,27.189999999999998,32.0,1.0
2026-06-21,LOC-05,Support Worker,2,2.0,21.42,16.0,2.0
2026-06-23,LOC-05,Support Worker,3,3.0,27.57,28.0,0.0
2026-06-25,LOC-05,Support Worker,5,5.0,39.959999999999994,40.0,0.0
2026-07-16,LOC-05,Support Worker,5,5.0,42.510000000000005,40.0,1.0
2025-08-01,LOC-06,Support Worker,3,2.0,15.53,26.0,0.0
2025-08-03,LOC-06,Support Worker,2,2.0,16.7,16.0,1.0
2025-08-04,LOC-06,Support Worker,3,3.0,24.25,24.0,0.0
2025-08-05,LOC-06,Support Worker,3,3.0,23.41,24.0,0.0
2025-08-12,LOC-06,Support Worker,3,3.0,26.520000000000003,24.0,1.0
2025-08-24,LOC-06,Support Worker,2,2.0,21.689999999999998,20.0,1.0
2025-08-28,LOC-06,Support Worker,3,3.0,25.88,26.0,0.0
2025-08-31,LOC-06,Support Worker,2,2.0,15.85,16.0,0.0
2025-09-01,LOC-06,Support Worker,3,3.0,25.42,24.0,1.0
2025-09-04,LOC-06,Support Worker,2,2.0,16.18,16.0,0.0
2025-09-16,LOC-06,Support Worker,3,3.0,25.94,26.0,0.0
2025-09-22,LOC-06,Support Worker,3,3.0,24.330000000000002,24.0,0.0
2025-09-26,LOC-06,Support Worker,3,3.0,24.990000000000002,24.0,1.0
2025-09-29,LOC-06,Support Worker,3,2.0,16.17,24.0,0.0
2025-10-05,LOC-06,Support Worker,2,2.0,16.17,16.0,0.0
2025-10-09,LOC-06,Support Worker,3,3.0,26.309999999999995,26.0,0.0
2025-10-13,LOC-06,Support Worker,3,2.0,16.12,24.0,0.0
2025-10-14,LOC-06,Support Worker,3,3.0,24.74,24.0,1.0
2025-11-02,LOC-06,Support Worker,2,2.0,17.04,16.0,1.0
2025-11-03,LOC-06,Support Worker,3,3.0,23.72,24.0,0.0
2025-11-06,LOC-06,Support Worker,3,3.0,26.37,26.0,1.0
2025-11-11,LOC-06,Support Worker,3,3.0,23.959999999999997,24.0,0.0
2025-11-18,LOC-06,Support Worker,2,2.0,16.14,16.0,0.0
2025-11-21,LOC-06,Support Worker,2,2.0,20.63,18.0,1.0
2025-11-24,LOC-06,Support Worker,2,2.0,15.98,16.0,0.0
2025-12-01,LOC-06,Support Worker,3,3.0,26.25,26.0,0.0
2025-12-05,LOC-06,Support Worker,3,3.0,26.27,26.0,0.0
2025-12-11,LOC-06,Support Worker,3,3.0,26.22,26.0,0.0
2025-12-15,LOC-06,Support Worker,3,3.0,24.09,24.0,0.0
2025-12-18,LOC-06,Support Worker,3,3.0,23.77,24.0,0.0
2026-01-02,LOC-06,Support Worker,3,3.0,23.33,24.0,0.0
2026-01-08,LOC-06,Support Worker,3,3.0,24.279999999999998,24.0,0.0
2026-01-23,LOC-06,Support Worker,1,1.0,8.04,8.0,0.0
2026-02-02,LOC-06,Support Worker,3,3.0,26.560000000000002,24.0,1.0
2026-02-03,LOC-06,Support Worker,3,3.0,25.68,26.0,0.0
2026-02-05,LOC-06,Support Worker,3,3.0,25.8,24.0,1.0
2026-02-19,LOC-06,Support Worker,3,3.0,25.220000000000002,24.0,1.0
2026-02-27,LOC-06,Support Worker,3,3.0,23.799999999999997,24.0,0.0
2026-03-01,LOC-06,Support Worker,2,2.0,15.54,16.0,0.0
2026-03-05,LOC-06,Support Worker,3,3.0,28.36,24.0,2.0
2026-03-15,LOC-06,Support Worker,2,2.0,15.93,16.0,0.0
2026-03-16,LOC-06,Support Worker,3,3.0,25.96,26.0,0.0
2026-03-17,LOC-06,Support Worker,3,3.0,29.1,24.0,2.0
2026-03-22,LOC-06,Support Worker,2,2.0,15.95,16.0,0.0
2026-03-24,LOC-06,Support Worker,3,3.0,24.13,24.0,0.0
2026-03-30,LOC-06,Support Worker,3,3.0,23.9,24.0,0.0
2026-04-05,LOC-06,Support Worker,2,2.0,16.07,16.0,0.0
2026-04-12,LOC-06,Support Worker,2,2.0,18.04,18.0,0.0
2026-04-16,LOC-06,Support Worker,3,3.0,23.99,24.0,0.0
2026-04-21,LOC-06,Support Worker,3,3.0,24.31,24.0,0.0
2026-04-27,LOC-06,Support Worker,3,3.0,25.21,24.0,1.0
2026-05-03,LOC-06,Support Worker,2,2.0,17.32,16.0,1.0
2026-05-07,LOC-06,Support Worker,3,3.0,29.12,26.0,2.0
2026-05-24,LOC-06,Support Worker,2,2.0,15.86,16.0,0.0
2026-05-25,LOC-06,Support Worker,3,3.0,27.269999999999996,26.0,1.0
2026-06-05,LOC-06,Support Worker,3,3.0,25.77,26.0,0.0
2026-06-07,LOC-06,Support Worker,2,2.0,15.8,16.0,0.0
2026-06-16,LOC-06,Support Worker,3,3.0,25.11,24.0,1.0
2026-06-18,LOC-06,Support Worker,3,3.0,24.380000000000003,24.0,0.0
2026-06-26,LOC-06,Support Worker,3,3.0,30.319999999999997,26.0,2.0
2026-07-16,LOC-06,Support Worker,2,2.0,16.91,16.0,1.0
2026-07-21,LOC-06,Support Worker,3,3.0,25.92,26.0,0.0
2025-08-10,LOC-03,Support Worker,2,2.0,15.99,16.0,0.0
2025-08-17,LOC-03,Support Worker,2,2.0,17.62,18.0,0.0
2025-08-24,LOC-03,Support Worker,2,2.0,16.25,16.0,0.0
2025-09-21,LOC-03,Support Worker,2,2.0,15.96,16.0,0.0
2025-09-22,LOC-03,Support Worker,2,2.0,18.409999999999997,18.0,0.0
2025-10-12,LOC-03,Support Worker,2,2.0,18.19,18.0,0.0
2025-10-13,LOC-03,Support Worker,2,2.0,16.09,16.0,0.0
2025-11-02,LOC-03,Support Worker,2,2.0,18.55,18.0,0.0
2025-12-08,LOC-03,Support Worker,2,2.0,16.3,16.0,0.0
2025-12-28,LOC-03,Support Worker,2,2.0,16.06,16.0,0.0
2026-01-26,LOC-03,Support Worker,2,2.0,15.95,16.0,0.0
2026-02-09,LOC-03,Support Worker,2,2.0,15.620000000000001,16.0,0.0
2026-02-15,LOC-03,Support Worker,2,2.0,15.51,16.0,0.0
2026-02-23,LOC-03,Support Worker,2,2.0,17.939999999999998,18.0,0.0
2026-03-22,LOC-03,Support Worker,2,2.0,16.07,16.0,0.0
2026-03-23,LOC-03,Support Worker,2,2.0,15.850000000000001,16.0,0.0
2026-04-05,LOC-03,Support Worker,2,2.0,15.780000000000001,16.0,0.0
2026-04-06,LOC-03,Support Worker,2,2.0,16.0,16.0,0.0
2026-05-04,LOC-03,Support Worker,2,2.0,15.94,16.0,0.0
2026-05-10,LOC-03,Support Worker,2,2.0,15.809999999999999,16.0,0.0
2026-05-17,LOC-03,Support Worker,2,2.0,15.9,16.0,0.0
2026-07-05,LOC-03,Support Worker,2,2.0,15.829999999999998,16.0,0.0
2026-07-26,LOC-03,Support Worker,2,1.0,8.29,16.0,0.0
2025-08-11,LOC-07,Support Worker,3,2.0,15.91,24.0,0.0
2025-09-29,LOC-07,Support Worker,4,4.0,37.36,36.0,1.0
2025-11-10,LOC-07,Support Worker,3,3.0,25.67,24.0,1.0
2025-11-17,LOC-07,Support Worker,4,4.0,33.67,32.0,1.0
2025-11-18,LOC-07,Support Worker,1,1.0,7.77,8.0,0.0
2025-12-15,LOC-07,Support Worker,3,3.0,25.990000000000002,26.0,0.0
2025-12-29,LOC-07,Support Worker,4,4.0,35.32,34.0,1.0
2026-01-12,LOC-07,Support Worker,3,3.0,23.929999999999996,24.0,0.0
2026-01-13,LOC-07,Support Worker,1,1.0,8.11,8.0,0.0
2026-01-19,LOC-07,Support Worker,4,4.0,34.190000000000005,32.0,1.0
2026-01-27,LOC-07,Support Worker,1,1.0,9.97,10.0,0.0
2026-02-09,LOC-07,Support Worker,4,4.0,37.04,34.0,1.0
2026-02-16,LOC-07,Support Worker,4,4.0,36.55,34.0,1.0
2026-02-23,LOC-07,Support Worker,4,4.0,36.56,34.0,1.0
2026-03-03,LOC-07,Support Worker,1,1.0,8.13,8.0,0.0
2026-04-20,LOC-07,Support Worker,4,4.0,34.14,32.0,1.0
2026-04-27,LOC-07,Support Worker,4,4.0,32.06,32.0,0.0
2026-05-19,LOC-07,Support Worker,1,1.0,7.92,8.0,0.0
2026-05-25,LOC-07,Support Worker,4,4.0,32.18,32.0,0.0
2026-05-26,LOC-07,Support Worker,1,1.0,8.29,8.0,0.0
2026-06-01,LOC-07,Support Worker,4,4.0,33.58,34.0,0.0
2026-06-02,LOC-07,Support Worker,1,1.0,7.89,8.0,0.0
2026-06-09,LOC-07,Support Worker,1,1.0,7.76,8.0,0.0
2026-06-16,LOC-07,Support Worker,1,1.0,7.85,8.0,0.0
2026-07-06,LOC-07,Support Worker,4,4.0,33.64,32.0,1.0
2026-07-13,LOC-07,Support Worker,4,4.0,34.04,34.0,0.0
2026-07-14,LOC-07,Support Worker,1,1.0,10.2,8.0,1.0
2026-07-20,LOC-07,Support Worker,4,4.0,32.019999999999996,32.0,0.0
2026-07-27,LOC-07,Support Worker,3,3.0,25.540000000000003,24.0,1.0
2025-08-22,LOC-05,Team Leader,1,1.0,9.13,8.0,1.0
2025-08-29,LOC-05,Team Leader,1,1.0,8.13,8.0,0.0
2025-09-13,LOC-05,Team Leader,1,1.0,7.87,8.0,0.0
2025-09-19,LOC-05,Team Leader,1,0.0,0.0,8.0,0.0
2025-10-03,LOC-05,Team Leader,1,1.0,8.1,8.0,0.0
2025-10-04,LOC-05,Team Leader,1,1.0,9.35,8.0,1.0
2025-10-17,LOC-05,Team Leader,1,1.0,7.8,8.0,0.0
2025-11-14,LOC-05,Team Leader,1,1.0,8.04,8.0,0.0
2025-12-13,LOC-05,Team Leader,1,1.0,7.87,8.0,0.0
2026-01-09,LOC-05,Team Leader,1,1.0,10.11,10.0,0.0
2026-01-17,LOC-05,Team Leader,1,1.0,7.82,8.0,0.0
2026-01-26,LOC-05,Team Leader,1,1.0,8.11,8.0,0.0
2026-01-31,LOC-05,Team Leader,1,1.0,7.96,8.0,0.0
2026-02-13,LOC-05,Team Leader,1,1.0,7.85,8.0,0.0
2026-02-20,LOC-05,Team Leader,1,1.0,8.0,8.0,0.0
2026-02-28,LOC-05,Team Leader,1,1.0,10.09,10.0,0.0
2026-03-13,LOC-05,Team Leader,1,1.0,7.84,8.0,0.0
2026-03-14,LOC-05,Team Leader,1,1.0,8.17,8.0,0.0
2026-03-21,LOC-05,Team Leader,1,1.0,7.95,8.0,0.0
2026-03-27,LOC-05,Team Leader,1,1.0,8.11,8.0,0.0
2026-04-03,LOC-05,Team Leader,1,1.0,8.23,8.0,0.0
2026-04-18,LOC-05,Team Leader,1,1.0,7.79,8.0,0.0
2026-05-02,LOC-05,Team Leader,1,1.0,7.81,8.0,0.0
2026-05-30,LOC-05,Team Leader,1,1.0,7.96,8.0,0.0
2026-06-19,LOC-05,Team Leader,1,1.0,7.99,8.0,0.0
2026-07-04,LOC-05,Team Leader,1,1.0,8.27,8.0,0.0
2026-07-11,LOC-05,Team Leader,1,1.0,7.93,8.0,0.0
2026-07-24,LOC-05,Team Leader,1,1.0,7.88,8.0,0.0
2026-07-25,LOC-05,Team Leader,1,1.0,7.87,8.0,0.0
2025-08-04,LOC-08,Support Worker,5,4.0,35.330000000000005,42.0,1.0
2025-08-05,LOC-08,Support Worker,5,5.0,42.97,40.0,1.0
2025-08-10,LOC-08,Support Worker,5,5.0,39.68000000000001,40.0,0.0
2025-08-17,LOC-08,Support Worker,6,5.0,44.230000000000004,50.0,1.0
2025-08-24,LOC-08,Support Worker,6,6.0,53.03999999999999,50.0,2.0
2025-09-07,LOC-08,Support Worker,6,6.0,49.809999999999995,50.0,0.0
2025-09-18,LOC-08,Support Worker,8,8.0,64.5,64.0,0.0
2025-09-22,LOC-08,Support Worker,5,5.0,42.08,40.0,1.0
2025-09-29,LOC-08,Support Worker,5,5.0,39.87,40.0,0.0
2025-10-06,LOC-08,Support Worker,5,5.0,41.47,40.0,1.0
2025-10-09,LOC-08,Support Worker,7,7.0,58.28,56.0,1.0
2025-10-20,LOC-08,Support Worker,5,5.0,40.93,40.0,1.0
2025-10-27,LOC-08,Support Worker,5,5.0,39.95,40.0,0.0
2025-10-30,LOC-08,Support Worker,8,8.0,64.22999999999999,64.0,0.0
2025-11-02,LOC-08,Support Worker,6,6.0,51.660000000000004,50.0,1.0
2025-11-10,LOC-08,Support Worker,4,4.0,33.31,32.0,1.0
2025-11-13,LOC-08,Support Worker,7,7.0,60.94000000000001,58.0,1.0
2025-11-16,LOC-08,Support Worker,5,5.0,42.82,40.0,1.0
2025-11-20,LOC-08,Support Worker,7,7.0,60.92999999999999,56.0,2.0
2025-11-22,LOC-08,Support Worker,4,3.0,26.279999999999998,34.0,0.0
2025-12-04,LOC-08,Support Worker,8,8.0,68.13,68.0,0.0
2025-12-18,LOC-08,Support Worker,8,7.0,60.42000000000001,68.0,0.0
2025-12-21,LOC-08,Support Worker,6,6.0,52.040000000000006,52.0,1.0
2025-12-23,LOC-08,Support Worker,5,5.0,40.39,40.0,0.0
2025-12-25,LOC-08,Support Worker,7,6.0,54.05,62.0,1.0
2025-12-28,LOC-08,Support Worker,6,6.0,53.10000000000001,48.0,2.0
2025-12-30,LOC-08,Support Worker,5,5.0,42.0,42.0,0.0
2026-01-04,LOC-08,Support Worker,5,5.0,47.14000000000001,42.0,3.0
2026-01-24,LOC-08,Support Worker,5,5.0,43.26,44.0,0.0
2026-01-26,LOC-08,Support Worker,4,4.0,36.88,32.0,2.0
2026-01-27,LOC-08,Support Worker,4,4.0,31.68,32.0,0.0
2026-02-02,LOC-08,Support Worker,5,4.0,33.76,42.0,0.0
2026-02-03,LOC-08,Support Worker,5,5.0,40.739999999999995,40.0,1.0
2026-02-07,LOC-08,Support Worker,3,3.0,25.169999999999998,24.0,1.0
2026-02-08,LOC-08,Support Worker,5,5.0,42.19,42.0,0.0
2026-03-05,LOC-08,Support Worker,8,7.0,57.28,64.0,1.0
2026-03-08,LOC-08,Support Worker,6,6.0,47.08,48.0,0.0
2026-03-12,LOC-08,Support Worker,8,8.0,70.06,68.0,1.0
2026-03-17,LOC-08,Support Worker,5,5.0,41.72,42.0,0.0
2026-03-22,LOC-08,Support Worker,6,6.0,48.739999999999995,48.0,1.0
2026-03-28,LOC-08,Support Worker,5,5.0,39.75,40.0,0.0
2026-03-30,LOC-08,Support Worker,5,5.0,43.83,42.0,1.0
2026-03-31,LOC-08,Support Worker,5,5.0,44.68,40.0,2.0
2026-04-04,LOC-08,Support Worker,5,5.0,40.26,40.0,0.0
2026-04-07,LOC-08,Support Worker,5,5.0,41.480000000000004,42.0,0.0
2026-04-09,LOC-08,Support Worker,8,8.0,69.15,66.0,1.0
2026-04-13,LOC-08,Support Worker,5,5.0,41.03,40.0,1.0
2026-04-19,LOC-08,Support Worker,6,6.0,52.69,50.0,2.0
2026-04-20,LOC-08,Support Worker,5,5.0,43.00999999999999,42.0,1.0
2026-04-27,LOC-08,Support Worker,5,5.0,42.44,42.0,0.0
2026-05-07,LOC-08,Support Worker,8,8.0,65.72,66.0,0.0
2026-05-09,LOC-08,Support Worker,5,5.0,40.190000000000005,40.0,0.0
2026-05-16,LOC-08,Support Worker,5,5.0,39.69,40.0,0.0
2026-05-17,LOC-08,Support Worker,6,6.0,48.02,48.0,0.0
2026-05-18,LOC-08,Support Worker,5,5.0,39.730000000000004,40.0,0.0
2026-05-21,LOC-08,Support Worker,7,7.0,62.22,58.0,2.0
2026-05-23,LOC-08,Support Worker,5,5.0,40.91,40.0,1.0
2026-06-02,LOC-08,Support Worker,5,5.0,40.96,40.0,1.0
2026-06-07,LOC-08,Support Worker,6,6.0,48.19,48.0,0.0
2026-06-08,LOC-08,Support Worker,5,5.0,41.76,42.0,0.0
2026-06-11,LOC-08,Support Worker,8,8.0,67.99,66.0,1.0
2026-06-14,LOC-08,Support Worker,6,6.0,52.0,50.0,1.0
2026-06-20,LOC-08,Support Worker,3,3.0,25.98,26.0,0.0
2026-06-29,LOC-08,Support Worker,4,4.0,37.96,38.0,0.0
2026-06-30,LOC-08,Support Worker,4,4.0,35.28,34.0,1.0
2026-07-09,LOC-08,Support Worker,8,8.0,67.21,64.0,2.0
2026-07-25,LOC-08,Support Worker,5,5.0,40.4,40.0,1.0
2026-07-28,LOC-08,Support Worker,5,4.0,32.6,40.0,1.0
2025-08-08,LOC-08,Support Worker,4,4.0,32.93,32.0,1.0
2025-09-05,LOC-08,Support Worker,3,3.0,26.549999999999997,24.0,1.0
2025-09-26,LOC-08,Support Worker,4,4.0,31.470000000000002,32.0,0.0
2025-10-17,LOC-08,Support Worker,4,4.0,33.9,34.0,0.0
2025-10-24,LOC-08,Support Worker,4,4.0,31.800000000000004,32.0,0.0
2025-11-28,LOC-08,Support Worker,4,4.0,33.58,32.0,1.0
2025-11-29,LOC-08,Support Worker,4,4.0,33.47,32.0,1.0
2025-11-30,LOC-08,Support Worker,5,5.0,40.32,40.0,0.0
2025-12-12,LOC-08,Support Worker,4,4.0,33.89,32.0,1.0
2025-12-26,LOC-08,Support Worker,4,4.0,32.09,32.0,0.0
2026-01-02,LOC-08,Support Worker,3,3.0,24.03,24.0,0.0
2026-01-16,LOC-08,Support Worker,4,4.0,32.21,32.0,0.0
2026-02-22,LOC-08,Support Worker,5,5.0,39.870000000000005,40.0,0.0
2026-05-29,LOC-08,Support Worker,4,3.0,24.740000000000002,32.0,1.0
2026-06-05,LOC-08,Support Worker,4,3.0,24.67,32.0,1.0
2026-06-12,LOC-08,Support Worker,4,4.0,32.07,32.0,0.0
2025-09-26,LOC-10,Support Worker,2,2.0,16.159999999999997,16.0,0.0
2025-11-07,LOC-10,Support Worker,2,2.0,15.89,16.0,0.0
2025-11-21,LOC-10,Support Worker,2,2.0,16.15,16.0,0.0
2025-12-05,LOC-10,Support Worker,2,2.0,16.27,16.0,0.0
2025-12-12,LOC-10,Support Worker,2,2.0,15.96,16.0,0.0
2026-01-23,LOC-10,Support Worker,2,2.0,18.62,16.0,1.0
2026-02-03,LOC-10,Support Worker,1,1.0,8.16,8.0,0.0
2026-04-10,LOC-10,Support Worker,2,2.0,18.17,16.0,1.0
2026-05-01,LOC-10,Support Worker,2,1.0,8.23,16.0,0.0
2026-05-22,LOC-10,Support Worker,2,2.0,15.98,16.0,0.0
2026-06-19,LOC-10,Support Worker,2,2.0,15.77,16.0,0.0
2026-07-24,LOC-10,Support Worker,2,2.0,15.83,16.0,0.0
2025-08-21,LOC-04,Coordinator,1,1.0,7.81,8.0,0.0
2025-08-31,LOC-04,Coordinator,1,1.0,8.04,8.0,0.0
2025-09-07,LOC-04,Coordinator,1,1.0,7.72,8.0,0.0
2025-09-14,LOC-04,Coordinator,1,1.0,10.31,10.0,0.0
2025-10-09,LOC-04,Coordinator,1,1.0,8.07,8.0,0.0
2025-10-30,LOC-04,Coordinator,1,1.0,10.12,10.0,0.0
2025-12-07,LOC-04,Coordinator,1,1.0,7.85,8.0,0.0
2025-12-11,LOC-04,Coordinator,1,1.0,7.94,8.0,0.0
2026-03-15,LOC-04,Coordinator,1,1.0,7.98,8.0,0.0
2026-03-29,LOC-04,Coordinator,1,1.0,7.9,8.0,0.0
2026-05-07,LOC-04,Coordinator,1,1.0,10.17,10.0,0.0
2026-05-10,LOC-04,Coordinator,1,1.0,9.89,10.0,0.0
2026-05-14,LOC-04,Coordinator,1,1.0,8.12,8.0,0.0
2026-05-17,LOC-04,Coordinator,1,1.0,7.93,8.0,0.0
2026-05-21,LOC-04,Coordinator,1,1.0,8.61,8.0,1.0
2026-05-28,LOC-04,Coordinator,1,1.0,9.99,10.0,0.0
2026-06-25,LOC-04,Coordinator,1,1.0,7.89,8.0,0.0
2026-07-30,LOC-04,Coordinator,1,1.0,8.02,8.0,0.0
2025-08-01,LOC-10,Team Leader,1,1.0,10.15,8.0,1.0
2025-08-08,LOC-10,Team Leader,1,1.0,7.97,8.0,0.0
2025-08-15,LOC-10,Team Leader,1,1.0,7.89,8.0,0.0
2025-08-16,LOC-10,Team Leader,1,1.0,7.91,8.0,0.0
2025-08-22,LOC-10,Team Leader,1,1.0,7.92,8.0,0.0
2025-09-01,LOC-10,Team Leader,1,1.0,10.09,10.0,0.0
2025-09-05,LOC-10,Team Leader,1,1.0,7.79,8.0,0.0
2025-09-08,LOC-10,Team Leader,1,1.0,8.04,8.0,0.0
2025-09-19,LOC-10,Team Leader,1,1.0,8.22,8.0,0.0
2025-10-03,LOC-10,Team Leader,1,1.0,7.99,8.0,0.0
2025-10-17,LOC-10,Team Leader,1,1.0,7.87,8.0,0.0
2025-10-18,LOC-10,Team Leader,1,1.0,7.94,8.0,0.0
2025-10-27,LOC-10,Team Leader,1,1.0,8.08,8.0,0.0
2025-11-01,LOC-10,Team Leader,1,1.0,8.23,8.0,0.0
2025-11-15,LOC-10,Team Leader,1,1.0,8.04,8.0,0.0
2025-11-24,LOC-10,Team Leader,1,1.0,9.06,8.0,1.0
2025-12-15,LOC-10,Team Leader,1,1.0,8.05,8.0,0.0
2025-12-29,LOC-10,Team Leader,1,1.0,7.89,8.0,0.0
2026-01-03,LOC-10,Team Leader,1,1.0,8.06,8.0,0.0
2026-01-05,LOC-10,Team Leader,1,1.0,7.85,8.0,0.0
2026-01-16,LOC-10,Team Leader,1,1.0,8.29,8.0,0.0
2026-01-19,LOC-10,Team Leader,1,1.0,7.98,8.0,0.0
2026-02-14,LOC-10,Team Leader,1,1.0,8.03,8.0,0.0
2026-02-20,LOC-10,Team Leader,1,1.0,8.22,8.0,0.0
2026-02-23,LOC-10,Team Leader,1,1.0,8.13,8.0,0.0
2026-02-27,LOC-10,Team Leader,1,1.0,7.91,8.0,0.0
2026-03-13,LOC-10,Team Leader,1,1.0,7.94,8.0,0.0
2026-04-18,LOC-10,Team Leader,1,1.0,7.87,8.0,0.0
2026-05-04,LOC-10,Team Leader,1,1.0,8.03,8.0,0.0
2026-05-30,LOC-10,Team Leader,1,1.0,7.99,8.0,0.0
2026-06-12,LOC-10,Team Leader,1,1.0,8.08,8.0,0.0
2026-06-15,LOC-10,Team Leader,1,1.0,9.1,8.0,1.0
2026-06-29,LOC-10,Team Leader,1,1.0,8.09,8.0,0.0
2025-08-01,LOC-03,Support Worker,3,3.0,27.53,26.0,1.0
2025-08-08,LOC-03,Support Worker,2,2.0,18.1,18.0,0.0
2025-08-29,LOC-03,Support Worker,3,3.0,27.65,24.0,2.0
2025-09-05,LOC-03,Support Worker,3,3.0,26.060000000000002,26.0,0.0
2025-10-17,LOC-03,Support Worker,3,3.0,24.66,24.0,0.0
2025-11-07,LOC-03,Support Worker,2,2.0,16.14,16.0,0.0
2025-11-21,LOC-03,Support Worker,3,3.0,26.19,26.0,0.0
2025-11-28,LOC-03,Support Worker,3,3.0,26.18,26.0,0.0
2025-12-05,LOC-03,Support Worker,3,3.0,25.96,24.0,1.0
2026-02-06,LOC-03,Support Worker,3,3.0,24.18,24.0,0.0
2026-02-27,LOC-03,Support Worker,3,2.0,19.979999999999997,28.0,0.0
2026-03-27,LOC-03,Support Worker,3,3.0,25.81,26.0,0.0
2026-05-15,LOC-03,Support Worker,3,3.0,25.800000000000004,26.0,0.0
2026-07-17,LOC-03,Support Worker,3,3.0,27.96,26.0,1.0
2025-08-04,LOC-05,Allied Health Clinician,3,3.0,26.6,26.0,1.0
2025-08-11,LOC-05,Allied Health Clinician,3,2.0,16.21,24.0,0.0
2025-08-12,LOC-05,Allied Health Clinician,2,2.0,15.67,16.0,0.0
2025-08-14,LOC-05,Allied Health Clinician,2,2.0,16.05,16.0,0.0
2025-08-17,LOC-05,Allied Health Clinician,2,1.0,7.84,16.0,0.0
2025-08-19,LOC-05,Allied Health Clinician,2,2.0,16.009999999999998,16.0,0.0
2025-09-07,LOC-05,Allied Health Clinician,2,2.0,17.78,18.0,0.0
2025-09-09,LOC-05,Allied Health Clinician,2,2.0,15.83,16.0,0.0
2025-09-28,LOC-05,Allied Health Clinician,2,2.0,18.14,16.0,1.0
2025-10-04,LOC-05,Allied Health Clinician,3,3.0,24.3,24.0,0.0
2025-10-09,LOC-05,Allied Health Clinician,3,3.0,23.659999999999997,24.0,0.0
2025-10-16,LOC-05,Allied Health Clinician,3,3.0,24.14,24.0,0.0
2025-10-30,LOC-05,Allied Health Clinician,3,3.0,23.72,24.0,0.0
2025-11-11,LOC-05,Allied Health Clinician,2,2.0,17.71,18.0,0.0
2025-11-13,LOC-05,Allied Health Clinician,3,1.0,9.11,24.0,1.0
2025-12-01,LOC-05,Allied Health Clinician,3,3.0,24.51,24.0,0.0
2025-12-11,LOC-05,Allied Health Clinician,3,3.0,24.240000000000002,24.0,0.0
2025-12-13,LOC-05,Allied Health Clinician,3,3.0,25.95,24.0,1.0
2025-12-14,LOC-05,Allied Health Clinician,2,2.0,16.23,16.0,0.0
2025-12-15,LOC-05,Allied Health Clinician,2,2.0,15.649999999999999,16.0,0.0
2025-12-30,LOC-05,Allied Health Clinician,2,2.0,15.89,16.0,0.0
2026-01-01,LOC-05,Allied Health Clinician,3,3.0,28.03,28.0,0.0
2026-01-05,LOC-05,Allied Health Clinician,2,2.0,16.27,16.0,0.0
2026-01-08,LOC-05,Allied Health Clinician,3,3.0,23.810000000000002,24.0,0.0
2026-01-12,LOC-05,Allied Health Clinician,3,3.0,23.66,24.0,0.0
2026-01-13,LOC-05,Allied Health Clinician,2,2.0,15.96,16.0,0.0
2026-01-17,LOC-05,Allied Health Clinician,3,3.0,28.49,28.0,0.0
2026-01-22,LOC-05,Allied Health Clinician,3,3.0,26.5,24.0,1.0
2026-01-25,LOC-05,Allied Health Clinician,2,2.0,18.02,18.0,0.0
2026-01-26,LOC-05,Allied Health Clinician,3,3.0,25.509999999999998,26.0,0.0
2026-01-31,LOC-05,Allied Health Clinician,3,3.0,23.79,24.0,0.0
2026-02-08,LOC-05,Allied Health Clinician,2,2.0,18.18,16.0,1.0
2026-02-16,LOC-05,Allied Health Clinician,3,2.0,16.28,24.0,0.0
2026-02-28,LOC-05,Allied Health Clinician,3,3.0,26.2,26.0,0.0
2026-03-03,LOC-05,Allied Health Clinician,2,2.0,16.04,16.0,0.0
2026-03-10,LOC-05,Allied Health Clinician,2,1.0,9.66,18.0,0.0
2026-03-12,LOC-05,Allied Health Clinician,3,3.0,24.019999999999996,24.0,0.0
2026-03-14,LOC-05,Allied Health Clinician,3,3.0,25.9,26.0,0.0
2026-03-17,LOC-05,Allied Health Clinician,2,1.0,8.03,16.0,0.0
2026-03-19,LOC-05,Allied Health Clinician,3,3.0,28.07,28.0,0.0
2026-03-21,LOC-05,Allied Health Clinician,3,3.0,23.82,24.0,0.0
2026-03-24,LOC-05,Allied Health Clinician,2,2.0,17.689999999999998,18.0,0.0
2026-03-31,LOC-05,Allied Health Clinician,2,2.0,18.02,18.0,0.0
2026-04-18,LOC-05,Allied Health Clinician,3,3.0,23.93,24.0,0.0
2026-05-02,LOC-05,Allied Health Clinician,3,3.0,26.849999999999998,26.0,1.0
2026-05-05,LOC-05,Allied Health Clinician,2,2.0,16.060000000000002,16.0,0.0
2026-05-07,LOC-05,Allied Health Clinician,3,3.0,24.17,24.0,0.0
2026-05-14,LOC-05,Allied Health Clinician,3,3.0,26.07,24.0,1.0
2026-05-17,LOC-05,Allied Health Clinician,2,2.0,16.03,16.0,0.0
2026-05-19,LOC-05,Allied Health Clinician,2,2.0,15.93,16.0,0.0
2026-05-30,LOC-05,Allied Health Clinician,3,3.0,24.020000000000003,24.0,0.0
2026-05-31,LOC-05,Allied Health Clinician,2,1.0,7.96,16.0,0.0
2026-06-01,LOC-05,Allied Health Clinician,3,2.0,15.940000000000001,24.0,0.0
2026-06-02,LOC-05,Allied Health Clinician,2,2.0,16.05,16.0,0.0
2026-06-29,LOC-05,Allied Health Clinician,3,2.0,17.31,26.0,1.0
2026-07-19,LOC-05,Allied Health Clinician,2,2.0,16.18,16.0,0.0
2026-07-23,LOC-05,Allied Health Clinician,3,3.0,26.15,26.0,0.0
2026-07-25,LOC-05,Allied Health Clinician,3,3.0,24.21,24.0,0.0
2026-07-26,LOC-05,Allied Health Clinician,2,2.0,16.119999999999997,16.0,0.0
2026-07-28,LOC-05,Allied Health Clinician,2,2.0,15.89,16.0,0.0
2025-10-01,LOC-01,Allied Health Clinician,1,1.0,7.8,8.0,0.0
2025-10-08,LOC-01,Allied Health Clinician,1,1.0,7.93,8.0,0.0
2025-10-29,LOC-01,Allied Health Clinician,1,1.0,9.02,8.0,1.0
2025-12-31,LOC-01,Allied Health Clinician,1,1.0,9.95,10.0,0.0
2026-02-04,LOC-01,Allied Health Clinician,1,1.0,8.14,8.0,0.0
2026-04-08,LOC-01,Allied Health Clinician,1,1.0,8.22,8.0,0.0
2026-04-15,LOC-01,Allied Health Clinician,1,1.0,7.99,8.0,0.0
2026-07-29,LOC-01,Allied Health Clinician,1,1.0,7.9,8.0,0.0
2025-08-30,LOC-03,Support Worker,1,1.0,7.89,8.0,0.0
2025-09-23,LOC-03,Support Worker,3,3.0,25.71,24.0,1.0
2025-10-11,LOC-03,Support Worker,1,1.0,10.08,10.0,0.0
2025-10-21,LOC-03,Support Worker,3,3.0,25.560000000000002,24.0,1.0
2025-12-16,LOC-03,Support Worker,3,3.0,28.71,26.0,1.0
2026-01-13,LOC-03,Support Worker,3,3.0,30.46,28.0,1.0
2026-01-17,LOC-03,Support Worker,1,1.0,7.82,8.0,0.0
2026-01-20,LOC-03,Support Worker,3,3.0,25.67,26.0,0.0
2026-02-07,LOC-03,Support Worker,1,1.0,7.95,8.0,0.0
2026-02-17,LOC-03,Support Worker,3,3.0,26.09,26.0,0.0
2026-02-24,LOC-03,Support Worker,3,3.0,25.75,24.0,1.0
2026-03-10,LOC-03,Support Worker,3,3.0,26.25,24.0,1.0
2026-03-24,LOC-03,Support Worker,3,3.0,26.51,24.0,1.0
2026-03-28,LOC-03,Support Worker,1,1.0,7.81,8.0,0.0
2026-04-25,LOC-03,Support Worker,1,1.0,9.9,10.0,0.0
2026-05-02,LOC-03,Support Worker,1,1.0,8.08,8.0,0.0
2026-05-30,LOC-03,Support Worker,1,1.0,7.76,8.0,0.0
2026-06-02,LOC-03,Support Worker,3,3.0,23.650000000000002,24.0,0.0
2026-06-20,LOC-03,Support Worker,1,0.0,0.0,8.0,0.0
2026-06-23,LOC-03,Support Worker,3,3.0,24.4,24.0,1.0
2026-07-11,LOC-03,Support Worker,1,1.0,8.0,8.0,0.0
2026-07-14,LOC-03,Support Worker,3,2.0,18.08,26.0,0.0
2025-08-03,LOC-02,Support Worker,4,4.0,32.0,32.0,0.0
2025-08-05,LOC-02,Support Worker,3,2.0,18.1,26.0,0.0
2025-08-09,LOC-02,Support Worker,3,3.0,24.1,24.0,0.0
2025-08-12,LOC-02,Support Worker,3,3.0,26.089999999999996,26.0,0.0
2025-08-15,LOC-02,Support Worker,4,4.0,31.949999999999996,32.0,0.0
2025-08-16,LOC-02,Support Worker,3,3.0,24.24,24.0,0.0
2025-08-19,LOC-02,Support Worker,3,3.0,25.869999999999997,26.0,0.0
2025-08-25,LOC-02,Support Worker,4,4.0,33.58,32.0,1.0
2025-08-29,LOC-02,Support Worker,4,4.0,34.03,34.0,0.0
2025-09-01,LOC-02,Support Worker,4,4.0,31.830000000000002,32.0,0.0
2025-09-09,LOC-02,Support Worker,3,3.0,26.22,24.0,1.0
2025-09-16,LOC-02,Support Worker,2,2.0,16.619999999999997,16.0,1.0
2025-09-19,LOC-02,Support Worker,3,3.0,24.1,24.0,0.0
2025-09-28,LOC-02,Support Worker,4,3.0,23.94,32.0,0.0
2025-10-17,LOC-02,Support Worker,4,2.0,16.21,34.0,0.0
2025-10-25,LOC-02,Support Worker,3,3.0,24.35,24.0,0.0
2025-10-28,LOC-02,Support Worker,2,2.0,16.240000000000002,16.0,0.0
2025-11-02,LOC-02,Support Worker,4,4.0,35.980000000000004,36.0,0.0
2025-11-07,LOC-02,Support Worker,4,4.0,31.840000000000003,32.0,0.0
2025-11-21,LOC-02,Support Worker,4,4.0,34.56,34.0,0.0
2025-11-29,LOC-02,Support Worker,3,3.0,24.330000000000002,24.0,0.0
2025-12-06,LOC-02,Support Worker,2,2.0,15.88,16.0,0.0
2025-12-13,LOC-02,Support Worker,2,2.0,15.52,16.0,0.0
2025-12-28,LOC-02,Support Worker,4,4.0,33.81,34.0,0.0
2026-01-09,LOC-02,Support Worker,4,4.0,33.89,34.0,0.0
2026-01-13,LOC-02,Support Worker,2,2.0,16.08,16.0,0.0
2026-01-20,LOC-02,Support Worker,3,3.0,26.19,26.0,0.0
2026-01-23,LOC-02,Support Worker,3,3.0,23.89,24.0,0.0
2026-01-26,LOC-02,Support Worker,3,3.0,27.85,28.0,0.0
2026-01-27,LOC-02,Support Worker,3,3.0,25.96,26.0,0.0
2026-02-03,LOC-02,Support Worker,3,3.0,23.86,24.0,0.0
2026-02-10,LOC-02,Support Worker,3,3.0,30.240000000000002,26.0,2.0
2026-02-20,LOC-02,Support Worker,4,4.0,33.54,32.0,1.0
2026-02-22,LOC-02,Support Worker,4,3.0,23.879999999999995,32.0,0.0
2026-03-06,LOC-02,Support Worker,4,4.0,35.58,34.0,1.0
2026-03-07,LOC-02,Support Worker,3,3.0,25.25,24.0,1.0
2026-03-08,LOC-02,Support Worker,4,4.0,34.36,32.0,1.0
2026-03-13,LOC-02,Support Worker,2,2.0,18.07,18.0,0.0
2026-03-23,LOC-02,Support Worker,4,4.0,32.050000000000004,32.0,0.0
2026-03-30,LOC-02,Support Worker,4,4.0,32.01,32.0,0.0
2026-04-04,LOC-02,Support Worker,3,3.0,24.39,24.0,0.0
2026-04-07,LOC-02,Support Worker,3,3.0,26.479999999999997,24.0,1.0
2026-04-13,LOC-02,Support Worker,4,4.0,31.840000000000003,32.0,0.0
2026-04-17,LOC-02,Support Worker,4,3.0,26.27,34.0,0.0
2026-04-20,LOC-02,Support Worker,4,4.0,31.740000000000002,32.0,0.0
2026-05-01,LOC-02,Support Worker,3,3.0,23.85,24.0,0.0
2026-05-03,LOC-02,Support Worker,3,2.0,15.79,24.0,0.0
2026-05-08,LOC-02,Support Worker,3,3.0,24.0,24.0,0.0
2026-05-10,LOC-02,Support Worker,4,4.0,34.39,32.0,1.0
2026-05-11,LOC-02,Support Worker,4,3.0,23.8,32.0,0.0
2026-05-19,LOC-02,Support Worker,3,3.0,24.14,24.0,0.0
2026-05-26,LOC-02,Support Worker,3,3.0,25.54,24.0,1.0
2026-05-29,LOC-02,Support Worker,4,4.0,31.990000000000002,32.0,0.0
2026-06-07,LOC-02,Support Worker,4,3.0,23.65,32.0,0.0
2026-06-14,LOC-02,Support Worker,4,4.0,32.6,32.0,0.0
2026-06-16,LOC-02,Support Worker,3,2.0,16.16,26.0,0.0
2026-06-22,LOC-02,Support Worker,4,4.0,32.22,32.0,0.0
2026-06-28,LOC-02,Support Worker,4,4.0,36.49,32.0,2.0
2026-07-11,LOC-02,Support Worker,3,2.0,17.409999999999997,24.0,1.0
2026-07-19,LOC-02,Support Worker,4,4.0,33.97,34.0,0.0
2025-09-13,LOC-05,Allied Health Clinician,2,2.0,15.77,16.0,0.0
2025-11-24,LOC-05,Allied Health Clinician,2,2.0,16.16,16.0,0.0
2025-12-16,LOC-05,Allied Health Clinician,1,1.0,8.12,8.0,0.0
2025-12-28,LOC-05,Allied Health Clinician,1,1.0,8.16,8.0,0.0
2026-03-15,LOC-05,Allied Health Clinician,1,1.0,8.18,8.0,0.0
2026-07-04,LOC-05,Allied Health Clinician,2,2.0,17.85,16.0,1.0
2026-07-09,LOC-05,Allied Health Clinician,2,2.0,16.09,16.0,0.0
2026-07-11,LOC-05,Allied Health Clinician,2,2.0,15.8,16.0,0.0
2026-07-12,LOC-05,Allied Health Clinician,1,1.0,8.12,8.0,0.0
2026-07-14,LOC-05,Allied Health Clinician,1,1.0,8.09,8.0,0.0
2025-08-01,LOC-09,Allied Health Clinician,2,2.0,16.09,16.0,0.0
2025-08-14,LOC-09,Allied Health Clinician,2,2.0,16.27,16.0,0.0
2025-08-21,LOC-09,Allied Health Clinician,2,2.0,16.16,16.0,0.0
2025-08-28,LOC-09,Allied Health Clinician,2,2.0,18.59,16.0,1.0
2025-09-05,LOC-09,Allied Health Clinician,2,2.0,16.78,16.0,1.0
2025-09-10,LOC-09,Allied Health Clinician,2,2.0,15.799999999999999,16.0,0.0
2025-09-16,LOC-09,Allied Health Clinician,1,1.0,7.86,8.0,0.0
2025-09-17,LOC-09,Allied Health Clinician,2,2.0,17.880000000000003,18.0,0.0
2025-09-20,LOC-09,Allied Health Clinician,2,2.0,15.77,16.0,0.0
2025-09-23,LOC-09,Allied Health Clinician,1,1.0,7.98,8.0,0.0
2025-09-24,LOC-09,Allied Health Clinician,1,1.0,10.48,8.0,1.0
2025-09-27,LOC-09,Allied Health Clinician,1,1.0,8.31,8.0,0.0
2025-10-01,LOC-09,Allied Health Clinician,1,0.0,0.0,8.0,0.0
2025-10-04,LOC-09,Allied Health Clinician,1,1.0,8.01,8.0,0.0
2025-10-10,LOC-09,Allied Health Clinician,1,1.0,7.75,8.0,0.0
2025-10-17,LOC-09,Allied Health Clinician,2,2.0,17.759999999999998,18.0,0.0
2025-10-28,LOC-09,Allied Health Clinician,1,1.0,8.06,8.0,0.0
2025-11-12,LOC-09,Allied Health Clinician,2,2.0,18.57,16.0,1.0
2025-11-15,LOC-09,Allied Health Clinician,2,2.0,15.969999999999999,16.0,0.0
2025-11-21,LOC-09,Allied Health Clinician,2,2.0,16.04,16.0,0.0
2025-12-19,LOC-09,Allied Health Clinician,2,2.0,16.0,16.0,0.0
2025-12-30,LOC-09,Allied Health Clinician,1,1.0,7.98,8.0,0.0
2026-01-08,LOC-09,Allied Health Clinician,2,2.0,16.34,16.0,0.0
2026-01-13,LOC-09,Allied Health Clinician,1,0.0,0.0,8.0,0.0
2026-01-16,LOC-09,Allied Health Clinician,2,2.0,16.94,16.0,1.0
2026-01-17,LOC-09,Allied Health Clinician,2,2.0,16.990000000000002,16.0,1.0
2026-01-20,LOC-09,Allied Health Clinician,1,1.0,8.25,8.0,0.0
2026-02-10,LOC-09,Allied Health Clinician,1,1.0,7.84,8.0,0.0
2026-02-11,LOC-09,Allied Health Clinician,2,2.0,19.71,18.0,1.0
2026-02-17,LOC-09,Allied Health Clinician,1,1.0,10.94,8.0,1.0
2026-02-27,LOC-09,Allied Health Clinician,2,2.0,16.33,16.0,0.0
2026-03-05,LOC-09,Allied Health Clinician,2,2.0,16.0,16.0,0.0
2026-03-13,LOC-09,Allied Health Clinician,2,2.0,16.08,16.0,0.0
2026-03-19,LOC-09,Allied Health Clinician,2,2.0,15.99,16.0,0.0
2026-03-21,LOC-09,Allied Health Clinician,2,2.0,16.15,16.0,0.0
2026-03-24,LOC-09,Allied Health Clinician,1,1.0,8.23,8.0,0.0
2026-03-25,LOC-09,Allied Health Clinician,2,2.0,15.780000000000001,16.0,0.0
2026-04-02,LOC-09,Allied Health Clinician,2,2.0,20.240000000000002,18.0,1.0
2026-04-07,LOC-09,Allied Health Clinician,1,1.0,8.13,8.0,0.0
2026-04-16,LOC-09,Allied Health Clinician,2,2.0,16.16,16.0,0.0
2026-04-21,LOC-09,Allied Health Clinician,1,1.0,8.03,8.0,0.0
2026-04-23,LOC-09,Allied Health Clinician,2,2.0,15.7,16.0,0.0
2026-05-07,LOC-09,Allied Health Clinician,2,1.0,7.98,16.0,0.0
2026-05-08,LOC-09,Allied Health Clinician,2,2.0,16.03,16.0,0.0
2026-05-21,LOC-09,Allied Health Clinician,1,1.0,7.83,8.0,0.0
2026-05-22,LOC-09,Allied Health Clinician,1,1.0,7.94,8.0,0.0
2026-05-27,LOC-09,Allied Health Clinician,2,2.0,17.82,18.0,0.0
2026-06-09,LOC-09,Allied Health Clinician,1,1.0,8.06,8.0,0.0
2026-06-10,LOC-09,Allied Health Clinician,2,2.0,16.28,16.0,0.0
2026-06-11,LOC-09,Allied Health Clinician,2,2.0,16.79,16.0,1.0
2026-06-20,LOC-09,Allied Health Clinician,2,2.0,16.13,16.0,0.0
2026-06-30,LOC-09,Allied Health Clinician,1,1.0,7.98,8.0,0.0
2026-07-11,LOC-09,Allied Health Clinician,2,2.0,15.77,16.0,0.0
2026-07-15,LOC-09,Allied Health Clinician,1,1.0,7.97,8.0,0.0
2026-07-17,LOC-09,Allied Health Clinician,2,2.0,17.560000000000002,16.0,1.0
2026-07-21,LOC-09,Allied Health Clinician,1,1.0,7.84,8.0,0.0
2026-07-23,LOC-09,Allied Health Clinician,2,2.0,16.0,16.0,0.0
2026-07-30,LOC-09,Allied Health Clinician,2,2.0,15.72,16.0,0.0
2025-09-01,LOC-05,Support Worker,3,2.0,16.21,24.0,0.0
2025-09-15,LOC-05,Support Worker,3,3.0,24.36,24.0,0.0
2025-09-22,LOC-05,Support Worker,1,1.0,8.14,8.0,0.0
2025-10-06,LOC-05,Support Worker,3,3.0,26.14,24.0,1.0
2025-10-13,LOC-05,Support Worker,3,3.0,24.18,24.0,0.0
2025-11-03,LOC-05,Support Worker,2,2.0,16.01,16.0,0.0
2025-12-29,LOC-05,Support Worker,3,2.0,19.01,24.0,1.0
2026-02-02,LOC-05,Support Worker,3,3.0,25.41,26.0,0.0
2026-03-30,LOC-05,Support Worker,3,3.0,25.950000000000003,26.0,0.0
2026-04-27,LOC-05,Support Worker,3,3.0,25.560000000000002,24.0,1.0
2026-07-13,LOC-05,Support Worker,3,3.0,25.86,26.0,0.0
2025-08-05,LOC-08,Coordinator,1,0.0,0.0,10.0,0.0
2025-08-10,LOC-08,Coordinator,1,1.0,10.16,10.0,0.0
2025-08-17,LOC-08,Coordinator,1,1.0,8.07,8.0,0.0
2025-08-24,LOC-08,Coordinator,1,1.0,7.95,8.0,0.0
2025-09-07,LOC-08,Coordinator,1,1.0,8.1,8.0,0.0
2025-09-18,LOC-08,Coordinator,1,1.0,7.94,8.0,0.0
2025-10-09,LOC-08,Coordinator,1,1.0,8.06,8.0,0.0
2025-10-30,LOC-08,Coordinator,1,1.0,7.95,8.0,0.0
2025-11-02,LOC-08,Coordinator,1,1.0,8.09,8.0,0.0
2025-11-06,LOC-08,Coordinator,1,1.0,8.11,8.0,0.0
2025-11-13,LOC-08,Coordinator,1,1.0,10.16,8.0,1.0
2025-11-16,LOC-08,Coordinator,1,1.0,7.95,8.0,0.0
2025-11-20,LOC-08,Coordinator,1,1.0,9.73,8.0,1.0
2025-11-30,LOC-08,Coordinator,1,1.0,8.07,8.0,0.0
2025-12-04,LOC-08,Coordinator,1,1.0,8.13,8.0,0.0
2025-12-18,LOC-08,Coordinator,1,1.0,7.96,8.0,0.0
2025-12-21,LOC-08,Coordinator,1,1.0,8.2,8.0,0.0
2025-12-23,LOC-08,Coordinator,1,1.0,12.77,10.0,1.0
2025-12-25,LOC-08,Coordinator,1,1.0,8.12,8.0,0.0
2025-12-30,LOC-08,Coordinator,1,1.0,9.64,8.0,1.0
2026-01-04,LOC-08,Coordinator,1,1.0,9.36,8.0,1.0
2026-01-27,LOC-08,Coordinator,1,1.0,8.14,8.0,0.0
2026-02-08,LOC-08,Coordinator,1,1.0,8.13,8.0,0.0
2026-02-17,LOC-08,Coordinator,1,1.0,8.32,8.0,0.0
2026-02-19,LOC-08,Coordinator,1,1.0,8.11,8.0,0.0
2026-02-22,LOC-08,Coordinator,1,1.0,9.24,8.0,1.0
2026-02-24,LOC-08,Coordinator,1,1.0,7.95,8.0,0.0
2026-02-26,LOC-08,Coordinator,1,0.0,0.0,8.0,0.0
2026-03-05,LOC-08,Coordinator,1,1.0,7.88,8.0,0.0
2026-03-08,LOC-08,Coordinator,1,1.0,7.87,8.0,0.0
2026-03-12,LOC-08,Coordinator,1,1.0,8.01,8.0,0.0
2026-03-17,LOC-08,Coordinator,1,1.0,8.29,8.0,0.0
2026-03-22,LOC-08,Coordinator,1,1.0,8.08,8.0,0.0
2026-03-31,LOC-08,Coordinator,1,1.0,7.89,8.0,0.0
2026-04-07,LOC-08,Coordinator,1,1.0,8.1,8.0,0.0
2026-04-09,LOC-08,Coordinator,1,1.0,7.99,8.0,0.0
2026-04-19,LOC-08,Coordinator,1,1.0,8.14,8.0,0.0
2026-05-07,LOC-08,Coordinator,1,1.0,8.08,8.0,0.0
2026-05-17,LOC-08,Coordinator,1,1.0,8.08,8.0,0.0
2026-05-21,LOC-08,Coordinator,1,1.0,8.13,8.0,0.0
2026-06-02,LOC-08,Coordinator,1,1.0,7.93,8.0,0.0
2026-06-04,LOC-08,Coordinator,1,1.0,8.22,8.0,0.0
2026-06-07,LOC-08,Coordinator,1,1.0,7.9,8.0,0.0
2026-06-11,LOC-08,Coordinator,1,1.0,7.97,8.0,0.0
2026-06-14,LOC-08,Coordinator,1,1.0,9.41,8.0,1.0
2026-06-30,LOC-08,Coordinator,1,1.0,7.89,8.0,0.0
2026-07-09,LOC-08,Coordinator,1,1.0,8.03,8.0,0.0
2026-07-28,LOC-08,Coordinator,1,1.0,8.11,8.0,0.0
2025-08-15,LOC-05,Coordinator,2,1.0,8.15,16.0,0.0
2025-09-26,LOC-05,Coordinator,2,2.0,15.89,16.0,0.0
2025-10-10,LOC-05,Coordinator,2,2.0,16.02,16.0,0.0
2025-12-05,LOC-05,Coordinator,2,2.0,16.08,16.0,0.0
2025-12-12,LOC-05,Coordinator,2,2.0,15.78,16.0,0.0
2026-01-30,LOC-05,Coordinator,2,2.0,17.91,18.0,0.0
2026-03-06,LOC-05,Coordinator,2,2.0,15.790000000000001,16.0,0.0
2026-05-01,LOC-05,Coordinator,2,2.0,15.8,16.0,0.0
2026-05-08,LOC-05,Coordinator,2,2.0,16.16,16.0,0.0
2026-06-05,LOC-05,Coordinator,2,2.0,18.03,18.0,0.0
2026-06-12,LOC-05,Coordinator,2,2.0,16.27,16.0,0.0
2025-08-13,LOC-06,Support Worker,2,1.0,8.23,16.0,0.0
2025-09-10,LOC-06,Support Worker,2,2.0,18.060000000000002,18.0,0.0
2025-10-22,LOC-06,Support Worker,2,1.0,7.98,16.0,0.0
2025-10-29,LOC-06,Support Worker,2,2.0,15.88,16.0,0.0
2025-12-10,LOC-06,Support Worker,2,2.0,17.66,18.0,0.0
2025-12-24,LOC-06,Support Worker,2,2.0,18.07,16.0,1.0
2026-01-28,LOC-06,Support Worker,2,2.0,15.879999999999999,16.0,0.0
2026-02-25,LOC-06,Support Worker,2,2.0,18.62,16.0,1.0
2026-03-25,LOC-06,Support Worker,2,2.0,16.53,16.0,0.0
2026-04-29,LOC-06,Support Worker,2,2.0,18.68,16.0,1.0
2026-05-13,LOC-06,Support Worker,2,2.0,16.3,16.0,0.0
2026-05-20,LOC-06,Support Worker,2,2.0,18.17,18.0,0.0
2026-06-03,LOC-06,Support Worker,2,2.0,18.240000000000002,18.0,0.0
2026-06-10,LOC-06,Support Worker,2,2.0,15.84,16.0,0.0
2026-07-08,LOC-06,Support Worker,2,2.0,15.989999999999998,16.0,0.0
2026-07-29,LOC-06,Support Worker,2,2.0,16.369999999999997,16.0,0.0
2025-08-01,LOC-02,Allied Health Clinician,1,1.0,7.96,8.0,0.0
2025-08-22,LOC-02,Allied Health Clinician,1,1.0,8.2,8.0,0.0
2025-09-11,LOC-02,Allied Health Clinician,2,2.0,15.829999999999998,16.0,0.0
2025-09-18,LOC-02,Allied Health Clinician,2,2.0,15.82,16.0,0.0
2025-09-26,LOC-02,Allied Health Clinician,1,1.0,8.06,8.0,0.0
2025-10-31,LOC-02,Allied Health Clinician,1,1.0,8.14,8.0,0.0
2025-12-18,LOC-02,Allied Health Clinician,2,2.0,16.03,16.0,0.0
2025-12-25,LOC-02,Allied Health Clinician,2,2.0,15.97,16.0,0.0
2025-12-26,LOC-02,Allied Health Clinician,1,1.0,8.0,8.0,0.0
2026-01-02,LOC-02,Allied Health Clinician,1,1.0,8.0,8.0,0.0
2026-01-08,LOC-02,Allied Health Clinician,2,2.0,17.97,16.0,1.0
2026-02-05,LOC-02,Allied Health Clinician,2,2.0,15.93,16.0,0.0
2026-02-06,LOC-02,Allied Health Clinician,1,1.0,7.79,8.0,0.0
2026-02-19,LOC-02,Allied Health Clinician,1,1.0,9.64,10.0,0.0
2026-03-27,LOC-02,Allied Health Clinician,1,1.0,7.73,8.0,0.0
2026-04-02,LOC-02,Allied Health Clinician,2,2.0,18.759999999999998,16.0,1.0
2026-04-10,LOC-02,Allied Health Clinician,1,1.0,8.19,8.0,0.0
2026-04-30,LOC-02,Allied Health Clinician,2,2.0,18.03,18.0,0.0
2026-05-07,LOC-02,Allied Health Clinician,2,2.0,15.97,16.0,0.0
2026-05-14,LOC-02,Allied Health Clinician,2,2.0,16.880000000000003,16.0,1.0
2026-05-22,LOC-02,Allied Health Clinician,1,1.0,8.08,8.0,0.0
2026-06-19,LOC-02,Allied Health Clinician,1,1.0,7.87,8.0,0.0
2026-06-25,LOC-02,Allied Health Clinician,2,2.0,15.68,16.0,0.0
2026-07-02,LOC-02,Allied Health Clinician,2,2.0,16.21,16.0,0.0
2026-07-23,LOC-02,Allied Health Clinician,2,2.0,15.93,16.0,0.0
2026-07-31,LOC-02,Allied Health Clinician,1,1.0,9.94,10.0,0.0
2025-08-02,LOC-09,Support Worker,3,3.0,24.370000000000005,24.0,0.0
2025-08-16,LOC-09,Support Worker,3,3.0,24.009999999999998,24.0,0.0
2025-09-12,LOC-09,Support Worker,3,2.0,15.77,26.0,0.0
2025-09-26,LOC-09,Support Worker,4,4.0,31.61,32.0,0.0
2025-10-07,LOC-09,Support Worker,1,1.0,7.92,8.0,0.0
2025-10-31,LOC-09,Support Worker,4,4.0,34.35,34.0,0.0
2025-11-04,LOC-09,Support Worker,1,1.0,8.1,8.0,0.0
2025-11-11,LOC-09,Support Worker,1,1.0,9.22,8.0,1.0
2025-11-18,LOC-09,Support Worker,1,1.0,8.58,8.0,1.0
2025-11-22,LOC-09,Support Worker,3,3.0,24.12,24.0,0.0
2025-11-28,LOC-09,Support Worker,4,4.0,31.97,32.0,0.0
2025-12-09,LOC-09,Support Worker,1,1.0,8.1,8.0,0.0
2025-12-12,LOC-09,Support Worker,4,4.0,33.85,32.0,1.0
2025-12-26,LOC-09,Support Worker,4,4.0,35.980000000000004,36.0,0.0
2026-01-02,LOC-09,Support Worker,4,4.0,32.43,32.0,0.0
2026-01-27,LOC-09,Support Worker,1,1.0,8.07,8.0,0.0
2026-02-28,LOC-09,Support Worker,3,3.0,26.51,24.0,1.0
2026-03-02,LOC-09,Support Worker,3,3.0,24.1,24.0,0.0
2026-03-03,LOC-09,Support Worker,1,1.0,8.51,8.0,1.0
2026-03-07,LOC-09,Support Worker,2,2.0,17.54,18.0,0.0
2026-03-09,LOC-09,Support Worker,3,3.0,23.740000000000002,24.0,0.0
2026-03-14,LOC-09,Support Worker,3,3.0,25.810000000000002,26.0,0.0
2026-03-28,LOC-09,Support Worker,3,3.0,24.05,24.0,0.0
2026-04-24,LOC-09,Support Worker,4,3.0,27.28,32.0,1.0
2026-04-25,LOC-09,Support Worker,2,2.0,16.09,16.0,0.0
2026-05-02,LOC-09,Support Worker,3,3.0,28.68,26.0,1.0
2026-05-05,LOC-09,Support Worker,1,1.0,7.88,8.0,0.0
2026-05-15,LOC-09,Support Worker,4,4.0,31.65,32.0,0.0
2026-05-23,LOC-09,Support Worker,3,2.0,18.16,26.0,0.0
2026-05-30,LOC-09,Support Worker,3,3.0,25.889999999999997,26.0,0.0
2026-06-12,LOC-09,Support Worker,4,4.0,34.25,32.0,1.0
2026-06-13,LOC-09,Support Worker,3,3.0,26.009999999999998,26.0,0.0
2026-06-19,LOC-09,Support Worker,4,4.0,36.13,34.0,1.0
2026-06-26,LOC-09,Support Worker,4,4.0,36.86,32.0,2.0
2026-07-04,LOC-09,Support Worker,3,3.0,24.23,24.0,0.0
2026-07-18,LOC-09,Support Worker,3,2.0,18.61,26.0,1.0
2026-07-25,LOC-09,Support Worker,3,3.0,25.7,24.0,1.0
2025-08-07,LOC-10,Support Worker,2,2.0,15.82,16.0,0.0
2025-08-21,LOC-10,Support Worker,3,3.0,26.0,26.0,0.0
2025-10-23,LOC-10,Support Worker,3,3.0,29.66,24.0,3.0
2025-11-06,LOC-10,Support Worker,2,2.0,15.89,16.0,0.0
2025-11-20,LOC-10,Support Worker,3,3.0,25.77,24.0,1.0
2026-02-12,LOC-10,Support Worker,3,2.0,16.07,24.0,0.0
2026-02-26,LOC-10,Support Worker,3,2.0,16.43,24.0,0.0
2026-03-05,LOC-10,Support Worker,3,3.0,24.0,24.0,0.0
2026-03-19,LOC-10,Support Worker,3,3.0,23.52,24.0,0.0
2026-04-02,LOC-10,Support Worker,3,3.0,23.689999999999998,24.0,0.0
2026-04-09,LOC-10,Support Worker,3,3.0,27.950000000000003,28.0,0.0
2026-06-25,LOC-10,Support Worker,3,3.0,23.82,24.0,0.0
2025-08-06,LOC-10,Coordinator,1,1.0,10.78,8.0,1.0
2025-08-07,LOC-10,Coordinator,1,1.0,7.81,8.0,0.0
2025-08-12,LOC-10,Coordinator,1,1.0,7.79,8.0,0.0
2025-08-20,LOC-10,Coordinator,1,1.0,7.65,8.0,0.0
2025-08-21,LOC-10,Coordinator,1,1.0,7.9,8.0,0.0
2025-08-27,LOC-10,Coordinator,1,1.0,7.75,8.0,0.0
2025-08-31,LOC-10,Coordinator,1,1.0,9.15,8.0,1.0
2025-09-26,LOC-10,Coordinator,1,1.0,8.02,8.0,0.0
2025-09-28,LOC-10,Coordinator,1,1.0,7.91,8.0,0.0
2025-10-01,LOC-10,Coordinator,1,1.0,7.96,8.0,0.0
2025-10-07,LOC-10,Coordinator,1,1.0,8.0,8.0,0.0
2025-10-12,LOC-10,Coordinator,1,1.0,9.76,8.0,1.0
2025-10-15,LOC-10,Coordinator,1,1.0,7.88,8.0,0.0
2025-10-23,LOC-10,Coordinator,1,1.0,8.24,8.0,0.0
2025-10-26,LOC-10,Coordinator,1,1.0,7.99,8.0,0.0
2025-11-06,LOC-10,Coordinator,1,1.0,10.32,8.0,1.0
2025-11-07,LOC-10,Coordinator,1,0.0,0.0,8.0,0.0
2025-11-09,LOC-10,Coordinator,1,1.0,8.97,8.0,1.0
2025-11-16,LOC-10,Coordinator,1,1.0,10.7,8.0,1.0
2025-11-20,LOC-10,Coordinator,1,1.0,8.0,8.0,0.0
2025-11-21,LOC-10,Coordinator,1,1.0,8.04,8.0,0.0
2025-12-03,LOC-10,Coordinator,1,1.0,7.9,8.0,0.0
2025-12-12,LOC-10,Coordinator,1,1.0,7.8,8.0,0.0
2025-12-21,LOC-10,Coordinator,1,1.0,8.04,8.0,0.0
2025-12-23,LOC-10,Coordinator,1,1.0,8.09,8.0,0.0
2025-12-30,LOC-10,Coordinator,1,1.0,7.89,8.0,0.0
2026-01-09,LOC-10,Coordinator,1,1.0,7.96,8.0,0.0
2026-01-14,LOC-10,Coordinator,1,1.0,7.73,8.0,0.0
2026-01-21,LOC-10,Coordinator,1,0.0,0.0,8.0,0.0
2026-01-23,LOC-10,Coordinator,1,1.0,7.89,8.0,0.0
2026-01-27,LOC-10,Coordinator,1,0.0,0.0,8.0,0.0
2026-02-03,LOC-10,Coordinator,1,1.0,10.47,8.0,1.0
2026-02-04,LOC-10,Coordinator,1,1.0,8.08,8.0,0.0
2026-02-10,LOC-10,Coordinator,1,1.0,7.95,8.0,0.0
2026-02-12,LOC-10,Coordinator,1,1.0,7.86,8.0,0.0
2026-02-26,LOC-10,Coordinator,1,1.0,8.19,8.0,0.0
2026-03-04,LOC-10,Coordinator,1,1.0,7.85,8.0,0.0
2026-03-05,LOC-10,Coordinator,1,1.0,8.23,8.0,0.0
2026-03-11,LOC-10,Coordinator,1,1.0,7.69,8.0,0.0
2026-03-19,LOC-10,Coordinator,1,1.0,7.61,8.0,0.0
2026-03-22,LOC-10,Coordinator,1,1.0,10.32,10.0,0.0
2026-03-24,LOC-10,Coordinator,1,1.0,9.87,10.0,0.0
2026-04-01,LOC-10,Coordinator,1,1.0,7.88,8.0,0.0
2026-04-02,LOC-10,Coordinator,1,1.0,7.93,8.0,0.0
2026-04-07,LOC-10,Coordinator,1,1.0,8.02,8.0,0.0
2026-04-09,LOC-10,Coordinator,1,1.0,10.19,10.0,0.0
2026-04-10,LOC-10,Coordinator,1,1.0,8.1,8.0,0.0
2026-04-29,LOC-10,Coordinator,1,1.0,8.08,8.0,0.0
2026-05-01,LOC-10,Coordinator,1,1.0,10.9,8.0,1.0
2026-05-05,LOC-10,Coordinator,1,1.0,7.84,8.0,0.0
2026-05-21,LOC-10,Coordinator,1,1.0,8.11,8.0,0.0
2026-05-22,LOC-10,Coordinator,1,0.0,0.0,8.0,0.0
2026-05-27,LOC-10,Coordinator,1,1.0,8.16,8.0,0.0
2026-06-19,LOC-10,Coordinator,1,1.0,8.07,8.0,0.0
2026-06-25,LOC-10,Coordinator,1,1.0,7.98,8.0,0.0
2026-06-30,LOC-10,Coordinator,1,1.0,8.16,8.0,0.0
2026-07-01,LOC-10,Coordinator,1,1.0,7.96,8.0,0.0
2026-07-07,LOC-10,Coordinator,1,1.0,7.91,8.0,0.0
2026-07-12,LOC-10,Coordinator,1,1.0,8.56,8.0,0.0
2025-08-02,LOC-05,Support Worker,3,3.0,24.160000000000004,24.0,0.0
2025-08-08,LOC-05,Support Worker,1,1.0,7.9,8.0,0.0
2025-08-15,LOC-05,Support Worker,1,1.0,8.02,8.0,0.0
2025-08-30,LOC-05,Support Worker,3,3.0,26.18,26.0,0.0
2025-09-26,LOC-05,Support Worker,1,1.0,8.06,8.0,0.0
2025-09-27,LOC-05,Support Worker,3,3.0,23.67,24.0,0.0
2025-10-10,LOC-05,Support Worker,1,1.0,10.19,10.0,0.0
2025-11-08,LOC-05,Support Worker,3,3.0,26.9,26.0,1.0
2025-11-29,LOC-05,Support Worker,2,2.0,15.98,16.0,0.0
2025-12-05,LOC-05,Support Worker,1,1.0,8.1,8.0,0.0
2025-12-12,LOC-05,Support Worker,1,1.0,8.08,8.0,0.0
2026-01-23,LOC-05,Support Worker,1,1.0,8.43,8.0,0.0
2026-01-30,LOC-05,Support Worker,1,1.0,10.11,10.0,0.0
2026-02-07,LOC-05,Support Worker,3,3.0,25.85,26.0,0.0
2026-03-06,LOC-05,Support Worker,1,1.0,8.12,8.0,0.0
2026-03-07,LOC-05,Support Worker,3,3.0,25.689999999999998,26.0,0.0
2026-04-10,LOC-05,Support Worker,1,1.0,8.12,8.0,0.0
2026-04-11,LOC-05,Support Worker,3,3.0,24.04,24.0,0.0
2026-05-01,LOC-05,Support Worker,1,1.0,7.85,8.0,0.0
2026-05-08,LOC-05,Support Worker,1,1.0,8.05,8.0,0.0
2026-05-11,LOC-05,Support Worker,2,2.0,18.48,16.0,1.0
2026-05-16,LOC-05,Support Worker,3,3.0,26.37,24.0,1.0
2026-05-28,LOC-05,Support Worker,3,3.0,26.810000000000002,26.0,1.0
2026-06-05,LOC-05,Support Worker,1,1.0,8.09,8.0,0.0
2026-06-06,LOC-05,Support Worker,3,3.0,24.450000000000003,24.0,0.0
2026-06-12,LOC-05,Support Worker,1,1.0,10.07,10.0,0.0
2026-06-13,LOC-05,Support Worker,3,3.0,24.65,24.0,1.0
2026-06-20,LOC-05,Support Worker,3,3.0,24.27,24.0,1.0
2026-06-27,LOC-05,Support Worker,3,3.0,23.72,24.0,0.0
2026-07-03,LOC-05,Support Worker,1,1.0,7.96,8.0,0.0
2026-07-18,LOC-05,Support Worker,3,3.0,28.49,26.0,1.0
2025-09-03,LOC-08,Support Worker,6,6.0,50.68,50.0,1.0
2025-09-10,LOC-08,Support Worker,6,6.0,47.79,48.0,0.0
2025-09-17,LOC-08,Support Worker,6,5.0,44.08,52.0,0.0
2025-10-22,LOC-08,Support Worker,6,6.0,51.75,50.0,1.0
2025-11-06,LOC-08,Support Worker,7,6.0,47.62,56.0,0.0
2025-12-17,LOC-08,Support Worker,6,5.0,39.85,48.0,0.0
2026-02-19,LOC-08,Support Worker,7,7.0,61.47,58.0,2.0
2026-02-25,LOC-08,Support Worker,6,6.0,50.47,48.0,1.0
2026-02-26,LOC-08,Support Worker,7,7.0,59.269999999999996,58.0,1.0
2026-03-06,LOC-08,Support Worker,3,1.0,8.23,26.0,0.0
2026-03-11,LOC-08,Support Worker,6,6.0,52.71999999999999,50.0,1.0
2026-03-18,LOC-08,Support Worker,6,5.0,40.32,50.0,0.0
2026-03-25,LOC-08,Support Worker,6,5.0,42.07,52.0,0.0
2026-04-08,LOC-08,Support Worker,6,6.0,51.010000000000005,50.0,1.0
2026-04-15,LOC-08,Support Worker,6,6.0,47.69,48.0,0.0
2026-06-04,LOC-08,Support Worker,7,7.0,58.17,58.0,0.0
2026-07-01,LOC-08,Support Worker,4,4.0,32.1,32.0,0.0
2026-07-22,LOC-08,Support Worker,5,5.0,39.89,40.0,0.0
2025-08-06,LOC-09,Support Worker,3,2.0,17.0,24.0,1.0
2025-08-13,LOC-09,Support Worker,3,2.0,15.629999999999999,24.0,0.0
2025-10-29,LOC-09,Support Worker,3,3.0,26.68,24.0,1.0
2025-11-05,LOC-09,Support Worker,2,2.0,15.8,16.0,0.0
2025-11-19,LOC-09,Support Worker,3,3.0,24.15,24.0,0.0
2025-11-26,LOC-09,Support Worker,2,2.0,17.9,18.0,0.0
2025-12-03,LOC-09,Support Worker,3,3.0,26.24,24.0,1.0
2026-01-14,LOC-09,Support Worker,3,3.0,23.85,24.0,0.0
2026-01-21,LOC-09,Support Worker,3,3.0,25.650000000000002,24.0,1.0
2026-01-28,LOC-09,Support Worker,3,3.0,23.64,24.0,0.0
2026-02-04,LOC-09,Support Worker,2,2.0,17.78,18.0,0.0
2026-02-25,LOC-09,Support Worker,3,3.0,27.020000000000003,24.0,2.0
2026-03-04,LOC-09,Support Worker,3,3.0,24.64,24.0,1.0
2026-03-11,LOC-09,Support Worker,3,3.0,28.619999999999997,26.0,1.0
2026-04-29,LOC-09,Support Worker,3,3.0,26.35,26.0,0.0
2026-05-06,LOC-09,Support Worker,2,2.0,17.74,18.0,0.0
2026-06-03,LOC-09,Support Worker,3,3.0,29.66,26.0,2.0
2026-06-17,LOC-09,Support Worker,3,3.0,24.67,24.0,1.0
2025-08-14,LOC-01,Coordinator,1,1.0,8.03,8.0,0.0
2025-09-11,LOC-01,Coordinator,1,1.0,7.95,8.0,0.0
2025-09-18,LOC-01,Coordinator,1,1.0,8.07,8.0,0.0
2025-09-25,LOC-01,Coordinator,1,1.0,7.87,8.0,0.0
2025-10-23,LOC-01,Coordinator,1,1.0,8.1,8.0,0.0
2025-12-11,LOC-01,Coordinator,1,1.0,8.04,8.0,0.0
2026-01-15,LOC-01,Coordinator,1,1.0,8.0,8.0,0.0
2026-01-22,LOC-01,Coordinator,1,1.0,9.36,8.0,1.0
2026-02-06,LOC-01,Coordinator,1,1.0,7.98,8.0,0.0
2026-02-12,LOC-01,Coordinator,1,1.0,9.9,10.0,0.0
2026-02-19,LOC-01,Coordinator,1,1.0,7.95,8.0,0.0
2026-05-21,LOC-01,Coordinator,1,1.0,7.98,8.0,0.0
2026-06-11,LOC-01,Coordinator,1,1.0,7.82,8.0,0.0
2026-06-25,LOC-01,Coordinator,1,1.0,7.67,8.0,0.0
2026-07-23,LOC-01,Coordinator,1,1.0,7.87,8.0,0.0
2025-08-07,LOC-03,Support Worker,1,1.0,10.0,8.0,1.0
2025-08-21,LOC-03,Support Worker,1,1.0,8.09,8.0,0.0
2025-09-04,LOC-03,Support Worker,1,1.0,7.74,8.0,0.0
2025-09-11,LOC-03,Support Worker,1,1.0,7.71,8.0,0.0
2025-10-09,LOC-03,Support Worker,1,1.0,8.08,8.0,0.0
2025-11-20,LOC-03,Support Worker,1,1.0,10.69,8.0,1.0
2025-12-02,LOC-03,Support Worker,2,2.0,20.7,18.0,1.0
2025-12-25,LOC-03,Support Worker,1,1.0,8.18,8.0,0.0
2026-01-01,LOC-03,Support Worker,1,1.0,7.77,8.0,0.0
2026-01-08,LOC-03,Support Worker,1,1.0,8.03,8.0,0.0
2026-01-22,LOC-03,Support Worker,1,1.0,7.86,8.0,0.0
2026-02-05,LOC-03,Support Worker,1,1.0,7.9,8.0,0.0
2026-03-12,LOC-03,Support Worker,1,1.0,8.0,8.0,0.0
2026-03-19,LOC-03,Support Worker,1,0.0,0.0,8.0,0.0
2026-04-09,LOC-03,Support Worker,1,1.0,7.95,8.0,0.0
2026-04-16,LOC-03,Support Worker,1,1.0,7.65,8.0,0.0
2026-05-21,LOC-03,Support Worker,1,1.0,8.2,8.0,0.0
2026-07-02,LOC-03,Support Worker,1,1.0,7.92,8.0,0.0
2025-08-21,LOC-02,Support Worker,2,2.0,16.09,16.0,0.0
2025-08-28,LOC-02,Support Worker,2,2.0,17.95,18.0,0.0
2025-09-07,LOC-02,Support Worker,3,3.0,23.69,24.0,0.0
2025-10-02,LOC-02,Support Worker,1,1.0,8.0,8.0,0.0
2025-10-16,LOC-02,Support Worker,2,2.0,15.670000000000002,16.0,0.0
2026-01-15,LOC-02,Support Worker,1,1.0,8.14,8.0,0.0
2026-04-09,LOC-02,Support Worker,2,2.0,15.79,16.0,0.0
2026-04-16,LOC-02,Support Worker,2,2.0,16.0,16.0,0.0
2026-06-04,LOC-02,Support Worker,2,2.0,17.78,18.0,0.0
2026-06-18,LOC-02,Support Worker,2,2.0,18.1,18.0,0.0
2026-07-16,LOC-02,Support Worker,2,2.0,18.619999999999997,16.0,1.0
2026-02-04,LOC-08,Support Worker,5,4.0,32.519999999999996,40.0,0.0
2026-02-17,LOC-08,Support Worker,3,2.0,16.11,24.0,0.0
2026-02-23,LOC-08,Support Worker,4,4.0,34.98,34.0,1.0
2026-02-24,LOC-08,Support Worker,4,3.0,26.09,32.0,1.0
2025-08-02,LOC-10,Support Worker,5,5.0,40.33,40.0,1.0
2025-08-06,LOC-10,Support Worker,4,4.0,33.989999999999995,34.0,0.0
2025-08-20,LOC-10,Support Worker,4,4.0,35.7,36.0,0.0
2025-08-27,LOC-10,Support Worker,4,4.0,32.11,32.0,0.0
2025-09-27,LOC-10,Support Worker,5,5.0,44.17,40.0,2.0
2025-10-01,LOC-10,Support Worker,4,4.0,34.04,32.0,1.0
2025-10-04,LOC-10,Support Worker,5,5.0,43.120000000000005,40.0,1.0
2025-10-15,LOC-10,Support Worker,3,3.0,26.1,24.0,1.0
2025-10-25,LOC-10,Support Worker,5,5.0,42.699999999999996,40.0,1.0
2025-11-08,LOC-10,Support Worker,4,4.0,32.11,32.0,0.0
2025-12-03,LOC-10,Support Worker,4,4.0,34.34,32.0,1.0
2025-12-06,LOC-10,Support Worker,4,4.0,35.650000000000006,34.0,1.0
2025-12-20,LOC-10,Support Worker,5,5.0,40.0,40.0,0.0
2026-01-10,LOC-10,Support Worker,4,4.0,32.03,32.0,0.0
2026-01-14,LOC-10,Support Worker,4,4.0,34.18,32.0,2.0
2026-01-17,LOC-10,Support Worker,5,5.0,39.42,40.0,0.0
2026-01-21,LOC-10,Support Worker,3,2.0,20.759999999999998,26.0,1.0
2026-02-04,LOC-10,Support Worker,4,4.0,32.11,32.0,0.0
2026-02-28,LOC-10,Support Worker,5,4.0,34.35,40.0,1.0
2026-03-04,LOC-10,Support Worker,3,3.0,30.240000000000002,28.0,2.0
2026-03-11,LOC-10,Support Worker,4,3.0,25.81,34.0,0.0
2026-03-28,LOC-10,Support Worker,5,5.0,42.03,40.0,1.0
2026-04-01,LOC-10,Support Worker,4,4.0,31.96,32.0,0.0
2026-04-29,LOC-10,Support Worker,4,3.0,24.2,32.0,0.0
2026-05-02,LOC-10,Support Worker,4,4.0,34.65,32.0,1.0
2026-05-27,LOC-10,Support Worker,4,4.0,36.03,36.0,0.0
2026-06-06,LOC-10,Support Worker,5,5.0,39.87,40.0,0.0
2026-07-01,LOC-10,Support Worker,4,4.0,31.71,32.0,0.0
2025-08-03,LOC-07,Allied Health Clinician,1,1.0,9.87,10.0,0.0
2025-08-12,LOC-07,Allied Health Clinician,1,1.0,7.96,8.0,0.0
2025-08-13,LOC-07,Allied Health Clinician,2,2.0,18.96,16.0,1.0
2025-08-14,LOC-07,Allied Health Clinician,2,2.0,15.99,16.0,0.0
2025-09-02,LOC-07,Allied Health Clinician,1,1.0,9.64,8.0,1.0
2025-09-17,LOC-07,Allied Health Clinician,2,2.0,16.18,16.0,0.0
2025-09-18,LOC-07,Allied Health Clinician,2,2.0,16.14,16.0,0.0
2025-09-22,LOC-07,Allied Health Clinician,2,2.0,16.05,16.0,0.0
2025-09-23,LOC-07,Allied Health Clinician,1,1.0,9.82,10.0,0.0
2025-09-24,LOC-07,Allied Health Clinician,2,2.0,16.23,16.0,0.0
2025-09-25,LOC-07,Allied Health Clinician,2,2.0,15.89,16.0,0.0
2025-09-30,LOC-07,Allied Health Clinician,1,1.0,7.82,8.0,0.0
2025-10-08,LOC-07,Allied Health Clinician,2,2.0,16.02,16.0,0.0
2025-10-12,LOC-07,Allied Health Clinician,1,1.0,7.93,8.0,0.0
2025-10-19,LOC-07,Allied Health Clinician,1,1.0,7.93,8.0,0.0
2025-10-27,LOC-07,Allied Health Clinician,2,2.0,16.1,16.0,0.0
2025-10-29,LOC-07,Allied Health Clinician,2,2.0,15.64,16.0,0.0
2025-11-06,LOC-07,Allied Health Clinician,2,2.0,16.05,16.0,0.0
2025-11-23,LOC-07,Allied Health Clinician,1,1.0,10.66,8.0,1.0
2025-11-27,LOC-07,Allied Health Clinician,2,2.0,17.81,18.0,0.0
2025-11-30,LOC-07,Allied Health Clinician,1,1.0,8.15,8.0,0.0
2025-12-08,LOC-07,Allied Health Clinician,2,2.0,18.92,18.0,1.0
2025-12-14,LOC-07,Allied Health Clinician,1,1.0,7.98,8.0,0.0
2025-12-24,LOC-07,Allied Health Clinician,2,1.0,7.72,16.0,0.0
2025-12-25,LOC-07,Allied Health Clinician,2,2.0,20.97,18.0,1.0
2025-12-30,LOC-07,Allied Health Clinician,1,1.0,10.12,8.0,1.0
2025-12-31,LOC-07,Allied Health Clinician,2,2.0,20.17,18.0,1.0
2026-01-04,LOC-07,Allied Health Clinician,1,1.0,8.09,8.0,0.0
2026-01-05,LOC-07,Allied Health Clinician,2,2.0,18.07,16.0,1.0
2026-01-06,LOC-07,Allied Health Clinician,1,1.0,7.9,8.0,0.0
2026-01-08,LOC-07,Allied Health Clinician,2,2.0,17.36,16.0,1.0
2026-01-14,LOC-07,Allied Health Clinician,2,2.0,16.03,16.0,0.0
2026-01-20,LOC-07,Allied Health Clinician,1,1.0,8.16,8.0,0.0
2026-02-01,LOC-07,Allied Health Clinician,1,1.0,8.21,8.0,0.0
2026-02-03,LOC-07,Allied Health Clinician,1,1.0,7.74,8.0,0.0
2026-02-10,LOC-07,Allied Health Clinician,1,1.0,9.92,10.0,0.0
2026-02-15,LOC-07,Allied Health Clinician,1,1.0,9.88,10.0,0.0
2026-03-08,LOC-07,Allied Health Clinician,1,1.0,7.73,8.0,0.0
2026-03-11,LOC-07,Allied Health Clinician,1,1.0,8.23,8.0,0.0
2026-03-15,LOC-07,Allied Health Clinician,1,1.0,9.99,10.0,0.0
2026-03-18,LOC-07,Allied Health Clinician,2,2.0,18.11,18.0,0.0
2026-03-23,LOC-07,Allied Health Clinician,2,2.0,16.13,16.0,0.0
2026-03-24,LOC-07,Allied Health Clinician,1,1.0,8.0,8.0,0.0
2026-03-30,LOC-07,Allied Health Clinician,2,2.0,16.06,16.0,0.0
2026-03-31,LOC-07,Allied Health Clinician,1,1.0,9.11,8.0,1.0
2026-04-12,LOC-07,Allied Health Clinician,1,1.0,10.45,8.0,1.0
2026-04-16,LOC-07,Allied Health Clinician,1,0.0,0.0,8.0,0.0
2026-04-21,LOC-07,Allied Health Clinician,1,1.0,9.97,10.0,0.0
2026-04-23,LOC-07,Allied Health Clinician,2,2.0,17.740000000000002,16.0,2.0
2026-04-26,LOC-07,Allied Health Clinician,1,1.0,11.85,10.0,1.0
2026-04-29,LOC-07,Allied Health Clinician,2,2.0,18.75,16.0,2.0
2026-05-06,LOC-07,Allied Health Clinician,2,2.0,15.950000000000001,16.0,0.0
2026-05-10,LOC-07,Allied Health Clinician,1,1.0,7.83,8.0,0.0
2026-05-13,LOC-07,Allied Health Clinician,2,2.0,20.7,18.0,1.0
2026-05-20,LOC-07,Allied Health Clinician,2,2.0,16.2,16.0,0.0
2026-05-31,LOC-07,Allied Health Clinician,1,1.0,7.78,8.0,0.0
2026-06-14,LOC-07,Allied Health Clinician,1,1.0,8.15,8.0,0.0
2026-06-23,LOC-07,Allied Health Clinician,1,1.0,8.06,8.0,0.0
2026-07-07,LOC-07,Allied Health Clinician,1,1.0,7.93,8.0,0.0
2026-07-15,LOC-07,Allied Health Clinician,2,2.0,16.79,16.0,1.0
2026-07-16,LOC-07,Allied Health Clinician,2,2.0,16.25,16.0,0.0
2026-07-22,LOC-07,Allied Health Clinician,2,2.0,16.23,16.0,0.0
2026-07-23,LOC-07,Allied Health Clinician,2,2.0,19.26,18.0,1.0
2026-07-29,LOC-07,Allied Health Clinician,2,2.0,16.04,16.0,0.0
2025-08-02,LOC-02,Allied Health Clinician,1,1.0,7.88,8.0,0.0
2025-08-06,LOC-02,Allied Health Clinician,1,1.0,8.15,8.0,0.0
2025-08-13,LOC-02,Allied Health Clinician,1,1.0,12.71,10.0,1.0
2025-08-23,LOC-02,Allied Health Clinician,1,1.0,8.1,8.0,0.0
2025-08-31,LOC-02,Allied Health Clinician,1,1.0,7.95,8.0,0.0
2025-09-14,LOC-02,Allied Health Clinician,1,1.0,8.01,8.0,0.0
2025-09-23,LOC-02,Allied Health Clinician,1,1.0,10.62,8.0,1.0
2025-09-27,LOC-02,Allied Health Clinician,1,1.0,8.11,8.0,0.0
2025-10-07,LOC-02,Allied Health Clinician,1,1.0,8.29,8.0,0.0
2025-10-11,LOC-02,Allied Health Clinician,1,1.0,8.17,8.0,0.0
2025-10-18,LOC-02,Allied Health Clinician,1,1.0,8.02,8.0,0.0
2025-10-26,LOC-02,Allied Health Clinician,1,1.0,8.13,8.0,0.0
2025-11-01,LOC-02,Allied Health Clinician,1,1.0,8.02,8.0,0.0
2025-11-05,LOC-02,Allied Health Clinician,1,1.0,7.86,8.0,0.0
2025-11-12,LOC-02,Allied Health Clinician,1,1.0,7.69,8.0,0.0
2025-11-15,LOC-02,Allied Health Clinician,1,1.0,7.96,8.0,0.0
2025-11-16,LOC-02,Allied Health Clinician,1,1.0,7.96,8.0,0.0
2025-11-18,LOC-02,Allied Health Clinician,1,1.0,8.09,8.0,0.0
2025-11-23,LOC-02,Allied Health Clinician,1,1.0,10.29,8.0,1.0
2025-11-25,LOC-02,Allied Health Clinician,1,1.0,9.78,10.0,0.0
2025-12-16,LOC-02,Allied Health Clinician,1,1.0,8.63,8.0,1.0
2025-12-20,LOC-02,Allied Health Clinician,1,1.0,8.2,8.0,0.0
2025-12-24,LOC-02,Allied Health Clinician,1,1.0,8.11,8.0,0.0
2026-01-03,LOC-02,Allied Health Clinician,1,1.0,8.07,8.0,0.0
2026-01-10,LOC-02,Allied Health Clinician,1,0.0,0.0,8.0,0.0
2026-01-11,LOC-02,Allied Health Clinician,1,1.0,8.02,8.0,0.0
2026-01-18,LOC-02,Allied Health Clinician,1,1.0,10.02,8.0,1.0
2026-01-28,LOC-02,Allied Health Clinician,1,0.0,0.0,10.0,0.0
2026-02-01,LOC-02,Allied Health Clinician,1,1.0,10.02,10.0,0.0
2026-02-08,LOC-02,Allied Health Clinician,1,1.0,7.98,8.0,0.0
2026-02-15,LOC-02,Allied Health Clinician,1,1.0,7.91,8.0,0.0
2026-02-24,LOC-02,Allied Health Clinician,1,1.0,8.2,8.0,0.0
2026-02-28,LOC-02,Allied Health Clinician,1,1.0,8.09,8.0,0.0
2026-03-10,LOC-02,Allied Health Clinician,1,1.0,7.94,8.0,0.0
2026-03-17,LOC-02,Allied Health Clinician,1,1.0,7.79,8.0,0.0
2026-03-24,LOC-02,Allied Health Clinician,1,1.0,7.75,8.0,0.0
2026-03-31,LOC-02,Allied Health Clinician,1,1.0,8.01,8.0,0.0
2026-04-12,LOC-02,Allied Health Clinician,1,1.0,7.88,8.0,0.0
2026-04-14,LOC-02,Allied Health Clinician,1,1.0,8.03,8.0,0.0
2026-04-26,LOC-02,Allied Health Clinician,1,1.0,8.13,8.0,0.0
2026-04-28,LOC-02,Allied Health Clinician,1,1.0,8.07,8.0,0.0
2026-05-09,LOC-02,Allied Health Clinician,1,1.0,8.05,8.0,0.0
2026-05-20,LOC-02,Allied Health Clinician,1,1.0,7.86,8.0,0.0
2026-05-23,LOC-02,Allied Health Clinician,1,1.0,7.98,8.0,0.0
2026-06-23,LOC-02,Allied Health Clinician,1,1.0,10.4,8.0,1.0
2026-06-30,LOC-02,Allied Health Clinician,1,1.0,7.86,8.0,0.0
2026-07-01,LOC-02,Allied Health Clinician,1,1.0,7.99,8.0,0.0
2026-07-14,LOC-02,Allied Health Clinician,1,1.0,8.05,8.0,0.0
2026-07-26,LOC-02,Allied Health Clinician,1,1.0,7.88,8.0,0.0
2025-08-14,LOC-09,Team Leader,1,1.0,8.18,8.0,0.0
2025-08-21,LOC-09,Team Leader,1,1.0,7.81,8.0,0.0
2025-08-28,LOC-09,Team Leader,1,1.0,8.22,8.0,0.0
2025-08-31,LOC-09,Team Leader,1,1.0,7.73,8.0,0.0
2025-09-10,LOC-09,Team Leader,1,1.0,8.0,8.0,0.0
2025-09-14,LOC-09,Team Leader,1,1.0,8.06,8.0,0.0
2025-09-16,LOC-09,Team Leader,1,1.0,8.12,8.0,0.0
2025-09-17,LOC-09,Team Leader,1,1.0,8.01,8.0,0.0
2025-09-20,LOC-09,Team Leader,1,1.0,7.97,8.0,0.0
2025-09-21,LOC-09,Team Leader,1,1.0,8.11,8.0,0.0
2025-09-23,LOC-09,Team Leader,1,1.0,7.89,8.0,0.0
2025-09-24,LOC-09,Team Leader,1,1.0,7.85,8.0,0.0
2025-09-27,LOC-09,Team Leader,1,1.0,8.06,8.0,0.0
2025-10-01,LOC-09,Team Leader,1,1.0,7.9,8.0,0.0
2025-10-04,LOC-09,Team Leader,1,1.0,10.05,10.0,0.0
2025-10-05,LOC-09,Team Leader,1,1.0,8.2,8.0,0.0
2025-10-12,LOC-09,Team Leader,1,1.0,8.04,8.0,0.0
2025-10-28,LOC-09,Team Leader,1,1.0,10.97,8.0,1.0
2025-11-09,LOC-09,Team Leader,1,1.0,8.08,8.0,0.0
2025-11-12,LOC-09,Team Leader,1,1.0,8.0,8.0,0.0
2025-11-15,LOC-09,Team Leader,1,1.0,7.92,8.0,0.0
2025-11-23,LOC-09,Team Leader,1,1.0,8.08,8.0,0.0
2025-12-02,LOC-09,Team Leader,1,1.0,7.91,8.0,0.0
2025-12-30,LOC-09,Team Leader,1,1.0,10.01,10.0,0.0
2026-01-17,LOC-09,Team Leader,1,1.0,8.19,8.0,0.0
2026-01-18,LOC-09,Team Leader,1,1.0,8.06,8.0,0.0
2026-01-20,LOC-09,Team Leader,1,1.0,8.13,8.0,0.0
2026-01-25,LOC-09,Team Leader,1,1.0,7.97,8.0,0.0
2026-02-10,LOC-09,Team Leader,1,1.0,8.12,8.0,0.0
2026-02-11,LOC-09,Team Leader,1,1.0,9.34,8.0,1.0
2026-02-17,LOC-09,Team Leader,1,1.0,9.73,10.0,0.0
2026-03-15,LOC-09,Team Leader,1,1.0,7.95,8.0,0.0
2026-03-19,LOC-09,Team Leader,1,1.0,8.16,8.0,0.0
2026-03-21,LOC-09,Team Leader,1,1.0,8.1,8.0,0.0
2026-03-22,LOC-09,Team Leader,1,1.0,9.79,8.0,1.0
2026-03-24,LOC-09,Team Leader,1,1.0,9.41,8.0,1.0
2026-03-25,LOC-09,Team Leader,1,1.0,7.94,8.0,0.0
2026-04-02,LOC-09,Team Leader,1,1.0,12.68,10.0,1.0
2026-04-07,LOC-09,Team Leader,1,1.0,9.04,8.0,1.0
2026-04-16,LOC-09,Team Leader,1,1.0,8.01,8.0,0.0
2026-04-21,LOC-09,Team Leader,1,1.0,9.98,10.0,0.0
2026-04-23,LOC-09,Team Leader,1,1.0,7.9,8.0,0.0
2026-05-07,LOC-09,Team Leader,1,1.0,7.92,8.0,0.0
2026-05-21,LOC-09,Team Leader,1,1.0,8.05,8.0,0.0
2026-05-27,LOC-09,Team Leader,1,1.0,7.92,8.0,0.0
2026-06-09,LOC-09,Team Leader,1,1.0,7.85,8.0,0.0
2026-06-10,LOC-09,Team Leader,1,1.0,8.13,8.0,0.0
2026-06-11,LOC-09,Team Leader,1,1.0,8.03,8.0,0.0
2026-06-20,LOC-09,Team Leader,1,1.0,8.06,8.0,0.0
2026-06-21,LOC-09,Team Leader,1,1.0,7.94,8.0,0.0
2026-06-30,LOC-09,Team Leader,1,1.0,10.07,10.0,0.0
2026-07-01,LOC-09,Team Leader,1,1.0,8.2,8.0,0.0
2026-07-11,LOC-09,Team Leader,1,1.0,8.09,8.0,0.0
2026-07-15,LOC-09,Team Leader,1,1.0,8.2,8.0,0.0
2026-07-21,LOC-09,Team Leader,1,1.0,7.88,8.0,0.0
2026-07-23,LOC-09,Team Leader,1,1.0,8.11,8.0,0.0
2026-07-30,LOC-09,Team Leader,1,1.0,7.81,8.0,0.0
2025-09-06,LOC-10,Support Worker,3,3.0,24.02,24.0,0.0
2026-02-21,LOC-10,Support Worker,4,4.0,36.64,34.0,2.0
2025-08-21,LOC-04,Support Worker,4,4.0,34.300000000000004,34.0,0.0
2025-10-09,LOC-04,Support Worker,4,4.0,34.42,34.0,1.0
2025-10-30,LOC-04,Support Worker,4,3.0,29.69,38.0,0.0
2025-12-11,LOC-04,Support Worker,4,4.0,31.63,32.0,0.0
2026-05-07,LOC-04,Support Worker,4,3.0,23.9,34.0,0.0
2026-05-14,LOC-04,Support Worker,3,3.0,23.98,24.0,0.0
2026-05-21,LOC-04,Support Worker,4,4.0,32.400000000000006,32.0,0.0
2026-05-28,LOC-04,Support Worker,4,4.0,32.18,32.0,0.0
2026-06-25,LOC-04,Support Worker,4,4.0,33.91,34.0,0.0
2026-07-30,LOC-04,Support Worker,4,4.0,32.05,32.0,0.0
2025-08-09,LOC-02,Coordinator,2,2.0,16.66,16.0,1.0
2025-08-16,LOC-02,Coordinator,2,2.0,15.79,16.0,0.0
2025-08-25,LOC-02,Coordinator,1,0.0,0.0,8.0,0.0
2025-08-27,LOC-02,Coordinator,2,2.0,16.1,16.0,0.0
2025-09-01,LOC-02,Coordinator,1,0.0,0.0,8.0,0.0
2025-09-17,LOC-02,Coordinator,2,2.0,18.17,18.0,0.0
2025-10-15,LOC-02,Coordinator,2,2.0,15.91,16.0,0.0
2025-10-25,LOC-02,Coordinator,2,2.0,15.95,16.0,0.0
2025-11-03,LOC-02,Coordinator,1,1.0,7.68,8.0,0.0
2025-11-26,LOC-02,Coordinator,1,1.0,7.93,8.0,0.0
2025-11-29,LOC-02,Coordinator,2,2.0,16.34,16.0,0.0
2025-12-06,LOC-02,Coordinator,2,2.0,16.1,16.0,0.0
2025-12-13,LOC-02,Coordinator,2,2.0,16.35,16.0,0.0
2025-12-17,LOC-02,Coordinator,2,2.0,15.94,16.0,0.0
2026-01-07,LOC-02,Coordinator,2,2.0,15.940000000000001,16.0,0.0
2026-01-14,LOC-02,Coordinator,2,2.0,16.1,16.0,0.0
2026-01-26,LOC-02,Coordinator,1,0.0,0.0,8.0,0.0
2026-02-18,LOC-02,Coordinator,2,2.0,17.07,16.0,1.0
2026-03-07,LOC-02,Coordinator,2,2.0,15.809999999999999,16.0,0.0
2026-03-18,LOC-02,Coordinator,2,2.0,20.28,18.0,1.0
2026-03-23,LOC-02,Coordinator,1,0.0,0.0,8.0,0.0
2026-03-30,LOC-02,Coordinator,1,1.0,8.09,8.0,0.0
2026-04-04,LOC-02,Coordinator,2,2.0,16.34,16.0,0.0
2026-04-13,LOC-02,Coordinator,1,1.0,8.06,8.0,0.0
2026-04-15,LOC-02,Coordinator,2,2.0,16.49,16.0,1.0
2026-04-20,LOC-02,Coordinator,1,1.0,7.97,8.0,0.0
2026-04-22,LOC-02,Coordinator,2,2.0,18.42,16.0,1.0
2026-04-29,LOC-02,Coordinator,2,2.0,18.07,16.0,1.0
2026-05-11,LOC-02,Coordinator,1,1.0,9.61,8.0,1.0
2026-05-13,LOC-02,Coordinator,2,2.0,15.98,16.0,0.0
2026-06-10,LOC-02,Coordinator,2,2.0,20.799999999999997,18.0,1.0
2026-06-22,LOC-02,Coordinator,1,1.0,8.67,8.0,1.0
2026-07-11,LOC-02,Coordinator,2,2.0,23.15,18.0,2.0
2026-07-29,LOC-02,Coordinator,2,2.0,15.969999999999999,16.0,0.0
2025-08-17,LOC-05,Team Leader,1,1.0,7.86,8.0,0.0
2025-08-20,LOC-05,Team Leader,1,1.0,7.94,8.0,0.0
2025-08-27,LOC-05,Team Leader,1,1.0,8.16,8.0,0.0
2025-09-03,LOC-05,Team Leader,1,1.0,7.83,8.0,0.0
2025-09-07,LOC-05,Team Leader,1,1.0,7.58,8.0,0.0
2025-09-10,LOC-05,Team Leader,1,1.0,7.95,8.0,0.0
2025-09-28,LOC-05,Team Leader,1,1.0,8.13,8.0,0.0
2025-11-26,LOC-05,Team Leader,1,1.0,8.08,8.0,0.0
2025-12-14,LOC-05,Team Leader,1,1.0,9.22,8.0,1.0
2025-12-28,LOC-05,Team Leader,1,1.0,7.89,8.0,0.0
2026-01-21,LOC-05,Team Leader,1,1.0,7.95,8.0,0.0
2026-01-25,LOC-05,Team Leader,1,1.0,7.88,8.0,0.0
2026-02-08,LOC-05,Team Leader,1,1.0,8.05,8.0,0.0
2026-02-11,LOC-05,Team Leader,1,1.0,7.59,8.0,0.0
2026-02-25,LOC-05,Team Leader,1,1.0,7.92,8.0,0.0
2026-03-15,LOC-05,Team Leader,1,1.0,9.83,10.0,0.0
2026-04-08,LOC-05,Team Leader,1,1.0,7.89,8.0,0.0
2026-04-15,LOC-05,Team Leader,1,1.0,8.07,8.0,0.0
2026-05-06,LOC-05,Team Leader,1,1.0,8.28,8.0,0.0
2026-05-31,LOC-05,Team Leader,1,1.0,8.02,8.0,0.0
2026-06-24,LOC-05,Team Leader,1,1.0,10.01,10.0,0.0
2026-07-08,LOC-05,Team Leader,1,1.0,9.74,8.0,1.0
2026-07-12,LOC-05,Team Leader,1,1.0,7.95,8.0,0.0
2026-07-19,LOC-05,Team Leader,1,1.0,8.19,8.0,0.0
2026-07-26,LOC-05,Team Leader,1,1.0,9.96,10.0,0.0
2025-08-13,LOC-05,Support Worker,2,2.0,18.11,18.0,0.0
2025-09-20,LOC-05,Support Worker,2,2.0,16.18,16.0,0.0
2025-10-01,LOC-05,Support Worker,2,2.0,20.11,18.0,1.0
2025-12-20,LOC-05,Support Worker,2,2.0,18.0,18.0,0.0
2025-12-31,LOC-05,Support Worker,2,2.0,15.98,16.0,0.0
2026-01-14,LOC-05,Support Worker,2,2.0,18.32,16.0,1.0
2026-03-11,LOC-05,Support Worker,2,2.0,15.8,16.0,0.0
2026-03-18,LOC-05,Support Worker,1,1.0,8.07,8.0,0.0
2026-03-25,LOC-05,Support Worker,1,1.0,7.88,8.0,0.0
2026-04-01,LOC-05,Support Worker,2,2.0,16.34,16.0,0.0
2026-04-29,LOC-05,Support Worker,1,1.0,8.06,8.0,0.0
2026-03-30,LOC-10,Support Worker,3,3.0,26.09,24.0,1.0
2026-05-21,LOC-10,Support Worker,2,2.0,16.17,16.0,0.0
2025-08-09,LOC-07,Support Worker,1,1.0,7.86,8.0,0.0
2025-08-15,LOC-07,Support Worker,4,4.0,31.91,32.0,0.0
2025-09-20,LOC-07,Support Worker,1,1.0,8.0,8.0,0.0
2025-09-26,LOC-07,Support Worker,4,4.0,31.560000000000002,32.0,0.0
2025-10-11,LOC-07,Support Worker,1,1.0,7.97,8.0,0.0
2025-10-18,LOC-07,Support Worker,1,1.0,10.08,10.0,0.0
2025-11-01,LOC-07,Support Worker,1,1.0,8.06,8.0,0.0
2025-11-08,LOC-07,Support Worker,1,1.0,9.55,8.0,1.0
2025-11-21,LOC-07,Support Worker,4,3.0,23.32,32.0,0.0
2025-11-29,LOC-07,Support Worker,1,1.0,10.18,10.0,0.0
2025-12-05,LOC-07,Support Worker,4,4.0,35.03,32.0,1.0
2025-12-06,LOC-07,Support Worker,1,1.0,8.04,8.0,0.0
2026-01-16,LOC-07,Support Worker,3,3.0,23.95,24.0,0.0
2026-01-31,LOC-07,Support Worker,1,1.0,8.18,8.0,0.0
2026-02-06,LOC-07,Support Worker,4,4.0,32.67,32.0,1.0
2026-02-07,LOC-07,Support Worker,1,1.0,7.84,8.0,0.0
2026-02-14,LOC-07,Support Worker,1,1.0,8.01,8.0,0.0
2026-02-20,LOC-07,Support Worker,4,4.0,34.379999999999995,32.0,1.0
2026-03-06,LOC-07,Support Worker,4,4.0,32.010000000000005,32.0,0.0
2026-03-13,LOC-07,Support Worker,3,3.0,26.61,24.0,1.0
2026-03-14,LOC-07,Support Worker,1,1.0,8.11,8.0,0.0
2026-04-04,LOC-07,Support Worker,1,1.0,10.14,10.0,0.0
2026-05-08,LOC-07,Support Worker,3,3.0,23.61,24.0,0.0
2026-05-16,LOC-07,Support Worker,1,1.0,8.05,8.0,0.0
2026-06-13,LOC-07,Support Worker,1,1.0,7.81,8.0,0.0
2026-06-26,LOC-07,Support Worker,2,2.0,18.549999999999997,16.0,1.0
2026-06-27,LOC-07,Support Worker,1,1.0,7.93,8.0,0.0
2026-07-10,LOC-07,Support Worker,4,4.0,33.2,32.0,1.0
2026-07-11,LOC-07,Support Worker,1,1.0,9.36,8.0,1.0
2025-08-11,LOC-04,Support Worker,3,3.0,26.259999999999998,26.0,0.0
2025-09-15,LOC-04,Support Worker,3,2.0,16.009999999999998,24.0,0.0
2025-12-01,LOC-04,Support Worker,3,3.0,24.05,24.0,0.0
2025-12-29,LOC-04,Support Worker,3,3.0,24.240000000000002,24.0,0.0
2026-01-05,LOC-04,Support Worker,3,3.0,23.78,24.0,0.0
2026-01-12,LOC-04,Support Worker,3,3.0,26.32,24.0,1.0
2026-04-20,LOC-04,Support Worker,3,3.0,25.049999999999997,24.0,1.0
2026-04-27,LOC-04,Support Worker,3,3.0,24.25,24.0,0.0
2026-05-25,LOC-04,Support Worker,3,3.0,24.02,24.0,0.0
2026-06-29,LOC-04,Support Worker,3,3.0,26.74,24.0,1.0
2026-07-20,LOC-04,Support Worker,3,3.0,24.340000000000003,24.0,0.0
2026-07-27,LOC-04,Support Worker,3,3.0,24.09,24.0,0.0
2025-08-31,LOC-04,Support Worker,3,3.0,24.259999999999998,24.0,0.0
2025-09-07,LOC-04,Support Worker,2,2.0,16.15,16.0,0.0
2025-12-07,LOC-04,Support Worker,3,3.0,23.64,24.0,0.0
2026-03-15,LOC-04,Support Worker,3,3.0,23.880000000000003,24.0,0.0
2026-03-29,LOC-04,Support Worker,3,3.0,24.04,24.0,0.0
2026-05-10,LOC-04,Support Worker,3,3.0,23.55,24.0,0.0
2026-05-17,LOC-04,Support Worker,3,3.0,24.32,24.0,0.0
2025-08-04,LOC-03,Team Leader,3,3.0,28.189999999999998,26.0,2.0
2025-08-23,LOC-03,Team Leader,3,3.0,23.83,24.0,0.0
2025-08-31,LOC-03,Team Leader,2,2.0,15.76,16.0,0.0
2025-09-01,LOC-03,Team Leader,3,3.0,24.32,24.0,0.0
2025-09-02,LOC-03,Team Leader,4,4.0,32.14,32.0,0.0
2025-09-06,LOC-03,Team Leader,2,2.0,15.75,16.0,0.0
2025-09-08,LOC-03,Team Leader,3,3.0,23.799999999999997,24.0,0.0
2025-09-13,LOC-03,Team Leader,3,3.0,23.79,24.0,0.0
2025-09-15,LOC-03,Team Leader,3,3.0,23.869999999999997,24.0,0.0
2025-09-24,LOC-03,Team Leader,4,4.0,33.83,34.0,0.0
2025-09-27,LOC-03,Team Leader,3,3.0,25.89,26.0,0.0
2025-09-29,LOC-03,Team Leader,3,3.0,24.39,24.0,0.0
2025-10-04,LOC-03,Team Leader,3,3.0,25.67,26.0,0.0
2025-10-14,LOC-03,Team Leader,4,4.0,32.03999999999999,32.0,0.0
2025-10-15,LOC-03,Team Leader,5,5.0,39.49,40.0,0.0
2025-10-22,LOC-03,Team Leader,4,4.0,33.05,32.0,1.0
2025-11-04,LOC-03,Team Leader,4,4.0,38.03,34.0,2.0
2025-11-09,LOC-03,Team Leader,3,3.0,24.43,24.0,0.0
2025-11-15,LOC-03,Team Leader,3,3.0,25.310000000000002,26.0,0.0
2025-11-17,LOC-03,Team Leader,3,3.0,25.75,26.0,0.0
2025-11-18,LOC-03,Team Leader,4,4.0,32.31999999999999,32.0,0.0
2025-11-19,LOC-03,Team Leader,5,5.0,42.1,42.0,0.0
2025-11-23,LOC-03,Team Leader,3,3.0,25.72,24.0,1.0
2025-11-29,LOC-03,Team Leader,2,2.0,18.240000000000002,16.0,1.0
2025-12-01,LOC-03,Team Leader,3,2.0,18.19,26.0,0.0
2025-12-07,LOC-03,Team Leader,3,3.0,24.26,24.0,1.0
2025-12-13,LOC-03,Team Leader,3,3.0,23.79,24.0,0.0
2025-12-15,LOC-03,Team Leader,1,1.0,8.01,8.0,0.0
2026-01-14,LOC-03,Team Leader,5,4.0,35.29,40.0,2.0
2026-01-18,LOC-03,Team Leader,2,2.0,16.22,16.0,0.0
2026-01-25,LOC-03,Team Leader,3,3.0,25.17,24.0,1.0
2026-01-27,LOC-03,Team Leader,4,4.0,34.17,34.0,0.0
2026-01-31,LOC-03,Team Leader,2,2.0,17.79,16.0,1.0
2026-02-08,LOC-03,Team Leader,3,2.0,16.009999999999998,24.0,0.0
2026-02-10,LOC-03,Team Leader,3,3.0,26.88,24.0,1.0
2026-02-11,LOC-03,Team Leader,5,5.0,40.32000000000001,40.0,0.0
2026-02-21,LOC-03,Team Leader,3,3.0,24.07,24.0,0.0
2026-03-15,LOC-03,Team Leader,3,3.0,23.92,24.0,0.0
2026-03-16,LOC-03,Team Leader,3,3.0,24.240000000000002,24.0,0.0
2026-03-17,LOC-03,Team Leader,3,3.0,24.830000000000002,24.0,1.0
2026-03-30,LOC-03,Team Leader,3,3.0,23.88,24.0,0.0
2026-03-31,LOC-03,Team Leader,4,4.0,36.82,34.0,2.0
2026-04-14,LOC-03,Team Leader,4,4.0,32.14,32.0,0.0
2026-04-21,LOC-03,Team Leader,4,4.0,33.63,32.0,1.0
2026-05-11,LOC-03,Team Leader,3,3.0,24.17,24.0,0.0
2026-05-20,LOC-03,Team Leader,5,5.0,42.2,42.0,0.0
2026-05-24,LOC-03,Team Leader,3,2.0,15.94,24.0,0.0
2026-05-25,LOC-03,Team Leader,3,3.0,24.22,24.0,0.0
2026-06-01,LOC-03,Team Leader,3,3.0,24.15,24.0,0.0
2026-06-03,LOC-03,Team Leader,5,5.0,40.370000000000005,40.0,0.0
2026-06-09,LOC-03,Team Leader,4,4.0,32.79,32.0,1.0
2026-06-10,LOC-03,Team Leader,5,5.0,42.98,40.0,1.0
2026-06-17,LOC-03,Team Leader,5,4.0,31.880000000000003,40.0,0.0
2026-06-27,LOC-03,Team Leader,3,3.0,23.990000000000002,24.0,0.0
2026-06-30,LOC-03,Team Leader,4,4.0,33.709999999999994,32.0,1.0
2026-07-01,LOC-03,Team Leader,5,5.0,43.150000000000006,42.0,1.0
2026-07-07,LOC-03,Team Leader,4,4.0,32.400000000000006,32.0,0.0
2026-07-15,LOC-03,Team Leader,5,5.0,43.63,42.0,1.0
2026-07-18,LOC-03,Team Leader,3,3.0,27.76,26.0,1.0
2026-07-27,LOC-03,Team Leader,3,3.0,23.919999999999998,24.0,0.0
2025-08-05,LOC-03,Team Leader,3,2.0,15.75,24.0,0.0
2025-09-19,LOC-03,Team Leader,4,4.0,32.49,32.0,0.0
2025-09-26,LOC-03,Team Leader,4,4.0,35.019999999999996,32.0,1.0
2025-10-24,LOC-03,Team Leader,4,4.0,31.509999999999998,32.0,0.0
2025-10-31,LOC-03,Team Leader,4,4.0,31.99,32.0,0.0
2025-12-12,LOC-03,Team Leader,3,3.0,24.11,24.0,0.0
2026-01-09,LOC-03,Team Leader,4,3.0,23.93,32.0,0.0
2026-02-20,LOC-03,Team Leader,4,4.0,31.9,32.0,0.0
2026-04-10,LOC-03,Team Leader,4,4.0,35.93,36.0,0.0
2026-06-05,LOC-03,Team Leader,4,4.0,32.16,32.0,0.0
2025-08-14,LOC-10,Allied Health Clinician,1,1.0,8.07,8.0,0.0
2025-09-11,LOC-10,Allied Health Clinician,1,1.0,8.24,8.0,0.0
2025-10-16,LOC-10,Allied Health Clinician,1,1.0,9.81,8.0,1.0
2025-11-13,LOC-10,Allied Health Clinician,1,1.0,7.97,8.0,0.0
2026-04-16,LOC-10,Allied Health Clinician,1,0.0,0.0,8.0,0.0
2026-05-14,LOC-10,Allied Health Clinician,1,1.0,8.12,8.0,0.0
2026-07-23,LOC-10,Allied Health Clinician,1,1.0,8.06,8.0,0.0
2026-07-30,LOC-10,Allied Health Clinician,1,1.0,8.23,8.0,0.0
2025-09-28,LOC-09,Coordinator,1,1.0,8.97,8.0,1.0
2025-10-19,LOC-09,Coordinator,1,1.0,7.98,8.0,0.0
2025-10-30,LOC-09,Coordinator,2,2.0,20.28,20.0,0.0
2025-11-20,LOC-09,Coordinator,1,1.0,8.05,8.0,0.0
2025-12-28,LOC-09,Coordinator,1,1.0,8.2,8.0,0.0
2026-01-29,LOC-09,Coordinator,2,2.0,16.08,16.0,0.0
2026-02-01,LOC-09,Coordinator,1,1.0,7.82,8.0,0.0
2026-02-05,LOC-09,Coordinator,2,2.0,16.03,16.0,0.0
2026-03-01,LOC-09,Coordinator,1,1.0,8.02,8.0,0.0
2026-03-29,LOC-09,Coordinator,1,1.0,8.29,8.0,0.0
2026-04-09,LOC-09,Coordinator,2,2.0,16.12,16.0,0.0
2026-05-03,LOC-09,Coordinator,1,1.0,12.21,10.0,1.0
2026-05-14,LOC-09,Coordinator,2,2.0,15.94,16.0,0.0
2026-05-24,LOC-09,Coordinator,1,1.0,9.67,10.0,0.0
2026-07-16,LOC-09,Coordinator,2,2.0,15.81,16.0,0.0
2025-08-28,LOC-07,Support Worker,2,2.0,15.84,16.0,0.0
2025-09-11,LOC-07,Support Worker,2,2.0,15.73,16.0,0.0
2025-10-16,LOC-07,Support Worker,2,2.0,18.740000000000002,16.0,1.0
2025-10-30,LOC-07,Support Worker,2,2.0,15.940000000000001,16.0,0.0
2025-12-04,LOC-07,Support Worker,2,2.0,15.77,16.0,0.0
2025-12-11,LOC-07,Support Worker,2,1.0,7.84,16.0,0.0
2026-01-22,LOC-07,Support Worker,2,2.0,15.870000000000001,16.0,0.0
2026-02-05,LOC-07,Support Worker,2,2.0,17.86,18.0,0.0
2026-03-19,LOC-07,Support Worker,2,2.0,16.16,16.0,0.0
2026-05-07,LOC-07,Support Worker,2,2.0,18.509999999999998,16.0,1.0
2026-05-28,LOC-07,Support Worker,2,1.0,7.91,16.0,0.0
2026-06-11,LOC-07,Support Worker,2,2.0,15.739999999999998,16.0,0.0
2026-06-25,LOC-07,Support Worker,2,2.0,16.18,16.0,0.0
2026-07-09,LOC-07,Support Worker,2,2.0,15.98,16.0,0.0
2025-08-02,LOC-06,Support Worker,1,1.0,9.84,10.0,0.0
2025-08-09,LOC-06,Support Worker,1,1.0,8.08,8.0,0.0
2025-08-23,LOC-06,Support Worker,1,1.0,9.8,10.0,0.0
2025-09-13,LOC-06,Support Worker,1,1.0,7.89,8.0,0.0
2025-09-20,LOC-06,Support Worker,1,1.0,7.99,8.0,0.0
2025-09-27,LOC-06,Support Worker,1,1.0,8.97,8.0,1.0
2025-10-11,LOC-06,Support Worker,1,1.0,7.93,8.0,0.0
2025-12-03,LOC-06,Support Worker,1,1.0,9.82,10.0,0.0
2025-12-27,LOC-06,Support Worker,1,1.0,8.18,8.0,0.0
2026-01-10,LOC-06,Support Worker,1,1.0,10.12,10.0,0.0
2026-01-14,LOC-06,Support Worker,1,1.0,9.46,8.0,1.0
2026-01-31,LOC-06,Support Worker,1,1.0,10.9,8.0,1.0
2026-03-07,LOC-06,Support Worker,1,1.0,8.0,8.0,0.0
2026-04-18,LOC-06,Support Worker,1,1.0,7.9,8.0,0.0
2026-04-25,LOC-06,Support Worker,1,1.0,10.24,10.0,0.0
2026-05-16,LOC-06,Support Worker,1,1.0,8.03,8.0,0.0
2026-06-20,LOC-06,Support Worker,1,1.0,7.97,8.0,0.0
2026-06-27,LOC-06,Support Worker,1,1.0,7.82,8.0,0.0
2026-07-04,LOC-06,Support Worker,1,1.0,8.08,8.0,0.0
2026-07-18,LOC-06,Support Worker,1,1.0,10.96,8.0,1.0
2026-02-17,LOC-02,Support Worker,2,2.0,16.21,16.0,0.0
2025-09-28,LOC-09,Support Worker,2,2.0,19.23,16.0,1.0
2025-10-19,LOC-09,Support Worker,3,3.0,23.8,24.0,0.0
2025-10-24,LOC-09,Support Worker,2,2.0,16.12,16.0,0.0
2025-11-02,LOC-09,Support Worker,3,3.0,29.15,26.0,2.0
2025-12-28,LOC-09,Support Worker,3,3.0,23.66,24.0,0.0
2026-02-01,LOC-09,Support Worker,3,3.0,26.13,24.0,1.0
2026-03-01,LOC-09,Support Worker,2,2.0,15.71,16.0,0.0
2026-03-29,LOC-09,Support Worker,3,3.0,28.78,26.0,1.0
2026-05-03,LOC-09,Support Worker,3,3.0,24.34,24.0,0.0
2026-05-24,LOC-09,Support Worker,3,3.0,24.05,24.0,0.0
2026-06-28,LOC-09,Support Worker,3,3.0,24.799999999999997,24.0,1.0
2025-08-01,LOC-04,Team Leader,1,1.0,7.89,8.0,0.0
2025-08-09,LOC-04,Team Leader,1,1.0,7.93,8.0,0.0
2025-08-13,LOC-04,Team Leader,1,1.0,7.88,8.0,0.0
2025-09-03,LOC-04,Team Leader,1,0.0,0.0,8.0,0.0
2025-09-16,LOC-04,Team Leader,1,1.0,10.72,8.0,1.0
2025-09-22,LOC-04,Team Leader,1,1.0,9.93,10.0,0.0
2025-09-26,LOC-04,Team Leader,1,1.0,7.95,8.0,0.0
2025-10-06,LOC-04,Team Leader,1,1.0,8.01,8.0,0.0
2025-10-10,LOC-04,Team Leader,1,1.0,8.09,8.0,0.0
2025-10-11,LOC-04,Team Leader,1,1.0,7.82,8.0,0.0
2025-10-22,LOC-04,Team Leader,1,1.0,7.97,8.0,0.0
2025-11-03,LOC-04,Team Leader,1,1.0,7.82,8.0,0.0
2025-11-07,LOC-04,Team Leader,1,1.0,9.91,10.0,0.0
2025-11-12,LOC-04,Team Leader,1,1.0,8.0,8.0,0.0
2025-11-14,LOC-04,Team Leader,1,1.0,7.81,8.0,0.0
2025-11-15,LOC-04,Team Leader,1,1.0,8.65,8.0,1.0
2025-11-17,LOC-04,Team Leader,1,1.0,7.95,8.0,0.0
2025-11-18,LOC-04,Team Leader,1,1.0,8.01,8.0,0.0
2025-11-19,LOC-04,Team Leader,1,1.0,8.22,8.0,0.0
2025-11-22,LOC-04,Team Leader,1,1.0,8.0,8.0,0.0
2025-12-02,LOC-04,Team Leader,1,0.0,0.0,8.0,0.0
2025-12-10,LOC-04,Team Leader,1,1.0,9.72,10.0,0.0
2025-12-12,LOC-04,Team Leader,1,1.0,7.82,8.0,0.0
2025-12-15,LOC-04,Team Leader,1,1.0,8.02,8.0,0.0
2026-01-03,LOC-04,Team Leader,1,1.0,10.2,8.0,1.0
2026-01-09,LOC-04,Team Leader,1,1.0,7.92,8.0,0.0
2026-01-10,LOC-04,Team Leader,1,1.0,9.75,10.0,0.0
2026-01-16,LOC-04,Team Leader,1,1.0,8.12,8.0,0.0
2026-01-21,LOC-04,Team Leader,1,1.0,7.76,8.0,0.0
2026-01-31,LOC-04,Team Leader,1,0.0,0.0,8.0,0.0
2026-02-07,LOC-04,Team Leader,1,1.0,7.92,8.0,0.0
2026-02-09,LOC-04,Team Leader,1,1.0,8.15,8.0,0.0
2026-02-11,LOC-04,Team Leader,1,1.0,7.75,8.0,0.0
2026-02-20,LOC-04,Team Leader,1,1.0,8.09,8.0,0.0
2026-02-25,LOC-04,Team Leader,1,1.0,10.16,10.0,0.0
2026-02-27,LOC-04,Team Leader,1,1.0,7.87,8.0,0.0
2026-03-04,LOC-04,Team Leader,1,1.0,7.96,8.0,0.0
2026-03-07,LOC-04,Team Leader,1,1.0,8.73,8.0,1.0
2026-03-11,LOC-04,Team Leader,1,1.0,8.05,8.0,0.0
2026-03-16,LOC-04,Team Leader,1,1.0,7.98,8.0,0.0
2026-03-20,LOC-04,Team Leader,1,1.0,7.88,8.0,0.0
2026-04-07,LOC-04,Team Leader,1,1.0,8.1,8.0,0.0
2026-04-10,LOC-04,Team Leader,1,1.0,7.97,8.0,0.0
2026-04-22,LOC-04,Team Leader,1,1.0,10.78,8.0,1.0
2026-04-25,LOC-04,Team Leader,1,1.0,7.62,8.0,0.0
2026-05-05,LOC-04,Team Leader,1,1.0,7.98,8.0,0.0
2026-05-08,LOC-04,Team Leader,1,1.0,7.72,8.0,0.0
2026-05-13,LOC-04,Team Leader,1,1.0,7.98,8.0,0.0
2026-05-19,LOC-04,Team Leader,1,1.0,8.15,8.0,0.0
2026-05-20,LOC-04,Team Leader,1,1.0,7.73,8.0,0.0
2026-05-23,LOC-04,Team Leader,1,1.0,7.86,8.0,0.0
2026-05-26,LOC-04,Team Leader,1,1.0,8.0,8.0,0.0
2026-05-29,LOC-04,Team Leader,1,1.0,7.99,8.0,0.0
2026-06-06,LOC-04,Team Leader,1,1.0,10.13,10.0,0.0
2026-06-08,LOC-04,Team Leader,1,1.0,8.28,8.0,0.0
2026-06-13,LOC-04,Team Leader,1,1.0,8.18,8.0,0.0
2026-06-19,LOC-04,Team Leader,1,1.0,7.88,8.0,0.0
2026-06-24,LOC-04,Team Leader,1,1.0,7.99,8.0,0.0
2026-07-06,LOC-04,Team Leader,1,1.0,8.05,8.0,0.0
2026-07-11,LOC-04,Team Leader,1,1.0,8.17,8.0,0.0
2026-07-17,LOC-04,Team Leader,1,1.0,7.74,8.0,0.0
2026-07-18,LOC-04,Team Leader,1,1.0,8.22,8.0,0.0
2026-07-22,LOC-04,Team Leader,1,1.0,8.57,8.0,1.0
2026-07-24,LOC-04,Team Leader,1,1.0,8.02,8.0,0.0
2025-10-18,LOC-09,Support Worker,2,1.0,7.99,16.0,0.0
2026-05-09,LOC-09,Support Worker,2,2.0,17.52,16.0,1.0
2025-08-16,LOC-06,Allied Health Clinician,1,1.0,7.87,8.0,0.0
2025-09-05,LOC-06,Allied Health Clinician,1,1.0,8.05,8.0,0.0
2025-10-03,LOC-06,Allied Health Clinician,1,1.0,7.69,8.0,0.0
2025-10-04,LOC-06,Allied Health Clinician,1,1.0,7.92,8.0,0.0
2025-10-07,LOC-06,Allied Health Clinician,1,1.0,7.84,8.0,0.0
2025-10-28,LOC-06,Allied Health Clinician,1,1.0,12.62,10.0,1.0
2025-11-04,LOC-06,Allied Health Clinician,1,1.0,9.2,8.0,1.0
2025-11-07,LOC-06,Allied Health Clinician,1,1.0,9.03,8.0,1.0
2025-11-22,LOC-06,Allied Health Clinician,1,1.0,7.92,8.0,0.0
2025-12-12,LOC-06,Allied Health Clinician,1,1.0,10.02,10.0,0.0
2025-12-16,LOC-06,Allied Health Clinician,1,1.0,7.84,8.0,0.0
2025-12-19,LOC-06,Allied Health Clinician,1,1.0,9.14,8.0,1.0
2025-12-20,LOC-06,Allied Health Clinician,1,1.0,8.39,8.0,0.0
2025-12-23,LOC-06,Allied Health Clinician,1,1.0,8.17,8.0,0.0
2025-12-26,LOC-06,Allied Health Clinician,1,1.0,9.98,10.0,0.0
2026-01-24,LOC-06,Allied Health Clinician,1,1.0,7.83,8.0,0.0
2026-02-21,LOC-06,Allied Health Clinician,1,1.0,8.19,8.0,0.0
2026-03-10,LOC-06,Allied Health Clinician,1,1.0,10.15,10.0,0.0
2026-03-13,LOC-06,Allied Health Clinician,1,1.0,7.85,8.0,0.0
2026-04-07,LOC-06,Allied Health Clinician,1,1.0,8.07,8.0,0.0
2026-04-14,LOC-06,Allied Health Clinician,1,1.0,7.92,8.0,0.0
2026-05-01,LOC-06,Allied Health Clinician,1,1.0,8.09,8.0,0.0
2026-05-05,LOC-06,Allied Health Clinician,1,1.0,9.82,10.0,0.0
2026-05-23,LOC-06,Allied Health Clinician,1,1.0,8.12,8.0,0.0
2026-05-29,LOC-06,Allied Health Clinician,1,1.0,8.04,8.0,0.0
2026-06-09,LOC-06,Allied Health Clinician,1,1.0,10.78,8.0,1.0
2026-07-03,LOC-06,Allied Health Clinician,1,1.0,9.88,10.0,0.0
2026-07-17,LOC-06,Allied Health Clinician,1,1.0,8.07,8.0,0.0
2026-07-24,LOC-06,Allied Health Clinician,1,1.0,8.04,8.0,0.0
2026-07-28,LOC-06,Allied Health Clinician,1,1.0,9.85,10.0,0.0
2026-07-31,LOC-06,Allied Health Clinician,1,1.0,9.96,10.0,0.0
2025-08-14,LOC-01,Support Worker,1,1.0,8.0,8.0,0.0
2025-09-06,LOC-01,Support Worker,1,0.0,0.0,8.0,0.0
2025-09-11,LOC-01,Support Worker,1,1.0,8.14,8.0,0.0
2025-09-13,LOC-01,Support Worker,1,1.0,8.14,8.0,0.0
2025-09-18,LOC-01,Support Worker,1,1.0,7.84,8.0,0.0
2025-09-25,LOC-01,Support Worker,1,1.0,8.02,8.0,0.0
2025-10-23,LOC-01,Support Worker,1,1.0,8.3,8.0,0.0
2025-11-29,LOC-01,Support Worker,1,1.0,7.84,8.0,0.0
2025-12-11,LOC-01,Support Worker,1,1.0,8.04,8.0,0.0
2026-01-22,LOC-01,Support Worker,1,1.0,9.87,10.0,0.0
2026-01-24,LOC-01,Support Worker,1,1.0,8.05,8.0,0.0
2026-02-07,LOC-01,Support Worker,1,1.0,7.99,8.0,0.0
2026-02-12,LOC-01,Support Worker,1,1.0,8.15,8.0,0.0
2026-02-14,LOC-01,Support Worker,1,1.0,7.77,8.0,0.0
2026-02-19,LOC-01,Support Worker,1,1.0,9.86,10.0,0.0
2026-03-21,LOC-01,Support Worker,1,1.0,8.16,8.0,0.0
2026-05-02,LOC-01,Support Worker,1,1.0,8.1,8.0,0.0
2026-05-09,LOC-01,Support Worker,1,1.0,7.88,8.0,0.0
2026-05-16,LOC-01,Support Worker,1,1.0,8.11,8.0,0.0
2026-05-21,LOC-01,Support Worker,1,1.0,10.0,10.0,0.0
2026-06-11,LOC-01,Support Worker,1,1.0,10.06,8.0,1.0
2026-06-25,LOC-01,Support Worker,1,0.0,0.0,8.0,0.0
2026-07-23,LOC-01,Support Worker,1,1.0,7.93,8.0,0.0
2026-02-18,LOC-03,Team Leader,4,4.0,33.28,32.0,1.0
2026-02-25,LOC-03,Team Leader,4,4.0,33.62,34.0,0.0
2026-03-08,LOC-03,Team Leader,2,2.0,20.24,16.0,2.0
2025-08-06,LOC-04,Support Worker,3,3.0,24.03,24.0,0.0
2025-08-27,LOC-04,Support Worker,2,2.0,15.95,16.0,0.0
2025-09-08,LOC-04,Support Worker,2,2.0,17.03,16.0,1.0
2025-09-17,LOC-04,Support Worker,3,3.0,24.21,24.0,0.0
2025-10-15,LOC-04,Support Worker,3,3.0,23.38,24.0,0.0
2025-10-29,LOC-04,Support Worker,3,3.0,26.9,26.0,1.0
2025-11-26,LOC-04,Support Worker,3,3.0,25.96,24.0,1.0
2025-12-03,LOC-04,Support Worker,3,3.0,25.95,26.0,0.0
2026-03-25,LOC-04,Support Worker,3,3.0,24.43,24.0,0.0
2026-04-15,LOC-04,Support Worker,2,2.0,18.94,16.0,1.0
2026-06-10,LOC-04,Support Worker,3,3.0,25.61,26.0,0.0
2026-06-17,LOC-04,Support Worker,3,2.0,18.03,26.0,0.0
2026-07-01,LOC-04,Support Worker,3,3.0,24.380000000000003,24.0,0.0
2026-07-08,LOC-04,Support Worker,3,3.0,28.279999999999998,24.0,3.0
2026-07-29,LOC-04,Support Worker,3,3.0,26.44,26.0,1.0
2025-08-01,LOC-07,Allied Health Clinician,1,1.0,10.6,8.0,1.0
2025-08-02,LOC-07,Allied Health Clinician,1,1.0,9.77,8.0,1.0
2025-08-16,LOC-07,Allied Health Clinician,1,1.0,8.09,8.0,0.0
2025-08-23,LOC-07,Allied Health Clinician,1,1.0,8.15,8.0,0.0
2025-09-05,LOC-07,Allied Health Clinician,1,1.0,8.02,8.0,0.0
2025-09-19,LOC-07,Allied Health Clinician,1,1.0,8.06,8.0,0.0
2025-10-04,LOC-07,Allied Health Clinician,1,1.0,10.42,8.0,1.0
2025-10-24,LOC-07,Allied Health Clinician,1,1.0,9.69,10.0,0.0
2025-10-25,LOC-07,Allied Health Clinician,1,1.0,10.44,8.0,1.0
2025-10-31,LOC-07,Allied Health Clinician,1,1.0,7.93,8.0,0.0
2025-12-12,LOC-07,Allied Health Clinician,1,0.0,0.0,8.0,0.0
2025-12-13,LOC-07,Allied Health Clinician,1,1.0,7.9,8.0,0.0
2025-12-20,LOC-07,Allied Health Clinician,1,1.0,7.95,8.0,0.0
2026-01-03,LOC-07,Allied Health Clinician,1,1.0,7.92,8.0,0.0
2026-01-23,LOC-07,Allied Health Clinician,1,1.0,7.89,8.0,0.0
2026-01-30,LOC-07,Allied Health Clinician,1,1.0,8.06,8.0,0.0
2026-02-11,LOC-07,Allied Health Clinician,1,1.0,8.14,8.0,0.0
2026-02-21,LOC-07,Allied Health Clinician,1,1.0,7.92,8.0,0.0
2026-02-27,LOC-07,Allied Health Clinician,1,1.0,8.12,8.0,0.0
2026-02-28,LOC-07,Allied Health Clinician,1,1.0,8.2,8.0,0.0
2026-05-09,LOC-07,Allied Health Clinician,1,1.0,8.13,8.0,0.0
2026-06-06,LOC-07,Allied Health Clinician,1,1.0,8.23,8.0,0.0
2026-06-12,LOC-07,Allied Health Clinician,1,1.0,10.89,10.0,1.0
2026-07-18,LOC-07,Allied Health Clinician,1,1.0,9.74,10.0,0.0
2025-08-02,LOC-05,Coordinator,1,1.0,7.79,8.0,0.0
2025-08-08,LOC-05,Coordinator,1,1.0,9.84,10.0,0.0
2025-08-30,LOC-05,Coordinator,1,1.0,7.96,8.0,0.0
2025-09-20,LOC-05,Coordinator,1,1.0,9.93,8.0,1.0
2025-09-27,LOC-05,Coordinator,1,1.0,8.1,8.0,0.0
2025-11-08,LOC-05,Coordinator,1,1.0,10.16,10.0,0.0
2025-11-29,LOC-05,Coordinator,1,1.0,8.0,8.0,0.0
2025-12-20,LOC-05,Coordinator,1,1.0,7.92,8.0,0.0
2026-01-23,LOC-05,Coordinator,1,1.0,7.97,8.0,0.0
2026-02-07,LOC-05,Coordinator,1,1.0,7.84,8.0,0.0
2026-03-07,LOC-05,Coordinator,1,1.0,8.09,8.0,0.0
2026-04-10,LOC-05,Coordinator,1,0.0,0.0,8.0,0.0
2026-04-11,LOC-05,Coordinator,1,1.0,8.1,8.0,0.0
2026-05-16,LOC-05,Coordinator,1,1.0,10.45,8.0,1.0
2026-06-06,LOC-05,Coordinator,1,1.0,7.78,8.0,0.0
2026-06-20,LOC-05,Coordinator,1,1.0,7.94,8.0,0.0
2026-06-27,LOC-05,Coordinator,1,1.0,8.1,8.0,0.0
2026-07-03,LOC-05,Coordinator,1,1.0,8.2,8.0,0.0
2026-07-18,LOC-05,Coordinator,1,1.0,10.66,8.0,1.0
2025-08-05,LOC-04,Support Worker,2,2.0,15.92,16.0,0.0
2025-09-09,LOC-04,Support Worker,2,2.0,16.0,16.0,0.0
2025-10-21,LOC-04,Support Worker,1,0.0,0.0,8.0,0.0
2025-10-28,LOC-04,Support Worker,2,2.0,18.299999999999997,16.0,1.0
2025-11-04,LOC-04,Support Worker,2,1.0,7.94,16.0,0.0
2026-01-13,LOC-04,Support Worker,2,2.0,15.61,16.0,0.0
2026-02-24,LOC-04,Support Worker,2,2.0,16.03,16.0,0.0
2026-03-03,LOC-04,Support Worker,2,2.0,15.71,16.0,0.0
2026-03-17,LOC-04,Support Worker,2,2.0,16.009999999999998,16.0,0.0
2026-04-21,LOC-04,Support Worker,2,2.0,17.82,16.0,1.0
2026-05-12,LOC-04,Support Worker,2,2.0,16.240000000000002,16.0,0.0
2026-06-09,LOC-04,Support Worker,2,2.0,16.2,16.0,0.0
2026-06-30,LOC-04,Support Worker,2,2.0,16.09,16.0,0.0
2026-07-14,LOC-04,Support Worker,2,2.0,18.36,18.0,0.0
2026-07-21,LOC-04,Support Worker,2,2.0,18.03,18.0,0.0
2026-07-28,LOC-04,Support Worker,2,2.0,19.98,18.0,1.0
2025-08-06,LOC-06,Team Leader,1,1.0,10.69,8.0,1.0
2025-08-07,LOC-06,Team Leader,1,1.0,8.15,8.0,0.0
2025-08-14,LOC-06,Team Leader,1,1.0,8.02,8.0,0.0
2025-08-16,LOC-06,Team Leader,1,1.0,9.9,10.0,0.0
2025-08-20,LOC-06,Team Leader,1,1.0,8.01,8.0,0.0
2025-08-27,LOC-06,Team Leader,1,0.0,0.0,8.0,0.0
2025-09-05,LOC-06,Team Leader,1,1.0,10.15,10.0,0.0
2025-09-21,LOC-06,Team Leader,1,1.0,8.03,8.0,0.0
2025-10-03,LOC-06,Team Leader,1,1.0,7.94,8.0,0.0
2025-10-04,LOC-06,Team Leader,1,1.0,8.19,8.0,0.0
2025-10-08,LOC-06,Team Leader,1,1.0,8.21,8.0,0.0
2025-10-19,LOC-06,Team Leader,1,1.0,8.06,8.0,0.0
2025-11-05,LOC-06,Team Leader,1,1.0,8.02,8.0,0.0
2025-11-07,LOC-06,Team Leader,1,1.0,7.67,8.0,0.0
2025-11-19,LOC-06,Team Leader,1,1.0,8.26,8.0,0.0
2025-11-20,LOC-06,Team Leader,1,1.0,7.9,8.0,0.0
2025-11-22,LOC-06,Team Leader,1,1.0,8.1,8.0,0.0
2025-12-12,LOC-06,Team Leader,1,1.0,7.8,8.0,0.0
2025-12-14,LOC-06,Team Leader,1,1.0,7.89,8.0,0.0
2025-12-19,LOC-06,Team Leader,1,1.0,7.86,8.0,0.0
2025-12-20,LOC-06,Team Leader,1,1.0,8.1,8.0,0.0
2025-12-21,LOC-06,Team Leader,1,1.0,10.53,8.0,1.0
2025-12-25,LOC-06,Team Leader,1,1.0,8.21,8.0,0.0
2025-12-26,LOC-06,Team Leader,1,1.0,8.17,8.0,0.0
2025-12-28,LOC-06,Team Leader,1,1.0,8.0,8.0,0.0
2026-01-01,LOC-06,Team Leader,1,1.0,7.74,8.0,0.0
2026-01-11,LOC-06,Team Leader,1,0.0,0.0,8.0,0.0
2026-01-18,LOC-06,Team Leader,1,1.0,8.27,8.0,0.0
2026-01-24,LOC-06,Team Leader,1,1.0,7.76,8.0,0.0
2026-02-04,LOC-06,Team Leader,1,1.0,7.8,8.0,0.0
2026-02-11,LOC-06,Team Leader,1,1.0,7.96,8.0,0.0
2026-02-18,LOC-06,Team Leader,1,1.0,8.08,8.0,0.0
2026-02-21,LOC-06,Team Leader,1,1.0,8.04,8.0,0.0
2026-02-22,LOC-06,Team Leader,1,1.0,7.91,8.0,0.0
2026-03-04,LOC-06,Team Leader,1,1.0,7.96,8.0,0.0
2026-03-13,LOC-06,Team Leader,1,1.0,8.12,8.0,0.0
2026-03-18,LOC-06,Team Leader,1,1.0,10.05,10.0,0.0
2026-03-19,LOC-06,Team Leader,1,1.0,7.79,8.0,0.0
2026-04-08,LOC-06,Team Leader,1,1.0,7.96,8.0,0.0
2026-04-15,LOC-06,Team Leader,1,1.0,7.91,8.0,0.0
2026-04-19,LOC-06,Team Leader,1,1.0,8.84,8.0,1.0
2026-05-01,LOC-06,Team Leader,1,1.0,8.09,8.0,0.0
2026-05-14,LOC-06,Team Leader,1,1.0,10.69,8.0,1.0
2026-05-23,LOC-06,Team Leader,1,1.0,7.92,8.0,0.0
2026-05-28,LOC-06,Team Leader,1,1.0,9.69,8.0,1.0
2026-05-29,LOC-06,Team Leader,1,1.0,8.18,8.0,0.0
2026-05-31,LOC-06,Team Leader,1,1.0,10.04,10.0,0.0
2026-06-04,LOC-06,Team Leader,1,1.0,7.96,8.0,0.0
2026-06-25,LOC-06,Team Leader,1,1.0,7.91,8.0,0.0
2026-07-03,LOC-06,Team Leader,1,1.0,7.96,8.0,0.0
2026-07-05,LOC-06,Team Leader,1,1.0,8.1,8.0,0.0
2026-07-30,LOC-06,Team Leader,1,1.0,7.96,8.0,0.0
2026-07-31,LOC-06,Team Leader,1,1.0,7.8,8.0,0.0
2025-08-13,LOC-08,Team Leader,2,2.0,21.66,18.0,2.0
2025-08-16,LOC-08,Team Leader,2,2.0,17.17,16.0,1.0
2025-08-20,LOC-08,Team Leader,2,2.0,15.940000000000001,16.0,0.0
2025-09-06,LOC-08,Team Leader,2,2.0,17.94,18.0,0.0
2025-09-09,LOC-08,Team Leader,2,2.0,16.08,16.0,0.0
2025-09-16,LOC-08,Team Leader,2,2.0,16.39,16.0,0.0
2025-09-20,LOC-08,Team Leader,2,2.0,16.17,16.0,0.0
2025-09-23,LOC-08,Team Leader,2,2.0,18.1,16.0,1.0
2025-09-24,LOC-08,Team Leader,2,2.0,16.060000000000002,16.0,0.0
2025-09-27,LOC-08,Team Leader,2,1.0,10.75,16.0,1.0
2025-09-30,LOC-08,Team Leader,2,2.0,15.78,16.0,0.0
2025-10-01,LOC-08,Team Leader,2,2.0,16.12,16.0,0.0
2025-10-04,LOC-08,Team Leader,2,2.0,15.629999999999999,16.0,0.0
2025-10-07,LOC-08,Team Leader,2,2.0,16.03,16.0,0.0
2025-10-15,LOC-08,Team Leader,2,2.0,18.96,18.0,1.0
2025-11-05,LOC-08,Team Leader,2,2.0,15.969999999999999,16.0,0.0
2025-11-12,LOC-08,Team Leader,2,2.0,15.69,16.0,0.0
2025-12-03,LOC-08,Team Leader,2,2.0,16.07,16.0,0.0
2025-12-10,LOC-08,Team Leader,2,2.0,18.12,16.0,1.0
2025-12-16,LOC-08,Team Leader,2,2.0,19.950000000000003,18.0,1.0
2026-01-17,LOC-08,Team Leader,2,2.0,16.18,16.0,0.0
2026-01-28,LOC-08,Team Leader,2,2.0,16.130000000000003,16.0,0.0
2026-03-03,LOC-08,Team Leader,2,2.0,16.4,16.0,0.0
2026-03-04,LOC-08,Team Leader,2,2.0,15.73,16.0,0.0
2026-03-24,LOC-08,Team Leader,1,1.0,8.14,8.0,0.0
2026-04-11,LOC-08,Team Leader,2,2.0,17.65,16.0,1.0
2026-04-21,LOC-08,Team Leader,2,2.0,20.39,18.0,1.0
2026-04-25,LOC-08,Team Leader,2,2.0,16.09,16.0,0.0
2026-04-28,LOC-08,Team Leader,2,2.0,15.68,16.0,0.0
2026-05-12,LOC-08,Team Leader,2,2.0,15.83,16.0,0.0
2026-05-27,LOC-08,Team Leader,2,2.0,15.75,16.0,0.0
2026-05-30,LOC-08,Team Leader,2,2.0,16.22,16.0,0.0
2026-06-16,LOC-08,Team Leader,2,2.0,18.200000000000003,16.0,1.0
2026-06-17,LOC-08,Team Leader,2,2.0,15.879999999999999,16.0,0.0
2026-06-23,LOC-08,Team Leader,2,2.0,19.9,18.0,1.0
2026-06-24,LOC-08,Team Leader,2,2.0,16.3,16.0,0.0
2026-07-11,LOC-08,Team Leader,2,2.0,15.959999999999999,16.0,0.0
2026-07-29,LOC-08,Team Leader,2,2.0,16.24,16.0,0.0
2025-08-02,LOC-09,Coordinator,1,1.0,7.82,8.0,0.0
2025-08-06,LOC-09,Coordinator,1,1.0,10.69,8.0,1.0
2025-08-13,LOC-09,Coordinator,1,1.0,7.79,8.0,0.0
2025-08-16,LOC-09,Coordinator,1,1.0,7.85,8.0,0.0
2025-09-12,LOC-09,Coordinator,1,1.0,8.02,8.0,0.0
2025-09-26,LOC-09,Coordinator,1,1.0,7.99,8.0,0.0
2025-10-18,LOC-09,Coordinator,1,1.0,8.8,8.0,1.0
2025-10-24,LOC-09,Coordinator,1,1.0,7.76,8.0,0.0
2025-10-27,LOC-09,Coordinator,1,1.0,8.33,8.0,0.0
2025-10-29,LOC-09,Coordinator,1,1.0,10.95,8.0,1.0
2025-10-31,LOC-09,Coordinator,1,1.0,7.91,8.0,0.0
2025-11-05,LOC-09,Coordinator,1,1.0,7.93,8.0,0.0
2025-11-19,LOC-09,Coordinator,1,1.0,7.89,8.0,0.0
2025-11-22,LOC-09,Coordinator,1,1.0,8.0,8.0,0.0
2025-11-24,LOC-09,Coordinator,1,1.0,7.97,8.0,0.0
2025-11-26,LOC-09,Coordinator,1,1.0,7.99,8.0,0.0
2025-11-28,LOC-09,Coordinator,1,1.0,10.05,10.0,0.0
2025-12-12,LOC-09,Coordinator,1,1.0,8.04,8.0,0.0
2025-12-15,LOC-09,Coordinator,1,1.0,7.97,8.0,0.0
2025-12-26,LOC-09,Coordinator,1,1.0,9.87,8.0,1.0
2026-01-02,LOC-09,Coordinator,1,1.0,8.19,8.0,0.0
2026-01-14,LOC-09,Coordinator,1,0.0,0.0,10.0,0.0
2026-01-21,LOC-09,Coordinator,1,1.0,8.05,8.0,0.0
2026-01-26,LOC-09,Coordinator,1,1.0,7.74,8.0,0.0
2026-01-28,LOC-09,Coordinator,1,1.0,7.97,8.0,0.0
2026-02-04,LOC-09,Coordinator,1,1.0,7.81,8.0,0.0
2026-02-09,LOC-09,Coordinator,1,1.0,10.97,8.0,1.0
2026-02-25,LOC-09,Coordinator,1,1.0,10.73,10.0,1.0
2026-02-28,LOC-09,Coordinator,1,1.0,8.04,8.0,0.0
2026-03-02,LOC-09,Coordinator,1,1.0,9.65,8.0,1.0
2026-03-04,LOC-09,Coordinator,1,1.0,8.13,8.0,0.0
2026-03-07,LOC-09,Coordinator,1,1.0,7.79,8.0,0.0
2026-03-09,LOC-09,Coordinator,1,1.0,9.73,8.0,1.0
2026-03-11,LOC-09,Coordinator,1,1.0,8.15,8.0,0.0
2026-03-14,LOC-09,Coordinator,1,1.0,7.98,8.0,0.0
2026-03-28,LOC-09,Coordinator,1,1.0,7.8,8.0,0.0
2026-04-24,LOC-09,Coordinator,1,1.0,7.82,8.0,0.0
2026-04-25,LOC-09,Coordinator,1,1.0,8.01,8.0,0.0
2026-04-29,LOC-09,Coordinator,1,1.0,8.31,8.0,0.0
2026-05-02,LOC-09,Coordinator,1,1.0,8.01,8.0,0.0
2026-05-06,LOC-09,Coordinator,1,1.0,10.01,10.0,0.0
2026-05-09,LOC-09,Coordinator,1,1.0,7.8,8.0,0.0
2026-05-15,LOC-09,Coordinator,1,1.0,7.89,8.0,0.0
2026-05-23,LOC-09,Coordinator,1,1.0,7.77,8.0,0.0
2026-05-25,LOC-09,Coordinator,1,1.0,7.82,8.0,0.0
2026-05-30,LOC-09,Coordinator,1,1.0,7.87,8.0,0.0
2026-06-03,LOC-09,Coordinator,1,1.0,10.01,10.0,0.0
2026-06-12,LOC-09,Coordinator,1,1.0,7.55,8.0,0.0
2026-06-13,LOC-09,Coordinator,1,1.0,7.9,8.0,0.0
2026-06-15,LOC-09,Coordinator,1,1.0,7.69,8.0,0.0
2026-06-17,LOC-09,Coordinator,1,1.0,8.04,8.0,0.0
2026-06-18,LOC-09,Coordinator,1,1.0,8.15,8.0,0.0
2026-06-19,LOC-09,Coordinator,1,1.0,7.82,8.0,0.0
2026-06-22,LOC-09,Coordinator,1,1.0,10.23,8.0,1.0
2026-06-26,LOC-09,Coordinator,1,1.0,7.82,8.0,0.0
2026-07-04,LOC-09,Coordinator,1,1.0,8.21,8.0,0.0
2026-07-13,LOC-09,Coordinator,1,1.0,7.8,8.0,0.0
2026-07-18,LOC-09,Coordinator,1,1.0,7.86,8.0,0.0
2026-07-25,LOC-09,Coordinator,1,1.0,7.8,8.0,0.0
2025-08-06,LOC-07,Support Worker,2,2.0,16.15,16.0,0.0
2025-09-10,LOC-07,Support Worker,2,2.0,16.15,16.0,0.0
2025-09-14,LOC-07,Support Worker,1,1.0,8.26,8.0,0.0
2025-09-21,LOC-07,Support Worker,1,1.0,10.11,8.0,1.0
2025-09-28,LOC-07,Support Worker,1,1.0,8.2,8.0,0.0
2025-11-16,LOC-07,Support Worker,1,1.0,8.0,8.0,0.0
2025-12-07,LOC-07,Support Worker,1,1.0,7.78,8.0,0.0
2026-01-07,LOC-07,Support Worker,2,2.0,16.16,16.0,0.0
2026-01-25,LOC-07,Support Worker,1,1.0,7.8,8.0,0.0
2026-02-08,LOC-07,Support Worker,1,1.0,7.94,8.0,0.0
2026-03-29,LOC-07,Support Worker,1,1.0,7.98,8.0,0.0
2026-05-27,LOC-07,Support Worker,2,2.0,15.899999999999999,16.0,0.0
2026-06-03,LOC-07,Support Worker,2,2.0,16.130000000000003,16.0,0.0
2026-06-07,LOC-07,Support Worker,1,1.0,7.98,8.0,0.0
2026-06-10,LOC-07,Support Worker,2,2.0,16.15,16.0,0.0
2026-07-26,LOC-07,Support Worker,1,1.0,7.81,8.0,0.0
2025-08-02,LOC-04,Support Worker,1,1.0,7.89,8.0,0.0
2025-09-13,LOC-04,Support Worker,1,1.0,7.96,8.0,0.0
2025-09-14,LOC-04,Support Worker,1,1.0,8.17,8.0,0.0
2025-09-20,LOC-04,Support Worker,1,1.0,8.38,8.0,0.0
2025-11-01,LOC-04,Support Worker,1,1.0,9.89,10.0,0.0
2025-11-25,LOC-04,Support Worker,1,1.0,8.16,8.0,0.0
2026-03-21,LOC-04,Support Worker,1,1.0,8.01,8.0,0.0
2026-04-11,LOC-04,Support Worker,1,1.0,8.07,8.0,0.0
2026-04-14,LOC-04,Support Worker,1,1.0,8.12,8.0,0.0
2026-05-02,LOC-04,Support Worker,1,1.0,8.19,8.0,0.0
2026-06-20,LOC-04,Support Worker,1,1.0,7.9,8.0,0.0
2026-06-27,LOC-04,Support Worker,1,1.0,8.08,8.0,0.0
2026-07-25,LOC-04,Support Worker,1,1.0,7.87,8.0,0.0
2025-11-16,LOC-03,Support Worker,1,1.0,9.79,10.0,0.0
2025-08-03,LOC-01,Support Worker,1,1.0,10.53,8.0,1.0
2025-08-04,LOC-01,Support Worker,1,1.0,8.19,8.0,0.0
2025-08-05,LOC-01,Support Worker,1,1.0,8.0,8.0,0.0
2025-08-06,LOC-01,Support Worker,1,1.0,7.64,8.0,0.0
2025-08-08,LOC-01,Support Worker,1,1.0,8.15,8.0,0.0
2025-08-10,LOC-01,Support Worker,1,1.0,7.94,8.0,0.0
2025-08-11,LOC-01,Support Worker,1,1.0,10.11,10.0,0.0
2025-08-12,LOC-01,Support Worker,1,1.0,8.11,8.0,0.0
2025-08-17,LOC-01,Support Worker,1,1.0,7.94,8.0,0.0
2025-08-20,LOC-01,Support Worker,1,1.0,8.0,8.0,0.0
2025-08-26,LOC-01,Support Worker,1,1.0,8.01,8.0,0.0
2025-08-27,LOC-01,Support Worker,1,1.0,8.02,8.0,0.0
2025-08-31,LOC-01,Support Worker,1,1.0,7.87,8.0,0.0
2025-09-03,LOC-01,Support Worker,1,1.0,10.05,10.0,0.0
2025-09-05,LOC-01,Support Worker,1,1.0,7.77,8.0,0.0
2025-09-10,LOC-01,Support Worker,1,1.0,7.82,8.0,0.0
2025-09-12,LOC-01,Support Worker,1,1.0,8.0,8.0,0.0
2025-09-19,LOC-01,Support Worker,1,1.0,7.81,8.0,0.0
2025-10-19,LOC-01,Support Worker,1,1.0,8.04,8.0,0.0
2025-10-22,LOC-01,Support Worker,1,1.0,9.98,10.0,0.0
2025-10-31,LOC-01,Support Worker,1,1.0,8.05,8.0,0.0
2025-11-04,LOC-01,Support Worker,1,1.0,10.65,8.0,1.0
2025-11-12,LOC-01,Support Worker,1,1.0,8.07,8.0,0.0
2025-11-16,LOC-01,Support Worker,1,1.0,10.23,10.0,0.0
2025-11-18,LOC-01,Support Worker,1,1.0,7.93,8.0,0.0
2025-11-19,LOC-01,Support Worker,1,1.0,9.99,10.0,0.0
2025-11-30,LOC-01,Support Worker,1,1.0,8.05,8.0,0.0
2025-12-01,LOC-01,Support Worker,1,1.0,7.86,8.0,0.0
2025-12-09,LOC-01,Support Worker,1,1.0,8.02,8.0,0.0
2025-12-16,LOC-01,Support Worker,1,0.0,0.0,8.0,0.0
2025-12-24,LOC-01,Support Worker,1,1.0,8.15,8.0,0.0
2025-12-29,LOC-01,Support Worker,1,1.0,9.96,10.0,0.0
2026-01-04,LOC-01,Support Worker,1,1.0,8.06,8.0,0.0
2026-01-07,LOC-01,Support Worker,1,1.0,10.0,10.0,0.0
2026-01-12,LOC-01,Support Worker,1,1.0,8.0,8.0,0.0
2026-01-20,LOC-01,Support Worker,1,1.0,7.82,8.0,0.0
2026-01-25,LOC-01,Support Worker,1,1.0,10.32,10.0,0.0
2026-01-26,LOC-01,Support Worker,1,1.0,7.96,8.0,0.0
2026-02-10,LOC-01,Support Worker,1,1.0,8.24,8.0,0.0
2026-02-18,LOC-01,Support Worker,1,1.0,8.05,8.0,0.0
2026-02-25,LOC-01,Support Worker,1,1.0,7.88,8.0,0.0
2026-03-04,LOC-01,Support Worker,1,1.0,8.12,8.0,0.0
2026-03-10,LOC-01,Support Worker,1,1.0,7.83,8.0,0.0
2026-03-11,LOC-01,Support Worker,1,1.0,7.96,8.0,0.0
2026-03-16,LOC-01,Support Worker,1,1.0,8.16,8.0,0.0
2026-04-05,LOC-01,Support Worker,1,1.0,8.1,8.0,0.0
2026-04-21,LOC-01,Support Worker,1,1.0,7.76,8.0,0.0
2026-05-18,LOC-01,Support Worker,1,1.0,7.95,8.0,0.0
2026-05-20,LOC-01,Support Worker,1,1.0,8.0,8.0,0.0
2026-05-22,LOC-01,Support Worker,1,1.0,7.9,8.0,0.0
2026-06-02,LOC-01,Support Worker,1,1.0,10.03,10.0,0.0
2026-06-03,LOC-01,Support Worker,1,1.0,8.12,8.0,0.0
2026-06-09,LOC-01,Support Worker,1,1.0,8.0,8.0,0.0
2026-06-21,LOC-01,Support Worker,1,1.0,7.93,8.0,0.0
2026-06-22,LOC-01,Support Worker,1,1.0,7.93,8.0,0.0
2026-06-26,LOC-01,Support Worker,1,1.0,7.8,8.0,0.0
2026-06-29,LOC-01,Support Worker,1,1.0,7.81,8.0,0.0
2026-07-06,LOC-01,Support Worker,1,1.0,10.13,10.0,0.0
2026-07-17,LOC-01,Support Worker,1,1.0,10.0,10.0,0.0
2026-07-19,LOC-01,Support Worker,1,1.0,7.99,8.0,0.0
2026-07-28,LOC-01,Support Worker,1,1.0,9.92,10.0,0.0
2026-07-31,LOC-01,Support Worker,1,1.0,7.67,8.0,0.0
2025-08-11,LOC-03,Registered Nurse,1,1.0,8.01,8.0,0.0
2025-08-14,LOC-03,Registered Nurse,1,1.0,8.11,8.0,0.0
2025-08-15,LOC-03,Registered Nurse,1,1.0,9.91,10.0,0.0
2025-08-18,LOC-03,Registered Nurse,1,1.0,8.25,8.0,0.0
2025-08-25,LOC-03,Registered Nurse,1,1.0,9.71,8.0,1.0
2025-09-07,LOC-03,Registered Nurse,1,1.0,10.06,10.0,0.0
2025-09-25,LOC-03,Registered Nurse,1,1.0,8.1,8.0,0.0
2025-10-01,LOC-03,Registered Nurse,1,1.0,7.98,8.0,0.0
2025-10-03,LOC-03,Registered Nurse,1,1.0,8.02,8.0,0.0
2025-10-05,LOC-03,Registered Nurse,1,1.0,8.05,8.0,0.0
2025-10-06,LOC-03,Registered Nurse,1,1.0,8.23,8.0,0.0
2025-10-10,LOC-03,Registered Nurse,1,1.0,8.04,8.0,0.0
2025-10-19,LOC-03,Registered Nurse,1,1.0,7.44,8.0,0.0
2025-10-20,LOC-03,Registered Nurse,1,1.0,7.94,8.0,0.0
2025-11-10,LOC-03,Registered Nurse,1,1.0,8.18,8.0,0.0
2025-12-04,LOC-03,Registered Nurse,1,1.0,7.78,8.0,0.0
2025-12-10,LOC-03,Registered Nurse,1,1.0,8.26,8.0,0.0
2025-12-17,LOC-03,Registered Nurse,1,1.0,7.91,8.0,0.0
2025-12-24,LOC-03,Registered Nurse,1,1.0,8.04,8.0,0.0
2025-12-26,LOC-03,Registered Nurse,1,1.0,7.87,8.0,0.0
2025-12-29,LOC-03,Registered Nurse,1,1.0,7.78,8.0,0.0
2026-01-02,LOC-03,Registered Nurse,1,1.0,8.05,8.0,0.0
2026-01-05,LOC-03,Registered Nurse,1,1.0,7.91,8.0,0.0
2026-01-11,LOC-03,Registered Nurse,1,1.0,8.36,8.0,0.0
2026-01-12,LOC-03,Registered Nurse,1,1.0,8.02,8.0,0.0
2026-01-15,LOC-03,Registered Nurse,1,1.0,8.0,8.0,0.0
2026-01-16,LOC-03,Registered Nurse,1,1.0,8.06,8.0,0.0
2026-01-30,LOC-03,Registered Nurse,1,1.0,8.07,8.0,0.0
2026-02-01,LOC-03,Registered Nurse,1,1.0,10.68,8.0,1.0
2026-02-02,LOC-03,Registered Nurse,1,1.0,7.92,8.0,0.0
2026-02-12,LOC-03,Registered Nurse,1,1.0,8.04,8.0,0.0
2026-02-16,LOC-03,Registered Nurse,1,1.0,7.89,8.0,0.0
2026-02-26,LOC-03,Registered Nurse,1,1.0,8.21,8.0,0.0
2026-03-01,LOC-03,Registered Nurse,1,1.0,7.92,8.0,0.0
2026-03-04,LOC-03,Registered Nurse,1,1.0,8.0,8.0,0.0
2026-03-06,LOC-03,Registered Nurse,1,1.0,7.96,8.0,0.0
2026-03-13,LOC-03,Registered Nurse,1,1.0,7.93,8.0,0.0
2026-03-20,LOC-03,Registered Nurse,1,1.0,8.34,8.0,0.0
2026-04-08,LOC-03,Registered Nurse,1,1.0,7.84,8.0,0.0
2026-04-12,LOC-03,Registered Nurse,1,1.0,8.26,8.0,0.0
2026-04-17,LOC-03,Registered Nurse,1,1.0,7.89,8.0,0.0
2026-04-20,LOC-03,Registered Nurse,1,1.0,8.06,8.0,0.0
2026-04-24,LOC-03,Registered Nurse,1,1.0,9.85,10.0,0.0
2026-04-26,LOC-03,Registered Nurse,1,1.0,9.81,10.0,0.0
2026-05-01,LOC-03,Registered Nurse,1,1.0,7.98,8.0,0.0
2026-05-06,LOC-03,Registered Nurse,1,1.0,12.8,10.0,1.0
2026-05-07,LOC-03,Registered Nurse,1,1.0,8.02,8.0,0.0
2026-05-08,LOC-03,Registered Nurse,1,1.0,10.7,8.0,1.0
2026-05-13,LOC-03,Registered Nurse,1,1.0,7.79,8.0,0.0
2026-05-22,LOC-03,Registered Nurse,1,1.0,7.99,8.0,0.0
2026-05-29,LOC-03,Registered Nurse,1,1.0,8.07,8.0,0.0
2026-06-04,LOC-03,Registered Nurse,1,1.0,8.1,8.0,0.0
2026-06-07,LOC-03,Registered Nurse,1,1.0,7.94,8.0,0.0
2026-06-19,LOC-03,Registered Nurse,1,1.0,8.1,8.0,0.0
2026-06-21,LOC-03,Registered Nurse,1,1.0,9.96,10.0,0.0
2026-06-22,LOC-03,Registered Nurse,1,1.0,10.01,10.0,0.0
2026-06-26,LOC-03,Registered Nurse,1,1.0,8.25,8.0,0.0
2026-07-06,LOC-03,Registered Nurse,1,1.0,9.97,10.0,0.0
2026-07-13,LOC-03,Registered Nurse,1,1.0,7.87,8.0,0.0
2026-07-20,LOC-03,Registered Nurse,1,1.0,8.06,8.0,0.0
2026-07-24,LOC-03,Registered Nurse,1,1.0,8.03,8.0,0.0
2025-11-03,LOC-02,Support Worker,3,3.0,23.75,24.0,0.0
2025-08-31,LOC-09,Allied Health Clinician,1,1.0,8.0,8.0,0.0
2025-09-14,LOC-09,Allied Health Clinician,1,1.0,9.91,10.0,0.0
2025-09-21,LOC-09,Allied Health Clinician,1,1.0,10.77,8.0,1.0
2025-10-12,LOC-09,Allied Health Clinician,1,1.0,7.94,8.0,0.0
2025-11-09,LOC-09,Allied Health Clinician,1,1.0,8.12,8.0,0.0
2025-11-23,LOC-09,Allied Health Clinician,1,1.0,8.21,8.0,0.0
2026-01-18,LOC-09,Allied Health Clinician,1,1.0,9.89,10.0,0.0
2026-01-25,LOC-09,Allied Health Clinician,1,1.0,8.03,8.0,0.0
2026-03-15,LOC-09,Allied Health Clinician,1,1.0,8.08,8.0,0.0
2026-03-22,LOC-09,Allied Health Clinician,1,1.0,10.12,10.0,0.0
2026-06-21,LOC-09,Allied Health Clinician,1,1.0,8.01,8.0,0.0
2026-07-01,LOC-09,Allied Health Clinician,1,1.0,7.98,8.0,0.0
2025-08-27,LOC-02,Support Worker,1,1.0,7.72,8.0,0.0
2025-09-17,LOC-02,Support Worker,1,1.0,7.96,8.0,0.0
2025-09-24,LOC-02,Support Worker,1,1.0,8.06,8.0,0.0
2025-10-15,LOC-02,Support Worker,1,1.0,9.67,8.0,1.0
2025-11-26,LOC-02,Support Worker,1,1.0,7.96,8.0,0.0
2025-12-17,LOC-02,Support Worker,1,1.0,8.04,8.0,0.0
2026-01-07,LOC-02,Support Worker,1,1.0,10.11,10.0,0.0
2026-01-14,LOC-02,Support Worker,1,1.0,9.97,10.0,0.0
2026-02-18,LOC-02,Support Worker,1,1.0,9.04,8.0,1.0
2026-03-18,LOC-02,Support Worker,1,1.0,10.81,8.0,1.0
2026-04-15,LOC-02,Support Worker,1,1.0,7.97,8.0,0.0
2026-04-22,LOC-02,Support Worker,1,1.0,8.01,8.0,0.0
2026-04-29,LOC-02,Support Worker,1,1.0,7.82,8.0,0.0
2026-05-13,LOC-02,Support Worker,1,1.0,9.89,10.0,0.0
2026-06-10,LOC-02,Support Worker,1,1.0,9.77,8.0,1.0
2026-07-22,LOC-02,Support Worker,1,1.0,7.81,8.0,0.0
2026-07-29,LOC-02,Support Worker,1,1.0,7.93,8.0,0.0
2026-03-04,LOC-07,Support Worker,1,1.0,7.93,8.0,0.0
2025-10-16,LOC-03,Team Leader,3,3.0,24.19,24.0,0.0
2025-10-23,LOC-03,Team Leader,3,3.0,24.0,24.0,0.0
2025-11-06,LOC-03,Team Leader,3,2.0,17.43,24.0,1.0
2026-02-19,LOC-03,Team Leader,3,3.0,27.15,24.0,1.0
2026-02-28,LOC-03,Team Leader,2,2.0,18.89,18.0,1.0
2026-03-26,LOC-03,Team Leader,3,3.0,26.049999999999997,26.0,0.0
2026-04-30,LOC-03,Team Leader,3,3.0,24.07,24.0,0.0
2026-05-23,LOC-03,Team Leader,2,2.0,16.05,16.0,0.0
2026-05-28,LOC-03,Team Leader,3,3.0,26.560000000000002,26.0,0.0
2026-06-11,LOC-03,Team Leader,2,2.0,15.83,16.0,0.0
2026-07-23,LOC-03,Team Leader,3,3.0,25.83,24.0,1.0
2025-08-01,LOC-05,Registered Nurse,1,1.0,7.81,8.0,0.0
2025-08-03,LOC-05,Registered Nurse,1,1.0,8.05,8.0,0.0
2025-08-06,LOC-05,Registered Nurse,1,1.0,7.99,8.0,0.0
2025-08-21,LOC-05,Registered Nurse,1,1.0,8.0,8.0,0.0
2025-08-24,LOC-05,Registered Nurse,1,1.0,8.14,8.0,0.0
2025-09-04,LOC-05,Registered Nurse,1,0.0,0.0,8.0,0.0
2025-09-11,LOC-05,Registered Nurse,1,1.0,7.96,8.0,0.0
2025-09-12,LOC-05,Registered Nurse,1,1.0,7.95,8.0,0.0
2025-09-17,LOC-05,Registered Nurse,1,1.0,8.06,8.0,0.0
2025-09-21,LOC-05,Registered Nurse,1,1.0,7.84,8.0,0.0
2025-09-23,LOC-05,Registered Nurse,1,1.0,7.97,8.0,0.0
2025-10-05,LOC-05,Registered Nurse,1,1.0,7.83,8.0,0.0
2025-10-19,LOC-05,Registered Nurse,1,1.0,8.17,8.0,0.0
2025-10-22,LOC-05,Registered Nurse,1,1.0,10.0,8.0,1.0
2025-10-24,LOC-05,Registered Nurse,1,1.0,7.61,8.0,0.0
2025-10-28,LOC-05,Registered Nurse,1,1.0,8.09,8.0,0.0
2025-10-31,LOC-05,Registered Nurse,1,1.0,8.11,8.0,0.0
2025-11-05,LOC-05,Registered Nurse,1,1.0,8.39,8.0,0.0
2025-11-07,LOC-05,Registered Nurse,1,1.0,7.76,8.0,0.0
2025-11-12,LOC-05,Registered Nurse,1,1.0,7.98,8.0,0.0
2025-11-16,LOC-05,Registered Nurse,1,1.0,10.03,10.0,0.0
2025-11-21,LOC-05,Registered Nurse,1,1.0,8.2,8.0,0.0
2025-11-23,LOC-05,Registered Nurse,1,1.0,7.75,8.0,0.0
2025-11-30,LOC-05,Registered Nurse,1,1.0,8.04,8.0,0.0
2025-12-03,LOC-05,Registered Nurse,1,1.0,8.01,8.0,0.0
2025-12-21,LOC-05,Registered Nurse,1,1.0,7.94,8.0,0.0
2025-12-24,LOC-05,Registered Nurse,1,1.0,7.83,8.0,0.0
2025-12-26,LOC-05,Registered Nurse,1,1.0,8.2,8.0,0.0
2026-02-15,LOC-05,Registered Nurse,1,1.0,8.14,8.0,0.0
2026-03-01,LOC-05,Registered Nurse,1,1.0,7.96,8.0,0.0
2026-03-08,LOC-05,Registered Nurse,1,1.0,8.21,8.0,0.0
2026-03-22,LOC-05,Registered Nurse,1,1.0,7.91,8.0,0.0
2026-04-17,LOC-05,Registered Nurse,1,1.0,12.7,10.0,1.0
2026-05-10,LOC-05,Registered Nurse,1,1.0,8.69,8.0,1.0
2026-05-15,LOC-05,Registered Nurse,1,1.0,7.92,8.0,0.0
2026-05-22,LOC-05,Registered Nurse,1,1.0,8.18,8.0,0.0
2026-05-26,LOC-05,Registered Nurse,1,1.0,7.91,8.0,0.0
2026-06-09,LOC-05,Registered Nurse,1,1.0,8.09,8.0,0.0
2026-06-14,LOC-05,Registered Nurse,1,0.0,0.0,10.0,0.0
2026-07-01,LOC-05,Registered Nurse,1,1.0,7.84,8.0,0.0
2026-07-05,LOC-05,Registered Nurse,1,1.0,7.83,8.0,0.0
2026-07-10,LOC-05,Registered Nurse,1,1.0,8.17,8.0,0.0
2026-07-15,LOC-05,Registered Nurse,1,1.0,8.0,8.0,0.0
2026-07-22,LOC-05,Registered Nurse,1,1.0,10.22,10.0,0.0
2026-07-29,LOC-05,Registered Nurse,1,1.0,8.31,8.0,0.0
2025-08-04,LOC-07,Registered Nurse,1,1.0,7.97,8.0,0.0
2025-08-05,LOC-07,Registered Nurse,1,1.0,7.69,8.0,0.0
2025-08-10,LOC-07,Registered Nurse,1,1.0,7.89,8.0,0.0
2025-08-17,LOC-07,Registered Nurse,1,1.0,7.88,8.0,0.0
2025-08-18,LOC-07,Registered Nurse,1,1.0,7.99,8.0,0.0
2025-08-19,LOC-07,Registered Nurse,1,1.0,11.22,10.0,1.0
2025-08-22,LOC-07,Registered Nurse,1,1.0,8.7,8.0,1.0
2025-08-29,LOC-07,Registered Nurse,1,1.0,8.1,8.0,0.0
2025-09-03,LOC-07,Registered Nurse,1,1.0,8.07,8.0,0.0
2025-09-12,LOC-07,Registered Nurse,1,1.0,7.87,8.0,0.0
2025-10-01,LOC-07,Registered Nurse,1,1.0,8.1,8.0,0.0
2025-10-03,LOC-07,Registered Nurse,1,1.0,7.56,8.0,0.0
2025-10-13,LOC-07,Registered Nurse,1,1.0,8.09,8.0,0.0
2025-10-15,LOC-07,Registered Nurse,1,1.0,7.91,8.0,0.0
2025-10-20,LOC-07,Registered Nurse,1,1.0,8.01,8.0,0.0
2025-10-21,LOC-07,Registered Nurse,1,1.0,9.72,8.0,1.0
2025-10-22,LOC-07,Registered Nurse,1,1.0,9.78,10.0,0.0
2025-11-04,LOC-07,Registered Nurse,1,1.0,8.18,8.0,0.0
2025-11-05,LOC-07,Registered Nurse,1,1.0,10.08,10.0,0.0
2025-11-07,LOC-07,Registered Nurse,1,1.0,8.04,8.0,0.0
2025-11-25,LOC-07,Registered Nurse,1,1.0,7.7,8.0,0.0
2025-12-01,LOC-07,Registered Nurse,1,0.0,0.0,8.0,0.0
2025-12-10,LOC-07,Registered Nurse,1,1.0,8.06,8.0,0.0
2025-12-17,LOC-07,Registered Nurse,1,1.0,8.25,8.0,0.0
2025-12-19,LOC-07,Registered Nurse,1,1.0,9.95,10.0,0.0
2025-12-22,LOC-07,Registered Nurse,1,1.0,7.87,8.0,0.0
2025-12-28,LOC-07,Registered Nurse,1,1.0,7.96,8.0,0.0
2026-01-02,LOC-07,Registered Nurse,1,1.0,10.41,8.0,1.0
2026-02-13,LOC-07,Registered Nurse,1,1.0,7.87,8.0,0.0
2026-03-02,LOC-07,Registered Nurse,1,1.0,10.07,10.0,0.0
2026-03-10,LOC-07,Registered Nurse,1,1.0,8.2,8.0,0.0
2026-03-22,LOC-07,Registered Nurse,1,1.0,7.98,8.0,0.0
2026-04-05,LOC-07,Registered Nurse,1,1.0,8.08,8.0,0.0
2026-04-07,LOC-07,Registered Nurse,1,1.0,7.97,8.0,0.0
2026-04-08,LOC-07,Registered Nurse,1,1.0,8.16,8.0,0.0
2026-04-13,LOC-07,Registered Nurse,1,1.0,7.8,8.0,0.0
2026-04-15,LOC-07,Registered Nurse,1,1.0,10.22,8.0,1.0
2026-04-19,LOC-07,Registered Nurse,1,1.0,8.06,8.0,0.0
2026-04-22,LOC-07,Registered Nurse,1,1.0,9.74,8.0,1.0
2026-04-24,LOC-07,Registered Nurse,1,1.0,7.96,8.0,0.0
2026-04-28,LOC-07,Registered Nurse,1,1.0,8.1,8.0,0.0
2026-05-01,LOC-07,Registered Nurse,1,1.0,7.98,8.0,0.0
2026-05-05,LOC-07,Registered Nurse,1,1.0,7.88,8.0,0.0
2026-05-17,LOC-07,Registered Nurse,1,1.0,10.18,10.0,0.0
2026-05-24,LOC-07,Registered Nurse,1,1.0,7.93,8.0,0.0
2026-06-05,LOC-07,Registered Nurse,1,1.0,8.03,8.0,0.0
2026-06-17,LOC-07,Registered Nurse,1,1.0,9.61,8.0,1.0
2026-06-19,LOC-07,Registered Nurse,1,1.0,8.06,8.0,0.0
2026-06-28,LOC-07,Registered Nurse,1,1.0,7.84,8.0,0.0
2026-06-30,LOC-07,Registered Nurse,1,1.0,8.67,8.0,1.0
2026-07-01,LOC-07,Registered Nurse,1,1.0,8.11,8.0,0.0
2026-07-03,LOC-07,Registered Nurse,1,1.0,9.93,10.0,0.0
2026-07-08,LOC-07,Registered Nurse,1,1.0,7.96,8.0,0.0
2026-07-19,LOC-07,Registered Nurse,1,1.0,7.79,8.0,0.0
2026-07-21,LOC-07,Registered Nurse,1,1.0,9.93,10.0,0.0
2026-07-24,LOC-07,Registered Nurse,1,1.0,7.98,8.0,0.0
2026-07-28,LOC-07,Registered Nurse,1,1.0,7.97,8.0,0.0
2026-07-31,LOC-07,Registered Nurse,1,1.0,8.89,8.0,1.0
2025-08-07,LOC-08,Allied Health Clinician,1,1.0,7.81,8.0,0.0
2025-08-28,LOC-08,Allied Health Clinician,1,1.0,8.15,8.0,0.0
2025-10-13,LOC-08,Allied Health Clinician,1,1.0,7.93,8.0,0.0
2025-10-23,LOC-08,Allied Health Clinician,1,1.0,9.47,8.0,1.0
2025-12-11,LOC-08,Allied Health Clinician,1,1.0,8.1,8.0,0.0
2025-12-29,LOC-08,Allied Health Clinician,1,1.0,8.55,8.0,1.0
2026-01-01,LOC-08,Allied Health Clinician,1,1.0,10.05,10.0,0.0
2026-01-08,LOC-08,Allied Health Clinician,1,1.0,9.18,8.0,1.0
2026-01-19,LOC-08,Allied Health Clinician,1,1.0,11.87,10.0,1.0
2026-02-12,LOC-08,Allied Health Clinician,1,1.0,8.1,8.0,0.0
2026-03-19,LOC-08,Allied Health Clinician,1,1.0,8.15,8.0,0.0
2026-03-23,LOC-08,Allied Health Clinician,1,1.0,8.0,8.0,0.0
2026-03-26,LOC-08,Allied Health Clinician,1,1.0,8.19,8.0,0.0
2026-04-02,LOC-08,Allied Health Clinician,1,1.0,7.98,8.0,0.0
2026-05-11,LOC-08,Allied Health Clinician,1,1.0,8.01,8.0,0.0
2026-05-28,LOC-08,Allied Health Clinician,1,1.0,9.72,8.0,1.0
2026-06-15,LOC-08,Allied Health Clinician,1,1.0,9.96,10.0,0.0
2026-06-22,LOC-08,Allied Health Clinician,1,1.0,8.14,8.0,0.0
2026-07-13,LOC-08,Allied Health Clinician,1,1.0,9.7,8.0,1.0
2026-07-16,LOC-08,Allied Health Clinician,1,1.0,7.98,8.0,0.0
2025-08-01,LOC-08,Team Leader,1,1.0,8.02,8.0,0.0
2025-08-11,LOC-08,Team Leader,1,1.0,9.82,10.0,0.0
2025-08-22,LOC-08,Team Leader,1,1.0,7.72,8.0,0.0
2025-10-13,LOC-08,Team Leader,1,1.0,8.05,8.0,0.0
2025-10-31,LOC-08,Team Leader,1,1.0,9.96,10.0,0.0
2025-12-19,LOC-08,Team Leader,1,0.0,0.0,8.0,0.0
2025-12-29,LOC-08,Team Leader,1,1.0,7.83,8.0,0.0
2026-01-19,LOC-08,Team Leader,1,1.0,7.68,8.0,0.0
2026-01-30,LOC-08,Team Leader,1,1.0,7.96,8.0,0.0
2026-02-20,LOC-08,Team Leader,1,1.0,7.99,8.0,0.0
2026-02-27,LOC-08,Team Leader,1,1.0,9.95,10.0,0.0
2026-04-03,LOC-08,Team Leader,1,1.0,8.08,8.0,0.0
2026-04-17,LOC-08,Team Leader,1,1.0,10.15,8.0,1.0
2026-04-18,LOC-08,Team Leader,1,1.0,8.24,8.0,0.0
2026-05-08,LOC-08,Team Leader,1,1.0,7.94,8.0,0.0
2026-05-11,LOC-08,Team Leader,1,1.0,10.68,8.0,1.0
2026-05-15,LOC-08,Team Leader,1,1.0,8.07,8.0,0.0
2026-05-22,LOC-08,Team Leader,1,1.0,8.09,8.0,0.0
2026-06-15,LOC-08,Team Leader,1,1.0,8.0,8.0,0.0
2026-06-22,LOC-08,Team Leader,1,1.0,8.03,8.0,0.0
2026-06-26,LOC-08,Team Leader,1,1.0,7.99,8.0,0.0
2026-07-03,LOC-08,Team Leader,1,1.0,7.91,8.0,0.0
2026-07-13,LOC-08,Team Leader,1,1.0,7.96,8.0,0.0
2026-07-17,LOC-08,Team Leader,1,1.0,7.93,8.0,0.0
2026-07-31,LOC-08,Team Leader,1,1.0,8.02,8.0,0.0
2025-11-27,LOC-03,Team Leader,2,2.0,16.229999999999997,16.0,0.0
2026-01-29,LOC-03,Team Leader,2,2.0,15.809999999999999,16.0,0.0
2025-08-08,LOC-06,Registered Nurse,1,1.0,8.31,8.0,0.0
2025-08-10,LOC-06,Registered Nurse,1,1.0,8.16,8.0,0.0
2025-08-11,LOC-06,Registered Nurse,1,1.0,7.96,8.0,0.0
2025-08-15,LOC-06,Registered Nurse,1,1.0,7.96,8.0,0.0
2025-08-17,LOC-06,Registered Nurse,1,1.0,7.84,8.0,0.0
2025-08-21,LOC-06,Registered Nurse,1,1.0,10.04,10.0,0.0
2025-08-29,LOC-06,Registered Nurse,1,1.0,8.29,8.0,0.0
2025-08-30,LOC-06,Registered Nurse,1,1.0,8.09,8.0,0.0
2025-09-06,LOC-06,Registered Nurse,1,1.0,8.77,8.0,1.0
2025-09-08,LOC-06,Registered Nurse,1,1.0,10.42,8.0,1.0
2025-09-11,LOC-06,Registered Nurse,1,1.0,8.12,8.0,0.0
2025-09-12,LOC-06,Registered Nurse,1,1.0,7.95,8.0,0.0
2025-09-28,LOC-06,Registered Nurse,1,1.0,8.24,8.0,0.0
2025-10-02,LOC-06,Registered Nurse,1,1.0,8.05,8.0,0.0
2025-10-18,LOC-06,Registered Nurse,1,0.0,0.0,8.0,0.0
2025-10-20,LOC-06,Registered Nurse,1,1.0,8.52,8.0,1.0
2025-10-26,LOC-06,Registered Nurse,1,1.0,7.98,8.0,0.0
2025-10-27,LOC-06,Registered Nurse,1,1.0,7.67,8.0,0.0
2025-10-31,LOC-06,Registered Nurse,1,1.0,8.07,8.0,0.0
2025-11-09,LOC-06,Registered Nurse,1,1.0,8.03,8.0,0.0
2025-11-10,LOC-06,Registered Nurse,1,1.0,7.92,8.0,0.0
2025-11-14,LOC-06,Registered Nurse,1,1.0,7.87,8.0,0.0
2025-11-15,LOC-06,Registered Nurse,1,1.0,8.22,8.0,0.0
2025-11-17,LOC-06,Registered Nurse,1,1.0,8.16,8.0,0.0
2025-11-28,LOC-06,Registered Nurse,1,1.0,8.03,8.0,0.0
2025-11-30,LOC-06,Registered Nurse,1,1.0,8.02,8.0,0.0
2025-12-04,LOC-06,Registered Nurse,1,1.0,8.13,8.0,0.0
2025-12-13,LOC-06,Registered Nurse,1,1.0,9.46,8.0,1.0
2026-01-03,LOC-06,Registered Nurse,1,1.0,8.05,8.0,0.0
2026-01-05,LOC-06,Registered Nurse,1,1.0,7.88,8.0,0.0
2026-01-17,LOC-06,Registered Nurse,1,1.0,7.99,8.0,0.0
2026-01-19,LOC-06,Registered Nurse,1,1.0,8.23,8.0,0.0
2026-01-22,LOC-06,Registered Nurse,1,1.0,7.98,8.0,0.0
2026-01-29,LOC-06,Registered Nurse,1,1.0,9.48,8.0,1.0
2026-01-30,LOC-06,Registered Nurse,1,1.0,8.06,8.0,0.0
2026-02-07,LOC-06,Registered Nurse,1,1.0,8.04,8.0,0.0
2026-02-08,LOC-06,Registered Nurse,1,0.0,0.0,8.0,0.0
2026-02-14,LOC-06,Registered Nurse,1,1.0,7.83,8.0,0.0
2026-02-26,LOC-06,Registered Nurse,1,1.0,7.85,8.0,0.0
2026-03-09,LOC-06,Registered Nurse,1,1.0,7.97,8.0,0.0
2026-03-20,LOC-06,Registered Nurse,1,1.0,8.1,8.0,0.0
2026-03-23,LOC-06,Registered Nurse,1,1.0,7.92,8.0,0.0
2026-03-28,LOC-06,Registered Nurse,1,1.0,7.94,8.0,0.0
2026-03-29,LOC-06,Registered Nurse,1,1.0,10.95,8.0,1.0
2026-04-03,LOC-06,Registered Nurse,1,1.0,10.98,8.0,1.0
2026-04-04,LOC-06,Registered Nurse,1,1.0,8.07,8.0,0.0
2026-04-20,LOC-06,Registered Nurse,1,1.0,8.03,8.0,0.0
2026-04-23,LOC-06,Registered Nurse,1,0.0,0.0,8.0,0.0
2026-04-24,LOC-06,Registered Nurse,1,1.0,7.89,8.0,0.0
2026-04-26,LOC-06,Registered Nurse,1,1.0,8.15,8.0,0.0
2026-05-10,LOC-06,Registered Nurse,1,1.0,7.83,8.0,0.0
2026-05-17,LOC-06,Registered Nurse,1,1.0,10.9,8.0,1.0
2026-05-21,LOC-06,Registered Nurse,1,1.0,8.29,8.0,0.0
2026-05-30,LOC-06,Registered Nurse,1,1.0,7.8,8.0,0.0
2026-06-06,LOC-06,Registered Nurse,1,1.0,9.86,10.0,0.0
2026-06-08,LOC-06,Registered Nurse,1,1.0,9.07,8.0,1.0
2026-06-13,LOC-06,Registered Nurse,1,1.0,8.13,8.0,0.0
2026-06-14,LOC-06,Registered Nurse,1,1.0,8.02,8.0,0.0
2026-06-19,LOC-06,Registered Nurse,1,1.0,7.85,8.0,0.0
2026-06-21,LOC-06,Registered Nurse,1,1.0,7.92,8.0,0.0
2026-06-29,LOC-06,Registered Nurse,1,1.0,8.2,8.0,0.0
2026-07-09,LOC-06,Registered Nurse,1,1.0,7.95,8.0,0.0
2026-07-10,LOC-06,Registered Nurse,1,1.0,8.24,8.0,0.0
2026-07-12,LOC-06,Registered Nurse,1,1.0,8.14,8.0,0.0
2026-07-13,LOC-06,Registered Nurse,1,1.0,10.09,10.0,0.0
2026-07-23,LOC-06,Registered Nurse,1,1.0,7.81,8.0,0.0
2026-07-26,LOC-06,Registered Nurse,1,1.0,8.1,8.0,0.0
2025-08-05,LOC-02,Coordinator,1,1.0,7.94,8.0,0.0
2025-08-12,LOC-02,Coordinator,1,1.0,10.0,10.0,0.0
2025-08-15,LOC-02,Coordinator,1,1.0,7.91,8.0,0.0
2025-08-19,LOC-02,Coordinator,1,1.0,8.03,8.0,0.0
2025-08-21,LOC-02,Coordinator,1,1.0,10.2,8.0,1.0
2025-08-28,LOC-02,Coordinator,1,1.0,8.1,8.0,0.0
2025-08-29,LOC-02,Coordinator,1,1.0,8.11,8.0,0.0
2025-09-04,LOC-02,Coordinator,1,1.0,7.85,8.0,0.0
2025-09-09,LOC-02,Coordinator,1,1.0,7.87,8.0,0.0
2025-09-16,LOC-02,Coordinator,1,1.0,9.81,10.0,0.0
2025-09-19,LOC-02,Coordinator,1,1.0,9.66,8.0,1.0
2025-09-24,LOC-02,Coordinator,1,1.0,8.15,8.0,0.0
2025-10-02,LOC-02,Coordinator,1,1.0,7.91,8.0,0.0
2025-10-09,LOC-02,Coordinator,1,1.0,7.88,8.0,0.0
2025-10-16,LOC-02,Coordinator,1,1.0,7.88,8.0,0.0
2025-10-17,LOC-02,Coordinator,1,1.0,8.1,8.0,0.0
2025-10-28,LOC-02,Coordinator,1,1.0,7.85,8.0,0.0
2025-11-07,LOC-02,Coordinator,1,1.0,8.0,8.0,0.0
2025-11-21,LOC-02,Coordinator,1,1.0,7.86,8.0,0.0
2026-01-09,LOC-02,Coordinator,1,1.0,7.97,8.0,0.0
2026-01-13,LOC-02,Coordinator,1,1.0,7.89,8.0,0.0
2026-01-15,LOC-02,Coordinator,1,1.0,8.14,8.0,0.0
2026-01-20,LOC-02,Coordinator,1,1.0,7.81,8.0,0.0
2026-01-23,LOC-02,Coordinator,1,1.0,7.85,8.0,0.0
2026-01-27,LOC-02,Coordinator,1,1.0,7.83,8.0,0.0
2026-02-03,LOC-02,Coordinator,1,1.0,7.98,8.0,0.0
2026-02-10,LOC-02,Coordinator,1,1.0,10.04,10.0,0.0
2026-02-17,LOC-02,Coordinator,1,1.0,8.02,8.0,0.0
2026-02-20,LOC-02,Coordinator,1,0.0,0.0,8.0,0.0
2026-03-06,LOC-02,Coordinator,1,1.0,9.14,8.0,1.0
2026-03-13,LOC-02,Coordinator,1,1.0,8.21,8.0,0.0
2026-04-07,LOC-02,Coordinator,1,1.0,10.03,8.0,1.0
2026-04-09,LOC-02,Coordinator,1,1.0,8.09,8.0,0.0
2026-04-16,LOC-02,Coordinator,1,1.0,7.95,8.0,0.0
2026-04-17,LOC-02,Coordinator,1,1.0,10.05,8.0,1.0
2026-05-01,LOC-02,Coordinator,1,1.0,8.08,8.0,0.0
2026-05-08,LOC-02,Coordinator,1,1.0,8.19,8.0,0.0
2026-05-26,LOC-02,Coordinator,1,1.0,7.97,8.0,0.0
2026-05-29,LOC-02,Coordinator,1,1.0,7.8,8.0,0.0
2026-06-04,LOC-02,Coordinator,1,1.0,9.81,10.0,0.0
2026-06-16,LOC-02,Coordinator,1,1.0,7.96,8.0,0.0
2026-06-18,LOC-02,Coordinator,1,1.0,8.09,8.0,0.0
2026-07-16,LOC-02,Coordinator,1,1.0,8.03,8.0,0.0
2026-07-22,LOC-02,Coordinator,1,1.0,8.36,8.0,0.0
2025-09-04,LOC-02,Support Worker,1,1.0,7.93,8.0,0.0
2025-10-09,LOC-02,Support Worker,1,1.0,7.83,8.0,0.0
2025-08-19,LOC-10,Support Worker,3,3.0,26.82,26.0,1.0
2025-09-01,LOC-10,Support Worker,3,3.0,28.63,26.0,1.0
2025-09-08,LOC-10,Support Worker,3,2.0,15.99,24.0,0.0
2025-09-09,LOC-10,Support Worker,3,3.0,23.97,24.0,0.0
2025-10-05,LOC-10,Support Worker,5,5.0,43.96,44.0,0.0
2025-10-14,LOC-10,Support Worker,1,1.0,10.56,8.0,1.0
2025-10-19,LOC-10,Support Worker,5,5.0,41.86,42.0,0.0
2025-10-27,LOC-10,Support Worker,3,3.0,23.71,24.0,0.0
2025-11-23,LOC-10,Support Worker,5,5.0,42.01,40.0,1.0
2025-11-24,LOC-10,Support Worker,3,3.0,27.290000000000003,24.0,1.0
2025-11-25,LOC-10,Support Worker,3,3.0,26.0,26.0,0.0
2025-11-30,LOC-10,Support Worker,4,4.0,31.75,32.0,0.0
2025-12-02,LOC-10,Support Worker,3,2.0,16.25,24.0,0.0
2025-12-15,LOC-10,Support Worker,4,4.0,32.05,32.0,0.0
2025-12-16,LOC-10,Support Worker,3,3.0,25.91,26.0,0.0
2025-12-29,LOC-10,Support Worker,3,3.0,27.96,24.0,2.0
2026-01-05,LOC-10,Support Worker,3,2.0,16.04,24.0,0.0
2026-01-06,LOC-10,Support Worker,1,1.0,9.87,10.0,0.0
2026-01-13,LOC-10,Support Worker,2,2.0,16.060000000000002,16.0,0.0
2026-01-18,LOC-10,Support Worker,5,5.0,43.01,42.0,1.0
2026-01-19,LOC-10,Support Worker,4,4.0,35.120000000000005,34.0,1.0
2026-02-15,LOC-10,Support Worker,5,5.0,42.059999999999995,42.0,0.0
2026-02-17,LOC-10,Support Worker,3,3.0,24.09,24.0,0.0
2026-02-23,LOC-10,Support Worker,4,4.0,33.83,34.0,0.0
2026-02-24,LOC-10,Support Worker,3,3.0,25.840000000000003,26.0,0.0
2026-03-01,LOC-10,Support Worker,5,5.0,39.59,40.0,0.0
2026-03-10,LOC-10,Support Worker,3,2.0,18.04,26.0,0.0
2026-03-15,LOC-10,Support Worker,5,5.0,39.58,40.0,0.0
2026-04-28,LOC-10,Support Worker,3,3.0,25.060000000000002,24.0,1.0
2026-05-04,LOC-10,Support Worker,3,3.0,27.28,24.0,2.0
2026-05-10,LOC-10,Support Worker,5,5.0,39.41,40.0,0.0
2026-05-17,LOC-10,Support Worker,4,4.0,31.96,32.0,0.0
2026-05-24,LOC-10,Support Worker,5,5.0,41.959999999999994,40.0,1.0
2026-05-26,LOC-10,Support Worker,3,3.0,25.689999999999998,24.0,1.0
2026-05-31,LOC-10,Support Worker,5,5.0,43.269999999999996,42.0,1.0
2026-06-09,LOC-10,Support Worker,3,3.0,24.490000000000002,24.0,1.0
2026-06-15,LOC-10,Support Worker,4,4.0,36.09,36.0,0.0
2026-06-16,LOC-10,Support Worker,3,3.0,28.140000000000004,26.0,1.0
2026-06-21,LOC-10,Support Worker,5,5.0,42.1,40.0,1.0
2026-06-23,LOC-10,Support Worker,3,3.0,25.27,24.0,1.0
2026-06-28,LOC-10,Support Worker,5,5.0,43.14,42.0,1.0
2026-06-29,LOC-10,Support Worker,4,4.0,38.45,36.0,1.0
2025-08-08,LOC-05,Allied Health Clinician,2,2.0,15.72,16.0,0.0
2025-08-13,LOC-05,Allied Health Clinician,2,1.0,10.02,18.0,0.0
2025-08-15,LOC-05,Allied Health Clinician,2,2.0,16.18,16.0,0.0
2025-09-26,LOC-05,Allied Health Clinician,2,2.0,17.0,16.0,1.0
2025-10-01,LOC-05,Allied Health Clinician,2,2.0,18.18,18.0,0.0
2025-10-10,LOC-05,Allied Health Clinician,2,2.0,16.19,16.0,0.0
2025-12-05,LOC-05,Allied Health Clinician,2,2.0,15.84,16.0,0.0
2025-12-12,LOC-05,Allied Health Clinician,2,2.0,16.03,16.0,0.0
2025-12-31,LOC-05,Allied Health Clinician,2,2.0,15.870000000000001,16.0,0.0
2026-01-14,LOC-05,Allied Health Clinician,2,2.0,17.96,16.0,1.0
2026-01-23,LOC-05,Allied Health Clinician,2,1.0,8.03,16.0,0.0
2026-03-06,LOC-05,Allied Health Clinician,2,2.0,16.310000000000002,16.0,0.0
2026-03-11,LOC-05,Allied Health Clinician,2,2.0,15.780000000000001,16.0,0.0
2026-03-18,LOC-05,Allied Health Clinician,2,2.0,18.560000000000002,16.0,1.0
2026-03-25,LOC-05,Allied Health Clinician,2,2.0,16.41,16.0,0.0
2026-04-01,LOC-05,Allied Health Clinician,2,2.0,18.549999999999997,16.0,1.0
2026-04-10,LOC-05,Allied Health Clinician,2,2.0,16.0,16.0,0.0
2026-04-29,LOC-05,Allied Health Clinician,2,2.0,16.009999999999998,16.0,0.0
2026-05-01,LOC-05,Allied Health Clinician,2,2.0,15.620000000000001,16.0,0.0
2026-05-08,LOC-05,Allied Health Clinician,2,2.0,15.809999999999999,16.0,0.0
2026-06-05,LOC-05,Allied Health Clinician,1,1.0,7.87,8.0,0.0
2026-06-12,LOC-05,Allied Health Clinician,1,1.0,7.88,8.0,0.0
2026-07-03,LOC-05,Allied Health Clinician,2,2.0,15.780000000000001,16.0,0.0
2025-08-15,LOC-01,Coordinator,2,1.0,7.85,16.0,0.0
2025-08-19,LOC-01,Coordinator,1,1.0,10.23,8.0,1.0
2025-10-21,LOC-01,Coordinator,1,1.0,7.89,8.0,0.0
2025-10-24,LOC-01,Coordinator,2,2.0,15.760000000000002,16.0,0.0
2025-11-07,LOC-01,Coordinator,2,2.0,17.47,16.0,1.0
2025-11-21,LOC-01,Coordinator,2,2.0,15.93,16.0,0.0
2025-12-19,LOC-01,Coordinator,2,2.0,15.57,16.0,0.0
2025-12-23,LOC-01,Coordinator,1,1.0,7.58,8.0,0.0
2026-01-09,LOC-01,Coordinator,2,2.0,15.69,16.0,0.0
2026-01-27,LOC-01,Coordinator,1,1.0,8.22,8.0,0.0
2026-01-30,LOC-01,Coordinator,2,2.0,16.09,16.0,0.0
2026-02-03,LOC-01,Coordinator,1,1.0,7.92,8.0,0.0
2026-02-24,LOC-01,Coordinator,1,1.0,7.79,8.0,0.0
2026-02-27,LOC-01,Coordinator,2,2.0,15.93,16.0,0.0
2026-03-13,LOC-01,Coordinator,2,2.0,15.89,16.0,0.0
2026-03-24,LOC-01,Coordinator,1,1.0,7.82,8.0,0.0
2026-03-27,LOC-01,Coordinator,2,1.0,8.12,16.0,0.0
2026-03-31,LOC-01,Coordinator,1,1.0,8.85,8.0,1.0
2026-04-03,LOC-01,Coordinator,2,2.0,16.16,16.0,0.0
2026-04-14,LOC-01,Coordinator,1,1.0,8.1,8.0,0.0
2026-05-19,LOC-01,Coordinator,1,1.0,10.12,10.0,0.0
2026-06-05,LOC-01,Coordinator,2,2.0,15.84,16.0,0.0
2026-06-16,LOC-01,Coordinator,1,1.0,9.81,10.0,0.0
2026-06-19,LOC-01,Coordinator,2,2.0,16.77,16.0,1.0
2026-06-30,LOC-01,Coordinator,1,1.0,7.76,8.0,0.0
2026-07-03,LOC-01,Coordinator,2,2.0,18.23,18.0,0.0
2026-07-24,LOC-01,Coordinator,2,2.0,16.07,16.0,0.0
2025-08-14,LOC-09,Support Worker,4,4.0,32.04,32.0,0.0
2025-08-21,LOC-09,Support Worker,4,4.0,34.86,32.0,2.0
2025-08-28,LOC-09,Support Worker,4,4.0,35.45,32.0,2.0
2025-09-15,LOC-09,Support Worker,3,3.0,25.78,26.0,0.0
2025-10-13,LOC-09,Support Worker,3,3.0,23.93,24.0,0.0
2025-10-20,LOC-09,Support Worker,3,3.0,25.38,24.0,1.0
2025-11-03,LOC-09,Support Worker,3,3.0,23.96,24.0,0.0
2025-12-01,LOC-09,Support Worker,4,4.0,32.27,32.0,0.0
2026-01-08,LOC-09,Support Worker,4,4.0,32.3,32.0,0.0
2026-01-19,LOC-09,Support Worker,4,4.0,32.32,32.0,0.0
2026-02-02,LOC-09,Support Worker,3,2.0,16.11,24.0,0.0
2026-02-16,LOC-09,Support Worker,3,3.0,23.91,24.0,0.0
2026-03-19,LOC-09,Support Worker,4,4.0,32.07,32.0,0.0
2026-04-16,LOC-09,Support Worker,4,4.0,34.7,34.0,1.0
2026-04-23,LOC-09,Support Worker,4,4.0,33.51,32.0,1.0
2026-05-07,LOC-09,Support Worker,4,3.0,27.25,34.0,1.0
2026-05-21,LOC-09,Support Worker,4,4.0,33.71,34.0,0.0
2026-06-11,LOC-09,Support Worker,4,4.0,34.07,34.0,0.0
2026-07-23,LOC-09,Support Worker,4,3.0,23.5,32.0,0.0
2026-07-30,LOC-09,Support Worker,4,4.0,33.51,34.0,0.0
2025-08-07,LOC-05,Team Leader,1,1.0,7.76,8.0,0.0
2025-09-01,LOC-05,Team Leader,2,2.0,16.060000000000002,16.0,0.0
2025-09-18,LOC-05,Team Leader,1,1.0,8.09,8.0,0.0
2025-09-22,LOC-05,Team Leader,2,1.0,7.96,16.0,0.0
2025-09-25,LOC-05,Team Leader,1,1.0,7.68,8.0,0.0
2025-10-02,LOC-05,Team Leader,1,1.0,7.64,8.0,0.0
2025-10-06,LOC-05,Team Leader,2,2.0,17.490000000000002,16.0,1.0
2025-10-13,LOC-05,Team Leader,2,2.0,15.83,16.0,0.0
2025-10-23,LOC-05,Team Leader,1,1.0,10.05,10.0,0.0
2025-11-03,LOC-05,Team Leader,2,2.0,17.990000000000002,18.0,0.0
2025-11-06,LOC-05,Team Leader,1,1.0,8.01,8.0,0.0
2025-11-20,LOC-05,Team Leader,1,1.0,7.8,8.0,0.0
2025-12-04,LOC-05,Team Leader,1,0.0,0.0,10.0,0.0
2025-12-25,LOC-05,Team Leader,1,1.0,9.21,8.0,1.0
2025-12-29,LOC-05,Team Leader,2,2.0,16.41,16.0,1.0
2026-02-05,LOC-05,Team Leader,1,1.0,7.93,8.0,0.0
2026-02-12,LOC-05,Team Leader,1,1.0,7.88,8.0,0.0
2026-02-19,LOC-05,Team Leader,1,1.0,7.76,8.0,0.0
2026-03-05,LOC-05,Team Leader,1,1.0,9.97,10.0,0.0
2026-03-26,LOC-05,Team Leader,1,1.0,8.17,8.0,0.0
2026-03-30,LOC-05,Team Leader,2,2.0,15.71,16.0,0.0
2026-04-16,LOC-05,Team Leader,1,1.0,7.9,8.0,0.0
2026-04-23,LOC-05,Team Leader,1,1.0,7.94,8.0,0.0
2026-04-27,LOC-05,Team Leader,2,2.0,16.240000000000002,16.0,0.0
2026-04-30,LOC-05,Team Leader,1,1.0,7.96,8.0,0.0
2026-05-11,LOC-05,Team Leader,2,2.0,18.17,16.0,1.0
2026-05-21,LOC-05,Team Leader,1,1.0,8.04,8.0,0.0
2026-05-28,LOC-05,Team Leader,1,1.0,8.08,8.0,0.0
2026-06-04,LOC-05,Team Leader,1,1.0,12.32,10.0,1.0
2026-06-11,LOC-05,Team Leader,1,1.0,8.1,8.0,0.0
2026-06-18,LOC-05,Team Leader,1,1.0,8.0,8.0,0.0
2026-06-25,LOC-05,Team Leader,1,1.0,10.05,10.0,0.0
2026-07-13,LOC-05,Team Leader,2,2.0,16.2,16.0,0.0
2026-07-16,LOC-05,Team Leader,1,1.0,8.4,8.0,0.0
2025-08-12,LOC-05,Support Worker,3,2.0,16.1,24.0,0.0
2025-08-14,LOC-05,Support Worker,4,4.0,34.03,34.0,0.0
2025-08-17,LOC-05,Support Worker,2,2.0,17.43,16.0,1.0
2025-09-28,LOC-05,Support Worker,2,2.0,15.96,16.0,0.0
2025-10-09,LOC-05,Support Worker,5,5.0,41.94,42.0,0.0
2025-10-16,LOC-05,Support Worker,5,3.0,26.15,40.0,1.0
2025-10-30,LOC-05,Support Worker,4,4.0,31.96,32.0,0.0
2025-11-11,LOC-05,Support Worker,3,2.0,18.04,26.0,0.0
2025-11-13,LOC-05,Support Worker,4,4.0,33.58,32.0,1.0
2025-12-11,LOC-05,Support Worker,5,5.0,42.49,42.0,1.0
2025-12-14,LOC-05,Support Worker,2,2.0,15.92,16.0,0.0
2025-12-16,LOC-05,Support Worker,2,2.0,16.0,16.0,0.0
2025-12-28,LOC-05,Support Worker,2,2.0,15.83,16.0,0.0
2025-12-30,LOC-05,Support Worker,3,3.0,24.53,24.0,1.0
2026-01-01,LOC-05,Support Worker,5,5.0,39.84,40.0,0.0
2026-01-08,LOC-05,Support Worker,5,5.0,40.27,40.0,0.0
2026-01-13,LOC-05,Support Worker,3,3.0,24.14,24.0,0.0
2026-01-25,LOC-05,Support Worker,2,2.0,15.92,16.0,0.0
2026-02-08,LOC-05,Support Worker,2,2.0,18.46,18.0,0.0
2026-03-03,LOC-05,Support Worker,3,3.0,24.18,24.0,0.0
2026-03-10,LOC-05,Support Worker,3,3.0,23.57,24.0,0.0
2026-03-12,LOC-05,Support Worker,5,5.0,41.83,40.0,1.0
2026-03-17,LOC-05,Support Worker,3,3.0,24.000000000000004,24.0,0.0
2026-03-19,LOC-05,Support Worker,5,5.0,40.0,40.0,0.0
2026-03-24,LOC-05,Support Worker,3,3.0,24.32,24.0,0.0
2026-03-31,LOC-05,Support Worker,3,3.0,26.16,26.0,0.0
2026-05-07,LOC-05,Support Worker,5,5.0,40.97,40.0,1.0
2026-05-14,LOC-05,Support Worker,5,5.0,46.21999999999999,46.0,0.0
2026-05-17,LOC-05,Support Worker,2,2.0,15.99,16.0,0.0
2026-05-19,LOC-05,Support Worker,3,3.0,25.99,24.0,1.0
2026-05-31,LOC-05,Support Worker,2,2.0,16.04,16.0,0.0
2026-06-02,LOC-05,Support Worker,3,3.0,24.04,24.0,0.0
2026-07-12,LOC-05,Support Worker,2,2.0,17.86,16.0,1.0
2026-07-14,LOC-05,Support Worker,3,3.0,25.18,24.0,1.0
2026-07-19,LOC-05,Support Worker,2,2.0,15.84,16.0,0.0
2026-07-23,LOC-05,Support Worker,5,5.0,42.519999999999996,40.0,1.0
2026-07-28,LOC-05,Support Worker,3,3.0,23.83,24.0,0.0
2025-08-07,LOC-06,Support Worker,3,3.0,25.130000000000003,24.0,1.0
2025-08-14,LOC-06,Support Worker,3,3.0,23.93,24.0,0.0
2025-08-18,LOC-06,Support Worker,3,3.0,23.980000000000004,24.0,0.0
2025-08-25,LOC-06,Support Worker,3,3.0,23.66,24.0,0.0
2025-09-05,LOC-06,Support Worker,3,3.0,25.630000000000003,26.0,0.0
2025-09-21,LOC-06,Support Worker,2,2.0,15.7,16.0,0.0
2025-10-03,LOC-06,Support Worker,3,3.0,25.91,26.0,0.0
2025-10-07,LOC-06,Support Worker,3,3.0,26.869999999999997,24.0,1.0
2025-10-19,LOC-06,Support Worker,2,2.0,17.11,16.0,1.0
2025-10-28,LOC-06,Support Worker,3,3.0,26.310000000000002,24.0,1.0
2025-11-04,LOC-06,Support Worker,3,3.0,23.61,24.0,0.0
2025-11-07,LOC-06,Support Worker,3,3.0,23.97,24.0,0.0
2025-11-20,LOC-06,Support Worker,2,2.0,18.03,16.0,1.0
2025-11-23,LOC-06,Support Worker,2,2.0,17.83,18.0,0.0
2025-12-12,LOC-06,Support Worker,3,3.0,24.42,24.0,1.0
2025-12-14,LOC-06,Support Worker,2,1.0,7.84,16.0,0.0
2025-12-16,LOC-06,Support Worker,3,3.0,25.34,24.0,1.0
2025-12-19,LOC-06,Support Worker,3,3.0,25.89,24.0,1.0
2025-12-21,LOC-06,Support Worker,2,2.0,17.91,18.0,0.0
2025-12-23,LOC-06,Support Worker,3,3.0,23.6,24.0,0.0
2025-12-25,LOC-06,Support Worker,3,3.0,23.67,24.0,0.0
2025-12-26,LOC-06,Support Worker,3,3.0,23.73,24.0,0.0
2025-12-28,LOC-06,Support Worker,2,2.0,15.89,16.0,0.0
2026-01-01,LOC-06,Support Worker,3,3.0,24.68,24.0,1.0
2026-01-11,LOC-06,Support Worker,2,2.0,20.32,18.0,1.0
2026-01-18,LOC-06,Support Worker,2,2.0,17.68,16.0,1.0
2026-02-09,LOC-06,Support Worker,3,3.0,26.75,24.0,2.0
2026-02-23,LOC-06,Support Worker,3,3.0,28.7,24.0,2.0
2026-03-10,LOC-06,Support Worker,3,3.0,23.869999999999997,24.0,0.0
2026-03-13,LOC-06,Support Worker,3,3.0,26.290000000000003,26.0,0.0
2026-03-19,LOC-06,Support Worker,3,3.0,23.78,24.0,0.0
2026-04-07,LOC-06,Support Worker,3,3.0,23.799999999999997,24.0,0.0
2026-04-13,LOC-06,Support Worker,3,3.0,25.63,24.0,1.0
2026-04-14,LOC-06,Support Worker,3,3.0,23.92,24.0,0.0
2026-04-19,LOC-06,Support Worker,2,2.0,16.14,16.0,0.0
2026-05-01,LOC-06,Support Worker,3,3.0,23.82,24.0,0.0
2026-05-05,LOC-06,Support Worker,3,3.0,26.43,26.0,1.0
2026-05-11,LOC-06,Support Worker,3,3.0,24.200000000000003,24.0,0.0
2026-05-14,LOC-06,Support Worker,3,3.0,25.89,26.0,0.0
2026-05-18,LOC-06,Support Worker,3,3.0,25.65,24.0,2.0
2026-05-28,LOC-06,Support Worker,3,3.0,25.67,26.0,0.0
2026-05-29,LOC-06,Support Worker,3,3.0,24.07,24.0,0.0
2026-05-31,LOC-06,Support Worker,2,2.0,15.850000000000001,16.0,0.0
2026-06-01,LOC-06,Support Worker,3,3.0,25.55,24.0,1.0
2026-06-04,LOC-06,Support Worker,3,3.0,24.009999999999998,24.0,0.0
2026-06-09,LOC-06,Support Worker,3,3.0,26.0,24.0,1.0
2026-06-22,LOC-06,Support Worker,3,3.0,25.66,24.0,1.0
2026-06-25,LOC-06,Support Worker,3,2.0,17.54,24.0,1.0
2026-07-03,LOC-06,Support Worker,3,3.0,23.919999999999998,24.0,0.0
2026-07-05,LOC-06,Support Worker,2,2.0,15.58,16.0,0.0
2026-07-17,LOC-06,Support Worker,2,2.0,17.09,16.0,1.0
2026-07-24,LOC-06,Support Worker,3,3.0,24.08,24.0,0.0
2026-07-27,LOC-06,Support Worker,3,3.0,26.82,24.0,1.0
2026-07-28,LOC-06,Support Worker,3,3.0,24.770000000000003,24.0,1.0
2026-07-30,LOC-06,Support Worker,3,3.0,23.75,24.0,0.0
2026-07-31,LOC-06,Support Worker,3,3.0,25.21,24.0,1.0
2025-08-04,LOC-03,Support Worker,2,2.0,15.790000000000001,16.0,0.0
2025-08-31,LOC-03,Support Worker,2,2.0,15.78,16.0,0.0
2025-09-01,LOC-03,Support Worker,2,2.0,16.04,16.0,0.0
2025-09-08,LOC-03,Support Worker,2,2.0,18.34,16.0,1.0
2025-09-15,LOC-03,Support Worker,2,2.0,17.84,18.0,0.0
2025-09-29,LOC-03,Support Worker,2,2.0,16.1,16.0,0.0
2025-11-09,LOC-03,Support Worker,2,2.0,17.91,16.0,1.0
2025-11-23,LOC-03,Support Worker,2,2.0,18.29,18.0,0.0
2025-12-01,LOC-03,Support Worker,2,2.0,15.94,16.0,0.0
2025-12-07,LOC-03,Support Worker,2,2.0,16.42,16.0,0.0
2025-12-15,LOC-03,Support Worker,2,2.0,16.080000000000002,16.0,0.0
2026-01-18,LOC-03,Support Worker,2,2.0,17.32,16.0,1.0
2026-01-25,LOC-03,Support Worker,2,2.0,17.450000000000003,16.0,1.0
2026-02-08,LOC-03,Support Worker,2,2.0,15.670000000000002,16.0,0.0
2026-03-08,LOC-03,Support Worker,2,2.0,16.21,16.0,0.0
2026-03-15,LOC-03,Support Worker,2,2.0,15.899999999999999,16.0,0.0
2026-03-16,LOC-03,Support Worker,2,2.0,15.719999999999999,16.0,0.0
2026-03-30,LOC-03,Support Worker,2,2.0,16.17,16.0,0.0
2026-05-11,LOC-03,Support Worker,2,2.0,15.629999999999999,16.0,0.0
2026-05-24,LOC-03,Support Worker,2,2.0,16.95,16.0,1.0
2026-05-25,LOC-03,Support Worker,2,2.0,16.310000000000002,16.0,0.0
2026-06-01,LOC-03,Support Worker,2,2.0,18.189999999999998,18.0,0.0
2026-07-27,LOC-03,Support Worker,2,2.0,15.59,16.0,0.0
2025-08-12,LOC-07,Support Worker,1,1.0,8.12,8.0,0.0
2025-09-02,LOC-07,Support Worker,1,1.0,7.82,8.0,0.0
2025-09-22,LOC-07,Support Worker,3,3.0,26.589999999999996,24.0,1.0
2025-09-23,LOC-07,Support Worker,1,1.0,8.13,8.0,0.0
2025-09-30,LOC-07,Support Worker,1,1.0,9.92,10.0,0.0
2025-10-27,LOC-07,Support Worker,3,3.0,26.229999999999997,26.0,0.0
2025-12-08,LOC-07,Support Worker,4,4.0,34.77,32.0,1.0
2025-12-30,LOC-07,Support Worker,1,1.0,10.05,10.0,0.0
2026-01-05,LOC-07,Support Worker,3,3.0,26.14,26.0,0.0
2026-01-06,LOC-07,Support Worker,1,1.0,8.05,8.0,0.0
2026-01-20,LOC-07,Support Worker,1,1.0,9.77,10.0,0.0
2026-02-03,LOC-07,Support Worker,1,1.0,7.99,8.0,0.0
2026-02-10,LOC-07,Support Worker,1,1.0,8.01,8.0,0.0
2026-03-23,LOC-07,Support Worker,4,4.0,31.79,32.0,0.0
2026-03-24,LOC-07,Support Worker,1,1.0,8.11,8.0,0.0
2026-03-30,LOC-07,Support Worker,4,4.0,34.19,32.0,1.0
2026-03-31,LOC-07,Support Worker,1,1.0,7.94,8.0,0.0
2026-04-21,LOC-07,Support Worker,1,1.0,8.12,8.0,0.0
2026-06-23,LOC-07,Support Worker,1,1.0,8.53,8.0,1.0
2026-07-07,LOC-07,Support Worker,1,1.0,8.67,8.0,1.0
2025-08-02,LOC-05,Team Leader,1,1.0,8.05,8.0,0.0
2025-08-08,LOC-05,Team Leader,1,1.0,8.1,8.0,0.0
2025-08-15,LOC-05,Team Leader,1,1.0,8.0,8.0,0.0
2025-08-30,LOC-05,Team Leader,1,1.0,8.09,8.0,0.0
2025-09-15,LOC-05,Team Leader,1,1.0,7.9,8.0,0.0
2025-09-20,LOC-05,Team Leader,1,1.0,7.98,8.0,0.0
2025-09-26,LOC-05,Team Leader,1,1.0,7.98,8.0,0.0
2025-09-27,LOC-05,Team Leader,1,1.0,8.16,8.0,0.0
2025-10-10,LOC-05,Team Leader,1,1.0,8.07,8.0,0.0
2025-11-08,LOC-05,Team Leader,1,1.0,7.89,8.0,0.0
2025-11-29,LOC-05,Team Leader,1,1.0,8.01,8.0,0.0
2025-12-05,LOC-05,Team Leader,1,1.0,8.01,8.0,0.0
2025-12-12,LOC-05,Team Leader,1,1.0,7.84,8.0,0.0
2025-12-20,LOC-05,Team Leader,1,1.0,8.04,8.0,0.0
2026-01-23,LOC-05,Team Leader,1,1.0,8.06,8.0,0.0
2026-01-30,LOC-05,Team Leader,1,1.0,7.86,8.0,0.0
2026-02-02,LOC-05,Team Leader,1,1.0,7.69,8.0,0.0
2026-02-07,LOC-05,Team Leader,1,1.0,8.09,8.0,0.0
2026-03-06,LOC-05,Team Leader,1,1.0,8.0,8.0,0.0
2026-03-07,LOC-05,Team Leader,1,1.0,8.02,8.0,0.0
2026-04-10,LOC-05,Team Leader,1,0.0,0.0,8.0,0.0
2026-04-11,LOC-05,Team Leader,1,1.0,8.03,8.0,0.0
2026-05-01,LOC-05,Team Leader,1,1.0,7.95,8.0,0.0
2026-05-08,LOC-05,Team Leader,1,1.0,7.85,8.0,0.0
2026-05-16,LOC-05,Team Leader,1,0.0,0.0,8.0,0.0
2026-06-05,LOC-05,Team Leader,1,1.0,7.88,8.0,0.0
2026-06-06,LOC-05,Team Leader,1,1.0,8.55,8.0,1.0
2026-06-12,LOC-05,Team Leader,1,0.0,0.0,8.0,0.0
2026-06-13,LOC-05,Team Leader,1,1.0,7.91,8.0,0.0
2026-06-20,LOC-05,Team Leader,1,1.0,8.24,8.0,0.0
2026-06-27,LOC-05,Team Leader,1,1.0,8.03,8.0,0.0
2026-07-03,LOC-05,Team Leader,1,1.0,7.97,8.0,0.0
2026-07-18,LOC-05,Team Leader,1,1.0,7.73,8.0,0.0
2025-08-03,LOC-08,Support Worker,5,4.0,32.23,40.0,0.0
2025-08-07,LOC-08,Support Worker,8,8.0,70.91000000000001,66.0,2.0
2025-08-11,LOC-08,Support Worker,5,4.0,37.1,44.0,1.0
2025-08-16,LOC-08,Support Worker,5,5.0,42.45,42.0,0.0
2025-08-28,LOC-08,Support Worker,8,8.0,66.64,66.0,0.0
2025-08-31,LOC-08,Support Worker,6,6.0,49.14,48.0,1.0
2025-09-06,LOC-08,Support Worker,5,5.0,44.04,44.0,0.0
2025-09-09,LOC-08,Support Worker,5,5.0,43.73,42.0,1.0
2025-09-16,LOC-08,Support Worker,5,4.0,35.0,40.0,2.0
2025-09-20,LOC-08,Support Worker,5,5.0,39.879999999999995,40.0,0.0
2025-09-23,LOC-08,Support Worker,4,4.0,31.88,32.0,0.0
2025-09-30,LOC-08,Support Worker,5,5.0,39.69,40.0,0.0
2025-10-04,LOC-08,Support Worker,5,5.0,40.03,40.0,0.0
2025-10-07,LOC-08,Support Worker,5,5.0,41.760000000000005,40.0,1.0
2025-10-13,LOC-08,Support Worker,4,4.0,31.86,32.0,0.0
2025-10-23,LOC-08,Support Worker,7,7.0,55.91,56.0,0.0
2025-10-26,LOC-08,Support Worker,6,6.0,52.3,52.0,0.0
2025-12-11,LOC-08,Support Worker,8,8.0,71.44,68.0,1.0
2025-12-14,LOC-08,Support Worker,6,6.0,47.85,48.0,0.0
2025-12-16,LOC-08,Support Worker,5,5.0,44.38999999999999,44.0,0.0
2025-12-29,LOC-08,Support Worker,5,5.0,42.55,42.0,0.0
2026-01-01,LOC-08,Support Worker,6,6.0,53.39,48.0,2.0
2026-01-08,LOC-08,Support Worker,8,7.0,57.540000000000006,66.0,1.0
2026-01-11,LOC-08,Support Worker,6,6.0,49.91,50.0,0.0
2026-01-17,LOC-08,Support Worker,4,4.0,34.14,34.0,0.0
2026-01-19,LOC-08,Support Worker,4,4.0,31.93,32.0,0.0
2026-02-12,LOC-08,Support Worker,8,8.0,72.07,68.0,2.0
2026-03-03,LOC-08,Support Worker,5,5.0,42.72,42.0,0.0
2026-03-19,LOC-08,Support Worker,8,8.0,66.88000000000001,66.0,1.0
2026-03-23,LOC-08,Support Worker,5,5.0,42.17,40.0,1.0
2026-03-24,LOC-08,Support Worker,5,5.0,39.739999999999995,40.0,0.0
2026-03-26,LOC-08,Support Worker,8,8.0,64.38,64.0,0.0
2026-04-02,LOC-08,Support Worker,8,8.0,64.41,64.0,0.0
2026-04-05,LOC-08,Support Worker,6,6.0,49.56999999999999,48.0,1.0
2026-04-11,LOC-08,Support Worker,5,4.0,34.57,42.0,0.0
2026-04-18,LOC-08,Support Worker,5,5.0,41.760000000000005,40.0,1.0
2026-04-21,LOC-08,Support Worker,5,5.0,39.870000000000005,40.0,0.0
2026-04-25,LOC-08,Support Worker,5,5.0,40.370000000000005,40.0,0.0
2026-04-28,LOC-08,Support Worker,3,3.0,23.89,24.0,0.0
2026-05-11,LOC-08,Support Worker,5,5.0,41.099999999999994,40.0,1.0
2026-05-12,LOC-08,Support Worker,5,5.0,41.89,42.0,0.0
2026-05-28,LOC-08,Support Worker,8,8.0,65.93,66.0,0.0
2026-05-30,LOC-08,Support Worker,5,5.0,42.36,42.0,0.0
2026-06-15,LOC-08,Support Worker,4,4.0,33.06999999999999,32.0,1.0
2026-06-16,LOC-08,Support Worker,5,5.0,41.980000000000004,42.0,0.0
2026-06-22,LOC-08,Support Worker,3,3.0,26.18,24.0,1.0
2026-07-11,LOC-08,Support Worker,5,5.0,45.66,40.0,2.0
2026-07-12,LOC-08,Support Worker,6,6.0,50.269999999999996,48.0,1.0
2026-07-13,LOC-08,Support Worker,5,5.0,42.81999999999999,40.0,1.0
2026-07-23,LOC-08,Support Worker,8,8.0,73.68,68.0,3.0
2025-08-22,LOC-08,Support Worker,2,2.0,17.9,18.0,0.0
2025-08-29,LOC-08,Support Worker,4,4.0,31.980000000000004,32.0,0.0
2025-09-27,LOC-08,Support Worker,4,3.0,24.36,32.0,0.0
2025-10-31,LOC-08,Support Worker,4,4.0,36.5,36.0,0.0
2025-12-19,LOC-08,Support Worker,4,4.0,34.13,32.0,1.0
2026-02-15,LOC-08,Support Worker,5,5.0,39.69,40.0,0.0
2026-02-20,LOC-08,Support Worker,4,4.0,33.800000000000004,34.0,0.0
2026-02-27,LOC-08,Support Worker,4,4.0,32.4,32.0,0.0
2026-04-03,LOC-08,Support Worker,4,4.0,32.010000000000005,32.0,0.0
2026-04-17,LOC-08,Support Worker,4,4.0,32.08,32.0,0.0
2026-05-08,LOC-08,Support Worker,4,3.0,26.04,34.0,0.0
2026-05-15,LOC-08,Support Worker,3,3.0,23.78,24.0,0.0
2026-05-22,LOC-08,Support Worker,4,4.0,36.57,34.0,2.0
2026-07-03,LOC-08,Support Worker,3,3.0,23.43,24.0,0.0
2026-07-17,LOC-08,Support Worker,4,4.0,33.8,32.0,1.0
2026-07-31,LOC-08,Support Worker,3,3.0,25.990000000000002,26.0,0.0
2025-08-01,LOC-10,Support Worker,2,2.0,16.130000000000003,16.0,0.0
2025-08-08,LOC-10,Support Worker,2,2.0,18.119999999999997,18.0,0.0
2025-08-15,LOC-10,Support Worker,2,2.0,16.03,16.0,0.0
2025-08-22,LOC-10,Support Worker,2,2.0,18.06,18.0,0.0
2025-09-05,LOC-10,Support Worker,2,2.0,15.96,16.0,0.0
2025-09-19,LOC-10,Support Worker,2,2.0,18.72,18.0,1.0
2025-10-03,LOC-10,Support Worker,2,2.0,16.07,16.0,0.0
2026-01-16,LOC-10,Support Worker,2,2.0,16.27,16.0,0.0
2026-02-20,LOC-10,Support Worker,2,2.0,17.89,18.0,0.0
2026-02-27,LOC-10,Support Worker,2,2.0,16.240000000000002,16.0,0.0
2026-03-13,LOC-10,Support Worker,2,2.0,15.97,16.0,0.0
2026-04-03,LOC-10,Support Worker,2,2.0,17.7,18.0,0.0
2026-06-12,LOC-10,Support Worker,2,2.0,15.95,16.0,0.0
2026-07-17,LOC-10,Support Worker,2,2.0,16.97,16.0,1.0
2025-08-14,LOC-04,Coordinator,1,0.0,0.0,10.0,0.0
2025-08-24,LOC-04,Coordinator,1,0.0,0.0,8.0,0.0
2025-09-18,LOC-04,Coordinator,1,1.0,7.84,8.0,0.0
2025-10-26,LOC-04,Coordinator,1,1.0,9.96,10.0,0.0
2025-11-06,LOC-04,Coordinator,1,1.0,9.55,8.0,1.0
2025-11-13,LOC-04,Coordinator,1,1.0,8.03,8.0,0.0
2025-11-23,LOC-04,Coordinator,1,1.0,7.82,8.0,0.0
2025-11-27,LOC-04,Coordinator,1,1.0,7.89,8.0,0.0
2025-12-18,LOC-04,Coordinator,1,1.0,10.21,8.0,1.0
2026-01-08,LOC-04,Coordinator,1,1.0,8.13,8.0,0.0
2026-01-25,LOC-04,Coordinator,1,0.0,0.0,8.0,0.0
2026-02-05,LOC-04,Coordinator,1,1.0,8.1,8.0,0.0
2026-02-12,LOC-04,Coordinator,1,1.0,8.33,8.0,0.0
2026-02-15,LOC-04,Coordinator,1,1.0,10.09,10.0,0.0
2026-02-19,LOC-04,Coordinator,1,1.0,8.22,8.0,0.0
2026-04-23,LOC-04,Coordinator,1,1.0,7.98,8.0,0.0
2026-04-30,LOC-04,Coordinator,1,1.0,7.8,8.0,0.0
2026-05-03,LOC-04,Coordinator,1,1.0,7.79,8.0,0.0
2026-05-31,LOC-04,Coordinator,1,1.0,7.84,8.0,0.0
2026-06-21,LOC-04,Coordinator,1,1.0,8.18,8.0,0.0
2026-07-02,LOC-04,Coordinator,1,1.0,8.0,8.0,0.0
2026-07-16,LOC-04,Coordinator,1,1.0,8.12,8.0,0.0
2026-07-23,LOC-04,Coordinator,1,1.0,8.02,8.0,0.0
2025-08-02,LOC-10,Team Leader,1,1.0,7.92,8.0,0.0
2025-08-04,LOC-10,Team Leader,1,1.0,8.0,8.0,0.0
2025-09-15,LOC-10,Team Leader,1,1.0,10.13,10.0,0.0
2025-09-26,LOC-10,Team Leader,1,1.0,7.96,8.0,0.0
2025-09-27,LOC-10,Team Leader,1,1.0,8.06,8.0,0.0
2025-10-04,LOC-10,Team Leader,1,1.0,8.21,8.0,0.0
2025-10-25,LOC-10,Team Leader,1,1.0,8.31,8.0,0.0
2025-11-07,LOC-10,Team Leader,1,1.0,8.16,8.0,0.0
2025-11-08,LOC-10,Team Leader,1,1.0,8.35,8.0,0.0
2025-11-10,LOC-10,Team Leader,1,1.0,8.04,8.0,0.0
2025-11-21,LOC-10,Team Leader,1,1.0,8.11,8.0,0.0
2025-12-20,LOC-10,Team Leader,1,1.0,7.82,8.0,0.0
2026-01-09,LOC-10,Team Leader,1,1.0,7.79,8.0,0.0
2026-01-10,LOC-10,Team Leader,1,1.0,7.83,8.0,0.0
2026-01-17,LOC-10,Team Leader,1,1.0,7.98,8.0,0.0
2026-02-09,LOC-10,Team Leader,1,1.0,10.12,10.0,0.0
2026-02-21,LOC-10,Team Leader,1,1.0,8.03,8.0,0.0
2026-02-28,LOC-10,Team Leader,1,1.0,9.68,8.0,1.0
2026-03-02,LOC-10,Team Leader,1,1.0,7.7,8.0,0.0
2026-03-30,LOC-10,Team Leader,1,1.0,10.15,10.0,0.0
2026-04-10,LOC-10,Team Leader,1,1.0,7.88,8.0,0.0
2026-04-20,LOC-10,Team Leader,1,1.0,9.91,10.0,0.0
2026-05-01,LOC-10,Team Leader,1,1.0,9.19,8.0,1.0
2026-05-02,LOC-10,Team Leader,1,1.0,7.98,8.0,0.0
2026-05-11,LOC-10,Team Leader,1,1.0,10.14,8.0,1.0
2026-05-18,LOC-10,Team Leader,1,1.0,7.8,8.0,0.0
2026-05-25,LOC-10,Team Leader,1,1.0,8.77,8.0,1.0
2026-06-06,LOC-10,Team Leader,1,1.0,7.87,8.0,0.0
2026-06-19,LOC-10,Team Leader,1,1.0,7.83,8.0,0.0
2026-06-22,LOC-10,Team Leader,1,1.0,8.06,8.0,0.0
2026-07-13,LOC-10,Team Leader,1,1.0,7.97,8.0,0.0
2026-07-24,LOC-10,Team Leader,1,1.0,7.93,8.0,0.0
2025-09-19,LOC-03,Support Worker,3,3.0,23.53,24.0,0.0
2025-10-24,LOC-03,Support Worker,3,3.0,24.07,24.0,0.0
2025-10-31,LOC-03,Support Worker,3,3.0,23.86,24.0,0.0
2025-12-12,LOC-03,Support Worker,3,3.0,23.580000000000002,24.0,0.0
2026-01-09,LOC-03,Support Worker,2,2.0,15.850000000000001,16.0,0.0
2026-02-20,LOC-03,Support Worker,3,3.0,25.95,26.0,0.0
2026-04-10,LOC-03,Support Worker,3,3.0,27.37,26.0,1.0
2026-06-05,LOC-03,Support Worker,3,3.0,23.86,24.0,0.0
2025-08-02,LOC-05,Allied Health Clinician,2,2.0,18.700000000000003,16.0,1.0
2025-08-07,LOC-05,Allied Health Clinician,3,3.0,24.14,24.0,0.0
2025-08-30,LOC-05,Allied Health Clinician,3,3.0,27.22,26.0,1.0
2025-09-01,LOC-05,Allied Health Clinician,3,3.0,23.87,24.0,0.0
2025-09-15,LOC-05,Allied Health Clinician,3,3.0,23.669999999999998,24.0,0.0
2025-09-16,LOC-05,Allied Health Clinician,2,2.0,15.86,16.0,0.0
2025-09-20,LOC-05,Allied Health Clinician,3,3.0,26.23,26.0,0.0
2025-09-22,LOC-05,Allied Health Clinician,2,2.0,16.16,16.0,0.0
2025-09-25,LOC-05,Allied Health Clinician,3,3.0,24.13,24.0,0.0
2025-09-27,LOC-05,Allied Health Clinician,3,3.0,23.53,24.0,0.0
2025-10-02,LOC-05,Allied Health Clinician,3,3.0,25.97,26.0,0.0
2025-10-06,LOC-05,Allied Health Clinician,3,3.0,23.84,24.0,0.0
2025-10-13,LOC-05,Allied Health Clinician,3,2.0,16.01,24.0,0.0
2025-10-21,LOC-05,Allied Health Clinician,2,2.0,18.34,16.0,1.0
2025-10-23,LOC-05,Allied Health Clinician,2,2.0,17.84,18.0,0.0
2025-10-26,LOC-05,Allied Health Clinician,2,2.0,15.780000000000001,16.0,0.0
2025-11-02,LOC-05,Allied Health Clinician,2,2.0,16.12,16.0,0.0
2025-11-03,LOC-05,Allied Health Clinician,3,3.0,24.46,24.0,0.0
2025-11-04,LOC-05,Allied Health Clinician,2,2.0,18.189999999999998,18.0,0.0
2025-11-06,LOC-05,Allied Health Clinician,3,3.0,24.200000000000003,24.0,0.0
2025-11-08,LOC-05,Allied Health Clinician,3,3.0,23.98,24.0,0.0
2025-11-09,LOC-05,Allied Health Clinician,2,2.0,15.94,16.0,0.0
2025-11-20,LOC-05,Allied Health Clinician,3,3.0,26.64,24.0,1.0
2025-12-02,LOC-05,Allied Health Clinician,2,2.0,16.03,16.0,0.0
2025-12-04,LOC-05,Allied Health Clinician,3,3.0,25.419999999999998,26.0,0.0
2025-12-07,LOC-05,Allied Health Clinician,2,1.0,8.16,16.0,0.0
2025-12-09,LOC-05,Allied Health Clinician,2,2.0,17.439999999999998,16.0,1.0
2025-12-29,LOC-05,Allied Health Clinician,3,3.0,23.439999999999998,24.0,0.0
2026-01-06,LOC-05,Allied Health Clinician,2,2.0,15.760000000000002,16.0,0.0
2026-01-15,LOC-05,Allied Health Clinician,3,3.0,26.28,24.0,1.0
2026-01-20,LOC-05,Allied Health Clinician,2,2.0,16.09,16.0,0.0
2026-01-27,LOC-05,Allied Health Clinician,2,2.0,20.58,18.0,1.0
2026-01-29,LOC-05,Allied Health Clinician,3,3.0,23.87,24.0,0.0
2026-02-01,LOC-05,Allied Health Clinician,2,2.0,17.299999999999997,16.0,1.0
2026-02-02,LOC-05,Allied Health Clinician,3,3.0,23.98,24.0,0.0
2026-02-05,LOC-05,Allied Health Clinician,3,3.0,25.86,26.0,0.0
2026-02-07,LOC-05,Allied Health Clinician,3,3.0,23.91,24.0,0.0
2026-02-10,LOC-05,Allied Health Clinician,2,2.0,16.47,16.0,0.0
2026-02-12,LOC-05,Allied Health Clinician,3,3.0,24.419999999999998,24.0,0.0
2026-02-19,LOC-05,Allied Health Clinician,3,3.0,23.950000000000003,24.0,0.0
2026-02-22,LOC-05,Allied Health Clinician,2,2.0,15.96,16.0,0.0
2026-03-05,LOC-05,Allied Health Clinician,3,3.0,23.72,24.0,0.0
2026-03-07,LOC-05,Allied Health Clinician,3,3.0,25.560000000000002,24.0,1.0
2026-03-26,LOC-05,Allied Health Clinician,3,3.0,23.59,24.0,0.0
2026-03-30,LOC-05,Allied Health Clinician,3,3.0,26.16,24.0,1.0
2026-04-07,LOC-05,Allied Health Clinician,2,2.0,18.03,18.0,0.0
2026-04-11,LOC-05,Allied Health Clinician,3,3.0,26.09,26.0,0.0
2026-04-14,LOC-05,Allied Health Clinician,2,2.0,15.92,16.0,0.0
2026-04-16,LOC-05,Allied Health Clinician,3,2.0,18.09,24.0,1.0
2026-04-19,LOC-05,Allied Health Clinician,2,2.0,15.989999999999998,16.0,0.0
2026-04-21,LOC-05,Allied Health Clinician,2,2.0,16.71,16.0,0.0
2026-04-26,LOC-05,Allied Health Clinician,2,2.0,15.59,16.0,0.0
2026-04-27,LOC-05,Allied Health Clinician,3,3.0,26.3,26.0,0.0
2026-04-30,LOC-05,Allied Health Clinician,3,3.0,23.61,24.0,0.0
2026-05-11,LOC-05,Allied Health Clinician,3,2.0,16.34,26.0,0.0
2026-05-16,LOC-05,Allied Health Clinician,3,3.0,26.05,26.0,0.0
2026-05-21,LOC-05,Allied Health Clinician,3,3.0,26.87,26.0,1.0
2026-06-04,LOC-05,Allied Health Clinician,2,2.0,15.93,16.0,0.0
2026-06-06,LOC-05,Allied Health Clinician,2,2.0,15.89,16.0,0.0
2026-06-11,LOC-05,Allied Health Clinician,2,2.0,18.11,18.0,0.0
2026-06-13,LOC-05,Allied Health Clinician,2,2.0,17.97,18.0,0.0
2026-06-16,LOC-05,Allied Health Clinician,2,2.0,16.990000000000002,16.0,1.0
2026-06-18,LOC-05,Allied Health Clinician,3,3.0,24.46,24.0,0.0
2026-06-20,LOC-05,Allied Health Clinician,3,3.0,23.549999999999997,24.0,0.0
2026-06-23,LOC-05,Allied Health Clinician,2,1.0,7.83,16.0,0.0
2026-06-25,LOC-05,Allied Health Clinician,3,3.0,26.700000000000003,24.0,1.0
2026-06-27,LOC-05,Allied Health Clinician,3,3.0,27.72,24.0,2.0
2026-07-13,LOC-05,Allied Health Clinician,3,3.0,23.89,24.0,0.0
2026-07-18,LOC-05,Allied Health Clinician,2,2.0,18.12,18.0,0.0
2025-08-06,LOC-01,Allied Health Clinician,1,1.0,9.93,10.0,0.0
2025-08-20,LOC-01,Allied Health Clinician,1,1.0,10.39,10.0,0.0
2025-08-27,LOC-01,Allied Health Clinician,1,1.0,8.03,8.0,0.0
2025-09-03,LOC-01,Allied Health Clinician,1,1.0,8.13,8.0,0.0
2025-09-10,LOC-01,Allied Health Clinician,1,1.0,7.95,8.0,0.0
2025-10-22,LOC-01,Allied Health Clinician,1,1.0,8.03,8.0,0.0
2025-11-12,LOC-01,Allied Health Clinician,1,1.0,7.66,8.0,0.0
2025-11-19,LOC-01,Allied Health Clinician,1,1.0,8.06,8.0,0.0
2025-11-26,LOC-01,Allied Health Clinician,1,0.0,0.0,8.0,0.0
2025-12-24,LOC-01,Allied Health Clinician,1,1.0,7.87,8.0,0.0
2026-02-18,LOC-01,Allied Health Clinician,1,1.0,7.79,8.0,0.0
2026-02-25,LOC-01,Allied Health Clinician,1,1.0,7.88,8.0,0.0
2026-03-04,LOC-01,Allied Health Clinician,1,1.0,8.14,8.0,0.0
2026-03-11,LOC-01,Allied Health Clinician,1,1.0,7.88,8.0,0.0
2026-05-20,LOC-01,Allied Health Clinician,1,1.0,8.19,8.0,0.0
2025-08-05,LOC-03,Support Worker,3,3.0,24.21,24.0,0.0
2025-08-23,LOC-03,Support Worker,1,1.0,7.95,8.0,0.0
2025-09-02,LOC-03,Support Worker,3,3.0,24.270000000000003,24.0,0.0
2025-09-06,LOC-03,Support Worker,1,1.0,8.25,8.0,0.0
2025-09-13,LOC-03,Support Worker,1,1.0,9.91,10.0,0.0
2025-09-27,LOC-03,Support Worker,1,1.0,7.79,8.0,0.0
2025-10-14,LOC-03,Support Worker,3,3.0,26.69,24.0,2.0
2025-11-04,LOC-03,Support Worker,3,3.0,26.21,24.0,1.0
2025-11-15,LOC-03,Support Worker,1,1.0,8.12,8.0,0.0
2025-11-18,LOC-03,Support Worker,2,2.0,15.98,16.0,0.0
2025-12-13,LOC-03,Support Worker,1,1.0,8.16,8.0,0.0
2026-01-27,LOC-03,Support Worker,3,3.0,23.85,24.0,0.0
2026-01-31,LOC-03,Support Worker,1,1.0,7.82,8.0,0.0
2026-02-10,LOC-03,Support Worker,3,3.0,25.89,24.0,1.0
2026-02-21,LOC-03,Support Worker,1,1.0,8.1,8.0,0.0
2026-02-28,LOC-03,Support Worker,1,1.0,7.67,8.0,0.0
2026-03-31,LOC-03,Support Worker,3,3.0,26.47,26.0,0.0
2026-04-14,LOC-03,Support Worker,3,3.0,25.809999999999995,24.0,1.0
2026-04-21,LOC-03,Support Worker,2,2.0,18.29,18.0,0.0
2026-06-09,LOC-03,Support Worker,3,3.0,26.290000000000003,26.0,0.0
2026-06-27,LOC-03,Support Worker,1,1.0,8.22,8.0,0.0
2026-06-30,LOC-03,Support Worker,3,3.0,25.84,26.0,0.0
2026-07-07,LOC-03,Support Worker,3,2.0,15.68,24.0,0.0
2026-07-18,LOC-03,Support Worker,1,1.0,7.97,8.0,0.0
2025-08-01,LOC-02,Support Worker,4,4.0,35.879999999999995,36.0,0.0
2025-08-02,LOC-02,Support Worker,3,3.0,23.77,24.0,0.0
2025-08-18,LOC-02,Support Worker,4,3.0,28.5,36.0,0.0
2025-08-22,LOC-02,Support Worker,4,4.0,32.230000000000004,32.0,0.0
2025-08-23,LOC-02,Support Worker,3,3.0,23.93,24.0,0.0
2025-08-31,LOC-02,Support Worker,4,4.0,34.81,34.0,1.0
2025-09-08,LOC-02,Support Worker,4,4.0,33.870000000000005,34.0,0.0
2025-09-14,LOC-02,Support Worker,4,3.0,24.11,32.0,0.0
2025-09-15,LOC-02,Support Worker,3,3.0,23.659999999999997,24.0,0.0
2025-09-22,LOC-02,Support Worker,3,3.0,23.93,24.0,0.0
2025-09-23,LOC-02,Support Worker,3,3.0,23.799999999999997,24.0,0.0
2025-09-26,LOC-02,Support Worker,4,4.0,33.48,32.0,1.0
2025-09-27,LOC-02,Support Worker,3,3.0,24.32,24.0,0.0
2025-09-29,LOC-02,Support Worker,4,4.0,33.980000000000004,34.0,0.0
2025-10-07,LOC-02,Support Worker,3,3.0,23.48,24.0,0.0
2025-10-11,LOC-02,Support Worker,3,3.0,26.349999999999998,26.0,0.0
2025-10-13,LOC-02,Support Worker,4,4.0,34.440000000000005,32.0,1.0
2025-10-18,LOC-02,Support Worker,3,3.0,24.15,24.0,0.0
2025-10-26,LOC-02,Support Worker,4,4.0,33.9,34.0,0.0
2025-10-31,LOC-02,Support Worker,4,4.0,31.799999999999997,32.0,0.0
2025-11-01,LOC-02,Support Worker,3,3.0,24.17,24.0,0.0
2025-11-15,LOC-02,Support Worker,3,3.0,23.87,24.0,0.0
2025-11-16,LOC-02,Support Worker,4,4.0,32.800000000000004,32.0,0.0
2025-11-17,LOC-02,Support Worker,4,4.0,33.940000000000005,34.0,0.0
2025-11-18,LOC-02,Support Worker,3,3.0,25.119999999999997,24.0,1.0
2025-11-23,LOC-02,Support Worker,4,4.0,31.96,32.0,0.0
2025-11-25,LOC-02,Support Worker,3,3.0,26.3,26.0,0.0
2025-12-15,LOC-02,Support Worker,3,3.0,24.61,24.0,1.0
2025-12-16,LOC-02,Support Worker,3,3.0,26.08,26.0,0.0
2025-12-20,LOC-02,Support Worker,3,2.0,15.95,24.0,0.0
2025-12-26,LOC-02,Support Worker,4,4.0,32.4,32.0,0.0
2025-12-29,LOC-02,Support Worker,4,4.0,31.9,32.0,0.0
2026-01-02,LOC-02,Support Worker,4,4.0,35.32,34.0,1.0
2026-01-03,LOC-02,Support Worker,3,3.0,24.130000000000003,24.0,0.0
2026-01-05,LOC-02,Support Worker,4,4.0,32.199999999999996,32.0,0.0
2026-01-10,LOC-02,Support Worker,3,3.0,25.72,26.0,0.0
2026-01-11,LOC-02,Support Worker,4,4.0,32.17,32.0,0.0
2026-01-18,LOC-02,Support Worker,4,4.0,32.45,32.0,0.0
2026-01-19,LOC-02,Support Worker,3,2.0,16.25,24.0,0.0
2026-02-01,LOC-02,Support Worker,4,4.0,36.08,36.0,0.0
2026-02-02,LOC-02,Support Worker,4,4.0,31.660000000000004,32.0,0.0
2026-02-06,LOC-02,Support Worker,4,4.0,31.64,32.0,0.0
2026-02-08,LOC-02,Support Worker,4,3.0,24.82,32.0,0.0
2026-02-15,LOC-02,Support Worker,4,4.0,33.85,34.0,0.0
2026-02-16,LOC-02,Support Worker,4,4.0,34.19,34.0,0.0
2026-02-24,LOC-02,Support Worker,3,3.0,26.07,26.0,0.0
2026-02-28,LOC-02,Support Worker,3,3.0,24.18,24.0,0.0
2026-03-02,LOC-02,Support Worker,4,4.0,34.05,34.0,0.0
2026-03-09,LOC-02,Support Worker,4,4.0,32.36,32.0,0.0
2026-03-10,LOC-02,Support Worker,3,3.0,24.98,24.0,1.0
2026-03-17,LOC-02,Support Worker,2,2.0,17.79,18.0,0.0
2026-03-24,LOC-02,Support Worker,3,3.0,25.85,24.0,1.0
2026-03-27,LOC-02,Support Worker,4,4.0,33.82,34.0,0.0
2026-03-31,LOC-02,Support Worker,3,3.0,23.810000000000002,24.0,0.0
2026-04-10,LOC-02,Support Worker,4,3.0,24.060000000000002,32.0,0.0
2026-04-12,LOC-02,Support Worker,4,4.0,35.38,36.0,0.0
2026-04-14,LOC-02,Support Worker,3,3.0,23.96,24.0,0.0
2026-04-26,LOC-02,Support Worker,4,4.0,31.82,32.0,0.0
2026-04-28,LOC-02,Support Worker,3,3.0,26.53,24.0,1.0
2026-05-04,LOC-02,Support Worker,4,4.0,32.07,32.0,0.0
2026-05-09,LOC-02,Support Worker,3,3.0,24.55,24.0,1.0
2026-05-22,LOC-02,Support Worker,4,4.0,31.64,32.0,0.0
2026-05-23,LOC-02,Support Worker,3,3.0,23.619999999999997,24.0,0.0
2026-05-25,LOC-02,Support Worker,4,4.0,31.89,32.0,0.0
2026-06-08,LOC-02,Support Worker,4,4.0,34.8,32.0,1.0
2026-06-19,LOC-02,Support Worker,4,4.0,36.15,36.0,0.0
2026-06-23,LOC-02,Support Worker,3,3.0,24.0,24.0,0.0
2026-06-30,LOC-02,Support Worker,3,3.0,23.91,24.0,0.0
2026-07-14,LOC-02,Support Worker,3,3.0,23.79,24.0,0.0
2026-07-26,LOC-02,Support Worker,4,4.0,32.22,32.0,1.0
2026-07-27,LOC-02,Support Worker,4,4.0,32.57,32.0,0.0
2026-07-31,LOC-02,Support Worker,4,4.0,37.53,34.0,2.0
2025-09-18,LOC-05,Allied Health Clinician,2,2.0,15.88,16.0,0.0
2025-11-27,LOC-05,Allied Health Clinician,2,2.0,16.1,16.0,0.0
2025-11-29,LOC-05,Allied Health Clinician,2,2.0,16.18,16.0,0.0
2025-12-20,LOC-05,Allied Health Clinician,2,2.0,18.78,16.0,1.0
2025-12-23,LOC-05,Allied Health Clinician,1,1.0,7.87,8.0,0.0
2025-12-25,LOC-05,Allied Health Clinician,2,2.0,16.25,16.0,0.0
2026-04-23,LOC-05,Allied Health Clinician,2,2.0,20.52,18.0,1.0
2026-05-28,LOC-05,Allied Health Clinician,2,2.0,16.17,16.0,0.0
2026-06-21,LOC-05,Allied Health Clinician,1,0.0,0.0,8.0,0.0
2025-08-02,LOC-09,Allied Health Clinician,2,2.0,16.200000000000003,16.0,0.0
2025-08-06,LOC-09,Allied Health Clinician,2,2.0,18.04,18.0,0.0
2025-08-13,LOC-09,Allied Health Clinician,2,2.0,17.77,18.0,0.0
2025-08-16,LOC-09,Allied Health Clinician,2,2.0,16.37,16.0,0.0
2025-09-12,LOC-09,Allied Health Clinician,2,1.0,7.77,16.0,0.0
2025-09-26,LOC-09,Allied Health Clinician,2,2.0,15.71,16.0,0.0
2025-10-07,LOC-09,Allied Health Clinician,1,1.0,8.03,8.0,0.0
2025-10-18,LOC-09,Allied Health Clinician,2,2.0,16.310000000000002,16.0,0.0
2025-10-24,LOC-09,Allied Health Clinician,2,2.0,15.93,16.0,0.0
2025-10-29,LOC-09,Allied Health Clinician,2,2.0,16.950000000000003,16.0,1.0
2025-10-30,LOC-09,Allied Health Clinician,2,2.0,16.1,16.0,0.0
2025-10-31,LOC-09,Allied Health Clinician,2,2.0,16.27,16.0,0.0
2025-11-04,LOC-09,Allied Health Clinician,1,1.0,7.73,8.0,0.0
2025-11-05,LOC-09,Allied Health Clinician,2,2.0,15.79,16.0,0.0
2025-11-11,LOC-09,Allied Health Clinician,1,1.0,10.7,8.0,1.0
2025-11-18,LOC-09,Allied Health Clinician,1,1.0,8.1,8.0,0.0
2025-11-19,LOC-09,Allied Health Clinician,2,2.0,18.11,16.0,1.0
2025-11-20,LOC-09,Allied Health Clinician,2,2.0,16.13,16.0,0.0
2025-11-22,LOC-09,Allied Health Clinician,2,2.0,15.81,16.0,0.0
2025-12-03,LOC-09,Allied Health Clinician,2,2.0,15.89,16.0,0.0
2025-12-09,LOC-09,Allied Health Clinician,1,1.0,7.99,8.0,0.0
2025-12-12,LOC-09,Allied Health Clinician,2,1.0,7.8,16.0,0.0
2025-12-26,LOC-09,Allied Health Clinician,2,2.0,18.93,18.0,1.0
2026-01-02,LOC-09,Allied Health Clinician,2,2.0,16.09,16.0,0.0
2026-01-14,LOC-09,Allied Health Clinician,2,2.0,15.53,16.0,0.0
2026-01-21,LOC-09,Allied Health Clinician,2,2.0,18.05,18.0,0.0
2026-01-27,LOC-09,Allied Health Clinician,1,1.0,10.0,10.0,0.0
2026-01-28,LOC-09,Allied Health Clinician,2,2.0,16.75,16.0,1.0
2026-01-29,LOC-09,Allied Health Clinician,2,2.0,15.91,16.0,0.0
2026-02-04,LOC-09,Allied Health Clinician,2,2.0,18.3,16.0,1.0
2026-02-05,LOC-09,Allied Health Clinician,2,2.0,16.12,16.0,0.0
2026-02-25,LOC-09,Allied Health Clinician,2,2.0,16.02,16.0,0.0
2026-02-28,LOC-09,Allied Health Clinician,2,2.0,16.1,16.0,0.0
2026-03-03,LOC-09,Allied Health Clinician,1,1.0,9.67,8.0,1.0
2026-03-04,LOC-09,Allied Health Clinician,1,1.0,10.04,8.0,1.0
2026-03-07,LOC-09,Allied Health Clinician,2,2.0,15.48,16.0,0.0
2026-03-11,LOC-09,Allied Health Clinician,2,2.0,16.1,16.0,0.0
2026-03-14,LOC-09,Allied Health Clinician,2,2.0,17.240000000000002,16.0,1.0
2026-03-28,LOC-09,Allied Health Clinician,2,2.0,16.23,16.0,0.0
2026-04-09,LOC-09,Allied Health Clinician,2,2.0,19.880000000000003,20.0,0.0
2026-04-24,LOC-09,Allied Health Clinician,2,1.0,7.9,18.0,0.0
2026-04-25,LOC-09,Allied Health Clinician,2,2.0,18.04,16.0,1.0
2026-04-29,LOC-09,Allied Health Clinician,2,2.0,15.83,16.0,0.0
2026-05-05,LOC-09,Allied Health Clinician,1,1.0,7.99,8.0,0.0
2026-05-06,LOC-09,Allied Health Clinician,2,2.0,15.75,16.0,0.0
2026-05-09,LOC-09,Allied Health Clinician,2,1.0,7.88,16.0,0.0
2026-05-14,LOC-09,Allied Health Clinician,2,2.0,15.98,16.0,0.0
2026-05-15,LOC-09,Allied Health Clinician,2,2.0,19.979999999999997,20.0,0.0
2026-05-30,LOC-09,Allied Health Clinician,2,1.0,7.85,18.0,0.0
2026-06-03,LOC-09,Allied Health Clinician,2,2.0,16.189999999999998,16.0,0.0
2026-06-12,LOC-09,Allied Health Clinician,1,1.0,8.0,8.0,0.0
2026-06-13,LOC-09,Allied Health Clinician,2,2.0,17.04,16.0,1.0
2026-06-17,LOC-09,Allied Health Clinician,2,2.0,16.450000000000003,16.0,1.0
2026-06-18,LOC-09,Allied Health Clinician,2,2.0,15.969999999999999,16.0,0.0
2026-06-19,LOC-09,Allied Health Clinician,1,1.0,9.43,8.0,1.0
2026-06-26,LOC-09,Allied Health Clinician,2,2.0,18.060000000000002,18.0,0.0
2026-07-18,LOC-09,Allied Health Clinician,2,2.0,15.919999999999998,16.0,0.0
2026-07-25,LOC-09,Allied Health Clinician,2,2.0,15.83,16.0,0.0
2025-08-04,LOC-05,Support Worker,3,3.0,25.549999999999997,24.0,1.0
2025-08-11,LOC-05,Support Worker,3,3.0,23.85,24.0,0.0
2025-11-24,LOC-05,Support Worker,3,2.0,16.009999999999998,24.0,0.0
2025-12-01,LOC-05,Support Worker,2,2.0,15.97,16.0,0.0
2025-12-15,LOC-05,Support Worker,3,3.0,25.71,26.0,0.0
2026-01-05,LOC-05,Support Worker,3,3.0,23.93,24.0,0.0
2026-01-12,LOC-05,Support Worker,3,3.0,27.910000000000004,28.0,0.0
2026-01-26,LOC-05,Support Worker,3,3.0,24.23,24.0,0.0
2026-02-16,LOC-05,Support Worker,3,3.0,23.880000000000003,24.0,0.0
2026-06-01,LOC-05,Support Worker,3,3.0,26.009999999999998,26.0,0.0
2026-06-29,LOC-05,Support Worker,3,2.0,16.14,24.0,0.0
2025-08-03,LOC-08,Coordinator,1,1.0,7.93,8.0,0.0
2025-08-07,LOC-08,Coordinator,1,1.0,7.87,8.0,0.0
2025-08-28,LOC-08,Coordinator,1,1.0,7.89,8.0,0.0
2025-08-31,LOC-08,Coordinator,1,1.0,8.04,8.0,0.0
2025-09-09,LOC-08,Coordinator,1,1.0,7.8,8.0,0.0
2025-09-16,LOC-08,Coordinator,1,1.0,8.28,8.0,0.0
2025-09-23,LOC-08,Coordinator,1,1.0,7.88,8.0,0.0
2025-09-30,LOC-08,Coordinator,1,1.0,8.01,8.0,0.0
2025-10-07,LOC-08,Coordinator,1,1.0,9.19,8.0,1.0
2025-10-23,LOC-08,Coordinator,1,1.0,8.24,8.0,0.0
2025-10-26,LOC-08,Coordinator,1,1.0,9.98,10.0,0.0
2025-12-11,LOC-08,Coordinator,1,1.0,8.43,8.0,0.0
2025-12-16,LOC-08,Coordinator,1,1.0,8.2,8.0,0.0
2026-01-01,LOC-08,Coordinator,1,1.0,8.08,8.0,0.0
2026-01-08,LOC-08,Coordinator,1,1.0,9.55,8.0,1.0
2026-01-11,LOC-08,Coordinator,1,1.0,8.36,8.0,0.0
2026-02-12,LOC-08,Coordinator,1,1.0,7.73,8.0,0.0
2026-02-15,LOC-08,Coordinator,1,1.0,7.99,8.0,0.0
2026-03-03,LOC-08,Coordinator,1,1.0,8.21,8.0,0.0
2026-03-19,LOC-08,Coordinator,1,1.0,10.05,10.0,0.0
2026-03-24,LOC-08,Coordinator,1,1.0,7.87,8.0,0.0
2026-03-26,LOC-08,Coordinator,1,1.0,8.15,8.0,0.0
2026-04-02,LOC-08,Coordinator,1,1.0,8.05,8.0,0.0
2026-04-05,LOC-08,Coordinator,1,1.0,9.55,8.0,1.0
2026-04-21,LOC-08,Coordinator,1,1.0,8.16,8.0,0.0
2026-04-28,LOC-08,Coordinator,1,1.0,8.35,8.0,0.0
2026-05-12,LOC-08,Coordinator,1,1.0,12.71,10.0,1.0
2026-05-28,LOC-08,Coordinator,1,1.0,7.75,8.0,0.0
2026-06-16,LOC-08,Coordinator,1,1.0,10.08,10.0,0.0
2026-06-21,LOC-08,Coordinator,1,1.0,8.32,8.0,0.0
2026-06-23,LOC-08,Coordinator,1,1.0,9.86,10.0,0.0
2026-07-12,LOC-08,Coordinator,1,1.0,7.84,8.0,0.0
2026-07-16,LOC-08,Coordinator,1,1.0,8.23,8.0,0.0
2026-07-23,LOC-08,Coordinator,1,1.0,8.01,8.0,0.0
2025-08-22,LOC-05,Coordinator,2,1.0,7.82,16.0,0.0
2025-08-29,LOC-05,Coordinator,2,2.0,18.41,16.0,1.0
2025-09-19,LOC-05,Coordinator,2,2.0,18.73,16.0,2.0
2025-10-03,LOC-05,Coordinator,2,2.0,16.63,16.0,1.0
2025-10-17,LOC-05,Coordinator,2,2.0,18.03,18.0,0.0
2025-11-14,LOC-05,Coordinator,2,2.0,15.46,16.0,0.0
2026-01-09,LOC-05,Coordinator,2,2.0,18.1,18.0,0.0
2026-02-20,LOC-05,Coordinator,2,2.0,16.21,16.0,0.0
2026-03-13,LOC-05,Coordinator,2,2.0,17.8,18.0,0.0
2026-03-27,LOC-05,Coordinator,2,2.0,16.1,16.0,0.0
2026-04-03,LOC-05,Coordinator,2,2.0,16.2,16.0,0.0
2026-06-19,LOC-05,Coordinator,2,2.0,18.310000000000002,18.0,0.0
2026-07-24,LOC-05,Coordinator,2,2.0,17.92,18.0,0.0
2025-09-26,LOC-03,Support Worker,2,2.0,16.07,16.0,0.0
2025-11-17,LOC-03,Support Worker,1,1.0,10.14,8.0,1.0
2025-08-06,LOC-06,Support Worker,2,2.0,16.14,16.0,0.0
2025-08-20,LOC-06,Support Worker,2,2.0,15.989999999999998,16.0,0.0
2025-08-27,LOC-06,Support Worker,1,1.0,8.02,8.0,0.0
2025-10-08,LOC-06,Support Worker,2,2.0,15.99,16.0,0.0
2025-11-05,LOC-06,Support Worker,2,2.0,16.18,16.0,0.0
2026-02-04,LOC-06,Support Worker,2,2.0,18.72,16.0,1.0
2026-02-11,LOC-06,Support Worker,2,2.0,17.060000000000002,16.0,1.0
2026-02-16,LOC-06,Support Worker,2,2.0,15.73,16.0,0.0
2026-02-18,LOC-06,Support Worker,2,2.0,18.59,16.0,1.0
2026-03-04,LOC-06,Support Worker,2,2.0,17.72,16.0,1.0
2026-03-18,LOC-06,Support Worker,2,2.0,18.130000000000003,18.0,0.0
2026-04-08,LOC-06,Support Worker,2,2.0,16.08,16.0,0.0
2026-04-15,LOC-06,Support Worker,1,1.0,7.95,8.0,0.0
2025-08-15,LOC-02,Allied Health Clinician,1,1.0,8.24,8.0,0.0
2025-08-21,LOC-02,Allied Health Clinician,1,1.0,8.09,8.0,0.0
2025-08-28,LOC-02,Allied Health Clinician,2,2.0,16.1,16.0,0.0
2025-08-29,LOC-02,Allied Health Clinician,1,1.0,8.18,8.0,0.0
2025-09-04,LOC-02,Allied Health Clinician,2,2.0,17.58,16.0,1.0
2025-09-19,LOC-02,Allied Health Clinician,1,1.0,8.0,8.0,0.0
2025-10-02,LOC-02,Allied Health Clinician,1,1.0,10.0,10.0,0.0
2025-10-09,LOC-02,Allied Health Clinician,2,2.0,17.59,18.0,0.0
2025-10-16,LOC-02,Allied Health Clinician,2,2.0,17.689999999999998,16.0,1.0
2025-10-17,LOC-02,Allied Health Clinician,1,0.0,0.0,8.0,0.0
2025-11-07,LOC-02,Allied Health Clinician,1,1.0,7.9,8.0,0.0
2025-11-21,LOC-02,Allied Health Clinician,1,1.0,8.0,8.0,0.0
2026-01-09,LOC-02,Allied Health Clinician,1,1.0,10.06,10.0,0.0
2026-01-15,LOC-02,Allied Health Clinician,2,2.0,15.96,16.0,0.0
2026-01-23,LOC-02,Allied Health Clinician,1,1.0,7.79,8.0,0.0
2026-02-20,LOC-02,Allied Health Clinician,1,0.0,0.0,8.0,0.0
2026-03-06,LOC-02,Allied Health Clinician,1,1.0,10.67,8.0,1.0
2026-03-13,LOC-02,Allied Health Clinician,1,1.0,7.86,8.0,0.0
2026-04-09,LOC-02,Allied Health Clinician,2,2.0,15.56,16.0,0.0
2026-04-17,LOC-02,Allied Health Clinician,1,1.0,8.07,8.0,0.0
2026-05-01,LOC-02,Allied Health Clinician,1,1.0,7.82,8.0,0.0
2026-05-08,LOC-02,Allied Health Clinician,1,1.0,7.82,8.0,0.0
2026-05-29,LOC-02,Allied Health Clinician,1,1.0,8.11,8.0,0.0
2026-06-04,LOC-02,Allied Health Clinician,2,2.0,16.0,16.0,0.0
2026-06-18,LOC-02,Allied Health Clinician,2,2.0,16.01,16.0,0.0
2026-07-16,LOC-02,Allied Health Clinician,2,2.0,18.950000000000003,16.0,1.0
2025-08-01,LOC-09,Support Worker,4,4.0,33.96,34.0,0.0
2025-09-05,LOC-09,Support Worker,4,4.0,34.19,34.0,0.0
2025-09-16,LOC-09,Support Worker,1,1.0,8.14,8.0,0.0
2025-09-20,LOC-09,Support Worker,3,3.0,26.15,24.0,1.0
2025-09-23,LOC-09,Support Worker,1,1.0,8.04,8.0,0.0
2025-09-27,LOC-09,Support Worker,2,2.0,15.97,16.0,0.0
2025-10-04,LOC-09,Support Worker,3,3.0,23.9,24.0,0.0
2025-10-28,LOC-09,Support Worker,1,1.0,10.02,8.0,1.0
2025-11-15,LOC-09,Support Worker,3,3.0,23.93,24.0,0.0
2025-11-21,LOC-09,Support Worker,4,3.0,24.11,32.0,0.0
2025-12-02,LOC-09,Support Worker,1,1.0,7.83,8.0,0.0
2025-12-19,LOC-09,Support Worker,4,4.0,33.14,32.0,1.0
2025-12-30,LOC-09,Support Worker,1,1.0,10.17,8.0,1.0
2026-01-13,LOC-09,Support Worker,1,1.0,7.95,8.0,0.0
2026-01-16,LOC-09,Support Worker,4,4.0,33.849999999999994,34.0,0.0
2026-01-17,LOC-09,Support Worker,3,2.0,18.04,26.0,0.0
2026-01-20,LOC-09,Support Worker,1,1.0,8.1,8.0,0.0
2026-02-10,LOC-09,Support Worker,1,1.0,7.92,8.0,0.0
2026-02-17,LOC-09,Support Worker,1,1.0,8.28,8.0,0.0
2026-02-27,LOC-09,Support Worker,4,4.0,33.650000000000006,34.0,0.0
2026-03-05,LOC-09,Support Worker,3,3.0,25.82,24.0,1.0
2026-03-13,LOC-09,Support Worker,4,4.0,35.55,34.0,1.0
2026-03-21,LOC-09,Support Worker,3,3.0,26.12,24.0,1.0
2026-03-24,LOC-09,Support Worker,1,1.0,7.98,8.0,0.0
2026-04-02,LOC-09,Support Worker,3,3.0,24.1,24.0,0.0
2026-04-07,LOC-09,Support Worker,1,1.0,7.98,8.0,0.0
2026-04-21,LOC-09,Support Worker,1,1.0,8.03,8.0,0.0
2026-05-08,LOC-09,Support Worker,3,3.0,24.43,24.0,1.0
2026-05-22,LOC-09,Support Worker,4,3.0,26.71,32.0,1.0
2026-06-09,LOC-09,Support Worker,1,1.0,8.09,8.0,0.0
2026-06-20,LOC-09,Support Worker,2,2.0,17.38,16.0,1.0
2026-06-30,LOC-09,Support Worker,1,1.0,7.74,8.0,0.0
2026-07-11,LOC-09,Support Worker,3,3.0,25.930000000000003,24.0,1.0
2026-07-17,LOC-09,Support Worker,4,4.0,31.880000000000003,32.0,0.0
2026-07-21,LOC-09,Support Worker,1,1.0,8.19,8.0,0.0
2025-08-14,LOC-10,Support Worker,3,3.0,23.950000000000003,24.0,0.0
2025-09-11,LOC-10,Support Worker,3,3.0,23.78,24.0,0.0
2025-10-16,LOC-10,Support Worker,3,3.0,27.04,24.0,2.0
2025-11-13,LOC-10,Support Worker,3,3.0,24.099999999999998,24.0,0.0
2025-12-11,LOC-10,Support Worker,3,3.0,27.759999999999998,26.0,1.0
2025-12-18,LOC-10,Support Worker,3,3.0,26.28,24.0,1.0
2026-04-16,LOC-10,Support Worker,3,3.0,23.88,24.0,0.0
2026-05-28,LOC-10,Support Worker,2,2.0,18.7,16.0,1.0
2026-06-04,LOC-10,Support Worker,2,2.0,16.04,16.0,0.0
2026-07-23,LOC-10,Support Worker,1,1.0,7.79,8.0,0.0
2026-07-30,LOC-10,Support Worker,3,3.0,24.08,24.0,0.0
2025-08-01,LOC-10,Coordinator,1,1.0,10.95,10.0,1.0
2025-08-08,LOC-10,Coordinator,1,1.0,8.0,8.0,0.0
2025-08-14,LOC-10,Coordinator,1,1.0,7.97,8.0,0.0
2025-08-15,LOC-10,Coordinator,1,1.0,7.85,8.0,0.0
2025-08-19,LOC-10,Coordinator,1,1.0,7.97,8.0,0.0
2025-09-03,LOC-10,Coordinator,1,1.0,8.29,8.0,0.0
2025-09-05,LOC-10,Coordinator,1,1.0,7.85,8.0,0.0
2025-09-09,LOC-10,Coordinator,1,1.0,12.93,10.0,1.0
2025-09-11,LOC-10,Coordinator,1,1.0,10.97,8.0,1.0
2025-09-19,LOC-10,Coordinator,1,1.0,8.19,8.0,0.0
2025-09-24,LOC-10,Coordinator,1,1.0,8.01,8.0,0.0
2025-10-03,LOC-10,Coordinator,1,1.0,8.17,8.0,0.0
2025-10-05,LOC-10,Coordinator,1,0.0,0.0,8.0,0.0
2025-10-16,LOC-10,Coordinator,1,1.0,8.2,8.0,0.0
2025-10-17,LOC-10,Coordinator,1,1.0,9.96,10.0,0.0
2025-10-19,LOC-10,Coordinator,1,1.0,7.92,8.0,0.0
2025-10-22,LOC-10,Coordinator,1,1.0,7.9,8.0,0.0
2025-10-29,LOC-10,Coordinator,1,1.0,7.96,8.0,0.0
2025-11-05,LOC-10,Coordinator,1,1.0,9.68,8.0,1.0
2025-11-13,LOC-10,Coordinator,1,1.0,7.97,8.0,0.0
2025-11-23,LOC-10,Coordinator,1,1.0,7.88,8.0,0.0
2025-11-25,LOC-10,Coordinator,1,1.0,8.06,8.0,0.0
2025-11-30,LOC-10,Coordinator,1,1.0,8.25,8.0,0.0
2025-12-02,LOC-10,Coordinator,1,1.0,7.83,8.0,0.0
2025-12-11,LOC-10,Coordinator,1,1.0,8.04,8.0,0.0
2025-12-16,LOC-10,Coordinator,1,1.0,8.28,8.0,0.0
2025-12-17,LOC-10,Coordinator,1,1.0,8.26,8.0,0.0
2025-12-18,LOC-10,Coordinator,1,1.0,8.25,8.0,0.0
2025-12-24,LOC-10,Coordinator,1,1.0,10.1,8.0,1.0
2025-12-31,LOC-10,Coordinator,1,1.0,12.32,10.0,1.0
2026-01-06,LOC-10,Coordinator,1,0.0,0.0,8.0,0.0
2026-01-13,LOC-10,Coordinator,1,1.0,7.96,8.0,0.0
2026-01-16,LOC-10,Coordinator,1,1.0,7.98,8.0,0.0
2026-01-18,LOC-10,Coordinator,1,1.0,8.26,8.0,0.0
2026-01-28,LOC-10,Coordinator,1,1.0,8.4,8.0,0.0
2026-02-08,LOC-10,Coordinator,1,1.0,8.08,8.0,0.0
2026-02-11,LOC-10,Coordinator,1,1.0,8.72,8.0,1.0
2026-02-15,LOC-10,Coordinator,1,1.0,7.95,8.0,0.0
2026-02-17,LOC-10,Coordinator,1,1.0,7.93,8.0,0.0
2026-02-20,LOC-10,Coordinator,1,1.0,8.15,8.0,0.0
2026-02-24,LOC-10,Coordinator,1,1.0,8.16,8.0,0.0
2026-02-27,LOC-10,Coordinator,1,1.0,8.14,8.0,0.0
2026-03-01,LOC-10,Coordinator,1,1.0,8.0,8.0,0.0
2026-03-10,LOC-10,Coordinator,1,1.0,10.1,10.0,0.0
2026-03-13,LOC-10,Coordinator,1,1.0,7.69,8.0,0.0
2026-03-15,LOC-10,Coordinator,1,1.0,8.03,8.0,0.0
2026-04-03,LOC-10,Coordinator,1,1.0,10.32,10.0,0.0
2026-04-16,LOC-10,Coordinator,1,1.0,8.21,8.0,0.0
2026-04-28,LOC-10,Coordinator,1,1.0,7.88,8.0,0.0
2026-05-03,LOC-10,Coordinator,1,1.0,8.0,8.0,0.0
2026-05-10,LOC-10,Coordinator,1,1.0,8.02,8.0,0.0
2026-05-14,LOC-10,Coordinator,1,1.0,7.81,8.0,0.0
2026-05-17,LOC-10,Coordinator,1,1.0,7.94,8.0,0.0
2026-05-24,LOC-10,Coordinator,1,1.0,8.02,8.0,0.0
2026-05-26,LOC-10,Coordinator,1,1.0,8.17,8.0,0.0
2026-05-28,LOC-10,Coordinator,1,1.0,8.33,8.0,0.0
2026-06-12,LOC-10,Coordinator,1,1.0,8.11,8.0,0.0
2026-06-16,LOC-10,Coordinator,1,1.0,7.87,8.0,0.0
2026-06-17,LOC-10,Coordinator,1,1.0,7.91,8.0,0.0
2026-06-18,LOC-10,Coordinator,1,1.0,12.01,10.0,1.0
2026-06-21,LOC-10,Coordinator,1,1.0,9.48,8.0,1.0
2026-06-23,LOC-10,Coordinator,1,1.0,7.83,8.0,0.0
2026-06-28,LOC-10,Coordinator,1,1.0,8.15,8.0,0.0
2026-07-08,LOC-10,Coordinator,1,1.0,7.96,8.0,0.0
2026-07-30,LOC-10,Coordinator,1,1.0,7.93,8.0,0.0
2025-08-19,LOC-05,Support Worker,2,2.0,15.850000000000001,16.0,0.0
2025-08-29,LOC-05,Support Worker,1,1.0,8.14,8.0,0.0
2025-09-09,LOC-05,Support Worker,2,2.0,17.75,16.0,1.0
2025-09-13,LOC-05,Support Worker,3,3.0,24.25,24.0,0.0
2025-09-19,LOC-05,Support Worker,1,1.0,7.95,8.0,0.0
2025-10-03,LOC-05,Support Worker,1,1.0,8.13,8.0,0.0
2025-10-04,LOC-05,Support Worker,3,3.0,24.049999999999997,24.0,0.0
2025-10-17,LOC-05,Support Worker,1,1.0,7.84,8.0,0.0
2025-11-14,LOC-05,Support Worker,1,1.0,7.91,8.0,0.0
2025-12-13,LOC-05,Support Worker,3,3.0,23.84,24.0,0.0
2026-01-09,LOC-05,Support Worker,1,1.0,8.24,8.0,0.0
2026-01-17,LOC-05,Support Worker,3,3.0,23.589999999999996,24.0,0.0
2026-01-22,LOC-05,Support Worker,4,4.0,35.17999999999999,32.0,2.0
2026-01-31,LOC-05,Support Worker,3,3.0,24.19,24.0,0.0
2026-02-13,LOC-05,Support Worker,1,1.0,7.96,8.0,0.0
2026-02-20,LOC-05,Support Worker,1,1.0,8.09,8.0,0.0
2026-02-28,LOC-05,Support Worker,3,3.0,24.21,24.0,0.0
2026-03-13,LOC-05,Support Worker,1,1.0,7.86,8.0,0.0
2026-03-14,LOC-05,Support Worker,3,3.0,23.869999999999997,24.0,0.0
2026-03-21,LOC-05,Support Worker,3,3.0,28.14,28.0,0.0
2026-03-27,LOC-05,Support Worker,1,1.0,7.96,8.0,0.0
2026-04-03,LOC-05,Support Worker,1,1.0,8.07,8.0,0.0
2026-04-18,LOC-05,Support Worker,3,3.0,25.43,24.0,1.0
2026-05-02,LOC-05,Support Worker,3,3.0,25.85,26.0,0.0
2026-05-05,LOC-05,Support Worker,2,2.0,15.77,16.0,0.0
2026-05-30,LOC-05,Support Worker,3,3.0,24.2,24.0,0.0
2026-06-19,LOC-05,Support Worker,1,1.0,7.99,8.0,0.0
2026-07-04,LOC-05,Support Worker,3,3.0,25.83,24.0,1.0
2026-07-09,LOC-05,Support Worker,4,4.0,35.61,36.0,0.0
2026-07-11,LOC-05,Support Worker,3,3.0,26.919999999999998,26.0,1.0
2026-07-24,LOC-05,Support Worker,1,1.0,8.06,8.0,0.0
2026-07-25,LOC-05,Support Worker,3,3.0,23.759999999999998,24.0,0.0
2025-08-01,LOC-08,Support Worker,3,3.0,26.590000000000003,26.0,1.0
2025-08-13,LOC-08,Support Worker,6,6.0,49.89,48.0,1.0
2025-08-20,LOC-08,Support Worker,5,4.0,33.75,42.0,0.0
2025-09-24,LOC-08,Support Worker,6,6.0,47.31,48.0,0.0
2025-10-01,LOC-08,Support Worker,6,6.0,47.95,48.0,0.0
2025-10-15,LOC-08,Support Worker,6,6.0,50.22,50.0,0.0
2025-11-05,LOC-08,Support Worker,6,5.0,39.83,48.0,0.0
2025-11-12,LOC-08,Support Worker,6,5.0,46.93,52.0,1.0
2025-12-03,LOC-08,Support Worker,6,6.0,49.88,48.0,1.0
2025-12-10,LOC-08,Support Worker,6,6.0,55.59,54.0,1.0
2026-01-28,LOC-08,Support Worker,5,5.0,39.599999999999994,40.0,0.0
2026-01-30,LOC-08,Support Worker,2,2.0,15.94,16.0,0.0
2026-03-04,LOC-08,Support Worker,6,6.0,52.379999999999995,50.0,2.0
2026-03-20,LOC-08,Support Worker,3,3.0,24.169999999999998,24.0,0.0
2026-05-27,LOC-08,Support Worker,6,6.0,48.08,48.0,0.0
2026-06-26,LOC-08,Support Worker,3,3.0,25.71,24.0,1.0
2026-07-16,LOC-08,Support Worker,7,7.0,56.46999999999999,56.0,0.0
2025-09-10,LOC-09,Support Worker,2,2.0,15.799999999999999,16.0,0.0
2025-09-17,LOC-09,Support Worker,2,2.0,15.690000000000001,16.0,0.0
2025-09-24,LOC-09,Support Worker,3,3.0,24.09,24.0,0.0
2025-10-01,LOC-09,Support Worker,3,3.0,28.050000000000004,24.0,2.0
2025-11-12,LOC-09,Support Worker,2,1.0,8.18,16.0,0.0
2026-02-11,LOC-09,Support Worker,3,3.0,24.490000000000002,24.0,0.0
2026-03-25,LOC-09,Support Worker,3,3.0,25.9,24.0,1.0
2026-06-10,LOC-09,Support Worker,3,3.0,25.93,26.0,0.0
2026-07-01,LOC-09,Support Worker,3,3.0,24.78,24.0,1.0
2026-07-15,LOC-09,Support Worker,2,1.0,8.2,16.0,0.0
2025-08-07,LOC-01,Coordinator,1,1.0,8.15,8.0,0.0
2025-08-28,LOC-01,Coordinator,1,1.0,8.29,8.0,0.0
2025-09-04,LOC-01,Coordinator,1,1.0,8.23,8.0,0.0
2025-12-25,LOC-01,Coordinator,1,1.0,8.0,8.0,0.0
2026-01-29,LOC-01,Coordinator,1,1.0,7.98,8.0,0.0
2026-04-02,LOC-01,Coordinator,1,1.0,7.94,8.0,0.0
2026-05-14,LOC-01,Coordinator,1,1.0,7.93,8.0,0.0
2026-07-02,LOC-01,Coordinator,1,1.0,8.19,8.0,0.0
2026-01-30,LOC-05,Allied Health Clinician,1,1.0,8.17,8.0,0.0
2026-07-16,LOC-05,Allied Health Clinician,1,1.0,8.15,8.0,0.0
2025-10-16,LOC-03,Support Worker,1,1.0,8.02,8.0,0.0
2025-10-23,LOC-03,Support Worker,1,1.0,7.99,8.0,0.0
2025-11-06,LOC-03,Support Worker,1,1.0,8.01,8.0,0.0
2025-11-27,LOC-03,Support Worker,1,1.0,8.05,8.0,0.0
2026-01-29,LOC-03,Support Worker,1,1.0,7.95,8.0,0.0
2026-02-19,LOC-03,Support Worker,1,1.0,8.05,8.0,0.0
2026-03-17,LOC-03,Support Worker,1,1.0,8.31,8.0,0.0
2026-03-26,LOC-03,Support Worker,1,1.0,7.94,8.0,0.0
2026-05-28,LOC-03,Support Worker,1,0.0,0.0,8.0,0.0
2026-06-11,LOC-03,Support Worker,1,1.0,10.0,10.0,0.0
2026-07-23,LOC-03,Support Worker,1,1.0,10.32,8.0,1.0
2025-09-11,LOC-02,Support Worker,2,2.0,15.96,16.0,0.0
2025-09-18,LOC-02,Support Worker,1,1.0,7.74,8.0,0.0
2025-12-18,LOC-02,Support Worker,2,1.0,8.16,16.0,0.0
2025-12-25,LOC-02,Support Worker,2,2.0,16.27,16.0,0.0
2026-01-08,LOC-02,Support Worker,2,2.0,16.189999999999998,16.0,0.0
2026-02-05,LOC-02,Support Worker,2,2.0,17.17,16.0,1.0
2026-02-19,LOC-02,Support Worker,2,2.0,18.439999999999998,16.0,1.0
2026-04-02,LOC-02,Support Worker,2,2.0,16.03,16.0,0.0
2026-04-30,LOC-02,Support Worker,2,1.0,7.9,16.0,0.0
2026-05-07,LOC-02,Support Worker,2,2.0,17.200000000000003,16.0,1.0
2026-05-14,LOC-02,Support Worker,2,2.0,16.580000000000002,16.0,1.0
2026-06-25,LOC-02,Support Worker,2,2.0,15.54,16.0,0.0
2026-07-02,LOC-02,Support Worker,2,2.0,16.03,16.0,0.0
2026-07-23,LOC-02,Support Worker,2,2.0,18.19,18.0,0.0
2026-06-17,LOC-08,Support Worker,4,4.0,32.36,32.0,0.0
2026-07-29,LOC-08,Support Worker,5,5.0,42.93,42.0,1.0
2025-08-16,LOC-10,Support Worker,5,5.0,44.699999999999996,42.0,2.0
2025-09-03,LOC-10,Support Worker,4,4.0,33.6,32.0,1.0
2025-09-24,LOC-10,Support Worker,4,4.0,31.720000000000002,32.0,0.0
2025-10-18,LOC-10,Support Worker,4,4.0,33.99,34.0,0.0
2025-10-22,LOC-10,Support Worker,4,4.0,32.63,32.0,0.0
2025-10-29,LOC-10,Support Worker,3,3.0,24.4,24.0,0.0
2025-11-01,LOC-10,Support Worker,4,4.0,35.97,36.0,0.0
2025-11-05,LOC-10,Support Worker,3,3.0,25.950000000000003,26.0,0.0
2025-11-15,LOC-10,Support Worker,5,5.0,43.940000000000005,42.0,1.0
2025-11-22,LOC-10,Support Worker,3,3.0,24.139999999999997,24.0,0.0
2025-12-17,LOC-10,Support Worker,4,4.0,32.89,32.0,1.0
2025-12-24,LOC-10,Support Worker,3,3.0,23.78,24.0,0.0
2025-12-31,LOC-10,Support Worker,3,3.0,24.03,24.0,0.0
2026-01-03,LOC-10,Support Worker,4,4.0,31.83,32.0,0.0
2026-02-08,LOC-10,Support Worker,4,4.0,34.150000000000006,34.0,0.0
2026-02-11,LOC-10,Support Worker,4,4.0,34.14,34.0,0.0
2026-02-14,LOC-10,Support Worker,5,5.0,42.38,40.0,1.0
2026-02-22,LOC-10,Support Worker,4,4.0,36.519999999999996,34.0,1.0
2026-04-18,LOC-10,Support Worker,4,4.0,34.6,32.0,1.0
2026-05-03,LOC-10,Support Worker,4,4.0,37.47,34.0,3.0
2026-05-30,LOC-10,Support Worker,5,5.0,40.31,40.0,0.0
2026-06-03,LOC-10,Support Worker,4,4.0,31.47,32.0,0.0
2026-06-17,LOC-10,Support Worker,4,4.0,33.77,34.0,0.0
2026-07-08,LOC-10,Support Worker,3,3.0,26.35,24.0,1.0
2025-08-06,LOC-07,Allied Health Clinician,2,2.0,16.02,16.0,0.0
2025-08-11,LOC-07,Allied Health Clinician,2,2.0,15.899999999999999,16.0,0.0
2025-08-28,LOC-07,Allied Health Clinician,1,1.0,7.87,8.0,0.0
2025-09-10,LOC-07,Allied Health Clinician,2,2.0,15.85,16.0,0.0
2025-09-11,LOC-07,Allied Health Clinician,2,2.0,17.19,16.0,1.0
2025-09-21,LOC-07,Allied Health Clinician,1,1.0,7.99,8.0,0.0
2025-09-28,LOC-07,Allied Health Clinician,1,1.0,8.01,8.0,0.0
2025-09-29,LOC-07,Allied Health Clinician,2,2.0,15.919999999999998,16.0,0.0
2025-10-16,LOC-07,Allied Health Clinician,1,1.0,8.01,8.0,0.0
2025-10-30,LOC-07,Allied Health Clinician,2,2.0,15.77,16.0,0.0
2025-11-10,LOC-07,Allied Health Clinician,2,2.0,19.93,18.0,1.0
2025-12-04,LOC-07,Allied Health Clinician,2,2.0,15.48,16.0,0.0
2025-12-07,LOC-07,Allied Health Clinician,1,0.0,0.0,8.0,0.0
2025-12-11,LOC-07,Allied Health Clinician,2,2.0,15.73,16.0,0.0
2025-12-15,LOC-07,Allied Health Clinician,2,2.0,16.06,16.0,0.0
2025-12-29,LOC-07,Allied Health Clinician,2,2.0,16.369999999999997,16.0,0.0
2026-01-07,LOC-07,Allied Health Clinician,2,2.0,18.17,18.0,0.0
2026-01-12,LOC-07,Allied Health Clinician,1,1.0,10.01,10.0,0.0
2026-01-13,LOC-07,Allied Health Clinician,1,1.0,8.1,8.0,0.0
2026-01-19,LOC-07,Allied Health Clinician,2,2.0,16.22,16.0,0.0
2026-01-22,LOC-07,Allied Health Clinician,2,2.0,18.08,18.0,0.0
2026-01-25,LOC-07,Allied Health Clinician,1,1.0,8.07,8.0,0.0
2026-01-27,LOC-07,Allied Health Clinician,1,1.0,7.71,8.0,0.0
2026-02-05,LOC-07,Allied Health Clinician,2,2.0,16.06,16.0,0.0
2026-02-08,LOC-07,Allied Health Clinician,1,1.0,10.02,10.0,0.0
2026-02-09,LOC-07,Allied Health Clinician,2,1.0,8.68,16.0,1.0
2026-02-16,LOC-07,Allied Health Clinician,2,2.0,15.93,16.0,0.0
2026-02-17,LOC-07,Allied Health Clinician,1,1.0,8.06,8.0,0.0
2026-02-23,LOC-07,Allied Health Clinician,2,2.0,16.189999999999998,16.0,0.0
2026-03-01,LOC-07,Allied Health Clinician,1,1.0,8.26,8.0,0.0
2026-03-03,LOC-07,Allied Health Clinician,1,1.0,7.92,8.0,0.0
2026-03-04,LOC-07,Allied Health Clinician,2,2.0,18.08,18.0,0.0
2026-03-19,LOC-07,Allied Health Clinician,2,2.0,18.66,16.0,1.0
2026-03-29,LOC-07,Allied Health Clinician,1,1.0,7.93,8.0,0.0
2026-04-20,LOC-07,Allied Health Clinician,2,2.0,18.37,16.0,2.0
2026-04-27,LOC-07,Allied Health Clinician,2,2.0,15.969999999999999,16.0,0.0
2026-05-07,LOC-07,Allied Health Clinician,2,2.0,15.98,16.0,0.0
2026-05-19,LOC-07,Allied Health Clinician,1,1.0,7.82,8.0,0.0
2026-05-25,LOC-07,Allied Health Clinician,2,2.0,15.990000000000002,16.0,0.0
2026-05-26,LOC-07,Allied Health Clinician,1,1.0,8.19,8.0,0.0
2026-05-27,LOC-07,Allied Health Clinician,2,2.0,15.58,16.0,0.0
2026-05-28,LOC-07,Allied Health Clinician,2,2.0,15.96,16.0,0.0
2026-06-01,LOC-07,Allied Health Clinician,2,2.0,18.25,18.0,0.0
2026-06-02,LOC-07,Allied Health Clinician,1,1.0,8.02,8.0,0.0
2026-06-03,LOC-07,Allied Health Clinician,2,2.0,15.870000000000001,16.0,0.0
2026-06-07,LOC-07,Allied Health Clinician,1,1.0,10.71,8.0,1.0
2026-06-09,LOC-07,Allied Health Clinician,1,1.0,10.95,8.0,1.0
2026-06-10,LOC-07,Allied Health Clinician,2,2.0,16.1,16.0,0.0
2026-06-11,LOC-07,Allied Health Clinician,2,1.0,7.81,16.0,0.0
2026-06-16,LOC-07,Allied Health Clinician,1,1.0,8.2,8.0,0.0
2026-06-25,LOC-07,Allied Health Clinician,2,2.0,15.98,16.0,0.0
2026-07-06,LOC-07,Allied Health Clinician,1,1.0,8.09,8.0,0.0
2026-07-09,LOC-07,Allied Health Clinician,2,2.0,17.84,18.0,0.0
2026-07-13,LOC-07,Allied Health Clinician,2,2.0,16.27,16.0,0.0
2026-07-14,LOC-07,Allied Health Clinician,1,1.0,8.09,8.0,0.0
2026-07-20,LOC-07,Allied Health Clinician,1,1.0,7.95,8.0,0.0
2026-07-26,LOC-07,Allied Health Clinician,1,1.0,8.08,8.0,0.0
2026-07-27,LOC-07,Allied Health Clinician,2,2.0,15.81,16.0,0.0
2025-08-03,LOC-02,Allied Health Clinician,1,1.0,9.59,8.0,1.0
2025-08-05,LOC-02,Allied Health Clinician,1,1.0,7.86,8.0,0.0
2025-08-09,LOC-02,Allied Health Clinician,1,1.0,8.0,8.0,0.0
2025-08-12,LOC-02,Allied Health Clinician,1,1.0,11.63,10.0,1.0
2025-08-16,LOC-02,Allied Health Clinician,1,1.0,7.82,8.0,0.0
2025-08-19,LOC-02,Allied Health Clinician,1,1.0,8.17,8.0,0.0
2025-08-27,LOC-02,Allied Health Clinician,1,1.0,8.17,8.0,0.0
2025-09-07,LOC-02,Allied Health Clinician,1,1.0,8.27,8.0,0.0
2025-09-09,LOC-02,Allied Health Clinician,1,1.0,9.75,10.0,0.0
2025-09-16,LOC-02,Allied Health Clinician,1,1.0,10.04,10.0,0.0
2025-09-17,LOC-02,Allied Health Clinician,1,1.0,8.04,8.0,0.0
2025-09-24,LOC-02,Allied Health Clinician,1,1.0,8.19,8.0,0.0
2025-09-28,LOC-02,Allied Health Clinician,1,1.0,7.99,8.0,0.0
2025-10-15,LOC-02,Allied Health Clinician,1,1.0,8.21,8.0,0.0
2025-10-25,LOC-02,Allied Health Clinician,1,1.0,7.82,8.0,0.0
2025-10-28,LOC-02,Allied Health Clinician,1,1.0,8.79,8.0,1.0
2025-11-02,LOC-02,Allied Health Clinician,1,1.0,8.16,8.0,0.0
2025-11-26,LOC-02,Allied Health Clinician,1,1.0,7.99,8.0,0.0
2025-11-29,LOC-02,Allied Health Clinician,1,1.0,8.2,8.0,0.0
2025-12-06,LOC-02,Allied Health Clinician,1,1.0,7.93,8.0,0.0
2025-12-13,LOC-02,Allied Health Clinician,1,1.0,8.05,8.0,0.0
2025-12-17,LOC-02,Allied Health Clinician,1,1.0,8.1,8.0,0.0
2025-12-28,LOC-02,Allied Health Clinician,1,1.0,7.95,8.0,0.0
2026-01-07,LOC-02,Allied Health Clinician,1,1.0,8.2,8.0,0.0
2026-01-13,LOC-02,Allied Health Clinician,1,1.0,8.22,8.0,0.0
2026-01-14,LOC-02,Allied Health Clinician,1,1.0,8.1,8.0,0.0
2026-01-20,LOC-02,Allied Health Clinician,1,1.0,7.94,8.0,0.0
2026-01-27,LOC-02,Allied Health Clinician,1,1.0,7.84,8.0,0.0
2026-02-03,LOC-02,Allied Health Clinician,1,0.0,0.0,8.0,0.0
2026-02-10,LOC-02,Allied Health Clinician,1,1.0,8.05,8.0,0.0
2026-02-17,LOC-02,Allied Health Clinician,1,1.0,8.15,8.0,0.0
2026-02-18,LOC-02,Allied Health Clinician,1,1.0,8.14,8.0,0.0
2026-02-22,LOC-02,Allied Health Clinician,1,1.0,9.55,10.0,0.0
2026-03-07,LOC-02,Allied Health Clinician,1,1.0,8.25,8.0,0.0
2026-03-08,LOC-02,Allied Health Clinician,1,1.0,10.57,8.0,1.0
2026-03-18,LOC-02,Allied Health Clinician,1,1.0,8.14,8.0,0.0
2026-04-04,LOC-02,Allied Health Clinician,1,1.0,7.81,8.0,0.0
2026-04-07,LOC-02,Allied Health Clinician,1,1.0,8.09,8.0,0.0
2026-04-15,LOC-02,Allied Health Clinician,1,1.0,8.08,8.0,0.0
2026-04-16,LOC-02,Allied Health Clinician,1,1.0,8.25,8.0,0.0
2026-04-22,LOC-02,Allied Health Clinician,1,1.0,8.7,8.0,1.0
2026-04-29,LOC-02,Allied Health Clinician,1,1.0,7.68,8.0,0.0
2026-05-03,LOC-02,Allied Health Clinician,1,1.0,10.0,10.0,0.0
2026-05-10,LOC-02,Allied Health Clinician,1,1.0,8.24,8.0,0.0
2026-05-13,LOC-02,Allied Health Clinician,1,1.0,10.34,10.0,0.0
2026-05-19,LOC-02,Allied Health Clinician,1,1.0,8.16,8.0,0.0
2026-05-26,LOC-02,Allied Health Clinician,1,1.0,7.92,8.0,0.0
2026-06-10,LOC-02,Allied Health Clinician,1,1.0,8.04,8.0,0.0
2026-06-14,LOC-02,Allied Health Clinician,1,1.0,7.91,8.0,0.0
2026-06-16,LOC-02,Allied Health Clinician,1,1.0,7.87,8.0,0.0
2026-06-28,LOC-02,Allied Health Clinician,1,1.0,9.29,8.0,1.0
2026-07-11,LOC-02,Allied Health Clinician,1,1.0,8.42,8.0,0.0
2026-07-19,LOC-02,Allied Health Clinician,1,1.0,8.07,8.0,0.0
2026-07-22,LOC-02,Allied Health Clinician,1,1.0,8.04,8.0,0.0
2026-07-29,LOC-02,Allied Health Clinician,1,1.0,7.99,8.0,0.0
2025-08-02,LOC-09,Team Leader,1,1.0,8.06,8.0,0.0
2025-08-06,LOC-09,Team Leader,1,1.0,12.71,10.0,1.0
2025-08-13,LOC-09,Team Leader,1,1.0,7.78,8.0,0.0
2025-08-16,LOC-09,Team Leader,1,1.0,7.94,8.0,0.0
2025-09-28,LOC-09,Team Leader,1,0.0,0.0,8.0,0.0
2025-10-07,LOC-09,Team Leader,1,1.0,11.3,10.0,1.0
2025-10-18,LOC-09,Team Leader,1,1.0,7.95,8.0,0.0
2025-10-19,LOC-09,Team Leader,1,1.0,8.15,8.0,0.0
2025-10-29,LOC-09,Team Leader,1,1.0,9.49,8.0,1.0
2025-10-30,LOC-09,Team Leader,1,1.0,7.83,8.0,0.0
2025-11-02,LOC-09,Team Leader,1,1.0,8.05,8.0,0.0
2025-11-04,LOC-09,Team Leader,1,1.0,8.04,8.0,0.0
2025-11-05,LOC-09,Team Leader,1,1.0,8.16,8.0,0.0
2025-11-11,LOC-09,Team Leader,1,1.0,9.55,8.0,1.0
2025-11-18,LOC-09,Team Leader,1,1.0,7.77,8.0,0.0
2025-11-19,LOC-09,Team Leader,1,1.0,7.78,8.0,0.0
2025-11-20,LOC-09,Team Leader,1,1.0,7.99,8.0,0.0
2025-11-22,LOC-09,Team Leader,1,1.0,7.8,8.0,0.0
2025-11-26,LOC-09,Team Leader,1,1.0,8.08,8.0,0.0
2025-12-03,LOC-09,Team Leader,1,1.0,8.05,8.0,0.0
2025-12-09,LOC-09,Team Leader,1,1.0,9.36,8.0,1.0
2025-12-28,LOC-09,Team Leader,1,1.0,9.4,8.0,1.0
2026-01-21,LOC-09,Team Leader,1,1.0,8.03,8.0,0.0
2026-01-27,LOC-09,Team Leader,1,1.0,9.92,10.0,0.0
2026-01-28,LOC-09,Team Leader,1,1.0,7.99,8.0,0.0
2026-01-29,LOC-09,Team Leader,1,1.0,8.01,8.0,0.0
2026-02-01,LOC-09,Team Leader,1,1.0,7.85,8.0,0.0
2026-02-04,LOC-09,Team Leader,1,1.0,9.91,8.0,1.0
2026-02-05,LOC-09,Team Leader,1,1.0,8.0,8.0,0.0
2026-02-28,LOC-09,Team Leader,1,1.0,7.8,8.0,0.0
2026-03-01,LOC-09,Team Leader,1,1.0,7.8,8.0,0.0
2026-03-03,LOC-09,Team Leader,1,1.0,7.85,8.0,0.0
2026-03-04,LOC-09,Team Leader,1,1.0,7.78,8.0,0.0
2026-03-07,LOC-09,Team Leader,1,1.0,8.05,8.0,0.0
2026-03-11,LOC-09,Team Leader,1,1.0,10.04,10.0,0.0
2026-03-14,LOC-09,Team Leader,1,1.0,8.11,8.0,0.0
2026-03-28,LOC-09,Team Leader,1,1.0,7.6,8.0,0.0
2026-03-29,LOC-09,Team Leader,1,1.0,7.84,8.0,0.0
2026-04-09,LOC-09,Team Leader,1,1.0,8.23,8.0,0.0
2026-04-25,LOC-09,Team Leader,1,1.0,10.24,8.0,1.0
2026-04-29,LOC-09,Team Leader,1,1.0,7.81,8.0,0.0
2026-05-02,LOC-09,Team Leader,1,1.0,8.06,8.0,0.0
2026-05-03,LOC-09,Team Leader,1,1.0,8.12,8.0,0.0
2026-05-05,LOC-09,Team Leader,1,1.0,8.13,8.0,0.0
2026-05-06,LOC-09,Team Leader,1,1.0,7.94,8.0,0.0
2026-05-09,LOC-09,Team Leader,1,1.0,7.91,8.0,0.0
2026-05-14,LOC-09,Team Leader,1,1.0,10.19,10.0,0.0
2026-05-23,LOC-09,Team Leader,1,1.0,10.02,10.0,0.0
2026-05-24,LOC-09,Team Leader,1,1.0,7.9,8.0,0.0
2026-05-30,LOC-09,Team Leader,1,1.0,8.03,8.0,0.0
2026-06-03,LOC-09,Team Leader,1,1.0,8.06,8.0,0.0
2026-06-13,LOC-09,Team Leader,1,1.0,7.98,8.0,0.0
2026-06-18,LOC-09,Team Leader,1,1.0,7.73,8.0,0.0
2026-06-28,LOC-09,Team Leader,1,1.0,7.93,8.0,0.0
2026-07-04,LOC-09,Team Leader,1,1.0,8.11,8.0,0.0
2026-07-16,LOC-09,Team Leader,1,1.0,9.15,8.0,1.0
2026-07-18,LOC-09,Team Leader,1,1.0,7.92,8.0,0.0
2026-07-25,LOC-09,Team Leader,1,1.0,7.9,8.0,0.0
2026-06-21,LOC-08,Support Worker,2,2.0,16.0,16.0,0.0
2026-01-28,LOC-10,Support Worker,3,3.0,27.78,26.0,1.0
2026-01-31,LOC-10,Support Worker,4,4.0,31.910000000000004,32.0,0.0
2025-08-14,LOC-04,Support Worker,3,3.0,23.91,24.0,0.0
2025-08-28,LOC-04,Support Worker,3,3.0,23.49,24.0,0.0
2025-09-18,LOC-04,Support Worker,4,3.0,24.28,34.0,0.0
2025-11-06,LOC-04,Support Worker,4,4.0,36.21,36.0,0.0
2025-11-13,LOC-04,Support Worker,4,2.0,15.99,32.0,0.0
2025-11-27,LOC-04,Support Worker,4,4.0,33.97,32.0,1.0
2025-12-18,LOC-04,Support Worker,4,4.0,31.87,32.0,0.0
2026-01-08,LOC-04,Support Worker,4,4.0,34.32,34.0,0.0
2026-02-05,LOC-04,Support Worker,4,3.0,26.37,36.0,0.0
2026-02-12,LOC-04,Support Worker,4,4.0,32.01,32.0,0.0
2026-02-19,LOC-04,Support Worker,4,4.0,31.259999999999998,32.0,0.0
2026-04-23,LOC-04,Support Worker,4,3.0,24.16,32.0,0.0
2026-04-30,LOC-04,Support Worker,4,4.0,31.46,32.0,0.0
2026-07-02,LOC-04,Support Worker,4,3.0,26.75,34.0,1.0
2026-07-16,LOC-04,Support Worker,4,4.0,34.41,34.0,0.0
2026-07-23,LOC-04,Support Worker,4,3.0,24.19,32.0,0.0
2025-08-02,LOC-02,Coordinator,2,2.0,15.78,16.0,0.0
2025-08-06,LOC-02,Coordinator,2,2.0,16.16,16.0,0.0
2025-08-18,LOC-02,Coordinator,1,1.0,10.82,8.0,1.0
2025-08-23,LOC-02,Coordinator,2,2.0,16.09,16.0,0.0
2025-09-08,LOC-02,Coordinator,1,1.0,7.92,8.0,0.0
2025-09-15,LOC-02,Coordinator,1,1.0,7.99,8.0,0.0
2025-09-22,LOC-02,Coordinator,1,1.0,7.95,8.0,0.0
2025-09-27,LOC-02,Coordinator,2,2.0,16.28,16.0,0.0
2025-09-29,LOC-02,Coordinator,1,1.0,10.4,8.0,1.0
2025-10-11,LOC-02,Coordinator,2,2.0,18.19,18.0,0.0
2025-10-13,LOC-02,Coordinator,1,1.0,8.31,8.0,0.0
2025-10-18,LOC-02,Coordinator,2,2.0,15.67,16.0,0.0
2025-11-01,LOC-02,Coordinator,2,2.0,16.29,16.0,0.0
2025-11-12,LOC-02,Coordinator,2,2.0,16.06,16.0,0.0
2025-11-15,LOC-02,Coordinator,2,2.0,15.66,16.0,0.0
2025-11-17,LOC-02,Coordinator,1,1.0,7.72,8.0,0.0
2025-12-15,LOC-02,Coordinator,1,1.0,11.64,10.0,1.0
2025-12-20,LOC-02,Coordinator,2,2.0,16.16,16.0,0.0
2025-12-24,LOC-02,Coordinator,2,2.0,15.870000000000001,16.0,0.0
2025-12-29,LOC-02,Coordinator,1,0.0,0.0,8.0,0.0
2026-01-03,LOC-02,Coordinator,2,2.0,16.15,16.0,0.0
2026-01-05,LOC-02,Coordinator,1,1.0,9.79,10.0,0.0
2026-01-10,LOC-02,Coordinator,2,1.0,9.75,18.0,0.0
2026-01-19,LOC-02,Coordinator,1,1.0,9.94,10.0,0.0
2026-01-28,LOC-02,Coordinator,2,2.0,16.119999999999997,16.0,0.0
2026-02-02,LOC-02,Coordinator,1,1.0,10.95,8.0,1.0
2026-02-16,LOC-02,Coordinator,1,1.0,8.01,8.0,0.0
2026-02-28,LOC-02,Coordinator,2,2.0,15.86,16.0,0.0
2026-03-02,LOC-02,Coordinator,1,1.0,7.64,8.0,0.0
2026-03-09,LOC-02,Coordinator,1,1.0,7.98,8.0,0.0
2026-05-04,LOC-02,Coordinator,1,1.0,7.79,8.0,0.0
2026-05-09,LOC-02,Coordinator,2,2.0,18.270000000000003,18.0,0.0
2026-05-20,LOC-02,Coordinator,2,1.0,9.72,16.0,1.0
2026-05-23,LOC-02,Coordinator,2,2.0,16.01,16.0,0.0
2026-05-25,LOC-02,Coordinator,1,1.0,8.1,8.0,0.0
2026-06-08,LOC-02,Coordinator,1,0.0,0.0,10.0,0.0
2026-07-01,LOC-02,Coordinator,2,2.0,16.73,16.0,1.0
2026-07-27,LOC-02,Coordinator,1,1.0,7.92,8.0,0.0
2025-08-13,LOC-05,Team Leader,1,0.0,0.0,8.0,0.0
2025-10-01,LOC-05,Team Leader,1,1.0,8.1,8.0,0.0
2025-10-26,LOC-05,Team Leader,1,1.0,8.02,8.0,0.0
2025-11-02,LOC-05,Team Leader,1,1.0,8.05,8.0,0.0
2025-11-09,LOC-05,Team Leader,1,1.0,10.11,8.0,1.0
2025-12-07,LOC-05,Team Leader,1,1.0,9.83,10.0,0.0
2025-12-31,LOC-05,Team Leader,1,1.0,7.9,8.0,0.0
2026-01-14,LOC-05,Team Leader,1,1.0,7.93,8.0,0.0
2026-02-01,LOC-05,Team Leader,1,1.0,7.95,8.0,0.0
2026-02-22,LOC-05,Team Leader,1,1.0,7.96,8.0,0.0
2026-03-11,LOC-05,Team Leader,1,1.0,7.92,8.0,0.0
2026-03-18,LOC-05,Team Leader,1,1.0,7.91,8.0,0.0
2026-03-25,LOC-05,Team Leader,1,1.0,10.02,8.0,1.0
2026-04-01,LOC-05,Team Leader,1,1.0,7.96,8.0,0.0
2026-04-19,LOC-05,Team Leader,1,1.0,7.81,8.0,0.0
2026-04-26,LOC-05,Team Leader,1,1.0,10.04,10.0,0.0
2026-04-29,LOC-05,Team Leader,1,1.0,7.92,8.0,0.0
2025-08-20,LOC-05,Support Worker,2,2.0,18.03,18.0,0.0
2025-08-27,LOC-05,Support Worker,2,2.0,16.0,16.0,0.0
2025-09-03,LOC-05,Support Worker,2,2.0,15.86,16.0,0.0
2025-09-10,LOC-05,Support Worker,2,2.0,18.189999999999998,18.0,0.0
2025-10-08,LOC-05,Support Worker,2,2.0,16.12,16.0,0.0
2025-11-26,LOC-05,Support Worker,2,2.0,15.79,16.0,0.0
2026-01-21,LOC-05,Support Worker,2,2.0,19.14,16.0,1.0
2026-02-11,LOC-05,Support Worker,2,2.0,17.79,18.0,0.0
2026-02-25,LOC-05,Support Worker,2,2.0,16.25,16.0,0.0
2026-04-08,LOC-05,Support Worker,2,2.0,16.18,16.0,0.0
2026-04-15,LOC-05,Support Worker,2,2.0,17.87,18.0,0.0
2026-05-06,LOC-05,Support Worker,2,2.0,18.3,16.0,1.0
2026-06-03,LOC-05,Support Worker,2,2.0,16.72,16.0,1.0
2026-06-10,LOC-05,Support Worker,2,2.0,17.770000000000003,16.0,1.0
2026-06-24,LOC-05,Support Worker,2,2.0,20.06,20.0,0.0
2026-07-08,LOC-05,Support Worker,2,2.0,16.15,16.0,0.0
2026-05-14,LOC-10,Support Worker,1,1.0,7.94,8.0,0.0
2026-06-11,LOC-10,Support Worker,2,2.0,15.96,16.0,0.0
2026-06-18,LOC-10,Support Worker,2,2.0,16.490000000000002,16.0,0.0
2025-08-01,LOC-07,Support Worker,4,4.0,31.78,32.0,0.0
2025-08-02,LOC-07,Support Worker,1,1.0,8.11,8.0,0.0
2025-08-16,LOC-07,Support Worker,1,1.0,8.01,8.0,0.0
2025-08-23,LOC-07,Support Worker,1,1.0,10.41,8.0,1.0
2025-08-30,LOC-07,Support Worker,1,1.0,10.92,8.0,1.0
2025-09-05,LOC-07,Support Worker,3,2.0,16.33,24.0,0.0
2025-09-19,LOC-07,Support Worker,4,4.0,34.18,34.0,0.0
2025-10-24,LOC-07,Support Worker,4,4.0,32.15,32.0,0.0
2025-10-25,LOC-07,Support Worker,1,1.0,7.93,8.0,0.0
2025-10-31,LOC-07,Support Worker,4,4.0,37.16,36.0,1.0
2025-12-20,LOC-07,Support Worker,1,1.0,8.12,8.0,0.0
2026-01-23,LOC-07,Support Worker,4,4.0,33.660000000000004,34.0,0.0
2026-01-30,LOC-07,Support Worker,3,3.0,23.97,24.0,0.0
2026-02-21,LOC-07,Support Worker,1,1.0,7.87,8.0,0.0
2026-02-27,LOC-07,Support Worker,4,4.0,34.5,32.0,2.0
2026-02-28,LOC-07,Support Worker,1,1.0,9.19,8.0,1.0
2026-05-09,LOC-07,Support Worker,1,1.0,10.0,10.0,0.0
2026-06-06,LOC-07,Support Worker,1,1.0,7.88,8.0,0.0
2026-06-12,LOC-07,Support Worker,4,4.0,31.96,32.0,0.0
2026-07-04,LOC-07,Support Worker,1,1.0,7.73,8.0,0.0
2026-07-18,LOC-07,Support Worker,1,1.0,7.9,8.0,0.0
2025-08-18,LOC-04,Support Worker,3,3.0,25.47,26.0,0.0
2025-08-25,LOC-04,Support Worker,3,3.0,29.839999999999996,28.0,1.0
2025-09-22,LOC-04,Support Worker,3,3.0,25.83,26.0,0.0
2025-10-06,LOC-04,Support Worker,3,3.0,26.060000000000002,26.0,0.0
2025-11-03,LOC-04,Support Worker,3,3.0,28.75,26.0,1.0
2025-11-17,LOC-04,Support Worker,3,2.0,15.56,26.0,0.0
2025-12-15,LOC-04,Support Worker,3,3.0,24.96,24.0,1.0
2026-02-09,LOC-04,Support Worker,3,3.0,27.92,26.0,1.0
2026-03-16,LOC-04,Support Worker,3,3.0,24.15,24.0,0.0
2026-06-08,LOC-04,Support Worker,3,3.0,23.759999999999998,24.0,0.0
2026-07-06,LOC-04,Support Worker,3,3.0,24.060000000000002,24.0,0.0
2025-08-24,LOC-04,Support Worker,3,3.0,24.089999999999996,24.0,0.0
2025-10-26,LOC-04,Support Worker,3,3.0,26.07,26.0,0.0
2025-11-23,LOC-04,Support Worker,3,3.0,26.340000000000003,24.0,1.0
2026-01-25,LOC-04,Support Worker,3,3.0,24.919999999999995,24.0,1.0
2026-02-15,LOC-04,Support Worker,3,3.0,26.02,26.0,0.0
2026-05-03,LOC-04,Support Worker,2,2.0,15.52,16.0,0.0
2026-05-31,LOC-04,Support Worker,3,3.0,23.740000000000002,24.0,0.0
2026-06-21,LOC-04,Support Worker,3,3.0,28.15,28.0,0.0
2026-06-23,LOC-08,Support Worker,3,3.0,24.25,24.0,0.0
2026-06-24,LOC-08,Support Worker,4,4.0,32.44,32.0,0.0
2025-08-10,LOC-03,Team Leader,3,3.0,26.28,24.0,2.0
2025-08-17,LOC-03,Team Leader,3,3.0,26.130000000000003,26.0,0.0
2025-08-20,LOC-03,Team Leader,4,4.0,32.12,32.0,0.0
2025-08-24,LOC-03,Team Leader,3,3.0,24.199999999999996,24.0,0.0
2025-08-27,LOC-03,Team Leader,5,5.0,41.93000000000001,42.0,0.0
2025-08-30,LOC-03,Team Leader,3,3.0,26.46,24.0,1.0
2025-09-03,LOC-03,Team Leader,5,5.0,43.29,40.0,1.0
2025-09-10,LOC-03,Team Leader,5,5.0,42.17,40.0,1.0
2025-09-21,LOC-03,Team Leader,3,3.0,23.97,24.0,0.0
2025-09-22,LOC-03,Team Leader,2,1.0,8.17,16.0,0.0
2025-09-23,LOC-03,Team Leader,4,4.0,31.940000000000005,32.0,0.0
2025-10-08,LOC-03,Team Leader,4,4.0,36.23,34.0,1.0
2025-10-11,LOC-03,Team Leader,3,3.0,25.990000000000002,26.0,0.0
2025-10-13,LOC-03,Team Leader,3,3.0,28.63,26.0,1.0
2025-10-21,LOC-03,Team Leader,4,4.0,31.96,32.0,0.0
2025-11-02,LOC-03,Team Leader,3,3.0,26.2,26.0,0.0
2025-11-12,LOC-03,Team Leader,4,4.0,35.269999999999996,34.0,1.0
2025-11-16,LOC-03,Team Leader,3,3.0,27.67,26.0,1.0
2025-12-02,LOC-03,Team Leader,3,3.0,26.019999999999996,26.0,0.0
2025-12-08,LOC-03,Team Leader,3,3.0,24.009999999999998,24.0,0.0
2025-12-16,LOC-03,Team Leader,3,3.0,28.160000000000004,24.0,2.0
2025-12-28,LOC-03,Team Leader,2,2.0,18.009999999999998,18.0,0.0
2025-12-31,LOC-03,Team Leader,4,4.0,31.98,32.0,0.0
2026-01-07,LOC-03,Team Leader,5,5.0,40.7,40.0,0.0
2026-01-13,LOC-03,Team Leader,3,2.0,16.2,24.0,0.0
2026-01-17,LOC-03,Team Leader,3,3.0,23.84,24.0,0.0
2026-01-20,LOC-03,Team Leader,4,3.0,24.15,32.0,0.0
2026-01-26,LOC-03,Team Leader,3,3.0,23.839999999999996,24.0,0.0
2026-02-04,LOC-03,Team Leader,4,4.0,31.25,32.0,0.0
2026-02-07,LOC-03,Team Leader,2,2.0,15.9,16.0,0.0
2026-02-09,LOC-03,Team Leader,3,3.0,25.740000000000002,26.0,0.0
2026-02-15,LOC-03,Team Leader,3,3.0,26.779999999999998,26.0,1.0
2026-02-17,LOC-03,Team Leader,3,3.0,26.65,26.0,0.0
2026-02-24,LOC-03,Team Leader,4,4.0,33.84,34.0,0.0
2026-03-10,LOC-03,Team Leader,4,4.0,32.49,32.0,1.0
2026-03-11,LOC-03,Team Leader,4,4.0,32.04,32.0,0.0
2026-03-14,LOC-03,Team Leader,3,3.0,24.019999999999996,24.0,0.0
2026-03-18,LOC-03,Team Leader,5,5.0,39.730000000000004,40.0,0.0
2026-03-22,LOC-03,Team Leader,3,3.0,27.619999999999997,26.0,1.0
2026-03-23,LOC-03,Team Leader,3,2.0,16.1,24.0,0.0
2026-03-24,LOC-03,Team Leader,2,1.0,8.05,16.0,0.0
2026-03-28,LOC-03,Team Leader,3,3.0,26.580000000000002,24.0,1.0
2026-04-05,LOC-03,Team Leader,3,3.0,24.0,24.0,0.0
2026-04-06,LOC-03,Team Leader,3,3.0,24.589999999999996,24.0,0.0
2026-04-15,LOC-03,Team Leader,5,5.0,41.72,40.0,1.0
2026-04-25,LOC-03,Team Leader,3,3.0,24.05,24.0,0.0
2026-05-02,LOC-03,Team Leader,3,3.0,26.049999999999997,26.0,0.0
2026-05-04,LOC-03,Team Leader,3,3.0,24.310000000000002,24.0,1.0
2026-05-10,LOC-03,Team Leader,3,3.0,26.869999999999997,24.0,1.0
2026-05-17,LOC-03,Team Leader,3,3.0,25.77,24.0,1.0
2026-05-27,LOC-03,Team Leader,4,4.0,31.91,32.0,0.0
2026-05-30,LOC-03,Team Leader,3,3.0,23.48,24.0,0.0
2026-06-02,LOC-03,Team Leader,4,4.0,31.699999999999996,32.0,0.0
2026-06-20,LOC-03,Team Leader,3,3.0,23.69,24.0,0.0
2026-06-23,LOC-03,Team Leader,4,4.0,32.15,32.0,0.0
2026-06-24,LOC-03,Team Leader,5,5.0,40.38,40.0,0.0
2026-07-05,LOC-03,Team Leader,3,3.0,24.130000000000003,24.0,0.0
2026-07-08,LOC-03,Team Leader,5,4.0,34.65,40.0,1.0
2026-07-11,LOC-03,Team Leader,2,2.0,16.0,16.0,0.0
2026-07-14,LOC-03,Team Leader,4,4.0,34.42,34.0,0.0
2026-07-26,LOC-03,Team Leader,3,3.0,26.07,26.0,0.0
2025-08-08,LOC-03,Team Leader,4,4.0,32.04,32.0,0.0
2025-08-29,LOC-03,Team Leader,4,4.0,31.93,32.0,0.0
2025-09-05,LOC-03,Team Leader,4,4.0,31.770000000000003,32.0,0.0
2025-10-17,LOC-03,Team Leader,4,4.0,35.06,34.0,1.0
2025-11-07,LOC-03,Team Leader,4,4.0,31.809999999999995,32.0,0.0
2025-11-21,LOC-03,Team Leader,4,3.0,26.189999999999998,34.0,0.0
2025-11-28,LOC-03,Team Leader,4,4.0,31.200000000000003,32.0,0.0
2025-12-05,LOC-03,Team Leader,3,3.0,23.89,24.0,0.0
2026-02-06,LOC-03,Team Leader,4,4.0,31.82,32.0,0.0
2026-02-27,LOC-03,Team Leader,4,4.0,34.4,34.0,0.0
2026-05-15,LOC-03,Team Leader,4,4.0,31.72,32.0,0.0
2025-08-07,LOC-10,Allied Health Clinician,1,1.0,8.17,8.0,0.0
2025-08-21,LOC-10,Allied Health Clinician,1,1.0,8.1,8.0,0.0
2025-10-23,LOC-10,Allied Health Clinician,1,1.0,7.92,8.0,0.0
2025-11-06,LOC-10,Allied Health Clinician,1,1.0,8.21,8.0,0.0
2025-11-20,LOC-10,Allied Health Clinician,1,1.0,7.98,8.0,0.0
2026-02-12,LOC-10,Allied Health Clinician,1,1.0,8.24,8.0,0.0
2026-02-26,LOC-10,Allied Health Clinician,1,1.0,8.13,8.0,0.0
2026-03-05,LOC-10,Allied Health Clinician,1,1.0,8.31,8.0,0.0
2026-03-19,LOC-10,Allied Health Clinician,1,1.0,8.24,8.0,0.0
2026-04-02,LOC-10,Allied Health Clinician,1,1.0,7.81,8.0,0.0
2026-04-09,LOC-10,Allied Health Clinician,1,1.0,8.18,8.0,0.0
2026-05-21,LOC-10,Allied Health Clinician,1,1.0,7.78,8.0,0.0
2026-06-25,LOC-10,Allied Health Clinician,1,1.0,8.26,8.0,0.0
2025-08-14,LOC-09,Coordinator,2,1.0,8.14,16.0,0.0
2025-08-21,LOC-09,Coordinator,2,2.0,18.22,18.0,0.0
2025-08-28,LOC-09,Coordinator,2,2.0,17.86,16.0,1.0
2025-08-31,LOC-09,Coordinator,1,1.0,7.75,8.0,0.0
2025-09-14,LOC-09,Coordinator,1,1.0,8.03,8.0,0.0
2025-09-21,LOC-09,Coordinator,1,1.0,8.05,8.0,0.0
2025-10-05,LOC-09,Coordinator,1,1.0,10.29,8.0,1.0
2025-10-12,LOC-09,Coordinator,1,1.0,7.99,8.0,0.0
2025-11-09,LOC-09,Coordinator,1,1.0,8.2,8.0,0.0
2025-11-23,LOC-09,Coordinator,1,1.0,7.99,8.0,0.0
2026-01-08,LOC-09,Coordinator,2,2.0,17.89,18.0,0.0
2026-01-18,LOC-09,Coordinator,1,1.0,7.93,8.0,0.0
2026-01-25,LOC-09,Coordinator,1,1.0,8.14,8.0,0.0
2026-03-05,LOC-09,Coordinator,2,2.0,15.71,16.0,0.0
2026-03-15,LOC-09,Coordinator,1,1.0,8.04,8.0,0.0
2026-03-19,LOC-09,Coordinator,2,2.0,15.870000000000001,16.0,0.0
2026-04-02,LOC-09,Coordinator,2,2.0,18.07,18.0,0.0
2026-04-16,LOC-09,Coordinator,1,1.0,7.99,8.0,0.0
2026-04-23,LOC-09,Coordinator,2,2.0,17.68,18.0,0.0
2026-05-07,LOC-09,Coordinator,2,2.0,17.630000000000003,18.0,0.0
2026-05-21,LOC-09,Coordinator,2,2.0,15.95,16.0,0.0
2026-06-11,LOC-09,Coordinator,2,2.0,16.119999999999997,16.0,0.0
2026-07-23,LOC-09,Coordinator,2,2.0,15.620000000000001,16.0,0.0
2026-07-30,LOC-09,Coordinator,2,2.0,16.09,16.0,0.0
2025-08-14,LOC-07,Support Worker,2,2.0,16.1,16.0,0.0
2025-09-18,LOC-07,Support Worker,2,2.0,15.86,16.0,0.0
2025-09-25,LOC-07,Support Worker,2,1.0,10.12,18.0,0.0
2025-11-06,LOC-07,Support Worker,2,2.0,16.15,16.0,0.0
2025-11-27,LOC-07,Support Worker,2,2.0,16.28,16.0,0.0
2025-12-12,LOC-07,Support Worker,3,3.0,23.97,24.0,0.0
2025-12-25,LOC-07,Support Worker,2,2.0,15.98,16.0,0.0
2026-01-08,LOC-07,Support Worker,2,2.0,18.09,18.0,0.0
2026-04-16,LOC-07,Support Worker,1,1.0,8.85,8.0,1.0
2026-04-23,LOC-07,Support Worker,2,2.0,15.809999999999999,16.0,0.0
2026-07-16,LOC-07,Support Worker,2,2.0,16.04,16.0,0.0
2025-08-16,LOC-06,Support Worker,1,1.0,7.91,8.0,0.0
2025-10-04,LOC-06,Support Worker,1,1.0,8.01,8.0,0.0
2025-11-19,LOC-06,Support Worker,1,1.0,7.99,8.0,0.0
2025-11-22,LOC-06,Support Worker,1,1.0,8.28,8.0,0.0
2025-12-20,LOC-06,Support Worker,1,1.0,8.06,8.0,0.0
2026-01-24,LOC-06,Support Worker,1,1.0,9.6,8.0,1.0
2026-02-21,LOC-06,Support Worker,1,1.0,9.25,8.0,1.0
2026-02-22,LOC-06,Support Worker,1,1.0,7.84,8.0,0.0
2026-05-23,LOC-06,Support Worker,1,1.0,7.99,8.0,0.0
2025-08-31,LOC-09,Support Worker,3,3.0,25.520000000000003,24.0,1.0
2025-09-14,LOC-09,Support Worker,2,1.0,8.03,16.0,0.0
2025-09-21,LOC-09,Support Worker,3,3.0,25.919999999999998,26.0,0.0
2025-10-05,LOC-09,Support Worker,3,3.0,23.369999999999997,24.0,0.0
2025-10-10,LOC-09,Support Worker,3,3.0,25.76,24.0,1.0
2025-10-12,LOC-09,Support Worker,2,2.0,15.95,16.0,0.0
2025-10-17,LOC-09,Support Worker,2,2.0,18.68,18.0,1.0
2025-11-09,LOC-09,Support Worker,2,2.0,15.78,16.0,0.0
2025-11-23,LOC-09,Support Worker,3,3.0,25.91,26.0,0.0
2026-01-18,LOC-09,Support Worker,3,3.0,26.33,26.0,0.0
2026-01-25,LOC-09,Support Worker,3,3.0,25.97,26.0,0.0
2026-03-15,LOC-09,Support Worker,3,3.0,25.759999999999998,26.0,0.0
2026-03-22,LOC-09,Support Worker,3,3.0,23.810000000000002,24.0,0.0
2026-06-21,LOC-09,Support Worker,3,3.0,23.9,24.0,0.0
2025-08-02,LOC-04,Team Leader,1,1.0,7.97,8.0,0.0
2025-08-05,LOC-04,Team Leader,1,1.0,8.2,8.0,0.0
2025-08-06,LOC-04,Team Leader,1,1.0,7.91,8.0,0.0
2025-08-11,LOC-04,Team Leader,1,1.0,8.03,8.0,0.0
2025-09-08,LOC-04,Team Leader,1,1.0,9.94,8.0,1.0
2025-09-09,LOC-04,Team Leader,1,1.0,8.1,8.0,0.0
2025-09-13,LOC-04,Team Leader,1,1.0,9.97,10.0,0.0
2025-09-15,LOC-04,Team Leader,1,1.0,10.06,8.0,1.0
2025-09-17,LOC-04,Team Leader,1,1.0,10.91,8.0,1.0
2025-09-20,LOC-04,Team Leader,1,1.0,8.26,8.0,0.0
2025-10-15,LOC-04,Team Leader,1,1.0,10.44,10.0,0.0
2025-10-17,LOC-04,Team Leader,1,1.0,7.93,8.0,0.0
2025-10-21,LOC-04,Team Leader,1,1.0,10.21,8.0,1.0
2025-10-24,LOC-04,Team Leader,1,1.0,8.1,8.0,0.0
2025-10-28,LOC-04,Team Leader,1,0.0,0.0,8.0,0.0
2025-10-29,LOC-04,Team Leader,1,1.0,10.27,10.0,0.0
2025-11-01,LOC-04,Team Leader,1,1.0,7.9,8.0,0.0
2025-11-04,LOC-04,Team Leader,1,1.0,8.92,8.0,1.0
2025-11-25,LOC-04,Team Leader,1,1.0,8.09,8.0,0.0
2025-11-26,LOC-04,Team Leader,1,1.0,7.88,8.0,0.0
2025-11-28,LOC-04,Team Leader,1,1.0,7.87,8.0,0.0
2025-12-01,LOC-04,Team Leader,1,0.0,0.0,8.0,0.0
2025-12-03,LOC-04,Team Leader,1,1.0,8.08,8.0,0.0
2025-12-29,LOC-04,Team Leader,1,1.0,8.06,8.0,0.0
2026-01-05,LOC-04,Team Leader,1,1.0,8.08,8.0,0.0
2026-01-12,LOC-04,Team Leader,1,1.0,10.29,8.0,1.0
2026-01-13,LOC-04,Team Leader,1,1.0,10.11,10.0,0.0
2026-01-23,LOC-04,Team Leader,1,1.0,8.11,8.0,0.0
2026-02-06,LOC-04,Team Leader,1,1.0,8.03,8.0,0.0
2026-02-24,LOC-04,Team Leader,1,1.0,7.98,8.0,0.0
2026-03-03,LOC-04,Team Leader,1,1.0,7.73,8.0,0.0
2026-03-17,LOC-04,Team Leader,1,1.0,7.92,8.0,0.0
2026-03-21,LOC-04,Team Leader,1,1.0,7.86,8.0,0.0
2026-03-25,LOC-04,Team Leader,1,1.0,7.97,8.0,0.0
2026-04-11,LOC-04,Team Leader,1,1.0,8.03,8.0,0.0
2026-04-14,LOC-04,Team Leader,1,1.0,8.21,8.0,0.0
2026-04-15,LOC-04,Team Leader,1,1.0,10.15,10.0,0.0
2026-04-17,LOC-04,Team Leader,1,1.0,8.03,8.0,0.0
2026-04-20,LOC-04,Team Leader,1,1.0,8.06,8.0,0.0
2026-04-21,LOC-04,Team Leader,1,1.0,8.01,8.0,0.0
2026-04-27,LOC-04,Team Leader,1,1.0,7.77,8.0,0.0
2026-05-02,LOC-04,Team Leader,1,1.0,8.9,8.0,1.0
2026-05-12,LOC-04,Team Leader,1,1.0,7.99,8.0,0.0
2026-05-15,LOC-04,Team Leader,1,1.0,8.08,8.0,0.0
2026-05-22,LOC-04,Team Leader,1,1.0,7.87,8.0,0.0
2026-05-25,LOC-04,Team Leader,1,1.0,10.06,10.0,0.0
2026-06-09,LOC-04,Team Leader,1,1.0,7.68,8.0,0.0
2026-06-10,LOC-04,Team Leader,1,1.0,9.96,10.0,0.0
2026-06-17,LOC-04,Team Leader,1,1.0,8.05,8.0,0.0
2026-06-27,LOC-04,Team Leader,1,1.0,8.19,8.0,0.0
2026-06-29,LOC-04,Team Leader,1,1.0,7.98,8.0,0.0
2026-06-30,LOC-04,Team Leader,1,1.0,8.18,8.0,0.0
2026-07-01,LOC-04,Team Leader,1,1.0,8.21,8.0,0.0
2026-07-03,LOC-04,Team Leader,1,1.0,8.19,8.0,0.0
2026-07-08,LOC-04,Team Leader,1,1.0,7.73,8.0,0.0
2026-07-14,LOC-04,Team Leader,1,1.0,8.02,8.0,0.0
2026-07-20,LOC-04,Team Leader,1,1.0,7.84,8.0,0.0
2026-07-21,LOC-04,Team Leader,1,1.0,8.11,8.0,0.0
2026-07-25,LOC-04,Team Leader,1,1.0,7.96,8.0,0.0
2026-07-27,LOC-04,Team Leader,1,1.0,8.16,8.0,0.0
2026-07-28,LOC-04,Team Leader,1,1.0,8.03,8.0,0.0
2026-07-29,LOC-04,Team Leader,1,1.0,8.07,8.0,0.0
2026-07-31,LOC-04,Team Leader,1,1.0,7.99,8.0,0.0
2025-08-01,LOC-06,Allied Health Clinician,1,1.0,8.1,8.0,0.0
2025-08-02,LOC-06,Allied Health Clinician,1,1.0,7.79,8.0,0.0
2025-08-05,LOC-06,Allied Health Clinician,1,1.0,8.08,8.0,0.0
2025-08-12,LOC-06,Allied Health Clinician,1,1.0,8.02,8.0,0.0
2025-08-23,LOC-06,Allied Health Clinician,1,1.0,7.77,8.0,0.0
2025-09-13,LOC-06,Allied Health Clinician,1,1.0,9.45,8.0,1.0
2025-09-16,LOC-06,Allied Health Clinician,1,1.0,9.84,8.0,1.0
2025-09-20,LOC-06,Allied Health Clinician,1,1.0,7.93,8.0,0.0
2025-09-26,LOC-06,Allied Health Clinician,1,1.0,8.05,8.0,0.0
2025-09-27,LOC-06,Allied Health Clinician,1,1.0,8.01,8.0,0.0
2025-10-11,LOC-06,Allied Health Clinician,1,1.0,8.11,8.0,0.0
2025-10-14,LOC-06,Allied Health Clinician,1,1.0,8.04,8.0,0.0
2025-11-11,LOC-06,Allied Health Clinician,1,1.0,9.89,8.0,1.0
2025-11-18,LOC-06,Allied Health Clinician,1,1.0,9.83,8.0,1.0
2025-11-21,LOC-06,Allied Health Clinician,1,1.0,7.9,8.0,0.0
2025-12-05,LOC-06,Allied Health Clinician,1,1.0,7.9,8.0,0.0
2025-12-27,LOC-06,Allied Health Clinician,1,1.0,10.1,10.0,0.0
2026-01-02,LOC-06,Allied Health Clinician,1,1.0,10.75,8.0,1.0
2026-01-23,LOC-06,Allied Health Clinician,1,1.0,8.19,8.0,0.0
2026-01-31,LOC-06,Allied Health Clinician,1,1.0,7.89,8.0,0.0
2026-02-03,LOC-06,Allied Health Clinician,1,1.0,9.9,10.0,0.0
2026-02-27,LOC-06,Allied Health Clinician,1,1.0,7.9,8.0,0.0
2026-03-07,LOC-06,Allied Health Clinician,1,1.0,8.22,8.0,0.0
2026-03-17,LOC-06,Allied Health Clinician,1,1.0,8.14,8.0,0.0
2026-03-24,LOC-06,Allied Health Clinician,1,1.0,8.01,8.0,0.0
2026-04-18,LOC-06,Allied Health Clinician,1,1.0,12.32,10.0,1.0
2026-04-21,LOC-06,Allied Health Clinician,1,1.0,8.3,8.0,0.0
2026-04-25,LOC-06,Allied Health Clinician,1,1.0,7.96,8.0,0.0
2026-05-16,LOC-06,Allied Health Clinician,1,1.0,7.87,8.0,0.0
2026-06-05,LOC-06,Allied Health Clinician,1,1.0,7.98,8.0,0.0
2026-06-20,LOC-06,Allied Health Clinician,1,1.0,8.14,8.0,0.0
2026-06-26,LOC-06,Allied Health Clinician,1,1.0,10.5,8.0,1.0
2026-06-27,LOC-06,Allied Health Clinician,1,1.0,9.88,8.0,1.0
2026-07-04,LOC-06,Allied Health Clinician,1,1.0,10.44,8.0,1.0
2026-07-18,LOC-06,Allied Health Clinician,1,1.0,7.87,8.0,0.0
2026-07-21,LOC-06,Allied Health Clinician,1,1.0,7.96,8.0,0.0
2025-08-07,LOC-01,Support Worker,1,1.0,8.03,8.0,0.0
2025-08-28,LOC-01,Support Worker,1,1.0,8.04,8.0,0.0
2025-09-04,LOC-01,Support Worker,1,0.0,0.0,8.0,0.0
2025-09-20,LOC-01,Support Worker,1,1.0,8.1,8.0,0.0
2025-10-18,LOC-01,Support Worker,1,1.0,7.94,8.0,0.0
2025-11-08,LOC-01,Support Worker,1,1.0,7.84,8.0,0.0
2025-11-15,LOC-01,Support Worker,1,1.0,7.97,8.0,0.0
2025-11-20,LOC-01,Support Worker,1,1.0,7.89,8.0,0.0
2025-12-25,LOC-01,Support Worker,1,1.0,8.0,8.0,0.0
2026-01-29,LOC-01,Support Worker,1,1.0,8.22,8.0,0.0
2026-02-21,LOC-01,Support Worker,1,1.0,8.11,8.0,0.0
2026-03-07,LOC-01,Support Worker,1,1.0,9.98,10.0,0.0
2026-04-02,LOC-01,Support Worker,1,1.0,7.94,8.0,0.0
2026-04-04,LOC-01,Support Worker,1,1.0,8.23,8.0,0.0
2026-04-11,LOC-01,Support Worker,1,1.0,7.83,8.0,0.0
2026-04-18,LOC-01,Support Worker,1,1.0,7.84,8.0,0.0
2026-05-14,LOC-01,Support Worker,1,1.0,8.0,8.0,0.0
2026-06-13,LOC-01,Support Worker,1,1.0,7.98,8.0,0.0
2026-07-02,LOC-01,Support Worker,1,1.0,8.68,8.0,1.0
2026-07-11,LOC-01,Support Worker,1,1.0,7.7,8.0,0.0
2026-07-25,LOC-01,Support Worker,1,1.0,8.04,8.0,0.0
2025-08-01,LOC-03,Team Leader,3,3.0,23.76,24.0,0.0
2025-10-12,LOC-03,Team Leader,1,1.0,8.23,8.0,0.0
2025-10-29,LOC-03,Team Leader,4,4.0,34.199999999999996,34.0,0.0
2026-02-23,LOC-03,Team Leader,2,2.0,18.23,18.0,0.0
2026-03-25,LOC-03,Team Leader,4,4.0,34.3,34.0,0.0
2026-03-27,LOC-03,Team Leader,3,3.0,23.81,24.0,0.0
2026-07-17,LOC-03,Team Leader,3,3.0,29.89,28.0,1.0
2025-08-13,LOC-04,Support Worker,3,3.0,23.740000000000002,24.0,0.0
2025-08-20,LOC-04,Support Worker,3,3.0,24.439999999999998,24.0,0.0
2025-09-03,LOC-04,Support Worker,3,3.0,25.310000000000002,24.0,1.0
2025-10-22,LOC-04,Support Worker,3,3.0,24.39,24.0,0.0
2025-11-12,LOC-04,Support Worker,3,3.0,26.040000000000003,26.0,0.0
2025-11-19,LOC-04,Support Worker,3,3.0,24.35,24.0,0.0
2025-12-10,LOC-04,Support Worker,3,3.0,25.42,24.0,1.0
2026-02-11,LOC-04,Support Worker,3,3.0,25.79,24.0,1.0
2026-02-25,LOC-04,Support Worker,3,2.0,16.240000000000002,24.0,0.0
2026-03-04,LOC-04,Support Worker,3,3.0,24.229999999999997,24.0,0.0
2026-03-11,LOC-04,Support Worker,2,2.0,16.5,16.0,1.0
2026-04-22,LOC-04,Support Worker,3,3.0,25.54,24.0,1.0
2026-05-06,LOC-04,Support Worker,3,3.0,27.69,26.0,1.0
2026-05-20,LOC-04,Support Worker,3,3.0,24.379999999999995,24.0,0.0
2026-06-24,LOC-04,Support Worker,2,2.0,16.15,16.0,0.0
2026-07-22,LOC-04,Support Worker,3,3.0,23.92,24.0,0.0
2026-05-27,LOC-09,Support Worker,2,2.0,16.15,16.0,0.0
2025-08-09,LOC-07,Allied Health Clinician,1,1.0,9.95,10.0,0.0
2025-08-15,LOC-07,Allied Health Clinician,1,1.0,9.43,8.0,1.0
2025-09-26,LOC-07,Allied Health Clinician,1,1.0,8.13,8.0,0.0
2025-10-11,LOC-07,Allied Health Clinician,1,1.0,7.99,8.0,0.0
2025-10-18,LOC-07,Allied Health Clinician,1,1.0,8.2,8.0,0.0
2025-11-01,LOC-07,Allied Health Clinician,1,1.0,12.37,10.0,1.0
2025-11-08,LOC-07,Allied Health Clinician,1,1.0,7.78,8.0,0.0
2025-11-17,LOC-07,Allied Health Clinician,1,1.0,8.76,8.0,1.0
2025-11-21,LOC-07,Allied Health Clinician,1,1.0,8.21,8.0,0.0
2025-11-29,LOC-07,Allied Health Clinician,1,1.0,10.06,10.0,0.0
2025-12-05,LOC-07,Allied Health Clinician,1,1.0,7.84,8.0,0.0
2025-12-06,LOC-07,Allied Health Clinician,1,1.0,9.1,8.0,1.0
2026-01-10,LOC-07,Allied Health Clinician,1,1.0,8.08,8.0,0.0
2026-01-16,LOC-07,Allied Health Clinician,1,1.0,8.6,8.0,1.0
2026-01-31,LOC-07,Allied Health Clinician,1,1.0,8.31,8.0,0.0
2026-02-06,LOC-07,Allied Health Clinician,1,1.0,7.98,8.0,0.0
2026-02-07,LOC-07,Allied Health Clinician,1,1.0,10.31,8.0,1.0
2026-02-14,LOC-07,Allied Health Clinician,1,1.0,10.49,8.0,1.0
2026-02-20,LOC-07,Allied Health Clinician,1,1.0,8.3,8.0,0.0
2026-03-06,LOC-07,Allied Health Clinician,1,1.0,7.95,8.0,0.0
2026-03-13,LOC-07,Allied Health Clinician,1,1.0,8.12,8.0,0.0
2026-03-14,LOC-07,Allied Health Clinician,1,1.0,7.8,8.0,0.0
2026-03-21,LOC-07,Allied Health Clinician,1,1.0,12.02,10.0,1.0
2026-04-04,LOC-07,Allied Health Clinician,1,1.0,8.11,8.0,0.0
2026-05-08,LOC-07,Allied Health Clinician,1,1.0,8.08,8.0,0.0
2026-05-16,LOC-07,Allied Health Clinician,1,1.0,8.07,8.0,0.0
2026-06-13,LOC-07,Allied Health Clinician,1,1.0,7.92,8.0,0.0
2026-06-26,LOC-07,Allied Health Clinician,1,1.0,7.81,8.0,0.0
2026-06-27,LOC-07,Allied Health Clinician,1,1.0,8.11,8.0,0.0
2026-07-10,LOC-07,Allied Health Clinician,1,1.0,7.9,8.0,0.0
2026-07-11,LOC-07,Allied Health Clinician,1,1.0,10.11,10.0,0.0
2025-09-13,LOC-05,Coordinator,1,0.0,0.0,10.0,0.0
2025-10-04,LOC-05,Coordinator,1,1.0,8.29,8.0,0.0
2025-12-13,LOC-05,Coordinator,1,1.0,8.11,8.0,0.0
2026-01-17,LOC-05,Coordinator,1,1.0,7.91,8.0,0.0
2026-01-31,LOC-05,Coordinator,1,0.0,0.0,8.0,0.0
2026-02-13,LOC-05,Coordinator,1,1.0,7.82,8.0,0.0
2026-02-28,LOC-05,Coordinator,1,1.0,7.8,8.0,0.0
2026-03-14,LOC-05,Coordinator,1,1.0,8.1,8.0,0.0
2026-03-21,LOC-05,Coordinator,1,1.0,7.92,8.0,0.0
2026-04-18,LOC-05,Coordinator,1,1.0,7.75,8.0,0.0
2026-05-02,LOC-05,Coordinator,1,1.0,10.29,10.0,0.0
2026-05-30,LOC-05,Coordinator,1,1.0,7.98,8.0,0.0
2026-07-04,LOC-05,Coordinator,1,1.0,7.76,8.0,0.0
2026-07-11,LOC-05,Coordinator,1,1.0,8.09,8.0,0.0
2026-07-25,LOC-05,Coordinator,1,1.0,8.13,8.0,0.0
2025-08-12,LOC-04,Support Worker,2,2.0,18.85,18.0,1.0
2025-08-26,LOC-04,Support Worker,2,2.0,18.45,16.0,1.0
2025-09-16,LOC-04,Support Worker,2,2.0,15.719999999999999,16.0,0.0
2025-10-14,LOC-04,Support Worker,2,2.0,20.25,20.0,0.0
2025-11-18,LOC-04,Support Worker,2,2.0,15.91,16.0,0.0
2025-12-02,LOC-04,Support Worker,2,2.0,15.94,16.0,0.0
2026-01-21,LOC-04,Support Worker,2,2.0,15.919999999999998,16.0,0.0
2026-05-05,LOC-04,Support Worker,2,2.0,15.93,16.0,0.0
2026-05-13,LOC-04,Support Worker,2,2.0,18.54,16.0,1.0
2026-05-19,LOC-04,Support Worker,2,2.0,16.130000000000003,16.0,0.0
2026-05-26,LOC-04,Support Worker,2,2.0,18.32,16.0,2.0
2025-08-01,LOC-06,Team Leader,1,1.0,8.37,8.0,0.0
2025-08-02,LOC-06,Team Leader,1,1.0,8.12,8.0,0.0
2025-08-03,LOC-06,Team Leader,1,1.0,8.12,8.0,0.0
2025-08-09,LOC-06,Team Leader,1,1.0,7.93,8.0,0.0
2025-08-13,LOC-06,Team Leader,1,1.0,8.03,8.0,0.0
2025-08-23,LOC-06,Team Leader,1,1.0,8.22,8.0,0.0
2025-08-24,LOC-06,Team Leader,1,1.0,7.91,8.0,0.0
2025-08-28,LOC-06,Team Leader,1,1.0,7.96,8.0,0.0
2025-08-31,LOC-06,Team Leader,1,1.0,9.91,10.0,0.0
2025-09-04,LOC-06,Team Leader,1,1.0,7.73,8.0,0.0
2025-09-10,LOC-06,Team Leader,1,1.0,10.02,8.0,1.0
2025-09-13,LOC-06,Team Leader,1,1.0,8.05,8.0,0.0
2025-09-20,LOC-06,Team Leader,1,1.0,7.87,8.0,0.0
2025-09-26,LOC-06,Team Leader,1,1.0,7.81,8.0,0.0
2025-09-27,LOC-06,Team Leader,1,1.0,8.04,8.0,0.0
2025-10-05,LOC-06,Team Leader,1,1.0,8.05,8.0,0.0
2025-10-09,LOC-06,Team Leader,1,1.0,8.17,8.0,0.0
2025-10-11,LOC-06,Team Leader,1,1.0,7.97,8.0,0.0
2025-10-22,LOC-06,Team Leader,1,1.0,7.79,8.0,0.0
2025-10-29,LOC-06,Team Leader,1,1.0,8.08,8.0,0.0
2025-11-02,LOC-06,Team Leader,1,1.0,8.14,8.0,0.0
2025-11-06,LOC-06,Team Leader,1,1.0,7.82,8.0,0.0
2025-11-21,LOC-06,Team Leader,1,0.0,0.0,8.0,0.0
2025-12-03,LOC-06,Team Leader,1,1.0,7.74,8.0,0.0
2025-12-05,LOC-06,Team Leader,1,1.0,8.06,8.0,0.0
2025-12-11,LOC-06,Team Leader,1,1.0,8.79,8.0,1.0
2025-12-18,LOC-06,Team Leader,1,1.0,7.85,8.0,0.0
2025-12-24,LOC-06,Team Leader,1,1.0,7.96,8.0,0.0
2025-12-27,LOC-06,Team Leader,1,1.0,10.7,8.0,1.0
2026-01-02,LOC-06,Team Leader,1,1.0,8.21,8.0,0.0
2026-01-08,LOC-06,Team Leader,1,1.0,9.66,8.0,1.0
2026-01-10,LOC-06,Team Leader,1,1.0,7.74,8.0,0.0
2026-01-14,LOC-06,Team Leader,1,1.0,8.07,8.0,0.0
2026-01-23,LOC-06,Team Leader,1,1.0,7.9,8.0,0.0
2026-01-28,LOC-06,Team Leader,1,1.0,7.96,8.0,0.0
2026-01-31,LOC-06,Team Leader,1,1.0,8.1,8.0,0.0
2026-02-05,LOC-06,Team Leader,1,1.0,8.03,8.0,0.0
2026-02-19,LOC-06,Team Leader,1,1.0,7.86,8.0,0.0
2026-02-25,LOC-06,Team Leader,1,1.0,8.09,8.0,0.0
2026-02-27,LOC-06,Team Leader,1,1.0,7.94,8.0,0.0
2026-03-01,LOC-06,Team Leader,1,1.0,7.86,8.0,0.0
2026-03-05,LOC-06,Team Leader,1,1.0,8.09,8.0,0.0
2026-03-07,LOC-06,Team Leader,1,1.0,8.13,8.0,0.0
2026-03-15,LOC-06,Team Leader,1,1.0,10.31,8.0,1.0
2026-03-22,LOC-06,Team Leader,1,1.0,8.22,8.0,0.0
2026-03-25,LOC-06,Team Leader,1,1.0,8.04,8.0,0.0
2026-04-05,LOC-06,Team Leader,1,1.0,10.34,8.0,1.0
2026-04-12,LOC-06,Team Leader,1,1.0,8.07,8.0,0.0
2026-04-16,LOC-06,Team Leader,1,1.0,12.16,10.0,1.0
2026-04-18,LOC-06,Team Leader,1,1.0,7.89,8.0,0.0
2026-04-25,LOC-06,Team Leader,1,1.0,8.1,8.0,0.0
2026-04-29,LOC-06,Team Leader,1,1.0,10.25,8.0,1.0
2026-05-03,LOC-06,Team Leader,1,1.0,7.64,8.0,0.0
2026-05-07,LOC-06,Team Leader,1,1.0,7.98,8.0,0.0
2026-05-13,LOC-06,Team Leader,1,1.0,8.1,8.0,0.0
2026-05-20,LOC-06,Team Leader,1,1.0,7.94,8.0,0.0
2026-05-24,LOC-06,Team Leader,1,1.0,8.13,8.0,0.0
2026-06-03,LOC-06,Team Leader,1,1.0,8.0,8.0,0.0
2026-06-05,LOC-06,Team Leader,1,1.0,8.07,8.0,0.0
2026-06-07,LOC-06,Team Leader,1,1.0,9.77,10.0,0.0
2026-06-10,LOC-06,Team Leader,1,1.0,7.8,8.0,0.0
2026-06-18,LOC-06,Team Leader,1,1.0,8.19,8.0,0.0
2026-06-20,LOC-06,Team Leader,1,1.0,7.67,8.0,0.0
2026-06-26,LOC-06,Team Leader,1,1.0,9.95,10.0,0.0
2026-06-27,LOC-06,Team Leader,1,1.0,7.88,8.0,0.0
2026-07-04,LOC-06,Team Leader,1,1.0,8.15,8.0,0.0
2026-07-08,LOC-06,Team Leader,1,1.0,7.89,8.0,0.0
2026-07-29,LOC-06,Team Leader,1,0.0,0.0,8.0,0.0
2025-08-05,LOC-08,Team Leader,1,1.0,7.85,8.0,0.0
2025-09-03,LOC-08,Team Leader,2,2.0,15.77,16.0,0.0
2025-09-10,LOC-08,Team Leader,2,2.0,17.02,16.0,1.0
2025-09-17,LOC-08,Team Leader,2,2.0,16.009999999999998,16.0,0.0
2025-10-22,LOC-08,Team Leader,2,2.0,17.8,16.0,1.0
2025-11-22,LOC-08,Team Leader,2,2.0,15.899999999999999,16.0,0.0
2025-11-29,LOC-08,Team Leader,2,2.0,16.4,16.0,0.0
2025-12-17,LOC-08,Team Leader,2,2.0,15.879999999999999,16.0,0.0
2025-12-23,LOC-08,Team Leader,2,2.0,15.58,16.0,0.0
2025-12-30,LOC-08,Team Leader,2,2.0,17.63,16.0,1.0
2026-01-24,LOC-08,Team Leader,2,2.0,15.93,16.0,0.0
2026-01-27,LOC-08,Team Leader,2,2.0,19.42,18.0,1.0
2026-02-03,LOC-08,Team Leader,2,2.0,16.229999999999997,16.0,0.0
2026-02-04,LOC-08,Team Leader,2,2.0,15.84,16.0,0.0
2026-02-07,LOC-08,Team Leader,2,2.0,17.59,16.0,1.0
2026-02-17,LOC-08,Team Leader,2,2.0,15.82,16.0,0.0
2026-02-24,LOC-08,Team Leader,2,2.0,16.310000000000002,16.0,0.0
2026-02-25,LOC-08,Team Leader,2,2.0,18.11,18.0,0.0
2026-03-11,LOC-08,Team Leader,2,2.0,18.02,18.0,0.0
2026-03-18,LOC-08,Team Leader,2,2.0,20.56,18.0,1.0
2026-03-25,LOC-08,Team Leader,1,1.0,9.67,8.0,1.0
2026-03-28,LOC-08,Team Leader,1,1.0,7.88,8.0,0.0
2026-03-31,LOC-08,Team Leader,2,2.0,16.259999999999998,16.0,0.0
2026-04-04,LOC-08,Team Leader,2,2.0,16.04,16.0,0.0
2026-04-07,LOC-08,Team Leader,2,2.0,17.88,18.0,0.0
2026-04-08,LOC-08,Team Leader,2,2.0,18.43,18.0,0.0
2026-04-15,LOC-08,Team Leader,2,2.0,17.87,18.0,0.0
2026-05-09,LOC-08,Team Leader,2,2.0,16.93,16.0,1.0
2026-05-16,LOC-08,Team Leader,2,2.0,15.86,16.0,0.0
2026-05-23,LOC-08,Team Leader,2,2.0,18.24,16.0,1.0
2026-06-02,LOC-08,Team Leader,2,2.0,15.58,16.0,0.0
2026-06-20,LOC-08,Team Leader,2,2.0,18.15,18.0,0.0
2026-06-30,LOC-08,Team Leader,2,2.0,16.33,16.0,0.0
2026-07-01,LOC-08,Team Leader,1,1.0,8.12,8.0,0.0
2026-07-22,LOC-08,Team Leader,1,1.0,10.04,10.0,0.0
2026-07-25,LOC-08,Team Leader,1,1.0,8.1,8.0,0.0
2026-07-28,LOC-08,Team Leader,1,1.0,8.09,8.0,0.0
2025-09-07,LOC-05,Support Worker,1,1.0,8.35,8.0,0.0
2026-03-15,LOC-05,Support Worker,1,1.0,8.25,8.0,0.0
2026-07-26,LOC-05,Support Worker,1,1.0,7.88,8.0,0.0
2025-08-01,LOC-09,Coordinator,1,1.0,8.08,8.0,0.0
2025-09-05,LOC-09,Coordinator,1,1.0,8.23,8.0,0.0
2025-09-10,LOC-09,Coordinator,1,1.0,8.27,8.0,0.0
2025-09-15,LOC-09,Coordinator,1,1.0,7.62,8.0,0.0
2025-09-17,LOC-09,Coordinator,1,1.0,7.94,8.0,0.0
2025-09-20,LOC-09,Coordinator,1,1.0,8.2,8.0,0.0
2025-09-24,LOC-09,Coordinator,1,1.0,7.85,8.0,0.0
2025-09-27,LOC-09,Coordinator,1,1.0,8.29,8.0,0.0
2025-10-01,LOC-09,Coordinator,1,1.0,10.07,8.0,1.0
2025-10-04,LOC-09,Coordinator,1,1.0,8.26,8.0,0.0
2025-10-10,LOC-09,Coordinator,1,1.0,8.76,8.0,1.0
2025-10-13,LOC-09,Coordinator,1,1.0,10.23,8.0,1.0
2025-10-17,LOC-09,Coordinator,1,1.0,8.91,8.0,1.0
2025-10-20,LOC-09,Coordinator,1,1.0,8.1,8.0,0.0
2025-11-03,LOC-09,Coordinator,1,1.0,8.17,8.0,0.0
2025-11-12,LOC-09,Coordinator,1,1.0,8.05,8.0,0.0
2025-11-15,LOC-09,Coordinator,1,1.0,10.0,8.0,1.0
2025-11-21,LOC-09,Coordinator,1,1.0,7.9,8.0,0.0
2025-12-01,LOC-09,Coordinator,1,1.0,10.28,8.0,1.0
2025-12-19,LOC-09,Coordinator,1,1.0,7.85,8.0,0.0
2026-01-16,LOC-09,Coordinator,1,1.0,8.02,8.0,0.0
2026-01-19,LOC-09,Coordinator,1,1.0,8.16,8.0,0.0
2026-02-02,LOC-09,Coordinator,1,1.0,9.37,8.0,1.0
2026-02-11,LOC-09,Coordinator,1,1.0,7.7,8.0,0.0
2026-02-16,LOC-09,Coordinator,1,1.0,7.84,8.0,0.0
2026-02-27,LOC-09,Coordinator,1,1.0,8.08,8.0,0.0
2026-03-13,LOC-09,Coordinator,1,1.0,7.89,8.0,0.0
2026-03-21,LOC-09,Coordinator,1,1.0,7.98,8.0,0.0
2026-03-25,LOC-09,Coordinator,1,1.0,8.04,8.0,0.0
2026-05-08,LOC-09,Coordinator,1,1.0,8.26,8.0,0.0
2026-05-22,LOC-09,Coordinator,1,0.0,0.0,8.0,0.0
2026-05-27,LOC-09,Coordinator,1,1.0,7.97,8.0,0.0
2026-06-10,LOC-09,Coordinator,1,1.0,7.99,8.0,0.0
2026-06-20,LOC-09,Coordinator,1,1.0,7.91,8.0,0.0
2026-07-01,LOC-09,Coordinator,1,1.0,7.83,8.0,0.0
2026-07-11,LOC-09,Coordinator,1,1.0,8.18,8.0,0.0
2026-07-15,LOC-09,Coordinator,1,1.0,10.63,8.0,1.0
2026-07-17,LOC-09,Coordinator,1,1.0,8.13,8.0,0.0
2025-08-03,LOC-07,Support Worker,1,1.0,7.9,8.0,0.0
2025-08-13,LOC-07,Support Worker,2,2.0,18.23,18.0,0.0
2025-09-17,LOC-07,Support Worker,2,2.0,16.0,16.0,0.0
2025-09-24,LOC-07,Support Worker,2,2.0,15.809999999999999,16.0,0.0
2025-10-08,LOC-07,Support Worker,2,2.0,16.93,16.0,1.0
2025-10-12,LOC-07,Support Worker,1,1.0,7.97,8.0,0.0
2025-10-19,LOC-07,Support Worker,1,1.0,8.04,8.0,0.0
2025-10-26,LOC-07,Support Worker,1,1.0,10.19,10.0,0.0
2025-10-29,LOC-07,Support Worker,2,2.0,16.04,16.0,0.0
2025-11-23,LOC-07,Support Worker,1,1.0,7.95,8.0,0.0
2025-11-30,LOC-07,Support Worker,1,1.0,8.96,8.0,1.0
2025-12-14,LOC-07,Support Worker,1,1.0,8.46,8.0,0.0
2025-12-24,LOC-07,Support Worker,2,2.0,17.69,16.0,1.0
2025-12-31,LOC-07,Support Worker,2,1.0,7.91,16.0,0.0
2026-01-04,LOC-07,Support Worker,1,1.0,8.07,8.0,0.0
2026-01-14,LOC-07,Support Worker,2,2.0,16.17,16.0,0.0
2026-02-01,LOC-07,Support Worker,1,1.0,7.85,8.0,0.0
2026-02-11,LOC-07,Support Worker,1,1.0,8.09,8.0,0.0
2026-02-15,LOC-07,Support Worker,1,1.0,8.14,8.0,0.0
2026-03-11,LOC-07,Support Worker,2,2.0,20.14,20.0,0.0
2026-03-15,LOC-07,Support Worker,1,1.0,7.99,8.0,0.0
2026-03-18,LOC-07,Support Worker,2,2.0,15.93,16.0,0.0
2026-04-12,LOC-07,Support Worker,1,1.0,7.98,8.0,0.0
2026-04-26,LOC-07,Support Worker,1,1.0,10.19,10.0,0.0
2026-04-29,LOC-07,Support Worker,2,2.0,16.02,16.0,0.0
2026-05-06,LOC-07,Support Worker,2,1.0,9.88,18.0,0.0
2026-05-10,LOC-07,Support Worker,1,1.0,7.94,8.0,0.0
2026-05-20,LOC-07,Support Worker,2,2.0,17.91,18.0,0.0
2026-05-31,LOC-07,Support Worker,1,1.0,10.55,8.0,1.0
2026-06-14,LOC-07,Support Worker,1,1.0,8.11,8.0,0.0
2026-07-15,LOC-07,Support Worker,2,2.0,16.24,16.0,0.0
2026-07-22,LOC-07,Support Worker,2,2.0,18.23,18.0,0.0
2026-07-29,LOC-07,Support Worker,1,1.0,8.04,8.0,0.0
2025-08-09,LOC-04,Support Worker,1,1.0,8.05,8.0,0.0
2025-08-30,LOC-04,Support Worker,1,1.0,9.95,10.0,0.0
2025-10-11,LOC-04,Support Worker,1,1.0,8.24,8.0,0.0
2025-11-15,LOC-04,Support Worker,1,1.0,8.12,8.0,0.0
2025-11-22,LOC-04,Support Worker,1,1.0,7.89,8.0,0.0
2026-01-03,LOC-04,Support Worker,1,1.0,8.01,8.0,0.0
2026-01-10,LOC-04,Support Worker,1,1.0,7.86,8.0,0.0
2026-01-31,LOC-04,Support Worker,1,1.0,10.02,10.0,0.0
2026-02-07,LOC-04,Support Worker,1,1.0,7.74,8.0,0.0
2026-03-07,LOC-04,Support Worker,1,1.0,8.15,8.0,0.0
2026-04-07,LOC-04,Support Worker,1,1.0,7.92,8.0,0.0
2026-04-25,LOC-04,Support Worker,1,1.0,9.98,8.0,1.0
2026-05-23,LOC-04,Support Worker,1,1.0,9.97,10.0,0.0
2026-06-06,LOC-04,Support Worker,1,1.0,8.08,8.0,0.0
2026-06-13,LOC-04,Support Worker,1,1.0,8.17,8.0,0.0
2026-07-11,LOC-04,Support Worker,1,1.0,10.66,8.0,1.0
2026-07-18,LOC-04,Support Worker,1,1.0,10.9,8.0,1.0
2025-08-15,LOC-01,Support Worker,1,1.0,7.85,8.0,0.0
2025-08-19,LOC-01,Support Worker,1,1.0,8.03,8.0,0.0
2025-09-01,LOC-01,Support Worker,1,1.0,7.88,8.0,0.0
2025-09-22,LOC-01,Support Worker,1,1.0,8.08,8.0,0.0
2025-10-01,LOC-01,Support Worker,1,1.0,10.09,10.0,0.0
2025-10-05,LOC-01,Support Worker,1,0.0,0.0,8.0,0.0
2025-10-08,LOC-01,Support Worker,1,1.0,8.2,8.0,0.0
2025-10-13,LOC-01,Support Worker,1,1.0,7.82,8.0,0.0
2025-10-21,LOC-01,Support Worker,1,1.0,8.03,8.0,0.0
2025-10-24,LOC-01,Support Worker,1,1.0,9.92,10.0,0.0
2025-10-29,LOC-01,Support Worker,1,0.0,0.0,8.0,0.0
2025-11-02,LOC-01,Support Worker,1,1.0,8.09,8.0,0.0
2025-11-07,LOC-01,Support Worker,1,0.0,0.0,8.0,0.0
2025-11-21,LOC-01,Support Worker,1,1.0,7.91,8.0,0.0
2025-11-23,LOC-01,Support Worker,1,1.0,7.82,8.0,0.0
2025-12-07,LOC-01,Support Worker,1,1.0,8.42,8.0,0.0
2025-12-15,LOC-01,Support Worker,1,1.0,8.04,8.0,0.0
2025-12-19,LOC-01,Support Worker,1,1.0,8.01,8.0,0.0
2025-12-21,LOC-01,Support Worker,1,1.0,7.97,8.0,0.0
2025-12-23,LOC-01,Support Worker,1,1.0,8.13,8.0,0.0
2025-12-28,LOC-01,Support Worker,1,1.0,8.32,8.0,0.0
2025-12-31,LOC-01,Support Worker,1,1.0,10.72,8.0,1.0
2026-01-05,LOC-01,Support Worker,1,1.0,7.87,8.0,0.0
2026-01-09,LOC-01,Support Worker,1,1.0,7.85,8.0,0.0
2026-01-11,LOC-01,Support Worker,1,1.0,7.63,8.0,0.0
2026-01-27,LOC-01,Support Worker,1,1.0,8.09,8.0,0.0
2026-01-30,LOC-01,Support Worker,1,1.0,7.85,8.0,0.0
2026-02-03,LOC-01,Support Worker,1,1.0,8.06,8.0,0.0
2026-02-04,LOC-01,Support Worker,1,1.0,10.49,8.0,1.0
2026-02-16,LOC-01,Support Worker,1,1.0,7.89,8.0,0.0
2026-02-24,LOC-01,Support Worker,1,1.0,7.97,8.0,0.0
2026-02-27,LOC-01,Support Worker,1,1.0,7.82,8.0,0.0
2026-03-08,LOC-01,Support Worker,1,1.0,7.74,8.0,0.0
2026-03-09,LOC-01,Support Worker,1,1.0,8.08,8.0,0.0
2026-03-13,LOC-01,Support Worker,1,1.0,7.94,8.0,0.0
2026-03-15,LOC-01,Support Worker,1,1.0,7.83,8.0,0.0
2026-03-22,LOC-01,Support Worker,1,1.0,8.11,8.0,0.0
2026-03-24,LOC-01,Support Worker,1,1.0,9.99,10.0,0.0
2026-03-27,LOC-01,Support Worker,1,1.0,10.18,8.0,1.0
2026-03-30,LOC-01,Support Worker,1,1.0,7.84,8.0,0.0
2026-03-31,LOC-01,Support Worker,1,1.0,8.05,8.0,0.0
2026-04-03,LOC-01,Support Worker,1,1.0,10.59,8.0,1.0
2026-04-08,LOC-01,Support Worker,1,1.0,8.16,8.0,0.0
2026-04-14,LOC-01,Support Worker,1,1.0,7.97,8.0,0.0
2026-04-15,LOC-01,Support Worker,1,1.0,8.05,8.0,0.0
2026-04-26,LOC-01,Support Worker,1,1.0,7.96,8.0,0.0
2026-05-10,LOC-01,Support Worker,1,0.0,0.0,8.0,0.0
2026-05-11,LOC-01,Support Worker,1,1.0,7.91,8.0,0.0
2026-05-19,LOC-01,Support Worker,1,1.0,8.46,8.0,0.0
2026-05-25,LOC-01,Support Worker,1,1.0,7.96,8.0,0.0
2026-05-31,LOC-01,Support Worker,1,1.0,7.93,8.0,0.0
2026-06-05,LOC-01,Support Worker,1,1.0,8.01,8.0,0.0
2026-06-08,LOC-01,Support Worker,1,0.0,0.0,8.0,0.0
2026-06-16,LOC-01,Support Worker,1,1.0,8.21,8.0,0.0
2026-06-19,LOC-01,Support Worker,1,1.0,7.95,8.0,0.0
2026-06-30,LOC-01,Support Worker,1,0.0,0.0,8.0,0.0
2026-07-03,LOC-01,Support Worker,1,1.0,7.88,8.0,0.0
2026-07-05,LOC-01,Support Worker,1,1.0,7.96,8.0,0.0
2026-07-13,LOC-01,Support Worker,1,1.0,7.92,8.0,0.0
2026-07-24,LOC-01,Support Worker,1,1.0,10.15,10.0,0.0
2026-07-29,LOC-01,Support Worker,1,1.0,7.95,8.0,0.0
2025-08-03,LOC-03,Registered Nurse,1,1.0,8.05,8.0,0.0
2025-08-06,LOC-03,Registered Nurse,1,1.0,8.02,8.0,0.0
2025-08-13,LOC-03,Registered Nurse,1,1.0,7.85,8.0,0.0
2025-08-22,LOC-03,Registered Nurse,1,1.0,8.1,8.0,0.0
2025-08-28,LOC-03,Registered Nurse,1,1.0,7.96,8.0,0.0
2025-09-14,LOC-03,Registered Nurse,1,1.0,8.14,8.0,0.0
2025-09-17,LOC-03,Registered Nurse,1,1.0,8.19,8.0,0.0
2025-09-18,LOC-03,Registered Nurse,1,1.0,7.99,8.0,0.0
2025-10-02,LOC-03,Registered Nurse,1,1.0,7.93,8.0,0.0
2025-10-26,LOC-03,Registered Nurse,1,1.0,7.55,8.0,0.0
2025-10-27,LOC-03,Registered Nurse,1,1.0,8.2,8.0,0.0
2025-10-30,LOC-03,Registered Nurse,1,1.0,7.7,8.0,0.0
2025-11-03,LOC-03,Registered Nurse,1,1.0,8.02,8.0,0.0
2025-11-05,LOC-03,Registered Nurse,1,1.0,8.03,8.0,0.0
2025-11-14,LOC-03,Registered Nurse,1,1.0,8.06,8.0,0.0
2025-11-24,LOC-03,Registered Nurse,1,1.0,8.11,8.0,0.0
2025-11-26,LOC-03,Registered Nurse,1,1.0,7.94,8.0,0.0
2025-11-30,LOC-03,Registered Nurse,1,1.0,8.09,8.0,0.0
2025-12-03,LOC-03,Registered Nurse,1,1.0,8.07,8.0,0.0
2025-12-11,LOC-03,Registered Nurse,1,1.0,8.16,8.0,0.0
2025-12-18,LOC-03,Registered Nurse,1,1.0,10.11,10.0,0.0
2025-12-19,LOC-03,Registered Nurse,1,1.0,7.94,8.0,0.0
2025-12-21,LOC-03,Registered Nurse,1,1.0,9.93,10.0,0.0
2025-12-22,LOC-03,Registered Nurse,1,1.0,7.92,8.0,0.0
2026-01-28,LOC-03,Registered Nurse,1,1.0,7.95,8.0,0.0
2026-02-13,LOC-03,Registered Nurse,1,1.0,8.05,8.0,0.0
2026-02-22,LOC-03,Registered Nurse,1,1.0,7.88,8.0,0.0
2026-03-02,LOC-03,Registered Nurse,1,1.0,8.67,8.0,1.0
2026-03-05,LOC-03,Registered Nurse,1,1.0,8.03,8.0,0.0
2026-03-09,LOC-03,Registered Nurse,1,1.0,8.0,8.0,0.0
2026-03-29,LOC-03,Registered Nurse,1,1.0,8.2,8.0,0.0
2026-04-01,LOC-03,Registered Nurse,1,1.0,8.18,8.0,0.0
2026-04-02,LOC-03,Registered Nurse,1,1.0,10.68,8.0,1.0
2026-04-03,LOC-03,Registered Nurse,1,1.0,10.54,8.0,1.0
2026-04-13,LOC-03,Registered Nurse,1,1.0,7.99,8.0,0.0
2026-04-19,LOC-03,Registered Nurse,1,1.0,8.11,8.0,0.0
2026-04-22,LOC-03,Registered Nurse,1,1.0,9.44,8.0,1.0
2026-04-23,LOC-03,Registered Nurse,1,1.0,7.82,8.0,0.0
2026-04-27,LOC-03,Registered Nurse,1,1.0,8.1,8.0,0.0
2026-04-29,LOC-03,Registered Nurse,1,1.0,7.86,8.0,0.0
2026-05-03,LOC-03,Registered Nurse,1,1.0,7.96,8.0,0.0
2026-05-14,LOC-03,Registered Nurse,1,1.0,7.69,8.0,0.0
2026-05-18,LOC-03,Registered Nurse,1,1.0,8.09,8.0,0.0
2026-05-31,LOC-03,Registered Nurse,1,1.0,8.17,8.0,0.0
2026-06-08,LOC-03,Registered Nurse,1,1.0,8.04,8.0,0.0
2026-06-12,LOC-03,Registered Nurse,1,1.0,8.1,8.0,0.0
2026-06-14,LOC-03,Registered Nurse,1,1.0,8.14,8.0,0.0
2026-06-15,LOC-03,Registered Nurse,1,1.0,8.36,8.0,0.0
2026-06-18,LOC-03,Registered Nurse,1,1.0,8.12,8.0,0.0
2026-06-25,LOC-03,Registered Nurse,1,1.0,8.12,8.0,0.0
2026-06-28,LOC-03,Registered Nurse,1,1.0,8.98,8.0,1.0
2026-06-29,LOC-03,Registered Nurse,1,1.0,8.15,8.0,0.0
2026-07-03,LOC-03,Registered Nurse,1,1.0,7.87,8.0,0.0
2026-07-09,LOC-03,Registered Nurse,1,1.0,7.99,8.0,0.0
2026-07-10,LOC-03,Registered Nurse,1,1.0,8.13,8.0,0.0
2026-07-12,LOC-03,Registered Nurse,1,1.0,8.0,8.0,0.0
2026-07-16,LOC-03,Registered Nurse,1,1.0,8.77,8.0,1.0
2026-07-19,LOC-03,Registered Nurse,1,1.0,7.9,8.0,0.0
2026-07-22,LOC-03,Registered Nurse,1,1.0,7.79,8.0,0.0
2026-07-30,LOC-03,Registered Nurse,1,1.0,8.08,8.0,0.0
2026-07-31,LOC-03,Registered Nurse,1,1.0,7.87,8.0,0.0
2025-10-19,LOC-09,Allied Health Clinician,1,1.0,7.84,8.0,0.0
2025-11-02,LOC-09,Allied Health Clinician,1,1.0,8.06,8.0,0.0
2025-11-26,LOC-09,Allied Health Clinician,1,1.0,8.01,8.0,0.0
2025-11-28,LOC-09,Allied Health Clinician,1,1.0,7.95,8.0,0.0
2025-12-28,LOC-09,Allied Health Clinician,1,1.0,8.16,8.0,0.0
2026-02-01,LOC-09,Allied Health Clinician,1,1.0,7.9,8.0,0.0
2026-03-01,LOC-09,Allied Health Clinician,1,1.0,7.92,8.0,0.0
2026-03-29,LOC-09,Allied Health Clinician,1,1.0,7.96,8.0,0.0
2026-05-02,LOC-09,Allied Health Clinician,1,1.0,7.95,8.0,0.0
2026-05-03,LOC-09,Allied Health Clinician,1,1.0,7.89,8.0,0.0
2026-05-24,LOC-09,Allied Health Clinician,1,1.0,8.23,8.0,0.0
2026-06-28,LOC-09,Allied Health Clinician,1,1.0,7.9,8.0,0.0
2026-07-16,LOC-09,Allied Health Clinician,1,1.0,7.83,8.0,0.0
2025-08-06,LOC-02,Support Worker,1,1.0,7.9,8.0,0.0
2025-08-13,LOC-02,Support Worker,1,1.0,7.77,8.0,0.0
2025-11-05,LOC-02,Support Worker,1,1.0,8.06,8.0,0.0
2025-11-12,LOC-02,Support Worker,1,1.0,8.19,8.0,0.0
2025-12-24,LOC-02,Support Worker,1,1.0,8.24,8.0,0.0
2026-01-28,LOC-02,Support Worker,1,1.0,7.94,8.0,0.0
2026-05-20,LOC-02,Support Worker,1,1.0,8.14,8.0,0.0
2026-07-01,LOC-02,Support Worker,1,1.0,9.71,8.0,1.0
2026-05-13,LOC-07,Support Worker,1,1.0,8.29,8.0,0.0
2026-07-23,LOC-07,Support Worker,1,1.0,7.86,8.0,0.0
2025-08-07,LOC-03,Team Leader,3,3.0,26.08,26.0,0.0
2025-08-21,LOC-03,Team Leader,3,3.0,23.869999999999997,24.0,0.0
2025-09-04,LOC-03,Team Leader,2,2.0,15.96,16.0,0.0
2025-09-11,LOC-03,Team Leader,3,3.0,24.49,24.0,0.0
2025-10-09,LOC-03,Team Leader,3,3.0,24.3,24.0,0.0
2025-11-20,LOC-03,Team Leader,3,3.0,23.69,24.0,0.0
2025-12-25,LOC-03,Team Leader,3,3.0,25.430000000000003,24.0,1.0
2026-01-01,LOC-03,Team Leader,2,2.0,15.940000000000001,16.0,0.0
2026-01-08,LOC-03,Team Leader,3,3.0,24.369999999999997,24.0,0.0
2026-01-22,LOC-03,Team Leader,3,2.0,16.1,24.0,0.0
2026-03-12,LOC-03,Team Leader,3,3.0,24.23,24.0,0.0
2026-03-19,LOC-03,Team Leader,3,3.0,24.310000000000002,24.0,0.0
2026-04-16,LOC-03,Team Leader,3,3.0,23.73,24.0,0.0
2026-05-21,LOC-03,Team Leader,3,3.0,23.84,24.0,0.0
2026-07-02,LOC-03,Team Leader,3,3.0,24.32,24.0,0.0
2025-08-05,LOC-05,Registered Nurse,1,1.0,7.7,8.0,0.0
2025-08-10,LOC-05,Registered Nurse,1,1.0,10.48,8.0,1.0
2025-08-26,LOC-05,Registered Nurse,1,1.0,10.03,10.0,0.0
2025-08-31,LOC-05,Registered Nurse,1,1.0,7.94,8.0,0.0
2025-09-02,LOC-05,Registered Nurse,1,1.0,8.24,8.0,0.0
2025-09-05,LOC-05,Registered Nurse,1,1.0,8.05,8.0,0.0
2025-09-14,LOC-05,Registered Nurse,1,1.0,8.14,8.0,0.0
2025-09-24,LOC-05,Registered Nurse,1,1.0,7.93,8.0,0.0
2025-09-30,LOC-05,Registered Nurse,1,1.0,10.13,8.0,1.0
2025-10-07,LOC-05,Registered Nurse,1,1.0,8.16,8.0,0.0
2025-10-12,LOC-05,Registered Nurse,1,1.0,7.86,8.0,0.0
2025-10-14,LOC-05,Registered Nurse,1,1.0,7.81,8.0,0.0
2025-10-15,LOC-05,Registered Nurse,1,0.0,0.0,8.0,0.0
2025-10-29,LOC-05,Registered Nurse,1,1.0,8.04,8.0,0.0
2025-11-18,LOC-05,Registered Nurse,1,1.0,8.1,8.0,0.0
2025-11-19,LOC-05,Registered Nurse,1,1.0,8.08,8.0,0.0
2025-11-25,LOC-05,Registered Nurse,1,1.0,8.31,8.0,0.0
2025-11-28,LOC-05,Registered Nurse,1,1.0,8.15,8.0,0.0
2025-12-10,LOC-05,Registered Nurse,1,0.0,0.0,8.0,0.0
2025-12-17,LOC-05,Registered Nurse,1,1.0,7.91,8.0,0.0
2025-12-18,LOC-05,Registered Nurse,1,1.0,8.06,8.0,0.0
2025-12-19,LOC-05,Registered Nurse,1,1.0,7.73,8.0,0.0
2026-01-16,LOC-05,Registered Nurse,1,1.0,7.74,8.0,0.0
2026-01-18,LOC-05,Registered Nurse,1,1.0,8.01,8.0,0.0
2026-01-28,LOC-05,Registered Nurse,1,1.0,10.51,8.0,1.0
2026-02-03,LOC-05,Registered Nurse,1,1.0,8.16,8.0,0.0
2026-02-04,LOC-05,Registered Nurse,1,1.0,7.96,8.0,0.0
2026-02-06,LOC-05,Registered Nurse,1,1.0,8.04,8.0,0.0
2026-02-17,LOC-05,Registered Nurse,1,1.0,7.97,8.0,0.0
2026-02-18,LOC-05,Registered Nurse,1,1.0,7.81,8.0,0.0
2026-02-24,LOC-05,Registered Nurse,1,1.0,8.12,8.0,0.0
2026-02-26,LOC-05,Registered Nurse,1,1.0,8.28,8.0,0.0
2026-02-27,LOC-05,Registered Nurse,1,1.0,7.85,8.0,0.0
2026-03-04,LOC-05,Registered Nurse,1,1.0,7.9,8.0,0.0
2026-03-29,LOC-05,Registered Nurse,1,1.0,7.7,8.0,0.0
2026-04-02,LOC-05,Registered Nurse,1,1.0,8.01,8.0,0.0
2026-04-05,LOC-05,Registered Nurse,1,1.0,7.84,8.0,0.0
2026-04-09,LOC-05,Registered Nurse,1,1.0,8.38,8.0,0.0
2026-04-12,LOC-05,Registered Nurse,1,1.0,8.13,8.0,0.0
2026-04-22,LOC-05,Registered Nurse,1,1.0,8.12,8.0,0.0
2026-04-28,LOC-05,Registered Nurse,1,1.0,8.59,8.0,1.0
2026-05-03,LOC-05,Registered Nurse,1,1.0,7.86,8.0,0.0
2026-05-12,LOC-05,Registered Nurse,1,1.0,7.95,8.0,0.0
2026-05-13,LOC-05,Registered Nurse,1,1.0,8.13,8.0,0.0
2026-05-20,LOC-05,Registered Nurse,1,1.0,8.17,8.0,0.0
2026-05-27,LOC-05,Registered Nurse,1,1.0,8.15,8.0,0.0
2026-05-29,LOC-05,Registered Nurse,1,1.0,7.88,8.0,0.0
2026-06-07,LOC-05,Registered Nurse,1,1.0,8.04,8.0,0.0
2026-06-17,LOC-05,Registered Nurse,1,1.0,8.34,8.0,0.0
2026-06-26,LOC-05,Registered Nurse,1,1.0,8.06,8.0,0.0
2026-06-28,LOC-05,Registered Nurse,1,1.0,8.08,8.0,0.0
2026-06-30,LOC-05,Registered Nurse,1,1.0,8.14,8.0,0.0
2026-07-02,LOC-05,Registered Nurse,1,1.0,8.18,8.0,0.0
2026-07-07,LOC-05,Registered Nurse,1,0.0,0.0,8.0,0.0
2026-07-17,LOC-05,Registered Nurse,1,1.0,8.03,8.0,0.0
2026-07-21,LOC-05,Registered Nurse,1,1.0,8.3,8.0,0.0
2026-07-31,LOC-05,Registered Nurse,1,1.0,7.87,8.0,0.0
2025-08-08,LOC-07,Registered Nurse,1,1.0,8.17,8.0,0.0
2025-08-20,LOC-07,Registered Nurse,1,1.0,8.09,8.0,0.0
2025-08-24,LOC-07,Registered Nurse,1,1.0,7.69,8.0,0.0
2025-08-25,LOC-07,Registered Nurse,1,1.0,10.23,10.0,0.0
2025-08-26,LOC-07,Registered Nurse,1,1.0,7.92,8.0,0.0
2025-08-27,LOC-07,Registered Nurse,1,0.0,0.0,8.0,0.0
2025-08-31,LOC-07,Registered Nurse,1,1.0,8.09,8.0,0.0
2025-09-07,LOC-07,Registered Nurse,1,1.0,8.36,8.0,0.0
2025-09-08,LOC-07,Registered Nurse,1,1.0,10.4,8.0,1.0
2025-09-09,LOC-07,Registered Nurse,1,1.0,8.01,8.0,0.0
2025-09-16,LOC-07,Registered Nurse,1,1.0,8.1,8.0,0.0
2025-10-05,LOC-07,Registered Nurse,1,1.0,8.18,8.0,0.0
2025-10-06,LOC-07,Registered Nurse,1,1.0,8.14,8.0,0.0
2025-10-07,LOC-07,Registered Nurse,1,1.0,7.89,8.0,0.0
2025-10-10,LOC-07,Registered Nurse,1,1.0,10.47,8.0,1.0
2025-10-14,LOC-07,Registered Nurse,1,1.0,7.74,8.0,0.0
2025-10-17,LOC-07,Registered Nurse,1,1.0,8.08,8.0,0.0
2025-10-28,LOC-07,Registered Nurse,1,1.0,8.05,8.0,0.0
2025-11-02,LOC-07,Registered Nurse,1,1.0,9.72,10.0,0.0
2025-11-03,LOC-07,Registered Nurse,1,1.0,8.16,8.0,0.0
2025-11-09,LOC-07,Registered Nurse,1,1.0,7.86,8.0,0.0
2025-11-11,LOC-07,Registered Nurse,1,1.0,10.14,10.0,0.0
2025-11-12,LOC-07,Registered Nurse,1,1.0,8.13,8.0,0.0
2025-11-14,LOC-07,Registered Nurse,1,0.0,0.0,8.0,0.0
2025-11-19,LOC-07,Registered Nurse,1,1.0,7.98,8.0,0.0
2025-11-24,LOC-07,Registered Nurse,1,1.0,8.87,8.0,1.0
2025-11-26,LOC-07,Registered Nurse,1,1.0,8.06,8.0,0.0
2025-11-28,LOC-07,Registered Nurse,1,1.0,8.03,8.0,0.0
2025-12-02,LOC-07,Registered Nurse,1,1.0,7.71,8.0,0.0
2025-12-03,LOC-07,Registered Nurse,1,1.0,7.97,8.0,0.0
2025-12-09,LOC-07,Registered Nurse,1,1.0,7.95,8.0,0.0
2025-12-16,LOC-07,Registered Nurse,1,1.0,10.15,10.0,0.0
2025-12-21,LOC-07,Registered Nurse,1,1.0,7.83,8.0,0.0
2025-12-23,LOC-07,Registered Nurse,1,1.0,8.05,8.0,0.0
2025-12-26,LOC-07,Registered Nurse,1,1.0,7.97,8.0,0.0
2026-01-09,LOC-07,Registered Nurse,1,1.0,8.39,8.0,0.0
2026-01-11,LOC-07,Registered Nurse,1,0.0,0.0,8.0,0.0
2026-01-18,LOC-07,Registered Nurse,1,1.0,7.99,8.0,0.0
2026-01-21,LOC-07,Registered Nurse,1,1.0,7.79,8.0,0.0
2026-01-26,LOC-07,Registered Nurse,1,1.0,7.96,8.0,0.0
2026-01-28,LOC-07,Registered Nurse,1,1.0,8.07,8.0,0.0
2026-02-02,LOC-07,Registered Nurse,1,1.0,7.88,8.0,0.0
2026-02-04,LOC-07,Registered Nurse,1,1.0,7.91,8.0,0.0
2026-02-18,LOC-07,Registered Nurse,1,1.0,8.08,8.0,0.0
2026-02-22,LOC-07,Registered Nurse,1,1.0,7.99,8.0,0.0
2026-02-24,LOC-07,Registered Nurse,1,1.0,8.06,8.0,0.0
2026-02-25,LOC-07,Registered Nurse,1,1.0,8.09,8.0,0.0
2026-03-09,LOC-07,Registered Nurse,1,1.0,8.1,8.0,0.0
2026-03-16,LOC-07,Registered Nurse,1,1.0,8.27,8.0,0.0
2026-03-17,LOC-07,Registered Nurse,1,1.0,8.18,8.0,0.0
2026-03-20,LOC-07,Registered Nurse,1,1.0,8.86,8.0,1.0
2026-03-25,LOC-07,Registered Nurse,1,1.0,8.06,8.0,0.0
2026-03-27,LOC-07,Registered Nurse,1,1.0,10.01,8.0,1.0
2026-04-03,LOC-07,Registered Nurse,1,0.0,0.0,8.0,0.0
2026-04-06,LOC-07,Registered Nurse,1,1.0,10.09,8.0,1.0
2026-04-10,LOC-07,Registered Nurse,1,1.0,8.02,8.0,0.0
2026-04-17,LOC-07,Registered Nurse,1,1.0,8.04,8.0,0.0
2026-05-03,LOC-07,Registered Nurse,1,1.0,8.04,8.0,0.0
2026-05-04,LOC-07,Registered Nurse,1,1.0,9.77,8.0,1.0
2026-05-11,LOC-07,Registered Nurse,1,1.0,7.93,8.0,0.0
2026-05-12,LOC-07,Registered Nurse,1,1.0,7.94,8.0,0.0
2026-05-15,LOC-07,Registered Nurse,1,1.0,7.98,8.0,0.0
2026-05-18,LOC-07,Registered Nurse,1,1.0,7.92,8.0,0.0
2026-05-22,LOC-07,Registered Nurse,1,1.0,8.18,8.0,0.0
2026-05-29,LOC-07,Registered Nurse,1,1.0,7.6,8.0,0.0
2026-06-08,LOC-07,Registered Nurse,1,1.0,8.1,8.0,0.0
2026-06-15,LOC-07,Registered Nurse,1,1.0,8.05,8.0,0.0
2026-06-21,LOC-07,Registered Nurse,1,1.0,7.7,8.0,0.0
2026-06-22,LOC-07,Registered Nurse,1,1.0,8.56,8.0,1.0
2026-06-24,LOC-07,Registered Nurse,1,1.0,7.93,8.0,0.0
2026-06-29,LOC-07,Registered Nurse,1,1.0,7.82,8.0,0.0
2026-07-05,LOC-07,Registered Nurse,1,1.0,10.09,10.0,0.0
2026-07-12,LOC-07,Registered Nurse,1,1.0,8.27,8.0,0.0
2026-07-17,LOC-07,Registered Nurse,1,1.0,7.76,8.0,0.0
2025-08-04,LOC-08,Allied Health Clinician,1,1.0,7.95,8.0,0.0
2025-09-18,LOC-08,Allied Health Clinician,1,0.0,0.0,8.0,0.0
2025-09-22,LOC-08,Allied Health Clinician,1,1.0,10.04,10.0,0.0
2025-09-29,LOC-08,Allied Health Clinician,1,1.0,8.06,8.0,0.0
2025-10-06,LOC-08,Allied Health Clinician,1,1.0,9.88,10.0,0.0
2025-10-09,LOC-08,Allied Health Clinician,1,0.0,0.0,8.0,0.0
2025-10-20,LOC-08,Allied Health Clinician,1,0.0,0.0,8.0,0.0
2025-10-27,LOC-08,Allied Health Clinician,1,1.0,8.17,8.0,0.0
2025-11-10,LOC-08,Allied Health Clinician,1,1.0,7.89,8.0,0.0
2025-11-20,LOC-08,Allied Health Clinician,1,1.0,8.02,8.0,0.0
2025-12-04,LOC-08,Allied Health Clinician,1,1.0,7.96,8.0,0.0
2025-12-18,LOC-08,Allied Health Clinician,1,1.0,10.24,10.0,0.0
2025-12-25,LOC-08,Allied Health Clinician,1,1.0,9.89,8.0,1.0
2026-01-26,LOC-08,Allied Health Clinician,1,1.0,7.87,8.0,0.0
2026-02-02,LOC-08,Allied Health Clinician,1,1.0,8.11,8.0,0.0
2026-02-19,LOC-08,Allied Health Clinician,1,1.0,8.06,8.0,0.0
2026-02-23,LOC-08,Allied Health Clinician,1,1.0,8.03,8.0,0.0
2026-02-26,LOC-08,Allied Health Clinician,1,1.0,8.3,8.0,0.0
2026-03-05,LOC-08,Allied Health Clinician,1,1.0,7.89,8.0,0.0
2026-03-12,LOC-08,Allied Health Clinician,1,1.0,7.92,8.0,0.0
2026-03-30,LOC-08,Allied Health Clinician,1,1.0,7.94,8.0,0.0
2026-04-09,LOC-08,Allied Health Clinician,1,1.0,8.58,8.0,1.0
2026-04-13,LOC-08,Allied Health Clinician,1,1.0,7.87,8.0,0.0
2026-04-20,LOC-08,Allied Health Clinician,1,1.0,7.95,8.0,0.0
2026-04-27,LOC-08,Allied Health Clinician,1,1.0,8.0,8.0,0.0
2026-05-07,LOC-08,Allied Health Clinician,1,1.0,8.07,8.0,0.0
2026-05-18,LOC-08,Allied Health Clinician,1,1.0,10.66,8.0,1.0
2026-05-21,LOC-08,Allied Health Clinician,1,1.0,8.31,8.0,0.0
2026-06-04,LOC-08,Allied Health Clinician,1,1.0,8.09,8.0,0.0
2026-06-08,LOC-08,Allied Health Clinician,1,1.0,8.0,8.0,0.0
2026-06-11,LOC-08,Allied Health Clinician,1,1.0,8.15,8.0,0.0
2026-06-29,LOC-08,Allied Health Clinician,1,0.0,0.0,8.0,0.0
2026-07-09,LOC-08,Allied Health Clinician,1,1.0,8.17,8.0,0.0
2025-08-04,LOC-08,Team Leader,1,1.0,7.92,8.0,0.0
2025-08-08,LOC-08,Team Leader,1,1.0,8.06,8.0,0.0
2025-09-05,LOC-08,Team Leader,1,1.0,8.09,8.0,0.0
2025-09-22,LOC-08,Team Leader,1,1.0,7.95,8.0,0.0
2025-09-26,LOC-08,Team Leader,1,1.0,8.09,8.0,0.0
2025-09-29,LOC-08,Team Leader,1,1.0,8.0,8.0,0.0
2025-10-06,LOC-08,Team Leader,1,1.0,8.99,8.0,1.0
2025-10-17,LOC-08,Team Leader,1,1.0,7.84,8.0,0.0
2025-10-20,LOC-08,Team Leader,1,1.0,7.99,8.0,0.0
2025-10-24,LOC-08,Team Leader,1,1.0,10.18,10.0,0.0
2025-10-27,LOC-08,Team Leader,1,1.0,9.3,8.0,1.0
2025-11-10,LOC-08,Team Leader,1,1.0,8.1,8.0,0.0
2025-11-28,LOC-08,Team Leader,1,1.0,8.1,8.0,0.0
2025-12-12,LOC-08,Team Leader,1,1.0,8.08,8.0,0.0
2025-12-26,LOC-08,Team Leader,1,1.0,7.97,8.0,0.0
2026-01-02,LOC-08,Team Leader,1,1.0,8.05,8.0,0.0
2026-01-16,LOC-08,Team Leader,1,1.0,7.85,8.0,0.0
2026-01-26,LOC-08,Team Leader,1,1.0,8.35,8.0,0.0
2026-02-02,LOC-08,Team Leader,1,1.0,7.88,8.0,0.0
2026-02-23,LOC-08,Team Leader,1,1.0,8.04,8.0,0.0
2026-03-06,LOC-08,Team Leader,1,1.0,8.17,8.0,0.0
2026-03-17,LOC-08,Team Leader,1,1.0,9.99,10.0,0.0
2026-03-30,LOC-08,Team Leader,1,1.0,7.73,8.0,0.0
2026-04-13,LOC-08,Team Leader,1,1.0,7.91,8.0,0.0
2026-04-20,LOC-08,Team Leader,1,1.0,10.16,10.0,0.0
2026-05-18,LOC-08,Team Leader,1,1.0,8.08,8.0,0.0
2026-05-29,LOC-08,Team Leader,1,1.0,10.73,8.0,1.0
2026-06-05,LOC-08,Team Leader,1,0.0,0.0,8.0,0.0
2026-06-08,LOC-08,Team Leader,1,1.0,8.22,8.0,0.0
2026-06-12,LOC-08,Team Leader,1,1.0,8.05,8.0,0.0
2026-06-29,LOC-08,Team Leader,1,1.0,7.9,8.0,0.0
2026-02-05,LOC-03,Team Leader,2,2.0,18.02,18.0,0.0
2026-04-09,LOC-03,Team Leader,1,1.0,7.94,8.0,0.0
2025-08-22,LOC-06,Registered Nurse,1,0.0,0.0,8.0,0.0
2025-09-07,LOC-06,Registered Nurse,1,1.0,7.95,8.0,0.0
2025-09-14,LOC-06,Registered Nurse,1,1.0,8.23,8.0,0.0
2025-09-15,LOC-06,Registered Nurse,1,1.0,7.85,8.0,0.0
2025-09-18,LOC-06,Registered Nurse,1,1.0,8.2,8.0,0.0
2025-09-19,LOC-06,Registered Nurse,1,1.0,8.04,8.0,0.0
2025-09-25,LOC-06,Registered Nurse,1,1.0,9.99,8.0,1.0
2025-10-06,LOC-06,Registered Nurse,1,1.0,7.93,8.0,0.0
2025-10-10,LOC-06,Registered Nurse,1,1.0,7.84,8.0,0.0
2025-10-12,LOC-06,Registered Nurse,1,1.0,8.95,8.0,1.0
2025-10-16,LOC-06,Registered Nurse,1,1.0,8.14,8.0,0.0
2025-10-17,LOC-06,Registered Nurse,1,1.0,12.14,10.0,1.0
2025-10-23,LOC-06,Registered Nurse,1,1.0,7.75,8.0,0.0
2025-10-24,LOC-06,Registered Nurse,1,1.0,7.89,8.0,0.0
2025-10-25,LOC-06,Registered Nurse,1,1.0,7.98,8.0,0.0
2025-10-30,LOC-06,Registered Nurse,1,1.0,8.16,8.0,0.0
2025-11-01,LOC-06,Registered Nurse,1,1.0,7.9,8.0,0.0
2025-11-08,LOC-06,Registered Nurse,1,1.0,8.23,8.0,0.0
2025-11-13,LOC-06,Registered Nurse,1,1.0,7.85,8.0,0.0
2025-11-16,LOC-06,Registered Nurse,1,1.0,7.88,8.0,0.0
2025-11-27,LOC-06,Registered Nurse,1,1.0,9.44,8.0,1.0
2025-11-29,LOC-06,Registered Nurse,1,1.0,7.89,8.0,0.0
2025-12-06,LOC-06,Registered Nurse,1,0.0,0.0,8.0,0.0
2025-12-07,LOC-06,Registered Nurse,1,1.0,8.1,8.0,0.0
2025-12-08,LOC-06,Registered Nurse,1,1.0,8.15,8.0,0.0
2025-12-22,LOC-06,Registered Nurse,1,1.0,7.99,8.0,0.0
2025-12-29,LOC-06,Registered Nurse,1,1.0,8.0,8.0,0.0
2026-01-04,LOC-06,Registered Nurse,1,1.0,7.97,8.0,0.0
2026-01-09,LOC-06,Registered Nurse,1,1.0,7.82,8.0,0.0
2026-01-12,LOC-06,Registered Nurse,1,1.0,9.97,8.0,1.0
2026-01-15,LOC-06,Registered Nurse,1,1.0,8.19,8.0,0.0
2026-01-16,LOC-06,Registered Nurse,1,1.0,9.83,10.0,0.0
2026-01-25,LOC-06,Registered Nurse,1,1.0,8.1,8.0,0.0
2026-01-26,LOC-06,Registered Nurse,1,1.0,7.92,8.0,0.0
2026-02-01,LOC-06,Registered Nurse,1,1.0,7.98,8.0,0.0
2026-02-06,LOC-06,Registered Nurse,1,1.0,8.17,8.0,0.0
2026-02-12,LOC-06,Registered Nurse,1,1.0,8.01,8.0,0.0
2026-02-13,LOC-06,Registered Nurse,1,1.0,7.76,8.0,0.0
2026-02-20,LOC-06,Registered Nurse,1,1.0,8.1,8.0,0.0
2026-02-28,LOC-06,Registered Nurse,1,1.0,8.09,8.0,0.0
2026-03-02,LOC-06,Registered Nurse,1,1.0,10.03,8.0,1.0
2026-03-06,LOC-06,Registered Nurse,1,1.0,7.97,8.0,0.0
2026-03-08,LOC-06,Registered Nurse,1,1.0,8.09,8.0,0.0
2026-03-12,LOC-06,Registered Nurse,1,1.0,7.89,8.0,0.0
2026-03-14,LOC-06,Registered Nurse,1,1.0,8.02,8.0,0.0
2026-03-21,LOC-06,Registered Nurse,1,1.0,7.69,8.0,0.0
2026-03-26,LOC-06,Registered Nurse,1,1.0,7.98,8.0,0.0
2026-03-27,LOC-06,Registered Nurse,1,1.0,8.14,8.0,0.0
2026-04-02,LOC-06,Registered Nurse,1,1.0,8.17,8.0,0.0
2026-04-06,LOC-06,Registered Nurse,1,1.0,8.2,8.0,0.0
2026-04-09,LOC-06,Registered Nurse,1,1.0,10.24,10.0,0.0
2026-04-10,LOC-06,Registered Nurse,1,1.0,8.28,8.0,0.0
2026-04-11,LOC-06,Registered Nurse,1,1.0,8.07,8.0,0.0
2026-04-17,LOC-06,Registered Nurse,1,1.0,8.01,8.0,0.0
2026-04-30,LOC-06,Registered Nurse,1,1.0,10.29,8.0,1.0
2026-05-02,LOC-06,Registered Nurse,1,1.0,8.04,8.0,0.0
2026-05-04,LOC-06,Registered Nurse,1,1.0,8.11,8.0,0.0
2026-05-08,LOC-06,Registered Nurse,1,1.0,9.82,8.0,1.0
2026-05-09,LOC-06,Registered Nurse,1,1.0,7.86,8.0,0.0
2026-05-15,LOC-06,Registered Nurse,1,1.0,7.97,8.0,0.0
2026-05-22,LOC-06,Registered Nurse,1,1.0,9.66,10.0,0.0
2026-06-11,LOC-06,Registered Nurse,1,1.0,8.04,8.0,0.0
2026-06-12,LOC-06,Registered Nurse,1,1.0,7.89,8.0,0.0
2026-06-15,LOC-06,Registered Nurse,1,1.0,8.26,8.0,0.0
2026-06-28,LOC-06,Registered Nurse,1,1.0,7.98,8.0,0.0
2026-07-02,LOC-06,Registered Nurse,1,1.0,10.15,8.0,1.0
2026-07-06,LOC-06,Registered Nurse,1,1.0,8.16,8.0,0.0
2026-07-11,LOC-06,Registered Nurse,1,1.0,8.14,8.0,0.0
2026-07-19,LOC-06,Registered Nurse,1,1.0,8.06,8.0,0.0
2026-07-20,LOC-06,Registered Nurse,1,1.0,7.93,8.0,0.0
2026-07-25,LOC-06,Registered Nurse,1,1.0,7.92,8.0,0.0
2025-08-01,LOC-02,Coordinator,1,1.0,8.25,8.0,0.0
2025-08-13,LOC-02,Coordinator,1,1.0,8.15,8.0,0.0
2025-08-22,LOC-02,Coordinator,1,1.0,7.93,8.0,0.0
2025-09-11,LOC-02,Coordinator,1,1.0,9.28,8.0,1.0
2025-09-18,LOC-02,Coordinator,1,1.0,7.74,8.0,0.0
2025-09-23,LOC-02,Coordinator,1,1.0,7.67,8.0,0.0
2025-09-26,LOC-02,Coordinator,1,1.0,8.13,8.0,0.0
2025-10-07,LOC-02,Coordinator,1,1.0,8.01,8.0,0.0
2025-10-31,LOC-02,Coordinator,1,1.0,7.92,8.0,0.0
2025-11-05,LOC-02,Coordinator,1,1.0,7.89,8.0,0.0
2025-11-18,LOC-02,Coordinator,1,1.0,8.1,8.0,0.0
2025-11-25,LOC-02,Coordinator,1,1.0,10.59,8.0,1.0
2025-12-16,LOC-02,Coordinator,1,1.0,7.89,8.0,0.0
2025-12-18,LOC-02,Coordinator,1,1.0,9.9,10.0,0.0
2025-12-25,LOC-02,Coordinator,1,1.0,7.8,8.0,0.0
2025-12-26,LOC-02,Coordinator,1,1.0,8.14,8.0,0.0
2026-01-02,LOC-02,Coordinator,1,1.0,8.21,8.0,0.0
2026-01-08,LOC-02,Coordinator,1,1.0,7.96,8.0,0.0
2026-02-05,LOC-02,Coordinator,1,1.0,8.11,8.0,0.0
2026-02-06,LOC-02,Coordinator,1,1.0,7.77,8.0,0.0
2026-02-19,LOC-02,Coordinator,1,1.0,7.9,8.0,0.0
2026-02-24,LOC-02,Coordinator,1,1.0,7.97,8.0,0.0
2026-03-10,LOC-02,Coordinator,1,1.0,8.2,8.0,0.0
2026-03-17,LOC-02,Coordinator,1,1.0,8.36,8.0,0.0
2026-03-24,LOC-02,Coordinator,1,1.0,8.07,8.0,0.0
2026-03-27,LOC-02,Coordinator,1,1.0,8.03,8.0,0.0
2026-03-31,LOC-02,Coordinator,1,1.0,7.87,8.0,0.0
2026-04-02,LOC-02,Coordinator,1,1.0,8.02,8.0,0.0
2026-04-10,LOC-02,Coordinator,1,1.0,8.15,8.0,0.0
2026-04-14,LOC-02,Coordinator,1,1.0,7.62,8.0,0.0
2026-04-28,LOC-02,Coordinator,1,1.0,7.63,8.0,0.0
2026-04-30,LOC-02,Coordinator,1,1.0,7.82,8.0,0.0
2026-05-07,LOC-02,Coordinator,1,1.0,8.33,8.0,0.0
2026-05-14,LOC-02,Coordinator,1,1.0,10.02,10.0,0.0
2026-05-22,LOC-02,Coordinator,1,1.0,9.92,10.0,0.0
2026-06-19,LOC-02,Coordinator,1,1.0,7.99,8.0,0.0
2026-06-23,LOC-02,Coordinator,1,1.0,7.98,8.0,0.0
2026-06-25,LOC-02,Coordinator,1,1.0,7.78,8.0,0.0
2026-06-30,LOC-02,Coordinator,1,1.0,7.93,8.0,0.0
2026-07-02,LOC-02,Coordinator,1,1.0,8.04,8.0,0.0
2026-07-14,LOC-02,Coordinator,1,1.0,8.65,8.0,1.0
2026-07-23,LOC-02,Coordinator,1,1.0,8.07,8.0,0.0
2026-07-31,LOC-02,Coordinator,1,1.0,7.89,8.0,0.0
2025-08-03,LOC-10,Support Worker,5,4.0,34.36,42.0,0.0
2025-08-05,LOC-10,Support Worker,3,3.0,26.98,24.0,1.0
2025-08-10,LOC-10,Support Worker,5,4.0,32.129999999999995,40.0,0.0
2025-08-11,LOC-10,Support Worker,4,4.0,33.94,34.0,0.0
2025-08-24,LOC-10,Support Worker,5,4.0,33.81,42.0,0.0
2025-09-07,LOC-10,Support Worker,5,5.0,44.51,42.0,1.0
2025-09-21,LOC-10,Support Worker,5,4.0,34.24,42.0,0.0
2025-09-23,LOC-10,Support Worker,3,3.0,26.23,26.0,0.0
2025-09-29,LOC-10,Support Worker,4,4.0,34.49,32.0,2.0
2025-10-13,LOC-10,Support Worker,4,3.0,23.950000000000003,32.0,0.0
2025-11-04,LOC-10,Support Worker,2,2.0,16.09,16.0,0.0
2025-11-17,LOC-10,Support Worker,4,4.0,34.37,34.0,0.0
2025-11-18,LOC-10,Support Worker,3,3.0,24.919999999999998,24.0,1.0
2025-12-01,LOC-10,Support Worker,4,4.0,38.89,32.0,3.0
2025-12-07,LOC-10,Support Worker,5,5.0,39.96,40.0,0.0
2025-12-14,LOC-10,Support Worker,5,5.0,39.809999999999995,40.0,0.0
2025-12-22,LOC-10,Support Worker,4,4.0,32.089999999999996,32.0,0.0
2025-12-28,LOC-10,Support Worker,5,5.0,42.45,40.0,1.0
2026-01-04,LOC-10,Support Worker,4,4.0,32.65,32.0,0.0
2026-01-11,LOC-10,Support Worker,4,4.0,40.46,36.0,2.0
2026-01-20,LOC-10,Support Worker,2,2.0,18.04,16.0,1.0
2026-01-26,LOC-10,Support Worker,4,4.0,34.42,34.0,0.0
2026-02-02,LOC-10,Support Worker,4,4.0,33.56,32.0,1.0
2026-02-16,LOC-10,Support Worker,4,4.0,35.519999999999996,34.0,1.0
2026-03-03,LOC-10,Support Worker,3,3.0,24.099999999999998,24.0,0.0
2026-03-16,LOC-10,Support Worker,4,4.0,34.05,34.0,0.0
2026-03-31,LOC-10,Support Worker,3,3.0,25.63,26.0,0.0
2026-04-06,LOC-10,Support Worker,4,4.0,36.91,34.0,1.0
2026-04-13,LOC-10,Support Worker,3,2.0,16.26,24.0,0.0
2026-04-14,LOC-10,Support Worker,3,3.0,31.189999999999998,28.0,2.0
2026-04-27,LOC-10,Support Worker,3,3.0,23.770000000000003,24.0,0.0
2026-05-12,LOC-10,Support Worker,2,2.0,18.17,18.0,0.0
2026-05-19,LOC-10,Support Worker,3,3.0,25.62,24.0,1.0
2026-06-01,LOC-10,Support Worker,3,3.0,24.97,24.0,1.0
2026-06-02,LOC-10,Support Worker,3,3.0,23.689999999999998,24.0,0.0
2026-07-06,LOC-10,Support Worker,4,4.0,34.88,32.0,2.0
2026-07-14,LOC-10,Support Worker,3,3.0,28.880000000000003,26.0,1.0
2026-07-19,LOC-10,Support Worker,5,4.0,36.08,44.0,0.0
2025-09-05,LOC-05,Allied Health Clinician,2,2.0,16.189999999999998,16.0,0.0
2025-09-24,LOC-05,Allied Health Clinician,2,1.0,7.88,16.0,0.0
2025-10-15,LOC-05,Allied Health Clinician,2,2.0,15.73,16.0,0.0
2025-10-29,LOC-05,Allied Health Clinician,2,2.0,17.03,16.0,1.0
2025-11-19,LOC-05,Allied Health Clinician,2,2.0,16.25,16.0,0.0
2025-11-28,LOC-05,Allied Health Clinician,2,1.0,8.08,16.0,0.0
2025-12-10,LOC-05,Allied Health Clinician,2,2.0,17.85,18.0,0.0
2025-12-17,LOC-05,Allied Health Clinician,2,2.0,18.65,16.0,1.0
2025-12-19,LOC-05,Allied Health Clinician,2,2.0,15.879999999999999,16.0,0.0
2026-01-02,LOC-05,Allied Health Clinician,1,1.0,9.37,8.0,1.0
2026-01-07,LOC-05,Allied Health Clinician,1,0.0,0.0,8.0,0.0
2026-01-16,LOC-05,Allied Health Clinician,2,2.0,17.84,18.0,0.0
2026-01-28,LOC-05,Allied Health Clinician,2,2.0,16.18,16.0,0.0
2026-02-04,LOC-05,Allied Health Clinician,2,2.0,15.79,16.0,0.0
2026-02-06,LOC-05,Allied Health Clinician,2,2.0,16.07,16.0,0.0
2026-02-18,LOC-05,Allied Health Clinician,2,2.0,15.81,16.0,0.0
2026-02-27,LOC-05,Allied Health Clinician,2,2.0,16.02,16.0,0.0
2026-03-04,LOC-05,Allied Health Clinician,2,2.0,18.310000000000002,18.0,0.0
2026-03-20,LOC-05,Allied Health Clinician,2,1.0,7.96,16.0,0.0
2026-04-22,LOC-05,Allied Health Clinician,2,2.0,15.88,16.0,0.0
2026-05-13,LOC-05,Allied Health Clinician,2,2.0,16.439999999999998,16.0,0.0
2026-05-20,LOC-05,Allied Health Clinician,2,2.0,18.12,16.0,1.0
2026-06-17,LOC-05,Allied Health Clinician,1,1.0,8.02,8.0,0.0
2026-06-26,LOC-05,Allied Health Clinician,2,2.0,16.08,16.0,0.0
2026-07-17,LOC-05,Allied Health Clinician,2,2.0,15.89,16.0,0.0
2026-07-31,LOC-05,Allied Health Clinician,2,2.0,19.47,18.0,1.0
2025-09-02,LOC-01,Coordinator,1,1.0,8.13,8.0,0.0
2025-09-16,LOC-01,Coordinator,1,1.0,8.03,8.0,0.0
2025-09-23,LOC-01,Coordinator,1,1.0,8.33,8.0,0.0
2025-09-30,LOC-01,Coordinator,1,1.0,8.13,8.0,0.0
2025-10-07,LOC-01,Coordinator,1,1.0,8.61,8.0,1.0
2025-10-28,LOC-01,Coordinator,1,1.0,7.89,8.0,0.0
2025-11-14,LOC-01,Coordinator,2,2.0,20.240000000000002,20.0,0.0
2025-12-02,LOC-01,Coordinator,1,1.0,9.8,10.0,0.0
2025-12-05,LOC-01,Coordinator,2,2.0,15.73,16.0,0.0
2025-12-30,LOC-01,Coordinator,1,1.0,8.09,8.0,0.0
2026-01-02,LOC-01,Coordinator,2,2.0,16.14,16.0,0.0
2026-01-13,LOC-01,Coordinator,1,1.0,7.93,8.0,0.0
2026-01-16,LOC-01,Coordinator,2,2.0,18.11,18.0,0.0
2026-01-23,LOC-01,Coordinator,2,2.0,15.780000000000001,16.0,0.0
2026-02-13,LOC-01,Coordinator,2,2.0,15.98,16.0,0.0
2026-02-17,LOC-01,Coordinator,1,1.0,7.91,8.0,0.0
2026-05-29,LOC-01,Coordinator,2,2.0,15.89,16.0,0.0
2026-07-07,LOC-01,Coordinator,1,1.0,9.99,10.0,0.0
2026-07-10,LOC-01,Coordinator,2,2.0,15.95,16.0,0.0
2026-07-14,LOC-01,Coordinator,1,1.0,8.15,8.0,0.0
2025-08-04,LOC-09,Support Worker,4,4.0,31.64,32.0,0.0
2025-08-11,LOC-09,Support Worker,4,4.0,36.31,34.0,1.0
2025-08-18,LOC-09,Support Worker,4,4.0,35.07,34.0,1.0
2025-08-25,LOC-09,Support Worker,4,4.0,33.8,34.0,0.0
2025-09-01,LOC-09,Support Worker,3,3.0,23.970000000000002,24.0,0.0
2025-09-08,LOC-09,Support Worker,4,4.0,34.519999999999996,32.0,2.0
2025-09-11,LOC-09,Support Worker,3,3.0,25.98,26.0,0.0
2025-09-18,LOC-09,Support Worker,3,3.0,23.98,24.0,0.0
2025-10-09,LOC-09,Support Worker,3,3.0,23.97,24.0,0.0
2025-11-10,LOC-09,Support Worker,3,3.0,24.270000000000003,24.0,0.0
2025-11-17,LOC-09,Support Worker,3,3.0,26.05,26.0,0.0
2025-12-04,LOC-09,Support Worker,4,3.0,23.96,32.0,0.0
2025-12-11,LOC-09,Support Worker,4,4.0,32.07,32.0,0.0
2025-12-22,LOC-09,Support Worker,4,4.0,31.48,32.0,0.0
2025-12-25,LOC-09,Support Worker,4,4.0,34.15,34.0,0.0
2026-01-12,LOC-09,Support Worker,4,4.0,31.51,32.0,0.0
2026-01-15,LOC-09,Support Worker,4,4.0,31.77,32.0,0.0
2026-02-12,LOC-09,Support Worker,4,4.0,31.950000000000003,32.0,0.0
2026-02-19,LOC-09,Support Worker,4,3.0,26.26,34.0,1.0
2026-02-26,LOC-09,Support Worker,3,3.0,23.78,24.0,0.0
2026-03-23,LOC-09,Support Worker,4,4.0,32.01,32.0,0.0
2026-03-26,LOC-09,Support Worker,4,4.0,36.57,34.0,1.0
2026-04-20,LOC-09,Support Worker,4,4.0,35.06999999999999,34.0,1.0
2026-04-30,LOC-09,Support Worker,4,4.0,33.980000000000004,34.0,1.0
2026-05-11,LOC-09,Support Worker,4,4.0,31.520000000000003,32.0,0.0
2026-05-18,LOC-09,Support Worker,4,4.0,31.950000000000003,32.0,0.0
2026-05-28,LOC-09,Support Worker,4,4.0,35.739999999999995,34.0,1.0
2026-06-01,LOC-09,Support Worker,4,4.0,33.95,34.0,0.0
2026-06-04,LOC-09,Support Worker,4,4.0,34.74,32.0,1.0
2026-07-09,LOC-09,Support Worker,3,3.0,24.63,24.0,1.0
2025-08-18,LOC-05,Team Leader,2,2.0,18.21,16.0,1.0
2025-09-08,LOC-05,Team Leader,2,2.0,18.89,16.0,1.0
2025-10-20,LOC-05,Team Leader,2,2.0,18.28,16.0,1.0
2025-10-27,LOC-05,Team Leader,2,2.0,16.14,16.0,0.0
2025-11-10,LOC-05,Team Leader,2,2.0,16.04,16.0,0.0
2025-11-17,LOC-05,Team Leader,2,1.0,8.83,16.0,1.0
2025-12-18,LOC-05,Team Leader,1,1.0,7.95,8.0,0.0
2025-12-22,LOC-05,Team Leader,2,2.0,16.08,16.0,0.0
2026-01-19,LOC-05,Team Leader,2,2.0,18.17,18.0,0.0
2026-02-09,LOC-05,Team Leader,2,2.0,18.34,16.0,1.0
2026-02-26,LOC-05,Team Leader,1,1.0,8.08,8.0,0.0
2026-03-02,LOC-05,Team Leader,2,2.0,15.94,16.0,0.0
2026-03-09,LOC-05,Team Leader,2,2.0,17.86,16.0,1.0
2026-04-02,LOC-05,Team Leader,1,1.0,7.85,8.0,0.0
2026-04-09,LOC-05,Team Leader,1,1.0,8.28,8.0,0.0
2026-05-25,LOC-05,Team Leader,2,2.0,15.899999999999999,16.0,0.0
2026-06-15,LOC-05,Team Leader,2,2.0,16.11,16.0,0.0
2026-07-02,LOC-05,Team Leader,1,0.0,0.0,8.0,0.0
2026-07-20,LOC-05,Team Leader,2,1.0,8.05,16.0,0.0
2026-07-27,LOC-05,Team Leader,2,2.0,16.119999999999997,16.0,0.0
2025-08-03,LOC-05,Support Worker,2,2.0,15.94,16.0,0.0
2025-09-11,LOC-05,Support Worker,5,5.0,40.2,40.0,0.0
2025-09-21,LOC-05,Support Worker,2,2.0,19.18,18.0,1.0
2025-09-23,LOC-05,Support Worker,3,3.0,24.09,24.0,0.0
2025-10-05,LOC-05,Support Worker,2,2.0,16.79,16.0,1.0
2025-10-19,LOC-05,Support Worker,2,2.0,16.169999999999998,16.0,0.0
2025-11-16,LOC-05,Support Worker,2,2.0,15.98,16.0,0.0
2025-11-23,LOC-05,Support Worker,2,2.0,16.27,16.0,0.0
2025-11-30,LOC-05,Support Worker,2,1.0,8.03,16.0,0.0
2025-12-21,LOC-05,Support Worker,2,2.0,16.09,16.0,0.0
2026-01-04,LOC-05,Support Worker,2,2.0,17.87,18.0,0.0
2026-01-11,LOC-05,Support Worker,2,2.0,15.870000000000001,16.0,0.0
2026-02-15,LOC-05,Support Worker,2,2.0,16.1,16.0,0.0
2026-03-01,LOC-05,Support Worker,2,2.0,15.79,16.0,0.0
2026-03-08,LOC-05,Support Worker,1,1.0,8.16,8.0,0.0
2026-03-22,LOC-05,Support Worker,2,2.0,16.02,16.0,0.0
2026-05-10,LOC-05,Support Worker,2,2.0,18.72,16.0,1.0
2026-05-24,LOC-05,Support Worker,2,2.0,16.25,16.0,0.0
2026-05-26,LOC-05,Support Worker,3,3.0,24.67,24.0,1.0
2026-06-09,LOC-05,Support Worker,3,3.0,23.73,24.0,0.0
2026-06-14,LOC-05,Support Worker,2,2.0,17.98,18.0,0.0
2026-07-05,LOC-05,Support Worker,2,2.0,16.11,16.0,0.0
2026-07-30,LOC-05,Support Worker,4,4.0,32.089999999999996,32.0,0.0
2025-08-08,LOC-06,Support Worker,3,3.0,27.97,28.0,0.0
2025-08-10,LOC-06,Support Worker,2,2.0,16.03,16.0,0.0
2025-08-11,LOC-06,Support Worker,3,3.0,28.81,28.0,1.0
2025-08-15,LOC-06,Support Worker,3,3.0,24.01,24.0,0.0
2025-08-17,LOC-06,Support Worker,2,2.0,17.979999999999997,18.0,0.0
2025-08-19,LOC-06,Support Worker,3,3.0,28.07,26.0,1.0
2025-08-21,LOC-06,Support Worker,3,3.0,24.490000000000002,24.0,0.0
2025-08-26,LOC-06,Support Worker,2,2.0,16.07,16.0,0.0
2025-08-29,LOC-06,Support Worker,3,3.0,23.740000000000002,24.0,0.0
2025-09-08,LOC-06,Support Worker,3,3.0,24.24,24.0,0.0
2025-09-09,LOC-06,Support Worker,3,3.0,26.98,24.0,1.0
2025-09-11,LOC-06,Support Worker,3,2.0,17.810000000000002,28.0,0.0
2025-09-12,LOC-06,Support Worker,3,3.0,24.119999999999997,24.0,0.0
2025-09-23,LOC-06,Support Worker,3,3.0,28.1,24.0,2.0
2025-09-28,LOC-06,Support Worker,2,2.0,15.76,16.0,0.0
2025-10-02,LOC-06,Support Worker,3,3.0,24.04,24.0,0.0
2025-10-20,LOC-06,Support Worker,3,3.0,24.060000000000002,24.0,0.0
2025-10-21,LOC-06,Support Worker,3,3.0,23.89,24.0,0.0
2025-10-26,LOC-06,Support Worker,2,2.0,18.57,18.0,1.0
2025-10-27,LOC-06,Support Worker,3,3.0,24.009999999999998,24.0,0.0
2025-10-31,LOC-06,Support Worker,3,3.0,26.060000000000002,26.0,0.0
2025-11-09,LOC-06,Support Worker,2,2.0,17.990000000000002,18.0,0.0
2025-11-10,LOC-06,Support Worker,3,2.0,16.009999999999998,24.0,0.0
2025-11-14,LOC-06,Support Worker,3,3.0,24.13,24.0,0.0
2025-11-17,LOC-06,Support Worker,2,2.0,16.25,16.0,0.0
2025-11-28,LOC-06,Support Worker,3,3.0,24.2,24.0,0.0
2025-11-30,LOC-06,Support Worker,2,2.0,16.54,16.0,0.0
2025-12-04,LOC-06,Support Worker,2,2.0,16.01,16.0,0.0
2025-12-30,LOC-06,Support Worker,3,3.0,25.549999999999997,24.0,1.0
2026-01-05,LOC-06,Support Worker,3,3.0,29.66,24.0,2.0
2026-01-19,LOC-06,Support Worker,2,2.0,16.08,16.0,0.0
2026-01-20,LOC-06,Support Worker,2,2.0,15.829999999999998,16.0,0.0
2026-01-22,LOC-06,Support Worker,2,2.0,17.380000000000003,16.0,1.0
2026-01-27,LOC-06,Support Worker,3,2.0,18.520000000000003,24.0,1.0
2026-01-29,LOC-06,Support Worker,3,3.0,23.89,24.0,0.0
2026-01-30,LOC-06,Support Worker,2,2.0,15.66,16.0,0.0
2026-02-08,LOC-06,Support Worker,2,2.0,18.87,18.0,1.0
2026-02-26,LOC-06,Support Worker,3,3.0,28.909999999999997,28.0,1.0
2026-03-09,LOC-06,Support Worker,3,3.0,26.14,26.0,0.0
2026-03-20,LOC-06,Support Worker,3,3.0,23.52,24.0,0.0
2026-03-23,LOC-06,Support Worker,3,3.0,26.04,26.0,0.0
2026-03-29,LOC-06,Support Worker,2,2.0,15.99,16.0,0.0
2026-03-31,LOC-06,Support Worker,3,3.0,25.009999999999998,24.0,1.0
2026-04-03,LOC-06,Support Worker,3,3.0,26.84,24.0,1.0
2026-04-20,LOC-06,Support Worker,3,3.0,23.95,24.0,0.0
2026-04-23,LOC-06,Support Worker,3,3.0,25.66,24.0,1.0
2026-04-24,LOC-06,Support Worker,3,3.0,23.65,24.0,0.0
2026-04-26,LOC-06,Support Worker,2,2.0,15.93,16.0,0.0
2026-05-10,LOC-06,Support Worker,2,2.0,17.759999999999998,18.0,0.0
2026-05-12,LOC-06,Support Worker,3,3.0,24.18,24.0,0.0
2026-05-17,LOC-06,Support Worker,2,2.0,17.96,18.0,0.0
2026-05-19,LOC-06,Support Worker,3,3.0,28.65,28.0,1.0
2026-05-21,LOC-06,Support Worker,3,3.0,25.879999999999995,26.0,0.0
2026-06-02,LOC-06,Support Worker,3,3.0,25.509999999999998,26.0,0.0
2026-06-08,LOC-06,Support Worker,3,3.0,24.15,24.0,0.0
2026-06-14,LOC-06,Support Worker,2,2.0,16.31,16.0,0.0
2026-06-19,LOC-06,Support Worker,3,2.0,17.65,26.0,0.0
2026-06-21,LOC-06,Support Worker,2,2.0,16.35,16.0,0.0
2026-06-23,LOC-06,Support Worker,3,3.0,24.21,24.0,0.0
2026-06-29,LOC-06,Support Worker,3,2.0,16.42,24.0,0.0
2026-06-30,LOC-06,Support Worker,3,3.0,23.979999999999997,24.0,0.0
2026-07-09,LOC-06,Support Worker,3,3.0,25.67,26.0,0.0
2026-07-10,LOC-06,Support Worker,3,3.0,23.759999999999998,24.0,0.0
2026-07-12,LOC-06,Support Worker,2,2.0,18.28,16.0,1.0
2026-07-13,LOC-06,Support Worker,3,3.0,24.59,24.0,1.0
2026-07-14,LOC-06,Support Worker,3,3.0,23.63,24.0,0.0
2026-07-23,LOC-06,Support Worker,3,3.0,27.130000000000003,26.0,1.0
2026-07-26,LOC-06,Support Worker,2,2.0,17.240000000000002,16.0,1.0
2025-08-11,LOC-03,Support Worker,1,1.0,8.75,8.0,1.0
2025-08-18,LOC-03,Support Worker,2,2.0,16.12,16.0,0.0
2025-08-25,LOC-03,Support Worker,2,2.0,17.15,16.0,1.0
2025-09-07,LOC-03,Support Worker,2,2.0,15.79,16.0,0.0
2025-10-05,LOC-03,Support Worker,2,2.0,15.81,16.0,0.0
2025-10-06,LOC-03,Support Worker,1,1.0,8.06,8.0,0.0
2025-10-19,LOC-03,Support Worker,2,2.0,16.11,16.0,0.0
2025-10-20,LOC-03,Support Worker,2,2.0,16.06,16.0,0.0
2025-11-10,LOC-03,Support Worker,2,2.0,15.49,16.0,0.0
2025-12-14,LOC-03,Support Worker,2,2.0,17.94,18.0,0.0
2025-12-29,LOC-03,Support Worker,2,2.0,16.189999999999998,16.0,0.0
2026-01-05,LOC-03,Support Worker,2,2.0,17.78,16.0,1.0
2026-01-12,LOC-03,Support Worker,2,2.0,15.7,16.0,0.0
2026-02-01,LOC-03,Support Worker,2,2.0,15.85,16.0,0.0
2026-02-02,LOC-03,Support Worker,2,2.0,16.189999999999998,16.0,0.0
2026-02-16,LOC-03,Support Worker,2,2.0,16.67,16.0,1.0
2026-03-01,LOC-03,Support Worker,2,2.0,18.28,16.0,1.0
2026-04-12,LOC-03,Support Worker,2,2.0,16.22,16.0,0.0
2026-04-20,LOC-03,Support Worker,2,2.0,18.009999999999998,16.0,1.0
2026-04-26,LOC-03,Support Worker,2,2.0,16.060000000000002,16.0,0.0
2026-06-21,LOC-03,Support Worker,2,2.0,17.11,16.0,1.0
2026-06-22,LOC-03,Support Worker,1,1.0,7.92,8.0,0.0
2026-07-06,LOC-03,Support Worker,2,2.0,16.24,16.0,0.0
2026-07-13,LOC-03,Support Worker,2,2.0,22.96,20.0,1.0
2026-07-20,LOC-03,Support Worker,2,2.0,17.990000000000002,18.0,0.0
2025-08-04,LOC-07,Support Worker,4,4.0,33.61,32.0,1.0
2025-08-05,LOC-07,Support Worker,1,1.0,10.11,10.0,0.0
2025-08-18,LOC-07,Support Worker,4,4.0,36.04,36.0,0.0
2025-08-19,LOC-07,Support Worker,1,1.0,8.08,8.0,0.0
2025-10-13,LOC-07,Support Worker,4,4.0,32.58,32.0,0.0
2025-10-20,LOC-07,Support Worker,4,4.0,31.549999999999997,32.0,0.0
2025-10-21,LOC-07,Support Worker,1,1.0,8.02,8.0,0.0
2025-11-04,LOC-07,Support Worker,1,1.0,7.8,8.0,0.0
2025-11-25,LOC-07,Support Worker,1,0.0,0.0,8.0,0.0
2025-12-01,LOC-07,Support Worker,4,4.0,35.34,34.0,1.0
2025-12-22,LOC-07,Support Worker,4,4.0,36.81,36.0,1.0
2026-03-02,LOC-07,Support Worker,4,4.0,32.06,32.0,0.0
2026-03-10,LOC-07,Support Worker,1,1.0,8.14,8.0,0.0
2026-04-07,LOC-07,Support Worker,1,1.0,7.86,8.0,0.0
2026-04-13,LOC-07,Support Worker,4,4.0,32.51,32.0,0.0
2026-04-28,LOC-07,Support Worker,1,1.0,8.21,8.0,0.0
2026-05-05,LOC-07,Support Worker,1,1.0,7.94,8.0,0.0
2026-06-30,LOC-07,Support Worker,1,1.0,7.93,8.0,0.0
2026-07-21,LOC-07,Support Worker,1,1.0,8.02,8.0,0.0
2026-07-28,LOC-07,Support Worker,1,1.0,9.8,10.0,0.0
2025-08-09,LOC-05,Team Leader,1,1.0,8.1,8.0,0.0
2025-09-05,LOC-05,Team Leader,1,1.0,10.33,10.0,0.0
2025-09-06,LOC-05,Team Leader,1,1.0,10.76,8.0,1.0
2025-10-25,LOC-05,Team Leader,1,1.0,7.95,8.0,0.0
2025-11-28,LOC-05,Team Leader,1,1.0,9.68,10.0,0.0
2025-12-19,LOC-05,Team Leader,1,1.0,8.0,8.0,0.0
2025-12-27,LOC-05,Team Leader,1,1.0,7.98,8.0,0.0
2026-01-02,LOC-05,Team Leader,1,1.0,9.95,10.0,0.0
2026-01-03,LOC-05,Team Leader,1,1.0,9.92,8.0,1.0
2026-01-16,LOC-05,Team Leader,1,1.0,7.98,8.0,0.0
2026-02-06,LOC-05,Team Leader,1,1.0,8.15,8.0,0.0
2026-02-21,LOC-05,Team Leader,1,1.0,8.04,8.0,0.0
2026-02-27,LOC-05,Team Leader,1,1.0,8.24,8.0,0.0
2026-03-20,LOC-05,Team Leader,1,1.0,8.04,8.0,0.0
2026-03-28,LOC-05,Team Leader,1,1.0,7.84,8.0,0.0
2026-04-04,LOC-05,Team Leader,1,1.0,7.92,8.0,0.0
2026-04-25,LOC-05,Team Leader,1,1.0,8.05,8.0,0.0
2026-05-23,LOC-05,Team Leader,1,1.0,8.12,8.0,0.0
2026-05-29,LOC-05,Team Leader,1,1.0,7.98,8.0,0.0
2026-06-26,LOC-05,Team Leader,1,1.0,8.04,8.0,0.0
2026-07-17,LOC-05,Team Leader,1,1.0,8.09,8.0,0.0
2026-07-31,LOC-05,Team Leader,1,1.0,7.96,8.0,0.0
2025-08-02,LOC-08,Support Worker,4,4.0,35.95,36.0,0.0
2025-08-18,LOC-08,Support Worker,5,5.0,44.01,44.0,0.0
2025-08-19,LOC-08,Support Worker,5,5.0,44.449999999999996,40.0,2.0
2025-08-25,LOC-08,Support Worker,5,5.0,42.519999999999996,40.0,1.0
2025-08-30,LOC-08,Support Worker,5,4.0,38.39,42.0,2.0
2025-09-08,LOC-08,Support Worker,5,4.0,36.62,42.0,1.0
2025-09-11,LOC-08,Support Worker,8,8.0,64.81,64.0,1.0
2025-09-15,LOC-08,Support Worker,5,5.0,42.489999999999995,42.0,0.0
2025-09-21,LOC-08,Support Worker,6,6.0,48.24999999999999,48.0,0.0
2025-09-25,LOC-08,Support Worker,8,8.0,68.74,66.0,1.0
2025-09-28,LOC-08,Support Worker,5,5.0,43.199999999999996,42.0,1.0
2025-10-02,LOC-08,Support Worker,7,7.0,61.89000000000001,58.0,2.0
2025-10-11,LOC-08,Support Worker,5,4.0,32.31,40.0,1.0
2025-10-12,LOC-08,Support Worker,5,4.0,32.35,42.0,0.0
2025-10-14,LOC-08,Support Worker,4,4.0,33.54,34.0,0.0
2025-10-18,LOC-08,Support Worker,5,5.0,40.32,40.0,0.0
2025-11-04,LOC-08,Support Worker,5,5.0,39.82,40.0,0.0
2025-11-08,LOC-08,Support Worker,5,5.0,40.63,40.0,1.0
2025-11-09,LOC-08,Support Worker,6,6.0,49.77,50.0,0.0
2025-11-11,LOC-08,Support Worker,5,5.0,43.269999999999996,40.0,2.0
2025-11-15,LOC-08,Support Worker,4,4.0,33.970000000000006,32.0,2.0
2025-11-17,LOC-08,Support Worker,4,4.0,32.06999999999999,32.0,0.0
2025-11-24,LOC-08,Support Worker,4,4.0,34.79,34.0,1.0
2025-11-25,LOC-08,Support Worker,3,3.0,25.89,24.0,1.0
2025-12-06,LOC-08,Support Worker,4,4.0,35.33,32.0,1.0
2025-12-07,LOC-08,Support Worker,6,6.0,49.94,50.0,0.0
2025-12-09,LOC-08,Support Worker,5,5.0,39.92,40.0,0.0
2025-12-20,LOC-08,Support Worker,5,5.0,42.870000000000005,40.0,2.0
2026-01-03,LOC-08,Support Worker,4,4.0,33.07,32.0,1.0
2026-01-05,LOC-08,Support Worker,5,5.0,49.620000000000005,42.0,3.0
2026-01-06,LOC-08,Support Worker,4,4.0,32.93,32.0,1.0
2026-01-10,LOC-08,Support Worker,5,5.0,39.83,40.0,0.0
2026-01-12,LOC-08,Support Worker,5,5.0,42.800000000000004,42.0,1.0
2026-01-13,LOC-08,Support Worker,5,5.0,40.25,40.0,0.0
2026-01-15,LOC-08,Support Worker,7,7.0,58.760000000000005,56.0,2.0
2026-01-18,LOC-08,Support Worker,6,6.0,50.24000000000001,50.0,0.0
2026-01-20,LOC-08,Support Worker,4,4.0,31.759999999999998,32.0,0.0
2026-01-25,LOC-08,Support Worker,5,5.0,40.519999999999996,40.0,1.0
2026-02-28,LOC-08,Support Worker,5,5.0,48.709999999999994,44.0,2.0
2026-03-09,LOC-08,Support Worker,5,5.0,42.22,42.0,0.0
2026-03-15,LOC-08,Support Worker,6,6.0,53.599999999999994,54.0,0.0
2026-03-21,LOC-08,Support Worker,5,5.0,40.85000000000001,40.0,1.0
2026-03-29,LOC-08,Support Worker,5,4.0,36.6,42.0,2.0
2026-04-06,LOC-08,Support Worker,5,4.0,38.41,44.0,2.0
2026-04-12,LOC-08,Support Worker,6,6.0,48.46,48.0,0.0
2026-04-26,LOC-08,Support Worker,6,6.0,48.0,48.0,0.0
2026-05-04,LOC-08,Support Worker,5,5.0,39.76,40.0,0.0
2026-05-10,LOC-08,Support Worker,6,6.0,53.53,54.0,0.0
2026-05-14,LOC-08,Support Worker,8,8.0,63.81,64.0,0.0
2026-05-25,LOC-08,Support Worker,5,5.0,42.56,42.0,0.0
2026-05-31,LOC-08,Support Worker,6,6.0,47.760000000000005,48.0,0.0
2026-06-01,LOC-08,Support Worker,5,5.0,44.86,42.0,2.0
2026-06-06,LOC-08,Support Worker,5,5.0,39.83,40.0,0.0
2026-06-18,LOC-08,Support Worker,7,7.0,61.48,58.0,2.0
2026-06-27,LOC-08,Support Worker,4,4.0,31.689999999999998,32.0,0.0
2026-06-28,LOC-08,Support Worker,4,4.0,34.41,34.0,0.0
2026-07-02,LOC-08,Support Worker,6,6.0,52.989999999999995,50.0,2.0
2026-07-05,LOC-08,Support Worker,6,6.0,52.56,50.0,2.0
2026-07-07,LOC-08,Support Worker,5,5.0,42.24,40.0,1.0
2026-07-18,LOC-08,Support Worker,5,5.0,43.8,42.0,2.0
2026-07-19,LOC-08,Support Worker,5,5.0,39.58,40.0,0.0
2026-07-20,LOC-08,Support Worker,5,5.0,42.129999999999995,42.0,0.0
2026-07-21,LOC-08,Support Worker,5,5.0,42.440000000000005,42.0,0.0
2026-07-26,LOC-08,Support Worker,6,6.0,51.36,50.0,1.0
2026-07-30,LOC-08,Support Worker,7,7.0,60.29,56.0,2.0
2025-08-15,LOC-08,Support Worker,4,4.0,33.97,34.0,0.0
2025-11-07,LOC-08,Support Worker,4,4.0,34.95,32.0,1.0
2025-11-14,LOC-08,Support Worker,4,4.0,31.57,32.0,0.0
2025-11-21,LOC-08,Support Worker,4,4.0,33.81,34.0,0.0
2026-01-09,LOC-08,Support Worker,4,4.0,32.11,32.0,0.0
2026-01-23,LOC-08,Support Worker,4,4.0,31.95,32.0,0.0
2026-02-13,LOC-08,Support Worker,4,4.0,36.17999999999999,34.0,1.0
2026-02-14,LOC-08,Support Worker,4,4.0,32.7,32.0,1.0
2026-03-13,LOC-08,Support Worker,4,4.0,33.620000000000005,34.0,0.0
2026-03-27,LOC-08,Support Worker,3,3.0,24.11,24.0,0.0
2025-09-30,LOC-10,Support Worker,2,2.0,15.98,16.0,0.0
2025-10-10,LOC-10,Support Worker,1,1.0,10.03,8.0,1.0
2025-11-14,LOC-10,Support Worker,2,2.0,17.64,16.0,1.0
2025-11-28,LOC-10,Support Worker,2,1.0,10.31,16.0,1.0
2025-12-19,LOC-10,Support Worker,2,2.0,15.82,16.0,0.0
2026-01-30,LOC-10,Support Worker,2,2.0,15.93,16.0,0.0
2026-02-13,LOC-10,Support Worker,2,1.0,9.19,16.0,1.0
2026-03-06,LOC-10,Support Worker,1,1.0,8.09,8.0,0.0
2026-04-21,LOC-10,Support Worker,2,2.0,18.08,18.0,0.0
2026-05-08,LOC-10,Support Worker,2,2.0,16.689999999999998,16.0,1.0
2026-05-29,LOC-10,Support Worker,2,2.0,18.21,16.0,1.0
2026-06-05,LOC-10,Support Worker,2,2.0,15.78,16.0,0.0
2026-06-26,LOC-10,Support Worker,2,2.0,17.35,16.0,1.0
2026-07-03,LOC-10,Support Worker,2,2.0,16.04,16.0,0.0
2025-08-07,LOC-04,Coordinator,1,1.0,8.05,8.0,0.0
2025-09-04,LOC-04,Coordinator,1,1.0,8.31,8.0,0.0
2025-09-21,LOC-04,Coordinator,1,1.0,8.17,8.0,0.0
2025-09-28,LOC-04,Coordinator,1,1.0,8.26,8.0,0.0
2025-10-05,LOC-04,Coordinator,1,1.0,8.01,8.0,0.0
2025-11-02,LOC-04,Coordinator,1,1.0,7.9,8.0,0.0
2025-11-20,LOC-04,Coordinator,1,1.0,7.97,8.0,0.0
2025-11-30,LOC-04,Coordinator,1,1.0,7.74,8.0,0.0
2025-12-04,LOC-04,Coordinator,1,1.0,8.18,8.0,0.0
2026-01-11,LOC-04,Coordinator,1,1.0,8.0,8.0,0.0
2026-01-22,LOC-04,Coordinator,1,1.0,8.02,8.0,0.0
2026-01-29,LOC-04,Coordinator,1,1.0,7.98,8.0,0.0
2026-02-01,LOC-04,Coordinator,1,1.0,7.68,8.0,0.0
2026-02-26,LOC-04,Coordinator,1,1.0,11.63,10.0,1.0
2026-03-05,LOC-04,Coordinator,1,1.0,8.15,8.0,0.0
2026-03-08,LOC-04,Coordinator,1,1.0,7.98,8.0,0.0
2026-03-19,LOC-04,Coordinator,1,1.0,10.07,10.0,0.0
2026-03-26,LOC-04,Coordinator,1,1.0,8.21,8.0,0.0
2026-04-02,LOC-04,Coordinator,1,1.0,8.02,8.0,0.0
2026-04-05,LOC-04,Coordinator,1,1.0,7.94,8.0,0.0
2026-04-12,LOC-04,Coordinator,1,1.0,9.84,10.0,0.0
2026-04-19,LOC-04,Coordinator,1,1.0,7.65,8.0,0.0
2026-04-26,LOC-04,Coordinator,1,1.0,7.95,8.0,0.0
2026-05-24,LOC-04,Coordinator,1,1.0,8.01,8.0,0.0
2026-06-14,LOC-04,Coordinator,1,1.0,10.9,8.0,1.0
2026-06-18,LOC-04,Coordinator,1,1.0,7.73,8.0,0.0
2026-06-28,LOC-04,Coordinator,1,1.0,7.94,8.0,0.0
2026-07-05,LOC-04,Coordinator,1,1.0,8.06,8.0,0.0
2026-07-12,LOC-04,Coordinator,1,1.0,8.07,8.0,0.0
2026-07-26,LOC-04,Coordinator,1,1.0,10.31,8.0,1.0
2025-08-18,LOC-10,Team Leader,1,1.0,8.33,8.0,0.0
2025-08-23,LOC-10,Team Leader,1,1.0,7.97,8.0,0.0
2025-08-25,LOC-10,Team Leader,1,1.0,7.86,8.0,0.0
2025-08-29,LOC-10,Team Leader,1,1.0,8.15,8.0,0.0
2025-09-12,LOC-10,Team Leader,1,1.0,10.07,10.0,0.0
2025-09-22,LOC-10,Team Leader,1,0.0,0.0,8.0,0.0
2025-10-06,LOC-10,Team Leader,1,1.0,8.0,8.0,0.0
2025-10-11,LOC-10,Team Leader,1,1.0,8.1,8.0,0.0
2025-10-20,LOC-10,Team Leader,1,1.0,7.77,8.0,0.0
2025-10-24,LOC-10,Team Leader,1,1.0,7.55,8.0,0.0
2025-10-31,LOC-10,Team Leader,1,1.0,8.11,8.0,0.0
2025-11-03,LOC-10,Team Leader,1,1.0,8.12,8.0,0.0
2025-12-26,LOC-10,Team Leader,1,1.0,7.9,8.0,0.0
2026-01-02,LOC-10,Team Leader,1,1.0,7.98,8.0,0.0
2026-01-12,LOC-10,Team Leader,1,1.0,7.98,8.0,0.0
2026-02-06,LOC-10,Team Leader,1,1.0,7.88,8.0,0.0
2026-03-07,LOC-10,Team Leader,1,1.0,10.2,10.0,0.0
2026-03-09,LOC-10,Team Leader,1,1.0,10.27,8.0,1.0
2026-03-23,LOC-10,Team Leader,1,1.0,8.21,8.0,0.0
2026-03-27,LOC-10,Team Leader,1,1.0,8.14,8.0,0.0
2026-04-11,LOC-10,Team Leader,1,1.0,7.91,8.0,0.0
2026-04-17,LOC-10,Team Leader,1,1.0,7.91,8.0,0.0
2026-04-24,LOC-10,Team Leader,1,1.0,7.91,8.0,0.0
2026-04-25,LOC-10,Team Leader,1,1.0,8.02,8.0,0.0
2026-05-09,LOC-10,Team Leader,1,1.0,7.87,8.0,0.0
2026-05-15,LOC-10,Team Leader,1,1.0,7.87,8.0,0.0
2026-05-23,LOC-10,Team Leader,1,1.0,8.04,8.0,0.0
2026-06-08,LOC-10,Team Leader,1,1.0,7.83,8.0,0.0
2026-06-13,LOC-10,Team Leader,1,1.0,8.1,8.0,0.0
2026-06-27,LOC-10,Team Leader,1,1.0,8.05,8.0,0.0
2026-07-10,LOC-10,Team Leader,1,1.0,9.32,8.0,1.0
2026-07-11,LOC-10,Team Leader,1,1.0,9.85,8.0,1.0
2026-07-25,LOC-10,Team Leader,1,1.0,8.08,8.0,0.0
2026-07-27,LOC-10,Team Leader,1,1.0,12.81,10.0,1.0
2026-07-31,LOC-10,Team Leader,1,1.0,7.98,8.0,0.0
2025-08-15,LOC-03,Support Worker,3,3.0,25.67,24.0,1.0
2025-10-03,LOC-03,Support Worker,3,3.0,26.810000000000002,26.0,1.0
2025-10-10,LOC-03,Support Worker,3,3.0,23.7,24.0,0.0
2025-12-26,LOC-03,Support Worker,3,3.0,26.32,26.0,0.0
2026-01-02,LOC-03,Support Worker,3,2.0,15.76,24.0,0.0
2026-01-16,LOC-03,Support Worker,3,3.0,23.630000000000003,24.0,0.0
2026-01-23,LOC-03,Support Worker,3,2.0,17.98,26.0,0.0
2026-01-30,LOC-03,Support Worker,3,3.0,26.1,26.0,0.0
2026-03-13,LOC-03,Support Worker,3,3.0,24.36,24.0,0.0
2026-03-20,LOC-03,Support Worker,3,3.0,24.0,24.0,0.0
2026-04-17,LOC-03,Support Worker,3,3.0,24.060000000000002,24.0,0.0
2026-04-24,LOC-03,Support Worker,3,3.0,23.759999999999998,24.0,0.0
2026-05-01,LOC-03,Support Worker,3,3.0,23.63,24.0,0.0
2026-05-08,LOC-03,Support Worker,3,3.0,28.27,28.0,1.0
2026-05-22,LOC-03,Support Worker,3,2.0,16.33,24.0,0.0
2026-05-29,LOC-03,Support Worker,3,3.0,24.080000000000002,24.0,0.0
2026-06-19,LOC-03,Support Worker,3,3.0,23.77,24.0,0.0
2026-06-26,LOC-03,Support Worker,3,3.0,24.16,24.0,0.0
2026-07-24,LOC-03,Support Worker,3,3.0,27.11,26.0,1.0
2025-08-05,LOC-05,Allied Health Clinician,2,2.0,17.33,16.0,1.0
2025-08-09,LOC-05,Allied Health Clinician,3,3.0,26.66,24.0,1.0
2025-08-10,LOC-05,Allied Health Clinician,2,2.0,20.259999999999998,20.0,0.0
2025-08-18,LOC-05,Allied Health Clinician,3,3.0,26.79,24.0,1.0
2025-08-26,LOC-05,Allied Health Clinician,2,2.0,16.04,16.0,0.0
2025-08-31,LOC-05,Allied Health Clinician,2,2.0,16.3,16.0,0.0
2025-09-02,LOC-05,Allied Health Clinician,2,2.0,16.04,16.0,0.0
2025-09-06,LOC-05,Allied Health Clinician,3,3.0,25.689999999999998,26.0,0.0
2025-09-08,LOC-05,Allied Health Clinician,3,3.0,24.91,24.0,1.0
2025-09-14,LOC-05,Allied Health Clinician,2,2.0,16.130000000000003,16.0,0.0
2025-09-30,LOC-05,Allied Health Clinician,2,2.0,15.940000000000001,16.0,0.0
2025-10-07,LOC-05,Allied Health Clinician,2,2.0,18.03,18.0,0.0
2025-10-12,LOC-05,Allied Health Clinician,2,2.0,16.24,16.0,0.0
2025-10-14,LOC-05,Allied Health Clinician,2,2.0,16.32,16.0,0.0
2025-10-20,LOC-05,Allied Health Clinician,3,3.0,24.27,24.0,0.0
2025-10-25,LOC-05,Allied Health Clinician,2,2.0,16.38,16.0,0.0
2025-10-27,LOC-05,Allied Health Clinician,2,2.0,16.42,16.0,1.0
2025-11-10,LOC-05,Allied Health Clinician,3,3.0,24.79,24.0,1.0
2025-11-17,LOC-05,Allied Health Clinician,3,3.0,26.84,24.0,1.0
2025-11-18,LOC-05,Allied Health Clinician,2,2.0,17.7,18.0,0.0
2026-01-03,LOC-05,Allied Health Clinician,2,2.0,16.36,16.0,1.0
2026-01-18,LOC-05,Allied Health Clinician,2,2.0,17.57,18.0,0.0
2026-01-19,LOC-05,Allied Health Clinician,3,3.0,26.169999999999998,24.0,1.0
2026-02-03,LOC-05,Allied Health Clinician,2,2.0,17.79,18.0,0.0
2026-02-09,LOC-05,Allied Health Clinician,3,2.0,16.14,26.0,0.0
2026-02-17,LOC-05,Allied Health Clinician,2,2.0,15.85,16.0,0.0
2026-02-21,LOC-05,Allied Health Clinician,3,3.0,23.52,24.0,0.0
2026-02-24,LOC-05,Allied Health Clinician,2,2.0,15.96,16.0,0.0
2026-02-26,LOC-05,Allied Health Clinician,3,3.0,27.83,28.0,0.0
2026-03-02,LOC-05,Allied Health Clinician,3,3.0,24.28,24.0,0.0
2026-03-09,LOC-05,Allied Health Clinician,3,2.0,15.71,24.0,0.0
2026-03-28,LOC-05,Allied Health Clinician,3,3.0,25.96,26.0,0.0
2026-03-29,LOC-05,Allied Health Clinician,2,2.0,20.310000000000002,20.0,0.0
2026-04-02,LOC-05,Allied Health Clinician,2,2.0,16.02,16.0,0.0
2026-04-04,LOC-05,Allied Health Clinician,3,3.0,24.409999999999997,24.0,0.0
2026-04-05,LOC-05,Allied Health Clinician,2,2.0,16.07,16.0,0.0
2026-04-09,LOC-05,Allied Health Clinician,3,3.0,27.029999999999998,26.0,1.0
2026-04-12,LOC-05,Allied Health Clinician,2,1.0,8.16,16.0,0.0
2026-04-25,LOC-05,Allied Health Clinician,3,2.0,17.47,24.0,1.0
2026-04-28,LOC-05,Allied Health Clinician,2,2.0,18.07,16.0,1.0
2026-05-03,LOC-05,Allied Health Clinician,1,1.0,7.97,8.0,0.0
2026-05-12,LOC-05,Allied Health Clinician,1,1.0,8.0,8.0,0.0
2026-05-23,LOC-05,Allied Health Clinician,3,3.0,23.61,24.0,0.0
2026-05-25,LOC-05,Allied Health Clinician,3,3.0,24.590000000000003,24.0,0.0
2026-06-07,LOC-05,Allied Health Clinician,2,2.0,15.93,16.0,0.0
2026-06-15,LOC-05,Allied Health Clinician,2,2.0,18.0,18.0,0.0
2026-06-28,LOC-05,Allied Health Clinician,2,2.0,16.03,16.0,0.0
2026-06-30,LOC-05,Allied Health Clinician,2,2.0,17.13,16.0,1.0
2026-07-20,LOC-05,Allied Health Clinician,3,3.0,25.339999999999996,24.0,1.0
2026-07-21,LOC-05,Allied Health Clinician,2,2.0,17.700000000000003,18.0,0.0
2026-07-27,LOC-05,Allied Health Clinician,2,2.0,16.01,16.0,0.0
2025-09-24,LOC-01,Allied Health Clinician,1,1.0,8.32,8.0,0.0
2025-11-05,LOC-01,Allied Health Clinician,1,1.0,8.19,8.0,0.0
2025-12-03,LOC-01,Allied Health Clinician,1,1.0,8.04,8.0,0.0
2025-12-10,LOC-01,Allied Health Clinician,1,1.0,8.04,8.0,0.0
2025-12-17,LOC-01,Allied Health Clinician,1,1.0,7.94,8.0,0.0
2026-01-14,LOC-01,Allied Health Clinician,1,1.0,8.05,8.0,0.0
2026-01-28,LOC-01,Allied Health Clinician,1,1.0,10.35,8.0,1.0
2026-03-18,LOC-01,Allied Health Clinician,1,1.0,7.96,8.0,0.0
2026-04-01,LOC-01,Allied Health Clinician,1,1.0,7.94,8.0,0.0
2026-04-29,LOC-01,Allied Health Clinician,1,1.0,7.88,8.0,0.0
2026-05-13,LOC-01,Allied Health Clinician,1,1.0,8.07,8.0,0.0
2026-06-24,LOC-01,Allied Health Clinician,1,1.0,9.8,8.0,1.0
2026-07-22,LOC-01,Allied Health Clinician,1,1.0,8.91,8.0,1.0
2025-08-09,LOC-03,Support Worker,1,1.0,8.1,8.0,0.0
2025-08-19,LOC-03,Support Worker,3,3.0,27.95,28.0,0.0
2025-09-09,LOC-03,Support Worker,3,3.0,25.779999999999998,26.0,0.0
2025-09-16,LOC-03,Support Worker,3,3.0,30.03,26.0,2.0
2025-09-20,LOC-03,Support Worker,1,1.0,7.95,8.0,0.0
2025-09-30,LOC-03,Support Worker,3,2.0,15.83,24.0,0.0
2025-10-18,LOC-03,Support Worker,1,1.0,7.99,8.0,0.0
2025-10-25,LOC-03,Support Worker,1,0.0,0.0,8.0,0.0
2025-11-22,LOC-03,Support Worker,1,1.0,8.13,8.0,0.0
2025-12-09,LOC-03,Support Worker,2,2.0,18.08,16.0,1.0
2025-12-30,LOC-03,Support Worker,3,3.0,23.91,24.0,0.0
2026-01-03,LOC-03,Support Worker,1,1.0,8.02,8.0,0.0
2026-01-06,LOC-03,Support Worker,3,3.0,23.92,24.0,0.0
2026-02-03,LOC-03,Support Worker,3,3.0,24.619999999999997,24.0,1.0
2026-03-03,LOC-03,Support Worker,3,3.0,26.47,24.0,1.0
2026-03-07,LOC-03,Support Worker,1,1.0,7.94,8.0,0.0
2026-04-18,LOC-03,Support Worker,1,1.0,7.86,8.0,0.0
2026-04-28,LOC-03,Support Worker,3,3.0,24.14,24.0,0.0
2026-05-09,LOC-03,Support Worker,1,1.0,8.33,8.0,0.0
2026-05-26,LOC-03,Support Worker,3,3.0,25.949999999999996,26.0,0.0
2026-06-13,LOC-03,Support Worker,1,1.0,8.02,8.0,0.0
2026-07-04,LOC-03,Support Worker,1,1.0,9.53,8.0,1.0
2026-07-28,LOC-03,Support Worker,3,2.0,15.690000000000001,24.0,0.0
2025-08-04,LOC-02,Support Worker,4,4.0,31.630000000000003,32.0,0.0
2025-08-08,LOC-02,Support Worker,4,4.0,31.96,32.0,0.0
2025-08-11,LOC-02,Support Worker,4,4.0,35.4,32.0,2.0
2025-08-30,LOC-02,Support Worker,3,3.0,23.63,24.0,0.0
2025-09-02,LOC-02,Support Worker,3,3.0,24.03,24.0,0.0
2025-09-05,LOC-02,Support Worker,4,4.0,33.89,34.0,0.0
2025-09-12,LOC-02,Support Worker,4,4.0,37.25,36.0,1.0
2025-09-21,LOC-02,Support Worker,4,4.0,33.87,34.0,0.0
2025-09-30,LOC-02,Support Worker,3,2.0,17.75,24.0,1.0
2025-10-03,LOC-02,Support Worker,4,4.0,31.8,32.0,0.0
2025-10-10,LOC-02,Support Worker,4,4.0,32.32,32.0,0.0
2025-10-12,LOC-02,Support Worker,4,4.0,33.18,32.0,1.0
2025-10-19,LOC-02,Support Worker,4,3.0,23.16,32.0,0.0
2025-10-24,LOC-02,Support Worker,3,2.0,16.189999999999998,24.0,0.0
2025-10-27,LOC-02,Support Worker,3,2.0,17.630000000000003,24.0,1.0
2025-11-09,LOC-02,Support Worker,4,4.0,33.71,34.0,0.0
2025-11-24,LOC-02,Support Worker,3,3.0,25.240000000000002,24.0,1.0
2025-11-28,LOC-02,Support Worker,3,3.0,25.53,26.0,0.0
2025-11-30,LOC-02,Support Worker,4,4.0,31.46,32.0,0.0
2025-12-01,LOC-02,Support Worker,4,4.0,37.95,34.0,2.0
2025-12-05,LOC-02,Support Worker,3,3.0,24.089999999999996,24.0,0.0
2025-12-07,LOC-02,Support Worker,4,4.0,31.77,32.0,0.0
2025-12-09,LOC-02,Support Worker,3,3.0,23.87,24.0,0.0
2025-12-12,LOC-02,Support Worker,3,3.0,23.950000000000003,24.0,0.0
2025-12-22,LOC-02,Support Worker,4,4.0,33.98,34.0,0.0
2025-12-30,LOC-02,Support Worker,3,3.0,24.34,24.0,0.0
2026-01-12,LOC-02,Support Worker,4,4.0,32.5,32.0,1.0
2026-01-31,LOC-02,Support Worker,3,3.0,23.72,24.0,0.0
2026-02-09,LOC-02,Support Worker,4,4.0,35.56,32.0,2.0
2026-02-14,LOC-02,Support Worker,3,3.0,23.759999999999998,24.0,0.0
2026-02-27,LOC-02,Support Worker,4,4.0,31.66,32.0,0.0
2026-03-01,LOC-02,Support Worker,4,4.0,32.06,32.0,0.0
2026-03-14,LOC-02,Support Worker,2,2.0,17.75,18.0,0.0
2026-03-15,LOC-02,Support Worker,2,2.0,15.920000000000002,16.0,0.0
2026-03-21,LOC-02,Support Worker,2,2.0,16.12,16.0,0.0
2026-03-22,LOC-02,Support Worker,2,2.0,15.89,16.0,0.0
2026-03-28,LOC-02,Support Worker,3,3.0,23.97,24.0,0.0
2026-04-18,LOC-02,Support Worker,3,3.0,26.13,26.0,0.0
2026-04-21,LOC-02,Support Worker,3,3.0,24.01,24.0,0.0
2026-04-25,LOC-02,Support Worker,3,3.0,24.29,24.0,0.0
2026-04-27,LOC-02,Support Worker,3,3.0,23.970000000000002,24.0,0.0
2026-05-02,LOC-02,Support Worker,3,3.0,23.81,24.0,0.0
2026-05-05,LOC-02,Support Worker,3,2.0,16.58,24.0,0.0
2026-05-15,LOC-02,Support Worker,4,4.0,34.34,34.0,0.0
2026-05-16,LOC-02,Support Worker,3,3.0,25.809999999999995,24.0,1.0
2026-05-17,LOC-02,Support Worker,3,3.0,24.11,24.0,0.0
2026-05-18,LOC-02,Support Worker,4,4.0,32.51,32.0,1.0
2026-05-31,LOC-02,Support Worker,4,4.0,31.57,32.0,0.0
2026-06-01,LOC-02,Support Worker,4,4.0,31.849999999999998,32.0,0.0
2026-06-02,LOC-02,Support Worker,3,3.0,24.98,24.0,1.0
2026-06-09,LOC-02,Support Worker,3,2.0,15.879999999999999,24.0,0.0
2026-06-13,LOC-02,Support Worker,3,2.0,18.16,24.0,1.0
2026-06-15,LOC-02,Support Worker,4,4.0,34.78,32.0,1.0
2026-06-20,LOC-02,Support Worker,3,3.0,25.61,24.0,1.0
2026-06-21,LOC-02,Support Worker,4,4.0,34.03,34.0,0.0
2026-06-27,LOC-02,Support Worker,3,3.0,27.630000000000003,26.0,1.0
2026-07-04,LOC-02,Support Worker,3,3.0,25.910000000000004,26.0,0.0
2026-07-07,LOC-02,Support Worker,3,3.0,23.95,24.0,0.0
2026-07-13,LOC-02,Support Worker,4,4.0,32.47,32.0,0.0
2026-07-17,LOC-02,Support Worker,4,4.0,33.48,32.0,1.0
2026-07-20,LOC-02,Support Worker,4,4.0,34.52,32.0,1.0
2026-07-21,LOC-02,Support Worker,3,3.0,24.19,24.0,0.0
2026-07-24,LOC-02,Support Worker,4,3.0,25.450000000000003,34.0,1.0
2026-07-28,LOC-02,Support Worker,3,3.0,23.94,24.0,0.0
2025-11-25,LOC-05,Allied Health Clinician,1,1.0,7.97,8.0,0.0
2025-12-18,LOC-05,Allied Health Clinician,2,2.0,15.81,16.0,0.0
2025-12-22,LOC-05,Allied Health Clinician,2,2.0,17.35,16.0,1.0
2025-12-27,LOC-05,Allied Health Clinician,2,2.0,16.03,16.0,0.0
2026-07-02,LOC-05,Allied Health Clinician,2,2.0,18.54,16.0,1.0
2026-07-07,LOC-05,Allied Health Clinician,1,1.0,8.03,8.0,0.0
2025-08-05,LOC-09,Allied Health Clinician,1,1.0,7.75,8.0,0.0
2025-08-07,LOC-09,Allied Health Clinician,2,2.0,18.05,18.0,0.0
2025-08-12,LOC-09,Allied Health Clinician,1,1.0,8.09,8.0,0.0
2025-08-15,LOC-09,Allied Health Clinician,2,2.0,15.649999999999999,16.0,0.0
2025-08-19,LOC-09,Allied Health Clinician,1,1.0,7.98,8.0,0.0
2025-08-20,LOC-09,Allied Health Clinician,2,2.0,16.02,16.0,0.0
2025-08-23,LOC-09,Allied Health Clinician,2,2.0,15.850000000000001,16.0,0.0
2025-08-26,LOC-09,Allied Health Clinician,1,1.0,12.55,10.0,1.0
2025-08-30,LOC-09,Allied Health Clinician,2,1.0,7.84,16.0,0.0
2025-09-04,LOC-09,Allied Health Clinician,2,2.0,15.66,16.0,0.0
2025-09-09,LOC-09,Allied Health Clinician,1,1.0,12.09,10.0,1.0
2025-09-13,LOC-09,Allied Health Clinician,2,2.0,16.060000000000002,16.0,0.0
2025-09-19,LOC-09,Allied Health Clinician,2,2.0,16.009999999999998,16.0,0.0
2025-09-25,LOC-09,Allied Health Clinician,2,2.0,18.83,16.0,1.0
2025-09-30,LOC-09,Allied Health Clinician,1,1.0,11.56,10.0,1.0
2025-10-02,LOC-09,Allied Health Clinician,1,1.0,8.06,8.0,0.0
2025-10-08,LOC-09,Allied Health Clinician,1,1.0,7.98,8.0,0.0
2025-10-15,LOC-09,Allied Health Clinician,2,1.0,7.97,18.0,0.0
2025-10-16,LOC-09,Allied Health Clinician,2,2.0,15.8,16.0,0.0
2025-10-21,LOC-09,Allied Health Clinician,1,1.0,7.9,8.0,0.0
2025-10-23,LOC-09,Allied Health Clinician,2,2.0,15.899999999999999,16.0,0.0
2025-10-25,LOC-09,Allied Health Clinician,2,2.0,15.969999999999999,16.0,0.0
2025-11-01,LOC-09,Allied Health Clinician,2,2.0,18.020000000000003,18.0,0.0
2025-11-06,LOC-09,Allied Health Clinician,2,2.0,16.009999999999998,16.0,0.0
2025-11-13,LOC-09,Allied Health Clinician,2,2.0,15.82,16.0,0.0
2025-12-05,LOC-09,Allied Health Clinician,2,2.0,15.96,16.0,0.0
2025-12-10,LOC-09,Allied Health Clinician,2,2.0,16.07,16.0,0.0
2025-12-13,LOC-09,Allied Health Clinician,2,2.0,18.21,18.0,0.0
2025-12-16,LOC-09,Allied Health Clinician,1,1.0,8.25,8.0,0.0
2025-12-17,LOC-09,Allied Health Clinician,2,2.0,16.16,16.0,0.0
2025-12-18,LOC-09,Allied Health Clinician,2,2.0,16.23,16.0,0.0
2025-12-20,LOC-09,Allied Health Clinician,2,2.0,15.98,16.0,0.0
2025-12-23,LOC-09,Allied Health Clinician,1,1.0,10.07,10.0,0.0
2025-12-24,LOC-09,Allied Health Clinician,2,2.0,16.04,16.0,0.0
2025-12-27,LOC-09,Allied Health Clinician,2,1.0,7.83,16.0,0.0
2026-01-03,LOC-09,Allied Health Clinician,2,2.0,16.27,16.0,0.0
2026-01-07,LOC-09,Allied Health Clinician,2,2.0,15.84,16.0,0.0
2026-01-22,LOC-09,Allied Health Clinician,2,2.0,17.86,16.0,1.0
2026-01-31,LOC-09,Allied Health Clinician,2,2.0,17.46,16.0,1.0
2026-02-06,LOC-09,Allied Health Clinician,2,2.0,16.33,16.0,0.0
2026-02-14,LOC-09,Allied Health Clinician,2,2.0,16.14,16.0,0.0
2026-02-20,LOC-09,Allied Health Clinician,2,2.0,15.62,16.0,0.0
2026-03-10,LOC-09,Allied Health Clinician,1,1.0,8.13,8.0,0.0
2026-03-12,LOC-09,Allied Health Clinician,2,2.0,15.969999999999999,16.0,0.0
2026-03-17,LOC-09,Allied Health Clinician,1,1.0,8.18,8.0,0.0
2026-03-18,LOC-09,Allied Health Clinician,2,2.0,19.52,18.0,1.0
2026-03-20,LOC-09,Allied Health Clinician,2,2.0,16.27,16.0,0.0
2026-03-27,LOC-09,Allied Health Clinician,2,2.0,15.86,16.0,0.0
2026-04-01,LOC-09,Allied Health Clinician,2,2.0,15.92,16.0,0.0
2026-04-11,LOC-09,Allied Health Clinician,2,2.0,15.71,16.0,0.0
2026-04-14,LOC-09,Allied Health Clinician,1,1.0,7.98,8.0,0.0
2026-05-12,LOC-09,Allied Health Clinician,1,1.0,7.9,8.0,0.0
2026-05-13,LOC-09,Allied Health Clinician,2,2.0,16.08,16.0,0.0
2026-05-16,LOC-09,Allied Health Clinician,2,2.0,16.28,16.0,0.0
2026-05-19,LOC-09,Allied Health Clinician,1,1.0,7.97,8.0,0.0
2026-05-29,LOC-09,Allied Health Clinician,2,2.0,16.05,16.0,0.0
2026-06-06,LOC-09,Allied Health Clinician,2,2.0,15.73,16.0,0.0
2026-06-24,LOC-09,Allied Health Clinician,2,2.0,15.99,16.0,0.0
2026-06-25,LOC-09,Allied Health Clinician,2,2.0,15.47,16.0,0.0
2026-06-27,LOC-09,Allied Health Clinician,2,2.0,15.98,16.0,0.0
2026-07-10,LOC-09,Allied Health Clinician,2,2.0,16.54,16.0,1.0
2026-07-14,LOC-09,Allied Health Clinician,1,1.0,8.13,8.0,0.0
2026-07-24,LOC-09,Allied Health Clinician,2,2.0,18.189999999999998,18.0,0.0
2026-07-28,LOC-09,Allied Health Clinician,1,1.0,8.16,8.0,0.0
2026-07-29,LOC-09,Allied Health Clinician,2,2.0,17.060000000000002,16.0,1.0
2025-08-25,LOC-05,Support Worker,3,3.0,24.25,24.0,0.0
2025-09-29,LOC-05,Support Worker,3,3.0,23.75,24.0,0.0
2025-12-08,LOC-05,Support Worker,3,2.0,15.8,24.0,0.0
2026-02-23,LOC-05,Support Worker,3,3.0,24.16,24.0,0.0
2026-03-16,LOC-05,Support Worker,3,3.0,24.66,24.0,0.0
2026-03-23,LOC-05,Support Worker,3,3.0,24.130000000000003,24.0,0.0
2026-04-06,LOC-05,Support Worker,3,3.0,25.72,26.0,0.0
2026-04-13,LOC-05,Support Worker,3,3.0,25.93,26.0,0.0
2026-05-04,LOC-05,Support Worker,3,3.0,26.02,24.0,1.0
2026-05-18,LOC-05,Support Worker,3,3.0,26.06,26.0,0.0
2026-06-08,LOC-05,Support Worker,3,3.0,24.189999999999998,24.0,0.0
2026-06-22,LOC-05,Support Worker,3,3.0,23.93,24.0,0.0
2026-07-06,LOC-05,Support Worker,3,3.0,24.05,24.0,0.0
2025-08-19,LOC-08,Coordinator,1,1.0,8.13,8.0,0.0
2025-09-11,LOC-08,Coordinator,1,1.0,9.91,10.0,0.0
2025-09-21,LOC-08,Coordinator,1,1.0,8.04,8.0,0.0
2025-09-25,LOC-08,Coordinator,1,1.0,7.82,8.0,0.0
2025-09-28,LOC-08,Coordinator,1,1.0,7.87,8.0,0.0
2025-10-02,LOC-08,Coordinator,1,1.0,7.7,8.0,0.0
2025-10-12,LOC-08,Coordinator,1,1.0,10.81,8.0,1.0
2025-10-14,LOC-08,Coordinator,1,1.0,8.51,8.0,1.0
2025-11-04,LOC-08,Coordinator,1,1.0,8.12,8.0,0.0
2025-11-09,LOC-08,Coordinator,1,1.0,7.89,8.0,0.0
2025-11-11,LOC-08,Coordinator,1,1.0,10.19,10.0,0.0
2025-11-25,LOC-08,Coordinator,1,1.0,8.04,8.0,0.0
2025-12-07,LOC-08,Coordinator,1,1.0,8.26,8.0,0.0
2025-12-09,LOC-08,Coordinator,1,1.0,10.15,10.0,0.0
2026-01-06,LOC-08,Coordinator,1,1.0,8.24,8.0,0.0
2026-01-13,LOC-08,Coordinator,1,1.0,7.67,8.0,0.0
2026-01-15,LOC-08,Coordinator,1,1.0,7.82,8.0,0.0
2026-01-18,LOC-08,Coordinator,1,1.0,8.3,8.0,0.0
2026-01-20,LOC-08,Coordinator,1,1.0,9.18,8.0,1.0
2026-01-25,LOC-08,Coordinator,1,1.0,10.17,8.0,1.0
2026-03-15,LOC-08,Coordinator,1,1.0,8.01,8.0,0.0
2026-03-29,LOC-08,Coordinator,1,1.0,7.88,8.0,0.0
2026-04-12,LOC-08,Coordinator,1,1.0,7.99,8.0,0.0
2026-04-26,LOC-08,Coordinator,1,1.0,7.68,8.0,0.0
2026-05-10,LOC-08,Coordinator,1,1.0,8.17,8.0,0.0
2026-05-14,LOC-08,Coordinator,1,1.0,8.02,8.0,0.0
2026-05-31,LOC-08,Coordinator,1,1.0,7.85,8.0,0.0
2026-06-18,LOC-08,Coordinator,1,1.0,8.14,8.0,0.0
2026-06-28,LOC-08,Coordinator,1,1.0,7.93,8.0,0.0
2026-07-02,LOC-08,Coordinator,1,1.0,8.26,8.0,0.0
2026-07-05,LOC-08,Coordinator,1,0.0,0.0,8.0,0.0
2026-07-07,LOC-08,Coordinator,1,1.0,8.15,8.0,0.0
2026-07-19,LOC-08,Coordinator,1,1.0,8.11,8.0,0.0
2026-07-21,LOC-08,Coordinator,1,1.0,8.16,8.0,0.0
2026-07-26,LOC-08,Coordinator,1,1.0,10.25,8.0,1.0
2026-07-30,LOC-08,Coordinator,1,1.0,7.88,8.0,0.0
2025-08-01,LOC-05,Coordinator,2,2.0,15.940000000000001,16.0,0.0
2025-09-12,LOC-05,Coordinator,2,2.0,17.08,16.0,1.0
2025-10-24,LOC-05,Coordinator,2,2.0,15.87,16.0,0.0
2025-10-31,LOC-05,Coordinator,2,2.0,17.78,18.0,0.0
2025-11-07,LOC-05,Coordinator,2,2.0,15.84,16.0,0.0
2025-11-21,LOC-05,Coordinator,2,2.0,16.07,16.0,0.0
2025-12-26,LOC-05,Coordinator,2,2.0,15.93,16.0,0.0
2026-04-24,LOC-05,Coordinator,1,1.0,8.03,8.0,0.0
2026-05-15,LOC-05,Coordinator,2,2.0,16.1,16.0,0.0
2026-05-22,LOC-05,Coordinator,2,2.0,17.91,18.0,0.0
2026-07-10,LOC-05,Coordinator,2,2.0,17.81,18.0,0.0
2026-03-06,LOC-03,Support Worker,2,2.0,15.879999999999999,16.0,0.0
2025-09-03,LOC-06,Support Worker,2,2.0,19.259999999999998,18.0,1.0
2025-09-17,LOC-06,Support Worker,2,2.0,16.259999999999998,16.0,0.0
2025-11-26,LOC-06,Support Worker,2,2.0,19.65,16.0,2.0
2025-12-17,LOC-06,Support Worker,2,2.0,18.88,16.0,1.0
2026-01-07,LOC-06,Support Worker,2,2.0,16.66,16.0,1.0
2026-04-01,LOC-06,Support Worker,2,2.0,20.86,18.0,1.0
2026-04-22,LOC-06,Support Worker,2,2.0,18.16,18.0,0.0
2026-05-27,LOC-06,Support Worker,2,1.0,7.98,16.0,0.0
2026-06-17,LOC-06,Support Worker,2,2.0,15.969999999999999,16.0,0.0
2026-07-01,LOC-06,Support Worker,2,1.0,10.94,16.0,1.0
2025-09-25,LOC-02,Allied Health Clinician,2,2.0,17.37,16.0,1.0
2025-11-13,LOC-02,Allied Health Clinician,2,2.0,16.21,16.0,0.0
2025-11-14,LOC-02,Allied Health Clinician,1,1.0,8.15,8.0,0.0
2025-11-20,LOC-02,Allied Health Clinician,2,2.0,16.17,16.0,0.0
2025-12-04,LOC-02,Allied Health Clinician,2,2.0,15.73,16.0,0.0
2025-12-11,LOC-02,Allied Health Clinician,2,2.0,16.02,16.0,0.0
2026-01-01,LOC-02,Allied Health Clinician,2,2.0,15.84,16.0,0.0
2026-01-16,LOC-02,Allied Health Clinician,1,1.0,8.13,8.0,0.0
2026-01-22,LOC-02,Allied Health Clinician,2,1.0,7.93,16.0,0.0
2026-01-30,LOC-02,Allied Health Clinician,1,1.0,7.84,8.0,0.0
2026-02-13,LOC-02,Allied Health Clinician,1,1.0,8.07,8.0,0.0
2026-03-05,LOC-02,Allied Health Clinician,2,2.0,16.560000000000002,16.0,0.0
2026-03-19,LOC-02,Allied Health Clinician,2,2.0,15.76,16.0,0.0
2026-03-20,LOC-02,Allied Health Clinician,1,1.0,8.12,8.0,0.0
2026-03-26,LOC-02,Allied Health Clinician,2,2.0,17.0,16.0,1.0
2026-04-03,LOC-02,Allied Health Clinician,1,1.0,7.93,8.0,0.0
2026-04-23,LOC-02,Allied Health Clinician,2,2.0,15.59,16.0,0.0
2026-04-24,LOC-02,Allied Health Clinician,1,1.0,8.03,8.0,0.0
2026-05-21,LOC-02,Allied Health Clinician,2,2.0,15.98,16.0,0.0
2026-06-05,LOC-02,Allied Health Clinician,1,1.0,8.01,8.0,0.0
2026-06-11,LOC-02,Allied Health Clinician,2,2.0,15.91,16.0,0.0
2026-06-12,LOC-02,Allied Health Clinician,1,1.0,7.98,8.0,0.0
2026-06-26,LOC-02,Allied Health Clinician,1,1.0,7.76,8.0,0.0
2026-07-03,LOC-02,Allied Health Clinician,1,1.0,10.32,8.0,1.0
2026-07-10,LOC-02,Allied Health Clinician,1,1.0,7.99,8.0,0.0
2025-08-08,LOC-09,Support Worker,3,3.0,26.060000000000002,26.0,0.0
2025-08-09,LOC-09,Support Worker,3,3.0,23.96,24.0,0.0
2025-08-22,LOC-09,Support Worker,4,4.0,34.25,32.0,1.0
2025-08-29,LOC-09,Support Worker,4,4.0,33.59,34.0,0.0
2025-09-02,LOC-09,Support Worker,1,1.0,8.03,8.0,0.0
2025-09-06,LOC-09,Support Worker,3,3.0,23.75,24.0,0.0
2025-09-29,LOC-09,Support Worker,3,3.0,24.509999999999998,24.0,1.0
2025-10-03,LOC-09,Support Worker,4,4.0,33.6,32.0,1.0
2025-10-11,LOC-09,Support Worker,3,2.0,15.86,24.0,0.0
2025-11-07,LOC-09,Support Worker,3,3.0,25.32,24.0,1.0
2025-11-08,LOC-09,Support Worker,3,3.0,26.24,26.0,0.0
2025-11-14,LOC-09,Support Worker,3,3.0,24.32,24.0,0.0
2025-11-29,LOC-09,Support Worker,3,3.0,27.21,24.0,2.0
2025-12-06,LOC-09,Support Worker,3,2.0,17.98,26.0,0.0
2026-01-01,LOC-09,Support Worker,2,2.0,15.86,16.0,0.0
2026-01-06,LOC-09,Support Worker,1,1.0,8.05,8.0,0.0
2026-01-09,LOC-09,Support Worker,4,4.0,34.2,34.0,0.0
2026-01-10,LOC-09,Support Worker,3,3.0,25.28,24.0,1.0
2026-01-23,LOC-09,Support Worker,4,4.0,34.14,34.0,0.0
2026-01-24,LOC-09,Support Worker,2,2.0,17.1,16.0,1.0
2026-01-30,LOC-09,Support Worker,4,4.0,35.24,34.0,1.0
2026-02-03,LOC-09,Support Worker,1,1.0,9.39,8.0,1.0
2026-02-07,LOC-09,Support Worker,3,3.0,28.12,28.0,0.0
2026-02-13,LOC-09,Support Worker,4,3.0,24.07,32.0,0.0
2026-02-21,LOC-09,Support Worker,2,2.0,16.19,16.0,0.0
2026-02-24,LOC-09,Support Worker,1,1.0,8.0,8.0,0.0
2026-03-06,LOC-09,Support Worker,4,4.0,32.0,32.0,0.0
2026-03-31,LOC-09,Support Worker,1,1.0,9.51,8.0,1.0
2026-04-03,LOC-09,Support Worker,4,4.0,36.29,34.0,1.0
2026-04-04,LOC-09,Support Worker,3,3.0,26.18,26.0,0.0
2026-04-06,LOC-09,Support Worker,3,3.0,23.869999999999997,24.0,0.0
2026-04-17,LOC-09,Support Worker,4,4.0,32.03,32.0,0.0
2026-04-18,LOC-09,Support Worker,3,3.0,25.630000000000003,26.0,0.0
2026-04-28,LOC-09,Support Worker,1,1.0,8.81,8.0,1.0
2026-05-01,LOC-09,Support Worker,4,4.0,33.97,34.0,0.0
2026-05-26,LOC-09,Support Worker,1,1.0,8.04,8.0,0.0
2026-06-02,LOC-09,Support Worker,1,1.0,10.48,8.0,1.0
2026-06-05,LOC-09,Support Worker,4,4.0,34.44,34.0,0.0
2026-06-16,LOC-09,Support Worker,1,1.0,7.87,8.0,0.0
2026-06-23,LOC-09,Support Worker,1,1.0,7.78,8.0,0.0
2026-07-03,LOC-09,Support Worker,4,4.0,35.17,34.0,1.0
2026-07-07,LOC-09,Support Worker,1,1.0,8.1,8.0,0.0
2026-07-31,LOC-09,Support Worker,4,4.0,34.22,32.0,1.0
2025-08-28,LOC-10,Support Worker,3,3.0,26.009999999999998,24.0,1.0
2025-09-18,LOC-10,Support Worker,3,3.0,23.89,24.0,0.0
2025-09-25,LOC-10,Support Worker,3,3.0,24.040000000000003,24.0,0.0
2025-10-02,LOC-10,Support Worker,3,2.0,17.08,24.0,1.0
2025-10-30,LOC-10,Support Worker,2,2.0,16.130000000000003,16.0,0.0
2025-12-04,LOC-10,Support Worker,3,3.0,26.28,24.0,1.0
2025-12-25,LOC-10,Support Worker,3,3.0,24.46,24.0,0.0
2026-01-01,LOC-10,Support Worker,3,3.0,29.35,24.0,2.0
2026-02-05,LOC-10,Support Worker,2,2.0,15.83,16.0,0.0
2026-02-19,LOC-10,Support Worker,3,3.0,24.14,24.0,0.0
2026-03-12,LOC-10,Support Worker,3,3.0,23.9,24.0,0.0
2025-08-03,LOC-10,Coordinator,1,1.0,10.96,8.0,1.0
2025-08-05,LOC-10,Coordinator,1,1.0,8.16,8.0,0.0
2025-08-10,LOC-10,Coordinator,1,1.0,8.05,8.0,0.0
2025-08-13,LOC-10,Coordinator,1,1.0,8.23,8.0,0.0
2025-08-24,LOC-10,Coordinator,1,1.0,7.96,8.0,0.0
2025-08-28,LOC-10,Coordinator,1,1.0,7.81,8.0,0.0
2025-09-07,LOC-10,Coordinator,1,1.0,7.88,8.0,0.0
2025-09-10,LOC-10,Coordinator,1,1.0,7.96,8.0,0.0
2025-09-17,LOC-10,Coordinator,1,1.0,7.81,8.0,0.0
2025-09-18,LOC-10,Coordinator,1,1.0,7.95,8.0,0.0
2025-09-21,LOC-10,Coordinator,1,1.0,9.86,8.0,1.0
2025-09-23,LOC-10,Coordinator,1,1.0,9.68,8.0,1.0
2025-09-25,LOC-10,Coordinator,1,1.0,8.07,8.0,0.0
2025-09-30,LOC-10,Coordinator,1,1.0,7.84,8.0,0.0
2025-10-02,LOC-10,Coordinator,1,1.0,8.1,8.0,0.0
2025-10-10,LOC-10,Coordinator,1,1.0,8.05,8.0,0.0
2025-10-30,LOC-10,Coordinator,1,1.0,12.87,10.0,1.0
2025-11-04,LOC-10,Coordinator,1,1.0,8.0,8.0,0.0
2025-11-14,LOC-10,Coordinator,1,1.0,8.19,8.0,0.0
2025-11-18,LOC-10,Coordinator,1,1.0,8.26,8.0,0.0
2025-11-28,LOC-10,Coordinator,1,1.0,7.91,8.0,0.0
2025-12-04,LOC-10,Coordinator,1,1.0,8.02,8.0,0.0
2025-12-07,LOC-10,Coordinator,1,1.0,7.7,8.0,0.0
2025-12-10,LOC-10,Coordinator,1,1.0,7.81,8.0,0.0
2025-12-14,LOC-10,Coordinator,1,1.0,7.96,8.0,0.0
2025-12-19,LOC-10,Coordinator,1,1.0,8.23,8.0,0.0
2025-12-25,LOC-10,Coordinator,1,1.0,8.0,8.0,0.0
2025-12-28,LOC-10,Coordinator,1,1.0,10.18,10.0,0.0
2026-01-01,LOC-10,Coordinator,1,1.0,7.94,8.0,0.0
2026-01-04,LOC-10,Coordinator,1,1.0,7.87,8.0,0.0
2026-01-11,LOC-10,Coordinator,1,1.0,8.41,8.0,0.0
2026-01-20,LOC-10,Coordinator,1,1.0,7.96,8.0,0.0
2026-01-30,LOC-10,Coordinator,1,1.0,8.06,8.0,0.0
2026-02-05,LOC-10,Coordinator,1,1.0,8.17,8.0,0.0
2026-02-13,LOC-10,Coordinator,1,1.0,7.92,8.0,0.0
2026-02-19,LOC-10,Coordinator,1,1.0,8.09,8.0,0.0
2026-02-25,LOC-10,Coordinator,1,1.0,9.62,8.0,1.0
2026-03-03,LOC-10,Coordinator,1,1.0,8.35,8.0,0.0
2026-03-06,LOC-10,Coordinator,1,1.0,8.19,8.0,0.0
2026-03-12,LOC-10,Coordinator,1,1.0,7.86,8.0,0.0
2026-03-20,LOC-10,Coordinator,1,1.0,9.95,10.0,0.0
2026-03-31,LOC-10,Coordinator,1,1.0,10.18,8.0,1.0
2026-04-14,LOC-10,Coordinator,1,1.0,9.18,8.0,1.0
2026-04-15,LOC-10,Coordinator,1,1.0,8.24,8.0,0.0
2026-04-21,LOC-10,Coordinator,1,1.0,8.19,8.0,0.0
2026-04-23,LOC-10,Coordinator,1,1.0,7.99,8.0,0.0
2026-04-30,LOC-10,Coordinator,1,1.0,7.73,8.0,0.0
2026-05-06,LOC-10,Coordinator,1,1.0,10.08,10.0,0.0
2026-05-08,LOC-10,Coordinator,1,1.0,10.23,10.0,0.0
2026-05-12,LOC-10,Coordinator,1,1.0,7.97,8.0,0.0
2026-05-13,LOC-10,Coordinator,1,1.0,8.24,8.0,0.0
2026-05-19,LOC-10,Coordinator,1,1.0,7.98,8.0,0.0
2026-06-24,LOC-10,Coordinator,1,1.0,8.07,8.0,0.0
2026-06-26,LOC-10,Coordinator,1,1.0,7.73,8.0,0.0
2026-07-02,LOC-10,Coordinator,1,1.0,8.22,8.0,0.0
2026-07-03,LOC-10,Coordinator,1,1.0,8.07,8.0,0.0
2026-07-14,LOC-10,Coordinator,1,1.0,8.23,8.0,0.0
2025-08-01,LOC-05,Support Worker,1,1.0,8.14,8.0,0.0
2025-08-16,LOC-05,Support Worker,3,3.0,24.990000000000002,24.0,1.0
2025-08-21,LOC-05,Support Worker,4,4.0,33.6,34.0,0.0
2025-08-23,LOC-05,Support Worker,3,3.0,24.4,24.0,0.0
2025-08-28,LOC-05,Support Worker,4,4.0,34.8,32.0,1.0
2025-09-04,LOC-05,Support Worker,4,4.0,34.42,34.0,0.0
2025-09-12,LOC-05,Support Worker,1,1.0,8.19,8.0,0.0
2025-10-11,LOC-05,Support Worker,3,3.0,26.07,26.0,0.0
2025-10-18,LOC-05,Support Worker,3,3.0,23.869999999999997,24.0,0.0
2025-10-24,LOC-05,Support Worker,1,1.0,7.91,8.0,0.0
2025-10-28,LOC-05,Support Worker,2,2.0,16.45,16.0,0.0
2025-10-31,LOC-05,Support Worker,1,1.0,8.19,8.0,0.0
2025-11-01,LOC-05,Support Worker,2,2.0,16.060000000000002,16.0,0.0
2025-11-07,LOC-05,Support Worker,1,1.0,8.08,8.0,0.0
2025-11-15,LOC-05,Support Worker,3,3.0,26.29,24.0,1.0
2025-11-21,LOC-05,Support Worker,1,1.0,8.15,8.0,0.0
2025-11-22,LOC-05,Support Worker,3,3.0,26.339999999999996,24.0,1.0
2025-12-06,LOC-05,Support Worker,2,2.0,16.15,16.0,0.0
2025-12-26,LOC-05,Support Worker,1,1.0,8.06,8.0,0.0
2026-01-24,LOC-05,Support Worker,3,3.0,23.770000000000003,24.0,0.0
2026-02-14,LOC-05,Support Worker,3,2.0,18.700000000000003,24.0,1.0
2026-04-17,LOC-05,Support Worker,1,1.0,7.84,8.0,0.0
2026-04-20,LOC-05,Support Worker,2,2.0,16.240000000000002,16.0,0.0
2026-04-24,LOC-05,Support Worker,1,1.0,8.09,8.0,0.0
2026-05-09,LOC-05,Support Worker,3,3.0,26.02,26.0,0.0
2026-05-15,LOC-05,Support Worker,1,1.0,8.02,8.0,0.0
2026-05-22,LOC-05,Support Worker,1,1.0,7.85,8.0,0.0
2026-07-10,LOC-05,Support Worker,1,1.0,7.95,8.0,0.0
2025-08-27,LOC-08,Support Worker,6,6.0,51.11,48.0,1.0
2025-10-08,LOC-08,Support Worker,4,4.0,36.160000000000004,34.0,1.0
2025-10-29,LOC-08,Support Worker,6,6.0,54.85,52.0,1.0
2025-12-31,LOC-08,Support Worker,6,5.0,44.08,52.0,0.0
2026-02-06,LOC-08,Support Worker,3,3.0,26.220000000000002,24.0,1.0
2026-02-11,LOC-08,Support Worker,6,6.0,50.46000000000001,48.0,2.0
2026-02-18,LOC-08,Support Worker,6,6.0,54.46,52.0,1.0
2026-04-01,LOC-08,Support Worker,6,6.0,55.67999999999999,52.0,2.0
2026-04-22,LOC-08,Support Worker,6,6.0,54.14,52.0,1.0
2026-05-06,LOC-08,Support Worker,5,5.0,44.81,40.0,3.0
2026-05-13,LOC-08,Support Worker,6,6.0,51.5,50.0,1.0
2026-06-03,LOC-08,Support Worker,6,6.0,50.24,50.0,0.0
2026-06-10,LOC-08,Support Worker,6,6.0,50.42,48.0,1.0
2026-07-15,LOC-08,Support Worker,6,5.0,39.51,48.0,0.0
2025-08-27,LOC-09,Support Worker,3,3.0,26.58,24.0,1.0
2025-09-03,LOC-09,Support Worker,3,3.0,24.810000000000002,24.0,1.0
2025-10-22,LOC-09,Support Worker,3,3.0,24.060000000000002,24.0,0.0
2025-12-31,LOC-09,Support Worker,3,3.0,24.009999999999998,24.0,0.0
2026-02-18,LOC-09,Support Worker,3,3.0,23.740000000000002,24.0,0.0
2026-04-08,LOC-09,Support Worker,3,3.0,24.34,24.0,0.0
2026-04-22,LOC-09,Support Worker,3,3.0,24.62,24.0,0.0
2026-05-20,LOC-09,Support Worker,3,3.0,24.049999999999997,24.0,0.0
2026-07-22,LOC-09,Support Worker,2,2.0,16.67,16.0,1.0
2025-10-16,LOC-01,Coordinator,1,1.0,8.04,8.0,0.0
2025-10-30,LOC-01,Coordinator,1,1.0,8.02,8.0,0.0
2025-11-06,LOC-01,Coordinator,1,1.0,8.15,8.0,0.0
2025-11-13,LOC-01,Coordinator,1,1.0,7.98,8.0,0.0
2025-11-27,LOC-01,Coordinator,1,1.0,9.95,8.0,1.0
2025-12-04,LOC-01,Coordinator,1,1.0,7.74,8.0,0.0
2026-01-01,LOC-01,Coordinator,1,1.0,8.03,8.0,0.0
2026-03-05,LOC-01,Coordinator,1,1.0,8.05,8.0,0.0
2026-03-12,LOC-01,Coordinator,1,1.0,8.0,8.0,0.0
2026-03-26,LOC-01,Coordinator,1,1.0,7.92,8.0,0.0
2026-04-09,LOC-01,Coordinator,1,1.0,8.29,8.0,0.0
2026-04-16,LOC-01,Coordinator,1,1.0,8.37,8.0,0.0
2026-05-28,LOC-01,Coordinator,1,1.0,10.85,8.0,1.0
2026-06-18,LOC-01,Coordinator,1,1.0,7.9,8.0,0.0
2026-07-16,LOC-01,Coordinator,1,1.0,7.88,8.0,0.0
2026-07-30,LOC-01,Coordinator,1,1.0,8.08,8.0,0.0
2026-05-27,LOC-05,Allied Health Clinician,1,1.0,9.91,10.0,0.0
2026-05-29,LOC-05,Allied Health Clinician,1,1.0,9.95,10.0,0.0
2025-08-14,LOC-03,Support Worker,1,1.0,10.62,10.0,1.0
2025-09-25,LOC-03,Support Worker,1,1.0,8.31,8.0,0.0
2025-11-13,LOC-03,Support Worker,1,1.0,8.15,8.0,0.0
2025-12-04,LOC-03,Support Worker,1,1.0,8.14,8.0,0.0
2026-02-12,LOC-03,Support Worker,1,1.0,9.06,8.0,1.0
2026-02-26,LOC-03,Support Worker,1,1.0,9.88,8.0,1.0
2026-05-05,LOC-03,Support Worker,2,2.0,15.67,16.0,0.0
2026-05-07,LOC-03,Support Worker,1,1.0,7.84,8.0,0.0
2026-06-04,LOC-03,Support Worker,1,1.0,7.9,8.0,0.0
2025-08-07,LOC-02,Support Worker,2,2.0,20.46,18.0,1.0
2025-08-14,LOC-02,Support Worker,2,2.0,16.23,16.0,0.0
2025-10-23,LOC-02,Support Worker,1,1.0,8.11,8.0,0.0
2025-10-30,LOC-02,Support Worker,2,2.0,16.11,16.0,0.0
2025-11-06,LOC-02,Support Worker,2,2.0,16.07,16.0,0.0
2025-11-27,LOC-02,Support Worker,2,2.0,15.8,16.0,0.0
2026-01-29,LOC-02,Support Worker,2,2.0,16.04,16.0,0.0
2026-02-12,LOC-02,Support Worker,2,2.0,18.07,16.0,1.0
2026-02-26,LOC-02,Support Worker,2,2.0,15.559999999999999,16.0,0.0
2026-03-12,LOC-02,Support Worker,2,2.0,19.880000000000003,20.0,0.0
2026-05-28,LOC-02,Support Worker,2,2.0,16.05,16.0,0.0
2026-07-09,LOC-02,Support Worker,2,2.0,18.11,16.0,1.0
2026-07-30,LOC-02,Support Worker,2,2.0,16.189999999999998,16.0,0.0
2025-08-09,LOC-10,Support Worker,5,5.0,39.61,40.0,0.0
2025-08-13,LOC-10,Support Worker,4,4.0,33.82,34.0,0.0
2025-08-30,LOC-10,Support Worker,4,4.0,34.99,32.0,2.0
2025-09-10,LOC-10,Support Worker,4,4.0,34.48,32.0,1.0
2025-09-13,LOC-10,Support Worker,5,5.0,41.68,42.0,0.0
2025-09-17,LOC-10,Support Worker,4,4.0,34.28,34.0,0.0
2025-09-20,LOC-10,Support Worker,4,4.0,36.32,32.0,2.0
2025-11-29,LOC-10,Support Worker,4,4.0,35.02,34.0,1.0
2025-12-10,LOC-10,Support Worker,4,3.0,26.98,32.0,1.0
2025-12-27,LOC-10,Support Worker,4,4.0,35.8,34.0,1.0
2026-01-24,LOC-10,Support Worker,5,5.0,42.93,40.0,2.0
2026-02-07,LOC-10,Support Worker,5,5.0,39.96,40.0,0.0
2026-02-25,LOC-10,Support Worker,3,3.0,26.240000000000002,26.0,0.0
2026-03-14,LOC-10,Support Worker,5,5.0,45.870000000000005,46.0,0.0
2026-03-21,LOC-10,Support Worker,5,5.0,42.09,42.0,0.0
2026-04-15,LOC-10,Support Worker,4,4.0,38.75,36.0,1.0
2026-04-22,LOC-10,Support Worker,4,4.0,36.42,34.0,2.0
2026-05-06,LOC-10,Support Worker,4,4.0,33.83,34.0,0.0
2026-05-13,LOC-10,Support Worker,4,4.0,34.21,34.0,0.0
2026-05-16,LOC-10,Support Worker,4,4.0,31.64,32.0,0.0
2026-06-10,LOC-10,Support Worker,4,4.0,31.880000000000003,32.0,0.0
2026-06-20,LOC-10,Support Worker,5,5.0,41.96,40.0,1.0
2026-06-24,LOC-10,Support Worker,4,4.0,33.66,32.0,1.0
2026-07-04,LOC-10,Support Worker,5,4.0,36.0,42.0,1.0
2026-07-18,LOC-10,Support Worker,5,4.0,32.92,40.0,1.0
2026-07-22,LOC-10,Support Worker,3,3.0,24.060000000000002,24.0,0.0
2025-08-20,LOC-07,Allied Health Clinician,2,1.0,8.11,18.0,0.0
2025-08-21,LOC-07,Allied Health Clinician,2,2.0,16.08,16.0,0.0
2025-08-24,LOC-07,Allied Health Clinician,1,1.0,9.9,8.0,1.0
2025-08-25,LOC-07,Allied Health Clinician,1,1.0,8.01,8.0,0.0
2025-08-26,LOC-07,Allied Health Clinician,1,1.0,7.97,8.0,0.0
2025-08-27,LOC-07,Allied Health Clinician,1,1.0,10.02,8.0,1.0
2025-08-31,LOC-07,Allied Health Clinician,1,1.0,8.15,8.0,0.0
2025-09-07,LOC-07,Allied Health Clinician,1,1.0,8.07,8.0,0.0
2025-09-08,LOC-07,Allied Health Clinician,2,1.0,7.83,16.0,0.0
2025-09-09,LOC-07,Allied Health Clinician,1,1.0,8.58,8.0,1.0
2025-09-15,LOC-07,Allied Health Clinician,2,2.0,16.32,16.0,0.0
2025-09-16,LOC-07,Allied Health Clinician,1,1.0,10.1,10.0,0.0
2025-10-05,LOC-07,Allied Health Clinician,1,1.0,7.99,8.0,0.0
2025-10-06,LOC-07,Allied Health Clinician,2,2.0,16.36,16.0,0.0
2025-10-07,LOC-07,Allied Health Clinician,1,1.0,7.95,8.0,0.0
2025-10-14,LOC-07,Allied Health Clinician,1,1.0,8.21,8.0,0.0
2025-10-23,LOC-07,Allied Health Clinician,2,2.0,18.09,18.0,0.0
2025-10-28,LOC-07,Allied Health Clinician,1,1.0,7.9,8.0,0.0
2025-11-02,LOC-07,Allied Health Clinician,1,1.0,7.85,8.0,0.0
2025-11-03,LOC-07,Allied Health Clinician,2,2.0,19.11,18.0,1.0
2025-11-09,LOC-07,Allied Health Clinician,1,1.0,7.88,8.0,0.0
2025-11-11,LOC-07,Allied Health Clinician,1,1.0,7.99,8.0,0.0
2025-11-12,LOC-07,Allied Health Clinician,2,2.0,15.849999999999998,16.0,0.0
2025-11-24,LOC-07,Allied Health Clinician,2,2.0,16.11,16.0,0.0
2025-11-26,LOC-07,Allied Health Clinician,1,1.0,8.05,8.0,0.0
2025-12-02,LOC-07,Allied Health Clinician,1,1.0,9.82,10.0,0.0
2025-12-03,LOC-07,Allied Health Clinician,1,1.0,10.14,10.0,0.0
2025-12-09,LOC-07,Allied Health Clinician,1,1.0,9.26,8.0,1.0
2025-12-16,LOC-07,Allied Health Clinician,1,1.0,10.55,8.0,1.0
2025-12-18,LOC-07,Allied Health Clinician,2,2.0,16.240000000000002,16.0,0.0
2025-12-21,LOC-07,Allied Health Clinician,1,1.0,10.22,10.0,0.0
2025-12-23,LOC-07,Allied Health Clinician,1,1.0,8.18,8.0,0.0
2026-01-11,LOC-07,Allied Health Clinician,1,1.0,7.95,8.0,0.0
2026-01-15,LOC-07,Allied Health Clinician,2,2.0,16.18,16.0,0.0
2026-01-18,LOC-07,Allied Health Clinician,1,1.0,7.89,8.0,0.0
2026-01-21,LOC-07,Allied Health Clinician,2,2.0,15.73,16.0,0.0
2026-01-26,LOC-07,Allied Health Clinician,2,2.0,15.84,16.0,0.0
2026-01-28,LOC-07,Allied Health Clinician,2,2.0,15.690000000000001,16.0,0.0
2026-01-29,LOC-07,Allied Health Clinician,2,2.0,15.77,16.0,0.0
2026-02-02,LOC-07,Allied Health Clinician,2,1.0,8.03,16.0,0.0
2026-02-04,LOC-07,Allied Health Clinician,2,2.0,17.17,16.0,1.0
2026-02-12,LOC-07,Allied Health Clinician,2,1.0,10.62,16.0,1.0
2026-02-18,LOC-07,Allied Health Clinician,2,2.0,16.009999999999998,16.0,0.0
2026-02-22,LOC-07,Allied Health Clinician,1,1.0,7.77,8.0,0.0
2026-02-24,LOC-07,Allied Health Clinician,1,1.0,9.9,10.0,0.0
2026-02-25,LOC-07,Allied Health Clinician,2,2.0,17.96,18.0,0.0
2026-03-05,LOC-07,Allied Health Clinician,2,2.0,17.45,16.0,1.0
2026-03-09,LOC-07,Allied Health Clinician,2,2.0,15.7,16.0,0.0
2026-03-16,LOC-07,Allied Health Clinician,1,1.0,7.98,8.0,0.0
2026-03-17,LOC-07,Allied Health Clinician,1,1.0,10.03,10.0,0.0
2026-03-25,LOC-07,Allied Health Clinician,2,2.0,16.490000000000002,16.0,0.0
2026-04-02,LOC-07,Allied Health Clinician,2,2.0,16.39,16.0,0.0
2026-04-14,LOC-07,Allied Health Clinician,1,1.0,8.02,8.0,0.0
2026-04-30,LOC-07,Allied Health Clinician,2,2.0,15.85,16.0,0.0
2026-05-03,LOC-07,Allied Health Clinician,1,1.0,8.09,8.0,0.0
2026-05-04,LOC-07,Allied Health Clinician,2,2.0,19.89,20.0,0.0
2026-05-11,LOC-07,Allied Health Clinician,2,2.0,16.259999999999998,16.0,0.0
2026-05-12,LOC-07,Allied Health Clinician,1,1.0,7.86,8.0,0.0
2026-05-18,LOC-07,Allied Health Clinician,2,1.0,7.85,16.0,0.0
2026-05-21,LOC-07,Allied Health Clinician,2,2.0,15.72,16.0,0.0
2026-06-04,LOC-07,Allied Health Clinician,2,1.0,8.08,16.0,0.0
2026-06-08,LOC-07,Allied Health Clinician,2,2.0,16.81,16.0,1.0
2026-06-15,LOC-07,Allied Health Clinician,2,2.0,18.83,16.0,1.0
2026-06-18,LOC-07,Allied Health Clinician,2,2.0,17.91,18.0,0.0
2026-06-21,LOC-07,Allied Health Clinician,1,1.0,8.15,8.0,0.0
2026-06-22,LOC-07,Allied Health Clinician,2,2.0,17.44,16.0,1.0
2026-06-24,LOC-07,Allied Health Clinician,2,2.0,16.15,16.0,0.0
2026-06-29,LOC-07,Allied Health Clinician,2,2.0,15.93,16.0,0.0
2026-07-05,LOC-07,Allied Health Clinician,1,0.0,0.0,8.0,0.0
2026-07-12,LOC-07,Allied Health Clinician,1,1.0,8.09,8.0,0.0
2025-08-10,LOC-02,Allied Health Clinician,1,1.0,7.59,8.0,0.0
2025-08-17,LOC-02,Allied Health Clinician,1,1.0,7.81,8.0,0.0
2025-08-24,LOC-02,Allied Health Clinician,1,1.0,7.98,8.0,0.0
2025-08-26,LOC-02,Allied Health Clinician,1,1.0,8.04,8.0,0.0
2025-09-03,LOC-02,Allied Health Clinician,1,1.0,8.09,8.0,0.0
2025-09-06,LOC-02,Allied Health Clinician,1,1.0,9.95,10.0,0.0
2025-09-13,LOC-02,Allied Health Clinician,1,1.0,7.8,8.0,0.0
2025-09-20,LOC-02,Allied Health Clinician,1,1.0,11.7,10.0,1.0
2025-10-01,LOC-02,Allied Health Clinician,1,1.0,8.12,8.0,0.0
2025-10-04,LOC-02,Allied Health Clinician,1,1.0,7.7,8.0,0.0
2025-10-05,LOC-02,Allied Health Clinician,1,1.0,8.08,8.0,0.0
2025-10-14,LOC-02,Allied Health Clinician,1,1.0,7.99,8.0,0.0
2025-10-21,LOC-02,Allied Health Clinician,1,1.0,7.97,8.0,0.0
2025-10-22,LOC-02,Allied Health Clinician,1,1.0,7.93,8.0,0.0
2025-10-29,LOC-02,Allied Health Clinician,1,1.0,10.24,10.0,0.0
2025-11-04,LOC-02,Allied Health Clinician,1,1.0,8.01,8.0,0.0
2025-11-08,LOC-02,Allied Health Clinician,1,1.0,7.92,8.0,0.0
2025-11-11,LOC-02,Allied Health Clinician,1,1.0,10.93,8.0,1.0
2025-11-19,LOC-02,Allied Health Clinician,1,1.0,8.08,8.0,0.0
2025-11-22,LOC-02,Allied Health Clinician,1,1.0,9.95,10.0,0.0
2025-12-02,LOC-02,Allied Health Clinician,1,1.0,8.04,8.0,0.0
2025-12-14,LOC-02,Allied Health Clinician,1,1.0,7.85,8.0,0.0
2025-12-21,LOC-02,Allied Health Clinician,1,1.0,9.94,8.0,1.0
2025-12-23,LOC-02,Allied Health Clinician,1,1.0,8.01,8.0,0.0
2025-12-27,LOC-02,Allied Health Clinician,1,1.0,8.07,8.0,0.0
2025-12-31,LOC-02,Allied Health Clinician,1,1.0,9.54,8.0,1.0
2026-01-04,LOC-02,Allied Health Clinician,1,1.0,8.05,8.0,0.0
2026-01-06,LOC-02,Allied Health Clinician,1,1.0,8.09,8.0,0.0
2026-01-17,LOC-02,Allied Health Clinician,1,1.0,7.91,8.0,0.0
2026-01-21,LOC-02,Allied Health Clinician,1,1.0,7.75,8.0,0.0
2026-01-25,LOC-02,Allied Health Clinician,1,0.0,0.0,8.0,0.0
2026-02-04,LOC-02,Allied Health Clinician,1,1.0,7.91,8.0,0.0
2026-02-07,LOC-02,Allied Health Clinician,1,1.0,10.99,8.0,1.0
2026-02-21,LOC-02,Allied Health Clinician,1,1.0,7.73,8.0,0.0
2026-03-03,LOC-02,Allied Health Clinician,1,0.0,0.0,8.0,0.0
2026-03-11,LOC-02,Allied Health Clinician,1,1.0,7.71,8.0,0.0
2026-03-25,LOC-02,Allied Health Clinician,1,1.0,7.96,8.0,0.0
2026-03-29,LOC-02,Allied Health Clinician,1,1.0,8.11,8.0,0.0
2026-04-01,LOC-02,Allied Health Clinician,1,1.0,9.82,10.0,0.0
2026-04-05,LOC-02,Allied Health Clinician,1,1.0,8.01,8.0,0.0
2026-04-11,LOC-02,Allied Health Clinician,1,1.0,7.98,8.0,0.0
2026-04-19,LOC-02,Allied Health Clinician,1,1.0,10.06,10.0,0.0
2026-05-24,LOC-02,Allied Health Clinician,1,1.0,9.95,10.0,0.0
2026-05-27,LOC-02,Allied Health Clinician,1,1.0,8.08,8.0,0.0
2026-05-30,LOC-02,Allied Health Clinician,1,1.0,7.93,8.0,0.0
2026-06-06,LOC-02,Allied Health Clinician,1,1.0,9.84,10.0,0.0
2026-06-17,LOC-02,Allied Health Clinician,1,0.0,0.0,8.0,0.0
2026-07-05,LOC-02,Allied Health Clinician,1,1.0,7.96,8.0,0.0
2026-07-12,LOC-02,Allied Health Clinician,1,1.0,8.36,8.0,0.0
2026-07-15,LOC-02,Allied Health Clinician,1,1.0,10.64,10.0,1.0
2026-07-18,LOC-02,Allied Health Clinician,1,1.0,8.09,8.0,0.0
2025-08-03,LOC-09,Team Leader,1,1.0,8.0,8.0,0.0
2025-08-05,LOC-09,Team Leader,1,1.0,10.15,8.0,1.0
2025-08-07,LOC-09,Team Leader,1,1.0,8.19,8.0,0.0
2025-08-12,LOC-09,Team Leader,1,1.0,8.12,8.0,0.0
2025-08-19,LOC-09,Team Leader,1,1.0,7.86,8.0,0.0
2025-08-20,LOC-09,Team Leader,1,1.0,8.14,8.0,0.0
2025-08-23,LOC-09,Team Leader,1,1.0,9.04,8.0,1.0
2025-08-26,LOC-09,Team Leader,1,1.0,8.71,8.0,1.0
2025-08-30,LOC-09,Team Leader,1,1.0,7.77,8.0,0.0
2025-09-04,LOC-09,Team Leader,1,1.0,8.09,8.0,0.0
2025-09-09,LOC-09,Team Leader,1,1.0,7.84,8.0,0.0
2025-09-13,LOC-09,Team Leader,1,1.0,7.8,8.0,0.0
2025-09-25,LOC-09,Team Leader,1,1.0,9.86,10.0,0.0
2025-09-30,LOC-09,Team Leader,1,1.0,7.91,8.0,0.0
2025-10-02,LOC-09,Team Leader,1,1.0,7.68,8.0,0.0
2025-10-08,LOC-09,Team Leader,1,1.0,9.95,10.0,0.0
2025-10-15,LOC-09,Team Leader,1,1.0,8.0,8.0,0.0
2025-10-16,LOC-09,Team Leader,1,1.0,7.91,8.0,0.0
2025-10-21,LOC-09,Team Leader,1,1.0,8.11,8.0,0.0
2025-10-23,LOC-09,Team Leader,1,1.0,7.92,8.0,0.0
2025-10-25,LOC-09,Team Leader,1,1.0,8.02,8.0,0.0
2025-11-01,LOC-09,Team Leader,1,1.0,7.95,8.0,0.0
2025-11-06,LOC-09,Team Leader,1,1.0,7.75,8.0,0.0
2025-11-13,LOC-09,Team Leader,1,1.0,7.83,8.0,0.0
2025-11-25,LOC-09,Team Leader,1,1.0,7.99,8.0,0.0
2025-11-27,LOC-09,Team Leader,1,1.0,7.84,8.0,0.0
2025-11-30,LOC-09,Team Leader,1,1.0,9.55,8.0,1.0
2025-12-10,LOC-09,Team Leader,1,1.0,8.39,8.0,0.0
2025-12-13,LOC-09,Team Leader,1,1.0,10.04,8.0,1.0
2025-12-14,LOC-09,Team Leader,1,1.0,7.8,8.0,0.0
2025-12-16,LOC-09,Team Leader,1,1.0,8.09,8.0,0.0
2025-12-17,LOC-09,Team Leader,1,1.0,7.96,8.0,0.0
2025-12-18,LOC-09,Team Leader,1,1.0,10.31,10.0,0.0
2025-12-20,LOC-09,Team Leader,1,1.0,7.89,8.0,0.0
2025-12-21,LOC-09,Team Leader,1,1.0,8.03,8.0,0.0
2025-12-23,LOC-09,Team Leader,1,1.0,8.64,8.0,1.0
2025-12-24,LOC-09,Team Leader,1,1.0,10.13,10.0,0.0
2025-12-27,LOC-09,Team Leader,1,1.0,7.94,8.0,0.0
2026-01-22,LOC-09,Team Leader,1,1.0,8.21,8.0,0.0
2026-01-31,LOC-09,Team Leader,1,1.0,7.92,8.0,0.0
2026-02-14,LOC-09,Team Leader,1,1.0,7.83,8.0,0.0
2026-02-15,LOC-09,Team Leader,1,1.0,7.77,8.0,0.0
2026-03-10,LOC-09,Team Leader,1,1.0,7.82,8.0,0.0
2026-03-12,LOC-09,Team Leader,1,1.0,7.94,8.0,0.0
2026-03-17,LOC-09,Team Leader,1,1.0,10.81,8.0,1.0
2026-03-18,LOC-09,Team Leader,1,1.0,8.05,8.0,0.0
2026-04-01,LOC-09,Team Leader,1,1.0,8.06,8.0,0.0
2026-04-05,LOC-09,Team Leader,1,1.0,8.16,8.0,0.0
2026-04-11,LOC-09,Team Leader,1,1.0,8.1,8.0,0.0
2026-04-12,LOC-09,Team Leader,1,1.0,7.63,8.0,0.0
2026-04-14,LOC-09,Team Leader,1,1.0,7.87,8.0,0.0
2026-04-19,LOC-09,Team Leader,1,1.0,10.21,8.0,1.0
2026-04-26,LOC-09,Team Leader,1,1.0,7.91,8.0,0.0
2026-05-12,LOC-09,Team Leader,1,1.0,7.76,8.0,0.0
2026-05-13,LOC-09,Team Leader,1,1.0,8.02,8.0,0.0
2026-05-16,LOC-09,Team Leader,1,1.0,10.59,8.0,1.0
2026-05-17,LOC-09,Team Leader,1,1.0,7.9,8.0,0.0
2026-05-19,LOC-09,Team Leader,1,1.0,8.02,8.0,0.0
2026-05-31,LOC-09,Team Leader,1,1.0,8.02,8.0,0.0
2026-06-06,LOC-09,Team Leader,1,1.0,7.99,8.0,0.0
2026-06-07,LOC-09,Team Leader,1,1.0,8.09,8.0,0.0
2026-06-14,LOC-09,Team Leader,1,1.0,9.64,10.0,0.0
2026-06-24,LOC-09,Team Leader,1,1.0,10.14,10.0,0.0
2026-06-25,LOC-09,Team Leader,1,1.0,10.66,10.0,1.0
2026-06-27,LOC-09,Team Leader,1,1.0,7.85,8.0,0.0
2026-07-05,LOC-09,Team Leader,1,1.0,8.18,8.0,0.0
2026-07-08,LOC-09,Team Leader,1,0.0,0.0,8.0,0.0
2026-07-14,LOC-09,Team Leader,1,1.0,8.25,8.0,0.0
2026-07-19,LOC-09,Team Leader,1,1.0,9.02,8.0,1.0
2026-07-28,LOC-09,Team Leader,1,1.0,7.92,8.0,0.0
2026-03-20,LOC-10,Support Worker,1,1.0,8.27,8.0,0.0
2025-08-07,LOC-04,Support Worker,4,4.0,31.96,32.0,0.0
2025-11-20,LOC-04,Support Worker,4,4.0,31.79,32.0,0.0
2025-12-04,LOC-04,Support Worker,4,3.0,25.95,34.0,0.0
2026-01-22,LOC-04,Support Worker,4,4.0,31.869999999999997,32.0,0.0
2026-01-29,LOC-04,Support Worker,4,4.0,31.72,32.0,0.0
2026-02-26,LOC-04,Support Worker,4,4.0,33.59,32.0,1.0
2026-03-05,LOC-04,Support Worker,4,4.0,31.740000000000002,32.0,0.0
2026-03-19,LOC-04,Support Worker,4,4.0,31.61,32.0,0.0
2026-03-26,LOC-04,Support Worker,3,3.0,24.0,24.0,0.0
2026-04-02,LOC-04,Support Worker,4,4.0,31.77,32.0,0.0
2026-06-18,LOC-04,Support Worker,4,4.0,32.0,32.0,0.0
2025-08-04,LOC-02,Coordinator,1,0.0,0.0,8.0,0.0
2025-08-11,LOC-02,Coordinator,1,1.0,12.47,10.0,1.0
2025-08-20,LOC-02,Coordinator,2,1.0,7.78,16.0,0.0
2025-08-30,LOC-02,Coordinator,1,1.0,8.13,8.0,0.0
2025-09-10,LOC-02,Coordinator,2,2.0,17.240000000000002,16.0,1.0
2025-10-08,LOC-02,Coordinator,2,2.0,15.84,16.0,0.0
2025-10-27,LOC-02,Coordinator,1,1.0,7.95,8.0,0.0
2025-11-24,LOC-02,Coordinator,1,1.0,7.61,8.0,0.0
2025-12-01,LOC-02,Coordinator,1,1.0,7.94,8.0,0.0
2025-12-03,LOC-02,Coordinator,2,2.0,18.9,16.0,1.0
2025-12-10,LOC-02,Coordinator,2,2.0,18.23,16.0,1.0
2025-12-22,LOC-02,Coordinator,1,1.0,10.27,10.0,0.0
2026-01-12,LOC-02,Coordinator,1,1.0,7.89,8.0,0.0
2026-01-31,LOC-02,Coordinator,2,2.0,16.14,16.0,0.0
2026-02-09,LOC-02,Coordinator,1,1.0,8.19,8.0,0.0
2026-02-11,LOC-02,Coordinator,2,2.0,16.18,16.0,0.0
2026-02-14,LOC-02,Coordinator,2,2.0,16.24,16.0,0.0
2026-02-23,LOC-02,Coordinator,1,1.0,8.28,8.0,0.0
2026-02-25,LOC-02,Coordinator,2,2.0,17.89,18.0,0.0
2026-03-04,LOC-02,Coordinator,2,2.0,15.89,16.0,0.0
2026-03-14,LOC-02,Coordinator,1,1.0,7.79,8.0,0.0
2026-03-21,LOC-02,Coordinator,2,2.0,18.0,18.0,0.0
2026-03-28,LOC-02,Coordinator,2,2.0,15.73,16.0,0.0
2026-04-08,LOC-02,Coordinator,2,2.0,15.89,16.0,0.0
2026-04-18,LOC-02,Coordinator,2,2.0,16.060000000000002,16.0,0.0
2026-04-25,LOC-02,Coordinator,2,1.0,7.85,16.0,0.0
2026-04-27,LOC-02,Coordinator,1,1.0,7.97,8.0,0.0
2026-05-02,LOC-02,Coordinator,2,2.0,16.12,16.0,0.0
2026-05-06,LOC-02,Coordinator,2,2.0,17.92,16.0,1.0
2026-05-16,LOC-02,Coordinator,2,2.0,15.77,16.0,0.0
2026-05-18,LOC-02,Coordinator,1,1.0,9.18,8.0,1.0
2026-06-01,LOC-02,Coordinator,1,1.0,7.97,8.0,0.0
2026-06-03,LOC-02,Coordinator,2,2.0,16.02,16.0,0.0
2026-06-13,LOC-02,Coordinator,2,2.0,18.53,16.0,1.0
2026-06-15,LOC-02,Coordinator,1,0.0,0.0,8.0,0.0
2026-06-20,LOC-02,Coordinator,2,2.0,20.22,18.0,1.0
2026-06-24,LOC-02,Coordinator,2,2.0,15.879999999999999,16.0,0.0
2026-06-27,LOC-02,Coordinator,2,2.0,16.53,16.0,0.0
2026-07-04,LOC-02,Coordinator,2,2.0,17.490000000000002,16.0,1.0
2026-07-08,LOC-02,Coordinator,2,2.0,17.77,18.0,0.0
2026-07-13,LOC-02,Coordinator,1,1.0,7.87,8.0,0.0
2026-07-20,LOC-02,Coordinator,1,1.0,10.75,8.0,1.0
2025-08-10,LOC-05,Team Leader,1,1.0,7.86,8.0,0.0
2025-08-31,LOC-05,Team Leader,1,1.0,10.8,8.0,1.0
2025-09-14,LOC-05,Team Leader,1,1.0,8.05,8.0,0.0
2025-09-24,LOC-05,Team Leader,1,1.0,7.81,8.0,0.0
2025-10-12,LOC-05,Team Leader,1,1.0,7.73,8.0,0.0
2025-10-15,LOC-05,Team Leader,1,1.0,10.0,10.0,0.0
2025-10-29,LOC-05,Team Leader,1,1.0,8.38,8.0,0.0
2025-11-19,LOC-05,Team Leader,1,1.0,7.97,8.0,0.0
2025-12-10,LOC-05,Team Leader,1,1.0,8.03,8.0,0.0
2025-12-17,LOC-05,Team Leader,1,1.0,7.83,8.0,0.0
2026-01-07,LOC-05,Team Leader,1,0.0,0.0,8.0,0.0
2026-01-18,LOC-05,Team Leader,1,1.0,8.01,8.0,0.0
2026-01-28,LOC-05,Team Leader,1,1.0,7.74,8.0,0.0
2026-02-04,LOC-05,Team Leader,1,1.0,7.87,8.0,0.0
2026-02-18,LOC-05,Team Leader,1,1.0,7.87,8.0,0.0
2026-03-04,LOC-05,Team Leader,1,1.0,9.83,8.0,1.0
2026-03-29,LOC-05,Team Leader,1,1.0,7.95,8.0,0.0
2026-04-05,LOC-05,Team Leader,1,1.0,7.87,8.0,0.0
2026-04-22,LOC-05,Team Leader,1,1.0,7.87,8.0,0.0
2026-05-03,LOC-05,Team Leader,1,1.0,8.1,8.0,0.0
2026-05-27,LOC-05,Team Leader,1,1.0,8.31,8.0,0.0
2026-06-07,LOC-05,Team Leader,1,1.0,7.98,8.0,0.0
2026-06-28,LOC-05,Team Leader,1,0.0,0.0,8.0,0.0
2025-08-06,LOC-05,Support Worker,2,2.0,17.86,18.0,0.0
2025-09-17,LOC-05,Support Worker,2,1.0,7.98,16.0,0.0
2025-10-22,LOC-05,Support Worker,2,2.0,15.43,16.0,0.0
2025-11-12,LOC-05,Support Worker,1,1.0,8.09,8.0,0.0
2025-12-03,LOC-05,Support Worker,2,2.0,16.259999999999998,16.0,0.0
2025-12-24,LOC-05,Support Worker,2,2.0,15.989999999999998,16.0,0.0
2026-01-10,LOC-05,Support Worker,2,2.0,15.8,16.0,0.0
2026-07-01,LOC-05,Support Worker,2,2.0,20.72,18.0,1.0
2026-07-15,LOC-05,Support Worker,2,2.0,16.3,16.0,0.0
2026-07-22,LOC-05,Support Worker,2,2.0,15.96,16.0,0.0
2026-07-29,LOC-05,Support Worker,2,2.0,15.65,16.0,0.0
2026-04-23,LOC-10,Support Worker,2,2.0,16.34,16.0,0.0
2026-04-30,LOC-10,Support Worker,2,1.0,7.95,16.0,0.0
2026-07-02,LOC-10,Support Worker,2,2.0,16.0,16.0,0.0
2025-08-22,LOC-07,Support Worker,4,4.0,32.300000000000004,32.0,0.0
2025-09-06,LOC-07,Support Worker,1,1.0,10.62,8.0,1.0
2025-09-12,LOC-07,Support Worker,4,4.0,31.78,32.0,0.0
2025-09-13,LOC-07,Support Worker,1,1.0,8.02,8.0,0.0
2025-09-27,LOC-07,Support Worker,1,1.0,7.74,8.0,0.0
2025-10-03,LOC-07,Support Worker,4,4.0,33.29,32.0,1.0
2025-11-07,LOC-07,Support Worker,4,4.0,34.78,32.0,1.0
2025-11-22,LOC-07,Support Worker,1,1.0,7.74,8.0,0.0
2025-12-19,LOC-07,Support Worker,4,4.0,31.819999999999997,32.0,0.0
2026-02-13,LOC-07,Support Worker,4,4.0,33.17999999999999,32.0,1.0
2026-03-28,LOC-07,Support Worker,1,1.0,8.01,8.0,0.0
2026-04-11,LOC-07,Support Worker,1,1.0,7.84,8.0,0.0
2026-04-18,LOC-07,Support Worker,1,1.0,8.12,8.0,0.0
2026-04-24,LOC-07,Support Worker,4,4.0,38.31,34.0,2.0
2026-05-01,LOC-07,Support Worker,4,4.0,31.79,32.0,0.0
2026-05-02,LOC-07,Support Worker,1,1.0,8.03,8.0,0.0
2026-06-05,LOC-07,Support Worker,4,4.0,36.150000000000006,36.0,0.0
2026-06-19,LOC-07,Support Worker,3,3.0,26.2,26.0,0.0
2026-06-20,LOC-07,Support Worker,1,1.0,11.0,8.0,1.0
2026-07-03,LOC-07,Support Worker,4,4.0,34.68,34.0,1.0
2026-07-24,LOC-07,Support Worker,4,4.0,32.35,32.0,1.0
2026-07-31,LOC-07,Support Worker,3,3.0,23.700000000000003,24.0,0.0
2025-09-01,LOC-04,Support Worker,3,3.0,24.13,24.0,0.0
2025-09-04,LOC-04,Support Worker,3,3.0,23.990000000000002,24.0,0.0
2025-09-29,LOC-04,Support Worker,3,2.0,15.79,24.0,0.0
2026-01-19,LOC-04,Support Worker,3,3.0,25.18,24.0,1.0
2026-02-16,LOC-04,Support Worker,3,3.0,24.4,24.0,0.0
2026-02-23,LOC-04,Support Worker,3,3.0,26.160000000000004,26.0,0.0
2026-03-02,LOC-04,Support Worker,3,3.0,26.56,26.0,1.0
2026-03-09,LOC-04,Support Worker,3,3.0,27.229999999999997,26.0,1.0
2026-03-23,LOC-04,Support Worker,3,3.0,24.340000000000003,24.0,0.0
2026-04-06,LOC-04,Support Worker,2,2.0,15.95,16.0,0.0
2026-04-13,LOC-04,Support Worker,2,2.0,18.759999999999998,16.0,1.0
2026-05-18,LOC-04,Support Worker,3,3.0,23.91,24.0,0.0
2026-06-01,LOC-04,Support Worker,3,3.0,26.200000000000003,24.0,1.0
2026-06-15,LOC-04,Support Worker,3,3.0,26.71,24.0,1.0
2026-07-13,LOC-04,Support Worker,3,3.0,25.119999999999997,24.0,2.0
2025-09-21,LOC-04,Support Worker,3,3.0,24.340000000000003,24.0,0.0
2025-09-28,LOC-04,Support Worker,3,3.0,24.08,24.0,0.0
2025-10-05,LOC-04,Support Worker,3,2.0,18.619999999999997,24.0,1.0
2025-11-02,LOC-04,Support Worker,3,3.0,26.440000000000005,24.0,1.0
2025-11-30,LOC-04,Support Worker,3,3.0,23.65,24.0,0.0
2026-01-11,LOC-04,Support Worker,3,3.0,23.78,24.0,0.0
2026-02-01,LOC-04,Support Worker,3,3.0,26.470000000000002,24.0,1.0
2026-03-08,LOC-04,Support Worker,2,2.0,16.2,16.0,0.0
2026-04-05,LOC-04,Support Worker,2,2.0,18.35,18.0,0.0
2026-04-12,LOC-04,Support Worker,2,2.0,17.61,18.0,0.0
2026-04-19,LOC-04,Support Worker,3,3.0,24.47,24.0,0.0
2026-04-26,LOC-04,Support Worker,2,2.0,16.32,16.0,0.0
2026-05-24,LOC-04,Support Worker,3,3.0,25.61,24.0,1.0
2026-06-14,LOC-04,Support Worker,3,3.0,26.0,26.0,0.0
2026-06-28,LOC-04,Support Worker,3,3.0,24.03,24.0,0.0
2026-07-05,LOC-04,Support Worker,3,3.0,23.77,24.0,0.0
2026-07-12,LOC-04,Support Worker,3,3.0,26.03,26.0,0.0
2026-07-26,LOC-04,Support Worker,3,3.0,24.43,24.0,0.0
2025-08-02,LOC-03,Team Leader,3,3.0,24.05,24.0,0.0
2025-08-03,LOC-03,Team Leader,3,3.0,26.89,24.0,1.0
2025-08-06,LOC-03,Team Leader,5,4.0,34.13,40.0,1.0
2025-08-12,LOC-03,Team Leader,4,4.0,31.83,32.0,0.0
2025-08-13,LOC-03,Team Leader,5,4.0,31.82,40.0,0.0
2025-08-16,LOC-03,Team Leader,3,3.0,24.119999999999997,24.0,0.0
2025-08-26,LOC-03,Team Leader,4,4.0,33.26,32.0,1.0
2025-09-14,LOC-03,Team Leader,3,2.0,15.9,24.0,0.0
2025-09-17,LOC-03,Team Leader,5,5.0,43.15,42.0,1.0
2025-09-28,LOC-03,Team Leader,3,3.0,26.22,24.0,1.0
2025-10-07,LOC-03,Team Leader,4,4.0,31.909999999999997,32.0,0.0
2025-11-01,LOC-03,Team Leader,3,3.0,24.49,24.0,0.0
2025-11-03,LOC-03,Team Leader,2,2.0,16.08,16.0,0.0
2025-11-05,LOC-03,Team Leader,5,5.0,41.85,42.0,0.0
2025-11-08,LOC-03,Team Leader,3,3.0,24.03,24.0,0.0
2025-11-11,LOC-03,Team Leader,4,4.0,31.830000000000002,32.0,0.0
2025-11-24,LOC-03,Team Leader,3,2.0,15.85,24.0,0.0
2025-11-25,LOC-03,Team Leader,4,4.0,33.830000000000005,32.0,1.0
2025-11-26,LOC-03,Team Leader,4,3.0,24.02,32.0,0.0
2025-11-30,LOC-03,Team Leader,3,3.0,24.39,24.0,0.0
2025-12-03,LOC-03,Team Leader,4,4.0,35.78,34.0,1.0
2025-12-06,LOC-03,Team Leader,2,2.0,16.08,16.0,0.0
2025-12-20,LOC-03,Team Leader,3,3.0,23.95,24.0,0.0
2025-12-21,LOC-03,Team Leader,2,2.0,16.0,16.0,0.0
2025-12-22,LOC-03,Team Leader,2,2.0,16.15,16.0,0.0
2025-12-23,LOC-03,Team Leader,3,3.0,29.02,24.0,2.0
2025-12-27,LOC-03,Team Leader,3,3.0,27.46,24.0,2.0
2026-01-04,LOC-03,Team Leader,3,3.0,26.25,26.0,0.0
2026-01-10,LOC-03,Team Leader,3,3.0,23.75,24.0,0.0
2026-01-19,LOC-03,Team Leader,3,3.0,26.41,24.0,1.0
2026-01-24,LOC-03,Team Leader,3,3.0,24.95,24.0,1.0
2026-01-28,LOC-03,Team Leader,4,4.0,34.11,34.0,0.0
2026-02-14,LOC-03,Team Leader,3,3.0,24.159999999999997,24.0,0.0
2026-02-22,LOC-03,Team Leader,3,3.0,24.08,24.0,0.0
2026-03-09,LOC-03,Team Leader,3,3.0,25.91,26.0,0.0
2026-03-21,LOC-03,Team Leader,3,3.0,25.85,26.0,0.0
2026-03-29,LOC-03,Team Leader,3,3.0,23.91,24.0,0.0
2026-04-01,LOC-03,Team Leader,5,5.0,41.97,42.0,0.0
2026-04-04,LOC-03,Team Leader,2,2.0,15.66,16.0,0.0
2026-04-07,LOC-03,Team Leader,4,4.0,32.19,32.0,0.0
2026-04-11,LOC-03,Team Leader,3,3.0,23.9,24.0,0.0
2026-04-13,LOC-03,Team Leader,3,3.0,26.199999999999996,26.0,0.0
2026-04-19,LOC-03,Team Leader,3,3.0,23.68,24.0,0.0
2026-04-22,LOC-03,Team Leader,5,5.0,41.87,42.0,0.0
2026-04-27,LOC-03,Team Leader,3,3.0,25.689999999999998,24.0,1.0
2026-04-29,LOC-03,Team Leader,5,5.0,40.730000000000004,40.0,1.0
2026-05-03,LOC-03,Team Leader,2,2.0,18.32,18.0,0.0
2026-05-12,LOC-03,Team Leader,4,4.0,33.69,34.0,0.0
2026-05-16,LOC-03,Team Leader,3,3.0,25.83,26.0,0.0
2026-05-18,LOC-03,Team Leader,3,3.0,23.96,24.0,0.0
2026-05-19,LOC-03,Team Leader,4,4.0,32.68,32.0,1.0
2026-05-31,LOC-03,Team Leader,3,3.0,23.82,24.0,0.0
2026-06-06,LOC-03,Team Leader,3,3.0,23.54,24.0,0.0
2026-06-08,LOC-03,Team Leader,3,3.0,24.03,24.0,0.0
2026-06-14,LOC-03,Team Leader,3,3.0,24.57,24.0,1.0
2026-06-15,LOC-03,Team Leader,3,3.0,24.759999999999998,24.0,1.0
2026-06-28,LOC-03,Team Leader,3,3.0,24.03,24.0,0.0
2026-06-29,LOC-03,Team Leader,3,3.0,24.16,24.0,0.0
2026-07-12,LOC-03,Team Leader,3,3.0,25.76,26.0,0.0
2026-07-19,LOC-03,Team Leader,3,3.0,26.05,26.0,0.0
2026-07-21,LOC-03,Team Leader,4,4.0,33.81,34.0,0.0
2026-07-22,LOC-03,Team Leader,5,5.0,40.18,40.0,0.0
2026-07-29,LOC-03,Team Leader,5,4.0,32.24,42.0,0.0
2025-08-22,LOC-03,Team Leader,3,3.0,24.38,24.0,0.0
2025-09-12,LOC-03,Team Leader,4,4.0,34.22,34.0,0.0
2025-10-28,LOC-03,Team Leader,3,3.0,26.75,24.0,1.0
2025-11-14,LOC-03,Team Leader,4,4.0,33.3,32.0,1.0
2025-12-19,LOC-03,Team Leader,3,3.0,24.01,24.0,0.0
2026-04-03,LOC-03,Team Leader,4,4.0,31.659999999999997,32.0,0.0
2026-06-12,LOC-03,Team Leader,3,3.0,25.7,24.0,1.0
2026-06-16,LOC-03,Team Leader,3,3.0,26.29,26.0,0.0
2026-07-03,LOC-03,Team Leader,3,3.0,23.950000000000003,24.0,0.0
2025-10-09,LOC-10,Allied Health Clinician,1,1.0,8.12,8.0,0.0
2026-01-08,LOC-10,Allied Health Clinician,1,1.0,7.84,8.0,0.0
2026-01-15,LOC-10,Allied Health Clinician,1,1.0,10.02,10.0,0.0
2026-01-29,LOC-10,Allied Health Clinician,1,1.0,8.01,8.0,0.0
2026-03-26,LOC-10,Allied Health Clinician,1,1.0,8.04,8.0,0.0
2026-05-07,LOC-10,Allied Health Clinician,1,1.0,7.98,8.0,0.0
2026-07-09,LOC-10,Allied Health Clinician,1,0.0,0.0,8.0,0.0
2026-07-16,LOC-10,Allied Health Clinician,1,1.0,8.13,8.0,0.0
2025-08-10,LOC-09,Coordinator,1,1.0,8.02,8.0,0.0
2025-08-17,LOC-09,Coordinator,1,1.0,7.79,8.0,0.0
2025-08-24,LOC-09,Coordinator,1,1.0,10.7,8.0,1.0
2025-09-07,LOC-09,Coordinator,1,0.0,0.0,8.0,0.0
2025-09-11,LOC-09,Coordinator,2,2.0,15.879999999999999,16.0,0.0
2025-09-18,LOC-09,Coordinator,2,2.0,16.66,16.0,1.0
2025-10-09,LOC-09,Coordinator,2,2.0,15.93,16.0,0.0
2025-10-26,LOC-09,Coordinator,1,1.0,7.89,8.0,0.0
2025-11-16,LOC-09,Coordinator,1,1.0,7.79,8.0,0.0
2025-12-04,LOC-09,Coordinator,2,2.0,16.1,16.0,0.0
2025-12-07,LOC-09,Coordinator,1,1.0,7.96,8.0,0.0
2025-12-11,LOC-09,Coordinator,2,2.0,15.87,16.0,0.0
2025-12-25,LOC-09,Coordinator,2,2.0,16.16,16.0,0.0
2026-01-01,LOC-09,Coordinator,2,2.0,15.62,16.0,0.0
2026-01-15,LOC-09,Coordinator,2,2.0,18.08,18.0,0.0
2026-02-08,LOC-09,Coordinator,1,1.0,8.01,8.0,0.0
2026-02-12,LOC-09,Coordinator,2,2.0,16.049999999999997,16.0,0.0
2026-03-08,LOC-09,Coordinator,1,1.0,7.85,8.0,0.0
2026-03-26,LOC-09,Coordinator,2,2.0,15.84,16.0,0.0
2026-04-30,LOC-09,Coordinator,2,2.0,17.11,16.0,1.0
2026-05-10,LOC-09,Coordinator,1,1.0,10.72,8.0,1.0
2026-05-28,LOC-09,Coordinator,2,2.0,15.629999999999999,16.0,0.0
2026-06-04,LOC-09,Coordinator,1,1.0,8.05,8.0,0.0
2026-07-09,LOC-09,Coordinator,2,2.0,16.07,16.0,0.0
2026-07-12,LOC-09,Coordinator,1,1.0,8.91,8.0,1.0
2026-07-26,LOC-09,Coordinator,1,1.0,10.21,10.0,0.0
2025-08-07,LOC-07,Support Worker,2,2.0,15.46,16.0,0.0
2025-08-29,LOC-07,Support Worker,3,3.0,27.01,24.0,1.0
2025-09-04,LOC-07,Support Worker,2,2.0,15.7,16.0,0.0
2025-10-02,LOC-07,Support Worker,2,2.0,15.61,16.0,0.0
2025-10-09,LOC-07,Support Worker,2,2.0,16.21,16.0,0.0
2025-11-20,LOC-07,Support Worker,2,2.0,15.879999999999999,16.0,0.0
2026-01-01,LOC-07,Support Worker,2,2.0,17.78,18.0,0.0
2026-01-02,LOC-07,Support Worker,2,2.0,17.28,16.0,1.0
2026-02-19,LOC-07,Support Worker,2,2.0,17.9,18.0,0.0
2026-02-26,LOC-07,Support Worker,2,2.0,17.87,16.0,1.0
2026-03-12,LOC-07,Support Worker,2,1.0,7.85,16.0,0.0
2026-03-26,LOC-07,Support Worker,2,2.0,15.95,16.0,0.0
2026-04-09,LOC-07,Support Worker,2,2.0,16.12,16.0,0.0
2026-05-14,LOC-07,Support Worker,2,2.0,18.1,18.0,0.0
2026-07-02,LOC-07,Support Worker,2,2.0,19.89,18.0,1.0
2026-07-30,LOC-07,Support Worker,2,2.0,17.35,16.0,1.0
2025-08-30,LOC-06,Support Worker,1,1.0,7.92,8.0,0.0
2025-09-06,LOC-06,Support Worker,1,1.0,12.62,10.0,1.0
2025-10-18,LOC-06,Support Worker,1,1.0,8.04,8.0,0.0
2025-11-15,LOC-06,Support Worker,1,1.0,8.13,8.0,0.0
2025-12-13,LOC-06,Support Worker,1,1.0,7.93,8.0,0.0
2026-01-03,LOC-06,Support Worker,1,1.0,8.01,8.0,0.0
2026-01-17,LOC-06,Support Worker,1,1.0,7.81,8.0,0.0
2026-02-07,LOC-06,Support Worker,1,1.0,8.23,8.0,0.0
2026-02-14,LOC-06,Support Worker,1,1.0,8.11,8.0,0.0
2026-03-28,LOC-06,Support Worker,1,1.0,8.04,8.0,0.0
2026-04-04,LOC-06,Support Worker,1,1.0,8.02,8.0,0.0
2026-05-30,LOC-06,Support Worker,1,1.0,8.13,8.0,0.0
2026-06-06,LOC-06,Support Worker,1,1.0,8.03,8.0,0.0
2026-06-13,LOC-06,Support Worker,1,1.0,8.36,8.0,0.0
2025-11-05,LOC-05,Support Worker,1,1.0,7.68,8.0,0.0
2025-08-10,LOC-09,Support Worker,3,3.0,26.92,26.0,1.0
2025-08-17,LOC-09,Support Worker,3,3.0,26.96,24.0,1.0
2025-08-24,LOC-09,Support Worker,3,3.0,23.75,24.0,0.0
2025-09-07,LOC-09,Support Worker,3,3.0,24.04,24.0,0.0
2025-10-26,LOC-09,Support Worker,3,3.0,24.23,24.0,0.0
2025-11-16,LOC-09,Support Worker,2,2.0,16.03,16.0,0.0
2025-12-07,LOC-09,Support Worker,3,2.0,17.78,28.0,0.0
2026-01-11,LOC-09,Support Worker,3,2.0,16.28,24.0,0.0
2026-02-08,LOC-09,Support Worker,3,2.0,15.83,24.0,0.0
2026-02-22,LOC-09,Support Worker,3,2.0,16.19,24.0,0.0
2026-03-08,LOC-09,Support Worker,2,1.0,7.98,16.0,0.0
2026-04-10,LOC-09,Support Worker,3,3.0,27.97,26.0,1.0
2026-05-10,LOC-09,Support Worker,3,3.0,23.980000000000004,24.0,0.0
2026-07-12,LOC-09,Support Worker,3,3.0,28.520000000000003,26.0,1.0
2026-07-26,LOC-09,Support Worker,3,3.0,26.740000000000002,26.0,1.0
2025-08-04,LOC-04,Team Leader,1,1.0,7.9,8.0,0.0
2025-08-08,LOC-04,Team Leader,1,1.0,8.06,8.0,0.0
2025-09-19,LOC-04,Team Leader,1,1.0,7.87,8.0,0.0
2025-09-23,LOC-04,Team Leader,1,1.0,8.12,8.0,0.0
2025-09-24,LOC-04,Team Leader,1,1.0,8.08,8.0,0.0
2025-10-01,LOC-04,Team Leader,1,1.0,9.99,10.0,0.0
2025-10-07,LOC-04,Team Leader,1,1.0,10.03,10.0,0.0
2025-10-18,LOC-04,Team Leader,1,1.0,8.27,8.0,0.0
2025-10-20,LOC-04,Team Leader,1,1.0,8.14,8.0,0.0
2025-10-25,LOC-04,Team Leader,1,1.0,7.96,8.0,0.0
2025-10-27,LOC-04,Team Leader,1,1.0,8.19,8.0,0.0
2025-10-31,LOC-04,Team Leader,1,1.0,7.93,8.0,0.0
2025-11-05,LOC-04,Team Leader,1,1.0,8.06,8.0,0.0
2025-11-08,LOC-04,Team Leader,1,1.0,8.14,8.0,0.0
2025-11-10,LOC-04,Team Leader,1,1.0,8.03,8.0,0.0
2025-11-24,LOC-04,Team Leader,1,1.0,8.01,8.0,0.0
2025-12-05,LOC-04,Team Leader,1,1.0,8.49,8.0,0.0
2025-12-08,LOC-04,Team Leader,1,1.0,9.92,10.0,0.0
2025-12-17,LOC-04,Team Leader,1,1.0,7.78,8.0,0.0
2025-12-19,LOC-04,Team Leader,1,1.0,8.14,8.0,0.0
2025-12-22,LOC-04,Team Leader,1,1.0,10.59,8.0,1.0
2025-12-24,LOC-04,Team Leader,1,1.0,7.72,8.0,0.0
2025-12-27,LOC-04,Team Leader,1,1.0,7.93,8.0,0.0
2025-12-30,LOC-04,Team Leader,1,1.0,9.81,8.0,1.0
2026-01-02,LOC-04,Team Leader,1,1.0,8.03,8.0,0.0
2026-01-06,LOC-04,Team Leader,1,1.0,9.74,10.0,0.0
2026-01-14,LOC-04,Team Leader,1,1.0,9.77,8.0,1.0
2026-01-26,LOC-04,Team Leader,1,1.0,7.82,8.0,0.0
2026-01-27,LOC-04,Team Leader,1,1.0,7.82,8.0,0.0
2026-01-28,LOC-04,Team Leader,1,1.0,8.02,8.0,0.0
2026-01-30,LOC-04,Team Leader,1,1.0,8.1,8.0,0.0
2026-02-02,LOC-04,Team Leader,1,1.0,10.26,10.0,0.0
2026-02-10,LOC-04,Team Leader,1,1.0,7.93,8.0,0.0
2026-02-13,LOC-04,Team Leader,1,1.0,7.99,8.0,0.0
2026-02-14,LOC-04,Team Leader,1,1.0,8.07,8.0,0.0
2026-02-18,LOC-04,Team Leader,1,0.0,0.0,8.0,0.0
2026-02-21,LOC-04,Team Leader,1,1.0,8.05,8.0,0.0
2026-03-06,LOC-04,Team Leader,1,1.0,9.04,8.0,1.0
2026-03-13,LOC-04,Team Leader,1,1.0,9.88,10.0,0.0
2026-03-14,LOC-04,Team Leader,1,1.0,8.14,8.0,0.0
2026-03-24,LOC-04,Team Leader,1,1.0,8.16,8.0,0.0
2026-03-28,LOC-04,Team Leader,1,1.0,7.82,8.0,0.0
2026-03-30,LOC-04,Team Leader,1,1.0,8.02,8.0,0.0
2026-03-31,LOC-04,Team Leader,1,1.0,8.19,8.0,0.0
2026-04-08,LOC-04,Team Leader,1,1.0,7.95,8.0,0.0
2026-04-24,LOC-04,Team Leader,1,1.0,7.98,8.0,0.0
2026-04-28,LOC-04,Team Leader,1,1.0,8.0,8.0,0.0
2026-04-29,LOC-04,Team Leader,1,1.0,8.04,8.0,0.0
2026-05-04,LOC-04,Team Leader,1,1.0,7.84,8.0,0.0
2026-05-11,LOC-04,Team Leader,1,1.0,8.05,8.0,0.0
2026-05-27,LOC-04,Team Leader,1,1.0,7.82,8.0,0.0
2026-05-30,LOC-04,Team Leader,1,1.0,9.96,10.0,0.0
2026-06-03,LOC-04,Team Leader,1,1.0,10.13,8.0,1.0
2026-06-05,LOC-04,Team Leader,1,1.0,8.13,8.0,0.0
2026-07-04,LOC-04,Team Leader,1,1.0,10.4,8.0,1.0
2026-07-07,LOC-04,Team Leader,1,1.0,8.12,8.0,0.0
2026-07-10,LOC-04,Team Leader,1,1.0,7.53,8.0,0.0
2026-07-15,LOC-04,Team Leader,1,1.0,9.7,10.0,0.0
2025-08-22,LOC-06,Allied Health Clinician,1,1.0,8.03,8.0,0.0
2025-09-02,LOC-06,Allied Health Clinician,1,1.0,8.03,8.0,0.0
2025-09-19,LOC-06,Allied Health Clinician,1,1.0,8.12,8.0,0.0
2025-09-30,LOC-06,Allied Health Clinician,1,1.0,8.0,8.0,0.0
2025-10-10,LOC-06,Allied Health Clinician,1,1.0,9.27,8.0,1.0
2025-10-17,LOC-06,Allied Health Clinician,1,1.0,10.13,10.0,0.0
2025-10-24,LOC-06,Allied Health Clinician,1,1.0,7.9,8.0,0.0
2025-11-01,LOC-06,Allied Health Clinician,1,1.0,7.63,8.0,0.0
2025-11-25,LOC-06,Allied Health Clinician,1,1.0,7.99,8.0,0.0
2025-11-29,LOC-06,Allied Health Clinician,1,1.0,7.76,8.0,0.0
2025-12-02,LOC-06,Allied Health Clinician,1,1.0,8.04,8.0,0.0
2025-12-06,LOC-06,Allied Health Clinician,1,1.0,8.93,8.0,1.0
2025-12-09,LOC-06,Allied Health Clinician,1,1.0,8.03,8.0,0.0
2026-01-06,LOC-06,Allied Health Clinician,1,0.0,0.0,8.0,0.0
2026-01-16,LOC-06,Allied Health Clinician,1,1.0,7.92,8.0,0.0
2026-02-06,LOC-06,Allied Health Clinician,1,1.0,10.19,10.0,0.0
2026-02-10,LOC-06,Allied Health Clinician,1,1.0,8.13,8.0,0.0
2026-02-13,LOC-06,Allied Health Clinician,1,1.0,8.13,8.0,0.0
2026-02-17,LOC-06,Allied Health Clinician,1,1.0,8.08,8.0,0.0
2026-02-20,LOC-06,Allied Health Clinician,1,0.0,0.0,8.0,0.0
2026-02-24,LOC-06,Allied Health Clinician,1,1.0,7.91,8.0,0.0
2026-02-28,LOC-06,Allied Health Clinician,1,1.0,10.54,10.0,1.0
2026-03-03,LOC-06,Allied Health Clinician,1,1.0,10.02,8.0,1.0
2026-03-06,LOC-06,Allied Health Clinician,1,1.0,10.68,8.0,1.0
2026-03-14,LOC-06,Allied Health Clinician,1,1.0,10.0,10.0,0.0
2026-03-21,LOC-06,Allied Health Clinician,1,1.0,10.01,10.0,0.0
2026-03-27,LOC-06,Allied Health Clinician,1,1.0,8.22,8.0,0.0
2026-04-10,LOC-06,Allied Health Clinician,1,1.0,8.19,8.0,0.0
2026-04-11,LOC-06,Allied Health Clinician,1,1.0,9.96,8.0,1.0
2026-04-17,LOC-06,Allied Health Clinician,1,1.0,7.91,8.0,0.0
2026-04-28,LOC-06,Allied Health Clinician,1,1.0,8.18,8.0,0.0
2026-05-02,LOC-06,Allied Health Clinician,1,1.0,7.61,8.0,0.0
2026-05-08,LOC-06,Allied Health Clinician,1,1.0,7.85,8.0,0.0
2026-05-09,LOC-06,Allied Health Clinician,1,1.0,7.87,8.0,0.0
2026-05-15,LOC-06,Allied Health Clinician,1,1.0,8.14,8.0,0.0
2026-05-22,LOC-06,Allied Health Clinician,1,1.0,8.25,8.0,0.0
2026-05-26,LOC-06,Allied Health Clinician,1,1.0,8.12,8.0,0.0
2026-06-12,LOC-06,Allied Health Clinician,1,1.0,8.06,8.0,0.0
2026-07-25,LOC-06,Allied Health Clinician,1,1.0,9.95,10.0,0.0
2025-08-02,LOC-01,Support Worker,1,1.0,7.95,8.0,0.0
2025-08-23,LOC-01,Support Worker,1,1.0,9.99,10.0,0.0
2025-09-27,LOC-01,Support Worker,1,1.0,8.15,8.0,0.0
2025-10-04,LOC-01,Support Worker,1,1.0,8.15,8.0,0.0
2025-10-16,LOC-01,Support Worker,1,1.0,7.88,8.0,0.0
2025-10-30,LOC-01,Support Worker,1,1.0,8.18,8.0,0.0
2025-11-06,LOC-01,Support Worker,1,1.0,7.97,8.0,0.0
2025-11-13,LOC-01,Support Worker,1,1.0,9.82,10.0,0.0
2025-11-27,LOC-01,Support Worker,1,1.0,8.24,8.0,0.0
2025-12-20,LOC-01,Support Worker,1,1.0,7.86,8.0,0.0
2026-01-17,LOC-01,Support Worker,1,1.0,9.8,10.0,0.0
2026-03-05,LOC-01,Support Worker,1,0.0,0.0,8.0,0.0
2026-03-12,LOC-01,Support Worker,1,1.0,8.14,8.0,0.0
2026-03-26,LOC-01,Support Worker,1,1.0,10.41,8.0,1.0
2026-03-28,LOC-01,Support Worker,1,1.0,8.03,8.0,0.0
2026-04-09,LOC-01,Support Worker,1,1.0,7.81,8.0,0.0
2026-04-16,LOC-01,Support Worker,1,1.0,7.86,8.0,0.0
2026-04-25,LOC-01,Support Worker,1,1.0,10.6,8.0,1.0
2026-05-28,LOC-01,Support Worker,1,1.0,9.1,8.0,1.0
2026-06-18,LOC-01,Support Worker,1,1.0,7.9,8.0,0.0
2026-07-04,LOC-01,Support Worker,1,1.0,8.03,8.0,0.0
2026-07-16,LOC-01,Support Worker,1,1.0,8.09,8.0,0.0
2026-07-18,LOC-01,Support Worker,1,1.0,8.22,8.0,0.0
2026-07-30,LOC-01,Support Worker,1,1.0,7.99,8.0,0.0
2025-10-26,LOC-03,Team Leader,2,2.0,18.439999999999998,18.0,0.0
2025-10-27,LOC-03,Team Leader,2,2.0,15.81,16.0,0.0
2026-02-13,LOC-03,Team Leader,3,3.0,25.6,24.0,1.0
2026-03-02,LOC-03,Team Leader,2,2.0,15.620000000000001,16.0,0.0
2026-07-10,LOC-03,Team Leader,3,3.0,25.740000000000002,26.0,0.0
2026-07-31,LOC-03,Team Leader,3,3.0,24.07,24.0,0.0
2025-09-10,LOC-04,Support Worker,2,2.0,15.67,16.0,0.0
2025-10-08,LOC-04,Support Worker,3,3.0,24.490000000000002,24.0,0.0
2025-12-31,LOC-04,Support Worker,3,3.0,25.81,26.0,0.0
2026-01-07,LOC-04,Support Worker,3,3.0,23.86,24.0,0.0
2026-02-04,LOC-04,Support Worker,3,3.0,27.64,28.0,0.0
2026-03-18,LOC-04,Support Worker,3,3.0,24.35,24.0,0.0
2026-04-01,LOC-04,Support Worker,3,3.0,26.119999999999997,26.0,0.0
2026-04-15,LOC-09,Support Worker,2,2.0,18.55,16.0,1.0
2025-12-19,LOC-02,Support Worker,3,3.0,23.869999999999997,24.0,0.0
2025-08-08,LOC-07,Allied Health Clinician,1,1.0,8.04,8.0,0.0
2025-10-10,LOC-07,Allied Health Clinician,1,1.0,8.09,8.0,0.0
2025-10-17,LOC-07,Allied Health Clinician,1,1.0,7.93,8.0,0.0
2025-11-13,LOC-07,Allied Health Clinician,1,1.0,9.54,10.0,0.0
2025-11-14,LOC-07,Allied Health Clinician,1,1.0,7.97,8.0,0.0
2025-11-15,LOC-07,Allied Health Clinician,1,1.0,8.02,8.0,0.0
2025-11-19,LOC-07,Allied Health Clinician,1,1.0,7.99,8.0,0.0
2025-11-28,LOC-07,Allied Health Clinician,1,1.0,7.93,8.0,0.0
2025-12-26,LOC-07,Allied Health Clinician,1,1.0,7.83,8.0,0.0
2025-12-27,LOC-07,Allied Health Clinician,1,1.0,8.18,8.0,0.0
2026-01-09,LOC-07,Allied Health Clinician,1,1.0,8.02,8.0,0.0
2026-01-17,LOC-07,Allied Health Clinician,1,1.0,8.14,8.0,0.0
2026-01-24,LOC-07,Allied Health Clinician,1,1.0,8.09,8.0,0.0
2026-03-07,LOC-07,Allied Health Clinician,1,1.0,10.69,8.0,1.0
2026-03-20,LOC-07,Allied Health Clinician,1,1.0,7.82,8.0,0.0
2026-03-27,LOC-07,Allied Health Clinician,1,1.0,8.29,8.0,0.0
2026-04-03,LOC-07,Allied Health Clinician,1,1.0,7.83,8.0,0.0
2026-04-06,LOC-07,Allied Health Clinician,1,1.0,8.02,8.0,0.0
2026-04-10,LOC-07,Allied Health Clinician,1,1.0,8.03,8.0,0.0
2026-04-17,LOC-07,Allied Health Clinician,1,1.0,10.21,10.0,0.0
2026-04-25,LOC-07,Allied Health Clinician,1,1.0,8.75,8.0,1.0
2026-05-15,LOC-07,Allied Health Clinician,1,1.0,8.11,8.0,0.0
2026-05-22,LOC-07,Allied Health Clinician,1,1.0,9.32,8.0,1.0
2026-05-23,LOC-07,Allied Health Clinician,1,1.0,7.94,8.0,0.0
2026-05-29,LOC-07,Allied Health Clinician,1,1.0,7.96,8.0,0.0
2026-05-30,LOC-07,Allied Health Clinician,1,1.0,11.35,10.0,1.0
2026-07-17,LOC-07,Allied Health Clinician,1,1.0,8.03,8.0,0.0
2026-07-25,LOC-07,Allied Health Clinician,1,1.0,8.21,8.0,0.0
2025-08-16,LOC-05,Coordinator,1,1.0,8.21,8.0,0.0
2025-08-23,LOC-05,Coordinator,1,1.0,8.19,8.0,0.0
2025-10-11,LOC-05,Coordinator,1,1.0,7.88,8.0,0.0
2025-10-18,LOC-05,Coordinator,1,1.0,7.77,8.0,0.0
2025-11-01,LOC-05,Coordinator,1,1.0,7.97,8.0,0.0
2025-11-15,LOC-05,Coordinator,1,1.0,9.93,10.0,0.0
2025-11-22,LOC-05,Coordinator,1,1.0,7.99,8.0,0.0
2025-12-06,LOC-05,Coordinator,1,1.0,8.08,8.0,0.0
2026-01-10,LOC-05,Coordinator,1,1.0,8.06,8.0,0.0
2026-01-24,LOC-05,Coordinator,1,1.0,7.56,8.0,0.0
2026-02-14,LOC-05,Coordinator,1,1.0,7.92,8.0,0.0
2026-04-17,LOC-05,Coordinator,1,1.0,8.14,8.0,0.0
2026-05-09,LOC-05,Coordinator,1,1.0,8.24,8.0,0.0
2025-08-19,LOC-04,Support Worker,2,2.0,18.64,16.0,1.0
2025-09-02,LOC-04,Support Worker,2,2.0,16.66,16.0,1.0
2025-09-30,LOC-04,Support Worker,2,2.0,16.64,16.0,1.0
2025-11-11,LOC-04,Support Worker,2,2.0,15.97,16.0,0.0
2025-12-09,LOC-04,Support Worker,2,2.0,15.559999999999999,16.0,0.0
2025-12-16,LOC-04,Support Worker,2,2.0,19.88,20.0,0.0
2025-12-23,LOC-04,Support Worker,2,2.0,15.43,16.0,0.0
2026-01-20,LOC-04,Support Worker,2,2.0,16.39,16.0,0.0
2026-02-03,LOC-04,Support Worker,2,2.0,18.82,16.0,1.0
2026-02-17,LOC-04,Support Worker,2,1.0,7.93,16.0,0.0
2026-03-10,LOC-04,Support Worker,2,2.0,15.879999999999999,16.0,0.0
2026-06-02,LOC-04,Support Worker,1,1.0,10.0,8.0,1.0
2026-06-16,LOC-04,Support Worker,2,2.0,15.97,16.0,0.0
2026-06-23,LOC-04,Support Worker,2,2.0,17.27,16.0,1.0
2025-08-22,LOC-06,Team Leader,1,1.0,8.08,8.0,0.0
2025-09-07,LOC-06,Team Leader,1,1.0,10.14,10.0,0.0
2025-09-14,LOC-06,Team Leader,1,1.0,10.05,8.0,1.0
2025-09-18,LOC-06,Team Leader,1,1.0,7.7,8.0,0.0
2025-09-19,LOC-06,Team Leader,1,1.0,8.17,8.0,0.0
2025-09-24,LOC-06,Team Leader,1,1.0,8.06,8.0,0.0
2025-09-25,LOC-06,Team Leader,1,1.0,7.89,8.0,0.0
2025-10-01,LOC-06,Team Leader,1,1.0,9.72,8.0,1.0
2025-10-10,LOC-06,Team Leader,1,1.0,8.14,8.0,0.0
2025-10-12,LOC-06,Team Leader,1,1.0,8.22,8.0,0.0
2025-10-15,LOC-06,Team Leader,1,1.0,8.1,8.0,0.0
2025-10-16,LOC-06,Team Leader,1,1.0,7.95,8.0,0.0
2025-10-17,LOC-06,Team Leader,1,1.0,8.17,8.0,0.0
2025-10-23,LOC-06,Team Leader,1,1.0,7.73,8.0,0.0
2025-10-24,LOC-06,Team Leader,1,1.0,8.22,8.0,0.0
2025-10-25,LOC-06,Team Leader,1,1.0,10.96,8.0,1.0
2025-10-30,LOC-06,Team Leader,1,1.0,7.89,8.0,0.0
2025-11-01,LOC-06,Team Leader,1,1.0,7.98,8.0,0.0
2025-11-08,LOC-06,Team Leader,1,1.0,9.86,10.0,0.0
2025-11-12,LOC-06,Team Leader,1,1.0,7.98,8.0,0.0
2025-11-13,LOC-06,Team Leader,1,1.0,8.01,8.0,0.0
2025-11-16,LOC-06,Team Leader,1,1.0,7.92,8.0,0.0
2025-11-27,LOC-06,Team Leader,1,1.0,8.14,8.0,0.0
2025-11-29,LOC-06,Team Leader,1,1.0,7.97,8.0,0.0
2025-12-07,LOC-06,Team Leader,1,1.0,9.93,10.0,0.0
2025-12-31,LOC-06,Team Leader,1,1.0,10.33,8.0,1.0
2026-01-09,LOC-06,Team Leader,1,1.0,8.2,8.0,0.0
2026-01-15,LOC-06,Team Leader,1,1.0,7.85,8.0,0.0
2026-01-16,LOC-06,Team Leader,1,1.0,8.12,8.0,0.0
2026-01-21,LOC-06,Team Leader,1,1.0,8.06,8.0,0.0
2026-01-25,LOC-06,Team Leader,1,1.0,9.85,10.0,0.0
2026-02-01,LOC-06,Team Leader,1,1.0,8.1,8.0,0.0
2026-02-06,LOC-06,Team Leader,1,1.0,7.98,8.0,0.0
2026-02-12,LOC-06,Team Leader,1,1.0,8.09,8.0,0.0
2026-02-13,LOC-06,Team Leader,1,1.0,10.02,10.0,0.0
2026-02-15,LOC-06,Team Leader,1,1.0,7.94,8.0,0.0
2026-02-20,LOC-06,Team Leader,1,1.0,7.73,8.0,0.0
2026-02-28,LOC-06,Team Leader,1,1.0,8.08,8.0,0.0
2026-03-06,LOC-06,Team Leader,1,1.0,9.36,8.0,1.0
2026-03-08,LOC-06,Team Leader,1,1.0,10.01,10.0,0.0
2026-03-11,LOC-06,Team Leader,1,1.0,8.1,8.0,0.0
2026-03-12,LOC-06,Team Leader,1,0.0,0.0,8.0,0.0
2026-03-14,LOC-06,Team Leader,1,1.0,7.92,8.0,0.0
2026-03-21,LOC-06,Team Leader,1,1.0,8.05,8.0,0.0
2026-03-26,LOC-06,Team Leader,1,1.0,8.81,8.0,1.0
2026-03-27,LOC-06,Team Leader,1,1.0,9.49,8.0,1.0
2026-04-02,LOC-06,Team Leader,1,1.0,7.9,8.0,0.0
2026-04-09,LOC-06,Team Leader,1,1.0,7.87,8.0,0.0
2026-04-10,LOC-06,Team Leader,1,1.0,7.96,8.0,0.0
2026-04-11,LOC-06,Team Leader,1,1.0,8.09,8.0,0.0
2026-04-17,LOC-06,Team Leader,1,1.0,7.99,8.0,0.0
2026-04-30,LOC-06,Team Leader,1,1.0,7.99,8.0,0.0
2026-05-02,LOC-06,Team Leader,1,1.0,8.02,8.0,0.0
2026-05-06,LOC-06,Team Leader,1,1.0,9.98,10.0,0.0
2026-05-08,LOC-06,Team Leader,1,1.0,9.88,10.0,0.0
2026-05-09,LOC-06,Team Leader,1,1.0,8.03,8.0,0.0
2026-05-15,LOC-06,Team Leader,1,1.0,8.08,8.0,0.0
2026-05-22,LOC-06,Team Leader,1,1.0,8.06,8.0,0.0
2026-06-11,LOC-06,Team Leader,1,0.0,0.0,8.0,0.0
2026-06-12,LOC-06,Team Leader,1,1.0,7.99,8.0,0.0
2026-06-24,LOC-06,Team Leader,1,1.0,8.12,8.0,0.0
2026-06-28,LOC-06,Team Leader,1,1.0,10.34,8.0,1.0
2026-07-02,LOC-06,Team Leader,1,1.0,7.89,8.0,0.0
2026-07-11,LOC-06,Team Leader,1,1.0,7.82,8.0,0.0
2025-08-06,LOC-08,Team Leader,2,2.0,15.739999999999998,16.0,0.0
2025-08-09,LOC-08,Team Leader,2,2.0,18.02,18.0,0.0
2025-08-12,LOC-08,Team Leader,2,2.0,15.82,16.0,0.0
2025-08-23,LOC-08,Team Leader,2,2.0,15.780000000000001,16.0,0.0
2025-08-26,LOC-08,Team Leader,2,2.0,18.06,16.0,1.0
2025-09-02,LOC-08,Team Leader,2,2.0,15.93,16.0,0.0
2025-09-13,LOC-08,Team Leader,2,2.0,16.22,16.0,0.0
2025-10-21,LOC-08,Team Leader,2,2.0,16.32,16.0,0.0
2025-10-25,LOC-08,Team Leader,2,2.0,15.95,16.0,0.0
2025-10-28,LOC-08,Team Leader,2,2.0,15.850000000000001,16.0,0.0
2025-11-01,LOC-08,Team Leader,2,2.0,18.16,18.0,0.0
2025-11-18,LOC-08,Team Leader,2,2.0,16.0,16.0,0.0
2025-11-19,LOC-08,Team Leader,2,2.0,18.69,18.0,1.0
2025-11-26,LOC-08,Team Leader,2,2.0,15.98,16.0,0.0
2025-12-02,LOC-08,Team Leader,2,2.0,16.18,16.0,0.0
2025-12-13,LOC-08,Team Leader,2,2.0,15.61,16.0,0.0
2025-12-24,LOC-08,Team Leader,2,2.0,16.27,16.0,0.0
2025-12-27,LOC-08,Team Leader,2,2.0,15.829999999999998,16.0,0.0
2026-01-07,LOC-08,Team Leader,2,2.0,18.84,16.0,1.0
2026-01-14,LOC-08,Team Leader,2,2.0,16.06,16.0,0.0
2026-01-21,LOC-08,Team Leader,2,2.0,15.39,16.0,0.0
2026-01-31,LOC-08,Team Leader,2,2.0,16.189999999999998,16.0,0.0
2026-02-10,LOC-08,Team Leader,2,2.0,17.8,18.0,0.0
2026-02-21,LOC-08,Team Leader,2,2.0,18.59,16.0,1.0
2026-03-07,LOC-08,Team Leader,2,1.0,8.15,18.0,0.0
2026-03-10,LOC-08,Team Leader,2,2.0,18.48,16.0,1.0
2026-03-14,LOC-08,Team Leader,2,2.0,18.08,18.0,1.0
2026-04-14,LOC-08,Team Leader,2,2.0,15.96,16.0,0.0
2026-04-29,LOC-08,Team Leader,2,2.0,16.09,16.0,0.0
2026-05-02,LOC-08,Team Leader,2,2.0,17.92,18.0,0.0
2026-05-05,LOC-08,Team Leader,2,2.0,18.44,16.0,1.0
2026-05-19,LOC-08,Team Leader,2,2.0,19.89,18.0,2.0
2026-05-20,LOC-08,Team Leader,2,2.0,18.619999999999997,16.0,1.0
2026-05-26,LOC-08,Team Leader,2,2.0,16.11,16.0,0.0
2026-06-09,LOC-08,Team Leader,2,2.0,15.83,16.0,0.0
2026-06-13,LOC-08,Team Leader,2,2.0,16.22,16.0,0.0
2026-07-04,LOC-08,Team Leader,2,1.0,7.96,16.0,0.0
2026-07-08,LOC-08,Team Leader,2,2.0,15.59,16.0,0.0
2026-07-14,LOC-08,Team Leader,2,2.0,15.7,16.0,0.0
2025-08-24,LOC-05,Support Worker,1,1.0,7.83,8.0,0.0
2025-08-04,LOC-09,Coordinator,1,1.0,7.99,8.0,0.0
2025-08-08,LOC-09,Coordinator,1,1.0,7.87,8.0,0.0
2025-08-09,LOC-09,Coordinator,1,1.0,8.0,8.0,0.0
2025-08-11,LOC-09,Coordinator,1,1.0,10.01,10.0,0.0
2025-08-18,LOC-09,Coordinator,1,1.0,10.53,8.0,1.0
2025-08-22,LOC-09,Coordinator,1,1.0,10.56,8.0,1.0
2025-08-25,LOC-09,Coordinator,1,1.0,7.99,8.0,0.0
2025-08-29,LOC-09,Coordinator,1,1.0,10.32,10.0,0.0
2025-09-01,LOC-09,Coordinator,1,1.0,10.16,10.0,0.0
2025-09-03,LOC-09,Coordinator,1,1.0,8.18,8.0,0.0
2025-09-06,LOC-09,Coordinator,1,1.0,7.81,8.0,0.0
2025-09-08,LOC-09,Coordinator,1,1.0,7.87,8.0,0.0
2025-09-29,LOC-09,Coordinator,1,1.0,7.67,8.0,0.0
2025-10-03,LOC-09,Coordinator,1,1.0,8.17,8.0,0.0
2025-10-11,LOC-09,Coordinator,1,1.0,8.68,8.0,1.0
2025-10-22,LOC-09,Coordinator,1,1.0,8.28,8.0,0.0
2025-11-07,LOC-09,Coordinator,1,1.0,8.83,8.0,1.0
2025-11-08,LOC-09,Coordinator,1,1.0,8.67,8.0,1.0
2025-11-10,LOC-09,Coordinator,1,1.0,9.54,8.0,1.0
2025-11-14,LOC-09,Coordinator,1,1.0,8.11,8.0,0.0
2025-11-17,LOC-09,Coordinator,1,1.0,8.02,8.0,0.0
2025-11-29,LOC-09,Coordinator,1,0.0,0.0,8.0,0.0
2025-12-06,LOC-09,Coordinator,1,1.0,7.9,8.0,0.0
2025-12-22,LOC-09,Coordinator,1,1.0,8.1,8.0,0.0
2025-12-31,LOC-09,Coordinator,1,1.0,7.96,8.0,0.0
2026-01-09,LOC-09,Coordinator,1,1.0,7.99,8.0,0.0
2026-01-10,LOC-09,Coordinator,1,1.0,7.85,8.0,0.0
2026-01-12,LOC-09,Coordinator,1,1.0,8.11,8.0,0.0
2026-01-23,LOC-09,Coordinator,1,1.0,9.45,8.0,1.0
2026-01-24,LOC-09,Coordinator,1,1.0,7.84,8.0,0.0
2026-01-30,LOC-09,Coordinator,1,1.0,7.89,8.0,0.0
2026-02-13,LOC-09,Coordinator,1,1.0,8.37,8.0,0.0
2026-02-18,LOC-09,Coordinator,1,1.0,8.21,8.0,0.0
2026-02-19,LOC-09,Coordinator,1,1.0,9.52,8.0,1.0
2026-02-21,LOC-09,Coordinator,1,1.0,8.07,8.0,0.0
2026-02-26,LOC-09,Coordinator,1,1.0,8.1,8.0,0.0
2026-03-06,LOC-09,Coordinator,1,1.0,8.2,8.0,0.0
2026-03-23,LOC-09,Coordinator,1,1.0,10.38,8.0,1.0
2026-04-03,LOC-09,Coordinator,1,1.0,8.08,8.0,0.0
2026-04-04,LOC-09,Coordinator,1,1.0,8.11,8.0,0.0
2026-04-06,LOC-09,Coordinator,1,1.0,7.99,8.0,0.0
2026-04-08,LOC-09,Coordinator,1,1.0,7.85,8.0,0.0
2026-04-15,LOC-09,Coordinator,1,1.0,8.05,8.0,0.0
2026-04-17,LOC-09,Coordinator,1,1.0,7.93,8.0,0.0
2026-04-18,LOC-09,Coordinator,1,1.0,8.22,8.0,0.0
2026-04-20,LOC-09,Coordinator,1,1.0,7.94,8.0,0.0
2026-04-22,LOC-09,Coordinator,1,1.0,10.2,10.0,0.0
2026-05-01,LOC-09,Coordinator,1,1.0,7.81,8.0,0.0
2026-05-11,LOC-09,Coordinator,1,1.0,8.03,8.0,0.0
2026-05-18,LOC-09,Coordinator,1,1.0,7.87,8.0,0.0
2026-05-20,LOC-09,Coordinator,1,1.0,7.99,8.0,0.0
2026-06-01,LOC-09,Coordinator,1,1.0,7.71,8.0,0.0
2026-06-05,LOC-09,Coordinator,1,1.0,7.96,8.0,0.0
2026-07-22,LOC-09,Coordinator,1,1.0,8.24,8.0,0.0
2026-07-31,LOC-09,Coordinator,1,1.0,7.87,8.0,0.0
2025-08-10,LOC-07,Support Worker,1,1.0,12.7,10.0,1.0
2025-08-17,LOC-07,Support Worker,1,1.0,7.85,8.0,0.0
2025-09-03,LOC-07,Support Worker,1,1.0,8.26,8.0,0.0
2025-10-01,LOC-07,Support Worker,2,2.0,18.240000000000002,18.0,0.0
2025-10-15,LOC-07,Support Worker,2,2.0,18.310000000000002,18.0,0.0
2025-10-22,LOC-07,Support Worker,2,2.0,15.67,16.0,0.0
2025-11-05,LOC-07,Support Worker,2,2.0,18.42,16.0,1.0
2025-12-10,LOC-07,Support Worker,2,2.0,17.76,16.0,1.0
2025-12-17,LOC-07,Support Worker,2,2.0,18.78,16.0,1.0
2025-12-28,LOC-07,Support Worker,1,1.0,8.02,8.0,0.0
2026-03-22,LOC-07,Support Worker,1,1.0,7.97,8.0,0.0
2026-04-01,LOC-07,Support Worker,2,2.0,16.270000000000003,16.0,0.0
2026-04-05,LOC-07,Support Worker,1,1.0,8.0,8.0,0.0
2026-04-08,LOC-07,Support Worker,2,2.0,17.950000000000003,18.0,0.0
2026-04-15,LOC-07,Support Worker,2,2.0,18.89,16.0,2.0
2026-04-19,LOC-07,Support Worker,1,1.0,8.11,8.0,0.0
2026-04-22,LOC-07,Support Worker,2,2.0,16.09,16.0,0.0
2026-05-17,LOC-07,Support Worker,1,1.0,8.0,8.0,0.0
2026-05-24,LOC-07,Support Worker,1,1.0,7.85,8.0,0.0
2026-06-17,LOC-07,Support Worker,2,2.0,17.72,18.0,0.0
2026-06-28,LOC-07,Support Worker,1,1.0,7.96,8.0,0.0
2026-07-08,LOC-07,Support Worker,2,2.0,16.11,16.0,0.0
2026-07-19,LOC-07,Support Worker,1,1.0,8.08,8.0,0.0
2025-08-23,LOC-04,Support Worker,1,1.0,9.95,10.0,0.0
2025-09-06,LOC-04,Support Worker,1,1.0,7.63,8.0,0.0
2025-09-27,LOC-04,Support Worker,1,1.0,8.05,8.0,0.0
2025-10-04,LOC-04,Support Worker,1,1.0,7.88,8.0,0.0
2025-11-29,LOC-04,Support Worker,1,1.0,9.82,10.0,0.0
2025-12-06,LOC-04,Support Worker,1,1.0,9.82,10.0,0.0
2025-12-13,LOC-04,Support Worker,1,1.0,8.47,8.0,0.0
2025-12-20,LOC-04,Support Worker,1,1.0,9.84,10.0,0.0
2026-01-17,LOC-04,Support Worker,1,1.0,8.04,8.0,0.0
2026-02-28,LOC-04,Support Worker,1,1.0,8.03,8.0,0.0
2026-04-04,LOC-04,Support Worker,1,1.0,8.08,8.0,0.0
2026-04-18,LOC-04,Support Worker,1,1.0,7.87,8.0,0.0
2026-05-09,LOC-04,Support Worker,1,1.0,8.21,8.0,0.0
2026-05-16,LOC-04,Support Worker,1,1.0,7.96,8.0,0.0
2026-01-11,LOC-03,Support Worker,1,1.0,7.96,8.0,0.0
2026-06-07,LOC-03,Support Worker,1,1.0,7.84,8.0,0.0
2025-08-13,LOC-01,Support Worker,1,1.0,7.95,8.0,0.0
2025-08-24,LOC-01,Support Worker,1,1.0,7.97,8.0,0.0
2025-09-02,LOC-01,Support Worker,1,1.0,7.95,8.0,0.0
2025-09-14,LOC-01,Support Worker,1,1.0,8.35,8.0,0.0
2025-09-15,LOC-01,Support Worker,1,1.0,7.96,8.0,0.0
2025-09-16,LOC-01,Support Worker,1,1.0,9.52,8.0,1.0
2025-09-17,LOC-01,Support Worker,1,1.0,8.0,8.0,0.0
2025-09-23,LOC-01,Support Worker,1,1.0,8.11,8.0,0.0
2025-09-30,LOC-01,Support Worker,1,1.0,10.18,8.0,1.0
2025-10-07,LOC-01,Support Worker,1,1.0,7.68,8.0,0.0
2025-10-15,LOC-01,Support Worker,1,1.0,9.16,8.0,1.0
2025-10-27,LOC-01,Support Worker,1,1.0,8.16,8.0,0.0
2025-10-28,LOC-01,Support Worker,1,1.0,8.14,8.0,0.0
2025-11-14,LOC-01,Support Worker,1,1.0,10.52,8.0,1.0
2025-11-17,LOC-01,Support Worker,1,1.0,7.97,8.0,0.0
2025-11-24,LOC-01,Support Worker,1,1.0,7.82,8.0,0.0
2025-12-02,LOC-01,Support Worker,1,1.0,8.1,8.0,0.0
2025-12-14,LOC-01,Support Worker,1,1.0,7.86,8.0,0.0
2025-12-30,LOC-01,Support Worker,1,1.0,10.14,8.0,1.0
2026-01-02,LOC-01,Support Worker,1,1.0,7.8,8.0,0.0
2026-01-06,LOC-01,Support Worker,1,1.0,7.87,8.0,0.0
2026-01-13,LOC-01,Support Worker,1,1.0,8.4,8.0,0.0
2026-01-16,LOC-01,Support Worker,1,1.0,8.2,8.0,0.0
2026-01-21,LOC-01,Support Worker,1,1.0,8.08,8.0,0.0
2026-01-23,LOC-01,Support Worker,1,1.0,7.76,8.0,0.0
2026-02-08,LOC-01,Support Worker,1,1.0,8.09,8.0,0.0
2026-02-09,LOC-01,Support Worker,1,1.0,8.75,8.0,1.0
2026-02-11,LOC-01,Support Worker,1,1.0,8.03,8.0,0.0
2026-02-13,LOC-01,Support Worker,1,1.0,7.85,8.0,0.0
2026-02-17,LOC-01,Support Worker,1,1.0,8.1,8.0,0.0
2026-02-22,LOC-01,Support Worker,1,1.0,8.01,8.0,0.0
2026-03-01,LOC-01,Support Worker,1,1.0,7.92,8.0,0.0
2026-03-02,LOC-01,Support Worker,1,1.0,9.88,10.0,0.0
2026-03-23,LOC-01,Support Worker,1,1.0,8.63,8.0,1.0
2026-04-13,LOC-01,Support Worker,1,1.0,7.69,8.0,0.0
2026-04-19,LOC-01,Support Worker,1,1.0,7.91,8.0,0.0
2026-04-22,LOC-01,Support Worker,1,1.0,8.14,8.0,0.0
2026-04-27,LOC-01,Support Worker,1,1.0,8.2,8.0,0.0
2026-05-04,LOC-01,Support Worker,1,1.0,8.18,8.0,0.0
2026-05-06,LOC-01,Support Worker,1,1.0,8.21,8.0,0.0
2026-05-27,LOC-01,Support Worker,1,1.0,8.02,8.0,0.0
2026-05-29,LOC-01,Support Worker,1,1.0,9.92,10.0,0.0
2026-06-07,LOC-01,Support Worker,1,1.0,7.93,8.0,0.0
2026-06-10,LOC-01,Support Worker,1,1.0,7.95,8.0,0.0
2026-06-14,LOC-01,Support Worker,1,1.0,8.14,8.0,0.0
2026-06-15,LOC-01,Support Worker,1,1.0,7.76,8.0,0.0
2026-06-17,LOC-01,Support Worker,1,1.0,7.87,8.0,0.0
2026-06-28,LOC-01,Support Worker,1,1.0,7.74,8.0,0.0
2026-07-07,LOC-01,Support Worker,1,1.0,8.19,8.0,0.0
2026-07-08,LOC-01,Support Worker,1,1.0,7.94,8.0,0.0
2026-07-10,LOC-01,Support Worker,1,1.0,7.97,8.0,0.0
2026-07-12,LOC-01,Support Worker,1,1.0,10.11,10.0,0.0
2026-07-14,LOC-01,Support Worker,1,1.0,8.09,8.0,0.0
2026-07-15,LOC-01,Support Worker,1,1.0,12.64,10.0,1.0
2026-07-26,LOC-01,Support Worker,1,1.0,8.97,8.0,1.0
2025-08-01,LOC-03,Registered Nurse,1,1.0,8.08,8.0,0.0
2025-08-07,LOC-03,Registered Nurse,1,1.0,7.92,8.0,0.0
2025-08-08,LOC-03,Registered Nurse,1,1.0,7.86,8.0,0.0
2025-08-10,LOC-03,Registered Nurse,1,1.0,8.17,8.0,0.0
2025-08-17,LOC-03,Registered Nurse,1,1.0,8.12,8.0,0.0
2025-08-20,LOC-03,Registered Nurse,1,1.0,10.28,8.0,1.0
2025-08-21,LOC-03,Registered Nurse,1,1.0,8.06,8.0,0.0
2025-08-24,LOC-03,Registered Nurse,1,1.0,7.84,8.0,0.0
2025-08-27,LOC-03,Registered Nurse,1,1.0,7.91,8.0,0.0
2025-08-29,LOC-03,Registered Nurse,1,1.0,10.02,10.0,0.0
2025-09-03,LOC-03,Registered Nurse,1,1.0,7.93,8.0,0.0
2025-09-04,LOC-03,Registered Nurse,1,1.0,10.3,10.0,0.0
2025-09-05,LOC-03,Registered Nurse,1,1.0,7.73,8.0,0.0
2025-09-10,LOC-03,Registered Nurse,1,1.0,10.17,10.0,0.0
2025-09-11,LOC-03,Registered Nurse,1,1.0,8.18,8.0,0.0
2025-09-21,LOC-03,Registered Nurse,1,1.0,7.94,8.0,0.0
2025-09-22,LOC-03,Registered Nurse,1,1.0,7.92,8.0,0.0
2025-10-08,LOC-03,Registered Nurse,1,1.0,10.36,8.0,1.0
2025-10-09,LOC-03,Registered Nurse,1,1.0,8.16,8.0,0.0
2025-10-12,LOC-03,Registered Nurse,1,1.0,8.09,8.0,0.0
2025-10-13,LOC-03,Registered Nurse,1,1.0,8.08,8.0,0.0
2025-10-17,LOC-03,Registered Nurse,1,1.0,8.13,8.0,0.0
2025-10-29,LOC-03,Registered Nurse,1,1.0,7.84,8.0,0.0
2025-11-02,LOC-03,Registered Nurse,1,1.0,8.12,8.0,0.0
2025-11-07,LOC-03,Registered Nurse,1,1.0,7.87,8.0,0.0
2025-11-12,LOC-03,Registered Nurse,1,1.0,8.13,8.0,0.0
2025-11-20,LOC-03,Registered Nurse,1,1.0,9.86,10.0,0.0
2025-11-21,LOC-03,Registered Nurse,1,1.0,9.91,10.0,0.0
2025-11-28,LOC-03,Registered Nurse,1,1.0,7.56,8.0,0.0
2025-12-05,LOC-03,Registered Nurse,1,1.0,7.88,8.0,0.0
2025-12-08,LOC-03,Registered Nurse,1,1.0,7.86,8.0,0.0
2025-12-25,LOC-03,Registered Nurse,1,0.0,0.0,8.0,0.0
2025-12-28,LOC-03,Registered Nurse,1,1.0,7.98,8.0,0.0
2025-12-31,LOC-03,Registered Nurse,1,1.0,7.92,8.0,0.0
2026-01-01,LOC-03,Registered Nurse,1,1.0,8.15,8.0,0.0
2026-01-07,LOC-03,Registered Nurse,1,1.0,7.91,8.0,0.0
2026-01-08,LOC-03,Registered Nurse,1,1.0,7.83,8.0,0.0
2026-01-26,LOC-03,Registered Nurse,1,1.0,7.69,8.0,0.0
2026-02-04,LOC-03,Registered Nurse,1,1.0,8.11,8.0,0.0
2026-02-05,LOC-03,Registered Nurse,1,1.0,7.81,8.0,0.0
2026-02-06,LOC-03,Registered Nurse,1,1.0,8.14,8.0,0.0
2026-02-09,LOC-03,Registered Nurse,1,1.0,8.0,8.0,0.0
2026-02-15,LOC-03,Registered Nurse,1,1.0,8.03,8.0,0.0
2026-02-23,LOC-03,Registered Nurse,1,1.0,10.48,8.0,1.0
2026-02-27,LOC-03,Registered Nurse,1,1.0,8.14,8.0,0.0
2026-03-11,LOC-03,Registered Nurse,1,1.0,9.97,8.0,1.0
2026-03-12,LOC-03,Registered Nurse,1,1.0,7.85,8.0,0.0
2026-03-18,LOC-03,Registered Nurse,1,1.0,7.63,8.0,0.0
2026-03-19,LOC-03,Registered Nurse,1,1.0,8.0,8.0,0.0
2026-03-23,LOC-03,Registered Nurse,1,1.0,7.74,8.0,0.0
2026-03-25,LOC-03,Registered Nurse,1,1.0,10.05,10.0,0.0
2026-03-27,LOC-03,Registered Nurse,1,1.0,8.12,8.0,0.0
2026-04-05,LOC-03,Registered Nurse,1,1.0,8.0,8.0,0.0
2026-04-06,LOC-03,Registered Nurse,1,1.0,8.13,8.0,0.0
2026-04-09,LOC-03,Registered Nurse,1,1.0,7.8,8.0,0.0
2026-04-15,LOC-03,Registered Nurse,1,1.0,9.81,10.0,0.0
2026-04-16,LOC-03,Registered Nurse,1,1.0,9.97,10.0,0.0
2026-05-04,LOC-03,Registered Nurse,1,1.0,7.92,8.0,0.0
2026-05-10,LOC-03,Registered Nurse,1,1.0,10.01,10.0,0.0
2026-05-15,LOC-03,Registered Nurse,1,1.0,8.0,8.0,0.0
2026-05-17,LOC-03,Registered Nurse,1,1.0,7.93,8.0,0.0
2026-05-21,LOC-03,Registered Nurse,1,1.0,10.12,10.0,0.0
2026-06-24,LOC-03,Registered Nurse,1,1.0,8.18,8.0,0.0
2026-07-02,LOC-03,Registered Nurse,1,1.0,10.22,10.0,0.0
2026-07-05,LOC-03,Registered Nurse,1,1.0,8.4,8.0,0.0
2026-07-08,LOC-03,Registered Nurse,1,1.0,8.12,8.0,0.0
2026-07-17,LOC-03,Registered Nurse,1,1.0,7.87,8.0,0.0
2026-07-26,LOC-03,Registered Nurse,1,1.0,8.13,8.0,0.0
2026-02-23,LOC-02,Support Worker,3,3.0,24.11,24.0,0.0
2025-08-03,LOC-09,Allied Health Clinician,1,1.0,8.07,8.0,0.0
2025-11-27,LOC-09,Allied Health Clinician,1,1.0,7.77,8.0,0.0
2025-11-30,LOC-09,Allied Health Clinician,1,1.0,9.97,10.0,0.0
2025-12-14,LOC-09,Allied Health Clinician,1,1.0,9.88,10.0,0.0
2025-12-21,LOC-09,Allied Health Clinician,1,1.0,8.1,8.0,0.0
2026-01-04,LOC-09,Allied Health Clinician,1,1.0,8.05,8.0,0.0
2026-02-15,LOC-09,Allied Health Clinician,1,1.0,8.24,8.0,0.0
2026-04-05,LOC-09,Allied Health Clinician,1,1.0,8.1,8.0,0.0
2026-04-12,LOC-09,Allied Health Clinician,1,1.0,7.85,8.0,0.0
2026-04-19,LOC-09,Allied Health Clinician,1,1.0,7.74,8.0,0.0
2026-04-26,LOC-09,Allied Health Clinician,1,1.0,8.13,8.0,0.0
2026-05-17,LOC-09,Allied Health Clinician,1,1.0,8.02,8.0,0.0
2026-05-31,LOC-09,Allied Health Clinician,1,1.0,7.89,8.0,0.0
2026-06-07,LOC-09,Allied Health Clinician,1,1.0,8.06,8.0,0.0
2026-06-14,LOC-09,Allied Health Clinician,1,1.0,8.23,8.0,0.0
2026-07-02,LOC-09,Allied Health Clinician,1,1.0,7.95,8.0,0.0
2026-07-05,LOC-09,Allied Health Clinician,1,1.0,8.38,8.0,0.0
2026-07-08,LOC-09,Allied Health Clinician,1,1.0,9.49,8.0,1.0
2026-07-19,LOC-09,Allied Health Clinician,1,0.0,0.0,8.0,0.0
2025-08-20,LOC-02,Support Worker,1,1.0,8.08,8.0,0.0
2025-09-10,LOC-02,Support Worker,1,1.0,8.07,8.0,0.0
2025-10-08,LOC-02,Support Worker,1,1.0,8.1,8.0,0.0
2025-12-03,LOC-02,Support Worker,1,1.0,8.03,8.0,0.0
2026-02-25,LOC-02,Support Worker,1,1.0,8.07,8.0,0.0
2026-03-04,LOC-02,Support Worker,1,1.0,8.23,8.0,0.0
2026-04-08,LOC-02,Support Worker,1,1.0,8.2,8.0,0.0
2026-05-06,LOC-02,Support Worker,1,1.0,8.87,8.0,1.0
2026-06-03,LOC-02,Support Worker,1,1.0,8.16,8.0,0.0
2026-06-24,LOC-02,Support Worker,1,1.0,8.21,8.0,0.0
2026-07-08,LOC-02,Support Worker,1,1.0,8.02,8.0,0.0
2025-09-01,LOC-07,Support Worker,3,3.0,23.47,24.0,0.0
2026-07-01,LOC-07,Support Worker,1,1.0,7.84,8.0,0.0
2025-08-28,LOC-03,Team Leader,3,3.0,25.62,24.0,1.0
2025-09-18,LOC-03,Team Leader,3,3.0,26.759999999999998,24.0,2.0
2025-10-02,LOC-03,Team Leader,3,3.0,24.0,24.0,0.0
2025-10-30,LOC-03,Team Leader,3,3.0,26.93,24.0,2.0
2025-12-11,LOC-03,Team Leader,3,3.0,25.61,24.0,1.0
2025-12-18,LOC-03,Team Leader,3,3.0,24.96,24.0,1.0
2026-05-14,LOC-03,Team Leader,3,3.0,24.55,24.0,0.0
2026-06-18,LOC-03,Team Leader,3,3.0,25.83,24.0,1.0
2026-06-25,LOC-03,Team Leader,3,3.0,25.22,24.0,1.0
2026-07-09,LOC-03,Team Leader,3,3.0,24.13,24.0,0.0
2026-07-16,LOC-03,Team Leader,3,3.0,25.33,24.0,1.0
2026-07-30,LOC-03,Team Leader,3,3.0,24.11,24.0,0.0
2025-08-07,LOC-05,Registered Nurse,1,1.0,8.24,8.0,0.0
2025-08-08,LOC-05,Registered Nurse,1,1.0,7.9,8.0,0.0
2025-08-13,LOC-05,Registered Nurse,1,1.0,7.95,8.0,0.0
2025-08-15,LOC-05,Registered Nurse,1,1.0,8.27,8.0,0.0
2025-09-16,LOC-05,Registered Nurse,1,1.0,8.14,8.0,0.0
2025-09-18,LOC-05,Registered Nurse,1,1.0,8.07,8.0,0.0
2025-09-25,LOC-05,Registered Nurse,1,1.0,8.05,8.0,0.0
2025-09-26,LOC-05,Registered Nurse,1,1.0,7.93,8.0,0.0
2025-10-01,LOC-05,Registered Nurse,1,1.0,8.02,8.0,0.0
2025-10-02,LOC-05,Registered Nurse,1,1.0,8.27,8.0,0.0
2025-10-10,LOC-05,Registered Nurse,1,1.0,8.23,8.0,0.0
2025-10-21,LOC-05,Registered Nurse,1,1.0,8.13,8.0,0.0
2025-10-23,LOC-05,Registered Nurse,1,1.0,8.07,8.0,0.0
2025-10-26,LOC-05,Registered Nurse,1,1.0,7.86,8.0,0.0
2025-11-02,LOC-05,Registered Nurse,1,1.0,7.86,8.0,0.0
2025-11-04,LOC-05,Registered Nurse,1,1.0,8.06,8.0,0.0
2025-11-06,LOC-05,Registered Nurse,1,1.0,10.12,10.0,0.0
2025-11-09,LOC-05,Registered Nurse,1,1.0,7.9,8.0,0.0
2025-11-20,LOC-05,Registered Nurse,1,1.0,8.23,8.0,0.0
2025-11-27,LOC-05,Registered Nurse,1,1.0,9.68,10.0,0.0
2025-12-02,LOC-05,Registered Nurse,1,0.0,0.0,8.0,0.0
2025-12-04,LOC-05,Registered Nurse,1,1.0,8.09,8.0,0.0
2025-12-05,LOC-05,Registered Nurse,1,1.0,8.07,8.0,0.0
2025-12-07,LOC-05,Registered Nurse,1,1.0,7.89,8.0,0.0
2025-12-09,LOC-05,Registered Nurse,1,1.0,7.92,8.0,0.0
2025-12-12,LOC-05,Registered Nurse,1,1.0,10.05,8.0,1.0
2025-12-23,LOC-05,Registered Nurse,1,1.0,7.91,8.0,0.0
2025-12-25,LOC-05,Registered Nurse,1,1.0,7.81,8.0,0.0
2025-12-31,LOC-05,Registered Nurse,1,1.0,7.86,8.0,0.0
2026-01-14,LOC-05,Registered Nurse,1,1.0,7.83,8.0,0.0
2026-01-15,LOC-05,Registered Nurse,1,1.0,7.91,8.0,0.0
2026-01-20,LOC-05,Registered Nurse,1,1.0,8.14,8.0,0.0
2026-01-23,LOC-05,Registered Nurse,1,1.0,8.2,8.0,0.0
2026-01-27,LOC-05,Registered Nurse,1,1.0,8.33,8.0,0.0
2026-01-29,LOC-05,Registered Nurse,1,1.0,10.8,8.0,1.0
2026-01-30,LOC-05,Registered Nurse,1,1.0,8.04,8.0,0.0
2026-02-01,LOC-05,Registered Nurse,1,1.0,7.96,8.0,0.0
2026-02-05,LOC-05,Registered Nurse,1,1.0,9.87,10.0,0.0
2026-02-10,LOC-05,Registered Nurse,1,1.0,8.23,8.0,0.0
2026-02-12,LOC-05,Registered Nurse,1,1.0,7.88,8.0,0.0
2026-02-19,LOC-05,Registered Nurse,1,1.0,8.13,8.0,0.0
2026-02-22,LOC-05,Registered Nurse,1,0.0,0.0,8.0,0.0
2026-03-05,LOC-05,Registered Nurse,1,1.0,7.84,8.0,0.0
2026-03-06,LOC-05,Registered Nurse,1,1.0,10.14,10.0,0.0
2026-03-11,LOC-05,Registered Nurse,1,1.0,9.93,10.0,0.0
2026-03-18,LOC-05,Registered Nurse,1,1.0,10.01,10.0,0.0
2026-03-25,LOC-05,Registered Nurse,1,1.0,7.82,8.0,0.0
2026-03-26,LOC-05,Registered Nurse,1,1.0,7.92,8.0,0.0
2026-04-01,LOC-05,Registered Nurse,1,1.0,8.03,8.0,0.0
2026-04-07,LOC-05,Registered Nurse,1,1.0,8.12,8.0,0.0
2026-04-10,LOC-05,Registered Nurse,1,1.0,10.19,10.0,0.0
2026-04-14,LOC-05,Registered Nurse,1,1.0,8.12,8.0,0.0
2026-04-16,LOC-05,Registered Nurse,1,1.0,7.83,8.0,0.0
2026-04-19,LOC-05,Registered Nurse,1,1.0,8.06,8.0,0.0
2026-04-23,LOC-05,Registered Nurse,1,1.0,7.97,8.0,0.0
2026-04-26,LOC-05,Registered Nurse,1,1.0,8.03,8.0,0.0
2026-04-29,LOC-05,Registered Nurse,1,1.0,8.07,8.0,0.0
2026-04-30,LOC-05,Registered Nurse,1,1.0,7.6,8.0,0.0
2026-05-01,LOC-05,Registered Nurse,1,1.0,8.22,8.0,0.0
2026-05-08,LOC-05,Registered Nurse,1,1.0,8.17,8.0,0.0
2026-05-21,LOC-05,Registered Nurse,1,1.0,8.15,8.0,0.0
2026-05-28,LOC-05,Registered Nurse,1,1.0,10.37,8.0,1.0
2026-06-04,LOC-05,Registered Nurse,1,0.0,0.0,8.0,0.0
2026-06-05,LOC-05,Registered Nurse,1,1.0,7.75,8.0,0.0
2026-06-11,LOC-05,Registered Nurse,1,1.0,8.24,8.0,0.0
2026-06-12,LOC-05,Registered Nurse,1,1.0,7.7,8.0,0.0
2026-06-16,LOC-05,Registered Nurse,1,1.0,7.98,8.0,0.0
2026-06-18,LOC-05,Registered Nurse,1,1.0,8.19,8.0,0.0
2026-06-21,LOC-05,Registered Nurse,1,1.0,8.06,8.0,0.0
2026-06-23,LOC-05,Registered Nurse,1,1.0,8.2,8.0,0.0
2026-07-03,LOC-05,Registered Nurse,1,1.0,10.03,10.0,0.0
2026-07-16,LOC-05,Registered Nurse,1,1.0,7.91,8.0,0.0
2025-08-06,LOC-07,Registered Nurse,1,1.0,10.06,10.0,0.0
2025-08-11,LOC-07,Registered Nurse,1,0.0,0.0,8.0,0.0
2025-08-15,LOC-07,Registered Nurse,1,1.0,11.51,10.0,1.0
2025-09-14,LOC-07,Registered Nurse,1,1.0,8.17,8.0,0.0
2025-09-21,LOC-07,Registered Nurse,1,1.0,8.09,8.0,0.0
2025-09-26,LOC-07,Registered Nurse,1,1.0,7.88,8.0,0.0
2025-09-28,LOC-07,Registered Nurse,1,1.0,8.24,8.0,0.0
2025-09-29,LOC-07,Registered Nurse,1,1.0,8.08,8.0,0.0
2025-11-16,LOC-07,Registered Nurse,1,1.0,8.15,8.0,0.0
2025-11-17,LOC-07,Registered Nurse,1,1.0,10.92,8.0,1.0
2025-11-18,LOC-07,Registered Nurse,1,1.0,8.17,8.0,0.0
2025-11-21,LOC-07,Registered Nurse,1,1.0,8.11,8.0,0.0
2025-12-05,LOC-07,Registered Nurse,1,1.0,8.27,8.0,0.0
2025-12-07,LOC-07,Registered Nurse,1,1.0,8.05,8.0,0.0
2025-12-15,LOC-07,Registered Nurse,1,1.0,8.65,8.0,1.0
2025-12-29,LOC-07,Registered Nurse,1,1.0,8.1,8.0,0.0
2026-01-07,LOC-07,Registered Nurse,1,1.0,8.13,8.0,0.0
2026-01-12,LOC-07,Registered Nurse,1,1.0,8.1,8.0,0.0
2026-01-13,LOC-07,Registered Nurse,1,1.0,8.1,8.0,0.0
2026-01-16,LOC-07,Registered Nurse,1,1.0,8.13,8.0,0.0
2026-01-19,LOC-07,Registered Nurse,1,1.0,7.99,8.0,0.0
2026-01-25,LOC-07,Registered Nurse,1,1.0,8.12,8.0,0.0
2026-01-27,LOC-07,Registered Nurse,1,1.0,7.92,8.0,0.0
2026-02-06,LOC-07,Registered Nurse,1,1.0,8.17,8.0,0.0
2026-02-08,LOC-07,Registered Nurse,1,1.0,9.11,8.0,1.0
2026-02-09,LOC-07,Registered Nurse,1,1.0,10.33,8.0,1.0
2026-02-16,LOC-07,Registered Nurse,1,1.0,9.68,10.0,0.0
2026-02-17,LOC-07,Registered Nurse,1,1.0,8.27,8.0,0.0
2026-02-20,LOC-07,Registered Nurse,1,1.0,10.57,8.0,1.0
2026-03-01,LOC-07,Registered Nurse,1,1.0,8.06,8.0,0.0
2026-03-03,LOC-07,Registered Nurse,1,1.0,7.98,8.0,0.0
2026-03-04,LOC-07,Registered Nurse,1,1.0,7.74,8.0,0.0
2026-03-06,LOC-07,Registered Nurse,1,1.0,7.94,8.0,0.0
2026-03-13,LOC-07,Registered Nurse,1,1.0,8.86,8.0,1.0
2026-03-29,LOC-07,Registered Nurse,1,1.0,7.86,8.0,0.0
2026-04-20,LOC-07,Registered Nurse,1,1.0,8.09,8.0,0.0
2026-04-27,LOC-07,Registered Nurse,1,1.0,7.86,8.0,0.0
2026-05-08,LOC-07,Registered Nurse,1,1.0,8.0,8.0,0.0
2026-05-19,LOC-07,Registered Nurse,1,1.0,10.48,8.0,1.0
2026-05-25,LOC-07,Registered Nurse,1,1.0,7.72,8.0,0.0
2026-05-26,LOC-07,Registered Nurse,1,1.0,7.74,8.0,0.0
2026-05-27,LOC-07,Registered Nurse,1,1.0,7.92,8.0,0.0
2026-06-01,LOC-07,Registered Nurse,1,1.0,8.08,8.0,0.0
2026-06-02,LOC-07,Registered Nurse,1,1.0,7.74,8.0,0.0
2026-06-03,LOC-07,Registered Nurse,1,1.0,7.69,8.0,0.0
2026-06-07,LOC-07,Registered Nurse,1,1.0,7.88,8.0,0.0
2026-06-09,LOC-07,Registered Nurse,1,1.0,7.95,8.0,0.0
2026-06-10,LOC-07,Registered Nurse,1,1.0,7.9,8.0,0.0
2026-06-16,LOC-07,Registered Nurse,1,1.0,8.94,8.0,1.0
2026-06-26,LOC-07,Registered Nurse,1,1.0,7.97,8.0,0.0
2026-07-06,LOC-07,Registered Nurse,1,1.0,9.33,8.0,1.0
2026-07-10,LOC-07,Registered Nurse,1,1.0,10.16,10.0,0.0
2026-07-13,LOC-07,Registered Nurse,1,1.0,8.04,8.0,0.0
2026-07-14,LOC-07,Registered Nurse,1,1.0,8.17,8.0,0.0
2026-07-20,LOC-07,Registered Nurse,1,1.0,8.02,8.0,0.0
2026-07-26,LOC-07,Registered Nurse,1,1.0,8.3,8.0,0.0
2026-07-27,LOC-07,Registered Nurse,1,1.0,7.92,8.0,0.0
2025-08-14,LOC-08,Allied Health Clinician,1,1.0,8.0,8.0,0.0
2025-08-21,LOC-08,Allied Health Clinician,1,1.0,7.87,8.0,0.0
2025-09-01,LOC-08,Allied Health Clinician,1,1.0,7.87,8.0,0.0
2025-09-04,LOC-08,Allied Health Clinician,1,1.0,7.95,8.0,0.0
2025-10-16,LOC-08,Allied Health Clinician,1,1.0,10.63,8.0,1.0
2025-11-27,LOC-08,Allied Health Clinician,1,1.0,7.84,8.0,0.0
2025-12-01,LOC-08,Allied Health Clinician,1,1.0,8.06,8.0,0.0
2025-12-08,LOC-08,Allied Health Clinician,1,1.0,10.39,8.0,1.0
2025-12-15,LOC-08,Allied Health Clinician,1,1.0,7.82,8.0,0.0
2025-12-22,LOC-08,Allied Health Clinician,1,1.0,7.55,8.0,0.0
2026-01-22,LOC-08,Allied Health Clinician,1,1.0,9.97,10.0,0.0
2026-01-29,LOC-08,Allied Health Clinician,1,1.0,7.84,8.0,0.0
2026-02-05,LOC-08,Allied Health Clinician,1,1.0,8.03,8.0,0.0
2026-02-09,LOC-08,Allied Health Clinician,1,1.0,10.77,8.0,1.0
2026-02-16,LOC-08,Allied Health Clinician,1,1.0,8.13,8.0,0.0
2026-03-02,LOC-08,Allied Health Clinician,1,1.0,7.81,8.0,0.0
2026-03-16,LOC-08,Allied Health Clinician,1,1.0,8.19,8.0,0.0
2026-04-16,LOC-08,Allied Health Clinician,1,1.0,7.91,8.0,0.0
2026-04-23,LOC-08,Allied Health Clinician,1,1.0,8.04,8.0,0.0
2026-04-30,LOC-08,Allied Health Clinician,1,1.0,8.11,8.0,0.0
2026-06-25,LOC-08,Allied Health Clinician,1,1.0,8.07,8.0,0.0
2026-07-06,LOC-08,Allied Health Clinician,1,1.0,8.09,8.0,0.0
2025-09-01,LOC-08,Team Leader,1,1.0,7.77,8.0,0.0
2025-09-12,LOC-08,Team Leader,1,1.0,8.07,8.0,0.0
2025-10-03,LOC-08,Team Leader,1,1.0,8.05,8.0,0.0
2025-10-10,LOC-08,Team Leader,1,1.0,7.93,8.0,0.0
2025-11-03,LOC-08,Team Leader,1,1.0,7.81,8.0,0.0
2025-12-01,LOC-08,Team Leader,1,1.0,9.92,10.0,0.0
2025-12-05,LOC-08,Team Leader,1,1.0,8.23,8.0,0.0
2025-12-08,LOC-08,Team Leader,1,1.0,8.13,8.0,0.0
2025-12-15,LOC-08,Team Leader,1,1.0,10.73,8.0,1.0
2025-12-22,LOC-08,Team Leader,1,1.0,7.91,8.0,0.0
2026-02-09,LOC-08,Team Leader,1,1.0,7.88,8.0,0.0
2026-02-16,LOC-08,Team Leader,1,1.0,9.4,8.0,1.0
2026-03-02,LOC-08,Team Leader,1,1.0,8.06,8.0,0.0
2026-03-16,LOC-08,Team Leader,1,1.0,7.84,8.0,0.0
2026-04-10,LOC-08,Team Leader,1,1.0,8.11,8.0,0.0
2026-05-01,LOC-08,Team Leader,1,1.0,7.93,8.0,0.0
2026-06-19,LOC-08,Team Leader,1,1.0,8.13,8.0,0.0
2026-07-06,LOC-08,Team Leader,1,1.0,8.05,8.0,0.0
2026-07-10,LOC-08,Team Leader,1,1.0,9.91,10.0,0.0
2026-03-05,LOC-03,Team Leader,2,2.0,15.969999999999999,16.0,0.0
2026-04-02,LOC-03,Team Leader,2,2.0,16.18,16.0,0.0
2026-04-23,LOC-03,Team Leader,2,1.0,7.98,16.0,0.0
2025-08-01,LOC-06,Registered Nurse,1,1.0,7.77,8.0,0.0
2025-08-02,LOC-06,Registered Nurse,1,1.0,8.0,8.0,0.0
2025-08-03,LOC-06,Registered Nurse,1,1.0,7.95,8.0,0.0
2025-08-04,LOC-06,Registered Nurse,1,1.0,8.07,8.0,0.0
2025-08-09,LOC-06,Registered Nurse,1,1.0,8.16,8.0,0.0
2025-08-23,LOC-06,Registered Nurse,1,1.0,7.84,8.0,0.0
2025-08-24,LOC-06,Registered Nurse,1,1.0,8.16,8.0,0.0
2025-08-28,LOC-06,Registered Nurse,1,1.0,8.07,8.0,0.0
2025-08-31,LOC-06,Registered Nurse,1,1.0,8.08,8.0,0.0
2025-09-01,LOC-06,Registered Nurse,1,1.0,8.18,8.0,0.0
2025-09-04,LOC-06,Registered Nurse,1,1.0,10.47,8.0,1.0
2025-09-13,LOC-06,Registered Nurse,1,1.0,9.53,8.0,1.0
2025-09-20,LOC-06,Registered Nurse,1,1.0,8.05,8.0,0.0
2025-09-22,LOC-06,Registered Nurse,1,1.0,8.08,8.0,0.0
2025-09-26,LOC-06,Registered Nurse,1,1.0,7.88,8.0,0.0
2025-09-27,LOC-06,Registered Nurse,1,0.0,0.0,8.0,0.0
2025-09-29,LOC-06,Registered Nurse,1,1.0,8.02,8.0,0.0
2025-10-05,LOC-06,Registered Nurse,1,1.0,8.11,8.0,0.0
2025-10-09,LOC-06,Registered Nurse,1,1.0,8.01,8.0,0.0
2025-10-11,LOC-06,Registered Nurse,1,1.0,7.73,8.0,0.0
2025-10-13,LOC-06,Registered Nurse,1,1.0,7.86,8.0,0.0
2025-11-02,LOC-06,Registered Nurse,1,1.0,7.96,8.0,0.0
2025-11-03,LOC-06,Registered Nurse,1,1.0,8.06,8.0,0.0
2025-11-21,LOC-06,Registered Nurse,1,1.0,7.93,8.0,0.0
2025-11-24,LOC-06,Registered Nurse,1,1.0,8.07,8.0,0.0
2025-12-01,LOC-06,Registered Nurse,1,1.0,7.98,8.0,0.0
2025-12-05,LOC-06,Registered Nurse,1,1.0,8.05,8.0,0.0
2025-12-11,LOC-06,Registered Nurse,1,1.0,8.03,8.0,0.0
2025-12-15,LOC-06,Registered Nurse,1,1.0,8.06,8.0,0.0
2025-12-18,LOC-06,Registered Nurse,1,1.0,8.05,8.0,0.0
2025-12-27,LOC-06,Registered Nurse,1,1.0,8.01,8.0,0.0
2026-01-02,LOC-06,Registered Nurse,1,1.0,7.93,8.0,0.0
2026-01-08,LOC-06,Registered Nurse,1,1.0,7.97,8.0,0.0
2026-01-10,LOC-06,Registered Nurse,1,1.0,8.21,8.0,0.0
2026-01-23,LOC-06,Registered Nurse,1,1.0,8.08,8.0,0.0
2026-01-31,LOC-06,Registered Nurse,1,1.0,8.14,8.0,0.0
2026-02-02,LOC-06,Registered Nurse,1,1.0,10.41,10.0,0.0
2026-02-05,LOC-06,Registered Nurse,1,1.0,8.01,8.0,0.0
2026-02-19,LOC-06,Registered Nurse,1,1.0,7.95,8.0,0.0
2026-02-27,LOC-06,Registered Nurse,1,1.0,8.01,8.0,0.0
2026-03-01,LOC-06,Registered Nurse,1,1.0,7.83,8.0,0.0
2026-03-05,LOC-06,Registered Nurse,1,1.0,10.6,8.0,1.0
2026-03-07,LOC-06,Registered Nurse,1,1.0,7.89,8.0,0.0
2026-03-15,LOC-06,Registered Nurse,1,1.0,9.55,10.0,0.0
2026-03-16,LOC-06,Registered Nurse,1,1.0,8.01,8.0,0.0
2026-03-22,LOC-06,Registered Nurse,1,1.0,7.94,8.0,0.0
2026-03-30,LOC-06,Registered Nurse,1,1.0,7.93,8.0,0.0
2026-04-05,LOC-06,Registered Nurse,1,1.0,10.19,10.0,0.0
2026-04-12,LOC-06,Registered Nurse,1,1.0,8.11,8.0,0.0
2026-04-18,LOC-06,Registered Nurse,1,1.0,8.19,8.0,0.0
2026-04-25,LOC-06,Registered Nurse,1,1.0,8.11,8.0,0.0
2026-04-27,LOC-06,Registered Nurse,1,1.0,8.33,8.0,0.0
2026-05-03,LOC-06,Registered Nurse,1,1.0,7.95,8.0,0.0
2026-05-07,LOC-06,Registered Nurse,1,1.0,8.04,8.0,0.0
2026-05-16,LOC-06,Registered Nurse,1,1.0,8.03,8.0,0.0
2026-05-24,LOC-06,Registered Nurse,1,1.0,8.01,8.0,0.0
2026-05-25,LOC-06,Registered Nurse,1,1.0,8.13,8.0,0.0
2026-06-05,LOC-06,Registered Nurse,1,1.0,8.01,8.0,0.0
2026-06-07,LOC-06,Registered Nurse,1,1.0,9.81,10.0,0.0
2026-06-18,LOC-06,Registered Nurse,1,1.0,7.81,8.0,0.0
2026-06-20,LOC-06,Registered Nurse,1,1.0,7.97,8.0,0.0
2026-06-26,LOC-06,Registered Nurse,1,1.0,8.03,8.0,0.0
2026-06-27,LOC-06,Registered Nurse,1,1.0,7.9,8.0,0.0
2026-07-04,LOC-06,Registered Nurse,1,1.0,8.16,8.0,0.0
2026-07-16,LOC-06,Registered Nurse,1,1.0,8.16,8.0,0.0
2026-07-18,LOC-06,Registered Nurse,1,1.0,7.96,8.0,0.0
2025-08-07,LOC-02,Coordinator,1,1.0,7.98,8.0,0.0
2025-08-08,LOC-02,Coordinator,1,1.0,7.94,8.0,0.0
2025-08-14,LOC-02,Coordinator,1,1.0,7.92,8.0,0.0
2025-09-02,LOC-02,Coordinator,1,1.0,8.17,8.0,0.0
2025-09-12,LOC-02,Coordinator,1,1.0,10.11,10.0,0.0
2025-09-30,LOC-02,Coordinator,1,1.0,7.94,8.0,0.0
2025-10-03,LOC-02,Coordinator,1,1.0,10.02,10.0,0.0
2025-10-10,LOC-02,Coordinator,1,1.0,8.11,8.0,0.0
2025-10-23,LOC-02,Coordinator,1,1.0,8.23,8.0,0.0
2025-10-24,LOC-02,Coordinator,1,1.0,9.84,10.0,0.0
2025-10-30,LOC-02,Coordinator,1,1.0,8.21,8.0,0.0
2025-11-06,LOC-02,Coordinator,1,1.0,8.02,8.0,0.0
2025-11-27,LOC-02,Coordinator,1,1.0,8.19,8.0,0.0
2025-11-28,LOC-02,Coordinator,1,1.0,9.91,10.0,0.0
2025-12-05,LOC-02,Coordinator,1,1.0,7.69,8.0,0.0
2025-12-09,LOC-02,Coordinator,1,1.0,8.02,8.0,0.0
2025-12-12,LOC-02,Coordinator,1,1.0,7.81,8.0,0.0
2025-12-19,LOC-02,Coordinator,1,1.0,8.16,8.0,0.0
2025-12-30,LOC-02,Coordinator,1,1.0,7.57,8.0,0.0
2026-01-29,LOC-02,Coordinator,1,1.0,8.36,8.0,0.0
2026-02-12,LOC-02,Coordinator,1,1.0,8.67,8.0,1.0
2026-02-26,LOC-02,Coordinator,1,1.0,8.08,8.0,0.0
2026-02-27,LOC-02,Coordinator,1,1.0,8.08,8.0,0.0
2026-03-12,LOC-02,Coordinator,1,1.0,7.97,8.0,0.0
2026-05-05,LOC-02,Coordinator,1,1.0,11.83,10.0,1.0
2026-05-15,LOC-02,Coordinator,1,1.0,8.08,8.0,0.0
2026-05-28,LOC-02,Coordinator,1,1.0,8.1,8.0,0.0
2026-06-02,LOC-02,Coordinator,1,1.0,8.06,8.0,0.0
2026-06-09,LOC-02,Coordinator,1,1.0,10.85,8.0,1.0
2026-07-07,LOC-02,Coordinator,1,1.0,8.07,8.0,0.0
2026-07-09,LOC-02,Coordinator,1,1.0,8.04,8.0,0.0
2026-07-17,LOC-02,Coordinator,1,1.0,8.12,8.0,0.0
2026-07-21,LOC-02,Coordinator,1,1.0,7.98,8.0,0.0
2026-07-24,LOC-02,Coordinator,1,1.0,8.25,8.0,0.0
2026-07-28,LOC-02,Coordinator,1,1.0,7.94,8.0,0.0
2026-07-30,LOC-02,Coordinator,1,1.0,7.87,8.0,0.0
2025-08-17,LOC-10,Support Worker,5,4.0,35.79,44.0,0.0
2025-08-18,LOC-10,Support Worker,4,4.0,34.040000000000006,32.0,1.0
2025-08-25,LOC-10,Support Worker,4,4.0,32.11,32.0,0.0
2025-08-26,LOC-10,Support Worker,3,3.0,24.279999999999998,24.0,0.0
2025-09-02,LOC-10,Support Worker,3,3.0,23.84,24.0,0.0
2025-09-14,LOC-10,Support Worker,5,4.0,34.55,40.0,1.0
2025-09-16,LOC-10,Support Worker,3,3.0,25.770000000000003,26.0,0.0
2025-09-22,LOC-10,Support Worker,4,4.0,35.68,34.0,1.0
2025-10-06,LOC-10,Support Worker,4,3.0,23.86,32.0,0.0
2025-10-20,LOC-10,Support Worker,4,4.0,33.59,32.0,1.0
2025-10-21,LOC-10,Support Worker,3,3.0,24.34,24.0,0.0
2025-10-28,LOC-10,Support Worker,3,3.0,23.759999999999998,24.0,0.0
2025-11-02,LOC-10,Support Worker,4,4.0,36.120000000000005,36.0,0.0
2025-11-03,LOC-10,Support Worker,3,3.0,24.050000000000004,24.0,0.0
2025-11-11,LOC-10,Support Worker,3,3.0,27.07,24.0,2.0
2026-01-12,LOC-10,Support Worker,4,4.0,33.43,34.0,0.0
2026-01-25,LOC-10,Support Worker,5,5.0,42.519999999999996,40.0,1.0
2026-02-01,LOC-10,Support Worker,4,4.0,34.53,32.0,1.0
2026-03-08,LOC-10,Support Worker,4,4.0,31.450000000000003,32.0,0.0
2026-03-09,LOC-10,Support Worker,4,4.0,31.839999999999996,32.0,0.0
2026-03-17,LOC-10,Support Worker,3,3.0,26.990000000000002,24.0,1.0
2026-03-23,LOC-10,Support Worker,3,3.0,24.7,24.0,1.0
2026-03-29,LOC-10,Support Worker,5,4.0,34.370000000000005,42.0,0.0
2026-04-05,LOC-10,Support Worker,5,5.0,40.99,40.0,1.0
2026-04-12,LOC-10,Support Worker,5,5.0,43.82,44.0,0.0
2026-04-19,LOC-10,Support Worker,5,5.0,42.900000000000006,40.0,1.0
2026-04-26,LOC-10,Support Worker,5,5.0,43.07,42.0,1.0
2026-06-08,LOC-10,Support Worker,4,4.0,36.589999999999996,34.0,2.0
2026-06-14,LOC-10,Support Worker,4,4.0,34.19,34.0,0.0
2026-07-05,LOC-10,Support Worker,5,5.0,42.410000000000004,42.0,0.0
2026-07-20,LOC-10,Support Worker,4,4.0,33.910000000000004,34.0,0.0
2026-07-21,LOC-10,Support Worker,3,3.0,23.93,24.0,0.0
2026-07-27,LOC-10,Support Worker,4,3.0,24.14,32.0,0.0
2026-07-28,LOC-10,Support Worker,2,1.0,8.09,16.0,0.0
2025-08-01,LOC-05,Allied Health Clinician,2,2.0,16.66,16.0,1.0
2025-08-06,LOC-05,Allied Health Clinician,2,2.0,15.86,16.0,0.0
2025-09-12,LOC-05,Allied Health Clinician,2,2.0,16.22,16.0,0.0
2025-09-17,LOC-05,Allied Health Clinician,2,2.0,16.02,16.0,0.0
2025-10-22,LOC-05,Allied Health Clinician,1,1.0,8.09,8.0,0.0
2025-10-24,LOC-05,Allied Health Clinician,1,1.0,7.88,8.0,0.0
2025-10-31,LOC-05,Allied Health Clinician,2,2.0,16.02,16.0,0.0
2025-11-05,LOC-05,Allied Health Clinician,2,2.0,16.04,16.0,0.0
2025-11-07,LOC-05,Allied Health Clinician,2,2.0,16.16,16.0,0.0
2025-11-12,LOC-05,Allied Health Clinician,2,2.0,20.69,18.0,2.0
2025-11-21,LOC-05,Allied Health Clinician,2,2.0,15.87,16.0,0.0
2025-12-03,LOC-05,Allied Health Clinician,2,2.0,15.79,16.0,0.0
2025-12-24,LOC-05,Allied Health Clinician,2,2.0,15.93,16.0,0.0
2025-12-26,LOC-05,Allied Health Clinician,2,2.0,18.57,16.0,1.0
2026-04-17,LOC-05,Allied Health Clinician,2,2.0,16.22,16.0,0.0
2026-04-24,LOC-05,Allied Health Clinician,2,2.0,17.84,18.0,0.0
2026-05-15,LOC-05,Allied Health Clinician,2,2.0,16.3,16.0,0.0
2026-07-01,LOC-05,Allied Health Clinician,2,2.0,15.47,16.0,0.0
2026-07-10,LOC-05,Allied Health Clinician,2,2.0,18.84,16.0,1.0
2026-07-15,LOC-05,Allied Health Clinician,2,1.0,7.92,16.0,0.0
2026-07-22,LOC-05,Allied Health Clinician,2,2.0,18.12,18.0,0.0
2026-07-29,LOC-05,Allied Health Clinician,2,2.0,16.02,16.0,0.0
2025-08-01,LOC-01,Coordinator,2,2.0,15.82,16.0,0.0
2025-08-22,LOC-01,Coordinator,2,2.0,16.21,16.0,0.0
2025-08-29,LOC-01,Coordinator,2,2.0,15.82,16.0,0.0
2025-09-09,LOC-01,Coordinator,1,1.0,9.45,8.0,1.0
2025-09-26,LOC-01,Coordinator,2,2.0,15.790000000000001,16.0,0.0
2025-10-03,LOC-01,Coordinator,2,2.0,15.790000000000001,16.0,0.0
2025-10-10,LOC-01,Coordinator,2,2.0,15.66,16.0,0.0
2025-10-14,LOC-01,Coordinator,1,1.0,8.04,8.0,0.0
2025-10-17,LOC-01,Coordinator,2,2.0,18.14,18.0,0.0
2025-11-11,LOC-01,Coordinator,1,1.0,7.97,8.0,0.0
2025-11-28,LOC-01,Coordinator,2,2.0,16.03,16.0,0.0
2025-12-12,LOC-01,Coordinator,2,2.0,16.62,16.0,0.0
2025-12-26,LOC-01,Coordinator,2,2.0,15.93,16.0,0.0
2026-02-20,LOC-01,Coordinator,2,2.0,15.870000000000001,16.0,0.0
2026-03-03,LOC-01,Coordinator,1,1.0,8.06,8.0,0.0
2026-03-06,LOC-01,Coordinator,2,2.0,18.25,18.0,0.0
2026-03-17,LOC-01,Coordinator,1,1.0,8.07,8.0,0.0
2026-03-20,LOC-01,Coordinator,2,2.0,15.84,16.0,0.0
2026-04-07,LOC-01,Coordinator,1,1.0,8.23,8.0,0.0
2026-04-10,LOC-01,Coordinator,2,2.0,19.7,20.0,0.0
2026-04-17,LOC-01,Coordinator,2,2.0,18.65,16.0,1.0
2026-04-24,LOC-01,Coordinator,2,2.0,16.07,16.0,0.0
2026-04-28,LOC-01,Coordinator,1,1.0,8.23,8.0,0.0
2026-05-01,LOC-01,Coordinator,2,1.0,10.37,16.0,1.0
2026-05-05,LOC-01,Coordinator,1,1.0,7.9,8.0,0.0
2026-05-08,LOC-01,Coordinator,2,2.0,15.990000000000002,16.0,0.0
2026-05-26,LOC-01,Coordinator,1,1.0,8.13,8.0,0.0
2026-06-12,LOC-01,Coordinator,2,2.0,16.14,16.0,0.0
2026-06-23,LOC-01,Coordinator,1,1.0,7.88,8.0,0.0
2026-07-21,LOC-01,Coordinator,1,1.0,8.0,8.0,0.0
2025-08-07,LOC-09,Support Worker,4,4.0,36.1,36.0,0.0
2025-09-22,LOC-09,Support Worker,4,4.0,34.08,34.0,0.0
2025-09-25,LOC-09,Support Worker,4,4.0,34.18,32.0,1.0
2025-10-16,LOC-09,Support Worker,3,3.0,23.96,24.0,0.0
2025-10-23,LOC-09,Support Worker,3,3.0,26.130000000000003,24.0,2.0
2025-11-06,LOC-09,Support Worker,2,1.0,8.04,16.0,0.0
2025-11-13,LOC-09,Support Worker,3,3.0,23.99,24.0,0.0
2025-11-27,LOC-09,Support Worker,4,4.0,32.01,32.0,0.0
2025-12-08,LOC-09,Support Worker,4,4.0,36.31,34.0,1.0
2025-12-18,LOC-09,Support Worker,4,4.0,32.1,32.0,0.0
2026-01-22,LOC-09,Support Worker,4,4.0,35.760000000000005,34.0,1.0
2026-02-23,LOC-09,Support Worker,4,4.0,31.43,32.0,0.0
2026-03-16,LOC-09,Support Worker,3,3.0,24.130000000000003,24.0,0.0
2026-04-13,LOC-09,Support Worker,4,3.0,26.7,32.0,1.0
2026-04-27,LOC-09,Support Worker,3,3.0,25.6,24.0,1.0
2026-05-04,LOC-09,Support Worker,4,4.0,33.980000000000004,34.0,0.0
2026-06-08,LOC-09,Support Worker,4,4.0,36.05,34.0,1.0
2026-06-25,LOC-09,Support Worker,4,4.0,31.96,32.0,0.0
2026-06-29,LOC-09,Support Worker,4,4.0,32.129999999999995,32.0,0.0
2026-07-02,LOC-09,Support Worker,4,4.0,34.61,32.0,2.0
2026-07-06,LOC-09,Support Worker,4,4.0,32.089999999999996,32.0,0.0
2026-07-20,LOC-09,Support Worker,4,4.0,31.33,32.0,0.0
2026-07-27,LOC-09,Support Worker,4,4.0,34.050000000000004,32.0,1.0
2025-08-21,LOC-05,Team Leader,1,1.0,8.03,8.0,0.0
2025-08-25,LOC-05,Team Leader,1,1.0,7.93,8.0,0.0
2025-08-28,LOC-05,Team Leader,1,1.0,7.88,8.0,0.0
2025-09-11,LOC-05,Team Leader,1,1.0,9.82,10.0,0.0
2025-09-29,LOC-05,Team Leader,2,2.0,15.65,16.0,0.0
2025-12-08,LOC-05,Team Leader,2,1.0,7.86,16.0,0.0
2026-02-23,LOC-05,Team Leader,1,1.0,9.24,8.0,1.0
2026-03-16,LOC-05,Team Leader,2,2.0,15.92,16.0,0.0
2026-03-23,LOC-05,Team Leader,2,2.0,15.76,16.0,0.0
2026-04-06,LOC-05,Team Leader,2,2.0,16.18,16.0,0.0
2026-04-13,LOC-05,Team Leader,2,2.0,15.75,16.0,0.0
2026-04-20,LOC-05,Team Leader,2,2.0,18.74,16.0,1.0
2026-05-04,LOC-05,Team Leader,2,2.0,16.51,16.0,0.0
2026-05-18,LOC-05,Team Leader,1,1.0,8.09,8.0,0.0
2026-06-08,LOC-05,Team Leader,2,2.0,16.16,16.0,0.0
2026-07-06,LOC-05,Team Leader,2,2.0,16.28,16.0,0.0
2026-07-30,LOC-05,Team Leader,1,1.0,8.05,8.0,0.0
2025-08-05,LOC-05,Support Worker,3,3.0,25.82,26.0,0.0
2025-08-10,LOC-05,Support Worker,2,2.0,16.049999999999997,16.0,0.0
2025-08-31,LOC-05,Support Worker,2,2.0,17.869999999999997,18.0,0.0
2025-09-14,LOC-05,Support Worker,2,2.0,15.73,16.0,0.0
2025-09-30,LOC-05,Support Worker,3,3.0,24.1,24.0,0.0
2025-10-07,LOC-05,Support Worker,3,3.0,25.67,26.0,0.0
2025-10-12,LOC-05,Support Worker,1,1.0,10.34,10.0,0.0
2025-10-14,LOC-05,Support Worker,3,3.0,25.830000000000002,26.0,0.0
2025-11-18,LOC-05,Support Worker,3,3.0,28.04,28.0,0.0
2025-11-25,LOC-05,Support Worker,3,3.0,25.130000000000003,24.0,1.0
2025-12-18,LOC-05,Support Worker,4,3.0,26.32,34.0,0.0
2026-01-18,LOC-05,Support Worker,2,2.0,16.439999999999998,16.0,0.0
2026-02-03,LOC-05,Support Worker,3,3.0,23.560000000000002,24.0,0.0
2026-02-17,LOC-05,Support Worker,3,3.0,24.16,24.0,0.0
2026-02-24,LOC-05,Support Worker,2,2.0,15.99,16.0,0.0
2026-02-26,LOC-05,Support Worker,5,4.0,31.639999999999997,40.0,0.0
2026-03-29,LOC-05,Support Worker,2,2.0,15.73,16.0,0.0
2026-04-02,LOC-05,Support Worker,5,5.0,40.129999999999995,40.0,0.0
2026-04-05,LOC-05,Support Worker,2,2.0,15.76,16.0,0.0
2026-04-09,LOC-05,Support Worker,5,5.0,42.17,42.0,0.0
2026-04-12,LOC-05,Support Worker,2,2.0,15.86,16.0,0.0
2026-04-28,LOC-05,Support Worker,2,2.0,16.17,16.0,0.0
2026-05-03,LOC-05,Support Worker,2,2.0,16.11,16.0,0.0
2026-05-12,LOC-05,Support Worker,3,3.0,23.990000000000002,24.0,0.0
2026-06-07,LOC-05,Support Worker,2,2.0,18.04,18.0,0.0
2026-06-28,LOC-05,Support Worker,2,2.0,15.58,16.0,0.0
2026-06-30,LOC-05,Support Worker,2,2.0,15.9,16.0,0.0
2026-07-02,LOC-05,Support Worker,5,5.0,43.120000000000005,42.0,1.0
2026-07-07,LOC-05,Support Worker,3,3.0,23.919999999999998,24.0,0.0
2026-07-21,LOC-05,Support Worker,3,3.0,23.81,24.0,0.0
2025-08-22,LOC-06,Support Worker,3,3.0,24.119999999999997,24.0,0.0
2025-09-07,LOC-06,Support Worker,2,2.0,17.15,16.0,1.0
2025-09-14,LOC-06,Support Worker,2,2.0,15.75,16.0,0.0
2025-09-15,LOC-06,Support Worker,3,3.0,26.02,26.0,0.0
2025-09-18,LOC-06,Support Worker,3,3.0,24.29,24.0,0.0
2025-09-19,LOC-06,Support Worker,3,3.0,26.32,26.0,0.0
2025-09-25,LOC-06,Support Worker,3,3.0,24.92,24.0,1.0
2025-09-30,LOC-06,Support Worker,3,3.0,25.38,26.0,0.0
2025-10-06,LOC-06,Support Worker,3,3.0,27.28,26.0,1.0
2025-10-10,LOC-06,Support Worker,3,3.0,23.89,24.0,0.0
2025-10-12,LOC-06,Support Worker,2,2.0,16.0,16.0,0.0
2025-10-16,LOC-06,Support Worker,3,3.0,23.8,24.0,0.0
2025-10-17,LOC-06,Support Worker,2,2.0,20.380000000000003,18.0,1.0
2025-10-23,LOC-06,Support Worker,3,3.0,23.91,24.0,0.0
2025-10-24,LOC-06,Support Worker,3,3.0,25.92,26.0,0.0
2025-10-30,LOC-06,Support Worker,3,3.0,23.98,24.0,0.0
2025-11-13,LOC-06,Support Worker,3,2.0,18.11,26.0,0.0
2025-11-16,LOC-06,Support Worker,2,2.0,15.71,16.0,0.0
2025-11-25,LOC-06,Support Worker,2,1.0,8.18,16.0,0.0
2025-11-27,LOC-06,Support Worker,3,3.0,27.860000000000003,26.0,1.0
2025-12-02,LOC-06,Support Worker,3,3.0,24.07,24.0,0.0
2025-12-07,LOC-06,Support Worker,2,2.0,18.05,18.0,0.0
2025-12-08,LOC-06,Support Worker,3,3.0,25.82,24.0,2.0
2025-12-09,LOC-06,Support Worker,3,3.0,26.189999999999998,26.0,0.0
2025-12-22,LOC-06,Support Worker,3,3.0,26.85,24.0,1.0
2025-12-29,LOC-06,Support Worker,3,3.0,28.77,24.0,2.0
2026-01-04,LOC-06,Support Worker,2,2.0,16.42,16.0,0.0
2026-01-06,LOC-06,Support Worker,3,3.0,24.259999999999998,24.0,0.0
2026-01-09,LOC-06,Support Worker,3,3.0,25.840000000000003,26.0,0.0
2026-01-12,LOC-06,Support Worker,2,1.0,7.78,16.0,0.0
2026-01-13,LOC-06,Support Worker,2,2.0,18.18,16.0,1.0
2026-01-15,LOC-06,Support Worker,2,2.0,15.920000000000002,16.0,0.0
2026-01-16,LOC-06,Support Worker,2,2.0,16.25,16.0,0.0
2026-01-25,LOC-06,Support Worker,2,2.0,15.870000000000001,16.0,0.0
2026-01-26,LOC-06,Support Worker,2,2.0,17.24,16.0,1.0
2026-02-01,LOC-06,Support Worker,2,2.0,16.39,16.0,0.0
2026-02-06,LOC-06,Support Worker,3,3.0,24.23,24.0,0.0
2026-02-10,LOC-06,Support Worker,3,3.0,24.939999999999998,24.0,1.0
2026-02-12,LOC-06,Support Worker,3,3.0,23.6,24.0,0.0
2026-02-13,LOC-06,Support Worker,3,3.0,23.869999999999997,24.0,0.0
2026-02-15,LOC-06,Support Worker,2,2.0,16.02,16.0,0.0
2026-02-17,LOC-06,Support Worker,3,3.0,24.0,24.0,0.0
2026-02-20,LOC-06,Support Worker,3,3.0,23.64,24.0,0.0
2026-02-24,LOC-06,Support Worker,2,2.0,17.2,16.0,1.0
2026-03-02,LOC-06,Support Worker,3,3.0,28.08,28.0,0.0
2026-03-03,LOC-06,Support Worker,3,2.0,16.03,24.0,0.0
2026-03-06,LOC-06,Support Worker,3,3.0,23.88,24.0,0.0
2026-03-08,LOC-06,Support Worker,2,2.0,18.09,18.0,0.0
2026-03-12,LOC-06,Support Worker,3,3.0,27.27,26.0,1.0
2026-03-26,LOC-06,Support Worker,3,3.0,26.17,24.0,1.0
2026-03-27,LOC-06,Support Worker,3,3.0,25.92,26.0,0.0
2026-04-02,LOC-06,Support Worker,3,3.0,24.12,24.0,0.0
2026-04-06,LOC-06,Support Worker,3,3.0,24.26,24.0,1.0
2026-04-09,LOC-06,Support Worker,3,3.0,26.24,26.0,0.0
2026-04-10,LOC-06,Support Worker,3,2.0,16.009999999999998,24.0,0.0
2026-04-17,LOC-06,Support Worker,3,3.0,27.34,26.0,1.0
2026-04-28,LOC-06,Support Worker,3,3.0,23.810000000000002,24.0,0.0
2026-04-30,LOC-06,Support Worker,3,3.0,26.3,24.0,1.0
2026-05-04,LOC-06,Support Worker,3,3.0,26.97,24.0,2.0
2026-05-08,LOC-06,Support Worker,3,3.0,25.89,26.0,0.0
2026-05-15,LOC-06,Support Worker,3,3.0,25.42,26.0,0.0
2026-05-22,LOC-06,Support Worker,3,3.0,24.259999999999998,24.0,0.0
2026-05-26,LOC-06,Support Worker,3,3.0,23.9,24.0,0.0
2026-06-11,LOC-06,Support Worker,3,3.0,24.299999999999997,24.0,0.0
2026-06-12,LOC-06,Support Worker,3,3.0,23.759999999999998,24.0,0.0
2026-06-15,LOC-06,Support Worker,3,3.0,23.84,24.0,0.0
2026-06-28,LOC-06,Support Worker,2,2.0,15.71,16.0,0.0
2026-07-02,LOC-06,Support Worker,3,2.0,16.72,26.0,1.0
2026-07-06,LOC-06,Support Worker,2,2.0,15.95,16.0,0.0
2026-07-07,LOC-06,Support Worker,3,3.0,24.240000000000002,24.0,0.0
2026-07-19,LOC-06,Support Worker,2,2.0,16.15,16.0,0.0
2026-07-20,LOC-06,Support Worker,3,3.0,23.69,24.0,0.0
2025-08-03,LOC-03,Support Worker,2,2.0,15.879999999999999,16.0,0.0
2025-09-14,LOC-03,Support Worker,2,2.0,15.94,16.0,0.0
2025-09-28,LOC-03,Support Worker,2,2.0,15.85,16.0,0.0
2025-10-27,LOC-03,Support Worker,2,2.0,17.68,16.0,1.0
2025-11-03,LOC-03,Support Worker,2,1.0,7.94,16.0,0.0
2025-11-24,LOC-03,Support Worker,2,2.0,15.850000000000001,16.0,0.0
2025-11-30,LOC-03,Support Worker,2,2.0,16.26,16.0,0.0
2025-12-21,LOC-03,Support Worker,1,1.0,7.83,8.0,0.0
2025-12-22,LOC-03,Support Worker,2,2.0,19.16,18.0,1.0
2026-01-04,LOC-03,Support Worker,2,2.0,15.879999999999999,16.0,0.0
2026-01-19,LOC-03,Support Worker,2,2.0,15.96,16.0,0.0
2026-02-22,LOC-03,Support Worker,2,2.0,18.200000000000003,18.0,0.0
2026-03-02,LOC-03,Support Worker,2,2.0,19.89,20.0,0.0
2026-03-09,LOC-03,Support Worker,2,2.0,15.92,16.0,0.0
2026-03-29,LOC-03,Support Worker,1,1.0,7.92,8.0,0.0
2026-04-13,LOC-03,Support Worker,2,2.0,16.19,16.0,0.0
2026-04-19,LOC-03,Support Worker,2,2.0,20.22,18.0,1.0
2026-04-27,LOC-03,Support Worker,2,2.0,15.780000000000001,16.0,0.0
2026-05-18,LOC-03,Support Worker,2,2.0,15.989999999999998,16.0,0.0
2026-05-31,LOC-03,Support Worker,2,1.0,8.04,16.0,0.0
2026-06-28,LOC-03,Support Worker,2,2.0,16.56,16.0,1.0
2026-06-29,LOC-03,Support Worker,2,2.0,17.75,16.0,1.0
2026-07-12,LOC-03,Support Worker,2,2.0,15.8,16.0,0.0
2026-07-19,LOC-03,Support Worker,2,2.0,15.84,16.0,0.0
2025-08-25,LOC-07,Support Worker,4,3.0,25.770000000000003,32.0,1.0
2025-08-26,LOC-07,Support Worker,1,1.0,7.91,8.0,0.0
2025-09-08,LOC-07,Support Worker,4,3.0,27.85,32.0,2.0
2025-09-09,LOC-07,Support Worker,1,1.0,10.74,8.0,1.0
2025-09-16,LOC-07,Support Worker,1,1.0,8.03,8.0,0.0
2025-10-06,LOC-07,Support Worker,4,4.0,31.65,32.0,0.0
2025-10-07,LOC-07,Support Worker,1,0.0,0.0,8.0,0.0
2025-10-14,LOC-07,Support Worker,1,1.0,8.22,8.0,0.0
2025-10-28,LOC-07,Support Worker,1,1.0,8.11,8.0,0.0
2025-11-03,LOC-07,Support Worker,4,4.0,36.28,34.0,1.0
2025-11-11,LOC-07,Support Worker,1,1.0,9.75,8.0,1.0
2025-11-24,LOC-07,Support Worker,4,4.0,34.35,32.0,1.0
2025-12-02,LOC-07,Support Worker,1,1.0,10.17,10.0,0.0
2025-12-09,LOC-07,Support Worker,1,1.0,8.04,8.0,0.0
2025-12-16,LOC-07,Support Worker,1,1.0,8.12,8.0,0.0
2025-12-23,LOC-07,Support Worker,1,1.0,10.6,8.0,1.0
2026-01-26,LOC-07,Support Worker,4,4.0,33.4,34.0,0.0
2026-02-02,LOC-07,Support Worker,2,2.0,16.39,16.0,0.0
2026-02-24,LOC-07,Support Worker,1,1.0,8.26,8.0,0.0
2026-03-09,LOC-07,Support Worker,3,3.0,27.05,24.0,1.0
2026-03-16,LOC-07,Support Worker,3,3.0,23.95,24.0,0.0
2026-03-17,LOC-07,Support Worker,1,1.0,7.97,8.0,0.0
2026-04-06,LOC-07,Support Worker,4,4.0,34.25,32.0,2.0
2026-04-14,LOC-07,Support Worker,1,1.0,7.96,8.0,0.0
2026-05-04,LOC-07,Support Worker,4,4.0,32.89,32.0,1.0
2026-05-11,LOC-07,Support Worker,4,3.0,24.04,32.0,0.0
2026-05-12,LOC-07,Support Worker,1,1.0,10.15,10.0,0.0
2026-05-18,LOC-07,Support Worker,4,4.0,36.58,36.0,0.0
2026-06-08,LOC-07,Support Worker,4,4.0,31.79,32.0,0.0
2026-06-15,LOC-07,Support Worker,4,4.0,35.84,34.0,1.0
2026-06-22,LOC-07,Support Worker,3,3.0,24.35,24.0,0.0
2026-06-29,LOC-07,Support Worker,4,4.0,34.13,34.0,0.0
2025-08-01,LOC-05,Team Leader,1,1.0,10.06,8.0,1.0
2025-08-16,LOC-05,Team Leader,1,1.0,10.07,10.0,0.0
2025-08-23,LOC-05,Team Leader,1,1.0,7.95,8.0,0.0
2025-09-12,LOC-05,Team Leader,1,1.0,7.92,8.0,0.0
2025-10-11,LOC-05,Team Leader,1,1.0,7.91,8.0,0.0
2025-10-18,LOC-05,Team Leader,1,1.0,7.83,8.0,0.0
2025-10-24,LOC-05,Team Leader,1,1.0,7.96,8.0,0.0
2025-10-31,LOC-05,Team Leader,1,1.0,9.92,10.0,0.0
2025-11-01,LOC-05,Team Leader,1,1.0,7.65,8.0,0.0
2025-11-07,LOC-05,Team Leader,1,1.0,9.48,8.0,1.0
2025-11-15,LOC-05,Team Leader,1,1.0,9.9,10.0,0.0
2025-11-21,LOC-05,Team Leader,1,0.0,0.0,8.0,0.0
2025-11-22,LOC-05,Team Leader,1,1.0,7.83,8.0,0.0
2025-12-06,LOC-05,Team Leader,1,1.0,7.95,8.0,0.0
2025-12-26,LOC-05,Team Leader,1,1.0,10.0,10.0,0.0
2026-01-10,LOC-05,Team Leader,1,1.0,8.04,8.0,0.0
2026-01-24,LOC-05,Team Leader,1,1.0,10.0,10.0,0.0
2026-02-14,LOC-05,Team Leader,1,1.0,8.0,8.0,0.0
2026-04-17,LOC-05,Team Leader,1,0.0,0.0,8.0,0.0
2026-04-24,LOC-05,Team Leader,1,1.0,7.67,8.0,0.0
2026-05-09,LOC-05,Team Leader,1,1.0,7.95,8.0,0.0
2026-05-22,LOC-05,Team Leader,1,1.0,8.19,8.0,0.0
2026-06-22,LOC-05,Team Leader,1,1.0,7.89,8.0,0.0
2026-07-10,LOC-05,Team Leader,1,0.0,0.0,8.0,0.0
2025-08-09,LOC-08,Support Worker,5,5.0,39.6,40.0,0.0
2025-08-12,LOC-08,Support Worker,5,5.0,41.44,42.0,0.0
2025-08-14,LOC-08,Support Worker,8,8.0,65.74,64.0,1.0
2025-08-21,LOC-08,Support Worker,7,7.0,60.93000000000001,60.0,1.0
2025-08-23,LOC-08,Support Worker,5,5.0,44.58,42.0,1.0
2025-08-26,LOC-08,Support Worker,5,5.0,44.05,42.0,1.0
2025-09-01,LOC-08,Support Worker,5,5.0,40.9,40.0,1.0
2025-09-02,LOC-08,Support Worker,5,5.0,40.839999999999996,40.0,1.0
2025-09-04,LOC-08,Support Worker,8,8.0,67.27000000000001,66.0,1.0
2025-09-13,LOC-08,Support Worker,5,5.0,41.98,42.0,0.0
2025-09-14,LOC-08,Support Worker,4,4.0,32.1,32.0,0.0
2025-10-05,LOC-08,Support Worker,5,5.0,40.69,40.0,1.0
2025-10-16,LOC-08,Support Worker,6,6.0,53.08,50.0,1.0
2025-10-19,LOC-08,Support Worker,6,6.0,50.35000000000001,50.0,0.0
2025-10-21,LOC-08,Support Worker,4,4.0,31.569999999999997,32.0,0.0
2025-10-25,LOC-08,Support Worker,5,5.0,42.010000000000005,42.0,0.0
2025-10-28,LOC-08,Support Worker,5,5.0,39.73,40.0,0.0
2025-11-01,LOC-08,Support Worker,5,5.0,41.81,42.0,0.0
2025-11-03,LOC-08,Support Worker,5,5.0,40.050000000000004,40.0,0.0
2025-11-18,LOC-08,Support Worker,4,4.0,31.86,32.0,0.0
2025-11-23,LOC-08,Support Worker,5,5.0,43.05,42.0,1.0
2025-11-27,LOC-08,Support Worker,8,8.0,67.11,64.0,2.0
2025-12-01,LOC-08,Support Worker,5,5.0,42.18,42.0,0.0
2025-12-02,LOC-08,Support Worker,5,5.0,42.51,42.0,0.0
2025-12-08,LOC-08,Support Worker,5,5.0,40.14,40.0,0.0
2025-12-13,LOC-08,Support Worker,5,5.0,41.790000000000006,42.0,0.0
2025-12-15,LOC-08,Support Worker,5,5.0,43.650000000000006,40.0,2.0
2025-12-22,LOC-08,Support Worker,5,5.0,45.19,40.0,2.0
2025-12-27,LOC-08,Support Worker,4,4.0,32.04,32.0,0.0
2026-01-22,LOC-08,Support Worker,6,5.0,41.800000000000004,50.0,0.0
2026-01-29,LOC-08,Support Worker,6,5.0,43.43,50.0,2.0
2026-01-31,LOC-08,Support Worker,4,4.0,34.25,34.0,0.0
2026-02-01,LOC-08,Support Worker,5,5.0,39.78,40.0,0.0
2026-02-05,LOC-08,Support Worker,8,8.0,64.89,64.0,1.0
2026-02-09,LOC-08,Support Worker,5,5.0,41.74,40.0,1.0
2026-02-10,LOC-08,Support Worker,5,4.0,35.96,42.0,1.0
2026-03-02,LOC-08,Support Worker,5,5.0,46.61,40.0,3.0
2026-03-07,LOC-08,Support Worker,5,5.0,41.870000000000005,40.0,1.0
2026-03-10,LOC-08,Support Worker,5,5.0,39.74,40.0,0.0
2026-03-14,LOC-08,Support Worker,5,5.0,40.14,40.0,0.0
2026-03-16,LOC-08,Support Worker,5,5.0,42.400000000000006,42.0,0.0
2026-04-14,LOC-08,Support Worker,5,5.0,42.72,40.0,1.0
2026-04-16,LOC-08,Support Worker,8,8.0,71.7,70.0,1.0
2026-04-23,LOC-08,Support Worker,7,7.0,57.49,56.0,1.0
2026-04-30,LOC-08,Support Worker,8,8.0,70.14999999999999,68.0,1.0
2026-05-02,LOC-08,Support Worker,5,5.0,41.66,42.0,0.0
2026-05-05,LOC-08,Support Worker,5,4.0,39.26,40.0,3.0
2026-05-19,LOC-08,Support Worker,5,5.0,46.089999999999996,40.0,3.0
2026-05-24,LOC-08,Support Worker,5,5.0,43.39,40.0,2.0
2026-05-26,LOC-08,Support Worker,5,5.0,40.21,40.0,0.0
2026-06-09,LOC-08,Support Worker,5,5.0,47.76,46.0,1.0
2026-06-13,LOC-08,Support Worker,4,4.0,32.13,32.0,0.0
2026-06-25,LOC-08,Support Worker,6,6.0,48.09,48.0,0.0
2026-07-04,LOC-08,Support Worker,4,4.0,35.51,34.0,1.0
2026-07-06,LOC-08,Support Worker,5,5.0,43.040000000000006,42.0,1.0
2026-07-14,LOC-08,Support Worker,5,5.0,44.63,44.0,1.0
2026-07-27,LOC-08,Support Worker,5,5.0,42.1,40.0,1.0
2025-09-12,LOC-08,Support Worker,4,4.0,34.46,34.0,0.0
2025-09-19,LOC-08,Support Worker,4,4.0,33.92,32.0,1.0
2025-10-03,LOC-08,Support Worker,4,4.0,31.79,32.0,0.0
2025-10-10,LOC-08,Support Worker,4,4.0,34.22,34.0,0.0
2025-12-05,LOC-08,Support Worker,4,4.0,32.1,32.0,0.0
2026-02-21,LOC-08,Support Worker,4,4.0,32.33,32.0,0.0
2026-03-01,LOC-08,Support Worker,4,4.0,34.11,32.0,1.0
2026-04-10,LOC-08,Support Worker,4,4.0,32.54,32.0,0.0
2026-04-24,LOC-08,Support Worker,4,4.0,34.24,34.0,0.0
2026-05-01,LOC-08,Support Worker,4,4.0,31.34,32.0,0.0
2026-05-03,LOC-08,Support Worker,5,5.0,40.22,40.0,0.0
2026-07-10,LOC-08,Support Worker,3,3.0,24.270000000000003,24.0,0.0
2026-07-24,LOC-08,Support Worker,4,4.0,34.21,34.0,0.0
2025-08-29,LOC-10,Support Worker,2,2.0,16.07,16.0,0.0
2025-09-12,LOC-10,Support Worker,2,2.0,15.93,16.0,0.0
2025-10-24,LOC-10,Support Worker,2,2.0,15.57,16.0,0.0
2025-10-31,LOC-10,Support Worker,2,1.0,7.93,16.0,0.0
2025-12-09,LOC-10,Support Worker,2,2.0,16.09,16.0,0.0
2026-01-02,LOC-10,Support Worker,1,1.0,10.1,10.0,0.0
2026-02-06,LOC-10,Support Worker,2,2.0,15.53,16.0,0.0
2026-03-27,LOC-10,Support Worker,2,1.0,8.17,16.0,0.0
2026-04-17,LOC-10,Support Worker,2,2.0,16.03,16.0,0.0
2026-04-24,LOC-10,Support Worker,2,2.0,16.310000000000002,16.0,0.0
2026-05-15,LOC-10,Support Worker,2,2.0,15.8,16.0,0.0
2026-07-10,LOC-10,Support Worker,2,2.0,17.73,18.0,0.0
2026-07-31,LOC-10,Support Worker,2,2.0,15.96,16.0,0.0
2025-08-03,LOC-04,Coordinator,1,1.0,8.1,8.0,0.0
2025-08-10,LOC-04,Coordinator,1,1.0,8.02,8.0,0.0
2025-08-17,LOC-04,Coordinator,1,0.0,0.0,8.0,0.0
2025-09-11,LOC-04,Coordinator,1,1.0,8.13,8.0,0.0
2025-09-25,LOC-04,Coordinator,1,1.0,8.22,8.0,0.0
2025-10-02,LOC-04,Coordinator,1,1.0,7.8,8.0,0.0
2025-10-12,LOC-04,Coordinator,1,1.0,9.94,10.0,0.0
2025-10-16,LOC-04,Coordinator,1,1.0,8.12,8.0,0.0
2025-10-19,LOC-04,Coordinator,1,1.0,7.89,8.0,0.0
2025-10-23,LOC-04,Coordinator,1,1.0,8.04,8.0,0.0
2025-11-09,LOC-04,Coordinator,1,1.0,7.93,8.0,0.0
2025-11-16,LOC-04,Coordinator,1,1.0,9.62,8.0,1.0
2025-12-14,LOC-04,Coordinator,1,1.0,8.51,8.0,1.0
2025-12-21,LOC-04,Coordinator,1,1.0,8.09,8.0,0.0
2025-12-25,LOC-04,Coordinator,1,1.0,7.96,8.0,0.0
2025-12-28,LOC-04,Coordinator,1,1.0,8.03,8.0,0.0
2026-01-01,LOC-04,Coordinator,1,1.0,7.77,8.0,0.0
2026-01-04,LOC-04,Coordinator,1,1.0,7.89,8.0,0.0
2026-01-15,LOC-04,Coordinator,1,1.0,8.34,8.0,0.0
2026-01-18,LOC-04,Coordinator,1,1.0,8.11,8.0,0.0
2026-02-08,LOC-04,Coordinator,1,1.0,8.15,8.0,0.0
2026-02-22,LOC-04,Coordinator,1,1.0,7.82,8.0,0.0
2026-03-01,LOC-04,Coordinator,1,1.0,8.16,8.0,0.0
2026-03-12,LOC-04,Coordinator,1,1.0,7.88,8.0,0.0
2026-03-22,LOC-04,Coordinator,1,1.0,7.96,8.0,0.0
2026-04-09,LOC-04,Coordinator,1,1.0,8.11,8.0,0.0
2026-04-16,LOC-04,Coordinator,1,1.0,8.05,8.0,0.0
2026-06-04,LOC-04,Coordinator,1,1.0,7.87,8.0,0.0
2026-06-07,LOC-04,Coordinator,1,1.0,8.06,8.0,0.0
2026-06-11,LOC-04,Coordinator,1,1.0,8.97,8.0,1.0
2026-07-09,LOC-04,Coordinator,1,1.0,10.0,10.0,0.0
2026-07-19,LOC-04,Coordinator,1,0.0,0.0,8.0,0.0
2025-08-09,LOC-10,Team Leader,1,1.0,7.89,8.0,0.0
2025-08-11,LOC-10,Team Leader,1,1.0,8.08,8.0,0.0
2025-08-30,LOC-10,Team Leader,1,1.0,7.76,8.0,0.0
2025-09-13,LOC-10,Team Leader,1,1.0,7.96,8.0,0.0
2025-09-20,LOC-10,Team Leader,1,1.0,8.2,8.0,0.0
2025-09-29,LOC-10,Team Leader,1,1.0,8.2,8.0,0.0
2025-10-10,LOC-10,Team Leader,1,1.0,8.02,8.0,0.0
2025-10-13,LOC-10,Team Leader,1,1.0,7.99,8.0,0.0
2025-11-14,LOC-10,Team Leader,1,1.0,7.86,8.0,0.0
2025-11-17,LOC-10,Team Leader,1,1.0,8.08,8.0,0.0
2025-11-28,LOC-10,Team Leader,1,1.0,8.12,8.0,0.0
2025-11-29,LOC-10,Team Leader,1,0.0,0.0,8.0,0.0
2025-12-01,LOC-10,Team Leader,1,1.0,9.04,8.0,1.0
2025-12-19,LOC-10,Team Leader,1,1.0,7.89,8.0,0.0
2025-12-22,LOC-10,Team Leader,1,1.0,8.66,8.0,1.0
2025-12-27,LOC-10,Team Leader,1,1.0,9.76,8.0,1.0
2026-02-07,LOC-10,Team Leader,1,1.0,7.71,8.0,0.0
2026-02-13,LOC-10,Team Leader,1,1.0,8.12,8.0,0.0
2026-02-16,LOC-10,Team Leader,1,1.0,9.47,8.0,1.0
2026-03-06,LOC-10,Team Leader,1,1.0,8.14,8.0,0.0
2026-03-14,LOC-10,Team Leader,1,1.0,8.02,8.0,0.0
2026-03-16,LOC-10,Team Leader,1,1.0,8.43,8.0,0.0
2026-03-20,LOC-10,Team Leader,1,1.0,8.25,8.0,0.0
2026-03-21,LOC-10,Team Leader,1,1.0,10.7,8.0,1.0
2026-04-06,LOC-10,Team Leader,1,1.0,8.01,8.0,0.0
2026-04-13,LOC-10,Team Leader,1,1.0,10.04,10.0,0.0
2026-04-27,LOC-10,Team Leader,1,1.0,10.04,10.0,0.0
2026-05-08,LOC-10,Team Leader,1,1.0,7.94,8.0,0.0
2026-05-16,LOC-10,Team Leader,1,1.0,7.97,8.0,0.0
2026-05-29,LOC-10,Team Leader,1,1.0,7.98,8.0,0.0
2026-06-01,LOC-10,Team Leader,1,1.0,7.89,8.0,0.0
2026-06-05,LOC-10,Team Leader,1,0.0,0.0,8.0,0.0
2026-06-20,LOC-10,Team Leader,1,1.0,8.35,8.0,0.0
2026-06-26,LOC-10,Team Leader,1,1.0,9.22,8.0,1.0
2026-07-03,LOC-10,Team Leader,1,1.0,8.15,8.0,0.0
2026-07-04,LOC-10,Team Leader,1,1.0,7.89,8.0,0.0
2026-07-06,LOC-10,Team Leader,1,1.0,8.08,8.0,0.0
2025-08-22,LOC-03,Support Worker,3,3.0,23.4,24.0,0.0
2025-09-12,LOC-03,Support Worker,3,3.0,23.840000000000003,24.0,0.0
2025-11-14,LOC-03,Support Worker,3,3.0,25.369999999999997,26.0,0.0
2025-12-19,LOC-03,Support Worker,3,3.0,24.37,24.0,0.0
2026-02-13,LOC-03,Support Worker,3,3.0,23.56,24.0,0.0
2026-04-03,LOC-03,Support Worker,3,3.0,24.009999999999998,24.0,0.0
2026-06-12,LOC-03,Support Worker,2,2.0,15.8,16.0,0.0
2026-07-03,LOC-03,Support Worker,3,3.0,23.94,24.0,0.0
2026-07-10,LOC-03,Support Worker,2,2.0,20.770000000000003,18.0,1.0
2026-07-31,LOC-03,Support Worker,3,3.0,26.069999999999997,26.0,0.0
2025-08-03,LOC-05,Allied Health Clinician,2,2.0,15.809999999999999,16.0,0.0
2025-08-16,LOC-05,Allied Health Clinician,3,3.0,24.17,24.0,0.0
2025-08-21,LOC-05,Allied Health Clinician,3,2.0,15.93,24.0,0.0
2025-08-23,LOC-05,Allied Health Clinician,3,3.0,24.159999999999997,24.0,0.0
2025-08-24,LOC-05,Allied Health Clinician,2,2.0,22.92,20.0,1.0
2025-08-25,LOC-05,Allied Health Clinician,3,3.0,23.86,24.0,0.0
2025-08-28,LOC-05,Allied Health Clinician,3,3.0,24.07,24.0,0.0
2025-09-04,LOC-05,Allied Health Clinician,3,3.0,23.840000000000003,24.0,0.0
2025-09-11,LOC-05,Allied Health Clinician,3,3.0,26.150000000000002,26.0,0.0
2025-09-21,LOC-05,Allied Health Clinician,2,2.0,16.25,16.0,0.0
2025-09-23,LOC-05,Allied Health Clinician,2,2.0,16.3,16.0,0.0
2025-09-29,LOC-05,Allied Health Clinician,3,3.0,23.97,24.0,0.0
2025-10-05,LOC-05,Allied Health Clinician,2,2.0,18.64,16.0,1.0
2025-10-11,LOC-05,Allied Health Clinician,3,3.0,24.41,24.0,0.0
2025-10-18,LOC-05,Allied Health Clinician,3,3.0,25.0,24.0,1.0
2025-10-19,LOC-05,Allied Health Clinician,2,2.0,18.27,16.0,1.0
2025-10-28,LOC-05,Allied Health Clinician,2,2.0,16.04,16.0,0.0
2025-11-01,LOC-05,Allied Health Clinician,3,3.0,25.75,26.0,0.0
2025-11-15,LOC-05,Allied Health Clinician,3,3.0,27.82,28.0,0.0
2025-11-16,LOC-05,Allied Health Clinician,2,2.0,15.870000000000001,16.0,0.0
2025-11-30,LOC-05,Allied Health Clinician,1,1.0,8.11,8.0,0.0
2025-12-06,LOC-05,Allied Health Clinician,3,3.0,25.880000000000003,24.0,1.0
2025-12-08,LOC-05,Allied Health Clinician,3,3.0,25.64,24.0,1.0
2026-01-04,LOC-05,Allied Health Clinician,2,2.0,15.959999999999999,16.0,0.0
2026-01-10,LOC-05,Allied Health Clinician,3,3.0,24.130000000000003,24.0,0.0
2026-01-24,LOC-05,Allied Health Clinician,3,3.0,30.0,28.0,1.0
2026-02-14,LOC-05,Allied Health Clinician,3,3.0,25.59,26.0,0.0
2026-02-15,LOC-05,Allied Health Clinician,2,2.0,16.509999999999998,16.0,0.0
2026-02-23,LOC-05,Allied Health Clinician,3,3.0,26.03,26.0,0.0
2026-03-01,LOC-05,Allied Health Clinician,2,2.0,15.629999999999999,16.0,0.0
2026-03-08,LOC-05,Allied Health Clinician,2,1.0,10.48,16.0,1.0
2026-03-16,LOC-05,Allied Health Clinician,3,3.0,23.7,24.0,0.0
2026-03-22,LOC-05,Allied Health Clinician,2,2.0,15.82,16.0,0.0
2026-03-23,LOC-05,Allied Health Clinician,3,3.0,25.54,24.0,1.0
2026-04-06,LOC-05,Allied Health Clinician,3,3.0,25.509999999999998,26.0,0.0
2026-04-13,LOC-05,Allied Health Clinician,3,3.0,23.82,24.0,0.0
2026-04-20,LOC-05,Allied Health Clinician,3,3.0,24.97,24.0,1.0
2026-05-04,LOC-05,Allied Health Clinician,3,3.0,28.37,28.0,0.0
2026-05-09,LOC-05,Allied Health Clinician,2,2.0,15.66,16.0,0.0
2026-05-10,LOC-05,Allied Health Clinician,2,1.0,9.96,18.0,0.0
2026-05-18,LOC-05,Allied Health Clinician,3,3.0,25.96,26.0,0.0
2026-05-24,LOC-05,Allied Health Clinician,2,2.0,15.809999999999999,16.0,0.0
2026-05-26,LOC-05,Allied Health Clinician,2,2.0,15.780000000000001,16.0,0.0
2026-06-08,LOC-05,Allied Health Clinician,2,1.0,9.74,16.0,1.0
2026-06-09,LOC-05,Allied Health Clinician,2,2.0,17.93,16.0,2.0
2026-06-14,LOC-05,Allied Health Clinician,2,2.0,18.1,18.0,0.0
2026-06-22,LOC-05,Allied Health Clinician,3,3.0,28.57,26.0,1.0
2026-07-30,LOC-05,Allied Health Clinician,3,3.0,25.880000000000003,26.0,0.0
2025-08-13,LOC-01,Allied Health Clinician,1,1.0,8.01,8.0,0.0
2025-09-17,LOC-01,Allied Health Clinician,1,1.0,7.69,8.0,0.0
2025-10-15,LOC-01,Allied Health Clinician,1,1.0,7.97,8.0,0.0
2026-01-21,LOC-01,Allied Health Clinician,1,1.0,10.09,10.0,0.0
2026-02-11,LOC-01,Allied Health Clinician,1,1.0,8.09,8.0,0.0
2026-04-22,LOC-01,Allied Health Clinician,1,1.0,7.81,8.0,0.0
2026-05-06,LOC-01,Allied Health Clinician,1,1.0,8.15,8.0,0.0
2026-05-27,LOC-01,Allied Health Clinician,1,1.0,9.98,10.0,0.0
2026-06-10,LOC-01,Allied Health Clinician,1,1.0,9.96,10.0,0.0
2026-06-17,LOC-01,Allied Health Clinician,1,1.0,7.57,8.0,0.0
2026-07-08,LOC-01,Allied Health Clinician,1,1.0,7.79,8.0,0.0
2026-07-15,LOC-01,Allied Health Clinician,1,1.0,8.18,8.0,0.0
2025-08-16,LOC-03,Support Worker,1,1.0,8.06,8.0,0.0
2025-08-26,LOC-03,Support Worker,3,3.0,26.340000000000003,26.0,0.0
2025-10-07,LOC-03,Support Worker,3,3.0,27.869999999999997,28.0,0.0
2025-10-28,LOC-03,Support Worker,3,3.0,27.86,28.0,0.0
2025-11-01,LOC-03,Support Worker,1,1.0,8.18,8.0,0.0
2025-11-08,LOC-03,Support Worker,1,1.0,8.02,8.0,0.0
2025-11-11,LOC-03,Support Worker,3,2.0,15.96,24.0,0.0
2025-11-25,LOC-03,Support Worker,3,3.0,26.1,26.0,0.0
2025-12-20,LOC-03,Support Worker,1,1.0,8.2,8.0,0.0
2025-12-23,LOC-03,Support Worker,3,3.0,25.75,26.0,0.0
2025-12-27,LOC-03,Support Worker,1,1.0,8.04,8.0,0.0
2026-01-10,LOC-03,Support Worker,1,1.0,7.92,8.0,0.0
2026-01-24,LOC-03,Support Worker,1,1.0,7.83,8.0,0.0
2026-02-14,LOC-03,Support Worker,1,1.0,7.87,8.0,0.0
2026-04-04,LOC-03,Support Worker,1,1.0,7.94,8.0,0.0
2026-04-07,LOC-03,Support Worker,3,3.0,25.830000000000002,26.0,0.0
2026-04-11,LOC-03,Support Worker,1,1.0,9.62,8.0,1.0
2026-05-12,LOC-03,Support Worker,3,3.0,24.15,24.0,0.0
2026-05-16,LOC-03,Support Worker,1,1.0,7.92,8.0,0.0
2026-05-19,LOC-03,Support Worker,3,3.0,24.85,24.0,1.0
2026-06-06,LOC-03,Support Worker,1,1.0,7.83,8.0,0.0
2026-06-16,LOC-03,Support Worker,3,3.0,23.91,24.0,0.0
2025-08-10,LOC-02,Support Worker,4,4.0,33.93,34.0,0.0
2025-08-17,LOC-02,Support Worker,4,4.0,34.769999999999996,32.0,1.0
2025-08-24,LOC-02,Support Worker,4,4.0,33.790000000000006,34.0,0.0
2025-08-26,LOC-02,Support Worker,3,3.0,24.339999999999996,24.0,0.0
2025-09-06,LOC-02,Support Worker,3,3.0,24.159999999999997,24.0,0.0
2025-09-20,LOC-02,Support Worker,3,3.0,28.700000000000003,26.0,1.0
2025-10-04,LOC-02,Support Worker,3,3.0,27.83,28.0,0.0
2025-10-05,LOC-02,Support Worker,4,4.0,31.97,32.0,0.0
2025-10-06,LOC-02,Support Worker,4,4.0,31.55,32.0,0.0
2025-10-14,LOC-02,Support Worker,3,3.0,25.310000000000002,24.0,1.0
2025-10-20,LOC-02,Support Worker,3,2.0,16.33,24.0,0.0
2025-10-21,LOC-02,Support Worker,3,3.0,23.939999999999998,24.0,0.0
2025-11-04,LOC-02,Support Worker,3,3.0,23.68,24.0,0.0
2025-11-08,LOC-02,Support Worker,3,3.0,26.560000000000002,24.0,1.0
2025-11-10,LOC-02,Support Worker,3,3.0,24.57,24.0,0.0
2025-11-11,LOC-02,Support Worker,3,3.0,30.099999999999998,26.0,2.0
2025-11-14,LOC-02,Support Worker,4,4.0,32.19,32.0,0.0
2025-11-22,LOC-02,Support Worker,3,3.0,26.78,24.0,1.0
2025-12-02,LOC-02,Support Worker,3,3.0,23.790000000000003,24.0,0.0
2025-12-08,LOC-02,Support Worker,3,3.0,24.23,24.0,0.0
2025-12-14,LOC-02,Support Worker,4,4.0,36.99,32.0,2.0
2025-12-21,LOC-02,Support Worker,4,4.0,31.73,32.0,0.0
2025-12-23,LOC-02,Support Worker,3,3.0,24.29,24.0,0.0
2025-12-27,LOC-02,Support Worker,3,3.0,24.86,24.0,1.0
2026-01-04,LOC-02,Support Worker,4,4.0,32.010000000000005,32.0,0.0
2026-01-06,LOC-02,Support Worker,3,3.0,26.82,24.0,1.0
2026-01-16,LOC-02,Support Worker,4,4.0,32.08,32.0,0.0
2026-01-17,LOC-02,Support Worker,3,3.0,27.2,24.0,1.0
2026-01-24,LOC-02,Support Worker,2,2.0,16.11,16.0,0.0
2026-01-25,LOC-02,Support Worker,4,3.0,23.38,32.0,0.0
2026-01-30,LOC-02,Support Worker,4,4.0,31.959999999999997,32.0,0.0
2026-02-07,LOC-02,Support Worker,3,3.0,26.57,24.0,1.0
2026-02-13,LOC-02,Support Worker,4,4.0,32.19,32.0,0.0
2026-02-21,LOC-02,Support Worker,3,3.0,25.520000000000003,26.0,0.0
2026-03-03,LOC-02,Support Worker,3,3.0,25.21,24.0,1.0
2026-03-16,LOC-02,Support Worker,3,3.0,29.29,24.0,2.0
2026-03-20,LOC-02,Support Worker,3,3.0,23.75,24.0,0.0
2026-03-29,LOC-02,Support Worker,4,4.0,33.839999999999996,34.0,0.0
2026-04-03,LOC-02,Support Worker,4,4.0,31.83,32.0,0.0
2026-04-05,LOC-02,Support Worker,4,4.0,33.809999999999995,32.0,1.0
2026-04-06,LOC-02,Support Worker,4,4.0,31.939999999999998,32.0,0.0
2026-04-11,LOC-02,Support Worker,3,3.0,24.049999999999997,24.0,0.0
2026-04-24,LOC-02,Support Worker,4,4.0,34.34,34.0,0.0
2026-05-12,LOC-02,Support Worker,3,3.0,24.1,24.0,0.0
2026-05-24,LOC-02,Support Worker,4,4.0,32.04,32.0,0.0
2026-05-30,LOC-02,Support Worker,2,2.0,18.32,18.0,0.0
2026-06-05,LOC-02,Support Worker,3,3.0,26.73,24.0,1.0
2026-06-06,LOC-02,Support Worker,3,3.0,25.839999999999996,24.0,1.0
2026-06-12,LOC-02,Support Worker,4,4.0,31.78,32.0,0.0
2026-06-26,LOC-02,Support Worker,4,4.0,32.2,32.0,0.0
2026-06-29,LOC-02,Support Worker,4,4.0,39.39,34.0,3.0
2026-07-03,LOC-02,Support Worker,4,4.0,33.42,32.0,1.0
2026-07-05,LOC-02,Support Worker,3,2.0,16.11,26.0,0.0
2026-07-06,LOC-02,Support Worker,4,4.0,36.41,34.0,1.0
2026-07-12,LOC-02,Support Worker,4,4.0,31.950000000000003,32.0,0.0
2026-07-18,LOC-02,Support Worker,3,3.0,23.919999999999998,24.0,0.0
2026-07-25,LOC-02,Support Worker,3,3.0,25.3,26.0,0.0
2025-11-22,LOC-05,Allied Health Clinician,1,1.0,7.88,8.0,0.0
2025-11-23,LOC-05,Allied Health Clinician,1,1.0,7.96,8.0,0.0
2025-12-21,LOC-05,Allied Health Clinician,1,1.0,8.07,8.0,0.0
2026-01-11,LOC-05,Allied Health Clinician,1,1.0,8.03,8.0,0.0
2026-07-05,LOC-05,Allied Health Clinician,1,1.0,7.9,8.0,0.0
2026-07-06,LOC-05,Allied Health Clinician,2,2.0,17.240000000000002,16.0,1.0
2025-08-08,LOC-09,Allied Health Clinician,2,2.0,17.4,16.0,1.0
2025-08-09,LOC-09,Allied Health Clinician,2,2.0,16.86,16.0,1.0
2025-08-22,LOC-09,Allied Health Clinician,2,2.0,18.259999999999998,18.0,0.0
2025-08-27,LOC-09,Allied Health Clinician,2,2.0,18.58,16.0,1.0
2025-08-29,LOC-09,Allied Health Clinician,2,2.0,16.4,16.0,0.0
2025-09-02,LOC-09,Allied Health Clinician,1,1.0,7.95,8.0,0.0
2025-09-03,LOC-09,Allied Health Clinician,2,2.0,15.93,16.0,0.0
2025-09-06,LOC-09,Allied Health Clinician,1,0.0,0.0,8.0,0.0
2025-09-11,LOC-09,Allied Health Clinician,2,2.0,15.76,16.0,0.0
2025-09-18,LOC-09,Allied Health Clinician,2,2.0,17.81,16.0,1.0
2025-10-03,LOC-09,Allied Health Clinician,1,1.0,7.99,8.0,0.0
2025-10-09,LOC-09,Allied Health Clinician,1,1.0,8.32,8.0,0.0
2025-10-11,LOC-09,Allied Health Clinician,1,1.0,10.18,8.0,1.0
2025-10-14,LOC-09,Allied Health Clinician,1,1.0,9.89,8.0,1.0
2025-10-22,LOC-09,Allied Health Clinician,2,2.0,16.06,16.0,0.0
2025-11-07,LOC-09,Allied Health Clinician,2,2.0,17.3,16.0,1.0
2025-11-14,LOC-09,Allied Health Clinician,2,2.0,15.79,16.0,0.0
2025-11-29,LOC-09,Allied Health Clinician,2,2.0,15.84,16.0,0.0
2025-12-04,LOC-09,Allied Health Clinician,2,2.0,18.36,18.0,0.0
2025-12-06,LOC-09,Allied Health Clinician,2,2.0,16.11,16.0,0.0
2025-12-11,LOC-09,Allied Health Clinician,2,2.0,17.259999999999998,16.0,1.0
2025-12-25,LOC-09,Allied Health Clinician,2,2.0,15.93,16.0,0.0
2025-12-31,LOC-09,Allied Health Clinician,2,2.0,19.630000000000003,18.0,1.0
2026-01-01,LOC-09,Allied Health Clinician,2,2.0,18.08,18.0,0.0
2026-01-06,LOC-09,Allied Health Clinician,1,1.0,8.0,8.0,0.0
2026-01-09,LOC-09,Allied Health Clinician,2,2.0,15.58,16.0,0.0
2026-01-10,LOC-09,Allied Health Clinician,2,2.0,15.84,16.0,0.0
2026-01-15,LOC-09,Allied Health Clinician,2,2.0,16.009999999999998,16.0,0.0
2026-01-23,LOC-09,Allied Health Clinician,2,2.0,16.33,16.0,0.0
2026-01-24,LOC-09,Allied Health Clinician,2,1.0,7.93,16.0,0.0
2026-01-30,LOC-09,Allied Health Clinician,2,2.0,17.88,18.0,0.0
2026-02-03,LOC-09,Allied Health Clinician,1,1.0,9.99,10.0,0.0
2026-02-07,LOC-09,Allied Health Clinician,2,2.0,16.240000000000002,16.0,0.0
2026-02-12,LOC-09,Allied Health Clinician,2,2.0,15.51,16.0,0.0
2026-02-13,LOC-09,Allied Health Clinician,2,2.0,15.88,16.0,0.0
2026-02-18,LOC-09,Allied Health Clinician,2,2.0,15.82,16.0,0.0
2026-02-19,LOC-09,Allied Health Clinician,2,2.0,18.15,18.0,0.0
2026-02-21,LOC-09,Allied Health Clinician,2,2.0,15.920000000000002,16.0,0.0
2026-02-24,LOC-09,Allied Health Clinician,1,1.0,8.04,8.0,0.0
2026-02-26,LOC-09,Allied Health Clinician,2,2.0,15.809999999999999,16.0,0.0
2026-03-06,LOC-09,Allied Health Clinician,2,2.0,16.19,16.0,0.0
2026-03-31,LOC-09,Allied Health Clinician,1,1.0,7.81,8.0,0.0
2026-04-03,LOC-09,Allied Health Clinician,2,2.0,16.16,16.0,0.0
2026-04-04,LOC-09,Allied Health Clinician,2,2.0,16.07,16.0,0.0
2026-04-08,LOC-09,Allied Health Clinician,2,2.0,15.82,16.0,0.0
2026-04-10,LOC-09,Allied Health Clinician,2,2.0,15.46,16.0,0.0
2026-04-15,LOC-09,Allied Health Clinician,2,2.0,15.67,16.0,0.0
2026-04-17,LOC-09,Allied Health Clinician,2,2.0,16.310000000000002,16.0,0.0
2026-04-18,LOC-09,Allied Health Clinician,2,2.0,16.060000000000002,16.0,0.0
2026-04-28,LOC-09,Allied Health Clinician,1,1.0,8.05,8.0,0.0
2026-04-30,LOC-09,Allied Health Clinician,2,2.0,18.25,18.0,0.0
2026-05-01,LOC-09,Allied Health Clinician,2,2.0,15.79,16.0,0.0
2026-05-20,LOC-09,Allied Health Clinician,1,1.0,7.77,8.0,0.0
2026-05-26,LOC-09,Allied Health Clinician,1,1.0,8.01,8.0,0.0
2026-05-28,LOC-09,Allied Health Clinician,2,2.0,18.42,16.0,1.0
2026-06-02,LOC-09,Allied Health Clinician,1,1.0,7.69,8.0,0.0
2026-06-04,LOC-09,Allied Health Clinician,2,2.0,15.97,16.0,0.0
2026-06-05,LOC-09,Allied Health Clinician,2,2.0,15.93,16.0,0.0
2026-06-16,LOC-09,Allied Health Clinician,1,1.0,7.85,8.0,0.0
2026-06-23,LOC-09,Allied Health Clinician,1,1.0,8.11,8.0,0.0
2026-07-09,LOC-09,Allied Health Clinician,2,1.0,7.74,16.0,0.0
2026-07-22,LOC-09,Allied Health Clinician,2,2.0,15.77,16.0,0.0
2026-07-31,LOC-09,Allied Health Clinician,2,2.0,18.08,18.0,0.0
2025-08-18,LOC-05,Support Worker,3,3.0,24.02,24.0,0.0
2025-09-08,LOC-05,Support Worker,3,3.0,26.17,24.0,1.0
2025-10-20,LOC-05,Support Worker,3,3.0,24.24,24.0,0.0
2025-10-27,LOC-05,Support Worker,3,3.0,25.799999999999997,24.0,1.0
2025-11-10,LOC-05,Support Worker,3,3.0,23.849999999999998,24.0,0.0
2025-12-22,LOC-05,Support Worker,3,2.0,15.77,24.0,0.0
2026-01-19,LOC-05,Support Worker,3,3.0,24.259999999999998,24.0,0.0
2026-02-09,LOC-05,Support Worker,3,2.0,15.959999999999999,24.0,0.0
2026-03-02,LOC-05,Support Worker,3,3.0,23.83,24.0,0.0
2026-03-09,LOC-05,Support Worker,3,3.0,23.76,24.0,0.0
2026-05-25,LOC-05,Support Worker,3,3.0,26.33,26.0,0.0
2026-06-15,LOC-05,Support Worker,3,3.0,25.94,26.0,0.0
2026-07-20,LOC-05,Support Worker,2,2.0,17.549999999999997,16.0,1.0
2026-07-27,LOC-05,Support Worker,3,3.0,24.17,24.0,0.0
2025-08-14,LOC-08,Coordinator,1,1.0,8.04,8.0,0.0
2025-08-21,LOC-08,Coordinator,1,1.0,8.14,8.0,0.0
2025-08-26,LOC-08,Coordinator,1,1.0,8.03,8.0,0.0
2025-09-02,LOC-08,Coordinator,1,1.0,10.58,8.0,1.0
2025-09-04,LOC-08,Coordinator,1,1.0,8.32,8.0,0.0
2025-09-14,LOC-08,Coordinator,1,1.0,8.08,8.0,0.0
2025-10-05,LOC-08,Coordinator,1,1.0,8.02,8.0,0.0
2025-10-16,LOC-08,Coordinator,1,1.0,8.07,8.0,0.0
2025-10-19,LOC-08,Coordinator,1,1.0,8.06,8.0,0.0
2025-10-21,LOC-08,Coordinator,1,1.0,7.8,8.0,0.0
2025-10-28,LOC-08,Coordinator,1,1.0,8.06,8.0,0.0
2025-11-18,LOC-08,Coordinator,1,1.0,7.98,8.0,0.0
2025-11-23,LOC-08,Coordinator,1,1.0,8.02,8.0,0.0
2025-11-27,LOC-08,Coordinator,1,1.0,8.06,8.0,0.0
2025-12-02,LOC-08,Coordinator,1,1.0,7.82,8.0,0.0
2026-01-22,LOC-08,Coordinator,1,1.0,9.82,8.0,1.0
2026-01-29,LOC-08,Coordinator,1,1.0,8.17,8.0,0.0
2026-02-01,LOC-08,Coordinator,1,1.0,7.84,8.0,0.0
2026-02-05,LOC-08,Coordinator,1,1.0,8.24,8.0,0.0
2026-02-10,LOC-08,Coordinator,1,1.0,8.2,8.0,0.0
2026-03-01,LOC-08,Coordinator,1,1.0,8.12,8.0,0.0
2026-03-10,LOC-08,Coordinator,1,1.0,7.92,8.0,0.0
2026-04-14,LOC-08,Coordinator,1,1.0,8.08,8.0,0.0
2026-04-16,LOC-08,Coordinator,1,1.0,8.08,8.0,0.0
2026-04-23,LOC-08,Coordinator,1,1.0,8.26,8.0,0.0
2026-04-30,LOC-08,Coordinator,1,1.0,8.02,8.0,0.0
2026-05-03,LOC-08,Coordinator,1,1.0,8.1,8.0,0.0
2026-05-05,LOC-08,Coordinator,1,1.0,8.11,8.0,0.0
2026-05-19,LOC-08,Coordinator,1,1.0,9.64,8.0,1.0
2026-05-24,LOC-08,Coordinator,1,1.0,7.87,8.0,0.0
2026-05-26,LOC-08,Coordinator,1,1.0,10.15,8.0,1.0
2026-06-09,LOC-08,Coordinator,1,1.0,8.16,8.0,0.0
2026-06-25,LOC-08,Coordinator,1,1.0,7.78,8.0,0.0
2026-07-14,LOC-08,Coordinator,1,1.0,7.79,8.0,0.0
2025-11-28,LOC-05,Coordinator,2,1.0,7.9,16.0,0.0
2025-12-19,LOC-05,Coordinator,2,2.0,15.940000000000001,16.0,0.0
2026-01-02,LOC-05,Coordinator,2,2.0,16.05,16.0,0.0
2026-01-16,LOC-05,Coordinator,2,2.0,15.94,16.0,0.0
2026-03-20,LOC-05,Coordinator,2,2.0,18.8,18.0,1.0
2026-05-29,LOC-05,Coordinator,2,2.0,15.83,16.0,0.0
2026-06-26,LOC-05,Coordinator,2,2.0,17.53,16.0,1.0
2026-07-17,LOC-05,Coordinator,2,2.0,16.02,16.0,0.0
2026-07-31,LOC-05,Coordinator,2,2.0,16.31,16.0,0.0
2026-06-08,LOC-03,Support Worker,1,1.0,8.05,8.0,0.0
2026-06-15,LOC-03,Support Worker,1,1.0,9.86,10.0,0.0
2025-09-02,LOC-06,Support Worker,2,2.0,17.99,18.0,0.0
2025-09-24,LOC-06,Support Worker,2,2.0,17.58,16.0,1.0
2025-10-01,LOC-06,Support Worker,2,2.0,18.669999999999998,16.0,1.0
2025-10-15,LOC-06,Support Worker,2,2.0,15.79,16.0,0.0
2025-11-12,LOC-06,Support Worker,2,2.0,16.1,16.0,0.0
2025-12-31,LOC-06,Support Worker,2,2.0,15.879999999999999,16.0,0.0
2026-03-11,LOC-06,Support Worker,2,2.0,16.22,16.0,0.0
2026-05-06,LOC-06,Support Worker,2,2.0,15.98,16.0,0.0
2026-06-24,LOC-06,Support Worker,2,2.0,16.060000000000002,16.0,0.0
2026-07-22,LOC-06,Support Worker,2,2.0,15.98,16.0,0.0
2025-08-07,LOC-02,Allied Health Clinician,2,2.0,16.27,16.0,0.0
2025-08-08,LOC-02,Allied Health Clinician,1,1.0,7.94,8.0,0.0
2025-08-14,LOC-02,Allied Health Clinician,2,2.0,20.23,18.0,1.0
2025-09-05,LOC-02,Allied Health Clinician,1,1.0,8.18,8.0,0.0
2025-09-12,LOC-02,Allied Health Clinician,1,1.0,7.97,8.0,0.0
2025-10-03,LOC-02,Allied Health Clinician,1,1.0,7.78,8.0,0.0
2025-10-10,LOC-02,Allied Health Clinician,1,1.0,7.96,8.0,0.0
2025-10-23,LOC-02,Allied Health Clinician,2,2.0,16.08,16.0,0.0
2025-10-24,LOC-02,Allied Health Clinician,1,1.0,10.04,10.0,0.0
2025-10-30,LOC-02,Allied Health Clinician,2,2.0,18.27,16.0,1.0
2025-11-06,LOC-02,Allied Health Clinician,2,2.0,18.619999999999997,16.0,1.0
2025-11-28,LOC-02,Allied Health Clinician,1,1.0,8.26,8.0,0.0
2025-12-05,LOC-02,Allied Health Clinician,1,1.0,7.99,8.0,0.0
2025-12-12,LOC-02,Allied Health Clinician,1,1.0,7.87,8.0,0.0
2025-12-19,LOC-02,Allied Health Clinician,1,1.0,8.05,8.0,0.0
2026-01-29,LOC-02,Allied Health Clinician,2,2.0,17.89,18.0,0.0
2026-02-12,LOC-02,Allied Health Clinician,2,2.0,15.83,16.0,0.0
2026-02-26,LOC-02,Allied Health Clinician,2,2.0,18.369999999999997,18.0,0.0
2026-02-27,LOC-02,Allied Health Clinician,1,1.0,7.77,8.0,0.0
2026-03-12,LOC-02,Allied Health Clinician,2,2.0,15.989999999999998,16.0,0.0
2026-05-15,LOC-02,Allied Health Clinician,1,1.0,8.03,8.0,0.0
2026-05-28,LOC-02,Allied Health Clinician,2,2.0,16.04,16.0,0.0
2026-07-09,LOC-02,Allied Health Clinician,2,2.0,16.07,16.0,0.0
2026-07-17,LOC-02,Allied Health Clinician,1,1.0,7.84,8.0,0.0
2026-07-24,LOC-02,Allied Health Clinician,1,1.0,7.95,8.0,0.0
2026-07-30,LOC-02,Allied Health Clinician,2,2.0,15.87,16.0,0.0
2025-08-05,LOC-09,Support Worker,1,1.0,7.96,8.0,0.0
2025-08-12,LOC-09,Support Worker,1,1.0,8.24,8.0,0.0
2025-08-15,LOC-09,Support Worker,4,4.0,36.230000000000004,34.0,1.0
2025-08-19,LOC-09,Support Worker,1,1.0,8.15,8.0,0.0
2025-08-23,LOC-09,Support Worker,3,3.0,25.36,24.0,1.0
2025-08-26,LOC-09,Support Worker,1,1.0,11.12,10.0,1.0
2025-08-30,LOC-09,Support Worker,3,3.0,24.35,24.0,1.0
2025-09-04,LOC-09,Support Worker,3,3.0,24.15,24.0,0.0
2025-09-09,LOC-09,Support Worker,1,1.0,9.9,10.0,0.0
2025-09-13,LOC-09,Support Worker,2,2.0,15.86,16.0,0.0
2025-09-19,LOC-09,Support Worker,3,3.0,23.79,24.0,0.0
2025-09-30,LOC-09,Support Worker,1,1.0,7.93,8.0,0.0
2025-10-02,LOC-09,Support Worker,3,3.0,28.32,26.0,1.0
2025-10-06,LOC-09,Support Worker,3,3.0,23.630000000000003,24.0,0.0
2025-10-25,LOC-09,Support Worker,3,3.0,25.01,24.0,1.0
2025-11-01,LOC-09,Support Worker,3,3.0,23.740000000000002,24.0,0.0
2025-11-25,LOC-09,Support Worker,1,1.0,9.95,8.0,1.0
2025-12-05,LOC-09,Support Worker,4,4.0,32.08,32.0,0.0
2025-12-13,LOC-09,Support Worker,3,3.0,27.580000000000002,26.0,1.0
2025-12-16,LOC-09,Support Worker,1,1.0,10.15,10.0,0.0
2025-12-20,LOC-09,Support Worker,3,3.0,24.02,24.0,0.0
2025-12-27,LOC-09,Support Worker,3,3.0,24.02,24.0,0.0
2025-12-29,LOC-09,Support Worker,3,3.0,23.849999999999998,24.0,0.0
2026-01-03,LOC-09,Support Worker,3,3.0,23.93,24.0,0.0
2026-01-05,LOC-09,Support Worker,3,3.0,26.009999999999998,26.0,0.0
2026-01-31,LOC-09,Support Worker,3,3.0,23.490000000000002,24.0,0.0
2026-02-06,LOC-09,Support Worker,4,3.0,24.53,32.0,1.0
2026-02-14,LOC-09,Support Worker,3,3.0,30.92,28.0,1.0
2026-02-20,LOC-09,Support Worker,4,4.0,34.67,34.0,1.0
2026-03-10,LOC-09,Support Worker,1,1.0,9.88,10.0,0.0
2026-03-12,LOC-09,Support Worker,3,3.0,23.980000000000004,24.0,0.0
2026-03-17,LOC-09,Support Worker,1,1.0,9.96,10.0,0.0
2026-03-20,LOC-09,Support Worker,4,4.0,34.79,34.0,1.0
2026-03-27,LOC-09,Support Worker,4,4.0,33.69,34.0,0.0
2026-04-11,LOC-09,Support Worker,3,3.0,24.1,24.0,0.0
2026-05-12,LOC-09,Support Worker,1,1.0,7.94,8.0,0.0
2026-05-16,LOC-09,Support Worker,3,3.0,30.489999999999995,28.0,1.0
2026-05-19,LOC-09,Support Worker,1,1.0,7.86,8.0,0.0
2026-05-29,LOC-09,Support Worker,4,4.0,34.77,32.0,1.0
2026-06-06,LOC-09,Support Worker,3,3.0,24.28,24.0,0.0
2026-06-27,LOC-09,Support Worker,3,3.0,26.049999999999997,24.0,1.0
2026-07-10,LOC-09,Support Worker,4,4.0,36.9,32.0,2.0
2026-07-14,LOC-09,Support Worker,1,1.0,7.95,8.0,0.0
2026-07-24,LOC-09,Support Worker,4,4.0,31.77,32.0,0.0
2026-07-28,LOC-09,Support Worker,1,1.0,8.25,8.0,0.0
2025-09-04,LOC-10,Support Worker,2,2.0,17.58,16.0,1.0
2025-10-09,LOC-10,Support Worker,3,3.0,23.93,24.0,0.0
2025-11-27,LOC-10,Support Worker,2,2.0,16.17,16.0,0.0
2026-01-08,LOC-10,Support Worker,3,3.0,23.85,24.0,0.0
2026-01-15,LOC-10,Support Worker,3,3.0,24.049999999999997,24.0,0.0
2026-01-22,LOC-10,Support Worker,3,3.0,23.72,24.0,0.0
2026-01-29,LOC-10,Support Worker,3,3.0,24.05,24.0,0.0
2026-03-26,LOC-10,Support Worker,3,3.0,24.0,24.0,0.0
2026-07-16,LOC-10,Support Worker,3,3.0,26.39,24.0,1.0
2025-08-17,LOC-10,Coordinator,1,1.0,8.02,8.0,0.0
2025-08-26,LOC-10,Coordinator,1,0.0,0.0,8.0,0.0
2025-08-29,LOC-10,Coordinator,1,1.0,7.81,8.0,0.0
2025-09-02,LOC-10,Coordinator,1,1.0,10.55,8.0,1.0
2025-09-04,LOC-10,Coordinator,1,1.0,7.94,8.0,0.0
2025-09-12,LOC-10,Coordinator,1,1.0,8.04,8.0,0.0
2025-09-14,LOC-10,Coordinator,1,1.0,7.94,8.0,0.0
2025-09-16,LOC-10,Coordinator,1,1.0,8.02,8.0,0.0
2025-10-08,LOC-10,Coordinator,1,1.0,7.98,8.0,0.0
2025-10-09,LOC-10,Coordinator,1,1.0,8.34,8.0,0.0
2025-10-21,LOC-10,Coordinator,1,1.0,7.89,8.0,0.0
2025-10-24,LOC-10,Coordinator,1,1.0,7.8,8.0,0.0
2025-10-28,LOC-10,Coordinator,1,1.0,8.02,8.0,0.0
2025-10-31,LOC-10,Coordinator,1,1.0,8.19,8.0,0.0
2025-11-02,LOC-10,Coordinator,1,1.0,10.16,10.0,0.0
2025-11-12,LOC-10,Coordinator,1,1.0,8.29,8.0,0.0
2025-11-19,LOC-10,Coordinator,1,1.0,8.05,8.0,0.0
2025-11-26,LOC-10,Coordinator,1,1.0,7.93,8.0,0.0
2025-11-27,LOC-10,Coordinator,1,1.0,10.62,8.0,1.0
2025-12-09,LOC-10,Coordinator,1,1.0,9.33,8.0,1.0
2025-12-26,LOC-10,Coordinator,1,1.0,12.8,10.0,1.0
2026-01-02,LOC-10,Coordinator,1,1.0,7.85,8.0,0.0
2026-01-07,LOC-10,Coordinator,1,1.0,8.03,8.0,0.0
2026-01-08,LOC-10,Coordinator,1,1.0,8.71,8.0,1.0
2026-01-15,LOC-10,Coordinator,1,1.0,7.97,8.0,0.0
2026-01-22,LOC-10,Coordinator,1,1.0,10.19,10.0,0.0
2026-01-25,LOC-10,Coordinator,1,1.0,7.73,8.0,0.0
2026-01-29,LOC-10,Coordinator,1,1.0,8.58,8.0,1.0
2026-02-01,LOC-10,Coordinator,1,1.0,7.7,8.0,0.0
2026-02-06,LOC-10,Coordinator,1,1.0,9.85,10.0,0.0
2026-02-18,LOC-10,Coordinator,1,1.0,7.99,8.0,0.0
2026-03-08,LOC-10,Coordinator,1,1.0,8.02,8.0,0.0
2026-03-17,LOC-10,Coordinator,1,1.0,7.72,8.0,0.0
2026-03-18,LOC-10,Coordinator,1,1.0,7.95,8.0,0.0
2026-03-25,LOC-10,Coordinator,1,1.0,8.86,8.0,1.0
2026-03-26,LOC-10,Coordinator,1,1.0,9.57,8.0,1.0
2026-03-27,LOC-10,Coordinator,1,1.0,8.1,8.0,0.0
2026-03-29,LOC-10,Coordinator,1,1.0,9.38,8.0,1.0
2026-04-05,LOC-10,Coordinator,1,1.0,7.67,8.0,0.0
2026-04-08,LOC-10,Coordinator,1,1.0,8.15,8.0,0.0
2026-04-12,LOC-10,Coordinator,1,1.0,7.83,8.0,0.0
2026-04-17,LOC-10,Coordinator,1,1.0,7.95,8.0,0.0
2026-04-19,LOC-10,Coordinator,1,1.0,8.1,8.0,0.0
2026-04-24,LOC-10,Coordinator,1,1.0,9.89,10.0,0.0
2026-04-26,LOC-10,Coordinator,1,1.0,8.07,8.0,0.0
2026-05-07,LOC-10,Coordinator,1,1.0,7.87,8.0,0.0
2026-05-15,LOC-10,Coordinator,1,1.0,7.89,8.0,0.0
2026-05-20,LOC-10,Coordinator,1,1.0,8.02,8.0,0.0
2026-07-05,LOC-10,Coordinator,1,0.0,0.0,10.0,0.0
2026-07-09,LOC-10,Coordinator,1,1.0,7.9,8.0,0.0
2026-07-10,LOC-10,Coordinator,1,1.0,7.93,8.0,0.0
2026-07-29,LOC-10,Coordinator,1,1.0,8.0,8.0,0.0
2026-07-31,LOC-10,Coordinator,1,1.0,8.22,8.0,0.0
2025-08-09,LOC-05,Support Worker,2,2.0,15.9,16.0,0.0
2025-08-26,LOC-05,Support Worker,2,2.0,16.23,16.0,0.0
2025-09-02,LOC-05,Support Worker,2,2.0,16.14,16.0,0.0
2025-09-05,LOC-05,Support Worker,1,1.0,8.12,8.0,0.0
2025-09-06,LOC-05,Support Worker,3,3.0,24.43,24.0,0.0
2025-10-25,LOC-05,Support Worker,3,3.0,24.23,24.0,0.0
2025-11-17,LOC-05,Support Worker,2,1.0,7.99,16.0,0.0
2025-11-28,LOC-05,Support Worker,1,1.0,7.88,8.0,0.0
2025-12-27,LOC-05,Support Worker,3,3.0,23.86,24.0,0.0
2026-01-02,LOC-05,Support Worker,1,1.0,7.87,8.0,0.0
2026-01-03,LOC-05,Support Worker,3,3.0,23.830000000000002,24.0,0.0
2026-01-16,LOC-05,Support Worker,1,1.0,8.07,8.0,0.0
2026-02-06,LOC-05,Support Worker,1,1.0,8.19,8.0,0.0
2026-02-21,LOC-05,Support Worker,3,3.0,23.52,24.0,0.0
2026-02-27,LOC-05,Support Worker,1,1.0,7.89,8.0,0.0
2026-03-20,LOC-05,Support Worker,1,1.0,7.91,8.0,0.0
2026-03-28,LOC-05,Support Worker,3,3.0,26.12,26.0,0.0
2026-04-04,LOC-05,Support Worker,3,3.0,26.82,24.0,1.0
2026-04-25,LOC-05,Support Worker,3,3.0,23.27,24.0,0.0
2026-05-23,LOC-05,Support Worker,3,3.0,24.740000000000002,24.0,0.0
2026-05-29,LOC-05,Support Worker,1,1.0,7.93,8.0,0.0
2026-06-26,LOC-05,Support Worker,1,1.0,9.97,10.0,0.0
2026-07-17,LOC-05,Support Worker,1,1.0,8.05,8.0,0.0
2026-07-31,LOC-05,Support Worker,1,1.0,8.14,8.0,0.0
2025-08-06,LOC-08,Support Worker,5,5.0,41.1,40.0,1.0
2025-11-19,LOC-08,Support Worker,4,4.0,31.82,32.0,0.0
2025-12-24,LOC-08,Support Worker,6,6.0,52.42,50.0,2.0
2026-01-07,LOC-08,Support Worker,6,5.0,45.14,50.0,2.0
2026-01-14,LOC-08,Support Worker,6,6.0,49.67999999999999,50.0,0.0
2026-01-21,LOC-08,Support Worker,6,6.0,51.24,48.0,1.0
2026-04-29,LOC-08,Support Worker,6,6.0,49.18999999999999,50.0,0.0
2026-05-20,LOC-08,Support Worker,6,6.0,51.34,48.0,2.0
2026-07-08,LOC-08,Support Worker,6,6.0,52.480000000000004,50.0,1.0
2025-08-20,LOC-09,Support Worker,3,3.0,24.1,24.0,0.0
2025-10-08,LOC-09,Support Worker,3,3.0,23.630000000000003,24.0,0.0
2025-10-15,LOC-09,Support Worker,3,3.0,24.27,24.0,0.0
2025-12-10,LOC-09,Support Worker,3,3.0,27.339999999999996,26.0,1.0
2025-12-17,LOC-09,Support Worker,3,2.0,16.29,24.0,0.0
2025-12-24,LOC-09,Support Worker,3,2.0,16.2,24.0,0.0
2026-01-07,LOC-09,Support Worker,3,3.0,26.19,26.0,0.0
2026-03-18,LOC-09,Support Worker,3,3.0,26.119999999999997,26.0,0.0
2026-05-13,LOC-09,Support Worker,2,2.0,16.28,16.0,0.0
2026-06-24,LOC-09,Support Worker,3,3.0,23.939999999999998,24.0,0.0
2026-07-08,LOC-09,Support Worker,3,3.0,28.22,26.0,2.0
2026-07-29,LOC-09,Support Worker,3,3.0,26.240000000000002,24.0,1.0
2025-08-21,LOC-01,Coordinator,1,1.0,7.94,8.0,0.0
2025-10-02,LOC-01,Coordinator,1,1.0,8.07,8.0,0.0
2025-10-09,LOC-01,Coordinator,1,1.0,7.79,8.0,0.0
2025-12-18,LOC-01,Coordinator,1,1.0,9.82,10.0,0.0
2026-01-08,LOC-01,Coordinator,1,1.0,7.91,8.0,0.0
2026-02-05,LOC-01,Coordinator,1,1.0,8.33,8.0,0.0
2026-02-26,LOC-01,Coordinator,1,1.0,7.88,8.0,0.0
2026-03-19,LOC-01,Coordinator,1,1.0,7.96,8.0,0.0
2026-04-23,LOC-01,Coordinator,1,1.0,7.95,8.0,0.0
2026-04-30,LOC-01,Coordinator,1,1.0,7.72,8.0,0.0
2026-05-07,LOC-01,Coordinator,1,1.0,7.83,8.0,0.0
2026-05-15,LOC-01,Coordinator,1,1.0,7.9,8.0,0.0
2026-06-04,LOC-01,Coordinator,1,1.0,10.18,10.0,0.0
2026-07-09,LOC-01,Coordinator,1,1.0,8.18,8.0,0.0
2026-05-22,LOC-05,Allied Health Clinician,1,1.0,10.97,8.0,1.0
2025-08-12,LOC-03,Support Worker,2,2.0,16.17,16.0,0.0
2025-08-28,LOC-03,Support Worker,1,1.0,7.89,8.0,0.0
2025-09-18,LOC-03,Support Worker,1,1.0,10.22,10.0,0.0
2025-10-02,LOC-03,Support Worker,1,1.0,10.38,10.0,0.0
2025-10-30,LOC-03,Support Worker,1,1.0,7.88,8.0,0.0
2025-12-11,LOC-03,Support Worker,1,1.0,10.21,10.0,0.0
2025-12-18,LOC-03,Support Worker,1,1.0,7.84,8.0,0.0
2026-03-05,LOC-03,Support Worker,1,1.0,7.99,8.0,0.0
2026-04-02,LOC-03,Support Worker,1,1.0,10.28,10.0,0.0
2026-04-23,LOC-03,Support Worker,1,1.0,7.99,8.0,0.0
2026-05-14,LOC-03,Support Worker,1,1.0,8.14,8.0,0.0
2026-06-18,LOC-03,Support Worker,1,1.0,8.0,8.0,0.0
2026-06-25,LOC-03,Support Worker,1,1.0,7.84,8.0,0.0
2026-07-09,LOC-03,Support Worker,1,1.0,7.98,8.0,0.0
2026-07-16,LOC-03,Support Worker,1,1.0,7.97,8.0,0.0
2026-07-21,LOC-03,Support Worker,2,2.0,18.130000000000003,18.0,0.0
2026-07-30,LOC-03,Support Worker,1,1.0,8.0,8.0,0.0
2025-09-25,LOC-02,Support Worker,2,2.0,15.98,16.0,0.0
2025-11-13,LOC-02,Support Worker,2,2.0,16.490000000000002,16.0,0.0
2025-12-04,LOC-02,Support Worker,2,2.0,16.11,16.0,0.0
2025-12-11,LOC-02,Support Worker,2,2.0,15.56,16.0,0.0
2026-01-01,LOC-02,Support Worker,2,2.0,17.98,18.0,0.0
2026-01-22,LOC-02,Support Worker,1,1.0,8.14,8.0,0.0
2026-03-05,LOC-02,Support Worker,2,2.0,17.689999999999998,16.0,1.0
2026-03-19,LOC-02,Support Worker,2,2.0,15.94,16.0,0.0
2026-04-19,LOC-02,Support Worker,3,3.0,27.21,26.0,1.0
2026-04-23,LOC-02,Support Worker,2,2.0,18.13,16.0,1.0
2026-05-21,LOC-02,Support Worker,1,1.0,8.05,8.0,0.0
2026-06-11,LOC-02,Support Worker,2,2.0,17.52,18.0,0.0
2025-11-26,LOC-08,Support Worker,3,3.0,24.479999999999997,24.0,1.0
2026-02-16,LOC-08,Support Worker,3,3.0,25.82,24.0,1.0
2025-08-23,LOC-10,Support Worker,5,5.0,47.370000000000005,42.0,2.0
2025-10-08,LOC-10,Support Worker,3,3.0,24.3,24.0,0.0
2025-10-11,LOC-10,Support Worker,4,4.0,32.03,32.0,0.0
2025-11-12,LOC-10,Support Worker,4,4.0,33.39,32.0,1.0
2025-11-19,LOC-10,Support Worker,4,3.0,23.84,32.0,0.0
2025-11-26,LOC-10,Support Worker,4,4.0,32.74,32.0,1.0
2025-12-13,LOC-10,Support Worker,5,5.0,39.68,40.0,0.0
2026-01-07,LOC-10,Support Worker,2,2.0,18.1,18.0,0.0
2026-02-18,LOC-10,Support Worker,4,4.0,33.44,32.0,1.0
2026-03-07,LOC-10,Support Worker,5,5.0,42.290000000000006,40.0,1.0
2026-03-18,LOC-10,Support Worker,4,4.0,32.730000000000004,32.0,1.0
2026-03-25,LOC-10,Support Worker,4,4.0,32.42,32.0,0.0
2026-04-04,LOC-10,Support Worker,4,4.0,34.18,34.0,0.0
2026-04-08,LOC-10,Support Worker,3,2.0,17.83,24.0,1.0
2026-04-11,LOC-10,Support Worker,5,5.0,39.88,40.0,0.0
2026-04-25,LOC-10,Support Worker,4,4.0,34.349999999999994,34.0,0.0
2026-05-09,LOC-10,Support Worker,4,4.0,33.879999999999995,34.0,0.0
2026-05-20,LOC-10,Support Worker,4,4.0,31.71,32.0,0.0
2026-05-23,LOC-10,Support Worker,5,5.0,39.28,40.0,0.0
2026-06-13,LOC-10,Support Worker,4,4.0,31.45,32.0,0.0
2026-06-27,LOC-10,Support Worker,5,5.0,42.260000000000005,42.0,0.0
2026-07-11,LOC-10,Support Worker,4,4.0,34.2,34.0,0.0
2026-07-15,LOC-10,Support Worker,3,2.0,16.419999999999998,24.0,1.0
2026-07-25,LOC-10,Support Worker,5,4.0,33.92,42.0,1.0
2026-07-29,LOC-10,Support Worker,4,4.0,33.48,34.0,0.0
2025-08-04,LOC-07,Allied Health Clinician,2,2.0,19.2,16.0,2.0
2025-08-05,LOC-07,Allied Health Clinician,1,1.0,7.95,8.0,0.0
2025-08-07,LOC-07,Allied Health Clinician,2,1.0,7.73,16.0,0.0
2025-08-10,LOC-07,Allied Health Clinician,1,1.0,10.1,10.0,0.0
2025-08-17,LOC-07,Allied Health Clinician,1,1.0,8.06,8.0,0.0
2025-08-18,LOC-07,Allied Health Clinician,2,2.0,16.07,16.0,0.0
2025-08-19,LOC-07,Allied Health Clinician,1,1.0,8.61,8.0,1.0
2025-09-01,LOC-07,Allied Health Clinician,1,1.0,10.1,10.0,0.0
2025-09-03,LOC-07,Allied Health Clinician,2,2.0,19.84,20.0,0.0
2025-09-04,LOC-07,Allied Health Clinician,2,2.0,17.83,18.0,0.0
2025-10-01,LOC-07,Allied Health Clinician,2,2.0,16.15,16.0,0.0
2025-10-02,LOC-07,Allied Health Clinician,2,2.0,23.4,18.0,2.0
2025-10-09,LOC-07,Allied Health Clinician,2,2.0,16.12,16.0,0.0
2025-10-13,LOC-07,Allied Health Clinician,2,2.0,15.719999999999999,16.0,0.0
2025-10-15,LOC-07,Allied Health Clinician,2,2.0,15.95,16.0,0.0
2025-10-20,LOC-07,Allied Health Clinician,1,1.0,7.88,8.0,0.0
2025-10-21,LOC-07,Allied Health Clinician,1,0.0,0.0,8.0,0.0
2025-10-22,LOC-07,Allied Health Clinician,2,2.0,18.57,16.0,1.0
2025-11-04,LOC-07,Allied Health Clinician,1,1.0,7.84,8.0,0.0
2025-11-05,LOC-07,Allied Health Clinician,2,2.0,16.11,16.0,0.0
2025-11-25,LOC-07,Allied Health Clinician,1,1.0,7.89,8.0,0.0
2025-12-01,LOC-07,Allied Health Clinician,2,2.0,15.739999999999998,16.0,0.0
2025-12-17,LOC-07,Allied Health Clinician,2,2.0,15.61,16.0,0.0
2025-12-22,LOC-07,Allied Health Clinician,2,2.0,15.85,16.0,0.0
2025-12-28,LOC-07,Allied Health Clinician,1,1.0,8.1,8.0,0.0
2026-01-01,LOC-07,Allied Health Clinician,2,2.0,15.72,16.0,0.0
2026-02-19,LOC-07,Allied Health Clinician,2,1.0,10.71,18.0,1.0
2026-02-26,LOC-07,Allied Health Clinician,2,2.0,16.1,16.0,0.0
2026-03-02,LOC-07,Allied Health Clinician,2,2.0,15.86,16.0,0.0
2026-03-10,LOC-07,Allied Health Clinician,1,1.0,9.96,10.0,0.0
2026-03-12,LOC-07,Allied Health Clinician,2,2.0,18.42,18.0,0.0
2026-03-22,LOC-07,Allied Health Clinician,1,1.0,7.81,8.0,0.0
2026-03-26,LOC-07,Allied Health Clinician,2,2.0,15.96,16.0,0.0
2026-04-01,LOC-07,Allied Health Clinician,2,2.0,17.83,16.0,1.0
2026-04-07,LOC-07,Allied Health Clinician,1,1.0,10.41,8.0,1.0
2026-04-08,LOC-07,Allied Health Clinician,2,2.0,15.7,16.0,0.0
2026-04-09,LOC-07,Allied Health Clinician,2,2.0,16.35,16.0,0.0
2026-04-13,LOC-07,Allied Health Clinician,2,2.0,17.13,16.0,1.0
2026-04-15,LOC-07,Allied Health Clinician,1,1.0,7.85,8.0,0.0
2026-04-19,LOC-07,Allied Health Clinician,1,1.0,8.07,8.0,0.0
2026-04-22,LOC-07,Allied Health Clinician,2,2.0,16.12,16.0,0.0
2026-04-28,LOC-07,Allied Health Clinician,1,1.0,9.81,8.0,1.0
2026-05-05,LOC-07,Allied Health Clinician,1,1.0,10.07,10.0,0.0
2026-05-14,LOC-07,Allied Health Clinician,2,2.0,16.22,16.0,0.0
2026-05-17,LOC-07,Allied Health Clinician,1,0.0,0.0,8.0,0.0
2026-05-24,LOC-07,Allied Health Clinician,1,1.0,7.82,8.0,0.0
2026-06-17,LOC-07,Allied Health Clinician,2,2.0,17.990000000000002,16.0,1.0
2026-06-28,LOC-07,Allied Health Clinician,1,1.0,8.87,8.0,1.0
2026-06-30,LOC-07,Allied Health Clinician,1,1.0,8.04,8.0,0.0
2026-07-01,LOC-07,Allied Health Clinician,2,2.0,15.67,16.0,0.0
2026-07-02,LOC-07,Allied Health Clinician,1,1.0,7.89,8.0,0.0
2026-07-08,LOC-07,Allied Health Clinician,2,2.0,18.14,18.0,0.0
2026-07-19,LOC-07,Allied Health Clinician,1,1.0,7.98,8.0,0.0
2026-07-21,LOC-07,Allied Health Clinician,1,1.0,7.72,8.0,0.0
2026-07-28,LOC-07,Allied Health Clinician,1,1.0,9.97,10.0,0.0
2026-07-30,LOC-07,Allied Health Clinician,2,2.0,17.799999999999997,16.0,1.0
2025-08-20,LOC-02,Allied Health Clinician,1,1.0,7.91,8.0,0.0
2025-08-30,LOC-02,Allied Health Clinician,1,1.0,8.01,8.0,0.0
2025-09-02,LOC-02,Allied Health Clinician,1,1.0,7.96,8.0,0.0
2025-09-10,LOC-02,Allied Health Clinician,1,1.0,7.96,8.0,0.0
2025-09-21,LOC-02,Allied Health Clinician,1,1.0,9.82,10.0,0.0
2025-09-30,LOC-02,Allied Health Clinician,1,1.0,8.07,8.0,0.0
2025-10-08,LOC-02,Allied Health Clinician,1,0.0,0.0,8.0,0.0
2025-10-12,LOC-02,Allied Health Clinician,1,1.0,7.77,8.0,0.0
2025-10-19,LOC-02,Allied Health Clinician,1,1.0,8.23,8.0,0.0
2025-11-09,LOC-02,Allied Health Clinician,1,1.0,8.09,8.0,0.0
2025-11-27,LOC-02,Allied Health Clinician,1,1.0,7.88,8.0,0.0
2025-11-30,LOC-02,Allied Health Clinician,1,1.0,8.13,8.0,0.0
2025-12-03,LOC-02,Allied Health Clinician,1,1.0,8.01,8.0,0.0
2025-12-07,LOC-02,Allied Health Clinician,1,1.0,8.09,8.0,0.0
2025-12-09,LOC-02,Allied Health Clinician,1,1.0,10.71,8.0,1.0
2025-12-10,LOC-02,Allied Health Clinician,1,1.0,8.06,8.0,0.0
2025-12-30,LOC-02,Allied Health Clinician,1,1.0,10.39,8.0,1.0
2026-01-31,LOC-02,Allied Health Clinician,1,1.0,10.06,10.0,0.0
2026-02-11,LOC-02,Allied Health Clinician,1,1.0,8.03,8.0,0.0
2026-02-14,LOC-02,Allied Health Clinician,1,1.0,10.39,8.0,1.0
2026-02-25,LOC-02,Allied Health Clinician,1,1.0,8.02,8.0,0.0
2026-03-01,LOC-02,Allied Health Clinician,1,1.0,8.87,8.0,1.0
2026-03-04,LOC-02,Allied Health Clinician,1,1.0,8.05,8.0,0.0
2026-03-14,LOC-02,Allied Health Clinician,1,1.0,7.97,8.0,0.0
2026-03-15,LOC-02,Allied Health Clinician,1,1.0,8.07,8.0,0.0
2026-03-22,LOC-02,Allied Health Clinician,1,1.0,7.97,8.0,0.0
2026-03-28,LOC-02,Allied Health Clinician,1,1.0,8.22,8.0,0.0
2026-04-08,LOC-02,Allied Health Clinician,1,1.0,8.05,8.0,0.0
2026-04-18,LOC-02,Allied Health Clinician,1,1.0,8.15,8.0,0.0
2026-04-21,LOC-02,Allied Health Clinician,1,1.0,8.15,8.0,0.0
2026-04-25,LOC-02,Allied Health Clinician,1,1.0,7.69,8.0,0.0
2026-05-02,LOC-02,Allied Health Clinician,1,1.0,7.91,8.0,0.0
2026-05-05,LOC-02,Allied Health Clinician,1,1.0,7.92,8.0,0.0
2026-05-06,LOC-02,Allied Health Clinician,1,1.0,8.05,8.0,0.0
2026-05-16,LOC-02,Allied Health Clinician,1,1.0,10.01,10.0,0.0
2026-05-17,LOC-02,Allied Health Clinician,1,1.0,7.81,8.0,0.0
2026-05-31,LOC-02,Allied Health Clinician,1,0.0,0.0,8.0,0.0
2026-06-02,LOC-02,Allied Health Clinician,1,1.0,9.96,10.0,0.0
2026-06-03,LOC-02,Allied Health Clinician,1,1.0,7.87,8.0,0.0
2026-06-09,LOC-02,Allied Health Clinician,1,1.0,7.9,8.0,0.0
2026-06-13,LOC-02,Allied Health Clinician,1,1.0,8.07,8.0,0.0
2026-06-20,LOC-02,Allied Health Clinician,1,1.0,7.71,8.0,0.0
2026-06-21,LOC-02,Allied Health Clinician,1,1.0,8.09,8.0,0.0
2026-06-24,LOC-02,Allied Health Clinician,1,1.0,9.06,8.0,1.0
2026-06-27,LOC-02,Allied Health Clinician,1,1.0,7.97,8.0,0.0
2026-07-04,LOC-02,Allied Health Clinician,1,1.0,9.86,10.0,0.0
2026-07-07,LOC-02,Allied Health Clinician,1,1.0,7.93,8.0,0.0
2026-07-08,LOC-02,Allied Health Clinician,1,1.0,7.78,8.0,0.0
2026-07-21,LOC-02,Allied Health Clinician,1,1.0,8.99,8.0,1.0
2026-07-28,LOC-02,Allied Health Clinician,1,1.0,7.75,8.0,0.0
2025-08-09,LOC-09,Team Leader,1,1.0,7.85,8.0,0.0
2025-08-10,LOC-09,Team Leader,1,1.0,8.09,8.0,0.0
2025-08-17,LOC-09,Team Leader,1,1.0,7.94,8.0,0.0
2025-08-24,LOC-09,Team Leader,1,1.0,8.26,8.0,0.0
2025-08-27,LOC-09,Team Leader,1,1.0,8.13,8.0,0.0
2025-09-03,LOC-09,Team Leader,1,1.0,7.84,8.0,0.0
2025-09-06,LOC-09,Team Leader,1,1.0,8.13,8.0,0.0
2025-09-07,LOC-09,Team Leader,1,1.0,8.08,8.0,0.0
2025-09-11,LOC-09,Team Leader,1,1.0,7.87,8.0,0.0
2025-09-18,LOC-09,Team Leader,1,1.0,7.99,8.0,0.0
2025-10-09,LOC-09,Team Leader,1,1.0,7.93,8.0,0.0
2025-10-11,LOC-09,Team Leader,1,1.0,8.01,8.0,0.0
2025-10-14,LOC-09,Team Leader,1,1.0,7.96,8.0,0.0
2025-10-22,LOC-09,Team Leader,1,1.0,7.94,8.0,0.0
2025-10-26,LOC-09,Team Leader,1,1.0,11.99,10.0,1.0
2025-11-08,LOC-09,Team Leader,1,1.0,7.85,8.0,0.0
2025-11-16,LOC-09,Team Leader,1,1.0,8.11,8.0,0.0
2025-11-29,LOC-09,Team Leader,1,1.0,7.9,8.0,0.0
2025-12-04,LOC-09,Team Leader,1,1.0,7.96,8.0,0.0
2025-12-06,LOC-09,Team Leader,1,1.0,7.98,8.0,0.0
2025-12-07,LOC-09,Team Leader,1,1.0,8.0,8.0,0.0
2025-12-11,LOC-09,Team Leader,1,1.0,7.92,8.0,0.0
2025-12-25,LOC-09,Team Leader,1,1.0,7.86,8.0,0.0
2025-12-31,LOC-09,Team Leader,1,1.0,7.91,8.0,0.0
2026-01-01,LOC-09,Team Leader,1,0.0,0.0,8.0,0.0
2026-01-24,LOC-09,Team Leader,1,1.0,7.98,8.0,0.0
2026-02-03,LOC-09,Team Leader,1,1.0,7.94,8.0,0.0
2026-02-07,LOC-09,Team Leader,1,0.0,0.0,8.0,0.0
2026-02-08,LOC-09,Team Leader,1,1.0,10.14,10.0,0.0
2026-02-12,LOC-09,Team Leader,1,0.0,0.0,8.0,0.0
2026-02-18,LOC-09,Team Leader,1,1.0,8.03,8.0,0.0
2026-02-19,LOC-09,Team Leader,1,1.0,7.87,8.0,0.0
2026-03-08,LOC-09,Team Leader,1,1.0,8.03,8.0,0.0
2026-03-26,LOC-09,Team Leader,1,1.0,8.07,8.0,0.0
2026-03-31,LOC-09,Team Leader,1,1.0,9.68,8.0,1.0
2026-04-04,LOC-09,Team Leader,1,1.0,7.84,8.0,0.0
2026-04-08,LOC-09,Team Leader,1,1.0,8.05,8.0,0.0
2026-04-15,LOC-09,Team Leader,1,1.0,7.8,8.0,0.0
2026-04-18,LOC-09,Team Leader,1,1.0,9.1,8.0,1.0
2026-04-22,LOC-09,Team Leader,1,1.0,8.17,8.0,0.0
2026-04-28,LOC-09,Team Leader,1,1.0,9.21,8.0,1.0
2026-04-30,LOC-09,Team Leader,1,1.0,7.81,8.0,0.0
2026-05-10,LOC-09,Team Leader,1,1.0,8.02,8.0,0.0
2026-05-20,LOC-09,Team Leader,1,1.0,8.13,8.0,0.0
2026-05-26,LOC-09,Team Leader,1,1.0,10.09,10.0,0.0
2026-06-02,LOC-09,Team Leader,1,1.0,7.94,8.0,0.0
2026-06-04,LOC-09,Team Leader,1,1.0,8.0,8.0,0.0
2026-06-16,LOC-09,Team Leader,1,1.0,7.93,8.0,0.0
2026-06-23,LOC-09,Team Leader,1,1.0,7.84,8.0,0.0
2026-07-07,LOC-09,Team Leader,1,1.0,10.26,10.0,0.0
2026-07-09,LOC-09,Team Leader,1,1.0,8.12,8.0,0.0
2026-07-12,LOC-09,Team Leader,1,1.0,8.16,8.0,0.0
2026-07-22,LOC-09,Team Leader,1,1.0,8.02,8.0,0.0
2026-07-26,LOC-09,Team Leader,1,1.0,7.92,8.0,0.0
2025-09-25,LOC-04,Support Worker,4,4.0,34.06,34.0,0.0
2025-10-02,LOC-04,Support Worker,4,4.0,32.63,32.0,0.0
2025-10-16,LOC-04,Support Worker,4,4.0,34.24,32.0,1.0
2025-10-23,LOC-04,Support Worker,4,3.0,24.019999999999996,32.0,0.0
2025-12-25,LOC-04,Support Worker,4,4.0,34.290000000000006,34.0,0.0
2026-01-01,LOC-04,Support Worker,4,4.0,34.22,34.0,0.0
2026-03-12,LOC-04,Support Worker,4,4.0,31.749999999999996,32.0,0.0
2026-04-09,LOC-04,Support Worker,3,3.0,26.18,26.0,0.0
2026-04-16,LOC-04,Support Worker,3,3.0,24.0,24.0,0.0
2026-06-11,LOC-04,Support Worker,2,2.0,16.240000000000002,16.0,0.0
2026-07-09,LOC-04,Support Worker,4,4.0,31.73,32.0,0.0
2025-09-03,LOC-02,Coordinator,2,2.0,16.12,16.0,0.0
2025-09-06,LOC-02,Coordinator,2,2.0,15.920000000000002,16.0,0.0
2025-09-13,LOC-02,Coordinator,2,1.0,7.71,16.0,0.0
2025-09-20,LOC-02,Coordinator,2,2.0,19.06,18.0,1.0
2025-10-01,LOC-02,Coordinator,2,2.0,20.27,18.0,1.0
2025-10-04,LOC-02,Coordinator,2,2.0,16.299999999999997,16.0,0.0
2025-10-06,LOC-02,Coordinator,1,1.0,7.82,8.0,0.0
2025-10-20,LOC-02,Coordinator,1,1.0,8.15,8.0,0.0
2025-10-22,LOC-02,Coordinator,2,2.0,15.96,16.0,0.0
2025-10-29,LOC-02,Coordinator,2,2.0,15.69,16.0,0.0
2025-11-08,LOC-02,Coordinator,2,2.0,16.189999999999998,16.0,0.0
2025-11-10,LOC-02,Coordinator,1,1.0,8.01,8.0,0.0
2025-11-19,LOC-02,Coordinator,2,2.0,16.299999999999997,16.0,0.0
2025-11-22,LOC-02,Coordinator,2,1.0,8.75,16.0,1.0
2025-12-08,LOC-02,Coordinator,1,1.0,7.95,8.0,0.0
2025-12-27,LOC-02,Coordinator,2,2.0,16.29,16.0,0.0
2025-12-31,LOC-02,Coordinator,1,1.0,7.71,8.0,0.0
2026-01-17,LOC-02,Coordinator,2,2.0,15.84,16.0,0.0
2026-01-21,LOC-02,Coordinator,2,2.0,17.94,18.0,0.0
2026-01-24,LOC-02,Coordinator,2,2.0,18.939999999999998,16.0,1.0
2026-02-04,LOC-02,Coordinator,2,2.0,15.83,16.0,0.0
2026-02-07,LOC-02,Coordinator,2,2.0,16.11,16.0,0.0
2026-02-21,LOC-02,Coordinator,2,2.0,15.84,16.0,0.0
2026-03-11,LOC-02,Coordinator,2,2.0,17.97,18.0,0.0
2026-03-16,LOC-02,Coordinator,1,1.0,8.19,8.0,0.0
2026-03-25,LOC-02,Coordinator,2,2.0,16.29,16.0,0.0
2026-04-01,LOC-02,Coordinator,2,2.0,16.41,16.0,0.0
2026-04-06,LOC-02,Coordinator,1,1.0,8.1,8.0,0.0
2026-04-11,LOC-02,Coordinator,2,2.0,19.09,16.0,1.0
2026-05-27,LOC-02,Coordinator,1,1.0,7.96,8.0,0.0
2026-05-30,LOC-02,Coordinator,2,2.0,15.84,16.0,0.0
2026-06-06,LOC-02,Coordinator,2,2.0,16.3,16.0,0.0
2026-06-17,LOC-02,Coordinator,2,2.0,16.09,16.0,0.0
2026-06-29,LOC-02,Coordinator,1,1.0,8.13,8.0,0.0
2026-07-06,LOC-02,Coordinator,1,1.0,7.97,8.0,0.0
2026-07-15,LOC-02,Coordinator,2,2.0,15.96,16.0,0.0
2026-07-18,LOC-02,Coordinator,2,2.0,16.14,16.0,0.0
2026-07-25,LOC-02,Coordinator,2,2.0,16.88,16.0,1.0
2025-08-03,LOC-05,Team Leader,1,0.0,0.0,8.0,0.0
2025-08-24,LOC-05,Team Leader,1,1.0,9.8,10.0,0.0
2025-09-17,LOC-05,Team Leader,1,1.0,7.88,8.0,0.0
2025-09-21,LOC-05,Team Leader,1,1.0,8.22,8.0,0.0
2025-10-05,LOC-05,Team Leader,1,1.0,8.14,8.0,0.0
2025-10-19,LOC-05,Team Leader,1,1.0,7.8,8.0,0.0
2025-10-22,LOC-05,Team Leader,1,1.0,8.06,8.0,0.0
2025-11-05,LOC-05,Team Leader,1,1.0,8.1,8.0,0.0
2025-11-12,LOC-05,Team Leader,1,1.0,7.89,8.0,0.0
2025-11-16,LOC-05,Team Leader,1,1.0,7.76,8.0,0.0
2025-11-23,LOC-05,Team Leader,1,1.0,10.04,10.0,0.0
2025-11-30,LOC-05,Team Leader,1,1.0,7.68,8.0,0.0
2025-12-03,LOC-05,Team Leader,1,1.0,7.97,8.0,0.0
2025-12-21,LOC-05,Team Leader,1,1.0,7.71,8.0,0.0
2025-12-24,LOC-05,Team Leader,1,1.0,7.74,8.0,0.0
2026-01-04,LOC-05,Team Leader,1,1.0,7.98,8.0,0.0
2026-01-11,LOC-05,Team Leader,1,1.0,10.21,10.0,0.0
2026-02-15,LOC-05,Team Leader,1,1.0,8.17,8.0,0.0
2026-03-01,LOC-05,Team Leader,1,1.0,8.14,8.0,0.0
2026-03-08,LOC-05,Team Leader,1,1.0,8.16,8.0,0.0
2026-03-22,LOC-05,Team Leader,1,1.0,8.1,8.0,0.0
2026-05-10,LOC-05,Team Leader,1,1.0,7.88,8.0,0.0
2026-07-01,LOC-05,Team Leader,1,1.0,8.01,8.0,0.0
2026-07-05,LOC-05,Team Leader,1,1.0,8.11,8.0,0.0
2026-07-22,LOC-05,Team Leader,1,1.0,7.86,8.0,0.0
2026-07-29,LOC-05,Team Leader,1,1.0,7.99,8.0,0.0
2025-09-24,LOC-05,Support Worker,2,2.0,15.91,16.0,0.0
2025-10-15,LOC-05,Support Worker,2,2.0,16.06,16.0,0.0
2025-11-19,LOC-05,Support Worker,2,2.0,19.0,16.0,1.0
2025-12-10,LOC-05,Support Worker,2,2.0,18.14,18.0,0.0
2025-12-17,LOC-05,Support Worker,2,2.0,16.479999999999997,16.0,0.0
2026-01-07,LOC-05,Support Worker,2,1.0,8.02,18.0,0.0
2026-02-04,LOC-05,Support Worker,2,2.0,18.0,18.0,0.0
2026-02-18,LOC-05,Support Worker,2,2.0,16.02,16.0,0.0
2026-03-04,LOC-05,Support Worker,2,2.0,15.69,16.0,0.0
2026-04-22,LOC-05,Support Worker,2,2.0,18.72,16.0,1.0
2026-05-13,LOC-05,Support Worker,2,2.0,15.739999999999998,16.0,0.0
2026-05-20,LOC-05,Support Worker,2,2.0,15.879999999999999,16.0,0.0
2026-05-27,LOC-05,Support Worker,2,2.0,18.08,16.0,1.0
2026-06-17,LOC-05,Support Worker,2,2.0,18.21,16.0,1.0
2026-07-09,LOC-10,Support Worker,2,0.0,0.0,18.0,0.0
2025-08-08,LOC-07,Support Worker,4,4.0,31.879999999999995,32.0,0.0
2025-10-10,LOC-07,Support Worker,4,4.0,31.79,32.0,0.0
2025-10-17,LOC-07,Support Worker,4,4.0,32.480000000000004,32.0,0.0
2025-11-14,LOC-07,Support Worker,4,4.0,34.39,34.0,0.0
2025-11-15,LOC-07,Support Worker,1,1.0,7.78,8.0,0.0
2025-11-28,LOC-07,Support Worker,4,4.0,33.260000000000005,32.0,1.0
2025-12-26,LOC-07,Support Worker,4,4.0,34.67,32.0,1.0
2025-12-27,LOC-07,Support Worker,1,1.0,8.1,8.0,0.0
2026-01-17,LOC-07,Support Worker,1,1.0,7.73,8.0,0.0
2026-01-24,LOC-07,Support Worker,1,1.0,8.03,8.0,0.0
2026-03-07,LOC-07,Support Worker,1,1.0,7.94,8.0,0.0
2026-03-20,LOC-07,Support Worker,4,4.0,31.93,32.0,0.0
2026-03-27,LOC-07,Support Worker,4,4.0,32.18,32.0,0.0
2026-04-03,LOC-07,Support Worker,3,3.0,24.02,24.0,0.0
2026-04-10,LOC-07,Support Worker,4,4.0,33.96,32.0,1.0
2026-04-17,LOC-07,Support Worker,3,3.0,25.81,26.0,0.0
2026-04-25,LOC-07,Support Worker,1,1.0,10.65,10.0,1.0
2026-05-15,LOC-07,Support Worker,4,4.0,33.769999999999996,34.0,0.0
2026-05-22,LOC-07,Support Worker,4,4.0,31.76,32.0,0.0
2026-05-23,LOC-07,Support Worker,1,1.0,9.81,10.0,0.0
2026-05-29,LOC-07,Support Worker,4,4.0,34.71,32.0,1.0
2026-05-30,LOC-07,Support Worker,1,1.0,8.19,8.0,0.0
2026-07-17,LOC-07,Support Worker,4,4.0,33.62,32.0,1.0
2026-07-25,LOC-07,Support Worker,1,1.0,8.06,8.0,0.0
2025-08-04,LOC-04,Support Worker,3,2.0,16.07,24.0,0.0
2025-09-11,LOC-04,Support Worker,2,2.0,16.11,16.0,0.0
2025-10-13,LOC-04,Support Worker,3,3.0,27.810000000000002,28.0,0.0
2025-10-27,LOC-04,Support Worker,2,2.0,16.1,16.0,0.0
2025-11-10,LOC-04,Support Worker,3,3.0,23.86,24.0,0.0
2025-11-24,LOC-04,Support Worker,3,2.0,16.46,24.0,0.0
2025-12-08,LOC-04,Support Worker,3,3.0,26.25,26.0,0.0
2025-12-22,LOC-04,Support Worker,3,3.0,23.82,24.0,0.0
2026-01-15,LOC-04,Support Worker,3,3.0,24.009999999999998,24.0,0.0
2026-01-26,LOC-04,Support Worker,2,2.0,15.97,16.0,0.0
2026-02-02,LOC-04,Support Worker,2,1.0,8.16,16.0,0.0
2026-03-30,LOC-04,Support Worker,3,3.0,26.080000000000002,26.0,0.0
2026-05-04,LOC-04,Support Worker,3,3.0,24.93,24.0,1.0
2026-05-11,LOC-04,Support Worker,3,3.0,23.83,24.0,0.0
2026-06-04,LOC-04,Support Worker,3,3.0,24.340000000000003,24.0,0.0
2026-06-22,LOC-04,Support Worker,3,3.0,24.060000000000002,24.0,0.0
2025-08-03,LOC-04,Support Worker,2,2.0,16.14,16.0,0.0
2025-08-10,LOC-04,Support Worker,3,3.0,24.220000000000002,24.0,0.0
2025-08-17,LOC-04,Support Worker,3,3.0,23.85,24.0,0.0
2025-10-12,LOC-04,Support Worker,3,3.0,23.509999999999998,24.0,0.0
2025-10-19,LOC-04,Support Worker,2,2.0,19.8,20.0,0.0
2025-11-09,LOC-04,Support Worker,3,2.0,16.2,24.0,0.0
2025-11-16,LOC-04,Support Worker,3,3.0,23.09,24.0,0.0
2025-12-14,LOC-04,Support Worker,3,3.0,24.08,24.0,0.0
2026-01-04,LOC-04,Support Worker,3,3.0,29.09,26.0,1.0
2026-01-18,LOC-04,Support Worker,3,3.0,24.03,24.0,0.0
2026-02-08,LOC-04,Support Worker,3,3.0,23.560000000000002,24.0,0.0
2026-02-22,LOC-04,Support Worker,3,2.0,18.36,26.0,1.0
2026-03-01,LOC-04,Support Worker,3,3.0,24.07,24.0,0.0
2026-03-22,LOC-04,Support Worker,3,3.0,26.18,26.0,0.0
2026-06-07,LOC-04,Support Worker,3,2.0,15.87,24.0,0.0
2026-07-19,LOC-04,Support Worker,3,3.0,23.78,24.0,0.0
2026-06-19,LOC-08,Support Worker,2,2.0,16.65,16.0,1.0
2025-08-09,LOC-03,Team Leader,3,3.0,24.21,24.0,0.0
2025-08-11,LOC-03,Team Leader,3,3.0,24.23,24.0,1.0
2025-08-18,LOC-03,Team Leader,3,3.0,26.189999999999998,26.0,0.0
2025-08-19,LOC-03,Team Leader,4,4.0,38.18,36.0,1.0
2025-08-25,LOC-03,Team Leader,3,3.0,24.310000000000002,24.0,0.0
2025-09-07,LOC-03,Team Leader,3,3.0,26.11,26.0,0.0
2025-09-09,LOC-03,Team Leader,4,4.0,34.38,34.0,0.0
2025-09-16,LOC-03,Team Leader,4,4.0,34.78,32.0,1.0
2025-09-20,LOC-03,Team Leader,2,2.0,15.73,16.0,0.0
2025-09-30,LOC-03,Team Leader,4,4.0,33.05,32.0,1.0
2025-10-01,LOC-03,Team Leader,5,5.0,39.5,40.0,0.0
2025-10-05,LOC-03,Team Leader,3,3.0,27.019999999999996,26.0,1.0
2025-10-06,LOC-03,Team Leader,3,3.0,23.830000000000002,24.0,0.0
2025-10-18,LOC-03,Team Leader,3,3.0,24.16,24.0,0.0
2025-10-19,LOC-03,Team Leader,3,3.0,23.55,24.0,0.0
2025-10-20,LOC-03,Team Leader,2,2.0,16.009999999999998,16.0,0.0
2025-10-25,LOC-03,Team Leader,3,3.0,26.020000000000003,26.0,0.0
2025-11-10,LOC-03,Team Leader,3,3.0,24.77,24.0,1.0
2025-11-22,LOC-03,Team Leader,2,2.0,16.06,16.0,0.0
2025-12-09,LOC-03,Team Leader,4,4.0,31.740000000000002,32.0,0.0
2025-12-10,LOC-03,Team Leader,5,4.0,34.03,44.0,0.0
2025-12-14,LOC-03,Team Leader,2,2.0,15.58,16.0,0.0
2025-12-17,LOC-03,Team Leader,4,4.0,31.63,32.0,0.0
2025-12-24,LOC-03,Team Leader,5,5.0,43.13,44.0,0.0
2025-12-29,LOC-03,Team Leader,3,3.0,25.810000000000002,26.0,0.0
2025-12-30,LOC-03,Team Leader,3,3.0,26.130000000000003,26.0,0.0
2026-01-05,LOC-03,Team Leader,3,3.0,24.23,24.0,0.0
2026-01-06,LOC-03,Team Leader,4,4.0,36.19,36.0,0.0
2026-01-11,LOC-03,Team Leader,3,3.0,23.939999999999998,24.0,0.0
2026-01-12,LOC-03,Team Leader,3,3.0,24.020000000000003,24.0,0.0
2026-01-21,LOC-03,Team Leader,5,5.0,42.45,40.0,2.0
2026-02-01,LOC-03,Team Leader,3,2.0,18.060000000000002,26.0,0.0
2026-02-02,LOC-03,Team Leader,3,3.0,24.03,24.0,0.0
2026-02-03,LOC-03,Team Leader,4,4.0,33.74,34.0,0.0
2026-02-16,LOC-03,Team Leader,3,2.0,15.8,24.0,0.0
2026-04-08,LOC-03,Team Leader,4,3.0,24.22,32.0,0.0
2026-04-12,LOC-03,Team Leader,3,3.0,25.32,24.0,1.0
2026-04-18,LOC-03,Team Leader,3,3.0,25.95,26.0,0.0
2026-04-20,LOC-03,Team Leader,3,3.0,23.900000000000002,24.0,0.0
2026-04-26,LOC-03,Team Leader,3,3.0,26.200000000000003,26.0,0.0
2026-04-28,LOC-03,Team Leader,4,3.0,23.89,34.0,0.0
2026-05-05,LOC-03,Team Leader,4,4.0,33.42,34.0,0.0
2026-05-06,LOC-03,Team Leader,4,4.0,34.41,34.0,0.0
2026-05-09,LOC-03,Team Leader,3,3.0,24.369999999999997,24.0,0.0
2026-05-13,LOC-03,Team Leader,5,5.0,41.58,42.0,0.0
2026-05-26,LOC-03,Team Leader,3,3.0,23.71,24.0,0.0
2026-06-13,LOC-03,Team Leader,3,3.0,25.63,24.0,1.0
2026-06-21,LOC-03,Team Leader,2,2.0,15.969999999999999,16.0,0.0
2026-06-22,LOC-03,Team Leader,3,3.0,24.139999999999997,24.0,0.0
2026-07-04,LOC-03,Team Leader,3,3.0,26.169999999999998,26.0,0.0
2026-07-06,LOC-03,Team Leader,3,3.0,24.620000000000005,24.0,0.0
2026-07-13,LOC-03,Team Leader,3,3.0,26.07,24.0,1.0
2026-07-20,LOC-03,Team Leader,3,3.0,23.400000000000002,24.0,0.0
2026-07-25,LOC-03,Team Leader,3,3.0,25.01,24.0,1.0
2026-07-28,LOC-03,Team Leader,4,4.0,36.39,36.0,0.0
2025-08-15,LOC-03,Team Leader,4,4.0,34.800000000000004,32.0,1.0
2025-10-03,LOC-03,Team Leader,4,4.0,32.01,32.0,0.0
2025-10-10,LOC-03,Team Leader,4,3.0,23.89,32.0,0.0
2025-12-26,LOC-03,Team Leader,4,4.0,31.62,32.0,0.0
2026-01-02,LOC-03,Team Leader,3,3.0,24.269999999999996,24.0,0.0
2026-01-16,LOC-03,Team Leader,4,4.0,32.58,32.0,1.0
2026-01-23,LOC-03,Team Leader,4,4.0,32.13,32.0,0.0
2026-01-30,LOC-03,Team Leader,3,3.0,24.53,24.0,0.0
2026-03-03,LOC-03,Team Leader,2,2.0,15.74,16.0,0.0
2026-03-06,LOC-03,Team Leader,4,4.0,31.65,32.0,0.0
2026-03-13,LOC-03,Team Leader,4,4.0,36.31,36.0,0.0
2026-03-20,LOC-03,Team Leader,4,4.0,35.9,36.0,0.0
2026-04-17,LOC-03,Team Leader,3,3.0,24.019999999999996,24.0,0.0
2026-04-24,LOC-03,Team Leader,4,4.0,31.8,32.0,0.0
2026-05-01,LOC-03,Team Leader,4,3.0,23.980000000000004,32.0,0.0
2026-05-08,LOC-03,Team Leader,4,4.0,33.94,34.0,0.0
2026-05-22,LOC-03,Team Leader,4,4.0,34.4,32.0,1.0
2026-05-29,LOC-03,Team Leader,4,4.0,33.79,34.0,0.0
2026-06-19,LOC-03,Team Leader,3,3.0,27.68,26.0,1.0
2026-06-26,LOC-03,Team Leader,4,4.0,36.28,36.0,0.0
2026-07-24,LOC-03,Team Leader,4,4.0,34.08,34.0,0.0
2025-08-28,LOC-10,Allied Health Clinician,1,1.0,8.17,8.0,0.0
2025-09-18,LOC-10,Allied Health Clinician,1,1.0,10.09,10.0,0.0
2025-09-25,LOC-10,Allied Health Clinician,1,1.0,8.27,8.0,0.0
2025-10-02,LOC-10,Allied Health Clinician,1,1.0,8.06,8.0,0.0
2025-10-30,LOC-10,Allied Health Clinician,1,1.0,9.1,8.0,1.0
2025-12-04,LOC-10,Allied Health Clinician,1,1.0,8.1,8.0,0.0
2025-12-25,LOC-10,Allied Health Clinician,1,1.0,10.08,10.0,0.0
2026-01-01,LOC-10,Allied Health Clinician,1,1.0,7.98,8.0,0.0
2026-02-05,LOC-10,Allied Health Clinician,1,1.0,8.0,8.0,0.0
2026-02-19,LOC-10,Allied Health Clinician,1,1.0,9.67,10.0,0.0
2026-03-12,LOC-10,Allied Health Clinician,1,1.0,7.94,8.0,0.0
2026-04-23,LOC-10,Allied Health Clinician,1,1.0,8.02,8.0,0.0
2026-04-30,LOC-10,Allied Health Clinician,1,1.0,8.09,8.0,0.0
2026-07-02,LOC-10,Allied Health Clinician,1,1.0,7.95,8.0,0.0
2025-08-03,LOC-09,Coordinator,1,1.0,9.49,8.0,1.0
2025-08-07,LOC-09,Coordinator,2,2.0,15.76,16.0,0.0
2025-09-04,LOC-09,Coordinator,2,2.0,20.35,18.0,1.0
2025-09-25,LOC-09,Coordinator,2,2.0,17.65,18.0,0.0
2025-10-02,LOC-09,Coordinator,1,1.0,7.89,8.0,0.0
2025-10-16,LOC-09,Coordinator,2,2.0,18.18,18.0,0.0
2025-10-23,LOC-09,Coordinator,2,2.0,18.41,18.0,0.0
2025-11-06,LOC-09,Coordinator,2,2.0,18.54,18.0,0.0
2025-11-27,LOC-09,Coordinator,2,2.0,19.85,16.0,2.0
2025-11-30,LOC-09,Coordinator,1,1.0,7.67,8.0,0.0
2025-12-14,LOC-09,Coordinator,1,1.0,10.36,10.0,0.0
2025-12-18,LOC-09,Coordinator,2,2.0,16.52,16.0,1.0
2026-01-04,LOC-09,Coordinator,1,1.0,7.76,8.0,0.0
2026-01-22,LOC-09,Coordinator,2,2.0,17.34,16.0,1.0
2026-02-15,LOC-09,Coordinator,1,1.0,7.92,8.0,0.0
2026-03-12,LOC-09,Coordinator,2,2.0,15.790000000000001,16.0,0.0
2026-04-05,LOC-09,Coordinator,1,1.0,8.08,8.0,0.0
2026-04-12,LOC-09,Coordinator,1,1.0,7.93,8.0,0.0
2026-04-19,LOC-09,Coordinator,1,1.0,7.93,8.0,0.0
2026-04-26,LOC-09,Coordinator,1,1.0,9.31,8.0,1.0
2026-05-17,LOC-09,Coordinator,1,1.0,9.9,10.0,0.0
2026-05-31,LOC-09,Coordinator,1,1.0,7.93,8.0,0.0
2026-06-07,LOC-09,Coordinator,1,1.0,7.92,8.0,0.0
2026-06-14,LOC-09,Coordinator,1,1.0,9.93,10.0,0.0
2026-07-02,LOC-09,Coordinator,2,2.0,16.009999999999998,16.0,0.0
2026-07-05,LOC-09,Coordinator,1,1.0,8.16,8.0,0.0
2026-07-19,LOC-09,Coordinator,1,1.0,7.81,8.0,0.0
2025-08-21,LOC-07,Support Worker,2,2.0,15.98,16.0,0.0
2025-10-23,LOC-07,Support Worker,2,2.0,16.27,16.0,0.0
2025-11-13,LOC-07,Support Worker,2,2.0,17.61,18.0,0.0
2025-12-18,LOC-07,Support Worker,2,2.0,15.79,16.0,0.0
2026-01-09,LOC-07,Support Worker,2,2.0,15.940000000000001,16.0,0.0
2026-01-15,LOC-07,Support Worker,2,2.0,16.03,16.0,0.0
2026-01-29,LOC-07,Support Worker,2,2.0,16.03,16.0,0.0
2026-02-12,LOC-07,Support Worker,2,2.0,16.02,16.0,0.0
2026-03-05,LOC-07,Support Worker,2,2.0,16.15,16.0,0.0
2026-04-30,LOC-07,Support Worker,2,2.0,16.1,16.0,0.0
2026-05-21,LOC-07,Support Worker,2,1.0,8.28,16.0,0.0
2026-06-04,LOC-07,Support Worker,2,2.0,17.87,16.0,1.0
2026-06-18,LOC-07,Support Worker,2,2.0,20.07,18.0,1.0
2025-10-25,LOC-06,Support Worker,1,1.0,8.0,8.0,0.0
2025-11-01,LOC-06,Support Worker,1,1.0,9.03,8.0,1.0
2025-11-08,LOC-06,Support Worker,1,1.0,8.13,8.0,0.0
2025-11-29,LOC-06,Support Worker,1,1.0,7.88,8.0,0.0
2025-12-06,LOC-06,Support Worker,1,1.0,10.91,8.0,1.0
2026-01-21,LOC-06,Support Worker,1,1.0,8.09,8.0,0.0
2026-02-28,LOC-06,Support Worker,1,1.0,7.98,8.0,0.0
2026-03-14,LOC-06,Support Worker,1,1.0,8.35,8.0,0.0
2026-03-21,LOC-06,Support Worker,1,1.0,10.14,10.0,0.0
2026-04-11,LOC-06,Support Worker,1,1.0,7.85,8.0,0.0
2026-05-02,LOC-06,Support Worker,1,1.0,7.75,8.0,0.0
2026-05-09,LOC-06,Support Worker,1,1.0,8.09,8.0,0.0
2026-07-11,LOC-06,Support Worker,1,1.0,9.87,10.0,0.0
2026-07-15,LOC-06,Support Worker,1,1.0,7.98,8.0,0.0
2026-07-25,LOC-06,Support Worker,1,1.0,8.07,8.0,0.0
2025-10-29,LOC-05,Support Worker,1,1.0,8.27,8.0,0.0
2026-01-28,LOC-05,Support Worker,1,1.0,8.12,8.0,0.0
2025-08-03,LOC-09,Support Worker,3,3.0,25.79,26.0,0.0
2025-11-30,LOC-09,Support Worker,3,3.0,24.05,24.0,0.0
2025-12-14,LOC-09,Support Worker,3,3.0,24.060000000000002,24.0,0.0
2025-12-21,LOC-09,Support Worker,3,3.0,28.200000000000003,28.0,0.0
2026-01-04,LOC-09,Support Worker,3,3.0,24.049999999999997,24.0,0.0
2026-02-15,LOC-09,Support Worker,3,3.0,24.439999999999998,24.0,0.0
2026-04-05,LOC-09,Support Worker,3,3.0,24.740000000000002,24.0,1.0
2026-04-12,LOC-09,Support Worker,3,3.0,23.880000000000003,24.0,0.0
2026-04-19,LOC-09,Support Worker,3,3.0,24.13,24.0,0.0
2026-04-26,LOC-09,Support Worker,2,1.0,8.06,16.0,0.0
2026-05-17,LOC-09,Support Worker,3,3.0,25.32,24.0,1.0
2026-05-31,LOC-09,Support Worker,2,2.0,15.620000000000001,16.0,0.0
2026-06-07,LOC-09,Support Worker,3,3.0,25.78,26.0,0.0
2026-06-14,LOC-09,Support Worker,2,2.0,18.45,18.0,0.0
2026-07-05,LOC-09,Support Worker,3,2.0,18.799999999999997,24.0,2.0
2026-07-19,LOC-09,Support Worker,3,3.0,26.34,24.0,2.0
2025-08-15,LOC-04,Team Leader,1,1.0,10.0,10.0,0.0
2025-08-16,LOC-04,Team Leader,1,1.0,7.89,8.0,0.0
2025-09-01,LOC-04,Team Leader,1,1.0,7.9,8.0,0.0
2025-09-02,LOC-04,Team Leader,1,1.0,7.94,8.0,0.0
2025-09-06,LOC-04,Team Leader,1,1.0,8.19,8.0,0.0
2025-09-10,LOC-04,Team Leader,1,1.0,7.97,8.0,0.0
2025-09-12,LOC-04,Team Leader,1,1.0,8.01,8.0,0.0
2025-09-27,LOC-04,Team Leader,1,1.0,8.27,8.0,0.0
2025-09-29,LOC-04,Team Leader,1,1.0,7.91,8.0,0.0
2025-09-30,LOC-04,Team Leader,1,1.0,8.04,8.0,0.0
2025-10-03,LOC-04,Team Leader,1,1.0,8.09,8.0,0.0
2025-10-04,LOC-04,Team Leader,1,1.0,10.55,8.0,1.0
2025-10-08,LOC-04,Team Leader,1,1.0,8.21,8.0,0.0
2025-11-11,LOC-04,Team Leader,1,1.0,8.04,8.0,0.0
2025-11-21,LOC-04,Team Leader,1,1.0,8.28,8.0,0.0
2025-11-29,LOC-04,Team Leader,1,1.0,7.91,8.0,0.0
2025-12-06,LOC-04,Team Leader,1,1.0,8.12,8.0,0.0
2025-12-09,LOC-04,Team Leader,1,1.0,7.83,8.0,0.0
2025-12-13,LOC-04,Team Leader,1,1.0,7.94,8.0,0.0
2025-12-16,LOC-04,Team Leader,1,1.0,8.08,8.0,0.0
2025-12-20,LOC-04,Team Leader,1,1.0,7.99,8.0,0.0
2025-12-23,LOC-04,Team Leader,1,1.0,7.85,8.0,0.0
2025-12-26,LOC-04,Team Leader,1,1.0,8.36,8.0,0.0
2025-12-31,LOC-04,Team Leader,1,1.0,8.02,8.0,0.0
2026-01-07,LOC-04,Team Leader,1,1.0,8.1,8.0,0.0
2026-01-17,LOC-04,Team Leader,1,1.0,8.17,8.0,0.0
2026-01-20,LOC-04,Team Leader,1,1.0,10.4,8.0,1.0
2026-01-24,LOC-04,Team Leader,1,1.0,7.93,8.0,0.0
2026-02-03,LOC-04,Team Leader,1,1.0,8.01,8.0,0.0
2026-02-04,LOC-04,Team Leader,1,1.0,7.89,8.0,0.0
2026-02-16,LOC-04,Team Leader,1,1.0,7.95,8.0,0.0
2026-02-17,LOC-04,Team Leader,1,1.0,8.06,8.0,0.0
2026-02-23,LOC-04,Team Leader,1,1.0,7.93,8.0,0.0
2026-02-28,LOC-04,Team Leader,1,1.0,10.04,8.0,1.0
2026-03-02,LOC-04,Team Leader,1,1.0,7.84,8.0,0.0
2026-03-09,LOC-04,Team Leader,1,1.0,8.02,8.0,0.0
2026-03-10,LOC-04,Team Leader,1,1.0,9.8,10.0,0.0
2026-03-18,LOC-04,Team Leader,1,1.0,9.1,8.0,1.0
2026-03-23,LOC-04,Team Leader,1,1.0,7.9,8.0,0.0
2026-03-27,LOC-04,Team Leader,1,1.0,9.35,8.0,1.0
2026-04-01,LOC-04,Team Leader,1,1.0,8.12,8.0,0.0
2026-04-04,LOC-04,Team Leader,1,1.0,8.15,8.0,0.0
2026-04-06,LOC-04,Team Leader,1,1.0,8.02,8.0,0.0
2026-04-13,LOC-04,Team Leader,1,1.0,9.29,8.0,1.0
2026-04-18,LOC-04,Team Leader,1,0.0,0.0,8.0,0.0
2026-05-01,LOC-04,Team Leader,1,1.0,8.23,8.0,0.0
2026-05-09,LOC-04,Team Leader,1,1.0,10.2,10.0,0.0
2026-05-16,LOC-04,Team Leader,1,1.0,7.94,8.0,0.0
2026-05-18,LOC-04,Team Leader,1,1.0,9.86,10.0,0.0
2026-06-01,LOC-04,Team Leader,1,1.0,7.87,8.0,0.0
2026-06-02,LOC-04,Team Leader,1,1.0,8.14,8.0,0.0
2026-06-12,LOC-04,Team Leader,1,1.0,7.75,8.0,0.0
2026-06-15,LOC-04,Team Leader,1,1.0,10.15,10.0,0.0
2026-06-16,LOC-04,Team Leader,1,1.0,10.85,8.0,1.0
2026-06-23,LOC-04,Team Leader,1,0.0,0.0,10.0,0.0
2026-06-26,LOC-04,Team Leader,1,1.0,8.05,8.0,0.0
2026-07-13,LOC-04,Team Leader,1,1.0,8.0,8.0,0.0
2025-08-15,LOC-06,Allied Health Clinician,1,1.0,7.79,8.0,0.0
2025-08-19,LOC-06,Allied Health Clinician,1,1.0,10.66,8.0,1.0
2025-08-26,LOC-06,Allied Health Clinician,1,1.0,8.83,8.0,1.0
2025-08-29,LOC-06,Allied Health Clinician,1,1.0,8.0,8.0,0.0
2025-08-30,LOC-06,Allied Health Clinician,1,1.0,9.77,8.0,1.0
2025-09-06,LOC-06,Allied Health Clinician,1,1.0,10.61,8.0,1.0
2025-09-09,LOC-06,Allied Health Clinician,1,1.0,8.36,8.0,0.0
2025-09-12,LOC-06,Allied Health Clinician,1,1.0,7.92,8.0,0.0
2025-09-23,LOC-06,Allied Health Clinician,1,1.0,10.97,8.0,1.0
2025-10-18,LOC-06,Allied Health Clinician,1,1.0,9.43,8.0,1.0
2025-10-21,LOC-06,Allied Health Clinician,1,1.0,10.07,10.0,0.0
2025-10-31,LOC-06,Allied Health Clinician,1,1.0,9.92,10.0,0.0
2025-11-14,LOC-06,Allied Health Clinician,1,1.0,8.07,8.0,0.0
2025-11-15,LOC-06,Allied Health Clinician,1,1.0,8.52,8.0,1.0
2025-11-28,LOC-06,Allied Health Clinician,1,1.0,9.96,10.0,0.0
2025-12-13,LOC-06,Allied Health Clinician,1,1.0,9.97,10.0,0.0
2025-12-30,LOC-06,Allied Health Clinician,1,1.0,7.96,8.0,0.0
2026-01-03,LOC-06,Allied Health Clinician,1,1.0,9.45,8.0,1.0
2026-01-17,LOC-06,Allied Health Clinician,1,1.0,9.97,10.0,0.0
2026-01-20,LOC-06,Allied Health Clinician,1,1.0,9.89,10.0,0.0
2026-01-27,LOC-06,Allied Health Clinician,1,1.0,10.2,10.0,0.0
2026-01-30,LOC-06,Allied Health Clinician,1,1.0,8.03,8.0,0.0
2026-02-07,LOC-06,Allied Health Clinician,1,1.0,7.96,8.0,0.0
2026-02-14,LOC-06,Allied Health Clinician,1,1.0,8.07,8.0,0.0
2026-03-20,LOC-06,Allied Health Clinician,1,1.0,8.07,8.0,0.0
2026-03-28,LOC-06,Allied Health Clinician,1,1.0,10.52,8.0,1.0
2026-03-31,LOC-06,Allied Health Clinician,1,1.0,8.68,8.0,1.0
2026-04-03,LOC-06,Allied Health Clinician,1,1.0,8.31,8.0,0.0
2026-04-04,LOC-06,Allied Health Clinician,1,1.0,7.92,8.0,0.0
2026-04-24,LOC-06,Allied Health Clinician,1,1.0,7.71,8.0,0.0
2026-05-12,LOC-06,Allied Health Clinician,1,1.0,8.26,8.0,0.0
2026-05-19,LOC-06,Allied Health Clinician,1,1.0,7.71,8.0,0.0
2026-05-30,LOC-06,Allied Health Clinician,1,1.0,10.47,8.0,1.0
2026-06-02,LOC-06,Allied Health Clinician,1,1.0,7.84,8.0,0.0
2026-06-06,LOC-06,Allied Health Clinician,1,1.0,7.9,8.0,0.0
2026-06-13,LOC-06,Allied Health Clinician,1,1.0,10.85,8.0,1.0
2026-06-19,LOC-06,Allied Health Clinician,1,1.0,7.92,8.0,0.0
2026-06-23,LOC-06,Allied Health Clinician,1,1.0,10.43,8.0,1.0
2026-06-30,LOC-06,Allied Health Clinician,1,1.0,7.87,8.0,0.0
2026-07-10,LOC-06,Allied Health Clinician,1,1.0,9.73,8.0,1.0
2026-07-14,LOC-06,Allied Health Clinician,1,1.0,7.64,8.0,0.0
2025-08-16,LOC-01,Support Worker,1,1.0,8.07,8.0,0.0
2025-08-21,LOC-01,Support Worker,1,1.0,9.95,10.0,0.0
2025-08-30,LOC-01,Support Worker,1,1.0,8.21,8.0,0.0
2025-10-02,LOC-01,Support Worker,1,1.0,10.04,10.0,0.0
2025-10-09,LOC-01,Support Worker,1,1.0,7.94,8.0,0.0
2025-10-25,LOC-01,Support Worker,1,1.0,8.48,8.0,0.0
2025-11-01,LOC-01,Support Worker,1,1.0,7.86,8.0,0.0
2025-11-22,LOC-01,Support Worker,1,1.0,8.05,8.0,0.0
2025-12-13,LOC-01,Support Worker,1,1.0,7.76,8.0,0.0
2025-12-18,LOC-01,Support Worker,1,1.0,7.91,8.0,0.0
2025-12-27,LOC-01,Support Worker,1,1.0,8.07,8.0,0.0
2026-01-31,LOC-01,Support Worker,1,1.0,8.08,8.0,0.0
2026-02-05,LOC-01,Support Worker,1,1.0,10.17,10.0,0.0
2026-02-26,LOC-01,Support Worker,1,1.0,8.01,8.0,0.0
2026-03-14,LOC-01,Support Worker,1,1.0,10.02,10.0,0.0
2026-03-19,LOC-01,Support Worker,1,1.0,8.01,8.0,0.0
2026-04-23,LOC-01,Support Worker,1,1.0,7.88,8.0,0.0
2026-04-30,LOC-01,Support Worker,1,1.0,9.79,10.0,0.0
2026-05-07,LOC-01,Support Worker,1,1.0,7.89,8.0,0.0
2026-05-23,LOC-01,Support Worker,1,1.0,7.88,8.0,0.0
2026-05-30,LOC-01,Support Worker,1,1.0,7.94,8.0,0.0
2026-06-04,LOC-01,Support Worker,1,1.0,9.92,10.0,0.0
2026-06-06,LOC-01,Support Worker,1,1.0,7.68,8.0,0.0
2026-06-20,LOC-01,Support Worker,1,1.0,7.84,8.0,0.0
2026-06-27,LOC-01,Support Worker,1,1.0,7.73,8.0,0.0
2026-07-09,LOC-01,Support Worker,1,1.0,7.84,8.0,0.0
2026-03-01,LOC-03,Team Leader,2,2.0,17.65,18.0,0.0
2026-06-07,LOC-03,Team Leader,2,2.0,16.83,16.0,0.0
2025-09-24,LOC-04,Support Worker,3,3.0,24.340000000000003,24.0,0.0
2025-10-01,LOC-04,Support Worker,3,3.0,23.73,24.0,0.0
2025-10-20,LOC-04,Support Worker,2,2.0,17.88,18.0,0.0
2025-12-17,LOC-04,Support Worker,3,3.0,24.03,24.0,0.0
2025-12-24,LOC-04,Support Worker,3,3.0,26.14,26.0,0.0
2026-01-14,LOC-04,Support Worker,3,3.0,25.619999999999997,24.0,1.0
2026-02-18,LOC-04,Support Worker,3,3.0,23.76,24.0,0.0
2026-04-08,LOC-04,Support Worker,2,2.0,17.009999999999998,16.0,1.0
2026-04-29,LOC-04,Support Worker,3,3.0,23.74,24.0,0.0
2026-05-27,LOC-04,Support Worker,3,3.0,24.22,24.0,0.0
2026-06-03,LOC-04,Support Worker,3,3.0,24.35,24.0,0.0
2026-07-15,LOC-04,Support Worker,3,3.0,24.96,24.0,1.0
2026-03-30,LOC-09,Support Worker,2,2.0,16.07,16.0,0.0
2026-04-01,LOC-09,Support Worker,2,1.0,7.88,16.0,0.0
2025-09-13,LOC-02,Support Worker,2,2.0,15.95,16.0,0.0
2026-07-10,LOC-02,Support Worker,3,3.0,23.75,24.0,0.0
2025-08-22,LOC-07,Allied Health Clinician,1,1.0,7.82,8.0,0.0
2025-09-06,LOC-07,Allied Health Clinician,1,1.0,10.77,8.0,1.0
2025-09-12,LOC-07,Allied Health Clinician,1,1.0,11.88,10.0,1.0
2025-09-13,LOC-07,Allied Health Clinician,1,1.0,7.8,8.0,0.0
2025-09-27,LOC-07,Allied Health Clinician,1,1.0,7.73,8.0,0.0
2025-10-03,LOC-07,Allied Health Clinician,1,1.0,8.04,8.0,0.0
2025-11-07,LOC-07,Allied Health Clinician,1,1.0,9.81,10.0,0.0
2025-11-20,LOC-07,Allied Health Clinician,1,1.0,8.07,8.0,0.0
2025-11-22,LOC-07,Allied Health Clinician,1,1.0,7.88,8.0,0.0
2025-12-10,LOC-07,Allied Health Clinician,1,1.0,8.28,8.0,0.0
2025-12-19,LOC-07,Allied Health Clinician,1,1.0,8.17,8.0,0.0
2026-01-02,LOC-07,Allied Health Clinician,1,1.0,8.81,8.0,1.0
2026-02-13,LOC-07,Allied Health Clinician,1,1.0,7.88,8.0,0.0
2026-03-28,LOC-07,Allied Health Clinician,1,0.0,0.0,8.0,0.0
2026-04-11,LOC-07,Allied Health Clinician,1,1.0,8.16,8.0,0.0
2026-04-18,LOC-07,Allied Health Clinician,1,1.0,8.03,8.0,0.0
2026-05-01,LOC-07,Allied Health Clinician,1,1.0,8.36,8.0,0.0
2026-05-02,LOC-07,Allied Health Clinician,1,1.0,8.26,8.0,0.0
2026-06-05,LOC-07,Allied Health Clinician,1,1.0,7.99,8.0,0.0
2026-06-19,LOC-07,Allied Health Clinician,1,1.0,8.16,8.0,0.0
2026-06-20,LOC-07,Allied Health Clinician,1,1.0,8.1,8.0,0.0
2026-07-24,LOC-07,Allied Health Clinician,1,1.0,10.69,8.0,1.0
2026-07-31,LOC-07,Allied Health Clinician,1,1.0,7.96,8.0,0.0
2025-08-09,LOC-05,Coordinator,1,1.0,10.11,10.0,0.0
2025-09-05,LOC-05,Coordinator,1,1.0,7.88,8.0,0.0
2025-09-06,LOC-05,Coordinator,1,1.0,7.84,8.0,0.0
2025-10-25,LOC-05,Coordinator,1,1.0,7.84,8.0,0.0
2025-12-27,LOC-05,Coordinator,1,1.0,7.97,8.0,0.0
2026-01-03,LOC-05,Coordinator,1,1.0,8.22,8.0,0.0
2026-02-06,LOC-05,Coordinator,1,1.0,7.94,8.0,0.0
2026-02-21,LOC-05,Coordinator,1,1.0,9.94,10.0,0.0
2026-02-27,LOC-05,Coordinator,1,1.0,8.18,8.0,0.0
2026-03-28,LOC-05,Coordinator,1,1.0,7.69,8.0,0.0
2026-04-04,LOC-05,Coordinator,1,0.0,0.0,8.0,0.0
2026-04-25,LOC-05,Coordinator,1,1.0,10.11,10.0,0.0
2026-05-23,LOC-05,Coordinator,1,1.0,7.8,8.0,0.0
2025-09-23,LOC-04,Support Worker,2,2.0,15.8,16.0,0.0
2025-10-07,LOC-04,Support Worker,2,2.0,19.74,18.0,1.0
2025-11-05,LOC-04,Support Worker,2,1.0,7.95,16.0,0.0
2025-12-21,LOC-04,Support Worker,2,2.0,15.94,16.0,0.0
2025-12-28,LOC-04,Support Worker,2,2.0,15.86,16.0,0.0
2025-12-30,LOC-04,Support Worker,2,2.0,16.17,16.0,0.0
2026-01-06,LOC-04,Support Worker,2,2.0,16.08,16.0,0.0
2026-01-27,LOC-04,Support Worker,2,2.0,16.17,16.0,0.0
2026-01-28,LOC-04,Support Worker,2,2.0,16.83,16.0,1.0
2026-02-10,LOC-04,Support Worker,2,2.0,19.060000000000002,18.0,1.0
2026-03-24,LOC-04,Support Worker,2,2.0,15.91,16.0,0.0
2026-03-31,LOC-04,Support Worker,2,2.0,16.07,16.0,0.0
2026-04-28,LOC-04,Support Worker,2,2.0,17.049999999999997,16.0,1.0
2026-07-07,LOC-04,Support Worker,2,2.0,16.229999999999997,16.0,0.0
2025-08-08,LOC-06,Team Leader,1,1.0,7.92,8.0,0.0
2025-08-10,LOC-06,Team Leader,1,1.0,8.0,8.0,0.0
2025-08-15,LOC-06,Team Leader,1,1.0,7.85,8.0,0.0
2025-08-17,LOC-06,Team Leader,1,1.0,10.04,10.0,0.0
2025-08-21,LOC-06,Team Leader,1,1.0,8.02,8.0,0.0
2025-08-29,LOC-06,Team Leader,1,1.0,12.45,10.0,1.0
2025-08-30,LOC-06,Team Leader,1,1.0,8.81,8.0,1.0
2025-09-03,LOC-06,Team Leader,1,1.0,9.81,10.0,0.0
2025-09-06,LOC-06,Team Leader,1,1.0,8.16,8.0,0.0
2025-09-11,LOC-06,Team Leader,1,1.0,8.15,8.0,0.0
2025-09-12,LOC-06,Team Leader,1,1.0,9.81,10.0,0.0
2025-09-17,LOC-06,Team Leader,1,1.0,8.05,8.0,0.0
2025-09-28,LOC-06,Team Leader,1,1.0,8.21,8.0,0.0
2025-10-02,LOC-06,Team Leader,1,1.0,8.14,8.0,0.0
2025-10-18,LOC-06,Team Leader,1,1.0,7.92,8.0,0.0
2025-10-26,LOC-06,Team Leader,1,1.0,8.41,8.0,0.0
2025-10-31,LOC-06,Team Leader,1,1.0,7.87,8.0,0.0
2025-11-09,LOC-06,Team Leader,1,1.0,8.21,8.0,0.0
2025-11-14,LOC-06,Team Leader,1,1.0,8.16,8.0,0.0
2025-11-26,LOC-06,Team Leader,1,1.0,7.89,8.0,0.0
2025-11-28,LOC-06,Team Leader,1,1.0,8.71,8.0,1.0
2025-11-30,LOC-06,Team Leader,1,1.0,7.84,8.0,0.0
2025-12-04,LOC-06,Team Leader,1,1.0,8.14,8.0,0.0
2025-12-13,LOC-06,Team Leader,1,1.0,7.67,8.0,0.0
2025-12-17,LOC-06,Team Leader,1,1.0,8.05,8.0,0.0
2026-01-03,LOC-06,Team Leader,1,1.0,7.98,8.0,0.0
2026-01-07,LOC-06,Team Leader,1,1.0,8.07,8.0,0.0
2026-01-17,LOC-06,Team Leader,1,1.0,7.81,8.0,0.0
2026-01-22,LOC-06,Team Leader,1,1.0,9.32,8.0,1.0
2026-01-29,LOC-06,Team Leader,1,1.0,7.92,8.0,0.0
2026-01-30,LOC-06,Team Leader,1,1.0,7.81,8.0,0.0
2026-02-07,LOC-06,Team Leader,1,1.0,7.84,8.0,0.0
2026-02-08,LOC-06,Team Leader,1,1.0,7.97,8.0,0.0
2026-02-14,LOC-06,Team Leader,1,1.0,7.97,8.0,0.0
2026-02-26,LOC-06,Team Leader,1,1.0,7.77,8.0,0.0
2026-03-28,LOC-06,Team Leader,1,1.0,7.86,8.0,0.0
2026-03-29,LOC-06,Team Leader,1,1.0,7.89,8.0,0.0
2026-04-01,LOC-06,Team Leader,1,1.0,8.15,8.0,0.0
2026-04-04,LOC-06,Team Leader,1,1.0,7.69,8.0,0.0
2026-04-22,LOC-06,Team Leader,1,1.0,10.12,10.0,0.0
2026-04-23,LOC-06,Team Leader,1,1.0,8.07,8.0,0.0
2026-04-24,LOC-06,Team Leader,1,1.0,8.08,8.0,0.0
2026-04-26,LOC-06,Team Leader,1,1.0,9.99,10.0,0.0
2026-05-10,LOC-06,Team Leader,1,1.0,9.9,10.0,0.0
2026-05-17,LOC-06,Team Leader,1,1.0,7.85,8.0,0.0
2026-05-21,LOC-06,Team Leader,1,1.0,9.97,10.0,0.0
2026-05-27,LOC-06,Team Leader,1,1.0,8.14,8.0,0.0
2026-06-06,LOC-06,Team Leader,1,1.0,8.02,8.0,0.0
2026-06-13,LOC-06,Team Leader,1,1.0,8.01,8.0,0.0
2026-06-14,LOC-06,Team Leader,1,1.0,7.78,8.0,0.0
2026-06-17,LOC-06,Team Leader,1,1.0,7.94,8.0,0.0
2026-06-19,LOC-06,Team Leader,1,1.0,7.82,8.0,0.0
2026-06-21,LOC-06,Team Leader,1,1.0,8.4,8.0,0.0
2026-07-01,LOC-06,Team Leader,1,1.0,7.96,8.0,0.0
2026-07-09,LOC-06,Team Leader,1,1.0,8.24,8.0,0.0
2026-07-10,LOC-06,Team Leader,1,1.0,8.14,8.0,0.0
2026-07-12,LOC-06,Team Leader,1,1.0,8.29,8.0,0.0
2026-07-26,LOC-06,Team Leader,1,1.0,8.23,8.0,0.0
2025-08-02,LOC-08,Team Leader,2,2.0,15.93,16.0,0.0
2025-08-19,LOC-08,Team Leader,2,2.0,19.8,18.0,1.0
2025-08-27,LOC-08,Team Leader,2,2.0,16.869999999999997,16.0,1.0
2025-08-30,LOC-08,Team Leader,2,2.0,17.88,18.0,0.0
2025-10-08,LOC-08,Team Leader,2,2.0,15.93,16.0,0.0
2025-10-11,LOC-08,Team Leader,2,2.0,16.03,16.0,0.0
2025-10-14,LOC-08,Team Leader,2,2.0,15.879999999999999,16.0,0.0
2025-10-18,LOC-08,Team Leader,2,2.0,16.89,16.0,1.0
2025-10-29,LOC-08,Team Leader,2,2.0,15.83,16.0,0.0
2025-11-04,LOC-08,Team Leader,2,2.0,16.17,16.0,0.0
2025-11-08,LOC-08,Team Leader,2,2.0,18.91,18.0,1.0
2025-11-11,LOC-08,Team Leader,2,2.0,16.14,16.0,0.0
2025-11-15,LOC-08,Team Leader,2,2.0,16.28,16.0,0.0
2025-12-06,LOC-08,Team Leader,2,1.0,8.0,16.0,0.0
2025-12-09,LOC-08,Team Leader,2,2.0,15.9,16.0,0.0
2025-12-20,LOC-08,Team Leader,2,2.0,15.8,16.0,0.0
2025-12-31,LOC-08,Team Leader,2,2.0,18.119999999999997,18.0,0.0
2026-01-03,LOC-08,Team Leader,2,2.0,15.620000000000001,16.0,0.0
2026-01-06,LOC-08,Team Leader,2,2.0,15.73,16.0,0.0
2026-01-10,LOC-08,Team Leader,2,2.0,18.97,16.0,1.0
2026-01-13,LOC-08,Team Leader,2,2.0,16.2,16.0,0.0
2026-01-20,LOC-08,Team Leader,2,2.0,16.240000000000002,16.0,0.0
2026-02-14,LOC-08,Team Leader,2,2.0,16.22,16.0,0.0
2026-02-18,LOC-08,Team Leader,2,2.0,16.55,16.0,0.0
2026-02-28,LOC-08,Team Leader,1,1.0,8.09,8.0,0.0
2026-03-21,LOC-08,Team Leader,1,1.0,8.18,8.0,0.0
2026-04-01,LOC-08,Team Leader,2,2.0,15.809999999999999,16.0,0.0
2026-04-22,LOC-08,Team Leader,2,2.0,16.02,16.0,0.0
2026-05-06,LOC-08,Team Leader,2,2.0,18.299999999999997,18.0,0.0
2026-05-13,LOC-08,Team Leader,2,2.0,18.08,16.0,1.0
2026-06-03,LOC-08,Team Leader,2,2.0,18.71,16.0,1.0
2026-06-06,LOC-08,Team Leader,2,2.0,16.08,16.0,0.0
2026-06-10,LOC-08,Team Leader,2,2.0,15.59,16.0,0.0
2026-06-27,LOC-08,Team Leader,2,2.0,20.35,18.0,1.0
2026-07-07,LOC-08,Team Leader,2,2.0,18.03,18.0,0.0
2026-07-15,LOC-08,Team Leader,2,2.0,15.86,16.0,0.0
2026-07-18,LOC-08,Team Leader,2,2.0,16.08,16.0,0.0
2026-07-21,LOC-08,Team Leader,2,2.0,15.92,16.0,0.0
2025-08-15,LOC-09,Coordinator,1,1.0,8.06,8.0,0.0
2025-08-20,LOC-09,Coordinator,1,1.0,7.93,8.0,0.0
2025-08-23,LOC-09,Coordinator,1,0.0,0.0,8.0,0.0
2025-08-30,LOC-09,Coordinator,1,1.0,8.17,8.0,0.0
2025-09-13,LOC-09,Coordinator,1,1.0,7.85,8.0,0.0
2025-09-19,LOC-09,Coordinator,1,1.0,8.18,8.0,0.0
2025-09-22,LOC-09,Coordinator,1,1.0,7.98,8.0,0.0
2025-10-06,LOC-09,Coordinator,1,1.0,8.15,8.0,0.0
2025-10-08,LOC-09,Coordinator,1,1.0,7.84,8.0,0.0
2025-10-15,LOC-09,Coordinator,1,1.0,8.04,8.0,0.0
2025-10-25,LOC-09,Coordinator,1,1.0,8.01,8.0,0.0
2025-11-01,LOC-09,Coordinator,1,1.0,7.99,8.0,0.0
2025-11-13,LOC-09,Coordinator,1,1.0,7.99,8.0,0.0
2025-12-05,LOC-09,Coordinator,1,1.0,7.76,8.0,0.0
2025-12-08,LOC-09,Coordinator,1,1.0,7.83,8.0,0.0
2025-12-10,LOC-09,Coordinator,1,1.0,7.99,8.0,0.0
2025-12-13,LOC-09,Coordinator,1,1.0,7.8,8.0,0.0
2025-12-17,LOC-09,Coordinator,1,1.0,7.73,8.0,0.0
2025-12-20,LOC-09,Coordinator,1,1.0,8.04,8.0,0.0
2025-12-24,LOC-09,Coordinator,1,1.0,7.84,8.0,0.0
2025-12-27,LOC-09,Coordinator,1,1.0,8.13,8.0,0.0
2025-12-29,LOC-09,Coordinator,1,1.0,10.43,8.0,1.0
2026-01-03,LOC-09,Coordinator,1,1.0,7.93,8.0,0.0
2026-01-05,LOC-09,Coordinator,1,1.0,11.62,10.0,1.0
2026-01-07,LOC-09,Coordinator,1,1.0,8.23,8.0,0.0
2026-01-31,LOC-09,Coordinator,1,1.0,8.09,8.0,0.0
2026-02-06,LOC-09,Coordinator,1,1.0,7.72,8.0,0.0
2026-02-14,LOC-09,Coordinator,1,1.0,7.71,8.0,0.0
2026-02-20,LOC-09,Coordinator,1,0.0,0.0,8.0,0.0
2026-02-23,LOC-09,Coordinator,1,1.0,7.92,8.0,0.0
2026-03-16,LOC-09,Coordinator,1,1.0,7.81,8.0,0.0
2026-03-18,LOC-09,Coordinator,1,1.0,7.74,8.0,0.0
2026-03-20,LOC-09,Coordinator,1,1.0,7.66,8.0,0.0
2026-03-30,LOC-09,Coordinator,1,1.0,10.21,10.0,0.0
2026-04-01,LOC-09,Coordinator,1,1.0,7.91,8.0,0.0
2026-04-11,LOC-09,Coordinator,1,1.0,8.16,8.0,0.0
2026-04-13,LOC-09,Coordinator,1,1.0,7.99,8.0,0.0
2026-04-27,LOC-09,Coordinator,1,1.0,8.0,8.0,0.0
2026-05-04,LOC-09,Coordinator,1,1.0,7.92,8.0,0.0
2026-05-13,LOC-09,Coordinator,1,1.0,8.87,8.0,1.0
2026-05-16,LOC-09,Coordinator,1,1.0,8.28,8.0,0.0
2026-05-29,LOC-09,Coordinator,1,1.0,8.08,8.0,0.0
2026-06-06,LOC-09,Coordinator,1,1.0,7.86,8.0,0.0
2026-06-08,LOC-09,Coordinator,1,1.0,7.88,8.0,0.0
2026-06-24,LOC-09,Coordinator,1,1.0,7.95,8.0,0.0
2026-06-25,LOC-09,Coordinator,1,1.0,8.95,8.0,1.0
2026-06-27,LOC-09,Coordinator,1,1.0,11.0,8.0,1.0
2026-06-29,LOC-09,Coordinator,1,1.0,9.75,10.0,0.0
2026-07-08,LOC-09,Coordinator,1,1.0,8.25,8.0,0.0
2026-07-10,LOC-09,Coordinator,1,1.0,8.02,8.0,0.0
2026-07-20,LOC-09,Coordinator,1,1.0,7.8,8.0,0.0
2026-07-24,LOC-09,Coordinator,1,1.0,8.07,8.0,0.0
2026-07-27,LOC-09,Coordinator,1,1.0,8.47,8.0,0.0
2026-07-29,LOC-09,Coordinator,1,1.0,7.88,8.0,0.0
2025-08-20,LOC-07,Support Worker,2,2.0,16.2,16.0,0.0
2025-08-24,LOC-07,Support Worker,1,1.0,9.29,8.0,1.0
2025-08-27,LOC-07,Support Worker,2,2.0,19.02,16.0,1.0
2025-08-31,LOC-07,Support Worker,1,1.0,7.79,8.0,0.0
2025-09-07,LOC-07,Support Worker,1,1.0,7.88,8.0,0.0
2025-10-05,LOC-07,Support Worker,1,1.0,8.13,8.0,0.0
2025-11-02,LOC-07,Support Worker,1,1.0,10.13,10.0,0.0
2025-11-09,LOC-07,Support Worker,1,1.0,7.73,8.0,0.0
2025-11-12,LOC-07,Support Worker,2,2.0,16.27,16.0,0.0
2025-11-26,LOC-07,Support Worker,2,2.0,16.06,16.0,0.0
2025-12-03,LOC-07,Support Worker,2,2.0,15.850000000000001,16.0,0.0
2025-12-21,LOC-07,Support Worker,1,1.0,8.07,8.0,0.0
2026-01-11,LOC-07,Support Worker,1,1.0,8.03,8.0,0.0
2026-01-18,LOC-07,Support Worker,1,1.0,10.0,10.0,0.0
2026-01-21,LOC-07,Support Worker,2,2.0,16.39,16.0,0.0
2026-01-28,LOC-07,Support Worker,2,2.0,15.89,16.0,0.0
2026-02-04,LOC-07,Support Worker,2,2.0,17.93,18.0,0.0
2026-02-18,LOC-07,Support Worker,2,1.0,8.14,16.0,0.0
2026-02-22,LOC-07,Support Worker,1,1.0,9.89,10.0,0.0
2026-02-25,LOC-07,Support Worker,2,2.0,16.12,16.0,0.0
2026-03-25,LOC-07,Support Worker,1,1.0,8.09,8.0,0.0
2026-05-03,LOC-07,Support Worker,1,1.0,7.76,8.0,0.0
2026-06-21,LOC-07,Support Worker,1,1.0,8.01,8.0,0.0
2026-06-24,LOC-07,Support Worker,2,2.0,16.36,16.0,0.0
2026-07-05,LOC-07,Support Worker,1,1.0,8.28,8.0,0.0
2026-07-12,LOC-07,Support Worker,1,1.0,7.93,8.0,0.0
2025-10-18,LOC-04,Support Worker,1,1.0,7.93,8.0,0.0
2025-10-25,LOC-04,Support Worker,1,1.0,8.06,8.0,0.0
2025-11-08,LOC-04,Support Worker,1,1.0,7.83,8.0,0.0
2025-12-27,LOC-04,Support Worker,1,1.0,8.24,8.0,0.0
2026-02-14,LOC-04,Support Worker,1,1.0,10.37,8.0,1.0
2026-02-21,LOC-04,Support Worker,1,1.0,7.99,8.0,0.0
2026-03-14,LOC-04,Support Worker,1,1.0,8.24,8.0,0.0
2026-03-28,LOC-04,Support Worker,1,1.0,7.99,8.0,0.0
2026-05-30,LOC-04,Support Worker,1,1.0,8.01,8.0,0.0
2026-07-04,LOC-04,Support Worker,1,1.0,7.92,8.0,0.0
2025-10-26,LOC-03,Support Worker,1,1.0,8.01,8.0,0.0
2026-05-03,LOC-03,Support Worker,1,1.0,8.15,8.0,0.0
2026-06-14,LOC-03,Support Worker,1,1.0,7.94,8.0,0.0
2025-08-01,LOC-01,Support Worker,1,1.0,8.08,8.0,0.0
2025-08-22,LOC-01,Support Worker,1,1.0,9.86,8.0,1.0
2025-08-29,LOC-01,Support Worker,1,1.0,8.18,8.0,0.0
2025-09-08,LOC-01,Support Worker,1,1.0,8.06,8.0,0.0
2025-09-09,LOC-01,Support Worker,1,1.0,8.19,8.0,0.0
2025-09-21,LOC-01,Support Worker,1,1.0,8.02,8.0,0.0
2025-09-24,LOC-01,Support Worker,1,1.0,8.04,8.0,0.0
2025-09-26,LOC-01,Support Worker,1,1.0,8.2,8.0,0.0
2025-09-28,LOC-01,Support Worker,1,1.0,8.19,8.0,0.0
2025-09-29,LOC-01,Support Worker,1,1.0,9.96,10.0,0.0
2025-10-03,LOC-01,Support Worker,1,1.0,8.12,8.0,0.0
2025-10-10,LOC-01,Support Worker,1,1.0,7.79,8.0,0.0
2025-10-14,LOC-01,Support Worker,1,1.0,7.84,8.0,0.0
2025-10-17,LOC-01,Support Worker,1,1.0,7.87,8.0,0.0
2025-10-20,LOC-01,Support Worker,1,1.0,7.83,8.0,0.0
2025-10-26,LOC-01,Support Worker,1,1.0,8.12,8.0,0.0
2025-11-03,LOC-01,Support Worker,1,1.0,8.04,8.0,0.0
2025-11-05,LOC-01,Support Worker,1,1.0,7.98,8.0,0.0
2025-11-09,LOC-01,Support Worker,1,1.0,8.1,8.0,0.0
2025-11-11,LOC-01,Support Worker,1,1.0,7.87,8.0,0.0
2025-11-28,LOC-01,Support Worker,1,1.0,7.74,8.0,0.0
2025-12-03,LOC-01,Support Worker,1,1.0,8.31,8.0,0.0
2025-12-08,LOC-01,Support Worker,1,1.0,8.2,8.0,0.0
2025-12-10,LOC-01,Support Worker,1,1.0,7.93,8.0,0.0
2025-12-12,LOC-01,Support Worker,1,1.0,8.26,8.0,0.0
2025-12-17,LOC-01,Support Worker,1,1.0,10.85,8.0,1.0
2025-12-22,LOC-01,Support Worker,1,1.0,8.29,8.0,0.0
2025-12-26,LOC-01,Support Worker,1,1.0,8.13,8.0,0.0
2026-01-14,LOC-01,Support Worker,1,1.0,8.14,8.0,0.0
2026-01-18,LOC-01,Support Worker,1,1.0,8.03,8.0,0.0
2026-01-19,LOC-01,Support Worker,1,1.0,10.25,10.0,0.0
2026-01-28,LOC-01,Support Worker,1,1.0,8.16,8.0,0.0
2026-02-01,LOC-01,Support Worker,1,1.0,7.94,8.0,0.0
2026-02-02,LOC-01,Support Worker,1,1.0,8.09,8.0,0.0
2026-02-15,LOC-01,Support Worker,1,1.0,8.11,8.0,0.0
2026-02-20,LOC-01,Support Worker,1,1.0,8.04,8.0,0.0
2026-03-03,LOC-01,Support Worker,1,1.0,8.05,8.0,0.0
2026-03-06,LOC-01,Support Worker,1,1.0,7.62,8.0,0.0
2026-03-17,LOC-01,Support Worker,1,1.0,8.0,8.0,0.0
2026-03-18,LOC-01,Support Worker,1,1.0,8.26,8.0,0.0
2026-03-20,LOC-01,Support Worker,1,1.0,8.15,8.0,0.0
2026-03-25,LOC-01,Support Worker,1,1.0,7.92,8.0,0.0
2026-03-29,LOC-01,Support Worker,1,1.0,9.8,10.0,0.0
2026-04-01,LOC-01,Support Worker,1,1.0,8.09,8.0,0.0
2026-04-07,LOC-01,Support Worker,1,1.0,7.99,8.0,0.0
2026-04-10,LOC-01,Support Worker,1,1.0,7.93,8.0,0.0
2026-04-12,LOC-01,Support Worker,1,1.0,7.95,8.0,0.0
2026-04-17,LOC-01,Support Worker,1,1.0,7.98,8.0,0.0
2026-04-20,LOC-01,Support Worker,1,1.0,7.88,8.0,0.0
2026-04-24,LOC-01,Support Worker,1,1.0,8.11,8.0,0.0
2026-04-28,LOC-01,Support Worker,1,1.0,7.95,8.0,0.0
2026-04-29,LOC-01,Support Worker,1,1.0,10.08,10.0,0.0
2026-05-01,LOC-01,Support Worker,1,1.0,9.83,10.0,0.0
2026-05-03,LOC-01,Support Worker,1,1.0,7.96,8.0,0.0
2026-05-05,LOC-01,Support Worker,1,1.0,8.19,8.0,0.0
2026-05-08,LOC-01,Support Worker,1,1.0,8.03,8.0,0.0
2026-05-13,LOC-01,Support Worker,1,1.0,7.94,8.0,0.0
2026-05-15,LOC-01,Support Worker,1,1.0,9.69,10.0,0.0
2026-05-17,LOC-01,Support Worker,1,1.0,9.85,10.0,0.0
2026-05-24,LOC-01,Support Worker,1,1.0,7.98,8.0,0.0
2026-05-26,LOC-01,Support Worker,1,1.0,8.05,8.0,0.0
2026-06-01,LOC-01,Support Worker,1,1.0,7.8,8.0,0.0
2026-06-12,LOC-01,Support Worker,1,1.0,7.82,8.0,0.0
2026-06-23,LOC-01,Support Worker,1,1.0,8.04,8.0,0.0
2026-06-24,LOC-01,Support Worker,1,1.0,10.08,10.0,0.0
2026-07-01,LOC-01,Support Worker,1,1.0,8.1,8.0,0.0
2026-07-20,LOC-01,Support Worker,1,1.0,7.96,8.0,0.0
2026-07-21,LOC-01,Support Worker,1,1.0,7.73,8.0,0.0
2026-07-22,LOC-01,Support Worker,1,1.0,7.85,8.0,0.0
2026-07-27,LOC-01,Support Worker,1,1.0,8.07,8.0,0.0
2025-08-04,LOC-03,Registered Nurse,1,1.0,7.82,8.0,0.0
2025-08-31,LOC-03,Registered Nurse,1,1.0,10.08,8.0,1.0
2025-09-01,LOC-03,Registered Nurse,1,1.0,7.81,8.0,0.0
2025-09-15,LOC-03,Registered Nurse,1,1.0,7.89,8.0,0.0
2025-09-19,LOC-03,Registered Nurse,1,1.0,8.0,8.0,0.0
2025-09-24,LOC-03,Registered Nurse,1,1.0,7.83,8.0,0.0
2025-09-26,LOC-03,Registered Nurse,1,1.0,7.8,8.0,0.0
2025-09-29,LOC-03,Registered Nurse,1,1.0,8.09,8.0,0.0
2025-10-15,LOC-03,Registered Nurse,1,1.0,8.01,8.0,0.0
2025-10-16,LOC-03,Registered Nurse,1,1.0,8.06,8.0,0.0
2025-10-22,LOC-03,Registered Nurse,1,1.0,7.93,8.0,0.0
2025-10-23,LOC-03,Registered Nurse,1,1.0,7.77,8.0,0.0
2025-10-24,LOC-03,Registered Nurse,1,1.0,8.23,8.0,0.0
2025-10-31,LOC-03,Registered Nurse,1,1.0,7.99,8.0,0.0
2025-11-06,LOC-03,Registered Nurse,1,1.0,8.34,8.0,0.0
2025-11-09,LOC-03,Registered Nurse,1,1.0,7.91,8.0,0.0
2025-11-17,LOC-03,Registered Nurse,1,1.0,8.12,8.0,0.0
2025-11-19,LOC-03,Registered Nurse,1,1.0,8.16,8.0,0.0
2025-11-23,LOC-03,Registered Nurse,1,1.0,7.86,8.0,0.0
2025-11-27,LOC-03,Registered Nurse,1,1.0,7.96,8.0,0.0
2025-12-01,LOC-03,Registered Nurse,1,1.0,10.13,10.0,0.0
2025-12-07,LOC-03,Registered Nurse,1,1.0,10.09,10.0,0.0
2025-12-12,LOC-03,Registered Nurse,1,1.0,7.71,8.0,0.0
2025-12-15,LOC-03,Registered Nurse,1,1.0,8.05,8.0,0.0
2026-01-09,LOC-03,Registered Nurse,1,1.0,8.13,8.0,0.0
2026-01-14,LOC-03,Registered Nurse,1,1.0,7.81,8.0,0.0
2026-01-18,LOC-03,Registered Nurse,1,1.0,7.95,8.0,0.0
2026-01-25,LOC-03,Registered Nurse,1,1.0,7.83,8.0,0.0
2026-01-29,LOC-03,Registered Nurse,1,1.0,7.9,8.0,0.0
2026-02-08,LOC-03,Registered Nurse,1,1.0,7.93,8.0,0.0
2026-02-11,LOC-03,Registered Nurse,1,1.0,7.9,8.0,0.0
2026-02-18,LOC-03,Registered Nurse,1,1.0,7.78,8.0,0.0
2026-02-19,LOC-03,Registered Nurse,1,1.0,7.87,8.0,0.0
2026-02-20,LOC-03,Registered Nurse,1,1.0,8.07,8.0,0.0
2026-02-25,LOC-03,Registered Nurse,1,1.0,7.98,8.0,0.0
2026-03-08,LOC-03,Registered Nurse,1,1.0,9.52,8.0,1.0
2026-03-15,LOC-03,Registered Nurse,1,1.0,7.84,8.0,0.0
2026-03-16,LOC-03,Registered Nurse,1,1.0,8.15,8.0,0.0
2026-03-26,LOC-03,Registered Nurse,1,1.0,7.95,8.0,0.0
2026-03-30,LOC-03,Registered Nurse,1,1.0,8.09,8.0,0.0
2026-04-10,LOC-03,Registered Nurse,1,1.0,7.94,8.0,0.0
2026-04-30,LOC-03,Registered Nurse,1,1.0,7.81,8.0,0.0
2026-05-11,LOC-03,Registered Nurse,1,1.0,7.98,8.0,0.0
2026-05-20,LOC-03,Registered Nurse,1,1.0,8.0,8.0,0.0
2026-05-24,LOC-03,Registered Nurse,1,1.0,7.7,8.0,0.0
2026-05-25,LOC-03,Registered Nurse,1,1.0,8.0,8.0,0.0
2026-05-28,LOC-03,Registered Nurse,1,1.0,7.86,8.0,0.0
2026-06-03,LOC-03,Registered Nurse,1,1.0,10.17,10.0,0.0
2026-06-10,LOC-03,Registered Nurse,1,1.0,7.84,8.0,0.0
2026-06-11,LOC-03,Registered Nurse,1,1.0,7.95,8.0,0.0
2026-06-17,LOC-03,Registered Nurse,1,1.0,7.88,8.0,0.0
2026-07-01,LOC-03,Registered Nurse,1,1.0,7.96,8.0,0.0
2026-07-15,LOC-03,Registered Nurse,1,1.0,7.89,8.0,0.0
2026-07-23,LOC-03,Registered Nurse,1,1.0,8.0,8.0,0.0
2026-07-27,LOC-03,Registered Nurse,1,1.0,7.87,8.0,0.0
2025-08-10,LOC-09,Allied Health Clinician,1,1.0,10.06,10.0,0.0
2025-08-17,LOC-09,Allied Health Clinician,1,1.0,8.0,8.0,0.0
2025-08-24,LOC-09,Allied Health Clinician,1,1.0,10.48,8.0,1.0
2025-09-07,LOC-09,Allied Health Clinician,1,1.0,8.05,8.0,0.0
2025-10-26,LOC-09,Allied Health Clinician,1,1.0,10.28,8.0,1.0
2025-11-08,LOC-09,Allied Health Clinician,1,1.0,7.78,8.0,0.0
2025-11-16,LOC-09,Allied Health Clinician,1,1.0,8.06,8.0,0.0
2025-12-07,LOC-09,Allied Health Clinician,1,1.0,8.03,8.0,0.0
2026-01-11,LOC-09,Allied Health Clinician,1,1.0,7.95,8.0,0.0
2026-02-08,LOC-09,Allied Health Clinician,1,1.0,8.0,8.0,0.0
2026-02-22,LOC-09,Allied Health Clinician,1,1.0,8.14,8.0,0.0
2026-03-08,LOC-09,Allied Health Clinician,1,1.0,7.92,8.0,0.0
2026-03-26,LOC-09,Allied Health Clinician,1,1.0,10.72,8.0,1.0
2026-04-22,LOC-09,Allied Health Clinician,1,1.0,11.72,10.0,1.0
2026-05-10,LOC-09,Allied Health Clinician,1,1.0,8.02,8.0,0.0
2026-07-03,LOC-09,Allied Health Clinician,1,1.0,7.88,8.0,0.0
2026-07-12,LOC-09,Allied Health Clinician,1,1.0,7.95,8.0,0.0
2026-07-26,LOC-09,Allied Health Clinician,1,1.0,7.97,8.0,0.0
2025-09-03,LOC-02,Support Worker,1,1.0,8.07,8.0,0.0
2025-10-01,LOC-02,Support Worker,1,1.0,10.11,8.0,1.0
2025-10-22,LOC-02,Support Worker,1,1.0,8.16,8.0,0.0
2025-10-29,LOC-02,Support Worker,1,1.0,8.22,8.0,0.0
2025-11-19,LOC-02,Support Worker,1,1.0,7.82,8.0,0.0
2025-12-31,LOC-02,Support Worker,1,1.0,8.26,8.0,0.0
2026-01-21,LOC-02,Support Worker,1,1.0,8.21,8.0,0.0
2026-02-04,LOC-02,Support Worker,1,1.0,8.29,8.0,0.0
2026-03-11,LOC-02,Support Worker,1,1.0,8.0,8.0,0.0
2026-03-25,LOC-02,Support Worker,1,1.0,7.97,8.0,0.0
2026-04-01,LOC-02,Support Worker,1,1.0,9.77,10.0,0.0
2026-05-27,LOC-02,Support Worker,1,1.0,8.0,8.0,0.0
2026-06-17,LOC-02,Support Worker,1,1.0,7.81,8.0,0.0
2026-07-15,LOC-02,Support Worker,1,1.0,10.05,10.0,0.0
2025-09-15,LOC-07,Support Worker,3,3.0,26.27,24.0,1.0
2025-11-19,LOC-07,Support Worker,1,1.0,7.98,8.0,0.0
2026-04-02,LOC-07,Support Worker,1,1.0,7.8,8.0,0.0
2025-08-14,LOC-03,Team Leader,3,2.0,20.02,26.0,1.0
2025-09-25,LOC-03,Team Leader,2,2.0,15.82,16.0,0.0
2025-11-13,LOC-03,Team Leader,3,2.0,16.0,24.0,0.0
2026-01-03,LOC-03,Team Leader,2,2.0,16.05,16.0,0.0
2026-01-15,LOC-03,Team Leader,3,3.0,26.78,24.0,1.0
2026-02-12,LOC-03,Team Leader,3,3.0,24.58,24.0,1.0
2026-03-04,LOC-03,Team Leader,3,3.0,23.98,24.0,0.0
2026-03-07,LOC-03,Team Leader,2,2.0,20.97,18.0,1.0
2025-08-12,LOC-05,Registered Nurse,1,1.0,8.2,8.0,0.0
2025-08-14,LOC-05,Registered Nurse,1,1.0,8.55,8.0,1.0
2025-08-17,LOC-05,Registered Nurse,1,1.0,8.04,8.0,0.0
2025-08-19,LOC-05,Registered Nurse,1,1.0,7.83,8.0,0.0
2025-08-20,LOC-05,Registered Nurse,1,1.0,10.0,10.0,0.0
2025-08-22,LOC-05,Registered Nurse,1,1.0,10.11,10.0,0.0
2025-08-27,LOC-05,Registered Nurse,1,1.0,8.17,8.0,0.0
2025-08-29,LOC-05,Registered Nurse,1,1.0,8.0,8.0,0.0
2025-09-03,LOC-05,Registered Nurse,1,1.0,7.98,8.0,0.0
2025-09-07,LOC-05,Registered Nurse,1,1.0,7.9,8.0,0.0
2025-09-09,LOC-05,Registered Nurse,1,1.0,7.64,8.0,0.0
2025-09-10,LOC-05,Registered Nurse,1,1.0,8.31,8.0,0.0
2025-09-19,LOC-05,Registered Nurse,1,1.0,10.12,8.0,1.0
2025-09-28,LOC-05,Registered Nurse,1,1.0,10.15,10.0,0.0
2025-10-03,LOC-05,Registered Nurse,1,1.0,8.05,8.0,0.0
2025-10-08,LOC-05,Registered Nurse,1,1.0,8.1,8.0,0.0
2025-10-09,LOC-05,Registered Nurse,1,1.0,8.27,8.0,0.0
2025-10-16,LOC-05,Registered Nurse,1,1.0,8.03,8.0,0.0
2025-10-17,LOC-05,Registered Nurse,1,1.0,8.15,8.0,0.0
2025-10-30,LOC-05,Registered Nurse,1,1.0,7.94,8.0,0.0
2025-11-11,LOC-05,Registered Nurse,1,1.0,8.14,8.0,0.0
2025-11-13,LOC-05,Registered Nurse,1,1.0,9.05,8.0,1.0
2025-11-14,LOC-05,Registered Nurse,1,1.0,9.69,10.0,0.0
2025-11-26,LOC-05,Registered Nurse,1,1.0,7.93,8.0,0.0
2025-12-11,LOC-05,Registered Nurse,1,1.0,10.26,10.0,0.0
2025-12-16,LOC-05,Registered Nurse,1,1.0,7.98,8.0,0.0
2025-12-28,LOC-05,Registered Nurse,1,1.0,8.08,8.0,0.0
2025-12-30,LOC-05,Registered Nurse,1,1.0,9.87,10.0,0.0
2026-01-13,LOC-05,Registered Nurse,1,1.0,7.78,8.0,0.0
2026-01-21,LOC-05,Registered Nurse,1,1.0,8.17,8.0,0.0
2026-01-22,LOC-05,Registered Nurse,1,0.0,0.0,8.0,0.0
2026-01-25,LOC-05,Registered Nurse,1,1.0,8.01,8.0,0.0
2026-02-08,LOC-05,Registered Nurse,1,1.0,7.84,8.0,0.0
2026-02-11,LOC-05,Registered Nurse,1,1.0,7.9,8.0,0.0
2026-02-13,LOC-05,Registered Nurse,1,1.0,7.93,8.0,0.0
2026-02-20,LOC-05,Registered Nurse,1,1.0,8.01,8.0,0.0
2026-02-25,LOC-05,Registered Nurse,1,1.0,8.12,8.0,0.0
2026-03-03,LOC-05,Registered Nurse,1,1.0,8.1,8.0,0.0
2026-03-10,LOC-05,Registered Nurse,1,1.0,8.01,8.0,0.0
2026-03-12,LOC-05,Registered Nurse,1,1.0,8.36,8.0,0.0
2026-03-13,LOC-05,Registered Nurse,1,1.0,8.02,8.0,0.0
2026-03-15,LOC-05,Registered Nurse,1,1.0,8.24,8.0,0.0
2026-03-17,LOC-05,Registered Nurse,1,1.0,8.87,8.0,1.0
2026-03-19,LOC-05,Registered Nurse,1,1.0,8.58,8.0,1.0
2026-03-24,LOC-05,Registered Nurse,1,1.0,8.12,8.0,0.0
2026-03-27,LOC-05,Registered Nurse,1,1.0,8.11,8.0,0.0
2026-03-31,LOC-05,Registered Nurse,1,1.0,8.08,8.0,0.0
2026-04-03,LOC-05,Registered Nurse,1,1.0,8.0,8.0,0.0
2026-04-08,LOC-05,Registered Nurse,1,1.0,8.02,8.0,0.0
2026-04-15,LOC-05,Registered Nurse,1,1.0,9.6,8.0,1.0
2026-05-05,LOC-05,Registered Nurse,1,1.0,7.95,8.0,0.0
2026-05-06,LOC-05,Registered Nurse,1,1.0,7.99,8.0,0.0
2026-05-07,LOC-05,Registered Nurse,1,1.0,10.25,8.0,1.0
2026-05-14,LOC-05,Registered Nurse,1,1.0,8.82,8.0,1.0
2026-05-17,LOC-05,Registered Nurse,1,1.0,7.97,8.0,0.0
2026-05-19,LOC-05,Registered Nurse,1,1.0,7.85,8.0,0.0
2026-05-31,LOC-05,Registered Nurse,1,1.0,8.19,8.0,0.0
2026-06-02,LOC-05,Registered Nurse,1,1.0,7.84,8.0,0.0
2026-06-03,LOC-05,Registered Nurse,1,1.0,8.01,8.0,0.0
2026-06-10,LOC-05,Registered Nurse,1,1.0,8.05,8.0,0.0
2026-06-19,LOC-05,Registered Nurse,1,1.0,7.82,8.0,0.0
2026-06-24,LOC-05,Registered Nurse,1,1.0,9.98,10.0,0.0
2026-07-08,LOC-05,Registered Nurse,1,1.0,8.01,8.0,0.0
2026-07-09,LOC-05,Registered Nurse,1,1.0,8.13,8.0,0.0
2026-07-12,LOC-05,Registered Nurse,1,1.0,8.01,8.0,0.0
2026-07-14,LOC-05,Registered Nurse,1,1.0,10.97,8.0,1.0
2026-07-19,LOC-05,Registered Nurse,1,1.0,7.97,8.0,0.0
2026-07-23,LOC-05,Registered Nurse,1,1.0,8.05,8.0,0.0
2026-07-24,LOC-05,Registered Nurse,1,1.0,10.19,10.0,0.0
2026-07-26,LOC-05,Registered Nurse,1,1.0,8.12,8.0,0.0
2026-07-28,LOC-05,Registered Nurse,1,1.0,8.25,8.0,0.0
2025-08-01,LOC-07,Registered Nurse,1,1.0,7.76,8.0,0.0
2025-08-03,LOC-07,Registered Nurse,1,1.0,7.79,8.0,0.0
2025-08-12,LOC-07,Registered Nurse,1,1.0,7.94,8.0,0.0
2025-08-13,LOC-07,Registered Nurse,1,1.0,8.18,8.0,0.0
2025-09-02,LOC-07,Registered Nurse,1,1.0,7.77,8.0,0.0
2025-09-17,LOC-07,Registered Nurse,1,1.0,7.66,8.0,0.0
2025-09-19,LOC-07,Registered Nurse,1,1.0,8.14,8.0,0.0
2025-09-22,LOC-07,Registered Nurse,1,1.0,8.0,8.0,0.0
2025-09-23,LOC-07,Registered Nurse,1,1.0,8.03,8.0,0.0
2025-09-24,LOC-07,Registered Nurse,1,1.0,8.04,8.0,0.0
2025-09-30,LOC-07,Registered Nurse,1,1.0,7.85,8.0,0.0
2025-10-08,LOC-07,Registered Nurse,1,1.0,7.93,8.0,0.0
2025-10-12,LOC-07,Registered Nurse,1,1.0,10.16,10.0,0.0
2025-10-19,LOC-07,Registered Nurse,1,1.0,10.09,10.0,0.0
2025-10-24,LOC-07,Registered Nurse,1,1.0,7.93,8.0,0.0
2025-10-26,LOC-07,Registered Nurse,1,1.0,10.12,10.0,0.0
2025-10-27,LOC-07,Registered Nurse,1,1.0,8.04,8.0,0.0
2025-10-29,LOC-07,Registered Nurse,1,1.0,8.07,8.0,0.0
2025-10-31,LOC-07,Registered Nurse,1,0.0,0.0,10.0,0.0
2025-11-23,LOC-07,Registered Nurse,1,1.0,8.12,8.0,0.0
2025-11-30,LOC-07,Registered Nurse,1,1.0,8.1,8.0,0.0
2025-12-08,LOC-07,Registered Nurse,1,1.0,9.95,10.0,0.0
2025-12-12,LOC-07,Registered Nurse,1,1.0,7.68,8.0,0.0
2025-12-14,LOC-07,Registered Nurse,1,1.0,8.02,8.0,0.0
2025-12-24,LOC-07,Registered Nurse,1,1.0,10.47,8.0,1.0
2025-12-30,LOC-07,Registered Nurse,1,0.0,0.0,8.0,0.0
2025-12-31,LOC-07,Registered Nurse,1,0.0,0.0,8.0,0.0
2026-01-04,LOC-07,Registered Nurse,1,1.0,8.11,8.0,0.0
2026-01-05,LOC-07,Registered Nurse,1,1.0,8.01,8.0,0.0
2026-01-06,LOC-07,Registered Nurse,1,1.0,10.79,8.0,1.0
2026-01-14,LOC-07,Registered Nurse,1,1.0,10.81,10.0,1.0
2026-01-20,LOC-07,Registered Nurse,1,0.0,0.0,8.0,0.0
2026-01-23,LOC-07,Registered Nurse,1,1.0,10.1,10.0,0.0
2026-01-30,LOC-07,Registered Nurse,1,1.0,7.99,8.0,0.0
2026-02-01,LOC-07,Registered Nurse,1,1.0,7.76,8.0,0.0
2026-02-03,LOC-07,Registered Nurse,1,1.0,7.94,8.0,0.0
2026-02-10,LOC-07,Registered Nurse,1,1.0,8.11,8.0,0.0
2026-02-11,LOC-07,Registered Nurse,1,1.0,7.95,8.0,0.0
2026-02-15,LOC-07,Registered Nurse,1,1.0,10.0,10.0,0.0
2026-03-08,LOC-07,Registered Nurse,1,1.0,8.11,8.0,0.0
2026-03-15,LOC-07,Registered Nurse,1,1.0,8.11,8.0,0.0
2026-03-18,LOC-07,Registered Nurse,1,1.0,7.92,8.0,0.0
2026-03-23,LOC-07,Registered Nurse,1,1.0,7.95,8.0,0.0
2026-03-24,LOC-07,Registered Nurse,1,1.0,7.85,8.0,0.0
2026-03-30,LOC-07,Registered Nurse,1,1.0,8.07,8.0,0.0
2026-03-31,LOC-07,Registered Nurse,1,1.0,8.64,8.0,1.0
2026-04-12,LOC-07,Registered Nurse,1,1.0,7.6,8.0,0.0
2026-04-21,LOC-07,Registered Nurse,1,1.0,10.28,10.0,0.0
2026-04-26,LOC-07,Registered Nurse,1,1.0,7.94,8.0,0.0
2026-04-29,LOC-07,Registered Nurse,1,1.0,8.05,8.0,0.0
2026-05-06,LOC-07,Registered Nurse,1,1.0,7.92,8.0,0.0
2026-05-10,LOC-07,Registered Nurse,1,1.0,7.99,8.0,0.0
2026-05-13,LOC-07,Registered Nurse,1,1.0,9.88,10.0,0.0
2026-05-20,LOC-07,Registered Nurse,1,1.0,8.03,8.0,0.0
2026-05-31,LOC-07,Registered Nurse,1,1.0,7.94,8.0,0.0
2026-06-12,LOC-07,Registered Nurse,1,1.0,7.96,8.0,0.0
2026-06-14,LOC-07,Registered Nurse,1,1.0,7.92,8.0,0.0
2026-06-23,LOC-07,Registered Nurse,1,1.0,8.01,8.0,0.0
2026-07-15,LOC-07,Registered Nurse,1,1.0,7.94,8.0,0.0
2026-07-22,LOC-07,Registered Nurse,1,1.0,7.85,8.0,0.0
2026-07-29,LOC-07,Registered Nurse,1,1.0,8.0,8.0,0.0
2025-08-18,LOC-08,Allied Health Clinician,1,1.0,7.87,8.0,0.0
2025-08-25,LOC-08,Allied Health Clinician,1,1.0,7.81,8.0,0.0
2025-09-08,LOC-08,Allied Health Clinician,1,1.0,8.09,8.0,0.0
2025-09-11,LOC-08,Allied Health Clinician,1,1.0,8.2,8.0,0.0
2025-09-15,LOC-08,Allied Health Clinician,1,1.0,8.03,8.0,0.0
2025-09-25,LOC-08,Allied Health Clinician,1,1.0,8.04,8.0,0.0
2025-10-02,LOC-08,Allied Health Clinician,1,1.0,10.09,10.0,0.0
2025-11-17,LOC-08,Allied Health Clinician,1,1.0,8.18,8.0,0.0
2025-11-24,LOC-08,Allied Health Clinician,1,1.0,10.45,8.0,1.0
2026-01-05,LOC-08,Allied Health Clinician,1,0.0,0.0,8.0,0.0
2026-01-12,LOC-08,Allied Health Clinician,1,1.0,8.17,8.0,0.0
2026-01-15,LOC-08,Allied Health Clinician,1,1.0,8.0,8.0,0.0
2026-03-09,LOC-08,Allied Health Clinician,1,1.0,7.96,8.0,0.0
2026-04-06,LOC-08,Allied Health Clinician,1,1.0,7.98,8.0,0.0
2026-05-04,LOC-08,Allied Health Clinician,1,1.0,7.95,8.0,0.0
2026-05-14,LOC-08,Allied Health Clinician,1,1.0,7.81,8.0,0.0
2026-05-25,LOC-08,Allied Health Clinician,1,1.0,7.78,8.0,0.0
2026-06-01,LOC-08,Allied Health Clinician,1,1.0,9.79,8.0,1.0
2026-06-18,LOC-08,Allied Health Clinician,1,1.0,7.87,8.0,0.0
2026-07-02,LOC-08,Allied Health Clinician,1,1.0,7.94,8.0,0.0
2026-07-20,LOC-08,Allied Health Clinician,1,1.0,9.84,10.0,0.0
2025-08-15,LOC-08,Team Leader,1,1.0,8.17,8.0,0.0
2025-08-18,LOC-08,Team Leader,1,1.0,9.11,8.0,1.0
2025-08-25,LOC-08,Team Leader,1,1.0,9.05,8.0,1.0
2025-09-08,LOC-08,Team Leader,1,1.0,7.99,8.0,0.0
2025-09-15,LOC-08,Team Leader,1,1.0,8.02,8.0,0.0
2025-11-07,LOC-08,Team Leader,1,1.0,7.71,8.0,0.0
2025-11-14,LOC-08,Team Leader,1,1.0,7.92,8.0,0.0
2025-11-17,LOC-08,Team Leader,1,1.0,7.89,8.0,0.0
2025-11-21,LOC-08,Team Leader,1,1.0,7.95,8.0,0.0
2025-11-24,LOC-08,Team Leader,1,0.0,0.0,8.0,0.0
2025-11-25,LOC-08,Team Leader,1,1.0,9.03,8.0,1.0
2026-01-05,LOC-08,Team Leader,1,1.0,7.76,8.0,0.0
2026-01-09,LOC-08,Team Leader,1,1.0,9.69,10.0,0.0
2026-01-12,LOC-08,Team Leader,1,1.0,8.06,8.0,0.0
2026-01-23,LOC-08,Team Leader,1,1.0,8.13,8.0,0.0
2026-02-06,LOC-08,Team Leader,1,1.0,7.97,8.0,0.0
2026-02-11,LOC-08,Team Leader,1,1.0,7.99,8.0,0.0
2026-02-13,LOC-08,Team Leader,1,1.0,8.32,8.0,0.0
2026-03-09,LOC-08,Team Leader,1,1.0,8.62,8.0,1.0
2026-03-13,LOC-08,Team Leader,1,1.0,7.63,8.0,0.0
2026-04-06,LOC-08,Team Leader,1,0.0,0.0,8.0,0.0
2026-05-04,LOC-08,Team Leader,1,1.0,7.94,8.0,0.0
2026-05-25,LOC-08,Team Leader,1,1.0,7.92,8.0,0.0
2026-06-01,LOC-08,Team Leader,1,1.0,10.18,10.0,0.0
2026-07-20,LOC-08,Team Leader,1,1.0,7.9,8.0,0.0
2026-02-26,LOC-03,Team Leader,2,2.0,15.83,16.0,0.0
2026-05-07,LOC-03,Team Leader,2,2.0,16.94,16.0,1.0
2026-06-04,LOC-03,Team Leader,2,2.0,15.96,16.0,0.0
2025-12-04,LOC-03,Team Leader,1,1.0,7.61,8.0,0.0
2025-08-07,LOC-06,Registered Nurse,1,1.0,7.96,8.0,0.0
2025-08-14,LOC-06,Registered Nurse,1,1.0,7.97,8.0,0.0
2025-08-16,LOC-06,Registered Nurse,1,1.0,10.04,8.0,1.0
2025-08-18,LOC-06,Registered Nurse,1,0.0,0.0,10.0,0.0
2025-08-25,LOC-06,Registered Nurse,1,1.0,10.19,10.0,0.0
2025-09-05,LOC-06,Registered Nurse,1,1.0,8.1,8.0,0.0
2025-09-21,LOC-06,Registered Nurse,1,1.0,8.27,8.0,0.0
2025-10-04,LOC-06,Registered Nurse,1,1.0,9.76,10.0,0.0
2025-10-19,LOC-06,Registered Nurse,1,1.0,8.56,8.0,1.0
2025-11-07,LOC-06,Registered Nurse,1,1.0,8.28,8.0,0.0
2025-11-20,LOC-06,Registered Nurse,1,1.0,7.97,8.0,0.0
2025-11-22,LOC-06,Registered Nurse,1,1.0,8.81,8.0,1.0
2025-11-23,LOC-06,Registered Nurse,1,1.0,7.7,8.0,0.0
2025-12-12,LOC-06,Registered Nurse,1,1.0,7.84,8.0,0.0
2025-12-14,LOC-06,Registered Nurse,1,1.0,8.04,8.0,0.0
2025-12-19,LOC-06,Registered Nurse,1,1.0,12.88,10.0,1.0
2025-12-20,LOC-06,Registered Nurse,1,1.0,7.85,8.0,0.0
2025-12-21,LOC-06,Registered Nurse,1,1.0,8.29,8.0,0.0
2025-12-25,LOC-06,Registered Nurse,1,1.0,7.89,8.0,0.0
2025-12-26,LOC-06,Registered Nurse,1,1.0,7.75,8.0,0.0
2025-12-28,LOC-06,Registered Nurse,1,0.0,0.0,8.0,0.0
2026-01-01,LOC-06,Registered Nurse,1,1.0,8.02,8.0,0.0
2026-01-11,LOC-06,Registered Nurse,1,1.0,8.35,8.0,0.0
2026-01-18,LOC-06,Registered Nurse,1,1.0,10.98,8.0,1.0
2026-01-24,LOC-06,Registered Nurse,1,1.0,8.01,8.0,0.0
2026-02-09,LOC-06,Registered Nurse,1,1.0,7.83,8.0,0.0
2026-02-16,LOC-06,Registered Nurse,1,1.0,7.99,8.0,0.0
2026-02-21,LOC-06,Registered Nurse,1,1.0,7.9,8.0,0.0
2026-02-22,LOC-06,Registered Nurse,1,1.0,7.82,8.0,0.0
2026-02-23,LOC-06,Registered Nurse,1,1.0,7.91,8.0,0.0
2026-03-13,LOC-06,Registered Nurse,1,1.0,7.88,8.0,0.0
2026-03-19,LOC-06,Registered Nurse,1,1.0,8.0,8.0,0.0
2026-04-13,LOC-06,Registered Nurse,1,1.0,7.97,8.0,0.0
2026-04-19,LOC-06,Registered Nurse,1,1.0,10.77,8.0,1.0
2026-05-01,LOC-06,Registered Nurse,1,1.0,8.03,8.0,0.0
2026-05-11,LOC-06,Registered Nurse,1,1.0,8.25,8.0,0.0
2026-05-14,LOC-06,Registered Nurse,1,1.0,8.09,8.0,0.0
2026-05-18,LOC-06,Registered Nurse,1,1.0,7.72,8.0,0.0
2026-05-23,LOC-06,Registered Nurse,1,1.0,8.89,8.0,1.0
2026-05-28,LOC-06,Registered Nurse,1,1.0,8.01,8.0,0.0
2026-05-29,LOC-06,Registered Nurse,1,1.0,7.86,8.0,0.0
2026-05-31,LOC-06,Registered Nurse,1,1.0,8.03,8.0,0.0
2026-06-01,LOC-06,Registered Nurse,1,1.0,8.52,8.0,1.0
2026-06-04,LOC-06,Registered Nurse,1,1.0,8.08,8.0,0.0
2026-06-22,LOC-06,Registered Nurse,1,1.0,7.9,8.0,0.0
2026-06-25,LOC-06,Registered Nurse,1,1.0,10.3,10.0,0.0
2026-07-03,LOC-06,Registered Nurse,1,1.0,7.98,8.0,0.0
2026-07-05,LOC-06,Registered Nurse,1,1.0,7.96,8.0,0.0
2026-07-17,LOC-06,Registered Nurse,1,1.0,7.54,8.0,0.0
2026-07-24,LOC-06,Registered Nurse,1,1.0,8.03,8.0,0.0
2026-07-27,LOC-06,Registered Nurse,1,1.0,7.97,8.0,0.0
2026-07-30,LOC-06,Registered Nurse,1,1.0,8.04,8.0,0.0
2026-07-31,LOC-06,Registered Nurse,1,1.0,7.94,8.0,0.0
2025-08-26,LOC-02,Coordinator,1,1.0,8.15,8.0,0.0
2025-09-25,LOC-02,Coordinator,1,1.0,10.22,8.0,1.0
2025-10-14,LOC-02,Coordinator,1,1.0,8.4,8.0,0.0
2025-10-21,LOC-02,Coordinator,1,1.0,9.31,8.0,1.0
2025-11-04,LOC-02,Coordinator,1,1.0,7.98,8.0,0.0
2025-11-11,LOC-02,Coordinator,1,1.0,8.01,8.0,0.0
2025-11-13,LOC-02,Coordinator,1,1.0,8.2,8.0,0.0
2025-11-14,LOC-02,Coordinator,1,1.0,7.79,8.0,0.0
2025-11-20,LOC-02,Coordinator,1,1.0,9.77,10.0,0.0
2025-12-02,LOC-02,Coordinator,1,1.0,8.1,8.0,0.0
2025-12-04,LOC-02,Coordinator,1,1.0,8.6,8.0,1.0
2025-12-11,LOC-02,Coordinator,1,1.0,7.79,8.0,0.0
2025-12-23,LOC-02,Coordinator,1,1.0,7.91,8.0,0.0
2026-01-01,LOC-02,Coordinator,1,1.0,7.89,8.0,0.0
2026-01-06,LOC-02,Coordinator,1,1.0,8.1,8.0,0.0
2026-01-16,LOC-02,Coordinator,1,1.0,7.83,8.0,0.0
2026-01-22,LOC-02,Coordinator,1,1.0,7.89,8.0,0.0
2026-01-30,LOC-02,Coordinator,1,1.0,7.93,8.0,0.0
2026-02-13,LOC-02,Coordinator,1,1.0,8.11,8.0,0.0
2026-03-03,LOC-02,Coordinator,1,1.0,8.21,8.0,0.0
2026-03-05,LOC-02,Coordinator,1,1.0,7.97,8.0,0.0
2026-03-19,LOC-02,Coordinator,1,1.0,9.29,8.0,1.0
2026-03-20,LOC-02,Coordinator,1,0.0,0.0,8.0,0.0
2026-03-26,LOC-02,Coordinator,1,1.0,10.09,10.0,0.0
2026-04-03,LOC-02,Coordinator,1,1.0,8.04,8.0,0.0
2026-04-23,LOC-02,Coordinator,1,1.0,10.08,10.0,0.0
2026-04-24,LOC-02,Coordinator,1,1.0,10.14,8.0,1.0
2026-05-12,LOC-02,Coordinator,1,1.0,8.04,8.0,0.0
2026-05-21,LOC-02,Coordinator,1,1.0,8.08,8.0,0.0
2026-06-05,LOC-02,Coordinator,1,1.0,7.98,8.0,0.0
2026-06-11,LOC-02,Coordinator,1,1.0,8.06,8.0,0.0
2026-06-12,LOC-02,Coordinator,1,1.0,7.88,8.0,0.0
2026-06-26,LOC-02,Coordinator,1,1.0,8.0,8.0,0.0
2026-07-03,LOC-02,Coordinator,1,1.0,7.8,8.0,0.0
2026-07-10,LOC-02,Coordinator,1,1.0,7.88,8.0,0.0
2025-11-20,LOC-02,Support Worker,1,1.0,7.74,8.0,0.0
2026-03-26,LOC-02,Support Worker,1,1.0,8.19,8.0,0.0
